n,lstate,i,meas_type,p_error,sim_type,total_meta_shots,shots,count_accept,count_logerror,count_undecided,count_detect_discard,prep_rate,LER,detect_normal,decoding_normal
4,x,4,x,1,normal,0,100000,21312,230,427,0,0.21312,0.010792042042042094,0,9.190669917996274
4,x,4,z,1,normal,0,100000,21312,230,427,0,0.21312,0.010792042042042094,0,9.190669917996274
4,x,4,x,1,normal,0,100000,21312,230,427,0,0.21312,0.010792042042042094,0,9.190669917996274
4,x,4,x,1,normal,0,100000,21312,230,427,0,0.21312,0.010792042042042094,0,9.190669917996274
4,x,6,x,1,normal,0,100000,28038,579,1022,0,0.28038,0.020650545687994848,0,10.107965827002772
4,x,6,x,1,normal,0,100000,28038,579,1022,0,0.28038,0.020650545687994848,0,10.107965827002772
4,x,6,z,1,normal,0,100000,28038,579,1022,0,0.28038,0.020650545687994848,0,10.107965827002772
4,x,6,x,1,normal,0,100000,28038,579,1022,0,0.28038,0.020650545687994848,0,10.107965827002772
4,x,10,x,1,normal,0,100000,30503,723,1312,0,0.30503,0.023702586630823252,0,10.161201159993652
4,x,10,x,1,normal,0,100000,30503,723,1312,0,0.30503,0.023702586630823252,0,10.161201159993652
4,x,10,x,1,normal,0,100000,30503,723,1312,0,0.30503,0.023702586630823252,0,10.161201159993652
4,x,10,z,1,normal,0,100000,30503,723,1312,0,0.30503,0.023702586630823252,0,10.161201159993652
4,x,2,x,1,normal,0,100000,30721,1,2,0,0.30721,3.2551023729676665e-05,0,9.735172468004748
4,x,2,x,1,normal,0,100000,30721,1,2,0,0.30721,3.2551023729676665e-05,0,9.735172468004748
4,x,2,x,1,normal,0,100000,30721,1,2,0,0.30721,3.2551023729676665e-05,0,9.735172468004748
4,x,2,x,1,normal,0,100000,30721,1,2,0,0.30721,3.2551023729676665e-05,0,9.735172468004748
4,x,8,x,1,normal,0,100000,34042,8392,15353,0,0.34042,0.24651900593384646,0,10.211316456989152
4,x,8,z,1,normal,0,100000,34042,8392,15353,0,0.34042,0.24651900593384646,0,10.211316456989152
4,x,8,z,1,normal,0,100000,34042,8392,15353,0,0.34042,0.24651900593384646,0,10.211316456989152
4,x,8,x,1,normal,0,100000,34042,8392,15353,0,0.34042,0.24651900593384646,0,10.211316456989152
4,x,11,z,1,normal,0,100000,47417,1299,2246,0,0.47417,0.027395237994812027,0,12.997249945998192
4,x,11,x,1,normal,0,100000,47417,1299,2246,0,0.47417,0.027395237994812027,0,12.997249945998192
4,x,11,x,1,normal,0,100000,47417,1299,2246,0,0.47417,0.027395237994812027,0,12.997249945998192
4,x,11,z,1,normal,0,100000,47417,1299,2246,0,0.47417,0.027395237994812027,0,12.997249945998192
4,x,9,z,1,normal,0,100000,100000,2308,3526,0,1.0,0.02307999999999999,0,14.246713236003416
4,x,9,z,1,normal,0,100000,100000,2308,3526,0,1.0,0.02307999999999999,0,14.246713236003416
4,x,9,z,1,normal,0,100000,100000,2308,3526,0,1.0,0.02307999999999999,0,14.246713236003416
4,x,9,x,1,normal,0,100000,100000,2308,3526,0,1.0,0.02307999999999999,0,14.246713236003416
4,x,3,z,1,normal,0,100000,47047,5,6,0,0.47047,0.0001062767020213462,0,14.47448635600449
4,x,3,x,1,normal,0,100000,47047,5,6,0,0.47047,0.0001062767020213462,0,14.47448635600449
4,x,3,x,1,normal,0,100000,47047,5,6,0,0.47047,0.0001062767020213462,0,14.47448635600449
4,x,3,x,1,normal,0,100000,47047,5,6,0,0.47047,0.0001062767020213462,0,14.47448635600449
4,x,7,z,1,normal,0,100000,42289,1314,2263,0,0.42289,0.031071909952942844,0,14.935265093998169
4,x,7,x,1,normal,0,100000,42289,1314,2263,0,0.42289,0.031071909952942844,0,14.935265093998169
4,x,7,z,1,normal,0,100000,42289,1314,2263,0,0.42289,0.031071909952942844,0,14.935265093998169
4,x,7,x,1,normal,0,100000,42289,1314,2263,0,0.42289,0.031071909952942844,0,14.935265093998169
4,x,14,x,1,normal,0,100000,21819,5318,9170,0,0.21819,0.24373252669691559,0,8.935215592005989
4,x,14,x,1,normal,0,100000,21819,5318,9170,0,0.21819,0.24373252669691559,0,8.935215592005989
4,x,14,z,1,normal,0,100000,21819,5318,9170,0,0.21819,0.24373252669691559,0,8.935215592005989
4,x,14,z,1,normal,0,100000,21819,5318,9170,0,0.21819,0.24373252669691559,0,8.935215592005989
4,x,12,x,1,normal,0,100000,31094,6904,12841,0,0.31094,0.22203640573744132,0,10.173169629997574
4,x,12,z,1,normal,0,100000,31094,6904,12841,0,0.31094,0.22203640573744132,0,10.173169629997574
4,x,12,x,1,normal,0,100000,31094,6904,12841,0,0.31094,0.22203640573744132,0,10.173169629997574
4,x,12,z,1,normal,0,100000,31094,6904,12841,0,0.31094,0.22203640573744132,0,10.173169629997574
4,x,5,z,1,normal,0,100000,43083,172,294,0,0.43083,0.0039922939442471606,0,18.621448510995833
4,x,5,z,1,normal,0,100000,43083,172,294,0,0.43083,0.0039922939442471606,0,18.621448510995833
4,x,5,x,1,normal,0,100000,43083,172,294,0,0.43083,0.0039922939442471606,0,18.621448510995833
4,x,5,x,1,normal,0,100000,43083,172,294,0,0.43083,0.0039922939442471606,0,18.621448510995833
4,x,2,x,0.8,normal,0,100000,38803,2,1,0,0.38803,5.154240651494835e-05,0,9.63273404899519
4,x,2,x,0.8,normal,0,100000,38803,2,1,0,0.38803,5.154240651494835e-05,0,9.63273404899519
4,x,2,x,0.8,normal,0,100000,38803,2,1,0,0.38803,5.154240651494835e-05,0,9.63273404899519
4,x,2,x,0.8,normal,0,100000,38803,2,1,0,0.38803,5.154240651494835e-05,0,9.63273404899519
4,x,13,z,1,normal,0,100000,48979,6698,9603,0,0.48979,0.13675248575920296,0,13.822841929009883
4,x,13,z,1,normal,0,100000,48979,6698,9603,0,0.48979,0.13675248575920296,0,13.822841929009883
4,x,13,x,1,normal,0,100000,48979,6698,9603,0,0.48979,0.13675248575920296,0,13.822841929009883
4,x,13,z,1,normal,0,100000,48979,6698,9603,0,0.48979,0.13675248575920296,0,13.822841929009883
4,x,3,z,0.8,normal,0,100000,54893,2,4,0,0.54893,3.64345180624559e-05,0,11.848034958005883
4,x,3,x,0.8,normal,0,100000,54893,2,4,0,0.54893,3.64345180624559e-05,0,11.848034958005883
4,x,3,x,0.8,normal,0,100000,54893,2,4,0,0.54893,3.64345180624559e-05,0,11.848034958005883
4,x,3,x,0.8,normal,0,100000,54893,2,4,0,0.54893,3.64345180624559e-05,0,11.848034958005883
4,x,4,x,0.8,normal,0,100000,29165,184,358,0,0.29165,0.0063089319389679765,0,12.062141339993104
4,x,4,z,0.8,normal,0,100000,29165,184,358,0,0.29165,0.0063089319389679765,0,12.062141339993104
4,x,4,x,0.8,normal,0,100000,29165,184,358,0,0.29165,0.0063089319389679765,0,12.062141339993104
4,x,4,x,0.8,normal,0,100000,29165,184,358,0,0.29165,0.0063089319389679765,0,12.062141339993104
4,x,6,x,0.8,normal,0,100000,36303,509,938,0,0.36303,0.014020879817094989,0,10.946083206988988
4,x,6,x,0.8,normal,0,100000,36303,509,938,0,0.36303,0.014020879817094989,0,10.946083206988988
4,x,6,z,0.8,normal,0,100000,36303,509,938,0,0.36303,0.014020879817094989,0,10.946083206988988
4,x,6,x,0.8,normal,0,100000,36303,509,938,0,0.36303,0.014020879817094989,0,10.946083206988988
4,x,15,z,1,normal,0,100000,64857,18318,26303,0,0.64857,0.28243674545538644,0,16.702237572986633
4,x,15,x,1,normal,0,100000,64857,18318,26303,0,0.64857,0.28243674545538644,0,16.702237572986633
4,x,15,z,1,normal,0,100000,64857,18318,26303,0,0.64857,0.28243674545538644,0,16.702237572986633
4,x,15,z,1,normal,0,100000,64857,18318,26303,0,0.64857,0.28243674545538644,0,16.702237572986633
4,x,8,x,0.8,normal,0,100000,41272,8256,15295,0,0.41272,0.20003876720294633,0,10.942508938998799
4,x,8,z,0.8,normal,0,100000,41272,8256,15295,0,0.41272,0.20003876720294633,0,10.942508938998799
4,x,8,z,0.8,normal,0,100000,41272,8256,15295,0,0.41272,0.20003876720294633,0,10.942508938998799
4,x,8,x,0.8,normal,0,100000,41272,8256,15295,0,0.41272,0.20003876720294633,0,10.942508938998799
4,x,5,z,0.8,normal,0,100000,49960,97,156,0,0.4996,0.0019415532425940407,0,14.160561406009947
4,x,5,z,0.8,normal,0,100000,49960,97,156,0,0.4996,0.0019415532425940407,0,14.160561406009947
4,x,5,x,0.8,normal,0,100000,49960,97,156,0,0.4996,0.0019415532425940407,0,14.160561406009947
4,x,5,x,0.8,normal,0,100000,49960,97,156,0,0.4996,0.0019415532425940407,0,14.160561406009947
4,x,10,x,0.8,normal,0,100000,38269,611,1126,0,0.38269,0.01596592542266584,0,11.656654751001042
4,x,10,x,0.8,normal,0,100000,38269,611,1126,0,0.38269,0.01596592542266584,0,11.656654751001042
4,x,10,x,0.8,normal,0,100000,38269,611,1126,0,0.38269,0.01596592542266584,0,11.656654751001042
4,x,10,z,0.8,normal,0,100000,38269,611,1126,0,0.38269,0.01596592542266584,0,11.656654751001042
4,x,9,z,0.8,normal,0,100000,100000,1165,1860,0,1.0,0.01165000000000005,0,14.213974632002646
4,x,9,z,0.8,normal,0,100000,100000,1165,1860,0,1.0,0.01165000000000005,0,14.213974632002646
4,x,9,z,0.8,normal,0,100000,100000,1165,1860,0,1.0,0.01165000000000005,0,14.213974632002646
4,x,9,x,0.8,normal,0,100000,100000,1165,1860,0,1.0,0.01165000000000005,0,14.213974632002646
4,x,7,z,0.8,normal,0,100000,49864,1043,1834,0,0.49864,0.020916893951548166,0,16.61715976499545
4,x,7,x,0.8,normal,0,100000,49864,1043,1834,0,0.49864,0.020916893951548166,0,16.61715976499545
4,x,7,z,0.8,normal,0,100000,49864,1043,1834,0,0.49864,0.020916893951548166,0,16.61715976499545
4,x,7,x,0.8,normal,0,100000,49864,1043,1834,0,0.49864,0.020916893951548166,0,16.61715976499545
4,x,14,x,0.8,normal,0,100000,29468,6058,10781,0,0.29468,0.20557893307995112,0,11.307486073012115
4,x,14,x,0.8,normal,0,100000,29468,6058,10781,0,0.29468,0.20557893307995112,0,11.307486073012115
4,x,14,z,0.8,normal,0,100000,29468,6058,10781,0,0.29468,0.20557893307995112,0,11.307486073012115
4,x,14,z,0.8,normal,0,100000,29468,6058,10781,0,0.29468,0.20557893307995112,0,11.307486073012115
4,x,12,x,0.8,normal,0,100000,39087,7032,13342,0,0.39087,0.17990636272929617,0,12.288693485010299
4,x,12,z,0.8,normal,0,100000,39087,7032,13342,0,0.39087,0.17990636272929617,0,12.288693485010299
4,x,12,x,0.8,normal,0,100000,39087,7032,13342,0,0.39087,0.17990636272929617,0,12.288693485010299
4,x,12,z,0.8,normal,0,100000,39087,7032,13342,0,0.39087,0.17990636272929617,0,12.288693485010299
4,x,11,z,0.8,normal,0,100000,54834,1022,1827,0,0.54834,0.018638071269650225,0,14.45698984900082
4,x,11,x,0.8,normal,0,100000,54834,1022,1827,0,0.54834,0.018638071269650225,0,14.45698984900082
4,x,11,x,0.8,normal,0,100000,54834,1022,1827,0,0.54834,0.018638071269650225,0,14.45698984900082
4,x,11,z,0.8,normal,0,100000,54834,1022,1827,0,0.54834,0.018638071269650225,0,14.45698984900082
4,x,2,x,0.5,normal,0,100000,55609,0,0,0,0.55609,0.0,0,10.015613301002304
4,x,2,x,0.5,normal,0,100000,55609,0,0,0,0.55609,0.0,0,10.015613301002304
4,x,2,x,0.5,normal,0,100000,55609,0,0,0,0.55609,0.0,0,10.015613301002304
4,x,2,x,0.5,normal,0,100000,55609,0,0,0,0.55609,0.0,0,10.015613301002304
4,x,13,z,0.8,normal,0,100000,56350,5580,8489,0,0.5635,0.09902395740905057,0,14.430889633003972
4,x,13,z,0.8,normal,0,100000,56350,5580,8489,0,0.5635,0.09902395740905057,0,14.430889633003972
4,x,13,x,0.8,normal,0,100000,56350,5580,8489,0,0.5635,0.09902395740905057,0,14.430889633003972
4,x,13,z,0.8,normal,0,100000,56350,5580,8489,0,0.5635,0.09902395740905057,0,14.430889633003972
4,x,4,x,0.5,normal,0,100000,45761,95,184,0,0.45761,0.002076003583837749,0,10.939351053006249
4,x,4,z,0.5,normal,0,100000,45761,95,184,0,0.45761,0.002076003583837749,0,10.939351053006249
4,x,4,x,0.5,normal,0,100000,45761,95,184,0,0.45761,0.002076003583837749,0,10.939351053006249
4,x,4,x,0.5,normal,0,100000,45761,95,184,0,0.45761,0.002076003583837749,0,10.939351053006249
4,x,3,z,0.5,normal,0,100000,68735,0,0,0,0.68735,0.0,0,11.842304404999595
4,x,3,x,0.5,normal,0,100000,68735,0,0,0,0.68735,0.0,0,11.842304404999595
4,x,3,x,0.5,normal,0,100000,68735,0,0,0,0.68735,0.0,0,11.842304404999595
4,x,3,x,0.5,normal,0,100000,68735,0,0,0,0.68735,0.0,0,11.842304404999595
4,x,15,z,0.8,normal,0,100000,70558,16918,25493,0,0.70558,0.239774370021826,0,18.03160849699634
4,x,15,x,0.8,normal,0,100000,70558,16918,25493,0,0.70558,0.239774370021826,0,18.03160849699634
4,x,15,z,0.8,normal,0,100000,70558,16918,25493,0,0.70558,0.239774370021826,0,18.03160849699634
4,x,15,z,0.8,normal,0,100000,70558,16918,25493,0,0.70558,0.239774370021826,0,18.03160849699634
4,x,6,x,0.5,normal,0,100000,52740,308,588,0,0.5274,0.005839969662495226,0,12.473683222997352
4,x,6,x,0.5,normal,0,100000,52740,308,588,0,0.5274,0.005839969662495226,0,12.473683222997352
4,x,6,z,0.5,normal,0,100000,52740,308,588,0,0.5274,0.005839969662495226,0,12.473683222997352
4,x,6,x,0.5,normal,0,100000,52740,308,588,0,0.5274,0.005839969662495226,0,12.473683222997352
4,x,5,z,0.5,normal,0,100000,64428,28,54,0,0.64428,0.0004345936549325913,0,14.99276181901223
4,x,5,z,0.5,normal,0,100000,64428,28,54,0,0.64428,0.0004345936549325913,0,14.99276181901223
4,x,5,x,0.5,normal,0,100000,64428,28,54,0,0.64428,0.0004345936549325913,0,14.99276181901223
4,x,5,x,0.5,normal,0,100000,64428,28,54,0,0.64428,0.0004345936549325913,0,14.99276181901223
4,x,10,x,0.5,normal,0,100000,54688,392,737,0,0.54688,0.007167934464599179,0,11.27865909699176
4,x,10,x,0.5,normal,0,100000,54688,392,737,0,0.54688,0.007167934464599179,0,11.27865909699176
4,x,10,x,0.5,normal,0,100000,54688,392,737,0,0.54688,0.007167934464599179,0,11.27865909699176
4,x,10,z,0.5,normal,0,100000,54688,392,737,0,0.54688,0.007167934464599179,0,11.27865909699176
4,x,7,z,0.5,normal,0,100000,64036,536,987,0,0.64036,0.008370291710912636,0,14.559482230004505
4,x,7,x,0.5,normal,0,100000,64036,536,987,0,0.64036,0.008370291710912636,0,14.559482230004505
4,x,7,z,0.5,normal,0,100000,64036,536,987,0,0.64036,0.008370291710912636,0,14.559482230004505
4,x,7,x,0.5,normal,0,100000,64036,536,987,0,0.64036,0.008370291710912636,0,14.559482230004505
4,x,8,x,0.5,normal,0,100000,56434,7116,13192,0,0.56434,0.12609419853279935,0,15.902977687990642
4,x,8,z,0.5,normal,0,100000,56434,7116,13192,0,0.56434,0.12609419853279935,0,15.902977687990642
4,x,8,z,0.5,normal,0,100000,56434,7116,13192,0,0.56434,0.12609419853279935,0,15.902977687990642
4,x,8,x,0.5,normal,0,100000,56434,7116,13192,0,0.56434,0.12609419853279935,0,15.902977687990642
4,x,9,z,0.5,normal,0,100000,100000,226,407,0,1.0,0.0022600000000000398,0,13.224109921997297
4,x,9,z,0.5,normal,0,100000,100000,226,407,0,1.0,0.0022600000000000398,0,13.224109921997297
4,x,9,z,0.5,normal,0,100000,100000,226,407,0,1.0,0.0022600000000000398,0,13.224109921997297
4,x,9,x,0.5,normal,0,100000,100000,226,407,0,1.0,0.0022600000000000398,0,13.224109921997297
4,x,11,z,0.5,normal,0,100000,68227,570,1055,0,0.68227,0.008354463775338217,0,14.253966692995164
4,x,11,x,0.5,normal,0,100000,68227,570,1055,0,0.68227,0.008354463775338217,0,14.253966692995164
4,x,11,x,0.5,normal,0,100000,68227,570,1055,0,0.68227,0.008354463775338217,0,14.253966692995164
4,x,11,z,0.5,normal,0,100000,68227,570,1055,0,0.68227,0.008354463775338217,0,14.253966692995164
4,x,12,x,0.5,normal,0,100000,54981,6473,12462,0,0.54981,0.11773158000036377,0,14.305291405995376
4,x,12,z,0.5,normal,0,100000,54981,6473,12462,0,0.54981,0.11773158000036377,0,14.305291405995376
4,x,12,x,0.5,normal,0,100000,54981,6473,12462,0,0.54981,0.11773158000036377,0,14.305291405995376
4,x,12,z,0.5,normal,0,100000,54981,6473,12462,0,0.54981,0.11773158000036377,0,14.305291405995376
4,x,14,x,0.5,normal,0,100000,46585,6266,11513,0,0.46585,0.13450681549855104,0,10.741037318002782
4,x,14,x,0.5,normal,0,100000,46585,6266,11513,0,0.46585,0.13450681549855104,0,10.741037318002782
4,x,14,z,0.5,normal,0,100000,46585,6266,11513,0,0.46585,0.13450681549855104,0,10.741037318002782
4,x,14,z,0.5,normal,0,100000,46585,6266,11513,0,0.46585,0.13450681549855104,0,10.741037318002782
4,x,13,z,0.5,normal,0,100000,69581,3200,5331,0,0.69581,0.045989566117187186,0,15.477249939998728
4,x,13,z,0.5,normal,0,100000,69581,3200,5331,0,0.69581,0.045989566117187186,0,15.477249939998728
4,x,13,x,0.5,normal,0,100000,69581,3200,5331,0,0.69581,0.045989566117187186,0,15.477249939998728
4,x,13,z,0.5,normal,0,100000,69581,3200,5331,0,0.69581,0.045989566117187186,0,15.477249939998728
4,x,2,x,0.3,normal,0,100000,70148,0,0,0,0.70148,0.0,0,9.840718594001373
4,x,2,x,0.3,normal,0,100000,70148,0,0,0,0.70148,0.0,0,9.840718594001373
4,x,2,x,0.3,normal,0,100000,70148,0,0,0,0.70148,0.0,0,9.840718594001373
4,x,2,x,0.3,normal,0,100000,70148,0,0,0,0.70148,0.0,0,9.840718594001373
4,x,15,z,0.5,normal,0,100000,80299,13274,22189,0,0.80299,0.16530716447278293,0,15.400043750996701
4,x,15,x,0.5,normal,0,100000,80299,13274,22189,0,0.80299,0.16530716447278293,0,15.400043750996701
4,x,15,z,0.5,normal,0,100000,80299,13274,22189,0,0.80299,0.16530716447278293,0,15.400043750996701
4,x,15,z,0.5,normal,0,100000,80299,13274,22189,0,0.80299,0.16530716447278293,0,15.400043750996701
4,x,3,z,0.3,normal,0,100000,79873,0,0,0,0.79873,0.0,0,13.548175393996644
4,x,3,x,0.3,normal,0,100000,79873,0,0,0,0.79873,0.0,0,13.548175393996644
4,x,3,x,0.3,normal,0,100000,79873,0,0,0,0.79873,0.0,0,13.548175393996644
4,x,3,x,0.3,normal,0,100000,79873,0,0,0,0.79873,0.0,0,13.548175393996644
4,x,4,x,0.3,normal,0,100000,62681,45,88,0,0.62681,0.000717920901070479,0,13.830667346002883
4,x,4,z,0.3,normal,0,100000,62681,45,88,0,0.62681,0.000717920901070479,0,13.830667346002883
4,x,4,x,0.3,normal,0,100000,62681,45,88,0,0.62681,0.000717920901070479,0,13.830667346002883
4,x,4,x,0.3,normal,0,100000,62681,45,88,0,0.62681,0.000717920901070479,0,13.830667346002883
4,x,6,x,0.3,normal,0,100000,68008,172,323,0,0.68008,0.002529114221856199,0,12.819364534996566
4,x,6,x,0.3,normal,0,100000,68008,172,323,0,0.68008,0.002529114221856199,0,12.819364534996566
4,x,6,z,0.3,normal,0,100000,68008,172,323,0,0.68008,0.002529114221856199,0,12.819364534996566
4,x,6,x,0.3,normal,0,100000,68008,172,323,0,0.68008,0.002529114221856199,0,12.819364534996566
4,x,5,z,0.3,normal,0,100000,76210,6,13,0,0.7621,7.872982548218221e-05,0,11.599677537989919
4,x,5,z,0.3,normal,0,100000,76210,6,13,0,0.7621,7.872982548218221e-05,0,11.599677537989919
4,x,5,x,0.3,normal,0,100000,76210,6,13,0,0.7621,7.872982548218221e-05,0,11.599677537989919
4,x,5,x,0.3,normal,0,100000,76210,6,13,0,0.7621,7.872982548218221e-05,0,11.599677537989919
4,x,8,x,0.3,normal,0,100000,70366,5258,9919,0,0.70366,0.07472358809652391,0,13.889616414002376
4,x,8,z,0.3,normal,0,100000,70366,5258,9919,0,0.70366,0.07472358809652391,0,13.889616414002376
4,x,8,z,0.3,normal,0,100000,70366,5258,9919,0,0.70366,0.07472358809652391,0,13.889616414002376
4,x,8,x,0.3,normal,0,100000,70366,5258,9919,0,0.70366,0.07472358809652391,0,13.889616414002376
4,x,9,z,0.3,normal,0,100000,100000,34,67,0,1.0,0.00034000000000000696,0,12.931021847994998
4,x,9,z,0.3,normal,0,100000,100000,34,67,0,1.0,0.00034000000000000696,0,12.931021847994998
4,x,9,z,0.3,normal,0,100000,100000,34,67,0,1.0,0.00034000000000000696,0,12.931021847994998
4,x,9,x,0.3,normal,0,100000,100000,34,67,0,1.0,0.00034000000000000696,0,12.931021847994998
4,x,7,z,0.3,normal,0,100000,76003,258,494,0,0.76003,0.0033946028446245613,0,14.575047439007903
4,x,7,x,0.3,normal,0,100000,76003,258,494,0,0.76003,0.0033946028446245613,0,14.575047439007903
4,x,7,z,0.3,normal,0,100000,76003,258,494,0,0.76003,0.0033946028446245613,0,14.575047439007903
4,x,7,x,0.3,normal,0,100000,76003,258,494,0,0.76003,0.0033946028446245613,0,14.575047439007903
4,x,10,x,0.3,normal,0,100000,69072,220,417,0,0.69072,0.003185082233032155,0,13.041261958991527
4,x,10,x,0.3,normal,0,100000,69072,220,417,0,0.69072,0.003185082233032155,0,13.041261958991527
4,x,10,x,0.3,normal,0,100000,69072,220,417,0,0.69072,0.003185082233032155,0,13.041261958991527
4,x,10,z,0.3,normal,0,100000,69072,220,417,0,0.69072,0.003185082233032155,0,13.041261958991527
4,x,2,x,0.1,normal,0,100000,88922,0,0,0,0.88922,0.0,0,10.143425858012051
4,x,2,x,0.1,normal,0,100000,88922,0,0,0,0.88922,0.0,0,10.143425858012051
4,x,2,x,0.1,normal,0,100000,88922,0,0,0,0.88922,0.0,0,10.143425858012051
4,x,2,x,0.1,normal,0,100000,88922,0,0,0,0.88922,0.0,0,10.143425858012051
4,x,11,z,0.3,normal,0,100000,79438,294,546,0,0.79438,0.003700999521639492,0,17.22408730299503
4,x,11,x,0.3,normal,0,100000,79438,294,546,0,0.79438,0.003700999521639492,0,17.22408730299503
4,x,11,x,0.3,normal,0,100000,79438,294,546,0,0.79438,0.003700999521639492,0,17.22408730299503
4,x,11,z,0.3,normal,0,100000,79438,294,546,0,0.79438,0.003700999521639492,0,17.22408730299503
4,x,12,x,0.3,normal,0,100000,69776,5028,9719,0,0.69776,0.07205916074294882,0,14.11712605500361
4,x,12,z,0.3,normal,0,100000,69776,5028,9719,0,0.69776,0.07205916074294882,0,14.11712605500361
4,x,12,x,0.3,normal,0,100000,69776,5028,9719,0,0.69776,0.07205916074294882,0,14.11712605500361
4,x,12,z,0.3,normal,0,100000,69776,5028,9719,0,0.69776,0.07205916074294882,0,14.11712605500361
4,x,3,z,0.1,normal,0,100000,92817,0,0,0,0.92817,0.0,0,8.916491088995826
4,x,3,x,0.1,normal,0,100000,92817,0,0,0,0.92817,0.0,0,8.916491088995826
4,x,3,x,0.1,normal,0,100000,92817,0,0,0,0.92817,0.0,0,8.916491088995826
4,x,3,x,0.1,normal,0,100000,92817,0,0,0,0.92817,0.0,0,8.916491088995826
4,x,14,x,0.3,normal,0,100000,63242,5287,10022,0,0.63242,0.08359950665696847,0,14.232183138999972
4,x,14,x,0.3,normal,0,100000,63242,5287,10022,0,0.63242,0.08359950665696847,0,14.232183138999972
4,x,14,z,0.3,normal,0,100000,63242,5287,10022,0,0.63242,0.08359950665696847,0,14.232183138999972
4,x,14,z,0.3,normal,0,100000,63242,5287,10022,0,0.63242,0.08359950665696847,0,14.232183138999972
4,x,13,z,0.3,normal,0,100000,80182,1534,2777,0,0.80182,0.019131475892344874,0,16.140475915002753
4,x,13,z,0.3,normal,0,100000,80182,1534,2777,0,0.80182,0.019131475892344874,0,16.140475915002753
4,x,13,x,0.3,normal,0,100000,80182,1534,2777,0,0.80182,0.019131475892344874,0,16.140475915002753
4,x,13,z,0.3,normal,0,100000,80182,1534,2777,0,0.80182,0.019131475892344874,0,16.140475915002753
4,x,15,z,0.3,normal,0,100000,87607,9377,16702,0,0.87607,0.10703482598422498,0,16.213260652992176
4,x,15,x,0.3,normal,0,100000,87607,9377,16702,0,0.87607,0.10703482598422498,0,16.213260652992176
4,x,15,z,0.3,normal,0,100000,87607,9377,16702,0,0.87607,0.10703482598422498,0,16.213260652992176
4,x,15,z,0.3,normal,0,100000,87607,9377,16702,0,0.87607,0.10703482598422498,0,16.213260652992176
4,x,5,z,0.1,normal,0,100000,91187,0,1,0,0.91187,0.0,0,11.256655951001449
4,x,5,z,0.1,normal,0,100000,91187,0,1,0,0.91187,0.0,0,11.256655951001449
4,x,5,x,0.1,normal,0,100000,91187,0,1,0,0.91187,0.0,0,11.256655951001449
4,x,5,x,0.1,normal,0,100000,91187,0,1,0,0.91187,0.0,0,11.256655951001449
4,x,4,x,0.1,normal,0,100000,85528,10,19,0,0.85528,0.00011692077448322014,0,14.1320324959961
4,x,4,z,0.1,normal,0,100000,85528,10,19,0,0.85528,0.00011692077448322014,0,14.1320324959961
4,x,4,x,0.1,normal,0,100000,85528,10,19,0,0.85528,0.00011692077448322014,0,14.1320324959961
4,x,4,x,0.1,normal,0,100000,85528,10,19,0,0.85528,0.00011692077448322014,0,14.1320324959961
4,x,9,z,0.1,normal,0,100000,100000,0,1,0,1.0,0.0,0,11.376478435005993
4,x,9,z,0.1,normal,0,100000,100000,0,1,0,1.0,0.0,0,11.376478435005993
4,x,9,z,0.1,normal,0,100000,100000,0,1,0,1.0,0.0,0,11.376478435005993
4,x,9,x,0.1,normal,0,100000,100000,0,1,0,1.0,0.0,0,11.376478435005993
4,x,6,x,0.1,normal,0,100000,87827,36,69,0,0.87827,0.0004098967287964328,0,17.32276129699312
4,x,6,x,0.1,normal,0,100000,87827,36,69,0,0.87827,0.0004098967287964328,0,17.32276129699312
4,x,6,z,0.1,normal,0,100000,87827,36,69,0,0.87827,0.0004098967287964328,0,17.32276129699312
4,x,6,x,0.1,normal,0,100000,87827,36,69,0,0.87827,0.0004098967287964328,0,17.32276129699312
4,x,8,x,0.1,normal,0,100000,88779,2238,4195,0,0.88779,0.025208664211130993,0,13.739036297003622
4,x,8,z,0.1,normal,0,100000,88779,2238,4195,0,0.88779,0.025208664211130993,0,13.739036297003622
4,x,8,z,0.1,normal,0,100000,88779,2238,4195,0,0.88779,0.025208664211130993,0,13.739036297003622
4,x,8,x,0.1,normal,0,100000,88779,2238,4195,0,0.88779,0.025208664211130993,0,13.739036297003622
4,x,7,z,0.1,normal,0,100000,91217,66,130,0,0.91217,0.0007235493383909164,0,15.255075766006485
4,x,7,x,0.1,normal,0,100000,91217,66,130,0,0.91217,0.0007235493383909164,0,15.255075766006485
4,x,7,z,0.1,normal,0,100000,91217,66,130,0,0.91217,0.0007235493383909164,0,15.255075766006485
4,x,7,x,0.1,normal,0,100000,91217,66,130,0,0.91217,0.0007235493383909164,0,15.255075766006485
4,x,10,x,0.1,normal,0,100000,88309,50,99,0,0.88309,0.0005661937061907096,0,14.111908480990678
4,x,10,x,0.1,normal,0,100000,88309,50,99,0,0.88309,0.0005661937061907096,0,14.111908480990678
4,x,10,x,0.1,normal,0,100000,88309,50,99,0,0.88309,0.0005661937061907096,0,14.111908480990678
4,x,10,z,0.1,normal,0,100000,88309,50,99,0,0.88309,0.0005661937061907096,0,14.111908480990678
4,x,2,x,1,m1,0,100000,39815,1,2,0,0.39815,2.511616225042701e-05,0,5.1786909789952915
4,x,2,x,1,m1,0,100000,39815,1,2,0,0.39815,2.511616225042701e-05,0,5.1786909789952915
4,x,2,x,1,m1,0,100000,39815,1,2,0,0.39815,2.511616225042701e-05,0,5.1786909789952915
4,x,2,x,1,m1,0,100000,39815,1,2,0,0.39815,2.511616225042701e-05,0,5.1786909789952915
4,x,12,x,0.1,normal,0,100000,88391,2170,4269,0,0.88391,0.02455001074770058,0,13.88892371300608
4,x,12,z,0.1,normal,0,100000,88391,2170,4269,0,0.88391,0.02455001074770058,0,13.88892371300608
4,x,12,x,0.1,normal,0,100000,88391,2170,4269,0,0.88391,0.02455001074770058,0,13.88892371300608
4,x,12,z,0.1,normal,0,100000,88391,2170,4269,0,0.88391,0.02455001074770058,0,13.88892371300608
4,x,3,z,1,m1,0,100000,57488,4,7,0,0.57488,6.957973838017661e-05,0,4.582518983996124
4,x,3,x,1,m1,0,100000,57488,4,7,0,0.57488,6.957973838017661e-05,0,4.582518983996124
4,x,3,x,1,m1,0,100000,57488,4,7,0,0.57488,6.957973838017661e-05,0,4.582518983996124
4,x,3,x,1,m1,0,100000,57488,4,7,0,0.57488,6.957973838017661e-05,0,4.582518983996124
4,x,11,z,0.1,normal,0,100000,92476,78,151,0,0.92476,0.0008434620874605558,0,17.152191635992494
4,x,11,x,0.1,normal,0,100000,92476,78,151,0,0.92476,0.0008434620874605558,0,17.152191635992494
4,x,11,x,0.1,normal,0,100000,92476,78,151,0,0.92476,0.0008434620874605558,0,17.152191635992494
4,x,11,z,0.1,normal,0,100000,92476,78,151,0,0.92476,0.0008434620874605558,0,17.152191635992494
4,x,14,x,0.1,normal,0,100000,85814,2451,4768,0,0.85814,0.02856177313725028,0,13.654637636005646
4,x,14,x,0.1,normal,0,100000,85814,2451,4768,0,0.85814,0.02856177313725028,0,13.654637636005646
4,x,14,z,0.1,normal,0,100000,85814,2451,4768,0,0.85814,0.02856177313725028,0,13.654637636005646
4,x,14,z,0.1,normal,0,100000,85814,2451,4768,0,0.85814,0.02856177313725028,0,13.654637636005646
4,x,5,z,1,m1,0,100000,56032,19,38,0,0.56032,0.00033909194745862514,0,3.6152388589980546
4,x,5,z,1,m1,0,100000,56032,19,38,0,0.56032,0.00033909194745862514,0,3.6152388589980546
4,x,5,x,1,m1,0,100000,56032,19,38,0,0.56032,0.00033909194745862514,0,3.6152388589980546
4,x,5,x,1,m1,0,100000,56032,19,38,0,0.56032,0.00033909194745862514,0,3.6152388589980546
4,x,9,z,1,m1,0,100000,100000,83,152,0,1.0,0.0008299999999999974,0,1.224210768006742
4,x,9,z,1,m1,0,100000,100000,83,152,0,1.0,0.0008299999999999974,0,1.224210768006742
4,x,9,z,1,m1,0,100000,100000,83,152,0,1.0,0.0008299999999999974,0,1.224210768006742
4,x,9,x,1,m1,0,100000,100000,83,152,0,1.0,0.0008299999999999974,0,1.224210768006742
4,x,13,z,0.1,normal,0,100000,92922,234,461,0,0.92922,0.0025182411054432974,0,15.380854364004335
4,x,13,z,0.1,normal,0,100000,92922,234,461,0,0.92922,0.0025182411054432974,0,15.380854364004335
4,x,13,x,0.1,normal,0,100000,92922,234,461,0,0.92922,0.0025182411054432974,0,15.380854364004335
4,x,13,z,0.1,normal,0,100000,92922,234,461,0,0.92922,0.0025182411054432974,0,15.380854364004335
4,x,4,x,1,m1,0,100000,35920,277,522,0,0.3592,0.007711581291759417,0,10.09740939900803
4,x,4,z,1,m1,0,100000,35920,277,522,0,0.3592,0.007711581291759417,0,10.09740939900803
4,x,4,x,1,m1,0,100000,35920,277,522,0,0.3592,0.007711581291759417,0,10.09740939900803
4,x,4,x,1,m1,0,100000,35920,277,522,0,0.3592,0.007711581291759417,0,10.09740939900803
4,x,15,z,0.1,normal,0,100000,95738,3571,6896,0,0.95738,0.037299713802251944,0,17.21900139399804
4,x,15,x,0.1,normal,0,100000,95738,3571,6896,0,0.95738,0.037299713802251944,0,17.21900139399804
4,x,15,z,0.1,normal,0,100000,95738,3571,6896,0,0.95738,0.037299713802251944,0,17.21900139399804
4,x,15,z,0.1,normal,0,100000,95738,3571,6896,0,0.95738,0.037299713802251944,0,17.21900139399804
4,x,6,x,1,m1,0,100000,29197,638,1186,0,0.29197,0.021851560091790234,0,10.466241783011355
4,x,6,x,1,m1,0,100000,29197,638,1186,0,0.29197,0.021851560091790234,0,10.466241783011355
4,x,6,z,1,m1,0,100000,29197,638,1186,0,0.29197,0.021851560091790234,0,10.466241783011355
4,x,6,x,1,m1,0,100000,29197,638,1186,0,0.29197,0.021851560091790234,0,10.466241783011355
4,x,8,x,1,m1,0,100000,41754,7517,13976,0,0.41754,0.18003065574555732,0,10.69102694700996
4,x,8,z,1,m1,0,100000,41754,7517,13976,0,0.41754,0.18003065574555732,0,10.69102694700996
4,x,8,z,1,m1,0,100000,41754,7517,13976,0,0.41754,0.18003065574555732,0,10.69102694700996
4,x,8,x,1,m1,0,100000,41754,7517,13976,0,0.41754,0.18003065574555732,0,10.69102694700996
4,x,2,x,0.8,m1,0,100000,48032,2,3,0,0.48032,4.163890739505849e-05,0,3.923587031997158
4,x,2,x,0.8,m1,0,100000,48032,2,3,0,0.48032,4.163890739505849e-05,0,3.923587031997158
4,x,2,x,0.8,m1,0,100000,48032,2,3,0,0.48032,4.163890739505849e-05,0,3.923587031997158
4,x,2,x,0.8,m1,0,100000,48032,2,3,0,0.48032,4.163890739505849e-05,0,3.923587031997158
4,x,10,x,1,m1,0,100000,42196,1326,2281,0,0.42196,0.03142477959996204,0,11.758457307005301
4,x,10,x,1,m1,0,100000,42196,1326,2281,0,0.42196,0.03142477959996204,0,11.758457307005301
4,x,10,x,1,m1,0,100000,42196,1326,2281,0,0.42196,0.03142477959996204,0,11.758457307005301
4,x,10,z,1,m1,0,100000,42196,1326,2281,0,0.42196,0.03142477959996204,0,11.758457307005301
4,x,3,z,0.8,m1,0,100000,64377,1,2,0,0.64377,1.553349798844028e-05,0,3.7530605270003434
4,x,3,x,0.8,m1,0,100000,64377,1,2,0,0.64377,1.553349798844028e-05,0,3.7530605270003434
4,x,3,x,0.8,m1,0,100000,64377,1,2,0,0.64377,1.553349798844028e-05,0,3.7530605270003434
4,x,3,x,0.8,m1,0,100000,64377,1,2,0,0.64377,1.553349798844028e-05,0,3.7530605270003434
4,x,12,x,1,m1,0,100000,30728,7266,13561,0,0.30728,0.23646185889091387,0,11.519942377010011
4,x,12,z,1,m1,0,100000,30728,7266,13561,0,0.30728,0.23646185889091387,0,11.519942377010011
4,x,12,x,1,m1,0,100000,30728,7266,13561,0,0.30728,0.23646185889091387,0,11.519942377010011
4,x,12,z,1,m1,0,100000,30728,7266,13561,0,0.30728,0.23646185889091387,0,11.519942377010011
4,x,7,z,1,m1,0,100000,58160,1648,2919,0,0.5816,0.0283356258596974,0,13.367181636989699
4,x,7,x,1,m1,0,100000,58160,1648,2919,0,0.5816,0.0283356258596974,0,13.367181636989699
4,x,7,z,1,m1,0,100000,58160,1648,2919,0,0.5816,0.0283356258596974,0,13.367181636989699
4,x,7,x,1,m1,0,100000,58160,1648,2919,0,0.5816,0.0283356258596974,0,13.367181636989699
4,x,14,x,1,m1,0,100000,30909,6400,11158,0,0.30909,0.20705943252774273,0,11.533456158998888
4,x,14,x,1,m1,0,100000,30909,6400,11158,0,0.30909,0.20705943252774273,0,11.533456158998888
4,x,14,z,1,m1,0,100000,30909,6400,11158,0,0.30909,0.20705943252774273,0,11.533456158998888
4,x,14,z,1,m1,0,100000,30909,6400,11158,0,0.30909,0.20705943252774273,0,11.533456158998888
4,x,11,z,1,m1,0,100000,60051,1780,3242,0,0.60051,0.029641471415963072,0,13.627406362997135
4,x,11,x,1,m1,0,100000,60051,1780,3242,0,0.60051,0.029641471415963072,0,13.627406362997135
4,x,11,x,1,m1,0,100000,60051,1780,3242,0,0.60051,0.029641471415963072,0,13.627406362997135
4,x,11,z,1,m1,0,100000,60051,1780,3242,0,0.60051,0.029641471415963072,0,13.627406362997135
4,x,9,z,0.8,m1,0,100000,100000,36,61,0,1.0,0.00036000000000002697,0,1.0545905000035418
4,x,9,z,0.8,m1,0,100000,100000,36,61,0,1.0,0.00036000000000002697,0,1.0545905000035418
4,x,9,z,0.8,m1,0,100000,100000,36,61,0,1.0,0.00036000000000002697,0,1.0545905000035418
4,x,9,x,0.8,m1,0,100000,100000,36,61,0,1.0,0.00036000000000002697,0,1.0545905000035418
4,x,5,z,0.8,m1,0,100000,63258,10,18,0,0.63258,0.0001580827721394673,0,3.028838643003837
4,x,5,z,0.8,m1,0,100000,63258,10,18,0,0.63258,0.0001580827721394673,0,3.028838643003837
4,x,5,x,0.8,m1,0,100000,63258,10,18,0,0.63258,0.0001580827721394673,0,3.028838643003837
4,x,5,x,0.8,m1,0,100000,63258,10,18,0,0.63258,0.0001580827721394673,0,3.028838643003837
4,x,15,z,1,m1,0,100000,45726,8418,13729,0,0.45726,0.1840965752525915,0,12.933062168012839
4,x,15,x,1,m1,0,100000,45726,8418,13729,0,0.45726,0.1840965752525915,0,12.933062168012839
4,x,15,z,1,m1,0,100000,45726,8418,13729,0,0.45726,0.1840965752525915,0,12.933062168012839
4,x,15,z,1,m1,0,100000,45726,8418,13729,0,0.45726,0.1840965752525915,0,12.933062168012839
4,x,13,z,1,m1,0,100000,71706,4210,6805,0,0.71706,0.058711962736730516,0,15.504165808000835
4,x,13,z,1,m1,0,100000,71706,4210,6805,0,0.71706,0.058711962736730516,0,15.504165808000835
4,x,13,x,1,m1,0,100000,71706,4210,6805,0,0.71706,0.058711962736730516,0,15.504165808000835
4,x,13,z,1,m1,0,100000,71706,4210,6805,0,0.71706,0.058711962736730516,0,15.504165808000835
4,x,4,x,0.8,m1,0,100000,44181,210,411,0,0.44181,0.004753174441502028,0,10.437201438006014
4,x,4,z,0.8,m1,0,100000,44181,210,411,0,0.44181,0.004753174441502028,0,10.437201438006014
4,x,4,x,0.8,m1,0,100000,44181,210,411,0,0.44181,0.004753174441502028,0,10.437201438006014
4,x,4,x,0.8,m1,0,100000,44181,210,411,0,0.44181,0.004753174441502028,0,10.437201438006014
4,x,6,x,0.8,m1,0,100000,37596,553,1014,0,0.37596,0.01470901159697835,0,10.202054926994606
4,x,6,x,0.8,m1,0,100000,37596,553,1014,0,0.37596,0.01470901159697835,0,10.202054926994606
4,x,6,z,0.8,m1,0,100000,37596,553,1014,0,0.37596,0.01470901159697835,0,10.202054926994606
4,x,6,x,0.8,m1,0,100000,37596,553,1014,0,0.37596,0.01470901159697835,0,10.202054926994606
4,x,2,x,0.5,m1,0,100000,63292,0,0,0,0.63292,0.0,0,2.767914039999596
4,x,2,x,0.5,m1,0,100000,63292,0,0,0,0.63292,0.0,0,2.767914039999596
4,x,2,x,0.5,m1,0,100000,63292,0,0,0,0.63292,0.0,0,2.767914039999596
4,x,2,x,0.5,m1,0,100000,63292,0,0,0,0.63292,0.0,0,2.767914039999596
4,x,8,x,0.8,m1,0,100000,49308,7080,13236,0,0.49308,0.1435872475054758,0,11.721270816007745
4,x,8,z,0.8,m1,0,100000,49308,7080,13236,0,0.49308,0.1435872475054758,0,11.721270816007745
4,x,8,z,0.8,m1,0,100000,49308,7080,13236,0,0.49308,0.1435872475054758,0,11.721270816007745
4,x,8,x,0.8,m1,0,100000,49308,7080,13236,0,0.49308,0.1435872475054758,0,11.721270816007745
4,x,10,x,0.8,m1,0,100000,50095,980,1760,0,0.50095,0.019562830621818517,0,10.994502968009328
4,x,10,x,0.8,m1,0,100000,50095,980,1760,0,0.50095,0.019562830621818517,0,10.994502968009328
4,x,10,x,0.8,m1,0,100000,50095,980,1760,0,0.50095,0.019562830621818517,0,10.994502968009328
4,x,10,z,0.8,m1,0,100000,50095,980,1760,0,0.50095,0.019562830621818517,0,10.994502968009328
4,x,7,z,0.8,m1,0,100000,64336,1212,2199,0,0.64336,0.01883859736383986,0,12.39469890500186
4,x,7,x,0.8,m1,0,100000,64336,1212,2199,0,0.64336,0.01883859736383986,0,12.39469890500186
4,x,7,z,0.8,m1,0,100000,64336,1212,2199,0,0.64336,0.01883859736383986,0,12.39469890500186
4,x,7,x,0.8,m1,0,100000,64336,1212,2199,0,0.64336,0.01883859736383986,0,12.39469890500186
4,x,3,z,0.5,m1,0,100000,75931,2,3,0,0.75931,2.6339703151578853e-05,0,2.3518465270026354
4,x,3,x,0.5,m1,0,100000,75931,2,3,0,0.75931,2.6339703151578853e-05,0,2.3518465270026354
4,x,3,x,0.5,m1,0,100000,75931,2,3,0,0.75931,2.6339703151578853e-05,0,2.3518465270026354
4,x,3,x,0.5,m1,0,100000,75931,2,3,0,0.75931,2.6339703151578853e-05,0,2.3518465270026354
4,x,12,x,0.8,m1,0,100000,38748,7571,14258,0,0.38748,0.19539072984412098,0,13.313008155004354
4,x,12,z,0.8,m1,0,100000,38748,7571,14258,0,0.38748,0.19539072984412098,0,13.313008155004354
4,x,12,x,0.8,m1,0,100000,38748,7571,14258,0,0.38748,0.19539072984412098,0,13.313008155004354
4,x,12,z,0.8,m1,0,100000,38748,7571,14258,0,0.38748,0.19539072984412098,0,13.313008155004354
4,x,5,z,0.5,m1,0,100000,75062,2,4,0,0.75062,2.6644640430562028e-05,0,2.6818443719967036
4,x,5,z,0.5,m1,0,100000,75062,2,4,0,0.75062,2.6644640430562028e-05,0,2.6818443719967036
4,x,5,x,0.5,m1,0,100000,75062,2,4,0,0.75062,2.6644640430562028e-05,0,2.6818443719967036
4,x,5,x,0.5,m1,0,100000,75062,2,4,0,0.75062,2.6644640430562028e-05,0,2.6818443719967036
4,x,11,z,0.8,m1,0,100000,66355,1402,2561,0,0.66355,0.0211287770326275,0,14.631433770991862
4,x,11,x,0.8,m1,0,100000,66355,1402,2561,0,0.66355,0.0211287770326275,0,14.631433770991862
4,x,11,x,0.8,m1,0,100000,66355,1402,2561,0,0.66355,0.0211287770326275,0,14.631433770991862
4,x,11,z,0.8,m1,0,100000,66355,1402,2561,0,0.66355,0.0211287770326275,0,14.631433770991862
4,x,9,z,0.5,m1,0,100000,100000,6,11,0,1.0,5.999999999994898e-05,0,0.7626252250047401
4,x,9,z,0.5,m1,0,100000,100000,6,11,0,1.0,5.999999999994898e-05,0,0.7626252250047401
4,x,9,z,0.5,m1,0,100000,100000,6,11,0,1.0,5.999999999994898e-05,0,0.7626252250047401
4,x,9,x,0.5,m1,0,100000,100000,6,11,0,1.0,5.999999999994898e-05,0,0.7626252250047401
4,x,14,x,0.8,m1,0,100000,38871,6693,11942,0,0.38871,0.17218491934861468,0,13.715299030998722
4,x,14,x,0.8,m1,0,100000,38871,6693,11942,0,0.38871,0.17218491934861468,0,13.715299030998722
4,x,14,z,0.8,m1,0,100000,38871,6693,11942,0,0.38871,0.17218491934861468,0,13.715299030998722
4,x,14,z,0.8,m1,0,100000,38871,6693,11942,0,0.38871,0.17218491934861468,0,13.715299030998722
4,x,13,z,0.8,m1,0,100000,76598,3119,5334,0,0.76598,0.040719078827123445,0,14.207329067998216
4,x,13,z,0.8,m1,0,100000,76598,3119,5334,0,0.76598,0.040719078827123445,0,14.207329067998216
4,x,13,x,0.8,m1,0,100000,76598,3119,5334,0,0.76598,0.040719078827123445,0,14.207329067998216
4,x,13,z,0.8,m1,0,100000,76598,3119,5334,0,0.76598,0.040719078827123445,0,14.207329067998216
4,x,15,z,0.8,m1,0,100000,53570,8118,13675,0,0.5357,0.15154004106776175,0,13.359549537999555
4,x,15,x,0.8,m1,0,100000,53570,8118,13675,0,0.5357,0.15154004106776175,0,13.359549537999555
4,x,15,z,0.8,m1,0,100000,53570,8118,13675,0,0.5357,0.15154004106776175,0,13.359549537999555
4,x,15,z,0.8,m1,0,100000,53570,8118,13675,0,0.5357,0.15154004106776175,0,13.359549537999555
4,x,4,x,0.5,m1,0,100000,60076,118,232,0,0.60076,0.001964178706971187,0,10.0485722880112
4,x,4,z,0.5,m1,0,100000,60076,118,232,0,0.60076,0.001964178706971187,0,10.0485722880112
4,x,4,x,0.5,m1,0,100000,60076,118,232,0,0.60076,0.001964178706971187,0,10.0485722880112
4,x,4,x,0.5,m1,0,100000,60076,118,232,0,0.60076,0.001964178706971187,0,10.0485722880112
4,x,6,x,0.5,m1,0,100000,54045,346,642,0,0.54045,0.006402072347118093,0,11.217774262011517
4,x,6,x,0.5,m1,0,100000,54045,346,642,0,0.54045,0.006402072347118093,0,11.217774262011517
4,x,6,z,0.5,m1,0,100000,54045,346,642,0,0.54045,0.006402072347118093,0,11.217774262011517
4,x,6,x,0.5,m1,0,100000,54045,346,642,0,0.54045,0.006402072347118093,0,11.217774262011517
4,x,2,x,0.3,m1,0,100000,76152,0,1,0,0.76152,0.0,0,1.9858255849976558
4,x,2,x,0.3,m1,0,100000,76152,0,1,0,0.76152,0.0,0,1.9858255849976558
4,x,2,x,0.3,m1,0,100000,76152,0,1,0,0.76152,0.0,0,1.9858255849976558
4,x,2,x,0.3,m1,0,100000,76152,0,1,0,0.76152,0.0,0,1.9858255849976558
4,x,7,z,0.5,m1,0,100000,75760,668,1238,0,0.7576,0.008817317845828954,0,12.375666701991577
4,x,7,x,0.5,m1,0,100000,75760,668,1238,0,0.7576,0.008817317845828954,0,12.375666701991577
4,x,7,z,0.5,m1,0,100000,75760,668,1238,0,0.7576,0.008817317845828954,0,12.375666701991577
4,x,7,x,0.5,m1,0,100000,75760,668,1238,0,0.7576,0.008817317845828954,0,12.375666701991577
4,x,3,z,0.3,m1,0,100000,84945,0,0,0,0.84945,0.0,0,1.6001254440052435
4,x,3,x,0.3,m1,0,100000,84945,0,0,0,0.84945,0.0,0,1.6001254440052435
4,x,3,x,0.3,m1,0,100000,84945,0,0,0,0.84945,0.0,0,1.6001254440052435
4,x,3,x,0.3,m1,0,100000,84945,0,0,0,0.84945,0.0,0,1.6001254440052435
4,x,8,x,0.5,m1,0,100000,63803,5766,10746,0,0.63803,0.09037192608498035,0,14.375925412998185
4,x,8,z,0.5,m1,0,100000,63803,5766,10746,0,0.63803,0.09037192608498035,0,14.375925412998185
4,x,8,z,0.5,m1,0,100000,63803,5766,10746,0,0.63803,0.09037192608498035,0,14.375925412998185
4,x,8,x,0.5,m1,0,100000,63803,5766,10746,0,0.63803,0.09037192608498035,0,14.375925412998185
4,x,10,x,0.5,m1,0,100000,64557,609,1108,0,0.64557,0.009433523862633075,0,11.90424408200488
4,x,10,x,0.5,m1,0,100000,64557,609,1108,0,0.64557,0.009433523862633075,0,11.90424408200488
4,x,10,x,0.5,m1,0,100000,64557,609,1108,0,0.64557,0.009433523862633075,0,11.90424408200488
4,x,10,z,0.5,m1,0,100000,64557,609,1108,0,0.64557,0.009433523862633075,0,11.90424408200488
4,x,13,z,0.5,m1,0,100000,84856,1494,2693,0,0.84856,0.017606297727915554,0,11.46921893999388
4,x,13,z,0.5,m1,0,100000,84856,1494,2693,0,0.84856,0.017606297727915554,0,11.46921893999388
4,x,13,x,0.5,m1,0,100000,84856,1494,2693,0,0.84856,0.017606297727915554,0,11.46921893999388
4,x,13,z,0.5,m1,0,100000,84856,1494,2693,0,0.84856,0.017606297727915554,0,11.46921893999388
4,x,14,x,0.5,m1,0,100000,55380,6322,11491,0,0.5538,0.11415673528349579,0,12.372288291007862
4,x,14,x,0.5,m1,0,100000,55380,6322,11491,0,0.5538,0.11415673528349579,0,12.372288291007862
4,x,14,z,0.5,m1,0,100000,55380,6322,11491,0,0.5538,0.11415673528349579,0,12.372288291007862
4,x,14,z,0.5,m1,0,100000,55380,6322,11491,0,0.5538,0.11415673528349579,0,12.372288291007862
4,x,5,z,0.3,m1,0,100000,84350,1,2,0,0.8435,1.1855364552504355e-05,0,2.2875467740086606
4,x,5,z,0.3,m1,0,100000,84350,1,2,0,0.8435,1.1855364552504355e-05,0,2.2875467740086606
4,x,5,x,0.3,m1,0,100000,84350,1,2,0,0.8435,1.1855364552504355e-05,0,2.2875467740086606
4,x,5,x,0.3,m1,0,100000,84350,1,2,0,0.8435,1.1855364552504355e-05,0,2.2875467740086606
4,x,12,x,0.5,m1,0,100000,54822,7092,13583,0,0.54822,0.12936412389186824,0,15.232422397006303
4,x,12,z,0.5,m1,0,100000,54822,7092,13583,0,0.54822,0.12936412389186824,0,15.232422397006303
4,x,12,x,0.5,m1,0,100000,54822,7092,13583,0,0.54822,0.12936412389186824,0,15.232422397006303
4,x,12,z,0.5,m1,0,100000,54822,7092,13583,0,0.54822,0.12936412389186824,0,15.232422397006303
4,x,9,z,0.3,m1,0,100000,100000,0,1,0,1.0,0.0,0,0.5119378920062445
4,x,9,z,0.3,m1,0,100000,100000,0,1,0,1.0,0.0,0,0.5119378920062445
4,x,9,z,0.3,m1,0,100000,100000,0,1,0,1.0,0.0,0,0.5119378920062445
4,x,9,x,0.3,m1,0,100000,100000,0,1,0,1.0,0.0,0,0.5119378920062445
4,x,11,z,0.5,m1,0,100000,77348,724,1366,0,0.77348,0.009360293737394665,0,14.872992866003187
4,x,11,x,0.5,m1,0,100000,77348,724,1366,0,0.77348,0.009360293737394665,0,14.872992866003187
4,x,11,x,0.5,m1,0,100000,77348,724,1366,0,0.77348,0.009360293737394665,0,14.872992866003187
4,x,11,z,0.5,m1,0,100000,77348,724,1366,0,0.77348,0.009360293737394665,0,14.872992866003187
4,x,15,z,0.5,m1,0,100000,67537,6752,12051,0,0.67537,0.09997482861246432,0,14.23840352401021
4,x,15,x,0.5,m1,0,100000,67537,6752,12051,0,0.67537,0.09997482861246432,0,14.23840352401021
4,x,15,z,0.5,m1,0,100000,67537,6752,12051,0,0.67537,0.09997482861246432,0,14.23840352401021
4,x,15,z,0.5,m1,0,100000,67537,6752,12051,0,0.67537,0.09997482861246432,0,14.23840352401021
4,x,4,x,0.3,m1,0,100000,73613,50,97,0,0.73613,0.0006792278537758323,0,10.493082201006473
4,x,4,z,0.3,m1,0,100000,73613,50,97,0,0.73613,0.0006792278537758323,0,10.493082201006473
4,x,4,x,0.3,m1,0,100000,73613,50,97,0,0.73613,0.0006792278537758323,0,10.493082201006473
4,x,4,x,0.3,m1,0,100000,73613,50,97,0,0.73613,0.0006792278537758323,0,10.493082201006473
4,x,2,x,0.1,m1,0,100000,91369,0,0,0,0.91369,0.0,0,1.1205539960064925
4,x,2,x,0.1,m1,0,100000,91369,0,0,0,0.91369,0.0,0,1.1205539960064925
4,x,2,x,0.1,m1,0,100000,91369,0,0,0,0.91369,0.0,0,1.1205539960064925
4,x,2,x,0.1,m1,0,100000,91369,0,0,0,0.91369,0.0,0,1.1205539960064925
4,x,7,z,0.3,m1,0,100000,84715,330,613,0,0.84715,0.0038954140352948086,0,10.492903318998287
4,x,7,x,0.3,m1,0,100000,84715,330,613,0,0.84715,0.0038954140352948086,0,10.492903318998287
4,x,7,z,0.3,m1,0,100000,84715,330,613,0,0.84715,0.0038954140352948086,0,10.492903318998287
4,x,7,x,0.3,m1,0,100000,84715,330,613,0,0.84715,0.0038954140352948086,0,10.492903318998287
4,x,3,z,0.1,m1,0,100000,94720,0,0,0,0.9472,0.0,0,0.8069958739943104
4,x,3,x,0.1,m1,0,100000,94720,0,0,0,0.9472,0.0,0,0.8069958739943104
4,x,3,x,0.1,m1,0,100000,94720,0,0,0,0.9472,0.0,0,0.8069958739943104
4,x,3,x,0.1,m1,0,100000,94720,0,0,0,0.9472,0.0,0,0.8069958739943104
4,x,6,x,0.3,m1,0,100000,69203,198,375,0,0.69203,0.0028611476381081857,0,13.761704158998327
4,x,6,x,0.3,m1,0,100000,69203,198,375,0,0.69203,0.0028611476381081857,0,13.761704158998327
4,x,6,z,0.3,m1,0,100000,69203,198,375,0,0.69203,0.0028611476381081857,0,13.761704158998327
4,x,6,x,0.3,m1,0,100000,69203,198,375,0,0.69203,0.0028611476381081857,0,13.761704158998327
4,x,8,x,0.3,m1,0,100000,75666,4016,7503,0,0.75666,0.05307535749213654,0,13.359940323003684
4,x,8,z,0.3,m1,0,100000,75666,4016,7503,0,0.75666,0.05307535749213654,0,13.359940323003684
4,x,8,z,0.3,m1,0,100000,75666,4016,7503,0,0.75666,0.05307535749213654,0,13.359940323003684
4,x,8,x,0.3,m1,0,100000,75666,4016,7503,0,0.75666,0.05307535749213654,0,13.359940323003684
4,x,10,x,0.3,m1,0,100000,76559,332,634,0,0.76559,0.004336524771744621,0,12.55539771700569
4,x,10,x,0.3,m1,0,100000,76559,332,634,0,0.76559,0.004336524771744621,0,12.55539771700569
4,x,10,x,0.3,m1,0,100000,76559,332,634,0,0.76559,0.004336524771744621,0,12.55539771700569
4,x,10,z,0.3,m1,0,100000,76559,332,634,0,0.76559,0.004336524771744621,0,12.55539771700569
4,x,5,z,0.1,m1,0,100000,94595,0,1,0,0.94595,0.0,0,0.6666475600068225
4,x,5,z,0.1,m1,0,100000,94595,0,1,0,0.94595,0.0,0,0.6666475600068225
4,x,5,x,0.1,m1,0,100000,94595,0,1,0,0.94595,0.0,0,0.6666475600068225
4,x,5,x,0.1,m1,0,100000,94595,0,1,0,0.94595,0.0,0,0.6666475600068225
4,x,12,x,0.3,m1,0,100000,69796,5754,11097,0,0.69796,0.08244025445584269,0,12.560981667993474
4,x,12,z,0.3,m1,0,100000,69796,5754,11097,0,0.69796,0.08244025445584269,0,12.560981667993474
4,x,12,x,0.3,m1,0,100000,69796,5754,11097,0,0.69796,0.08244025445584269,0,12.560981667993474
4,x,12,z,0.3,m1,0,100000,69796,5754,11097,0,0.69796,0.08244025445584269,0,12.560981667993474
4,x,13,z,0.3,m1,0,100000,90341,606,1143,0,0.90341,0.006707917778195904,0,10.646080995997181
4,x,13,z,0.3,m1,0,100000,90341,606,1143,0,0.90341,0.006707917778195904,0,10.646080995997181
4,x,13,x,0.3,m1,0,100000,90341,606,1143,0,0.90341,0.006707917778195904,0,10.646080995997181
4,x,13,z,0.3,m1,0,100000,90341,606,1143,0,0.90341,0.006707917778195904,0,10.646080995997181
4,x,9,z,0.1,m1,0,100000,100000,0,0,0,1.0,0.0,0,0.5779079280036967
4,x,9,z,0.1,m1,0,100000,100000,0,0,0,1.0,0.0,0,0.5779079280036967
4,x,9,z,0.1,m1,0,100000,100000,0,0,0,1.0,0.0,0,0.5779079280036967
4,x,9,x,0.1,m1,0,100000,100000,0,0,0,1.0,0.0,0,0.5779079280036967
4,x,15,z,0.3,m1,0,100000,79266,4912,9133,0,0.79266,0.06196856155224184,0,14.424974718000158
4,x,15,x,0.3,m1,0,100000,79266,4912,9133,0,0.79266,0.06196856155224184,0,14.424974718000158
4,x,15,z,0.3,m1,0,100000,79266,4912,9133,0,0.79266,0.06196856155224184,0,14.424974718000158
4,x,15,z,0.3,m1,0,100000,79266,4912,9133,0,0.79266,0.06196856155224184,0,14.424974718000158
4,x,11,z,0.3,m1,0,100000,85558,320,614,0,0.85558,0.003740152878748959,0,15.39103279299161
4,x,11,x,0.3,m1,0,100000,85558,320,614,0,0.85558,0.003740152878748959,0,15.39103279299161
4,x,11,x,0.3,m1,0,100000,85558,320,614,0,0.85558,0.003740152878748959,0,15.39103279299161
4,x,11,z,0.3,m1,0,100000,85558,320,614,0,0.85558,0.003740152878748959,0,15.39103279299161
4,x,4,x,0.1,m1,0,100000,90283,6,11,0,0.90283,6.645769413948788e-05,0,8.123005026995088
4,x,4,z,0.1,m1,0,100000,90283,6,11,0,0.90283,6.645769413948788e-05,0,8.123005026995088
4,x,4,x,0.1,m1,0,100000,90283,6,11,0,0.90283,6.645769413948788e-05,0,8.123005026995088
4,x,4,x,0.1,m1,0,100000,90283,6,11,0,0.90283,6.645769413948788e-05,0,8.123005026995088
4,x,14,x,0.3,m1,0,100000,70161,5008,9273,0,0.70161,0.07137868616467835,0,16.33772952199797
4,x,14,x,0.3,m1,0,100000,70161,5008,9273,0,0.70161,0.07137868616467835,0,16.33772952199797
4,x,14,z,0.3,m1,0,100000,70161,5008,9273,0,0.70161,0.07137868616467835,0,16.33772952199797
4,x,14,z,0.3,m1,0,100000,70161,5008,9273,0,0.70161,0.07137868616467835,0,16.33772952199797
4,x,7,z,0.1,m1,0,100000,94612,80,152,0,0.94612,0.0008455587029129186,0,8.947673440998187
4,x,7,x,0.1,m1,0,100000,94612,80,152,0,0.94612,0.0008455587029129186,0,8.947673440998187
4,x,7,z,0.1,m1,0,100000,94612,80,152,0,0.94612,0.0008455587029129186,0,8.947673440998187
4,x,7,x,0.1,m1,0,100000,94612,80,152,0,0.94612,0.0008455587029129186,0,8.947673440998187
4,x,6,x,0.1,m1,0,100000,88428,54,101,0,0.88428,0.0006106663047903416,0,13.9685161219968
4,x,6,x,0.1,m1,0,100000,88428,54,101,0,0.88428,0.0006106663047903416,0,13.9685161219968
4,x,6,z,0.1,m1,0,100000,88428,54,101,0,0.88428,0.0006106663047903416,0,13.9685161219968
4,x,6,x,0.1,m1,0,100000,88428,54,101,0,0.88428,0.0006106663047903416,0,13.9685161219968
4,x,8,x,0.1,m1,0,100000,91041,1604,3034,0,0.91041,0.01761843564987209,0,14.072241629997734
4,x,8,z,0.1,m1,0,100000,91041,1604,3034,0,0.91041,0.01761843564987209,0,14.072241629997734
4,x,8,z,0.1,m1,0,100000,91041,1604,3034,0,0.91041,0.01761843564987209,0,14.072241629997734
4,x,8,x,0.1,m1,0,100000,91041,1604,3034,0,0.91041,0.01761843564987209,0,14.072241629997734
4,x,10,x,0.1,m1,0,100000,91545,93,182,0,0.91545,0.0010158938227101677,0,13.910605062003015
4,x,10,x,0.1,m1,0,100000,91545,93,182,0,0.91545,0.0010158938227101677,0,13.910605062003015
4,x,10,x,0.1,m1,0,100000,91545,93,182,0,0.91545,0.0010158938227101677,0,13.910605062003015
4,x,10,z,0.1,m1,0,100000,91545,93,182,0,0.91545,0.0010158938227101677,0,13.910605062003015
4,x,13,z,0.1,m1,0,100000,96750,86,167,0,0.9675,0.000888888888888939,0,9.783838205999928
4,x,13,z,0.1,m1,0,100000,96750,86,167,0,0.9675,0.000888888888888939,0,9.783838205999928
4,x,13,x,0.1,m1,0,100000,96750,86,167,0,0.9675,0.000888888888888939,0,9.783838205999928
4,x,13,z,0.1,m1,0,100000,96750,86,167,0,0.9675,0.000888888888888939,0,9.783838205999928
4,x,12,x,0.1,m1,0,100000,88605,2540,4907,0,0.88605,0.02866655380621863,0,13.840625448996434
4,x,12,z,0.1,m1,0,100000,88605,2540,4907,0,0.88605,0.02866655380621863,0,13.840625448996434
4,x,12,x,0.1,m1,0,100000,88605,2540,4907,0,0.88605,0.02866655380621863,0,13.840625448996434
4,x,12,z,0.1,m1,0,100000,88605,2540,4907,0,0.88605,0.02866655380621863,0,13.840625448996434
4,x,14,x,0.1,m1,0,100000,89019,2254,4233,0,0.89019,0.025320437210033853,0,13.489156171999639
4,x,14,x,0.1,m1,0,100000,89019,2254,4233,0,0.89019,0.025320437210033853,0,13.489156171999639
4,x,14,z,0.1,m1,0,100000,89019,2254,4233,0,0.89019,0.025320437210033853,0,13.489156171999639
4,x,14,z,0.1,m1,0,100000,89019,2254,4233,0,0.89019,0.025320437210033853,0,13.489156171999639
4,x,11,z,0.1,m1,0,100000,94794,65,130,0,0.94794,0.0006856974070088562,0,15.351890852994984
4,x,11,x,0.1,m1,0,100000,94794,65,130,0,0.94794,0.0006856974070088562,0,15.351890852994984
4,x,11,x,0.1,m1,0,100000,94794,65,130,0,0.94794,0.0006856974070088562,0,15.351890852994984
4,x,11,z,0.1,m1,0,100000,94794,65,130,0,0.94794,0.0006856974070088562,0,15.351890852994984
4,z,3,x,1,normal,0,100000,21352,4644,8304,0,0.21352,0.21749718995878609,0,10.43323704499926
4,z,3,z,1,normal,0,100000,21352,4644,8304,0,0.21352,0.21749718995878609,0,10.43323704499926
4,z,3,x,1,normal,0,100000,21352,4644,8304,0,0.21352,0.21749718995878609,0,10.43323704499926
4,z,3,x,1,normal,0,100000,21352,4644,8304,0,0.21352,0.21749718995878609,0,10.43323704499926
4,z,2,z,1,normal,0,100000,47072,9580,15267,0,0.47072,0.20351801495581234,0,14.619638543008477
4,z,2,x,1,normal,0,100000,47072,9580,15267,0,0.47072,0.20351801495581234,0,14.619638543008477
4,z,2,x,1,normal,0,100000,47072,9580,15267,0,0.47072,0.20351801495581234,0,14.619638543008477
4,z,2,x,1,normal,0,100000,47072,9580,15267,0,0.47072,0.20351801495581234,0,14.619638543008477
4,x,15,z,0.1,m1,0,100000,92515,2021,3956,0,0.92515,0.021845106198994713,0,19.480475093005225
4,x,15,x,0.1,m1,0,100000,92515,2021,3956,0,0.92515,0.021845106198994713,0,19.480475093005225
4,x,15,z,0.1,m1,0,100000,92515,2021,3956,0,0.92515,0.021845106198994713,0,19.480475093005225
4,x,15,z,0.1,m1,0,100000,92515,2021,3956,0,0.92515,0.021845106198994713,0,19.480475093005225
4,z,4,z,1,normal,0,100000,43227,4284,6801,0,0.43227,0.09910472621278366,0,13.500318022997817
4,z,4,z,1,normal,0,100000,43227,4284,6801,0,0.43227,0.09910472621278366,0,13.500318022997817
4,z,4,x,1,normal,0,100000,43227,4284,6801,0,0.43227,0.09910472621278366,0,13.500318022997817
4,z,4,x,1,normal,0,100000,43227,4284,6801,0,0.43227,0.09910472621278366,0,13.500318022997817
4,z,7,x,1,normal,0,100000,34114,972,1705,0,0.34114,0.028492700943894,0,11.444371792997117
4,z,7,z,1,normal,0,100000,34114,972,1705,0,0.34114,0.028492700943894,0,11.444371792997117
4,z,7,z,1,normal,0,100000,34114,972,1705,0,0.34114,0.028492700943894,0,11.444371792997117
4,z,7,x,1,normal,0,100000,34114,972,1705,0,0.34114,0.028492700943894,0,11.444371792997117
4,z,9,x,1,normal,0,100000,30818,6396,12087,0,0.30818,0.20754104743980795,0,9.658306785990135
4,z,9,x,1,normal,0,100000,30818,6396,12087,0,0.30818,0.20754104743980795,0,9.658306785990135
4,z,9,x,1,normal,0,100000,30818,6396,12087,0,0.30818,0.20754104743980795,0,9.658306785990135
4,z,9,z,1,normal,0,100000,30818,6396,12087,0,0.30818,0.20754104743980795,0,9.658306785990135
4,z,5,x,1,normal,0,100000,28160,5907,10932,0,0.2816,0.20976562499999996,0,13.241234725006507
4,z,5,x,1,normal,0,100000,28160,5907,10932,0,0.2816,0.20976562499999996,0,13.241234725006507
4,z,5,z,1,normal,0,100000,28160,5907,10932,0,0.2816,0.20976562499999996,0,13.241234725006507
4,z,5,x,1,normal,0,100000,28160,5907,10932,0,0.2816,0.20976562499999996,0,13.241234725006507
4,z,6,z,1,normal,0,100000,42508,1048,1844,0,0.42508,0.024654182742072095,0,13.339674155999091
4,z,6,x,1,normal,0,100000,42508,1048,1844,0,0.42508,0.024654182742072095,0,13.339674155999091
4,z,6,z,1,normal,0,100000,42508,1048,1844,0,0.42508,0.024654182742072095,0,13.339674155999091
4,z,6,x,1,normal,0,100000,42508,1048,1844,0,0.42508,0.024654182742072095,0,13.339674155999091
4,z,11,x,1,normal,0,100000,30880,576,1036,0,0.3088,0.01865284974093262,0,10.501224876003107
4,z,11,z,1,normal,0,100000,30880,576,1036,0,0.3088,0.01865284974093262,0,10.501224876003107
4,z,11,x,1,normal,0,100000,30880,576,1036,0,0.3088,0.01865284974093262,0,10.501224876003107
4,z,11,z,1,normal,0,100000,30880,576,1036,0,0.3088,0.01865284974093262,0,10.501224876003107
4,z,8,z,1,normal,0,100000,100000,594,988,0,1.0,0.005939999999999945,0,15.330591368998284
4,z,8,z,1,normal,0,100000,100000,594,988,0,1.0,0.005939999999999945,0,15.330591368998284
4,z,8,z,1,normal,0,100000,100000,594,988,0,1.0,0.005939999999999945,0,15.330591368998284
4,z,8,x,1,normal,0,100000,100000,594,988,0,1.0,0.005939999999999945,0,15.330591368998284
4,z,10,z,1,normal,0,100000,47294,1032,1865,0,0.47294,0.021820949803357692,0,12.931655526001123
4,z,10,x,1,normal,0,100000,47294,1032,1865,0,0.47294,0.021820949803357692,0,12.931655526001123
4,z,10,x,1,normal,0,100000,47294,1032,1865,0,0.47294,0.021820949803357692,0,12.931655526001123
4,z,10,z,1,normal,0,100000,47294,1032,1865,0,0.47294,0.021820949803357692,0,12.931655526001123
4,z,13,x,1,normal,0,100000,21805,216,419,0,0.21805,0.009905984865856476,0,9.667681560997153
4,z,13,x,1,normal,0,100000,21805,216,419,0,0.21805,0.009905984865856476,0,9.667681560997153
4,z,13,z,1,normal,0,100000,21805,216,419,0,0.21805,0.009905984865856476,0,9.667681560997153
4,z,13,z,1,normal,0,100000,21805,216,419,0,0.21805,0.009905984865856476,0,9.667681560997153
4,z,12,z,1,normal,0,100000,49111,78,129,0,0.49111,0.001588238887418325,0,13.352552693002508
4,z,12,z,1,normal,0,100000,49111,78,129,0,0.49111,0.001588238887418325,0,13.352552693002508
4,z,12,x,1,normal,0,100000,49111,78,129,0,0.49111,0.001588238887418325,0,13.352552693002508
4,z,12,z,1,normal,0,100000,49111,78,129,0,0.49111,0.001588238887418325,0,13.352552693002508
4,z,15,x,1,normal,0,100000,32814,6,12,0,0.32814,0.00018284878405561145,0,9.898800443988875
4,z,15,z,1,normal,0,100000,32814,6,12,0,0.32814,0.00018284878405561145,0,9.898800443988875
4,z,15,z,1,normal,0,100000,32814,6,12,0,0.32814,0.00018284878405561145,0,9.898800443988875
4,z,15,z,1,normal,0,100000,32814,6,12,0,0.32814,0.00018284878405561145,0,9.898800443988875
4,z,3,x,0.8,normal,0,100000,29144,5338,9749,0,0.29144,0.18315948394180626,0,10.439792320001288
4,z,3,z,0.8,normal,0,100000,29144,5338,9749,0,0.29144,0.18315948394180626,0,10.439792320001288
4,z,3,x,0.8,normal,0,100000,29144,5338,9749,0,0.29144,0.18315948394180626,0,10.439792320001288
4,z,3,x,0.8,normal,0,100000,29144,5338,9749,0,0.29144,0.18315948394180626,0,10.439792320001288
4,z,14,z,1,normal,0,100000,62908,14,29,0,0.62908,0.0002225472118013716,0,14.670930602995213
4,z,14,x,1,normal,0,100000,62908,14,29,0,0.62908,0.0002225472118013716,0,14.670930602995213
4,z,14,z,1,normal,0,100000,62908,14,29,0,0.62908,0.0002225472118013716,0,14.670930602995213
4,z,14,z,1,normal,0,100000,62908,14,29,0,0.62908,0.0002225472118013716,0,14.670930602995213
4,z,5,x,0.8,normal,0,100000,36268,6248,11684,0,0.36268,0.17227307819565452,0,11.030957191003836
4,z,5,x,0.8,normal,0,100000,36268,6248,11684,0,0.36268,0.17227307819565452,0,11.030957191003836
4,z,5,z,0.8,normal,0,100000,36268,6248,11684,0,0.36268,0.17227307819565452,0,11.030957191003836
4,z,5,x,0.8,normal,0,100000,36268,6248,11684,0,0.36268,0.17227307819565452,0,11.030957191003836
4,z,2,z,0.8,normal,0,100000,55026,9275,15364,0,0.55026,0.16855668229564202,0,14.689713933999883
4,z,2,x,0.8,normal,0,100000,55026,9275,15364,0,0.55026,0.16855668229564202,0,14.689713933999883
4,z,2,x,0.8,normal,0,100000,55026,9275,15364,0,0.55026,0.16855668229564202,0,14.689713933999883
4,z,2,x,0.8,normal,0,100000,55026,9275,15364,0,0.55026,0.16855668229564202,0,14.689713933999883
4,z,7,x,0.8,normal,0,100000,40993,778,1413,0,0.40993,0.01897885004756905,0,11.087437308990047
4,z,7,z,0.8,normal,0,100000,40993,778,1413,0,0.40993,0.01897885004756905,0,11.087437308990047
4,z,7,z,0.8,normal,0,100000,40993,778,1413,0,0.40993,0.01897885004756905,0,11.087437308990047
4,z,7,x,0.8,normal,0,100000,40993,778,1413,0,0.40993,0.01897885004756905,0,11.087437308990047
4,z,6,z,0.8,normal,0,100000,49624,828,1489,0,0.49624,0.01668547477027249,0,13.568990177998785
4,z,6,x,0.8,normal,0,100000,49624,828,1489,0,0.49624,0.01668547477027249,0,13.568990177998785
4,z,6,z,0.8,normal,0,100000,49624,828,1489,0,0.49624,0.01668547477027249,0,13.568990177998785
4,z,6,x,0.8,normal,0,100000,49624,828,1489,0,0.49624,0.01668547477027249,0,13.568990177998785
4,z,4,z,0.8,normal,0,100000,50039,3594,5877,0,0.50039,0.07182397729770784,0,15.128845985003863
4,z,4,z,0.8,normal,0,100000,50039,3594,5877,0,0.50039,0.07182397729770784,0,15.128845985003863
4,z,4,x,0.8,normal,0,100000,50039,3594,5877,0,0.50039,0.07182397729770784,0,15.128845985003863
4,z,4,x,0.8,normal,0,100000,50039,3594,5877,0,0.50039,0.07182397729770784,0,15.128845985003863
4,z,9,x,0.8,normal,0,100000,38252,6404,12104,0,0.38252,0.16741608281919895,0,10.193277729995316
4,z,9,x,0.8,normal,0,100000,38252,6404,12104,0,0.38252,0.16741608281919895,0,10.193277729995316
4,z,9,x,0.8,normal,0,100000,38252,6404,12104,0,0.38252,0.16741608281919895,0,10.193277729995316
4,z,9,z,0.8,normal,0,100000,38252,6404,12104,0,0.38252,0.16741608281919895,0,10.193277729995316
4,z,11,x,0.8,normal,0,100000,38771,478,882,0,0.38771,0.012328802455443544,0,11.440028755008825
4,z,11,z,0.8,normal,0,100000,38771,478,882,0,0.38771,0.012328802455443544,0,11.440028755008825
4,z,11,x,0.8,normal,0,100000,38771,478,882,0,0.38771,0.012328802455443544,0,11.440028755008825
4,z,11,z,0.8,normal,0,100000,38771,478,882,0,0.38771,0.012328802455443544,0,11.440028755008825
4,z,10,z,0.8,normal,0,100000,54719,808,1489,0,0.54719,0.014766351724263993,0,13.333990099999937
4,z,10,x,0.8,normal,0,100000,54719,808,1489,0,0.54719,0.014766351724263993,0,13.333990099999937
4,z,10,x,0.8,normal,0,100000,54719,808,1489,0,0.54719,0.014766351724263993,0,13.333990099999937
4,z,10,z,0.8,normal,0,100000,54719,808,1489,0,0.54719,0.014766351724263993,0,13.333990099999937
4,z,13,x,0.8,normal,0,100000,29437,200,377,0,0.29437,0.006794170601623795,0,10.411731890999363
4,z,13,x,0.8,normal,0,100000,29437,200,377,0,0.29437,0.006794170601623795,0,10.411731890999363
4,z,13,z,0.8,normal,0,100000,29437,200,377,0,0.29437,0.006794170601623795,0,10.411731890999363
4,z,13,z,0.8,normal,0,100000,29437,200,377,0,0.29437,0.006794170601623795,0,10.411731890999363
4,z,15,x,0.8,normal,0,100000,40979,4,9,0,0.40979,9.761097147320541e-05,0,9.842557119001867
4,z,15,z,0.8,normal,0,100000,40979,4,9,0,0.40979,9.761097147320541e-05,0,9.842557119001867
4,z,15,z,0.8,normal,0,100000,40979,4,9,0,0.40979,9.761097147320541e-05,0,9.842557119001867
4,z,15,z,0.8,normal,0,100000,40979,4,9,0,0.40979,9.761097147320541e-05,0,9.842557119001867
4,z,8,z,0.8,normal,0,100000,100000,280,478,0,1.0,0.0028000000000000247,0,20.859090683996328
4,z,8,z,0.8,normal,0,100000,100000,280,478,0,1.0,0.0028000000000000247,0,20.859090683996328
4,z,8,z,0.8,normal,0,100000,100000,280,478,0,1.0,0.0028000000000000247,0,20.859090683996328
4,z,8,x,0.8,normal,0,100000,100000,280,478,0,1.0,0.0028000000000000247,0,20.859090683996328
4,z,12,z,0.8,normal,0,100000,56187,57,102,0,0.56187,0.0010144695392172443,0,12.856261256994912
4,z,12,z,0.8,normal,0,100000,56187,57,102,0,0.56187,0.0010144695392172443,0,12.856261256994912
4,z,12,x,0.8,normal,0,100000,56187,57,102,0,0.56187,0.0010144695392172443,0,12.856261256994912
4,z,12,z,0.8,normal,0,100000,56187,57,102,0,0.56187,0.0010144695392172443,0,12.856261256994912
4,z,14,z,0.8,normal,0,100000,69156,6,11,0,0.69156,8.676036786392505e-05,0,12.632403673007502
4,z,14,x,0.8,normal,0,100000,69156,6,11,0,0.69156,8.676036786392505e-05,0,12.632403673007502
4,z,14,z,0.8,normal,0,100000,69156,6,11,0,0.69156,8.676036786392505e-05,0,12.632403673007502
4,z,14,z,0.8,normal,0,100000,69156,6,11,0,0.69156,8.676036786392505e-05,0,12.632403673007502
4,z,3,x,0.5,normal,0,100000,45825,5478,10289,0,0.45825,0.11954173486088382,0,12.509903981990647
4,z,3,z,0.5,normal,0,100000,45825,5478,10289,0,0.45825,0.11954173486088382,0,12.509903981990647
4,z,3,x,0.5,normal,0,100000,45825,5478,10289,0,0.45825,0.11954173486088382,0,12.509903981990647
4,z,3,x,0.5,normal,0,100000,45825,5478,10289,0,0.45825,0.11954173486088382,0,12.509903981990647
4,z,2,z,0.5,normal,0,100000,68723,7707,13688,0,0.68723,0.11214586091992496,0,14.61446291100583
4,z,2,x,0.5,normal,0,100000,68723,7707,13688,0,0.68723,0.11214586091992496,0,14.61446291100583
4,z,2,x,0.5,normal,0,100000,68723,7707,13688,0,0.68723,0.11214586091992496,0,14.61446291100583
4,z,2,x,0.5,normal,0,100000,68723,7707,13688,0,0.68723,0.11214586091992496,0,14.61446291100583
4,z,5,x,0.5,normal,0,100000,52715,6116,11560,0,0.52715,0.11602010812861618,0,12.187719649999053
4,z,5,x,0.5,normal,0,100000,52715,6116,11560,0,0.52715,0.11602010812861618,0,12.187719649999053
4,z,5,z,0.5,normal,0,100000,52715,6116,11560,0,0.52715,0.11602010812861618,0,12.187719649999053
4,z,5,x,0.5,normal,0,100000,52715,6116,11560,0,0.52715,0.11602010812861618,0,12.187719649999053
4,z,4,z,0.5,normal,0,100000,64161,2087,3716,0,0.64161,0.03252754788734591,0,14.723257038989686
4,z,4,z,0.5,normal,0,100000,64161,2087,3716,0,0.64161,0.03252754788734591,0,14.723257038989686
4,z,4,x,0.5,normal,0,100000,64161,2087,3716,0,0.64161,0.03252754788734591,0,14.723257038989686
4,z,4,x,0.5,normal,0,100000,64161,2087,3716,0,0.64161,0.03252754788734591,0,14.723257038989686
4,z,9,x,0.5,normal,0,100000,54447,5791,11072,0,0.54447,0.106360313699561,0,11.57700734300306
4,z,9,x,0.5,normal,0,100000,54447,5791,11072,0,0.54447,0.106360313699561,0,11.57700734300306
4,z,9,x,0.5,normal,0,100000,54447,5791,11072,0,0.54447,0.106360313699561,0,11.57700734300306
4,z,9,z,0.5,normal,0,100000,54447,5791,11072,0,0.54447,0.106360313699561,0,11.57700734300306
4,z,8,z,0.5,normal,0,100000,100000,45,84,0,1.0,0.00044999999999995044,0,12.213996446997044
4,z,8,z,0.5,normal,0,100000,100000,45,84,0,1.0,0.00044999999999995044,0,12.213996446997044
4,z,8,z,0.5,normal,0,100000,100000,45,84,0,1.0,0.00044999999999995044,0,12.213996446997044
4,z,8,x,0.5,normal,0,100000,100000,45,84,0,1.0,0.00044999999999995044,0,12.213996446997044
4,z,7,x,0.5,normal,0,100000,56505,488,891,0,0.56505,0.008636403858065633,0,12.758325483999215
4,z,7,z,0.5,normal,0,100000,56505,488,891,0,0.56505,0.008636403858065633,0,12.758325483999215
4,z,7,z,0.5,normal,0,100000,56505,488,891,0,0.56505,0.008636403858065633,0,12.758325483999215
4,z,7,x,0.5,normal,0,100000,56505,488,891,0,0.56505,0.008636403858065633,0,12.758325483999215
4,z,6,z,0.5,normal,0,100000,64186,472,877,0,0.64186,0.007353628517122068,0,16.835980149990064
4,z,6,x,0.5,normal,0,100000,64186,472,877,0,0.64186,0.007353628517122068,0,16.835980149990064
4,z,6,z,0.5,normal,0,100000,64186,472,877,0,0.64186,0.007353628517122068,0,16.835980149990064
4,z,6,x,0.5,normal,0,100000,64186,472,877,0,0.64186,0.007353628517122068,0,16.835980149990064
4,z,11,x,0.5,normal,0,100000,55200,272,507,0,0.552,0.004927536231884022,0,14.012364203008474
4,z,11,z,0.5,normal,0,100000,55200,272,507,0,0.552,0.004927536231884022,0,14.012364203008474
4,z,11,x,0.5,normal,0,100000,55200,272,507,0,0.552,0.004927536231884022,0,14.012364203008474
4,z,11,z,0.5,normal,0,100000,55200,272,507,0,0.552,0.004927536231884022,0,14.012364203008474
4,z,10,z,0.5,normal,0,100000,68145,452,847,0,0.68145,0.006632915107491422,0,14.248941422993084
4,z,10,x,0.5,normal,0,100000,68145,452,847,0,0.68145,0.006632915107491422,0,14.248941422993084
4,z,10,x,0.5,normal,0,100000,68145,452,847,0,0.68145,0.006632915107491422,0,14.248941422993084
4,z,10,z,0.5,normal,0,100000,68145,452,847,0,0.68145,0.006632915107491422,0,14.248941422993084
4,z,13,x,0.5,normal,0,100000,46500,132,262,0,0.465,0.002838709677419393,0,10.999663855996914
4,z,13,x,0.5,normal,0,100000,46500,132,262,0,0.465,0.002838709677419393,0,10.999663855996914
4,z,13,z,0.5,normal,0,100000,46500,132,262,0,0.465,0.002838709677419393,0,10.999663855996914
4,z,13,z,0.5,normal,0,100000,46500,132,262,0,0.465,0.002838709677419393,0,10.999663855996914
4,z,15,x,0.5,normal,0,100000,57564,0,0,0,0.57564,0.0,0,9.962123812001664
4,z,15,z,0.5,normal,0,100000,57564,0,0,0,0.57564,0.0,0,9.962123812001664
4,z,15,z,0.5,normal,0,100000,57564,0,0,0,0.57564,0.0,0,9.962123812001664
4,z,15,z,0.5,normal,0,100000,57564,0,0,0,0.57564,0.0,0,9.962123812001664
4,z,12,z,0.5,normal,0,100000,69593,22,37,0,0.69593,0.00031612374807810095,0,13.905959169002017
4,z,12,z,0.5,normal,0,100000,69593,22,37,0,0.69593,0.00031612374807810095,0,13.905959169002017
4,z,12,x,0.5,normal,0,100000,69593,22,37,0,0.69593,0.00031612374807810095,0,13.905959169002017
4,z,12,z,0.5,normal,0,100000,69593,22,37,0,0.69593,0.00031612374807810095,0,13.905959169002017
4,z,14,z,0.5,normal,0,100000,79586,4,5,0,0.79586,5.0260095996734755e-05,0,13.487324329995317
4,z,14,x,0.5,normal,0,100000,79586,4,5,0,0.79586,5.0260095996734755e-05,0,13.487324329995317
4,z,14,z,0.5,normal,0,100000,79586,4,5,0,0.79586,5.0260095996734755e-05,0,13.487324329995317
4,z,14,z,0.5,normal,0,100000,79586,4,5,0,0.79586,5.0260095996734755e-05,0,13.487324329995317
4,z,3,x,0.3,normal,0,100000,62636,4678,8893,0,0.62636,0.07468548438597611,0,11.972713841998484
4,z,3,z,0.3,normal,0,100000,62636,4678,8893,0,0.62636,0.07468548438597611,0,11.972713841998484
4,z,3,x,0.3,normal,0,100000,62636,4678,8893,0,0.62636,0.07468548438597611,0,11.972713841998484
4,z,3,x,0.3,normal,0,100000,62636,4678,8893,0,0.62636,0.07468548438597611,0,11.972713841998484
4,z,5,x,0.3,normal,0,100000,67984,4876,9275,0,0.67984,0.07172275829606967,0,13.65844822699728
4,z,5,x,0.3,normal,0,100000,67984,4876,9275,0,0.67984,0.07172275829606967,0,13.65844822699728
4,z,5,z,0.3,normal,0,100000,67984,4876,9275,0,0.67984,0.07172275829606967,0,13.65844822699728
4,z,5,x,0.3,normal,0,100000,67984,4876,9275,0,0.67984,0.07172275829606967,0,13.65844822699728
4,z,7,x,0.3,normal,0,100000,70458,244,466,0,0.70458,0.003463056004995857,0,12.583642090990907
4,z,7,z,0.3,normal,0,100000,70458,244,466,0,0.70458,0.003463056004995857,0,12.583642090990907
4,z,7,z,0.3,normal,0,100000,70458,244,466,0,0.70458,0.003463056004995857,0,12.583642090990907
4,z,7,x,0.3,normal,0,100000,70458,244,466,0,0.70458,0.003463056004995857,0,12.583642090990907
4,z,2,z,0.3,normal,0,100000,79733,5639,10486,0,0.79733,0.07072353981412971,0,18.319086272997083
4,z,2,x,0.3,normal,0,100000,79733,5639,10486,0,0.79733,0.07072353981412971,0,18.319086272997083
4,z,2,x,0.3,normal,0,100000,79733,5639,10486,0,0.79733,0.07072353981412971,0,18.319086272997083
4,z,2,x,0.3,normal,0,100000,79733,5639,10486,0,0.79733,0.07072353981412971,0,18.319086272997083
4,z,4,z,0.3,normal,0,100000,76359,979,1830,0,0.76359,0.012821016514097838,0,16.109377890999895
4,z,4,z,0.3,normal,0,100000,76359,979,1830,0,0.76359,0.012821016514097838,0,16.109377890999895
4,z,4,x,0.3,normal,0,100000,76359,979,1830,0,0.76359,0.012821016514097838,0,16.109377890999895
4,z,4,x,0.3,normal,0,100000,76359,979,1830,0,0.76359,0.012821016514097838,0,16.109377890999895
4,z,8,z,0.3,normal,0,100000,100000,10,17,0,1.0,9.999999999998899e-05,0,12.598695191991283
4,z,8,z,0.3,normal,0,100000,100000,10,17,0,1.0,9.999999999998899e-05,0,12.598695191991283
4,z,8,z,0.3,normal,0,100000,100000,10,17,0,1.0,9.999999999998899e-05,0,12.598695191991283
4,z,8,x,0.3,normal,0,100000,100000,10,17,0,1.0,9.999999999998899e-05,0,12.598695191991283
4,z,6,z,0.3,normal,0,100000,76278,260,485,0,0.76278,0.003408584388683522,0,14.702319086005446
4,z,6,x,0.3,normal,0,100000,76278,260,485,0,0.76278,0.003408584388683522,0,14.702319086005446
4,z,6,z,0.3,normal,0,100000,76278,260,485,0,0.76278,0.003408584388683522,0,14.702319086005446
4,z,6,x,0.3,normal,0,100000,76278,260,485,0,0.76278,0.003408584388683522,0,14.702319086005446
4,z,9,x,0.3,normal,0,100000,69013,4505,8574,0,0.69013,0.06527755640241695,0,12.616495823007426
4,z,9,x,0.3,normal,0,100000,69013,4505,8574,0,0.69013,0.06527755640241695,0,12.616495823007426
4,z,9,x,0.3,normal,0,100000,69013,4505,8574,0,0.69013,0.06527755640241695,0,12.616495823007426
4,z,9,z,0.3,normal,0,100000,69013,4505,8574,0,0.69013,0.06527755640241695,0,12.616495823007426
4,z,11,x,0.3,normal,0,100000,69651,154,302,0,0.69651,0.0022110235316076254,0,13.965866769998684
4,z,11,z,0.3,normal,0,100000,69651,154,302,0,0.69651,0.0022110235316076254,0,13.965866769998684
4,z,11,x,0.3,normal,0,100000,69651,154,302,0,0.69651,0.0022110235316076254,0,13.965866769998684
4,z,11,z,0.3,normal,0,100000,69651,154,302,0,0.69651,0.0022110235316076254,0,13.965866769998684
4,z,12,z,0.3,normal,0,100000,80439,6,12,0,0.80439,7.459068362358767e-05,0,10.805192426996655
4,z,12,z,0.3,normal,0,100000,80439,6,12,0,0.80439,7.459068362358767e-05,0,10.805192426996655
4,z,12,x,0.3,normal,0,100000,80439,6,12,0,0.80439,7.459068362358767e-05,0,10.805192426996655
4,z,12,z,0.3,normal,0,100000,80439,6,12,0,0.80439,7.459068362358767e-05,0,10.805192426996655
4,z,10,z,0.3,normal,0,100000,79448,235,442,0,0.79448,0.002957909576074891,0,16.452019275995553
4,z,10,x,0.3,normal,0,100000,79448,235,442,0,0.79448,0.002957909576074891,0,16.452019275995553
4,z,10,x,0.3,normal,0,100000,79448,235,442,0,0.79448,0.002957909576074891,0,16.452019275995553
4,z,10,z,0.3,normal,0,100000,79448,235,442,0,0.79448,0.002957909576074891,0,16.452019275995553
4,z,15,x,0.3,normal,0,100000,71631,0,0,0,0.71631,0.0,0,10.140919680998195
4,z,15,z,0.3,normal,0,100000,71631,0,0,0,0.71631,0.0,0,10.140919680998195
4,z,15,z,0.3,normal,0,100000,71631,0,0,0,0.71631,0.0,0,10.140919680998195
4,z,15,z,0.3,normal,0,100000,71631,0,0,0,0.71631,0.0,0,10.140919680998195
4,z,13,x,0.3,normal,0,100000,63105,54,108,0,0.63105,0.0008557166627050083,0,11.704122998009552
4,z,13,x,0.3,normal,0,100000,63105,54,108,0,0.63105,0.0008557166627050083,0,11.704122998009552
4,z,13,z,0.3,normal,0,100000,63105,54,108,0,0.63105,0.0008557166627050083,0,11.704122998009552
4,z,13,z,0.3,normal,0,100000,63105,54,108,0,0.63105,0.0008557166627050083,0,11.704122998009552
4,z,14,z,0.3,normal,0,100000,86985,0,0,0,0.86985,0.0,0,10.560780831990996
4,z,14,x,0.3,normal,0,100000,86985,0,0,0,0.86985,0.0,0,10.560780831990996
4,z,14,z,0.3,normal,0,100000,86985,0,0,0,0.86985,0.0,0,10.560780831990996
4,z,14,z,0.3,normal,0,100000,86985,0,0,0,0.86985,0.0,0,10.560780831990996
4,z,3,x,0.1,normal,0,100000,85433,2230,4319,0,0.85433,0.026102325799164272,0,13.376579151998158
4,z,3,z,0.1,normal,0,100000,85433,2230,4319,0,0.85433,0.026102325799164272,0,13.376579151998158
4,z,3,x,0.1,normal,0,100000,85433,2230,4319,0,0.85433,0.026102325799164272,0,13.376579151998158
4,z,3,x,0.1,normal,0,100000,85433,2230,4319,0,0.85433,0.026102325799164272,0,13.376579151998158
4,z,2,z,0.1,normal,0,100000,92869,2243,4382,0,0.92869,0.024152300552391037,0,17.49997028299549
4,z,2,x,0.1,normal,0,100000,92869,2243,4382,0,0.92869,0.024152300552391037,0,17.49997028299549
4,z,2,x,0.1,normal,0,100000,92869,2243,4382,0,0.92869,0.024152300552391037,0,17.49997028299549
4,z,2,x,0.1,normal,0,100000,92869,2243,4382,0,0.92869,0.024152300552391037,0,17.49997028299549
4,z,5,x,0.1,normal,0,100000,87885,2178,4219,0,0.87885,0.024782386072708662,0,15.94521491600608
4,z,5,x,0.1,normal,0,100000,87885,2178,4219,0,0.87885,0.024782386072708662,0,15.94521491600608
4,z,5,z,0.1,normal,0,100000,87885,2178,4219,0,0.87885,0.024782386072708662,0,15.94521491600608
4,z,5,x,0.1,normal,0,100000,87885,2178,4219,0,0.87885,0.024782386072708662,0,15.94521491600608
4,z,8,z,0.1,normal,0,100000,100000,0,0,0,1.0,0.0,0,9.627511630009394
4,z,8,z,0.1,normal,0,100000,100000,0,0,0,1.0,0.0,0,9.627511630009394
4,z,8,z,0.1,normal,0,100000,100000,0,0,0,1.0,0.0,0,9.627511630009394
4,z,8,x,0.1,normal,0,100000,100000,0,0,0,1.0,0.0,0,9.627511630009394
4,z,4,z,0.1,normal,0,100000,91151,140,273,0,0.91151,0.0015359129356781187,0,15.447021740998025
4,z,4,z,0.1,normal,0,100000,91151,140,273,0,0.91151,0.0015359129356781187,0,15.447021740998025
4,z,4,x,0.1,normal,0,100000,91151,140,273,0,0.91151,0.0015359129356781187,0,15.447021740998025
4,z,4,x,0.1,normal,0,100000,91151,140,273,0,0.91151,0.0015359129356781187,0,15.447021740998025
4,z,7,x,0.1,normal,0,100000,88659,88,165,0,0.88659,0.000992567026472213,0,14.864717994001694
4,z,7,z,0.1,normal,0,100000,88659,88,165,0,0.88659,0.000992567026472213,0,14.864717994001694
4,z,7,z,0.1,normal,0,100000,88659,88,165,0,0.88659,0.000992567026472213,0,14.864717994001694
4,z,7,x,0.1,normal,0,100000,88659,88,165,0,0.88659,0.000992567026472213,0,14.864717994001694
4,z,6,z,0.1,normal,0,100000,91262,68,133,0,0.91262,0.0007451074927132817,0,15.452880700002424
4,z,6,x,0.1,normal,0,100000,91262,68,133,0,0.91262,0.0007451074927132817,0,15.452880700002424
4,z,6,z,0.1,normal,0,100000,91262,68,133,0,0.91262,0.0007451074927132817,0,15.452880700002424
4,z,6,x,0.1,normal,0,100000,91262,68,133,0,0.91262,0.0007451074927132817,0,15.452880700002424
4,z,9,x,0.1,normal,0,100000,88328,1848,3566,0,0.88328,0.020922017933158177,0,14.146678267003153
4,z,9,x,0.1,normal,0,100000,88328,1848,3566,0,0.88328,0.020922017933158177,0,14.146678267003153
4,z,9,x,0.1,normal,0,100000,88328,1848,3566,0,0.88328,0.020922017933158177,0,14.146678267003153
4,z,9,z,0.1,normal,0,100000,88328,1848,3566,0,0.88328,0.020922017933158177,0,14.146678267003153
4,z,12,z,0.1,normal,0,100000,92883,0,0,0,0.92883,0.0,0,9.48703961999854
4,z,12,z,0.1,normal,0,100000,92883,0,0,0,0.92883,0.0,0,9.48703961999854
4,z,12,x,0.1,normal,0,100000,92883,0,0,0,0.92883,0.0,0,9.48703961999854
4,z,12,z,0.1,normal,0,100000,92883,0,0,0,0.92883,0.0,0,9.48703961999854
4,z,11,x,0.1,normal,0,100000,88502,36,71,0,0.88502,0.00040677046846393505,0,16.417321795001044
4,z,11,z,0.1,normal,0,100000,88502,36,71,0,0.88502,0.00040677046846393505,0,16.417321795001044
4,z,11,x,0.1,normal,0,100000,88502,36,71,0,0.88502,0.00040677046846393505,0,16.417321795001044
4,z,11,z,0.1,normal,0,100000,88502,36,71,0,0.88502,0.00040677046846393505,0,16.417321795001044
4,z,15,x,0.1,normal,0,100000,89546,0,1,0,0.89546,0.0,0,9.308760353000253
4,z,15,z,0.1,normal,0,100000,89546,0,1,0,0.89546,0.0,0,9.308760353000253
4,z,15,z,0.1,normal,0,100000,89546,0,1,0,0.89546,0.0,0,9.308760353000253
4,z,15,z,0.1,normal,0,100000,89546,0,1,0,0.89546,0.0,0,9.308760353000253
4,z,14,z,0.1,normal,0,100000,95423,0,0,0,0.95423,0.0,0,9.572826587012969
4,z,14,x,0.1,normal,0,100000,95423,0,0,0,0.95423,0.0,0,9.572826587012969
4,z,14,z,0.1,normal,0,100000,95423,0,0,0,0.95423,0.0,0,9.572826587012969
4,z,14,z,0.1,normal,0,100000,95423,0,0,0,0.95423,0.0,0,9.572826587012969
4,z,8,z,1,m1,0,100000,100000,80,143,0,1.0,0.0008000000000000229,0,1.2104189519886859
4,z,8,z,1,m1,0,100000,100000,80,143,0,1.0,0.0008000000000000229,0,1.2104189519886859
4,z,8,z,1,m1,0,100000,100000,80,143,0,1.0,0.0008000000000000229,0,1.2104189519886859
4,z,8,x,1,m1,0,100000,100000,80,143,0,1.0,0.0008000000000000229,0,1.2104189519886859
4,z,10,z,0.1,normal,0,100000,92575,48,93,0,0.92575,0.0005184985147177468,0,19.962147277998156
4,z,10,x,0.1,normal,0,100000,92575,48,93,0,0.92575,0.0005184985147177468,0,19.962147277998156
4,z,10,x,0.1,normal,0,100000,92575,48,93,0,0.92575,0.0005184985147177468,0,19.962147277998156
4,z,10,z,0.1,normal,0,100000,92575,48,93,0,0.92575,0.0005184985147177468,0,19.962147277998156
4,z,13,x,0.1,normal,0,100000,85788,6,12,0,0.85788,6.993985172754069e-05,0,13.298883194991504
4,z,13,x,0.1,normal,0,100000,85788,6,12,0,0.85788,6.993985172754069e-05,0,13.298883194991504
4,z,13,z,0.1,normal,0,100000,85788,6,12,0,0.85788,6.993985172754069e-05,0,13.298883194991504
4,z,13,z,0.1,normal,0,100000,85788,6,12,0,0.85788,6.993985172754069e-05,0,13.298883194991504
4,z,2,z,1,m1,0,100000,57539,11720,18762,0,0.57539,0.20368793340169278,0,13.721555049007293
4,z,2,x,1,m1,0,100000,57539,11720,18762,0,0.57539,0.20368793340169278,0,13.721555049007293
4,z,2,x,1,m1,0,100000,57539,11720,18762,0,0.57539,0.20368793340169278,0,13.721555049007293
4,z,2,x,1,m1,0,100000,57539,11720,18762,0,0.57539,0.20368793340169278,0,13.721555049007293
4,z,5,x,1,m1,0,100000,29506,6292,11784,0,0.29506,0.21324476377685897,0,9.887925822011312
4,z,5,x,1,m1,0,100000,29506,6292,11784,0,0.29506,0.21324476377685897,0,9.887925822011312
4,z,5,z,1,m1,0,100000,29506,6292,11784,0,0.29506,0.21324476377685897,0,9.887925822011312
4,z,5,x,1,m1,0,100000,29506,6292,11784,0,0.29506,0.21324476377685897,0,9.887925822011312
4,z,3,x,1,m1,0,100000,36079,7368,12902,0,0.36079,0.20421852046897082,0,13.674742636008887
4,z,3,z,1,m1,0,100000,36079,7368,12902,0,0.36079,0.20421852046897082,0,13.674742636008887
4,z,3,x,1,m1,0,100000,36079,7368,12902,0,0.36079,0.20421852046897082,0,13.674742636008887
4,z,3,x,1,m1,0,100000,36079,7368,12902,0,0.36079,0.20421852046897082,0,13.674742636008887
4,z,4,z,1,m1,0,100000,56241,2301,3934,0,0.56241,0.04091321278071158,0,12.543117287001223
4,z,4,z,1,m1,0,100000,56241,2301,3934,0,0.56241,0.04091321278071158,0,12.543117287001223
4,z,4,x,1,m1,0,100000,56241,2301,3934,0,0.56241,0.04091321278071158,0,12.543117287001223
4,z,4,x,1,m1,0,100000,56241,2301,3934,0,0.56241,0.04091321278071158,0,12.543117287001223
4,z,12,z,1,m1,0,100000,72053,46,81,0,0.72053,0.0006384189416124286,0,4.2745157739991555
4,z,12,z,1,m1,0,100000,72053,46,81,0,0.72053,0.0006384189416124286,0,4.2745157739991555
4,z,12,x,1,m1,0,100000,72053,46,81,0,0.72053,0.0006384189416124286,0,4.2745157739991555
4,z,12,z,1,m1,0,100000,72053,46,81,0,0.72053,0.0006384189416124286,0,4.2745157739991555
4,z,7,x,1,m1,0,100000,41697,829,1464,0,0.41697,0.019881526248890835,0,11.018546223000158
4,z,7,z,1,m1,0,100000,41697,829,1464,0,0.41697,0.019881526248890835,0,11.018546223000158
4,z,7,z,1,m1,0,100000,41697,829,1464,0,0.41697,0.019881526248890835,0,11.018546223000158
4,z,7,x,1,m1,0,100000,41697,829,1464,0,0.41697,0.019881526248890835,0,11.018546223000158
4,z,6,z,1,m1,0,100000,58179,1546,2846,0,0.58179,0.026573162137541018,0,13.525089585993555
4,z,6,x,1,m1,0,100000,58179,1546,2846,0,0.58179,0.026573162137541018,0,13.525089585993555
4,z,6,z,1,m1,0,100000,58179,1546,2846,0,0.58179,0.026573162137541018,0,13.525089585993555
4,z,6,x,1,m1,0,100000,58179,1546,2846,0,0.58179,0.026573162137541018,0,13.525089585993555
4,z,14,z,1,m1,0,100000,45784,2,3,0,0.45784,4.368338284121975e-05,0,5.335337783995783
4,z,14,x,1,m1,0,100000,45784,2,3,0,0.45784,4.368338284121975e-05,0,5.335337783995783
4,z,14,z,1,m1,0,100000,45784,2,3,0,0.45784,4.368338284121975e-05,0,5.335337783995783
4,z,14,z,1,m1,0,100000,45784,2,3,0,0.45784,4.368338284121975e-05,0,5.335337783995783
4,z,9,x,1,m1,0,100000,42323,8838,16612,0,0.42323,0.20882262599532164,0,11.270499261998339
4,z,9,x,1,m1,0,100000,42323,8838,16612,0,0.42323,0.20882262599532164,0,11.270499261998339
4,z,9,x,1,m1,0,100000,42323,8838,16612,0,0.42323,0.20882262599532164,0,11.270499261998339
4,z,9,z,1,m1,0,100000,42323,8838,16612,0,0.42323,0.20882262599532164,0,11.270499261998339
4,z,11,x,1,m1,0,100000,30840,716,1289,0,0.3084,0.023216601815823634,0,10.784752574996674
4,z,11,z,1,m1,0,100000,30840,716,1289,0,0.3084,0.023216601815823634,0,10.784752574996674
4,z,11,x,1,m1,0,100000,30840,716,1289,0,0.3084,0.023216601815823634,0,10.784752574996674
4,z,11,z,1,m1,0,100000,30840,716,1289,0,0.3084,0.023216601815823634,0,10.784752574996674
4,z,15,x,1,m1,0,100000,30142,4,9,0,0.30142,0.0001327051954084224,0,5.82909543599817
4,z,15,z,1,m1,0,100000,30142,4,9,0,0.30142,0.0001327051954084224,0,5.82909543599817
4,z,15,z,1,m1,0,100000,30142,4,9,0,0.30142,0.0001327051954084224,0,5.82909543599817
4,z,15,z,1,m1,0,100000,30142,4,9,0,0.30142,0.0001327051954084224,0,5.82909543599817
4,z,8,z,0.8,m1,0,100000,100000,36,67,0,1.0,0.00036000000000002697,0,1.4460309279966168
4,z,8,z,0.8,m1,0,100000,100000,36,67,0,1.0,0.00036000000000002697,0,1.4460309279966168
4,z,8,z,0.8,m1,0,100000,100000,36,67,0,1.0,0.00036000000000002697,0,1.4460309279966168
4,z,8,x,0.8,m1,0,100000,100000,36,67,0,1.0,0.00036000000000002697,0,1.4460309279966168
4,z,13,x,1,m1,0,100000,30764,306,571,0,0.30764,0.009946690937459368,0,10.578019003994996
4,z,13,x,1,m1,0,100000,30764,306,571,0,0.30764,0.009946690937459368,0,10.578019003994996
4,z,13,z,1,m1,0,100000,30764,306,571,0,0.30764,0.009946690937459368,0,10.578019003994996
4,z,13,z,1,m1,0,100000,30764,306,571,0,0.30764,0.009946690937459368,0,10.578019003994996
4,z,10,z,1,m1,0,100000,60217,2822,5019,0,0.60217,0.0468638424365212,0,14.203608941999846
4,z,10,x,1,m1,0,100000,60217,2822,5019,0,0.60217,0.0468638424365212,0,14.203608941999846
4,z,10,x,1,m1,0,100000,60217,2822,5019,0,0.60217,0.0468638424365212,0,14.203608941999846
4,z,10,z,1,m1,0,100000,60217,2822,5019,0,0.60217,0.0468638424365212,0,14.203608941999846
4,z,3,x,0.8,m1,0,100000,43932,7434,13337,0,0.43932,0.1692160611854685,0,11.4452882429905
4,z,3,z,0.8,m1,0,100000,43932,7434,13337,0,0.43932,0.1692160611854685,0,11.4452882429905
4,z,3,x,0.8,m1,0,100000,43932,7434,13337,0,0.43932,0.1692160611854685,0,11.4452882429905
4,z,3,x,0.8,m1,0,100000,43932,7434,13337,0,0.43932,0.1692160611854685,0,11.4452882429905
4,z,5,x,0.8,m1,0,100000,37521,6678,12561,0,0.37521,0.17798033101463184,0,10.542373051997856
4,z,5,x,0.8,m1,0,100000,37521,6678,12561,0,0.37521,0.17798033101463184,0,10.542373051997856
4,z,5,z,0.8,m1,0,100000,37521,6678,12561,0,0.37521,0.17798033101463184,0,10.542373051997856
4,z,5,x,0.8,m1,0,100000,37521,6678,12561,0,0.37521,0.17798033101463184,0,10.542373051997856
4,z,2,z,0.8,m1,0,100000,64310,10954,18481,0,0.6431,0.17033120821023173,0,14.029857394009014
4,z,2,x,0.8,m1,0,100000,64310,10954,18481,0,0.6431,0.17033120821023173,0,14.029857394009014
4,z,2,x,0.8,m1,0,100000,64310,10954,18481,0,0.6431,0.17033120821023173,0,14.029857394009014
4,z,2,x,0.8,m1,0,100000,64310,10954,18481,0,0.6431,0.17033120821023173,0,14.029857394009014
4,z,12,z,0.8,m1,0,100000,76665,21,40,0,0.76665,0.0002739189982391421,0,3.3791911040025298
4,z,12,z,0.8,m1,0,100000,76665,21,40,0,0.76665,0.0002739189982391421,0,3.3791911040025298
4,z,12,x,0.8,m1,0,100000,76665,21,40,0,0.76665,0.0002739189982391421,0,3.3791911040025298
4,z,12,z,0.8,m1,0,100000,76665,21,40,0,0.76665,0.0002739189982391421,0,3.3791911040025298
4,z,4,z,0.8,m1,0,100000,63095,1770,3075,0,0.63095,0.028052936048815313,0,12.353405023008236
4,z,4,z,0.8,m1,0,100000,63095,1770,3075,0,0.63095,0.028052936048815313,0,12.353405023008236
4,z,4,x,0.8,m1,0,100000,63095,1770,3075,0,0.63095,0.028052936048815313,0,12.353405023008236
4,z,4,x,0.8,m1,0,100000,63095,1770,3075,0,0.63095,0.028052936048815313,0,12.353405023008236
4,z,7,x,0.8,m1,0,100000,49344,698,1257,0,0.49344,0.014145590142671804,0,11.784621070008143
4,z,7,z,0.8,m1,0,100000,49344,698,1257,0,0.49344,0.014145590142671804,0,11.784621070008143
4,z,7,z,0.8,m1,0,100000,49344,698,1257,0,0.49344,0.014145590142671804,0,11.784621070008143
4,z,7,x,0.8,m1,0,100000,49344,698,1257,0,0.49344,0.014145590142671804,0,11.784621070008143
4,z,9,x,0.8,m1,0,100000,49897,8604,16168,0,0.49897,0.17243521654608496,0,12.150883651003824
4,z,9,x,0.8,m1,0,100000,49897,8604,16168,0,0.49897,0.17243521654608496,0,12.150883651003824
4,z,9,x,0.8,m1,0,100000,49897,8604,16168,0,0.49897,0.17243521654608496,0,12.150883651003824
4,z,9,z,0.8,m1,0,100000,49897,8604,16168,0,0.49897,0.17243521654608496,0,12.150883651003824
4,z,14,z,0.8,m1,0,100000,53612,0,0,0,0.53612,0.0,0,3.5512112050055293
4,z,14,x,0.8,m1,0,100000,53612,0,0,0,0.53612,0.0,0,3.5512112050055293
4,z,14,z,0.8,m1,0,100000,53612,0,0,0,0.53612,0.0,0,3.5512112050055293
4,z,14,z,0.8,m1,0,100000,53612,0,0,0,0.53612,0.0,0,3.5512112050055293
4,z,11,x,0.8,m1,0,100000,38654,545,1026,0,0.38654,0.014099446370362756,0,11.114178764008102
4,z,11,z,0.8,m1,0,100000,38654,545,1026,0,0.38654,0.014099446370362756,0,11.114178764008102
4,z,11,x,0.8,m1,0,100000,38654,545,1026,0,0.38654,0.014099446370362756,0,11.114178764008102
4,z,11,z,0.8,m1,0,100000,38654,545,1026,0,0.38654,0.014099446370362756,0,11.114178764008102
4,z,15,x,0.8,m1,0,100000,38565,2,5,0,0.38565,5.18604952677304e-05,0,4.403537755002617
4,z,15,z,0.8,m1,0,100000,38565,2,5,0,0.38565,5.18604952677304e-05,0,4.403537755002617
4,z,15,z,0.8,m1,0,100000,38565,2,5,0,0.38565,5.18604952677304e-05,0,4.403537755002617
4,z,15,z,0.8,m1,0,100000,38565,2,5,0,0.38565,5.18604952677304e-05,0,4.403537755002617
4,z,6,z,0.8,m1,0,100000,64593,1158,2138,0,0.64593,0.017927639217871882,0,17.134566370994435
4,z,6,x,0.8,m1,0,100000,64593,1158,2138,0,0.64593,0.017927639217871882,0,17.134566370994435
4,z,6,z,0.8,m1,0,100000,64593,1158,2138,0,0.64593,0.017927639217871882,0,17.134566370994435
4,z,6,x,0.8,m1,0,100000,64593,1158,2138,0,0.64593,0.017927639217871882,0,17.134566370994435
4,z,10,z,0.8,m1,0,100000,66663,2132,3856,0,0.66663,0.031981758996744825,0,13.678400438002427
4,z,10,x,0.8,m1,0,100000,66663,2132,3856,0,0.66663,0.031981758996744825,0,13.678400438002427
4,z,10,x,0.8,m1,0,100000,66663,2132,3856,0,0.66663,0.031981758996744825,0,13.678400438002427
4,z,10,z,0.8,m1,0,100000,66663,2132,3856,0,0.66663,0.031981758996744825,0,13.678400438002427
4,z,8,z,0.5,m1,0,100000,100000,6,12,0,1.0,5.999999999994898e-05,0,1.119276698998874
4,z,8,z,0.5,m1,0,100000,100000,6,12,0,1.0,5.999999999994898e-05,0,1.119276698998874
4,z,8,z,0.5,m1,0,100000,100000,6,12,0,1.0,5.999999999994898e-05,0,1.119276698998874
4,z,8,x,0.5,m1,0,100000,100000,6,12,0,1.0,5.999999999994898e-05,0,1.119276698998874
4,z,13,x,0.8,m1,0,100000,38797,242,468,0,0.38797,0.006237595690388398,0,10.903191973993671
4,z,13,x,0.8,m1,0,100000,38797,242,468,0,0.38797,0.006237595690388398,0,10.903191973993671
4,z,13,z,0.8,m1,0,100000,38797,242,468,0,0.38797,0.006237595690388398,0,10.903191973993671
4,z,13,z,0.8,m1,0,100000,38797,242,468,0,0.38797,0.006237595690388398,0,10.903191973993671
4,z,3,x,0.5,m1,0,100000,59820,6666,12353,0,0.5982,0.11143430290872613,0,12.154908377007814
4,z,3,z,0.5,m1,0,100000,59820,6666,12353,0,0.5982,0.11143430290872613,0,12.154908377007814
4,z,3,x,0.5,m1,0,100000,59820,6666,12353,0,0.5982,0.11143430290872613,0,12.154908377007814
4,z,3,x,0.5,m1,0,100000,59820,6666,12353,0,0.5982,0.11143430290872613,0,12.154908377007814
4,z,4,z,0.5,m1,0,100000,75226,893,1646,0,0.75226,0.011870895700954454,0,11.651174656988587
4,z,4,z,0.5,m1,0,100000,75226,893,1646,0,0.75226,0.011870895700954454,0,11.651174656988587
4,z,4,x,0.5,m1,0,100000,75226,893,1646,0,0.75226,0.011870895700954454,0,11.651174656988587
4,z,4,x,0.5,m1,0,100000,75226,893,1646,0,0.75226,0.011870895700954454,0,11.651174656988587
4,z,12,z,0.5,m1,0,100000,84408,4,7,0,0.84408,4.7388873092635286e-05,0,2.951278338005068
4,z,12,z,0.5,m1,0,100000,84408,4,7,0,0.84408,4.7388873092635286e-05,0,2.951278338005068
4,z,12,x,0.5,m1,0,100000,84408,4,7,0,0.84408,4.7388873092635286e-05,0,2.951278338005068
4,z,12,z,0.5,m1,0,100000,84408,4,7,0,0.84408,4.7388873092635286e-05,0,2.951278338005068
4,z,5,x,0.5,m1,0,100000,53896,6332,11961,0,0.53896,0.11748552768294496,0,13.547067609004444
4,z,5,x,0.5,m1,0,100000,53896,6332,11961,0,0.53896,0.11748552768294496,0,13.547067609004444
4,z,5,z,0.5,m1,0,100000,53896,6332,11961,0,0.53896,0.11748552768294496,0,13.547067609004444
4,z,5,x,0.5,m1,0,100000,53896,6332,11961,0,0.53896,0.11748552768294496,0,13.547067609004444
4,z,7,x,0.5,m1,0,100000,63943,382,695,0,0.63943,0.005974070656678654,0,12.332120364997536
4,z,7,z,0.5,m1,0,100000,63943,382,695,0,0.63943,0.005974070656678654,0,12.332120364997536
4,z,7,z,0.5,m1,0,100000,63943,382,695,0,0.63943,0.005974070656678654,0,12.332120364997536
4,z,7,x,0.5,m1,0,100000,63943,382,695,0,0.63943,0.005974070656678654,0,12.332120364997536
4,z,2,z,0.5,m1,0,100000,76023,8684,15580,0,0.76023,0.1142285887165726,0,16.22468995100644
4,z,2,x,0.5,m1,0,100000,76023,8684,15580,0,0.76023,0.1142285887165726,0,16.22468995100644
4,z,2,x,0.5,m1,0,100000,76023,8684,15580,0,0.76023,0.1142285887165726,0,16.22468995100644
4,z,2,x,0.5,m1,0,100000,76023,8684,15580,0,0.76023,0.1142285887165726,0,16.22468995100644
4,z,14,z,0.5,m1,0,100000,67423,0,1,0,0.67423,0.0,0,2.664449453004636
4,z,14,x,0.5,m1,0,100000,67423,0,1,0,0.67423,0.0,0,2.664449453004636
4,z,14,z,0.5,m1,0,100000,67423,0,1,0,0.67423,0.0,0,2.664449453004636
4,z,14,z,0.5,m1,0,100000,67423,0,1,0,0.67423,0.0,0,2.664449453004636
4,z,15,x,0.5,m1,0,100000,54975,2,3,0,0.54975,3.6380172805827726e-05,0,3.388173386993003
4,z,15,z,0.5,m1,0,100000,54975,2,3,0,0.54975,3.6380172805827726e-05,0,3.388173386993003
4,z,15,z,0.5,m1,0,100000,54975,2,3,0,0.54975,3.6380172805827726e-05,0,3.388173386993003
4,z,15,z,0.5,m1,0,100000,54975,2,3,0,0.54975,3.6380172805827726e-05,0,3.388173386993003
4,z,6,z,0.5,m1,0,100000,75822,578,1075,0,0.75822,0.007623117301047144,0,14.295071352011291
4,z,6,x,0.5,m1,0,100000,75822,578,1075,0,0.75822,0.007623117301047144,0,14.295071352011291
4,z,6,z,0.5,m1,0,100000,75822,578,1075,0,0.75822,0.007623117301047144,0,14.295071352011291
4,z,6,x,0.5,m1,0,100000,75822,578,1075,0,0.75822,0.007623117301047144,0,14.295071352011291
4,z,10,z,0.5,m1,0,100000,77341,1100,2035,0,0.77341,0.014222727919214861,0,11.541550467998604
4,z,10,x,0.5,m1,0,100000,77341,1100,2035,0,0.77341,0.014222727919214861,0,11.541550467998604
4,z,10,x,0.5,m1,0,100000,77341,1100,2035,0,0.77341,0.014222727919214861,0,11.541550467998604
4,z,10,z,0.5,m1,0,100000,77341,1100,2035,0,0.77341,0.014222727919214861,0,11.541550467998604
4,z,11,x,0.5,m1,0,100000,54995,355,670,0,0.54995,0.00645513228475314,0,13.05503835399577
4,z,11,z,0.5,m1,0,100000,54995,355,670,0,0.54995,0.00645513228475314,0,13.05503835399577
4,z,11,x,0.5,m1,0,100000,54995,355,670,0,0.54995,0.00645513228475314,0,13.05503835399577
4,z,11,z,0.5,m1,0,100000,54995,355,670,0,0.54995,0.00645513228475314,0,13.05503835399577
4,z,9,x,0.5,m1,0,100000,64332,7196,13571,0,0.64332,0.11185724056457125,0,14.610584219990415
4,z,9,x,0.5,m1,0,100000,64332,7196,13571,0,0.64332,0.11185724056457125,0,14.610584219990415
4,z,9,x,0.5,m1,0,100000,64332,7196,13571,0,0.64332,0.11185724056457125,0,14.610584219990415
4,z,9,z,0.5,m1,0,100000,64332,7196,13571,0,0.64332,0.11185724056457125,0,14.610584219990415
4,z,8,z,0.3,m1,0,100000,100000,1,2,0,1.0,9.99999999995449e-06,0,0.5233126249950146
4,z,8,z,0.3,m1,0,100000,100000,1,2,0,1.0,9.99999999995449e-06,0,0.5233126249950146
4,z,8,z,0.3,m1,0,100000,100000,1,2,0,1.0,9.99999999995449e-06,0,0.5233126249950146
4,z,8,x,0.3,m1,0,100000,100000,1,2,0,1.0,9.99999999995449e-06,0,0.5233126249950146
4,z,13,x,0.5,m1,0,100000,55531,130,253,0,0.55531,0.0023410347373539198,0,9.783196317002876
4,z,13,x,0.5,m1,0,100000,55531,130,253,0,0.55531,0.0023410347373539198,0,9.783196317002876
4,z,13,z,0.5,m1,0,100000,55531,130,253,0,0.55531,0.0023410347373539198,0,9.783196317002876
4,z,13,z,0.5,m1,0,100000,55531,130,253,0,0.55531,0.0023410347373539198,0,9.783196317002876
4,z,12,z,0.3,m1,0,100000,90419,0,1,0,0.90419,0.0,0,1.3827008549997117
4,z,12,z,0.3,m1,0,100000,90419,0,1,0,0.90419,0.0,0,1.3827008549997117
4,z,12,x,0.3,m1,0,100000,90419,0,1,0,0.90419,0.0,0,1.3827008549997117
4,z,12,z,0.3,m1,0,100000,90419,0,1,0,0.90419,0.0,0,1.3827008549997117
4,z,3,x,0.3,m1,0,100000,73502,5162,9694,0,0.73502,0.07022938151342817,0,12.742863275998388
4,z,3,z,0.3,m1,0,100000,73502,5162,9694,0,0.73502,0.07022938151342817,0,12.742863275998388
4,z,3,x,0.3,m1,0,100000,73502,5162,9694,0,0.73502,0.07022938151342817,0,12.742863275998388
4,z,3,x,0.3,m1,0,100000,73502,5162,9694,0,0.73502,0.07022938151342817,0,12.742863275998388
4,z,4,z,0.3,m1,0,100000,84292,367,696,0,0.84292,0.004353912589569631,0,10.471802011001273
4,z,4,z,0.3,m1,0,100000,84292,367,696,0,0.84292,0.004353912589569631,0,10.471802011001273
4,z,4,x,0.3,m1,0,100000,84292,367,696,0,0.84292,0.004353912589569631,0,10.471802011001273
4,z,4,x,0.3,m1,0,100000,84292,367,696,0,0.84292,0.004353912589569631,0,10.471802011001273
4,z,5,x,0.3,m1,0,100000,69020,5040,9530,0,0.6902,0.0730223123732252,0,13.039939447990037
4,z,5,x,0.3,m1,0,100000,69020,5040,9530,0,0.6902,0.0730223123732252,0,13.039939447990037
4,z,5,z,0.3,m1,0,100000,69020,5040,9530,0,0.6902,0.0730223123732252,0,13.039939447990037
4,z,5,x,0.3,m1,0,100000,69020,5040,9530,0,0.6902,0.0730223123732252,0,13.039939447990037
4,z,14,z,0.3,m1,0,100000,79229,0,0,0,0.79229,0.0,0,1.6372493769886205
4,z,14,x,0.3,m1,0,100000,79229,0,0,0,0.79229,0.0,0,1.6372493769886205
4,z,14,z,0.3,m1,0,100000,79229,0,0,0,0.79229,0.0,0,1.6372493769886205
4,z,14,z,0.3,m1,0,100000,79229,0,0,0,0.79229,0.0,0,1.6372493769886205
4,z,2,z,0.3,m1,0,100000,84879,6015,11248,0,0.84879,0.0708655851270632,0,14.859715090002283
4,z,2,x,0.3,m1,0,100000,84879,6015,11248,0,0.84879,0.0708655851270632,0,14.859715090002283
4,z,2,x,0.3,m1,0,100000,84879,6015,11248,0,0.84879,0.0708655851270632,0,14.859715090002283
4,z,2,x,0.3,m1,0,100000,84879,6015,11248,0,0.84879,0.0708655851270632,0,14.859715090002283
4,z,7,x,0.3,m1,0,100000,75840,183,348,0,0.7584,0.002412974683544289,0,13.65361194300931
4,z,7,z,0.3,m1,0,100000,75840,183,348,0,0.7584,0.002412974683544289,0,13.65361194300931
4,z,7,z,0.3,m1,0,100000,75840,183,348,0,0.7584,0.002412974683544289,0,13.65361194300931
4,z,7,x,0.3,m1,0,100000,75840,183,348,0,0.7584,0.002412974683544289,0,13.65361194300931
4,z,15,x,0.3,m1,0,100000,69878,0,0,0,0.69878,0.0,0,2.32830623400514
4,z,15,z,0.3,m1,0,100000,69878,0,0,0,0.69878,0.0,0,2.32830623400514
4,z,15,z,0.3,m1,0,100000,69878,0,0,0,0.69878,0.0,0,2.32830623400514
4,z,15,z,0.3,m1,0,100000,69878,0,0,0,0.69878,0.0,0,2.32830623400514
4,z,11,x,0.3,m1,0,100000,69909,168,325,0,0.69909,0.0024031240612796267,0,13.258970230002888
4,z,11,z,0.3,m1,0,100000,69909,168,325,0,0.69909,0.0024031240612796267,0,13.258970230002888
4,z,11,x,0.3,m1,0,100000,69909,168,325,0,0.69909,0.0024031240612796267,0,13.258970230002888
4,z,11,z,0.3,m1,0,100000,69909,168,325,0,0.69909,0.0024031240612796267,0,13.258970230002888
4,z,9,x,0.3,m1,0,100000,76464,5318,10094,0,0.76464,0.06954906884285417,0,15.648002062996966
4,z,9,x,0.3,m1,0,100000,76464,5318,10094,0,0.76464,0.06954906884285417,0,15.648002062996966
4,z,9,x,0.3,m1,0,100000,76464,5318,10094,0,0.76464,0.06954906884285417,0,15.648002062996966
4,z,9,z,0.3,m1,0,100000,76464,5318,10094,0,0.76464,0.06954906884285417,0,15.648002062996966
4,z,6,z,0.3,m1,0,100000,84717,248,471,0,0.84717,0.00292739355737337,0,15.562164142000256
4,z,6,x,0.3,m1,0,100000,84717,248,471,0,0.84717,0.00292739355737337,0,15.562164142000256
4,z,6,z,0.3,m1,0,100000,84717,248,471,0,0.84717,0.00292739355737337,0,15.562164142000256
4,z,6,x,0.3,m1,0,100000,84717,248,471,0,0.84717,0.00292739355737337,0,15.562164142000256
4,z,10,z,0.3,m1,0,100000,85611,550,1041,0,0.85611,0.006424408078401167,0,14.17073623999022
4,z,10,x,0.3,m1,0,100000,85611,550,1041,0,0.85611,0.006424408078401167,0,14.17073623999022
4,z,10,x,0.3,m1,0,100000,85611,550,1041,0,0.85611,0.006424408078401167,0,14.17073623999022
4,z,10,z,0.3,m1,0,100000,85611,550,1041,0,0.85611,0.006424408078401167,0,14.17073623999022
4,z,13,x,0.3,m1,0,100000,70286,74,142,0,0.70286,0.0010528412486128236,0,9.294363419990987
4,z,13,x,0.3,m1,0,100000,70286,74,142,0,0.70286,0.0010528412486128236,0,9.294363419990987
4,z,13,z,0.3,m1,0,100000,70286,74,142,0,0.70286,0.0010528412486128236,0,9.294363419990987
4,z,13,z,0.3,m1,0,100000,70286,74,142,0,0.70286,0.0010528412486128236,0,9.294363419990987
4,z,8,z,0.1,m1,0,100000,100000,0,0,0,1.0,0.0,0,0.3166363690106664
4,z,8,z,0.1,m1,0,100000,100000,0,0,0,1.0,0.0,0,0.3166363690106664
4,z,8,z,0.1,m1,0,100000,100000,0,0,0,1.0,0.0,0,0.3166363690106664
4,z,8,x,0.1,m1,0,100000,100000,0,0,0,1.0,0.0,0,0.3166363690106664
4,z,12,z,0.1,m1,0,100000,96661,0,0,0,0.96661,0.0,0,0.7290891349985031
4,z,12,z,0.1,m1,0,100000,96661,0,0,0,0.96661,0.0,0,0.7290891349985031
4,z,12,x,0.1,m1,0,100000,96661,0,0,0,0.96661,0.0,0,0.7290891349985031
4,z,12,z,0.1,m1,0,100000,96661,0,0,0,0.96661,0.0,0,0.7290891349985031
4,z,4,z,0.1,m1,0,100000,94560,50,100,0,0.9456,0.0005287648054145277,0,9.5688836670015
4,z,4,z,0.1,m1,0,100000,94560,50,100,0,0.9456,0.0005287648054145277,0,9.5688836670015
4,z,4,x,0.1,m1,0,100000,94560,50,100,0,0.9456,0.0005287648054145277,0,9.5688836670015
4,z,4,x,0.1,m1,0,100000,94560,50,100,0,0.9456,0.0005287648054145277,0,9.5688836670015
4,z,3,x,0.1,m1,0,100000,90210,2188,4203,0,0.9021,0.024254517237556783,0,14.01164357199741
4,z,3,z,0.1,m1,0,100000,90210,2188,4203,0,0.9021,0.024254517237556783,0,14.01164357199741
4,z,3,x,0.1,m1,0,100000,90210,2188,4203,0,0.9021,0.024254517237556783,0,14.01164357199741
4,z,3,x,0.1,m1,0,100000,90210,2188,4203,0,0.9021,0.024254517237556783,0,14.01164357199741
4,z,14,z,0.1,m1,0,100000,92508,0,0,0,0.92508,0.0,0,1.2203177600022173
4,z,14,x,0.1,m1,0,100000,92508,0,0,0,0.92508,0.0,0,1.2203177600022173
4,z,14,z,0.1,m1,0,100000,92508,0,0,0,0.92508,0.0,0,1.2203177600022173
4,z,14,z,0.1,m1,0,100000,92508,0,0,0,0.92508,0.0,0,1.2203177600022173
4,z,2,z,0.1,m1,0,100000,94685,2394,4669,0,0.94685,0.025283835876854788,0,14.933265775995096
4,z,2,x,0.1,m1,0,100000,94685,2394,4669,0,0.94685,0.025283835876854788,0,14.933265775995096
4,z,2,x,0.1,m1,0,100000,94685,2394,4669,0,0.94685,0.025283835876854788,0,14.933265775995096
4,z,2,x,0.1,m1,0,100000,94685,2394,4669,0,0.94685,0.025283835876854788,0,14.933265775995096
4,z,5,x,0.1,m1,0,100000,88553,2254,4329,0,0.88553,0.025453683105033154,0,13.878950704005547
4,z,5,x,0.1,m1,0,100000,88553,2254,4329,0,0.88553,0.025453683105033154,0,13.878950704005547
4,z,5,z,0.1,m1,0,100000,88553,2254,4329,0,0.88553,0.025453683105033154,0,13.878950704005547
4,z,5,x,0.1,m1,0,100000,88553,2254,4329,0,0.88553,0.025453683105033154,0,13.878950704005547
4,z,15,x,0.1,m1,0,100000,88757,0,0,0,0.88757,0.0,0,0.9295445640018443
4,z,15,z,0.1,m1,0,100000,88757,0,0,0,0.88757,0.0,0,0.9295445640018443
4,z,15,z,0.1,m1,0,100000,88757,0,0,0,0.88757,0.0,0,0.9295445640018443
4,z,15,z,0.1,m1,0,100000,88757,0,0,0,0.88757,0.0,0,0.9295445640018443
4,z,7,x,0.1,m1,0,100000,91047,55,108,0,0.91047,0.0006040836051709464,0,13.337797984000645
4,z,7,z,0.1,m1,0,100000,91047,55,108,0,0.91047,0.0006040836051709464,0,13.337797984000645
4,z,7,z,0.1,m1,0,100000,91047,55,108,0,0.91047,0.0006040836051709464,0,13.337797984000645
4,z,7,x,0.1,m1,0,100000,91047,55,108,0,0.91047,0.0006040836051709464,0,13.337797984000645
4,z,10,z,0.1,m1,0,100000,94948,101,188,0,0.94948,0.0010637401525045442,0,10.333371493004961
4,z,10,x,0.1,m1,0,100000,94948,101,188,0,0.94948,0.0010637401525045442,0,10.333371493004961
4,z,10,x,0.1,m1,0,100000,94948,101,188,0,0.94948,0.0010637401525045442,0,10.333371493004961
4,z,10,z,0.1,m1,0,100000,94948,101,188,0,0.94948,0.0010637401525045442,0,10.333371493004961
4,z,6,z,0.1,m1,0,100000,94568,48,96,0,0.94568,0.0005075712714660563,0,14.607267019004212
4,z,6,x,0.1,m1,0,100000,94568,48,96,0,0.94568,0.0005075712714660563,0,14.607267019004212
4,z,6,z,0.1,m1,0,100000,94568,48,96,0,0.94568,0.0005075712714660563,0,14.607267019004212
4,z,6,x,0.1,m1,0,100000,94568,48,96,0,0.94568,0.0005075712714660563,0,14.607267019004212
4,z,9,x,0.1,m1,0,100000,91567,2252,4269,0,0.91567,0.024594013126999936,0,13.740213391996804
4,z,9,x,0.1,m1,0,100000,91567,2252,4269,0,0.91567,0.024594013126999936,0,13.740213391996804
4,z,9,x,0.1,m1,0,100000,91567,2252,4269,0,0.91567,0.024594013126999936,0,13.740213391996804
4,z,9,z,0.1,m1,0,100000,91567,2252,4269,0,0.91567,0.024594013126999936,0,13.740213391996804
4,z,13,x,0.1,m1,0,100000,88990,10,21,0,0.8899,0.00011237217664905597,0,8.479384528996889
4,z,13,x,0.1,m1,0,100000,88990,10,21,0,0.8899,0.00011237217664905597,0,8.479384528996889
4,z,13,z,0.1,m1,0,100000,88990,10,21,0,0.8899,0.00011237217664905597,0,8.479384528996889
4,z,13,z,0.1,m1,0,100000,88990,10,21,0,0.8899,0.00011237217664905597,0,8.479384528996889
4,z,11,x,0.1,m1,0,100000,88644,40,76,0,0.88644,0.0004512431749469359,0,14.696744910004782
4,z,11,z,0.1,m1,0,100000,88644,40,76,0,0.88644,0.0004512431749469359,0,14.696744910004782
4,z,11,x,0.1,m1,0,100000,88644,40,76,0,0.88644,0.0004512431749469359,0,14.696744910004782
4,z,11,z,0.1,m1,0,100000,88644,40,76,0,0.88644,0.0004512431749469359,0,14.696744910004782
