n,lstate,i,meas_type,p_error,sim_type,total_meta_shots,shots,count_accept,count_logerror,count_undecided,count_detect_discard,prep_rate,LER,detect_normal,decoding_normal
4,x,2,x,1,normal,0,100000,31693,2,4,0,0.31693,6.310541760012889e-05,0,8.92660816499847
4,x,2,x,1,normal,0,100000,31693,2,4,0,0.31693,6.310541760012889e-05,0,8.92660816499847
4,x,2,x,1,normal,0,100000,31693,2,4,0,0.31693,6.310541760012889e-05,0,8.92660816499847
4,x,2,x,1,normal,0,100000,31693,2,4,0,0.31693,6.310541760012889e-05,0,8.92660816499847
4,x,6,x,1,normal,0,100000,26288,374,710,0,0.26288,0.014227023737066302,0,9.177513653005008
4,x,6,x,1,normal,0,100000,26288,374,710,0,0.26288,0.014227023737066302,0,9.177513653005008
4,x,6,z,1,normal,0,100000,26288,374,710,0,0.26288,0.014227023737066302,0,9.177513653005008
4,x,6,x,1,normal,0,100000,26288,374,710,0,0.26288,0.014227023737066302,0,9.177513653005008
4,x,10,x,1,normal,0,100000,27488,498,905,0,0.27488,0.01811699650756693,0,9.109779530990636
4,x,10,x,1,normal,0,100000,27488,498,905,0,0.27488,0.01811699650756693,0,9.109779530990636
4,x,10,x,1,normal,0,100000,27488,498,905,0,0.27488,0.01811699650756693,0,9.109779530990636
4,x,10,z,1,normal,0,100000,27488,498,905,0,0.27488,0.01811699650756693,0,9.109779530990636
4,x,8,x,1,normal,0,100000,29766,7652,12649,0,0.29766,0.25707182691661623,0,11.085267492002458
4,x,8,z,1,normal,0,100000,29766,7652,12649,0,0.29766,0.25707182691661623,0,11.085267492002458
4,x,8,z,1,normal,0,100000,29766,7652,12649,0,0.29766,0.25707182691661623,0,11.085267492002458
4,x,8,x,1,normal,0,100000,29766,7652,12649,0,0.29766,0.25707182691661623,0,11.085267492002458
4,x,4,x,1,normal,0,100000,37493,322,603,0,0.37493,0.008588269810364646,0,14.36446334500215
4,x,4,z,1,normal,0,100000,37493,322,603,0,0.37493,0.008588269810364646,0,14.36446334500215
4,x,4,x,1,normal,0,100000,37493,322,603,0,0.37493,0.008588269810364646,0,14.36446334500215
4,x,4,x,1,normal,0,100000,37493,322,603,0,0.37493,0.008588269810364646,0,14.36446334500215
4,x,5,z,1,normal,0,100000,37502,714,1196,0,0.37502,0.01903898458748865,0,13.750372520007659
4,x,5,z,1,normal,0,100000,37502,714,1196,0,0.37502,0.01903898458748865,0,13.750372520007659
4,x,5,x,1,normal,0,100000,37502,714,1196,0,0.37502,0.01903898458748865,0,13.750372520007659
4,x,5,x,1,normal,0,100000,37502,714,1196,0,0.37502,0.01903898458748865,0,13.750372520007659
4,x,3,z,1,normal,0,100000,51825,4,8,0,0.51825,7.718282682100952e-05,0,12.109760667997762
4,x,3,x,1,normal,0,100000,51825,4,8,0,0.51825,7.718282682100952e-05,0,12.109760667997762
4,x,3,x,1,normal,0,100000,51825,4,8,0,0.51825,7.718282682100952e-05,0,12.109760667997762
4,x,3,x,1,normal,0,100000,51825,4,8,0,0.51825,7.718282682100952e-05,0,12.109760667997762
4,x,9,z,1,normal,0,100000,100000,1729,2676,0,1.0,0.017290000000000028,0,16.07329512599972
4,x,9,z,1,normal,0,100000,100000,1729,2676,0,1.0,0.017290000000000028,0,16.07329512599972
4,x,9,z,1,normal,0,100000,100000,1729,2676,0,1.0,0.017290000000000028,0,16.07329512599972
4,x,9,x,1,normal,0,100000,100000,1729,2676,0,1.0,0.017290000000000028,0,16.07329512599972
4,x,7,z,1,normal,0,100000,57642,1594,2821,0,0.57642,0.027653447139238785,0,14.191409699007636
4,x,7,x,1,normal,0,100000,57642,1594,2821,0,0.57642,0.027653447139238785,0,14.191409699007636
4,x,7,z,1,normal,0,100000,57642,1594,2821,0,0.57642,0.027653447139238785,0,14.191409699007636
4,x,7,x,1,normal,0,100000,57642,1594,2821,0,0.57642,0.027653447139238785,0,14.191409699007636
4,x,11,z,1,normal,0,100000,52274,1198,2101,0,0.52274,0.0229177028733214,0,13.868786093997187
4,x,11,x,1,normal,0,100000,52274,1198,2101,0,0.52274,0.0229177028733214,0,13.868786093997187
4,x,11,x,1,normal,0,100000,52274,1198,2101,0,0.52274,0.0229177028733214,0,13.868786093997187
4,x,11,z,1,normal,0,100000,52274,1198,2101,0,0.52274,0.0229177028733214,0,13.868786093997187
4,x,12,x,1,normal,0,100000,37095,7108,13371,0,0.37095,0.19161612077099344,0,11.46211090500583
4,x,12,z,1,normal,0,100000,37095,7108,13371,0,0.37095,0.19161612077099344,0,11.46211090500583
4,x,12,x,1,normal,0,100000,37095,7108,13371,0,0.37095,0.19161612077099344,0,11.46211090500583
4,x,12,z,1,normal,0,100000,37095,7108,13371,0,0.37095,0.19161612077099344,0,11.46211090500583
4,x,14,x,1,normal,0,100000,32497,7412,12644,0,0.32497,0.22808259223928362,0,10.874821699006134
4,x,14,x,1,normal,0,100000,32497,7412,12644,0,0.32497,0.22808259223928362,0,10.874821699006134
4,x,14,z,1,normal,0,100000,32497,7412,12644,0,0.32497,0.22808259223928362,0,10.874821699006134
4,x,14,z,1,normal,0,100000,32497,7412,12644,0,0.32497,0.22808259223928362,0,10.874821699006134
4,x,2,x,0.8,normal,0,100000,40122,0,0,0,0.40122,0.0,0,9.244932816000073
4,x,2,x,0.8,normal,0,100000,40122,0,0,0,0.40122,0.0,0,9.244932816000073
4,x,2,x,0.8,normal,0,100000,40122,0,0,0,0.40122,0.0,0,9.244932816000073
4,x,2,x,0.8,normal,0,100000,40122,0,0,0,0.40122,0.0,0,9.244932816000073
4,x,13,z,1,normal,0,100000,39890,5896,8323,0,0.3989,0.1478064677864126,0,13.772991985999397
4,x,13,z,1,normal,0,100000,39890,5896,8323,0,0.3989,0.1478064677864126,0,13.772991985999397
4,x,13,x,1,normal,0,100000,39890,5896,8323,0,0.3989,0.1478064677864126,0,13.772991985999397
4,x,13,z,1,normal,0,100000,39890,5896,8323,0,0.3989,0.1478064677864126,0,13.772991985999397
4,x,15,z,1,normal,0,100000,52664,13549,20052,0,0.52664,0.2572725201276014,0,15.473500539999804
4,x,15,x,1,normal,0,100000,52664,13549,20052,0,0.52664,0.2572725201276014,0,15.473500539999804
4,x,15,z,1,normal,0,100000,52664,13549,20052,0,0.52664,0.2572725201276014,0,15.473500539999804
4,x,15,z,1,normal,0,100000,52664,13549,20052,0,0.52664,0.2572725201276014,0,15.473500539999804
4,x,4,x,0.8,normal,0,100000,45487,234,455,0,0.45487,0.005144326950557332,0,11.406886782991933
4,x,4,z,0.8,normal,0,100000,45487,234,455,0,0.45487,0.005144326950557332,0,11.406886782991933
4,x,4,x,0.8,normal,0,100000,45487,234,455,0,0.45487,0.005144326950557332,0,11.406886782991933
4,x,4,x,0.8,normal,0,100000,45487,234,455,0,0.45487,0.005144326950557332,0,11.406886782991933
4,x,6,x,0.8,normal,0,100000,34015,292,550,0,0.34015,0.008584448037630477,0,10.10009234699828
4,x,6,x,0.8,normal,0,100000,34015,292,550,0,0.34015,0.008584448037630477,0,10.10009234699828
4,x,6,z,0.8,normal,0,100000,34015,292,550,0,0.34015,0.008584448037630477,0,10.10009234699828
4,x,6,x,0.8,normal,0,100000,34015,292,550,0,0.34015,0.008584448037630477,0,10.10009234699828
4,x,3,z,0.8,normal,0,100000,59246,1,2,0,0.59246,1.687877662626125e-05,0,11.858186846002354
4,x,3,x,0.8,normal,0,100000,59246,1,2,0,0.59246,1.687877662626125e-05,0,11.858186846002354
4,x,3,x,0.8,normal,0,100000,59246,1,2,0,0.59246,1.687877662626125e-05,0,11.858186846002354
4,x,3,x,0.8,normal,0,100000,59246,1,2,0,0.59246,1.687877662626125e-05,0,11.858186846002354
4,x,8,x,0.8,normal,0,100000,36131,7550,12643,0,0.36131,0.20896183332872054,0,10.748378668999067
4,x,8,z,0.8,normal,0,100000,36131,7550,12643,0,0.36131,0.20896183332872054,0,10.748378668999067
4,x,8,z,0.8,normal,0,100000,36131,7550,12643,0,0.36131,0.20896183332872054,0,10.748378668999067
4,x,8,x,0.8,normal,0,100000,36131,7550,12643,0,0.36131,0.20896183332872054,0,10.748378668999067
4,x,5,z,0.8,normal,0,100000,39437,466,789,0,0.39437,0.011816314628394609,0,14.496487037002225
4,x,5,z,0.8,normal,0,100000,39437,466,789,0,0.39437,0.011816314628394609,0,14.496487037002225
4,x,5,x,0.8,normal,0,100000,39437,466,789,0,0.39437,0.011816314628394609,0,14.496487037002225
4,x,5,x,0.8,normal,0,100000,39437,466,789,0,0.39437,0.011816314628394609,0,14.496487037002225
4,x,10,x,0.8,normal,0,100000,35112,456,829,0,0.35112,0.012987012987012991,0,10.273690866000834
4,x,10,x,0.8,normal,0,100000,35112,456,829,0,0.35112,0.012987012987012991,0,10.273690866000834
4,x,10,x,0.8,normal,0,100000,35112,456,829,0,0.35112,0.012987012987012991,0,10.273690866000834
4,x,10,z,0.8,normal,0,100000,35112,456,829,0,0.35112,0.012987012987012991,0,10.273690866000834
4,x,9,z,0.8,normal,0,100000,100000,841,1404,0,1.0,0.008410000000000029,0,16.417147603002377
4,x,9,z,0.8,normal,0,100000,100000,841,1404,0,1.0,0.008410000000000029,0,16.417147603002377
4,x,9,z,0.8,normal,0,100000,100000,841,1404,0,1.0,0.008410000000000029,0,16.417147603002377
4,x,9,x,0.8,normal,0,100000,100000,841,1404,0,1.0,0.008410000000000029,0,16.417147603002377
4,x,7,z,0.8,normal,0,100000,64043,1131,2058,0,0.64043,0.01766000968099557,0,14.22199076799734
4,x,7,x,0.8,normal,0,100000,64043,1131,2058,0,0.64043,0.01766000968099557,0,14.22199076799734
4,x,7,z,0.8,normal,0,100000,64043,1131,2058,0,0.64043,0.01766000968099557,0,14.22199076799734
4,x,7,x,0.8,normal,0,100000,64043,1131,2058,0,0.64043,0.01766000968099557,0,14.22199076799734
4,x,14,x,0.8,normal,0,100000,40438,7715,13484,0,0.40438,0.19078589445570993,0,10.656276819005143
4,x,14,x,0.8,normal,0,100000,40438,7715,13484,0,0.40438,0.19078589445570993,0,10.656276819005143
4,x,14,z,0.8,normal,0,100000,40438,7715,13484,0,0.40438,0.19078589445570993,0,10.656276819005143
4,x,14,z,0.8,normal,0,100000,40438,7715,13484,0,0.40438,0.19078589445570993,0,10.656276819005143
4,x,2,x,0.5,normal,0,100000,56112,0,0,0,0.56112,0.0,0,9.398760505995597
4,x,2,x,0.5,normal,0,100000,56112,0,0,0,0.56112,0.0,0,9.398760505995597
4,x,2,x,0.5,normal,0,100000,56112,0,0,0,0.56112,0.0,0,9.398760505995597
4,x,2,x,0.5,normal,0,100000,56112,0,0,0,0.56112,0.0,0,9.398760505995597
4,x,13,z,0.8,normal,0,100000,46104,5028,7525,0,0.46104,0.10905778240499742,0,14.387812351997127
4,x,13,z,0.8,normal,0,100000,46104,5028,7525,0,0.46104,0.10905778240499742,0,14.387812351997127
4,x,13,x,0.8,normal,0,100000,46104,5028,7525,0,0.46104,0.10905778240499742,0,14.387812351997127
4,x,13,z,0.8,normal,0,100000,46104,5028,7525,0,0.46104,0.10905778240499742,0,14.387812351997127
4,x,12,x,0.8,normal,0,100000,45280,7196,13617,0,0.4528,0.15892226148409894,0,16.58391054000822
4,x,12,z,0.8,normal,0,100000,45280,7196,13617,0,0.4528,0.15892226148409894,0,16.58391054000822
4,x,12,x,0.8,normal,0,100000,45280,7196,13617,0,0.4528,0.15892226148409894,0,16.58391054000822
4,x,12,z,0.8,normal,0,100000,45280,7196,13617,0,0.4528,0.15892226148409894,0,16.58391054000822
4,x,15,z,0.8,normal,0,100000,59863,12846,20042,0,0.59863,0.21458998045537314,0,14.464083918996039
4,x,15,x,0.8,normal,0,100000,59863,12846,20042,0,0.59863,0.21458998045537314,0,14.464083918996039
4,x,15,z,0.8,normal,0,100000,59863,12846,20042,0,0.59863,0.21458998045537314,0,14.464083918996039
4,x,15,z,0.8,normal,0,100000,59863,12846,20042,0,0.59863,0.21458998045537314,0,14.464083918996039
4,x,11,z,0.8,normal,0,100000,59315,938,1677,0,0.59315,0.015813875073758754,0,13.816684607998468
4,x,11,x,0.8,normal,0,100000,59315,938,1677,0,0.59315,0.015813875073758754,0,13.816684607998468
4,x,11,x,0.8,normal,0,100000,59315,938,1677,0,0.59315,0.015813875073758754,0,13.816684607998468
4,x,11,z,0.8,normal,0,100000,59315,938,1677,0,0.59315,0.015813875073758754,0,13.816684607998468
4,x,4,x,0.5,normal,0,100000,61238,130,251,0,0.61238,0.0021228648878147682,0,11.928550607000943
4,x,4,z,0.5,normal,0,100000,61238,130,251,0,0.61238,0.0021228648878147682,0,11.928550607000943
4,x,4,x,0.5,normal,0,100000,61238,130,251,0,0.61238,0.0021228648878147682,0,11.928550607000943
4,x,4,x,0.5,normal,0,100000,61238,130,251,0,0.61238,0.0021228648878147682,0,11.928550607000943
4,x,3,z,0.5,normal,0,100000,72022,0,0,0,0.72022,0.0,0,13.163178465998499
4,x,3,x,0.5,normal,0,100000,72022,0,0,0,0.72022,0.0,0,13.163178465998499
4,x,3,x,0.5,normal,0,100000,72022,0,0,0,0.72022,0.0,0,13.163178465998499
4,x,3,x,0.5,normal,0,100000,72022,0,0,0,0.72022,0.0,0,13.163178465998499
4,x,5,z,0.5,normal,0,100000,46780,214,390,0,0.4678,0.004574604531851212,0,13.263841064996086
4,x,5,z,0.5,normal,0,100000,46780,214,390,0,0.4678,0.004574604531851212,0,13.263841064996086
4,x,5,x,0.5,normal,0,100000,46780,214,390,0,0.4678,0.004574604531851212,0,13.263841064996086
4,x,5,x,0.5,normal,0,100000,46780,214,390,0,0.4678,0.004574604531851212,0,13.263841064996086
4,x,6,x,0.5,normal,0,100000,50790,170,327,0,0.5079,0.003347115573931858,0,13.806261651989189
4,x,6,x,0.5,normal,0,100000,50790,170,327,0,0.5079,0.003347115573931858,0,13.806261651989189
4,x,6,z,0.5,normal,0,100000,50790,170,327,0,0.5079,0.003347115573931858,0,13.806261651989189
4,x,6,x,0.5,normal,0,100000,50790,170,327,0,0.5079,0.003347115573931858,0,13.806261651989189
4,x,8,x,0.5,normal,0,100000,50869,6512,11298,0,0.50869,0.1280150976036486,0,11.475912911002524
4,x,8,z,0.5,normal,0,100000,50869,6512,11298,0,0.50869,0.1280150976036486,0,11.475912911002524
4,x,8,z,0.5,normal,0,100000,50869,6512,11298,0,0.50869,0.1280150976036486,0,11.475912911002524
4,x,8,x,0.5,normal,0,100000,50869,6512,11298,0,0.50869,0.1280150976036486,0,11.475912911002524
4,x,10,x,0.5,normal,0,100000,51659,296,555,0,0.51659,0.005729882498693328,0,12.04110481099633
4,x,10,x,0.5,normal,0,100000,51659,296,555,0,0.51659,0.005729882498693328,0,12.04110481099633
4,x,10,x,0.5,normal,0,100000,51659,296,555,0,0.51659,0.005729882498693328,0,12.04110481099633
4,x,10,z,0.5,normal,0,100000,51659,296,555,0,0.51659,0.005729882498693328,0,12.04110481099633
4,x,9,z,0.5,normal,0,100000,100000,172,298,0,1.0,0.0017200000000000548,0,13.02311174699571
4,x,9,z,0.5,normal,0,100000,100000,172,298,0,1.0,0.0017200000000000548,0,13.02311174699571
4,x,9,z,0.5,normal,0,100000,100000,172,298,0,1.0,0.0017200000000000548,0,13.02311174699571
4,x,9,x,0.5,normal,0,100000,100000,172,298,0,1.0,0.0017200000000000548,0,13.02311174699571
4,x,12,x,0.5,normal,0,100000,60977,6316,12107,0,0.60977,0.10358003837512508,0,13.302705745998537
4,x,12,z,0.5,normal,0,100000,60977,6316,12107,0,0.60977,0.10358003837512508,0,13.302705745998537
4,x,12,x,0.5,normal,0,100000,60977,6316,12107,0,0.60977,0.10358003837512508,0,13.302705745998537
4,x,12,z,0.5,normal,0,100000,60977,6316,12107,0,0.60977,0.10358003837512508,0,13.302705745998537
4,x,2,x,0.3,normal,0,100000,70904,0,0,0,0.70904,0.0,0,9.006686081993394
4,x,2,x,0.3,normal,0,100000,70904,0,0,0,0.70904,0.0,0,9.006686081993394
4,x,2,x,0.3,normal,0,100000,70904,0,0,0,0.70904,0.0,0,9.006686081993394
4,x,2,x,0.3,normal,0,100000,70904,0,0,0,0.70904,0.0,0,9.006686081993394
4,x,14,x,0.5,normal,0,100000,56822,7275,12996,0,0.56822,0.12803139629016935,0,12.395977379012038
4,x,14,x,0.5,normal,0,100000,56822,7275,12996,0,0.56822,0.12803139629016935,0,12.395977379012038
4,x,14,z,0.5,normal,0,100000,56822,7275,12996,0,0.56822,0.12803139629016935,0,12.395977379012038
4,x,14,z,0.5,normal,0,100000,56822,7275,12996,0,0.56822,0.12803139629016935,0,12.395977379012038
4,x,7,z,0.5,normal,0,100000,75079,600,1123,0,0.75079,0.007991582200082559,0,17.354773646002286
4,x,7,x,0.5,normal,0,100000,75079,600,1123,0,0.75079,0.007991582200082559,0,17.354773646002286
4,x,7,z,0.5,normal,0,100000,75079,600,1123,0,0.75079,0.007991582200082559,0,17.354773646002286
4,x,7,x,0.5,normal,0,100000,75079,600,1123,0,0.75079,0.007991582200082559,0,17.354773646002286
4,x,11,z,0.5,normal,0,100000,71933,538,968,0,0.71933,0.0074791820165988065,0,14.928841318003833
4,x,11,x,0.5,normal,0,100000,71933,538,968,0,0.71933,0.0074791820165988065,0,14.928841318003833
4,x,11,x,0.5,normal,0,100000,71933,538,968,0,0.71933,0.0074791820165988065,0,14.928841318003833
4,x,11,z,0.5,normal,0,100000,71933,538,968,0,0.71933,0.0074791820165988065,0,14.928841318003833
4,x,13,z,0.5,normal,0,100000,59853,3190,5291,0,0.59853,0.053297244916712616,0,17.252269837001222
4,x,13,z,0.5,normal,0,100000,59853,3190,5291,0,0.59853,0.053297244916712616,0,17.252269837001222
4,x,13,x,0.5,normal,0,100000,59853,3190,5291,0,0.59853,0.053297244916712616,0,17.252269837001222
4,x,13,z,0.5,normal,0,100000,59853,3190,5291,0,0.59853,0.053297244916712616,0,17.252269837001222
4,x,15,z,0.5,normal,0,100000,72786,10764,18394,0,0.72786,0.14788558239221827,0,14.516265227008262
4,x,15,x,0.5,normal,0,100000,72786,10764,18394,0,0.72786,0.14788558239221827,0,14.516265227008262
4,x,15,z,0.5,normal,0,100000,72786,10764,18394,0,0.72786,0.14788558239221827,0,14.516265227008262
4,x,15,z,0.5,normal,0,100000,72786,10764,18394,0,0.72786,0.14788558239221827,0,14.516265227008262
4,x,3,z,0.3,normal,0,100000,81873,0,0,0,0.81873,0.0,0,10.221803526001167
4,x,3,x,0.3,normal,0,100000,81873,0,0,0,0.81873,0.0,0,10.221803526001167
4,x,3,x,0.3,normal,0,100000,81873,0,0,0,0.81873,0.0,0,10.221803526001167
4,x,3,x,0.3,normal,0,100000,81873,0,0,0,0.81873,0.0,0,10.221803526001167
4,x,4,x,0.3,normal,0,100000,74583,63,120,0,0.74583,0.0008446965126100991,0,12.565067502000602
4,x,4,z,0.3,normal,0,100000,74583,63,120,0,0.74583,0.0008446965126100991,0,12.565067502000602
4,x,4,x,0.3,normal,0,100000,74583,63,120,0,0.74583,0.0008446965126100991,0,12.565067502000602
4,x,4,x,0.3,normal,0,100000,74583,63,120,0,0.74583,0.0008446965126100991,0,12.565067502000602
4,x,6,x,0.3,normal,0,100000,66278,98,187,0,0.66278,0.0014786203566794498,0,12.295388623999315
4,x,6,x,0.3,normal,0,100000,66278,98,187,0,0.66278,0.0014786203566794498,0,12.295388623999315
4,x,6,z,0.3,normal,0,100000,66278,98,187,0,0.66278,0.0014786203566794498,0,12.295388623999315
4,x,6,x,0.3,normal,0,100000,66278,98,187,0,0.66278,0.0014786203566794498,0,12.295388623999315
4,x,5,z,0.3,normal,0,100000,58310,84,146,0,0.5831,0.0014405762304922076,0,13.135418485006085
4,x,5,z,0.3,normal,0,100000,58310,84,146,0,0.5831,0.0014405762304922076,0,13.135418485006085
4,x,5,x,0.3,normal,0,100000,58310,84,146,0,0.5831,0.0014405762304922076,0,13.135418485006085
4,x,5,x,0.3,normal,0,100000,58310,84,146,0,0.5831,0.0014405762304922076,0,13.135418485006085
4,x,9,z,0.3,normal,0,100000,100000,26,51,0,1.0,0.000260000000000038,0,11.72963816000265
4,x,9,z,0.3,normal,0,100000,100000,26,51,0,1.0,0.000260000000000038,0,11.72963816000265
4,x,9,z,0.3,normal,0,100000,100000,26,51,0,1.0,0.000260000000000038,0,11.72963816000265
4,x,9,x,0.3,normal,0,100000,100000,26,51,0,1.0,0.000260000000000038,0,11.72963816000265
4,x,10,x,0.3,normal,0,100000,66829,166,314,0,0.66829,0.002483951577907817,0,12.050965864997124
4,x,10,x,0.3,normal,0,100000,66829,166,314,0,0.66829,0.002483951577907817,0,12.050965864997124
4,x,10,x,0.3,normal,0,100000,66829,166,314,0,0.66829,0.002483951577907817,0,12.050965864997124
4,x,10,z,0.3,normal,0,100000,66829,166,314,0,0.66829,0.002483951577907817,0,12.050965864997124
4,x,8,x,0.3,normal,0,100000,65478,4773,8574,0,0.65478,0.07289471272793913,0,17.006974250994972
4,x,8,z,0.3,normal,0,100000,65478,4773,8574,0,0.65478,0.07289471272793913,0,17.006974250994972
4,x,8,z,0.3,normal,0,100000,65478,4773,8574,0,0.65478,0.07289471272793913,0,17.006974250994972
4,x,8,x,0.3,normal,0,100000,65478,4773,8574,0,0.65478,0.07289471272793913,0,17.006974250994972
4,x,12,x,0.3,normal,0,100000,74103,4857,9444,0,0.74103,0.06554390510505648,0,14.23127052099153
4,x,12,z,0.3,normal,0,100000,74103,4857,9444,0,0.74103,0.06554390510505648,0,14.23127052099153
4,x,12,x,0.3,normal,0,100000,74103,4857,9444,0,0.74103,0.06554390510505648,0,14.23127052099153
4,x,12,z,0.3,normal,0,100000,74103,4857,9444,0,0.74103,0.06554390510505648,0,14.23127052099153
4,x,2,x,0.1,normal,0,100000,89106,0,0,0,0.89106,0.0,0,9.408748220012058
4,x,2,x,0.1,normal,0,100000,89106,0,0,0,0.89106,0.0,0,9.408748220012058
4,x,2,x,0.1,normal,0,100000,89106,0,0,0,0.89106,0.0,0,9.408748220012058
4,x,2,x,0.1,normal,0,100000,89106,0,0,0,0.89106,0.0,0,9.408748220012058
4,x,7,z,0.3,normal,0,100000,84127,276,534,0,0.84127,0.003280754097970906,0,16.118607063996023
4,x,7,x,0.3,normal,0,100000,84127,276,534,0,0.84127,0.003280754097970906,0,16.118607063996023
4,x,7,z,0.3,normal,0,100000,84127,276,534,0,0.84127,0.003280754097970906,0,16.118607063996023
4,x,7,x,0.3,normal,0,100000,84127,276,534,0,0.84127,0.003280754097970906,0,16.118607063996023
4,x,14,x,0.3,normal,0,100000,71237,5660,10371,0,0.71237,0.07945309319595151,0,14.309511489002034
4,x,14,x,0.3,normal,0,100000,71237,5660,10371,0,0.71237,0.07945309319595151,0,14.309511489002034
4,x,14,z,0.3,normal,0,100000,71237,5660,10371,0,0.71237,0.07945309319595151,0,14.309511489002034
4,x,14,z,0.3,normal,0,100000,71237,5660,10371,0,0.71237,0.07945309319595151,0,14.309511489002034
4,x,13,z,0.3,normal,0,100000,72877,1570,2804,0,0.72877,0.02154314804396451,0,14.624313145002816
4,x,13,z,0.3,normal,0,100000,72877,1570,2804,0,0.72877,0.02154314804396451,0,14.624313145002816
4,x,13,x,0.3,normal,0,100000,72877,1570,2804,0,0.72877,0.02154314804396451,0,14.624313145002816
4,x,13,z,0.3,normal,0,100000,72877,1570,2804,0,0.72877,0.02154314804396451,0,14.624313145002816
4,x,15,z,0.3,normal,0,100000,82737,7820,14127,0,0.82737,0.09451635906547251,0,14.945570294003119
4,x,15,x,0.3,normal,0,100000,82737,7820,14127,0,0.82737,0.09451635906547251,0,14.945570294003119
4,x,15,z,0.3,normal,0,100000,82737,7820,14127,0,0.82737,0.09451635906547251,0,14.945570294003119
4,x,15,z,0.3,normal,0,100000,82737,7820,14127,0,0.82737,0.09451635906547251,0,14.945570294003119
4,x,3,z,0.1,normal,0,100000,93618,0,0,0,0.93618,0.0,0,9.477006960005383
4,x,3,x,0.1,normal,0,100000,93618,0,0,0,0.93618,0.0,0,9.477006960005383
4,x,3,x,0.1,normal,0,100000,93618,0,0,0,0.93618,0.0,0,9.477006960005383
4,x,3,x,0.1,normal,0,100000,93618,0,0,0,0.93618,0.0,0,9.477006960005383
4,x,11,z,0.3,normal,0,100000,81979,279,530,0,0.81979,0.0034033106039351724,0,19.012846160010668
4,x,11,x,0.3,normal,0,100000,81979,279,530,0,0.81979,0.0034033106039351724,0,19.012846160010668
4,x,11,x,0.3,normal,0,100000,81979,279,530,0,0.81979,0.0034033106039351724,0,19.012846160010668
4,x,11,z,0.3,normal,0,100000,81979,279,530,0,0.81979,0.0034033106039351724,0,19.012846160010668
4,x,4,x,0.1,normal,0,100000,90562,8,17,0,0.90562,8.83372717033204e-05,0,14.05338778901205
4,x,4,z,0.1,normal,0,100000,90562,8,17,0,0.90562,8.83372717033204e-05,0,14.05338778901205
4,x,4,x,0.1,normal,0,100000,90562,8,17,0,0.90562,8.83372717033204e-05,0,14.05338778901205
4,x,4,x,0.1,normal,0,100000,90562,8,17,0,0.90562,8.83372717033204e-05,0,14.05338778901205
4,x,5,z,0.1,normal,0,100000,81383,6,10,0,0.81383,7.372547092143744e-05,0,10.48713906199555
4,x,5,z,0.1,normal,0,100000,81383,6,10,0,0.81383,7.372547092143744e-05,0,10.48713906199555
4,x,5,x,0.1,normal,0,100000,81383,6,10,0,0.81383,7.372547092143744e-05,0,10.48713906199555
4,x,5,x,0.1,normal,0,100000,81383,6,10,0,0.81383,7.372547092143744e-05,0,10.48713906199555
4,x,9,z,0.1,normal,0,100000,100000,0,1,0,1.0,0.0,0,10.043361040996388
4,x,9,z,0.1,normal,0,100000,100000,0,1,0,1.0,0.0,0,10.043361040996388
4,x,9,z,0.1,normal,0,100000,100000,0,1,0,1.0,0.0,0,10.043361040996388
4,x,9,x,0.1,normal,0,100000,100000,0,1,0,1.0,0.0,0,10.043361040996388
4,x,6,x,0.1,normal,0,100000,87251,24,48,0,0.87251,0.00027506848059044575,0,13.905409161001444
4,x,6,x,0.1,normal,0,100000,87251,24,48,0,0.87251,0.00027506848059044575,0,13.905409161001444
4,x,6,z,0.1,normal,0,100000,87251,24,48,0,0.87251,0.00027506848059044575,0,13.905409161001444
4,x,6,x,0.1,normal,0,100000,87251,24,48,0,0.87251,0.00027506848059044575,0,13.905409161001444
4,x,8,x,0.1,normal,0,100000,86148,1957,3664,0,0.86148,0.022716720063147178,0,15.336733842006652
4,x,8,z,0.1,normal,0,100000,86148,1957,3664,0,0.86148,0.022716720063147178,0,15.336733842006652
4,x,8,z,0.1,normal,0,100000,86148,1957,3664,0,0.86148,0.022716720063147178,0,15.336733842006652
4,x,8,x,0.1,normal,0,100000,86148,1957,3664,0,0.86148,0.022716720063147178,0,15.336733842006652
4,x,10,x,0.1,normal,0,100000,87446,48,93,0,0.87446,0.0005489101845710387,0,16.245982206994086
4,x,10,x,0.1,normal,0,100000,87446,48,93,0,0.87446,0.0005489101845710387,0,16.245982206994086
4,x,10,x,0.1,normal,0,100000,87446,48,93,0,0.87446,0.0005489101845710387,0,16.245982206994086
4,x,10,z,0.1,normal,0,100000,87446,48,93,0,0.87446,0.0005489101845710387,0,16.245982206994086
4,x,2,x,1,m1,0,100000,37393,2,3,0,0.37393,5.348594656751082e-05,0,5.970111205999274
4,x,2,x,1,m1,0,100000,37393,2,3,0,0.37393,5.348594656751082e-05,0,5.970111205999274
4,x,2,x,1,m1,0,100000,37393,2,3,0,0.37393,5.348594656751082e-05,0,5.970111205999274
4,x,2,x,1,m1,0,100000,37393,2,3,0,0.37393,5.348594656751082e-05,0,5.970111205999274
4,x,12,x,0.1,normal,0,100000,90375,2008,3963,0,0.90375,0.02221853388658368,0,13.688290919002611
4,x,12,z,0.1,normal,0,100000,90375,2008,3963,0,0.90375,0.02221853388658368,0,13.688290919002611
4,x,12,x,0.1,normal,0,100000,90375,2008,3963,0,0.90375,0.02221853388658368,0,13.688290919002611
4,x,12,z,0.1,normal,0,100000,90375,2008,3963,0,0.90375,0.02221853388658368,0,13.688290919002611
4,x,3,z,1,m1,0,100000,62333,9,16,0,0.62333,0.0001443857988545627,0,4.885320974994102
4,x,3,x,1,m1,0,100000,62333,9,16,0,0.62333,0.0001443857988545627,0,4.885320974994102
4,x,3,x,1,m1,0,100000,62333,9,16,0,0.62333,0.0001443857988545627,0,4.885320974994102
4,x,3,x,1,m1,0,100000,62333,9,16,0,0.62333,0.0001443857988545627,0,4.885320974994102
4,x,7,z,0.1,normal,0,100000,94377,66,117,0,0.94377,0.0006993229282558078,0,15.960364305996336
4,x,7,x,0.1,normal,0,100000,94377,66,117,0,0.94377,0.0006993229282558078,0,15.960364305996336
4,x,7,z,0.1,normal,0,100000,94377,66,117,0,0.94377,0.0006993229282558078,0,15.960364305996336
4,x,7,x,0.1,normal,0,100000,94377,66,117,0,0.94377,0.0006993229282558078,0,15.960364305996336
4,x,11,z,0.1,normal,0,100000,93388,64,125,0,0.93388,0.0006853128881655346,0,15.373764743999345
4,x,11,x,0.1,normal,0,100000,93388,64,125,0,0.93388,0.0006853128881655346,0,15.373764743999345
4,x,11,x,0.1,normal,0,100000,93388,64,125,0,0.93388,0.0006853128881655346,0,15.373764743999345
4,x,11,z,0.1,normal,0,100000,93388,64,125,0,0.93388,0.0006853128881655346,0,15.373764743999345
4,x,9,z,1,m1,0,100000,100000,36,69,0,1.0,0.00036000000000002697,0,1.6024900229967898
4,x,9,z,1,m1,0,100000,100000,36,69,0,1.0,0.00036000000000002697,0,1.6024900229967898
4,x,9,z,1,m1,0,100000,100000,36,69,0,1.0,0.00036000000000002697,0,1.6024900229967898
4,x,9,x,1,m1,0,100000,100000,36,69,0,1.0,0.00036000000000002697,0,1.6024900229967898
4,x,13,z,0.1,normal,0,100000,89609,245,466,0,0.89609,0.002734100369382486,0,15.269675228002598
4,x,13,z,0.1,normal,0,100000,89609,245,466,0,0.89609,0.002734100369382486,0,15.269675228002598
4,x,13,x,0.1,normal,0,100000,89609,245,466,0,0.89609,0.002734100369382486,0,15.269675228002598
4,x,13,z,0.1,normal,0,100000,89609,245,466,0,0.89609,0.002734100369382486,0,15.269675228002598
4,x,14,x,0.1,normal,0,100000,89160,2458,4609,0,0.8916,0.027568416330192913,0,17.552091256002313
4,x,14,x,0.1,normal,0,100000,89160,2458,4609,0,0.8916,0.027568416330192913,0,17.552091256002313
4,x,14,z,0.1,normal,0,100000,89160,2458,4609,0,0.8916,0.027568416330192913,0,17.552091256002313
4,x,14,z,0.1,normal,0,100000,89160,2458,4609,0,0.8916,0.027568416330192913,0,17.552091256002313
4,x,15,z,0.1,normal,0,100000,93629,3112,5988,0,0.93629,0.03323756528426025,0,16.05635642899142
4,x,15,x,0.1,normal,0,100000,93629,3112,5988,0,0.93629,0.03323756528426025,0,16.05635642899142
4,x,15,z,0.1,normal,0,100000,93629,3112,5988,0,0.93629,0.03323756528426025,0,16.05635642899142
4,x,15,z,0.1,normal,0,100000,93629,3112,5988,0,0.93629,0.03323756528426025,0,16.05635642899142
4,x,5,z,1,m1,0,100000,39069,90,149,0,0.39069,0.0023036166781847944,0,5.724120422004489
4,x,5,z,1,m1,0,100000,39069,90,149,0,0.39069,0.0023036166781847944,0,5.724120422004489
4,x,5,x,1,m1,0,100000,39069,90,149,0,0.39069,0.0023036166781847944,0,5.724120422004489
4,x,5,x,1,m1,0,100000,39069,90,149,0,0.39069,0.0023036166781847944,0,5.724120422004489
4,x,4,x,1,m1,0,100000,42082,422,802,0,0.42082,0.010028040492372048,0,11.796763445003307
4,x,4,z,1,m1,0,100000,42082,422,802,0,0.42082,0.010028040492372048,0,11.796763445003307
4,x,4,x,1,m1,0,100000,42082,422,802,0,0.42082,0.010028040492372048,0,11.796763445003307
4,x,4,x,1,m1,0,100000,42082,422,802,0,0.42082,0.010028040492372048,0,11.796763445003307
4,x,6,x,1,m1,0,100000,37072,571,1070,0,0.37072,0.015402460077686642,0,10.524133275990607
4,x,6,x,1,m1,0,100000,37072,571,1070,0,0.37072,0.015402460077686642,0,10.524133275990607
4,x,6,z,1,m1,0,100000,37072,571,1070,0,0.37072,0.015402460077686642,0,10.524133275990607
4,x,6,x,1,m1,0,100000,37072,571,1070,0,0.37072,0.015402460077686642,0,10.524133275990607
4,x,8,x,1,m1,0,100000,36985,7226,13717,0,0.36985,0.19537650398810325,0,11.19860227999743
4,x,8,z,1,m1,0,100000,36985,7226,13717,0,0.36985,0.19537650398810325,0,11.19860227999743
4,x,8,z,1,m1,0,100000,36985,7226,13717,0,0.36985,0.19537650398810325,0,11.19860227999743
4,x,8,x,1,m1,0,100000,36985,7226,13717,0,0.36985,0.19537650398810325,0,11.19860227999743
4,x,2,x,0.8,m1,0,100000,45483,0,1,0,0.45483,0.0,0,3.8769818729924737
4,x,2,x,0.8,m1,0,100000,45483,0,1,0,0.45483,0.0,0,3.8769818729924737
4,x,2,x,0.8,m1,0,100000,45483,0,1,0,0.45483,0.0,0,3.8769818729924737
4,x,2,x,0.8,m1,0,100000,45483,0,1,0,0.45483,0.0,0,3.8769818729924737
4,x,3,z,0.8,m1,0,100000,68195,2,4,0,0.68195,2.9327663318423625e-05,0,3.4295705989934504
4,x,3,x,0.8,m1,0,100000,68195,2,4,0,0.68195,2.9327663318423625e-05,0,3.4295705989934504
4,x,3,x,0.8,m1,0,100000,68195,2,4,0,0.68195,2.9327663318423625e-05,0,3.4295705989934504
4,x,3,x,0.8,m1,0,100000,68195,2,4,0,0.68195,2.9327663318423625e-05,0,3.4295705989934504
4,x,10,x,1,m1,0,100000,34971,627,1146,0,0.34971,0.01792914128849621,0,10.789341019000858
4,x,10,x,1,m1,0,100000,34971,627,1146,0,0.34971,0.01792914128849621,0,10.789341019000858
4,x,10,x,1,m1,0,100000,34971,627,1146,0,0.34971,0.01792914128849621,0,10.789341019000858
4,x,10,z,1,m1,0,100000,34971,627,1146,0,0.34971,0.01792914128849621,0,10.789341019000858
4,x,7,z,1,m1,0,100000,61144,1772,3156,0,0.61144,0.028980766714640893,0,15.362369135997142
4,x,7,x,1,m1,0,100000,61144,1772,3156,0,0.61144,0.028980766714640893,0,15.362369135997142
4,x,7,z,1,m1,0,100000,61144,1772,3156,0,0.61144,0.028980766714640893,0,15.362369135997142
4,x,7,x,1,m1,0,100000,61144,1772,3156,0,0.61144,0.028980766714640893,0,15.362369135997142
4,x,14,x,1,m1,0,100000,37173,6042,10453,0,0.37173,0.16253732547816968,0,11.096491641001194
4,x,14,x,1,m1,0,100000,37173,6042,10453,0,0.37173,0.16253732547816968,0,11.096491641001194
4,x,14,z,1,m1,0,100000,37173,6042,10453,0,0.37173,0.16253732547816968,0,11.096491641001194
4,x,14,z,1,m1,0,100000,37173,6042,10453,0,0.37173,0.16253732547816968,0,11.096491641001194
4,x,12,x,1,m1,0,100000,32676,7257,13536,0,0.32676,0.22208960705104663,0,12.666199126993888
4,x,12,z,1,m1,0,100000,32676,7257,13536,0,0.32676,0.22208960705104663,0,12.666199126993888
4,x,12,x,1,m1,0,100000,32676,7257,13536,0,0.32676,0.22208960705104663,0,12.666199126993888
4,x,12,z,1,m1,0,100000,32676,7257,13536,0,0.32676,0.22208960705104663,0,12.666199126993888
4,x,11,z,1,m1,0,100000,62673,1702,3088,0,0.62673,0.02715682989485102,0,14.171407936009928
4,x,11,x,1,m1,0,100000,62673,1702,3088,0,0.62673,0.02715682989485102,0,14.171407936009928
4,x,11,x,1,m1,0,100000,62673,1702,3088,0,0.62673,0.02715682989485102,0,14.171407936009928
4,x,11,z,1,m1,0,100000,62673,1702,3088,0,0.62673,0.02715682989485102,0,14.171407936009928
4,x,9,z,0.8,m1,0,100000,100000,10,19,0,1.0,9.999999999998899e-05,0,0.8665004079957725
4,x,9,z,0.8,m1,0,100000,100000,10,19,0,1.0,9.999999999998899e-05,0,0.8665004079957725
4,x,9,z,0.8,m1,0,100000,100000,10,19,0,1.0,9.999999999998899e-05,0,0.8665004079957725
4,x,9,x,0.8,m1,0,100000,100000,10,19,0,1.0,9.999999999998899e-05,0,0.8665004079957725
4,x,13,z,1,m1,0,100000,73235,3406,5724,0,0.73235,0.046507817300471044,0,12.672953125002095
4,x,13,z,1,m1,0,100000,73235,3406,5724,0,0.73235,0.046507817300471044,0,12.672953125002095
4,x,13,x,1,m1,0,100000,73235,3406,5724,0,0.73235,0.046507817300471044,0,12.672953125002095
4,x,13,z,1,m1,0,100000,73235,3406,5724,0,0.73235,0.046507817300471044,0,12.672953125002095
4,x,15,z,1,m1,0,100000,66988,14452,22616,0,0.66988,0.21574013256105573,0,14.149782709006104
4,x,15,x,1,m1,0,100000,66988,14452,22616,0,0.66988,0.21574013256105573,0,14.149782709006104
4,x,15,z,1,m1,0,100000,66988,14452,22616,0,0.66988,0.21574013256105573,0,14.149782709006104
4,x,15,z,1,m1,0,100000,66988,14452,22616,0,0.66988,0.21574013256105573,0,14.149782709006104
4,x,5,z,0.8,m1,0,100000,45567,49,84,0,0.45567,0.0010753396098053258,0,5.010018686996773
4,x,5,z,0.8,m1,0,100000,45567,49,84,0,0.45567,0.0010753396098053258,0,5.010018686996773
4,x,5,x,0.8,m1,0,100000,45567,49,84,0,0.45567,0.0010753396098053258,0,5.010018686996773
4,x,5,x,0.8,m1,0,100000,45567,49,84,0,0.45567,0.0010753396098053258,0,5.010018686996773
4,x,4,x,0.8,m1,0,100000,50217,322,630,0,0.50217,0.006412171177091475,0,10.11020396699314
4,x,4,z,0.8,m1,0,100000,50217,322,630,0,0.50217,0.006412171177091475,0,10.11020396699314
4,x,4,x,0.8,m1,0,100000,50217,322,630,0,0.50217,0.006412171177091475,0,10.11020396699314
4,x,4,x,0.8,m1,0,100000,50217,322,630,0,0.50217,0.006412171177091475,0,10.11020396699314
4,x,6,x,0.8,m1,0,100000,44860,431,818,0,0.4486,0.009607668301382044,0,11.426675802009413
4,x,6,x,0.8,m1,0,100000,44860,431,818,0,0.4486,0.009607668301382044,0,11.426675802009413
4,x,6,z,0.8,m1,0,100000,44860,431,818,0,0.4486,0.009607668301382044,0,11.426675802009413
4,x,6,x,0.8,m1,0,100000,44860,431,818,0,0.4486,0.009607668301382044,0,11.426675802009413
4,x,2,x,0.5,m1,0,100000,61055,0,1,0,0.61055,0.0,0,3.257334638008615
4,x,2,x,0.5,m1,0,100000,61055,0,1,0,0.61055,0.0,0,3.257334638008615
4,x,2,x,0.5,m1,0,100000,61055,0,1,0,0.61055,0.0,0,3.257334638008615
4,x,2,x,0.5,m1,0,100000,61055,0,1,0,0.61055,0.0,0,3.257334638008615
4,x,8,x,0.8,m1,0,100000,44712,7220,13665,0,0.44712,0.16147790302379672,0,10.791017095994903
4,x,8,z,0.8,m1,0,100000,44712,7220,13665,0,0.44712,0.16147790302379672,0,10.791017095994903
4,x,8,z,0.8,m1,0,100000,44712,7220,13665,0,0.44712,0.16147790302379672,0,10.791017095994903
4,x,8,x,0.8,m1,0,100000,44712,7220,13665,0,0.44712,0.16147790302379672,0,10.791017095994903
4,x,7,z,0.8,m1,0,100000,67424,1376,2521,0,0.67424,0.020408163265306145,0,12.108849170996109
4,x,7,x,0.8,m1,0,100000,67424,1376,2521,0,0.67424,0.020408163265306145,0,12.108849170996109
4,x,7,z,0.8,m1,0,100000,67424,1376,2521,0,0.67424,0.020408163265306145,0,12.108849170996109
4,x,7,x,0.8,m1,0,100000,67424,1376,2521,0,0.67424,0.020408163265306145,0,12.108849170996109
4,x,10,x,0.8,m1,0,100000,42723,525,956,0,0.42723,0.012288462888842111,0,11.186188423991553
4,x,10,x,0.8,m1,0,100000,42723,525,956,0,0.42723,0.012288462888842111,0,11.186188423991553
4,x,10,x,0.8,m1,0,100000,42723,525,956,0,0.42723,0.012288462888842111,0,11.186188423991553
4,x,10,z,0.8,m1,0,100000,42723,525,956,0,0.42723,0.012288462888842111,0,11.186188423991553
4,x,3,z,0.5,m1,0,100000,78813,0,1,0,0.78813,0.0,0,2.7008227050100686
4,x,3,x,0.5,m1,0,100000,78813,0,1,0,0.78813,0.0,0,2.7008227050100686
4,x,3,x,0.5,m1,0,100000,78813,0,1,0,0.78813,0.0,0,2.7008227050100686
4,x,3,x,0.5,m1,0,100000,78813,0,1,0,0.78813,0.0,0,2.7008227050100686
4,x,12,x,0.8,m1,0,100000,40496,7554,14196,0,0.40496,0.18653694192018966,0,11.455991270006052
4,x,12,z,0.8,m1,0,100000,40496,7554,14196,0,0.40496,0.18653694192018966,0,11.455991270006052
4,x,12,x,0.8,m1,0,100000,40496,7554,14196,0,0.40496,0.18653694192018966,0,11.455991270006052
4,x,12,z,0.8,m1,0,100000,40496,7554,14196,0,0.40496,0.18653694192018966,0,11.455991270006052
4,x,11,z,0.8,m1,0,100000,68209,1285,2330,0,0.68209,0.018839156123092282,0,13.973923479003133
4,x,11,x,0.8,m1,0,100000,68209,1285,2330,0,0.68209,0.018839156123092282,0,13.973923479003133
4,x,11,x,0.8,m1,0,100000,68209,1285,2330,0,0.68209,0.018839156123092282,0,13.973923479003133
4,x,11,z,0.8,m1,0,100000,68209,1285,2330,0,0.68209,0.018839156123092282,0,13.973923479003133
4,x,5,z,0.5,m1,0,100000,58736,12,21,0,0.58736,0.00020430400435844653,0,3.0303804440045496
4,x,5,z,0.5,m1,0,100000,58736,12,21,0,0.58736,0.00020430400435844653,0,3.0303804440045496
4,x,5,x,0.5,m1,0,100000,58736,12,21,0,0.58736,0.00020430400435844653,0,3.0303804440045496
4,x,5,x,0.5,m1,0,100000,58736,12,21,0,0.58736,0.00020430400435844653,0,3.0303804440045496
4,x,9,z,0.5,m1,0,100000,100000,4,9,0,1.0,4.0000000000040004e-05,0,0.6458354960050201
4,x,9,z,0.5,m1,0,100000,100000,4,9,0,1.0,4.0000000000040004e-05,0,0.6458354960050201
4,x,9,z,0.5,m1,0,100000,100000,4,9,0,1.0,4.0000000000040004e-05,0,0.6458354960050201
4,x,9,x,0.5,m1,0,100000,100000,4,9,0,1.0,4.0000000000040004e-05,0,0.6458354960050201
4,x,13,z,0.8,m1,0,100000,78113,2421,4228,0,0.78113,0.030993560610909854,0,12.298651147997589
4,x,13,z,0.8,m1,0,100000,78113,2421,4228,0,0.78113,0.030993560610909854,0,12.298651147997589
4,x,13,x,0.8,m1,0,100000,78113,2421,4228,0,0.78113,0.030993560610909854,0,12.298651147997589
4,x,13,z,0.8,m1,0,100000,78113,2421,4228,0,0.78113,0.030993560610909854,0,12.298651147997589
4,x,14,x,0.8,m1,0,100000,45100,6076,10699,0,0.451,0.13472283813747232,0,13.480191554990597
4,x,14,x,0.8,m1,0,100000,45100,6076,10699,0,0.451,0.13472283813747232,0,13.480191554990597
4,x,14,z,0.8,m1,0,100000,45100,6076,10699,0,0.451,0.13472283813747232,0,13.480191554990597
4,x,14,z,0.8,m1,0,100000,45100,6076,10699,0,0.451,0.13472283813747232,0,13.480191554990597
4,x,15,z,0.8,m1,0,100000,72351,13048,21547,0,0.72351,0.18034304985418304,0,14.793073445005575
4,x,15,x,0.8,m1,0,100000,72351,13048,21547,0,0.72351,0.18034304985418304,0,14.793073445005575
4,x,15,z,0.8,m1,0,100000,72351,13048,21547,0,0.72351,0.18034304985418304,0,14.793073445005575
4,x,15,z,0.8,m1,0,100000,72351,13048,21547,0,0.72351,0.18034304985418304,0,14.793073445005575
4,x,4,x,0.5,m1,0,100000,64871,159,300,0,0.64871,0.0024510181745309723,0,10.482213328999933
4,x,4,z,0.5,m1,0,100000,64871,159,300,0,0.64871,0.0024510181745309723,0,10.482213328999933
4,x,4,x,0.5,m1,0,100000,64871,159,300,0,0.64871,0.0024510181745309723,0,10.482213328999933
4,x,4,x,0.5,m1,0,100000,64871,159,300,0,0.64871,0.0024510181745309723,0,10.482213328999933
4,x,6,x,0.5,m1,0,100000,60213,240,467,0,0.60213,0.0039858502316775235,0,12.857119830005104
4,x,6,x,0.5,m1,0,100000,60213,240,467,0,0.60213,0.0039858502316775235,0,12.857119830005104
4,x,6,z,0.5,m1,0,100000,60213,240,467,0,0.60213,0.0039858502316775235,0,12.857119830005104
4,x,6,x,0.5,m1,0,100000,60213,240,467,0,0.60213,0.0039858502316775235,0,12.857119830005104
4,x,2,x,0.3,m1,0,100000,74318,0,0,0,0.74318,0.0,0,2.5080654329940444
4,x,2,x,0.3,m1,0,100000,74318,0,0,0,0.74318,0.0,0,2.5080654329940444
4,x,2,x,0.3,m1,0,100000,74318,0,0,0,0.74318,0.0,0,2.5080654329940444
4,x,2,x,0.3,m1,0,100000,74318,0,0,0,0.74318,0.0,0,2.5080654329940444
4,x,8,x,0.5,m1,0,100000,60073,6246,11878,0,0.60073,0.1039734989096599,0,11.738014131988166
4,x,8,z,0.5,m1,0,100000,60073,6246,11878,0,0.60073,0.1039734989096599,0,11.738014131988166
4,x,8,z,0.5,m1,0,100000,60073,6246,11878,0,0.60073,0.1039734989096599,0,11.738014131988166
4,x,8,x,0.5,m1,0,100000,60073,6246,11878,0,0.60073,0.1039734989096599,0,11.738014131988166
4,x,7,z,0.5,m1,0,100000,78040,685,1288,0,0.7804,0.008777549974372079,0,11.72976004499651
4,x,7,x,0.5,m1,0,100000,78040,685,1288,0,0.7804,0.008777549974372079,0,11.72976004499651
4,x,7,z,0.5,m1,0,100000,78040,685,1288,0,0.7804,0.008777549974372079,0,11.72976004499651
4,x,7,x,0.5,m1,0,100000,78040,685,1288,0,0.7804,0.008777549974372079,0,11.72976004499651
4,x,10,x,0.5,m1,0,100000,58198,330,621,0,0.58198,0.005670297948383141,0,11.478047762997448
4,x,10,x,0.5,m1,0,100000,58198,330,621,0,0.58198,0.005670297948383141,0,11.478047762997448
4,x,10,x,0.5,m1,0,100000,58198,330,621,0,0.58198,0.005670297948383141,0,11.478047762997448
4,x,10,z,0.5,m1,0,100000,58198,330,621,0,0.58198,0.005670297948383141,0,11.478047762997448
4,x,3,z,0.3,m1,0,100000,86603,0,0,0,0.86603,0.0,0,1.7743105690024095
4,x,3,x,0.3,m1,0,100000,86603,0,0,0,0.86603,0.0,0,1.7743105690024095
4,x,3,x,0.3,m1,0,100000,86603,0,0,0,0.86603,0.0,0,1.7743105690024095
4,x,3,x,0.3,m1,0,100000,86603,0,0,0,0.86603,0.0,0,1.7743105690024095
4,x,12,x,0.5,m1,0,100000,56525,7024,13323,0,0.56525,0.12426360017691285,0,11.793767994007794
4,x,12,z,0.5,m1,0,100000,56525,7024,13323,0,0.56525,0.12426360017691285,0,11.793767994007794
4,x,12,x,0.5,m1,0,100000,56525,7024,13323,0,0.56525,0.12426360017691285,0,11.793767994007794
4,x,12,z,0.5,m1,0,100000,56525,7024,13323,0,0.56525,0.12426360017691285,0,11.793767994007794
4,x,9,z,0.3,m1,0,100000,100000,0,0,0,1.0,0.0,0,0.5003604649973568
4,x,9,z,0.3,m1,0,100000,100000,0,0,0,1.0,0.0,0,0.5003604649973568
4,x,9,z,0.3,m1,0,100000,100000,0,0,0,1.0,0.0,0,0.5003604649973568
4,x,9,x,0.3,m1,0,100000,100000,0,0,0,1.0,0.0,0,0.5003604649973568
4,x,13,z,0.5,m1,0,100000,85756,1174,2136,0,0.85756,0.013690004197956962,0,11.861634825996589
4,x,13,z,0.5,m1,0,100000,85756,1174,2136,0,0.85756,0.013690004197956962,0,11.861634825996589
4,x,13,x,0.5,m1,0,100000,85756,1174,2136,0,0.85756,0.013690004197956962,0,11.861634825996589
4,x,13,z,0.5,m1,0,100000,85756,1174,2136,0,0.85756,0.013690004197956962,0,11.861634825996589
4,x,14,x,0.5,m1,0,100000,60696,5337,9530,0,0.60696,0.08793001186239624,0,13.512591909995535
4,x,14,x,0.5,m1,0,100000,60696,5337,9530,0,0.60696,0.08793001186239624,0,13.512591909995535
4,x,14,z,0.5,m1,0,100000,60696,5337,9530,0,0.60696,0.08793001186239624,0,13.512591909995535
4,x,14,z,0.5,m1,0,100000,60696,5337,9530,0,0.60696,0.08793001186239624,0,13.512591909995535
4,x,5,z,0.3,m1,0,100000,71674,2,5,0,0.71674,2.7904121438715457e-05,0,2.299761012007366
4,x,5,z,0.3,m1,0,100000,71674,2,5,0,0.71674,2.7904121438715457e-05,0,2.299761012007366
4,x,5,x,0.3,m1,0,100000,71674,2,5,0,0.71674,2.7904121438715457e-05,0,2.299761012007366
4,x,5,x,0.3,m1,0,100000,71674,2,5,0,0.71674,2.7904121438715457e-05,0,2.299761012007366
4,x,11,z,0.5,m1,0,100000,78878,637,1186,0,0.78878,0.008075762570044831,0,17.480676450999454
4,x,11,x,0.5,m1,0,100000,78878,637,1186,0,0.78878,0.008075762570044831,0,17.480676450999454
4,x,11,x,0.5,m1,0,100000,78878,637,1186,0,0.78878,0.008075762570044831,0,17.480676450999454
4,x,11,z,0.5,m1,0,100000,78878,637,1186,0,0.78878,0.008075762570044831,0,17.480676450999454
4,x,15,z,0.5,m1,0,100000,81765,9854,17219,0,0.81765,0.12051611325139122,0,14.794061224005418
4,x,15,x,0.5,m1,0,100000,81765,9854,17219,0,0.81765,0.12051611325139122,0,14.794061224005418
4,x,15,z,0.5,m1,0,100000,81765,9854,17219,0,0.81765,0.12051611325139122,0,14.794061224005418
4,x,15,z,0.5,m1,0,100000,81765,9854,17219,0,0.81765,0.12051611325139122,0,14.794061224005418
4,x,4,x,0.3,m1,0,100000,77157,68,133,0,0.77157,0.0008813199061653565,0,10.448423544992693
4,x,4,z,0.3,m1,0,100000,77157,68,133,0,0.77157,0.0008813199061653565,0,10.448423544992693
4,x,4,x,0.3,m1,0,100000,77157,68,133,0,0.77157,0.0008813199061653565,0,10.448423544992693
4,x,4,x,0.3,m1,0,100000,77157,68,133,0,0.77157,0.0008813199061653565,0,10.448423544992693
4,x,6,x,0.3,m1,0,100000,73504,105,208,0,0.73504,0.0014284936874183751,0,12.362152531000902
4,x,6,x,0.3,m1,0,100000,73504,105,208,0,0.73504,0.0014284936874183751,0,12.362152531000902
4,x,6,z,0.3,m1,0,100000,73504,105,208,0,0.73504,0.0014284936874183751,0,12.362152531000902
4,x,6,x,0.3,m1,0,100000,73504,105,208,0,0.73504,0.0014284936874183751,0,12.362152531000902
4,x,2,x,0.1,m1,0,100000,90586,0,0,0,0.90586,0.0,0,1.21562320299563
4,x,2,x,0.1,m1,0,100000,90586,0,0,0,0.90586,0.0,0,1.21562320299563
4,x,2,x,0.1,m1,0,100000,90586,0,0,0,0.90586,0.0,0,1.21562320299563
4,x,2,x,0.1,m1,0,100000,90586,0,0,0,0.90586,0.0,0,1.21562320299563
4,x,7,z,0.3,m1,0,100000,85982,336,630,0,0.85982,0.003907794654695151,0,10.252080834005028
4,x,7,x,0.3,m1,0,100000,85982,336,630,0,0.85982,0.003907794654695151,0,10.252080834005028
4,x,7,z,0.3,m1,0,100000,85982,336,630,0,0.85982,0.003907794654695151,0,10.252080834005028
4,x,7,x,0.3,m1,0,100000,85982,336,630,0,0.85982,0.003907794654695151,0,10.252080834005028
4,x,3,z,0.1,m1,0,100000,95368,0,0,0,0.95368,0.0,0,1.0314393989974633
4,x,3,x,0.1,m1,0,100000,95368,0,0,0,0.95368,0.0,0,1.0314393989974633
4,x,3,x,0.1,m1,0,100000,95368,0,0,0,0.95368,0.0,0,1.0314393989974633
4,x,3,x,0.1,m1,0,100000,95368,0,0,0,0.95368,0.0,0,1.0314393989974633
4,x,8,x,0.3,m1,0,100000,73324,4706,8972,0,0.73324,0.06418089575036823,0,12.731342970000696
4,x,8,z,0.3,m1,0,100000,73324,4706,8972,0,0.73324,0.06418089575036823,0,12.731342970000696
4,x,8,z,0.3,m1,0,100000,73324,4706,8972,0,0.73324,0.06418089575036823,0,12.731342970000696
4,x,8,x,0.3,m1,0,100000,73324,4706,8972,0,0.73324,0.06418089575036823,0,12.731342970000696
4,x,5,z,0.1,m1,0,100000,89044,0,1,0,0.89044,0.0,0,0.9904990950017236
4,x,5,z,0.1,m1,0,100000,89044,0,1,0,0.89044,0.0,0,0.9904990950017236
4,x,5,x,0.1,m1,0,100000,89044,0,1,0,0.89044,0.0,0,0.9904990950017236
4,x,5,x,0.1,m1,0,100000,89044,0,1,0,0.89044,0.0,0,0.9904990950017236
4,x,13,z,0.3,m1,0,100000,91032,482,896,0,0.91032,0.0052948413744616785,0,10.36858031299198
4,x,13,z,0.3,m1,0,100000,91032,482,896,0,0.91032,0.0052948413744616785,0,10.36858031299198
4,x,13,x,0.3,m1,0,100000,91032,482,896,0,0.91032,0.0052948413744616785,0,10.36858031299198
4,x,13,z,0.3,m1,0,100000,91032,482,896,0,0.91032,0.0052948413744616785,0,10.36858031299198
4,x,12,x,0.3,m1,0,100000,70944,5427,10386,0,0.70944,0.07649695534506085,0,12.916946599987568
4,x,12,z,0.3,m1,0,100000,70944,5427,10386,0,0.70944,0.07649695534506085,0,12.916946599987568
4,x,12,x,0.3,m1,0,100000,70944,5427,10386,0,0.70944,0.07649695534506085,0,12.916946599987568
4,x,12,z,0.3,m1,0,100000,70944,5427,10386,0,0.70944,0.07649695534506085,0,12.916946599987568
4,x,10,x,0.3,m1,0,100000,72022,180,350,0,0.72022,0.002499236344450262,0,14.615885620994959
4,x,10,x,0.3,m1,0,100000,72022,180,350,0,0.72022,0.002499236344450262,0,14.615885620994959
4,x,10,x,0.3,m1,0,100000,72022,180,350,0,0.72022,0.002499236344450262,0,14.615885620994959
4,x,10,z,0.3,m1,0,100000,72022,180,350,0,0.72022,0.002499236344450262,0,14.615885620994959
4,x,9,z,0.1,m1,0,100000,100000,0,0,0,1.0,0.0,0,0.6690535459929379
4,x,9,z,0.1,m1,0,100000,100000,0,0,0,1.0,0.0,0,0.6690535459929379
4,x,9,z,0.1,m1,0,100000,100000,0,0,0,1.0,0.0,0,0.6690535459929379
4,x,9,x,0.1,m1,0,100000,100000,0,0,0,1.0,0.0,0,0.6690535459929379
4,x,11,z,0.3,m1,0,100000,86631,306,583,0,0.86631,0.0035322228763375874,0,16.178965660001268
4,x,11,x,0.3,m1,0,100000,86631,306,583,0,0.86631,0.0035322228763375874,0,16.178965660001268
4,x,11,x,0.3,m1,0,100000,86631,306,583,0,0.86631,0.0035322228763375874,0,16.178965660001268
4,x,11,z,0.3,m1,0,100000,86631,306,583,0,0.86631,0.0035322228763375874,0,16.178965660001268
4,x,4,x,0.1,m1,0,100000,91571,8,15,0,0.91571,8.736390341923528e-05,0,8.23733823299699
4,x,4,z,0.1,m1,0,100000,91571,8,15,0,0.91571,8.736390341923528e-05,0,8.23733823299699
4,x,4,x,0.1,m1,0,100000,91571,8,15,0,0.91571,8.736390341923528e-05,0,8.23733823299699
4,x,4,x,0.1,m1,0,100000,91571,8,15,0,0.91571,8.736390341923528e-05,0,8.23733823299699
4,x,14,x,0.3,m1,0,100000,73962,4027,7258,0,0.73962,0.054446878126605536,0,14.40924094300135
4,x,14,x,0.3,m1,0,100000,73962,4027,7258,0,0.73962,0.054446878126605536,0,14.40924094300135
4,x,14,z,0.3,m1,0,100000,73962,4027,7258,0,0.73962,0.054446878126605536,0,14.40924094300135
4,x,14,z,0.3,m1,0,100000,73962,4027,7258,0,0.73962,0.054446878126605536,0,14.40924094300135
4,x,15,z,0.3,m1,0,100000,88476,6766,12555,0,0.88476,0.07647271576472714,0,15.638760305009782
4,x,15,x,0.3,m1,0,100000,88476,6766,12555,0,0.88476,0.07647271576472714,0,15.638760305009782
4,x,15,z,0.3,m1,0,100000,88476,6766,12555,0,0.88476,0.07647271576472714,0,15.638760305009782
4,x,15,z,0.3,m1,0,100000,88476,6766,12555,0,0.88476,0.07647271576472714,0,15.638760305009782
4,x,7,z,0.1,m1,0,100000,95138,58,113,0,0.95138,0.0006096407324097664,0,9.159017504993244
4,x,7,x,0.1,m1,0,100000,95138,58,113,0,0.95138,0.0006096407324097664,0,9.159017504993244
4,x,7,z,0.1,m1,0,100000,95138,58,113,0,0.95138,0.0006096407324097664,0,9.159017504993244
4,x,7,x,0.1,m1,0,100000,95138,58,113,0,0.95138,0.0006096407324097664,0,9.159017504993244
4,x,6,x,0.1,m1,0,100000,90220,22,43,0,0.9022,0.00024384837064950204,0,14.36473783600377
4,x,6,x,0.1,m1,0,100000,90220,22,43,0,0.9022,0.00024384837064950204,0,14.36473783600377
4,x,6,z,0.1,m1,0,100000,90220,22,43,0,0.9022,0.00024384837064950204,0,14.36473783600377
4,x,6,x,0.1,m1,0,100000,90220,22,43,0,0.9022,0.00024384837064950204,0,14.36473783600377
4,x,8,x,0.1,m1,0,100000,90036,1882,3617,0,0.90036,0.02090275001110664,0,13.169982263993006
4,x,8,z,0.1,m1,0,100000,90036,1882,3617,0,0.90036,0.02090275001110664,0,13.169982263993006
4,x,8,z,0.1,m1,0,100000,90036,1882,3617,0,0.90036,0.02090275001110664,0,13.169982263993006
4,x,8,x,0.1,m1,0,100000,90036,1882,3617,0,0.90036,0.02090275001110664,0,13.169982263993006
4,x,10,x,0.1,m1,0,100000,89417,52,97,0,0.89417,0.0005815448963844005,0,13.829308989006677
4,x,10,x,0.1,m1,0,100000,89417,52,97,0,0.89417,0.0005815448963844005,0,13.829308989006677
4,x,10,x,0.1,m1,0,100000,89417,52,97,0,0.89417,0.0005815448963844005,0,13.829308989006677
4,x,10,z,0.1,m1,0,100000,89417,52,97,0,0.89417,0.0005815448963844005,0,13.829308989006677
4,x,11,z,0.1,m1,0,100000,95262,66,129,0,0.95262,0.0006928261006486913,0,15.01303093599563
4,x,11,x,0.1,m1,0,100000,95262,66,129,0,0.95262,0.0006928261006486913,0,15.01303093599563
4,x,11,x,0.1,m1,0,100000,95262,66,129,0,0.95262,0.0006928261006486913,0,15.01303093599563
4,x,11,z,0.1,m1,0,100000,95262,66,129,0,0.95262,0.0006928261006486913,0,15.01303093599563
4,x,12,x,0.1,m1,0,100000,89225,2436,4711,0,0.89225,0.027301765200336225,0,13.610720318989479
4,x,12,z,0.1,m1,0,100000,89225,2436,4711,0,0.89225,0.027301765200336225,0,13.610720318989479
4,x,12,x,0.1,m1,0,100000,89225,2436,4711,0,0.89225,0.027301765200336225,0,13.610720318989479
4,x,12,z,0.1,m1,0,100000,89225,2436,4711,0,0.89225,0.027301765200336225,0,13.610720318989479
4,x,13,z,0.1,m1,0,100000,96825,58,117,0,0.96825,0.0005990188484379377,0,11.386189987009857
4,x,13,z,0.1,m1,0,100000,96825,58,117,0,0.96825,0.0005990188484379377,0,11.386189987009857
4,x,13,x,0.1,m1,0,100000,96825,58,117,0,0.96825,0.0005990188484379377,0,11.386189987009857
4,x,13,z,0.1,m1,0,100000,96825,58,117,0,0.96825,0.0005990188484379377,0,11.386189987009857
4,x,14,x,0.1,m1,0,100000,90466,1704,3131,0,0.90466,0.018835805717065,0,14.624574354995275
4,x,14,x,0.1,m1,0,100000,90466,1704,3131,0,0.90466,0.018835805717065,0,14.624574354995275
4,x,14,z,0.1,m1,0,100000,90466,1704,3131,0,0.90466,0.018835805717065,0,14.624574354995275
4,x,14,z,0.1,m1,0,100000,90466,1704,3131,0,0.90466,0.018835805717065,0,14.624574354995275
4,x,15,z,0.1,m1,0,100000,96033,2546,4973,0,0.96033,0.026511719929607547,0,16.214496681990568
4,x,15,x,0.1,m1,0,100000,96033,2546,4973,0,0.96033,0.026511719929607547,0,16.214496681990568
4,x,15,z,0.1,m1,0,100000,96033,2546,4973,0,0.96033,0.026511719929607547,0,16.214496681990568
4,x,15,z,0.1,m1,0,100000,96033,2546,4973,0,0.96033,0.026511719929607547,0,16.214496681990568
4,z,3,x,1,normal,0,100000,37537,7526,12965,0,0.37537,0.20049551109571884,0,13.201585949005676
4,z,3,z,1,normal,0,100000,37537,7526,12965,0,0.37537,0.20049551109571884,0,13.201585949005676
4,z,3,x,1,normal,0,100000,37537,7526,12965,0,0.37537,0.20049551109571884,0,13.201585949005676
4,z,3,x,1,normal,0,100000,37537,7526,12965,0,0.37537,0.20049551109571884,0,13.201585949005676
4,z,5,x,1,normal,0,100000,26129,4605,8740,0,0.26129,0.1762409583221708,0,11.35051018500235
4,z,5,x,1,normal,0,100000,26129,4605,8740,0,0.26129,0.1762409583221708,0,11.35051018500235
4,z,5,z,1,normal,0,100000,26129,4605,8740,0,0.26129,0.1762409583221708,0,11.35051018500235
4,z,5,x,1,normal,0,100000,26129,4605,8740,0,0.26129,0.1762409583221708,0,11.35051018500235
4,z,2,z,1,normal,0,100000,51949,10230,16447,0,0.51949,0.19692390613871302,0,13.679918428999372
4,z,2,x,1,normal,0,100000,51949,10230,16447,0,0.51949,0.19692390613871302,0,13.679918428999372
4,z,2,x,1,normal,0,100000,51949,10230,16447,0,0.51949,0.19692390613871302,0,13.679918428999372
4,z,2,x,1,normal,0,100000,51949,10230,16447,0,0.51949,0.19692390613871302,0,13.679918428999372
4,z,7,x,1,normal,0,100000,29590,1254,2128,0,0.2959,0.04237918215613379,0,10.514758887002245
4,z,7,z,1,normal,0,100000,29590,1254,2128,0,0.2959,0.04237918215613379,0,10.514758887002245
4,z,7,z,1,normal,0,100000,29590,1254,2128,0,0.2959,0.04237918215613379,0,10.514758887002245
4,z,7,x,1,normal,0,100000,29590,1254,2128,0,0.2959,0.04237918215613379,0,10.514758887002245
4,z,4,z,1,normal,0,100000,37389,5020,7644,0,0.37389,0.13426408836823667,0,13.848465932009276
4,z,4,z,1,normal,0,100000,37389,5020,7644,0,0.37389,0.13426408836823667,0,13.848465932009276
4,z,4,x,1,normal,0,100000,37389,5020,7644,0,0.37389,0.13426408836823667,0,13.848465932009276
4,z,4,x,1,normal,0,100000,37389,5020,7644,0,0.37389,0.13426408836823667,0,13.848465932009276
4,z,9,x,1,normal,0,100000,27613,5072,9401,0,0.27613,0.18368159924673166,0,10.816916077994392
4,z,9,x,1,normal,0,100000,27613,5072,9401,0,0.27613,0.18368159924673166,0,10.816916077994392
4,z,9,x,1,normal,0,100000,27613,5072,9401,0,0.27613,0.18368159924673166,0,10.816916077994392
4,z,9,z,1,normal,0,100000,27613,5072,9401,0,0.27613,0.18368159924673166,0,10.816916077994392
4,z,8,z,1,normal,0,100000,100000,476,837,0,1.0,0.0047599999999999865,0,14.631237155001145
4,z,8,z,1,normal,0,100000,100000,476,837,0,1.0,0.0047599999999999865,0,14.631237155001145
4,z,8,z,1,normal,0,100000,100000,476,837,0,1.0,0.0047599999999999865,0,14.631237155001145
4,z,8,x,1,normal,0,100000,100000,476,837,0,1.0,0.0047599999999999865,0,14.631237155001145
4,z,11,x,1,normal,0,100000,37127,586,1073,0,0.37127,0.015783661486249878,0,11.606920083999285
4,z,11,z,1,normal,0,100000,37127,586,1073,0,0.37127,0.015783661486249878,0,11.606920083999285
4,z,11,x,1,normal,0,100000,37127,586,1073,0,0.37127,0.015783661486249878,0,11.606920083999285
4,z,11,z,1,normal,0,100000,37127,586,1073,0,0.37127,0.015783661486249878,0,11.606920083999285
4,z,13,x,1,normal,0,100000,32645,296,562,0,0.32645,0.009067238474498418,0,10.59134173199709
4,z,13,x,1,normal,0,100000,32645,296,562,0,0.32645,0.009067238474498418,0,10.59134173199709
4,z,13,z,1,normal,0,100000,32645,296,562,0,0.32645,0.009067238474498418,0,10.59134173199709
4,z,13,z,1,normal,0,100000,32645,296,562,0,0.32645,0.009067238474498418,0,10.59134173199709
4,z,6,z,1,normal,0,100000,57573,1563,2764,0,0.57573,0.02714814235839713,0,16.180383592
4,z,6,x,1,normal,0,100000,57573,1563,2764,0,0.57573,0.02714814235839713,0,16.180383592
4,z,6,z,1,normal,0,100000,57573,1563,2764,0,0.57573,0.02714814235839713,0,16.180383592
4,z,6,x,1,normal,0,100000,57573,1563,2764,0,0.57573,0.02714814235839713,0,16.180383592
4,z,15,x,1,normal,0,100000,35757,2,3,0,0.35757,5.593310400764384e-05,0,10.232727462993353
4,z,15,z,1,normal,0,100000,35757,2,3,0,0.35757,5.593310400764384e-05,0,10.232727462993353
4,z,15,z,1,normal,0,100000,35757,2,3,0,0.35757,5.593310400764384e-05,0,10.232727462993353
4,z,15,z,1,normal,0,100000,35757,2,3,0,0.35757,5.593310400764384e-05,0,10.232727462993353
4,z,14,z,1,normal,0,100000,52875,3,6,0,0.52875,5.67375886524335e-05,0,12.28527093899902
4,z,14,x,1,normal,0,100000,52875,3,6,0,0.52875,5.67375886524335e-05,0,12.28527093899902
4,z,14,z,1,normal,0,100000,52875,3,6,0,0.52875,5.67375886524335e-05,0,12.28527093899902
4,z,14,z,1,normal,0,100000,52875,3,6,0,0.52875,5.67375886524335e-05,0,12.28527093899902
4,z,12,z,1,normal,0,100000,39645,276,459,0,0.39645,0.006961785849413538,0,13.552705857000547
4,z,12,z,1,normal,0,100000,39645,276,459,0,0.39645,0.006961785849413538,0,13.552705857000547
4,z,12,x,1,normal,0,100000,39645,276,459,0,0.39645,0.006961785849413538,0,13.552705857000547
4,z,12,z,1,normal,0,100000,39645,276,459,0,0.39645,0.006961785849413538,0,13.552705857000547
4,z,10,z,1,normal,0,100000,54074,1250,2254,0,0.54074,0.023116470022561675,0,16.098753414000385
4,z,10,x,1,normal,0,100000,54074,1250,2254,0,0.54074,0.023116470022561675,0,16.098753414000385
4,z,10,x,1,normal,0,100000,54074,1250,2254,0,0.54074,0.023116470022561675,0,16.098753414000385
4,z,10,z,1,normal,0,100000,54074,1250,2254,0,0.54074,0.023116470022561675,0,16.098753414000385
4,z,3,x,0.8,normal,0,100000,45502,7644,13421,0,0.45502,0.16799261570919954,0,13.073473132011713
4,z,3,z,0.8,normal,0,100000,45502,7644,13421,0,0.45502,0.16799261570919954,0,13.073473132011713
4,z,3,x,0.8,normal,0,100000,45502,7644,13421,0,0.45502,0.16799261570919954,0,13.073473132011713
4,z,3,x,0.8,normal,0,100000,45502,7644,13421,0,0.45502,0.16799261570919954,0,13.073473132011713
4,z,5,x,0.8,normal,0,100000,34098,4944,9413,0,0.34098,0.14499384128101356,0,10.49236178600404
4,z,5,x,0.8,normal,0,100000,34098,4944,9413,0,0.34098,0.14499384128101356,0,10.49236178600404
4,z,5,z,0.8,normal,0,100000,34098,4944,9413,0,0.34098,0.14499384128101356,0,10.49236178600404
4,z,5,x,0.8,normal,0,100000,34098,4944,9413,0,0.34098,0.14499384128101356,0,10.49236178600404
4,z,2,z,0.8,normal,0,100000,59181,9668,16226,0,0.59181,0.16336324158091275,0,14.459825137993903
4,z,2,x,0.8,normal,0,100000,59181,9668,16226,0,0.59181,0.16336324158091275,0,14.459825137993903
4,z,2,x,0.8,normal,0,100000,59181,9668,16226,0,0.59181,0.16336324158091275,0,14.459825137993903
4,z,2,x,0.8,normal,0,100000,59181,9668,16226,0,0.59181,0.16336324158091275,0,14.459825137993903
4,z,4,z,0.8,normal,0,100000,39729,4316,6917,0,0.39729,0.1086360089607088,0,13.862938128993846
4,z,4,z,0.8,normal,0,100000,39729,4316,6917,0,0.39729,0.1086360089607088,0,13.862938128993846
4,z,4,x,0.8,normal,0,100000,39729,4316,6917,0,0.39729,0.1086360089607088,0,13.862938128993846
4,z,4,x,0.8,normal,0,100000,39729,4316,6917,0,0.39729,0.1086360089607088,0,13.862938128993846
4,z,9,x,0.8,normal,0,100000,35186,5172,9647,0,0.35186,0.14699028022508953,0,9.969383796997136
4,z,9,x,0.8,normal,0,100000,35186,5172,9647,0,0.35186,0.14699028022508953,0,9.969383796997136
4,z,9,x,0.8,normal,0,100000,35186,5172,9647,0,0.35186,0.14699028022508953,0,9.969383796997136
4,z,9,z,0.8,normal,0,100000,35186,5172,9647,0,0.35186,0.14699028022508953,0,9.969383796997136
4,z,7,x,0.8,normal,0,100000,36150,1013,1754,0,0.3615,0.028022130013831248,0,12.933703119997517
4,z,7,z,0.8,normal,0,100000,36150,1013,1754,0,0.3615,0.028022130013831248,0,12.933703119997517
4,z,7,z,0.8,normal,0,100000,36150,1013,1754,0,0.3615,0.028022130013831248,0,12.933703119997517
4,z,7,x,0.8,normal,0,100000,36150,1013,1754,0,0.3615,0.028022130013831248,0,12.933703119997517
4,z,8,z,0.8,normal,0,100000,100000,240,425,0,1.0,0.0023999999999999577,0,13.327233869000338
4,z,8,z,0.8,normal,0,100000,100000,240,425,0,1.0,0.0023999999999999577,0,13.327233869000338
4,z,8,z,0.8,normal,0,100000,100000,240,425,0,1.0,0.0023999999999999577,0,13.327233869000338
4,z,8,x,0.8,normal,0,100000,100000,240,425,0,1.0,0.0023999999999999577,0,13.327233869000338
4,z,11,x,0.8,normal,0,100000,45402,474,893,0,0.45402,0.010440068719439699,0,11.523788568010787
4,z,11,z,0.8,normal,0,100000,45402,474,893,0,0.45402,0.010440068719439699,0,11.523788568010787
4,z,11,x,0.8,normal,0,100000,45402,474,893,0,0.45402,0.010440068719439699,0,11.523788568010787
4,z,11,z,0.8,normal,0,100000,45402,474,893,0,0.45402,0.010440068719439699,0,11.523788568010787
4,z,6,z,0.8,normal,0,100000,64069,1159,2102,0,0.64069,0.01808987185690425,0,14.471488367009442
4,z,6,x,0.8,normal,0,100000,64069,1159,2102,0,0.64069,0.01808987185690425,0,14.471488367009442
4,z,6,z,0.8,normal,0,100000,64069,1159,2102,0,0.64069,0.01808987185690425,0,14.471488367009442
4,z,6,x,0.8,normal,0,100000,64069,1159,2102,0,0.64069,0.01808987185690425,0,14.471488367009442
4,z,13,x,0.8,normal,0,100000,40489,262,505,0,0.40489,0.006470893329052374,0,10.593516156994156
4,z,13,x,0.8,normal,0,100000,40489,262,505,0,0.40489,0.006470893329052374,0,10.593516156994156
4,z,13,z,0.8,normal,0,100000,40489,262,505,0,0.40489,0.006470893329052374,0,10.593516156994156
4,z,13,z,0.8,normal,0,100000,40489,262,505,0,0.40489,0.006470893329052374,0,10.593516156994156
4,z,10,z,0.8,normal,0,100000,60970,946,1735,0,0.6097,0.015515827456126008,0,14.69564627300133
4,z,10,x,0.8,normal,0,100000,60970,946,1735,0,0.6097,0.015515827456126008,0,14.69564627300133
4,z,10,x,0.8,normal,0,100000,60970,946,1735,0,0.6097,0.015515827456126008,0,14.69564627300133
4,z,10,z,0.8,normal,0,100000,60970,946,1735,0,0.6097,0.015515827456126008,0,14.69564627300133
4,z,12,z,0.8,normal,0,100000,46123,186,319,0,0.46123,0.0040326951846150205,0,13.768596489011543
4,z,12,z,0.8,normal,0,100000,46123,186,319,0,0.46123,0.0040326951846150205,0,13.768596489011543
4,z,12,x,0.8,normal,0,100000,46123,186,319,0,0.46123,0.0040326951846150205,0,13.768596489011543
4,z,12,z,0.8,normal,0,100000,46123,186,319,0,0.46123,0.0040326951846150205,0,13.768596489011543
4,z,14,z,0.8,normal,0,100000,59965,1,2,0,0.59965,1.667639456348624e-05,0,14.028587702996447
4,z,14,x,0.8,normal,0,100000,59965,1,2,0,0.59965,1.667639456348624e-05,0,14.028587702996447
4,z,14,z,0.8,normal,0,100000,59965,1,2,0,0.59965,1.667639456348624e-05,0,14.028587702996447
4,z,14,z,0.8,normal,0,100000,59965,1,2,0,0.59965,1.667639456348624e-05,0,14.028587702996447
4,z,15,x,0.8,normal,0,100000,43425,2,3,0,0.43425,4.605641911337166e-05,0,12.080523828000878
4,z,15,z,0.8,normal,0,100000,43425,2,3,0,0.43425,4.605641911337166e-05,0,12.080523828000878
4,z,15,z,0.8,normal,0,100000,43425,2,3,0,0.43425,4.605641911337166e-05,0,12.080523828000878
4,z,15,z,0.8,normal,0,100000,43425,2,3,0,0.43425,4.605641911337166e-05,0,12.080523828000878
4,z,3,x,0.5,normal,0,100000,61278,6868,12361,0,0.61278,0.1120793759587454,0,11.992573815005017
4,z,3,z,0.5,normal,0,100000,61278,6868,12361,0,0.61278,0.1120793759587454,0,11.992573815005017
4,z,3,x,0.5,normal,0,100000,61278,6868,12361,0,0.61278,0.1120793759587454,0,11.992573815005017
4,z,3,x,0.5,normal,0,100000,61278,6868,12361,0,0.61278,0.1120793759587454,0,11.992573815005017
4,z,5,x,0.5,normal,0,100000,50776,4524,8739,0,0.50776,0.08909721128092007,0,14.049240563996136
4,z,5,x,0.5,normal,0,100000,50776,4524,8739,0,0.50776,0.08909721128092007,0,14.049240563996136
4,z,5,z,0.5,normal,0,100000,50776,4524,8739,0,0.50776,0.08909721128092007,0,14.049240563996136
4,z,5,x,0.5,normal,0,100000,50776,4524,8739,0,0.50776,0.08909721128092007,0,14.049240563996136
4,z,2,z,0.5,normal,0,100000,72135,7811,13950,0,0.72135,0.10828308033548206,0,14.78275646000111
4,z,2,x,0.5,normal,0,100000,72135,7811,13950,0,0.72135,0.10828308033548206,0,14.78275646000111
4,z,2,x,0.5,normal,0,100000,72135,7811,13950,0,0.72135,0.10828308033548206,0,14.78275646000111
4,z,2,x,0.5,normal,0,100000,72135,7811,13950,0,0.72135,0.10828308033548206,0,14.78275646000111
4,z,4,z,0.5,normal,0,100000,46637,2814,4925,0,0.46637,0.060338357956129296,0,14.617389666003874
4,z,4,z,0.5,normal,0,100000,46637,2814,4925,0,0.46637,0.060338357956129296,0,14.617389666003874
4,z,4,x,0.5,normal,0,100000,46637,2814,4925,0,0.46637,0.060338357956129296,0,14.617389666003874
4,z,4,x,0.5,normal,0,100000,46637,2814,4925,0,0.46637,0.060338357956129296,0,14.617389666003874
4,z,7,x,0.5,normal,0,100000,50908,627,1130,0,0.50908,0.012316335350043173,0,13.376673847000347
4,z,7,z,0.5,normal,0,100000,50908,627,1130,0,0.50908,0.012316335350043173,0,13.376673847000347
4,z,7,z,0.5,normal,0,100000,50908,627,1130,0,0.50908,0.012316335350043173,0,13.376673847000347
4,z,7,x,0.5,normal,0,100000,50908,627,1130,0,0.50908,0.012316335350043173,0,13.376673847000347
4,z,9,x,0.5,normal,0,100000,51513,4746,8851,0,0.51513,0.09213208316347332,0,11.055171963002067
4,z,9,x,0.5,normal,0,100000,51513,4746,8851,0,0.51513,0.09213208316347332,0,11.055171963002067
4,z,9,x,0.5,normal,0,100000,51513,4746,8851,0,0.51513,0.09213208316347332,0,11.055171963002067
4,z,9,z,0.5,normal,0,100000,51513,4746,8851,0,0.51513,0.09213208316347332,0,11.055171963002067
4,z,8,z,0.5,normal,0,100000,100000,44,86,0,1.0,0.00043999999999999595,0,12.270753204007633
4,z,8,z,0.5,normal,0,100000,100000,44,86,0,1.0,0.00043999999999999595,0,12.270753204007633
4,z,8,z,0.5,normal,0,100000,100000,44,86,0,1.0,0.00043999999999999595,0,12.270753204007633
4,z,8,x,0.5,normal,0,100000,100000,44,86,0,1.0,0.00043999999999999595,0,12.270753204007633
4,z,11,x,0.5,normal,0,100000,60783,266,507,0,0.60783,0.00437622361515555,0,12.58784498400928
4,z,11,z,0.5,normal,0,100000,60783,266,507,0,0.60783,0.00437622361515555,0,12.58784498400928
4,z,11,x,0.5,normal,0,100000,60783,266,507,0,0.60783,0.00437622361515555,0,12.58784498400928
4,z,11,z,0.5,normal,0,100000,60783,266,507,0,0.60783,0.00437622361515555,0,12.58784498400928
4,z,6,z,0.5,normal,0,100000,75248,630,1190,0,0.75248,0.008372315543270226,0,15.065822945005493
4,z,6,x,0.5,normal,0,100000,75248,630,1190,0,0.75248,0.008372315543270226,0,15.065822945005493
4,z,6,z,0.5,normal,0,100000,75248,630,1190,0,0.75248,0.008372315543270226,0,15.065822945005493
4,z,6,x,0.5,normal,0,100000,75248,630,1190,0,0.75248,0.008372315543270226,0,15.065822945005493
4,z,12,z,0.5,normal,0,100000,59883,75,138,0,0.59883,0.0012524422624117237,0,12.986866273990017
4,z,12,z,0.5,normal,0,100000,59883,75,138,0,0.59883,0.0012524422624117237,0,12.986866273990017
4,z,12,x,0.5,normal,0,100000,59883,75,138,0,0.59883,0.0012524422624117237,0,12.986866273990017
4,z,12,z,0.5,normal,0,100000,59883,75,138,0,0.59883,0.0012524422624117237,0,12.986866273990017
4,z,14,z,0.5,normal,0,100000,72594,0,0,0,0.72594,0.0,0,11.309407925000414
4,z,14,x,0.5,normal,0,100000,72594,0,0,0,0.72594,0.0,0,11.309407925000414
4,z,14,z,0.5,normal,0,100000,72594,0,0,0,0.72594,0.0,0,11.309407925000414
4,z,14,z,0.5,normal,0,100000,72594,0,0,0,0.72594,0.0,0,11.309407925000414
4,z,15,x,0.5,normal,0,100000,59339,1,2,0,0.59339,1.6852323092786392e-05,0,11.031723086009151
4,z,15,z,0.5,normal,0,100000,59339,1,2,0,0.59339,1.6852323092786392e-05,0,11.031723086009151
4,z,15,z,0.5,normal,0,100000,59339,1,2,0,0.59339,1.6852323092786392e-05,0,11.031723086009151
4,z,15,z,0.5,normal,0,100000,59339,1,2,0,0.59339,1.6852323092786392e-05,0,11.031723086009151
4,z,13,x,0.5,normal,0,100000,56921,130,259,0,0.56921,0.0022838671140703592,0,13.258283874005429
4,z,13,x,0.5,normal,0,100000,56921,130,259,0,0.56921,0.0022838671140703592,0,13.258283874005429
4,z,13,z,0.5,normal,0,100000,56921,130,259,0,0.56921,0.0022838671140703592,0,13.258283874005429
4,z,13,z,0.5,normal,0,100000,56921,130,259,0,0.56921,0.0022838671140703592,0,13.258283874005429
4,z,10,z,0.5,normal,0,100000,73174,498,933,0,0.73174,0.0068056960122447885,0,16.667899579988443
4,z,10,x,0.5,normal,0,100000,73174,498,933,0,0.73174,0.0068056960122447885,0,16.667899579988443
4,z,10,x,0.5,normal,0,100000,73174,498,933,0,0.73174,0.0068056960122447885,0,16.667899579988443
4,z,10,z,0.5,normal,0,100000,73174,498,933,0,0.73174,0.0068056960122447885,0,16.667899579988443
4,z,3,x,0.3,normal,0,100000,74482,5122,9447,0,0.74482,0.06876829301039178,0,13.194100300999708
4,z,3,z,0.3,normal,0,100000,74482,5122,9447,0,0.74482,0.06876829301039178,0,13.194100300999708
4,z,3,x,0.3,normal,0,100000,74482,5122,9447,0,0.74482,0.06876829301039178,0,13.194100300999708
4,z,3,x,0.3,normal,0,100000,74482,5122,9447,0,0.74482,0.06876829301039178,0,13.194100300999708
4,z,5,x,0.3,normal,0,100000,66415,3678,7103,0,0.66415,0.055379055936158994,0,12.235493610991398
4,z,5,x,0.3,normal,0,100000,66415,3678,7103,0,0.66415,0.055379055936158994,0,12.235493610991398
4,z,5,z,0.3,normal,0,100000,66415,3678,7103,0,0.66415,0.055379055936158994,0,12.235493610991398
4,z,5,x,0.3,normal,0,100000,66415,3678,7103,0,0.66415,0.055379055936158994,0,12.235493610991398
4,z,2,z,0.3,normal,0,100000,82029,5552,10347,0,0.82029,0.06768338026795406,0,15.83121008699527
4,z,2,x,0.3,normal,0,100000,82029,5552,10347,0,0.82029,0.06768338026795406,0,15.83121008699527
4,z,2,x,0.3,normal,0,100000,82029,5552,10347,0,0.82029,0.06768338026795406,0,15.83121008699527
4,z,2,x,0.3,normal,0,100000,82029,5552,10347,0,0.82029,0.06768338026795406,0,15.83121008699527
4,z,4,z,0.3,normal,0,100000,58304,1471,2720,0,0.58304,0.025229829857299713,0,16.49307193000277
4,z,4,z,0.3,normal,0,100000,58304,1471,2720,0,0.58304,0.025229829857299713,0,16.49307193000277
4,z,4,x,0.3,normal,0,100000,58304,1471,2720,0,0.58304,0.025229829857299713,0,16.49307193000277
4,z,4,x,0.3,normal,0,100000,58304,1471,2720,0,0.58304,0.025229829857299713,0,16.49307193000277
4,z,7,x,0.3,normal,0,100000,65328,340,615,0,0.65328,0.005204506490325778,0,12.569631245991332
4,z,7,z,0.3,normal,0,100000,65328,340,615,0,0.65328,0.005204506490325778,0,12.569631245991332
4,z,7,z,0.3,normal,0,100000,65328,340,615,0,0.65328,0.005204506490325778,0,12.569631245991332
4,z,7,x,0.3,normal,0,100000,65328,340,615,0,0.65328,0.005204506490325778,0,12.569631245991332
4,z,8,z,0.3,normal,0,100000,100000,6,11,0,1.0,5.999999999994898e-05,0,11.354071520006983
4,z,8,z,0.3,normal,0,100000,100000,6,11,0,1.0,5.999999999994898e-05,0,11.354071520006983
4,z,8,z,0.3,normal,0,100000,100000,6,11,0,1.0,5.999999999994898e-05,0,11.354071520006983
4,z,8,x,0.3,normal,0,100000,100000,6,11,0,1.0,5.999999999994898e-05,0,11.354071520006983
4,z,9,x,0.3,normal,0,100000,67067,3772,7035,0,0.67067,0.056242265197489094,0,16.776690821992815
4,z,9,x,0.3,normal,0,100000,67067,3772,7035,0,0.67067,0.056242265197489094,0,16.776690821992815
4,z,9,x,0.3,normal,0,100000,67067,3772,7035,0,0.67067,0.056242265197489094,0,16.776690821992815
4,z,9,z,0.3,normal,0,100000,67067,3772,7035,0,0.67067,0.056242265197489094,0,16.776690821992815
4,z,12,z,0.3,normal,0,100000,72589,18,37,0,0.72589,0.0002479714557301893,0,11.685917954993783
4,z,12,z,0.3,normal,0,100000,72589,18,37,0,0.72589,0.0002479714557301893,0,11.685917954993783
4,z,12,x,0.3,normal,0,100000,72589,18,37,0,0.72589,0.0002479714557301893,0,11.685917954993783
4,z,12,z,0.3,normal,0,100000,72589,18,37,0,0.72589,0.0002479714557301893,0,11.685917954993783
4,z,6,z,0.3,normal,0,100000,84129,306,579,0,0.84129,0.0036372713333095996,0,17.47223785299866
4,z,6,x,0.3,normal,0,100000,84129,306,579,0,0.84129,0.0036372713333095996,0,17.47223785299866
4,z,6,z,0.3,normal,0,100000,84129,306,579,0,0.84129,0.0036372713333095996,0,17.47223785299866
4,z,6,x,0.3,normal,0,100000,84129,306,579,0,0.84129,0.0036372713333095996,0,17.47223785299866
4,z,11,x,0.3,normal,0,100000,74051,132,253,0,0.74051,0.0017825552659653798,0,14.300911767000798
4,z,11,z,0.3,normal,0,100000,74051,132,253,0,0.74051,0.0017825552659653798,0,14.300911767000798
4,z,11,x,0.3,normal,0,100000,74051,132,253,0,0.74051,0.0017825552659653798,0,14.300911767000798
4,z,11,z,0.3,normal,0,100000,74051,132,253,0,0.74051,0.0017825552659653798,0,14.300911767000798
4,z,13,x,0.3,normal,0,100000,71344,61,122,0,0.71344,0.000855012334604166,0,13.107019199000206
4,z,13,x,0.3,normal,0,100000,71344,61,122,0,0.71344,0.000855012334604166,0,13.107019199000206
4,z,13,z,0.3,normal,0,100000,71344,61,122,0,0.71344,0.000855012334604166,0,13.107019199000206
4,z,13,z,0.3,normal,0,100000,71344,61,122,0,0.71344,0.000855012334604166,0,13.107019199000206
4,z,10,z,0.3,normal,0,100000,82609,239,462,0,0.82609,0.0028931472357733856,0,14.803120412005228
4,z,10,x,0.3,normal,0,100000,82609,239,462,0,0.82609,0.0028931472357733856,0,14.803120412005228
4,z,10,x,0.3,normal,0,100000,82609,239,462,0,0.82609,0.0028931472357733856,0,14.803120412005228
4,z,10,z,0.3,normal,0,100000,82609,239,462,0,0.82609,0.0028931472357733856,0,14.803120412005228
4,z,14,z,0.3,normal,0,100000,82623,0,0,0,0.82623,0.0,0,11.595772665998084
4,z,14,x,0.3,normal,0,100000,82623,0,0,0,0.82623,0.0,0,11.595772665998084
4,z,14,z,0.3,normal,0,100000,82623,0,0,0,0.82623,0.0,0,11.595772665998084
4,z,14,z,0.3,normal,0,100000,82623,0,0,0,0.82623,0.0,0,11.595772665998084
4,z,15,x,0.3,normal,0,100000,73137,0,0,0,0.73137,0.0,0,10.268188275993452
4,z,15,z,0.3,normal,0,100000,73137,0,0,0,0.73137,0.0,0,10.268188275993452
4,z,15,z,0.3,normal,0,100000,73137,0,0,0,0.73137,0.0,0,10.268188275993452
4,z,15,z,0.3,normal,0,100000,73137,0,0,0,0.73137,0.0,0,10.268188275993452
4,z,3,x,0.1,normal,0,100000,90502,2158,4065,0,0.90502,0.023844776911007504,0,14.029717687997618
4,z,3,z,0.1,normal,0,100000,90502,2158,4065,0,0.90502,0.023844776911007504,0,14.029717687997618
4,z,3,x,0.1,normal,0,100000,90502,2158,4065,0,0.90502,0.023844776911007504,0,14.029717687997618
4,z,3,x,0.1,normal,0,100000,90502,2158,4065,0,0.90502,0.023844776911007504,0,14.029717687997618
4,z,8,z,0.1,normal,0,100000,100000,0,1,0,1.0,0.0,0,9.046756554002059
4,z,8,z,0.1,normal,0,100000,100000,0,1,0,1.0,0.0,0,9.046756554002059
4,z,8,z,0.1,normal,0,100000,100000,0,1,0,1.0,0.0,0,9.046756554002059
4,z,8,x,0.1,normal,0,100000,100000,0,1,0,1.0,0.0,0,9.046756554002059
4,z,2,z,0.1,normal,0,100000,93620,2173,4254,0,0.9362,0.023210852381969627,0,16.39094430800469
4,z,2,x,0.1,normal,0,100000,93620,2173,4254,0,0.9362,0.023210852381969627,0,16.39094430800469
4,z,2,x,0.1,normal,0,100000,93620,2173,4254,0,0.9362,0.023210852381969627,0,16.39094430800469
4,z,2,x,0.1,normal,0,100000,93620,2173,4254,0,0.9362,0.023210852381969627,0,16.39094430800469
4,z,5,x,0.1,normal,0,100000,87287,1678,3258,0,0.87287,0.019223939418240965,0,13.469805449989508
4,z,5,x,0.1,normal,0,100000,87287,1678,3258,0,0.87287,0.019223939418240965,0,13.469805449989508
4,z,5,z,0.1,normal,0,100000,87287,1678,3258,0,0.87287,0.019223939418240965,0,13.469805449989508
4,z,5,x,0.1,normal,0,100000,87287,1678,3258,0,0.87287,0.019223939418240965,0,13.469805449989508
4,z,4,z,0.1,normal,0,100000,81416,252,500,0,0.81416,0.003095214699813331,0,15.235904535002192
4,z,4,z,0.1,normal,0,100000,81416,252,500,0,0.81416,0.003095214699813331,0,15.235904535002192
4,z,4,x,0.1,normal,0,100000,81416,252,500,0,0.81416,0.003095214699813331,0,15.235904535002192
4,z,4,x,0.1,normal,0,100000,81416,252,500,0,0.81416,0.003095214699813331,0,15.235904535002192
4,z,7,x,0.1,normal,0,100000,86312,96,191,0,0.86312,0.001112243952173464,0,16.18435400899034
4,z,7,z,0.1,normal,0,100000,86312,96,191,0,0.86312,0.001112243952173464,0,16.18435400899034
4,z,7,z,0.1,normal,0,100000,86312,96,191,0,0.86312,0.001112243952173464,0,16.18435400899034
4,z,7,x,0.1,normal,0,100000,86312,96,191,0,0.86312,0.001112243952173464,0,16.18435400899034
4,z,9,x,0.1,normal,0,100000,87531,1654,3119,0,0.87531,0.01889616250242776,0,15.684078334001242
4,z,9,x,0.1,normal,0,100000,87531,1654,3119,0,0.87531,0.01889616250242776,0,15.684078334001242
4,z,9,x,0.1,normal,0,100000,87531,1654,3119,0,0.87531,0.01889616250242776,0,15.684078334001242
4,z,9,z,0.1,normal,0,100000,87531,1654,3119,0,0.87531,0.01889616250242776,0,15.684078334001242
4,z,11,x,0.1,normal,0,100000,90337,36,73,0,0.90337,0.0003985078096461203,0,16.07852516300045
4,z,11,z,0.1,normal,0,100000,90337,36,73,0,0.90337,0.0003985078096461203,0,16.07852516300045
4,z,11,x,0.1,normal,0,100000,90337,36,73,0,0.90337,0.0003985078096461203,0,16.07852516300045
4,z,11,z,0.1,normal,0,100000,90337,36,73,0,0.90337,0.0003985078096461203,0,16.07852516300045
4,z,12,z,0.1,normal,0,100000,89621,2,3,0,0.89621,2.2316198212468663e-05,0,9.584439698999631
4,z,12,z,0.1,normal,0,100000,89621,2,3,0,0.89621,2.2316198212468663e-05,0,9.584439698999631
4,z,12,x,0.1,normal,0,100000,89621,2,3,0,0.89621,2.2316198212468663e-05,0,9.584439698999631
4,z,12,z,0.1,normal,0,100000,89621,2,3,0,0.89621,2.2316198212468663e-05,0,9.584439698999631
4,z,6,z,0.1,normal,0,100000,94245,75,148,0,0.94245,0.0007957981855801766,0,15.682892050986993
4,z,6,x,0.1,normal,0,100000,94245,75,148,0,0.94245,0.0007957981855801766,0,15.682892050986993
4,z,6,z,0.1,normal,0,100000,94245,75,148,0,0.94245,0.0007957981855801766,0,15.682892050986993
4,z,6,x,0.1,normal,0,100000,94245,75,148,0,0.94245,0.0007957981855801766,0,15.682892050986993
4,z,15,x,0.1,normal,0,100000,90022,0,0,0,0.90022,0.0,0,9.20194080399233
4,z,15,z,0.1,normal,0,100000,90022,0,0,0,0.90022,0.0,0,9.20194080399233
4,z,15,z,0.1,normal,0,100000,90022,0,0,0,0.90022,0.0,0,9.20194080399233
4,z,15,z,0.1,normal,0,100000,90022,0,0,0,0.90022,0.0,0,9.20194080399233
4,z,14,z,0.1,normal,0,100000,93719,0,0,0,0.93719,0.0,0,12.287986562005244
4,z,14,x,0.1,normal,0,100000,93719,0,0,0,0.93719,0.0,0,12.287986562005244
4,z,14,z,0.1,normal,0,100000,93719,0,0,0,0.93719,0.0,0,12.287986562005244
4,z,14,z,0.1,normal,0,100000,93719,0,0,0,0.93719,0.0,0,12.287986562005244
4,z,10,z,0.1,normal,0,100000,93678,48,93,0,0.93678,0.0005123935182219652,0,16.81140847899951
4,z,10,x,0.1,normal,0,100000,93678,48,93,0,0.93678,0.0005123935182219652,0,16.81140847899951
4,z,10,x,0.1,normal,0,100000,93678,48,93,0,0.93678,0.0005123935182219652,0,16.81140847899951
4,z,10,z,0.1,normal,0,100000,93678,48,93,0,0.93678,0.0005123935182219652,0,16.81140847899951
4,z,13,x,0.1,normal,0,100000,89369,9,18,0,0.89369,0.00010070606138590232,0,13.7688306630007
4,z,13,x,0.1,normal,0,100000,89369,9,18,0,0.89369,0.00010070606138590232,0,13.7688306630007
4,z,13,z,0.1,normal,0,100000,89369,9,18,0,0.89369,0.00010070606138590232,0,13.7688306630007
4,z,13,z,0.1,normal,0,100000,89369,9,18,0,0.89369,0.00010070606138590232,0,13.7688306630007
4,z,8,z,1,m1,0,100000,100000,28,53,0,1.0,0.00027999999999994696,0,1.0192209820088465
4,z,8,z,1,m1,0,100000,100000,28,53,0,1.0,0.00027999999999994696,0,1.0192209820088465
4,z,8,z,1,m1,0,100000,100000,28,53,0,1.0,0.00027999999999994696,0,1.0192209820088465
4,z,8,x,1,m1,0,100000,100000,28,53,0,1.0,0.00027999999999994696,0,1.0192209820088465
4,z,3,x,1,m1,0,100000,42440,9258,16335,0,0.4244,0.21814326107445803,0,11.988647600999684
4,z,3,z,1,m1,0,100000,42440,9258,16335,0,0.4244,0.21814326107445803,0,11.988647600999684
4,z,3,x,1,m1,0,100000,42440,9258,16335,0,0.4244,0.21814326107445803,0,11.988647600999684
4,z,3,x,1,m1,0,100000,42440,9258,16335,0,0.4244,0.21814326107445803,0,11.988647600999684
4,z,5,x,1,m1,0,100000,37086,7279,13752,0,0.37086,0.1962735263981017,0,10.391229698012467
4,z,5,x,1,m1,0,100000,37086,7279,13752,0,0.37086,0.1962735263981017,0,10.391229698012467
4,z,5,z,1,m1,0,100000,37086,7279,13752,0,0.37086,0.1962735263981017,0,10.391229698012467
4,z,5,x,1,m1,0,100000,37086,7279,13752,0,0.37086,0.1962735263981017,0,10.391229698012467
4,z,2,z,1,m1,0,100000,62597,13918,21873,0,0.62597,0.22234292378228993,0,14.766865491008502
4,z,2,x,1,m1,0,100000,62597,13918,21873,0,0.62597,0.22234292378228993,0,14.766865491008502
4,z,2,x,1,m1,0,100000,62597,13918,21873,0,0.62597,0.22234292378228993,0,14.766865491008502
4,z,2,x,1,m1,0,100000,62597,13918,21873,0,0.62597,0.22234292378228993,0,14.766865491008502
4,z,4,z,1,m1,0,100000,39142,3184,5162,0,0.39142,0.08134484696745181,0,12.781196788011584
4,z,4,z,1,m1,0,100000,39142,3184,5162,0,0.39142,0.08134484696745181,0,12.781196788011584
4,z,4,x,1,m1,0,100000,39142,3184,5162,0,0.39142,0.08134484696745181,0,12.781196788011584
4,z,4,x,1,m1,0,100000,39142,3184,5162,0,0.39142,0.08134484696745181,0,12.781196788011584
4,z,12,z,1,m1,0,100000,73608,29,52,0,0.73608,0.0003939789153353246,0,3.491565358999651
4,z,12,z,1,m1,0,100000,73608,29,52,0,0.73608,0.0003939789153353246,0,3.491565358999651
4,z,12,x,1,m1,0,100000,73608,29,52,0,0.73608,0.0003939789153353246,0,3.491565358999651
4,z,12,z,1,m1,0,100000,73608,29,52,0,0.73608,0.0003939789153353246,0,3.491565358999651
4,z,7,x,1,m1,0,100000,36776,747,1366,0,0.36776,0.020312160104415944,0,10.400354514000355
4,z,7,z,1,m1,0,100000,36776,747,1366,0,0.36776,0.020312160104415944,0,10.400354514000355
4,z,7,z,1,m1,0,100000,36776,747,1366,0,0.36776,0.020312160104415944,0,10.400354514000355
4,z,7,x,1,m1,0,100000,36776,747,1366,0,0.36776,0.020312160104415944,0,10.400354514000355
4,z,9,x,1,m1,0,100000,35015,6764,12296,0,0.35015,0.1931743538483507,0,10.000791950995335
4,z,9,x,1,m1,0,100000,35015,6764,12296,0,0.35015,0.1931743538483507,0,10.000791950995335
4,z,9,x,1,m1,0,100000,35015,6764,12296,0,0.35015,0.1931743538483507,0,10.000791950995335
4,z,9,z,1,m1,0,100000,35015,6764,12296,0,0.35015,0.1931743538483507,0,10.000791950995335
4,z,6,z,1,m1,0,100000,61114,1762,3185,0,0.61114,0.02883136433550415,0,13.593431927991332
4,z,6,x,1,m1,0,100000,61114,1762,3185,0,0.61114,0.02883136433550415,0,13.593431927991332
4,z,6,z,1,m1,0,100000,61114,1762,3185,0,0.61114,0.02883136433550415,0,13.593431927991332
4,z,6,x,1,m1,0,100000,61114,1762,3185,0,0.61114,0.02883136433550415,0,13.593431927991332
4,z,14,z,1,m1,0,100000,66923,6,12,0,0.66923,8.965527546578311e-05,0,4.107637299995986
4,z,14,x,1,m1,0,100000,66923,6,12,0,0.66923,8.965527546578311e-05,0,4.107637299995986
4,z,14,z,1,m1,0,100000,66923,6,12,0,0.66923,8.965527546578311e-05,0,4.107637299995986
4,z,14,z,1,m1,0,100000,66923,6,12,0,0.66923,8.965527546578311e-05,0,4.107637299995986
4,z,11,x,1,m1,0,100000,32513,624,1171,0,0.32513,0.019192323070771677,0,11.820600573002594
4,z,11,z,1,m1,0,100000,32513,624,1171,0,0.32513,0.019192323070771677,0,11.820600573002594
4,z,11,x,1,m1,0,100000,32513,624,1171,0,0.32513,0.019192323070771677,0,11.820600573002594
4,z,11,z,1,m1,0,100000,32513,624,1171,0,0.32513,0.019192323070771677,0,11.820600573002594
4,z,15,x,1,m1,0,100000,39906,0,0,0,0.39906,0.0,0,4.425373045989545
4,z,15,z,1,m1,0,100000,39906,0,0,0,0.39906,0.0,0,4.425373045989545
4,z,15,z,1,m1,0,100000,39906,0,0,0,0.39906,0.0,0,4.425373045989545
4,z,15,z,1,m1,0,100000,39906,0,0,0,0.39906,0.0,0,4.425373045989545
4,z,10,z,1,m1,0,100000,62408,1764,3177,0,0.62408,0.02826560697346492,0,12.846388314996148
4,z,10,x,1,m1,0,100000,62408,1764,3177,0,0.62408,0.02826560697346492,0,12.846388314996148
4,z,10,x,1,m1,0,100000,62408,1764,3177,0,0.62408,0.02826560697346492,0,12.846388314996148
4,z,10,z,1,m1,0,100000,62408,1764,3177,0,0.62408,0.02826560697346492,0,12.846388314996148
4,z,8,z,0.8,m1,0,100000,100000,14,27,0,1.0,0.000140000000000029,0,0.8576584870024817
4,z,8,z,0.8,m1,0,100000,100000,14,27,0,1.0,0.000140000000000029,0,0.8576584870024817
4,z,8,z,0.8,m1,0,100000,100000,14,27,0,1.0,0.000140000000000029,0,0.8576584870024817
4,z,8,x,0.8,m1,0,100000,100000,14,27,0,1.0,0.000140000000000029,0,0.8576584870024817
4,z,13,x,1,m1,0,100000,36951,160,305,0,0.36951,0.0043300587264214485,0,11.022875536989886
4,z,13,x,1,m1,0,100000,36951,160,305,0,0.36951,0.0043300587264214485,0,11.022875536989886
4,z,13,z,1,m1,0,100000,36951,160,305,0,0.36951,0.0043300587264214485,0,11.022875536989886
4,z,13,z,1,m1,0,100000,36951,160,305,0,0.36951,0.0043300587264214485,0,11.022875536989886
4,z,3,x,0.8,m1,0,100000,50186,9170,16484,0,0.50186,0.1827202805563305,0,11.201473274995806
4,z,3,z,0.8,m1,0,100000,50186,9170,16484,0,0.50186,0.1827202805563305,0,11.201473274995806
4,z,3,x,0.8,m1,0,100000,50186,9170,16484,0,0.50186,0.1827202805563305,0,11.201473274995806
4,z,3,x,0.8,m1,0,100000,50186,9170,16484,0,0.50186,0.1827202805563305,0,11.201473274995806
4,z,12,z,0.8,m1,0,100000,78074,16,30,0,0.78074,0.00020493378077213187,0,2.7182390189991565
4,z,12,z,0.8,m1,0,100000,78074,16,30,0,0.78074,0.00020493378077213187,0,2.7182390189991565
4,z,12,x,0.8,m1,0,100000,78074,16,30,0,0.78074,0.00020493378077213187,0,2.7182390189991565
4,z,12,z,0.8,m1,0,100000,78074,16,30,0,0.78074,0.00020493378077213187,0,2.7182390189991565
4,z,2,z,0.8,m1,0,100000,68511,12669,20816,0,0.68511,0.18491921005385992,0,14.220587696996517
4,z,2,x,0.8,m1,0,100000,68511,12669,20816,0,0.68511,0.18491921005385992,0,14.220587696996517
4,z,2,x,0.8,m1,0,100000,68511,12669,20816,0,0.68511,0.18491921005385992,0,14.220587696996517
4,z,2,x,0.8,m1,0,100000,68511,12669,20816,0,0.68511,0.18491921005385992,0,14.220587696996517
4,z,4,z,0.8,m1,0,100000,45770,2638,4453,0,0.4577,0.05763600611754427,0,12.724743229002343
4,z,4,z,0.8,m1,0,100000,45770,2638,4453,0,0.4577,0.05763600611754427,0,12.724743229002343
4,z,4,x,0.8,m1,0,100000,45770,2638,4453,0,0.4577,0.05763600611754427,0,12.724743229002343
4,z,4,x,0.8,m1,0,100000,45770,2638,4453,0,0.4577,0.05763600611754427,0,12.724743229002343
4,z,9,x,0.8,m1,0,100000,42755,6662,12136,0,0.42755,0.15581803297859897,0,10.486671902996022
4,z,9,x,0.8,m1,0,100000,42755,6662,12136,0,0.42755,0.15581803297859897,0,10.486671902996022
4,z,9,x,0.8,m1,0,100000,42755,6662,12136,0,0.42755,0.15581803297859897,0,10.486671902996022
4,z,9,z,0.8,m1,0,100000,42755,6662,12136,0,0.42755,0.15581803297859897,0,10.486671902996022
4,z,5,x,0.8,m1,0,100000,44785,7278,13815,0,0.44785,0.16250976889583568,0,14.40233044300112
4,z,5,x,0.8,m1,0,100000,44785,7278,13815,0,0.44785,0.16250976889583568,0,14.40233044300112
4,z,5,z,0.8,m1,0,100000,44785,7278,13815,0,0.44785,0.16250976889583568,0,14.40233044300112
4,z,5,x,0.8,m1,0,100000,44785,7278,13815,0,0.44785,0.16250976889583568,0,14.40233044300112
4,z,7,x,0.8,m1,0,100000,44739,642,1173,0,0.44739,0.014349896063836964,0,14.059946368986857
4,z,7,z,0.8,m1,0,100000,44739,642,1173,0,0.44739,0.014349896063836964,0,14.059946368986857
4,z,7,z,0.8,m1,0,100000,44739,642,1173,0,0.44739,0.014349896063836964,0,14.059946368986857
4,z,7,x,0.8,m1,0,100000,44739,642,1173,0,0.44739,0.014349896063836964,0,14.059946368986857
4,z,10,z,0.8,m1,0,100000,68377,1286,2340,0,0.68377,0.018807493747897697,0,12.268434230994899
4,z,10,x,0.8,m1,0,100000,68377,1286,2340,0,0.68377,0.018807493747897697,0,12.268434230994899
4,z,10,x,0.8,m1,0,100000,68377,1286,2340,0,0.68377,0.018807493747897697,0,12.268434230994899
4,z,10,z,0.8,m1,0,100000,68377,1286,2340,0,0.68377,0.018807493747897697,0,12.268434230994899
4,z,11,x,0.8,m1,0,100000,40500,528,1003,0,0.405,0.01303703703703707,0,12.002550953999162
4,z,11,z,0.8,m1,0,100000,40500,528,1003,0,0.405,0.01303703703703707,0,12.002550953999162
4,z,11,x,0.8,m1,0,100000,40500,528,1003,0,0.405,0.01303703703703707,0,12.002550953999162
4,z,11,z,0.8,m1,0,100000,40500,528,1003,0,0.405,0.01303703703703707,0,12.002550953999162
4,z,6,z,0.8,m1,0,100000,67247,1338,2416,0,0.67247,0.01989679837018754,0,14.864405692002038
4,z,6,x,0.8,m1,0,100000,67247,1338,2416,0,0.67247,0.01989679837018754,0,14.864405692002038
4,z,6,z,0.8,m1,0,100000,67247,1338,2416,0,0.67247,0.01989679837018754,0,14.864405692002038
4,z,6,x,0.8,m1,0,100000,67247,1338,2416,0,0.67247,0.01989679837018754,0,14.864405692002038
4,z,14,z,0.8,m1,0,100000,72385,2,3,0,0.72385,2.763003384675944e-05,0,3.494211985002039
4,z,14,x,0.8,m1,0,100000,72385,2,3,0,0.72385,2.763003384675944e-05,0,3.494211985002039
4,z,14,z,0.8,m1,0,100000,72385,2,3,0,0.72385,2.763003384675944e-05,0,3.494211985002039
4,z,14,z,0.8,m1,0,100000,72385,2,3,0,0.72385,2.763003384675944e-05,0,3.494211985002039
4,z,15,x,0.8,m1,0,100000,48029,0,0,0,0.48029,0.0,0,3.5172925399965607
4,z,15,z,0.8,m1,0,100000,48029,0,0,0,0.48029,0.0,0,3.5172925399965607
4,z,15,z,0.8,m1,0,100000,48029,0,0,0,0.48029,0.0,0,3.5172925399965607
4,z,15,z,0.8,m1,0,100000,48029,0,0,0,0.48029,0.0,0,3.5172925399965607
4,z,8,z,0.5,m1,0,100000,100000,0,1,0,1.0,0.0,0,0.6175081420078641
4,z,8,z,0.5,m1,0,100000,100000,0,1,0,1.0,0.0,0,0.6175081420078641
4,z,8,z,0.5,m1,0,100000,100000,0,1,0,1.0,0.0,0,0.6175081420078641
4,z,8,x,0.5,m1,0,100000,100000,0,1,0,1.0,0.0,0,0.6175081420078641
4,z,13,x,0.8,m1,0,100000,45034,126,246,0,0.45034,0.002797886041657427,0,10.01679928599333
4,z,13,x,0.8,m1,0,100000,45034,126,246,0,0.45034,0.002797886041657427,0,10.01679928599333
4,z,13,z,0.8,m1,0,100000,45034,126,246,0,0.45034,0.002797886041657427,0,10.01679928599333
4,z,13,z,0.8,m1,0,100000,45034,126,246,0,0.45034,0.002797886041657427,0,10.01679928599333
4,z,12,z,0.5,m1,0,100000,85527,4,8,0,0.85527,4.6768856618362165e-05,0,2.165724159000092
4,z,12,z,0.5,m1,0,100000,85527,4,8,0,0.85527,4.6768856618362165e-05,0,2.165724159000092
4,z,12,x,0.5,m1,0,100000,85527,4,8,0,0.85527,4.6768856618362165e-05,0,2.165724159000092
4,z,12,z,0.5,m1,0,100000,85527,4,8,0,0.85527,4.6768856618362165e-05,0,2.165724159000092
4,z,3,x,0.5,m1,0,100000,64789,7806,14461,0,0.64789,0.12048341539458862,0,12.283050082012778
4,z,3,z,0.5,m1,0,100000,64789,7806,14461,0,0.64789,0.12048341539458862,0,12.283050082012778
4,z,3,x,0.5,m1,0,100000,64789,7806,14461,0,0.64789,0.12048341539458862,0,12.283050082012778
4,z,3,x,0.5,m1,0,100000,64789,7806,14461,0,0.64789,0.12048341539458862,0,12.283050082012778
4,z,7,x,0.5,m1,0,100000,60215,336,631,0,0.60215,0.00558000498214728,0,11.703500225004973
4,z,7,z,0.5,m1,0,100000,60215,336,631,0,0.60215,0.00558000498214728,0,11.703500225004973
4,z,7,z,0.5,m1,0,100000,60215,336,631,0,0.60215,0.00558000498214728,0,11.703500225004973
4,z,7,x,0.5,m1,0,100000,60215,336,631,0,0.60215,0.00558000498214728,0,11.703500225004973
4,z,5,x,0.5,m1,0,100000,60393,6379,12326,0,0.60393,0.10562482406901463,0,13.110342697997112
4,z,5,x,0.5,m1,0,100000,60393,6379,12326,0,0.60393,0.10562482406901463,0,13.110342697997112
4,z,5,z,0.5,m1,0,100000,60393,6379,12326,0,0.60393,0.10562482406901463,0,13.110342697997112
4,z,5,x,0.5,m1,0,100000,60393,6379,12326,0,0.60393,0.10562482406901463,0,13.110342697997112
4,z,4,z,0.5,m1,0,100000,58860,1476,2677,0,0.5886,0.0250764525993884,0,12.431203711996204
4,z,4,z,0.5,m1,0,100000,58860,1476,2677,0,0.5886,0.0250764525993884,0,12.431203711996204
4,z,4,x,0.5,m1,0,100000,58860,1476,2677,0,0.5886,0.0250764525993884,0,12.431203711996204
4,z,4,x,0.5,m1,0,100000,58860,1476,2677,0,0.5886,0.0250764525993884,0,12.431203711996204
4,z,9,x,0.5,m1,0,100000,58071,5711,10466,0,0.58071,0.09834512923834615,0,11.757111668994185
4,z,9,x,0.5,m1,0,100000,58071,5711,10466,0,0.58071,0.09834512923834615,0,11.757111668994185
4,z,9,x,0.5,m1,0,100000,58071,5711,10466,0,0.58071,0.09834512923834615,0,11.757111668994185
4,z,9,z,0.5,m1,0,100000,58071,5711,10466,0,0.58071,0.09834512923834615,0,11.757111668994185
4,z,2,z,0.5,m1,0,100000,79040,9746,17053,0,0.7904,0.12330465587044537,0,15.854773408005713
4,z,2,x,0.5,m1,0,100000,79040,9746,17053,0,0.7904,0.12330465587044537,0,15.854773408005713
4,z,2,x,0.5,m1,0,100000,79040,9746,17053,0,0.7904,0.12330465587044537,0,15.854773408005713
4,z,2,x,0.5,m1,0,100000,79040,9746,17053,0,0.7904,0.12330465587044537,0,15.854773408005713
4,z,11,x,0.5,m1,0,100000,56705,334,641,0,0.56705,0.00589013314522524,0,11.300467245993786
4,z,11,z,0.5,m1,0,100000,56705,334,641,0,0.56705,0.00589013314522524,0,11.300467245993786
4,z,11,x,0.5,m1,0,100000,56705,334,641,0,0.56705,0.00589013314522524,0,11.300467245993786
4,z,11,z,0.5,m1,0,100000,56705,334,641,0,0.56705,0.00589013314522524,0,11.300467245993786
4,z,14,z,0.5,m1,0,100000,81668,0,1,0,0.81668,0.0,0,2.391753421004978
4,z,14,x,0.5,m1,0,100000,81668,0,1,0,0.81668,0.0,0,2.391753421004978
4,z,14,z,0.5,m1,0,100000,81668,0,1,0,0.81668,0.0,0,2.391753421004978
4,z,14,z,0.5,m1,0,100000,81668,0,1,0,0.81668,0.0,0,2.391753421004978
4,z,10,z,0.5,m1,0,100000,78989,678,1288,0,0.78989,0.008583473648229534,0,12.846985299009248
4,z,10,x,0.5,m1,0,100000,78989,678,1288,0,0.78989,0.008583473648229534,0,12.846985299009248
4,z,10,x,0.5,m1,0,100000,78989,678,1288,0,0.78989,0.008583473648229534,0,12.846985299009248
4,z,10,z,0.5,m1,0,100000,78989,678,1288,0,0.78989,0.008583473648229534,0,12.846985299009248
4,z,15,x,0.5,m1,0,100000,63509,0,0,0,0.63509,0.0,0,2.8481145440018736
4,z,15,z,0.5,m1,0,100000,63509,0,0,0,0.63509,0.0,0,2.8481145440018736
4,z,15,z,0.5,m1,0,100000,63509,0,0,0,0.63509,0.0,0,2.8481145440018736
4,z,15,z,0.5,m1,0,100000,63509,0,0,0,0.63509,0.0,0,2.8481145440018736
4,z,8,z,0.3,m1,0,100000,100000,0,1,0,1.0,0.0,0,0.44737627200083807
4,z,8,z,0.3,m1,0,100000,100000,0,1,0,1.0,0.0,0,0.44737627200083807
4,z,8,z,0.3,m1,0,100000,100000,0,1,0,1.0,0.0,0,0.44737627200083807
4,z,8,x,0.3,m1,0,100000,100000,0,1,0,1.0,0.0,0,0.44737627200083807
4,z,13,x,0.5,m1,0,100000,60771,58,116,0,0.60771,0.0009544025933422295,0,9.45507699099835
4,z,13,x,0.5,m1,0,100000,60771,58,116,0,0.60771,0.0009544025933422295,0,9.45507699099835
4,z,13,z,0.5,m1,0,100000,60771,58,116,0,0.60771,0.0009544025933422295,0,9.45507699099835
4,z,13,z,0.5,m1,0,100000,60771,58,116,0,0.60771,0.0009544025933422295,0,9.45507699099835
4,z,6,z,0.5,m1,0,100000,77948,664,1257,0,0.77948,0.008518499512495503,0,19.078684695996344
4,z,6,x,0.5,m1,0,100000,77948,664,1257,0,0.77948,0.008518499512495503,0,19.078684695996344
4,z,6,z,0.5,m1,0,100000,77948,664,1257,0,0.77948,0.008518499512495503,0,19.078684695996344
4,z,6,x,0.5,m1,0,100000,77948,664,1257,0,0.77948,0.008518499512495503,0,19.078684695996344
4,z,12,z,0.3,m1,0,100000,91148,1,2,0,0.91148,1.0971167771045565e-05,0,1.2936449800035916
4,z,12,z,0.3,m1,0,100000,91148,1,2,0,0.91148,1.0971167771045565e-05,0,1.2936449800035916
4,z,12,x,0.3,m1,0,100000,91148,1,2,0,0.91148,1.0971167771045565e-05,0,1.2936449800035916
4,z,12,z,0.3,m1,0,100000,91148,1,2,0,0.91148,1.0971167771045565e-05,0,1.2936449800035916
4,z,5,x,0.3,m1,0,100000,73588,4857,9512,0,0.73588,0.06600260912105238,0,12.71918597300828
4,z,5,x,0.3,m1,0,100000,73588,4857,9512,0,0.73588,0.06600260912105238,0,12.71918597300828
4,z,5,z,0.3,m1,0,100000,73588,4857,9512,0,0.73588,0.06600260912105238,0,12.71918597300828
4,z,5,x,0.3,m1,0,100000,73588,4857,9512,0,0.73588,0.06600260912105238,0,12.71918597300828
4,z,4,z,0.3,m1,0,100000,72009,747,1410,0,0.72009,0.010373703287089087,0,12.444815167007619
4,z,4,z,0.3,m1,0,100000,72009,747,1410,0,0.72009,0.010373703287089087,0,12.444815167007619
4,z,4,x,0.3,m1,0,100000,72009,747,1410,0,0.72009,0.010373703287089087,0,12.444815167007619
4,z,4,x,0.3,m1,0,100000,72009,747,1410,0,0.72009,0.010373703287089087,0,12.444815167007619
4,z,10,z,0.3,m1,0,100000,86600,294,558,0,0.866,0.0033949191685912483,0,11.170501612010412
4,z,10,x,0.3,m1,0,100000,86600,294,558,0,0.866,0.0033949191685912483,0,11.170501612010412
4,z,10,x,0.3,m1,0,100000,86600,294,558,0,0.866,0.0033949191685912483,0,11.170501612010412
4,z,10,z,0.3,m1,0,100000,86600,294,558,0,0.866,0.0033949191685912483,0,11.170501612010412
4,z,2,z,0.3,m1,0,100000,86649,6782,12533,0,0.86649,0.07826980115177329,0,14.859003527992172
4,z,2,x,0.3,m1,0,100000,86649,6782,12533,0,0.86649,0.07826980115177329,0,14.859003527992172
4,z,2,x,0.3,m1,0,100000,86649,6782,12533,0,0.86649,0.07826980115177329,0,14.859003527992172
4,z,2,x,0.3,m1,0,100000,86649,6782,12533,0,0.86649,0.07826980115177329,0,14.859003527992172
4,z,3,x,0.3,m1,0,100000,77174,5844,11042,0,0.77174,0.07572498509860837,0,15.304318096998031
4,z,3,z,0.3,m1,0,100000,77174,5844,11042,0,0.77174,0.07572498509860837,0,15.304318096998031
4,z,3,x,0.3,m1,0,100000,77174,5844,11042,0,0.77174,0.07572498509860837,0,15.304318096998031
4,z,3,x,0.3,m1,0,100000,77174,5844,11042,0,0.77174,0.07572498509860837,0,15.304318096998031
4,z,7,x,0.3,m1,0,100000,73264,199,378,0,0.73264,0.0027162044114436013,0,14.529580154994619
4,z,7,z,0.3,m1,0,100000,73264,199,378,0,0.73264,0.0027162044114436013,0,14.529580154994619
4,z,7,z,0.3,m1,0,100000,73264,199,378,0,0.73264,0.0027162044114436013,0,14.529580154994619
4,z,7,x,0.3,m1,0,100000,73264,199,378,0,0.73264,0.0027162044114436013,0,14.529580154994619
4,z,9,x,0.3,m1,0,100000,71822,4336,7989,0,0.71822,0.06037147392163966,0,12.745224478989257
4,z,9,x,0.3,m1,0,100000,71822,4336,7989,0,0.71822,0.06037147392163966,0,12.745224478989257
4,z,9,x,0.3,m1,0,100000,71822,4336,7989,0,0.71822,0.06037147392163966,0,12.745224478989257
4,z,9,z,0.3,m1,0,100000,71822,4336,7989,0,0.71822,0.06037147392163966,0,12.745224478989257
4,z,14,z,0.3,m1,0,100000,88608,0,0,0,0.88608,0.0,0,1.4297153640072793
4,z,14,x,0.3,m1,0,100000,88608,0,0,0,0.88608,0.0,0,1.4297153640072793
4,z,14,z,0.3,m1,0,100000,88608,0,0,0,0.88608,0.0,0,1.4297153640072793
4,z,14,z,0.3,m1,0,100000,88608,0,0,0,0.88608,0.0,0,1.4297153640072793
4,z,15,x,0.3,m1,0,100000,76083,0,0,0,0.76083,0.0,0,1.6763687709899386
4,z,15,z,0.3,m1,0,100000,76083,0,0,0,0.76083,0.0,0,1.6763687709899386
4,z,15,z,0.3,m1,0,100000,76083,0,0,0,0.76083,0.0,0,1.6763687709899386
4,z,15,z,0.3,m1,0,100000,76083,0,0,0,0.76083,0.0,0,1.6763687709899386
4,z,6,z,0.3,m1,0,100000,85896,300,584,0,0.85896,0.003492595697122125,0,15.24779258700437
4,z,6,x,0.3,m1,0,100000,85896,300,584,0,0.85896,0.003492595697122125,0,15.24779258700437
4,z,6,z,0.3,m1,0,100000,85896,300,584,0,0.85896,0.003492595697122125,0,15.24779258700437
4,z,6,x,0.3,m1,0,100000,85896,300,584,0,0.85896,0.003492595697122125,0,15.24779258700437
4,z,8,z,0.1,m1,0,100000,100000,0,0,0,1.0,0.0,0,0.30645431199809536
4,z,8,z,0.1,m1,0,100000,100000,0,0,0,1.0,0.0,0,0.30645431199809536
4,z,8,z,0.1,m1,0,100000,100000,0,0,0,1.0,0.0,0,0.30645431199809536
4,z,8,x,0.1,m1,0,100000,100000,0,0,0,1.0,0.0,0,0.30645431199809536
4,z,11,x,0.3,m1,0,100000,71004,164,311,0,0.71004,0.002309729029350449,0,13.166162708002958
4,z,11,z,0.3,m1,0,100000,71004,164,311,0,0.71004,0.002309729029350449,0,13.166162708002958
4,z,11,x,0.3,m1,0,100000,71004,164,311,0,0.71004,0.002309729029350449,0,13.166162708002958
4,z,11,z,0.3,m1,0,100000,71004,164,311,0,0.71004,0.002309729029350449,0,13.166162708002958
4,z,13,x,0.3,m1,0,100000,74119,34,68,0,0.74119,0.00045872178523720386,0,9.429119178996189
4,z,13,x,0.3,m1,0,100000,74119,34,68,0,0.74119,0.00045872178523720386,0,9.429119178996189
4,z,13,z,0.3,m1,0,100000,74119,34,68,0,0.74119,0.00045872178523720386,0,9.429119178996189
4,z,13,z,0.3,m1,0,100000,74119,34,68,0,0.74119,0.00045872178523720386,0,9.429119178996189
4,z,12,z,0.1,m1,0,100000,96983,0,0,0,0.96983,0.0,0,0.6619860350037925
4,z,12,z,0.1,m1,0,100000,96983,0,0,0,0.96983,0.0,0,0.6619860350037925
4,z,12,x,0.1,m1,0,100000,96983,0,0,0,0.96983,0.0,0,0.6619860350037925
4,z,12,z,0.1,m1,0,100000,96983,0,0,0,0.96983,0.0,0,0.6619860350037925
4,z,4,z,0.1,m1,0,100000,89086,112,220,0,0.89086,0.001257212132097063,0,9.91068242599431
4,z,4,z,0.1,m1,0,100000,89086,112,220,0,0.89086,0.001257212132097063,0,9.91068242599431
4,z,4,x,0.1,m1,0,100000,89086,112,220,0,0.89086,0.001257212132097063,0,9.91068242599431
4,z,4,x,0.1,m1,0,100000,89086,112,220,0,0.89086,0.001257212132097063,0,9.91068242599431
4,z,3,x,0.1,m1,0,100000,91596,2448,4767,0,0.91596,0.026726057906458767,0,13.66291242899024
4,z,3,z,0.1,m1,0,100000,91596,2448,4767,0,0.91596,0.026726057906458767,0,13.66291242899024
4,z,3,x,0.1,m1,0,100000,91596,2448,4767,0,0.91596,0.026726057906458767,0,13.66291242899024
4,z,3,x,0.1,m1,0,100000,91596,2448,4767,0,0.91596,0.026726057906458767,0,13.66291242899024
4,z,5,x,0.1,m1,0,100000,90253,2045,4046,0,0.90253,0.022658526586373906,0,14.820748302008724
4,z,5,x,0.1,m1,0,100000,90253,2045,4046,0,0.90253,0.022658526586373906,0,14.820748302008724
4,z,5,z,0.1,m1,0,100000,90253,2045,4046,0,0.90253,0.022658526586373906,0,14.820748302008724
4,z,5,x,0.1,m1,0,100000,90253,2045,4046,0,0.90253,0.022658526586373906,0,14.820748302008724
4,z,2,z,0.1,m1,0,100000,95353,2609,5090,0,0.95353,0.027361488364288533,0,14.999009716993896
4,z,2,x,0.1,m1,0,100000,95353,2609,5090,0,0.95353,0.027361488364288533,0,14.999009716993896
4,z,2,x,0.1,m1,0,100000,95353,2609,5090,0,0.95353,0.027361488364288533,0,14.999009716993896
4,z,2,x,0.1,m1,0,100000,95353,2609,5090,0,0.95353,0.027361488364288533,0,14.999009716993896
4,z,14,z,0.1,m1,0,100000,96068,0,0,0,0.96068,0.0,0,1.1625082380051026
4,z,14,x,0.1,m1,0,100000,96068,0,0,0,0.96068,0.0,0,1.1625082380051026
4,z,14,z,0.1,m1,0,100000,96068,0,0,0,0.96068,0.0,0,1.1625082380051026
4,z,14,z,0.1,m1,0,100000,96068,0,0,0,0.96068,0.0,0,1.1625082380051026
4,z,15,x,0.1,m1,0,100000,91366,0,0,0,0.91366,0.0,0,0.8126470249990234
4,z,15,z,0.1,m1,0,100000,91366,0,0,0,0.91366,0.0,0,0.8126470249990234
4,z,15,z,0.1,m1,0,100000,91366,0,0,0,0.91366,0.0,0,0.8126470249990234
4,z,15,z,0.1,m1,0,100000,91366,0,0,0,0.91366,0.0,0,0.8126470249990234
4,z,9,x,0.1,m1,0,100000,89521,1863,3408,0,0.89521,0.020810759486600938,0,13.798469439003384
4,z,9,x,0.1,m1,0,100000,89521,1863,3408,0,0.89521,0.020810759486600938,0,13.798469439003384
4,z,9,x,0.1,m1,0,100000,89521,1863,3408,0,0.89521,0.020810759486600938,0,13.798469439003384
4,z,9,z,0.1,m1,0,100000,89521,1863,3408,0,0.89521,0.020810759486600938,0,13.798469439003384
4,z,7,x,0.1,m1,0,100000,90024,40,77,0,0.90024,0.0004443259575224179,0,14.899464497008012
4,z,7,z,0.1,m1,0,100000,90024,40,77,0,0.90024,0.0004443259575224179,0,14.899464497008012
4,z,7,z,0.1,m1,0,100000,90024,40,77,0,0.90024,0.0004443259575224179,0,14.899464497008012
4,z,7,x,0.1,m1,0,100000,90024,40,77,0,0.90024,0.0004443259575224179,0,14.899464497008012
4,z,10,z,0.1,m1,0,100000,95188,66,130,0,0.95188,0.0006933647098373852,0,12.582845431999885
4,z,10,x,0.1,m1,0,100000,95188,66,130,0,0.95188,0.0006933647098373852,0,12.582845431999885
4,z,10,x,0.1,m1,0,100000,95188,66,130,0,0.95188,0.0006933647098373852,0,12.582845431999885
4,z,10,z,0.1,m1,0,100000,95188,66,130,0,0.95188,0.0006933647098373852,0,12.582845431999885
4,z,6,z,0.1,m1,0,100000,95061,53,106,0,0.95061,0.0005575367395672659,0,16.276590671986924
4,z,6,x,0.1,m1,0,100000,95061,53,106,0,0.95061,0.0005575367395672659,0,16.276590671986924
4,z,6,z,0.1,m1,0,100000,95061,53,106,0,0.95061,0.0005575367395672659,0,16.276590671986924
4,z,6,x,0.1,m1,0,100000,95061,53,106,0,0.95061,0.0005575367395672659,0,16.276590671986924
4,z,11,x,0.1,m1,0,100000,89204,30,60,0,0.89204,0.0003363077888883792,0,13.47270332199696
4,z,11,z,0.1,m1,0,100000,89204,30,60,0,0.89204,0.0003363077888883792,0,13.47270332199696
4,z,11,x,0.1,m1,0,100000,89204,30,60,0,0.89204,0.0003363077888883792,0,13.47270332199696
4,z,11,z,0.1,m1,0,100000,89204,30,60,0,0.89204,0.0003363077888883792,0,13.47270332199696
4,z,13,x,0.1,m1,0,100000,90435,6,12,0,0.90435,6.634599436061706e-05,0,7.155742700997507
4,z,13,x,0.1,m1,0,100000,90435,6,12,0,0.90435,6.634599436061706e-05,0,7.155742700997507
4,z,13,z,0.1,m1,0,100000,90435,6,12,0,0.90435,6.634599436061706e-05,0,7.155742700997507
4,z,13,z,0.1,m1,0,100000,90435,6,12,0,0.90435,6.634599436061706e-05,0,7.155742700997507
