n,lstate,i,meas_type,p_error,sim_type,total_meta_shots,shots,count_accept,count_logerror,count_undecided,count_detect_discard,prep_rate,LER,detect_normal,decoding_normal
4,x,6,x,1,normal,0,100000,31163,660,1209,0,0.31163,0.021178962230850695,0,9.406647529998736
4,x,6,x,1,normal,0,100000,31163,660,1209,0,0.31163,0.021178962230850695,0,9.406647529998736
4,x,6,z,1,normal,0,100000,31163,660,1209,0,0.31163,0.021178962230850695,0,9.406647529998736
4,x,6,x,1,normal,0,100000,31163,660,1209,0,0.31163,0.021178962230850695,0,9.406647529998736
4,x,10,x,1,normal,0,100000,24225,935,1636,0,0.24225,0.038596491228070184,0,9.230421795997245
4,x,10,x,1,normal,0,100000,24225,935,1636,0,0.24225,0.038596491228070184,0,9.230421795997245
4,x,10,x,1,normal,0,100000,24225,935,1636,0,0.24225,0.038596491228070184,0,9.230421795997245
4,x,10,z,1,normal,0,100000,24225,935,1636,0,0.24225,0.038596491228070184,0,9.230421795997245
4,x,8,x,1,normal,0,100000,30278,7694,14077,0,0.30278,0.25411189642644827,0,9.523125917003199
4,x,8,z,1,normal,0,100000,30278,7694,14077,0,0.30278,0.25411189642644827,0,9.523125917003199
4,x,8,z,1,normal,0,100000,30278,7694,14077,0,0.30278,0.25411189642644827,0,9.523125917003199
4,x,8,x,1,normal,0,100000,30278,7694,14077,0,0.30278,0.25411189642644827,0,9.523125917003199
4,x,2,x,1,normal,0,100000,24076,0,1,0,0.24076,0.0,0,10.022162896995724
4,x,2,x,1,normal,0,100000,24076,0,1,0,0.24076,0.0,0,10.022162896995724
4,x,2,x,1,normal,0,100000,24076,0,1,0,0.24076,0.0,0,10.022162896995724
4,x,2,x,1,normal,0,100000,24076,0,1,0,0.24076,0.0,0,10.022162896995724
4,x,3,z,1,normal,0,100000,45168,4,8,0,0.45168,8.855827134257588e-05,0,13.281144913999015
4,x,3,x,1,normal,0,100000,45168,4,8,0,0.45168,8.855827134257588e-05,0,13.281144913999015
4,x,3,x,1,normal,0,100000,45168,4,8,0,0.45168,8.855827134257588e-05,0,13.281144913999015
4,x,3,x,1,normal,0,100000,45168,4,8,0,0.45168,8.855827134257588e-05,0,13.281144913999015
4,x,4,x,1,normal,0,100000,24989,314,593,0,0.24989,0.012565528832686357,0,14.082226241000171
4,x,4,z,1,normal,0,100000,24989,314,593,0,0.24989,0.012565528832686357,0,14.082226241000171
4,x,4,x,1,normal,0,100000,24989,314,593,0,0.24989,0.012565528832686357,0,14.082226241000171
4,x,4,x,1,normal,0,100000,24989,314,593,0,0.24989,0.012565528832686357,0,14.082226241000171
4,x,9,z,1,normal,0,100000,100000,2339,3478,0,1.0,0.023390000000000022,0,14.46251915999892
4,x,9,z,1,normal,0,100000,100000,2339,3478,0,1.0,0.023390000000000022,0,14.46251915999892
4,x,9,z,1,normal,0,100000,100000,2339,3478,0,1.0,0.023390000000000022,0,14.46251915999892
4,x,9,x,1,normal,0,100000,100000,2339,3478,0,1.0,0.023390000000000022,0,14.46251915999892
4,x,11,z,1,normal,0,100000,46202,1572,2707,0,0.46202,0.03402450110384836,0,13.285297339003591
4,x,11,x,1,normal,0,100000,46202,1572,2707,0,0.46202,0.03402450110384836,0,13.285297339003591
4,x,11,x,1,normal,0,100000,46202,1572,2707,0,0.46202,0.03402450110384836,0,13.285297339003591
4,x,11,z,1,normal,0,100000,46202,1572,2707,0,0.46202,0.03402450110384836,0,13.285297339003591
4,x,5,z,1,normal,0,100000,55567,205,334,0,0.55567,0.003689240016556572,0,13.788345952001691
4,x,5,z,1,normal,0,100000,55567,205,334,0,0.55567,0.003689240016556572,0,13.788345952001691
4,x,5,x,1,normal,0,100000,55567,205,334,0,0.55567,0.003689240016556572,0,13.788345952001691
4,x,5,x,1,normal,0,100000,55567,205,334,0,0.55567,0.003689240016556572,0,13.788345952001691
4,x,7,z,1,normal,0,100000,49490,1675,2834,0,0.4949,0.033845221256819547,0,16.84036291400116
4,x,7,x,1,normal,0,100000,49490,1675,2834,0,0.4949,0.033845221256819547,0,16.84036291400116
4,x,7,z,1,normal,0,100000,49490,1675,2834,0,0.4949,0.033845221256819547,0,16.84036291400116
4,x,7,x,1,normal,0,100000,49490,1675,2834,0,0.4949,0.033845221256819547,0,16.84036291400116
4,x,12,x,1,normal,0,100000,20983,5132,9039,0,0.20983,0.24457894486012488,0,10.577832795999711
4,x,12,z,1,normal,0,100000,20983,5132,9039,0,0.20983,0.24457894486012488,0,10.577832795999711
4,x,12,x,1,normal,0,100000,20983,5132,9039,0,0.20983,0.24457894486012488,0,10.577832795999711
4,x,12,z,1,normal,0,100000,20983,5132,9039,0,0.20983,0.24457894486012488,0,10.577832795999711
4,x,14,x,1,normal,0,100000,26247,6155,10706,0,0.26247,0.2345029908179983,0,10.835437210000237
4,x,14,x,1,normal,0,100000,26247,6155,10706,0,0.26247,0.2345029908179983,0,10.835437210000237
4,x,14,z,1,normal,0,100000,26247,6155,10706,0,0.26247,0.2345029908179983,0,10.835437210000237
4,x,14,z,1,normal,0,100000,26247,6155,10706,0,0.26247,0.2345029908179983,0,10.835437210000237
4,x,4,x,0.8,normal,0,100000,32831,236,457,0,0.32831,0.007188328104535402,0,10.250709832005668
4,x,4,z,0.8,normal,0,100000,32831,236,457,0,0.32831,0.007188328104535402,0,10.250709832005668
4,x,4,x,0.8,normal,0,100000,32831,236,457,0,0.32831,0.007188328104535402,0,10.250709832005668
4,x,4,x,0.8,normal,0,100000,32831,236,457,0,0.32831,0.007188328104535402,0,10.250709832005668
4,x,3,z,0.8,normal,0,100000,53018,2,3,0,0.53018,3.772303745896988e-05,0,11.867942706994654
4,x,3,x,0.8,normal,0,100000,53018,2,3,0,0.53018,3.772303745896988e-05,0,11.867942706994654
4,x,3,x,0.8,normal,0,100000,53018,2,3,0,0.53018,3.772303745896988e-05,0,11.867942706994654
4,x,3,x,0.8,normal,0,100000,53018,2,3,0,0.53018,3.772303745896988e-05,0,11.867942706994654
4,x,2,x,0.8,normal,0,100000,32051,1,2,0,0.32051,3.1200274562381836e-05,0,12.075344224002038
4,x,2,x,0.8,normal,0,100000,32051,1,2,0,0.32051,3.1200274562381836e-05,0,12.075344224002038
4,x,2,x,0.8,normal,0,100000,32051,1,2,0,0.32051,3.1200274562381836e-05,0,12.075344224002038
4,x,2,x,0.8,normal,0,100000,32051,1,2,0,0.32051,3.1200274562381836e-05,0,12.075344224002038
4,x,15,z,1,normal,0,100000,57499,14518,21626,0,0.57499,0.25249134767561177,0,15.824269181997806
4,x,15,x,1,normal,0,100000,57499,14518,21626,0,0.57499,0.25249134767561177,0,15.824269181997806
4,x,15,z,1,normal,0,100000,57499,14518,21626,0,0.57499,0.25249134767561177,0,15.824269181997806
4,x,15,z,1,normal,0,100000,57499,14518,21626,0,0.57499,0.25249134767561177,0,15.824269181997806
4,x,6,x,0.8,normal,0,100000,39208,549,1014,0,0.39208,0.014002244439910272,0,10.258393978998356
4,x,6,x,0.8,normal,0,100000,39208,549,1014,0,0.39208,0.014002244439910272,0,10.258393978998356
4,x,6,z,0.8,normal,0,100000,39208,549,1014,0,0.39208,0.014002244439910272,0,10.258393978998356
4,x,6,x,0.8,normal,0,100000,39208,549,1014,0,0.39208,0.014002244439910272,0,10.258393978998356
4,x,13,z,1,normal,0,100000,71618,10461,14706,0,0.71618,0.1460666312938088,0,14.594104183001036
4,x,13,z,1,normal,0,100000,71618,10461,14706,0,0.71618,0.1460666312938088,0,14.594104183001036
4,x,13,x,1,normal,0,100000,71618,10461,14706,0,0.71618,0.1460666312938088,0,14.594104183001036
4,x,13,z,1,normal,0,100000,71618,10461,14706,0,0.71618,0.1460666312938088,0,14.594104183001036
4,x,5,z,0.8,normal,0,100000,61995,80,146,0,0.61995,0.0012904266473102721,0,13.194135808000283
4,x,5,z,0.8,normal,0,100000,61995,80,146,0,0.61995,0.0012904266473102721,0,13.194135808000283
4,x,5,x,0.8,normal,0,100000,61995,80,146,0,0.61995,0.0012904266473102721,0,13.194135808000283
4,x,5,x,0.8,normal,0,100000,61995,80,146,0,0.61995,0.0012904266473102721,0,13.194135808000283
4,x,7,z,0.8,normal,0,100000,56532,1290,2255,0,0.56532,0.022818934408830427,0,15.254510140999628
4,x,7,x,0.8,normal,0,100000,56532,1290,2255,0,0.56532,0.022818934408830427,0,15.254510140999628
4,x,7,z,0.8,normal,0,100000,56532,1290,2255,0,0.56532,0.022818934408830427,0,15.254510140999628
4,x,7,x,0.8,normal,0,100000,56532,1290,2255,0,0.56532,0.022818934408830427,0,15.254510140999628
4,x,10,x,0.8,normal,0,100000,31326,776,1369,0,0.31326,0.02477175509161722,0,9.88512334600091
4,x,10,x,0.8,normal,0,100000,31326,776,1369,0,0.31326,0.02477175509161722,0,9.88512334600091
4,x,10,x,0.8,normal,0,100000,31326,776,1369,0,0.31326,0.02477175509161722,0,9.88512334600091
4,x,10,z,0.8,normal,0,100000,31326,776,1369,0,0.31326,0.02477175509161722,0,9.88512334600091
4,x,12,x,0.8,normal,0,100000,27971,5576,9924,0,0.27971,0.1993493260877337,0,9.421759914999711
4,x,12,z,0.8,normal,0,100000,27971,5576,9924,0,0.27971,0.1993493260877337,0,9.421759914999711
4,x,12,x,0.8,normal,0,100000,27971,5576,9924,0,0.27971,0.1993493260877337,0,9.421759914999711
4,x,12,z,0.8,normal,0,100000,27971,5576,9924,0,0.27971,0.1993493260877337,0,9.421759914999711
4,x,8,x,0.8,normal,0,100000,37397,7694,14249,0,0.37397,0.20573842821616706,0,15.290989772001922
4,x,8,z,0.8,normal,0,100000,37397,7694,14249,0,0.37397,0.20573842821616706,0,15.290989772001922
4,x,8,z,0.8,normal,0,100000,37397,7694,14249,0,0.37397,0.20573842821616706,0,15.290989772001922
4,x,8,x,0.8,normal,0,100000,37397,7694,14249,0,0.37397,0.20573842821616706,0,15.290989772001922
4,x,9,z,0.8,normal,0,100000,100000,1136,1809,0,1.0,0.011360000000000037,0,15.045628086998477
4,x,9,z,0.8,normal,0,100000,100000,1136,1809,0,1.0,0.011360000000000037,0,15.045628086998477
4,x,9,z,0.8,normal,0,100000,100000,1136,1809,0,1.0,0.011360000000000037,0,15.045628086998477
4,x,9,x,0.8,normal,0,100000,100000,1136,1809,0,1.0,0.011360000000000037,0,15.045628086998477
4,x,14,x,0.8,normal,0,100000,34431,6968,12375,0,0.34431,0.20237576602480323,0,13.729663413003436
4,x,14,x,0.8,normal,0,100000,34431,6968,12375,0,0.34431,0.20237576602480323,0,13.729663413003436
4,x,14,z,0.8,normal,0,100000,34431,6968,12375,0,0.34431,0.20237576602480323,0,13.729663413003436
4,x,14,z,0.8,normal,0,100000,34431,6968,12375,0,0.34431,0.20237576602480323,0,13.729663413003436
4,x,2,x,0.5,normal,0,100000,49092,0,0,0,0.49092,0.0,0,10.274159877000784
4,x,2,x,0.5,normal,0,100000,49092,0,0,0,0.49092,0.0,0,10.274159877000784
4,x,2,x,0.5,normal,0,100000,49092,0,0,0,0.49092,0.0,0,10.274159877000784
4,x,2,x,0.5,normal,0,100000,49092,0,0,0,0.49092,0.0,0,10.274159877000784
4,x,11,z,0.8,normal,0,100000,53631,1250,2194,0,0.53631,0.02330741548731141,0,14.031300943999668
4,x,11,x,0.8,normal,0,100000,53631,1250,2194,0,0.53631,0.02330741548731141,0,14.031300943999668
4,x,11,x,0.8,normal,0,100000,53631,1250,2194,0,0.53631,0.02330741548731141,0,14.031300943999668
4,x,11,z,0.8,normal,0,100000,53631,1250,2194,0,0.53631,0.02330741548731141,0,14.031300943999668
4,x,15,z,0.8,normal,0,100000,64252,13719,21824,0,0.64252,0.21351864533399734,0,17.16732607599988
4,x,15,x,0.8,normal,0,100000,64252,13719,21824,0,0.64252,0.21351864533399734,0,17.16732607599988
4,x,15,z,0.8,normal,0,100000,64252,13719,21824,0,0.64252,0.21351864533399734,0,17.16732607599988
4,x,15,z,0.8,normal,0,100000,64252,13719,21824,0,0.64252,0.21351864533399734,0,17.16732607599988
4,x,13,z,0.8,normal,0,100000,76603,8164,12233,0,0.76603,0.10657546049110345,0,16.58328745799372
4,x,13,z,0.8,normal,0,100000,76603,8164,12233,0,0.76603,0.10657546049110345,0,16.58328745799372
4,x,13,x,0.8,normal,0,100000,76603,8164,12233,0,0.76603,0.10657546049110345,0,16.58328745799372
4,x,13,z,0.8,normal,0,100000,76603,8164,12233,0,0.76603,0.10657546049110345,0,16.58328745799372
4,x,3,z,0.5,normal,0,100000,67096,2,4,0,0.67096,2.9808036246525837e-05,0,11.619978852999338
4,x,3,x,0.5,normal,0,100000,67096,2,4,0,0.67096,2.9808036246525837e-05,0,11.619978852999338
4,x,3,x,0.5,normal,0,100000,67096,2,4,0,0.67096,2.9808036246525837e-05,0,11.619978852999338
4,x,3,x,0.5,normal,0,100000,67096,2,4,0,0.67096,2.9808036246525837e-05,0,11.619978852999338
4,x,4,x,0.5,normal,0,100000,49581,136,264,0,0.49581,0.0027429862245618164,0,11.266808975997264
4,x,4,z,0.5,normal,0,100000,49581,136,264,0,0.49581,0.0027429862245618164,0,11.266808975997264
4,x,4,x,0.5,normal,0,100000,49581,136,264,0,0.49581,0.0027429862245618164,0,11.266808975997264
4,x,4,x,0.5,normal,0,100000,49581,136,264,0,0.49581,0.0027429862245618164,0,11.266808975997264
4,x,6,x,0.5,normal,0,100000,55548,323,608,0,0.55548,0.005814790811550341,0,12.171749993998674
4,x,6,x,0.5,normal,0,100000,55548,323,608,0,0.55548,0.005814790811550341,0,12.171749993998674
4,x,6,z,0.5,normal,0,100000,55548,323,608,0,0.55548,0.005814790811550341,0,12.171749993998674
4,x,6,x,0.5,normal,0,100000,55548,323,608,0,0.55548,0.005814790811550341,0,12.171749993998674
4,x,5,z,0.5,normal,0,100000,73614,27,50,0,0.73614,0.0003667780585214775,0,12.774347489998036
4,x,5,z,0.5,normal,0,100000,73614,27,50,0,0.73614,0.0003667780585214775,0,12.774347489998036
4,x,5,x,0.5,normal,0,100000,73614,27,50,0,0.73614,0.0003667780585214775,0,12.774347489998036
4,x,5,x,0.5,normal,0,100000,73614,27,50,0,0.73614,0.0003667780585214775,0,12.774347489998036
4,x,7,z,0.5,normal,0,100000,69205,676,1205,0,0.69205,0.009768080341015839,0,14.772249626999837
4,x,7,x,0.5,normal,0,100000,69205,676,1205,0,0.69205,0.009768080341015839,0,14.772249626999837
4,x,7,z,0.5,normal,0,100000,69205,676,1205,0,0.69205,0.009768080341015839,0,14.772249626999837
4,x,7,x,0.5,normal,0,100000,69205,676,1205,0,0.69205,0.009768080341015839,0,14.772249626999837
4,x,8,x,0.5,normal,0,100000,53133,7098,13213,0,0.53133,0.13358929478854953,0,12.438073694997001
4,x,8,z,0.5,normal,0,100000,53133,7098,13213,0,0.53133,0.13358929478854953,0,12.438073694997001
4,x,8,z,0.5,normal,0,100000,53133,7098,13213,0,0.53133,0.13358929478854953,0,12.438073694997001
4,x,8,x,0.5,normal,0,100000,53133,7098,13213,0,0.53133,0.13358929478854953,0,12.438073694997001
4,x,9,z,0.5,normal,0,100000,100000,238,401,0,1.0,0.0023800000000000487,0,13.510494998001377
4,x,9,z,0.5,normal,0,100000,100000,238,401,0,1.0,0.0023800000000000487,0,13.510494998001377
4,x,9,z,0.5,normal,0,100000,100000,238,401,0,1.0,0.0023800000000000487,0,13.510494998001377
4,x,9,x,0.5,normal,0,100000,100000,238,401,0,1.0,0.0023800000000000487,0,13.510494998001377
4,x,10,x,0.5,normal,0,100000,47545,542,981,0,0.47545,0.011399726574823799,0,12.90569230899564
4,x,10,x,0.5,normal,0,100000,47545,542,981,0,0.47545,0.011399726574823799,0,12.90569230899564
4,x,10,x,0.5,normal,0,100000,47545,542,981,0,0.47545,0.011399726574823799,0,12.90569230899564
4,x,10,z,0.5,normal,0,100000,47545,542,981,0,0.47545,0.011399726574823799,0,12.90569230899564
4,x,12,x,0.5,normal,0,100000,44439,5641,10368,0,0.44439,0.12693804991111413,0,11.754439725998964
4,x,12,z,0.5,normal,0,100000,44439,5641,10368,0,0.44439,0.12693804991111413,0,11.754439725998964
4,x,12,x,0.5,normal,0,100000,44439,5641,10368,0,0.44439,0.12693804991111413,0,11.754439725998964
4,x,12,z,0.5,normal,0,100000,44439,5641,10368,0,0.44439,0.12693804991111413,0,11.754439725998964
4,x,14,x,0.5,normal,0,100000,51047,6786,12401,0,0.51047,0.13293631359335512,0,11.987028390001797
4,x,14,x,0.5,normal,0,100000,51047,6786,12401,0,0.51047,0.13293631359335512,0,11.987028390001797
4,x,14,z,0.5,normal,0,100000,51047,6786,12401,0,0.51047,0.13293631359335512,0,11.987028390001797
4,x,14,z,0.5,normal,0,100000,51047,6786,12401,0,0.51047,0.13293631359335512,0,11.987028390001797
4,x,11,z,0.5,normal,0,100000,67263,676,1234,0,0.67263,0.010050101839049752,0,14.912201200000709
4,x,11,x,0.5,normal,0,100000,67263,676,1234,0,0.67263,0.010050101839049752,0,14.912201200000709
4,x,11,x,0.5,normal,0,100000,67263,676,1234,0,0.67263,0.010050101839049752,0,14.912201200000709
4,x,11,z,0.5,normal,0,100000,67263,676,1234,0,0.67263,0.010050101839049752,0,14.912201200000709
4,x,2,x,0.3,normal,0,100000,65195,0,0,0,0.65195,0.0,0,9.78508715499629
4,x,2,x,0.3,normal,0,100000,65195,0,0,0,0.65195,0.0,0,9.78508715499629
4,x,2,x,0.3,normal,0,100000,65195,0,0,0,0.65195,0.0,0,9.78508715499629
4,x,2,x,0.3,normal,0,100000,65195,0,0,0,0.65195,0.0,0,9.78508715499629
4,x,3,z,0.3,normal,0,100000,78806,0,0,0,0.78806,0.0,0,10.377309563999006
4,x,3,x,0.3,normal,0,100000,78806,0,0,0,0.78806,0.0,0,10.377309563999006
4,x,3,x,0.3,normal,0,100000,78806,0,0,0,0.78806,0.0,0,10.377309563999006
4,x,3,x,0.3,normal,0,100000,78806,0,0,0,0.78806,0.0,0,10.377309563999006
4,x,13,z,0.5,normal,0,100000,84347,4208,7031,0,0.84347,0.04988914839887604,0,16.09726741299528
4,x,13,z,0.5,normal,0,100000,84347,4208,7031,0,0.84347,0.04988914839887604,0,16.09726741299528
4,x,13,x,0.5,normal,0,100000,84347,4208,7031,0,0.84347,0.04988914839887604,0,16.09726741299528
4,x,13,z,0.5,normal,0,100000,84347,4208,7031,0,0.84347,0.04988914839887604,0,16.09726741299528
4,x,15,z,0.5,normal,0,100000,75940,11226,19154,0,0.7594,0.14782723202528314,0,18.85756471700006
4,x,15,x,0.5,normal,0,100000,75940,11226,19154,0,0.7594,0.14782723202528314,0,18.85756471700006
4,x,15,z,0.5,normal,0,100000,75940,11226,19154,0,0.7594,0.14782723202528314,0,18.85756471700006
4,x,15,z,0.5,normal,0,100000,75940,11226,19154,0,0.7594,0.14782723202528314,0,18.85756471700006
4,x,4,x,0.3,normal,0,100000,65400,64,125,0,0.654,0.000978593272171202,0,14.2939689479972
4,x,4,z,0.3,normal,0,100000,65400,64,125,0,0.654,0.000978593272171202,0,14.2939689479972
4,x,4,x,0.3,normal,0,100000,65400,64,125,0,0.654,0.000978593272171202,0,14.2939689479972
4,x,4,x,0.3,normal,0,100000,65400,64,125,0,0.654,0.000978593272171202,0,14.2939689479972
4,x,5,z,0.3,normal,0,100000,83104,6,9,0,0.83104,7.21986907971095e-05,0,11.610628331000044
4,x,5,z,0.3,normal,0,100000,83104,6,9,0,0.83104,7.21986907971095e-05,0,11.610628331000044
4,x,5,x,0.3,normal,0,100000,83104,6,9,0,0.83104,7.21986907971095e-05,0,11.610628331000044
4,x,5,x,0.3,normal,0,100000,83104,6,9,0,0.83104,7.21986907971095e-05,0,11.610628331000044
4,x,6,x,0.3,normal,0,100000,70074,200,383,0,0.70074,0.0028541256386106495,0,14.99754876899533
4,x,6,x,0.3,normal,0,100000,70074,200,383,0,0.70074,0.0028541256386106495,0,14.99754876899533
4,x,6,z,0.3,normal,0,100000,70074,200,383,0,0.70074,0.0028541256386106495,0,14.99754876899533
4,x,6,x,0.3,normal,0,100000,70074,200,383,0,0.70074,0.0028541256386106495,0,14.99754876899533
4,x,7,z,0.3,normal,0,100000,79756,350,657,0,0.79756,0.004388384572947435,0,15.068536290003976
4,x,7,x,0.3,normal,0,100000,79756,350,657,0,0.79756,0.004388384572947435,0,15.068536290003976
4,x,7,z,0.3,normal,0,100000,79756,350,657,0,0.79756,0.004388384572947435,0,15.068536290003976
4,x,7,x,0.3,normal,0,100000,79756,350,657,0,0.79756,0.004388384572947435,0,15.068536290003976
4,x,9,z,0.3,normal,0,100000,100000,29,58,0,1.0,0.00029000000000001247,0,12.090677307998703
4,x,9,z,0.3,normal,0,100000,100000,29,58,0,1.0,0.00029000000000001247,0,12.090677307998703
4,x,9,z,0.3,normal,0,100000,100000,29,58,0,1.0,0.00029000000000001247,0,12.090677307998703
4,x,9,x,0.3,normal,0,100000,100000,29,58,0,1.0,0.00029000000000001247,0,12.090677307998703
4,x,8,x,0.3,normal,0,100000,67804,5413,10132,0,0.67804,0.07983304819774639,0,13.422753210994415
4,x,8,z,0.3,normal,0,100000,67804,5413,10132,0,0.67804,0.07983304819774639,0,13.422753210994415
4,x,8,z,0.3,normal,0,100000,67804,5413,10132,0,0.67804,0.07983304819774639,0,13.422753210994415
4,x,8,x,0.3,normal,0,100000,67804,5413,10132,0,0.67804,0.07983304819774639,0,13.422753210994415
4,x,12,x,0.3,normal,0,100000,61118,4761,8880,0,0.61118,0.07789849144278282,0,11.936203227000078
4,x,12,z,0.3,normal,0,100000,61118,4761,8880,0,0.61118,0.07789849144278282,0,11.936203227000078
4,x,12,x,0.3,normal,0,100000,61118,4761,8880,0,0.61118,0.07789849144278282,0,11.936203227000078
4,x,12,z,0.3,normal,0,100000,61118,4761,8880,0,0.61118,0.07789849144278282,0,11.936203227000078
4,x,10,x,0.3,normal,0,100000,63343,291,550,0,0.63343,0.004594035647190742,0,18.805890994000947
4,x,10,x,0.3,normal,0,100000,63343,291,550,0,0.63343,0.004594035647190742,0,18.805890994000947
4,x,10,x,0.3,normal,0,100000,63343,291,550,0,0.63343,0.004594035647190742,0,18.805890994000947
4,x,10,z,0.3,normal,0,100000,63343,291,550,0,0.63343,0.004594035647190742,0,18.805890994000947
4,x,2,x,0.1,normal,0,100000,86664,0,0,0,0.86664,0.0,0,8.11765553800069
4,x,2,x,0.1,normal,0,100000,86664,0,0,0,0.86664,0.0,0,8.11765553800069
4,x,2,x,0.1,normal,0,100000,86664,0,0,0,0.86664,0.0,0,8.11765553800069
4,x,2,x,0.1,normal,0,100000,86664,0,0,0,0.86664,0.0,0,8.11765553800069
4,x,11,z,0.3,normal,0,100000,78301,330,619,0,0.78301,0.0042145055618701965,0,14.833461308997357
4,x,11,x,0.3,normal,0,100000,78301,330,619,0,0.78301,0.0042145055618701965,0,14.833461308997357
4,x,11,x,0.3,normal,0,100000,78301,330,619,0,0.78301,0.0042145055618701965,0,14.833461308997357
4,x,11,z,0.3,normal,0,100000,78301,330,619,0,0.78301,0.0042145055618701965,0,14.833461308997357
4,x,14,x,0.3,normal,0,100000,66836,5584,10391,0,0.66836,0.08354778861691303,0,12.836782089005283
4,x,14,x,0.3,normal,0,100000,66836,5584,10391,0,0.66836,0.08354778861691303,0,12.836782089005283
4,x,14,z,0.3,normal,0,100000,66836,5584,10391,0,0.66836,0.08354778861691303,0,12.836782089005283
4,x,14,z,0.3,normal,0,100000,66836,5584,10391,0,0.66836,0.08354778861691303,0,12.836782089005283
4,x,3,z,0.1,normal,0,100000,92431,0,0,0,0.92431,0.0,0,10.125052178998885
4,x,3,x,0.1,normal,0,100000,92431,0,0,0,0.92431,0.0,0,10.125052178998885
4,x,3,x,0.1,normal,0,100000,92431,0,0,0,0.92431,0.0,0,10.125052178998885
4,x,3,x,0.1,normal,0,100000,92431,0,0,0,0.92431,0.0,0,10.125052178998885
4,x,13,z,0.3,normal,0,100000,90363,1903,3426,0,0.90363,0.02105950444319027,0,15.521209147998889
4,x,13,z,0.3,normal,0,100000,90363,1903,3426,0,0.90363,0.02105950444319027,0,15.521209147998889
4,x,13,x,0.3,normal,0,100000,90363,1903,3426,0,0.90363,0.02105950444319027,0,15.521209147998889
4,x,13,z,0.3,normal,0,100000,90363,1903,3426,0,0.90363,0.02105950444319027,0,15.521209147998889
4,x,15,z,0.3,normal,0,100000,84575,7868,14227,0,0.84575,0.09302985515814366,0,17.764514855996822
4,x,15,x,0.3,normal,0,100000,84575,7868,14227,0,0.84575,0.09302985515814366,0,17.764514855996822
4,x,15,z,0.3,normal,0,100000,84575,7868,14227,0,0.84575,0.09302985515814366,0,17.764514855996822
4,x,15,z,0.3,normal,0,100000,84575,7868,14227,0,0.84575,0.09302985515814366,0,17.764514855996822
4,x,5,z,0.1,normal,0,100000,93965,0,0,0,0.93965,0.0,0,9.931151996999688
4,x,5,z,0.1,normal,0,100000,93965,0,0,0,0.93965,0.0,0,9.931151996999688
4,x,5,x,0.1,normal,0,100000,93965,0,0,0,0.93965,0.0,0,9.931151996999688
4,x,5,x,0.1,normal,0,100000,93965,0,0,0,0.93965,0.0,0,9.931151996999688
4,x,4,x,0.1,normal,0,100000,86711,10,19,0,0.86711,0.0001153256218934251,0,13.437044306003372
4,x,4,z,0.1,normal,0,100000,86711,10,19,0,0.86711,0.0001153256218934251,0,13.437044306003372
4,x,4,x,0.1,normal,0,100000,86711,10,19,0,0.86711,0.0001153256218934251,0,13.437044306003372
4,x,4,x,0.1,normal,0,100000,86711,10,19,0,0.86711,0.0001153256218934251,0,13.437044306003372
4,x,6,x,0.1,normal,0,100000,88829,46,93,0,0.88829,0.0005178489006968379,0,14.653080792995752
4,x,6,x,0.1,normal,0,100000,88829,46,93,0,0.88829,0.0005178489006968379,0,14.653080792995752
4,x,6,z,0.1,normal,0,100000,88829,46,93,0,0.88829,0.0005178489006968379,0,14.653080792995752
4,x,6,x,0.1,normal,0,100000,88829,46,93,0,0.88829,0.0005178489006968379,0,14.653080792995752
4,x,8,x,0.1,normal,0,100000,87582,2384,4551,0,0.87582,0.027220205064967695,0,13.639810262000537
4,x,8,z,0.1,normal,0,100000,87582,2384,4551,0,0.87582,0.027220205064967695,0,13.639810262000537
4,x,8,z,0.1,normal,0,100000,87582,2384,4551,0,0.87582,0.027220205064967695,0,13.639810262000537
4,x,8,x,0.1,normal,0,100000,87582,2384,4551,0,0.87582,0.027220205064967695,0,13.639810262000537
4,x,9,z,0.1,normal,0,100000,100000,0,0,0,1.0,0.0,0,12.855179373997089
4,x,9,z,0.1,normal,0,100000,100000,0,0,0,1.0,0.0,0,12.855179373997089
4,x,9,z,0.1,normal,0,100000,100000,0,0,0,1.0,0.0,0,12.855179373997089
4,x,9,x,0.1,normal,0,100000,100000,0,0,0,1.0,0.0,0,12.855179373997089
4,x,10,x,0.1,normal,0,100000,85545,67,132,0,0.85545,0.0007832135133555296,0,14.798490084998775
4,x,10,x,0.1,normal,0,100000,85545,67,132,0,0.85545,0.0007832135133555296,0,14.798490084998775
4,x,10,x,0.1,normal,0,100000,85545,67,132,0,0.85545,0.0007832135133555296,0,14.798490084998775
4,x,10,z,0.1,normal,0,100000,85545,67,132,0,0.85545,0.0007832135133555296,0,14.798490084998775
4,x,7,z,0.1,normal,0,100000,92767,82,159,0,0.92767,0.0008839350199962848,0,16.163629848997516
4,x,7,x,0.1,normal,0,100000,92767,82,159,0,0.92767,0.0008839350199962848,0,16.163629848997516
4,x,7,z,0.1,normal,0,100000,92767,82,159,0,0.92767,0.0008839350199962848,0,16.163629848997516
4,x,7,x,0.1,normal,0,100000,92767,82,159,0,0.92767,0.0008839350199962848,0,16.163629848997516
4,x,12,x,0.1,normal,0,100000,84849,2303,4406,0,0.84849,0.027142335207250512,0,13.36358430400287
4,x,12,z,0.1,normal,0,100000,84849,2303,4406,0,0.84849,0.027142335207250512,0,13.36358430400287
4,x,12,x,0.1,normal,0,100000,84849,2303,4406,0,0.84849,0.027142335207250512,0,13.36358430400287
4,x,12,z,0.1,normal,0,100000,84849,2303,4406,0,0.84849,0.027142335207250512,0,13.36358430400287
4,x,2,x,1,m1,0,100000,25993,2,3,0,0.25993,7.6943792559514e-05,0,5.918077496004116
4,x,2,x,1,m1,0,100000,25993,2,3,0,0.25993,7.6943792559514e-05,0,5.918077496004116
4,x,2,x,1,m1,0,100000,25993,2,3,0,0.25993,7.6943792559514e-05,0,5.918077496004116
4,x,2,x,1,m1,0,100000,25993,2,3,0,0.25993,7.6943792559514e-05,0,5.918077496004116
4,x,3,z,1,m1,0,100000,57186,2,5,0,0.57186,3.497359493587204e-05,0,4.091428765001183
4,x,3,x,1,m1,0,100000,57186,2,5,0,0.57186,3.497359493587204e-05,0,4.091428765001183
4,x,3,x,1,m1,0,100000,57186,2,5,0,0.57186,3.497359493587204e-05,0,4.091428765001183
4,x,3,x,1,m1,0,100000,57186,2,5,0,0.57186,3.497359493587204e-05,0,4.091428765001183
4,x,11,z,0.1,normal,0,100000,92274,75,148,0,0.92274,0.0008127966707848211,0,15.905213228004868
4,x,11,x,0.1,normal,0,100000,92274,75,148,0,0.92274,0.0008127966707848211,0,15.905213228004868
4,x,11,x,0.1,normal,0,100000,92274,75,148,0,0.92274,0.0008127966707848211,0,15.905213228004868
4,x,11,z,0.1,normal,0,100000,92274,75,148,0,0.92274,0.0008127966707848211,0,15.905213228004868
4,x,14,x,0.1,normal,0,100000,87339,2570,4907,0,0.87339,0.02942557162321524,0,14.92167832499399
4,x,14,x,0.1,normal,0,100000,87339,2570,4907,0,0.87339,0.02942557162321524,0,14.92167832499399
4,x,14,z,0.1,normal,0,100000,87339,2570,4907,0,0.87339,0.02942557162321524,0,14.92167832499399
4,x,14,z,0.1,normal,0,100000,87339,2570,4907,0,0.87339,0.02942557162321524,0,14.92167832499399
4,x,9,z,1,m1,0,100000,100000,87,160,0,1.0,0.0008700000000000374,0,1.243384335997689
4,x,9,z,1,m1,0,100000,100000,87,160,0,1.0,0.0008700000000000374,0,1.243384335997689
4,x,9,z,1,m1,0,100000,100000,87,160,0,1.0,0.0008700000000000374,0,1.243384335997689
4,x,9,x,1,m1,0,100000,100000,87,160,0,1.0,0.0008700000000000374,0,1.243384335997689
4,x,5,z,1,m1,0,100000,70459,30,54,0,0.70459,0.0004257795313586943,0,3.67821191099938
4,x,5,z,1,m1,0,100000,70459,30,54,0,0.70459,0.0004257795313586943,0,3.67821191099938
4,x,5,x,1,m1,0,100000,70459,30,54,0,0.70459,0.0004257795313586943,0,3.67821191099938
4,x,5,x,1,m1,0,100000,70459,30,54,0,0.70459,0.0004257795313586943,0,3.67821191099938
4,x,13,z,0.1,normal,0,100000,96816,252,483,0,0.96816,0.0026028755577590657,0,16.5616359179985
4,x,13,z,0.1,normal,0,100000,96816,252,483,0,0.96816,0.0026028755577590657,0,16.5616359179985
4,x,13,x,0.1,normal,0,100000,96816,252,483,0,0.96816,0.0026028755577590657,0,16.5616359179985
4,x,13,z,0.1,normal,0,100000,96816,252,483,0,0.96816,0.0026028755577590657,0,16.5616359179985
4,x,15,z,0.1,normal,0,100000,94603,3161,6120,0,0.94603,0.033413316702430196,0,19.4361961120012
4,x,15,x,0.1,normal,0,100000,94603,3161,6120,0,0.94603,0.033413316702430196,0,19.4361961120012
4,x,15,z,0.1,normal,0,100000,94603,3161,6120,0,0.94603,0.033413316702430196,0,19.4361961120012
4,x,15,z,0.1,normal,0,100000,94603,3161,6120,0,0.94603,0.033413316702430196,0,19.4361961120012
4,x,4,x,1,m1,0,100000,38566,412,799,0,0.38566,0.010682985012705482,0,11.252637675999722
4,x,4,z,1,m1,0,100000,38566,412,799,0,0.38566,0.010682985012705482,0,11.252637675999722
4,x,4,x,1,m1,0,100000,38566,412,799,0,0.38566,0.010682985012705482,0,11.252637675999722
4,x,4,x,1,m1,0,100000,38566,412,799,0,0.38566,0.010682985012705482,0,11.252637675999722
4,x,6,x,1,m1,0,100000,30396,530,993,0,0.30396,0.01743650480326364,0,10.139691902004415
4,x,6,x,1,m1,0,100000,30396,530,993,0,0.30396,0.01743650480326364,0,10.139691902004415
4,x,6,z,1,m1,0,100000,30396,530,993,0,0.30396,0.01743650480326364,0,10.139691902004415
4,x,6,x,1,m1,0,100000,30396,530,993,0,0.30396,0.01743650480326364,0,10.139691902004415
4,x,8,x,1,m1,0,100000,37888,9342,17513,0,0.37888,0.24656883445945943,0,10.294945399000426
4,x,8,z,1,m1,0,100000,37888,9342,17513,0,0.37888,0.24656883445945943,0,10.294945399000426
4,x,8,z,1,m1,0,100000,37888,9342,17513,0,0.37888,0.24656883445945943,0,10.294945399000426
4,x,8,x,1,m1,0,100000,37888,9342,17513,0,0.37888,0.24656883445945943,0,10.294945399000426
4,x,2,x,0.8,m1,0,100000,34238,1,2,0,0.34238,2.9207313511303568e-05,0,4.814836705998459
4,x,2,x,0.8,m1,0,100000,34238,1,2,0,0.34238,2.9207313511303568e-05,0,4.814836705998459
4,x,2,x,0.8,m1,0,100000,34238,1,2,0,0.34238,2.9207313511303568e-05,0,4.814836705998459
4,x,2,x,0.8,m1,0,100000,34238,1,2,0,0.34238,2.9207313511303568e-05,0,4.814836705998459
4,x,7,z,1,m1,0,100000,63462,2588,4471,0,0.63462,0.0407803094765371,0,12.86184180300188
4,x,7,x,1,m1,0,100000,63462,2588,4471,0,0.63462,0.0407803094765371,0,12.86184180300188
4,x,7,z,1,m1,0,100000,63462,2588,4471,0,0.63462,0.0407803094765371,0,12.86184180300188
4,x,7,x,1,m1,0,100000,63462,2588,4471,0,0.63462,0.0407803094765371,0,12.86184180300188
4,x,10,x,1,m1,0,100000,35143,1124,1973,0,0.35143,0.0319836098227243,0,11.673142526997253
4,x,10,x,1,m1,0,100000,35143,1124,1973,0,0.35143,0.0319836098227243,0,11.673142526997253
4,x,10,x,1,m1,0,100000,35143,1124,1973,0,0.35143,0.0319836098227243,0,11.673142526997253
4,x,10,z,1,m1,0,100000,35143,1124,1973,0,0.35143,0.0319836098227243,0,11.673142526997253
4,x,3,z,0.8,m1,0,100000,64108,0,1,0,0.64108,0.0,0,3.447429904997989
4,x,3,x,0.8,m1,0,100000,64108,0,1,0,0.64108,0.0,0,3.447429904997989
4,x,3,x,0.8,m1,0,100000,64108,0,1,0,0.64108,0.0,0,3.447429904997989
4,x,3,x,0.8,m1,0,100000,64108,0,1,0,0.64108,0.0,0,3.447429904997989
4,x,12,x,1,m1,0,100000,35364,6949,12950,0,0.35364,0.196499264789051,0,11.46455248699931
4,x,12,z,1,m1,0,100000,35364,6949,12950,0,0.35364,0.196499264789051,0,11.46455248699931
4,x,12,x,1,m1,0,100000,35364,6949,12950,0,0.35364,0.196499264789051,0,11.46455248699931
4,x,12,z,1,m1,0,100000,35364,6949,12950,0,0.35364,0.196499264789051,0,11.46455248699931
4,x,14,x,1,m1,0,100000,30191,5988,10573,0,0.30191,0.1983372528236892,0,11.186837276000006
4,x,14,x,1,m1,0,100000,30191,5988,10573,0,0.30191,0.1983372528236892,0,11.186837276000006
4,x,14,z,1,m1,0,100000,30191,5988,10573,0,0.30191,0.1983372528236892,0,11.186837276000006
4,x,14,z,1,m1,0,100000,30191,5988,10573,0,0.30191,0.1983372528236892,0,11.186837276000006
4,x,9,z,0.8,m1,0,100000,100000,42,79,0,1.0,0.00041999999999997595,0,1.1772553510018042
4,x,9,z,0.8,m1,0,100000,100000,42,79,0,1.0,0.00041999999999997595,0,1.1772553510018042
4,x,9,z,0.8,m1,0,100000,100000,42,79,0,1.0,0.00041999999999997595,0,1.1772553510018042
4,x,9,x,0.8,m1,0,100000,100000,42,79,0,1.0,0.00041999999999997595,0,1.1772553510018042
4,x,11,z,1,m1,0,100000,59879,1984,3497,0,0.59879,0.03313348586315734,0,15.715604095996241
4,x,11,x,1,m1,0,100000,59879,1984,3497,0,0.59879,0.03313348586315734,0,15.715604095996241
4,x,11,x,1,m1,0,100000,59879,1984,3497,0,0.59879,0.03313348586315734,0,15.715604095996241
4,x,11,z,1,m1,0,100000,59879,1984,3497,0,0.59879,0.03313348586315734,0,15.715604095996241
4,x,5,z,0.8,m1,0,100000,75600,18,35,0,0.756,0.00023809523809525945,0,3.199777718997211
4,x,5,z,0.8,m1,0,100000,75600,18,35,0,0.756,0.00023809523809525945,0,3.199777718997211
4,x,5,x,0.8,m1,0,100000,75600,18,35,0,0.756,0.00023809523809525945,0,3.199777718997211
4,x,5,x,0.8,m1,0,100000,75600,18,35,0,0.756,0.00023809523809525945,0,3.199777718997211
4,x,13,z,1,m1,0,100000,69196,2169,3778,0,0.69196,0.03134574252846989,0,14.13968871600082
4,x,13,z,1,m1,0,100000,69196,2169,3778,0,0.69196,0.03134574252846989,0,14.13968871600082
4,x,13,x,1,m1,0,100000,69196,2169,3778,0,0.69196,0.03134574252846989,0,14.13968871600082
4,x,13,z,1,m1,0,100000,69196,2169,3778,0,0.69196,0.03134574252846989,0,14.13968871600082
4,x,15,z,1,m1,0,100000,62757,15372,23699,0,0.62757,0.2449447870357092,0,14.147298543000943
4,x,15,x,1,m1,0,100000,62757,15372,23699,0,0.62757,0.2449447870357092,0,14.147298543000943
4,x,15,z,1,m1,0,100000,62757,15372,23699,0,0.62757,0.2449447870357092,0,14.147298543000943
4,x,15,z,1,m1,0,100000,62757,15372,23699,0,0.62757,0.2449447870357092,0,14.147298543000943
4,x,4,x,0.8,m1,0,100000,46706,318,619,0,0.46706,0.006808547081745386,0,10.166188878996763
4,x,4,z,0.8,m1,0,100000,46706,318,619,0,0.46706,0.006808547081745386,0,10.166188878996763
4,x,4,x,0.8,m1,0,100000,46706,318,619,0,0.46706,0.006808547081745386,0,10.166188878996763
4,x,4,x,0.8,m1,0,100000,46706,318,619,0,0.46706,0.006808547081745386,0,10.166188878996763
4,x,6,x,0.8,m1,0,100000,38587,474,871,0,0.38587,0.012283929820924189,0,10.246998483002244
4,x,6,x,0.8,m1,0,100000,38587,474,871,0,0.38587,0.012283929820924189,0,10.246998483002244
4,x,6,z,0.8,m1,0,100000,38587,474,871,0,0.38587,0.012283929820924189,0,10.246998483002244
4,x,6,x,0.8,m1,0,100000,38587,474,871,0,0.38587,0.012283929820924189,0,10.246998483002244
4,x,2,x,0.5,m1,0,100000,50470,0,1,0,0.5047,0.0,0,3.5286668260014267
4,x,2,x,0.5,m1,0,100000,50470,0,1,0,0.5047,0.0,0,3.5286668260014267
4,x,2,x,0.5,m1,0,100000,50470,0,1,0,0.5047,0.0,0,3.5286668260014267
4,x,2,x,0.5,m1,0,100000,50470,0,1,0,0.5047,0.0,0,3.5286668260014267
4,x,7,z,0.8,m1,0,100000,69166,1967,3500,0,0.69166,0.028438828326056154,0,12.565096485996037
4,x,7,x,0.8,m1,0,100000,69166,1967,3500,0,0.69166,0.028438828326056154,0,12.565096485996037
4,x,7,z,0.8,m1,0,100000,69166,1967,3500,0,0.69166,0.028438828326056154,0,12.565096485996037
4,x,7,x,0.8,m1,0,100000,69166,1967,3500,0,0.69166,0.028438828326056154,0,12.565096485996037
4,x,8,x,0.8,m1,0,100000,45951,9377,17680,0,0.45951,0.20406519988683602,0,14.267783580005926
4,x,8,z,0.8,m1,0,100000,45951,9377,17680,0,0.45951,0.20406519988683602,0,14.267783580005926
4,x,8,z,0.8,m1,0,100000,45951,9377,17680,0,0.45951,0.20406519988683602,0,14.267783580005926
4,x,8,x,0.8,m1,0,100000,45951,9377,17680,0,0.45951,0.20406519988683602,0,14.267783580005926
4,x,10,x,0.8,m1,0,100000,43086,923,1662,0,0.43086,0.02142227173559852,0,10.6906537199975
4,x,10,x,0.8,m1,0,100000,43086,923,1662,0,0.43086,0.02142227173559852,0,10.6906537199975
4,x,10,x,0.8,m1,0,100000,43086,923,1662,0,0.43086,0.02142227173559852,0,10.6906537199975
4,x,10,z,0.8,m1,0,100000,43086,923,1662,0,0.43086,0.02142227173559852,0,10.6906537199975
4,x,3,z,0.5,m1,0,100000,75655,0,0,0,0.75655,0.0,0,2.4320430450025015
4,x,3,x,0.5,m1,0,100000,75655,0,0,0,0.75655,0.0,0,2.4320430450025015
4,x,3,x,0.5,m1,0,100000,75655,0,0,0,0.75655,0.0,0,2.4320430450025015
4,x,3,x,0.5,m1,0,100000,75655,0,0,0,0.75655,0.0,0,2.4320430450025015
4,x,12,x,0.8,m1,0,100000,43347,7064,13292,0,0.43347,0.1629639882806192,0,11.40532680600154
4,x,12,z,0.8,m1,0,100000,43347,7064,13292,0,0.43347,0.1629639882806192,0,11.40532680600154
4,x,12,x,0.8,m1,0,100000,43347,7064,13292,0,0.43347,0.1629639882806192,0,11.40532680600154
4,x,12,z,0.8,m1,0,100000,43347,7064,13292,0,0.43347,0.1629639882806192,0,11.40532680600154
4,x,9,z,0.5,m1,0,100000,100000,8,15,0,1.0,7.999999999996898e-05,0,0.821475674994872
4,x,9,z,0.5,m1,0,100000,100000,8,15,0,1.0,7.999999999996898e-05,0,0.821475674994872
4,x,9,z,0.5,m1,0,100000,100000,8,15,0,1.0,7.999999999996898e-05,0,0.821475674994872
4,x,9,x,0.5,m1,0,100000,100000,8,15,0,1.0,7.999999999996898e-05,0,0.821475674994872
4,x,5,z,0.5,m1,0,100000,83656,2,5,0,0.83656,2.390743042934851e-05,0,1.9161715779991937
4,x,5,z,0.5,m1,0,100000,83656,2,5,0,0.83656,2.390743042934851e-05,0,1.9161715779991937
4,x,5,x,0.5,m1,0,100000,83656,2,5,0,0.83656,2.390743042934851e-05,0,1.9161715779991937
4,x,5,x,0.5,m1,0,100000,83656,2,5,0,0.83656,2.390743042934851e-05,0,1.9161715779991937
4,x,11,z,0.8,m1,0,100000,66091,1496,2715,0,0.66091,0.022635457172686113,0,14.264048844001081
4,x,11,x,0.8,m1,0,100000,66091,1496,2715,0,0.66091,0.022635457172686113,0,14.264048844001081
4,x,11,x,0.8,m1,0,100000,66091,1496,2715,0,0.66091,0.022635457172686113,0,14.264048844001081
4,x,11,z,0.8,m1,0,100000,66091,1496,2715,0,0.66091,0.022635457172686113,0,14.264048844001081
4,x,13,z,0.8,m1,0,100000,74450,1571,2772,0,0.7445,0.021101410342511784,0,12.148569468998176
4,x,13,z,0.8,m1,0,100000,74450,1571,2772,0,0.7445,0.021101410342511784,0,12.148569468998176
4,x,13,x,0.8,m1,0,100000,74450,1571,2772,0,0.7445,0.021101410342511784,0,12.148569468998176
4,x,13,z,0.8,m1,0,100000,74450,1571,2772,0,0.7445,0.021101410342511784,0,12.148569468998176
4,x,14,x,0.8,m1,0,100000,38452,6312,11413,0,0.38452,0.16415270987204822,0,13.008179584998288
4,x,14,x,0.8,m1,0,100000,38452,6312,11413,0,0.38452,0.16415270987204822,0,13.008179584998288
4,x,14,z,0.8,m1,0,100000,38452,6312,11413,0,0.38452,0.16415270987204822,0,13.008179584998288
4,x,14,z,0.8,m1,0,100000,38452,6312,11413,0,0.38452,0.16415270987204822,0,13.008179584998288
4,x,15,z,0.8,m1,0,100000,69082,14412,23185,0,0.69082,0.2086216380533279,0,14.820840006999788
4,x,15,x,0.8,m1,0,100000,69082,14412,23185,0,0.69082,0.2086216380533279,0,14.820840006999788
4,x,15,z,0.8,m1,0,100000,69082,14412,23185,0,0.69082,0.2086216380533279,0,14.820840006999788
4,x,15,z,0.8,m1,0,100000,69082,14412,23185,0,0.69082,0.2086216380533279,0,14.820840006999788
4,x,4,x,0.5,m1,0,100000,62060,167,328,0,0.6206,0.0026909442475023804,0,10.64761471899692
4,x,4,z,0.5,m1,0,100000,62060,167,328,0,0.6206,0.0026909442475023804,0,10.64761471899692
4,x,4,x,0.5,m1,0,100000,62060,167,328,0,0.6206,0.0026909442475023804,0,10.64761471899692
4,x,4,x,0.5,m1,0,100000,62060,167,328,0,0.6206,0.0026909442475023804,0,10.64761471899692
4,x,8,x,0.5,m1,0,100000,61047,8388,15791,0,0.61047,0.13740232935279373,0,12.320132512999407
4,x,8,z,0.5,m1,0,100000,61047,8388,15791,0,0.61047,0.13740232935279373,0,12.320132512999407
4,x,8,z,0.5,m1,0,100000,61047,8388,15791,0,0.61047,0.13740232935279373,0,12.320132512999407
4,x,8,x,0.5,m1,0,100000,61047,8388,15791,0,0.61047,0.13740232935279373,0,12.320132512999407
4,x,2,x,0.3,m1,0,100000,66409,0,1,0,0.66409,0.0,0,2.337618994002696
4,x,2,x,0.3,m1,0,100000,66409,0,1,0,0.66409,0.0,0,2.337618994002696
4,x,2,x,0.3,m1,0,100000,66409,0,1,0,0.66409,0.0,0,2.337618994002696
4,x,2,x,0.3,m1,0,100000,66409,0,1,0,0.66409,0.0,0,2.337618994002696
4,x,6,x,0.5,m1,0,100000,54842,265,504,0,0.54842,0.0048320630173954715,0,13.173207828003797
4,x,6,x,0.5,m1,0,100000,54842,265,504,0,0.54842,0.0048320630173954715,0,13.173207828003797
4,x,6,z,0.5,m1,0,100000,54842,265,504,0,0.54842,0.0048320630173954715,0,13.173207828003797
4,x,6,x,0.5,m1,0,100000,54842,265,504,0,0.54842,0.0048320630173954715,0,13.173207828003797
4,x,7,z,0.5,m1,0,100000,79198,1060,1941,0,0.79198,0.013384176368090084,0,12.361888017003366
4,x,7,x,0.5,m1,0,100000,79198,1060,1941,0,0.79198,0.013384176368090084,0,12.361888017003366
4,x,7,z,0.5,m1,0,100000,79198,1060,1941,0,0.79198,0.013384176368090084,0,12.361888017003366
4,x,7,x,0.5,m1,0,100000,79198,1060,1941,0,0.79198,0.013384176368090084,0,12.361888017003366
4,x,10,x,0.5,m1,0,100000,58327,588,1097,0,0.58327,0.010081094518833433,0,11.638851535004505
4,x,10,x,0.5,m1,0,100000,58327,588,1097,0,0.58327,0.010081094518833433,0,11.638851535004505
4,x,10,x,0.5,m1,0,100000,58327,588,1097,0,0.58327,0.010081094518833433,0,11.638851535004505
4,x,10,z,0.5,m1,0,100000,58327,588,1097,0,0.58327,0.010081094518833433,0,11.638851535004505
4,x,14,x,0.5,m1,0,100000,55056,5900,10814,0,0.55056,0.10716361522813134,0,11.682183039003576
4,x,14,x,0.5,m1,0,100000,55056,5900,10814,0,0.55056,0.10716361522813134,0,11.682183039003576
4,x,14,z,0.5,m1,0,100000,55056,5900,10814,0,0.55056,0.10716361522813134,0,11.682183039003576
4,x,14,z,0.5,m1,0,100000,55056,5900,10814,0,0.55056,0.10716361522813134,0,11.682183039003576
4,x,5,z,0.3,m1,0,100000,89882,0,1,0,0.89882,0.0,0,1.4622815390030155
4,x,5,z,0.3,m1,0,100000,89882,0,1,0,0.89882,0.0,0,1.4622815390030155
4,x,5,x,0.3,m1,0,100000,89882,0,1,0,0.89882,0.0,0,1.4622815390030155
4,x,5,x,0.3,m1,0,100000,89882,0,1,0,0.89882,0.0,0,1.4622815390030155
4,x,3,z,0.3,m1,0,100000,84578,0,1,0,0.84578,0.0,0,2.578316425999219
4,x,3,x,0.3,m1,0,100000,84578,0,1,0,0.84578,0.0,0,2.578316425999219
4,x,3,x,0.3,m1,0,100000,84578,0,1,0,0.84578,0.0,0,2.578316425999219
4,x,3,x,0.3,m1,0,100000,84578,0,1,0,0.84578,0.0,0,2.578316425999219
4,x,12,x,0.5,m1,0,100000,58952,6293,11928,0,0.58952,0.10674786266793324,0,14.860281011999177
4,x,12,z,0.5,m1,0,100000,58952,6293,11928,0,0.58952,0.10674786266793324,0,14.860281011999177
4,x,12,x,0.5,m1,0,100000,58952,6293,11928,0,0.58952,0.10674786266793324,0,14.860281011999177
4,x,12,z,0.5,m1,0,100000,58952,6293,11928,0,0.58952,0.10674786266793324,0,14.860281011999177
4,x,11,z,0.5,m1,0,100000,76997,826,1505,0,0.76997,0.010727690689247615,0,14.408643613001914
4,x,11,x,0.5,m1,0,100000,76997,826,1505,0,0.76997,0.010727690689247615,0,14.408643613001914
4,x,11,x,0.5,m1,0,100000,76997,826,1505,0,0.76997,0.010727690689247615,0,14.408643613001914
4,x,11,z,0.5,m1,0,100000,76997,826,1505,0,0.76997,0.010727690689247615,0,14.408643613001914
4,x,9,z,0.3,m1,0,100000,100000,0,1,0,1.0,0.0,0,0.5148327480055741
4,x,9,z,0.3,m1,0,100000,100000,0,1,0,1.0,0.0,0,0.5148327480055741
4,x,9,z,0.3,m1,0,100000,100000,0,1,0,1.0,0.0,0,0.5148327480055741
4,x,9,x,0.3,m1,0,100000,100000,0,1,0,1.0,0.0,0,0.5148327480055741
4,x,13,z,0.5,m1,0,100000,83152,748,1393,0,0.83152,0.008995574369828785,0,13.289981055997487
4,x,13,z,0.5,m1,0,100000,83152,748,1393,0,0.83152,0.008995574369828785,0,13.289981055997487
4,x,13,x,0.5,m1,0,100000,83152,748,1393,0,0.83152,0.008995574369828785,0,13.289981055997487
4,x,13,z,0.5,m1,0,100000,83152,748,1393,0,0.83152,0.008995574369828785,0,13.289981055997487
4,x,15,z,0.5,m1,0,100000,79291,11332,19538,0,0.79291,0.1429165983529026,0,14.816112514999986
4,x,15,x,0.5,m1,0,100000,79291,11332,19538,0,0.79291,0.1429165983529026,0,14.816112514999986
4,x,15,z,0.5,m1,0,100000,79291,11332,19538,0,0.79291,0.1429165983529026,0,14.816112514999986
4,x,15,z,0.5,m1,0,100000,79291,11332,19538,0,0.79291,0.1429165983529026,0,14.816112514999986
4,x,4,x,0.3,m1,0,100000,75323,80,157,0,0.75323,0.0010620925879213372,0,9.554834014001244
4,x,4,z,0.3,m1,0,100000,75323,80,157,0,0.75323,0.0010620925879213372,0,9.554834014001244
4,x,4,x,0.3,m1,0,100000,75323,80,157,0,0.75323,0.0010620925879213372,0,9.554834014001244
4,x,4,x,0.3,m1,0,100000,75323,80,157,0,0.75323,0.0010620925879213372,0,9.554834014001244
4,x,2,x,0.1,m1,0,100000,87294,0,0,0,0.87294,0.0,0,1.2884541340026772
4,x,2,x,0.1,m1,0,100000,87294,0,0,0,0.87294,0.0,0,1.2884541340026772
4,x,2,x,0.1,m1,0,100000,87294,0,0,0,0.87294,0.0,0,1.2884541340026772
4,x,2,x,0.1,m1,0,100000,87294,0,0,0,0.87294,0.0,0,1.2884541340026772
4,x,6,x,0.3,m1,0,100000,69515,130,257,0,0.69515,0.001870099978421913,0,12.587279332001344
4,x,6,x,0.3,m1,0,100000,69515,130,257,0,0.69515,0.001870099978421913,0,12.587279332001344
4,x,6,z,0.3,m1,0,100000,69515,130,257,0,0.69515,0.001870099978421913,0,12.587279332001344
4,x,6,x,0.3,m1,0,100000,69515,130,257,0,0.69515,0.001870099978421913,0,12.587279332001344
4,x,3,z,0.1,m1,0,100000,94423,0,0,0,0.94423,0.0,0,0.8086488999979338
4,x,3,x,0.1,m1,0,100000,94423,0,0,0,0.94423,0.0,0,0.8086488999979338
4,x,3,x,0.1,m1,0,100000,94423,0,0,0,0.94423,0.0,0,0.8086488999979338
4,x,3,x,0.1,m1,0,100000,94423,0,0,0,0.94423,0.0,0,0.8086488999979338
4,x,7,z,0.3,m1,0,100000,86783,522,959,0,0.86783,0.006015002938363545,0,11.757108527999662
4,x,7,x,0.3,m1,0,100000,86783,522,959,0,0.86783,0.006015002938363545,0,11.757108527999662
4,x,7,z,0.3,m1,0,100000,86783,522,959,0,0.86783,0.006015002938363545,0,11.757108527999662
4,x,7,x,0.3,m1,0,100000,86783,522,959,0,0.86783,0.006015002938363545,0,11.757108527999662
4,x,8,x,0.3,m1,0,100000,73935,6266,11813,0,0.73935,0.08475011834719681,0,12.366301313995791
4,x,8,z,0.3,m1,0,100000,73935,6266,11813,0,0.73935,0.08475011834719681,0,12.366301313995791
4,x,8,z,0.3,m1,0,100000,73935,6266,11813,0,0.73935,0.08475011834719681,0,12.366301313995791
4,x,8,x,0.3,m1,0,100000,73935,6266,11813,0,0.73935,0.08475011834719681,0,12.366301313995791
4,x,10,x,0.3,m1,0,100000,71836,276,513,0,0.71836,0.0038420847485940435,0,12.75063745600346
4,x,10,x,0.3,m1,0,100000,71836,276,513,0,0.71836,0.0038420847485940435,0,12.75063745600346
4,x,10,x,0.3,m1,0,100000,71836,276,513,0,0.71836,0.0038420847485940435,0,12.75063745600346
4,x,10,z,0.3,m1,0,100000,71836,276,513,0,0.71836,0.0038420847485940435,0,12.75063745600346
4,x,13,z,0.3,m1,0,100000,89344,286,545,0,0.89344,0.0032011103151862175,0,10.199353642994538
4,x,13,z,0.3,m1,0,100000,89344,286,545,0,0.89344,0.0032011103151862175,0,10.199353642994538
4,x,13,x,0.3,m1,0,100000,89344,286,545,0,0.89344,0.0032011103151862175,0,10.199353642994538
4,x,13,z,0.3,m1,0,100000,89344,286,545,0,0.89344,0.0032011103151862175,0,10.199353642994538
4,x,5,z,0.1,m1,0,100000,96592,0,0,0,0.96592,0.0,0,0.8515208789976896
4,x,5,z,0.1,m1,0,100000,96592,0,0,0,0.96592,0.0,0,0.8515208789976896
4,x,5,x,0.1,m1,0,100000,96592,0,0,0,0.96592,0.0,0,0.8515208789976896
4,x,5,x,0.1,m1,0,100000,96592,0,0,0,0.96592,0.0,0,0.8515208789976896
4,x,12,x,0.3,m1,0,100000,72672,4807,9246,0,0.72672,0.06614652135623078,0,13.158543567995366
4,x,12,z,0.3,m1,0,100000,72672,4807,9246,0,0.72672,0.06614652135623078,0,13.158543567995366
4,x,12,x,0.3,m1,0,100000,72672,4807,9246,0,0.72672,0.06614652135623078,0,13.158543567995366
4,x,12,z,0.3,m1,0,100000,72672,4807,9246,0,0.72672,0.06614652135623078,0,13.158543567995366
4,x,9,z,0.1,m1,0,100000,100000,0,0,0,1.0,0.0,0,0.6522095710024587
4,x,9,z,0.1,m1,0,100000,100000,0,0,0,1.0,0.0,0,0.6522095710024587
4,x,9,z,0.1,m1,0,100000,100000,0,0,0,1.0,0.0,0,0.6522095710024587
4,x,9,x,0.1,m1,0,100000,100000,0,0,0,1.0,0.0,0,0.6522095710024587
4,x,4,x,0.1,m1,0,100000,90879,8,17,0,0.90879,8.80291376446074e-05,0,8.337522266003361
4,x,4,z,0.1,m1,0,100000,90879,8,17,0,0.90879,8.80291376446074e-05,0,8.337522266003361
4,x,4,x,0.1,m1,0,100000,90879,8,17,0,0.90879,8.80291376446074e-05,0,8.337522266003361
4,x,4,x,0.1,m1,0,100000,90879,8,17,0,0.90879,8.80291376446074e-05,0,8.337522266003361
4,x,14,x,0.3,m1,0,100000,69764,4748,8829,0,0.69764,0.06805802419586038,0,16.71274723100214
4,x,14,x,0.3,m1,0,100000,69764,4748,8829,0,0.69764,0.06805802419586038,0,16.71274723100214
4,x,14,z,0.3,m1,0,100000,69764,4748,8829,0,0.69764,0.06805802419586038,0,16.71274723100214
4,x,14,z,0.3,m1,0,100000,69764,4748,8829,0,0.69764,0.06805802419586038,0,16.71274723100214
4,x,11,z,0.3,m1,0,100000,85316,365,686,0,0.85316,0.0042782127619672705,0,16.16146103499341
4,x,11,x,0.3,m1,0,100000,85316,365,686,0,0.85316,0.0042782127619672705,0,16.16146103499341
4,x,11,x,0.3,m1,0,100000,85316,365,686,0,0.85316,0.0042782127619672705,0,16.16146103499341
4,x,11,z,0.3,m1,0,100000,85316,365,686,0,0.85316,0.0042782127619672705,0,16.16146103499341
4,x,15,z,0.3,m1,0,100000,87071,7876,14422,0,0.87071,0.09045491610295042,0,15.187190819000534
4,x,15,x,0.3,m1,0,100000,87071,7876,14422,0,0.87071,0.09045491610295042,0,15.187190819000534
4,x,15,z,0.3,m1,0,100000,87071,7876,14422,0,0.87071,0.09045491610295042,0,15.187190819000534
4,x,15,z,0.3,m1,0,100000,87071,7876,14422,0,0.87071,0.09045491610295042,0,15.187190819000534
4,x,7,z,0.1,m1,0,100000,95452,112,216,0,0.95452,0.0011733646230566164,0,9.026728249998996
4,x,7,x,0.1,m1,0,100000,95452,112,216,0,0.95452,0.0011733646230566164,0,9.026728249998996
4,x,7,z,0.1,m1,0,100000,95452,112,216,0,0.95452,0.0011733646230566164,0,9.026728249998996
4,x,7,x,0.1,m1,0,100000,95452,112,216,0,0.95452,0.0011733646230566164,0,9.026728249998996
4,x,6,x,0.1,m1,0,100000,88557,33,64,0,0.88557,0.00037264134963921336,0,13.354670674998488
4,x,6,x,0.1,m1,0,100000,88557,33,64,0,0.88557,0.00037264134963921336,0,13.354670674998488
4,x,6,z,0.1,m1,0,100000,88557,33,64,0,0.88557,0.00037264134963921336,0,13.354670674998488
4,x,6,x,0.1,m1,0,100000,88557,33,64,0,0.88557,0.00037264134963921336,0,13.354670674998488
4,x,8,x,0.1,m1,0,100000,90417,2692,5132,0,0.90417,0.0297731621265912,0,14.073219624995545
4,x,8,z,0.1,m1,0,100000,90417,2692,5132,0,0.90417,0.0297731621265912,0,14.073219624995545
4,x,8,z,0.1,m1,0,100000,90417,2692,5132,0,0.90417,0.0297731621265912,0,14.073219624995545
4,x,8,x,0.1,m1,0,100000,90417,2692,5132,0,0.90417,0.0297731621265912,0,14.073219624995545
4,x,10,x,0.1,m1,0,100000,89448,81,160,0,0.89448,0.0009055540649315352,0,14.69027706799534
4,x,10,x,0.1,m1,0,100000,89448,81,160,0,0.89448,0.0009055540649315352,0,14.69027706799534
4,x,10,x,0.1,m1,0,100000,89448,81,160,0,0.89448,0.0009055540649315352,0,14.69027706799534
4,x,10,z,0.1,m1,0,100000,89448,81,160,0,0.89448,0.0009055540649315352,0,14.69027706799534
4,x,13,z,0.1,m1,0,100000,96311,32,64,0,0.96311,0.00033225695922589615,0,9.485102489998098
4,x,13,z,0.1,m1,0,100000,96311,32,64,0,0.96311,0.00033225695922589615,0,9.485102489998098
4,x,13,x,0.1,m1,0,100000,96311,32,64,0,0.96311,0.00033225695922589615,0,9.485102489998098
4,x,13,z,0.1,m1,0,100000,96311,32,64,0,0.96311,0.00033225695922589615,0,9.485102489998098
4,x,12,x,0.1,m1,0,100000,89884,2110,4088,0,0.89884,0.023474700725379383,0,14.207956881000428
4,x,12,z,0.1,m1,0,100000,89884,2110,4088,0,0.89884,0.023474700725379383,0,14.207956881000428
4,x,12,x,0.1,m1,0,100000,89884,2110,4088,0,0.89884,0.023474700725379383,0,14.207956881000428
4,x,12,z,0.1,m1,0,100000,89884,2110,4088,0,0.89884,0.023474700725379383,0,14.207956881000428
4,x,14,x,0.1,m1,0,100000,88800,2086,3977,0,0.888,0.023490990990990945,0,13.644252944002801
4,x,14,x,0.1,m1,0,100000,88800,2086,3977,0,0.888,0.023490990990990945,0,13.644252944002801
4,x,14,z,0.1,m1,0,100000,88800,2086,3977,0,0.888,0.023490990990990945,0,13.644252944002801
4,x,14,z,0.1,m1,0,100000,88800,2086,3977,0,0.888,0.023490990990990945,0,13.644252944002801
4,x,11,z,0.1,m1,0,100000,94793,79,158,0,0.94793,0.0008333948709292605,0,17.157385556994996
4,x,11,x,0.1,m1,0,100000,94793,79,158,0,0.94793,0.0008333948709292605,0,17.157385556994996
4,x,11,x,0.1,m1,0,100000,94793,79,158,0,0.94793,0.0008333948709292605,0,17.157385556994996
4,x,11,z,0.1,m1,0,100000,94793,79,158,0,0.94793,0.0008333948709292605,0,17.157385556994996
4,z,2,z,1,normal,0,100000,45322,8518,13827,0,0.45322,0.18794404483473814,0,14.711050924997835
4,z,2,x,1,normal,0,100000,45322,8518,13827,0,0.45322,0.18794404483473814,0,14.711050924997835
4,z,2,x,1,normal,0,100000,45322,8518,13827,0,0.45322,0.18794404483473814,0,14.711050924997835
4,z,2,x,1,normal,0,100000,45322,8518,13827,0,0.45322,0.18794404483473814,0,14.711050924997835
4,z,3,x,1,normal,0,100000,24956,5656,9739,0,0.24956,0.2266388844366084,0,11.70409065700369
4,z,3,z,1,normal,0,100000,24956,5656,9739,0,0.24956,0.2266388844366084,0,11.70409065700369
4,z,3,x,1,normal,0,100000,24956,5656,9739,0,0.24956,0.2266388844366084,0,11.70409065700369
4,z,3,x,1,normal,0,100000,24956,5656,9739,0,0.24956,0.2266388844366084,0,11.70409065700369
4,x,15,z,0.1,m1,0,100000,95455,3044,5883,0,0.95455,0.03188937195537167,0,16.299644045000605
4,x,15,x,0.1,m1,0,100000,95455,3044,5883,0,0.95455,0.03188937195537167,0,16.299644045000605
4,x,15,z,0.1,m1,0,100000,95455,3044,5883,0,0.95455,0.03188937195537167,0,16.299644045000605
4,x,15,z,0.1,m1,0,100000,95455,3044,5883,0,0.95455,0.03188937195537167,0,16.299644045000605
4,z,5,x,1,normal,0,100000,31239,6330,11863,0,0.31239,0.2026313262268319,0,10.369406738995167
4,z,5,x,1,normal,0,100000,31239,6330,11863,0,0.31239,0.2026313262268319,0,10.369406738995167
4,z,5,z,1,normal,0,100000,31239,6330,11863,0,0.31239,0.2026313262268319,0,10.369406738995167
4,z,5,x,1,normal,0,100000,31239,6330,11863,0,0.31239,0.2026313262268319,0,10.369406738995167
4,z,7,x,1,normal,0,100000,30192,815,1442,0,0.30192,0.026993905670376295,0,11.021309789997758
4,z,7,z,1,normal,0,100000,30192,815,1442,0,0.30192,0.026993905670376295,0,11.021309789997758
4,z,7,z,1,normal,0,100000,30192,815,1442,0,0.30192,0.026993905670376295,0,11.021309789997758
4,z,7,x,1,normal,0,100000,30192,815,1442,0,0.30192,0.026993905670376295,0,11.021309789997758
4,z,9,x,1,normal,0,100000,24174,6248,11646,0,0.24174,0.2584595019442376,0,10.103493812996021
4,z,9,x,1,normal,0,100000,24174,6248,11646,0,0.24174,0.2584595019442376,0,10.103493812996021
4,z,9,x,1,normal,0,100000,24174,6248,11646,0,0.24174,0.2584595019442376,0,10.103493812996021
4,z,9,z,1,normal,0,100000,24174,6248,11646,0,0.24174,0.2584595019442376,0,10.103493812996021
4,z,11,x,1,normal,0,100000,21006,382,718,0,0.21006,0.018185280396077363,0,9.555646062006417
4,z,11,z,1,normal,0,100000,21006,382,718,0,0.21006,0.018185280396077363,0,9.555646062006417
4,z,11,x,1,normal,0,100000,21006,382,718,0,0.21006,0.018185280396077363,0,9.555646062006417
4,z,11,z,1,normal,0,100000,21006,382,718,0,0.21006,0.018185280396077363,0,9.555646062006417
4,z,6,z,1,normal,0,100000,49523,1494,2591,0,0.49523,0.030167800819821067,0,13.94209220099583
4,z,6,x,1,normal,0,100000,49523,1494,2591,0,0.49523,0.030167800819821067,0,13.94209220099583
4,z,6,z,1,normal,0,100000,49523,1494,2591,0,0.49523,0.030167800819821067,0,13.94209220099583
4,z,6,x,1,normal,0,100000,49523,1494,2591,0,0.49523,0.030167800819821067,0,13.94209220099583
4,z,8,z,1,normal,0,100000,100000,576,977,0,1.0,0.005759999999999987,0,13.782974699999613
4,z,8,z,1,normal,0,100000,100000,576,977,0,1.0,0.005759999999999987,0,13.782974699999613
4,z,8,z,1,normal,0,100000,100000,576,977,0,1.0,0.005759999999999987,0,13.782974699999613
4,z,8,x,1,normal,0,100000,100000,576,977,0,1.0,0.005759999999999987,0,13.782974699999613
4,z,4,z,1,normal,0,100000,55507,4756,7501,0,0.55507,0.08568288684310088,0,18.390069385997776
4,z,4,z,1,normal,0,100000,55507,4756,7501,0,0.55507,0.08568288684310088,0,18.390069385997776
4,z,4,x,1,normal,0,100000,55507,4756,7501,0,0.55507,0.08568288684310088,0,18.390069385997776
4,z,4,x,1,normal,0,100000,55507,4756,7501,0,0.55507,0.08568288684310088,0,18.390069385997776
4,z,13,x,1,normal,0,100000,26270,364,691,0,0.2627,0.013856109630757563,0,11.208324109997193
4,z,13,x,1,normal,0,100000,26270,364,691,0,0.2627,0.013856109630757563,0,11.208324109997193
4,z,13,z,1,normal,0,100000,26270,364,691,0,0.2627,0.013856109630757563,0,11.208324109997193
4,z,13,z,1,normal,0,100000,26270,364,691,0,0.2627,0.013856109630757563,0,11.208324109997193
4,z,12,z,1,normal,0,100000,71851,309,526,0,0.71851,0.004300566450014642,0,13.755273689996102
4,z,12,z,1,normal,0,100000,71851,309,526,0,0.71851,0.004300566450014642,0,13.755273689996102
4,z,12,x,1,normal,0,100000,71851,309,526,0,0.71851,0.004300566450014642,0,13.755273689996102
4,z,12,z,1,normal,0,100000,71851,309,526,0,0.71851,0.004300566450014642,0,13.755273689996102
4,z,15,x,1,normal,0,100000,37281,6,10,0,0.37281,0.00016093988895149458,0,9.963432254000509
4,z,15,z,1,normal,0,100000,37281,6,10,0,0.37281,0.00016093988895149458,0,9.963432254000509
4,z,15,z,1,normal,0,100000,37281,6,10,0,0.37281,0.00016093988895149458,0,9.963432254000509
4,z,15,z,1,normal,0,100000,37281,6,10,0,0.37281,0.00016093988895149458,0,9.963432254000509
4,z,14,z,1,normal,0,100000,57441,4,7,0,0.57441,6.963667067072521e-05,0,13.567434725999192
4,z,14,x,1,normal,0,100000,57441,4,7,0,0.57441,6.963667067072521e-05,0,13.567434725999192
4,z,14,z,1,normal,0,100000,57441,4,7,0,0.57441,6.963667067072521e-05,0,13.567434725999192
4,z,14,z,1,normal,0,100000,57441,4,7,0,0.57441,6.963667067072521e-05,0,13.567434725999192
4,z,10,z,1,normal,0,100000,48315,1475,2682,0,0.48315,0.030528821277036156,0,17.638901311001973
4,z,10,x,1,normal,0,100000,48315,1475,2682,0,0.48315,0.030528821277036156,0,17.638901311001973
4,z,10,x,1,normal,0,100000,48315,1475,2682,0,0.48315,0.030528821277036156,0,17.638901311001973
4,z,10,z,1,normal,0,100000,48315,1475,2682,0,0.48315,0.030528821277036156,0,17.638901311001973
4,z,3,x,0.8,normal,0,100000,32795,6215,10988,0,0.32795,0.18951059612745846,0,10.298033189996204
4,z,3,z,0.8,normal,0,100000,32795,6215,10988,0,0.32795,0.18951059612745846,0,10.298033189996204
4,z,3,x,0.8,normal,0,100000,32795,6215,10988,0,0.32795,0.18951059612745846,0,10.298033189996204
4,z,3,x,0.8,normal,0,100000,32795,6215,10988,0,0.32795,0.18951059612745846,0,10.298033189996204
4,z,2,z,0.8,normal,0,100000,53101,8321,13850,0,0.53101,0.1567013803883166,0,13.87916710999707
4,z,2,x,0.8,normal,0,100000,53101,8321,13850,0,0.53101,0.1567013803883166,0,13.87916710999707
4,z,2,x,0.8,normal,0,100000,53101,8321,13850,0,0.53101,0.1567013803883166,0,13.87916710999707
4,z,2,x,0.8,normal,0,100000,53101,8321,13850,0,0.53101,0.1567013803883166,0,13.87916710999707
4,z,7,x,0.8,normal,0,100000,37421,668,1230,0,0.37421,0.017850939312150982,0,10.240356727998005
4,z,7,z,0.8,normal,0,100000,37421,668,1230,0,0.37421,0.017850939312150982,0,10.240356727998005
4,z,7,z,0.8,normal,0,100000,37421,668,1230,0,0.37421,0.017850939312150982,0,10.240356727998005
4,z,7,x,0.8,normal,0,100000,37421,668,1230,0,0.37421,0.017850939312150982,0,10.240356727998005
4,z,5,x,0.8,normal,0,100000,39361,6806,12773,0,0.39361,0.17291227357028527,0,12.772853747999761
4,z,5,x,0.8,normal,0,100000,39361,6806,12773,0,0.39361,0.17291227357028527,0,12.772853747999761
4,z,5,z,0.8,normal,0,100000,39361,6806,12773,0,0.39361,0.17291227357028527,0,12.772853747999761
4,z,5,x,0.8,normal,0,100000,39361,6806,12773,0,0.39361,0.17291227357028527,0,12.772853747999761
4,z,4,z,0.8,normal,0,100000,61971,3728,6207,0,0.61971,0.060157170289328876,0,14.459601177004515
4,z,4,z,0.8,normal,0,100000,61971,3728,6207,0,0.61971,0.060157170289328876,0,14.459601177004515
4,z,4,x,0.8,normal,0,100000,61971,3728,6207,0,0.61971,0.060157170289328876,0,14.459601177004515
4,z,4,x,0.8,normal,0,100000,61971,3728,6207,0,0.61971,0.060157170289328876,0,14.459601177004515
4,z,9,x,0.8,normal,0,100000,31614,6872,12834,0,0.31614,0.21737205035743656,0,10.864081414998509
4,z,9,x,0.8,normal,0,100000,31614,6872,12834,0,0.31614,0.21737205035743656,0,10.864081414998509
4,z,9,x,0.8,normal,0,100000,31614,6872,12834,0,0.31614,0.21737205035743656,0,10.864081414998509
4,z,9,z,0.8,normal,0,100000,31614,6872,12834,0,0.31614,0.21737205035743656,0,10.864081414998509
4,z,11,x,0.8,normal,0,100000,28083,327,632,0,0.28083,0.011644055122316033,0,9.411783775001823
4,z,11,z,0.8,normal,0,100000,28083,327,632,0,0.28083,0.011644055122316033,0,9.411783775001823
4,z,11,x,0.8,normal,0,100000,28083,327,632,0,0.28083,0.011644055122316033,0,9.411783775001823
4,z,11,z,0.8,normal,0,100000,28083,327,632,0,0.28083,0.011644055122316033,0,9.411783775001823
4,z,6,z,0.8,normal,0,100000,56572,1181,2068,0,0.56572,0.020876051757052982,0,18.250691421002557
4,z,6,x,0.8,normal,0,100000,56572,1181,2068,0,0.56572,0.020876051757052982,0,18.250691421002557
4,z,6,z,0.8,normal,0,100000,56572,1181,2068,0,0.56572,0.020876051757052982,0,18.250691421002557
4,z,6,x,0.8,normal,0,100000,56572,1181,2068,0,0.56572,0.020876051757052982,0,18.250691421002557
4,z,8,z,0.8,normal,0,100000,100000,259,446,0,1.0,0.002589999999999981,0,14.57405532499979
4,z,8,z,0.8,normal,0,100000,100000,259,446,0,1.0,0.002589999999999981,0,14.57405532499979
4,z,8,z,0.8,normal,0,100000,100000,259,446,0,1.0,0.002589999999999981,0,14.57405532499979
4,z,8,x,0.8,normal,0,100000,100000,259,446,0,1.0,0.002589999999999981,0,14.57405532499979
4,z,13,x,0.8,normal,0,100000,34278,308,598,0,0.34278,0.008985355038216958,0,10.858112699999765
4,z,13,x,0.8,normal,0,100000,34278,308,598,0,0.34278,0.008985355038216958,0,10.858112699999765
4,z,13,z,0.8,normal,0,100000,34278,308,598,0,0.34278,0.008985355038216958,0,10.858112699999765
4,z,13,z,0.8,normal,0,100000,34278,308,598,0,0.34278,0.008985355038216958,0,10.858112699999765
4,z,10,z,0.8,normal,0,100000,55785,1189,2170,0,0.55785,0.02131397329031104,0,14.487174492001941
4,z,10,x,0.8,normal,0,100000,55785,1189,2170,0,0.55785,0.02131397329031104,0,14.487174492001941
4,z,10,x,0.8,normal,0,100000,55785,1189,2170,0,0.55785,0.02131397329031104,0,14.487174492001941
4,z,10,z,0.8,normal,0,100000,55785,1189,2170,0,0.55785,0.02131397329031104,0,14.487174492001941
4,z,15,x,0.8,normal,0,100000,45448,1,2,0,0.45448,2.2003168456241617e-05,0,10.110280472996237
4,z,15,z,0.8,normal,0,100000,45448,1,2,0,0.45448,2.2003168456241617e-05,0,10.110280472996237
4,z,15,z,0.8,normal,0,100000,45448,1,2,0,0.45448,2.2003168456241617e-05,0,10.110280472996237
4,z,15,z,0.8,normal,0,100000,45448,1,2,0,0.45448,2.2003168456241617e-05,0,10.110280472996237
4,z,14,z,0.8,normal,0,100000,63923,3,6,0,0.63923,4.693146441814289e-05,0,12.350581985992903
4,z,14,x,0.8,normal,0,100000,63923,3,6,0,0.63923,4.693146441814289e-05,0,12.350581985992903
4,z,14,z,0.8,normal,0,100000,63923,3,6,0,0.63923,4.693146441814289e-05,0,12.350581985992903
4,z,14,z,0.8,normal,0,100000,63923,3,6,0,0.63923,4.693146441814289e-05,0,12.350581985992903
4,z,12,z,0.8,normal,0,100000,76501,142,254,0,0.76501,0.001856184886472101,0,13.73530149099679
4,z,12,z,0.8,normal,0,100000,76501,142,254,0,0.76501,0.001856184886472101,0,13.73530149099679
4,z,12,x,0.8,normal,0,100000,76501,142,254,0,0.76501,0.001856184886472101,0,13.73530149099679
4,z,12,z,0.8,normal,0,100000,76501,142,254,0,0.76501,0.001856184886472101,0,13.73530149099679
4,z,5,x,0.5,normal,0,100000,55580,6286,11989,0,0.5558,0.11309823677581865,0,11.508338070998434
4,z,5,x,0.5,normal,0,100000,55580,6286,11989,0,0.5558,0.11309823677581865,0,11.508338070998434
4,z,5,z,0.5,normal,0,100000,55580,6286,11989,0,0.5558,0.11309823677581865,0,11.508338070998434
4,z,5,x,0.5,normal,0,100000,55580,6286,11989,0,0.5558,0.11309823677581865,0,11.508338070998434
4,z,3,x,0.5,normal,0,100000,49573,6138,11098,0,0.49573,0.12381740060113366,0,13.021103637998749
4,z,3,z,0.5,normal,0,100000,49573,6138,11098,0,0.49573,0.12381740060113366,0,13.021103637998749
4,z,3,x,0.5,normal,0,100000,49573,6138,11098,0,0.49573,0.12381740060113366,0,13.021103637998749
4,z,3,x,0.5,normal,0,100000,49573,6138,11098,0,0.49573,0.12381740060113366,0,13.021103637998749
4,z,2,z,0.5,normal,0,100000,67274,6858,12212,0,0.67274,0.10194131462377742,0,16.410896930996387
4,z,2,x,0.5,normal,0,100000,67274,6858,12212,0,0.67274,0.10194131462377742,0,16.410896930996387
4,z,2,x,0.5,normal,0,100000,67274,6858,12212,0,0.67274,0.10194131462377742,0,16.410896930996387
4,z,2,x,0.5,normal,0,100000,67274,6858,12212,0,0.67274,0.10194131462377742,0,16.410896930996387
4,z,7,x,0.5,normal,0,100000,52989,379,706,0,0.52989,0.007152427862386568,0,11.397894686000654
4,z,7,z,0.5,normal,0,100000,52989,379,706,0,0.52989,0.007152427862386568,0,11.397894686000654
4,z,7,z,0.5,normal,0,100000,52989,379,706,0,0.52989,0.007152427862386568,0,11.397894686000654
4,z,7,x,0.5,normal,0,100000,52989,379,706,0,0.52989,0.007152427862386568,0,11.397894686000654
4,z,8,z,0.5,normal,0,100000,100000,48,95,0,1.0,0.00048000000000003595,0,12.32465138900443
4,z,8,z,0.5,normal,0,100000,100000,48,95,0,1.0,0.00048000000000003595,0,12.32465138900443
4,z,8,z,0.5,normal,0,100000,100000,48,95,0,1.0,0.00048000000000003595,0,12.32465138900443
4,z,8,x,0.5,normal,0,100000,100000,48,95,0,1.0,0.00048000000000003595,0,12.32465138900443
4,z,6,z,0.5,normal,0,100000,69181,654,1177,0,0.69181,0.0094534626559315,0,15.095859099004883
4,z,6,x,0.5,normal,0,100000,69181,654,1177,0,0.69181,0.0094534626559315,0,15.095859099004883
4,z,6,z,0.5,normal,0,100000,69181,654,1177,0,0.69181,0.0094534626559315,0,15.095859099004883
4,z,6,x,0.5,normal,0,100000,69181,654,1177,0,0.69181,0.0094534626559315,0,15.095859099004883
4,z,9,x,0.5,normal,0,100000,47609,6534,12293,0,0.47609,0.13724295826419375,0,12.933065220000572
4,z,9,x,0.5,normal,0,100000,47609,6534,12293,0,0.47609,0.13724295826419375,0,12.933065220000572
4,z,9,x,0.5,normal,0,100000,47609,6534,12293,0,0.47609,0.13724295826419375,0,12.933065220000572
4,z,9,z,0.5,normal,0,100000,47609,6534,12293,0,0.47609,0.13724295826419375,0,12.933065220000572
4,z,4,z,0.5,normal,0,100000,73634,2062,3611,0,0.73634,0.028003368009343554,0,18.294427229993744
4,z,4,z,0.5,normal,0,100000,73634,2062,3611,0,0.73634,0.028003368009343554,0,18.294427229993744
4,z,4,x,0.5,normal,0,100000,73634,2062,3611,0,0.73634,0.028003368009343554,0,18.294427229993744
4,z,4,x,0.5,normal,0,100000,73634,2062,3611,0,0.73634,0.028003368009343554,0,18.294427229993744
4,z,11,x,0.5,normal,0,100000,44446,195,378,0,0.44446,0.004387346442874529,0,11.984717029001331
4,z,11,z,0.5,normal,0,100000,44446,195,378,0,0.44446,0.004387346442874529,0,11.984717029001331
4,z,11,x,0.5,normal,0,100000,44446,195,378,0,0.44446,0.004387346442874529,0,11.984717029001331
4,z,11,z,0.5,normal,0,100000,44446,195,378,0,0.44446,0.004387346442874529,0,11.984717029001331
4,z,10,z,0.5,normal,0,100000,69069,664,1243,0,0.69069,0.009613574830966143,0,14.230923170995084
4,z,10,x,0.5,normal,0,100000,69069,664,1243,0,0.69069,0.009613574830966143,0,14.230923170995084
4,z,10,x,0.5,normal,0,100000,69069,664,1243,0,0.69069,0.009613574830966143,0,14.230923170995084
4,z,10,z,0.5,normal,0,100000,69069,664,1243,0,0.69069,0.009613574830966143,0,14.230923170995084
4,z,13,x,0.5,normal,0,100000,50999,158,307,0,0.50999,0.0030980999627443495,0,12.5893922260002
4,z,13,x,0.5,normal,0,100000,50999,158,307,0,0.50999,0.0030980999627443495,0,12.5893922260002
4,z,13,z,0.5,normal,0,100000,50999,158,307,0,0.50999,0.0030980999627443495,0,12.5893922260002
4,z,13,z,0.5,normal,0,100000,50999,158,307,0,0.50999,0.0030980999627443495,0,12.5893922260002
4,z,14,z,0.5,normal,0,100000,75930,0,0,0,0.7593,0.0,0,12.121377180999843
4,z,14,x,0.5,normal,0,100000,75930,0,0,0,0.7593,0.0,0,12.121377180999843
4,z,14,z,0.5,normal,0,100000,75930,0,0,0,0.7593,0.0,0,12.121377180999843
4,z,14,z,0.5,normal,0,100000,75930,0,0,0,0.7593,0.0,0,12.121377180999843
4,z,15,x,0.5,normal,0,100000,61153,0,0,0,0.61153,0.0,0,9.789994033999392
4,z,15,z,0.5,normal,0,100000,61153,0,0,0,0.61153,0.0,0,9.789994033999392
4,z,15,z,0.5,normal,0,100000,61153,0,0,0,0.61153,0.0,0,9.789994033999392
4,z,15,z,0.5,normal,0,100000,61153,0,0,0,0.61153,0.0,0,9.789994033999392
4,z,12,z,0.5,normal,0,100000,84567,30,54,0,0.84567,0.0003547483060768464,0,12.450455320999026
4,z,12,z,0.5,normal,0,100000,84567,30,54,0,0.84567,0.0003547483060768464,0,12.450455320999026
4,z,12,x,0.5,normal,0,100000,84567,30,54,0,0.84567,0.0003547483060768464,0,12.450455320999026
4,z,12,z,0.5,normal,0,100000,84567,30,54,0,0.84567,0.0003547483060768464,0,12.450455320999026
4,z,3,x,0.3,normal,0,100000,65511,5086,9361,0,0.65511,0.07763581688571386,0,13.104505031995359
4,z,3,z,0.3,normal,0,100000,65511,5086,9361,0,0.65511,0.07763581688571386,0,13.104505031995359
4,z,3,x,0.3,normal,0,100000,65511,5086,9361,0,0.65511,0.07763581688571386,0,13.104505031995359
4,z,3,x,0.3,normal,0,100000,65511,5086,9361,0,0.65511,0.07763581688571386,0,13.104505031995359
4,z,5,x,0.3,normal,0,100000,70144,4952,9505,0,0.70144,0.07059762773722633,0,12.680074149000575
4,z,5,x,0.3,normal,0,100000,70144,4952,9505,0,0.70144,0.07059762773722633,0,12.680074149000575
4,z,5,z,0.3,normal,0,100000,70144,4952,9505,0,0.70144,0.07059762773722633,0,12.680074149000575
4,z,5,x,0.3,normal,0,100000,70144,4952,9505,0,0.70144,0.07059762773722633,0,12.680074149000575
4,z,4,z,0.3,normal,0,100000,83013,889,1618,0,0.83013,0.010709166034235551,0,15.143985709000845
4,z,4,z,0.3,normal,0,100000,83013,889,1618,0,0.83013,0.010709166034235551,0,15.143985709000845
4,z,4,x,0.3,normal,0,100000,83013,889,1618,0,0.83013,0.010709166034235551,0,15.143985709000845
4,z,4,x,0.3,normal,0,100000,83013,889,1618,0,0.83013,0.010709166034235551,0,15.143985709000845
4,z,2,z,0.3,normal,0,100000,78763,5073,9468,0,0.78763,0.06440841511877404,0,17.92943055700016
4,z,2,x,0.3,normal,0,100000,78763,5073,9468,0,0.78763,0.06440841511877404,0,17.92943055700016
4,z,2,x,0.3,normal,0,100000,78763,5073,9468,0,0.78763,0.06440841511877404,0,17.92943055700016
4,z,2,x,0.3,normal,0,100000,78763,5073,9468,0,0.78763,0.06440841511877404,0,17.92943055700016
4,z,8,z,0.3,normal,0,100000,100000,5,10,0,1.0,4.999999999999449e-05,0,11.121113988003344
4,z,8,z,0.3,normal,0,100000,100000,5,10,0,1.0,4.999999999999449e-05,0,11.121113988003344
4,z,8,z,0.3,normal,0,100000,100000,5,10,0,1.0,4.999999999999449e-05,0,11.121113988003344
4,z,8,x,0.3,normal,0,100000,100000,5,10,0,1.0,4.999999999999449e-05,0,11.121113988003344
4,z,6,z,0.3,normal,0,100000,79708,327,622,0,0.79708,0.004102474030210246,0,15.637136575001932
4,z,6,x,0.3,normal,0,100000,79708,327,622,0,0.79708,0.004102474030210246,0,15.637136575001932
4,z,6,z,0.3,normal,0,100000,79708,327,622,0,0.79708,0.004102474030210246,0,15.637136575001932
4,z,6,x,0.3,normal,0,100000,79708,327,622,0,0.79708,0.004102474030210246,0,15.637136575001932
4,z,7,x,0.3,normal,0,100000,67723,202,394,0,0.67723,0.002982738508335414,0,13.414952434002771
4,z,7,z,0.3,normal,0,100000,67723,202,394,0,0.67723,0.002982738508335414,0,13.414952434002771
4,z,7,z,0.3,normal,0,100000,67723,202,394,0,0.67723,0.002982738508335414,0,13.414952434002771
4,z,7,x,0.3,normal,0,100000,67723,202,394,0,0.67723,0.002982738508335414,0,13.414952434002771
4,z,9,x,0.3,normal,0,100000,63508,5367,10182,0,0.63508,0.08450903823140388,0,13.518402351000987
4,z,9,x,0.3,normal,0,100000,63508,5367,10182,0,0.63508,0.08450903823140388,0,13.518402351000987
4,z,9,x,0.3,normal,0,100000,63508,5367,10182,0,0.63508,0.08450903823140388,0,13.518402351000987
4,z,9,z,0.3,normal,0,100000,63508,5367,10182,0,0.63508,0.08450903823140388,0,13.518402351000987
4,z,11,x,0.3,normal,0,100000,61118,106,211,0,0.61118,0.0017343499460060752,0,12.870469436995336
4,z,11,z,0.3,normal,0,100000,61118,106,211,0,0.61118,0.0017343499460060752,0,12.870469436995336
4,z,11,x,0.3,normal,0,100000,61118,106,211,0,0.61118,0.0017343499460060752,0,12.870469436995336
4,z,11,z,0.3,normal,0,100000,61118,106,211,0,0.61118,0.0017343499460060752,0,12.870469436995336
4,z,13,x,0.3,normal,0,100000,66635,73,144,0,0.66635,0.0010955203721767504,0,12.960389453000971
4,z,13,x,0.3,normal,0,100000,66635,73,144,0,0.66635,0.0010955203721767504,0,12.960389453000971
4,z,13,z,0.3,normal,0,100000,66635,73,144,0,0.66635,0.0010955203721767504,0,12.960389453000971
4,z,13,z,0.3,normal,0,100000,66635,73,144,0,0.66635,0.0010955203721767504,0,12.960389453000971
4,z,12,z,0.3,normal,0,100000,90456,8,15,0,0.90456,8.844078889180818e-05,0,11.525076764002733
4,z,12,z,0.3,normal,0,100000,90456,8,15,0,0.90456,8.844078889180818e-05,0,11.525076764002733
4,z,12,x,0.3,normal,0,100000,90456,8,15,0,0.90456,8.844078889180818e-05,0,11.525076764002733
4,z,12,z,0.3,normal,0,100000,90456,8,15,0,0.90456,8.844078889180818e-05,0,11.525076764002733
4,z,14,z,0.3,normal,0,100000,84534,0,0,0,0.84534,0.0,0,10.179483017003804
4,z,14,x,0.3,normal,0,100000,84534,0,0,0,0.84534,0.0,0,10.179483017003804
4,z,14,z,0.3,normal,0,100000,84534,0,0,0,0.84534,0.0,0,10.179483017003804
4,z,14,z,0.3,normal,0,100000,84534,0,0,0,0.84534,0.0,0,10.179483017003804
4,z,15,x,0.3,normal,0,100000,74452,0,0,0,0.74452,0.0,0,10.155080828997598
4,z,15,z,0.3,normal,0,100000,74452,0,0,0,0.74452,0.0,0,10.155080828997598
4,z,15,z,0.3,normal,0,100000,74452,0,0,0,0.74452,0.0,0,10.155080828997598
4,z,15,z,0.3,normal,0,100000,74452,0,0,0,0.74452,0.0,0,10.155080828997598
4,z,10,z,0.3,normal,0,100000,79738,364,689,0,0.79738,0.004564950211944141,0,18.039732110999466
4,z,10,x,0.3,normal,0,100000,79738,364,689,0,0.79738,0.004564950211944141,0,18.039732110999466
4,z,10,x,0.3,normal,0,100000,79738,364,689,0,0.79738,0.004564950211944141,0,18.039732110999466
4,z,10,z,0.3,normal,0,100000,79738,364,689,0,0.79738,0.004564950211944141,0,18.039732110999466
4,z,3,x,0.1,normal,0,100000,86670,2374,4475,0,0.8667,0.02739125418253141,0,14.679402824003773
4,z,3,z,0.1,normal,0,100000,86670,2374,4475,0,0.8667,0.02739125418253141,0,14.679402824003773
4,z,3,x,0.1,normal,0,100000,86670,2374,4475,0,0.8667,0.02739125418253141,0,14.679402824003773
4,z,3,x,0.1,normal,0,100000,86670,2374,4475,0,0.8667,0.02739125418253141,0,14.679402824003773
4,z,2,z,0.1,normal,0,100000,92358,2068,4006,0,0.92358,0.022391130167392137,0,16.22402262900141
4,z,2,x,0.1,normal,0,100000,92358,2068,4006,0,0.92358,0.022391130167392137,0,16.22402262900141
4,z,2,x,0.1,normal,0,100000,92358,2068,4006,0,0.92358,0.022391130167392137,0,16.22402262900141
4,z,2,x,0.1,normal,0,100000,92358,2068,4006,0,0.92358,0.022391130167392137,0,16.22402262900141
4,z,5,x,0.1,normal,0,100000,88812,2164,4185,0,0.88812,0.024366076656307745,0,14.853642987996864
4,z,5,x,0.1,normal,0,100000,88812,2164,4185,0,0.88812,0.024366076656307745,0,14.853642987996864
4,z,5,z,0.1,normal,0,100000,88812,2164,4185,0,0.88812,0.024366076656307745,0,14.853642987996864
4,z,5,x,0.1,normal,0,100000,88812,2164,4185,0,0.88812,0.024366076656307745,0,14.853642987996864
4,z,4,z,0.1,normal,0,100000,93912,122,229,0,0.93912,0.0012990885083908887,0,17.313539588998538
4,z,4,z,0.1,normal,0,100000,93912,122,229,0,0.93912,0.0012990885083908887,0,17.313539588998538
4,z,4,x,0.1,normal,0,100000,93912,122,229,0,0.93912,0.0012990885083908887,0,17.313539588998538
4,z,4,x,0.1,normal,0,100000,93912,122,229,0,0.93912,0.0012990885083908887,0,17.313539588998538
4,z,6,z,0.1,normal,0,100000,92714,78,152,0,0.92714,0.000841296891515797,0,16.598978029003774
4,z,6,x,0.1,normal,0,100000,92714,78,152,0,0.92714,0.000841296891515797,0,16.598978029003774
4,z,6,z,0.1,normal,0,100000,92714,78,152,0,0.92714,0.000841296891515797,0,16.598978029003774
4,z,6,x,0.1,normal,0,100000,92714,78,152,0,0.92714,0.000841296891515797,0,16.598978029003774
4,z,7,x,0.1,normal,0,100000,87515,36,73,0,0.87515,0.00041135805290526406,0,13.368533683998976
4,z,7,z,0.1,normal,0,100000,87515,36,73,0,0.87515,0.00041135805290526406,0,13.368533683998976
4,z,7,z,0.1,normal,0,100000,87515,36,73,0,0.87515,0.00041135805290526406,0,13.368533683998976
4,z,7,x,0.1,normal,0,100000,87515,36,73,0,0.87515,0.00041135805290526406,0,13.368533683998976
4,z,8,z,0.1,normal,0,100000,100000,0,0,0,1.0,0.0,0,12.987467114995525
4,z,8,z,0.1,normal,0,100000,100000,0,0,0,1.0,0.0,0,12.987467114995525
4,z,8,z,0.1,normal,0,100000,100000,0,0,0,1.0,0.0,0,12.987467114995525
4,z,8,x,0.1,normal,0,100000,100000,0,0,0,1.0,0.0,0,12.987467114995525
4,z,9,x,0.1,normal,0,100000,85562,2460,4731,0,0.85562,0.028751081087398656,0,13.439525021996815
4,z,9,x,0.1,normal,0,100000,85562,2460,4731,0,0.85562,0.028751081087398656,0,13.439525021996815
4,z,9,x,0.1,normal,0,100000,85562,2460,4731,0,0.85562,0.028751081087398656,0,13.439525021996815
4,z,9,z,0.1,normal,0,100000,85562,2460,4731,0,0.85562,0.028751081087398656,0,13.439525021996815
4,z,11,x,0.1,normal,0,100000,84847,18,36,0,0.84847,0.0002121465697078051,0,15.269493286999932
4,z,11,z,0.1,normal,0,100000,84847,18,36,0,0.84847,0.0002121465697078051,0,15.269493286999932
4,z,11,x,0.1,normal,0,100000,84847,18,36,0,0.84847,0.0002121465697078051,0,15.269493286999932
4,z,11,z,0.1,normal,0,100000,84847,18,36,0,0.84847,0.0002121465697078051,0,15.269493286999932
4,z,14,z,0.1,normal,0,100000,94568,0,0,0,0.94568,0.0,0,9.172094295005081
4,z,14,x,0.1,normal,0,100000,94568,0,0,0,0.94568,0.0,0,9.172094295005081
4,z,14,z,0.1,normal,0,100000,94568,0,0,0,0.94568,0.0,0,9.172094295005081
4,z,14,z,0.1,normal,0,100000,94568,0,0,0,0.94568,0.0,0,9.172094295005081
4,z,12,z,0.1,normal,0,100000,96689,0,0,0,0.96689,0.0,0,10.641263158999209
4,z,12,z,0.1,normal,0,100000,96689,0,0,0,0.96689,0.0,0,10.641263158999209
4,z,12,x,0.1,normal,0,100000,96689,0,0,0,0.96689,0.0,0,10.641263158999209
4,z,12,z,0.1,normal,0,100000,96689,0,0,0,0.96689,0.0,0,10.641263158999209
4,z,10,z,0.1,normal,0,100000,92607,78,153,0,0.92607,0.0008422689429524732,0,16.29251562099671
4,z,10,x,0.1,normal,0,100000,92607,78,153,0,0.92607,0.0008422689429524732,0,16.29251562099671
4,z,10,x,0.1,normal,0,100000,92607,78,153,0,0.92607,0.0008422689429524732,0,16.29251562099671
4,z,10,z,0.1,normal,0,100000,92607,78,153,0,0.92607,0.0008422689429524732,0,16.29251562099671
4,z,15,x,0.1,normal,0,100000,90623,0,0,0,0.90623,0.0,0,8.162731921998784
4,z,15,z,0.1,normal,0,100000,90623,0,0,0,0.90623,0.0,0,8.162731921998784
4,z,15,z,0.1,normal,0,100000,90623,0,0,0,0.90623,0.0,0,8.162731921998784
4,z,15,z,0.1,normal,0,100000,90623,0,0,0,0.90623,0.0,0,8.162731921998784
4,z,8,z,1,m1,0,100000,100000,76,140,0,1.0,0.0007599999999999829,0,1.3836715080033173
4,z,8,z,1,m1,0,100000,100000,76,140,0,1.0,0.0007599999999999829,0,1.3836715080033173
4,z,8,z,1,m1,0,100000,100000,76,140,0,1.0,0.0007599999999999829,0,1.3836715080033173
4,z,8,x,1,m1,0,100000,100000,76,140,0,1.0,0.0007599999999999829,0,1.3836715080033173
4,z,13,x,0.1,normal,0,100000,87337,13,26,0,0.87337,0.00014884871245868236,0,16.196719406005286
4,z,13,x,0.1,normal,0,100000,87337,13,26,0,0.87337,0.00014884871245868236,0,16.196719406005286
4,z,13,z,0.1,normal,0,100000,87337,13,26,0,0.87337,0.00014884871245868236,0,16.196719406005286
4,z,13,z,0.1,normal,0,100000,87337,13,26,0,0.87337,0.00014884871245868236,0,16.196719406005286
4,z,3,x,1,m1,0,100000,38684,8536,14695,0,0.38684,0.2206597042704994,0,11.578385215994786
4,z,3,z,1,m1,0,100000,38684,8536,14695,0,0.38684,0.2206597042704994,0,11.578385215994786
4,z,3,x,1,m1,0,100000,38684,8536,14695,0,0.38684,0.2206597042704994,0,11.578385215994786
4,z,3,x,1,m1,0,100000,38684,8536,14695,0,0.38684,0.2206597042704994,0,11.578385215994786
4,z,5,x,1,m1,0,100000,30346,6000,11367,0,0.30346,0.19771963355961242,0,9.966939013000228
4,z,5,x,1,m1,0,100000,30346,6000,11367,0,0.30346,0.19771963355961242,0,9.966939013000228
4,z,5,z,1,m1,0,100000,30346,6000,11367,0,0.30346,0.19771963355961242,0,9.966939013000228
4,z,5,x,1,m1,0,100000,30346,6000,11367,0,0.30346,0.19771963355961242,0,9.966939013000228
4,z,4,z,1,m1,0,100000,70802,3222,5417,0,0.70802,0.04550718906245588,0,12.761538708000444
4,z,4,z,1,m1,0,100000,70802,3222,5417,0,0.70802,0.04550718906245588,0,12.761538708000444
4,z,4,x,1,m1,0,100000,70802,3222,5417,0,0.70802,0.04550718906245588,0,12.761538708000444
4,z,4,x,1,m1,0,100000,70802,3222,5417,0,0.70802,0.04550718906245588,0,12.761538708000444
4,z,12,z,1,m1,0,100000,72416,24,47,0,0.72416,0.0003314184710561108,0,3.14447482599644
4,z,12,z,1,m1,0,100000,72416,24,47,0,0.72416,0.0003314184710561108,0,3.14447482599644
4,z,12,x,1,m1,0,100000,72416,24,47,0,0.72416,0.0003314184710561108,0,3.14447482599644
4,z,12,z,1,m1,0,100000,72416,24,47,0,0.72416,0.0003314184710561108,0,3.14447482599644
4,z,14,z,1,m1,0,100000,62748,8,14,0,0.62748,0.0001274941033977406,0,4.312401376999333
4,z,14,x,1,m1,0,100000,62748,8,14,0,0.62748,0.0001274941033977406,0,4.312401376999333
4,z,14,z,1,m1,0,100000,62748,8,14,0,0.62748,0.0001274941033977406,0,4.312401376999333
4,z,14,z,1,m1,0,100000,62748,8,14,0,0.62748,0.0001274941033977406,0,4.312401376999333
4,z,7,x,1,m1,0,100000,37830,1268,2280,0,0.3783,0.03351837166270155,0,10.17576451300556
4,z,7,z,1,m1,0,100000,37830,1268,2280,0,0.3783,0.03351837166270155,0,10.17576451300556
4,z,7,z,1,m1,0,100000,37830,1268,2280,0,0.3783,0.03351837166270155,0,10.17576451300556
4,z,7,x,1,m1,0,100000,37830,1268,2280,0,0.3783,0.03351837166270155,0,10.17576451300556
4,z,2,z,1,m1,0,100000,55352,12380,19184,0,0.55352,0.22365948836537075,0,16.819798002004973
4,z,2,x,1,m1,0,100000,55352,12380,19184,0,0.55352,0.22365948836537075,0,16.819798002004973
4,z,2,x,1,m1,0,100000,55352,12380,19184,0,0.55352,0.22365948836537075,0,16.819798002004973
4,z,2,x,1,m1,0,100000,55352,12380,19184,0,0.55352,0.22365948836537075,0,16.819798002004973
4,z,6,z,1,m1,0,100000,63131,2592,4491,0,0.63131,0.04105748364511885,0,13.800088900003175
4,z,6,x,1,m1,0,100000,63131,2592,4491,0,0.63131,0.04105748364511885,0,13.800088900003175
4,z,6,z,1,m1,0,100000,63131,2592,4491,0,0.63131,0.04105748364511885,0,13.800088900003175
4,z,6,x,1,m1,0,100000,63131,2592,4491,0,0.63131,0.04105748364511885,0,13.800088900003175
4,z,11,x,1,m1,0,100000,35504,622,1115,0,0.35504,0.01751915277151872,0,10.924484665003547
4,z,11,z,1,m1,0,100000,35504,622,1115,0,0.35504,0.01751915277151872,0,10.924484665003547
4,z,11,x,1,m1,0,100000,35504,622,1115,0,0.35504,0.01751915277151872,0,10.924484665003547
4,z,11,z,1,m1,0,100000,35504,622,1115,0,0.35504,0.01751915277151872,0,10.924484665003547
4,z,9,x,1,m1,0,100000,35290,8393,15798,0,0.3529,0.23782941343156705,0,12.824193886001012
4,z,9,x,1,m1,0,100000,35290,8393,15798,0,0.3529,0.23782941343156705,0,12.824193886001012
4,z,9,x,1,m1,0,100000,35290,8393,15798,0,0.3529,0.23782941343156705,0,12.824193886001012
4,z,9,z,1,m1,0,100000,35290,8393,15798,0,0.3529,0.23782941343156705,0,12.824193886001012
4,z,15,x,1,m1,0,100000,40909,2,5,0,0.40909,4.8888997531082445e-05,0,4.577824086998589
4,z,15,z,1,m1,0,100000,40909,2,5,0,0.40909,4.8888997531082445e-05,0,4.577824086998589
4,z,15,z,1,m1,0,100000,40909,2,5,0,0.40909,4.8888997531082445e-05,0,4.577824086998589
4,z,15,z,1,m1,0,100000,40909,2,5,0,0.40909,4.8888997531082445e-05,0,4.577824086998589
4,z,8,z,0.8,m1,0,100000,100000,30,56,0,1.0,0.00029999999999996696,0,1.0357582840006216
4,z,8,z,0.8,m1,0,100000,100000,30,56,0,1.0,0.00029999999999996696,0,1.0357582840006216
4,z,8,z,0.8,m1,0,100000,100000,30,56,0,1.0,0.00029999999999996696,0,1.0357582840006216
4,z,8,x,0.8,m1,0,100000,100000,30,56,0,1.0,0.00029999999999996696,0,1.0357582840006216
4,z,13,x,1,m1,0,100000,30218,234,440,0,0.30218,0.00774372890330266,0,11.827590927998244
4,z,13,x,1,m1,0,100000,30218,234,440,0,0.30218,0.00774372890330266,0,11.827590927998244
4,z,13,z,1,m1,0,100000,30218,234,440,0,0.30218,0.00774372890330266,0,11.827590927998244
4,z,13,z,1,m1,0,100000,30218,234,440,0,0.30218,0.00774372890330266,0,11.827590927998244
4,z,10,z,1,m1,0,100000,59929,2118,3680,0,0.59929,0.03534182115503348,0,13.912693876001867
4,z,10,x,1,m1,0,100000,59929,2118,3680,0,0.59929,0.03534182115503348,0,13.912693876001867
4,z,10,x,1,m1,0,100000,59929,2118,3680,0,0.59929,0.03534182115503348,0,13.912693876001867
4,z,10,z,1,m1,0,100000,59929,2118,3680,0,0.59929,0.03534182115503348,0,13.912693876001867
4,z,3,x,0.8,m1,0,100000,46602,8476,14755,0,0.46602,0.18188060598257583,0,11.142759620997822
4,z,3,z,0.8,m1,0,100000,46602,8476,14755,0,0.46602,0.18188060598257583,0,11.142759620997822
4,z,3,x,0.8,m1,0,100000,46602,8476,14755,0,0.46602,0.18188060598257583,0,11.142759620997822
4,z,3,x,0.8,m1,0,100000,46602,8476,14755,0,0.46602,0.18188060598257583,0,11.142759620997822
4,z,5,x,0.8,m1,0,100000,38626,6397,12142,0,0.38626,0.16561383524051154,0,10.896874895996007
4,z,5,x,0.8,m1,0,100000,38626,6397,12142,0,0.38626,0.16561383524051154,0,10.896874895996007
4,z,5,z,0.8,m1,0,100000,38626,6397,12142,0,0.38626,0.16561383524051154,0,10.896874895996007
4,z,5,x,0.8,m1,0,100000,38626,6397,12142,0,0.38626,0.16561383524051154,0,10.896874895996007
4,z,12,z,0.8,m1,0,100000,77094,12,22,0,0.77094,0.0001556541365086428,0,2.579844078005408
4,z,12,z,0.8,m1,0,100000,77094,12,22,0,0.77094,0.0001556541365086428,0,2.579844078005408
4,z,12,x,0.8,m1,0,100000,77094,12,22,0,0.77094,0.0001556541365086428,0,2.579844078005408
4,z,12,z,0.8,m1,0,100000,77094,12,22,0,0.77094,0.0001556541365086428,0,2.579844078005408
4,z,4,z,0.8,m1,0,100000,75585,2404,4198,0,0.75585,0.03180525236488718,0,12.431007029001194
4,z,4,z,0.8,m1,0,100000,75585,2404,4198,0,0.75585,0.03180525236488718,0,12.431007029001194
4,z,4,x,0.8,m1,0,100000,75585,2404,4198,0,0.75585,0.03180525236488718,0,12.431007029001194
4,z,4,x,0.8,m1,0,100000,75585,2404,4198,0,0.75585,0.03180525236488718,0,12.431007029001194
4,z,7,x,0.8,m1,0,100000,45834,1002,1829,0,0.45834,0.021861500196360795,0,11.075604826000927
4,z,7,z,0.8,m1,0,100000,45834,1002,1829,0,0.45834,0.021861500196360795,0,11.075604826000927
4,z,7,z,0.8,m1,0,100000,45834,1002,1829,0,0.45834,0.021861500196360795,0,11.075604826000927
4,z,7,x,0.8,m1,0,100000,45834,1002,1829,0,0.45834,0.021861500196360795,0,11.075604826000927
4,z,9,x,0.8,m1,0,100000,42880,8344,15687,0,0.4288,0.19458955223880592,0,12.040839868997864
4,z,9,x,0.8,m1,0,100000,42880,8344,15687,0,0.4288,0.19458955223880592,0,12.040839868997864
4,z,9,x,0.8,m1,0,100000,42880,8344,15687,0,0.4288,0.19458955223880592,0,12.040839868997864
4,z,9,z,0.8,m1,0,100000,42880,8344,15687,0,0.4288,0.19458955223880592,0,12.040839868997864
4,z,14,z,0.8,m1,0,100000,69187,3,6,0,0.69187,4.3360746961096375e-05,0,3.5387576799985254
4,z,14,x,0.8,m1,0,100000,69187,3,6,0,0.69187,4.3360746961096375e-05,0,3.5387576799985254
4,z,14,z,0.8,m1,0,100000,69187,3,6,0,0.69187,4.3360746961096375e-05,0,3.5387576799985254
4,z,14,z,0.8,m1,0,100000,69187,3,6,0,0.69187,4.3360746961096375e-05,0,3.5387576799985254
4,z,15,x,0.8,m1,0,100000,48762,2,3,0,0.48762,4.10155448915539e-05,0,4.259049539003172
4,z,15,z,0.8,m1,0,100000,48762,2,3,0,0.48762,4.10155448915539e-05,0,4.259049539003172
4,z,15,z,0.8,m1,0,100000,48762,2,3,0,0.48762,4.10155448915539e-05,0,4.259049539003172
4,z,15,z,0.8,m1,0,100000,48762,2,3,0,0.48762,4.10155448915539e-05,0,4.259049539003172
4,z,2,z,0.8,m1,0,100000,62376,11600,18917,0,0.62376,0.18596896242144412,0,17.998253658995964
4,z,2,x,0.8,m1,0,100000,62376,11600,18917,0,0.62376,0.18596896242144412,0,17.998253658995964
4,z,2,x,0.8,m1,0,100000,62376,11600,18917,0,0.62376,0.18596896242144412,0,17.998253658995964
4,z,2,x,0.8,m1,0,100000,62376,11600,18917,0,0.62376,0.18596896242144412,0,17.998253658995964
4,z,10,z,0.8,m1,0,100000,66006,1513,2682,0,0.66006,0.02292215859164315,0,12.327092433006328
4,z,10,x,0.8,m1,0,100000,66006,1513,2682,0,0.66006,0.02292215859164315,0,12.327092433006328
4,z,10,x,0.8,m1,0,100000,66006,1513,2682,0,0.66006,0.02292215859164315,0,12.327092433006328
4,z,10,z,0.8,m1,0,100000,66006,1513,2682,0,0.66006,0.02292215859164315,0,12.327092433006328
4,z,6,z,0.8,m1,0,100000,69366,1928,3424,0,0.69366,0.027794596776518743,0,15.437050717999227
4,z,6,x,0.8,m1,0,100000,69366,1928,3424,0,0.69366,0.027794596776518743,0,15.437050717999227
4,z,6,z,0.8,m1,0,100000,69366,1928,3424,0,0.69366,0.027794596776518743,0,15.437050717999227
4,z,6,x,0.8,m1,0,100000,69366,1928,3424,0,0.69366,0.027794596776518743,0,15.437050717999227
4,z,11,x,0.8,m1,0,100000,43283,526,975,0,0.43283,0.012152577224314398,0,11.596995965002861
4,z,11,z,0.8,m1,0,100000,43283,526,975,0,0.43283,0.012152577224314398,0,11.596995965002861
4,z,11,x,0.8,m1,0,100000,43283,526,975,0,0.43283,0.012152577224314398,0,11.596995965002861
4,z,11,z,0.8,m1,0,100000,43283,526,975,0,0.43283,0.012152577224314398,0,11.596995965002861
4,z,8,z,0.5,m1,0,100000,100000,6,11,0,1.0,5.999999999994898e-05,0,0.7397201240019058
4,z,8,z,0.5,m1,0,100000,100000,6,11,0,1.0,5.999999999994898e-05,0,0.7397201240019058
4,z,8,z,0.5,m1,0,100000,100000,6,11,0,1.0,5.999999999994898e-05,0,0.7397201240019058
4,z,8,x,0.5,m1,0,100000,100000,6,11,0,1.0,5.999999999994898e-05,0,0.7397201240019058
4,z,13,x,0.8,m1,0,100000,38289,185,358,0,0.38289,0.004831674893572613,0,10.028168177996122
4,z,13,x,0.8,m1,0,100000,38289,185,358,0,0.38289,0.004831674893572613,0,10.028168177996122
4,z,13,z,0.8,m1,0,100000,38289,185,358,0,0.38289,0.004831674893572613,0,10.028168177996122
4,z,13,z,0.8,m1,0,100000,38289,185,358,0,0.38289,0.004831674893572613,0,10.028168177996122
4,z,12,z,0.5,m1,0,100000,84977,2,3,0,0.84977,2.35357802699232e-05,0,1.7306517369943322
4,z,12,z,0.5,m1,0,100000,84977,2,3,0,0.84977,2.35357802699232e-05,0,1.7306517369943322
4,z,12,x,0.5,m1,0,100000,84977,2,3,0,0.84977,2.35357802699232e-05,0,1.7306517369943322
4,z,12,z,0.5,m1,0,100000,84977,2,3,0,0.84977,2.35357802699232e-05,0,1.7306517369943322
4,z,3,x,0.5,m1,0,100000,62199,7602,13674,0,0.62199,0.12222061447933241,0,12.830258600995876
4,z,3,z,0.5,m1,0,100000,62199,7602,13674,0,0.62199,0.12222061447933241,0,12.830258600995876
4,z,3,x,0.5,m1,0,100000,62199,7602,13674,0,0.62199,0.12222061447933241,0,12.830258600995876
4,z,3,x,0.5,m1,0,100000,62199,7602,13674,0,0.62199,0.12222061447933241,0,12.830258600995876
4,z,5,x,0.5,m1,0,100000,54753,5886,11348,0,0.54753,0.10750095885156974,0,11.463957179999852
4,z,5,x,0.5,m1,0,100000,54753,5886,11348,0,0.54753,0.10750095885156974,0,11.463957179999852
4,z,5,z,0.5,m1,0,100000,54753,5886,11348,0,0.54753,0.10750095885156974,0,11.463957179999852
4,z,5,x,0.5,m1,0,100000,54753,5886,11348,0,0.54753,0.10750095885156974,0,11.463957179999852
4,z,4,z,0.5,m1,0,100000,83841,1109,1982,0,0.83841,0.013227418566095328,0,12.452004972998111
4,z,4,z,0.5,m1,0,100000,83841,1109,1982,0,0.83841,0.013227418566095328,0,12.452004972998111
4,z,4,x,0.5,m1,0,100000,83841,1109,1982,0,0.83841,0.013227418566095328,0,12.452004972998111
4,z,4,x,0.5,m1,0,100000,83841,1109,1982,0,0.83841,0.013227418566095328,0,12.452004972998111
4,z,2,z,0.5,m1,0,100000,74666,9384,16457,0,0.74666,0.12567969356869257,0,14.769714660003956
4,z,2,x,0.5,m1,0,100000,74666,9384,16457,0,0.74666,0.12567969356869257,0,14.769714660003956
4,z,2,x,0.5,m1,0,100000,74666,9384,16457,0,0.74666,0.12567969356869257,0,14.769714660003956
4,z,2,x,0.5,m1,0,100000,74666,9384,16457,0,0.74666,0.12567969356869257,0,14.769714660003956
4,z,14,z,0.5,m1,0,100000,79314,2,4,0,0.79314,2.521622916507038e-05,0,2.358656251002685
4,z,14,x,0.5,m1,0,100000,79314,2,4,0,0.79314,2.521622916507038e-05,0,2.358656251002685
4,z,14,z,0.5,m1,0,100000,79314,2,4,0,0.79314,2.521622916507038e-05,0,2.358656251002685
4,z,14,z,0.5,m1,0,100000,79314,2,4,0,0.79314,2.521622916507038e-05,0,2.358656251002685
4,z,9,x,0.5,m1,0,100000,57821,7198,13655,0,0.57821,0.12448764289790903,0,12.204718734996277
4,z,9,x,0.5,m1,0,100000,57821,7198,13655,0,0.57821,0.12448764289790903,0,12.204718734996277
4,z,9,x,0.5,m1,0,100000,57821,7198,13655,0,0.57821,0.12448764289790903,0,12.204718734996277
4,z,9,z,0.5,m1,0,100000,57821,7198,13655,0,0.57821,0.12448764289790903,0,12.204718734996277
4,z,10,z,0.5,m1,0,100000,77154,848,1513,0,0.77154,0.010991005002981002,0,11.758585386996856
4,z,10,x,0.5,m1,0,100000,77154,848,1513,0,0.77154,0.010991005002981002,0,11.758585386996856
4,z,10,x,0.5,m1,0,100000,77154,848,1513,0,0.77154,0.010991005002981002,0,11.758585386996856
4,z,10,z,0.5,m1,0,100000,77154,848,1513,0,0.77154,0.010991005002981002,0,11.758585386996856
4,z,15,x,0.5,m1,0,100000,64221,0,0,0,0.64221,0.0,0,2.6445677669980796
4,z,15,z,0.5,m1,0,100000,64221,0,0,0,0.64221,0.0,0,2.6445677669980796
4,z,15,z,0.5,m1,0,100000,64221,0,0,0,0.64221,0.0,0,2.6445677669980796
4,z,15,z,0.5,m1,0,100000,64221,0,0,0,0.64221,0.0,0,2.6445677669980796
4,z,7,x,0.5,m1,0,100000,60849,561,1044,0,0.60849,0.009219543460040391,0,15.306948353005282
4,z,7,z,0.5,m1,0,100000,60849,561,1044,0,0.60849,0.009219543460040391,0,15.306948353005282
4,z,7,z,0.5,m1,0,100000,60849,561,1044,0,0.60849,0.009219543460040391,0,15.306948353005282
4,z,7,x,0.5,m1,0,100000,60849,561,1044,0,0.60849,0.009219543460040391,0,15.306948353005282
4,z,6,z,0.5,m1,0,100000,79076,1010,1851,0,0.79076,0.012772522636451011,0,14.773133016002248
4,z,6,x,0.5,m1,0,100000,79076,1010,1851,0,0.79076,0.012772522636451011,0,14.773133016002248
4,z,6,z,0.5,m1,0,100000,79076,1010,1851,0,0.79076,0.012772522636451011,0,14.773133016002248
4,z,6,x,0.5,m1,0,100000,79076,1010,1851,0,0.79076,0.012772522636451011,0,14.773133016002248
4,z,11,x,0.5,m1,0,100000,59017,314,575,0,0.59017,0.0053205008726299186,0,12.79204705599841
4,z,11,z,0.5,m1,0,100000,59017,314,575,0,0.59017,0.0053205008726299186,0,12.79204705599841
4,z,11,x,0.5,m1,0,100000,59017,314,575,0,0.59017,0.0053205008726299186,0,12.79204705599841
4,z,11,z,0.5,m1,0,100000,59017,314,575,0,0.59017,0.0053205008726299186,0,12.79204705599841
4,z,8,z,0.3,m1,0,100000,100000,0,0,0,1.0,0.0,0,0.5216422970042913
4,z,8,z,0.3,m1,0,100000,100000,0,0,0,1.0,0.0,0,0.5216422970042913
4,z,8,z,0.3,m1,0,100000,100000,0,0,0,1.0,0.0,0,0.5216422970042913
4,z,8,x,0.3,m1,0,100000,100000,0,0,0,1.0,0.0,0,0.5216422970042913
4,z,13,x,0.5,m1,0,100000,54953,116,229,0,0.54953,0.0021108947646170106,0,10.99609969300218
4,z,13,x,0.5,m1,0,100000,54953,116,229,0,0.54953,0.0021108947646170106,0,10.99609969300218
4,z,13,z,0.5,m1,0,100000,54953,116,229,0,0.54953,0.0021108947646170106,0,10.99609969300218
4,z,13,z,0.5,m1,0,100000,54953,116,229,0,0.54953,0.0021108947646170106,0,10.99609969300218
4,z,12,z,0.3,m1,0,100000,90646,0,0,0,0.90646,0.0,0,1.7036967419990106
4,z,12,z,0.3,m1,0,100000,90646,0,0,0,0.90646,0.0,0,1.7036967419990106
4,z,12,x,0.3,m1,0,100000,90646,0,0,0,0.90646,0.0,0,1.7036967419990106
4,z,12,z,0.3,m1,0,100000,90646,0,0,0,0.90646,0.0,0,1.7036967419990106
4,z,4,z,0.3,m1,0,100000,89758,464,881,0,0.89758,0.0051694556474074504,0,11.039861901001132
4,z,4,z,0.3,m1,0,100000,89758,464,881,0,0.89758,0.0051694556474074504,0,11.039861901001132
4,z,4,x,0.3,m1,0,100000,89758,464,881,0,0.89758,0.0051694556474074504,0,11.039861901001132
4,z,4,x,0.3,m1,0,100000,89758,464,881,0,0.89758,0.0051694556474074504,0,11.039861901001132
4,z,3,x,0.3,m1,0,100000,75370,5777,10628,0,0.7537,0.0766485338994295,0,12.872836461996485
4,z,3,z,0.3,m1,0,100000,75370,5777,10628,0,0.7537,0.0766485338994295,0,12.872836461996485
4,z,3,x,0.3,m1,0,100000,75370,5777,10628,0,0.7537,0.0766485338994295,0,12.872836461996485
4,z,3,x,0.3,m1,0,100000,75370,5777,10628,0,0.7537,0.0766485338994295,0,12.872836461996485
4,z,5,x,0.3,m1,0,100000,69580,4638,8945,0,0.6958,0.06665708536935899,0,13.337838814004499
4,z,5,x,0.3,m1,0,100000,69580,4638,8945,0,0.6958,0.06665708536935899,0,13.337838814004499
4,z,5,z,0.3,m1,0,100000,69580,4638,8945,0,0.6958,0.06665708536935899,0,13.337838814004499
4,z,5,x,0.3,m1,0,100000,69580,4638,8945,0,0.6958,0.06665708536935899,0,13.337838814004499
4,z,9,x,0.3,m1,0,100000,71724,5610,10699,0,0.71724,0.0782164965701857,0,12.457068093004636
4,z,9,x,0.3,m1,0,100000,71724,5610,10699,0,0.71724,0.0782164965701857,0,12.457068093004636
4,z,9,x,0.3,m1,0,100000,71724,5610,10699,0,0.71724,0.0782164965701857,0,12.457068093004636
4,z,9,z,0.3,m1,0,100000,71724,5610,10699,0,0.71724,0.0782164965701857,0,12.457068093004636
4,z,2,z,0.3,m1,0,100000,83626,6547,12010,0,0.83626,0.07828904886040222,0,15.215381718000572
4,z,2,x,0.3,m1,0,100000,83626,6547,12010,0,0.83626,0.07828904886040222,0,15.215381718000572
4,z,2,x,0.3,m1,0,100000,83626,6547,12010,0,0.83626,0.07828904886040222,0,15.215381718000572
4,z,2,x,0.3,m1,0,100000,83626,6547,12010,0,0.83626,0.07828904886040222,0,15.215381718000572
4,z,7,x,0.3,m1,0,100000,73995,274,534,0,0.73995,0.003702952902223111,0,14.149772778000624
4,z,7,z,0.3,m1,0,100000,73995,274,534,0,0.73995,0.003702952902223111,0,14.149772778000624
4,z,7,z,0.3,m1,0,100000,73995,274,534,0,0.73995,0.003702952902223111,0,14.149772778000624
4,z,7,x,0.3,m1,0,100000,73995,274,534,0,0.73995,0.003702952902223111,0,14.149772778000624
4,z,14,z,0.3,m1,0,100000,87061,0,1,0,0.87061,0.0,0,1.6278619740041904
4,z,14,x,0.3,m1,0,100000,87061,0,1,0,0.87061,0.0,0,1.6278619740041904
4,z,14,z,0.3,m1,0,100000,87061,0,1,0,0.87061,0.0,0,1.6278619740041904
4,z,14,z,0.3,m1,0,100000,87061,0,1,0,0.87061,0.0,0,1.6278619740041904
4,z,15,x,0.3,m1,0,100000,76196,0,0,0,0.76196,0.0,0,2.2647211799994693
4,z,15,z,0.3,m1,0,100000,76196,0,0,0,0.76196,0.0,0,2.2647211799994693
4,z,15,z,0.3,m1,0,100000,76196,0,0,0,0.76196,0.0,0,2.2647211799994693
4,z,15,z,0.3,m1,0,100000,76196,0,0,0,0.76196,0.0,0,2.2647211799994693
4,z,6,z,0.3,m1,0,100000,87050,470,892,0,0.8705,0.005399195864445705,0,15.248229527001968
4,z,6,x,0.3,m1,0,100000,87050,470,892,0,0.8705,0.005399195864445705,0,15.248229527001968
4,z,6,z,0.3,m1,0,100000,87050,470,892,0,0.8705,0.005399195864445705,0,15.248229527001968
4,z,6,x,0.3,m1,0,100000,87050,470,892,0,0.8705,0.005399195864445705,0,15.248229527001968
4,z,10,z,0.3,m1,0,100000,85371,436,795,0,0.85371,0.00510712068501018,0,14.050499465003668
4,z,10,x,0.3,m1,0,100000,85371,436,795,0,0.85371,0.00510712068501018,0,14.050499465003668
4,z,10,x,0.3,m1,0,100000,85371,436,795,0,0.85371,0.00510712068501018,0,14.050499465003668
4,z,10,z,0.3,m1,0,100000,85371,436,795,0,0.85371,0.00510712068501018,0,14.050499465003668
4,z,11,x,0.3,m1,0,100000,72773,182,351,0,0.72773,0.0025009275418080845,0,14.522772996002459
4,z,11,z,0.3,m1,0,100000,72773,182,351,0,0.72773,0.0025009275418080845,0,14.522772996002459
4,z,11,x,0.3,m1,0,100000,72773,182,351,0,0.72773,0.0025009275418080845,0,14.522772996002459
4,z,11,z,0.3,m1,0,100000,72773,182,351,0,0.72773,0.0025009275418080845,0,14.522772996002459
4,z,8,z,0.1,m1,0,100000,100000,0,0,0,1.0,0.0,0,0.3968545669995365
4,z,8,z,0.1,m1,0,100000,100000,0,0,0,1.0,0.0,0,0.3968545669995365
4,z,8,z,0.1,m1,0,100000,100000,0,0,0,1.0,0.0,0,0.3968545669995365
4,z,8,x,0.1,m1,0,100000,100000,0,0,0,1.0,0.0,0,0.3968545669995365
4,z,13,x,0.3,m1,0,100000,69582,46,87,0,0.69582,0.0006610905119139865,0,9.428693702997407
4,z,13,x,0.3,m1,0,100000,69582,46,87,0,0.69582,0.0006610905119139865,0,9.428693702997407
4,z,13,z,0.3,m1,0,100000,69582,46,87,0,0.69582,0.0006610905119139865,0,9.428693702997407
4,z,13,z,0.3,m1,0,100000,69582,46,87,0,0.69582,0.0006610905119139865,0,9.428693702997407
4,z,12,z,0.1,m1,0,100000,96835,0,0,0,0.96835,0.0,0,1.5648159639968071
4,z,12,z,0.1,m1,0,100000,96835,0,0,0,0.96835,0.0,0,1.5648159639968071
4,z,12,x,0.1,m1,0,100000,96835,0,0,0,0.96835,0.0,0,1.5648159639968071
4,z,12,z,0.1,m1,0,100000,96835,0,0,0,0.96835,0.0,0,1.5648159639968071
4,z,4,z,0.1,m1,0,100000,96547,58,116,0,0.96547,0.0006007436792443421,0,8.999029673999758
4,z,4,z,0.1,m1,0,100000,96547,58,116,0,0.96547,0.0006007436792443421,0,8.999029673999758
4,z,4,x,0.1,m1,0,100000,96547,58,116,0,0.96547,0.0006007436792443421,0,8.999029673999758
4,z,4,x,0.1,m1,0,100000,96547,58,116,0,0.96547,0.0006007436792443421,0,8.999029673999758
4,z,14,z,0.1,m1,0,100000,95454,0,0,0,0.95454,0.0,0,0.9023503579956014
4,z,14,x,0.1,m1,0,100000,95454,0,0,0,0.95454,0.0,0,0.9023503579956014
4,z,14,z,0.1,m1,0,100000,95454,0,0,0,0.95454,0.0,0,0.9023503579956014
4,z,14,z,0.1,m1,0,100000,95454,0,0,0,0.95454,0.0,0,0.9023503579956014
4,z,5,x,0.1,m1,0,100000,88555,2030,3952,0,0.88555,0.022923606798035068,0,14.198243815000751
4,z,5,x,0.1,m1,0,100000,88555,2030,3952,0,0.88555,0.022923606798035068,0,14.198243815000751
4,z,5,z,0.1,m1,0,100000,88555,2030,3952,0,0.88555,0.022923606798035068,0,14.198243815000751
4,z,5,x,0.1,m1,0,100000,88555,2030,3952,0,0.88555,0.022923606798035068,0,14.198243815000751
4,z,2,z,0.1,m1,0,100000,94284,2581,5006,0,0.94284,0.027374740146790533,0,15.05750207100209
4,z,2,x,0.1,m1,0,100000,94284,2581,5006,0,0.94284,0.027374740146790533,0,15.05750207100209
4,z,2,x,0.1,m1,0,100000,94284,2581,5006,0,0.94284,0.027374740146790533,0,15.05750207100209
4,z,2,x,0.1,m1,0,100000,94284,2581,5006,0,0.94284,0.027374740146790533,0,15.05750207100209
4,z,3,x,0.1,m1,0,100000,90685,2454,4577,0,0.90685,0.02706070463693,0,15.202970711005037
4,z,3,z,0.1,m1,0,100000,90685,2454,4577,0,0.90685,0.02706070463693,0,15.202970711005037
4,z,3,x,0.1,m1,0,100000,90685,2454,4577,0,0.90685,0.02706070463693,0,15.202970711005037
4,z,3,x,0.1,m1,0,100000,90685,2454,4577,0,0.90685,0.02706070463693,0,15.202970711005037
4,z,7,x,0.1,m1,0,100000,90398,60,112,0,0.90398,0.0006637314984845322,0,13.540183482997236
4,z,7,z,0.1,m1,0,100000,90398,60,112,0,0.90398,0.0006637314984845322,0,13.540183482997236
4,z,7,z,0.1,m1,0,100000,90398,60,112,0,0.90398,0.0006637314984845322,0,13.540183482997236
4,z,7,x,0.1,m1,0,100000,90398,60,112,0,0.90398,0.0006637314984845322,0,13.540183482997236
4,z,10,z,0.1,m1,0,100000,94835,114,222,0,0.94835,0.0012020878367691168,0,10.301714455003093
4,z,10,x,0.1,m1,0,100000,94835,114,222,0,0.94835,0.0012020878367691168,0,10.301714455003093
4,z,10,x,0.1,m1,0,100000,94835,114,222,0,0.94835,0.0012020878367691168,0,10.301714455003093
4,z,10,z,0.1,m1,0,100000,94835,114,222,0,0.94835,0.0012020878367691168,0,10.301714455003093
4,z,6,z,0.1,m1,0,100000,95400,117,220,0,0.954,0.001226415094339628,0,14.750290482996206
4,z,6,x,0.1,m1,0,100000,95400,117,220,0,0.954,0.001226415094339628,0,14.750290482996206
4,z,6,z,0.1,m1,0,100000,95400,117,220,0,0.954,0.001226415094339628,0,14.750290482996206
4,z,6,x,0.1,m1,0,100000,95400,117,220,0,0.954,0.001226415094339628,0,14.750290482996206
4,z,15,x,0.1,m1,0,100000,91382,0,0,0,0.91382,0.0,0,0.7335651510002208
4,z,15,z,0.1,m1,0,100000,91382,0,0,0,0.91382,0.0,0,0.7335651510002208
4,z,15,z,0.1,m1,0,100000,91382,0,0,0,0.91382,0.0,0,0.7335651510002208
4,z,15,z,0.1,m1,0,100000,91382,0,0,0,0.91382,0.0,0,0.7335651510002208
4,z,9,x,0.1,m1,0,100000,89513,2352,4485,0,0.89513,0.0262755130539698,0,14.513215256993135
4,z,9,x,0.1,m1,0,100000,89513,2352,4485,0,0.89513,0.0262755130539698,0,14.513215256993135
4,z,9,x,0.1,m1,0,100000,89513,2352,4485,0,0.89513,0.0262755130539698,0,14.513215256993135
4,z,9,z,0.1,m1,0,100000,89513,2352,4485,0,0.89513,0.0262755130539698,0,14.513215256993135
4,z,11,x,0.1,m1,0,100000,89838,51,98,0,0.89838,0.0005676885059774373,0,14.020180082006846
4,z,11,z,0.1,m1,0,100000,89838,51,98,0,0.89838,0.0005676885059774373,0,14.020180082006846
4,z,11,x,0.1,m1,0,100000,89838,51,98,0,0.89838,0.0005676885059774373,0,14.020180082006846
4,z,11,z,0.1,m1,0,100000,89838,51,98,0,0.89838,0.0005676885059774373,0,14.020180082006846
4,z,13,x,0.1,m1,0,100000,88814,4,7,0,0.88814,4.503794446819587e-05,0,6.935374387001502
4,z,13,x,0.1,m1,0,100000,88814,4,7,0,0.88814,4.503794446819587e-05,0,6.935374387001502
4,z,13,z,0.1,m1,0,100000,88814,4,7,0,0.88814,4.503794446819587e-05,0,6.935374387001502
4,z,13,z,0.1,m1,0,100000,88814,4,7,0,0.88814,4.503794446819587e-05,0,6.935374387001502
