n,lstate,i,meas_type,p_error,sim_type,total_meta_shots,shots,count_accept,count_logerror,count_undecided,count_detect_discard,prep_rate,LER,detect_normal,decoding_normal
4,x,4,x,1,normal,0,100000,22678,510,936,0,0.22678,0.022488755622188883,0,9.239109854999697
4,x,4,z,1,normal,0,100000,22678,510,936,0,0.22678,0.022488755622188883,0,9.239109854999697
4,x,4,x,1,normal,0,100000,22678,510,936,0,0.22678,0.022488755622188883,0,9.239109854999697
4,x,4,x,1,normal,0,100000,22678,510,936,0,0.22678,0.022488755622188883,0,9.239109854999697
4,x,10,x,1,normal,0,100000,35005,912,1661,0,0.35005,0.026053420939865735,0,9.82686509299674
4,x,10,x,1,normal,0,100000,35005,912,1661,0,0.35005,0.026053420939865735,0,9.82686509299674
4,x,10,x,1,normal,0,100000,35005,912,1661,0,0.35005,0.026053420939865735,0,9.82686509299674
4,x,10,z,1,normal,0,100000,35005,912,1661,0,0.35005,0.026053420939865735,0,9.82686509299674
4,x,6,x,1,normal,0,100000,30461,1096,2037,0,0.30461,0.03598043399757067,0,9.655585525004426
4,x,6,x,1,normal,0,100000,30461,1096,2037,0,0.30461,0.03598043399757067,0,9.655585525004426
4,x,6,z,1,normal,0,100000,30461,1096,2037,0,0.30461,0.03598043399757067,0,9.655585525004426
4,x,6,x,1,normal,0,100000,30461,1096,2037,0,0.30461,0.03598043399757067,0,9.655585525004426
4,x,2,x,1,normal,0,100000,30565,2,4,0,0.30565,6.54343203010388e-05,0,10.09639991199947
4,x,2,x,1,normal,0,100000,30565,2,4,0,0.30565,6.54343203010388e-05,0,10.09639991199947
4,x,2,x,1,normal,0,100000,30565,2,4,0,0.30565,6.54343203010388e-05,0,10.09639991199947
4,x,2,x,1,normal,0,100000,30565,2,4,0,0.30565,6.54343203010388e-05,0,10.09639991199947
4,x,3,z,1,normal,0,100000,45162,4,6,0,0.45162,8.857003675655228e-05,0,12.063787021994358
4,x,3,x,1,normal,0,100000,45162,4,6,0,0.45162,8.857003675655228e-05,0,12.063787021994358
4,x,3,x,1,normal,0,100000,45162,4,6,0,0.45162,8.857003675655228e-05,0,12.063787021994358
4,x,3,x,1,normal,0,100000,45162,4,6,0,0.45162,8.857003675655228e-05,0,12.063787021994358
4,x,11,z,1,normal,0,100000,48395,1874,3230,0,0.48395,0.038723008575266005,0,13.432598780986154
4,x,11,x,1,normal,0,100000,48395,1874,3230,0,0.48395,0.038723008575266005,0,13.432598780986154
4,x,11,x,1,normal,0,100000,48395,1874,3230,0,0.48395,0.038723008575266005,0,13.432598780986154
4,x,11,z,1,normal,0,100000,48395,1874,3230,0,0.48395,0.038723008575266005,0,13.432598780986154
4,x,8,x,1,normal,0,100000,27197,6859,12612,0,0.27197,0.2521969334853109,0,13.199931255017873
4,x,8,z,1,normal,0,100000,27197,6859,12612,0,0.27197,0.2521969334853109,0,13.199931255017873
4,x,8,z,1,normal,0,100000,27197,6859,12612,0,0.27197,0.2521969334853109,0,13.199931255017873
4,x,8,x,1,normal,0,100000,27197,6859,12612,0,0.27197,0.2521969334853109,0,13.199931255017873
4,x,9,z,1,normal,0,100000,100000,2045,3080,0,1.0,0.020449999999999968,0,15.522361316980096
4,x,9,z,1,normal,0,100000,100000,2045,3080,0,1.0,0.020449999999999968,0,15.522361316980096
4,x,9,z,1,normal,0,100000,100000,2045,3080,0,1.0,0.020449999999999968,0,15.522361316980096
4,x,9,x,1,normal,0,100000,100000,2045,3080,0,1.0,0.020449999999999968,0,15.522361316980096
4,x,5,z,1,normal,0,100000,47045,54,101,0,0.47045,0.0011478371771708185,0,12.90117223301786
4,x,5,z,1,normal,0,100000,47045,54,101,0,0.47045,0.0011478371771708185,0,12.90117223301786
4,x,5,x,1,normal,0,100000,47045,54,101,0,0.47045,0.0011478371771708185,0,12.90117223301786
4,x,5,x,1,normal,0,100000,47045,54,101,0,0.47045,0.0011478371771708185,0,12.90117223301786
4,x,7,z,1,normal,0,100000,41368,1590,2809,0,0.41368,0.038435505704892625,0,18.124007086997153
4,x,7,x,1,normal,0,100000,41368,1590,2809,0,0.41368,0.038435505704892625,0,18.124007086997153
4,x,7,z,1,normal,0,100000,41368,1590,2809,0,0.41368,0.038435505704892625,0,18.124007086997153
4,x,7,x,1,normal,0,100000,41368,1590,2809,0,0.41368,0.038435505704892625,0,18.124007086997153
4,x,12,x,1,normal,0,100000,33915,7690,14179,0,0.33915,0.22674332891051152,0,10.277041766006732
4,x,12,z,1,normal,0,100000,33915,7690,14179,0,0.33915,0.22674332891051152,0,10.277041766006732
4,x,12,x,1,normal,0,100000,33915,7690,14179,0,0.33915,0.22674332891051152,0,10.277041766006732
4,x,12,z,1,normal,0,100000,33915,7690,14179,0,0.33915,0.22674332891051152,0,10.277041766006732
4,x,14,x,1,normal,0,100000,27519,5542,9777,0,0.27519,0.20138813183618587,0,10.171841678005876
4,x,14,x,1,normal,0,100000,27519,5542,9777,0,0.27519,0.20138813183618587,0,10.171841678005876
4,x,14,z,1,normal,0,100000,27519,5542,9777,0,0.27519,0.20138813183618587,0,10.171841678005876
4,x,14,z,1,normal,0,100000,27519,5542,9777,0,0.27519,0.20138813183618587,0,10.171841678005876
4,x,2,x,0.8,normal,0,100000,38712,2,3,0,0.38712,5.166356685271101e-05,0,9.769009480980458
4,x,2,x,0.8,normal,0,100000,38712,2,3,0,0.38712,5.166356685271101e-05,0,9.769009480980458
4,x,2,x,0.8,normal,0,100000,38712,2,3,0,0.38712,5.166356685271101e-05,0,9.769009480980458
4,x,2,x,0.8,normal,0,100000,38712,2,3,0,0.38712,5.166356685271101e-05,0,9.769009480980458
4,x,15,z,1,normal,0,100000,59646,14628,22087,0,0.59646,0.24524695704657484,0,14.377828654978657
4,x,15,x,1,normal,0,100000,59646,14628,22087,0,0.59646,0.24524695704657484,0,14.377828654978657
4,x,15,z,1,normal,0,100000,59646,14628,22087,0,0.59646,0.24524695704657484,0,14.377828654978657
4,x,15,z,1,normal,0,100000,59646,14628,22087,0,0.59646,0.24524695704657484,0,14.377828654978657
4,x,13,z,1,normal,0,100000,64726,8726,12385,0,0.64726,0.1348144485987084,0,14.332781065983
4,x,13,z,1,normal,0,100000,64726,8726,12385,0,0.64726,0.1348144485987084,0,14.332781065983
4,x,13,x,1,normal,0,100000,64726,8726,12385,0,0.64726,0.1348144485987084,0,14.332781065983
4,x,13,z,1,normal,0,100000,64726,8726,12385,0,0.64726,0.1348144485987084,0,14.332781065983
4,x,4,x,0.8,normal,0,100000,30467,476,901,0,0.30467,0.015623461450093523,0,12.583690350002144
4,x,4,z,0.8,normal,0,100000,30467,476,901,0,0.30467,0.015623461450093523,0,12.583690350002144
4,x,4,x,0.8,normal,0,100000,30467,476,901,0,0.30467,0.015623461450093523,0,12.583690350002144
4,x,4,x,0.8,normal,0,100000,30467,476,901,0,0.30467,0.015623461450093523,0,12.583690350002144
4,x,3,z,0.8,normal,0,100000,52899,2,3,0,0.52899,3.780789806995255e-05,0,12.135501559008844
4,x,3,x,0.8,normal,0,100000,52899,2,3,0,0.52899,3.780789806995255e-05,0,12.135501559008844
4,x,3,x,0.8,normal,0,100000,52899,2,3,0,0.52899,3.780789806995255e-05,0,12.135501559008844
4,x,3,x,0.8,normal,0,100000,52899,2,3,0,0.52899,3.780789806995255e-05,0,12.135501559008844
4,x,6,x,0.8,normal,0,100000,38555,942,1780,0,0.38555,0.024432628712229287,0,11.632658031012397
4,x,6,x,0.8,normal,0,100000,38555,942,1780,0,0.38555,0.024432628712229287,0,11.632658031012397
4,x,6,z,0.8,normal,0,100000,38555,942,1780,0,0.38555,0.024432628712229287,0,11.632658031012397
4,x,6,x,0.8,normal,0,100000,38555,942,1780,0,0.38555,0.024432628712229287,0,11.632658031012397
4,x,8,x,0.8,normal,0,100000,34386,7148,13130,0,0.34386,0.20787529808643057,0,10.17363773402758
4,x,8,z,0.8,normal,0,100000,34386,7148,13130,0,0.34386,0.20787529808643057,0,10.17363773402758
4,x,8,z,0.8,normal,0,100000,34386,7148,13130,0,0.34386,0.20787529808643057,0,10.17363773402758
4,x,8,x,0.8,normal,0,100000,34386,7148,13130,0,0.34386,0.20787529808643057,0,10.17363773402758
4,x,5,z,0.8,normal,0,100000,54124,26,45,0,0.54124,0.0004803783903628567,0,14.720055810001213
4,x,5,z,0.8,normal,0,100000,54124,26,45,0,0.54124,0.0004803783903628567,0,14.720055810001213
4,x,5,x,0.8,normal,0,100000,54124,26,45,0,0.54124,0.0004803783903628567,0,14.720055810001213
4,x,5,x,0.8,normal,0,100000,54124,26,45,0,0.54124,0.0004803783903628567,0,14.720055810001213
4,x,7,z,0.8,normal,0,100000,48724,1306,2370,0,0.48724,0.026804039077251485,0,14.938045454007806
4,x,7,x,0.8,normal,0,100000,48724,1306,2370,0,0.48724,0.026804039077251485,0,14.938045454007806
4,x,7,z,0.8,normal,0,100000,48724,1306,2370,0,0.48724,0.026804039077251485,0,14.938045454007806
4,x,7,x,0.8,normal,0,100000,48724,1306,2370,0,0.48724,0.026804039077251485,0,14.938045454007806
4,x,10,x,0.8,normal,0,100000,42642,780,1448,0,0.42642,0.01829182496130577,0,10.653383385011693
4,x,10,x,0.8,normal,0,100000,42642,780,1448,0,0.42642,0.01829182496130577,0,10.653383385011693
4,x,10,x,0.8,normal,0,100000,42642,780,1448,0,0.42642,0.01829182496130577,0,10.653383385011693
4,x,10,z,0.8,normal,0,100000,42642,780,1448,0,0.42642,0.01829182496130577,0,10.653383385011693
4,x,9,z,0.8,normal,0,100000,100000,1024,1631,0,1.0,0.010240000000000027,0,16.072491461993195
4,x,9,z,0.8,normal,0,100000,100000,1024,1631,0,1.0,0.010240000000000027,0,16.072491461993195
4,x,9,z,0.8,normal,0,100000,100000,1024,1631,0,1.0,0.010240000000000027,0,16.072491461993195
4,x,9,x,0.8,normal,0,100000,100000,1024,1631,0,1.0,0.010240000000000027,0,16.072491461993195
4,x,12,x,0.8,normal,0,100000,41857,7884,14581,0,0.41857,0.18835559165730942,0,10.794523240998387
4,x,12,z,0.8,normal,0,100000,41857,7884,14581,0,0.41857,0.18835559165730942,0,10.794523240998387
4,x,12,x,0.8,normal,0,100000,41857,7884,14581,0,0.41857,0.18835559165730942,0,10.794523240998387
4,x,12,z,0.8,normal,0,100000,41857,7884,14581,0,0.41857,0.18835559165730942,0,10.794523240998387
4,x,14,x,0.8,normal,0,100000,35291,5899,10496,0,0.35291,0.16715309852370297,0,11.77630080797826
4,x,14,x,0.8,normal,0,100000,35291,5899,10496,0,0.35291,0.16715309852370297,0,11.77630080797826
4,x,14,z,0.8,normal,0,100000,35291,5899,10496,0,0.35291,0.16715309852370297,0,11.77630080797826
4,x,14,z,0.8,normal,0,100000,35291,5899,10496,0,0.35291,0.16715309852370297,0,11.77630080797826
4,x,11,z,0.8,normal,0,100000,55497,1476,2578,0,0.55497,0.0265960322179577,0,13.731715144007467
4,x,11,x,0.8,normal,0,100000,55497,1476,2578,0,0.55497,0.0265960322179577,0,13.731715144007467
4,x,11,x,0.8,normal,0,100000,55497,1476,2578,0,0.55497,0.0265960322179577,0,13.731715144007467
4,x,11,z,0.8,normal,0,100000,55497,1476,2578,0,0.55497,0.0265960322179577,0,13.731715144007467
4,x,13,z,0.8,normal,0,100000,70616,6856,10308,0,0.70616,0.09708847853177749,0,14.539528718974907
4,x,13,z,0.8,normal,0,100000,70616,6856,10308,0,0.70616,0.09708847853177749,0,14.539528718974907
4,x,13,x,0.8,normal,0,100000,70616,6856,10308,0,0.70616,0.09708847853177749,0,14.539528718974907
4,x,13,z,0.8,normal,0,100000,70616,6856,10308,0,0.70616,0.09708847853177749,0,14.539528718974907
4,x,2,x,0.5,normal,0,100000,55447,0,1,0,0.55447,0.0,0,11.586954992992105
4,x,2,x,0.5,normal,0,100000,55447,0,1,0,0.55447,0.0,0,11.586954992992105
4,x,2,x,0.5,normal,0,100000,55447,0,1,0,0.55447,0.0,0,11.586954992992105
4,x,2,x,0.5,normal,0,100000,55447,0,1,0,0.55447,0.0,0,11.586954992992105
4,x,15,z,0.8,normal,0,100000,66042,13711,21692,0,0.66042,0.20761030859150242,0,14.677209565008525
4,x,15,x,0.8,normal,0,100000,66042,13711,21692,0,0.66042,0.20761030859150242,0,14.677209565008525
4,x,15,z,0.8,normal,0,100000,66042,13711,21692,0,0.66042,0.20761030859150242,0,14.677209565008525
4,x,15,z,0.8,normal,0,100000,66042,13711,21692,0,0.66042,0.20761030859150242,0,14.677209565008525
4,x,3,z,0.5,normal,0,100000,67217,0,0,0,0.67217,0.0,0,12.120191964000696
4,x,3,x,0.5,normal,0,100000,67217,0,0,0,0.67217,0.0,0,12.120191964000696
4,x,3,x,0.5,normal,0,100000,67217,0,0,0,0.67217,0.0,0,12.120191964000696
4,x,3,x,0.5,normal,0,100000,67217,0,0,0,0.67217,0.0,0,12.120191964000696
4,x,4,x,0.5,normal,0,100000,47457,282,545,0,0.47457,0.0059422213793539624,0,12.504981164005585
4,x,4,z,0.5,normal,0,100000,47457,282,545,0,0.47457,0.0059422213793539624,0,12.504981164005585
4,x,4,x,0.5,normal,0,100000,47457,282,545,0,0.47457,0.0059422213793539624,0,12.504981164005585
4,x,4,x,0.5,normal,0,100000,47457,282,545,0,0.47457,0.0059422213793539624,0,12.504981164005585
4,x,5,z,0.5,normal,0,100000,67566,8,17,0,0.67566,0.00011840274694374653,0,11.974534415989183
4,x,5,z,0.5,normal,0,100000,67566,8,17,0,0.67566,0.00011840274694374653,0,11.974534415989183
4,x,5,x,0.5,normal,0,100000,67566,8,17,0,0.67566,0.00011840274694374653,0,11.974534415989183
4,x,5,x,0.5,normal,0,100000,67566,8,17,0,0.67566,0.00011840274694374653,0,11.974534415989183
4,x,6,x,0.5,normal,0,100000,54961,561,1096,0,0.54961,0.010207237859573115,0,11.289234922995092
4,x,6,x,0.5,normal,0,100000,54961,561,1096,0,0.54961,0.010207237859573115,0,11.289234922995092
4,x,6,z,0.5,normal,0,100000,54961,561,1096,0,0.54961,0.010207237859573115,0,11.289234922995092
4,x,6,x,0.5,normal,0,100000,54961,561,1096,0,0.54961,0.010207237859573115,0,11.289234922995092
4,x,8,x,0.5,normal,0,100000,49824,6422,12068,0,0.49824,0.12889370584457294,0,12.106517608015565
4,x,8,z,0.5,normal,0,100000,49824,6422,12068,0,0.49824,0.12889370584457294,0,12.106517608015565
4,x,8,z,0.5,normal,0,100000,49824,6422,12068,0,0.49824,0.12889370584457294,0,12.106517608015565
4,x,8,x,0.5,normal,0,100000,49824,6422,12068,0,0.49824,0.12889370584457294,0,12.106517608015565
4,x,7,z,0.5,normal,0,100000,62880,638,1203,0,0.6288,0.010146310432569972,0,15.610210115002701
4,x,7,x,0.5,normal,0,100000,62880,638,1203,0,0.6288,0.010146310432569972,0,15.610210115002701
4,x,7,z,0.5,normal,0,100000,62880,638,1203,0,0.6288,0.010146310432569972,0,15.610210115002701
4,x,7,x,0.5,normal,0,100000,62880,638,1203,0,0.6288,0.010146310432569972,0,15.610210115002701
4,x,9,z,0.5,normal,0,100000,100000,204,367,0,1.0,0.0020400000000000418,0,13.017061649996322
4,x,9,z,0.5,normal,0,100000,100000,204,367,0,1.0,0.0020400000000000418,0,13.017061649996322
4,x,9,z,0.5,normal,0,100000,100000,204,367,0,1.0,0.0020400000000000418,0,13.017061649996322
4,x,9,x,0.5,normal,0,100000,100000,204,367,0,1.0,0.0020400000000000418,0,13.017061649996322
4,x,12,x,0.5,normal,0,100000,57546,7138,13433,0,0.57546,0.12403989851596986,0,12.780908091983292
4,x,12,z,0.5,normal,0,100000,57546,7138,13433,0,0.57546,0.12403989851596986,0,12.780908091983292
4,x,12,x,0.5,normal,0,100000,57546,7138,13433,0,0.57546,0.12403989851596986,0,12.780908091983292
4,x,12,z,0.5,normal,0,100000,57546,7138,13433,0,0.57546,0.12403989851596986,0,12.780908091983292
4,x,10,x,0.5,normal,0,100000,58476,440,819,0,0.58476,0.007524454477050413,0,14.691670718981186
4,x,10,x,0.5,normal,0,100000,58476,440,819,0,0.58476,0.007524454477050413,0,14.691670718981186
4,x,10,x,0.5,normal,0,100000,58476,440,819,0,0.58476,0.007524454477050413,0,14.691670718981186
4,x,10,z,0.5,normal,0,100000,58476,440,819,0,0.58476,0.007524454477050413,0,14.691670718981186
4,x,14,x,0.5,normal,0,100000,52382,5872,10794,0,0.52382,0.11209957619029443,0,11.795489270007238
4,x,14,x,0.5,normal,0,100000,52382,5872,10794,0,0.52382,0.11209957619029443,0,11.795489270007238
4,x,14,z,0.5,normal,0,100000,52382,5872,10794,0,0.52382,0.11209957619029443,0,11.795489270007238
4,x,14,z,0.5,normal,0,100000,52382,5872,10794,0,0.52382,0.11209957619029443,0,11.795489270007238
4,x,11,z,0.5,normal,0,100000,68803,794,1419,0,0.68803,0.011540194468264486,0,14.937827599991579
4,x,11,x,0.5,normal,0,100000,68803,794,1419,0,0.68803,0.011540194468264486,0,14.937827599991579
4,x,11,x,0.5,normal,0,100000,68803,794,1419,0,0.68803,0.011540194468264486,0,14.937827599991579
4,x,11,z,0.5,normal,0,100000,68803,794,1419,0,0.68803,0.011540194468264486,0,14.937827599991579
4,x,2,x,0.3,normal,0,100000,70253,0,0,0,0.70253,0.0,0,9.07156956801191
4,x,2,x,0.3,normal,0,100000,70253,0,0,0,0.70253,0.0,0,9.07156956801191
4,x,2,x,0.3,normal,0,100000,70253,0,0,0,0.70253,0.0,0,9.07156956801191
4,x,2,x,0.3,normal,0,100000,70253,0,0,0,0.70253,0.0,0,9.07156956801191
4,x,13,z,0.5,normal,0,100000,80356,3658,6119,0,0.80356,0.045522425207825123,0,14.782209293014603
4,x,13,z,0.5,normal,0,100000,80356,3658,6119,0,0.80356,0.045522425207825123,0,14.782209293014603
4,x,13,x,0.5,normal,0,100000,80356,3658,6119,0,0.80356,0.045522425207825123,0,14.782209293014603
4,x,13,z,0.5,normal,0,100000,80356,3658,6119,0,0.80356,0.045522425207825123,0,14.782209293014603
4,x,3,z,0.3,normal,0,100000,78900,0,0,0,0.789,0.0,0,10.483823342015967
4,x,3,x,0.3,normal,0,100000,78900,0,0,0,0.789,0.0,0,10.483823342015967
4,x,3,x,0.3,normal,0,100000,78900,0,0,0,0.789,0.0,0,10.483823342015967
4,x,3,x,0.3,normal,0,100000,78900,0,0,0,0.789,0.0,0,10.483823342015967
4,x,15,z,0.5,normal,0,100000,77307,10819,18562,0,0.77307,0.13994851695189314,0,15.986629589984659
4,x,15,x,0.5,normal,0,100000,77307,10819,18562,0,0.77307,0.13994851695189314,0,15.986629589984659
4,x,15,z,0.5,normal,0,100000,77307,10819,18562,0,0.77307,0.13994851695189314,0,15.986629589984659
4,x,15,z,0.5,normal,0,100000,77307,10819,18562,0,0.77307,0.13994851695189314,0,15.986629589984659
4,x,5,z,0.3,normal,0,100000,78686,2,2,0,0.78686,2.5417482144241e-05,0,11.758570424019126
4,x,5,z,0.3,normal,0,100000,78686,2,2,0,0.78686,2.5417482144241e-05,0,11.758570424019126
4,x,5,x,0.3,normal,0,100000,78686,2,2,0,0.78686,2.5417482144241e-05,0,11.758570424019126
4,x,5,x,0.3,normal,0,100000,78686,2,2,0,0.78686,2.5417482144241e-05,0,11.758570424019126
4,x,6,x,0.3,normal,0,100000,69527,268,527,0,0.69527,0.0038546176305608304,0,12.176555054000346
4,x,6,x,0.3,normal,0,100000,69527,268,527,0,0.69527,0.0038546176305608304,0,12.176555054000346
4,x,6,z,0.3,normal,0,100000,69527,268,527,0,0.69527,0.0038546176305608304,0,12.176555054000346
4,x,6,x,0.3,normal,0,100000,69527,268,527,0,0.69527,0.0038546176305608304,0,12.176555054000346
4,x,4,x,0.3,normal,0,100000,64166,134,264,0,0.64166,0.0020883333852819153,0,16.55206147301942
4,x,4,z,0.3,normal,0,100000,64166,134,264,0,0.64166,0.0020883333852819153,0,16.55206147301942
4,x,4,x,0.3,normal,0,100000,64166,134,264,0,0.64166,0.0020883333852819153,0,16.55206147301942
4,x,4,x,0.3,normal,0,100000,64166,134,264,0,0.64166,0.0020883333852819153,0,16.55206147301942
4,x,8,x,0.3,normal,0,100000,65392,5040,9609,0,0.65392,0.07707364815267925,0,12.233319000981282
4,x,8,z,0.3,normal,0,100000,65392,5040,9609,0,0.65392,0.07707364815267925,0,12.233319000981282
4,x,8,z,0.3,normal,0,100000,65392,5040,9609,0,0.65392,0.07707364815267925,0,12.233319000981282
4,x,8,x,0.3,normal,0,100000,65392,5040,9609,0,0.65392,0.07707364815267925,0,12.233319000981282
4,x,9,z,0.3,normal,0,100000,100000,34,62,0,1.0,0.00034000000000000696,0,12.983733612985816
4,x,9,z,0.3,normal,0,100000,100000,34,62,0,1.0,0.00034000000000000696,0,12.983733612985816
4,x,9,z,0.3,normal,0,100000,100000,34,62,0,1.0,0.00034000000000000696,0,12.983733612985816
4,x,9,x,0.3,normal,0,100000,100000,34,62,0,1.0,0.00034000000000000696,0,12.983733612985816
4,x,10,x,0.3,normal,0,100000,71944,213,400,0,0.71944,0.0029606360502613116,0,13.09939841099549
4,x,10,x,0.3,normal,0,100000,71944,213,400,0,0.71944,0.0029606360502613116,0,13.09939841099549
4,x,10,x,0.3,normal,0,100000,71944,213,400,0,0.71944,0.0029606360502613116,0,13.09939841099549
4,x,10,z,0.3,normal,0,100000,71944,213,400,0,0.71944,0.0029606360502613116,0,13.09939841099549
4,x,7,z,0.3,normal,0,100000,75576,299,556,0,0.75576,0.003956282417698742,0,16.446880184987094
4,x,7,x,0.3,normal,0,100000,75576,299,556,0,0.75576,0.003956282417698742,0,16.446880184987094
4,x,7,z,0.3,normal,0,100000,75576,299,556,0,0.75576,0.003956282417698742,0,16.446880184987094
4,x,7,x,0.3,normal,0,100000,75576,299,556,0,0.75576,0.003956282417698742,0,16.446880184987094
4,x,11,z,0.3,normal,0,100000,79770,389,726,0,0.7977,0.0048765199949856175,0,14.583470512996428
4,x,11,x,0.3,normal,0,100000,79770,389,726,0,0.7977,0.0048765199949856175,0,14.583470512996428
4,x,11,x,0.3,normal,0,100000,79770,389,726,0,0.7977,0.0048765199949856175,0,14.583470512996428
4,x,11,z,0.3,normal,0,100000,79770,389,726,0,0.7977,0.0048765199949856175,0,14.583470512996428
4,x,12,x,0.3,normal,0,100000,71742,5537,10572,0,0.71742,0.07717933706894153,0,13.516651912010275
4,x,12,z,0.3,normal,0,100000,71742,5537,10572,0,0.71742,0.07717933706894153,0,13.516651912010275
4,x,12,x,0.3,normal,0,100000,71742,5537,10572,0,0.71742,0.07717933706894153,0,13.516651912010275
4,x,12,z,0.3,normal,0,100000,71742,5537,10572,0,0.71742,0.07717933706894153,0,13.516651912010275
4,x,2,x,0.1,normal,0,100000,88763,0,0,0,0.88763,0.0,0,8.934321517008357
4,x,2,x,0.1,normal,0,100000,88763,0,0,0,0.88763,0.0,0,8.934321517008357
4,x,2,x,0.1,normal,0,100000,88763,0,0,0,0.88763,0.0,0,8.934321517008357
4,x,2,x,0.1,normal,0,100000,88763,0,0,0,0.88763,0.0,0,8.934321517008357
4,x,14,x,0.3,normal,0,100000,67650,4629,8696,0,0.6765,0.06842572062084262,0,12.296273684012704
4,x,14,x,0.3,normal,0,100000,67650,4629,8696,0,0.6765,0.06842572062084262,0,12.296273684012704
4,x,14,z,0.3,normal,0,100000,67650,4629,8696,0,0.6765,0.06842572062084262,0,12.296273684012704
4,x,14,z,0.3,normal,0,100000,67650,4629,8696,0,0.6765,0.06842572062084262,0,12.296273684012704
4,x,13,z,0.3,normal,0,100000,87584,1561,2776,0,0.87584,0.017822890025575466,0,15.096410566999111
4,x,13,z,0.3,normal,0,100000,87584,1561,2776,0,0.87584,0.017822890025575466,0,15.096410566999111
4,x,13,x,0.3,normal,0,100000,87584,1561,2776,0,0.87584,0.017822890025575466,0,15.096410566999111
4,x,13,z,0.3,normal,0,100000,87584,1561,2776,0,0.87584,0.017822890025575466,0,15.096410566999111
4,x,3,z,0.1,normal,0,100000,92386,0,0,0,0.92386,0.0,0,9.562084117991617
4,x,3,x,0.1,normal,0,100000,92386,0,0,0,0.92386,0.0,0,9.562084117991617
4,x,3,x,0.1,normal,0,100000,92386,0,0,0,0.92386,0.0,0,9.562084117991617
4,x,3,x,0.1,normal,0,100000,92386,0,0,0,0.92386,0.0,0,9.562084117991617
4,x,5,z,0.1,normal,0,100000,92298,0,0,0,0.92298,0.0,0,10.26760055500199
4,x,5,z,0.1,normal,0,100000,92298,0,0,0,0.92298,0.0,0,10.26760055500199
4,x,5,x,0.1,normal,0,100000,92298,0,0,0,0.92298,0.0,0,10.26760055500199
4,x,5,x,0.1,normal,0,100000,92298,0,0,0,0.92298,0.0,0,10.26760055500199
4,x,15,z,0.3,normal,0,100000,85714,7668,13993,0,0.85714,0.08946029820099399,0,15.315462714992464
4,x,15,x,0.3,normal,0,100000,85714,7668,13993,0,0.85714,0.08946029820099399,0,15.315462714992464
4,x,15,z,0.3,normal,0,100000,85714,7668,13993,0,0.85714,0.08946029820099399,0,15.315462714992464
4,x,15,z,0.3,normal,0,100000,85714,7668,13993,0,0.85714,0.08946029820099399,0,15.315462714992464
4,x,6,x,0.1,normal,0,100000,88473,44,87,0,0.88473,0.0004973268680840137,0,13.270673940976849
4,x,6,x,0.1,normal,0,100000,88473,44,87,0,0.88473,0.0004973268680840137,0,13.270673940976849
4,x,6,z,0.1,normal,0,100000,88473,44,87,0,0.88473,0.0004973268680840137,0,13.270673940976849
4,x,6,x,0.1,normal,0,100000,88473,44,87,0,0.88473,0.0004973268680840137,0,13.270673940976849
4,x,4,x,0.1,normal,0,100000,86336,16,31,0,0.86336,0.00018532246108227124,0,16.635923841997283
4,x,4,z,0.1,normal,0,100000,86336,16,31,0,0.86336,0.00018532246108227124,0,16.635923841997283
4,x,4,x,0.1,normal,0,100000,86336,16,31,0,0.86336,0.00018532246108227124,0,16.635923841997283
4,x,4,x,0.1,normal,0,100000,86336,16,31,0,0.86336,0.00018532246108227124,0,16.635923841997283
4,x,9,z,0.1,normal,0,100000,100000,0,0,0,1.0,0.0,0,9.52651370599051
4,x,9,z,0.1,normal,0,100000,100000,0,0,0,1.0,0.0,0,9.52651370599051
4,x,9,z,0.1,normal,0,100000,100000,0,0,0,1.0,0.0,0,9.52651370599051
4,x,9,x,0.1,normal,0,100000,100000,0,0,0,1.0,0.0,0,9.52651370599051
4,x,8,x,0.1,normal,0,100000,86508,2152,4165,0,0.86508,0.024876312017385716,0,13.378730241005542
4,x,8,z,0.1,normal,0,100000,86508,2152,4165,0,0.86508,0.024876312017385716,0,13.378730241005542
4,x,8,z,0.1,normal,0,100000,86508,2152,4165,0,0.86508,0.024876312017385716,0,13.378730241005542
4,x,8,x,0.1,normal,0,100000,86508,2152,4165,0,0.86508,0.024876312017385716,0,13.378730241005542
4,x,7,z,0.1,normal,0,100000,90782,48,95,0,0.90782,0.0005287391773699524,0,17.46265566101647
4,x,7,x,0.1,normal,0,100000,90782,48,95,0,0.90782,0.0005287391773699524,0,17.46265566101647
4,x,7,z,0.1,normal,0,100000,90782,48,95,0,0.90782,0.0005287391773699524,0,17.46265566101647
4,x,7,x,0.1,normal,0,100000,90782,48,95,0,0.90782,0.0005287391773699524,0,17.46265566101647
4,x,10,x,0.1,normal,0,100000,89483,36,72,0,0.89483,0.000402311053496196,0,13.88774083199678
4,x,10,x,0.1,normal,0,100000,89483,36,72,0,0.89483,0.000402311053496196,0,13.88774083199678
4,x,10,x,0.1,normal,0,100000,89483,36,72,0,0.89483,0.000402311053496196,0,13.88774083199678
4,x,10,z,0.1,normal,0,100000,89483,36,72,0,0.89483,0.000402311053496196,0,13.88774083199678
4,x,3,z,1,m1,0,100000,65520,4,7,0,0.6552,6.105006105006083e-05,0,3.876025498000672
4,x,3,x,1,m1,0,100000,65520,4,7,0,0.6552,6.105006105006083e-05,0,3.876025498000672
4,x,3,x,1,m1,0,100000,65520,4,7,0,0.6552,6.105006105006083e-05,0,3.876025498000672
4,x,3,x,1,m1,0,100000,65520,4,7,0,0.6552,6.105006105006083e-05,0,3.876025498000672
4,x,2,x,1,m1,0,100000,27267,2,4,0,0.27267,7.33487365680574e-05,0,7.162935921020107
4,x,2,x,1,m1,0,100000,27267,2,4,0,0.27267,7.33487365680574e-05,0,7.162935921020107
4,x,2,x,1,m1,0,100000,27267,2,4,0,0.27267,7.33487365680574e-05,0,7.162935921020107
4,x,2,x,1,m1,0,100000,27267,2,4,0,0.27267,7.33487365680574e-05,0,7.162935921020107
4,x,12,x,0.1,normal,0,100000,89415,2324,4483,0,0.89415,0.02599116479337915,0,14.138758012995822
4,x,12,z,0.1,normal,0,100000,89415,2324,4483,0,0.89415,0.02599116479337915,0,14.138758012995822
4,x,12,x,0.1,normal,0,100000,89415,2324,4483,0,0.89415,0.02599116479337915,0,14.138758012995822
4,x,12,z,0.1,normal,0,100000,89415,2324,4483,0,0.89415,0.02599116479337915,0,14.138758012995822
4,x,11,z,0.1,normal,0,100000,92676,82,164,0,0.92676,0.0008848029694851212,0,16.682503593998263
4,x,11,x,0.1,normal,0,100000,92676,82,164,0,0.92676,0.0008848029694851212,0,16.682503593998263
4,x,11,x,0.1,normal,0,100000,92676,82,164,0,0.92676,0.0008848029694851212,0,16.682503593998263
4,x,11,z,0.1,normal,0,100000,92676,82,164,0,0.92676,0.0008848029694851212,0,16.682503593998263
4,x,14,x,0.1,normal,0,100000,87684,2097,4032,0,0.87684,0.02391542356644316,0,13.858629730995744
4,x,14,x,0.1,normal,0,100000,87684,2097,4032,0,0.87684,0.02391542356644316,0,13.858629730995744
4,x,14,z,0.1,normal,0,100000,87684,2097,4032,0,0.87684,0.02391542356644316,0,13.858629730995744
4,x,14,z,0.1,normal,0,100000,87684,2097,4032,0,0.87684,0.02391542356644316,0,13.858629730995744
4,x,9,z,1,m1,0,100000,100000,54,101,0,1.0,0.0005399999999999849,0,1.1778170070028864
4,x,9,z,1,m1,0,100000,100000,54,101,0,1.0,0.0005399999999999849,0,1.1778170070028864
4,x,9,z,1,m1,0,100000,100000,54,101,0,1.0,0.0005399999999999849,0,1.1778170070028864
4,x,9,x,1,m1,0,100000,100000,54,101,0,1.0,0.0005399999999999849,0,1.1778170070028864
4,x,5,z,1,m1,0,100000,70168,26,53,0,0.70168,0.0003705392771633509,0,3.307809106016066
4,x,5,z,1,m1,0,100000,70168,26,53,0,0.70168,0.0003705392771633509,0,3.307809106016066
4,x,5,x,1,m1,0,100000,70168,26,53,0,0.70168,0.0003705392771633509,0,3.307809106016066
4,x,5,x,1,m1,0,100000,70168,26,53,0,0.70168,0.0003705392771633509,0,3.307809106016066
4,x,13,z,0.1,normal,0,100000,95594,214,415,0,0.95594,0.002238634223905245,0,15.726311211998109
4,x,13,z,0.1,normal,0,100000,95594,214,415,0,0.95594,0.002238634223905245,0,15.726311211998109
4,x,13,x,0.1,normal,0,100000,95594,214,415,0,0.95594,0.002238634223905245,0,15.726311211998109
4,x,13,z,0.1,normal,0,100000,95594,214,415,0,0.95594,0.002238634223905245,0,15.726311211998109
4,x,4,x,1,m1,0,100000,27432,372,723,0,0.27432,0.013560804899387602,0,11.060768180992454
4,x,4,z,1,m1,0,100000,27432,372,723,0,0.27432,0.013560804899387602,0,11.060768180992454
4,x,4,x,1,m1,0,100000,27432,372,723,0,0.27432,0.013560804899387602,0,11.060768180992454
4,x,4,x,1,m1,0,100000,27432,372,723,0,0.27432,0.013560804899387602,0,11.060768180992454
4,x,15,z,0.1,normal,0,100000,95121,3000,5792,0,0.95121,0.03153877692623075,0,16.39729587500915
4,x,15,x,0.1,normal,0,100000,95121,3000,5792,0,0.95121,0.03153877692623075,0,16.39729587500915
4,x,15,z,0.1,normal,0,100000,95121,3000,5792,0,0.95121,0.03153877692623075,0,16.39729587500915
4,x,15,z,0.1,normal,0,100000,95121,3000,5792,0,0.95121,0.03153877692623075,0,16.39729587500915
4,x,6,x,1,m1,0,100000,30015,683,1244,0,0.30015,0.022755289022155623,0,9.804628548998153
4,x,6,x,1,m1,0,100000,30015,683,1244,0,0.30015,0.022755289022155623,0,9.804628548998153
4,x,6,z,1,m1,0,100000,30015,683,1244,0,0.30015,0.022755289022155623,0,9.804628548998153
4,x,6,x,1,m1,0,100000,30015,683,1244,0,0.30015,0.022755289022155623,0,9.804628548998153
4,x,8,x,1,m1,0,100000,34219,7542,14055,0,0.34219,0.22040386919547617,0,10.13480485798209
4,x,8,z,1,m1,0,100000,34219,7542,14055,0,0.34219,0.22040386919547617,0,10.13480485798209
4,x,8,z,1,m1,0,100000,34219,7542,14055,0,0.34219,0.22040386919547617,0,10.13480485798209
4,x,8,x,1,m1,0,100000,34219,7542,14055,0,0.34219,0.22040386919547617,0,10.13480485798209
4,x,10,x,1,m1,0,100000,37303,1207,2128,0,0.37303,0.03235664691847839,0,10.115188284980832
4,x,10,x,1,m1,0,100000,37303,1207,2128,0,0.37303,0.03235664691847839,0,10.115188284980832
4,x,10,x,1,m1,0,100000,37303,1207,2128,0,0.37303,0.03235664691847839,0,10.115188284980832
4,x,10,z,1,m1,0,100000,37303,1207,2128,0,0.37303,0.03235664691847839,0,10.115188284980832
4,x,2,x,0.8,m1,0,100000,35246,0,0,0,0.35246,0.0,0,4.8378245899803005
4,x,2,x,0.8,m1,0,100000,35246,0,0,0,0.35246,0.0,0,4.8378245899803005
4,x,2,x,0.8,m1,0,100000,35246,0,0,0,0.35246,0.0,0,4.8378245899803005
4,x,2,x,0.8,m1,0,100000,35246,0,0,0,0.35246,0.0,0,4.8378245899803005
4,x,3,z,0.8,m1,0,100000,71179,3,6,0,0.71179,4.2147262535263685e-05,0,3.148477151989937
4,x,3,x,0.8,m1,0,100000,71179,3,6,0,0.71179,4.2147262535263685e-05,0,3.148477151989937
4,x,3,x,0.8,m1,0,100000,71179,3,6,0,0.71179,4.2147262535263685e-05,0,3.148477151989937
4,x,3,x,0.8,m1,0,100000,71179,3,6,0,0.71179,4.2147262535263685e-05,0,3.148477151989937
4,x,12,x,1,m1,0,100000,40115,8186,15267,0,0.40115,0.20406331796086252,0,11.224682744999882
4,x,12,z,1,m1,0,100000,40115,8186,15267,0,0.40115,0.20406331796086252,0,11.224682744999882
4,x,12,x,1,m1,0,100000,40115,8186,15267,0,0.40115,0.20406331796086252,0,11.224682744999882
4,x,12,z,1,m1,0,100000,40115,8186,15267,0,0.40115,0.20406331796086252,0,11.224682744999882
4,x,14,x,1,m1,0,100000,25589,5709,10058,0,0.25589,0.22310367736136616,0,10.122724366985494
4,x,14,x,1,m1,0,100000,25589,5709,10058,0,0.25589,0.22310367736136616,0,10.122724366985494
4,x,14,z,1,m1,0,100000,25589,5709,10058,0,0.25589,0.22310367736136616,0,10.122724366985494
4,x,14,z,1,m1,0,100000,25589,5709,10058,0,0.25589,0.22310367736136616,0,10.122724366985494
4,x,7,z,1,m1,0,100000,60037,1710,3039,0,0.60037,0.02848243583123744,0,12.355381245986791
4,x,7,x,1,m1,0,100000,60037,1710,3039,0,0.60037,0.02848243583123744,0,12.355381245986791
4,x,7,z,1,m1,0,100000,60037,1710,3039,0,0.60037,0.02848243583123744,0,12.355381245986791
4,x,7,x,1,m1,0,100000,60037,1710,3039,0,0.60037,0.02848243583123744,0,12.355381245986791
4,x,5,z,0.8,m1,0,100000,75179,10,20,0,0.75179,0.00013301586879310712,0,2.7055939999991097
4,x,5,z,0.8,m1,0,100000,75179,10,20,0,0.75179,0.00013301586879310712,0,2.7055939999991097
4,x,5,x,0.8,m1,0,100000,75179,10,20,0,0.75179,0.00013301586879310712,0,2.7055939999991097
4,x,5,x,0.8,m1,0,100000,75179,10,20,0,0.75179,0.00013301586879310712,0,2.7055939999991097
4,x,13,z,1,m1,0,100000,69291,2274,3900,0,0.69291,0.03281811490669784,0,12.588707193004666
4,x,13,z,1,m1,0,100000,69291,2274,3900,0,0.69291,0.03281811490669784,0,12.588707193004666
4,x,13,x,1,m1,0,100000,69291,2274,3900,0,0.69291,0.03281811490669784,0,12.588707193004666
4,x,13,z,1,m1,0,100000,69291,2274,3900,0,0.69291,0.03281811490669784,0,12.588707193004666
4,x,9,z,0.8,m1,0,100000,100000,24,45,0,1.0,0.00024000000000001798,0,0.962691224005539
4,x,9,z,0.8,m1,0,100000,100000,24,45,0,1.0,0.00024000000000001798,0,0.962691224005539
4,x,9,z,0.8,m1,0,100000,100000,24,45,0,1.0,0.00024000000000001798,0,0.962691224005539
4,x,9,x,0.8,m1,0,100000,100000,24,45,0,1.0,0.00024000000000001798,0,0.962691224005539
4,x,11,z,1,m1,0,100000,55125,1642,2861,0,0.55125,0.029786848072562377,0,16.134058144001756
4,x,11,x,1,m1,0,100000,55125,1642,2861,0,0.55125,0.029786848072562377,0,16.134058144001756
4,x,11,x,1,m1,0,100000,55125,1642,2861,0,0.55125,0.029786848072562377,0,16.134058144001756
4,x,11,z,1,m1,0,100000,55125,1642,2861,0,0.55125,0.029786848072562377,0,16.134058144001756
4,x,15,z,1,m1,0,100000,53729,11805,18296,0,0.53729,0.2197137486273707,0,14.687053330999333
4,x,15,x,1,m1,0,100000,53729,11805,18296,0,0.53729,0.2197137486273707,0,14.687053330999333
4,x,15,z,1,m1,0,100000,53729,11805,18296,0,0.53729,0.2197137486273707,0,14.687053330999333
4,x,15,z,1,m1,0,100000,53729,11805,18296,0,0.53729,0.2197137486273707,0,14.687053330999333
4,x,4,x,0.8,m1,0,100000,35288,324,634,0,0.35288,0.009181591475855844,0,9.617556912999135
4,x,4,z,0.8,m1,0,100000,35288,324,634,0,0.35288,0.009181591475855844,0,9.617556912999135
4,x,4,x,0.8,m1,0,100000,35288,324,634,0,0.35288,0.009181591475855844,0,9.617556912999135
4,x,4,x,0.8,m1,0,100000,35288,324,634,0,0.35288,0.009181591475855844,0,9.617556912999135
4,x,6,x,0.8,m1,0,100000,37872,595,1096,0,0.37872,0.015710815378115806,0,10.223279726022156
4,x,6,x,0.8,m1,0,100000,37872,595,1096,0,0.37872,0.015710815378115806,0,10.223279726022156
4,x,6,z,0.8,m1,0,100000,37872,595,1096,0,0.37872,0.015710815378115806,0,10.223279726022156
4,x,6,x,0.8,m1,0,100000,37872,595,1096,0,0.37872,0.015710815378115806,0,10.223279726022156
4,x,2,x,0.5,m1,0,100000,52330,0,1,0,0.5233,0.0,0,3.8634422659815755
4,x,2,x,0.5,m1,0,100000,52330,0,1,0,0.5233,0.0,0,3.8634422659815755
4,x,2,x,0.5,m1,0,100000,52330,0,1,0,0.5233,0.0,0,3.8634422659815755
4,x,2,x,0.5,m1,0,100000,52330,0,1,0,0.5233,0.0,0,3.8634422659815755
4,x,8,x,0.8,m1,0,100000,41589,7444,13865,0,0.41589,0.17898963668277668,0,10.867688399011968
4,x,8,z,0.8,m1,0,100000,41589,7444,13865,0,0.41589,0.17898963668277668,0,10.867688399011968
4,x,8,z,0.8,m1,0,100000,41589,7444,13865,0,0.41589,0.17898963668277668,0,10.867688399011968
4,x,8,x,0.8,m1,0,100000,41589,7444,13865,0,0.41589,0.17898963668277668,0,10.867688399011968
4,x,10,x,0.8,m1,0,100000,45209,952,1748,0,0.45209,0.02105775398703802,0,10.683739310014062
4,x,10,x,0.8,m1,0,100000,45209,952,1748,0,0.45209,0.02105775398703802,0,10.683739310014062
4,x,10,x,0.8,m1,0,100000,45209,952,1748,0,0.45209,0.02105775398703802,0,10.683739310014062
4,x,10,z,0.8,m1,0,100000,45209,952,1748,0,0.45209,0.02105775398703802,0,10.683739310014062
4,x,12,x,0.8,m1,0,100000,47879,8258,15507,0,0.47879,0.1724764510536979,0,10.94641144698835
4,x,12,z,0.8,m1,0,100000,47879,8258,15507,0,0.47879,0.1724764510536979,0,10.94641144698835
4,x,12,x,0.8,m1,0,100000,47879,8258,15507,0,0.47879,0.1724764510536979,0,10.94641144698835
4,x,12,z,0.8,m1,0,100000,47879,8258,15507,0,0.47879,0.1724764510536979,0,10.94641144698835
4,x,3,z,0.5,m1,0,100000,80865,0,1,0,0.80865,0.0,0,2.642944580002222
4,x,3,x,0.5,m1,0,100000,80865,0,1,0,0.80865,0.0,0,2.642944580002222
4,x,3,x,0.5,m1,0,100000,80865,0,1,0,0.80865,0.0,0,2.642944580002222
4,x,3,x,0.5,m1,0,100000,80865,0,1,0,0.80865,0.0,0,2.642944580002222
4,x,5,z,0.5,m1,0,100000,83562,4,7,0,0.83562,4.7868648428761595e-05,0,1.7937658780138008
4,x,5,z,0.5,m1,0,100000,83562,4,7,0,0.83562,4.7868648428761595e-05,0,1.7937658780138008
4,x,5,x,0.5,m1,0,100000,83562,4,7,0,0.83562,4.7868648428761595e-05,0,1.7937658780138008
4,x,5,x,0.5,m1,0,100000,83562,4,7,0,0.83562,4.7868648428761595e-05,0,1.7937658780138008
4,x,7,z,0.8,m1,0,100000,66409,1264,2306,0,0.66409,0.01903356472767248,0,12.246405293000862
4,x,7,x,0.8,m1,0,100000,66409,1264,2306,0,0.66409,0.01903356472767248,0,12.246405293000862
4,x,7,z,0.8,m1,0,100000,66409,1264,2306,0,0.66409,0.01903356472767248,0,12.246405293000862
4,x,7,x,0.8,m1,0,100000,66409,1264,2306,0,0.66409,0.01903356472767248,0,12.246405293000862
4,x,11,z,0.8,m1,0,100000,61932,1288,2293,0,0.61932,0.020797003164761296,0,13.594992641999852
4,x,11,x,0.8,m1,0,100000,61932,1288,2293,0,0.61932,0.020797003164761296,0,13.594992641999852
4,x,11,x,0.8,m1,0,100000,61932,1288,2293,0,0.61932,0.020797003164761296,0,13.594992641999852
4,x,11,z,0.8,m1,0,100000,61932,1288,2293,0,0.61932,0.020797003164761296,0,13.594992641999852
4,x,13,z,0.8,m1,0,100000,74466,1644,2909,0,0.74466,0.02207718958987992,0,11.860909317008918
4,x,13,z,0.8,m1,0,100000,74466,1644,2909,0,0.74466,0.02207718958987992,0,11.860909317008918
4,x,13,x,0.8,m1,0,100000,74466,1644,2909,0,0.74466,0.02207718958987992,0,11.860909317008918
4,x,13,z,0.8,m1,0,100000,74466,1644,2909,0,0.74466,0.02207718958987992,0,11.860909317008918
4,x,14,x,0.8,m1,0,100000,33679,6162,11000,0,0.33679,0.18296267703910452,0,13.980761297018034
4,x,14,x,0.8,m1,0,100000,33679,6162,11000,0,0.33679,0.18296267703910452,0,13.980761297018034
4,x,14,z,0.8,m1,0,100000,33679,6162,11000,0,0.33679,0.18296267703910452,0,13.980761297018034
4,x,14,z,0.8,m1,0,100000,33679,6162,11000,0,0.33679,0.18296267703910452,0,13.980761297018034
4,x,9,z,0.5,m1,0,100000,100000,6,11,0,1.0,5.999999999994898e-05,0,0.7324073330091778
4,x,9,z,0.5,m1,0,100000,100000,6,11,0,1.0,5.999999999994898e-05,0,0.7324073330091778
4,x,9,z,0.5,m1,0,100000,100000,6,11,0,1.0,5.999999999994898e-05,0,0.7324073330091778
4,x,9,x,0.5,m1,0,100000,100000,6,11,0,1.0,5.999999999994898e-05,0,0.7324073330091778
4,x,15,z,0.8,m1,0,100000,60864,10979,18130,0,0.60864,0.18038577812828605,0,14.330547849996947
4,x,15,x,0.8,m1,0,100000,60864,10979,18130,0,0.60864,0.18038577812828605,0,14.330547849996947
4,x,15,z,0.8,m1,0,100000,60864,10979,18130,0,0.60864,0.18038577812828605,0,14.330547849996947
4,x,15,z,0.8,m1,0,100000,60864,10979,18130,0,0.60864,0.18038577812828605,0,14.330547849996947
4,x,4,x,0.5,m1,0,100000,52308,188,369,0,0.52308,0.0035940965053147256,0,9.643624082993483
4,x,4,z,0.5,m1,0,100000,52308,188,369,0,0.52308,0.0035940965053147256,0,9.643624082993483
4,x,4,x,0.5,m1,0,100000,52308,188,369,0,0.52308,0.0035940965053147256,0,9.643624082993483
4,x,4,x,0.5,m1,0,100000,52308,188,369,0,0.52308,0.0035940965053147256,0,9.643624082993483
4,x,6,x,0.5,m1,0,100000,54252,378,715,0,0.54252,0.006967485069674817,0,11.686157994001405
4,x,6,x,0.5,m1,0,100000,54252,378,715,0,0.54252,0.006967485069674817,0,11.686157994001405
4,x,6,z,0.5,m1,0,100000,54252,378,715,0,0.54252,0.006967485069674817,0,11.686157994001405
4,x,6,x,0.5,m1,0,100000,54252,378,715,0,0.54252,0.006967485069674817,0,11.686157994001405
4,x,2,x,0.3,m1,0,100000,67876,0,0,0,0.67876,0.0,0,3.163633794989437
4,x,2,x,0.3,m1,0,100000,67876,0,0,0,0.67876,0.0,0,3.163633794989437
4,x,2,x,0.3,m1,0,100000,67876,0,0,0,0.67876,0.0,0,3.163633794989437
4,x,2,x,0.3,m1,0,100000,67876,0,0,0,0.67876,0.0,0,3.163633794989437
4,x,8,x,0.5,m1,0,100000,56914,6456,12047,0,0.56914,0.11343430438907831,0,11.751936120010214
4,x,8,z,0.5,m1,0,100000,56914,6456,12047,0,0.56914,0.11343430438907831,0,11.751936120010214
4,x,8,z,0.5,m1,0,100000,56914,6456,12047,0,0.56914,0.11343430438907831,0,11.751936120010214
4,x,8,x,0.5,m1,0,100000,56914,6456,12047,0,0.56914,0.11343430438907831,0,11.751936120010214
4,x,10,x,0.5,m1,0,100000,60192,538,1025,0,0.60192,0.008938064859117523,0,11.528100046998588
4,x,10,x,0.5,m1,0,100000,60192,538,1025,0,0.60192,0.008938064859117523,0,11.528100046998588
4,x,10,x,0.5,m1,0,100000,60192,538,1025,0,0.60192,0.008938064859117523,0,11.528100046998588
4,x,10,z,0.5,m1,0,100000,60192,538,1025,0,0.60192,0.008938064859117523,0,11.528100046998588
4,x,3,z,0.3,m1,0,100000,88147,0,0,0,0.88147,0.0,0,1.7645209759939462
4,x,3,x,0.3,m1,0,100000,88147,0,0,0,0.88147,0.0,0,1.7645209759939462
4,x,3,x,0.3,m1,0,100000,88147,0,0,0,0.88147,0.0,0,1.7645209759939462
4,x,3,x,0.3,m1,0,100000,88147,0,0,0,0.88147,0.0,0,1.7645209759939462
4,x,12,x,0.5,m1,0,100000,63041,7290,13778,0,0.63041,0.11563902856870922,0,12.24054600301315
4,x,12,z,0.5,m1,0,100000,63041,7290,13778,0,0.63041,0.11563902856870922,0,12.24054600301315
4,x,12,x,0.5,m1,0,100000,63041,7290,13778,0,0.63041,0.11563902856870922,0,12.24054600301315
4,x,12,z,0.5,m1,0,100000,63041,7290,13778,0,0.63041,0.11563902856870922,0,12.24054600301315
4,x,7,z,0.5,m1,0,100000,77218,674,1245,0,0.77218,0.008728534797586063,0,11.096105891978368
4,x,7,x,0.5,m1,0,100000,77218,674,1245,0,0.77218,0.008728534797586063,0,11.096105891978368
4,x,7,z,0.5,m1,0,100000,77218,674,1245,0,0.77218,0.008728534797586063,0,11.096105891978368
4,x,7,x,0.5,m1,0,100000,77218,674,1245,0,0.77218,0.008728534797586063,0,11.096105891978368
4,x,13,z,0.5,m1,0,100000,83118,782,1443,0,0.83118,0.009408311075819964,0,10.905330069013871
4,x,13,z,0.5,m1,0,100000,83118,782,1443,0,0.83118,0.009408311075819964,0,10.905330069013871
4,x,13,x,0.5,m1,0,100000,83118,782,1443,0,0.83118,0.009408311075819964,0,10.905330069013871
4,x,13,z,0.5,m1,0,100000,83118,782,1443,0,0.83118,0.009408311075819964,0,10.905330069013871
4,x,5,z,0.3,m1,0,100000,89669,0,0,0,0.89669,0.0,0,1.2388495689956471
4,x,5,z,0.3,m1,0,100000,89669,0,0,0,0.89669,0.0,0,1.2388495689956471
4,x,5,x,0.3,m1,0,100000,89669,0,0,0,0.89669,0.0,0,1.2388495689956471
4,x,5,x,0.3,m1,0,100000,89669,0,0,0,0.89669,0.0,0,1.2388495689956471
4,x,9,z,0.3,m1,0,100000,100000,1,2,0,1.0,9.99999999995449e-06,0,0.48425923998001963
4,x,9,z,0.3,m1,0,100000,100000,1,2,0,1.0,9.99999999995449e-06,0,0.48425923998001963
4,x,9,z,0.3,m1,0,100000,100000,1,2,0,1.0,9.99999999995449e-06,0,0.48425923998001963
4,x,9,x,0.3,m1,0,100000,100000,1,2,0,1.0,9.99999999995449e-06,0,0.48425923998001963
4,x,14,x,0.5,m1,0,100000,50589,6185,11436,0,0.50589,0.12225977979402636,0,13.723797442013165
4,x,14,x,0.5,m1,0,100000,50589,6185,11436,0,0.50589,0.12225977979402636,0,13.723797442013165
4,x,14,z,0.5,m1,0,100000,50589,6185,11436,0,0.50589,0.12225977979402636,0,13.723797442013165
4,x,14,z,0.5,m1,0,100000,50589,6185,11436,0,0.50589,0.12225977979402636,0,13.723797442013165
4,x,15,z,0.5,m1,0,100000,73052,8818,15379,0,0.73052,0.12070853638504075,0,14.09398820498609
4,x,15,x,0.5,m1,0,100000,73052,8818,15379,0,0.73052,0.12070853638504075,0,14.09398820498609
4,x,15,z,0.5,m1,0,100000,73052,8818,15379,0,0.73052,0.12070853638504075,0,14.09398820498609
4,x,15,z,0.5,m1,0,100000,73052,8818,15379,0,0.73052,0.12070853638504075,0,14.09398820498609
4,x,11,z,0.5,m1,0,100000,74009,736,1367,0,0.74009,0.009944736450972158,0,16.400985442014644
4,x,11,x,0.5,m1,0,100000,74009,736,1367,0,0.74009,0.009944736450972158,0,16.400985442014644
4,x,11,x,0.5,m1,0,100000,74009,736,1367,0,0.74009,0.009944736450972158,0,16.400985442014644
4,x,11,z,0.5,m1,0,100000,74009,736,1367,0,0.74009,0.009944736450972158,0,16.400985442014644
4,x,4,x,0.3,m1,0,100000,67805,98,197,0,0.67805,0.0014453211415087486,0,9.886155047017382
4,x,4,z,0.3,m1,0,100000,67805,98,197,0,0.67805,0.0014453211415087486,0,9.886155047017382
4,x,4,x,0.3,m1,0,100000,67805,98,197,0,0.67805,0.0014453211415087486,0,9.886155047017382
4,x,4,x,0.3,m1,0,100000,67805,98,197,0,0.67805,0.0014453211415087486,0,9.886155047017382
4,x,2,x,0.1,m1,0,100000,87838,0,0,0,0.87838,0.0,0,1.3679070239886642
4,x,2,x,0.1,m1,0,100000,87838,0,0,0,0.87838,0.0,0,1.3679070239886642
4,x,2,x,0.1,m1,0,100000,87838,0,0,0,0.87838,0.0,0,1.3679070239886642
4,x,2,x,0.1,m1,0,100000,87838,0,0,0,0.87838,0.0,0,1.3679070239886642
4,x,6,x,0.3,m1,0,100000,69446,190,359,0,0.69446,0.0027359387149727965,0,11.97564897101256
4,x,6,x,0.3,m1,0,100000,69446,190,359,0,0.69446,0.0027359387149727965,0,11.97564897101256
4,x,6,z,0.3,m1,0,100000,69446,190,359,0,0.69446,0.0027359387149727965,0,11.97564897101256
4,x,6,x,0.3,m1,0,100000,69446,190,359,0,0.69446,0.0027359387149727965,0,11.97564897101256
4,x,3,z,0.1,m1,0,100000,95922,0,0,0,0.95922,0.0,0,1.2034102579928003
4,x,3,x,0.1,m1,0,100000,95922,0,0,0,0.95922,0.0,0,1.2034102579928003
4,x,3,x,0.1,m1,0,100000,95922,0,0,0,0.95922,0.0,0,1.2034102579928003
4,x,3,x,0.1,m1,0,100000,95922,0,0,0,0.95922,0.0,0,1.2034102579928003
4,x,10,x,0.3,m1,0,100000,73594,258,501,0,0.73594,0.0035057205750468334,0,12.361945012991782
4,x,10,x,0.3,m1,0,100000,73594,258,501,0,0.73594,0.0035057205750468334,0,12.361945012991782
4,x,10,x,0.3,m1,0,100000,73594,258,501,0,0.73594,0.0035057205750468334,0,12.361945012991782
4,x,10,z,0.3,m1,0,100000,73594,258,501,0,0.73594,0.0035057205750468334,0,12.361945012991782
4,x,7,z,0.3,m1,0,100000,85487,326,619,0,0.85487,0.0038134453191713824,0,10.34025125199696
4,x,7,x,0.3,m1,0,100000,85487,326,619,0,0.85487,0.0038134453191713824,0,10.34025125199696
4,x,7,z,0.3,m1,0,100000,85487,326,619,0,0.85487,0.0038134453191713824,0,10.34025125199696
4,x,7,x,0.3,m1,0,100000,85487,326,619,0,0.85487,0.0038134453191713824,0,10.34025125199696
4,x,8,x,0.3,m1,0,100000,70782,4789,8974,0,0.70782,0.06765844423723544,0,14.094704722985625
4,x,8,z,0.3,m1,0,100000,70782,4789,8974,0,0.70782,0.06765844423723544,0,14.094704722985625
4,x,8,z,0.3,m1,0,100000,70782,4789,8974,0,0.70782,0.06765844423723544,0,14.094704722985625
4,x,8,x,0.3,m1,0,100000,70782,4789,8974,0,0.70782,0.06765844423723544,0,14.094704722985625
4,x,13,z,0.3,m1,0,100000,89544,324,602,0,0.89544,0.003618332886625608,0,9.983600231993478
4,x,13,z,0.3,m1,0,100000,89544,324,602,0,0.89544,0.003618332886625608,0,9.983600231993478
4,x,13,x,0.3,m1,0,100000,89544,324,602,0,0.89544,0.003618332886625608,0,9.983600231993478
4,x,13,z,0.3,m1,0,100000,89544,324,602,0,0.89544,0.003618332886625608,0,9.983600231993478
4,x,11,z,0.3,m1,0,100000,83402,356,673,0,0.83402,0.004268482770197313,0,14.831318426004145
4,x,11,x,0.3,m1,0,100000,83402,356,673,0,0.83402,0.004268482770197313,0,14.831318426004145
4,x,11,x,0.3,m1,0,100000,83402,356,673,0,0.83402,0.004268482770197313,0,14.831318426004145
4,x,11,z,0.3,m1,0,100000,83402,356,673,0,0.83402,0.004268482770197313,0,14.831318426004145
4,x,9,z,0.1,m1,0,100000,100000,0,0,0,1.0,0.0,0,0.31823212301242165
4,x,9,z,0.1,m1,0,100000,100000,0,0,0,1.0,0.0,0,0.31823212301242165
4,x,9,z,0.1,m1,0,100000,100000,0,0,0,1.0,0.0,0,0.31823212301242165
4,x,9,x,0.1,m1,0,100000,100000,0,0,0,1.0,0.0,0,0.31823212301242165
4,x,14,x,0.3,m1,0,100000,66466,5137,9676,0,0.66466,0.07728763578370901,0,13.109111549012596
4,x,14,x,0.3,m1,0,100000,66466,5137,9676,0,0.66466,0.07728763578370901,0,13.109111549012596
4,x,14,z,0.3,m1,0,100000,66466,5137,9676,0,0.66466,0.07728763578370901,0,13.109111549012596
4,x,14,z,0.3,m1,0,100000,66466,5137,9676,0,0.66466,0.07728763578370901,0,13.109111549012596
4,x,5,z,0.1,m1,0,100000,96513,0,0,0,0.96513,0.0,0,0.9283518059819471
4,x,5,z,0.1,m1,0,100000,96513,0,0,0,0.96513,0.0,0,0.9283518059819471
4,x,5,x,0.1,m1,0,100000,96513,0,0,0,0.96513,0.0,0,0.9283518059819471
4,x,5,x,0.1,m1,0,100000,96513,0,0,0,0.96513,0.0,0,0.9283518059819471
4,x,12,x,0.3,m1,0,100000,75876,5339,10230,0,0.75876,0.07036480573567394,0,15.460971173015423
4,x,12,z,0.3,m1,0,100000,75876,5339,10230,0,0.75876,0.07036480573567394,0,15.460971173015423
4,x,12,x,0.3,m1,0,100000,75876,5339,10230,0,0.75876,0.07036480573567394,0,15.460971173015423
4,x,12,z,0.3,m1,0,100000,75876,5339,10230,0,0.75876,0.07036480573567394,0,15.460971173015423
4,x,15,z,0.3,m1,0,100000,83016,6334,11680,0,0.83016,0.07629854485882237,0,15.249382677982794
4,x,15,x,0.3,m1,0,100000,83016,6334,11680,0,0.83016,0.07629854485882237,0,15.249382677982794
4,x,15,z,0.3,m1,0,100000,83016,6334,11680,0,0.83016,0.07629854485882237,0,15.249382677982794
4,x,15,z,0.3,m1,0,100000,83016,6334,11680,0,0.83016,0.07629854485882237,0,15.249382677982794
4,x,4,x,0.1,m1,0,100000,87910,14,25,0,0.8791,0.00015925378227732434,0,8.332640452979831
4,x,4,z,0.1,m1,0,100000,87910,14,25,0,0.8791,0.00015925378227732434,0,8.332640452979831
4,x,4,x,0.1,m1,0,100000,87910,14,25,0,0.8791,0.00015925378227732434,0,8.332640452979831
4,x,4,x,0.1,m1,0,100000,87910,14,25,0,0.8791,0.00015925378227732434,0,8.332640452979831
4,x,6,x,0.1,m1,0,100000,88349,45,90,0,0.88349,0.0005093436258475359,0,12.614948920003371
4,x,6,x,0.1,m1,0,100000,88349,45,90,0,0.88349,0.0005093436258475359,0,12.614948920003371
4,x,6,z,0.1,m1,0,100000,88349,45,90,0,0.88349,0.0005093436258475359,0,12.614948920003371
4,x,6,x,0.1,m1,0,100000,88349,45,90,0,0.88349,0.0005093436258475359,0,12.614948920003371
4,x,7,z,0.1,m1,0,100000,94857,74,137,0,0.94857,0.0007801216568097402,0,9.034883224987425
4,x,7,x,0.1,m1,0,100000,94857,74,137,0,0.94857,0.0007801216568097402,0,9.034883224987425
4,x,7,z,0.1,m1,0,100000,94857,74,137,0,0.94857,0.0007801216568097402,0,9.034883224987425
4,x,7,x,0.1,m1,0,100000,94857,74,137,0,0.94857,0.0007801216568097402,0,9.034883224987425
4,x,13,z,0.1,m1,0,100000,96311,40,80,0,0.96311,0.0004153211990323147,0,8.764413218013942
4,x,13,z,0.1,m1,0,100000,96311,40,80,0,0.96311,0.0004153211990323147,0,8.764413218013942
4,x,13,x,0.1,m1,0,100000,96311,40,80,0,0.96311,0.0004153211990323147,0,8.764413218013942
4,x,13,z,0.1,m1,0,100000,96311,40,80,0,0.96311,0.0004153211990323147,0,8.764413218013942
4,x,8,x,0.1,m1,0,100000,89082,1978,3708,0,0.89082,0.022204261242450785,0,13.949087473010877
4,x,8,z,0.1,m1,0,100000,89082,1978,3708,0,0.89082,0.022204261242450785,0,13.949087473010877
4,x,8,z,0.1,m1,0,100000,89082,1978,3708,0,0.89082,0.022204261242450785,0,13.949087473010877
4,x,8,x,0.1,m1,0,100000,89082,1978,3708,0,0.89082,0.022204261242450785,0,13.949087473010877
4,x,10,x,0.1,m1,0,100000,90335,48,97,0,0.90335,0.0005313555100459055,0,13.303529302997049
4,x,10,x,0.1,m1,0,100000,90335,48,97,0,0.90335,0.0005313555100459055,0,13.303529302997049
4,x,10,x,0.1,m1,0,100000,90335,48,97,0,0.90335,0.0005313555100459055,0,13.303529302997049
4,x,10,z,0.1,m1,0,100000,90335,48,97,0,0.90335,0.0005313555100459055,0,13.303529302997049
4,x,12,x,0.1,m1,0,100000,91195,2242,4331,0,0.91195,0.024584681177696188,0,13.839309928996954
4,x,12,z,0.1,m1,0,100000,91195,2242,4331,0,0.91195,0.024584681177696188,0,13.839309928996954
4,x,12,x,0.1,m1,0,100000,91195,2242,4331,0,0.91195,0.024584681177696188,0,13.839309928996954
4,x,12,z,0.1,m1,0,100000,91195,2242,4331,0,0.91195,0.024584681177696188,0,13.839309928996954
4,x,11,z,0.1,m1,0,100000,94155,90,173,0,0.94155,0.0009558706388401728,0,14.900486854981864
4,x,11,x,0.1,m1,0,100000,94155,90,173,0,0.94155,0.0009558706388401728,0,14.900486854981864
4,x,11,x,0.1,m1,0,100000,94155,90,173,0,0.94155,0.0009558706388401728,0,14.900486854981864
4,x,11,z,0.1,m1,0,100000,94155,90,173,0,0.94155,0.0009558706388401728,0,14.900486854981864
4,x,14,x,0.1,m1,0,100000,87347,2325,4538,0,0.87347,0.026617971996748646,0,16.954222485015634
4,x,14,x,0.1,m1,0,100000,87347,2325,4538,0,0.87347,0.026617971996748646,0,16.954222485015634
4,x,14,z,0.1,m1,0,100000,87347,2325,4538,0,0.87347,0.026617971996748646,0,16.954222485015634
4,x,14,z,0.1,m1,0,100000,87347,2325,4538,0,0.87347,0.026617971996748646,0,16.954222485015634
4,x,15,z,0.1,m1,0,100000,94032,2562,4939,0,0.94032,0.027246043899949002,0,16.8513679470052
4,x,15,x,0.1,m1,0,100000,94032,2562,4939,0,0.94032,0.027246043899949002,0,16.8513679470052
4,x,15,z,0.1,m1,0,100000,94032,2562,4939,0,0.94032,0.027246043899949002,0,16.8513679470052
4,x,15,z,0.1,m1,0,100000,94032,2562,4939,0,0.94032,0.027246043899949002,0,16.8513679470052
4,z,3,x,1,normal,0,100000,22910,6196,10752,0,0.2291,0.2704495853339153,0,9.327628397993976
4,z,3,z,1,normal,0,100000,22910,6196,10752,0,0.2291,0.2704495853339153,0,9.327628397993976
4,z,3,x,1,normal,0,100000,22910,6196,10752,0,0.2291,0.2704495853339153,0,9.327628397993976
4,z,3,x,1,normal,0,100000,22910,6196,10752,0,0.2291,0.2704495853339153,0,9.327628397993976
4,z,2,z,1,normal,0,100000,47256,11506,17589,0,0.47256,0.2434823091247672,0,15.849522447009804
4,z,2,x,1,normal,0,100000,47256,11506,17589,0,0.47256,0.2434823091247672,0,15.849522447009804
4,z,2,x,1,normal,0,100000,47256,11506,17589,0,0.47256,0.2434823091247672,0,15.849522447009804
4,z,2,x,1,normal,0,100000,47256,11506,17589,0,0.47256,0.2434823091247672,0,15.849522447009804
4,z,5,x,1,normal,0,100000,30288,8738,15733,0,0.30288,0.28849709455890127,0,11.67032108202693
4,z,5,x,1,normal,0,100000,30288,8738,15733,0,0.30288,0.28849709455890127,0,11.67032108202693
4,z,5,z,1,normal,0,100000,30288,8738,15733,0,0.30288,0.28849709455890127,0,11.67032108202693
4,z,5,x,1,normal,0,100000,30288,8738,15733,0,0.30288,0.28849709455890127,0,11.67032108202693
4,z,7,x,1,normal,0,100000,27342,863,1500,0,0.27342,0.0315631628995684,0,9.957791281020036
4,z,7,z,1,normal,0,100000,27342,863,1500,0,0.27342,0.0315631628995684,0,9.957791281020036
4,z,7,z,1,normal,0,100000,27342,863,1500,0,0.27342,0.0315631628995684,0,9.957791281020036
4,z,7,x,1,normal,0,100000,27342,863,1500,0,0.27342,0.0315631628995684,0,9.957791281020036
4,z,6,z,1,normal,0,100000,41370,1630,2803,0,0.4137,0.03940053178631864,0,13.320988539984683
4,z,6,x,1,normal,0,100000,41370,1630,2803,0,0.4137,0.03940053178631864,0,13.320988539984683
4,z,6,z,1,normal,0,100000,41370,1630,2803,0,0.4137,0.03940053178631864,0,13.320988539984683
4,z,6,x,1,normal,0,100000,41370,1630,2803,0,0.4137,0.03940053178631864,0,13.320988539984683
4,z,4,z,1,normal,0,100000,47213,2401,4030,0,0.47213,0.050854637493910615,0,13.92135275900364
4,z,4,z,1,normal,0,100000,47213,2401,4030,0,0.47213,0.050854637493910615,0,13.92135275900364
4,z,4,x,1,normal,0,100000,47213,2401,4030,0,0.47213,0.050854637493910615,0,13.92135275900364
4,z,4,x,1,normal,0,100000,47213,2401,4030,0,0.47213,0.050854637493910615,0,13.92135275900364
4,z,9,x,1,normal,0,100000,35159,8014,14913,0,0.35159,0.2279359481213914,0,12.911359682009788
4,z,9,x,1,normal,0,100000,35159,8014,14913,0,0.35159,0.2279359481213914,0,12.911359682009788
4,z,9,x,1,normal,0,100000,35159,8014,14913,0,0.35159,0.2279359481213914,0,12.911359682009788
4,z,9,z,1,normal,0,100000,35159,8014,14913,0,0.35159,0.2279359481213914,0,12.911359682009788
4,z,8,z,1,normal,0,100000,100000,556,961,0,1.0,0.005560000000000009,0,14.734712183009833
4,z,8,z,1,normal,0,100000,100000,556,961,0,1.0,0.005560000000000009,0,14.734712183009833
4,z,8,z,1,normal,0,100000,100000,556,961,0,1.0,0.005560000000000009,0,14.734712183009833
4,z,8,x,1,normal,0,100000,100000,556,961,0,1.0,0.005560000000000009,0,14.734712183009833
4,z,11,x,1,normal,0,100000,34137,718,1329,0,0.34137,0.021032896856783,0,11.511786549002863
4,z,11,z,1,normal,0,100000,34137,718,1329,0,0.34137,0.021032896856783,0,11.511786549002863
4,z,11,x,1,normal,0,100000,34137,718,1329,0,0.34137,0.021032896856783,0,11.511786549002863
4,z,11,z,1,normal,0,100000,34137,718,1329,0,0.34137,0.021032896856783,0,11.511786549002863
4,z,13,x,1,normal,0,100000,27255,234,437,0,0.27255,0.008585580627407774,0,10.369109099003254
4,z,13,x,1,normal,0,100000,27255,234,437,0,0.27255,0.008585580627407774,0,10.369109099003254
4,z,13,z,1,normal,0,100000,27255,234,437,0,0.27255,0.008585580627407774,0,10.369109099003254
4,z,13,z,1,normal,0,100000,27255,234,437,0,0.27255,0.008585580627407774,0,10.369109099003254
4,z,10,z,1,normal,0,100000,48371,1350,2500,0,0.48371,0.02790928448863994,0,13.168194463010877
4,z,10,x,1,normal,0,100000,48371,1350,2500,0,0.48371,0.02790928448863994,0,13.168194463010877
4,z,10,x,1,normal,0,100000,48371,1350,2500,0,0.48371,0.02790928448863994,0,13.168194463010877
4,z,10,z,1,normal,0,100000,48371,1350,2500,0,0.48371,0.02790928448863994,0,13.168194463010877
4,z,12,z,1,normal,0,100000,64758,128,234,0,0.64758,0.0019765897649711706,0,13.179274469002848
4,z,12,z,1,normal,0,100000,64758,128,234,0,0.64758,0.0019765897649711706,0,13.179274469002848
4,z,12,x,1,normal,0,100000,64758,128,234,0,0.64758,0.0019765897649711706,0,13.179274469002848
4,z,12,z,1,normal,0,100000,64758,128,234,0,0.64758,0.0019765897649711706,0,13.179274469002848
4,z,15,x,1,normal,0,100000,35821,0,1,0,0.35821,0.0,0,10.974563695985125
4,z,15,z,1,normal,0,100000,35821,0,1,0,0.35821,0.0,0,10.974563695985125
4,z,15,z,1,normal,0,100000,35821,0,1,0,0.35821,0.0,0,10.974563695985125
4,z,15,z,1,normal,0,100000,35821,0,1,0,0.35821,0.0,0,10.974563695985125
4,z,14,z,1,normal,0,100000,60075,6,12,0,0.60075,9.987515605491826e-05,0,12.067763275990728
4,z,14,x,1,normal,0,100000,60075,6,12,0,0.60075,9.987515605491826e-05,0,12.067763275990728
4,z,14,z,1,normal,0,100000,60075,6,12,0,0.60075,9.987515605491826e-05,0,12.067763275990728
4,z,14,z,1,normal,0,100000,60075,6,12,0,0.60075,9.987515605491826e-05,0,12.067763275990728
4,z,3,x,0.8,normal,0,100000,30631,6990,12312,0,0.30631,0.22820018935065778,0,11.474319644999923
4,z,3,z,0.8,normal,0,100000,30631,6990,12312,0,0.30631,0.22820018935065778,0,11.474319644999923
4,z,3,x,0.8,normal,0,100000,30631,6990,12312,0,0.30631,0.22820018935065778,0,11.474319644999923
4,z,3,x,0.8,normal,0,100000,30631,6990,12312,0,0.30631,0.22820018935065778,0,11.474319644999923
4,z,5,x,0.8,normal,0,100000,38504,9553,17382,0,0.38504,0.24810409308123826,0,10.217134729988175
4,z,5,x,0.8,normal,0,100000,38504,9553,17382,0,0.38504,0.24810409308123826,0,10.217134729988175
4,z,5,z,0.8,normal,0,100000,38504,9553,17382,0,0.38504,0.24810409308123826,0,10.217134729988175
4,z,5,x,0.8,normal,0,100000,38504,9553,17382,0,0.38504,0.24810409308123826,0,10.217134729988175
4,z,2,z,0.8,normal,0,100000,54874,11135,17930,0,0.54874,0.20291941538797975,0,15.455089339986444
4,z,2,x,0.8,normal,0,100000,54874,11135,17930,0,0.54874,0.20291941538797975,0,15.455089339986444
4,z,2,x,0.8,normal,0,100000,54874,11135,17930,0,0.54874,0.20291941538797975,0,15.455089339986444
4,z,2,x,0.8,normal,0,100000,54874,11135,17930,0,0.54874,0.20291941538797975,0,15.455089339986444
4,z,7,x,0.8,normal,0,100000,34387,738,1315,0,0.34387,0.021461598860034292,0,10.92107640998438
4,z,7,z,0.8,normal,0,100000,34387,738,1315,0,0.34387,0.021461598860034292,0,10.92107640998438
4,z,7,z,0.8,normal,0,100000,34387,738,1315,0,0.34387,0.021461598860034292,0,10.92107640998438
4,z,7,x,0.8,normal,0,100000,34387,738,1315,0,0.34387,0.021461598860034292,0,10.92107640998438
4,z,6,z,0.8,normal,0,100000,48521,1282,2269,0,0.48521,0.02642154943220465,0,14.429766165005276
4,z,6,x,0.8,normal,0,100000,48521,1282,2269,0,0.48521,0.02642154943220465,0,14.429766165005276
4,z,6,z,0.8,normal,0,100000,48521,1282,2269,0,0.48521,0.02642154943220465,0,14.429766165005276
4,z,6,x,0.8,normal,0,100000,48521,1282,2269,0,0.48521,0.02642154943220465,0,14.429766165005276
4,z,8,z,0.8,normal,0,100000,100000,268,477,0,1.0,0.0026800000000000157,0,13.787322347023292
4,z,8,z,0.8,normal,0,100000,100000,268,477,0,1.0,0.0026800000000000157,0,13.787322347023292
4,z,8,z,0.8,normal,0,100000,100000,268,477,0,1.0,0.0026800000000000157,0,13.787322347023292
4,z,8,x,0.8,normal,0,100000,100000,268,477,0,1.0,0.0026800000000000157,0,13.787322347023292
4,z,9,x,0.8,normal,0,100000,42679,8080,14993,0,0.42679,0.18932027460812106,0,10.544373947981512
4,z,9,x,0.8,normal,0,100000,42679,8080,14993,0,0.42679,0.18932027460812106,0,10.544373947981512
4,z,9,x,0.8,normal,0,100000,42679,8080,14993,0,0.42679,0.18932027460812106,0,10.544373947981512
4,z,9,z,0.8,normal,0,100000,42679,8080,14993,0,0.42679,0.18932027460812106,0,10.544373947981512
4,z,4,z,0.8,normal,0,100000,54130,1861,3260,0,0.5413,0.03438019582486607,0,15.246023247018456
4,z,4,z,0.8,normal,0,100000,54130,1861,3260,0,0.5413,0.03438019582486607,0,15.246023247018456
4,z,4,x,0.8,normal,0,100000,54130,1861,3260,0,0.5413,0.03438019582486607,0,15.246023247018456
4,z,4,x,0.8,normal,0,100000,54130,1861,3260,0,0.5413,0.03438019582486607,0,15.246023247018456
4,z,11,x,0.8,normal,0,100000,41799,536,995,0,0.41799,0.012823273284049863,0,12.307013884012122
4,z,11,z,0.8,normal,0,100000,41799,536,995,0,0.41799,0.012823273284049863,0,12.307013884012122
4,z,11,x,0.8,normal,0,100000,41799,536,995,0,0.41799,0.012823273284049863,0,12.307013884012122
4,z,11,z,0.8,normal,0,100000,41799,536,995,0,0.41799,0.012823273284049863,0,12.307013884012122
4,z,10,z,0.8,normal,0,100000,55579,1028,1926,0,0.55579,0.01849619460587637,0,13.944317971996497
4,z,10,x,0.8,normal,0,100000,55579,1028,1926,0,0.55579,0.01849619460587637,0,13.944317971996497
4,z,10,x,0.8,normal,0,100000,55579,1028,1926,0,0.55579,0.01849619460587637,0,13.944317971996497
4,z,10,z,0.8,normal,0,100000,55579,1028,1926,0,0.55579,0.01849619460587637,0,13.944317971996497
4,z,13,x,0.8,normal,0,100000,35486,166,324,0,0.35486,0.00467790114411315,0,10.214648573979503
4,z,13,x,0.8,normal,0,100000,35486,166,324,0,0.35486,0.00467790114411315,0,10.214648573979503
4,z,13,z,0.8,normal,0,100000,35486,166,324,0,0.35486,0.00467790114411315,0,10.214648573979503
4,z,13,z,0.8,normal,0,100000,35486,166,324,0,0.35486,0.00467790114411315,0,10.214648573979503
4,z,15,x,0.8,normal,0,100000,44162,0,1,0,0.44162,0.0,0,9.975033844995778
4,z,15,z,0.8,normal,0,100000,44162,0,1,0,0.44162,0.0,0,9.975033844995778
4,z,15,z,0.8,normal,0,100000,44162,0,1,0,0.44162,0.0,0,9.975033844995778
4,z,15,z,0.8,normal,0,100000,44162,0,1,0,0.44162,0.0,0,9.975033844995778
4,z,12,z,0.8,normal,0,100000,70475,64,113,0,0.70475,0.0009081234480312617,0,13.640536897000857
4,z,12,z,0.8,normal,0,100000,70475,64,113,0,0.70475,0.0009081234480312617,0,13.640536897000857
4,z,12,x,0.8,normal,0,100000,70475,64,113,0,0.70475,0.0009081234480312617,0,13.640536897000857
4,z,12,z,0.8,normal,0,100000,70475,64,113,0,0.70475,0.0009081234480312617,0,13.640536897000857
4,z,14,z,0.8,normal,0,100000,66491,3,6,0,0.66491,4.511888827063437e-05,0,11.902950427000178
4,z,14,x,0.8,normal,0,100000,66491,3,6,0,0.66491,4.511888827063437e-05,0,11.902950427000178
4,z,14,z,0.8,normal,0,100000,66491,3,6,0,0.66491,4.511888827063437e-05,0,11.902950427000178
4,z,14,z,0.8,normal,0,100000,66491,3,6,0,0.66491,4.511888827063437e-05,0,11.902950427000178
4,z,3,x,0.5,normal,0,100000,47505,7406,13592,0,0.47505,0.15589937901273554,0,11.08062210198841
4,z,3,z,0.5,normal,0,100000,47505,7406,13592,0,0.47505,0.15589937901273554,0,11.08062210198841
4,z,3,x,0.5,normal,0,100000,47505,7406,13592,0,0.47505,0.15589937901273554,0,11.08062210198841
4,z,3,x,0.5,normal,0,100000,47505,7406,13592,0,0.47505,0.15589937901273554,0,11.08062210198841
4,z,5,x,0.5,normal,0,100000,54908,9340,17453,0,0.54908,0.17010271727252857,0,12.30672642099671
4,z,5,x,0.5,normal,0,100000,54908,9340,17453,0,0.54908,0.17010271727252857,0,12.30672642099671
4,z,5,z,0.5,normal,0,100000,54908,9340,17453,0,0.54908,0.17010271727252857,0,12.30672642099671
4,z,5,x,0.5,normal,0,100000,54908,9340,17453,0,0.54908,0.17010271727252857,0,12.30672642099671
4,z,2,z,0.5,normal,0,100000,68728,9269,16148,0,0.68728,0.13486497497380978,0,14.629965911997715
4,z,2,x,0.5,normal,0,100000,68728,9269,16148,0,0.68728,0.13486497497380978,0,14.629965911997715
4,z,2,x,0.5,normal,0,100000,68728,9269,16148,0,0.68728,0.13486497497380978,0,14.629965911997715
4,z,2,x,0.5,normal,0,100000,68728,9269,16148,0,0.68728,0.13486497497380978,0,14.629965911997715
4,z,7,x,0.5,normal,0,100000,49771,466,863,0,0.49771,0.009362881999557926,0,11.266047825018177
4,z,7,z,0.5,normal,0,100000,49771,466,863,0,0.49771,0.009362881999557926,0,11.266047825018177
4,z,7,z,0.5,normal,0,100000,49771,466,863,0,0.49771,0.009362881999557926,0,11.266047825018177
4,z,7,x,0.5,normal,0,100000,49771,466,863,0,0.49771,0.009362881999557926,0,11.266047825018177
4,z,4,z,0.5,normal,0,100000,67463,992,1813,0,0.67463,0.014704356462060697,0,16.36540304601658
4,z,4,z,0.5,normal,0,100000,67463,992,1813,0,0.67463,0.014704356462060697,0,16.36540304601658
4,z,4,x,0.5,normal,0,100000,67463,992,1813,0,0.67463,0.014704356462060697,0,16.36540304601658
4,z,4,x,0.5,normal,0,100000,67463,992,1813,0,0.67463,0.014704356462060697,0,16.36540304601658
4,z,8,z,0.5,normal,0,100000,100000,49,88,0,1.0,0.0004899999999999904,0,12.227490239980398
4,z,8,z,0.5,normal,0,100000,100000,49,88,0,1.0,0.0004899999999999904,0,12.227490239980398
4,z,8,z,0.5,normal,0,100000,100000,49,88,0,1.0,0.0004899999999999904,0,12.227490239980398
4,z,8,x,0.5,normal,0,100000,100000,49,88,0,1.0,0.0004899999999999904,0,12.227490239980398
4,z,6,z,0.5,normal,0,100000,62711,776,1418,0,0.62711,0.012374224617690666,0,16.21880589000648
4,z,6,x,0.5,normal,0,100000,62711,776,1418,0,0.62711,0.012374224617690666,0,16.21880589000648
4,z,6,z,0.5,normal,0,100000,62711,776,1418,0,0.62711,0.012374224617690666,0,16.21880589000648
4,z,6,x,0.5,normal,0,100000,62711,776,1418,0,0.62711,0.012374224617690666,0,16.21880589000648
4,z,9,x,0.5,normal,0,100000,58396,7312,13718,0,0.58396,0.12521405575724365,0,12.911628248984925
4,z,9,x,0.5,normal,0,100000,58396,7312,13718,0,0.58396,0.12521405575724365,0,12.911628248984925
4,z,9,x,0.5,normal,0,100000,58396,7312,13718,0,0.58396,0.12521405575724365,0,12.911628248984925
4,z,9,z,0.5,normal,0,100000,58396,7312,13718,0,0.58396,0.12521405575724365,0,12.911628248984925
4,z,10,z,0.5,normal,0,100000,68644,578,1086,0,0.68644,0.008420255229881657,0,14.84574098198209
4,z,10,x,0.5,normal,0,100000,68644,578,1086,0,0.68644,0.008420255229881657,0,14.84574098198209
4,z,10,x,0.5,normal,0,100000,68644,578,1086,0,0.68644,0.008420255229881657,0,14.84574098198209
4,z,10,z,0.5,normal,0,100000,68644,578,1086,0,0.68644,0.008420255229881657,0,14.84574098198209
4,z,12,z,0.5,normal,0,100000,80255,16,31,0,0.80255,0.00019936452557478557,0,12.382115725980839
4,z,12,z,0.5,normal,0,100000,80255,16,31,0,0.80255,0.00019936452557478557,0,12.382115725980839
4,z,12,x,0.5,normal,0,100000,80255,16,31,0,0.80255,0.00019936452557478557,0,12.382115725980839
4,z,12,z,0.5,normal,0,100000,80255,16,31,0,0.80255,0.00019936452557478557,0,12.382115725980839
4,z,11,x,0.5,normal,0,100000,57539,312,607,0,0.57539,0.0054224091485775006,0,14.043737811996834
4,z,11,z,0.5,normal,0,100000,57539,312,607,0,0.57539,0.0054224091485775006,0,14.043737811996834
4,z,11,x,0.5,normal,0,100000,57539,312,607,0,0.57539,0.0054224091485775006,0,14.043737811996834
4,z,11,z,0.5,normal,0,100000,57539,312,607,0,0.57539,0.0054224091485775006,0,14.043737811996834
4,z,13,x,0.5,normal,0,100000,52348,115,226,0,0.52348,0.002196836555360293,0,11.462387558014598
4,z,13,x,0.5,normal,0,100000,52348,115,226,0,0.52348,0.002196836555360293,0,11.462387558014598
4,z,13,z,0.5,normal,0,100000,52348,115,226,0,0.52348,0.002196836555360293,0,11.462387558014598
4,z,13,z,0.5,normal,0,100000,52348,115,226,0,0.52348,0.002196836555360293,0,11.462387558014598
4,z,15,x,0.5,normal,0,100000,59906,0,0,0,0.59906,0.0,0,9.540575789986178
4,z,15,z,0.5,normal,0,100000,59906,0,0,0,0.59906,0.0,0,9.540575789986178
4,z,15,z,0.5,normal,0,100000,59906,0,0,0,0.59906,0.0,0,9.540575789986178
4,z,15,z,0.5,normal,0,100000,59906,0,0,0,0.59906,0.0,0,9.540575789986178
4,z,14,z,0.5,normal,0,100000,77854,0,1,0,0.77854,0.0,0,11.055402486992534
4,z,14,x,0.5,normal,0,100000,77854,0,1,0,0.77854,0.0,0,11.055402486992534
4,z,14,z,0.5,normal,0,100000,77854,0,1,0,0.77854,0.0,0,11.055402486992534
4,z,14,z,0.5,normal,0,100000,77854,0,1,0,0.77854,0.0,0,11.055402486992534
4,z,3,x,0.3,normal,0,100000,64132,6540,12295,0,0.64132,0.10197717208257973,0,13.628527581022354
4,z,3,z,0.3,normal,0,100000,64132,6540,12295,0,0.64132,0.10197717208257973,0,13.628527581022354
4,z,3,x,0.3,normal,0,100000,64132,6540,12295,0,0.64132,0.10197717208257973,0,13.628527581022354
4,z,3,x,0.3,normal,0,100000,64132,6540,12295,0,0.64132,0.10197717208257973,0,13.628527581022354
4,z,2,z,0.3,normal,0,100000,79904,6996,12777,0,0.79904,0.0875550660792952,0,15.179694989987183
4,z,2,x,0.3,normal,0,100000,79904,6996,12777,0,0.79904,0.0875550660792952,0,15.179694989987183
4,z,2,x,0.3,normal,0,100000,79904,6996,12777,0,0.79904,0.0875550660792952,0,15.179694989987183
4,z,2,x,0.3,normal,0,100000,79904,6996,12777,0,0.79904,0.0875550660792952,0,15.179694989987183
4,z,5,x,0.3,normal,0,100000,69649,7592,14391,0,0.69649,0.10900371864635527,0,13.741187776991865
4,z,5,x,0.3,normal,0,100000,69649,7592,14391,0,0.69649,0.10900371864635527,0,13.741187776991865
4,z,5,z,0.3,normal,0,100000,69649,7592,14391,0,0.69649,0.10900371864635527,0,13.741187776991865
4,z,5,x,0.3,normal,0,100000,69649,7592,14391,0,0.69649,0.10900371864635527,0,13.741187776991865
4,z,4,z,0.3,normal,0,100000,78781,432,816,0,0.78781,0.005483555679668961,0,14.633319421001943
4,z,4,z,0.3,normal,0,100000,78781,432,816,0,0.78781,0.005483555679668961,0,14.633319421001943
4,z,4,x,0.3,normal,0,100000,78781,432,816,0,0.78781,0.005483555679668961,0,14.633319421001943
4,z,4,x,0.3,normal,0,100000,78781,432,816,0,0.78781,0.005483555679668961,0,14.633319421001943
4,z,8,z,0.3,normal,0,100000,100000,4,6,0,1.0,4.0000000000040004e-05,0,11.131944836000912
4,z,8,z,0.3,normal,0,100000,100000,4,6,0,1.0,4.0000000000040004e-05,0,11.131944836000912
4,z,8,z,0.3,normal,0,100000,100000,4,6,0,1.0,4.0000000000040004e-05,0,11.131944836000912
4,z,8,x,0.3,normal,0,100000,100000,4,6,0,1.0,4.0000000000040004e-05,0,11.131944836000912
4,z,7,x,0.3,normal,0,100000,65278,262,496,0,0.65278,0.004013603357945983,0,12.886181610985659
4,z,7,z,0.3,normal,0,100000,65278,262,496,0,0.65278,0.004013603357945983,0,12.886181610985659
4,z,7,z,0.3,normal,0,100000,65278,262,496,0,0.65278,0.004013603357945983,0,12.886181610985659
4,z,7,x,0.3,normal,0,100000,65278,262,496,0,0.65278,0.004013603357945983,0,12.886181610985659
4,z,9,x,0.3,normal,0,100000,72000,5472,10389,0,0.72,0.07599999999999996,0,13.012873925006716
4,z,9,x,0.3,normal,0,100000,72000,5472,10389,0,0.72,0.07599999999999996,0,13.012873925006716
4,z,9,x,0.3,normal,0,100000,72000,5472,10389,0,0.72,0.07599999999999996,0,13.012873925006716
4,z,9,z,0.3,normal,0,100000,72000,5472,10389,0,0.72,0.07599999999999996,0,13.012873925006716
4,z,6,z,0.3,normal,0,100000,75537,378,709,0,0.75537,0.005004170141784781,0,17.1819221029873
4,z,6,x,0.3,normal,0,100000,75537,378,709,0,0.75537,0.005004170141784781,0,17.1819221029873
4,z,6,z,0.3,normal,0,100000,75537,378,709,0,0.75537,0.005004170141784781,0,17.1819221029873
4,z,6,x,0.3,normal,0,100000,75537,378,709,0,0.75537,0.005004170141784781,0,17.1819221029873
4,z,11,x,0.3,normal,0,100000,71673,170,329,0,0.71673,0.002371883414953979,0,12.895847573003266
4,z,11,z,0.3,normal,0,100000,71673,170,329,0,0.71673,0.002371883414953979,0,12.895847573003266
4,z,11,x,0.3,normal,0,100000,71673,170,329,0,0.71673,0.002371883414953979,0,12.895847573003266
4,z,11,z,0.3,normal,0,100000,71673,170,329,0,0.71673,0.002371883414953979,0,12.895847573003266
4,z,10,z,0.3,normal,0,100000,79742,256,487,0,0.79742,0.003210353389681675,0,17.990271860006033
4,z,10,x,0.3,normal,0,100000,79742,256,487,0,0.79742,0.003210353389681675,0,17.990271860006033
4,z,10,x,0.3,normal,0,100000,79742,256,487,0,0.79742,0.003210353389681675,0,17.990271860006033
4,z,10,z,0.3,normal,0,100000,79742,256,487,0,0.79742,0.003210353389681675,0,17.990271860006033
4,z,12,z,0.3,normal,0,100000,87757,2,3,0,0.87757,2.279020477002902e-05,0,11.144282313995063
4,z,12,z,0.3,normal,0,100000,87757,2,3,0,0.87757,2.279020477002902e-05,0,11.144282313995063
4,z,12,x,0.3,normal,0,100000,87757,2,3,0,0.87757,2.279020477002902e-05,0,11.144282313995063
4,z,12,z,0.3,normal,0,100000,87757,2,3,0,0.87757,2.279020477002902e-05,0,11.144282313995063
4,z,15,x,0.3,normal,0,100000,73647,0,0,0,0.73647,0.0,0,9.31842430899269
4,z,15,z,0.3,normal,0,100000,73647,0,0,0,0.73647,0.0,0,9.31842430899269
4,z,15,z,0.3,normal,0,100000,73647,0,0,0,0.73647,0.0,0,9.31842430899269
4,z,15,z,0.3,normal,0,100000,73647,0,0,0,0.73647,0.0,0,9.31842430899269
4,z,14,z,0.3,normal,0,100000,85974,0,0,0,0.85974,0.0,0,10.550570418010466
4,z,14,x,0.3,normal,0,100000,85974,0,0,0,0.85974,0.0,0,10.550570418010466
4,z,14,z,0.3,normal,0,100000,85974,0,0,0,0.85974,0.0,0,10.550570418010466
4,z,14,z,0.3,normal,0,100000,85974,0,0,0,0.85974,0.0,0,10.550570418010466
4,z,13,x,0.3,normal,0,100000,67477,43,86,0,0.67477,0.0006372541754968708,0,12.716633651027223
4,z,13,x,0.3,normal,0,100000,67477,43,86,0,0.67477,0.0006372541754968708,0,12.716633651027223
4,z,13,z,0.3,normal,0,100000,67477,43,86,0,0.67477,0.0006372541754968708,0,12.716633651027223
4,z,13,z,0.3,normal,0,100000,67477,43,86,0,0.67477,0.0006372541754968708,0,12.716633651027223
4,z,3,x,0.1,normal,0,100000,86377,3102,5985,0,0.86377,0.035912337775102166,0,15.034123632998671
4,z,3,z,0.1,normal,0,100000,86377,3102,5985,0,0.86377,0.035912337775102166,0,15.034123632998671
4,z,3,x,0.1,normal,0,100000,86377,3102,5985,0,0.86377,0.035912337775102166,0,15.034123632998671
4,z,3,x,0.1,normal,0,100000,86377,3102,5985,0,0.86377,0.035912337775102166,0,15.034123632998671
4,z,2,z,0.1,normal,0,100000,92738,2928,5667,0,0.92738,0.031572818046539664,0,16.400355751015013
4,z,2,x,0.1,normal,0,100000,92738,2928,5667,0,0.92738,0.031572818046539664,0,16.400355751015013
4,z,2,x,0.1,normal,0,100000,92738,2928,5667,0,0.92738,0.031572818046539664,0,16.400355751015013
4,z,2,x,0.1,normal,0,100000,92738,2928,5667,0,0.92738,0.031572818046539664,0,16.400355751015013
4,z,4,z,0.1,normal,0,100000,92210,60,114,0,0.9221,0.0006506886454831218,0,15.743899386026897
4,z,4,z,0.1,normal,0,100000,92210,60,114,0,0.9221,0.0006506886454831218,0,15.743899386026897
4,z,4,x,0.1,normal,0,100000,92210,60,114,0,0.9221,0.0006506886454831218,0,15.743899386026897
4,z,4,x,0.1,normal,0,100000,92210,60,114,0,0.9221,0.0006506886454831218,0,15.743899386026897
4,z,8,z,0.1,normal,0,100000,100000,0,1,0,1.0,0.0,0,10.519147717015585
4,z,8,z,0.1,normal,0,100000,100000,0,1,0,1.0,0.0,0,10.519147717015585
4,z,8,z,0.1,normal,0,100000,100000,0,1,0,1.0,0.0,0,10.519147717015585
4,z,8,x,0.1,normal,0,100000,100000,0,1,0,1.0,0.0,0,10.519147717015585
4,z,6,z,0.1,normal,0,100000,90988,92,176,0,0.90988,0.0010111223458038054,0,15.697644711006433
4,z,6,x,0.1,normal,0,100000,90988,92,176,0,0.90988,0.0010111223458038054,0,15.697644711006433
4,z,6,z,0.1,normal,0,100000,90988,92,176,0,0.90988,0.0010111223458038054,0,15.697644711006433
4,z,6,x,0.1,normal,0,100000,90988,92,176,0,0.90988,0.0010111223458038054,0,15.697644711006433
4,z,7,x,0.1,normal,0,100000,86505,65,128,0,0.86505,0.0007514016530836276,0,13.468136893992778
4,z,7,z,0.1,normal,0,100000,86505,65,128,0,0.86505,0.0007514016530836276,0,13.468136893992778
4,z,7,z,0.1,normal,0,100000,86505,65,128,0,0.86505,0.0007514016530836276,0,13.468136893992778
4,z,7,x,0.1,normal,0,100000,86505,65,128,0,0.86505,0.0007514016530836276,0,13.468136893992778
4,z,5,x,0.1,normal,0,100000,88597,3388,6555,0,0.88597,0.038240572479880774,0,18.739809610007796
4,z,5,x,0.1,normal,0,100000,88597,3388,6555,0,0.88597,0.038240572479880774,0,18.739809610007796
4,z,5,z,0.1,normal,0,100000,88597,3388,6555,0,0.88597,0.038240572479880774,0,18.739809610007796
4,z,5,x,0.1,normal,0,100000,88597,3388,6555,0,0.88597,0.038240572479880774,0,18.739809610007796
4,z,9,x,0.1,normal,0,100000,89385,2310,4417,0,0.89385,0.025843262292330915,0,13.896948390000034
4,z,9,x,0.1,normal,0,100000,89385,2310,4417,0,0.89385,0.025843262292330915,0,13.896948390000034
4,z,9,x,0.1,normal,0,100000,89385,2310,4417,0,0.89385,0.025843262292330915,0,13.896948390000034
4,z,9,z,0.1,normal,0,100000,89385,2310,4417,0,0.89385,0.025843262292330915,0,13.896948390000034
4,z,11,x,0.1,normal,0,100000,89396,24,48,0,0.89396,0.0002684683878473315,0,13.817832502973033
4,z,11,z,0.1,normal,0,100000,89396,24,48,0,0.89396,0.0002684683878473315,0,13.817832502973033
4,z,11,x,0.1,normal,0,100000,89396,24,48,0,0.89396,0.0002684683878473315,0,13.817832502973033
4,z,11,z,0.1,normal,0,100000,89396,24,48,0,0.89396,0.0002684683878473315,0,13.817832502973033
4,z,10,z,0.1,normal,0,100000,92685,43,86,0,0.92685,0.0004639369908830959,0,16.531536660011625
4,z,10,x,0.1,normal,0,100000,92685,43,86,0,0.92685,0.0004639369908830959,0,16.531536660011625
4,z,10,x,0.1,normal,0,100000,92685,43,86,0,0.92685,0.0004639369908830959,0,16.531536660011625
4,z,10,z,0.1,normal,0,100000,92685,43,86,0,0.92685,0.0004639369908830959,0,16.531536660011625
4,z,15,x,0.1,normal,0,100000,90428,0,0,0,0.90428,0.0,0,7.889421178988414
4,z,15,z,0.1,normal,0,100000,90428,0,0,0,0.90428,0.0,0,7.889421178988414
4,z,15,z,0.1,normal,0,100000,90428,0,0,0,0.90428,0.0,0,7.889421178988414
4,z,15,z,0.1,normal,0,100000,90428,0,0,0,0.90428,0.0,0,7.889421178988414
4,z,12,z,0.1,normal,0,100000,95574,0,1,0,0.95574,0.0,0,10.090629103011452
4,z,12,z,0.1,normal,0,100000,95574,0,1,0,0.95574,0.0,0,10.090629103011452
4,z,12,x,0.1,normal,0,100000,95574,0,1,0,0.95574,0.0,0,10.090629103011452
4,z,12,z,0.1,normal,0,100000,95574,0,1,0,0.95574,0.0,0,10.090629103011452
4,z,8,z,1,m1,0,100000,100000,55,100,0,1.0,0.0005500000000000504,0,1.184818449022714
4,z,8,z,1,m1,0,100000,100000,55,100,0,1.0,0.0005500000000000504,0,1.184818449022714
4,z,8,z,1,m1,0,100000,100000,55,100,0,1.0,0.0005500000000000504,0,1.184818449022714
4,z,8,x,1,m1,0,100000,100000,55,100,0,1.0,0.0005500000000000504,0,1.184818449022714
4,z,13,x,0.1,normal,0,100000,87828,6,13,0,0.87828,6.831534362616853e-05,0,13.542948685004376
4,z,13,x,0.1,normal,0,100000,87828,6,13,0,0.87828,6.831534362616853e-05,0,13.542948685004376
4,z,13,z,0.1,normal,0,100000,87828,6,13,0,0.87828,6.831534362616853e-05,0,13.542948685004376
4,z,13,z,0.1,normal,0,100000,87828,6,13,0,0.87828,6.831534362616853e-05,0,13.542948685004376
4,z,14,z,0.1,normal,0,100000,95171,0,0,0,0.95171,0.0,0,10.584570671984693
4,z,14,x,0.1,normal,0,100000,95171,0,0,0,0.95171,0.0,0,10.584570671984693
4,z,14,z,0.1,normal,0,100000,95171,0,0,0,0.95171,0.0,0,10.584570671984693
4,z,14,z,0.1,normal,0,100000,95171,0,0,0,0.95171,0.0,0,10.584570671984693
4,z,3,x,1,m1,0,100000,27423,6688,11557,0,0.27423,0.24388287204171677,0,9.958948127023177
4,z,3,z,1,m1,0,100000,27423,6688,11557,0,0.27423,0.24388287204171677,0,9.958948127023177
4,z,3,x,1,m1,0,100000,27423,6688,11557,0,0.27423,0.24388287204171677,0,9.958948127023177
4,z,3,x,1,m1,0,100000,27423,6688,11557,0,0.27423,0.24388287204171677,0,9.958948127023177
4,z,5,x,1,m1,0,100000,29964,7450,13785,0,0.29964,0.24863169136296892,0,9.832497759023681
4,z,5,x,1,m1,0,100000,29964,7450,13785,0,0.29964,0.24863169136296892,0,9.832497759023681
4,z,5,z,1,m1,0,100000,29964,7450,13785,0,0.29964,0.24863169136296892,0,9.832497759023681
4,z,5,x,1,m1,0,100000,29964,7450,13785,0,0.29964,0.24863169136296892,0,9.832497759023681
4,z,2,z,1,m1,0,100000,65536,13540,21374,0,0.65536,0.20660400390625,0,13.780850534996716
4,z,2,x,1,m1,0,100000,65536,13540,21374,0,0.65536,0.20660400390625,0,13.780850534996716
4,z,2,x,1,m1,0,100000,65536,13540,21374,0,0.65536,0.20660400390625,0,13.780850534996716
4,z,2,x,1,m1,0,100000,65536,13540,21374,0,0.65536,0.20660400390625,0,13.780850534996716
4,z,4,z,1,m1,0,100000,67766,2398,4149,0,0.67766,0.035386476994362925,0,12.526410529011628
4,z,4,z,1,m1,0,100000,67766,2398,4149,0,0.67766,0.035386476994362925,0,12.526410529011628
4,z,4,x,1,m1,0,100000,67766,2398,4149,0,0.67766,0.035386476994362925,0,12.526410529011628
4,z,4,x,1,m1,0,100000,67766,2398,4149,0,0.67766,0.035386476994362925,0,12.526410529011628
4,z,7,x,1,m1,0,100000,34371,778,1399,0,0.34371,0.02263536120566756,0,10.92105851098313
4,z,7,z,1,m1,0,100000,34371,778,1399,0,0.34371,0.02263536120566756,0,10.92105851098313
4,z,7,z,1,m1,0,100000,34371,778,1399,0,0.34371,0.02263536120566756,0,10.92105851098313
4,z,7,x,1,m1,0,100000,34371,778,1399,0,0.34371,0.02263536120566756,0,10.92105851098313
4,z,12,z,1,m1,0,100000,72541,26,50,0,0.72541,0.00035841799809765984,0,3.2551061990088783
4,z,12,z,1,m1,0,100000,72541,26,50,0,0.72541,0.00035841799809765984,0,3.2551061990088783
4,z,12,x,1,m1,0,100000,72541,26,50,0,0.72541,0.00035841799809765984,0,3.2551061990088783
4,z,12,z,1,m1,0,100000,72541,26,50,0,0.72541,0.00035841799809765984,0,3.2551061990088783
4,z,9,x,1,m1,0,100000,37324,8976,16651,0,0.37324,0.2404886936019719,0,10.167630280018784
4,z,9,x,1,m1,0,100000,37324,8976,16651,0,0.37324,0.2404886936019719,0,10.167630280018784
4,z,9,x,1,m1,0,100000,37324,8976,16651,0,0.37324,0.2404886936019719,0,10.167630280018784
4,z,9,z,1,m1,0,100000,37324,8976,16651,0,0.37324,0.2404886936019719,0,10.167630280018784
4,z,14,z,1,m1,0,100000,53724,8,15,0,0.53724,0.00014890923981836224,0,5.50925727901631
4,z,14,x,1,m1,0,100000,53724,8,15,0,0.53724,0.00014890923981836224,0,5.50925727901631
4,z,14,z,1,m1,0,100000,53724,8,15,0,0.53724,0.00014890923981836224,0,5.50925727901631
4,z,14,z,1,m1,0,100000,53724,8,15,0,0.53724,0.00014890923981836224,0,5.50925727901631
4,z,15,x,1,m1,0,100000,34784,1,2,0,0.34784,2.8748850046000918e-05,0,4.4960675979964435
4,z,15,z,1,m1,0,100000,34784,1,2,0,0.34784,2.8748850046000918e-05,0,4.4960675979964435
4,z,15,z,1,m1,0,100000,34784,1,2,0,0.34784,2.8748850046000918e-05,0,4.4960675979964435
4,z,15,z,1,m1,0,100000,34784,1,2,0,0.34784,2.8748850046000918e-05,0,4.4960675979964435
4,z,13,x,1,m1,0,100000,25595,317,590,0,0.25595,0.012385231490525506,0,9.33943630498834
4,z,13,x,1,m1,0,100000,25595,317,590,0,0.25595,0.012385231490525506,0,9.33943630498834
4,z,13,z,1,m1,0,100000,25595,317,590,0,0.25595,0.012385231490525506,0,9.33943630498834
4,z,13,z,1,m1,0,100000,25595,317,590,0,0.25595,0.012385231490525506,0,9.33943630498834
4,z,6,z,1,m1,0,100000,59942,1722,3049,0,0.59942,0.028727770177838563,0,13.659870965988375
4,z,6,x,1,m1,0,100000,59942,1722,3049,0,0.59942,0.028727770177838563,0,13.659870965988375
4,z,6,z,1,m1,0,100000,59942,1722,3049,0,0.59942,0.028727770177838563,0,13.659870965988375
4,z,6,x,1,m1,0,100000,59942,1722,3049,0,0.59942,0.028727770177838563,0,13.659870965988375
4,z,11,x,1,m1,0,100000,40033,698,1291,0,0.40033,0.01743561561711593,0,12.42613445801544
4,z,11,z,1,m1,0,100000,40033,698,1291,0,0.40033,0.01743561561711593,0,12.42613445801544
4,z,11,x,1,m1,0,100000,40033,698,1291,0,0.40033,0.01743561561711593,0,12.42613445801544
4,z,11,z,1,m1,0,100000,40033,698,1291,0,0.40033,0.01743561561711593,0,12.42613445801544
4,z,10,z,1,m1,0,100000,55090,1542,2699,0,0.5509,0.027990560900344907,0,12.26216242898954
4,z,10,x,1,m1,0,100000,55090,1542,2699,0,0.5509,0.027990560900344907,0,12.26216242898954
4,z,10,x,1,m1,0,100000,55090,1542,2699,0,0.5509,0.027990560900344907,0,12.26216242898954
4,z,10,z,1,m1,0,100000,55090,1542,2699,0,0.5509,0.027990560900344907,0,12.26216242898954
4,z,8,z,0.8,m1,0,100000,100000,22,43,0,1.0,0.00021999999999999797,0,0.9674659259908367
4,z,8,z,0.8,m1,0,100000,100000,22,43,0,1.0,0.00021999999999999797,0,0.9674659259908367
4,z,8,z,0.8,m1,0,100000,100000,22,43,0,1.0,0.00021999999999999797,0,0.9674659259908367
4,z,8,x,0.8,m1,0,100000,100000,22,43,0,1.0,0.00021999999999999797,0,0.9674659259908367
4,z,3,x,0.8,m1,0,100000,35375,7148,12705,0,0.35375,0.2020636042402827,0,9.972689252987038
4,z,3,z,0.8,m1,0,100000,35375,7148,12705,0,0.35375,0.2020636042402827,0,9.972689252987038
4,z,3,x,0.8,m1,0,100000,35375,7148,12705,0,0.35375,0.2020636042402827,0,9.972689252987038
4,z,3,x,0.8,m1,0,100000,35375,7148,12705,0,0.35375,0.2020636042402827,0,9.972689252987038
4,z,12,z,0.8,m1,0,100000,77219,15,28,0,0.77219,0.0001942527098253155,0,2.6503609819919802
4,z,12,z,0.8,m1,0,100000,77219,15,28,0,0.77219,0.0001942527098253155,0,2.6503609819919802
4,z,12,x,0.8,m1,0,100000,77219,15,28,0,0.77219,0.0001942527098253155,0,2.6503609819919802
4,z,12,z,0.8,m1,0,100000,77219,15,28,0,0.77219,0.0001942527098253155,0,2.6503609819919802
4,z,7,x,0.8,m1,0,100000,41649,594,1103,0,0.41649,0.014262047107973741,0,10.547791963006603
4,z,7,z,0.8,m1,0,100000,41649,594,1103,0,0.41649,0.014262047107973741,0,10.547791963006603
4,z,7,z,0.8,m1,0,100000,41649,594,1103,0,0.41649,0.014262047107973741,0,10.547791963006603
4,z,7,x,0.8,m1,0,100000,41649,594,1103,0,0.41649,0.014262047107973741,0,10.547791963006603
4,z,5,x,0.8,m1,0,100000,37999,7900,14592,0,0.37999,0.2079002079002079,0,12.235986502986634
4,z,5,x,0.8,m1,0,100000,37999,7900,14592,0,0.37999,0.2079002079002079,0,12.235986502986634
4,z,5,z,0.8,m1,0,100000,37999,7900,14592,0,0.37999,0.2079002079002079,0,12.235986502986634
4,z,5,x,0.8,m1,0,100000,37999,7900,14592,0,0.37999,0.2079002079002079,0,12.235986502986634
4,z,2,z,0.8,m1,0,100000,71336,12320,20298,0,0.71336,0.1727038241561063,0,14.274108695011819
4,z,2,x,0.8,m1,0,100000,71336,12320,20298,0,0.71336,0.1727038241561063,0,14.274108695011819
4,z,2,x,0.8,m1,0,100000,71336,12320,20298,0,0.71336,0.1727038241561063,0,14.274108695011819
4,z,2,x,0.8,m1,0,100000,71336,12320,20298,0,0.71336,0.1727038241561063,0,14.274108695011819
4,z,4,z,0.8,m1,0,100000,73148,1716,3043,0,0.73148,0.023459288018811142,0,12.262572180014104
4,z,4,z,0.8,m1,0,100000,73148,1716,3043,0,0.73148,0.023459288018811142,0,12.262572180014104
4,z,4,x,0.8,m1,0,100000,73148,1716,3043,0,0.73148,0.023459288018811142,0,12.262572180014104
4,z,4,x,0.8,m1,0,100000,73148,1716,3043,0,0.73148,0.023459288018811142,0,12.262572180014104
4,z,9,x,0.8,m1,0,100000,45138,9124,17019,0,0.45138,0.20213567282555722,0,11.024156881001545
4,z,9,x,0.8,m1,0,100000,45138,9124,17019,0,0.45138,0.20213567282555722,0,11.024156881001545
4,z,9,x,0.8,m1,0,100000,45138,9124,17019,0,0.45138,0.20213567282555722,0,11.024156881001545
4,z,9,z,0.8,m1,0,100000,45138,9124,17019,0,0.45138,0.20213567282555722,0,11.024156881001545
4,z,14,z,0.8,m1,0,100000,60852,2,5,0,0.60852,3.286662722667977e-05,0,3.85922540500178
4,z,14,x,0.8,m1,0,100000,60852,2,5,0,0.60852,3.286662722667977e-05,0,3.85922540500178
4,z,14,z,0.8,m1,0,100000,60852,2,5,0,0.60852,3.286662722667977e-05,0,3.85922540500178
4,z,14,z,0.8,m1,0,100000,60852,2,5,0,0.60852,3.286662722667977e-05,0,3.85922540500178
4,z,15,x,0.8,m1,0,100000,43000,1,2,0,0.43,2.3255813953459992e-05,0,3.806570928019937
4,z,15,z,0.8,m1,0,100000,43000,1,2,0,0.43,2.3255813953459992e-05,0,3.806570928019937
4,z,15,z,0.8,m1,0,100000,43000,1,2,0,0.43,2.3255813953459992e-05,0,3.806570928019937
4,z,15,z,0.8,m1,0,100000,43000,1,2,0,0.43,2.3255813953459992e-05,0,3.806570928019937
4,z,13,x,0.8,m1,0,100000,33566,262,509,0,0.33566,0.007805517487934233,0,9.577137815998867
4,z,13,x,0.8,m1,0,100000,33566,262,509,0,0.33566,0.007805517487934233,0,9.577137815998867
4,z,13,z,0.8,m1,0,100000,33566,262,509,0,0.33566,0.007805517487934233,0,9.577137815998867
4,z,13,z,0.8,m1,0,100000,33566,262,509,0,0.33566,0.007805517487934233,0,9.577137815998867
4,z,10,z,0.8,m1,0,100000,62057,1220,2153,0,0.62057,0.01965934544048209,0,12.380322974000592
4,z,10,x,0.8,m1,0,100000,62057,1220,2153,0,0.62057,0.01965934544048209,0,12.380322974000592
4,z,10,x,0.8,m1,0,100000,62057,1220,2153,0,0.62057,0.01965934544048209,0,12.380322974000592
4,z,10,z,0.8,m1,0,100000,62057,1220,2153,0,0.62057,0.01965934544048209,0,12.380322974000592
4,z,11,x,0.8,m1,0,100000,47880,582,1075,0,0.4788,0.01215538847117792,0,14.170791472977726
4,z,11,z,0.8,m1,0,100000,47880,582,1075,0,0.4788,0.01215538847117792,0,14.170791472977726
4,z,11,x,0.8,m1,0,100000,47880,582,1075,0,0.4788,0.01215538847117792,0,14.170791472977726
4,z,11,z,0.8,m1,0,100000,47880,582,1075,0,0.4788,0.01215538847117792,0,14.170791472977726
4,z,6,z,0.8,m1,0,100000,66491,1387,2540,0,0.66491,0.020859966010437492,0,13.903716576023726
4,z,6,x,0.8,m1,0,100000,66491,1387,2540,0,0.66491,0.020859966010437492,0,13.903716576023726
4,z,6,z,0.8,m1,0,100000,66491,1387,2540,0,0.66491,0.020859966010437492,0,13.903716576023726
4,z,6,x,0.8,m1,0,100000,66491,1387,2540,0,0.66491,0.020859966010437492,0,13.903716576023726
4,z,8,z,0.5,m1,0,100000,100000,4,7,0,1.0,4.0000000000040004e-05,0,0.6802332999941427
4,z,8,z,0.5,m1,0,100000,100000,4,7,0,1.0,4.0000000000040004e-05,0,0.6802332999941427
4,z,8,z,0.5,m1,0,100000,100000,4,7,0,1.0,4.0000000000040004e-05,0,0.6802332999941427
4,z,8,x,0.5,m1,0,100000,100000,4,7,0,1.0,4.0000000000040004e-05,0,0.6802332999941427
4,z,3,x,0.5,m1,0,100000,52039,7166,13321,0,0.52039,0.13770441399719446,0,11.73218372600968
4,z,3,z,0.5,m1,0,100000,52039,7166,13321,0,0.52039,0.13770441399719446,0,11.73218372600968
4,z,3,x,0.5,m1,0,100000,52039,7166,13321,0,0.52039,0.13770441399719446,0,11.73218372600968
4,z,3,x,0.5,m1,0,100000,52039,7166,13321,0,0.52039,0.13770441399719446,0,11.73218372600968
4,z,5,x,0.5,m1,0,100000,54119,7529,14210,0,0.54119,0.139119348103254,0,11.26815155800432
4,z,5,x,0.5,m1,0,100000,54119,7529,14210,0,0.54119,0.139119348103254,0,11.26815155800432
4,z,5,z,0.5,m1,0,100000,54119,7529,14210,0,0.54119,0.139119348103254,0,11.26815155800432
4,z,5,x,0.5,m1,0,100000,54119,7529,14210,0,0.54119,0.139119348103254,0,11.26815155800432
4,z,12,z,0.5,m1,0,100000,85196,4,7,0,0.85196,4.6950561059189155e-05,0,2.05980843299767
4,z,12,z,0.5,m1,0,100000,85196,4,7,0,0.85196,4.6950561059189155e-05,0,2.05980843299767
4,z,12,x,0.5,m1,0,100000,85196,4,7,0,0.85196,4.6950561059189155e-05,0,2.05980843299767
4,z,12,z,0.5,m1,0,100000,85196,4,7,0,0.85196,4.6950561059189155e-05,0,2.05980843299767
4,z,2,z,0.5,m1,0,100000,81075,9434,16564,0,0.81075,0.11636139377119947,0,14.686017639003694
4,z,2,x,0.5,m1,0,100000,81075,9434,16564,0,0.81075,0.11636139377119947,0,14.686017639003694
4,z,2,x,0.5,m1,0,100000,81075,9434,16564,0,0.81075,0.11636139377119947,0,14.686017639003694
4,z,2,x,0.5,m1,0,100000,81075,9434,16564,0,0.81075,0.11636139377119947,0,14.686017639003694
4,z,4,z,0.5,m1,0,100000,82226,821,1494,0,0.82226,0.009984676379733881,0,13.10380155799794
4,z,4,z,0.5,m1,0,100000,82226,821,1494,0,0.82226,0.009984676379733881,0,13.10380155799794
4,z,4,x,0.5,m1,0,100000,82226,821,1494,0,0.82226,0.009984676379733881,0,13.10380155799794
4,z,4,x,0.5,m1,0,100000,82226,821,1494,0,0.82226,0.009984676379733881,0,13.10380155799794
4,z,7,x,0.5,m1,0,100000,57037,391,730,0,0.57037,0.006855199256622924,0,11.660050334001426
4,z,7,z,0.5,m1,0,100000,57037,391,730,0,0.57037,0.006855199256622924,0,11.660050334001426
4,z,7,z,0.5,m1,0,100000,57037,391,730,0,0.57037,0.006855199256622924,0,11.660050334001426
4,z,7,x,0.5,m1,0,100000,57037,391,730,0,0.57037,0.006855199256622924,0,11.660050334001426
4,z,14,z,0.5,m1,0,100000,73117,1,2,0,0.73117,1.3676709930687814e-05,0,2.795139415015001
4,z,14,x,0.5,m1,0,100000,73117,1,2,0,0.73117,1.3676709930687814e-05,0,2.795139415015001
4,z,14,z,0.5,m1,0,100000,73117,1,2,0,0.73117,1.3676709930687814e-05,0,2.795139415015001
4,z,14,z,0.5,m1,0,100000,73117,1,2,0,0.73117,1.3676709930687814e-05,0,2.795139415015001
4,z,9,x,0.5,m1,0,100000,60426,8203,15392,0,0.60426,0.1357528216330719,0,12.271598641003948
4,z,9,x,0.5,m1,0,100000,60426,8203,15392,0,0.60426,0.1357528216330719,0,12.271598641003948
4,z,9,x,0.5,m1,0,100000,60426,8203,15392,0,0.60426,0.1357528216330719,0,12.271598641003948
4,z,9,z,0.5,m1,0,100000,60426,8203,15392,0,0.60426,0.1357528216330719,0,12.271598641003948
4,z,15,x,0.5,m1,0,100000,58970,0,0,0,0.5897,0.0,0,2.733576062018983
4,z,15,z,0.5,m1,0,100000,58970,0,0,0,0.5897,0.0,0,2.733576062018983
4,z,15,z,0.5,m1,0,100000,58970,0,0,0,0.5897,0.0,0,2.733576062018983
4,z,15,z,0.5,m1,0,100000,58970,0,0,0,0.5897,0.0,0,2.733576062018983
4,z,11,x,0.5,m1,0,100000,62930,299,584,0,0.6293,0.0047513109804544484,0,11.801203009003075
4,z,11,z,0.5,m1,0,100000,62930,299,584,0,0.6293,0.0047513109804544484,0,11.801203009003075
4,z,11,x,0.5,m1,0,100000,62930,299,584,0,0.6293,0.0047513109804544484,0,11.801203009003075
4,z,11,z,0.5,m1,0,100000,62930,299,584,0,0.6293,0.0047513109804544484,0,11.801203009003075
4,z,10,z,0.5,m1,0,100000,74067,662,1224,0,0.74067,0.008937853565015419,0,10.948444902023766
4,z,10,x,0.5,m1,0,100000,74067,662,1224,0,0.74067,0.008937853565015419,0,10.948444902023766
4,z,10,x,0.5,m1,0,100000,74067,662,1224,0,0.74067,0.008937853565015419,0,10.948444902023766
4,z,10,z,0.5,m1,0,100000,74067,662,1224,0,0.74067,0.008937853565015419,0,10.948444902023766
4,z,8,z,0.3,m1,0,100000,100000,1,2,0,1.0,9.99999999995449e-06,0,0.4947112779773306
4,z,8,z,0.3,m1,0,100000,100000,1,2,0,1.0,9.99999999995449e-06,0,0.4947112779773306
4,z,8,z,0.3,m1,0,100000,100000,1,2,0,1.0,9.99999999995449e-06,0,0.4947112779773306
4,z,8,x,0.3,m1,0,100000,100000,1,2,0,1.0,9.99999999995449e-06,0,0.4947112779773306
4,z,6,z,0.5,m1,0,100000,77114,704,1299,0,0.77114,0.009129340975698286,0,14.498394732014276
4,z,6,x,0.5,m1,0,100000,77114,704,1299,0,0.77114,0.009129340975698286,0,14.498394732014276
4,z,6,z,0.5,m1,0,100000,77114,704,1299,0,0.77114,0.009129340975698286,0,14.498394732014276
4,z,6,x,0.5,m1,0,100000,77114,704,1299,0,0.77114,0.009129340975698286,0,14.498394732014276
4,z,13,x,0.5,m1,0,100000,50722,142,265,0,0.50722,0.002799574149284334,0,9.684202364995144
4,z,13,x,0.5,m1,0,100000,50722,142,265,0,0.50722,0.002799574149284334,0,9.684202364995144
4,z,13,z,0.5,m1,0,100000,50722,142,265,0,0.50722,0.002799574149284334,0,9.684202364995144
4,z,13,z,0.5,m1,0,100000,50722,142,265,0,0.50722,0.002799574149284334,0,9.684202364995144
4,z,12,z,0.3,m1,0,100000,90917,0,0,0,0.90917,0.0,0,1.4603228899941314
4,z,12,z,0.3,m1,0,100000,90917,0,0,0,0.90917,0.0,0,1.4603228899941314
4,z,12,x,0.3,m1,0,100000,90917,0,0,0,0.90917,0.0,0,1.4603228899941314
4,z,12,z,0.3,m1,0,100000,90917,0,0,0,0.90917,0.0,0,1.4603228899941314
4,z,3,x,0.3,m1,0,100000,67687,5804,10979,0,0.67687,0.08574763248481987,0,12.139377385989064
4,z,3,z,0.3,m1,0,100000,67687,5804,10979,0,0.67687,0.08574763248481987,0,12.139377385989064
4,z,3,x,0.3,m1,0,100000,67687,5804,10979,0,0.67687,0.08574763248481987,0,12.139377385989064
4,z,3,x,0.3,m1,0,100000,67687,5804,10979,0,0.67687,0.08574763248481987,0,12.139377385989064
4,z,5,x,0.3,m1,0,100000,69229,6051,11570,0,0.69229,0.08740556703115743,0,12.2424273469951
4,z,5,x,0.3,m1,0,100000,69229,6051,11570,0,0.69229,0.08740556703115743,0,12.2424273469951
4,z,5,z,0.3,m1,0,100000,69229,6051,11570,0,0.69229,0.08740556703115743,0,12.2424273469951
4,z,5,x,0.3,m1,0,100000,69229,6051,11570,0,0.69229,0.08740556703115743,0,12.2424273469951
4,z,4,z,0.3,m1,0,100000,89012,324,627,0,0.89012,0.0036399586572597453,0,11.500477633991977
4,z,4,z,0.3,m1,0,100000,89012,324,627,0,0.89012,0.0036399586572597453,0,11.500477633991977
4,z,4,x,0.3,m1,0,100000,89012,324,627,0,0.89012,0.0036399586572597453,0,11.500477633991977
4,z,4,x,0.3,m1,0,100000,89012,324,627,0,0.89012,0.0036399586572597453,0,11.500477633991977
4,z,2,z,0.3,m1,0,100000,88009,6456,11948,0,0.88009,0.07335613403174679,0,15.655867726018187
4,z,2,x,0.3,m1,0,100000,88009,6456,11948,0,0.88009,0.07335613403174679,0,15.655867726018187
4,z,2,x,0.3,m1,0,100000,88009,6456,11948,0,0.88009,0.07335613403174679,0,15.655867726018187
4,z,2,x,0.3,m1,0,100000,88009,6456,11948,0,0.88009,0.07335613403174679,0,15.655867726018187
4,z,7,x,0.3,m1,0,100000,70787,192,370,0,0.70787,0.0027123624394309598,0,13.375184082979104
4,z,7,z,0.3,m1,0,100000,70787,192,370,0,0.70787,0.0027123624394309598,0,13.375184082979104
4,z,7,z,0.3,m1,0,100000,70787,192,370,0,0.70787,0.0027123624394309598,0,13.375184082979104
4,z,7,x,0.3,m1,0,100000,70787,192,370,0,0.70787,0.0027123624394309598,0,13.375184082979104
4,z,9,x,0.3,m1,0,100000,73503,6124,11444,0,0.73503,0.08331632722473914,0,12.945805464987643
4,z,9,x,0.3,m1,0,100000,73503,6124,11444,0,0.73503,0.08331632722473914,0,12.945805464987643
4,z,9,x,0.3,m1,0,100000,73503,6124,11444,0,0.73503,0.08331632722473914,0,12.945805464987643
4,z,9,z,0.3,m1,0,100000,73503,6124,11444,0,0.73503,0.08331632722473914,0,12.945805464987643
4,z,14,z,0.3,m1,0,100000,82951,0,0,0,0.82951,0.0,0,1.6281819060095586
4,z,14,x,0.3,m1,0,100000,82951,0,0,0,0.82951,0.0,0,1.6281819060095586
4,z,14,z,0.3,m1,0,100000,82951,0,0,0,0.82951,0.0,0,1.6281819060095586
4,z,14,z,0.3,m1,0,100000,82951,0,0,0,0.82951,0.0,0,1.6281819060095586
4,z,10,z,0.3,m1,0,100000,83397,358,671,0,0.83397,0.004292720361643743,0,10.744488899013959
4,z,10,x,0.3,m1,0,100000,83397,358,671,0,0.83397,0.004292720361643743,0,10.744488899013959
4,z,10,x,0.3,m1,0,100000,83397,358,671,0,0.83397,0.004292720361643743,0,10.744488899013959
4,z,10,z,0.3,m1,0,100000,83397,358,671,0,0.83397,0.004292720361643743,0,10.744488899013959
4,z,15,x,0.3,m1,0,100000,72868,0,0,0,0.72868,0.0,0,1.7129265679977834
4,z,15,z,0.3,m1,0,100000,72868,0,0,0,0.72868,0.0,0,1.7129265679977834
4,z,15,z,0.3,m1,0,100000,72868,0,0,0,0.72868,0.0,0,1.7129265679977834
4,z,15,z,0.3,m1,0,100000,72868,0,0,0,0.72868,0.0,0,1.7129265679977834
4,z,8,z,0.1,m1,0,100000,100000,0,0,0,1.0,0.0,0,0.32421853599953465
4,z,8,z,0.1,m1,0,100000,100000,0,0,0,1.0,0.0,0,0.32421853599953465
4,z,8,z,0.1,m1,0,100000,100000,0,0,0,1.0,0.0,0,0.32421853599953465
4,z,8,x,0.1,m1,0,100000,100000,0,0,0,1.0,0.0,0,0.32421853599953465
4,z,6,z,0.3,m1,0,100000,85571,328,612,0,0.85571,0.0038330742891867775,0,14.95610311900964
4,z,6,x,0.3,m1,0,100000,85571,328,612,0,0.85571,0.0038330742891867775,0,14.95610311900964
4,z,6,z,0.3,m1,0,100000,85571,328,612,0,0.85571,0.0038330742891867775,0,14.95610311900964
4,z,6,x,0.3,m1,0,100000,85571,328,612,0,0.85571,0.0038330742891867775,0,14.95610311900964
4,z,11,x,0.3,m1,0,100000,75716,178,345,0,0.75716,0.002350890168524522,0,15.687021343008382
4,z,11,z,0.3,m1,0,100000,75716,178,345,0,0.75716,0.002350890168524522,0,15.687021343008382
4,z,11,x,0.3,m1,0,100000,75716,178,345,0,0.75716,0.002350890168524522,0,15.687021343008382
4,z,11,z,0.3,m1,0,100000,75716,178,345,0,0.75716,0.002350890168524522,0,15.687021343008382
4,z,13,x,0.3,m1,0,100000,66450,64,127,0,0.6645,0.0009631301730624875,0,9.470143545011524
4,z,13,x,0.3,m1,0,100000,66450,64,127,0,0.6645,0.0009631301730624875,0,9.470143545011524
4,z,13,z,0.3,m1,0,100000,66450,64,127,0,0.6645,0.0009631301730624875,0,9.470143545011524
4,z,13,z,0.3,m1,0,100000,66450,64,127,0,0.6645,0.0009631301730624875,0,9.470143545011524
4,z,12,z,0.1,m1,0,100000,96815,0,0,0,0.96815,0.0,0,0.6869834029930644
4,z,12,z,0.1,m1,0,100000,96815,0,0,0,0.96815,0.0,0,0.6869834029930644
4,z,12,x,0.1,m1,0,100000,96815,0,0,0,0.96815,0.0,0,0.6869834029930644
4,z,12,z,0.1,m1,0,100000,96815,0,0,0,0.96815,0.0,0,0.6869834029930644
4,z,3,x,0.1,m1,0,100000,87747,2625,5120,0,0.87747,0.02991555266846735,0,13.371431170991855
4,z,3,z,0.1,m1,0,100000,87747,2625,5120,0,0.87747,0.02991555266846735,0,13.371431170991855
4,z,3,x,0.1,m1,0,100000,87747,2625,5120,0,0.87747,0.02991555266846735,0,13.371431170991855
4,z,3,x,0.1,m1,0,100000,87747,2625,5120,0,0.87747,0.02991555266846735,0,13.371431170991855
4,z,5,x,0.1,m1,0,100000,88410,2650,5128,0,0.8841,0.02997398484334346,0,14.248408746992936
4,z,5,x,0.1,m1,0,100000,88410,2650,5128,0,0.8841,0.02997398484334346,0,14.248408746992936
4,z,5,z,0.1,m1,0,100000,88410,2650,5128,0,0.8841,0.02997398484334346,0,14.248408746992936
4,z,5,x,0.1,m1,0,100000,88410,2650,5128,0,0.8841,0.02997398484334346,0,14.248408746992936
4,z,4,z,0.1,m1,0,100000,96094,40,80,0,0.96094,0.00041625907965114894,0,12.306997448002221
4,z,4,z,0.1,m1,0,100000,96094,40,80,0,0.96094,0.00041625907965114894,0,12.306997448002221
4,z,4,x,0.1,m1,0,100000,96094,40,80,0,0.96094,0.00041625907965114894,0,12.306997448002221
4,z,4,x,0.1,m1,0,100000,96094,40,80,0,0.96094,0.00041625907965114894,0,12.306997448002221
4,z,2,z,0.1,m1,0,100000,95853,2412,4698,0,0.95853,0.025163531657851124,0,14.792173547990387
4,z,2,x,0.1,m1,0,100000,95853,2412,4698,0,0.95853,0.025163531657851124,0,14.792173547990387
4,z,2,x,0.1,m1,0,100000,95853,2412,4698,0,0.95853,0.025163531657851124,0,14.792173547990387
4,z,2,x,0.1,m1,0,100000,95853,2412,4698,0,0.95853,0.025163531657851124,0,14.792173547990387
4,z,7,x,0.1,m1,0,100000,89007,52,104,0,0.89007,0.0005842237127416938,0,14.639674564998131
4,z,7,z,0.1,m1,0,100000,89007,52,104,0,0.89007,0.0005842237127416938,0,14.639674564998131
4,z,7,z,0.1,m1,0,100000,89007,52,104,0,0.89007,0.0005842237127416938,0,14.639674564998131
4,z,7,x,0.1,m1,0,100000,89007,52,104,0,0.89007,0.0005842237127416938,0,14.639674564998131
4,z,14,z,0.1,m1,0,100000,93958,0,0,0,0.93958,0.0,0,0.8330790729960427
4,z,14,x,0.1,m1,0,100000,93958,0,0,0,0.93958,0.0,0,0.8330790729960427
4,z,14,z,0.1,m1,0,100000,93958,0,0,0,0.93958,0.0,0,0.8330790729960427
4,z,14,z,0.1,m1,0,100000,93958,0,0,0,0.93958,0.0,0,0.8330790729960427
4,z,10,z,0.1,m1,0,100000,94213,88,174,0,0.94213,0.0009340536868585048,0,9.067820326017682
4,z,10,x,0.1,m1,0,100000,94213,88,174,0,0.94213,0.0009340536868585048,0,9.067820326017682
4,z,10,x,0.1,m1,0,100000,94213,88,174,0,0.94213,0.0009340536868585048,0,9.067820326017682
4,z,10,z,0.1,m1,0,100000,94213,88,174,0,0.94213,0.0009340536868585048,0,9.067820326017682
4,z,15,x,0.1,m1,0,100000,89990,0,0,0,0.8999,0.0,0,0.8184832219849341
4,z,15,z,0.1,m1,0,100000,89990,0,0,0,0.8999,0.0,0,0.8184832219849341
4,z,15,z,0.1,m1,0,100000,89990,0,0,0,0.8999,0.0,0,0.8184832219849341
4,z,15,z,0.1,m1,0,100000,89990,0,0,0,0.8999,0.0,0,0.8184832219849341
4,z,9,x,0.1,m1,0,100000,90311,2535,4774,0,0.90311,0.02806967036130703,0,13.019839751999825
4,z,9,x,0.1,m1,0,100000,90311,2535,4774,0,0.90311,0.02806967036130703,0,13.019839751999825
4,z,9,x,0.1,m1,0,100000,90311,2535,4774,0,0.90311,0.02806967036130703,0,13.019839751999825
4,z,9,z,0.1,m1,0,100000,90311,2535,4774,0,0.90311,0.02806967036130703,0,13.019839751999825
4,z,13,x,0.1,m1,0,100000,87320,12,24,0,0.8732,0.00013742556115436955,0,7.095344848989043
4,z,13,x,0.1,m1,0,100000,87320,12,24,0,0.8732,0.00013742556115436955,0,7.095344848989043
4,z,13,z,0.1,m1,0,100000,87320,12,24,0,0.8732,0.00013742556115436955,0,7.095344848989043
4,z,13,z,0.1,m1,0,100000,87320,12,24,0,0.8732,0.00013742556115436955,0,7.095344848989043
4,z,6,z,0.1,m1,0,100000,94891,75,144,0,0.94891,0.0007903805418848497,0,13.623427935002837
4,z,6,x,0.1,m1,0,100000,94891,75,144,0,0.94891,0.0007903805418848497,0,13.623427935002837
4,z,6,z,0.1,m1,0,100000,94891,75,144,0,0.94891,0.0007903805418848497,0,13.623427935002837
4,z,6,x,0.1,m1,0,100000,94891,75,144,0,0.94891,0.0007903805418848497,0,13.623427935002837
4,z,11,x,0.1,m1,0,100000,91216,37,74,0,0.91216,0.00040563059112441735,0,13.573869338986697
4,z,11,z,0.1,m1,0,100000,91216,37,74,0,0.91216,0.00040563059112441735,0,13.573869338986697
4,z,11,x,0.1,m1,0,100000,91216,37,74,0,0.91216,0.00040563059112441735,0,13.573869338986697
4,z,11,z,0.1,m1,0,100000,91216,37,74,0,0.91216,0.00040563059112441735,0,13.573869338986697
