n,lstate,i,meas_type,p_error,sim_type,total_meta_shots,shots,count_accept,count_logerror,count_undecided,count_detect_discard,prep_rate,LER,detect_normal,decoding_normal
4,x,6,x,1,normal,0,100000,31855,966,1743,0,0.31855,0.030324909747292406,0,9.380099253998196
4,x,6,x,1,normal,0,100000,31855,966,1743,0,0.31855,0.030324909747292406,0,9.380099253998196
4,x,6,z,1,normal,0,100000,31855,966,1743,0,0.31855,0.030324909747292406,0,9.380099253998196
4,x,6,x,1,normal,0,100000,31855,966,1743,0,0.31855,0.030324909747292406,0,9.380099253998196
4,x,8,x,1,normal,0,100000,35337,8590,15261,0,0.35337,0.24308798143588872,0,10.467025911995734
4,x,8,z,1,normal,0,100000,35337,8590,15261,0,0.35337,0.24308798143588872,0,10.467025911995734
4,x,8,z,1,normal,0,100000,35337,8590,15261,0,0.35337,0.24308798143588872,0,10.467025911995734
4,x,8,x,1,normal,0,100000,35337,8590,15261,0,0.35337,0.24308798143588872,0,10.467025911995734
4,x,4,x,1,normal,0,100000,31664,351,662,0,0.31664,0.011085144012127346,0,11.765323629995692
4,x,4,z,1,normal,0,100000,31664,351,662,0,0.31664,0.011085144012127346,0,11.765323629995692
4,x,4,x,1,normal,0,100000,31664,351,662,0,0.31664,0.011085144012127346,0,11.765323629995692
4,x,4,x,1,normal,0,100000,31664,351,662,0,0.31664,0.011085144012127346,0,11.765323629995692
4,x,2,x,1,normal,0,100000,30825,8,17,0,0.30825,0.0002595296025953431,0,11.660069278004812
4,x,2,x,1,normal,0,100000,30825,8,17,0,0.30825,0.0002595296025953431,0,11.660069278004812
4,x,2,x,1,normal,0,100000,30825,8,17,0,0.30825,0.0002595296025953431,0,11.660069278004812
4,x,2,x,1,normal,0,100000,30825,8,17,0,0.30825,0.0002595296025953431,0,11.660069278004812
4,x,11,z,1,normal,0,100000,48234,2136,3657,0,0.48234,0.044284114939669106,0,12.844225130000268
4,x,11,x,1,normal,0,100000,48234,2136,3657,0,0.48234,0.044284114939669106,0,12.844225130000268
4,x,11,x,1,normal,0,100000,48234,2136,3657,0,0.48234,0.044284114939669106,0,12.844225130000268
4,x,11,z,1,normal,0,100000,48234,2136,3657,0,0.48234,0.044284114939669106,0,12.844225130000268
4,x,5,z,1,normal,0,100000,39825,80,141,0,0.39825,0.002008788449466392,0,12.784797481996065
4,x,5,z,1,normal,0,100000,39825,80,141,0,0.39825,0.002008788449466392,0,12.784797481996065
4,x,5,x,1,normal,0,100000,39825,80,141,0,0.39825,0.002008788449466392,0,12.784797481996065
4,x,5,x,1,normal,0,100000,39825,80,141,0,0.39825,0.002008788449466392,0,12.784797481996065
4,x,10,x,1,normal,0,100000,20560,422,752,0,0.2056,0.020525291828793812,0,15.092932707004366
4,x,10,x,1,normal,0,100000,20560,422,752,0,0.2056,0.020525291828793812,0,15.092932707004366
4,x,10,x,1,normal,0,100000,20560,422,752,0,0.2056,0.020525291828793812,0,15.092932707004366
4,x,10,z,1,normal,0,100000,20560,422,752,0,0.2056,0.020525291828793812,0,15.092932707004366
4,x,9,z,1,normal,0,100000,100000,2312,3443,0,1.0,0.02312000000000003,0,14.693730561004486
4,x,9,z,1,normal,0,100000,100000,2312,3443,0,1.0,0.02312000000000003,0,14.693730561004486
4,x,9,z,1,normal,0,100000,100000,2312,3443,0,1.0,0.02312000000000003,0,14.693730561004486
4,x,9,x,1,normal,0,100000,100000,2312,3443,0,1.0,0.02312000000000003,0,14.693730561004486
4,x,3,z,1,normal,0,100000,57447,5,8,0,0.57447,8.703674691457053e-05,0,12.36918530100229
4,x,3,x,1,normal,0,100000,57447,5,8,0,0.57447,8.703674691457053e-05,0,12.36918530100229
4,x,3,x,1,normal,0,100000,57447,5,8,0,0.57447,8.703674691457053e-05,0,12.36918530100229
4,x,3,x,1,normal,0,100000,57447,5,8,0,0.57447,8.703674691457053e-05,0,12.36918530100229
4,x,7,z,1,normal,0,100000,48225,1994,3398,0,0.48225,0.0413478486262312,0,14.87696491299721
4,x,7,x,1,normal,0,100000,48225,1994,3398,0,0.48225,0.0413478486262312,0,14.87696491299721
4,x,7,z,1,normal,0,100000,48225,1994,3398,0,0.48225,0.0413478486262312,0,14.87696491299721
4,x,7,x,1,normal,0,100000,48225,1994,3398,0,0.48225,0.0413478486262312,0,14.87696491299721
4,x,12,x,1,normal,0,100000,28575,6968,12772,0,0.28575,0.2438495188101487,0,10.751011986998492
4,x,12,z,1,normal,0,100000,28575,6968,12772,0,0.28575,0.2438495188101487,0,10.751011986998492
4,x,12,x,1,normal,0,100000,28575,6968,12772,0,0.28575,0.2438495188101487,0,10.751011986998492
4,x,12,z,1,normal,0,100000,28575,6968,12772,0,0.28575,0.2438495188101487,0,10.751011986998492
4,x,14,x,1,normal,0,100000,28514,5704,9939,0,0.28514,0.20004208459002593,0,9.404143885003577
4,x,14,x,1,normal,0,100000,28514,5704,9939,0,0.28514,0.20004208459002593,0,9.404143885003577
4,x,14,z,1,normal,0,100000,28514,5704,9939,0,0.28514,0.20004208459002593,0,9.404143885003577
4,x,14,z,1,normal,0,100000,28514,5704,9939,0,0.28514,0.20004208459002593,0,9.404143885003577
4,x,2,x,0.8,normal,0,100000,38850,5,10,0,0.3885,0.00012870012870014325,0,10.329238081998483
4,x,2,x,0.8,normal,0,100000,38850,5,10,0,0.3885,0.00012870012870014325,0,10.329238081998483
4,x,2,x,0.8,normal,0,100000,38850,5,10,0,0.3885,0.00012870012870014325,0,10.329238081998483
4,x,2,x,0.8,normal,0,100000,38850,5,10,0,0.3885,0.00012870012870014325,0,10.329238081998483
4,x,4,x,0.8,normal,0,100000,39577,268,507,0,0.39577,0.0067716097733532266,0,10.693296281002404
4,x,4,z,0.8,normal,0,100000,39577,268,507,0,0.39577,0.0067716097733532266,0,10.693296281002404
4,x,4,x,0.8,normal,0,100000,39577,268,507,0,0.39577,0.0067716097733532266,0,10.693296281002404
4,x,4,x,0.8,normal,0,100000,39577,268,507,0,0.39577,0.0067716097733532266,0,10.693296281002404
4,x,15,z,1,normal,0,100000,41630,11174,16233,0,0.4163,0.2684122027384098,0,13.934805304998008
4,x,15,x,1,normal,0,100000,41630,11174,16233,0,0.4163,0.2684122027384098,0,13.934805304998008
4,x,15,z,1,normal,0,100000,41630,11174,16233,0,0.4163,0.2684122027384098,0,13.934805304998008
4,x,15,z,1,normal,0,100000,41630,11174,16233,0,0.4163,0.2684122027384098,0,13.934805304998008
4,x,13,z,1,normal,0,100000,70151,5396,8414,0,0.70151,0.07691978731593274,0,14.418001845006074
4,x,13,z,1,normal,0,100000,70151,5396,8414,0,0.70151,0.07691978731593274,0,14.418001845006074
4,x,13,x,1,normal,0,100000,70151,5396,8414,0,0.70151,0.07691978731593274,0,14.418001845006074
4,x,13,z,1,normal,0,100000,70151,5396,8414,0,0.70151,0.07691978731593274,0,14.418001845006074
4,x,6,x,0.8,normal,0,100000,39830,776,1419,0,0.3983,0.01948280190810947,0,13.335238767998817
4,x,6,x,0.8,normal,0,100000,39830,776,1419,0,0.3983,0.01948280190810947,0,13.335238767998817
4,x,6,z,0.8,normal,0,100000,39830,776,1419,0,0.3983,0.01948280190810947,0,13.335238767998817
4,x,6,x,0.8,normal,0,100000,39830,776,1419,0,0.3983,0.01948280190810947,0,13.335238767998817
4,x,3,z,0.8,normal,0,100000,64228,3,6,0,0.64228,4.670860061029014e-05,0,13.036951423004211
4,x,3,x,0.8,normal,0,100000,64228,3,6,0,0.64228,4.670860061029014e-05,0,13.036951423004211
4,x,3,x,0.8,normal,0,100000,64228,3,6,0,0.64228,4.670860061029014e-05,0,13.036951423004211
4,x,3,x,0.8,normal,0,100000,64228,3,6,0,0.64228,4.670860061029014e-05,0,13.036951423004211
4,x,5,z,0.8,normal,0,100000,47673,48,84,0,0.47673,0.0010068592284940836,0,14.086265892998199
4,x,5,z,0.8,normal,0,100000,47673,48,84,0,0.47673,0.0010068592284940836,0,14.086265892998199
4,x,5,x,0.8,normal,0,100000,47673,48,84,0,0.47673,0.0010068592284940836,0,14.086265892998199
4,x,5,x,0.8,normal,0,100000,47673,48,84,0,0.47673,0.0010068592284940836,0,14.086265892998199
4,x,7,z,0.8,normal,0,100000,55326,1636,2765,0,0.55326,0.029570184000289212,0,13.658441173996835
4,x,7,x,0.8,normal,0,100000,55326,1636,2765,0,0.55326,0.029570184000289212,0,13.658441173996835
4,x,7,z,0.8,normal,0,100000,55326,1636,2765,0,0.55326,0.029570184000289212,0,13.658441173996835
4,x,7,x,0.8,normal,0,100000,55326,1636,2765,0,0.55326,0.029570184000289212,0,13.658441173996835
4,x,8,x,0.8,normal,0,100000,42782,8398,15120,0,0.42782,0.19629750829788228,0,11.41862543100433
4,x,8,z,0.8,normal,0,100000,42782,8398,15120,0,0.42782,0.19629750829788228,0,11.41862543100433
4,x,8,z,0.8,normal,0,100000,42782,8398,15120,0,0.42782,0.19629750829788228,0,11.41862543100433
4,x,8,x,0.8,normal,0,100000,42782,8398,15120,0,0.42782,0.19629750829788228,0,11.41862543100433
4,x,10,x,0.8,normal,0,100000,27672,396,717,0,0.27672,0.014310494362532511,0,9.782430715000373
4,x,10,x,0.8,normal,0,100000,27672,396,717,0,0.27672,0.014310494362532511,0,9.782430715000373
4,x,10,x,0.8,normal,0,100000,27672,396,717,0,0.27672,0.014310494362532511,0,9.782430715000373
4,x,10,z,0.8,normal,0,100000,27672,396,717,0,0.27672,0.014310494362532511,0,9.782430715000373
4,x,12,x,0.8,normal,0,100000,36350,7300,13499,0,0.3635,0.20082530949105915,0,11.067281704999914
4,x,12,z,0.8,normal,0,100000,36350,7300,13499,0,0.3635,0.20082530949105915,0,11.067281704999914
4,x,12,x,0.8,normal,0,100000,36350,7300,13499,0,0.3635,0.20082530949105915,0,11.067281704999914
4,x,12,z,0.8,normal,0,100000,36350,7300,13499,0,0.3635,0.20082530949105915,0,11.067281704999914
4,x,9,z,0.8,normal,0,100000,100000,1160,1854,0,1.0,0.011600000000000055,0,15.850550189999922
4,x,9,z,0.8,normal,0,100000,100000,1160,1854,0,1.0,0.011600000000000055,0,15.850550189999922
4,x,9,z,0.8,normal,0,100000,100000,1160,1854,0,1.0,0.011600000000000055,0,15.850550189999922
4,x,9,x,0.8,normal,0,100000,100000,1160,1854,0,1.0,0.011600000000000055,0,15.850550189999922
4,x,14,x,0.8,normal,0,100000,36389,5992,10689,0,0.36389,0.16466514606062277,0,9.910398555999564
4,x,14,x,0.8,normal,0,100000,36389,5992,10689,0,0.36389,0.16466514606062277,0,9.910398555999564
4,x,14,z,0.8,normal,0,100000,36389,5992,10689,0,0.36389,0.16466514606062277,0,9.910398555999564
4,x,14,z,0.8,normal,0,100000,36389,5992,10689,0,0.36389,0.16466514606062277,0,9.910398555999564
4,x,11,z,0.8,normal,0,100000,55555,1731,3046,0,0.55555,0.031158311583115883,0,14.826646800996969
4,x,11,x,0.8,normal,0,100000,55555,1731,3046,0,0.55555,0.031158311583115883,0,14.826646800996969
4,x,11,x,0.8,normal,0,100000,55555,1731,3046,0,0.55555,0.031158311583115883,0,14.826646800996969
4,x,11,z,0.8,normal,0,100000,55555,1731,3046,0,0.55555,0.031158311583115883,0,14.826646800996969
4,x,2,x,0.5,normal,0,100000,55056,1,2,0,0.55056,1.8163324614905996e-05,0,10.11225030299829
4,x,2,x,0.5,normal,0,100000,55056,1,2,0,0.55056,1.8163324614905996e-05,0,10.11225030299829
4,x,2,x,0.5,normal,0,100000,55056,1,2,0,0.55056,1.8163324614905996e-05,0,10.11225030299829
4,x,2,x,0.5,normal,0,100000,55056,1,2,0,0.55056,1.8163324614905996e-05,0,10.11225030299829
4,x,13,z,0.8,normal,0,100000,75247,3928,6341,0,0.75247,0.052201416667774114,0,14.709064175993262
4,x,13,z,0.8,normal,0,100000,75247,3928,6341,0,0.75247,0.052201416667774114,0,14.709064175993262
4,x,13,x,0.8,normal,0,100000,75247,3928,6341,0,0.75247,0.052201416667774114,0,14.709064175993262
4,x,13,z,0.8,normal,0,100000,75247,3928,6341,0,0.75247,0.052201416667774114,0,14.709064175993262
4,x,4,x,0.5,normal,0,100000,55965,131,258,0,0.55965,0.0023407486822121237,0,12.575271317000443
4,x,4,z,0.5,normal,0,100000,55965,131,258,0,0.55965,0.0023407486822121237,0,12.575271317000443
4,x,4,x,0.5,normal,0,100000,55965,131,258,0,0.55965,0.0023407486822121237,0,12.575271317000443
4,x,4,x,0.5,normal,0,100000,55965,131,258,0,0.55965,0.0023407486822121237,0,12.575271317000443
4,x,3,z,0.5,normal,0,100000,75777,0,1,0,0.75777,0.0,0,11.143347610995988
4,x,3,x,0.5,normal,0,100000,75777,0,1,0,0.75777,0.0,0,11.143347610995988
4,x,3,x,0.5,normal,0,100000,75777,0,1,0,0.75777,0.0,0,11.143347610995988
4,x,3,x,0.5,normal,0,100000,75777,0,1,0,0.75777,0.0,0,11.143347610995988
4,x,15,z,0.8,normal,0,100000,49376,11226,17426,0,0.49376,0.22735742060920283,0,17.222970359995088
4,x,15,x,0.8,normal,0,100000,49376,11226,17426,0,0.49376,0.22735742060920283,0,17.222970359995088
4,x,15,z,0.8,normal,0,100000,49376,11226,17426,0,0.49376,0.22735742060920283,0,17.222970359995088
4,x,15,z,0.8,normal,0,100000,49376,11226,17426,0,0.49376,0.22735742060920283,0,17.222970359995088
4,x,5,z,0.5,normal,0,100000,61961,9,14,0,0.61961,0.0001452526589306169,0,12.306038770999294
4,x,5,z,0.5,normal,0,100000,61961,9,14,0,0.61961,0.0001452526589306169,0,12.306038770999294
4,x,5,x,0.5,normal,0,100000,61961,9,14,0,0.61961,0.0001452526589306169,0,12.306038770999294
4,x,5,x,0.5,normal,0,100000,61961,9,14,0,0.61961,0.0001452526589306169,0,12.306038770999294
4,x,6,x,0.5,normal,0,100000,56094,458,861,0,0.56094,0.008164866117588376,0,11.568030690999876
4,x,6,x,0.5,normal,0,100000,56094,458,861,0,0.56094,0.008164866117588376,0,11.568030690999876
4,x,6,z,0.5,normal,0,100000,56094,458,861,0,0.56094,0.008164866117588376,0,11.568030690999876
4,x,6,x,0.5,normal,0,100000,56094,458,861,0,0.56094,0.008164866117588376,0,11.568030690999876
4,x,9,z,0.5,normal,0,100000,100000,239,414,0,1.0,0.0023900000000000032,0,13.828907846997026
4,x,9,z,0.5,normal,0,100000,100000,239,414,0,1.0,0.0023900000000000032,0,13.828907846997026
4,x,9,z,0.5,normal,0,100000,100000,239,414,0,1.0,0.0023900000000000032,0,13.828907846997026
4,x,9,x,0.5,normal,0,100000,100000,239,414,0,1.0,0.0023900000000000032,0,13.828907846997026
4,x,10,x,0.5,normal,0,100000,43705,234,453,0,0.43705,0.005354078480723001,0,13.481613986994489
4,x,10,x,0.5,normal,0,100000,43705,234,453,0,0.43705,0.005354078480723001,0,13.481613986994489
4,x,10,x,0.5,normal,0,100000,43705,234,453,0,0.43705,0.005354078480723001,0,13.481613986994489
4,x,10,z,0.5,normal,0,100000,43705,234,453,0,0.43705,0.005354078480723001,0,13.481613986994489
4,x,7,z,0.5,normal,0,100000,68916,910,1629,0,0.68916,0.013204480817226805,0,14.337278172999504
4,x,7,x,0.5,normal,0,100000,68916,910,1629,0,0.68916,0.013204480817226805,0,14.337278172999504
4,x,7,z,0.5,normal,0,100000,68916,910,1629,0,0.68916,0.013204480817226805,0,14.337278172999504
4,x,7,x,0.5,normal,0,100000,68916,910,1629,0,0.68916,0.013204480817226805,0,14.337278172999504
4,x,8,x,0.5,normal,0,100000,57160,7054,12849,0,0.5716,0.12340797760671796,0,18.585135245004494
4,x,8,z,0.5,normal,0,100000,57160,7054,12849,0,0.5716,0.12340797760671796,0,18.585135245004494
4,x,8,z,0.5,normal,0,100000,57160,7054,12849,0,0.5716,0.12340797760671796,0,18.585135245004494
4,x,8,x,0.5,normal,0,100000,57160,7054,12849,0,0.5716,0.12340797760671796,0,18.585135245004494
4,x,11,z,0.5,normal,0,100000,69024,922,1669,0,0.69024,0.013357672693555811,0,14.113765624002554
4,x,11,x,0.5,normal,0,100000,69024,922,1669,0,0.69024,0.013357672693555811,0,14.113765624002554
4,x,11,x,0.5,normal,0,100000,69024,922,1669,0,0.69024,0.013357672693555811,0,14.113765624002554
4,x,11,z,0.5,normal,0,100000,69024,922,1669,0,0.69024,0.013357672693555811,0,14.113765624002554
4,x,12,x,0.5,normal,0,100000,52333,6821,12734,0,0.52333,0.13033840979878852,0,12.968853179998405
4,x,12,z,0.5,normal,0,100000,52333,6821,12734,0,0.52333,0.13033840979878852,0,12.968853179998405
4,x,12,x,0.5,normal,0,100000,52333,6821,12734,0,0.52333,0.13033840979878852,0,12.968853179998405
4,x,12,z,0.5,normal,0,100000,52333,6821,12734,0,0.52333,0.13033840979878852,0,12.968853179998405
4,x,14,x,0.5,normal,0,100000,53321,5838,10701,0,0.53321,0.10948781905815719,0,11.106507428994519
4,x,14,x,0.5,normal,0,100000,53321,5838,10701,0,0.53321,0.10948781905815719,0,11.106507428994519
4,x,14,z,0.5,normal,0,100000,53321,5838,10701,0,0.53321,0.10948781905815719,0,11.106507428994519
4,x,14,z,0.5,normal,0,100000,53321,5838,10701,0,0.53321,0.10948781905815719,0,11.106507428994519
4,x,2,x,0.3,normal,0,100000,69956,0,0,0,0.69956,0.0,0,10.537558785996225
4,x,2,x,0.3,normal,0,100000,69956,0,0,0,0.69956,0.0,0,10.537558785996225
4,x,2,x,0.3,normal,0,100000,69956,0,0,0,0.69956,0.0,0,10.537558785996225
4,x,2,x,0.3,normal,0,100000,69956,0,0,0,0.69956,0.0,0,10.537558785996225
4,x,15,z,0.5,normal,0,100000,64373,10012,16803,0,0.64373,0.15553104562471842,0,14.771513190993574
4,x,15,x,0.5,normal,0,100000,64373,10012,16803,0,0.64373,0.15553104562471842,0,14.771513190993574
4,x,15,z,0.5,normal,0,100000,64373,10012,16803,0,0.64373,0.15553104562471842,0,14.771513190993574
4,x,15,z,0.5,normal,0,100000,64373,10012,16803,0,0.64373,0.15553104562471842,0,14.771513190993574
4,x,13,z,0.5,normal,0,100000,83528,1928,3405,0,0.83528,0.023082080260511395,0,15.36465080799826
4,x,13,z,0.5,normal,0,100000,83528,1928,3405,0,0.83528,0.023082080260511395,0,15.36465080799826
4,x,13,x,0.5,normal,0,100000,83528,1928,3405,0,0.83528,0.023082080260511395,0,15.36465080799826
4,x,13,z,0.5,normal,0,100000,83528,1928,3405,0,0.83528,0.023082080260511395,0,15.36465080799826
4,x,5,z,0.3,normal,0,100000,74898,2,3,0,0.74898,2.6702982723225688e-05,0,11.349183106001874
4,x,5,z,0.3,normal,0,100000,74898,2,3,0,0.74898,2.6702982723225688e-05,0,11.349183106001874
4,x,5,x,0.3,normal,0,100000,74898,2,3,0,0.74898,2.6702982723225688e-05,0,11.349183106001874
4,x,5,x,0.3,normal,0,100000,74898,2,3,0,0.74898,2.6702982723225688e-05,0,11.349183106001874
4,x,4,x,0.3,normal,0,100000,70846,70,135,0,0.70846,0.0009880586059904939,0,15.064821704996575
4,x,4,z,0.3,normal,0,100000,70846,70,135,0,0.70846,0.0009880586059904939,0,15.064821704996575
4,x,4,x,0.3,normal,0,100000,70846,70,135,0,0.70846,0.0009880586059904939,0,15.064821704996575
4,x,4,x,0.3,normal,0,100000,70846,70,135,0,0.70846,0.0009880586059904939,0,15.064821704996575
4,x,6,x,0.3,normal,0,100000,70678,244,469,0,0.70678,0.00345227652168989,0,12.23869874799857
4,x,6,x,0.3,normal,0,100000,70678,244,469,0,0.70678,0.00345227652168989,0,12.23869874799857
4,x,6,z,0.3,normal,0,100000,70678,244,469,0,0.70678,0.00345227652168989,0,12.23869874799857
4,x,6,x,0.3,normal,0,100000,70678,244,469,0,0.70678,0.00345227652168989,0,12.23869874799857
4,x,9,z,0.3,normal,0,100000,100000,40,71,0,1.0,0.00039999999999995595,0,11.821624186995905
4,x,9,z,0.3,normal,0,100000,100000,40,71,0,1.0,0.00039999999999995595,0,11.821624186995905
4,x,9,z,0.3,normal,0,100000,100000,40,71,0,1.0,0.00039999999999995595,0,11.821624186995905
4,x,9,x,0.3,normal,0,100000,100000,40,71,0,1.0,0.00039999999999995595,0,11.821624186995905
4,x,3,z,0.3,normal,0,100000,84685,2,1,0,0.84685,2.3616933341186197e-05,0,14.058394197003508
4,x,3,x,0.3,normal,0,100000,84685,2,1,0,0.84685,2.3616933341186197e-05,0,14.058394197003508
4,x,3,x,0.3,normal,0,100000,84685,2,1,0,0.84685,2.3616933341186197e-05,0,14.058394197003508
4,x,3,x,0.3,normal,0,100000,84685,2,1,0,0.84685,2.3616933341186197e-05,0,14.058394197003508
4,x,8,x,0.3,normal,0,100000,70883,5155,9512,0,0.70883,0.07272547719481404,0,13.598943662997044
4,x,8,z,0.3,normal,0,100000,70883,5155,9512,0,0.70883,0.07272547719481404,0,13.598943662997044
4,x,8,z,0.3,normal,0,100000,70883,5155,9512,0,0.70883,0.07272547719481404,0,13.598943662997044
4,x,8,x,0.3,normal,0,100000,70883,5155,9512,0,0.70883,0.07272547719481404,0,13.598943662997044
4,x,10,x,0.3,normal,0,100000,60440,136,264,0,0.6044,0.0022501654533421123,0,13.867617001997132
4,x,10,x,0.3,normal,0,100000,60440,136,264,0,0.6044,0.0022501654533421123,0,13.867617001997132
4,x,10,x,0.3,normal,0,100000,60440,136,264,0,0.6044,0.0022501654533421123,0,13.867617001997132
4,x,10,z,0.3,normal,0,100000,60440,136,264,0,0.6044,0.0022501654533421123,0,13.867617001997132
4,x,7,z,0.3,normal,0,100000,79474,446,843,0,0.79474,0.00561189823086794,0,14.685103629999503
4,x,7,x,0.3,normal,0,100000,79474,446,843,0,0.79474,0.00561189823086794,0,14.685103629999503
4,x,7,z,0.3,normal,0,100000,79474,446,843,0,0.79474,0.00561189823086794,0,14.685103629999503
4,x,7,x,0.3,normal,0,100000,79474,446,843,0,0.79474,0.00561189823086794,0,14.685103629999503
4,x,12,x,0.3,normal,0,100000,67752,5500,10525,0,0.67752,0.0811784153973314,0,13.260346183997171
4,x,12,z,0.3,normal,0,100000,67752,5500,10525,0,0.67752,0.0811784153973314,0,13.260346183997171
4,x,12,x,0.3,normal,0,100000,67752,5500,10525,0,0.67752,0.0811784153973314,0,13.260346183997171
4,x,12,z,0.3,normal,0,100000,67752,5500,10525,0,0.67752,0.0811784153973314,0,13.260346183997171
4,x,11,z,0.3,normal,0,100000,79701,454,852,0,0.79701,0.005696289883439398,0,15.151342539000325
4,x,11,x,0.3,normal,0,100000,79701,454,852,0,0.79701,0.005696289883439398,0,15.151342539000325
4,x,11,x,0.3,normal,0,100000,79701,454,852,0,0.79701,0.005696289883439398,0,15.151342539000325
4,x,11,z,0.3,normal,0,100000,79701,454,852,0,0.79701,0.005696289883439398,0,15.151342539000325
4,x,2,x,0.1,normal,0,100000,88862,0,0,0,0.88862,0.0,0,10.194046656004502
4,x,2,x,0.1,normal,0,100000,88862,0,0,0,0.88862,0.0,0,10.194046656004502
4,x,2,x,0.1,normal,0,100000,88862,0,0,0,0.88862,0.0,0,10.194046656004502
4,x,2,x,0.1,normal,0,100000,88862,0,0,0,0.88862,0.0,0,10.194046656004502
4,x,14,x,0.3,normal,0,100000,68339,4597,8590,0,0.68339,0.06726759244355351,0,12.831962452997686
4,x,14,x,0.3,normal,0,100000,68339,4597,8590,0,0.68339,0.06726759244355351,0,12.831962452997686
4,x,14,z,0.3,normal,0,100000,68339,4597,8590,0,0.68339,0.06726759244355351,0,12.831962452997686
4,x,14,z,0.3,normal,0,100000,68339,4597,8590,0,0.68339,0.06726759244355351,0,12.831962452997686
4,x,13,z,0.3,normal,0,100000,89616,820,1530,0,0.89616,0.009150151758614555,0,15.804817727002956
4,x,13,z,0.3,normal,0,100000,89616,820,1530,0,0.89616,0.009150151758614555,0,15.804817727002956
4,x,13,x,0.3,normal,0,100000,89616,820,1530,0,0.89616,0.009150151758614555,0,15.804817727002956
4,x,13,z,0.3,normal,0,100000,89616,820,1530,0,0.89616,0.009150151758614555,0,15.804817727002956
4,x,3,z,0.1,normal,0,100000,94676,0,0,0,0.94676,0.0,0,9.28514740600076
4,x,3,x,0.1,normal,0,100000,94676,0,0,0,0.94676,0.0,0,9.28514740600076
4,x,3,x,0.1,normal,0,100000,94676,0,0,0,0.94676,0.0,0,9.28514740600076
4,x,3,x,0.1,normal,0,100000,94676,0,0,0,0.94676,0.0,0,9.28514740600076
4,x,4,x,0.1,normal,0,100000,89076,13,26,0,0.89076,0.00014594279042612346,0,13.504524405005213
4,x,4,z,0.1,normal,0,100000,89076,13,26,0,0.89076,0.00014594279042612346,0,13.504524405005213
4,x,4,x,0.1,normal,0,100000,89076,13,26,0,0.89076,0.00014594279042612346,0,13.504524405005213
4,x,4,x,0.1,normal,0,100000,89076,13,26,0,0.89076,0.00014594279042612346,0,13.504524405005213
4,x,5,z,0.1,normal,0,100000,90718,1,2,0,0.90718,1.1023170704782537e-05,0,10.098493821999
4,x,5,z,0.1,normal,0,100000,90718,1,2,0,0.90718,1.1023170704782537e-05,0,10.098493821999
4,x,5,x,0.1,normal,0,100000,90718,1,2,0,0.90718,1.1023170704782537e-05,0,10.098493821999
4,x,5,x,0.1,normal,0,100000,90718,1,2,0,0.90718,1.1023170704782537e-05,0,10.098493821999
4,x,15,z,0.3,normal,0,100000,76607,7546,13574,0,0.76607,0.09850274779067192,0,17.212112467001134
4,x,15,x,0.3,normal,0,100000,76607,7546,13574,0,0.76607,0.09850274779067192,0,17.212112467001134
4,x,15,z,0.3,normal,0,100000,76607,7546,13574,0,0.76607,0.09850274779067192,0,17.212112467001134
4,x,15,z,0.3,normal,0,100000,76607,7546,13574,0,0.76607,0.09850274779067192,0,17.212112467001134
4,x,6,x,0.1,normal,0,100000,89043,60,115,0,0.89043,0.0006738317442134267,0,13.400368786002218
4,x,6,x,0.1,normal,0,100000,89043,60,115,0,0.89043,0.0006738317442134267,0,13.400368786002218
4,x,6,z,0.1,normal,0,100000,89043,60,115,0,0.89043,0.0006738317442134267,0,13.400368786002218
4,x,6,x,0.1,normal,0,100000,89043,60,115,0,0.89043,0.0006738317442134267,0,13.400368786002218
4,x,9,z,0.1,normal,0,100000,100000,0,0,0,1.0,0.0,0,9.466269736003596
4,x,9,z,0.1,normal,0,100000,100000,0,0,0,1.0,0.0,0,9.466269736003596
4,x,9,z,0.1,normal,0,100000,100000,0,0,0,1.0,0.0,0,9.466269736003596
4,x,9,x,0.1,normal,0,100000,100000,0,0,0,1.0,0.0,0,9.466269736003596
4,x,8,x,0.1,normal,0,100000,88776,2068,3905,0,0.88776,0.023294584121834716,0,13.991883217997383
4,x,8,z,0.1,normal,0,100000,88776,2068,3905,0,0.88776,0.023294584121834716,0,13.991883217997383
4,x,8,z,0.1,normal,0,100000,88776,2068,3905,0,0.88776,0.023294584121834716,0,13.991883217997383
4,x,8,x,0.1,normal,0,100000,88776,2068,3905,0,0.88776,0.023294584121834716,0,13.991883217997383
4,x,2,x,1,m1,0,100000,37396,0,1,0,0.37396,0.0,0,6.531194271999993
4,x,2,x,1,m1,0,100000,37396,0,1,0,0.37396,0.0,0,6.531194271999993
4,x,2,x,1,m1,0,100000,37396,0,1,0,0.37396,0.0,0,6.531194271999993
4,x,2,x,1,m1,0,100000,37396,0,1,0,0.37396,0.0,0,6.531194271999993
4,x,10,x,0.1,normal,0,100000,84193,34,65,0,0.84193,0.0004038340479611824,0,14.233319981001841
4,x,10,x,0.1,normal,0,100000,84193,34,65,0,0.84193,0.0004038340479611824,0,14.233319981001841
4,x,10,x,0.1,normal,0,100000,84193,34,65,0,0.84193,0.0004038340479611824,0,14.233319981001841
4,x,10,z,0.1,normal,0,100000,84193,34,65,0,0.84193,0.0004038340479611824,0,14.233319981001841
4,x,12,x,0.1,normal,0,100000,87455,2423,4660,0,0.87455,0.027705677205419943,0,13.474181461002445
4,x,12,z,0.1,normal,0,100000,87455,2423,4660,0,0.87455,0.027705677205419943,0,13.474181461002445
4,x,12,x,0.1,normal,0,100000,87455,2423,4660,0,0.87455,0.027705677205419943,0,13.474181461002445
4,x,12,z,0.1,normal,0,100000,87455,2423,4660,0,0.87455,0.027705677205419943,0,13.474181461002445
4,x,3,z,1,m1,0,100000,56980,3,6,0,0.5698,5.2650052650093926e-05,0,4.824953645002097
4,x,3,x,1,m1,0,100000,56980,3,6,0,0.5698,5.2650052650093926e-05,0,4.824953645002097
4,x,3,x,1,m1,0,100000,56980,3,6,0,0.5698,5.2650052650093926e-05,0,4.824953645002097
4,x,3,x,1,m1,0,100000,56980,3,6,0,0.5698,5.2650052650093926e-05,0,4.824953645002097
4,x,14,x,0.1,normal,0,100000,88209,1978,3775,0,0.88209,0.022424015690008958,0,13.656106714995985
4,x,14,x,0.1,normal,0,100000,88209,1978,3775,0,0.88209,0.022424015690008958,0,13.656106714995985
4,x,14,z,0.1,normal,0,100000,88209,1978,3775,0,0.88209,0.022424015690008958,0,13.656106714995985
4,x,14,z,0.1,normal,0,100000,88209,1978,3775,0,0.88209,0.022424015690008958,0,13.656106714995985
4,x,7,z,0.1,normal,0,100000,92667,112,209,0,0.92667,0.0012086287459397438,0,21.815570430997468
4,x,7,x,0.1,normal,0,100000,92667,112,209,0,0.92667,0.0012086287459397438,0,21.815570430997468
4,x,7,z,0.1,normal,0,100000,92667,112,209,0,0.92667,0.0012086287459397438,0,21.815570430997468
4,x,7,x,0.1,normal,0,100000,92667,112,209,0,0.92667,0.0012086287459397438,0,21.815570430997468
4,x,11,z,0.1,normal,0,100000,92632,83,160,0,0.92632,0.0008960186544606508,0,15.599460010002076
4,x,11,x,0.1,normal,0,100000,92632,83,160,0,0.92632,0.0008960186544606508,0,15.599460010002076
4,x,11,x,0.1,normal,0,100000,92632,83,160,0,0.92632,0.0008960186544606508,0,15.599460010002076
4,x,11,z,0.1,normal,0,100000,92632,83,160,0,0.92632,0.0008960186544606508,0,15.599460010002076
4,x,15,z,0.1,normal,0,100000,91643,3286,6321,0,0.91643,0.03585653023144153,0,15.459500759003276
4,x,15,x,0.1,normal,0,100000,91643,3286,6321,0,0.91643,0.03585653023144153,0,15.459500759003276
4,x,15,z,0.1,normal,0,100000,91643,3286,6321,0,0.91643,0.03585653023144153,0,15.459500759003276
4,x,15,z,0.1,normal,0,100000,91643,3286,6321,0,0.91643,0.03585653023144153,0,15.459500759003276
4,x,5,z,1,m1,0,100000,70413,24,43,0,0.70413,0.00034084615056884093,0,3.1603501190038514
4,x,5,z,1,m1,0,100000,70413,24,43,0,0.70413,0.00034084615056884093,0,3.1603501190038514
4,x,5,x,1,m1,0,100000,70413,24,43,0,0.70413,0.00034084615056884093,0,3.1603501190038514
4,x,5,x,1,m1,0,100000,70413,24,43,0,0.70413,0.00034084615056884093,0,3.1603501190038514
4,x,9,z,1,m1,0,100000,100000,84,154,0,1.0,0.0008399999999999519,0,1.18446275399765
4,x,9,z,1,m1,0,100000,100000,84,154,0,1.0,0.0008399999999999519,0,1.18446275399765
4,x,9,z,1,m1,0,100000,100000,84,154,0,1.0,0.0008399999999999519,0,1.18446275399765
4,x,9,x,1,m1,0,100000,100000,84,154,0,1.0,0.0008399999999999519,0,1.18446275399765
4,x,13,z,0.1,normal,0,100000,96455,107,212,0,0.96455,0.0011093255922450806,0,16.000463839001895
4,x,13,z,0.1,normal,0,100000,96455,107,212,0,0.96455,0.0011093255922450806,0,16.000463839001895
4,x,13,x,0.1,normal,0,100000,96455,107,212,0,0.96455,0.0011093255922450806,0,16.000463839001895
4,x,13,z,0.1,normal,0,100000,96455,107,212,0,0.96455,0.0011093255922450806,0,16.000463839001895
4,x,4,x,1,m1,0,100000,34322,422,803,0,0.34322,0.012295320785501995,0,10.531520227996225
4,x,4,z,1,m1,0,100000,34322,422,803,0,0.34322,0.012295320785501995,0,10.531520227996225
4,x,4,x,1,m1,0,100000,34322,422,803,0,0.34322,0.012295320785501995,0,10.531520227996225
4,x,4,x,1,m1,0,100000,34322,422,803,0,0.34322,0.012295320785501995,0,10.531520227996225
4,x,6,x,1,m1,0,100000,28872,585,1084,0,0.28872,0.02026184538653364,0,10.548248655999487
4,x,6,x,1,m1,0,100000,28872,585,1084,0,0.28872,0.02026184538653364,0,10.548248655999487
4,x,6,z,1,m1,0,100000,28872,585,1084,0,0.28872,0.02026184538653364,0,10.548248655999487
4,x,6,x,1,m1,0,100000,28872,585,1084,0,0.28872,0.02026184538653364,0,10.548248655999487
4,x,2,x,0.8,m1,0,100000,45381,0,1,0,0.45381,0.0,0,3.6544441119986004
4,x,2,x,0.8,m1,0,100000,45381,0,1,0,0.45381,0.0,0,3.6544441119986004
4,x,2,x,0.8,m1,0,100000,45381,0,1,0,0.45381,0.0,0,3.6544441119986004
4,x,2,x,0.8,m1,0,100000,45381,0,1,0,0.45381,0.0,0,3.6544441119986004
4,x,8,x,1,m1,0,100000,30073,6618,12279,0,0.30073,0.22006450969308022,0,10.735006189999694
4,x,8,z,1,m1,0,100000,30073,6618,12279,0,0.30073,0.22006450969308022,0,10.735006189999694
4,x,8,z,1,m1,0,100000,30073,6618,12279,0,0.30073,0.22006450969308022,0,10.735006189999694
4,x,8,x,1,m1,0,100000,30073,6618,12279,0,0.30073,0.22006450969308022,0,10.735006189999694
4,x,12,x,1,m1,0,100000,33825,6707,12272,0,0.33825,0.1982852919438285,0,10.02321608600323
4,x,12,z,1,m1,0,100000,33825,6707,12272,0,0.33825,0.1982852919438285,0,10.02321608600323
4,x,12,x,1,m1,0,100000,33825,6707,12272,0,0.33825,0.1982852919438285,0,10.02321608600323
4,x,12,z,1,m1,0,100000,33825,6707,12272,0,0.33825,0.1982852919438285,0,10.02321608600323
4,x,10,x,1,m1,0,100000,42713,1288,2314,0,0.42713,0.030154753822021374,0,12.268994471000042
4,x,10,x,1,m1,0,100000,42713,1288,2314,0,0.42713,0.030154753822021374,0,12.268994471000042
4,x,10,x,1,m1,0,100000,42713,1288,2314,0,0.42713,0.030154753822021374,0,12.268994471000042
4,x,10,z,1,m1,0,100000,42713,1288,2314,0,0.42713,0.030154753822021374,0,12.268994471000042
4,x,14,x,1,m1,0,100000,34709,8411,14528,0,0.34709,0.24232907891325017,0,11.086230569999316
4,x,14,x,1,m1,0,100000,34709,8411,14528,0,0.34709,0.24232907891325017,0,11.086230569999316
4,x,14,z,1,m1,0,100000,34709,8411,14528,0,0.34709,0.24232907891325017,0,11.086230569999316
4,x,14,z,1,m1,0,100000,34709,8411,14528,0,0.34709,0.24232907891325017,0,11.086230569999316
4,x,7,z,1,m1,0,100000,54304,1560,2793,0,0.54304,0.028727165586328818,0,12.522124743001768
4,x,7,x,1,m1,0,100000,54304,1560,2793,0,0.54304,0.028727165586328818,0,12.522124743001768
4,x,7,z,1,m1,0,100000,54304,1560,2793,0,0.54304,0.028727165586328818,0,12.522124743001768
4,x,7,x,1,m1,0,100000,54304,1560,2793,0,0.54304,0.028727165586328818,0,12.522124743001768
4,x,3,z,0.8,m1,0,100000,63801,1,2,0,0.63801,1.5673735521359866e-05,0,3.5257797749945894
4,x,3,x,0.8,m1,0,100000,63801,1,2,0,0.63801,1.5673735521359866e-05,0,3.5257797749945894
4,x,3,x,0.8,m1,0,100000,63801,1,2,0,0.63801,1.5673735521359866e-05,0,3.5257797749945894
4,x,3,x,0.8,m1,0,100000,63801,1,2,0,0.63801,1.5673735521359866e-05,0,3.5257797749945894
4,x,11,z,1,m1,0,100000,58647,3427,5978,0,0.58647,0.05843436151891823,0,13.419719915000314
4,x,11,x,1,m1,0,100000,58647,3427,5978,0,0.58647,0.05843436151891823,0,13.419719915000314
4,x,11,x,1,m1,0,100000,58647,3427,5978,0,0.58647,0.05843436151891823,0,13.419719915000314
4,x,11,z,1,m1,0,100000,58647,3427,5978,0,0.58647,0.05843436151891823,0,13.419719915000314
4,x,5,z,0.8,m1,0,100000,75435,8,15,0,0.75435,0.00010605156757470535,0,2.5078575990046374
4,x,5,z,0.8,m1,0,100000,75435,8,15,0,0.75435,0.00010605156757470535,0,2.5078575990046374
4,x,5,x,0.8,m1,0,100000,75435,8,15,0,0.75435,0.00010605156757470535,0,2.5078575990046374
4,x,5,x,0.8,m1,0,100000,75435,8,15,0,0.75435,0.00010605156757470535,0,2.5078575990046374
4,x,9,z,0.8,m1,0,100000,100000,30,59,0,1.0,0.00029999999999996696,0,1.0051944449951407
4,x,9,z,0.8,m1,0,100000,100000,30,59,0,1.0,0.00029999999999996696,0,1.0051944449951407
4,x,9,z,0.8,m1,0,100000,100000,30,59,0,1.0,0.00029999999999996696,0,1.0051944449951407
4,x,9,x,0.8,m1,0,100000,100000,30,59,0,1.0,0.00029999999999996696,0,1.0051944449951407
4,x,15,z,1,m1,0,100000,58379,10502,17224,0,0.58379,0.1798934548382124,0,13.63262962900626
4,x,15,x,1,m1,0,100000,58379,10502,17224,0,0.58379,0.1798934548382124,0,13.63262962900626
4,x,15,z,1,m1,0,100000,58379,10502,17224,0,0.58379,0.1798934548382124,0,13.63262962900626
4,x,15,z,1,m1,0,100000,58379,10502,17224,0,0.58379,0.1798934548382124,0,13.63262962900626
4,x,13,z,1,m1,0,100000,70911,2258,3875,0,0.70911,0.03184273243925484,0,16.703580493995105
4,x,13,z,1,m1,0,100000,70911,2258,3875,0,0.70911,0.03184273243925484,0,16.703580493995105
4,x,13,x,1,m1,0,100000,70911,2258,3875,0,0.70911,0.03184273243925484,0,16.703580493995105
4,x,13,z,1,m1,0,100000,70911,2258,3875,0,0.70911,0.03184273243925484,0,16.703580493995105
4,x,4,x,0.8,m1,0,100000,42645,344,667,0,0.42645,0.008066596318442976,0,11.603470310001285
4,x,4,z,0.8,m1,0,100000,42645,344,667,0,0.42645,0.008066596318442976,0,11.603470310001285
4,x,4,x,0.8,m1,0,100000,42645,344,667,0,0.42645,0.008066596318442976,0,11.603470310001285
4,x,4,x,0.8,m1,0,100000,42645,344,667,0,0.42645,0.008066596318442976,0,11.603470310001285
4,x,6,x,0.8,m1,0,100000,36774,511,944,0,0.36774,0.013895687170283333,0,9.959545713994885
4,x,6,x,0.8,m1,0,100000,36774,511,944,0,0.36774,0.013895687170283333,0,9.959545713994885
4,x,6,z,0.8,m1,0,100000,36774,511,944,0,0.36774,0.013895687170283333,0,9.959545713994885
4,x,6,x,0.8,m1,0,100000,36774,511,944,0,0.36774,0.013895687170283333,0,9.959545713994885
4,x,8,x,0.8,m1,0,100000,37461,6638,12278,0,0.37461,0.17719761885694452,0,10.219957353001519
4,x,8,z,0.8,m1,0,100000,37461,6638,12278,0,0.37461,0.17719761885694452,0,10.219957353001519
4,x,8,z,0.8,m1,0,100000,37461,6638,12278,0,0.37461,0.17719761885694452,0,10.219957353001519
4,x,8,x,0.8,m1,0,100000,37461,6638,12278,0,0.37461,0.17719761885694452,0,10.219957353001519
4,x,2,x,0.5,m1,0,100000,60946,0,0,0,0.60946,0.0,0,3.2687980410046293
4,x,2,x,0.5,m1,0,100000,60946,0,0,0,0.60946,0.0,0,3.2687980410046293
4,x,2,x,0.5,m1,0,100000,60946,0,0,0,0.60946,0.0,0,3.2687980410046293
4,x,2,x,0.5,m1,0,100000,60946,0,0,0,0.60946,0.0,0,3.2687980410046293
4,x,12,x,0.8,m1,0,100000,41845,6805,12616,0,0.41845,0.16262396941092128,0,11.194312421997893
4,x,12,z,0.8,m1,0,100000,41845,6805,12616,0,0.41845,0.16262396941092128,0,11.194312421997893
4,x,12,x,0.8,m1,0,100000,41845,6805,12616,0,0.41845,0.16262396941092128,0,11.194312421997893
4,x,12,z,0.8,m1,0,100000,41845,6805,12616,0,0.41845,0.16262396941092128,0,11.194312421997893
4,x,3,z,0.5,m1,0,100000,75691,1,2,0,0.75691,1.3211610363161874e-05,0,2.321103144000517
4,x,3,x,0.5,m1,0,100000,75691,1,2,0,0.75691,1.3211610363161874e-05,0,2.321103144000517
4,x,3,x,0.5,m1,0,100000,75691,1,2,0,0.75691,1.3211610363161874e-05,0,2.321103144000517
4,x,3,x,0.5,m1,0,100000,75691,1,2,0,0.75691,1.3211610363161874e-05,0,2.321103144000517
4,x,10,x,0.8,m1,0,100000,50343,1011,1822,0,0.50343,0.020082235861986764,0,13.065013945997634
4,x,10,x,0.8,m1,0,100000,50343,1011,1822,0,0.50343,0.020082235861986764,0,13.065013945997634
4,x,10,x,0.8,m1,0,100000,50343,1011,1822,0,0.50343,0.020082235861986764,0,13.065013945997634
4,x,10,z,0.8,m1,0,100000,50343,1011,1822,0,0.50343,0.020082235861986764,0,13.065013945997634
4,x,7,z,0.8,m1,0,100000,61058,1116,2055,0,0.61058,0.01827770316748012,0,13.19679387799988
4,x,7,x,0.8,m1,0,100000,61058,1116,2055,0,0.61058,0.01827770316748012,0,13.19679387799988
4,x,7,z,0.8,m1,0,100000,61058,1116,2055,0,0.61058,0.01827770316748012,0,13.19679387799988
4,x,7,x,0.8,m1,0,100000,61058,1116,2055,0,0.61058,0.01827770316748012,0,13.19679387799988
4,x,5,z,0.5,m1,0,100000,83710,2,4,0,0.8371,2.3892008123249653e-05,0,1.7076686159998644
4,x,5,z,0.5,m1,0,100000,83710,2,4,0,0.8371,2.3892008123249653e-05,0,1.7076686159998644
4,x,5,x,0.5,m1,0,100000,83710,2,4,0,0.8371,2.3892008123249653e-05,0,1.7076686159998644
4,x,5,x,0.5,m1,0,100000,83710,2,4,0,0.8371,2.3892008123249653e-05,0,1.7076686159998644
4,x,9,z,0.5,m1,0,100000,100000,8,14,0,1.0,7.999999999996898e-05,0,0.7222265060045174
4,x,9,z,0.5,m1,0,100000,100000,8,14,0,1.0,7.999999999996898e-05,0,0.7222265060045174
4,x,9,z,0.5,m1,0,100000,100000,8,14,0,1.0,7.999999999996898e-05,0,0.7222265060045174
4,x,9,x,0.5,m1,0,100000,100000,8,14,0,1.0,7.999999999996898e-05,0,0.7222265060045174
4,x,14,x,0.8,m1,0,100000,43079,8866,15533,0,0.43079,0.2058079342603124,0,10.871150787999795
4,x,14,x,0.8,m1,0,100000,43079,8866,15533,0,0.43079,0.2058079342603124,0,10.871150787999795
4,x,14,z,0.8,m1,0,100000,43079,8866,15533,0,0.43079,0.2058079342603124,0,10.871150787999795
4,x,14,z,0.8,m1,0,100000,43079,8866,15533,0,0.43079,0.2058079342603124,0,10.871150787999795
4,x,13,z,0.8,m1,0,100000,75966,1564,2758,0,0.75966,0.02058815786009527,0,12.217113214996061
4,x,13,z,0.8,m1,0,100000,75966,1564,2758,0,0.75966,0.02058815786009527,0,12.217113214996061
4,x,13,x,0.8,m1,0,100000,75966,1564,2758,0,0.75966,0.02058815786009527,0,12.217113214996061
4,x,13,z,0.8,m1,0,100000,75966,1564,2758,0,0.75966,0.02058815786009527,0,12.217113214996061
4,x,11,z,0.8,m1,0,100000,65188,2568,4553,0,0.65188,0.03939375345155549,0,14.505341757998394
4,x,11,x,0.8,m1,0,100000,65188,2568,4553,0,0.65188,0.03939375345155549,0,14.505341757998394
4,x,11,x,0.8,m1,0,100000,65188,2568,4553,0,0.65188,0.03939375345155549,0,14.505341757998394
4,x,11,z,0.8,m1,0,100000,65188,2568,4553,0,0.65188,0.03939375345155549,0,14.505341757998394
4,x,15,z,0.8,m1,0,100000,64772,9683,16470,0,0.64772,0.1494936083492867,0,14.549870872993779
4,x,15,x,0.8,m1,0,100000,64772,9683,16470,0,0.64772,0.1494936083492867,0,14.549870872993779
4,x,15,z,0.8,m1,0,100000,64772,9683,16470,0,0.64772,0.1494936083492867,0,14.549870872993779
4,x,15,z,0.8,m1,0,100000,64772,9683,16470,0,0.64772,0.1494936083492867,0,14.549870872993779
4,x,6,x,0.5,m1,0,100000,53159,313,582,0,0.53159,0.005887996388193928,0,11.178650141999242
4,x,6,x,0.5,m1,0,100000,53159,313,582,0,0.53159,0.005887996388193928,0,11.178650141999242
4,x,6,z,0.5,m1,0,100000,53159,313,582,0,0.53159,0.005887996388193928,0,11.178650141999242
4,x,6,x,0.5,m1,0,100000,53159,313,582,0,0.53159,0.005887996388193928,0,11.178650141999242
4,x,4,x,0.5,m1,0,100000,58508,196,383,0,0.58508,0.0033499692349764354,0,14.572280216001673
4,x,4,z,0.5,m1,0,100000,58508,196,383,0,0.58508,0.0033499692349764354,0,14.572280216001673
4,x,4,x,0.5,m1,0,100000,58508,196,383,0,0.58508,0.0033499692349764354,0,14.572280216001673
4,x,4,x,0.5,m1,0,100000,58508,196,383,0,0.58508,0.0033499692349764354,0,14.572280216001673
4,x,8,x,0.5,m1,0,100000,53586,6158,11524,0,0.53586,0.11491807561676559,0,12.65928477399575
4,x,8,z,0.5,m1,0,100000,53586,6158,11524,0,0.53586,0.11491807561676559,0,12.65928477399575
4,x,8,z,0.5,m1,0,100000,53586,6158,11524,0,0.53586,0.11491807561676559,0,12.65928477399575
4,x,8,x,0.5,m1,0,100000,53586,6158,11524,0,0.53586,0.11491807561676559,0,12.65928477399575
4,x,7,z,0.5,m1,0,100000,73322,646,1197,0,0.73322,0.008810452524481094,0,11.871464617004676
4,x,7,x,0.5,m1,0,100000,73322,646,1197,0,0.73322,0.008810452524481094,0,11.871464617004676
4,x,7,z,0.5,m1,0,100000,73322,646,1197,0,0.73322,0.008810452524481094,0,11.871464617004676
4,x,7,x,0.5,m1,0,100000,73322,646,1197,0,0.73322,0.008810452524481094,0,11.871464617004676
4,x,10,x,0.5,m1,0,100000,63832,516,984,0,0.63832,0.008083719764381492,0,11.88945885400608
4,x,10,x,0.5,m1,0,100000,63832,516,984,0,0.63832,0.008083719764381492,0,11.88945885400608
4,x,10,x,0.5,m1,0,100000,63832,516,984,0,0.63832,0.008083719764381492,0,11.88945885400608
4,x,10,z,0.5,m1,0,100000,63832,516,984,0,0.63832,0.008083719764381492,0,11.88945885400608
4,x,2,x,0.3,m1,0,100000,74458,0,0,0,0.74458,0.0,0,2.412881805001234
4,x,2,x,0.3,m1,0,100000,74458,0,0,0,0.74458,0.0,0,2.412881805001234
4,x,2,x,0.3,m1,0,100000,74458,0,0,0,0.74458,0.0,0,2.412881805001234
4,x,2,x,0.3,m1,0,100000,74458,0,0,0,0.74458,0.0,0,2.412881805001234
4,x,14,x,0.5,m1,0,100000,58729,8106,14719,0,0.58729,0.1380238042534353,0,12.115565692001837
4,x,14,x,0.5,m1,0,100000,58729,8106,14719,0,0.58729,0.1380238042534353,0,12.115565692001837
4,x,14,z,0.5,m1,0,100000,58729,8106,14719,0,0.58729,0.1380238042534353,0,12.115565692001837
4,x,14,z,0.5,m1,0,100000,58729,8106,14719,0,0.58729,0.1380238042534353,0,12.115565692001837
4,x,3,z,0.3,m1,0,100000,84627,0,1,0,0.84627,0.0,0,1.5162865410020459
4,x,3,x,0.3,m1,0,100000,84627,0,1,0,0.84627,0.0,0,1.5162865410020459
4,x,3,x,0.3,m1,0,100000,84627,0,1,0,0.84627,0.0,0,1.5162865410020459
4,x,3,x,0.3,m1,0,100000,84627,0,1,0,0.84627,0.0,0,1.5162865410020459
4,x,12,x,0.5,m1,0,100000,57713,6118,11507,0,0.57713,0.1060073120440802,0,13.781047151998791
4,x,12,z,0.5,m1,0,100000,57713,6118,11507,0,0.57713,0.1060073120440802,0,13.781047151998791
4,x,12,x,0.5,m1,0,100000,57713,6118,11507,0,0.57713,0.1060073120440802,0,13.781047151998791
4,x,12,z,0.5,m1,0,100000,57713,6118,11507,0,0.57713,0.1060073120440802,0,13.781047151998791
4,x,13,z,0.5,m1,0,100000,84323,771,1436,0,0.84323,0.009143412829239916,0,11.475095756999508
4,x,13,z,0.5,m1,0,100000,84323,771,1436,0,0.84323,0.009143412829239916,0,11.475095756999508
4,x,13,x,0.5,m1,0,100000,84323,771,1436,0,0.84323,0.009143412829239916,0,11.475095756999508
4,x,13,z,0.5,m1,0,100000,84323,771,1436,0,0.84323,0.009143412829239916,0,11.475095756999508
4,x,9,z,0.3,m1,0,100000,100000,0,1,0,1.0,0.0,0,0.49684310600423487
4,x,9,z,0.3,m1,0,100000,100000,0,1,0,1.0,0.0,0,0.49684310600423487
4,x,9,z,0.3,m1,0,100000,100000,0,1,0,1.0,0.0,0,0.49684310600423487
4,x,9,x,0.3,m1,0,100000,100000,0,1,0,1.0,0.0,0,0.49684310600423487
4,x,11,z,0.5,m1,0,100000,76313,1360,2536,0,0.76313,0.017821341055914486,0,14.491505350000807
4,x,11,x,0.5,m1,0,100000,76313,1360,2536,0,0.76313,0.017821341055914486,0,14.491505350000807
4,x,11,x,0.5,m1,0,100000,76313,1360,2536,0,0.76313,0.017821341055914486,0,14.491505350000807
4,x,11,z,0.5,m1,0,100000,76313,1360,2536,0,0.76313,0.017821341055914486,0,14.491505350000807
4,x,5,z,0.3,m1,0,100000,89869,1,2,0,0.89869,1.1127307525393704e-05,0,1.1635158339995542
4,x,5,z,0.3,m1,0,100000,89869,1,2,0,0.89869,1.1127307525393704e-05,0,1.1635158339995542
4,x,5,x,0.3,m1,0,100000,89869,1,2,0,0.89869,1.1127307525393704e-05,0,1.1635158339995542
4,x,5,x,0.3,m1,0,100000,89869,1,2,0,0.89869,1.1127307525393704e-05,0,1.1635158339995542
4,x,4,x,0.3,m1,0,100000,72522,74,145,0,0.72522,0.0010203800226138426,0,9.254803752999578
4,x,4,z,0.3,m1,0,100000,72522,74,145,0,0.72522,0.0010203800226138426,0,9.254803752999578
4,x,4,x,0.3,m1,0,100000,72522,74,145,0,0.72522,0.0010203800226138426,0,9.254803752999578
4,x,4,x,0.3,m1,0,100000,72522,74,145,0,0.72522,0.0010203800226138426,0,9.254803752999578
4,x,15,z,0.5,m1,0,100000,76258,7476,13379,0,0.76258,0.09803561593537724,0,14.87462435499765
4,x,15,x,0.5,m1,0,100000,76258,7476,13379,0,0.76258,0.09803561593537724,0,14.87462435499765
4,x,15,z,0.5,m1,0,100000,76258,7476,13379,0,0.76258,0.09803561593537724,0,14.87462435499765
4,x,15,z,0.5,m1,0,100000,76258,7476,13379,0,0.76258,0.09803561593537724,0,14.87462435499765
4,x,7,z,0.3,m1,0,100000,82936,298,541,0,0.82936,0.0035931320536317646,0,10.258138429999235
4,x,7,x,0.3,m1,0,100000,82936,298,541,0,0.82936,0.0035931320536317646,0,10.258138429999235
4,x,7,z,0.3,m1,0,100000,82936,298,541,0,0.82936,0.0035931320536317646,0,10.258138429999235
4,x,7,x,0.3,m1,0,100000,82936,298,541,0,0.82936,0.0035931320536317646,0,10.258138429999235
4,x,2,x,0.1,m1,0,100000,90422,0,0,0,0.90422,0.0,0,0.8465397019972443
4,x,2,x,0.1,m1,0,100000,90422,0,0,0,0.90422,0.0,0,0.8465397019972443
4,x,2,x,0.1,m1,0,100000,90422,0,0,0,0.90422,0.0,0,0.8465397019972443
4,x,2,x,0.1,m1,0,100000,90422,0,0,0,0.90422,0.0,0,0.8465397019972443
4,x,6,x,0.3,m1,0,100000,68507,190,360,0,0.68507,0.0027734392105915884,0,13.374257749004755
4,x,6,x,0.3,m1,0,100000,68507,190,360,0,0.68507,0.0027734392105915884,0,13.374257749004755
4,x,6,z,0.3,m1,0,100000,68507,190,360,0,0.68507,0.0027734392105915884,0,13.374257749004755
4,x,6,x,0.3,m1,0,100000,68507,190,360,0,0.68507,0.0027734392105915884,0,13.374257749004755
4,x,13,z,0.3,m1,0,100000,90006,315,588,0,0.90006,0.0034997666822211837,0,9.918150632001925
4,x,13,z,0.3,m1,0,100000,90006,315,588,0,0.90006,0.0034997666822211837,0,9.918150632001925
4,x,13,x,0.3,m1,0,100000,90006,315,588,0,0.90006,0.0034997666822211837,0,9.918150632001925
4,x,13,z,0.3,m1,0,100000,90006,315,588,0,0.90006,0.0034997666822211837,0,9.918150632001925
4,x,8,x,0.3,m1,0,100000,68505,4865,9248,0,0.68505,0.07101671410845922,0,13.782698609000363
4,x,8,z,0.3,m1,0,100000,68505,4865,9248,0,0.68505,0.07101671410845922,0,13.782698609000363
4,x,8,z,0.3,m1,0,100000,68505,4865,9248,0,0.68505,0.07101671410845922,0,13.782698609000363
4,x,8,x,0.3,m1,0,100000,68505,4865,9248,0,0.68505,0.07101671410845922,0,13.782698609000363
4,x,12,x,0.3,m1,0,100000,71667,4772,9058,0,0.71667,0.06658573681052649,0,12.460117153001192
4,x,12,z,0.3,m1,0,100000,71667,4772,9058,0,0.71667,0.06658573681052649,0,12.460117153001192
4,x,12,x,0.3,m1,0,100000,71667,4772,9058,0,0.71667,0.06658573681052649,0,12.460117153001192
4,x,12,z,0.3,m1,0,100000,71667,4772,9058,0,0.71667,0.06658573681052649,0,12.460117153001192
4,x,3,z,0.1,m1,0,100000,94508,0,0,0,0.94508,0.0,0,0.7967111250036396
4,x,3,x,0.1,m1,0,100000,94508,0,0,0,0.94508,0.0,0,0.7967111250036396
4,x,3,x,0.1,m1,0,100000,94508,0,0,0,0.94508,0.0,0,0.7967111250036396
4,x,3,x,0.1,m1,0,100000,94508,0,0,0,0.94508,0.0,0,0.7967111250036396
4,x,5,z,0.1,m1,0,100000,96483,0,0,0,0.96483,0.0,0,0.6489128410030389
4,x,5,z,0.1,m1,0,100000,96483,0,0,0,0.96483,0.0,0,0.6489128410030389
4,x,5,x,0.1,m1,0,100000,96483,0,0,0,0.96483,0.0,0,0.6489128410030389
4,x,5,x,0.1,m1,0,100000,96483,0,0,0,0.96483,0.0,0,0.6489128410030389
4,x,10,x,0.3,m1,0,100000,76175,249,470,0,0.76175,0.0032687889727600616,0,15.112922861000698
4,x,10,x,0.3,m1,0,100000,76175,249,470,0,0.76175,0.0032687889727600616,0,15.112922861000698
4,x,10,x,0.3,m1,0,100000,76175,249,470,0,0.76175,0.0032687889727600616,0,15.112922861000698
4,x,10,z,0.3,m1,0,100000,76175,249,470,0,0.76175,0.0032687889727600616,0,15.112922861000698
4,x,9,z,0.1,m1,0,100000,100000,0,0,0,1.0,0.0,0,0.45238297899777535
4,x,9,z,0.1,m1,0,100000,100000,0,0,0,1.0,0.0,0,0.45238297899777535
4,x,9,z,0.1,m1,0,100000,100000,0,0,0,1.0,0.0,0,0.45238297899777535
4,x,9,x,0.1,m1,0,100000,100000,0,0,0,1.0,0.0,0,0.45238297899777535
4,x,14,x,0.3,m1,0,100000,72739,6326,11740,0,0.72739,0.08696847633319127,0,14.267904917993292
4,x,14,x,0.3,m1,0,100000,72739,6326,11740,0,0.72739,0.08696847633319127,0,14.267904917993292
4,x,14,z,0.3,m1,0,100000,72739,6326,11740,0,0.72739,0.08696847633319127,0,14.267904917993292
4,x,14,z,0.3,m1,0,100000,72739,6326,11740,0,0.72739,0.08696847633319127,0,14.267904917993292
4,x,11,z,0.3,m1,0,100000,84932,518,985,0,0.84932,0.00609899684453441,0,17.166277784999693
4,x,11,x,0.3,m1,0,100000,84932,518,985,0,0.84932,0.00609899684453441,0,17.166277784999693
4,x,11,x,0.3,m1,0,100000,84932,518,985,0,0.84932,0.00609899684453441,0,17.166277784999693
4,x,11,z,0.3,m1,0,100000,84932,518,985,0,0.84932,0.00609899684453441,0,17.166277784999693
4,x,4,x,0.1,m1,0,100000,89796,12,23,0,0.89796,0.00013363624214890457,0,8.388902664999478
4,x,4,z,0.1,m1,0,100000,89796,12,23,0,0.89796,0.00013363624214890457,0,8.388902664999478
4,x,4,x,0.1,m1,0,100000,89796,12,23,0,0.89796,0.00013363624214890457,0,8.388902664999478
4,x,4,x,0.1,m1,0,100000,89796,12,23,0,0.89796,0.00013363624214890457,0,8.388902664999478
4,x,7,z,0.1,m1,0,100000,94108,60,113,0,0.94108,0.0006375653504484546,0,9.094458724997821
4,x,7,x,0.1,m1,0,100000,94108,60,113,0,0.94108,0.0006375653504484546,0,9.094458724997821
4,x,7,z,0.1,m1,0,100000,94108,60,113,0,0.94108,0.0006375653504484546,0,9.094458724997821
4,x,7,x,0.1,m1,0,100000,94108,60,113,0,0.94108,0.0006375653504484546,0,9.094458724997821
4,x,15,z,0.3,m1,0,100000,85091,5216,9813,0,0.85091,0.06129907980867544,0,16.211500411998713
4,x,15,x,0.3,m1,0,100000,85091,5216,9813,0,0.85091,0.06129907980867544,0,16.211500411998713
4,x,15,z,0.3,m1,0,100000,85091,5216,9813,0,0.85091,0.06129907980867544,0,16.211500411998713
4,x,15,z,0.3,m1,0,100000,85091,5216,9813,0,0.85091,0.06129907980867544,0,16.211500411998713
4,x,6,x,0.1,m1,0,100000,88006,36,71,0,0.88006,0.0004090630184305777,0,13.018655099993339
4,x,6,x,0.1,m1,0,100000,88006,36,71,0,0.88006,0.0004090630184305777,0,13.018655099993339
4,x,6,z,0.1,m1,0,100000,88006,36,71,0,0.88006,0.0004090630184305777,0,13.018655099993339
4,x,6,x,0.1,m1,0,100000,88006,36,71,0,0.88006,0.0004090630184305777,0,13.018655099993339
4,x,10,x,0.1,m1,0,100000,91083,48,90,0,0.91083,0.0005269918645630645,0,14.348013593997166
4,x,10,x,0.1,m1,0,100000,91083,48,90,0,0.91083,0.0005269918645630645,0,14.348013593997166
4,x,10,x,0.1,m1,0,100000,91083,48,90,0,0.91083,0.0005269918645630645,0,14.348013593997166
4,x,10,z,0.1,m1,0,100000,91083,48,90,0,0.91083,0.0005269918645630645,0,14.348013593997166
4,x,13,z,0.1,m1,0,100000,96645,40,81,0,0.96645,0.0004138858709711313,0,10.988731368001027
4,x,13,z,0.1,m1,0,100000,96645,40,81,0,0.96645,0.0004138858709711313,0,10.988731368001027
4,x,13,x,0.1,m1,0,100000,96645,40,81,0,0.96645,0.0004138858709711313,0,10.988731368001027
4,x,13,z,0.1,m1,0,100000,96645,40,81,0,0.96645,0.0004138858709711313,0,10.988731368001027
4,x,12,x,0.1,m1,0,100000,89605,2048,3857,0,0.89605,0.022855867418112852,0,14.662004439000157
4,x,12,z,0.1,m1,0,100000,89605,2048,3857,0,0.89605,0.022855867418112852,0,14.662004439000157
4,x,12,x,0.1,m1,0,100000,89605,2048,3857,0,0.89605,0.022855867418112852,0,14.662004439000157
4,x,12,z,0.1,m1,0,100000,89605,2048,3857,0,0.89605,0.022855867418112852,0,14.662004439000157
4,x,8,x,0.1,m1,0,100000,88052,2134,4039,0,0.88052,0.024235678917003622,0,17.650300401001005
4,x,8,z,0.1,m1,0,100000,88052,2134,4039,0,0.88052,0.024235678917003622,0,17.650300401001005
4,x,8,z,0.1,m1,0,100000,88052,2134,4039,0,0.88052,0.024235678917003622,0,17.650300401001005
4,x,8,x,0.1,m1,0,100000,88052,2134,4039,0,0.88052,0.024235678917003622,0,17.650300401001005
4,x,11,z,0.1,m1,0,100000,94701,86,173,0,0.94701,0.0009081213503553398,0,14.940354557002138
4,x,11,x,0.1,m1,0,100000,94701,86,173,0,0.94701,0.0009081213503553398,0,14.940354557002138
4,x,11,x,0.1,m1,0,100000,94701,86,173,0,0.94701,0.0009081213503553398,0,14.940354557002138
4,x,11,z,0.1,m1,0,100000,94701,86,173,0,0.94701,0.0009081213503553398,0,14.940354557002138
4,x,14,x,0.1,m1,0,100000,89919,2749,5206,0,0.89919,0.03057195920773137,0,13.543631273998471
4,x,14,x,0.1,m1,0,100000,89919,2749,5206,0,0.89919,0.03057195920773137,0,13.543631273998471
4,x,14,z,0.1,m1,0,100000,89919,2749,5206,0,0.89919,0.03057195920773137,0,13.543631273998471
4,x,14,z,0.1,m1,0,100000,89919,2749,5206,0,0.89919,0.03057195920773137,0,13.543631273998471
4,z,3,x,1,normal,0,100000,31526,7476,13147,0,0.31526,0.2371376007105247,0,10.414501469000243
4,z,3,z,1,normal,0,100000,31526,7476,13147,0,0.31526,0.2371376007105247,0,10.414501469000243
4,z,3,x,1,normal,0,100000,31526,7476,13147,0,0.31526,0.2371376007105247,0,10.414501469000243
4,z,3,x,1,normal,0,100000,31526,7476,13147,0,0.31526,0.2371376007105247,0,10.414501469000243
4,z,5,x,1,normal,0,100000,31769,7950,15037,0,0.31769,0.25024394850325793,0,9.619553472002735
4,z,5,x,1,normal,0,100000,31769,7950,15037,0,0.31769,0.25024394850325793,0,9.619553472002735
4,z,5,z,1,normal,0,100000,31769,7950,15037,0,0.31769,0.25024394850325793,0,9.619553472002735
4,z,5,x,1,normal,0,100000,31769,7950,15037,0,0.31769,0.25024394850325793,0,9.619553472002735
4,z,9,x,1,normal,0,100000,20776,4655,8524,0,0.20776,0.22405660377358494,0,9.785792590999336
4,z,9,x,1,normal,0,100000,20776,4655,8524,0,0.20776,0.22405660377358494,0,9.785792590999336
4,z,9,x,1,normal,0,100000,20776,4655,8524,0,0.20776,0.22405660377358494,0,9.785792590999336
4,z,9,z,1,normal,0,100000,20776,4655,8524,0,0.20776,0.22405660377358494,0,9.785792590999336
4,z,7,x,1,normal,0,100000,35462,1038,1872,0,0.35462,0.02927076871016865,0,11.277474818001792
4,z,7,z,1,normal,0,100000,35462,1038,1872,0,0.35462,0.02927076871016865,0,11.277474818001792
4,z,7,z,1,normal,0,100000,35462,1038,1872,0,0.35462,0.02927076871016865,0,11.277474818001792
4,z,7,x,1,normal,0,100000,35462,1038,1872,0,0.35462,0.02927076871016865,0,11.277474818001792
4,x,15,z,0.1,m1,0,100000,94749,1974,3865,0,0.94749,0.02083399297090205,0,19.790461951000907
4,x,15,x,0.1,m1,0,100000,94749,1974,3865,0,0.94749,0.02083399297090205,0,19.790461951000907
4,x,15,z,0.1,m1,0,100000,94749,1974,3865,0,0.94749,0.02083399297090205,0,19.790461951000907
4,x,15,z,0.1,m1,0,100000,94749,1974,3865,0,0.94749,0.02083399297090205,0,19.790461951000907
4,z,4,z,1,normal,0,100000,39629,2922,4657,0,0.39629,0.07373388175326145,0,13.32972384099412
4,z,4,z,1,normal,0,100000,39629,2922,4657,0,0.39629,0.07373388175326145,0,13.32972384099412
4,z,4,x,1,normal,0,100000,39629,2922,4657,0,0.39629,0.07373388175326145,0,13.32972384099412
4,z,4,x,1,normal,0,100000,39629,2922,4657,0,0.39629,0.07373388175326145,0,13.32972384099412
4,z,2,z,1,normal,0,100000,57587,12516,19600,0,0.57587,0.21734071925955512,0,13.846715295003378
4,z,2,x,1,normal,0,100000,57587,12516,19600,0,0.57587,0.21734071925955512,0,13.846715295003378
4,z,2,x,1,normal,0,100000,57587,12516,19600,0,0.57587,0.21734071925955512,0,13.846715295003378
4,z,2,x,1,normal,0,100000,57587,12516,19600,0,0.57587,0.21734071925955512,0,13.846715295003378
4,z,6,z,1,normal,0,100000,55111,3052,5413,0,0.55111,0.05537914390956433,0,13.928337078999903
4,z,6,x,1,normal,0,100000,55111,3052,5413,0,0.55111,0.05537914390956433,0,13.928337078999903
4,z,6,z,1,normal,0,100000,55111,3052,5413,0,0.55111,0.05537914390956433,0,13.928337078999903
4,z,6,x,1,normal,0,100000,55111,3052,5413,0,0.55111,0.05537914390956433,0,13.928337078999903
4,z,11,x,1,normal,0,100000,28781,598,1108,0,0.28781,0.020777596330912806,0,10.572384068997053
4,z,11,z,1,normal,0,100000,28781,598,1108,0,0.28781,0.020777596330912806,0,10.572384068997053
4,z,11,x,1,normal,0,100000,28781,598,1108,0,0.28781,0.020777596330912806,0,10.572384068997053
4,z,11,z,1,normal,0,100000,28781,598,1108,0,0.28781,0.020777596330912806,0,10.572384068997053
4,z,8,z,1,normal,0,100000,100000,606,1041,0,1.0,0.006059999999999954,0,15.24372621299699
4,z,8,z,1,normal,0,100000,100000,606,1041,0,1.0,0.006059999999999954,0,15.24372621299699
4,z,8,z,1,normal,0,100000,100000,606,1041,0,1.0,0.006059999999999954,0,15.24372621299699
4,z,8,x,1,normal,0,100000,100000,606,1041,0,1.0,0.006059999999999954,0,15.24372621299699
4,z,10,z,1,normal,0,100000,48240,1656,3075,0,0.4824,0.03432835820895519,0,14.670835222997994
4,z,10,x,1,normal,0,100000,48240,1656,3075,0,0.4824,0.03432835820895519,0,14.670835222997994
4,z,10,x,1,normal,0,100000,48240,1656,3075,0,0.4824,0.03432835820895519,0,14.670835222997994
4,z,10,z,1,normal,0,100000,48240,1656,3075,0,0.4824,0.03432835820895519,0,14.670835222997994
4,z,13,x,1,normal,0,100000,28501,204,396,0,0.28501,0.007157643591452878,0,9.657375023998611
4,z,13,x,1,normal,0,100000,28501,204,396,0,0.28501,0.007157643591452878,0,9.657375023998611
4,z,13,z,1,normal,0,100000,28501,204,396,0,0.28501,0.007157643591452878,0,9.657375023998611
4,z,13,z,1,normal,0,100000,28501,204,396,0,0.28501,0.007157643591452878,0,9.657375023998611
4,z,15,x,1,normal,0,100000,34986,0,0,0,0.34986,0.0,0,9.935429124998336
4,z,15,z,1,normal,0,100000,34986,0,0,0,0.34986,0.0,0,9.935429124998336
4,z,15,z,1,normal,0,100000,34986,0,0,0,0.34986,0.0,0,9.935429124998336
4,z,15,z,1,normal,0,100000,34986,0,0,0,0.34986,0.0,0,9.935429124998336
4,z,14,z,1,normal,0,100000,41419,4,9,0,0.41419,9.657403607044035e-05,0,11.923959348998324
4,z,14,x,1,normal,0,100000,41419,4,9,0,0.41419,9.657403607044035e-05,0,11.923959348998324
4,z,14,z,1,normal,0,100000,41419,4,9,0,0.41419,9.657403607044035e-05,0,11.923959348998324
4,z,14,z,1,normal,0,100000,41419,4,9,0,0.41419,9.657403607044035e-05,0,11.923959348998324
4,z,3,x,0.8,normal,0,100000,39854,8012,14257,0,0.39854,0.20103377327244443,0,11.124845196995011
4,z,3,z,0.8,normal,0,100000,39854,8012,14257,0,0.39854,0.20103377327244443,0,11.124845196995011
4,z,3,x,0.8,normal,0,100000,39854,8012,14257,0,0.39854,0.20103377327244443,0,11.124845196995011
4,z,3,x,0.8,normal,0,100000,39854,8012,14257,0,0.39854,0.20103377327244443,0,11.124845196995011
4,z,7,x,0.8,normal,0,100000,43076,820,1487,0,0.43076,0.019036122202618633,0,11.838816946998122
4,z,7,z,0.8,normal,0,100000,43076,820,1487,0,0.43076,0.019036122202618633,0,11.838816946998122
4,z,7,z,0.8,normal,0,100000,43076,820,1487,0,0.43076,0.019036122202618633,0,11.838816946998122
4,z,7,x,0.8,normal,0,100000,43076,820,1487,0,0.43076,0.019036122202618633,0,11.838816946998122
4,z,12,z,1,normal,0,100000,70014,34,65,0,0.70014,0.00048561716228179286,0,18.541465939000773
4,z,12,z,1,normal,0,100000,70014,34,65,0,0.70014,0.00048561716228179286,0,18.541465939000773
4,z,12,x,1,normal,0,100000,70014,34,65,0,0.70014,0.00048561716228179286,0,18.541465939000773
4,z,12,z,1,normal,0,100000,70014,34,65,0,0.70014,0.00048561716228179286,0,18.541465939000773
4,z,5,x,0.8,normal,0,100000,39892,8486,16179,0,0.39892,0.21272435576055349,0,12.850156366999727
4,z,5,x,0.8,normal,0,100000,39892,8486,16179,0,0.39892,0.21272435576055349,0,12.850156366999727
4,z,5,z,0.8,normal,0,100000,39892,8486,16179,0,0.39892,0.21272435576055349,0,12.850156366999727
4,z,5,x,0.8,normal,0,100000,39892,8486,16179,0,0.39892,0.21272435576055349,0,12.850156366999727
4,z,2,z,0.8,normal,0,100000,64462,11768,19297,0,0.64462,0.18255716546182243,0,14.263297233002959
4,z,2,x,0.8,normal,0,100000,64462,11768,19297,0,0.64462,0.18255716546182243,0,14.263297233002959
4,z,2,x,0.8,normal,0,100000,64462,11768,19297,0,0.64462,0.18255716546182243,0,14.263297233002959
4,z,2,x,0.8,normal,0,100000,64462,11768,19297,0,0.64462,0.18255716546182243,0,14.263297233002959
4,z,4,z,0.8,normal,0,100000,47202,2364,3994,0,0.47202,0.050082623617643374,0,14.5657651779984
4,z,4,z,0.8,normal,0,100000,47202,2364,3994,0,0.47202,0.050082623617643374,0,14.5657651779984
4,z,4,x,0.8,normal,0,100000,47202,2364,3994,0,0.47202,0.050082623617643374,0,14.5657651779984
4,z,4,x,0.8,normal,0,100000,47202,2364,3994,0,0.47202,0.050082623617643374,0,14.5657651779984
4,z,9,x,0.8,normal,0,100000,27759,5051,9254,0,0.27759,0.18195900428689793,0,9.566791536002711
4,z,9,x,0.8,normal,0,100000,27759,5051,9254,0,0.27759,0.18195900428689793,0,9.566791536002711
4,z,9,x,0.8,normal,0,100000,27759,5051,9254,0,0.27759,0.18195900428689793,0,9.566791536002711
4,z,9,z,0.8,normal,0,100000,27759,5051,9254,0,0.27759,0.18195900428689793,0,9.566791536002711
4,z,8,z,0.8,normal,0,100000,100000,258,467,0,1.0,0.0025800000000000267,0,13.179369303004933
4,z,8,z,0.8,normal,0,100000,100000,258,467,0,1.0,0.0025800000000000267,0,13.179369303004933
4,z,8,z,0.8,normal,0,100000,100000,258,467,0,1.0,0.0025800000000000267,0,13.179369303004933
4,z,8,x,0.8,normal,0,100000,100000,258,467,0,1.0,0.0025800000000000267,0,13.179369303004933
4,z,6,z,0.8,normal,0,100000,61733,2330,4207,0,0.61733,0.03774318435844681,0,16.447795176994987
4,z,6,x,0.8,normal,0,100000,61733,2330,4207,0,0.61733,0.03774318435844681,0,16.447795176994987
4,z,6,z,0.8,normal,0,100000,61733,2330,4207,0,0.61733,0.03774318435844681,0,16.447795176994987
4,z,6,x,0.8,normal,0,100000,61733,2330,4207,0,0.61733,0.03774318435844681,0,16.447795176994987
4,z,11,x,0.8,normal,0,100000,36296,484,901,0,0.36296,0.013334802733083517,0,11.353244929996436
4,z,11,z,0.8,normal,0,100000,36296,484,901,0,0.36296,0.013334802733083517,0,11.353244929996436
4,z,11,x,0.8,normal,0,100000,36296,484,901,0,0.36296,0.013334802733083517,0,11.353244929996436
4,z,11,z,0.8,normal,0,100000,36296,484,901,0,0.36296,0.013334802733083517,0,11.353244929996436
4,z,10,z,0.8,normal,0,100000,55551,1298,2453,0,0.55551,0.023365916005112397,0,14.043363237004087
4,z,10,x,0.8,normal,0,100000,55551,1298,2453,0,0.55551,0.023365916005112397,0,14.043363237004087
4,z,10,x,0.8,normal,0,100000,55551,1298,2453,0,0.55551,0.023365916005112397,0,14.043363237004087
4,z,10,z,0.8,normal,0,100000,55551,1298,2453,0,0.55551,0.023365916005112397,0,14.043363237004087
4,z,13,x,0.8,normal,0,100000,36558,146,286,0,0.36558,0.003993653919798668,0,10.00560828599555
4,z,13,x,0.8,normal,0,100000,36558,146,286,0,0.36558,0.003993653919798668,0,10.00560828599555
4,z,13,z,0.8,normal,0,100000,36558,146,286,0,0.36558,0.003993653919798668,0,10.00560828599555
4,z,13,z,0.8,normal,0,100000,36558,146,286,0,0.36558,0.003993653919798668,0,10.00560828599555
4,z,15,x,0.8,normal,0,100000,43153,2,3,0,0.43153,4.634671981085248e-05,0,10.374395975995867
4,z,15,z,0.8,normal,0,100000,43153,2,3,0,0.43153,4.634671981085248e-05,0,10.374395975995867
4,z,15,z,0.8,normal,0,100000,43153,2,3,0,0.43153,4.634671981085248e-05,0,10.374395975995867
4,z,15,z,0.8,normal,0,100000,43153,2,3,0,0.43153,4.634671981085248e-05,0,10.374395975995867
4,z,12,z,0.8,normal,0,100000,74743,16,29,0,0.74743,0.0002140668691382741,0,12.10948826999811
4,z,12,z,0.8,normal,0,100000,74743,16,29,0,0.74743,0.0002140668691382741,0,12.10948826999811
4,z,12,x,0.8,normal,0,100000,74743,16,29,0,0.74743,0.0002140668691382741,0,12.10948826999811
4,z,12,z,0.8,normal,0,100000,74743,16,29,0,0.74743,0.0002140668691382741,0,12.10948826999811
4,z,14,z,0.8,normal,0,100000,49191,0,1,0,0.49191,0.0,0,14.073710438999115
4,z,14,x,0.8,normal,0,100000,49191,0,1,0,0.49191,0.0,0,14.073710438999115
4,z,14,z,0.8,normal,0,100000,49191,0,1,0,0.49191,0.0,0,14.073710438999115
4,z,14,z,0.8,normal,0,100000,49191,0,1,0,0.49191,0.0,0,14.073710438999115
4,z,5,x,0.5,normal,0,100000,56325,8206,15802,0,0.56325,0.1456901908566356,0,11.377964924002299
4,z,5,x,0.5,normal,0,100000,56325,8206,15802,0,0.56325,0.1456901908566356,0,11.377964924002299
4,z,5,z,0.5,normal,0,100000,56325,8206,15802,0,0.56325,0.1456901908566356,0,11.377964924002299
4,z,5,x,0.5,normal,0,100000,56325,8206,15802,0,0.56325,0.1456901908566356,0,11.377964924002299
4,z,3,x,0.5,normal,0,100000,56042,7482,13822,0,0.56042,0.1335070125976946,0,13.973481428001833
4,z,3,z,0.5,normal,0,100000,56042,7482,13822,0,0.56042,0.1335070125976946,0,13.973481428001833
4,z,3,x,0.5,normal,0,100000,56042,7482,13822,0,0.56042,0.1335070125976946,0,13.973481428001833
4,z,3,x,0.5,normal,0,100000,56042,7482,13822,0,0.56042,0.1335070125976946,0,13.973481428001833
4,z,2,z,0.5,normal,0,100000,75680,9116,15910,0,0.7568,0.12045454545454548,0,14.74876852700254
4,z,2,x,0.5,normal,0,100000,75680,9116,15910,0,0.7568,0.12045454545454548,0,14.74876852700254
4,z,2,x,0.5,normal,0,100000,75680,9116,15910,0,0.7568,0.12045454545454548,0,14.74876852700254
4,z,2,x,0.5,normal,0,100000,75680,9116,15910,0,0.7568,0.12045454545454548,0,14.74876852700254
4,z,9,x,0.5,normal,0,100000,43580,4818,8967,0,0.4358,0.1105553005966039,0,11.223983707001025
4,z,9,x,0.5,normal,0,100000,43580,4818,8967,0,0.4358,0.1105553005966039,0,11.223983707001025
4,z,9,x,0.5,normal,0,100000,43580,4818,8967,0,0.4358,0.1105553005966039,0,11.223983707001025
4,z,9,z,0.5,normal,0,100000,43580,4818,8967,0,0.4358,0.1105553005966039,0,11.223983707001025
4,z,7,x,0.5,normal,0,100000,57095,484,904,0,0.57095,0.0084770995708906,0,14.008345359994564
4,z,7,z,0.5,normal,0,100000,57095,484,904,0,0.57095,0.0084770995708906,0,14.008345359994564
4,z,7,z,0.5,normal,0,100000,57095,484,904,0,0.57095,0.0084770995708906,0,14.008345359994564
4,z,7,x,0.5,normal,0,100000,57095,484,904,0,0.57095,0.0084770995708906,0,14.008345359994564
4,z,8,z,0.5,normal,0,100000,100000,44,83,0,1.0,0.00043999999999999595,0,12.20340094200219
4,z,8,z,0.5,normal,0,100000,100000,44,83,0,1.0,0.00043999999999999595,0,12.20340094200219
4,z,8,z,0.5,normal,0,100000,100000,44,83,0,1.0,0.00043999999999999595,0,12.20340094200219
4,z,8,x,0.5,normal,0,100000,100000,44,83,0,1.0,0.00043999999999999595,0,12.20340094200219
4,z,6,z,0.5,normal,0,100000,73857,1210,2241,0,0.73857,0.0163830104120124,0,15.388809210002364
4,z,6,x,0.5,normal,0,100000,73857,1210,2241,0,0.73857,0.0163830104120124,0,15.388809210002364
4,z,6,z,0.5,normal,0,100000,73857,1210,2241,0,0.73857,0.0163830104120124,0,15.388809210002364
4,z,6,x,0.5,normal,0,100000,73857,1210,2241,0,0.73857,0.0163830104120124,0,15.388809210002364
4,z,4,z,0.5,normal,0,100000,62215,1303,2340,0,0.62215,0.020943502370810885,0,18.353778577999037
4,z,4,z,0.5,normal,0,100000,62215,1303,2340,0,0.62215,0.020943502370810885,0,18.353778577999037
4,z,4,x,0.5,normal,0,100000,62215,1303,2340,0,0.62215,0.020943502370810885,0,18.353778577999037
4,z,4,x,0.5,normal,0,100000,62215,1303,2340,0,0.62215,0.020943502370810885,0,18.353778577999037
4,z,11,x,0.5,normal,0,100000,52232,305,578,0,0.52232,0.005839332210139325,0,11.669629609998083
4,z,11,z,0.5,normal,0,100000,52232,305,578,0,0.52232,0.005839332210139325,0,11.669629609998083
4,z,11,x,0.5,normal,0,100000,52232,305,578,0,0.52232,0.005839332210139325,0,11.669629609998083
4,z,11,z,0.5,normal,0,100000,52232,305,578,0,0.52232,0.005839332210139325,0,11.669629609998083
4,z,10,z,0.5,normal,0,100000,68901,604,1165,0,0.68901,0.008766200780830458,0,14.439085046004038
4,z,10,x,0.5,normal,0,100000,68901,604,1165,0,0.68901,0.008766200780830458,0,14.439085046004038
4,z,10,x,0.5,normal,0,100000,68901,604,1165,0,0.68901,0.008766200780830458,0,14.439085046004038
4,z,10,z,0.5,normal,0,100000,68901,604,1165,0,0.68901,0.008766200780830458,0,14.439085046004038
4,z,13,x,0.5,normal,0,100000,53212,93,180,0,0.53212,0.0017477260768248293,0,12.967247942004178
4,z,13,x,0.5,normal,0,100000,53212,93,180,0,0.53212,0.0017477260768248293,0,12.967247942004178
4,z,13,z,0.5,normal,0,100000,53212,93,180,0,0.53212,0.0017477260768248293,0,12.967247942004178
4,z,13,z,0.5,normal,0,100000,53212,93,180,0,0.53212,0.0017477260768248293,0,12.967247942004178
4,z,15,x,0.5,normal,0,100000,59078,0,0,0,0.59078,0.0,0,10.06085035999422
4,z,15,z,0.5,normal,0,100000,59078,0,0,0,0.59078,0.0,0,10.06085035999422
4,z,15,z,0.5,normal,0,100000,59078,0,0,0,0.59078,0.0,0,10.06085035999422
4,z,15,z,0.5,normal,0,100000,59078,0,0,0,0.59078,0.0,0,10.06085035999422
4,z,14,z,0.5,normal,0,100000,64593,0,0,0,0.64593,0.0,0,11.22708734999469
4,z,14,x,0.5,normal,0,100000,64593,0,0,0,0.64593,0.0,0,11.22708734999469
4,z,14,z,0.5,normal,0,100000,64593,0,0,0,0.64593,0.0,0,11.22708734999469
4,z,14,z,0.5,normal,0,100000,64593,0,0,0,0.64593,0.0,0,11.22708734999469
4,z,12,z,0.5,normal,0,100000,83636,4,7,0,0.83636,4.782629489696877e-05,0,15.468842128000688
4,z,12,z,0.5,normal,0,100000,83636,4,7,0,0.83636,4.782629489696877e-05,0,15.468842128000688
4,z,12,x,0.5,normal,0,100000,83636,4,7,0,0.83636,4.782629489696877e-05,0,15.468842128000688
4,z,12,z,0.5,normal,0,100000,83636,4,7,0,0.83636,4.782629489696877e-05,0,15.468842128000688
4,z,3,x,0.3,normal,0,100000,70864,5966,11275,0,0.70864,0.0841894332806502,0,12.502724596997723
4,z,3,z,0.3,normal,0,100000,70864,5966,11275,0,0.70864,0.0841894332806502,0,12.502724596997723
4,z,3,x,0.3,normal,0,100000,70864,5966,11275,0,0.70864,0.0841894332806502,0,12.502724596997723
4,z,3,x,0.3,normal,0,100000,70864,5966,11275,0,0.70864,0.0841894332806502,0,12.502724596997723
4,z,5,x,0.3,normal,0,100000,70787,6476,12580,0,0.70787,0.09148572477997374,0,13.992433916995651
4,z,5,x,0.3,normal,0,100000,70787,6476,12580,0,0.70787,0.09148572477997374,0,13.992433916995651
4,z,5,z,0.3,normal,0,100000,70787,6476,12580,0,0.70787,0.09148572477997374,0,13.992433916995651
4,z,5,x,0.3,normal,0,100000,70787,6476,12580,0,0.70787,0.09148572477997374,0,13.992433916995651
4,z,2,z,0.3,normal,0,100000,84645,6372,11752,0,0.84645,0.07527910685805428,0,14.968631775998801
4,z,2,x,0.3,normal,0,100000,84645,6372,11752,0,0.84645,0.07527910685805428,0,14.968631775998801
4,z,2,x,0.3,normal,0,100000,84645,6372,11752,0,0.84645,0.07527910685805428,0,14.968631775998801
4,z,2,x,0.3,normal,0,100000,84645,6372,11752,0,0.84645,0.07527910685805428,0,14.968631775998801
4,z,7,x,0.3,normal,0,100000,70897,256,493,0,0.70897,0.0036108721102444674,0,12.47406975299964
4,z,7,z,0.3,normal,0,100000,70897,256,493,0,0.70897,0.0036108721102444674,0,12.47406975299964
4,z,7,z,0.3,normal,0,100000,70897,256,493,0,0.70897,0.0036108721102444674,0,12.47406975299964
4,z,7,x,0.3,normal,0,100000,70897,256,493,0,0.70897,0.0036108721102444674,0,12.47406975299964
4,z,4,z,0.3,normal,0,100000,74809,621,1144,0,0.74809,0.008301140237137239,0,16.285742381005548
4,z,4,z,0.3,normal,0,100000,74809,621,1144,0,0.74809,0.008301140237137239,0,16.285742381005548
4,z,4,x,0.3,normal,0,100000,74809,621,1144,0,0.74809,0.008301140237137239,0,16.285742381005548
4,z,4,x,0.3,normal,0,100000,74809,621,1144,0,0.74809,0.008301140237137239,0,16.285742381005548
4,z,8,z,0.3,normal,0,100000,100000,4,6,0,1.0,4.0000000000040004e-05,0,11.782019023994508
4,z,8,z,0.3,normal,0,100000,100000,4,6,0,1.0,4.0000000000040004e-05,0,11.782019023994508
4,z,8,z,0.3,normal,0,100000,100000,4,6,0,1.0,4.0000000000040004e-05,0,11.782019023994508
4,z,8,x,0.3,normal,0,100000,100000,4,6,0,1.0,4.0000000000040004e-05,0,11.782019023994508
4,z,6,z,0.3,normal,0,100000,83082,544,1023,0,0.83082,0.006547748007992071,0,15.237924592001946
4,z,6,x,0.3,normal,0,100000,83082,544,1023,0,0.83082,0.006547748007992071,0,15.237924592001946
4,z,6,z,0.3,normal,0,100000,83082,544,1023,0,0.83082,0.006547748007992071,0,15.237924592001946
4,z,6,x,0.3,normal,0,100000,83082,544,1023,0,0.83082,0.006547748007992071,0,15.237924592001946
4,z,9,x,0.3,normal,0,100000,60460,3966,7511,0,0.6046,0.06559708898445249,0,12.036299970000982
4,z,9,x,0.3,normal,0,100000,60460,3966,7511,0,0.6046,0.06559708898445249,0,12.036299970000982
4,z,9,x,0.3,normal,0,100000,60460,3966,7511,0,0.6046,0.06559708898445249,0,12.036299970000982
4,z,9,z,0.3,normal,0,100000,60460,3966,7511,0,0.6046,0.06559708898445249,0,12.036299970000982
4,z,11,x,0.3,normal,0,100000,67647,148,293,0,0.67647,0.002187827989415636,0,13.269092114998784
4,z,11,z,0.3,normal,0,100000,67647,148,293,0,0.67647,0.002187827989415636,0,13.269092114998784
4,z,11,x,0.3,normal,0,100000,67647,148,293,0,0.67647,0.002187827989415636,0,13.269092114998784
4,z,11,z,0.3,normal,0,100000,67647,148,293,0,0.67647,0.002187827989415636,0,13.269092114998784
4,z,12,z,0.3,normal,0,100000,89588,1,2,0,0.89588,1.116220922448008e-05,0,10.883047395000176
4,z,12,z,0.3,normal,0,100000,89588,1,2,0,0.89588,1.116220922448008e-05,0,10.883047395000176
4,z,12,x,0.3,normal,0,100000,89588,1,2,0,0.89588,1.116220922448008e-05,0,10.883047395000176
4,z,12,z,0.3,normal,0,100000,89588,1,2,0,0.89588,1.116220922448008e-05,0,10.883047395000176
4,z,15,x,0.3,normal,0,100000,73111,0,1,0,0.73111,0.0,0,9.190689584997017
4,z,15,z,0.3,normal,0,100000,73111,0,1,0,0.73111,0.0,0,9.190689584997017
4,z,15,z,0.3,normal,0,100000,73111,0,1,0,0.73111,0.0,0,9.190689584997017
4,z,15,z,0.3,normal,0,100000,73111,0,1,0,0.73111,0.0,0,9.190689584997017
4,z,10,z,0.3,normal,0,100000,79777,294,569,0,0.79777,0.003685272697644737,0,17.11988616000599
4,z,10,x,0.3,normal,0,100000,79777,294,569,0,0.79777,0.003685272697644737,0,17.11988616000599
4,z,10,x,0.3,normal,0,100000,79777,294,569,0,0.79777,0.003685272697644737,0,17.11988616000599
4,z,10,z,0.3,normal,0,100000,79777,294,569,0,0.79777,0.003685272697644737,0,17.11988616000599
4,z,13,x,0.3,normal,0,100000,68348,34,68,0,0.68348,0.0004974542049511754,0,11.93625194500055
4,z,13,x,0.3,normal,0,100000,68348,34,68,0,0.68348,0.0004974542049511754,0,11.93625194500055
4,z,13,z,0.3,normal,0,100000,68348,34,68,0,0.68348,0.0004974542049511754,0,11.93625194500055
4,z,13,z,0.3,normal,0,100000,68348,34,68,0,0.68348,0.0004974542049511754,0,11.93625194500055
4,z,14,z,0.3,normal,0,100000,76848,0,1,0,0.76848,0.0,0,12.95395064100012
4,z,14,x,0.3,normal,0,100000,76848,0,1,0,0.76848,0.0,0,12.95395064100012
4,z,14,z,0.3,normal,0,100000,76848,0,1,0,0.76848,0.0,0,12.95395064100012
4,z,14,z,0.3,normal,0,100000,76848,0,1,0,0.76848,0.0,0,12.95395064100012
4,z,3,x,0.1,normal,0,100000,89126,2606,5088,0,0.89126,0.029239503624082785,0,13.552865099001792
4,z,3,z,0.1,normal,0,100000,89126,2606,5088,0,0.89126,0.029239503624082785,0,13.552865099001792
4,z,3,x,0.1,normal,0,100000,89126,2606,5088,0,0.89126,0.029239503624082785,0,13.552865099001792
4,z,3,x,0.1,normal,0,100000,89126,2606,5088,0,0.89126,0.029239503624082785,0,13.552865099001792
4,z,4,z,0.1,normal,0,100000,90856,84,166,0,0.90856,0.0009245399313199121,0,16.14361293100228
4,z,4,z,0.1,normal,0,100000,90856,84,166,0,0.90856,0.0009245399313199121,0,16.14361293100228
4,z,4,x,0.1,normal,0,100000,90856,84,166,0,0.90856,0.0009245399313199121,0,16.14361293100228
4,z,4,x,0.1,normal,0,100000,90856,84,166,0,0.90856,0.0009245399313199121,0,16.14361293100228
4,z,2,z,0.1,normal,0,100000,94649,2573,5014,0,0.94649,0.027184650656636666,0,15.960602467996068
4,z,2,x,0.1,normal,0,100000,94649,2573,5014,0,0.94649,0.027184650656636666,0,15.960602467996068
4,z,2,x,0.1,normal,0,100000,94649,2573,5014,0,0.94649,0.027184650656636666,0,15.960602467996068
4,z,2,x,0.1,normal,0,100000,94649,2573,5014,0,0.94649,0.027184650656636666,0,15.960602467996068
4,z,5,x,0.1,normal,0,100000,88961,2890,5706,0,0.88961,0.032486145614370354,0,16.015103756006283
4,z,5,x,0.1,normal,0,100000,88961,2890,5706,0,0.88961,0.032486145614370354,0,16.015103756006283
4,z,5,z,0.1,normal,0,100000,88961,2890,5706,0,0.88961,0.032486145614370354,0,16.015103756006283
4,z,5,x,0.1,normal,0,100000,88961,2890,5706,0,0.88961,0.032486145614370354,0,16.015103756006283
4,z,8,z,0.1,normal,0,100000,100000,0,0,0,1.0,0.0,0,12.187182166999264
4,z,8,z,0.1,normal,0,100000,100000,0,0,0,1.0,0.0,0,12.187182166999264
4,z,8,z,0.1,normal,0,100000,100000,0,0,0,1.0,0.0,0,12.187182166999264
4,z,8,x,0.1,normal,0,100000,100000,0,0,0,1.0,0.0,0,12.187182166999264
4,z,9,x,0.1,normal,0,100000,84316,1800,3480,0,0.84316,0.021348261302718385,0,13.476623574999394
4,z,9,x,0.1,normal,0,100000,84316,1800,3480,0,0.84316,0.021348261302718385,0,13.476623574999394
4,z,9,x,0.1,normal,0,100000,84316,1800,3480,0,0.84316,0.021348261302718385,0,13.476623574999394
4,z,9,z,0.1,normal,0,100000,84316,1800,3480,0,0.84316,0.021348261302718385,0,13.476623574999394
4,z,7,x,0.1,normal,0,100000,88791,60,121,0,0.88791,0.0006757441632597727,0,15.744300279002346
4,z,7,z,0.1,normal,0,100000,88791,60,121,0,0.88791,0.0006757441632597727,0,15.744300279002346
4,z,7,z,0.1,normal,0,100000,88791,60,121,0,0.88791,0.0006757441632597727,0,15.744300279002346
4,z,7,x,0.1,normal,0,100000,88791,60,121,0,0.88791,0.0006757441632597727,0,15.744300279002346
4,z,6,z,0.1,normal,0,100000,93894,98,190,0,0.93894,0.0010437301638017704,0,15.291743488996872
4,z,6,x,0.1,normal,0,100000,93894,98,190,0,0.93894,0.0010437301638017704,0,15.291743488996872
4,z,6,z,0.1,normal,0,100000,93894,98,190,0,0.93894,0.0010437301638017704,0,15.291743488996872
4,z,6,x,0.1,normal,0,100000,93894,98,190,0,0.93894,0.0010437301638017704,0,15.291743488996872
4,z,10,z,0.1,normal,0,100000,92582,57,106,0,0.92582,0.0006156704326975015,0,15.122718678998353
4,z,10,x,0.1,normal,0,100000,92582,57,106,0,0.92582,0.0006156704326975015,0,15.122718678998353
4,z,10,x,0.1,normal,0,100000,92582,57,106,0,0.92582,0.0006156704326975015,0,15.122718678998353
4,z,10,z,0.1,normal,0,100000,92582,57,106,0,0.92582,0.0006156704326975015,0,15.122718678998353
4,z,11,x,0.1,normal,0,100000,87645,37,74,0,0.87645,0.0004221575674596689,0,14.440623902999505
4,z,11,z,0.1,normal,0,100000,87645,37,74,0,0.87645,0.0004221575674596689,0,14.440623902999505
4,z,11,x,0.1,normal,0,100000,87645,37,74,0,0.87645,0.0004221575674596689,0,14.440623902999505
4,z,11,z,0.1,normal,0,100000,87645,37,74,0,0.87645,0.0004221575674596689,0,14.440623902999505
4,z,12,z,0.1,normal,0,100000,96351,1,2,0,0.96351,1.0378719473624898e-05,0,8.675865584998974
4,z,12,z,0.1,normal,0,100000,96351,1,2,0,0.96351,1.0378719473624898e-05,0,8.675865584998974
4,z,12,x,0.1,normal,0,100000,96351,1,2,0,0.96351,1.0378719473624898e-05,0,8.675865584998974
4,z,12,z,0.1,normal,0,100000,96351,1,2,0,0.96351,1.0378719473624898e-05,0,8.675865584998974
4,z,15,x,0.1,normal,0,100000,90130,0,0,0,0.9013,0.0,0,7.9497863319993485
4,z,15,z,0.1,normal,0,100000,90130,0,0,0,0.9013,0.0,0,7.9497863319993485
4,z,15,z,0.1,normal,0,100000,90130,0,0,0,0.9013,0.0,0,7.9497863319993485
4,z,15,z,0.1,normal,0,100000,90130,0,0,0,0.9013,0.0,0,7.9497863319993485
4,z,8,z,1,m1,0,100000,100000,80,145,0,1.0,0.0008000000000000229,0,1.2786194319996866
4,z,8,z,1,m1,0,100000,100000,80,145,0,1.0,0.0008000000000000229,0,1.2786194319996866
4,z,8,z,1,m1,0,100000,100000,80,145,0,1.0,0.0008000000000000229,0,1.2786194319996866
4,z,8,x,1,m1,0,100000,100000,80,145,0,1.0,0.0008000000000000229,0,1.2786194319996866
4,z,14,z,0.1,normal,0,100000,91498,0,0,0,0.91498,0.0,0,9.910527742998966
4,z,14,x,0.1,normal,0,100000,91498,0,0,0,0.91498,0.0,0,9.910527742998966
4,z,14,z,0.1,normal,0,100000,91498,0,0,0,0.91498,0.0,0,9.910527742998966
4,z,14,z,0.1,normal,0,100000,91498,0,0,0,0.91498,0.0,0,9.910527742998966
4,z,13,x,0.1,normal,0,100000,88034,4,9,0,0.88034,4.5436990253722165e-05,0,14.045401404000586
4,z,13,x,0.1,normal,0,100000,88034,4,9,0,0.88034,4.5436990253722165e-05,0,14.045401404000586
4,z,13,z,0.1,normal,0,100000,88034,4,9,0,0.88034,4.5436990253722165e-05,0,14.045401404000586
4,z,13,z,0.1,normal,0,100000,88034,4,9,0,0.88034,4.5436990253722165e-05,0,14.045401404000586
4,z,3,x,1,m1,0,100000,34152,8082,14457,0,0.34152,0.2366479269149684,0,11.394415501999902
4,z,3,z,1,m1,0,100000,34152,8082,14457,0,0.34152,0.2366479269149684,0,11.394415501999902
4,z,3,x,1,m1,0,100000,34152,8082,14457,0,0.34152,0.2366479269149684,0,11.394415501999902
4,z,3,x,1,m1,0,100000,34152,8082,14457,0,0.34152,0.2366479269149684,0,11.394415501999902
4,z,5,x,1,m1,0,100000,28841,6166,11545,0,0.28841,0.2137928643250927,0,11.442229971005872
4,z,5,x,1,m1,0,100000,28841,6166,11545,0,0.28841,0.2137928643250927,0,11.442229971005872
4,z,5,z,1,m1,0,100000,28841,6166,11545,0,0.28841,0.2137928643250927,0,11.442229971005872
4,z,5,x,1,m1,0,100000,28841,6166,11545,0,0.28841,0.2137928643250927,0,11.442229971005872
4,z,2,z,1,m1,0,100000,51124,9714,15829,0,0.51124,0.19000860652531104,0,13.56532303700078
4,z,2,x,1,m1,0,100000,51124,9714,15829,0,0.51124,0.19000860652531104,0,13.56532303700078
4,z,2,x,1,m1,0,100000,51124,9714,15829,0,0.51124,0.19000860652531104,0,13.56532303700078
4,z,2,x,1,m1,0,100000,51124,9714,15829,0,0.51124,0.19000860652531104,0,13.56532303700078
4,z,4,z,1,m1,0,100000,71202,2469,4188,0,0.71202,0.034675992247408804,0,13.178580708001391
4,z,4,z,1,m1,0,100000,71202,2469,4188,0,0.71202,0.034675992247408804,0,13.178580708001391
4,z,4,x,1,m1,0,100000,71202,2469,4188,0,0.71202,0.034675992247408804,0,13.178580708001391
4,z,4,x,1,m1,0,100000,71202,2469,4188,0,0.71202,0.034675992247408804,0,13.178580708001391
4,z,9,x,1,m1,0,100000,42996,9870,18496,0,0.42996,0.2295562377895618,0,10.733018188002461
4,z,9,x,1,m1,0,100000,42996,9870,18496,0,0.42996,0.2295562377895618,0,10.733018188002461
4,z,9,x,1,m1,0,100000,42996,9870,18496,0,0.42996,0.2295562377895618,0,10.733018188002461
4,z,9,z,1,m1,0,100000,42996,9870,18496,0,0.42996,0.2295562377895618,0,10.733018188002461
4,z,7,x,1,m1,0,100000,29925,786,1369,0,0.29925,0.026265664160400992,0,11.856239814995206
4,z,7,z,1,m1,0,100000,29925,786,1369,0,0.29925,0.026265664160400992,0,11.856239814995206
4,z,7,z,1,m1,0,100000,29925,786,1369,0,0.29925,0.026265664160400992,0,11.856239814995206
4,z,7,x,1,m1,0,100000,29925,786,1369,0,0.29925,0.026265664160400992,0,11.856239814995206
4,z,12,z,1,m1,0,100000,73648,12,21,0,0.73648,0.00016293721485982626,0,3.7894125250022626
4,z,12,z,1,m1,0,100000,73648,12,21,0,0.73648,0.00016293721485982626,0,3.7894125250022626
4,z,12,x,1,m1,0,100000,73648,12,21,0,0.73648,0.00016293721485982626,0,3.7894125250022626
4,z,12,z,1,m1,0,100000,73648,12,21,0,0.73648,0.00016293721485982626,0,3.7894125250022626
4,z,11,x,1,m1,0,100000,33759,521,952,0,0.33759,0.015432921591279403,0,10.146056894998765
4,z,11,z,1,m1,0,100000,33759,521,952,0,0.33759,0.015432921591279403,0,10.146056894998765
4,z,11,x,1,m1,0,100000,33759,521,952,0,0.33759,0.015432921591279403,0,10.146056894998765
4,z,11,z,1,m1,0,100000,33759,521,952,0,0.33759,0.015432921591279403,0,10.146056894998765
4,z,6,z,1,m1,0,100000,57106,2182,3871,0,0.57106,0.038209645221167654,0,14.331254492994049
4,z,6,x,1,m1,0,100000,57106,2182,3871,0,0.57106,0.038209645221167654,0,14.331254492994049
4,z,6,z,1,m1,0,100000,57106,2182,3871,0,0.57106,0.038209645221167654,0,14.331254492994049
4,z,6,x,1,m1,0,100000,57106,2182,3871,0,0.57106,0.038209645221167654,0,14.331254492994049
4,z,14,z,1,m1,0,100000,58446,2,4,0,0.58446,3.4219621530939826e-05,0,4.202500428000349
4,z,14,x,1,m1,0,100000,58446,2,4,0,0.58446,3.4219621530939826e-05,0,4.202500428000349
4,z,14,z,1,m1,0,100000,58446,2,4,0,0.58446,3.4219621530939826e-05,0,4.202500428000349
4,z,14,z,1,m1,0,100000,58446,2,4,0,0.58446,3.4219621530939826e-05,0,4.202500428000349
4,z,15,x,1,m1,0,100000,34241,0,0,0,0.34241,0.0,0,4.652473585003463
4,z,15,z,1,m1,0,100000,34241,0,0,0,0.34241,0.0,0,4.652473585003463
4,z,15,z,1,m1,0,100000,34241,0,0,0,0.34241,0.0,0,4.652473585003463
4,z,15,z,1,m1,0,100000,34241,0,0,0,0.34241,0.0,0,4.652473585003463
4,z,10,z,1,m1,0,100000,58834,3151,5688,0,0.58834,0.053557466770914774,0,13.419804794000811
4,z,10,x,1,m1,0,100000,58834,3151,5688,0,0.58834,0.053557466770914774,0,13.419804794000811
4,z,10,x,1,m1,0,100000,58834,3151,5688,0,0.58834,0.053557466770914774,0,13.419804794000811
4,z,10,z,1,m1,0,100000,58834,3151,5688,0,0.58834,0.053557466770914774,0,13.419804794000811
4,z,8,z,0.8,m1,0,100000,100000,42,78,0,1.0,0.00041999999999997595,0,1.0074479559989413
4,z,8,z,0.8,m1,0,100000,100000,42,78,0,1.0,0.00041999999999997595,0,1.0074479559989413
4,z,8,z,0.8,m1,0,100000,100000,42,78,0,1.0,0.00041999999999997595,0,1.0074479559989413
4,z,8,x,0.8,m1,0,100000,100000,42,78,0,1.0,0.00041999999999997595,0,1.0074479559989413
4,z,13,x,1,m1,0,100000,34859,449,860,0,0.34859,0.012880461286898681,0,10.368893902006675
4,z,13,x,1,m1,0,100000,34859,449,860,0,0.34859,0.012880461286898681,0,10.368893902006675
4,z,13,z,1,m1,0,100000,34859,449,860,0,0.34859,0.012880461286898681,0,10.368893902006675
4,z,13,z,1,m1,0,100000,34859,449,860,0,0.34859,0.012880461286898681,0,10.368893902006675
4,z,5,x,0.8,m1,0,100000,36761,6567,12384,0,0.36761,0.17864040695302086,0,10.473656889997073
4,z,5,x,0.8,m1,0,100000,36761,6567,12384,0,0.36761,0.17864040695302086,0,10.473656889997073
4,z,5,z,0.8,m1,0,100000,36761,6567,12384,0,0.36761,0.17864040695302086,0,10.473656889997073
4,z,5,x,0.8,m1,0,100000,36761,6567,12384,0,0.36761,0.17864040695302086,0,10.473656889997073
4,z,12,z,0.8,m1,0,100000,78179,5,10,0,0.78179,6.395579375539917e-05,0,2.7238078250011313
4,z,12,z,0.8,m1,0,100000,78179,5,10,0,0.78179,6.395579375539917e-05,0,2.7238078250011313
4,z,12,x,0.8,m1,0,100000,78179,5,10,0,0.78179,6.395579375539917e-05,0,2.7238078250011313
4,z,12,z,0.8,m1,0,100000,78179,5,10,0,0.78179,6.395579375539917e-05,0,2.7238078250011313
4,z,3,x,0.8,m1,0,100000,42510,8450,15369,0,0.4251,0.19877675840978593,0,11.894582990003983
4,z,3,z,0.8,m1,0,100000,42510,8450,15369,0,0.4251,0.19877675840978593,0,11.894582990003983
4,z,3,x,0.8,m1,0,100000,42510,8450,15369,0,0.4251,0.19877675840978593,0,11.894582990003983
4,z,3,x,0.8,m1,0,100000,42510,8450,15369,0,0.4251,0.19877675840978593,0,11.894582990003983
4,z,7,x,0.8,m1,0,100000,37474,731,1310,0,0.37474,0.01950685808827457,0,10.002260617999127
4,z,7,z,0.8,m1,0,100000,37474,731,1310,0,0.37474,0.01950685808827457,0,10.002260617999127
4,z,7,z,0.8,m1,0,100000,37474,731,1310,0,0.37474,0.01950685808827457,0,10.002260617999127
4,z,7,x,0.8,m1,0,100000,37474,731,1310,0,0.37474,0.01950685808827457,0,10.002260617999127
4,z,2,z,0.8,m1,0,100000,58441,9141,15558,0,0.58441,0.1564141612908746,0,13.398960876998899
4,z,2,x,0.8,m1,0,100000,58441,9141,15558,0,0.58441,0.1564141612908746,0,13.398960876998899
4,z,2,x,0.8,m1,0,100000,58441,9141,15558,0,0.58441,0.1564141612908746,0,13.398960876998899
4,z,2,x,0.8,m1,0,100000,58441,9141,15558,0,0.58441,0.1564141612908746,0,13.398960876998899
4,z,9,x,0.8,m1,0,100000,49996,9462,17847,0,0.49996,0.18925514041123292,0,11.111373782994633
4,z,9,x,0.8,m1,0,100000,49996,9462,17847,0,0.49996,0.18925514041123292,0,11.111373782994633
4,z,9,x,0.8,m1,0,100000,49996,9462,17847,0,0.49996,0.18925514041123292,0,11.111373782994633
4,z,9,z,0.8,m1,0,100000,49996,9462,17847,0,0.49996,0.18925514041123292,0,11.111373782994633
4,z,4,z,0.8,m1,0,100000,76085,1738,3117,0,0.76085,0.022842873102451255,0,12.901964937002049
4,z,4,z,0.8,m1,0,100000,76085,1738,3117,0,0.76085,0.022842873102451255,0,12.901964937002049
4,z,4,x,0.8,m1,0,100000,76085,1738,3117,0,0.76085,0.022842873102451255,0,12.901964937002049
4,z,4,x,0.8,m1,0,100000,76085,1738,3117,0,0.76085,0.022842873102451255,0,12.901964937002049
4,z,10,z,0.8,m1,0,100000,65321,2318,4225,0,0.65321,0.03548629077938181,0,12.360428014995705
4,z,10,x,0.8,m1,0,100000,65321,2318,4225,0,0.65321,0.03548629077938181,0,12.360428014995705
4,z,10,x,0.8,m1,0,100000,65321,2318,4225,0,0.65321,0.03548629077938181,0,12.360428014995705
4,z,10,z,0.8,m1,0,100000,65321,2318,4225,0,0.65321,0.03548629077938181,0,12.360428014995705
4,z,11,x,0.8,m1,0,100000,41929,444,837,0,0.41929,0.010589329580958262,0,12.46740405899618
4,z,11,z,0.8,m1,0,100000,41929,444,837,0,0.41929,0.010589329580958262,0,12.46740405899618
4,z,11,x,0.8,m1,0,100000,41929,444,837,0,0.41929,0.010589329580958262,0,12.46740405899618
4,z,11,z,0.8,m1,0,100000,41929,444,837,0,0.41929,0.010589329580958262,0,12.46740405899618
4,z,15,x,0.8,m1,0,100000,42618,0,0,0,0.42618,0.0,0,4.5431949390040245
4,z,15,z,0.8,m1,0,100000,42618,0,0,0,0.42618,0.0,0,4.5431949390040245
4,z,15,z,0.8,m1,0,100000,42618,0,0,0,0.42618,0.0,0,4.5431949390040245
4,z,15,z,0.8,m1,0,100000,42618,0,0,0,0.42618,0.0,0,4.5431949390040245
4,z,14,z,0.8,m1,0,100000,64952,1,2,0,0.64952,1.5395984727217815e-05,0,3.5035834810041706
4,z,14,x,0.8,m1,0,100000,64952,1,2,0,0.64952,1.5395984727217815e-05,0,3.5035834810041706
4,z,14,z,0.8,m1,0,100000,64952,1,2,0,0.64952,1.5395984727217815e-05,0,3.5035834810041706
4,z,14,z,0.8,m1,0,100000,64952,1,2,0,0.64952,1.5395984727217815e-05,0,3.5035834810041706
4,z,8,z,0.5,m1,0,100000,100000,4,7,0,1.0,4.0000000000040004e-05,0,0.7176437899979646
4,z,8,z,0.5,m1,0,100000,100000,4,7,0,1.0,4.0000000000040004e-05,0,0.7176437899979646
4,z,8,z,0.5,m1,0,100000,100000,4,7,0,1.0,4.0000000000040004e-05,0,0.7176437899979646
4,z,8,x,0.5,m1,0,100000,100000,4,7,0,1.0,4.0000000000040004e-05,0,0.7176437899979646
4,z,6,z,0.8,m1,0,100000,63288,1558,2765,0,0.63288,0.024617621034003334,0,17.496599140999024
4,z,6,x,0.8,m1,0,100000,63288,1558,2765,0,0.63288,0.024617621034003334,0,17.496599140999024
4,z,6,z,0.8,m1,0,100000,63288,1558,2765,0,0.63288,0.024617621034003334,0,17.496599140999024
4,z,6,x,0.8,m1,0,100000,63288,1558,2765,0,0.63288,0.024617621034003334,0,17.496599140999024
4,z,13,x,0.8,m1,0,100000,42828,361,696,0,0.42828,0.008429065097599664,0,10.446655995001493
4,z,13,x,0.8,m1,0,100000,42828,361,696,0,0.42828,0.008429065097599664,0,10.446655995001493
4,z,13,z,0.8,m1,0,100000,42828,361,696,0,0.42828,0.008429065097599664,0,10.446655995001493
4,z,13,z,0.8,m1,0,100000,42828,361,696,0,0.42828,0.008429065097599664,0,10.446655995001493
4,z,3,x,0.5,m1,0,100000,58727,7882,14757,0,0.58727,0.1342142455769918,0,11.585764137002116
4,z,3,z,0.5,m1,0,100000,58727,7882,14757,0,0.58727,0.1342142455769918,0,11.585764137002116
4,z,3,x,0.5,m1,0,100000,58727,7882,14757,0,0.58727,0.1342142455769918,0,11.585764137002116
4,z,3,x,0.5,m1,0,100000,58727,7882,14757,0,0.58727,0.1342142455769918,0,11.585764137002116
4,z,5,x,0.5,m1,0,100000,53177,6238,11817,0,0.53177,0.11730635425089797,0,11.264669560994662
4,z,5,x,0.5,m1,0,100000,53177,6238,11817,0,0.53177,0.11730635425089797,0,11.264669560994662
4,z,5,z,0.5,m1,0,100000,53177,6238,11817,0,0.53177,0.11730635425089797,0,11.264669560994662
4,z,5,x,0.5,m1,0,100000,53177,6238,11817,0,0.53177,0.11730635425089797,0,11.264669560994662
4,z,4,z,0.5,m1,0,100000,84331,804,1466,0,0.84331,0.009533860620649537,0,11.047735827996803
4,z,4,z,0.5,m1,0,100000,84331,804,1466,0,0.84331,0.009533860620649537,0,11.047735827996803
4,z,4,x,0.5,m1,0,100000,84331,804,1466,0,0.84331,0.009533860620649537,0,11.047735827996803
4,z,4,x,0.5,m1,0,100000,84331,804,1466,0,0.84331,0.009533860620649537,0,11.047735827996803
4,z,12,z,0.5,m1,0,100000,85696,2,3,0,0.85696,2.3338312173271092e-05,0,1.696757797995815
4,z,12,z,0.5,m1,0,100000,85696,2,3,0,0.85696,2.3338312173271092e-05,0,1.696757797995815
4,z,12,x,0.5,m1,0,100000,85696,2,3,0,0.85696,2.3338312173271092e-05,0,1.696757797995815
4,z,12,z,0.5,m1,0,100000,85696,2,3,0,0.85696,2.3338312173271092e-05,0,1.696757797995815
4,z,2,z,0.5,m1,0,100000,71555,7468,13392,0,0.71555,0.10436726993222001,0,14.51114956499805
4,z,2,x,0.5,m1,0,100000,71555,7468,13392,0,0.71555,0.10436726993222001,0,14.51114956499805
4,z,2,x,0.5,m1,0,100000,71555,7468,13392,0,0.71555,0.10436726993222001,0,14.51114956499805
4,z,2,x,0.5,m1,0,100000,71555,7468,13392,0,0.71555,0.10436726993222001,0,14.51114956499805
4,z,9,x,0.5,m1,0,100000,63805,7814,14749,0,0.63805,0.12246689130945854,0,13.303141746997426
4,z,9,x,0.5,m1,0,100000,63805,7814,14749,0,0.63805,0.12246689130945854,0,13.303141746997426
4,z,9,x,0.5,m1,0,100000,63805,7814,14749,0,0.63805,0.12246689130945854,0,13.303141746997426
4,z,9,z,0.5,m1,0,100000,63805,7814,14749,0,0.63805,0.12246689130945854,0,13.303141746997426
4,z,15,x,0.5,m1,0,100000,58771,0,0,0,0.58771,0.0,0,2.9534384090002277
4,z,15,z,0.5,m1,0,100000,58771,0,0,0,0.58771,0.0,0,2.9534384090002277
4,z,15,z,0.5,m1,0,100000,58771,0,0,0,0.58771,0.0,0,2.9534384090002277
4,z,15,z,0.5,m1,0,100000,58771,0,0,0,0.58771,0.0,0,2.9534384090002277
4,z,7,x,0.5,m1,0,100000,53713,471,880,0,0.53713,0.008768826913410188,0,14.113401327005704
4,z,7,z,0.5,m1,0,100000,53713,471,880,0,0.53713,0.008768826913410188,0,14.113401327005704
4,z,7,z,0.5,m1,0,100000,53713,471,880,0,0.53713,0.008768826913410188,0,14.113401327005704
4,z,7,x,0.5,m1,0,100000,53713,471,880,0,0.53713,0.008768826913410188,0,14.113401327005704
4,z,10,z,0.5,m1,0,100000,76065,1222,2252,0,0.76065,0.016065207388417768,0,11.812018135999097
4,z,10,x,0.5,m1,0,100000,76065,1222,2252,0,0.76065,0.016065207388417768,0,11.812018135999097
4,z,10,x,0.5,m1,0,100000,76065,1222,2252,0,0.76065,0.016065207388417768,0,11.812018135999097
4,z,10,z,0.5,m1,0,100000,76065,1222,2252,0,0.76065,0.016065207388417768,0,11.812018135999097
4,z,14,z,0.5,m1,0,100000,76468,0,0,0,0.76468,0.0,0,2.1132876249976107
4,z,14,x,0.5,m1,0,100000,76468,0,0,0,0.76468,0.0,0,2.1132876249976107
4,z,14,z,0.5,m1,0,100000,76468,0,0,0,0.76468,0.0,0,2.1132876249976107
4,z,14,z,0.5,m1,0,100000,76468,0,0,0,0.76468,0.0,0,2.1132876249976107
4,z,6,z,0.5,m1,0,100000,74896,836,1535,0,0.74896,0.011162144840845989,0,14.09975744500116
4,z,6,x,0.5,m1,0,100000,74896,836,1535,0,0.74896,0.011162144840845989,0,14.09975744500116
4,z,6,z,0.5,m1,0,100000,74896,836,1535,0,0.74896,0.011162144840845989,0,14.09975744500116
4,z,6,x,0.5,m1,0,100000,74896,836,1535,0,0.74896,0.011162144840845989,0,14.09975744500116
4,z,8,z,0.3,m1,0,100000,100000,1,2,0,1.0,9.99999999995449e-06,0,0.5065936429964495
4,z,8,z,0.3,m1,0,100000,100000,1,2,0,1.0,9.99999999995449e-06,0,0.5065936429964495
4,z,8,z,0.3,m1,0,100000,100000,1,2,0,1.0,9.99999999995449e-06,0,0.5065936429964495
4,z,8,x,0.3,m1,0,100000,100000,1,2,0,1.0,9.99999999995449e-06,0,0.5065936429964495
4,z,11,x,0.5,m1,0,100000,57491,270,499,0,0.57491,0.0046963872606147206,0,13.321967725001741
4,z,11,z,0.5,m1,0,100000,57491,270,499,0,0.57491,0.0046963872606147206,0,13.321967725001741
4,z,11,x,0.5,m1,0,100000,57491,270,499,0,0.57491,0.0046963872606147206,0,13.321967725001741
4,z,11,z,0.5,m1,0,100000,57491,270,499,0,0.57491,0.0046963872606147206,0,13.321967725001741
4,z,13,x,0.5,m1,0,100000,58665,200,388,0,0.58665,0.0034091877610159527,0,10.224803639997845
4,z,13,x,0.5,m1,0,100000,58665,200,388,0,0.58665,0.0034091877610159527,0,10.224803639997845
4,z,13,z,0.5,m1,0,100000,58665,200,388,0,0.58665,0.0034091877610159527,0,10.224803639997845
4,z,13,z,0.5,m1,0,100000,58665,200,388,0,0.58665,0.0034091877610159527,0,10.224803639997845
4,z,12,z,0.3,m1,0,100000,90964,0,0,0,0.90964,0.0,0,1.7991732060036156
4,z,12,z,0.3,m1,0,100000,90964,0,0,0,0.90964,0.0,0,1.7991732060036156
4,z,12,x,0.3,m1,0,100000,90964,0,0,0,0.90964,0.0,0,1.7991732060036156
4,z,12,z,0.3,m1,0,100000,90964,0,0,0,0.90964,0.0,0,1.7991732060036156
4,z,4,z,0.3,m1,0,100000,90124,336,642,0,0.90124,0.0037281967067596122,0,9.98893420099921
4,z,4,z,0.3,m1,0,100000,90124,336,642,0,0.90124,0.0037281967067596122,0,9.98893420099921
4,z,4,x,0.3,m1,0,100000,90124,336,642,0,0.90124,0.0037281967067596122,0,9.98893420099921
4,z,4,x,0.3,m1,0,100000,90124,336,642,0,0.90124,0.0037281967067596122,0,9.98893420099921
4,z,3,x,0.3,m1,0,100000,72711,6137,11754,0,0.72711,0.08440263508960133,0,14.695491700003913
4,z,3,z,0.3,m1,0,100000,72711,6137,11754,0,0.72711,0.08440263508960133,0,14.695491700003913
4,z,3,x,0.3,m1,0,100000,72711,6137,11754,0,0.72711,0.08440263508960133,0,14.695491700003913
4,z,3,x,0.3,m1,0,100000,72711,6137,11754,0,0.72711,0.08440263508960133,0,14.695491700003913
4,z,2,z,0.3,m1,0,100000,81838,5230,9739,0,0.81838,0.0639067425890173,0,14.57539859499957
4,z,2,x,0.3,m1,0,100000,81838,5230,9739,0,0.81838,0.0639067425890173,0,14.57539859499957
4,z,2,x,0.3,m1,0,100000,81838,5230,9739,0,0.81838,0.0639067425890173,0,14.57539859499957
4,z,2,x,0.3,m1,0,100000,81838,5230,9739,0,0.81838,0.0639067425890173,0,14.57539859499957
4,z,7,x,0.3,m1,0,100000,68488,251,462,0,0.68488,0.0036648755986450343,0,13.013176533997466
4,z,7,z,0.3,m1,0,100000,68488,251,462,0,0.68488,0.0036648755986450343,0,13.013176533997466
4,z,7,z,0.3,m1,0,100000,68488,251,462,0,0.68488,0.0036648755986450343,0,13.013176533997466
4,z,7,x,0.3,m1,0,100000,68488,251,462,0,0.68488,0.0036648755986450343,0,13.013176533997466
4,z,9,x,0.3,m1,0,100000,76042,5748,10889,0,0.76042,0.07558980563372875,0,12.463677053994616
4,z,9,x,0.3,m1,0,100000,76042,5748,10889,0,0.76042,0.07558980563372875,0,12.463677053994616
4,z,9,x,0.3,m1,0,100000,76042,5748,10889,0,0.76042,0.07558980563372875,0,12.463677053994616
4,z,9,z,0.3,m1,0,100000,76042,5748,10889,0,0.76042,0.07558980563372875,0,12.463677053994616
4,z,11,x,0.3,m1,0,100000,71819,130,256,0,0.71819,0.001810105960818209,0,12.044451323003159
4,z,11,z,0.3,m1,0,100000,71819,130,256,0,0.71819,0.001810105960818209,0,12.044451323003159
4,z,11,x,0.3,m1,0,100000,71819,130,256,0,0.71819,0.001810105960818209,0,12.044451323003159
4,z,11,z,0.3,m1,0,100000,71819,130,256,0,0.71819,0.001810105960818209,0,12.044451323003159
4,z,10,z,0.3,m1,0,100000,85042,556,1051,0,0.85042,0.006537945956115787,0,12.147589604996028
4,z,10,x,0.3,m1,0,100000,85042,556,1051,0,0.85042,0.006537945956115787,0,12.147589604996028
4,z,10,x,0.3,m1,0,100000,85042,556,1051,0,0.85042,0.006537945956115787,0,12.147589604996028
4,z,10,z,0.3,m1,0,100000,85042,556,1051,0,0.85042,0.006537945956115787,0,12.147589604996028
4,z,15,x,0.3,m1,0,100000,72681,0,0,0,0.72681,0.0,0,1.8432079320045887
4,z,15,z,0.3,m1,0,100000,72681,0,0,0,0.72681,0.0,0,1.8432079320045887
4,z,15,z,0.3,m1,0,100000,72681,0,0,0,0.72681,0.0,0,1.8432079320045887
4,z,15,z,0.3,m1,0,100000,72681,0,0,0,0.72681,0.0,0,1.8432079320045887
4,z,14,z,0.3,m1,0,100000,84981,0,0,0,0.84981,0.0,0,1.4817264960001921
4,z,14,x,0.3,m1,0,100000,84981,0,0,0,0.84981,0.0,0,1.4817264960001921
4,z,14,z,0.3,m1,0,100000,84981,0,0,0,0.84981,0.0,0,1.4817264960001921
4,z,14,z,0.3,m1,0,100000,84981,0,0,0,0.84981,0.0,0,1.4817264960001921
4,z,6,z,0.3,m1,0,100000,84029,418,767,0,0.84029,0.004974473098573129,0,14.393384307993983
4,z,6,x,0.3,m1,0,100000,84029,418,767,0,0.84029,0.004974473098573129,0,14.393384307993983
4,z,6,z,0.3,m1,0,100000,84029,418,767,0,0.84029,0.004974473098573129,0,14.393384307993983
4,z,6,x,0.3,m1,0,100000,84029,418,767,0,0.84029,0.004974473098573129,0,14.393384307993983
4,z,8,z,0.1,m1,0,100000,100000,0,0,0,1.0,0.0,0,0.3334301939976285
4,z,8,z,0.1,m1,0,100000,100000,0,0,0,1.0,0.0,0,0.3334301939976285
4,z,8,z,0.1,m1,0,100000,100000,0,0,0,1.0,0.0,0,0.3334301939976285
4,z,8,x,0.1,m1,0,100000,100000,0,0,0,1.0,0.0,0,0.3334301939976285
4,z,5,x,0.3,m1,0,100000,68630,4964,9517,0,0.6863,0.07232988488998982,0,18.401888271000644
4,z,5,x,0.3,m1,0,100000,68630,4964,9517,0,0.6863,0.07232988488998982,0,18.401888271000644
4,z,5,z,0.3,m1,0,100000,68630,4964,9517,0,0.6863,0.07232988488998982,0,18.401888271000644
4,z,5,x,0.3,m1,0,100000,68630,4964,9517,0,0.6863,0.07232988488998982,0,18.401888271000644
4,z,13,x,0.3,m1,0,100000,72768,85,166,0,0.72768,0.0011680958663148333,0,10.211177192999457
4,z,13,x,0.3,m1,0,100000,72768,85,166,0,0.72768,0.0011680958663148333,0,10.211177192999457
4,z,13,z,0.3,m1,0,100000,72768,85,166,0,0.72768,0.0011680958663148333,0,10.211177192999457
4,z,13,z,0.3,m1,0,100000,72768,85,166,0,0.72768,0.0011680958663148333,0,10.211177192999457
4,z,4,z,0.1,m1,0,100000,96601,42,81,0,0.96601,0.0004347781078870572,0,8.708370776002994
4,z,4,z,0.1,m1,0,100000,96601,42,81,0,0.96601,0.0004347781078870572,0,8.708370776002994
4,z,4,x,0.1,m1,0,100000,96601,42,81,0,0.96601,0.0004347781078870572,0,8.708370776002994
4,z,4,x,0.1,m1,0,100000,96601,42,81,0,0.96601,0.0004347781078870572,0,8.708370776002994
4,z,12,z,0.1,m1,0,100000,96993,0,0,0,0.96993,0.0,0,1.1964354809970246
4,z,12,z,0.1,m1,0,100000,96993,0,0,0,0.96993,0.0,0,1.1964354809970246
4,z,12,x,0.1,m1,0,100000,96993,0,0,0,0.96993,0.0,0,1.1964354809970246
4,z,12,z,0.1,m1,0,100000,96993,0,0,0,0.96993,0.0,0,1.1964354809970246
4,z,3,x,0.1,m1,0,100000,89903,2643,5206,0,0.89903,0.029398351556677804,0,13.396623180997267
4,z,3,z,0.1,m1,0,100000,89903,2643,5206,0,0.89903,0.029398351556677804,0,13.396623180997267
4,z,3,x,0.1,m1,0,100000,89903,2643,5206,0,0.89903,0.029398351556677804,0,13.396623180997267
4,z,3,x,0.1,m1,0,100000,89903,2643,5206,0,0.89903,0.029398351556677804,0,13.396623180997267
4,z,10,z,0.1,m1,0,100000,94727,112,218,0,0.94727,0.0011823450547362446,0,9.1261332139984
4,z,10,x,0.1,m1,0,100000,94727,112,218,0,0.94727,0.0011823450547362446,0,9.1261332139984
4,z,10,x,0.1,m1,0,100000,94727,112,218,0,0.94727,0.0011823450547362446,0,9.1261332139984
4,z,10,z,0.1,m1,0,100000,94727,112,218,0,0.94727,0.0011823450547362446,0,9.1261332139984
4,z,5,x,0.1,m1,0,100000,88121,2132,4095,0,0.88121,0.02419400596906529,0,13.54871706499398
4,z,5,x,0.1,m1,0,100000,88121,2132,4095,0,0.88121,0.02419400596906529,0,13.54871706499398
4,z,5,z,0.1,m1,0,100000,88121,2132,4095,0,0.88121,0.02419400596906529,0,13.54871706499398
4,z,5,x,0.1,m1,0,100000,88121,2132,4095,0,0.88121,0.02419400596906529,0,13.54871706499398
4,z,7,x,0.1,m1,0,100000,88046,72,139,0,0.88046,0.0008177543556777689,0,13.010486166000192
4,z,7,z,0.1,m1,0,100000,88046,72,139,0,0.88046,0.0008177543556777689,0,13.010486166000192
4,z,7,z,0.1,m1,0,100000,88046,72,139,0,0.88046,0.0008177543556777689,0,13.010486166000192
4,z,7,x,0.1,m1,0,100000,88046,72,139,0,0.88046,0.0008177543556777689,0,13.010486166000192
4,z,2,z,0.1,m1,0,100000,93464,2136,4157,0,0.93464,0.022853719079003687,0,14.680634018004639
4,z,2,x,0.1,m1,0,100000,93464,2136,4157,0,0.93464,0.022853719079003687,0,14.680634018004639
4,z,2,x,0.1,m1,0,100000,93464,2136,4157,0,0.93464,0.022853719079003687,0,14.680634018004639
4,z,2,x,0.1,m1,0,100000,93464,2136,4157,0,0.93464,0.022853719079003687,0,14.680634018004639
4,z,14,z,0.1,m1,0,100000,94728,0,0,0,0.94728,0.0,0,0.7143094549974194
4,z,14,x,0.1,m1,0,100000,94728,0,0,0,0.94728,0.0,0,0.7143094549974194
4,z,14,z,0.1,m1,0,100000,94728,0,0,0,0.94728,0.0,0,0.7143094549974194
4,z,14,z,0.1,m1,0,100000,94728,0,0,0,0.94728,0.0,0,0.7143094549974194
4,z,15,x,0.1,m1,0,100000,89834,0,0,0,0.89834,0.0,0,0.7949828510027146
4,z,15,z,0.1,m1,0,100000,89834,0,0,0,0.89834,0.0,0,0.7949828510027146
4,z,15,z,0.1,m1,0,100000,89834,0,0,0,0.89834,0.0,0,0.7949828510027146
4,z,15,z,0.1,m1,0,100000,89834,0,0,0,0.89834,0.0,0,0.7949828510027146
4,z,11,x,0.1,m1,0,100000,89630,36,72,0,0.8963,0.00040165123284618964,0,13.139023133997398
4,z,11,z,0.1,m1,0,100000,89630,36,72,0,0.8963,0.00040165123284618964,0,13.139023133997398
4,z,11,x,0.1,m1,0,100000,89630,36,72,0,0.8963,0.00040165123284618964,0,13.139023133997398
4,z,11,z,0.1,m1,0,100000,89630,36,72,0,0.8963,0.00040165123284618964,0,13.139023133997398
4,z,9,x,0.1,m1,0,100000,91094,2334,4484,0,0.91094,0.025621885085735596,0,15.17588898899703
4,z,9,x,0.1,m1,0,100000,91094,2334,4484,0,0.91094,0.025621885085735596,0,15.17588898899703
4,z,9,x,0.1,m1,0,100000,91094,2334,4484,0,0.91094,0.025621885085735596,0,15.17588898899703
4,z,9,z,0.1,m1,0,100000,91094,2334,4484,0,0.91094,0.025621885085735596,0,15.17588898899703
4,z,6,z,0.1,m1,0,100000,94173,74,141,0,0.94173,0.0007857878585156852,0,16.158349534998706
4,z,6,x,0.1,m1,0,100000,94173,74,141,0,0.94173,0.0007857878585156852,0,16.158349534998706
4,z,6,z,0.1,m1,0,100000,94173,74,141,0,0.94173,0.0007857878585156852,0,16.158349534998706
4,z,6,x,0.1,m1,0,100000,94173,74,141,0,0.94173,0.0007857878585156852,0,16.158349534998706
4,z,13,x,0.1,m1,0,100000,89817,12,25,0,0.89817,0.00013360499682690818,0,7.210974896006519
4,z,13,x,0.1,m1,0,100000,89817,12,25,0,0.89817,0.00013360499682690818,0,7.210974896006519
4,z,13,z,0.1,m1,0,100000,89817,12,25,0,0.89817,0.00013360499682690818,0,7.210974896006519
4,z,13,z,0.1,m1,0,100000,89817,12,25,0,0.89817,0.00013360499682690818,0,7.210974896006519
