n,lstate,i,meas_type,p_error,sim_type,total_meta_shots,shots,count_accept,count_logerror,count_undecided,count_detect_discard,prep_rate,LER,detect_normal,decoding_normal
4,x,2,x,1,normal,0,100000,38098,0,1,0,0.38098,0.0,0,9.45747046500037
4,x,2,x,1,normal,0,100000,38098,0,1,0,0.38098,0.0,0,9.45747046500037
4,x,2,x,1,normal,0,100000,38098,0,1,0,0.38098,0.0,0,9.45747046500037
4,x,2,x,1,normal,0,100000,38098,0,1,0,0.38098,0.0,0,9.45747046500037
4,x,6,x,1,normal,0,100000,30490,428,750,0,0.3049,0.014037389307969828,0,9.692917169013526
4,x,6,x,1,normal,0,100000,30490,428,750,0,0.3049,0.014037389307969828,0,9.692917169013526
4,x,6,z,1,normal,0,100000,30490,428,750,0,0.3049,0.014037389307969828,0,9.692917169013526
4,x,6,x,1,normal,0,100000,30490,428,750,0,0.3049,0.014037389307969828,0,9.692917169013526
4,x,10,x,1,normal,0,100000,31399,762,1330,0,0.31399,0.024268288799006332,0,10.424038847006159
4,x,10,x,1,normal,0,100000,31399,762,1330,0,0.31399,0.024268288799006332,0,10.424038847006159
4,x,10,x,1,normal,0,100000,31399,762,1330,0,0.31399,0.024268288799006332,0,10.424038847006159
4,x,10,z,1,normal,0,100000,31399,762,1330,0,0.31399,0.024268288799006332,0,10.424038847006159
4,x,8,x,1,normal,0,100000,44679,9728,17778,0,0.44679,0.2177309250430851,0,13.29096878299606
4,x,8,z,1,normal,0,100000,44679,9728,17778,0,0.44679,0.2177309250430851,0,13.29096878299606
4,x,8,z,1,normal,0,100000,44679,9728,17778,0,0.44679,0.2177309250430851,0,13.29096878299606
4,x,8,x,1,normal,0,100000,44679,9728,17778,0,0.44679,0.2177309250430851,0,13.29096878299606
4,x,3,z,1,normal,0,100000,51555,3,4,0,0.51555,5.8190282222869705e-05,0,12.198791630988126
4,x,3,x,1,normal,0,100000,51555,3,4,0,0.51555,5.8190282222869705e-05,0,12.198791630988126
4,x,3,x,1,normal,0,100000,51555,3,4,0,0.51555,5.8190282222869705e-05,0,12.198791630988126
4,x,3,x,1,normal,0,100000,51555,3,4,0,0.51555,5.8190282222869705e-05,0,12.198791630988126
4,x,11,z,1,normal,0,100000,49597,1582,2731,0,0.49597,0.0318970905498317,0,15.077977213994018
4,x,11,x,1,normal,0,100000,49597,1582,2731,0,0.49597,0.0318970905498317,0,15.077977213994018
4,x,11,x,1,normal,0,100000,49597,1582,2731,0,0.49597,0.0318970905498317,0,15.077977213994018
4,x,11,z,1,normal,0,100000,49597,1582,2731,0,0.49597,0.0318970905498317,0,15.077977213994018
4,x,5,z,1,normal,0,100000,40392,249,434,0,0.40392,0.006164587046940007,0,13.419004196999595
4,x,5,z,1,normal,0,100000,40392,249,434,0,0.40392,0.006164587046940007,0,13.419004196999595
4,x,5,x,1,normal,0,100000,40392,249,434,0,0.40392,0.006164587046940007,0,13.419004196999595
4,x,5,x,1,normal,0,100000,40392,249,434,0,0.40392,0.006164587046940007,0,13.419004196999595
4,x,4,x,1,normal,0,100000,27541,176,333,0,0.27541,0.006390472386623602,0,15.318108584993752
4,x,4,z,1,normal,0,100000,27541,176,333,0,0.27541,0.006390472386623602,0,15.318108584993752
4,x,4,x,1,normal,0,100000,27541,176,333,0,0.27541,0.006390472386623602,0,15.318108584993752
4,x,4,x,1,normal,0,100000,27541,176,333,0,0.27541,0.006390472386623602,0,15.318108584993752
4,x,9,z,1,normal,0,100000,100000,1770,2729,0,1.0,0.01770000000000005,0,17.3011770430021
4,x,9,z,1,normal,0,100000,100000,1770,2729,0,1.0,0.01770000000000005,0,17.3011770430021
4,x,9,z,1,normal,0,100000,100000,1770,2729,0,1.0,0.01770000000000005,0,17.3011770430021
4,x,9,x,1,normal,0,100000,100000,1770,2729,0,1.0,0.01770000000000005,0,17.3011770430021
4,x,7,z,1,normal,0,100000,57424,1420,2557,0,0.57424,0.024728336584006638,0,13.835887816007016
4,x,7,x,1,normal,0,100000,57424,1420,2557,0,0.57424,0.024728336584006638,0,13.835887816007016
4,x,7,z,1,normal,0,100000,57424,1420,2557,0,0.57424,0.024728336584006638,0,13.835887816007016
4,x,7,x,1,normal,0,100000,57424,1420,2557,0,0.57424,0.024728336584006638,0,13.835887816007016
4,x,14,x,1,normal,0,100000,38138,10039,17712,0,0.38138,0.2632282762598983,0,10.333063340003719
4,x,14,x,1,normal,0,100000,38138,10039,17712,0,0.38138,0.2632282762598983,0,10.333063340003719
4,x,14,z,1,normal,0,100000,38138,10039,17712,0,0.38138,0.2632282762598983,0,10.333063340003719
4,x,14,z,1,normal,0,100000,38138,10039,17712,0,0.38138,0.2632282762598983,0,10.333063340003719
4,x,12,x,1,normal,0,100000,35390,6940,12425,0,0.3539,0.1961005933879627,0,13.190543336007977
4,x,12,z,1,normal,0,100000,35390,6940,12425,0,0.3539,0.1961005933879627,0,13.190543336007977
4,x,12,x,1,normal,0,100000,35390,6940,12425,0,0.3539,0.1961005933879627,0,13.190543336007977
4,x,12,z,1,normal,0,100000,35390,6940,12425,0,0.3539,0.1961005933879627,0,13.190543336007977
4,x,2,x,0.8,normal,0,100000,46164,1,2,0,0.46164,2.1661901048464216e-05,0,10.329524909000611
4,x,2,x,0.8,normal,0,100000,46164,1,2,0,0.46164,2.1661901048464216e-05,0,10.329524909000611
4,x,2,x,0.8,normal,0,100000,46164,1,2,0,0.46164,2.1661901048464216e-05,0,10.329524909000611
4,x,2,x,0.8,normal,0,100000,46164,1,2,0,0.46164,2.1661901048464216e-05,0,10.329524909000611
4,x,13,z,1,normal,0,100000,18883,5318,6229,0,0.18883,0.2816289784462215,0,13.614803516000393
4,x,13,z,1,normal,0,100000,18883,5318,6229,0,0.18883,0.2816289784462215,0,13.614803516000393
4,x,13,x,1,normal,0,100000,18883,5318,6229,0,0.18883,0.2816289784462215,0,13.614803516000393
4,x,13,z,1,normal,0,100000,18883,5318,6229,0,0.18883,0.2816289784462215,0,13.614803516000393
4,x,4,x,0.8,normal,0,100000,35490,124,239,0,0.3549,0.003493941955480362,0,10.772803677988122
4,x,4,z,0.8,normal,0,100000,35490,124,239,0,0.3549,0.003493941955480362,0,10.772803677988122
4,x,4,x,0.8,normal,0,100000,35490,124,239,0,0.3549,0.003493941955480362,0,10.772803677988122
4,x,4,x,0.8,normal,0,100000,35490,124,239,0,0.3549,0.003493941955480362,0,10.772803677988122
4,x,6,x,0.8,normal,0,100000,38493,370,683,0,0.38493,0.00961213727171173,0,10.735249800010934
4,x,6,x,0.8,normal,0,100000,38493,370,683,0,0.38493,0.00961213727171173,0,10.735249800010934
4,x,6,z,0.8,normal,0,100000,38493,370,683,0,0.38493,0.00961213727171173,0,10.735249800010934
4,x,6,x,0.8,normal,0,100000,38493,370,683,0,0.38493,0.00961213727171173,0,10.735249800010934
4,x,3,z,0.8,normal,0,100000,58956,5,8,0,0.58956,8.480901010921027e-05,0,13.49809160400764
4,x,3,x,0.8,normal,0,100000,58956,5,8,0,0.58956,8.480901010921027e-05,0,13.49809160400764
4,x,3,x,0.8,normal,0,100000,58956,5,8,0,0.58956,8.480901010921027e-05,0,13.49809160400764
4,x,3,x,0.8,normal,0,100000,58956,5,8,0,0.58956,8.480901010921027e-05,0,13.49809160400764
4,x,5,z,0.8,normal,0,100000,46053,148,254,0,0.46053,0.003213688576205631,0,13.329908557003364
4,x,5,z,0.8,normal,0,100000,46053,148,254,0,0.46053,0.003213688576205631,0,13.329908557003364
4,x,5,x,0.8,normal,0,100000,46053,148,254,0,0.46053,0.003213688576205631,0,13.329908557003364
4,x,5,x,0.8,normal,0,100000,46053,148,254,0,0.46053,0.003213688576205631,0,13.329908557003364
4,x,10,x,0.8,normal,0,100000,39396,656,1155,0,0.39396,0.016651436694080646,0,10.368209300999297
4,x,10,x,0.8,normal,0,100000,39396,656,1155,0,0.39396,0.016651436694080646,0,10.368209300999297
4,x,10,x,0.8,normal,0,100000,39396,656,1155,0,0.39396,0.016651436694080646,0,10.368209300999297
4,x,10,z,0.8,normal,0,100000,39396,656,1155,0,0.39396,0.016651436694080646,0,10.368209300999297
4,x,15,z,1,normal,0,100000,65367,15313,23376,0,0.65367,0.23426193645111448,0,16.846970112004783
4,x,15,x,1,normal,0,100000,65367,15313,23376,0,0.65367,0.23426193645111448,0,16.846970112004783
4,x,15,z,1,normal,0,100000,65367,15313,23376,0,0.65367,0.23426193645111448,0,16.846970112004783
4,x,15,z,1,normal,0,100000,65367,15313,23376,0,0.65367,0.23426193645111448,0,16.846970112004783
4,x,8,x,0.8,normal,0,100000,51776,9206,16927,0,0.51776,0.1778043881334982,0,14.84250560599321
4,x,8,z,0.8,normal,0,100000,51776,9206,16927,0,0.51776,0.1778043881334982,0,14.84250560599321
4,x,8,z,0.8,normal,0,100000,51776,9206,16927,0,0.51776,0.1778043881334982,0,14.84250560599321
4,x,8,x,0.8,normal,0,100000,51776,9206,16927,0,0.51776,0.1778043881334982,0,14.84250560599321
4,x,12,x,0.8,normal,0,100000,43383,7042,12753,0,0.43383,0.162321646727981,0,10.998228962998837
4,x,12,z,0.8,normal,0,100000,43383,7042,12753,0,0.43383,0.162321646727981,0,10.998228962998837
4,x,12,x,0.8,normal,0,100000,43383,7042,12753,0,0.43383,0.162321646727981,0,10.998228962998837
4,x,12,z,0.8,normal,0,100000,43383,7042,12753,0,0.43383,0.162321646727981,0,10.998228962998837
4,x,7,z,0.8,normal,0,100000,63882,1070,1975,0,0.63882,0.016749632134247516,0,14.5588344209973
4,x,7,x,0.8,normal,0,100000,63882,1070,1975,0,0.63882,0.016749632134247516,0,14.5588344209973
4,x,7,z,0.8,normal,0,100000,63882,1070,1975,0,0.63882,0.016749632134247516,0,14.5588344209973
4,x,7,x,0.8,normal,0,100000,63882,1070,1975,0,0.63882,0.016749632134247516,0,14.5588344209973
4,x,11,z,0.8,normal,0,100000,56920,1178,2081,0,0.5692,0.020695713281798978,0,14.602394765999634
4,x,11,x,0.8,normal,0,100000,56920,1178,2081,0,0.5692,0.020695713281798978,0,14.602394765999634
4,x,11,x,0.8,normal,0,100000,56920,1178,2081,0,0.5692,0.020695713281798978,0,14.602394765999634
4,x,11,z,0.8,normal,0,100000,56920,1178,2081,0,0.5692,0.020695713281798978,0,14.602394765999634
4,x,9,z,0.8,normal,0,100000,100000,885,1484,0,1.0,0.008850000000000025,0,17.41424896501121
4,x,9,z,0.8,normal,0,100000,100000,885,1484,0,1.0,0.008850000000000025,0,17.41424896501121
4,x,9,z,0.8,normal,0,100000,100000,885,1484,0,1.0,0.008850000000000025,0,17.41424896501121
4,x,9,x,0.8,normal,0,100000,100000,885,1484,0,1.0,0.008850000000000025,0,17.41424896501121
4,x,14,x,0.8,normal,0,100000,46298,10338,18445,0,0.46298,0.22329258283295172,0,11.482592909000232
4,x,14,x,0.8,normal,0,100000,46298,10338,18445,0,0.46298,0.22329258283295172,0,11.482592909000232
4,x,14,z,0.8,normal,0,100000,46298,10338,18445,0,0.46298,0.22329258283295172,0,11.482592909000232
4,x,14,z,0.8,normal,0,100000,46298,10338,18445,0,0.46298,0.22329258283295172,0,11.482592909000232
4,x,13,z,0.8,normal,0,100000,20210,5071,6386,0,0.2021,0.25091538842157346,0,14.226463197002886
4,x,13,z,0.8,normal,0,100000,20210,5071,6386,0,0.2021,0.25091538842157346,0,14.226463197002886
4,x,13,x,0.8,normal,0,100000,20210,5071,6386,0,0.2021,0.25091538842157346,0,14.226463197002886
4,x,13,z,0.8,normal,0,100000,20210,5071,6386,0,0.2021,0.25091538842157346,0,14.226463197002886
4,x,2,x,0.5,normal,0,100000,61962,0,0,0,0.61962,0.0,0,11.801067061998765
4,x,2,x,0.5,normal,0,100000,61962,0,0,0,0.61962,0.0,0,11.801067061998765
4,x,2,x,0.5,normal,0,100000,61962,0,0,0,0.61962,0.0,0,11.801067061998765
4,x,2,x,0.5,normal,0,100000,61962,0,0,0,0.61962,0.0,0,11.801067061998765
4,x,3,z,0.5,normal,0,100000,71894,0,0,0,0.71894,0.0,0,11.390140529998462
4,x,3,x,0.5,normal,0,100000,71894,0,0,0,0.71894,0.0,0,11.390140529998462
4,x,3,x,0.5,normal,0,100000,71894,0,0,0,0.71894,0.0,0,11.390140529998462
4,x,3,x,0.5,normal,0,100000,71894,0,0,0,0.71894,0.0,0,11.390140529998462
4,x,4,x,0.5,normal,0,100000,52751,92,183,0,0.52751,0.0017440427669617176,0,11.379213947991957
4,x,4,z,0.5,normal,0,100000,52751,92,183,0,0.52751,0.0017440427669617176,0,11.379213947991957
4,x,4,x,0.5,normal,0,100000,52751,92,183,0,0.52751,0.0017440427669617176,0,11.379213947991957
4,x,4,x,0.5,normal,0,100000,52751,92,183,0,0.52751,0.0017440427669617176,0,11.379213947991957
4,x,6,x,0.5,normal,0,100000,55142,259,496,0,0.55142,0.004696964201516107,0,12.21799514000304
4,x,6,x,0.5,normal,0,100000,55142,259,496,0,0.55142,0.004696964201516107,0,12.21799514000304
4,x,6,z,0.5,normal,0,100000,55142,259,496,0,0.55142,0.004696964201516107,0,12.21799514000304
4,x,6,x,0.5,normal,0,100000,55142,259,496,0,0.55142,0.004696964201516107,0,12.21799514000304
4,x,5,z,0.5,normal,0,100000,59353,53,92,0,0.59353,0.0008929624450322304,0,12.547139354996034
4,x,5,z,0.5,normal,0,100000,59353,53,92,0,0.59353,0.0008929624450322304,0,12.547139354996034
4,x,5,x,0.5,normal,0,100000,59353,53,92,0,0.59353,0.0008929624450322304,0,12.547139354996034
4,x,5,x,0.5,normal,0,100000,59353,53,92,0,0.59353,0.0008929624450322304,0,12.547139354996034
4,x,15,z,0.8,normal,0,100000,71223,14112,22667,0,0.71223,0.19813824186007334,0,17.617788263989496
4,x,15,x,0.8,normal,0,100000,71223,14112,22667,0,0.71223,0.19813824186007334,0,17.617788263989496
4,x,15,z,0.8,normal,0,100000,71223,14112,22667,0,0.71223,0.19813824186007334,0,17.617788263989496
4,x,15,z,0.8,normal,0,100000,71223,14112,22667,0,0.71223,0.19813824186007334,0,17.617788263989496
4,x,8,x,0.5,normal,0,100000,65621,7491,13998,0,0.65621,0.11415552947989216,0,14.298390827010735
4,x,8,z,0.5,normal,0,100000,65621,7491,13998,0,0.65621,0.11415552947989216,0,14.298390827010735
4,x,8,z,0.5,normal,0,100000,65621,7491,13998,0,0.65621,0.11415552947989216,0,14.298390827010735
4,x,8,x,0.5,normal,0,100000,65621,7491,13998,0,0.65621,0.11415552947989216,0,14.298390827010735
4,x,9,z,0.5,normal,0,100000,100000,148,260,0,1.0,0.0014800000000000368,0,15.210907255008351
4,x,9,z,0.5,normal,0,100000,100000,148,260,0,1.0,0.0014800000000000368,0,15.210907255008351
4,x,9,z,0.5,normal,0,100000,100000,148,260,0,1.0,0.0014800000000000368,0,15.210907255008351
4,x,9,x,0.5,normal,0,100000,100000,148,260,0,1.0,0.0014800000000000368,0,15.210907255008351
4,x,10,x,0.5,normal,0,100000,55449,442,811,0,0.55449,0.007971288932171916,0,11.714297101003467
4,x,10,x,0.5,normal,0,100000,55449,442,811,0,0.55449,0.007971288932171916,0,11.714297101003467
4,x,10,x,0.5,normal,0,100000,55449,442,811,0,0.55449,0.007971288932171916,0,11.714297101003467
4,x,10,z,0.5,normal,0,100000,55449,442,811,0,0.55449,0.007971288932171916,0,11.714297101003467
4,x,7,z,0.5,normal,0,100000,75091,516,965,0,0.75091,0.006871662382975319,0,14.674876329008839
4,x,7,x,0.5,normal,0,100000,75091,516,965,0,0.75091,0.006871662382975319,0,14.674876329008839
4,x,7,z,0.5,normal,0,100000,75091,516,965,0,0.75091,0.006871662382975319,0,14.674876329008839
4,x,7,x,0.5,normal,0,100000,75091,516,965,0,0.75091,0.006871662382975319,0,14.674876329008839
4,x,12,x,0.5,normal,0,100000,58689,6192,11367,0,0.58689,0.10550529059960134,0,12.247273154003778
4,x,12,z,0.5,normal,0,100000,58689,6192,11367,0,0.58689,0.10550529059960134,0,12.247273154003778
4,x,12,x,0.5,normal,0,100000,58689,6192,11367,0,0.58689,0.10550529059960134,0,12.247273154003778
4,x,12,z,0.5,normal,0,100000,58689,6192,11367,0,0.58689,0.10550529059960134,0,12.247273154003778
4,x,11,z,0.5,normal,0,100000,70018,672,1230,0,0.70018,0.0095975320631837,0,16.603351429992472
4,x,11,x,0.5,normal,0,100000,70018,672,1230,0,0.70018,0.0095975320631837,0,16.603351429992472
4,x,11,x,0.5,normal,0,100000,70018,672,1230,0,0.70018,0.0095975320631837,0,16.603351429992472
4,x,11,z,0.5,normal,0,100000,70018,672,1230,0,0.70018,0.0095975320631837,0,16.603351429992472
4,x,13,z,0.5,normal,0,100000,25420,4386,6397,0,0.2542,0.17254130605822182,0,13.102296444005333
4,x,13,z,0.5,normal,0,100000,25420,4386,6397,0,0.2542,0.17254130605822182,0,13.102296444005333
4,x,13,x,0.5,normal,0,100000,25420,4386,6397,0,0.2542,0.17254130605822182,0,13.102296444005333
4,x,13,z,0.5,normal,0,100000,25420,4386,6397,0,0.2542,0.17254130605822182,0,13.102296444005333
4,x,14,x,0.5,normal,0,100000,61958,9282,17059,0,0.61958,0.14981116240033576,0,11.86690679800813
4,x,14,x,0.5,normal,0,100000,61958,9282,17059,0,0.61958,0.14981116240033576,0,11.86690679800813
4,x,14,z,0.5,normal,0,100000,61958,9282,17059,0,0.61958,0.14981116240033576,0,11.86690679800813
4,x,14,z,0.5,normal,0,100000,61958,9282,17059,0,0.61958,0.14981116240033576,0,11.86690679800813
4,x,2,x,0.3,normal,0,100000,75058,0,0,0,0.75058,0.0,0,11.3034985740087
4,x,2,x,0.3,normal,0,100000,75058,0,0,0,0.75058,0.0,0,11.3034985740087
4,x,2,x,0.3,normal,0,100000,75058,0,0,0,0.75058,0.0,0,11.3034985740087
4,x,2,x,0.3,normal,0,100000,75058,0,0,0,0.75058,0.0,0,11.3034985740087
4,x,3,z,0.3,normal,0,100000,82105,0,0,0,0.82105,0.0,0,11.17419236600108
4,x,3,x,0.3,normal,0,100000,82105,0,0,0,0.82105,0.0,0,11.17419236600108
4,x,3,x,0.3,normal,0,100000,82105,0,0,0,0.82105,0.0,0,11.17419236600108
4,x,3,x,0.3,normal,0,100000,82105,0,0,0,0.82105,0.0,0,11.17419236600108
4,x,4,x,0.3,normal,0,100000,67954,38,76,0,0.67954,0.0005592018129911835,0,12.598289012006717
4,x,4,z,0.3,normal,0,100000,67954,38,76,0,0.67954,0.0005592018129911835,0,12.598289012006717
4,x,4,x,0.3,normal,0,100000,67954,38,76,0,0.67954,0.0005592018129911835,0,12.598289012006717
4,x,4,x,0.3,normal,0,100000,67954,38,76,0,0.67954,0.0005592018129911835,0,12.598289012006717
4,x,5,z,0.3,normal,0,100000,71848,13,24,0,0.71848,0.00018093753479564434,0,12.528677462993073
4,x,5,z,0.3,normal,0,100000,71848,13,24,0,0.71848,0.00018093753479564434,0,12.528677462993073
4,x,5,x,0.3,normal,0,100000,71848,13,24,0,0.71848,0.00018093753479564434,0,12.528677462993073
4,x,5,x,0.3,normal,0,100000,71848,13,24,0,0.71848,0.00018093753479564434,0,12.528677462993073
4,x,6,x,0.3,normal,0,100000,69796,177,336,0,0.69796,0.0025359619462433924,0,12.754223448995617
4,x,6,x,0.3,normal,0,100000,69796,177,336,0,0.69796,0.0025359619462433924,0,12.754223448995617
4,x,6,z,0.3,normal,0,100000,69796,177,336,0,0.69796,0.0025359619462433924,0,12.754223448995617
4,x,6,x,0.3,normal,0,100000,69796,177,336,0,0.69796,0.0025359619462433924,0,12.754223448995617
4,x,15,z,0.5,normal,0,100000,80911,10856,18876,0,0.80911,0.13417211503998216,0,15.302283994999016
4,x,15,x,0.5,normal,0,100000,80911,10856,18876,0,0.80911,0.13417211503998216,0,15.302283994999016
4,x,15,z,0.5,normal,0,100000,80911,10856,18876,0,0.80911,0.13417211503998216,0,15.302283994999016
4,x,15,z,0.5,normal,0,100000,80911,10856,18876,0,0.80911,0.13417211503998216,0,15.302283994999016
4,x,10,x,0.3,normal,0,100000,69990,266,499,0,0.6999,0.003800542934704998,0,13.372902863004128
4,x,10,x,0.3,normal,0,100000,69990,266,499,0,0.6999,0.003800542934704998,0,13.372902863004128
4,x,10,x,0.3,normal,0,100000,69990,266,499,0,0.6999,0.003800542934704998,0,13.372902863004128
4,x,10,z,0.3,normal,0,100000,69990,266,499,0,0.6999,0.003800542934704998,0,13.372902863004128
4,x,8,x,0.3,normal,0,100000,77289,5398,10210,0,0.77289,0.06984176273467113,0,13.822356554999715
4,x,8,z,0.3,normal,0,100000,77289,5398,10210,0,0.77289,0.06984176273467113,0,13.822356554999715
4,x,8,z,0.3,normal,0,100000,77289,5398,10210,0,0.77289,0.06984176273467113,0,13.822356554999715
4,x,8,x,0.3,normal,0,100000,77289,5398,10210,0,0.77289,0.06984176273467113,0,13.822356554999715
4,x,9,z,0.3,normal,0,100000,100000,28,51,0,1.0,0.00027999999999994696,0,16.22246816700499
4,x,9,z,0.3,normal,0,100000,100000,28,51,0,1.0,0.00027999999999994696,0,16.22246816700499
4,x,9,z,0.3,normal,0,100000,100000,28,51,0,1.0,0.00027999999999994696,0,16.22246816700499
4,x,9,x,0.3,normal,0,100000,100000,28,51,0,1.0,0.00027999999999994696,0,16.22246816700499
4,x,11,z,0.3,normal,0,100000,80543,334,611,0,0.80543,0.004146853233676473,0,15.68319682899164
4,x,11,x,0.3,normal,0,100000,80543,334,611,0,0.80543,0.004146853233676473,0,15.68319682899164
4,x,11,x,0.3,normal,0,100000,80543,334,611,0,0.80543,0.004146853233676473,0,15.68319682899164
4,x,11,z,0.3,normal,0,100000,80543,334,611,0,0.80543,0.004146853233676473,0,15.68319682899164
4,x,12,x,0.3,normal,0,100000,72471,4636,8594,0,0.72471,0.06397041575250795,0,14.027133979005157
4,x,12,z,0.3,normal,0,100000,72471,4636,8594,0,0.72471,0.06397041575250795,0,14.027133979005157
4,x,12,x,0.3,normal,0,100000,72471,4636,8594,0,0.72471,0.06397041575250795,0,14.027133979005157
4,x,12,z,0.3,normal,0,100000,72471,4636,8594,0,0.72471,0.06397041575250795,0,14.027133979005157
4,x,7,z,0.3,normal,0,100000,84070,247,480,0,0.8407,0.0029380278339479204,0,16.65550708900264
4,x,7,x,0.3,normal,0,100000,84070,247,480,0,0.8407,0.0029380278339479204,0,16.65550708900264
4,x,7,z,0.3,normal,0,100000,84070,247,480,0,0.8407,0.0029380278339479204,0,16.65550708900264
4,x,7,x,0.3,normal,0,100000,84070,247,480,0,0.8407,0.0029380278339479204,0,16.65550708900264
4,x,2,x,0.1,normal,0,100000,90882,0,0,0,0.90882,0.0,0,10.508095589000732
4,x,2,x,0.1,normal,0,100000,90882,0,0,0,0.90882,0.0,0,10.508095589000732
4,x,2,x,0.1,normal,0,100000,90882,0,0,0,0.90882,0.0,0,10.508095589000732
4,x,2,x,0.1,normal,0,100000,90882,0,0,0,0.90882,0.0,0,10.508095589000732
4,x,13,z,0.3,normal,0,100000,37502,3292,5443,0,0.37502,0.08778198496080214,0,13.324699529999634
4,x,13,z,0.3,normal,0,100000,37502,3292,5443,0,0.37502,0.08778198496080214,0,13.324699529999634
4,x,13,x,0.3,normal,0,100000,37502,3292,5443,0,0.37502,0.08778198496080214,0,13.324699529999634
4,x,13,z,0.3,normal,0,100000,37502,3292,5443,0,0.37502,0.08778198496080214,0,13.324699529999634
4,x,14,x,0.3,normal,0,100000,74777,7064,13267,0,0.74777,0.09446755018254271,0,13.304601013005595
4,x,14,x,0.3,normal,0,100000,74777,7064,13267,0,0.74777,0.09446755018254271,0,13.304601013005595
4,x,14,z,0.3,normal,0,100000,74777,7064,13267,0,0.74777,0.09446755018254271,0,13.304601013005595
4,x,14,z,0.3,normal,0,100000,74777,7064,13267,0,0.74777,0.09446755018254271,0,13.304601013005595
4,x,3,z,0.1,normal,0,100000,93676,0,0,0,0.93676,0.0,0,9.164045880999765
4,x,3,x,0.1,normal,0,100000,93676,0,0,0,0.93676,0.0,0,9.164045880999765
4,x,3,x,0.1,normal,0,100000,93676,0,0,0,0.93676,0.0,0,9.164045880999765
4,x,3,x,0.1,normal,0,100000,93676,0,0,0,0.93676,0.0,0,9.164045880999765
4,x,5,z,0.1,normal,0,100000,89079,1,2,0,0.89079,1.122599041303296e-05,0,9.838116671002354
4,x,5,z,0.1,normal,0,100000,89079,1,2,0,0.89079,1.122599041303296e-05,0,9.838116671002354
4,x,5,x,0.1,normal,0,100000,89079,1,2,0,0.89079,1.122599041303296e-05,0,9.838116671002354
4,x,5,x,0.1,normal,0,100000,89079,1,2,0,0.89079,1.122599041303296e-05,0,9.838116671002354
4,x,4,x,0.1,normal,0,100000,87962,3,6,0,0.87962,3.4105636524839333e-05,0,15.22261301400431
4,x,4,z,0.1,normal,0,100000,87962,3,6,0,0.87962,3.4105636524839333e-05,0,15.22261301400431
4,x,4,x,0.1,normal,0,100000,87962,3,6,0,0.87962,3.4105636524839333e-05,0,15.22261301400431
4,x,4,x,0.1,normal,0,100000,87962,3,6,0,0.87962,3.4105636524839333e-05,0,15.22261301400431
4,x,15,z,0.3,normal,0,100000,88169,7558,13864,0,0.88169,0.08572173893318513,0,15.417064604000188
4,x,15,x,0.3,normal,0,100000,88169,7558,13864,0,0.88169,0.08572173893318513,0,15.417064604000188
4,x,15,z,0.3,normal,0,100000,88169,7558,13864,0,0.88169,0.08572173893318513,0,15.417064604000188
4,x,15,z,0.3,normal,0,100000,88169,7558,13864,0,0.88169,0.08572173893318513,0,15.417064604000188
4,x,6,x,0.1,normal,0,100000,88682,67,128,0,0.88682,0.000755508445907882,0,13.72706048899272
4,x,6,x,0.1,normal,0,100000,88682,67,128,0,0.88682,0.000755508445907882,0,13.72706048899272
4,x,6,z,0.1,normal,0,100000,88682,67,128,0,0.88682,0.000755508445907882,0,13.72706048899272
4,x,6,x,0.1,normal,0,100000,88682,67,128,0,0.88682,0.000755508445907882,0,13.72706048899272
4,x,9,z,0.1,normal,0,100000,100000,0,0,0,1.0,0.0,0,10.485093675000826
4,x,9,z,0.1,normal,0,100000,100000,0,0,0,1.0,0.0,0,10.485093675000826
4,x,9,z,0.1,normal,0,100000,100000,0,0,0,1.0,0.0,0,10.485093675000826
4,x,9,x,0.1,normal,0,100000,100000,0,0,0,1.0,0.0,0,10.485093675000826
4,x,10,x,0.1,normal,0,100000,88835,71,138,0,0.88835,0.0007992345359374431,0,13.824324597997474
4,x,10,x,0.1,normal,0,100000,88835,71,138,0,0.88835,0.0007992345359374431,0,13.824324597997474
4,x,10,x,0.1,normal,0,100000,88835,71,138,0,0.88835,0.0007992345359374431,0,13.824324597997474
4,x,10,z,0.1,normal,0,100000,88835,71,138,0,0.88835,0.0007992345359374431,0,13.824324597997474
4,x,2,x,1,m1,0,100000,39152,2,3,0,0.39152,5.1082958725023886e-05,0,4.539482833992224
4,x,2,x,1,m1,0,100000,39152,2,3,0,0.39152,5.1082958725023886e-05,0,4.539482833992224
4,x,2,x,1,m1,0,100000,39152,2,3,0,0.39152,5.1082958725023886e-05,0,4.539482833992224
4,x,2,x,1,m1,0,100000,39152,2,3,0,0.39152,5.1082958725023886e-05,0,4.539482833992224
4,x,8,x,0.1,normal,0,100000,91518,2069,3982,0,0.91518,0.02260757446622519,0,17.85832157099503
4,x,8,z,0.1,normal,0,100000,91518,2069,3982,0,0.91518,0.02260757446622519,0,17.85832157099503
4,x,8,z,0.1,normal,0,100000,91518,2069,3982,0,0.91518,0.02260757446622519,0,17.85832157099503
4,x,8,x,0.1,normal,0,100000,91518,2069,3982,0,0.91518,0.02260757446622519,0,17.85832157099503
4,x,11,z,0.1,normal,0,100000,92993,70,126,0,0.92993,0.0007527448302560025,0,16.0294210229913
4,x,11,x,0.1,normal,0,100000,92993,70,126,0,0.92993,0.0007527448302560025,0,16.0294210229913
4,x,11,x,0.1,normal,0,100000,92993,70,126,0,0.92993,0.0007527448302560025,0,16.0294210229913
4,x,11,z,0.1,normal,0,100000,92993,70,126,0,0.92993,0.0007527448302560025,0,16.0294210229913
4,x,12,x,0.1,normal,0,100000,89795,1956,3657,0,0.89795,0.02178295005289832,0,13.793373317006626
4,x,12,z,0.1,normal,0,100000,89795,1956,3657,0,0.89795,0.02178295005289832,0,13.793373317006626
4,x,12,x,0.1,normal,0,100000,89795,1956,3657,0,0.89795,0.02178295005289832,0,13.793373317006626
4,x,12,z,0.1,normal,0,100000,89795,1956,3657,0,0.89795,0.02178295005289832,0,13.793373317006626
4,x,3,z,1,m1,0,100000,65430,1,2,0,0.6543,1.5283509093633185e-05,0,4.6046206210012315
4,x,3,x,1,m1,0,100000,65430,1,2,0,0.6543,1.5283509093633185e-05,0,4.6046206210012315
4,x,3,x,1,m1,0,100000,65430,1,2,0,0.6543,1.5283509093633185e-05,0,4.6046206210012315
4,x,3,x,1,m1,0,100000,65430,1,2,0,0.6543,1.5283509093633185e-05,0,4.6046206210012315
4,x,7,z,0.1,normal,0,100000,94364,50,97,0,0.94364,0.0005298630833792117,0,19.288562108995393
4,x,7,x,0.1,normal,0,100000,94364,50,97,0,0.94364,0.0005298630833792117,0,19.288562108995393
4,x,7,z,0.1,normal,0,100000,94364,50,97,0,0.94364,0.0005298630833792117,0,19.288562108995393
4,x,7,x,0.1,normal,0,100000,94364,50,97,0,0.94364,0.0005298630833792117,0,19.288562108995393
4,x,14,x,0.1,normal,0,100000,90689,2995,5736,0,0.90689,0.03302495341221101,0,13.709943476002081
4,x,14,x,0.1,normal,0,100000,90689,2995,5736,0,0.90689,0.03302495341221101,0,13.709943476002081
4,x,14,z,0.1,normal,0,100000,90689,2995,5736,0,0.90689,0.03302495341221101,0,13.709943476002081
4,x,14,z,0.1,normal,0,100000,90689,2995,5736,0,0.90689,0.03302495341221101,0,13.709943476002081
4,x,9,z,1,m1,0,100000,100000,36,61,0,1.0,0.00036000000000002697,0,1.3919571629958227
4,x,9,z,1,m1,0,100000,100000,36,61,0,1.0,0.00036000000000002697,0,1.3919571629958227
4,x,9,z,1,m1,0,100000,100000,36,61,0,1.0,0.00036000000000002697,0,1.3919571629958227
4,x,9,x,1,m1,0,100000,100000,36,61,0,1.0,0.00036000000000002697,0,1.3919571629958227
4,x,13,z,0.1,normal,0,100000,69872,954,1823,0,0.69872,0.013653537897870383,0,15.43629789800616
4,x,13,z,0.1,normal,0,100000,69872,954,1823,0,0.69872,0.013653537897870383,0,15.43629789800616
4,x,13,x,0.1,normal,0,100000,69872,954,1823,0,0.69872,0.013653537897870383,0,15.43629789800616
4,x,13,z,0.1,normal,0,100000,69872,954,1823,0,0.69872,0.013653537897870383,0,15.43629789800616
4,x,4,x,1,m1,0,100000,38345,273,518,0,0.38345,0.007119572304081334,0,10.505390327991336
4,x,4,z,1,m1,0,100000,38345,273,518,0,0.38345,0.007119572304081334,0,10.505390327991336
4,x,4,x,1,m1,0,100000,38345,273,518,0,0.38345,0.007119572304081334,0,10.505390327991336
4,x,4,x,1,m1,0,100000,38345,273,518,0,0.38345,0.007119572304081334,0,10.505390327991336
4,x,5,z,1,m1,0,100000,25418,412,617,0,0.25418,0.016208985758124128,0,10.020859056006884
4,x,5,z,1,m1,0,100000,25418,412,617,0,0.25418,0.016208985758124128,0,10.020859056006884
4,x,5,x,1,m1,0,100000,25418,412,617,0,0.25418,0.016208985758124128,0,10.020859056006884
4,x,5,x,1,m1,0,100000,25418,412,617,0,0.25418,0.016208985758124128,0,10.020859056006884
4,x,8,x,1,m1,0,100000,42033,8683,16418,0,0.42033,0.20657578569219426,0,11.370535137000843
4,x,8,z,1,m1,0,100000,42033,8683,16418,0,0.42033,0.20657578569219426,0,11.370535137000843
4,x,8,z,1,m1,0,100000,42033,8683,16418,0,0.42033,0.20657578569219426,0,11.370535137000843
4,x,8,x,1,m1,0,100000,42033,8683,16418,0,0.42033,0.20657578569219426,0,11.370535137000843
4,x,6,x,1,m1,0,100000,43243,463,870,0,0.43243,0.010706935226510672,0,12.91381984599866
4,x,6,x,1,m1,0,100000,43243,463,870,0,0.43243,0.010706935226510672,0,12.91381984599866
4,x,6,z,1,m1,0,100000,43243,463,870,0,0.43243,0.010706935226510672,0,12.91381984599866
4,x,6,x,1,m1,0,100000,43243,463,870,0,0.43243,0.010706935226510672,0,12.91381984599866
4,x,7,z,1,m1,0,100000,52383,2198,3867,0,0.52383,0.0419601779203177,0,12.853501350007718
4,x,7,x,1,m1,0,100000,52383,2198,3867,0,0.52383,0.0419601779203177,0,12.853501350007718
4,x,7,z,1,m1,0,100000,52383,2198,3867,0,0.52383,0.0419601779203177,0,12.853501350007718
4,x,7,x,1,m1,0,100000,52383,2198,3867,0,0.52383,0.0419601779203177,0,12.853501350007718
4,x,15,z,0.1,normal,0,100000,95841,2914,5647,0,0.95841,0.030404524159806323,0,16.483099664998008
4,x,15,x,0.1,normal,0,100000,95841,2914,5647,0,0.95841,0.030404524159806323,0,16.483099664998008
4,x,15,z,0.1,normal,0,100000,95841,2914,5647,0,0.95841,0.030404524159806323,0,16.483099664998008
4,x,15,z,0.1,normal,0,100000,95841,2914,5647,0,0.95841,0.030404524159806323,0,16.483099664998008
4,x,10,x,1,m1,0,100000,40082,956,1696,0,0.40082,0.0238511052342697,0,10.451258050990873
4,x,10,x,1,m1,0,100000,40082,956,1696,0,0.40082,0.0238511052342697,0,10.451258050990873
4,x,10,x,1,m1,0,100000,40082,956,1696,0,0.40082,0.0238511052342697,0,10.451258050990873
4,x,10,z,1,m1,0,100000,40082,956,1696,0,0.40082,0.0238511052342697,0,10.451258050990873
4,x,2,x,0.8,m1,0,100000,46943,2,4,0,0.46943,4.2604861214656786e-05,0,3.8535535689879907
4,x,2,x,0.8,m1,0,100000,46943,2,4,0,0.46943,4.2604861214656786e-05,0,3.8535535689879907
4,x,2,x,0.8,m1,0,100000,46943,2,4,0,0.46943,4.2604861214656786e-05,0,3.8535535689879907
4,x,2,x,0.8,m1,0,100000,46943,2,4,0,0.46943,4.2604861214656786e-05,0,3.8535535689879907
4,x,3,z,0.8,m1,0,100000,71107,1,2,0,0.71107,1.4063313035328484e-05,0,2.9078652049938682
4,x,3,x,0.8,m1,0,100000,71107,1,2,0,0.71107,1.4063313035328484e-05,0,2.9078652049938682
4,x,3,x,0.8,m1,0,100000,71107,1,2,0,0.71107,1.4063313035328484e-05,0,2.9078652049938682
4,x,3,x,0.8,m1,0,100000,71107,1,2,0,0.71107,1.4063313035328484e-05,0,2.9078652049938682
4,x,12,x,1,m1,0,100000,31104,6687,12296,0,0.31104,0.21498842592592593,0,12.617646348007838
4,x,12,z,1,m1,0,100000,31104,6687,12296,0,0.31104,0.21498842592592593,0,12.617646348007838
4,x,12,x,1,m1,0,100000,31104,6687,12296,0,0.31104,0.21498842592592593,0,12.617646348007838
4,x,12,z,1,m1,0,100000,31104,6687,12296,0,0.31104,0.21498842592592593,0,12.617646348007838
4,x,11,z,1,m1,0,100000,54399,1136,2103,0,0.54399,0.020882736815014957,0,13.95073988699005
4,x,11,x,1,m1,0,100000,54399,1136,2103,0,0.54399,0.020882736815014957,0,13.95073988699005
4,x,11,x,1,m1,0,100000,54399,1136,2103,0,0.54399,0.020882736815014957,0,13.95073988699005
4,x,11,z,1,m1,0,100000,54399,1136,2103,0,0.54399,0.020882736815014957,0,13.95073988699005
4,x,14,x,1,m1,0,100000,41935,9400,16650,0,0.41935,0.22415643257422202,0,11.707969006994972
4,x,14,x,1,m1,0,100000,41935,9400,16650,0,0.41935,0.22415643257422202,0,11.707969006994972
4,x,14,z,1,m1,0,100000,41935,9400,16650,0,0.41935,0.22415643257422202,0,11.707969006994972
4,x,14,z,1,m1,0,100000,41935,9400,16650,0,0.41935,0.22415643257422202,0,11.707969006994972
4,x,9,z,0.8,m1,0,100000,100000,14,25,0,1.0,0.000140000000000029,0,1.1626377849897835
4,x,9,z,0.8,m1,0,100000,100000,14,25,0,1.0,0.000140000000000029,0,1.1626377849897835
4,x,9,z,0.8,m1,0,100000,100000,14,25,0,1.0,0.000140000000000029,0,1.1626377849897835
4,x,9,x,0.8,m1,0,100000,100000,14,25,0,1.0,0.000140000000000029,0,1.1626377849897835
4,x,13,z,1,m1,0,100000,62159,4466,7148,0,0.62159,0.07184800270274616,0,13.61465787400084
4,x,13,z,1,m1,0,100000,62159,4466,7148,0,0.62159,0.07184800270274616,0,13.61465787400084
4,x,13,x,1,m1,0,100000,62159,4466,7148,0,0.62159,0.07184800270274616,0,13.61465787400084
4,x,13,z,1,m1,0,100000,62159,4466,7148,0,0.62159,0.07184800270274616,0,13.61465787400084
4,x,4,x,0.8,m1,0,100000,46564,208,396,0,0.46564,0.004466970191564279,0,10.06749198200123
4,x,4,z,0.8,m1,0,100000,46564,208,396,0,0.46564,0.004466970191564279,0,10.06749198200123
4,x,4,x,0.8,m1,0,100000,46564,208,396,0,0.46564,0.004466970191564279,0,10.06749198200123
4,x,4,x,0.8,m1,0,100000,46564,208,396,0,0.46564,0.004466970191564279,0,10.06749198200123
4,x,15,z,1,m1,0,100000,60046,10658,17774,0,0.60046,0.17749725210671818,0,13.960945004000678
4,x,15,x,1,m1,0,100000,60046,10658,17774,0,0.60046,0.17749725210671818,0,13.960945004000678
4,x,15,z,1,m1,0,100000,60046,10658,17774,0,0.60046,0.17749725210671818,0,13.960945004000678
4,x,15,z,1,m1,0,100000,60046,10658,17774,0,0.60046,0.17749725210671818,0,13.960945004000678
4,x,5,z,0.8,m1,0,100000,31556,243,368,0,0.31556,0.0077005957662568125,0,7.437587552005425
4,x,5,z,0.8,m1,0,100000,31556,243,368,0,0.31556,0.0077005957662568125,0,7.437587552005425
4,x,5,x,0.8,m1,0,100000,31556,243,368,0,0.31556,0.0077005957662568125,0,7.437587552005425
4,x,5,x,0.8,m1,0,100000,31556,243,368,0,0.31556,0.0077005957662568125,0,7.437587552005425
4,x,6,x,0.8,m1,0,100000,51282,370,693,0,0.51282,0.00721500721500723,0,11.378265096005634
4,x,6,x,0.8,m1,0,100000,51282,370,693,0,0.51282,0.00721500721500723,0,11.378265096005634
4,x,6,z,0.8,m1,0,100000,51282,370,693,0,0.51282,0.00721500721500723,0,11.378265096005634
4,x,6,x,0.8,m1,0,100000,51282,370,693,0,0.51282,0.00721500721500723,0,11.378265096005634
4,x,2,x,0.5,m1,0,100000,62451,0,1,0,0.62451,0.0,0,2.6417376510071335
4,x,2,x,0.5,m1,0,100000,62451,0,1,0,0.62451,0.0,0,2.6417376510071335
4,x,2,x,0.5,m1,0,100000,62451,0,1,0,0.62451,0.0,0,2.6417376510071335
4,x,2,x,0.5,m1,0,100000,62451,0,1,0,0.62451,0.0,0,2.6417376510071335
4,x,7,z,0.8,m1,0,100000,59422,1732,3071,0,0.59422,0.029147453804988066,0,12.995649456002866
4,x,7,x,0.8,m1,0,100000,59422,1732,3071,0,0.59422,0.029147453804988066,0,12.995649456002866
4,x,7,z,0.8,m1,0,100000,59422,1732,3071,0,0.59422,0.029147453804988066,0,12.995649456002866
4,x,7,x,0.8,m1,0,100000,59422,1732,3071,0,0.59422,0.029147453804988066,0,12.995649456002866
4,x,8,x,0.8,m1,0,100000,49936,8453,16172,0,0.49936,0.16927667414290293,0,12.339228700002423
4,x,8,z,0.8,m1,0,100000,49936,8453,16172,0,0.49936,0.16927667414290293,0,12.339228700002423
4,x,8,z,0.8,m1,0,100000,49936,8453,16172,0,0.49936,0.16927667414290293,0,12.339228700002423
4,x,8,x,0.8,m1,0,100000,49936,8453,16172,0,0.49936,0.16927667414290293,0,12.339228700002423
4,x,10,x,0.8,m1,0,100000,47777,792,1411,0,0.47777,0.016577014044414695,0,11.369903874001466
4,x,10,x,0.8,m1,0,100000,47777,792,1411,0,0.47777,0.016577014044414695,0,11.369903874001466
4,x,10,x,0.8,m1,0,100000,47777,792,1411,0,0.47777,0.016577014044414695,0,11.369903874001466
4,x,10,z,0.8,m1,0,100000,47777,792,1411,0,0.47777,0.016577014044414695,0,11.369903874001466
4,x,12,x,0.8,m1,0,100000,39367,7102,13126,0,0.39367,0.18040490766377926,0,10.974286495009437
4,x,12,z,0.8,m1,0,100000,39367,7102,13126,0,0.39367,0.18040490766377926,0,10.974286495009437
4,x,12,x,0.8,m1,0,100000,39367,7102,13126,0,0.39367,0.18040490766377926,0,10.974286495009437
4,x,12,z,0.8,m1,0,100000,39367,7102,13126,0,0.39367,0.18040490766377926,0,10.974286495009437
4,x,3,z,0.5,m1,0,100000,81012,0,0,0,0.81012,0.0,0,2.337302140003885
4,x,3,x,0.5,m1,0,100000,81012,0,0,0,0.81012,0.0,0,2.337302140003885
4,x,3,x,0.5,m1,0,100000,81012,0,0,0,0.81012,0.0,0,2.337302140003885
4,x,3,x,0.5,m1,0,100000,81012,0,0,0,0.81012,0.0,0,2.337302140003885
4,x,9,z,0.5,m1,0,100000,100000,2,5,0,1.0,2.0000000000020002e-05,0,0.8962404640042223
4,x,9,z,0.5,m1,0,100000,100000,2,5,0,1.0,2.0000000000020002e-05,0,0.8962404640042223
4,x,9,z,0.5,m1,0,100000,100000,2,5,0,1.0,2.0000000000020002e-05,0,0.8962404640042223
4,x,9,x,0.5,m1,0,100000,100000,2,5,0,1.0,2.0000000000020002e-05,0,0.8962404640042223
4,x,14,x,0.8,m1,0,100000,49742,9532,17016,0,0.49742,0.19162880463190057,0,11.1865546899935
4,x,14,x,0.8,m1,0,100000,49742,9532,17016,0,0.49742,0.19162880463190057,0,11.1865546899935
4,x,14,z,0.8,m1,0,100000,49742,9532,17016,0,0.49742,0.19162880463190057,0,11.1865546899935
4,x,14,z,0.8,m1,0,100000,49742,9532,17016,0,0.49742,0.19162880463190057,0,11.1865546899935
4,x,11,z,0.8,m1,0,100000,61240,825,1524,0,0.6124,0.013471587197909862,0,15.372319686008268
4,x,11,x,0.8,m1,0,100000,61240,825,1524,0,0.6124,0.013471587197909862,0,15.372319686008268
4,x,11,x,0.8,m1,0,100000,61240,825,1524,0,0.6124,0.013471587197909862,0,15.372319686008268
4,x,11,z,0.8,m1,0,100000,61240,825,1524,0,0.6124,0.013471587197909862,0,15.372319686008268
4,x,5,z,0.5,m1,0,100000,45937,72,129,0,0.45937,0.0015673639985197552,0,4.776534178003203
4,x,5,z,0.5,m1,0,100000,45937,72,129,0,0.45937,0.0015673639985197552,0,4.776534178003203
4,x,5,x,0.5,m1,0,100000,45937,72,129,0,0.45937,0.0015673639985197552,0,4.776534178003203
4,x,5,x,0.5,m1,0,100000,45937,72,129,0,0.45937,0.0015673639985197552,0,4.776534178003203
4,x,13,z,0.8,m1,0,100000,68286,3283,5528,0,0.68286,0.04807720469788834,0,14.022511947987368
4,x,13,z,0.8,m1,0,100000,68286,3283,5528,0,0.68286,0.04807720469788834,0,14.022511947987368
4,x,13,x,0.8,m1,0,100000,68286,3283,5528,0,0.68286,0.04807720469788834,0,14.022511947987368
4,x,13,z,0.8,m1,0,100000,68286,3283,5528,0,0.68286,0.04807720469788834,0,14.022511947987368
4,x,4,x,0.5,m1,0,100000,61921,126,245,0,0.61921,0.0020348508583517555,0,11.368477866999456
4,x,4,z,0.5,m1,0,100000,61921,126,245,0,0.61921,0.0020348508583517555,0,11.368477866999456
4,x,4,x,0.5,m1,0,100000,61921,126,245,0,0.61921,0.0020348508583517555,0,11.368477866999456
4,x,4,x,0.5,m1,0,100000,61921,126,245,0,0.61921,0.0020348508583517555,0,11.368477866999456
4,x,15,z,0.8,m1,0,100000,66343,9753,16732,0,0.66343,0.14700872737138804,0,15.8253687890101
4,x,15,x,0.8,m1,0,100000,66343,9753,16732,0,0.66343,0.14700872737138804,0,15.8253687890101
4,x,15,z,0.8,m1,0,100000,66343,9753,16732,0,0.66343,0.14700872737138804,0,15.8253687890101
4,x,15,z,0.8,m1,0,100000,66343,9753,16732,0,0.66343,0.14700872737138804,0,15.8253687890101
4,x,7,z,0.5,m1,0,100000,71976,910,1664,0,0.71976,0.012643103256641086,0,11.651817199992365
4,x,7,x,0.5,m1,0,100000,71976,910,1664,0,0.71976,0.012643103256641086,0,11.651817199992365
4,x,7,z,0.5,m1,0,100000,71976,910,1664,0,0.71976,0.012643103256641086,0,11.651817199992365
4,x,7,x,0.5,m1,0,100000,71976,910,1664,0,0.71976,0.012643103256641086,0,11.651817199992365
4,x,6,x,0.5,m1,0,100000,65518,186,365,0,0.65518,0.002838914496779532,0,12.791936836001696
4,x,6,x,0.5,m1,0,100000,65518,186,365,0,0.65518,0.002838914496779532,0,12.791936836001696
4,x,6,z,0.5,m1,0,100000,65518,186,365,0,0.65518,0.002838914496779532,0,12.791936836001696
4,x,6,x,0.5,m1,0,100000,65518,186,365,0,0.65518,0.002838914496779532,0,12.791936836001696
4,x,8,x,0.5,m1,0,100000,64301,7140,13695,0,0.64301,0.11104026375950604,0,12.083808777999366
4,x,8,z,0.5,m1,0,100000,64301,7140,13695,0,0.64301,0.11104026375950604,0,12.083808777999366
4,x,8,z,0.5,m1,0,100000,64301,7140,13695,0,0.64301,0.11104026375950604,0,12.083808777999366
4,x,8,x,0.5,m1,0,100000,64301,7140,13695,0,0.64301,0.11104026375950604,0,12.083808777999366
4,x,2,x,0.3,m1,0,100000,75324,0,0,0,0.75324,0.0,0,1.803587696995237
4,x,2,x,0.3,m1,0,100000,75324,0,0,0,0.75324,0.0,0,1.803587696995237
4,x,2,x,0.3,m1,0,100000,75324,0,0,0,0.75324,0.0,0,1.803587696995237
4,x,2,x,0.3,m1,0,100000,75324,0,0,0,0.75324,0.0,0,1.803587696995237
4,x,12,x,0.5,m1,0,100000,55374,6549,12368,0,0.55374,0.11826850146278034,0,12.246827577007934
4,x,12,z,0.5,m1,0,100000,55374,6549,12368,0,0.55374,0.11826850146278034,0,12.246827577007934
4,x,12,x,0.5,m1,0,100000,55374,6549,12368,0,0.55374,0.11826850146278034,0,12.246827577007934
4,x,12,z,0.5,m1,0,100000,55374,6549,12368,0,0.55374,0.11826850146278034,0,12.246827577007934
4,x,10,x,0.5,m1,0,100000,62824,500,939,0,0.62824,0.007958741882083231,0,13.59699633999844
4,x,10,x,0.5,m1,0,100000,62824,500,939,0,0.62824,0.007958741882083231,0,13.59699633999844
4,x,10,x,0.5,m1,0,100000,62824,500,939,0,0.62824,0.007958741882083231,0,13.59699633999844
4,x,10,z,0.5,m1,0,100000,62824,500,939,0,0.62824,0.007958741882083231,0,13.59699633999844
4,x,3,z,0.3,m1,0,100000,87958,0,0,0,0.87958,0.0,0,1.9857328649959527
4,x,3,x,0.3,m1,0,100000,87958,0,0,0,0.87958,0.0,0,1.9857328649959527
4,x,3,x,0.3,m1,0,100000,87958,0,0,0,0.87958,0.0,0,1.9857328649959527
4,x,3,x,0.3,m1,0,100000,87958,0,0,0,0.87958,0.0,0,1.9857328649959527
4,x,14,x,0.5,m1,0,100000,64708,8252,15217,0,0.64708,0.12752673548865678,0,12.158645302988589
4,x,14,x,0.5,m1,0,100000,64708,8252,15217,0,0.64708,0.12752673548865678,0,12.158645302988589
4,x,14,z,0.5,m1,0,100000,64708,8252,15217,0,0.64708,0.12752673548865678,0,12.158645302988589
4,x,14,z,0.5,m1,0,100000,64708,8252,15217,0,0.64708,0.12752673548865678,0,12.158645302988589
4,x,11,z,0.5,m1,0,100000,73449,404,767,0,0.73449,0.0055004152541219264,0,15.123834350000834
4,x,11,x,0.5,m1,0,100000,73449,404,767,0,0.73449,0.0055004152541219264,0,15.123834350000834
4,x,11,x,0.5,m1,0,100000,73449,404,767,0,0.73449,0.0055004152541219264,0,15.123834350000834
4,x,11,z,0.5,m1,0,100000,73449,404,767,0,0.73449,0.0055004152541219264,0,15.123834350000834
4,x,5,z,0.3,m1,0,100000,61465,16,30,0,0.61465,0.0002603107459530074,0,3.1728031509992434
4,x,5,z,0.3,m1,0,100000,61465,16,30,0,0.61465,0.0002603107459530074,0,3.1728031509992434
4,x,5,x,0.3,m1,0,100000,61465,16,30,0,0.61465,0.0002603107459530074,0,3.1728031509992434
4,x,5,x,0.3,m1,0,100000,61465,16,30,0,0.61465,0.0002603107459530074,0,3.1728031509992434
4,x,9,z,0.3,m1,0,100000,100000,0,0,0,1.0,0.0,0,0.4417959569982486
4,x,9,z,0.3,m1,0,100000,100000,0,0,0,1.0,0.0,0,0.4417959569982486
4,x,9,z,0.3,m1,0,100000,100000,0,0,0,1.0,0.0,0,0.4417959569982486
4,x,9,x,0.3,m1,0,100000,100000,0,0,0,1.0,0.0,0,0.4417959569982486
4,x,13,z,0.5,m1,0,100000,78657,1714,3057,0,0.78657,0.021790813277902776,0,12.969157023006119
4,x,13,z,0.5,m1,0,100000,78657,1714,3057,0,0.78657,0.021790813277902776,0,12.969157023006119
4,x,13,x,0.5,m1,0,100000,78657,1714,3057,0,0.78657,0.021790813277902776,0,12.969157023006119
4,x,13,z,0.5,m1,0,100000,78657,1714,3057,0,0.78657,0.021790813277902776,0,12.969157023006119
4,x,4,x,0.3,m1,0,100000,75144,43,84,0,0.75144,0.0005722346428190805,0,9.334986273999675
4,x,4,z,0.3,m1,0,100000,75144,43,84,0,0.75144,0.0005722346428190805,0,9.334986273999675
4,x,4,x,0.3,m1,0,100000,75144,43,84,0,0.75144,0.0005722346428190805,0,9.334986273999675
4,x,4,x,0.3,m1,0,100000,75144,43,84,0,0.75144,0.0005722346428190805,0,9.334986273999675
4,x,15,z,0.5,m1,0,100000,77553,7466,13517,0,0.77553,0.09626964785372583,0,16.164992671008804
4,x,15,x,0.5,m1,0,100000,77553,7466,13517,0,0.77553,0.09626964785372583,0,16.164992671008804
4,x,15,z,0.5,m1,0,100000,77553,7466,13517,0,0.77553,0.09626964785372583,0,16.164992671008804
4,x,15,z,0.5,m1,0,100000,77553,7466,13517,0,0.77553,0.09626964785372583,0,16.164992671008804
4,x,6,x,0.3,m1,0,100000,77553,90,175,0,0.77553,0.001160496692584445,0,12.88879444700433
4,x,6,x,0.3,m1,0,100000,77553,90,175,0,0.77553,0.001160496692584445,0,12.88879444700433
4,x,6,z,0.3,m1,0,100000,77553,90,175,0,0.77553,0.001160496692584445,0,12.88879444700433
4,x,6,x,0.3,m1,0,100000,77553,90,175,0,0.77553,0.001160496692584445,0,12.88879444700433
4,x,7,z,0.3,m1,0,100000,81869,452,855,0,0.81869,0.005521015280509078,0,10.896432957000798
4,x,7,x,0.3,m1,0,100000,81869,452,855,0,0.81869,0.005521015280509078,0,10.896432957000798
4,x,7,z,0.3,m1,0,100000,81869,452,855,0,0.81869,0.005521015280509078,0,10.896432957000798
4,x,7,x,0.3,m1,0,100000,81869,452,855,0,0.81869,0.005521015280509078,0,10.896432957000798
4,x,2,x,0.1,m1,0,100000,91111,0,0,0,0.91111,0.0,0,1.2271334849938285
4,x,2,x,0.1,m1,0,100000,91111,0,0,0,0.91111,0.0,0,1.2271334849938285
4,x,2,x,0.1,m1,0,100000,91111,0,0,0,0.91111,0.0,0,1.2271334849938285
4,x,2,x,0.1,m1,0,100000,91111,0,0,0,0.91111,0.0,0,1.2271334849938285
4,x,8,x,0.3,m1,0,100000,76580,5144,9954,0,0.7658,0.06717158527030553,0,12.90593607199844
4,x,8,z,0.3,m1,0,100000,76580,5144,9954,0,0.7658,0.06717158527030553,0,12.90593607199844
4,x,8,z,0.3,m1,0,100000,76580,5144,9954,0,0.7658,0.06717158527030553,0,12.90593607199844
4,x,8,x,0.3,m1,0,100000,76580,5144,9954,0,0.7658,0.06717158527030553,0,12.90593607199844
4,x,3,z,0.1,m1,0,100000,95689,0,0,0,0.95689,0.0,0,0.7393628940044437
4,x,3,x,0.1,m1,0,100000,95689,0,0,0,0.95689,0.0,0,0.7393628940044437
4,x,3,x,0.1,m1,0,100000,95689,0,0,0,0.95689,0.0,0,0.7393628940044437
4,x,3,x,0.1,m1,0,100000,95689,0,0,0,0.95689,0.0,0,0.7393628940044437
4,x,5,z,0.1,m1,0,100000,84474,1,2,0,0.84474,1.1837961976457478e-05,0,1.2648287109914236
4,x,5,z,0.1,m1,0,100000,84474,1,2,0,0.84474,1.1837961976457478e-05,0,1.2648287109914236
4,x,5,x,0.1,m1,0,100000,84474,1,2,0,0.84474,1.1837961976457478e-05,0,1.2648287109914236
4,x,5,x,0.1,m1,0,100000,84474,1,2,0,0.84474,1.1837961976457478e-05,0,1.2648287109914236
4,x,11,z,0.3,m1,0,100000,82810,188,371,0,0.8281,0.0022702572153121547,0,14.560270248999586
4,x,11,x,0.3,m1,0,100000,82810,188,371,0,0.8281,0.0022702572153121547,0,14.560270248999586
4,x,11,x,0.3,m1,0,100000,82810,188,371,0,0.8281,0.0022702572153121547,0,14.560270248999586
4,x,11,z,0.3,m1,0,100000,82810,188,371,0,0.8281,0.0022702572153121547,0,14.560270248999586
4,x,10,x,0.3,m1,0,100000,75503,262,500,0,0.75503,0.0034700607922864,0,14.093977696000366
4,x,10,x,0.3,m1,0,100000,75503,262,500,0,0.75503,0.0034700607922864,0,14.093977696000366
4,x,10,x,0.3,m1,0,100000,75503,262,500,0,0.75503,0.0034700607922864,0,14.093977696000366
4,x,10,z,0.3,m1,0,100000,75503,262,500,0,0.75503,0.0034700607922864,0,14.093977696000366
4,x,12,x,0.3,m1,0,100000,70016,5138,9777,0,0.70016,0.07338322669104203,0,14.643273527995916
4,x,12,z,0.3,m1,0,100000,70016,5138,9777,0,0.70016,0.07338322669104203,0,14.643273527995916
4,x,12,x,0.3,m1,0,100000,70016,5138,9777,0,0.70016,0.07338322669104203,0,14.643273527995916
4,x,12,z,0.3,m1,0,100000,70016,5138,9777,0,0.70016,0.07338322669104203,0,14.643273527995916
4,x,13,z,0.3,m1,0,100000,86813,732,1391,0,0.86813,0.00843191687880851,0,13.129299277003156
4,x,13,z,0.3,m1,0,100000,86813,732,1391,0,0.86813,0.00843191687880851,0,13.129299277003156
4,x,13,x,0.3,m1,0,100000,86813,732,1391,0,0.86813,0.00843191687880851,0,13.129299277003156
4,x,13,z,0.3,m1,0,100000,86813,732,1391,0,0.86813,0.00843191687880851,0,13.129299277003156
4,x,9,z,0.1,m1,0,100000,100000,0,0,0,1.0,0.0,0,0.3239357389975339
4,x,9,z,0.1,m1,0,100000,100000,0,0,0,1.0,0.0,0,0.3239357389975339
4,x,9,z,0.1,m1,0,100000,100000,0,0,0,1.0,0.0,0,0.3239357389975339
4,x,9,x,0.1,m1,0,100000,100000,0,0,0,1.0,0.0,0,0.3239357389975339
4,x,14,x,0.3,m1,0,100000,77261,6168,11555,0,0.77261,0.07983329234672087,0,13.202466716000345
4,x,14,x,0.3,m1,0,100000,77261,6168,11555,0,0.77261,0.07983329234672087,0,13.202466716000345
4,x,14,z,0.3,m1,0,100000,77261,6168,11555,0,0.77261,0.07983329234672087,0,13.202466716000345
4,x,14,z,0.3,m1,0,100000,77261,6168,11555,0,0.77261,0.07983329234672087,0,13.202466716000345
4,x,4,x,0.1,m1,0,100000,90875,10,19,0,0.90875,0.00011004126547453641,0,8.556337068002904
4,x,4,z,0.1,m1,0,100000,90875,10,19,0,0.90875,0.00011004126547453641,0,8.556337068002904
4,x,4,x,0.1,m1,0,100000,90875,10,19,0,0.90875,0.00011004126547453641,0,8.556337068002904
4,x,4,x,0.1,m1,0,100000,90875,10,19,0,0.90875,0.00011004126547453641,0,8.556337068002904
4,x,15,z,0.3,m1,0,100000,85760,5205,9814,0,0.8576,0.06069263059701491,0,15.15682510699844
4,x,15,x,0.3,m1,0,100000,85760,5205,9814,0,0.8576,0.06069263059701491,0,15.15682510699844
4,x,15,z,0.3,m1,0,100000,85760,5205,9814,0,0.8576,0.06069263059701491,0,15.15682510699844
4,x,15,z,0.3,m1,0,100000,85760,5205,9814,0,0.8576,0.06069263059701491,0,15.15682510699844
4,x,7,z,0.1,m1,0,100000,93527,84,162,0,0.93527,0.0008981363670383935,0,9.204916726986994
4,x,7,x,0.1,m1,0,100000,93527,84,162,0,0.93527,0.0008981363670383935,0,9.204916726986994
4,x,7,z,0.1,m1,0,100000,93527,84,162,0,0.93527,0.0008981363670383935,0,9.204916726986994
4,x,7,x,0.1,m1,0,100000,93527,84,162,0,0.93527,0.0008981363670383935,0,9.204916726986994
4,x,8,x,0.1,m1,0,100000,91293,2108,4097,0,0.91293,0.023090488865520897,0,13.529667211012566
4,x,8,z,0.1,m1,0,100000,91293,2108,4097,0,0.91293,0.023090488865520897,0,13.529667211012566
4,x,8,z,0.1,m1,0,100000,91293,2108,4097,0,0.91293,0.023090488865520897,0,13.529667211012566
4,x,8,x,0.1,m1,0,100000,91293,2108,4097,0,0.91293,0.023090488865520897,0,13.529667211012566
4,x,6,x,0.1,m1,0,100000,92078,21,42,0,0.92078,0.00022806750798232134,0,17.370338919994538
4,x,6,x,0.1,m1,0,100000,92078,21,42,0,0.92078,0.00022806750798232134,0,17.370338919994538
4,x,6,z,0.1,m1,0,100000,92078,21,42,0,0.92078,0.00022806750798232134,0,17.370338919994538
4,x,6,x,0.1,m1,0,100000,92078,21,42,0,0.92078,0.00022806750798232134,0,17.370338919994538
4,x,13,z,0.1,m1,0,100000,95251,96,189,0,0.95251,0.0010078634345046522,0,9.426328060988453
4,x,13,z,0.1,m1,0,100000,95251,96,189,0,0.95251,0.0010078634345046522,0,9.426328060988453
4,x,13,x,0.1,m1,0,100000,95251,96,189,0,0.95251,0.0010078634345046522,0,9.426328060988453
4,x,13,z,0.1,m1,0,100000,95251,96,189,0,0.95251,0.0010078634345046522,0,9.426328060988453
4,x,10,x,0.1,m1,0,100000,91033,75,146,0,0.91033,0.0008238770555732966,0,13.579636360998848
4,x,10,x,0.1,m1,0,100000,91033,75,146,0,0.91033,0.0008238770555732966,0,13.579636360998848
4,x,10,x,0.1,m1,0,100000,91033,75,146,0,0.91033,0.0008238770555732966,0,13.579636360998848
4,x,10,z,0.1,m1,0,100000,91033,75,146,0,0.91033,0.0008238770555732966,0,13.579636360998848
4,x,12,x,0.1,m1,0,100000,88804,2297,4410,0,0.88804,0.025865951984144875,0,13.60858760199335
4,x,12,z,0.1,m1,0,100000,88804,2297,4410,0,0.88804,0.025865951984144875,0,13.60858760199335
4,x,12,x,0.1,m1,0,100000,88804,2297,4410,0,0.88804,0.025865951984144875,0,13.60858760199335
4,x,12,z,0.1,m1,0,100000,88804,2297,4410,0,0.88804,0.025865951984144875,0,13.60858760199335
4,x,11,z,0.1,m1,0,100000,93888,31,60,0,0.93888,0.00033018064076351106,0,14.867378847993677
4,x,11,x,0.1,m1,0,100000,93888,31,60,0,0.93888,0.00033018064076351106,0,14.867378847993677
4,x,11,x,0.1,m1,0,100000,93888,31,60,0,0.93888,0.00033018064076351106,0,14.867378847993677
4,x,11,z,0.1,m1,0,100000,93888,31,60,0,0.93888,0.00033018064076351106,0,14.867378847993677
4,x,14,x,0.1,m1,0,100000,91576,2551,4918,0,0.91576,0.027856643662094838,0,14.306516427008319
4,x,14,x,0.1,m1,0,100000,91576,2551,4918,0,0.91576,0.027856643662094838,0,14.306516427008319
4,x,14,z,0.1,m1,0,100000,91576,2551,4918,0,0.91576,0.027856643662094838,0,14.306516427008319
4,x,14,z,0.1,m1,0,100000,91576,2551,4918,0,0.91576,0.027856643662094838,0,14.306516427008319
4,z,3,x,1,normal,0,100000,27622,5319,9306,0,0.27622,0.19256389834190135,0,11.876111760007916
4,z,3,z,1,normal,0,100000,27622,5319,9306,0,0.27622,0.19256389834190135,0,11.876111760007916
4,z,3,x,1,normal,0,100000,27622,5319,9306,0,0.27622,0.19256389834190135,0,11.876111760007916
4,z,3,x,1,normal,0,100000,27622,5319,9306,0,0.27622,0.19256389834190135,0,11.876111760007916
4,z,2,z,1,normal,0,100000,51584,10368,16526,0,0.51584,0.20099255583126552,0,15.74170993900043
4,z,2,x,1,normal,0,100000,51584,10368,16526,0,0.51584,0.20099255583126552,0,15.74170993900043
4,z,2,x,1,normal,0,100000,51584,10368,16526,0,0.51584,0.20099255583126552,0,15.74170993900043
4,z,2,x,1,normal,0,100000,51584,10368,16526,0,0.51584,0.20099255583126552,0,15.74170993900043
4,x,15,z,0.1,m1,0,100000,94881,1966,3853,0,0.94881,0.020720692235537186,0,19.178580401989166
4,x,15,x,0.1,m1,0,100000,94881,1966,3853,0,0.94881,0.020720692235537186,0,19.178580401989166
4,x,15,z,0.1,m1,0,100000,94881,1966,3853,0,0.94881,0.020720692235537186,0,19.178580401989166
4,x,15,z,0.1,m1,0,100000,94881,1966,3853,0,0.94881,0.020720692235537186,0,19.178580401989166
4,z,7,x,1,normal,0,100000,44453,1080,1907,0,0.44453,0.02429532315029359,0,10.928462598007172
4,z,7,z,1,normal,0,100000,44453,1080,1907,0,0.44453,0.02429532315029359,0,10.928462598007172
4,z,7,z,1,normal,0,100000,44453,1080,1907,0,0.44453,0.02429532315029359,0,10.928462598007172
4,z,7,x,1,normal,0,100000,44453,1080,1907,0,0.44453,0.02429532315029359,0,10.928462598007172
4,z,5,x,1,normal,0,100000,30545,4670,8552,0,0.30545,0.15288917989851036,0,11.202304190999712
4,z,5,x,1,normal,0,100000,30545,4670,8552,0,0.30545,0.15288917989851036,0,11.202304190999712
4,z,5,z,1,normal,0,100000,30545,4670,8552,0,0.30545,0.15288917989851036,0,11.202304190999712
4,z,5,x,1,normal,0,100000,30545,4670,8552,0,0.30545,0.15288917989851036,0,11.202304190999712
4,z,9,x,1,normal,0,100000,31498,5970,11004,0,0.31498,0.18953584354562192,0,11.874677398998756
4,z,9,x,1,normal,0,100000,31498,5970,11004,0,0.31498,0.18953584354562192,0,11.874677398998756
4,z,9,x,1,normal,0,100000,31498,5970,11004,0,0.31498,0.18953584354562192,0,11.874677398998756
4,z,9,z,1,normal,0,100000,31498,5970,11004,0,0.31498,0.18953584354562192,0,11.874677398998756
4,z,4,z,1,normal,0,100000,40745,3398,5442,0,0.40745,0.0833967357958032,0,13.530172618993674
4,z,4,z,1,normal,0,100000,40745,3398,5442,0,0.40745,0.0833967357958032,0,13.530172618993674
4,z,4,x,1,normal,0,100000,40745,3398,5442,0,0.40745,0.0833967357958032,0,13.530172618993674
4,z,4,x,1,normal,0,100000,40745,3398,5442,0,0.40745,0.0833967357958032,0,13.530172618993674
4,z,8,z,1,normal,0,100000,100000,533,906,0,1.0,0.005329999999999946,0,13.657375260008848
4,z,8,z,1,normal,0,100000,100000,533,906,0,1.0,0.005329999999999946,0,13.657375260008848
4,z,8,z,1,normal,0,100000,100000,533,906,0,1.0,0.005329999999999946,0,13.657375260008848
4,z,8,x,1,normal,0,100000,100000,533,906,0,1.0,0.005329999999999946,0,13.657375260008848
4,z,11,x,1,normal,0,100000,35255,635,1158,0,0.35255,0.01801162955609137,0,10.289550793997478
4,z,11,z,1,normal,0,100000,35255,635,1158,0,0.35255,0.01801162955609137,0,10.289550793997478
4,z,11,x,1,normal,0,100000,35255,635,1158,0,0.35255,0.01801162955609137,0,10.289550793997478
4,z,11,z,1,normal,0,100000,35255,635,1158,0,0.35255,0.01801162955609137,0,10.289550793997478
4,z,10,z,1,normal,0,100000,49727,1042,1927,0,0.49727,0.02095441108452145,0,17.468149086998892
4,z,10,x,1,normal,0,100000,49727,1042,1927,0,0.49727,0.02095441108452145,0,17.468149086998892
4,z,10,x,1,normal,0,100000,49727,1042,1927,0,0.49727,0.02095441108452145,0,17.468149086998892
4,z,10,z,1,normal,0,100000,49727,1042,1927,0,0.49727,0.02095441108452145,0,17.468149086998892
4,z,6,z,1,normal,0,100000,57294,1444,2553,0,0.57294,0.02520333717317691,0,14.145219401994837
4,z,6,x,1,normal,0,100000,57294,1444,2553,0,0.57294,0.02520333717317691,0,14.145219401994837
4,z,6,z,1,normal,0,100000,57294,1444,2553,0,0.57294,0.02520333717317691,0,14.145219401994837
4,z,6,x,1,normal,0,100000,57294,1444,2553,0,0.57294,0.02520333717317691,0,14.145219401994837
4,z,13,x,1,normal,0,100000,38137,577,1102,0,0.38137,0.015129664105724139,0,10.12323850300163
4,z,13,x,1,normal,0,100000,38137,577,1102,0,0.38137,0.015129664105724139,0,10.12323850300163
4,z,13,z,1,normal,0,100000,38137,577,1102,0,0.38137,0.015129664105724139,0,10.12323850300163
4,z,13,z,1,normal,0,100000,38137,577,1102,0,0.38137,0.015129664105724139,0,10.12323850300163
4,z,15,x,1,normal,0,100000,47605,1,2,0,0.47605,2.1006196828099455e-05,0,10.407537509003305
4,z,15,z,1,normal,0,100000,47605,1,2,0,0.47605,2.1006196828099455e-05,0,10.407537509003305
4,z,15,z,1,normal,0,100000,47605,1,2,0,0.47605,2.1006196828099455e-05,0,10.407537509003305
4,z,15,z,1,normal,0,100000,47605,1,2,0,0.47605,2.1006196828099455e-05,0,10.407537509003305
4,z,12,z,1,normal,0,100000,18812,715,1116,0,0.18812,0.03800765468849665,0,12.974167699998361
4,z,12,z,1,normal,0,100000,18812,715,1116,0,0.18812,0.03800765468849665,0,12.974167699998361
4,z,12,x,1,normal,0,100000,18812,715,1116,0,0.18812,0.03800765468849665,0,12.974167699998361
4,z,12,z,1,normal,0,100000,18812,715,1116,0,0.18812,0.03800765468849665,0,12.974167699998361
4,z,3,x,0.8,normal,0,100000,35507,5553,9900,0,0.35507,0.15639169741177794,0,10.366597080006613
4,z,3,z,0.8,normal,0,100000,35507,5553,9900,0,0.35507,0.15639169741177794,0,10.366597080006613
4,z,3,x,0.8,normal,0,100000,35507,5553,9900,0,0.35507,0.15639169741177794,0,10.366597080006613
4,z,3,x,0.8,normal,0,100000,35507,5553,9900,0,0.35507,0.15639169741177794,0,10.366597080006613
4,z,5,x,0.8,normal,0,100000,38648,4914,9072,0,0.38648,0.1271475884909956,0,10.900040173000889
4,z,5,x,0.8,normal,0,100000,38648,4914,9072,0,0.38648,0.1271475884909956,0,10.900040173000889
4,z,5,z,0.8,normal,0,100000,38648,4914,9072,0,0.38648,0.1271475884909956,0,10.900040173000889
4,z,5,x,0.8,normal,0,100000,38648,4914,9072,0,0.38648,0.1271475884909956,0,10.900040173000889
4,z,2,z,0.8,normal,0,100000,58932,9790,16277,0,0.58932,0.16612366795628863,0,16.65312866300519
4,z,2,x,0.8,normal,0,100000,58932,9790,16277,0,0.58932,0.16612366795628863,0,16.65312866300519
4,z,2,x,0.8,normal,0,100000,58932,9790,16277,0,0.58932,0.16612366795628863,0,16.65312866300519
4,z,2,x,0.8,normal,0,100000,58932,9790,16277,0,0.58932,0.16612366795628863,0,16.65312866300519
4,z,14,z,1,normal,0,100000,65407,3,6,0,0.65407,4.586665035855031e-05,0,13.915629985000123
4,z,14,x,1,normal,0,100000,65407,3,6,0,0.65407,4.586665035855031e-05,0,13.915629985000123
4,z,14,z,1,normal,0,100000,65407,3,6,0,0.65407,4.586665035855031e-05,0,13.915629985000123
4,z,14,z,1,normal,0,100000,65407,3,6,0,0.65407,4.586665035855031e-05,0,13.915629985000123
4,z,7,x,0.8,normal,0,100000,51698,832,1516,0,0.51698,0.016093465898100456,0,11.69055810199643
4,z,7,z,0.8,normal,0,100000,51698,832,1516,0,0.51698,0.016093465898100456,0,11.69055810199643
4,z,7,z,0.8,normal,0,100000,51698,832,1516,0,0.51698,0.016093465898100456,0,11.69055810199643
4,z,7,x,0.8,normal,0,100000,51698,832,1516,0,0.51698,0.016093465898100456,0,11.69055810199643
4,z,4,z,0.8,normal,0,100000,46403,2768,4603,0,0.46403,0.05965131564769521,0,15.489220010989811
4,z,4,z,0.8,normal,0,100000,46403,2768,4603,0,0.46403,0.05965131564769521,0,15.489220010989811
4,z,4,x,0.8,normal,0,100000,46403,2768,4603,0,0.46403,0.05965131564769521,0,15.489220010989811
4,z,4,x,0.8,normal,0,100000,46403,2768,4603,0,0.46403,0.05965131564769521,0,15.489220010989811
4,z,9,x,0.8,normal,0,100000,39484,6210,11320,0,0.39484,0.15727889778137982,0,10.569669030999648
4,z,9,x,0.8,normal,0,100000,39484,6210,11320,0,0.39484,0.15727889778137982,0,10.569669030999648
4,z,9,x,0.8,normal,0,100000,39484,6210,11320,0,0.39484,0.15727889778137982,0,10.569669030999648
4,z,9,z,0.8,normal,0,100000,39484,6210,11320,0,0.39484,0.15727889778137982,0,10.569669030999648
4,z,8,z,0.8,normal,0,100000,100000,243,438,0,1.0,0.0024300000000000432,0,13.230251774992212
4,z,8,z,0.8,normal,0,100000,100000,243,438,0,1.0,0.0024300000000000432,0,13.230251774992212
4,z,8,z,0.8,normal,0,100000,100000,243,438,0,1.0,0.0024300000000000432,0,13.230251774992212
4,z,8,x,0.8,normal,0,100000,100000,243,438,0,1.0,0.0024300000000000432,0,13.230251774992212
4,z,10,z,0.8,normal,0,100000,56872,836,1556,0,0.56872,0.014699676466450984,0,14.540601860004244
4,z,10,x,0.8,normal,0,100000,56872,836,1556,0,0.56872,0.014699676466450984,0,14.540601860004244
4,z,10,x,0.8,normal,0,100000,56872,836,1556,0,0.56872,0.014699676466450984,0,14.540601860004244
4,z,10,z,0.8,normal,0,100000,56872,836,1556,0,0.56872,0.014699676466450984,0,14.540601860004244
4,z,11,x,0.8,normal,0,100000,43325,522,952,0,0.43325,0.01204847085978078,0,12.12072984999395
4,z,11,z,0.8,normal,0,100000,43325,522,952,0,0.43325,0.01204847085978078,0,12.12072984999395
4,z,11,x,0.8,normal,0,100000,43325,522,952,0,0.43325,0.01204847085978078,0,12.12072984999395
4,z,11,z,0.8,normal,0,100000,43325,522,952,0,0.43325,0.01204847085978078,0,12.12072984999395
4,z,6,z,0.8,normal,0,100000,63961,1132,2027,0,0.63961,0.017698284892356253,0,15.437935759997345
4,z,6,x,0.8,normal,0,100000,63961,1132,2027,0,0.63961,0.017698284892356253,0,15.437935759997345
4,z,6,z,0.8,normal,0,100000,63961,1132,2027,0,0.63961,0.017698284892356253,0,15.437935759997345
4,z,6,x,0.8,normal,0,100000,63961,1132,2027,0,0.63961,0.017698284892356253,0,15.437935759997345
4,z,13,x,0.8,normal,0,100000,46110,478,920,0,0.4611,0.010366514855779663,0,10.645618233000278
4,z,13,x,0.8,normal,0,100000,46110,478,920,0,0.4611,0.010366514855779663,0,10.645618233000278
4,z,13,z,0.8,normal,0,100000,46110,478,920,0,0.4611,0.010366514855779663,0,10.645618233000278
4,z,13,z,0.8,normal,0,100000,46110,478,920,0,0.4611,0.010366514855779663,0,10.645618233000278
4,z,15,x,0.8,normal,0,100000,55480,2,3,0,0.5548,3.604902667631027e-05,0,11.365755565013387
4,z,15,z,0.8,normal,0,100000,55480,2,3,0,0.5548,3.604902667631027e-05,0,11.365755565013387
4,z,15,z,0.8,normal,0,100000,55480,2,3,0,0.5548,3.604902667631027e-05,0,11.365755565013387
4,z,15,z,0.8,normal,0,100000,55480,2,3,0,0.5548,3.604902667631027e-05,0,11.365755565013387
4,z,12,z,0.8,normal,0,100000,20121,398,649,0,0.20121,0.01978032900949256,0,14.29855689300166
4,z,12,z,0.8,normal,0,100000,20121,398,649,0,0.20121,0.01978032900949256,0,14.29855689300166
4,z,12,x,0.8,normal,0,100000,20121,398,649,0,0.20121,0.01978032900949256,0,14.29855689300166
4,z,12,z,0.8,normal,0,100000,20121,398,649,0,0.20121,0.01978032900949256,0,14.29855689300166
4,z,3,x,0.5,normal,0,100000,52992,5401,9930,0,0.52992,0.10192104468599039,0,13.381768990002456
4,z,3,z,0.5,normal,0,100000,52992,5401,9930,0,0.52992,0.10192104468599039,0,13.381768990002456
4,z,3,x,0.5,normal,0,100000,52992,5401,9930,0,0.52992,0.10192104468599039,0,13.381768990002456
4,z,3,x,0.5,normal,0,100000,52992,5401,9930,0,0.52992,0.10192104468599039,0,13.381768990002456
4,z,2,z,0.5,normal,0,100000,72037,7892,14086,0,0.72037,0.10955481211044327,0,16.203550688995165
4,z,2,x,0.5,normal,0,100000,72037,7892,14086,0,0.72037,0.10955481211044327,0,16.203550688995165
4,z,2,x,0.5,normal,0,100000,72037,7892,14086,0,0.72037,0.10955481211044327,0,16.203550688995165
4,z,2,x,0.5,normal,0,100000,72037,7892,14086,0,0.72037,0.10955481211044327,0,16.203550688995165
4,z,14,z,0.8,normal,0,100000,71353,1,2,0,0.71353,1.4014827687702791e-05,0,11.852311135997297
4,z,14,x,0.8,normal,0,100000,71353,1,2,0,0.71353,1.4014827687702791e-05,0,11.852311135997297
4,z,14,z,0.8,normal,0,100000,71353,1,2,0,0.71353,1.4014827687702791e-05,0,11.852311135997297
4,z,14,z,0.8,normal,0,100000,71353,1,2,0,0.71353,1.4014827687702791e-05,0,11.852311135997297
4,z,5,x,0.5,normal,0,100000,55073,4402,8204,0,0.55073,0.07993027436311806,0,12.113831687995116
4,z,5,x,0.5,normal,0,100000,55073,4402,8204,0,0.55073,0.07993027436311806,0,12.113831687995116
4,z,5,z,0.5,normal,0,100000,55073,4402,8204,0,0.55073,0.07993027436311806,0,12.113831687995116
4,z,5,x,0.5,normal,0,100000,55073,4402,8204,0,0.55073,0.07993027436311806,0,12.113831687995116
4,z,4,z,0.5,normal,0,100000,59157,1560,2803,0,0.59157,0.02637050560373244,0,16.691514242003905
4,z,4,z,0.5,normal,0,100000,59157,1560,2803,0,0.59157,0.02637050560373244,0,16.691514242003905
4,z,4,x,0.5,normal,0,100000,59157,1560,2803,0,0.59157,0.02637050560373244,0,16.691514242003905
4,z,4,x,0.5,normal,0,100000,59157,1560,2803,0,0.59157,0.02637050560373244,0,16.691514242003905
4,z,7,x,0.5,normal,0,100000,65625,484,900,0,0.65625,0.007375238095238101,0,12.262962339998921
4,z,7,z,0.5,normal,0,100000,65625,484,900,0,0.65625,0.007375238095238101,0,12.262962339998921
4,z,7,z,0.5,normal,0,100000,65625,484,900,0,0.65625,0.007375238095238101,0,12.262962339998921
4,z,7,x,0.5,normal,0,100000,65625,484,900,0,0.65625,0.007375238095238101,0,12.262962339998921
4,z,9,x,0.5,normal,0,100000,55206,5537,10244,0,0.55206,0.10029706915914938,0,12.287886695005
4,z,9,x,0.5,normal,0,100000,55206,5537,10244,0,0.55206,0.10029706915914938,0,12.287886695005
4,z,9,x,0.5,normal,0,100000,55206,5537,10244,0,0.55206,0.10029706915914938,0,12.287886695005
4,z,9,z,0.5,normal,0,100000,55206,5537,10244,0,0.55206,0.10029706915914938,0,12.287886695005
4,z,8,z,0.5,normal,0,100000,100000,42,78,0,1.0,0.00041999999999997595,0,13.82381518901093
4,z,8,z,0.5,normal,0,100000,100000,42,78,0,1.0,0.00041999999999997595,0,13.82381518901093
4,z,8,z,0.5,normal,0,100000,100000,42,78,0,1.0,0.00041999999999997595,0,13.82381518901093
4,z,8,x,0.5,normal,0,100000,100000,42,78,0,1.0,0.00041999999999997595,0,13.82381518901093
4,z,11,x,0.5,normal,0,100000,58808,343,656,0,0.58808,0.005832539790504687,0,11.766332751009031
4,z,11,z,0.5,normal,0,100000,58808,343,656,0,0.58808,0.005832539790504687,0,11.766332751009031
4,z,11,x,0.5,normal,0,100000,58808,343,656,0,0.58808,0.005832539790504687,0,11.766332751009031
4,z,11,z,0.5,normal,0,100000,58808,343,656,0,0.58808,0.005832539790504687,0,11.766332751009031
4,z,10,z,0.5,normal,0,100000,69977,420,805,0,0.69977,0.006001972076539408,0,15.924652444999083
4,z,10,x,0.5,normal,0,100000,69977,420,805,0,0.69977,0.006001972076539408,0,15.924652444999083
4,z,10,x,0.5,normal,0,100000,69977,420,805,0,0.69977,0.006001972076539408,0,15.924652444999083
4,z,10,z,0.5,normal,0,100000,69977,420,805,0,0.69977,0.006001972076539408,0,15.924652444999083
4,z,13,x,0.5,normal,0,100000,61964,278,544,0,0.61964,0.004486476018333185,0,11.880221165003604
4,z,13,x,0.5,normal,0,100000,61964,278,544,0,0.61964,0.004486476018333185,0,11.880221165003604
4,z,13,z,0.5,normal,0,100000,61964,278,544,0,0.61964,0.004486476018333185,0,11.880221165003604
4,z,13,z,0.5,normal,0,100000,61964,278,544,0,0.61964,0.004486476018333185,0,11.880221165003604
4,z,6,z,0.5,normal,0,100000,75156,564,1038,0,0.75156,0.007504390866996613,0,19.897576700997888
4,z,6,x,0.5,normal,0,100000,75156,564,1038,0,0.75156,0.007504390866996613,0,19.897576700997888
4,z,6,z,0.5,normal,0,100000,75156,564,1038,0,0.75156,0.007504390866996613,0,19.897576700997888
4,z,6,x,0.5,normal,0,100000,75156,564,1038,0,0.75156,0.007504390866996613,0,19.897576700997888
4,z,15,x,0.5,normal,0,100000,69580,0,0,0,0.6958,0.0,0,9.951771645995905
4,z,15,z,0.5,normal,0,100000,69580,0,0,0,0.6958,0.0,0,9.951771645995905
4,z,15,z,0.5,normal,0,100000,69580,0,0,0,0.6958,0.0,0,9.951771645995905
4,z,15,z,0.5,normal,0,100000,69580,0,0,0,0.6958,0.0,0,9.951771645995905
4,z,12,z,0.5,normal,0,100000,25278,95,174,0,0.25278,0.003758208719044198,0,12.600582876999397
4,z,12,z,0.5,normal,0,100000,25278,95,174,0,0.25278,0.003758208719044198,0,12.600582876999397
4,z,12,x,0.5,normal,0,100000,25278,95,174,0,0.25278,0.003758208719044198,0,12.600582876999397
4,z,12,z,0.5,normal,0,100000,25278,95,174,0,0.25278,0.003758208719044198,0,12.600582876999397
4,z,14,z,0.5,normal,0,100000,80700,0,0,0,0.807,0.0,0,10.93628505099332
4,z,14,x,0.5,normal,0,100000,80700,0,0,0,0.807,0.0,0,10.93628505099332
4,z,14,z,0.5,normal,0,100000,80700,0,0,0,0.807,0.0,0,10.93628505099332
4,z,14,z,0.5,normal,0,100000,80700,0,0,0,0.807,0.0,0,10.93628505099332
4,z,3,x,0.3,normal,0,100000,67907,4268,7925,0,0.67907,0.06285066340730705,0,12.689195108992863
4,z,3,z,0.3,normal,0,100000,67907,4268,7925,0,0.67907,0.06285066340730705,0,12.689195108992863
4,z,3,x,0.3,normal,0,100000,67907,4268,7925,0,0.67907,0.06285066340730705,0,12.689195108992863
4,z,3,x,0.3,normal,0,100000,67907,4268,7925,0,0.67907,0.06285066340730705,0,12.689195108992863
4,z,2,z,0.3,normal,0,100000,81965,5576,10313,0,0.81965,0.06802903678399319,0,16.196229515000596
4,z,2,x,0.3,normal,0,100000,81965,5576,10313,0,0.81965,0.06802903678399319,0,16.196229515000596
4,z,2,x,0.3,normal,0,100000,81965,5576,10313,0,0.81965,0.06802903678399319,0,16.196229515000596
4,z,2,x,0.3,normal,0,100000,81965,5576,10313,0,0.81965,0.06802903678399319,0,16.196229515000596
4,z,5,x,0.3,normal,0,100000,69860,3338,6215,0,0.6986,0.04778127683939304,0,12.44749721500557
4,z,5,x,0.3,normal,0,100000,69860,3338,6215,0,0.6986,0.04778127683939304,0,12.44749721500557
4,z,5,z,0.3,normal,0,100000,69860,3338,6215,0,0.6986,0.04778127683939304,0,12.44749721500557
4,z,5,x,0.3,normal,0,100000,69860,3338,6215,0,0.6986,0.04778127683939304,0,12.44749721500557
4,z,7,x,0.3,normal,0,100000,77332,211,394,0,0.77332,0.0027284953188848604,0,12.901484424990485
4,z,7,z,0.3,normal,0,100000,77332,211,394,0,0.77332,0.0027284953188848604,0,12.901484424990485
4,z,7,z,0.3,normal,0,100000,77332,211,394,0,0.77332,0.0027284953188848604,0,12.901484424990485
4,z,7,x,0.3,normal,0,100000,77332,211,394,0,0.77332,0.0027284953188848604,0,12.901484424990485
4,z,4,z,0.3,normal,0,100000,71902,723,1360,0,0.71902,0.010055353119523769,0,17.637443857995095
4,z,4,z,0.3,normal,0,100000,71902,723,1360,0,0.71902,0.010055353119523769,0,17.637443857995095
4,z,4,x,0.3,normal,0,100000,71902,723,1360,0,0.71902,0.010055353119523769,0,17.637443857995095
4,z,4,x,0.3,normal,0,100000,71902,723,1360,0,0.71902,0.010055353119523769,0,17.637443857995095
4,z,8,z,0.3,normal,0,100000,100000,4,8,0,1.0,4.0000000000040004e-05,0,12.64242665799975
4,z,8,z,0.3,normal,0,100000,100000,4,8,0,1.0,4.0000000000040004e-05,0,12.64242665799975
4,z,8,z,0.3,normal,0,100000,100000,4,8,0,1.0,4.0000000000040004e-05,0,12.64242665799975
4,z,8,x,0.3,normal,0,100000,100000,4,8,0,1.0,4.0000000000040004e-05,0,12.64242665799975
4,z,9,x,0.3,normal,0,100000,69877,4286,7889,0,0.69877,0.06133634815461453,0,14.43081310899288
4,z,9,x,0.3,normal,0,100000,69877,4286,7889,0,0.69877,0.06133634815461453,0,14.43081310899288
4,z,9,x,0.3,normal,0,100000,69877,4286,7889,0,0.69877,0.06133634815461453,0,14.43081310899288
4,z,9,z,0.3,normal,0,100000,69877,4286,7889,0,0.69877,0.06133634815461453,0,14.43081310899288
4,z,11,x,0.3,normal,0,100000,72682,180,342,0,0.72682,0.0024765416471753676,0,12.540464444988174
4,z,11,z,0.3,normal,0,100000,72682,180,342,0,0.72682,0.0024765416471753676,0,12.540464444988174
4,z,11,x,0.3,normal,0,100000,72682,180,342,0,0.72682,0.0024765416471753676,0,12.540464444988174
4,z,11,z,0.3,normal,0,100000,72682,180,342,0,0.72682,0.0024765416471753676,0,12.540464444988174
4,z,10,z,0.3,normal,0,100000,80706,202,381,0,0.80706,0.002502911803335617,0,17.574749999999767
4,z,10,x,0.3,normal,0,100000,80706,202,381,0,0.80706,0.002502911803335617,0,17.574749999999767
4,z,10,x,0.3,normal,0,100000,80706,202,381,0,0.80706,0.002502911803335617,0,17.574749999999767
4,z,10,z,0.3,normal,0,100000,80706,202,381,0,0.80706,0.002502911803335617,0,17.574749999999767
4,z,6,z,0.3,normal,0,100000,84109,278,525,0,0.84109,0.003305234873794749,0,15.462866171001224
4,z,6,x,0.3,normal,0,100000,84109,278,525,0,0.84109,0.003305234873794749,0,15.462866171001224
4,z,6,z,0.3,normal,0,100000,84109,278,525,0,0.84109,0.003305234873794749,0,15.462866171001224
4,z,6,x,0.3,normal,0,100000,84109,278,525,0,0.84109,0.003305234873794749,0,15.462866171001224
4,z,13,x,0.3,normal,0,100000,74717,106,210,0,0.74717,0.001418686510432754,0,13.375251762001426
4,z,13,x,0.3,normal,0,100000,74717,106,210,0,0.74717,0.001418686510432754,0,13.375251762001426
4,z,13,z,0.3,normal,0,100000,74717,106,210,0,0.74717,0.001418686510432754,0,13.375251762001426
4,z,13,z,0.3,normal,0,100000,74717,106,210,0,0.74717,0.001418686510432754,0,13.375251762001426
4,z,15,x,0.3,normal,0,100000,80205,0,0,0,0.80205,0.0,0,9.096110837010201
4,z,15,z,0.3,normal,0,100000,80205,0,0,0,0.80205,0.0,0,9.096110837010201
4,z,15,z,0.3,normal,0,100000,80205,0,0,0,0.80205,0.0,0,9.096110837010201
4,z,15,z,0.3,normal,0,100000,80205,0,0,0,0.80205,0.0,0,9.096110837010201
4,z,14,z,0.3,normal,0,100000,88179,0,0,0,0.88179,0.0,0,11.24183914400055
4,z,14,x,0.3,normal,0,100000,88179,0,0,0,0.88179,0.0,0,11.24183914400055
4,z,14,z,0.3,normal,0,100000,88179,0,0,0,0.88179,0.0,0,11.24183914400055
4,z,14,z,0.3,normal,0,100000,88179,0,0,0,0.88179,0.0,0,11.24183914400055
4,z,3,x,0.1,normal,0,100000,87879,1900,3629,0,0.87879,0.021620637467426818,0,13.97823349700775
4,z,3,z,0.1,normal,0,100000,87879,1900,3629,0,0.87879,0.021620637467426818,0,13.97823349700775
4,z,3,x,0.1,normal,0,100000,87879,1900,3629,0,0.87879,0.021620637467426818,0,13.97823349700775
4,z,3,x,0.1,normal,0,100000,87879,1900,3629,0,0.87879,0.021620637467426818,0,13.97823349700775
4,z,12,z,0.3,normal,0,100000,37686,18,34,0,0.37686,0.0004776309504855858,0,19.50690624899289
4,z,12,z,0.3,normal,0,100000,37686,18,34,0,0.37686,0.0004776309504855858,0,19.50690624899289
4,z,12,x,0.3,normal,0,100000,37686,18,34,0,0.37686,0.0004776309504855858,0,19.50690624899289
4,z,12,z,0.3,normal,0,100000,37686,18,34,0,0.37686,0.0004776309504855858,0,19.50690624899289
4,z,2,z,0.1,normal,0,100000,93588,2250,4405,0,0.93588,0.0240415437876651,0,16.521303383007762
4,z,2,x,0.1,normal,0,100000,93588,2250,4405,0,0.93588,0.0240415437876651,0,16.521303383007762
4,z,2,x,0.1,normal,0,100000,93588,2250,4405,0,0.93588,0.0240415437876651,0,16.521303383007762
4,z,2,x,0.1,normal,0,100000,93588,2250,4405,0,0.93588,0.0240415437876651,0,16.521303383007762
4,z,8,z,0.1,normal,0,100000,100000,0,0,0,1.0,0.0,0,9.32114308400196
4,z,8,z,0.1,normal,0,100000,100000,0,0,0,1.0,0.0,0,9.32114308400196
4,z,8,z,0.1,normal,0,100000,100000,0,0,0,1.0,0.0,0,9.32114308400196
4,z,8,x,0.1,normal,0,100000,100000,0,0,0,1.0,0.0,0,9.32114308400196
4,z,4,z,0.1,normal,0,100000,89104,102,203,0,0.89104,0.0011447297539953771,0,16.13389968199772
4,z,4,z,0.1,normal,0,100000,89104,102,203,0,0.89104,0.0011447297539953771,0,16.13389968199772
4,z,4,x,0.1,normal,0,100000,89104,102,203,0,0.89104,0.0011447297539953771,0,16.13389968199772
4,z,4,x,0.1,normal,0,100000,89104,102,203,0,0.89104,0.0011447297539953771,0,16.13389968199772
4,z,5,x,0.1,normal,0,100000,88684,1466,2700,0,0.88684,0.016530603040007197,0,15.47914653699263
4,z,5,x,0.1,normal,0,100000,88684,1466,2700,0,0.88684,0.016530603040007197,0,15.47914653699263
4,z,5,z,0.1,normal,0,100000,88684,1466,2700,0,0.88684,0.016530603040007197,0,15.47914653699263
4,z,5,x,0.1,normal,0,100000,88684,1466,2700,0,0.88684,0.016530603040007197,0,15.47914653699263
4,z,7,x,0.1,normal,0,100000,91473,54,103,0,0.91473,0.0005903381325637058,0,14.586536168993916
4,z,7,z,0.1,normal,0,100000,91473,54,103,0,0.91473,0.0005903381325637058,0,14.586536168993916
4,z,7,z,0.1,normal,0,100000,91473,54,103,0,0.91473,0.0005903381325637058,0,14.586536168993916
4,z,7,x,0.1,normal,0,100000,91473,54,103,0,0.91473,0.0005903381325637058,0,14.586536168993916
4,z,9,x,0.1,normal,0,100000,88811,1827,3388,0,0.88811,0.020571776018736387,0,13.999380150009529
4,z,9,x,0.1,normal,0,100000,88811,1827,3388,0,0.88811,0.020571776018736387,0,13.999380150009529
4,z,9,x,0.1,normal,0,100000,88811,1827,3388,0,0.88811,0.020571776018736387,0,13.999380150009529
4,z,9,z,0.1,normal,0,100000,88811,1827,3388,0,0.88811,0.020571776018736387,0,13.999380150009529
4,z,6,z,0.1,normal,0,100000,94323,60,117,0,0.94323,0.000636112082949003,0,15.990294795992668
4,z,6,x,0.1,normal,0,100000,94323,60,117,0,0.94323,0.000636112082949003,0,15.990294795992668
4,z,6,z,0.1,normal,0,100000,94323,60,117,0,0.94323,0.000636112082949003,0,15.990294795992668
4,z,6,x,0.1,normal,0,100000,94323,60,117,0,0.94323,0.000636112082949003,0,15.990294795992668
4,z,15,x,0.1,normal,0,100000,92727,0,0,0,0.92727,0.0,0,7.921840109003824
4,z,15,z,0.1,normal,0,100000,92727,0,0,0,0.92727,0.0,0,7.921840109003824
4,z,15,z,0.1,normal,0,100000,92727,0,0,0,0.92727,0.0,0,7.921840109003824
4,z,15,z,0.1,normal,0,100000,92727,0,0,0,0.92727,0.0,0,7.921840109003824
4,z,12,z,0.1,normal,0,100000,69980,2,3,0,0.6998,2.8579594169797495e-05,0,12.346625594000216
4,z,12,z,0.1,normal,0,100000,69980,2,3,0,0.6998,2.8579594169797495e-05,0,12.346625594000216
4,z,12,x,0.1,normal,0,100000,69980,2,3,0,0.6998,2.8579594169797495e-05,0,12.346625594000216
4,z,12,z,0.1,normal,0,100000,69980,2,3,0,0.6998,2.8579594169797495e-05,0,12.346625594000216
4,z,11,x,0.1,normal,0,100000,89819,60,119,0,0.89819,0.0006680101092196855,0,16.810825921988
4,z,11,z,0.1,normal,0,100000,89819,60,119,0,0.89819,0.0006680101092196855,0,16.810825921988
4,z,11,x,0.1,normal,0,100000,89819,60,119,0,0.89819,0.0006680101092196855,0,16.810825921988
4,z,11,z,0.1,normal,0,100000,89819,60,119,0,0.89819,0.0006680101092196855,0,16.810825921988
4,z,10,z,0.1,normal,0,100000,93108,30,57,0,0.93108,0.00032220646990588353,0,17.373756508008228
4,z,10,x,0.1,normal,0,100000,93108,30,57,0,0.93108,0.00032220646990588353,0,17.373756508008228
4,z,10,x,0.1,normal,0,100000,93108,30,57,0,0.93108,0.00032220646990588353,0,17.373756508008228
4,z,10,z,0.1,normal,0,100000,93108,30,57,0,0.93108,0.00032220646990588353,0,17.373756508008228
4,z,13,x,0.1,normal,0,100000,90741,20,39,0,0.90741,0.0002204075335294764,0,14.499085796996951
4,z,13,x,0.1,normal,0,100000,90741,20,39,0,0.90741,0.0002204075335294764,0,14.499085796996951
4,z,13,z,0.1,normal,0,100000,90741,20,39,0,0.90741,0.0002204075335294764,0,14.499085796996951
4,z,13,z,0.1,normal,0,100000,90741,20,39,0,0.90741,0.0002204075335294764,0,14.499085796996951
4,z,3,x,1,m1,0,100000,38263,7553,13186,0,0.38263,0.1973969631236443,0,11.851213747999282
4,z,3,z,1,m1,0,100000,38263,7553,13186,0,0.38263,0.1973969631236443,0,11.851213747999282
4,z,3,x,1,m1,0,100000,38263,7553,13186,0,0.38263,0.1973969631236443,0,11.851213747999282
4,z,3,x,1,m1,0,100000,38263,7553,13186,0,0.38263,0.1973969631236443,0,11.851213747999282
4,z,8,z,1,m1,0,100000,100000,32,63,0,1.0,0.00031999999999998696,0,1.1551528219861211
4,z,8,z,1,m1,0,100000,100000,32,63,0,1.0,0.00031999999999998696,0,1.1551528219861211
4,z,8,z,1,m1,0,100000,100000,32,63,0,1.0,0.00031999999999998696,0,1.1551528219861211
4,z,8,x,1,m1,0,100000,100000,32,63,0,1.0,0.00031999999999998696,0,1.1551528219861211
4,z,14,z,0.1,normal,0,100000,95768,0,0,0,0.95768,0.0,0,8.697861794003984
4,z,14,x,0.1,normal,0,100000,95768,0,0,0,0.95768,0.0,0,8.697861794003984
4,z,14,z,0.1,normal,0,100000,95768,0,0,0,0.95768,0.0,0,8.697861794003984
4,z,14,z,0.1,normal,0,100000,95768,0,0,0,0.95768,0.0,0,8.697861794003984
4,z,2,z,1,m1,0,100000,66130,11486,19049,0,0.6613,0.17368818992892787,0,14.018318825008464
4,z,2,x,1,m1,0,100000,66130,11486,19049,0,0.6613,0.17368818992892787,0,14.018318825008464
4,z,2,x,1,m1,0,100000,66130,11486,19049,0,0.6613,0.17368818992892787,0,14.018318825008464
4,z,2,x,1,m1,0,100000,66130,11486,19049,0,0.6613,0.17368818992892787,0,14.018318825008464
4,z,5,x,1,m1,0,100000,43302,6970,12840,0,0.43302,0.16096254214585937,0,10.956276348995743
4,z,5,x,1,m1,0,100000,43302,6970,12840,0,0.43302,0.16096254214585937,0,10.956276348995743
4,z,5,z,1,m1,0,100000,43302,6970,12840,0,0.43302,0.16096254214585937,0,10.956276348995743
4,z,5,x,1,m1,0,100000,43302,6970,12840,0,0.43302,0.16096254214585937,0,10.956276348995743
4,z,12,z,1,m1,0,100000,62071,63,116,0,0.62071,0.0010149667316460276,0,4.466597485996317
4,z,12,z,1,m1,0,100000,62071,63,116,0,0.62071,0.0010149667316460276,0,4.466597485996317
4,z,12,x,1,m1,0,100000,62071,63,116,0,0.62071,0.0010149667316460276,0,4.466597485996317
4,z,12,z,1,m1,0,100000,62071,63,116,0,0.62071,0.0010149667316460276,0,4.466597485996317
4,z,7,x,1,m1,0,100000,42160,873,1618,0,0.4216,0.020706831119544633,0,10.814089923005668
4,z,7,z,1,m1,0,100000,42160,873,1618,0,0.4216,0.020706831119544633,0,10.814089923005668
4,z,7,z,1,m1,0,100000,42160,873,1618,0,0.4216,0.020706831119544633,0,10.814089923005668
4,z,7,x,1,m1,0,100000,42160,873,1618,0,0.4216,0.020706831119544633,0,10.814089923005668
4,z,4,z,1,m1,0,100000,25289,3616,5119,0,0.25289,0.1429870694768477,0,16.240226630005054
4,z,4,z,1,m1,0,100000,25289,3616,5119,0,0.25289,0.1429870694768477,0,16.240226630005054
4,z,4,x,1,m1,0,100000,25289,3616,5119,0,0.25289,0.1429870694768477,0,16.240226630005054
4,z,4,x,1,m1,0,100000,25289,3616,5119,0,0.25289,0.1429870694768477,0,16.240226630005054
4,z,6,z,1,m1,0,100000,52170,2202,3839,0,0.5217,0.04220816561242091,0,13.604634290008107
4,z,6,x,1,m1,0,100000,52170,2202,3839,0,0.5217,0.04220816561242091,0,13.604634290008107
4,z,6,z,1,m1,0,100000,52170,2202,3839,0,0.5217,0.04220816561242091,0,13.604634290008107
4,z,6,x,1,m1,0,100000,52170,2202,3839,0,0.5217,0.04220816561242091,0,13.604634290008107
4,z,14,z,1,m1,0,100000,59967,2,3,0,0.59967,3.335167675555528e-05,0,4.475637224008096
4,z,14,x,1,m1,0,100000,59967,2,3,0,0.59967,3.335167675555528e-05,0,4.475637224008096
4,z,14,z,1,m1,0,100000,59967,2,3,0,0.59967,3.335167675555528e-05,0,4.475637224008096
4,z,14,z,1,m1,0,100000,59967,2,3,0,0.59967,3.335167675555528e-05,0,4.475637224008096
4,z,9,x,1,m1,0,100000,40043,7977,14844,0,0.40043,0.1992108483380366,0,11.666955569002312
4,z,9,x,1,m1,0,100000,40043,7977,14844,0,0.40043,0.1992108483380366,0,11.666955569002312
4,z,9,x,1,m1,0,100000,40043,7977,14844,0,0.40043,0.1992108483380366,0,11.666955569002312
4,z,9,z,1,m1,0,100000,40043,7977,14844,0,0.40043,0.1992108483380366,0,11.666955569002312
4,z,15,x,1,m1,0,100000,40835,2,3,0,0.40835,4.8977592751353605e-05,0,4.454903427991667
4,z,15,z,1,m1,0,100000,40835,2,3,0,0.40835,4.8977592751353605e-05,0,4.454903427991667
4,z,15,z,1,m1,0,100000,40835,2,3,0,0.40835,4.8977592751353605e-05,0,4.454903427991667
4,z,15,z,1,m1,0,100000,40835,2,3,0,0.40835,4.8977592751353605e-05,0,4.454903427991667
4,z,13,x,1,m1,0,100000,41850,502,963,0,0.4185,0.011995221027479075,0,9.948663468006998
4,z,13,x,1,m1,0,100000,41850,502,963,0,0.4185,0.011995221027479075,0,9.948663468006998
4,z,13,z,1,m1,0,100000,41850,502,963,0,0.4185,0.011995221027479075,0,9.948663468006998
4,z,13,z,1,m1,0,100000,41850,502,963,0,0.4185,0.011995221027479075,0,9.948663468006998
4,z,11,x,1,m1,0,100000,31240,614,1113,0,0.3124,0.019654289372599276,0,11.876748862006934
4,z,11,z,1,m1,0,100000,31240,614,1113,0,0.3124,0.019654289372599276,0,11.876748862006934
4,z,11,x,1,m1,0,100000,31240,614,1113,0,0.3124,0.019654289372599276,0,11.876748862006934
4,z,11,z,1,m1,0,100000,31240,614,1113,0,0.3124,0.019654289372599276,0,11.876748862006934
4,z,10,z,1,m1,0,100000,54674,1214,2140,0,0.54674,0.022204338442404103,0,13.670558894998976
4,z,10,x,1,m1,0,100000,54674,1214,2140,0,0.54674,0.022204338442404103,0,13.670558894998976
4,z,10,x,1,m1,0,100000,54674,1214,2140,0,0.54674,0.022204338442404103,0,13.670558894998976
4,z,10,z,1,m1,0,100000,54674,1214,2140,0,0.54674,0.022204338442404103,0,13.670558894998976
4,z,8,z,0.8,m1,0,100000,100000,10,20,0,1.0,9.999999999998899e-05,0,0.8410149669944076
4,z,8,z,0.8,m1,0,100000,100000,10,20,0,1.0,9.999999999998899e-05,0,0.8410149669944076
4,z,8,z,0.8,m1,0,100000,100000,10,20,0,1.0,9.999999999998899e-05,0,0.8410149669944076
4,z,8,x,0.8,m1,0,100000,100000,10,20,0,1.0,9.999999999998899e-05,0,0.8410149669944076
4,z,3,x,0.8,m1,0,100000,46513,7740,13628,0,0.46513,0.16640509104981405,0,11.356235945000662
4,z,3,z,0.8,m1,0,100000,46513,7740,13628,0,0.46513,0.16640509104981405,0,11.356235945000662
4,z,3,x,0.8,m1,0,100000,46513,7740,13628,0,0.46513,0.16640509104981405,0,11.356235945000662
4,z,3,x,0.8,m1,0,100000,46513,7740,13628,0,0.46513,0.16640509104981405,0,11.356235945000662
4,z,12,z,0.8,m1,0,100000,68159,30,53,0,0.68159,0.0004401473026306446,0,3.585812420002185
4,z,12,z,0.8,m1,0,100000,68159,30,53,0,0.68159,0.0004401473026306446,0,3.585812420002185
4,z,12,x,0.8,m1,0,100000,68159,30,53,0,0.68159,0.0004401473026306446,0,3.585812420002185
4,z,12,z,0.8,m1,0,100000,68159,30,53,0,0.68159,0.0004401473026306446,0,3.585812420002185
4,z,5,x,0.8,m1,0,100000,51164,6586,12280,0,0.51164,0.12872332108513795,0,11.982483708998188
4,z,5,x,0.8,m1,0,100000,51164,6586,12280,0,0.51164,0.12872332108513795,0,11.982483708998188
4,z,5,z,0.8,m1,0,100000,51164,6586,12280,0,0.51164,0.12872332108513795,0,11.982483708998188
4,z,5,x,0.8,m1,0,100000,51164,6586,12280,0,0.51164,0.12872332108513795,0,11.982483708998188
4,z,7,x,0.8,m1,0,100000,50059,726,1333,0,0.50059,0.014502886593819264,0,11.25431558699347
4,z,7,z,0.8,m1,0,100000,50059,726,1333,0,0.50059,0.014502886593819264,0,11.25431558699347
4,z,7,z,0.8,m1,0,100000,50059,726,1333,0,0.50059,0.014502886593819264,0,11.25431558699347
4,z,7,x,0.8,m1,0,100000,50059,726,1333,0,0.50059,0.014502886593819264,0,11.25431558699347
4,z,4,z,0.8,m1,0,100000,31515,3275,5072,0,0.31515,0.10391876884023477,0,13.917768818006152
4,z,4,z,0.8,m1,0,100000,31515,3275,5072,0,0.31515,0.10391876884023477,0,13.917768818006152
4,z,4,x,0.8,m1,0,100000,31515,3275,5072,0,0.31515,0.10391876884023477,0,13.917768818006152
4,z,4,x,0.8,m1,0,100000,31515,3275,5072,0,0.31515,0.10391876884023477,0,13.917768818006152
4,z,9,x,0.8,m1,0,100000,47865,7805,14514,0,0.47865,0.1630627807374908,0,12.017603299987968
4,z,9,x,0.8,m1,0,100000,47865,7805,14514,0,0.47865,0.1630627807374908,0,12.017603299987968
4,z,9,x,0.8,m1,0,100000,47865,7805,14514,0,0.47865,0.1630627807374908,0,12.017603299987968
4,z,9,z,0.8,m1,0,100000,47865,7805,14514,0,0.47865,0.1630627807374908,0,12.017603299987968
4,z,6,z,0.8,m1,0,100000,59566,1761,3116,0,0.59566,0.029563845146560075,0,13.980782187994919
4,z,6,x,0.8,m1,0,100000,59566,1761,3116,0,0.59566,0.029563845146560075,0,13.980782187994919
4,z,6,z,0.8,m1,0,100000,59566,1761,3116,0,0.59566,0.029563845146560075,0,13.980782187994919
4,z,6,x,0.8,m1,0,100000,59566,1761,3116,0,0.59566,0.029563845146560075,0,13.980782187994919
4,z,10,z,0.8,m1,0,100000,61361,904,1623,0,0.61361,0.014732484803050783,0,12.018072224003845
4,z,10,x,0.8,m1,0,100000,61361,904,1623,0,0.61361,0.014732484803050783,0,12.018072224003845
4,z,10,x,0.8,m1,0,100000,61361,904,1623,0,0.61361,0.014732484803050783,0,12.018072224003845
4,z,10,z,0.8,m1,0,100000,61361,904,1623,0,0.61361,0.014732484803050783,0,12.018072224003845
4,z,2,z,0.8,m1,0,100000,71754,10254,17589,0,0.71754,0.14290492516096664,0,15.64677847600251
4,z,2,x,0.8,m1,0,100000,71754,10254,17589,0,0.71754,0.14290492516096664,0,15.64677847600251
4,z,2,x,0.8,m1,0,100000,71754,10254,17589,0,0.71754,0.14290492516096664,0,15.64677847600251
4,z,2,x,0.8,m1,0,100000,71754,10254,17589,0,0.71754,0.14290492516096664,0,15.64677847600251
4,z,14,z,0.8,m1,0,100000,66323,1,2,0,0.66323,1.5077725675882725e-05,0,3.31226200099627
4,z,14,x,0.8,m1,0,100000,66323,1,2,0,0.66323,1.5077725675882725e-05,0,3.31226200099627
4,z,14,z,0.8,m1,0,100000,66323,1,2,0,0.66323,1.5077725675882725e-05,0,3.31226200099627
4,z,14,z,0.8,m1,0,100000,66323,1,2,0,0.66323,1.5077725675882725e-05,0,3.31226200099627
4,z,8,z,0.5,m1,0,100000,100000,2,3,0,1.0,2.0000000000020002e-05,0,0.6312724279996473
4,z,8,z,0.5,m1,0,100000,100000,2,3,0,1.0,2.0000000000020002e-05,0,0.6312724279996473
4,z,8,z,0.5,m1,0,100000,100000,2,3,0,1.0,2.0000000000020002e-05,0,0.6312724279996473
4,z,8,x,0.5,m1,0,100000,100000,2,3,0,1.0,2.0000000000020002e-05,0,0.6312724279996473
4,z,15,x,0.8,m1,0,100000,49008,0,1,0,0.49008,0.0,0,4.155419654009165
4,z,15,z,0.8,m1,0,100000,49008,0,1,0,0.49008,0.0,0,4.155419654009165
4,z,15,z,0.8,m1,0,100000,49008,0,1,0,0.49008,0.0,0,4.155419654009165
4,z,15,z,0.8,m1,0,100000,49008,0,1,0,0.49008,0.0,0,4.155419654009165
4,z,11,x,0.8,m1,0,100000,39496,530,997,0,0.39496,0.013419080413206386,0,14.514122243999736
4,z,11,z,0.8,m1,0,100000,39496,530,997,0,0.39496,0.013419080413206386,0,14.514122243999736
4,z,11,x,0.8,m1,0,100000,39496,530,997,0,0.39496,0.013419080413206386,0,14.514122243999736
4,z,11,z,0.8,m1,0,100000,39496,530,997,0,0.39496,0.013419080413206386,0,14.514122243999736
4,z,13,x,0.8,m1,0,100000,49907,395,772,0,0.49907,0.007914721381770073,0,11.35125751500891
4,z,13,x,0.8,m1,0,100000,49907,395,772,0,0.49907,0.007914721381770073,0,11.35125751500891
4,z,13,z,0.8,m1,0,100000,49907,395,772,0,0.49907,0.007914721381770073,0,11.35125751500891
4,z,13,z,0.8,m1,0,100000,49907,395,772,0,0.49907,0.007914721381770073,0,11.35125751500891
4,z,3,x,0.5,m1,0,100000,61753,6686,12108,0,0.61753,0.10827004356063674,0,11.987528634999762
4,z,3,z,0.5,m1,0,100000,61753,6686,12108,0,0.61753,0.10827004356063674,0,11.987528634999762
4,z,3,x,0.5,m1,0,100000,61753,6686,12108,0,0.61753,0.10827004356063674,0,11.987528634999762
4,z,3,x,0.5,m1,0,100000,61753,6686,12108,0,0.61753,0.10827004356063674,0,11.987528634999762
4,z,7,x,0.5,m1,0,100000,64419,370,725,0,0.64419,0.005743647060649781,0,12.091468136990443
4,z,7,z,0.5,m1,0,100000,64419,370,725,0,0.64419,0.005743647060649781,0,12.091468136990443
4,z,7,z,0.5,m1,0,100000,64419,370,725,0,0.64419,0.005743647060649781,0,12.091468136990443
4,z,7,x,0.5,m1,0,100000,64419,370,725,0,0.64419,0.005743647060649781,0,12.091468136990443
4,z,12,z,0.5,m1,0,100000,78714,5,8,0,0.78714,6.35211017100401e-05,0,3.3019564020069083
4,z,12,z,0.5,m1,0,100000,78714,5,8,0,0.78714,6.35211017100401e-05,0,3.3019564020069083
4,z,12,x,0.5,m1,0,100000,78714,5,8,0,0.78714,6.35211017100401e-05,0,3.3019564020069083
4,z,12,z,0.5,m1,0,100000,78714,5,8,0,0.78714,6.35211017100401e-05,0,3.3019564020069083
4,z,2,z,0.5,m1,0,100000,81291,7622,13847,0,0.81291,0.09376191706338954,0,14.738772994998726
4,z,2,x,0.5,m1,0,100000,81291,7622,13847,0,0.81291,0.09376191706338954,0,14.738772994998726
4,z,2,x,0.5,m1,0,100000,81291,7622,13847,0,0.81291,0.09376191706338954,0,14.738772994998726
4,z,2,x,0.5,m1,0,100000,81291,7622,13847,0,0.81291,0.09376191706338954,0,14.738772994998726
4,z,5,x,0.5,m1,0,100000,65558,5509,10376,0,0.65558,0.08403245980658347,0,14.418968851998216
4,z,5,x,0.5,m1,0,100000,65558,5509,10376,0,0.65558,0.08403245980658347,0,14.418968851998216
4,z,5,z,0.5,m1,0,100000,65558,5509,10376,0,0.65558,0.08403245980658347,0,14.418968851998216
4,z,5,x,0.5,m1,0,100000,65558,5509,10376,0,0.65558,0.08403245980658347,0,14.418968851998216
4,z,6,z,0.5,m1,0,100000,72121,952,1749,0,0.72121,0.013200038823643623,0,14.850949843996204
4,z,6,x,0.5,m1,0,100000,72121,952,1749,0,0.72121,0.013200038823643623,0,14.850949843996204
4,z,6,z,0.5,m1,0,100000,72121,952,1749,0,0.72121,0.013200038823643623,0,14.850949843996204
4,z,6,x,0.5,m1,0,100000,72121,952,1749,0,0.72121,0.013200038823643623,0,14.850949843996204
4,z,11,x,0.5,m1,0,100000,55434,347,648,0,0.55434,0.006259696215319077,0,12.069300299990573
4,z,11,z,0.5,m1,0,100000,55434,347,648,0,0.55434,0.006259696215319077,0,12.069300299990573
4,z,11,x,0.5,m1,0,100000,55434,347,648,0,0.55434,0.006259696215319077,0,12.069300299990573
4,z,11,z,0.5,m1,0,100000,55434,347,648,0,0.55434,0.006259696215319077,0,12.069300299990573
4,z,9,x,0.5,m1,0,100000,62950,6488,12151,0,0.6295,0.10306592533756953,0,12.76272715399682
4,z,9,x,0.5,m1,0,100000,62950,6488,12151,0,0.6295,0.10306592533756953,0,12.76272715399682
4,z,9,x,0.5,m1,0,100000,62950,6488,12151,0,0.6295,0.10306592533756953,0,12.76272715399682
4,z,9,z,0.5,m1,0,100000,62950,6488,12151,0,0.6295,0.10306592533756953,0,12.76272715399682
4,z,14,z,0.5,m1,0,100000,77340,0,0,0,0.7734,0.0,0,2.1152790500054834
4,z,14,x,0.5,m1,0,100000,77340,0,0,0,0.7734,0.0,0,2.1152790500054834
4,z,14,z,0.5,m1,0,100000,77340,0,0,0,0.7734,0.0,0,2.1152790500054834
4,z,14,z,0.5,m1,0,100000,77340,0,0,0,0.7734,0.0,0,2.1152790500054834
4,z,15,x,0.5,m1,0,100000,64169,0,1,0,0.64169,0.0,0,2.5354865660046926
4,z,15,z,0.5,m1,0,100000,64169,0,1,0,0.64169,0.0,0,2.5354865660046926
4,z,15,z,0.5,m1,0,100000,64169,0,1,0,0.64169,0.0,0,2.5354865660046926
4,z,15,z,0.5,m1,0,100000,64169,0,1,0,0.64169,0.0,0,2.5354865660046926
4,z,4,z,0.5,m1,0,100000,45909,2181,3600,0,0.45909,0.047507024766385686,0,15.681577669005492
4,z,4,z,0.5,m1,0,100000,45909,2181,3600,0,0.45909,0.047507024766385686,0,15.681577669005492
4,z,4,x,0.5,m1,0,100000,45909,2181,3600,0,0.45909,0.047507024766385686,0,15.681577669005492
4,z,4,x,0.5,m1,0,100000,45909,2181,3600,0,0.45909,0.047507024766385686,0,15.681577669005492
4,z,10,z,0.5,m1,0,100000,73529,515,940,0,0.73529,0.007004039222619607,0,13.945823682006449
4,z,10,x,0.5,m1,0,100000,73529,515,940,0,0.73529,0.007004039222619607,0,13.945823682006449
4,z,10,x,0.5,m1,0,100000,73529,515,940,0,0.73529,0.007004039222619607,0,13.945823682006449
4,z,10,z,0.5,m1,0,100000,73529,515,940,0,0.73529,0.007004039222619607,0,13.945823682006449
4,z,8,z,0.3,m1,0,100000,100000,0,1,0,1.0,0.0,0,0.4656456619995879
4,z,8,z,0.3,m1,0,100000,100000,0,1,0,1.0,0.0,0,0.4656456619995879
4,z,8,z,0.3,m1,0,100000,100000,0,1,0,1.0,0.0,0,0.4656456619995879
4,z,8,x,0.3,m1,0,100000,100000,0,1,0,1.0,0.0,0,0.4656456619995879
4,z,3,x,0.3,m1,0,100000,75131,5120,9512,0,0.75131,0.06814763546339064,0,13.705298476997996
4,z,3,z,0.3,m1,0,100000,75131,5120,9512,0,0.75131,0.06814763546339064,0,13.705298476997996
4,z,3,x,0.3,m1,0,100000,75131,5120,9512,0,0.75131,0.06814763546339064,0,13.705298476997996
4,z,3,x,0.3,m1,0,100000,75131,5120,9512,0,0.75131,0.06814763546339064,0,13.705298476997996
4,z,13,x,0.5,m1,0,100000,64798,208,401,0,0.64798,0.0032099756165313575,0,16.711925440002233
4,z,13,x,0.5,m1,0,100000,64798,208,401,0,0.64798,0.0032099756165313575,0,16.711925440002233
4,z,13,z,0.5,m1,0,100000,64798,208,401,0,0.64798,0.0032099756165313575,0,16.711925440002233
4,z,13,z,0.5,m1,0,100000,64798,208,401,0,0.64798,0.0032099756165313575,0,16.711925440002233
4,z,10,z,0.3,m1,0,100000,82974,274,521,0,0.82974,0.003302239255670414,0,11.128673807994346
4,z,10,x,0.3,m1,0,100000,82974,274,521,0,0.82974,0.003302239255670414,0,11.128673807994346
4,z,10,x,0.3,m1,0,100000,82974,274,521,0,0.82974,0.003302239255670414,0,11.128673807994346
4,z,10,z,0.3,m1,0,100000,82974,274,521,0,0.82974,0.003302239255670414,0,11.128673807994346
4,z,5,x,0.3,m1,0,100000,77705,4050,7691,0,0.77705,0.052120198185445,0,13.236899598996388
4,z,5,x,0.3,m1,0,100000,77705,4050,7691,0,0.77705,0.052120198185445,0,13.236899598996388
4,z,5,z,0.3,m1,0,100000,77705,4050,7691,0,0.77705,0.052120198185445,0,13.236899598996388
4,z,5,x,0.3,m1,0,100000,77705,4050,7691,0,0.77705,0.052120198185445,0,13.236899598996388
4,z,4,z,0.3,m1,0,100000,61353,1186,2118,0,0.61353,0.01933075807213991,0,12.578582310001366
4,z,4,z,0.3,m1,0,100000,61353,1186,2118,0,0.61353,0.01933075807213991,0,12.578582310001366
4,z,4,x,0.3,m1,0,100000,61353,1186,2118,0,0.61353,0.01933075807213991,0,12.578582310001366
4,z,4,x,0.3,m1,0,100000,61353,1186,2118,0,0.61353,0.01933075807213991,0,12.578582310001366
4,z,7,x,0.3,m1,0,100000,76644,166,315,0,0.76644,0.002165857731851184,0,12.776732484009699
4,z,7,z,0.3,m1,0,100000,76644,166,315,0,0.76644,0.002165857731851184,0,12.776732484009699
4,z,7,z,0.3,m1,0,100000,76644,166,315,0,0.76644,0.002165857731851184,0,12.776732484009699
4,z,7,x,0.3,m1,0,100000,76644,166,315,0,0.76644,0.002165857731851184,0,12.776732484009699
4,z,6,z,0.3,m1,0,100000,81811,460,863,0,0.81811,0.00562271577171769,0,14.521389993999037
4,z,6,x,0.3,m1,0,100000,81811,460,863,0,0.81811,0.00562271577171769,0,14.521389993999037
4,z,6,z,0.3,m1,0,100000,81811,460,863,0,0.81811,0.00562271577171769,0,14.521389993999037
4,z,6,x,0.3,m1,0,100000,81811,460,863,0,0.81811,0.00562271577171769,0,14.521389993999037
4,z,2,z,0.3,m1,0,100000,88388,5109,9686,0,0.88388,0.05780196406752047,0,15.030266575995483
4,z,2,x,0.3,m1,0,100000,88388,5109,9686,0,0.88388,0.05780196406752047,0,15.030266575995483
4,z,2,x,0.3,m1,0,100000,88388,5109,9686,0,0.88388,0.05780196406752047,0,15.030266575995483
4,z,2,x,0.3,m1,0,100000,88388,5109,9686,0,0.88388,0.05780196406752047,0,15.030266575995483
4,z,9,x,0.3,m1,0,100000,75648,4863,9166,0,0.75648,0.06428458121827407,0,13.864683716994477
4,z,9,x,0.3,m1,0,100000,75648,4863,9166,0,0.75648,0.06428458121827407,0,13.864683716994477
4,z,9,x,0.3,m1,0,100000,75648,4863,9166,0,0.75648,0.06428458121827407,0,13.864683716994477
4,z,9,z,0.3,m1,0,100000,75648,4863,9166,0,0.75648,0.06428458121827407,0,13.864683716994477
4,z,15,x,0.3,m1,0,100000,76620,0,0,0,0.7662,0.0,0,1.7666594710026402
4,z,15,z,0.3,m1,0,100000,76620,0,0,0,0.7662,0.0,0,1.7666594710026402
4,z,15,z,0.3,m1,0,100000,76620,0,0,0,0.7662,0.0,0,1.7666594710026402
4,z,15,z,0.3,m1,0,100000,76620,0,0,0,0.7662,0.0,0,1.7666594710026402
4,z,14,z,0.3,m1,0,100000,85659,0,0,0,0.85659,0.0,0,1.492709587997524
4,z,14,x,0.3,m1,0,100000,85659,0,0,0,0.85659,0.0,0,1.492709587997524
4,z,14,z,0.3,m1,0,100000,85659,0,0,0,0.85659,0.0,0,1.492709587997524
4,z,14,z,0.3,m1,0,100000,85659,0,0,0,0.85659,0.0,0,1.492709587997524
4,z,11,x,0.3,m1,0,100000,70049,186,365,0,0.70049,0.0026552841582321296,0,14.19615543501277
4,z,11,z,0.3,m1,0,100000,70049,186,365,0,0.70049,0.0026552841582321296,0,14.19615543501277
4,z,11,x,0.3,m1,0,100000,70049,186,365,0,0.70049,0.0026552841582321296,0,14.19615543501277
4,z,11,z,0.3,m1,0,100000,70049,186,365,0,0.70049,0.0026552841582321296,0,14.19615543501277
4,z,12,z,0.3,m1,0,100000,86752,0,1,0,0.86752,0.0,0,1.4918732329970226
4,z,12,z,0.3,m1,0,100000,86752,0,1,0,0.86752,0.0,0,1.4918732329970226
4,z,12,x,0.3,m1,0,100000,86752,0,1,0,0.86752,0.0,0,1.4918732329970226
4,z,12,z,0.3,m1,0,100000,86752,0,1,0,0.86752,0.0,0,1.4918732329970226
4,z,8,z,0.1,m1,0,100000,100000,0,0,0,1.0,0.0,0,0.31091531900165137
4,z,8,z,0.1,m1,0,100000,100000,0,0,0,1.0,0.0,0,0.31091531900165137
4,z,8,z,0.1,m1,0,100000,100000,0,0,0,1.0,0.0,0,0.31091531900165137
4,z,8,x,0.1,m1,0,100000,100000,0,0,0,1.0,0.0,0,0.31091531900165137
4,z,13,x,0.3,m1,0,100000,77311,94,189,0,0.77311,0.0012158683757809152,0,10.695391919987742
4,z,13,x,0.3,m1,0,100000,77311,94,189,0,0.77311,0.0012158683757809152,0,10.695391919987742
4,z,13,z,0.3,m1,0,100000,77311,94,189,0,0.77311,0.0012158683757809152,0,10.695391919987742
4,z,13,z,0.3,m1,0,100000,77311,94,189,0,0.77311,0.0012158683757809152,0,10.695391919987742
4,z,4,z,0.1,m1,0,100000,84431,191,378,0,0.84431,0.0022622022716775048,0,10.958355277005467
4,z,4,z,0.1,m1,0,100000,84431,191,378,0,0.84431,0.0022622022716775048,0,10.958355277005467
4,z,4,x,0.1,m1,0,100000,84431,191,378,0,0.84431,0.0022622022716775048,0,10.958355277005467
4,z,4,x,0.1,m1,0,100000,84431,191,378,0,0.84431,0.0022622022716775048,0,10.958355277005467
4,z,12,z,0.1,m1,0,100000,95323,0,0,0,0.95323,0.0,0,0.8264513930043904
4,z,12,z,0.1,m1,0,100000,95323,0,0,0,0.95323,0.0,0,0.8264513930043904
4,z,12,x,0.1,m1,0,100000,95323,0,0,0,0.95323,0.0,0,0.8264513930043904
4,z,12,z,0.1,m1,0,100000,95323,0,0,0,0.95323,0.0,0,0.8264513930043904
4,z,3,x,0.1,m1,0,100000,90895,2142,4032,0,0.90895,0.02356565267616484,0,13.789215754994075
4,z,3,z,0.1,m1,0,100000,90895,2142,4032,0,0.90895,0.02356565267616484,0,13.789215754994075
4,z,3,x,0.1,m1,0,100000,90895,2142,4032,0,0.90895,0.02356565267616484,0,13.789215754994075
4,z,3,x,0.1,m1,0,100000,90895,2142,4032,0,0.90895,0.02356565267616484,0,13.789215754994075
4,z,10,z,0.1,m1,0,100000,93859,60,118,0,0.93859,0.0006392567574766694,0,11.08468970299873
4,z,10,x,0.1,m1,0,100000,93859,60,118,0,0.93859,0.0006392567574766694,0,11.08468970299873
4,z,10,x,0.1,m1,0,100000,93859,60,118,0,0.93859,0.0006392567574766694,0,11.08468970299873
4,z,10,z,0.1,m1,0,100000,93859,60,118,0,0.93859,0.0006392567574766694,0,11.08468970299873
4,z,5,x,0.1,m1,0,100000,91936,1617,3108,0,0.91936,0.01758832231117302,0,13.907912027003476
4,z,5,x,0.1,m1,0,100000,91936,1617,3108,0,0.91936,0.01758832231117302,0,13.907912027003476
4,z,5,z,0.1,m1,0,100000,91936,1617,3108,0,0.91936,0.01758832231117302,0,13.907912027003476
4,z,5,x,0.1,m1,0,100000,91936,1617,3108,0,0.91936,0.01758832231117302,0,13.907912027003476
4,z,15,x,0.1,m1,0,100000,91525,0,0,0,0.91525,0.0,0,0.8383445049985312
4,z,15,z,0.1,m1,0,100000,91525,0,0,0,0.91525,0.0,0,0.8383445049985312
4,z,15,z,0.1,m1,0,100000,91525,0,0,0,0.91525,0.0,0,0.8383445049985312
4,z,15,z,0.1,m1,0,100000,91525,0,0,0,0.91525,0.0,0,0.8383445049985312
4,z,6,z,0.1,m1,0,100000,93603,82,160,0,0.93603,0.0008760402978537085,0,14.950078321009642
4,z,6,x,0.1,m1,0,100000,93603,82,160,0,0.93603,0.0008760402978537085,0,14.950078321009642
4,z,6,z,0.1,m1,0,100000,93603,82,160,0,0.93603,0.0008760402978537085,0,14.950078321009642
4,z,6,x,0.1,m1,0,100000,93603,82,160,0,0.93603,0.0008760402978537085,0,14.950078321009642
4,z,14,z,0.1,m1,0,100000,94886,0,0,0,0.94886,0.0,0,0.7043561860045884
4,z,14,x,0.1,m1,0,100000,94886,0,0,0,0.94886,0.0,0,0.7043561860045884
4,z,14,z,0.1,m1,0,100000,94886,0,0,0,0.94886,0.0,0,0.7043561860045884
4,z,14,z,0.1,m1,0,100000,94886,0,0,0,0.94886,0.0,0,0.7043561860045884
4,z,2,z,0.1,m1,0,100000,95831,1911,3750,0,0.95831,0.01994135509386319,0,15.10284386499552
4,z,2,x,0.1,m1,0,100000,95831,1911,3750,0,0.95831,0.01994135509386319,0,15.10284386499552
4,z,2,x,0.1,m1,0,100000,95831,1911,3750,0,0.95831,0.01994135509386319,0,15.10284386499552
4,z,2,x,0.1,m1,0,100000,95831,1911,3750,0,0.95831,0.01994135509386319,0,15.10284386499552
4,z,9,x,0.1,m1,0,100000,90999,1956,3729,0,0.90999,0.021494741700458286,0,13.984458758000983
4,z,9,x,0.1,m1,0,100000,90999,1956,3729,0,0.90999,0.021494741700458286,0,13.984458758000983
4,z,9,x,0.1,m1,0,100000,90999,1956,3729,0,0.90999,0.021494741700458286,0,13.984458758000983
4,z,9,z,0.1,m1,0,100000,90999,1956,3729,0,0.90999,0.021494741700458286,0,13.984458758000983
4,z,7,x,0.1,m1,0,100000,91300,28,53,0,0.913,0.0003066812705366795,0,15.008497722999891
4,z,7,z,0.1,m1,0,100000,91300,28,53,0,0.913,0.0003066812705366795,0,15.008497722999891
4,z,7,z,0.1,m1,0,100000,91300,28,53,0,0.913,0.0003066812705366795,0,15.008497722999891
4,z,7,x,0.1,m1,0,100000,91300,28,53,0,0.913,0.0003066812705366795,0,15.008497722999891
4,z,11,x,0.1,m1,0,100000,88786,53,104,0,0.88786,0.000596940959160186,0,14.90264093199221
4,z,11,z,0.1,m1,0,100000,88786,53,104,0,0.88786,0.000596940959160186,0,14.90264093199221
4,z,11,x,0.1,m1,0,100000,88786,53,104,0,0.88786,0.000596940959160186,0,14.90264093199221
4,z,11,z,0.1,m1,0,100000,88786,53,104,0,0.88786,0.000596940959160186,0,14.90264093199221
4,z,13,x,0.1,m1,0,100000,91578,11,22,0,0.91578,0.00012011618510998634,0,6.065782876001322
4,z,13,x,0.1,m1,0,100000,91578,11,22,0,0.91578,0.00012011618510998634,0,6.065782876001322
4,z,13,z,0.1,m1,0,100000,91578,11,22,0,0.91578,0.00012011618510998634,0,6.065782876001322
4,z,13,z,0.1,m1,0,100000,91578,11,22,0,0.91578,0.00012011618510998634,0,6.065782876001322
