n,lstate,i,meas_type,p_error,sim_type,total_meta_shots,shots,count_accept,count_logerror,count_undecided,count_detect_discard,prep_rate,LER,detect_normal,decoding_normal
4,x,8,x,1,normal,0,100000,21722,5977,9752,0,0.21722,0.2751588251542215,0,9.290590438002255
4,x,8,z,1,normal,0,100000,21722,5977,9752,0,0.21722,0.2751588251542215,0,9.290590438002255
4,x,8,z,1,normal,0,100000,21722,5977,9752,0,0.21722,0.2751588251542215,0,9.290590438002255
4,x,8,x,1,normal,0,100000,21722,5977,9752,0,0.21722,0.2751588251542215,0,9.290590438002255
4,x,2,x,1,normal,0,100000,28362,0,1,0,0.28362,0.0,0,9.715250496010412
4,x,2,x,1,normal,0,100000,28362,0,1,0,0.28362,0.0,0,9.715250496010412
4,x,2,x,1,normal,0,100000,28362,0,1,0,0.28362,0.0,0,9.715250496010412
4,x,2,x,1,normal,0,100000,28362,0,1,0,0.28362,0.0,0,9.715250496010412
4,x,4,x,1,normal,0,100000,35133,262,499,0,0.35133,0.007457376255941672,0,10.130992827995215
4,x,4,z,1,normal,0,100000,35133,262,499,0,0.35133,0.007457376255941672,0,10.130992827995215
4,x,4,x,1,normal,0,100000,35133,262,499,0,0.35133,0.007457376255941672,0,10.130992827995215
4,x,4,x,1,normal,0,100000,35133,262,499,0,0.35133,0.007457376255941672,0,10.130992827995215
4,x,6,x,1,normal,0,100000,31209,392,720,0,0.31209,0.012560479348905806,0,10.875413542991737
4,x,6,x,1,normal,0,100000,31209,392,720,0,0.31209,0.012560479348905806,0,10.875413542991737
4,x,6,z,1,normal,0,100000,31209,392,720,0,0.31209,0.012560479348905806,0,10.875413542991737
4,x,6,x,1,normal,0,100000,31209,392,720,0,0.31209,0.012560479348905806,0,10.875413542991737
4,x,9,z,1,normal,0,100000,100000,1759,2748,0,1.0,0.017589999999999995,0,14.24166019099357
4,x,9,z,1,normal,0,100000,100000,1759,2748,0,1.0,0.017589999999999995,0,14.24166019099357
4,x,9,z,1,normal,0,100000,100000,1759,2748,0,1.0,0.017589999999999995,0,14.24166019099357
4,x,9,x,1,normal,0,100000,100000,1759,2748,0,1.0,0.017589999999999995,0,14.24166019099357
4,x,5,z,1,normal,0,100000,20023,640,915,0,0.20023,0.031963242271387915,0,13.145111520992941
4,x,5,z,1,normal,0,100000,20023,640,915,0,0.20023,0.031963242271387915,0,13.145111520992941
4,x,5,x,1,normal,0,100000,20023,640,915,0,0.20023,0.031963242271387915,0,13.145111520992941
4,x,5,x,1,normal,0,100000,20023,640,915,0,0.20023,0.031963242271387915,0,13.145111520992941
4,x,10,x,1,normal,0,100000,34375,511,936,0,0.34375,0.014865454545454515,0,15.093491036008345
4,x,10,x,1,normal,0,100000,34375,511,936,0,0.34375,0.014865454545454515,0,15.093491036008345
4,x,10,x,1,normal,0,100000,34375,511,936,0,0.34375,0.014865454545454515,0,15.093491036008345
4,x,10,z,1,normal,0,100000,34375,511,936,0,0.34375,0.014865454545454515,0,15.093491036008345
4,x,7,z,1,normal,0,100000,50807,1218,2241,0,0.50807,0.023973074576337905,0,14.629839222994633
4,x,7,x,1,normal,0,100000,50807,1218,2241,0,0.50807,0.023973074576337905,0,14.629839222994633
4,x,7,z,1,normal,0,100000,50807,1218,2241,0,0.50807,0.023973074576337905,0,14.629839222994633
4,x,7,x,1,normal,0,100000,50807,1218,2241,0,0.50807,0.023973074576337905,0,14.629839222994633
4,x,11,z,1,normal,0,100000,52678,962,1653,0,0.52678,0.01826189301036485,0,14.431502141989768
4,x,11,x,1,normal,0,100000,52678,962,1653,0,0.52678,0.01826189301036485,0,14.431502141989768
4,x,11,x,1,normal,0,100000,52678,962,1653,0,0.52678,0.01826189301036485,0,14.431502141989768
4,x,11,z,1,normal,0,100000,52678,962,1653,0,0.52678,0.01826189301036485,0,14.431502141989768
4,x,3,z,1,normal,0,100000,56396,6,12,0,0.56396,0.00010639052415062356,0,12.906444047999685
4,x,3,x,1,normal,0,100000,56396,6,12,0,0.56396,0.00010639052415062356,0,12.906444047999685
4,x,3,x,1,normal,0,100000,56396,6,12,0,0.56396,0.00010639052415062356,0,12.906444047999685
4,x,3,x,1,normal,0,100000,56396,6,12,0,0.56396,0.00010639052415062356,0,12.906444047999685
4,x,12,x,1,normal,0,100000,32128,6572,12012,0,0.32128,0.2045567729083665,0,9.860014692007098
4,x,12,z,1,normal,0,100000,32128,6572,12012,0,0.32128,0.2045567729083665,0,9.860014692007098
4,x,12,x,1,normal,0,100000,32128,6572,12012,0,0.32128,0.2045567729083665,0,9.860014692007098
4,x,12,z,1,normal,0,100000,32128,6572,12012,0,0.32128,0.2045567729083665,0,9.860014692007098
4,x,14,x,1,normal,0,100000,38221,7812,13555,0,0.38221,0.20439025666518407,0,10.73268911401101
4,x,14,x,1,normal,0,100000,38221,7812,13555,0,0.38221,0.20439025666518407,0,10.73268911401101
4,x,14,z,1,normal,0,100000,38221,7812,13555,0,0.38221,0.20439025666518407,0,10.73268911401101
4,x,14,z,1,normal,0,100000,38221,7812,13555,0,0.38221,0.20439025666518407,0,10.73268911401101
4,x,13,z,1,normal,0,100000,57502,7230,10447,0,0.57502,0.1257347570519286,0,14.034087391992216
4,x,13,z,1,normal,0,100000,57502,7230,10447,0,0.57502,0.1257347570519286,0,14.034087391992216
4,x,13,x,1,normal,0,100000,57502,7230,10447,0,0.57502,0.1257347570519286,0,14.034087391992216
4,x,13,z,1,normal,0,100000,57502,7230,10447,0,0.57502,0.1257347570519286,0,14.034087391992216
4,x,6,x,0.8,normal,0,100000,39346,333,600,0,0.39346,0.008463376200884443,0,10.308181874992442
4,x,6,x,0.8,normal,0,100000,39346,333,600,0,0.39346,0.008463376200884443,0,10.308181874992442
4,x,6,z,0.8,normal,0,100000,39346,333,600,0,0.39346,0.008463376200884443,0,10.308181874992442
4,x,6,x,0.8,normal,0,100000,39346,333,600,0,0.39346,0.008463376200884443,0,10.308181874992442
4,x,2,x,0.8,normal,0,100000,36873,1,2,0,0.36873,2.7120114989287458e-05,0,12.627628135000123
4,x,2,x,0.8,normal,0,100000,36873,1,2,0,0.36873,2.7120114989287458e-05,0,12.627628135000123
4,x,2,x,0.8,normal,0,100000,36873,1,2,0,0.36873,2.7120114989287458e-05,0,12.627628135000123
4,x,2,x,0.8,normal,0,100000,36873,1,2,0,0.36873,2.7120114989287458e-05,0,12.627628135000123
4,x,15,z,1,normal,0,100000,52760,12880,19411,0,0.5276,0.24412433661865052,0,15.73835391800094
4,x,15,x,1,normal,0,100000,52760,12880,19411,0,0.5276,0.24412433661865052,0,15.73835391800094
4,x,15,z,1,normal,0,100000,52760,12880,19411,0,0.5276,0.24412433661865052,0,15.73835391800094
4,x,15,z,1,normal,0,100000,52760,12880,19411,0,0.5276,0.24412433661865052,0,15.73835391800094
4,x,4,x,0.8,normal,0,100000,42819,222,420,0,0.42819,0.005184614306733004,0,14.905545119007002
4,x,4,z,0.8,normal,0,100000,42819,222,420,0,0.42819,0.005184614306733004,0,14.905545119007002
4,x,4,x,0.8,normal,0,100000,42819,222,420,0,0.42819,0.005184614306733004,0,14.905545119007002
4,x,4,x,0.8,normal,0,100000,42819,222,420,0,0.42819,0.005184614306733004,0,14.905545119007002
4,x,5,z,0.8,normal,0,100000,23194,456,697,0,0.23194,0.01966025696300766,0,13.23587161800242
4,x,5,z,0.8,normal,0,100000,23194,456,697,0,0.23194,0.01966025696300766,0,13.23587161800242
4,x,5,x,0.8,normal,0,100000,23194,456,697,0,0.23194,0.01966025696300766,0,13.23587161800242
4,x,5,x,0.8,normal,0,100000,23194,456,697,0,0.23194,0.01966025696300766,0,13.23587161800242
4,x,8,x,0.8,normal,0,100000,28112,6206,10222,0,0.28112,0.22075981787137167,0,11.007123624003725
4,x,8,z,0.8,normal,0,100000,28112,6206,10222,0,0.28112,0.22075981787137167,0,11.007123624003725
4,x,8,z,0.8,normal,0,100000,28112,6206,10222,0,0.28112,0.22075981787137167,0,11.007123624003725
4,x,8,x,0.8,normal,0,100000,28112,6206,10222,0,0.28112,0.22075981787137167,0,11.007123624003725
4,x,3,z,0.8,normal,0,100000,63100,4,4,0,0.631,6.339144215528059e-05,0,11.75047360699682
4,x,3,x,0.8,normal,0,100000,63100,4,4,0,0.631,6.339144215528059e-05,0,11.75047360699682
4,x,3,x,0.8,normal,0,100000,63100,4,4,0,0.631,6.339144215528059e-05,0,11.75047360699682
4,x,3,x,0.8,normal,0,100000,63100,4,4,0,0.631,6.339144215528059e-05,0,11.75047360699682
4,x,7,z,0.8,normal,0,100000,57526,986,1829,0,0.57526,0.017140075791815867,0,13.836714295001002
4,x,7,x,0.8,normal,0,100000,57526,986,1829,0,0.57526,0.017140075791815867,0,13.836714295001002
4,x,7,z,0.8,normal,0,100000,57526,986,1829,0,0.57526,0.017140075791815867,0,13.836714295001002
4,x,7,x,0.8,normal,0,100000,57526,986,1829,0,0.57526,0.017140075791815867,0,13.836714295001002
4,x,9,z,0.8,normal,0,100000,100000,819,1358,0,1.0,0.00819000000000003,0,14.263899865996791
4,x,9,z,0.8,normal,0,100000,100000,819,1358,0,1.0,0.00819000000000003,0,14.263899865996791
4,x,9,z,0.8,normal,0,100000,100000,819,1358,0,1.0,0.00819000000000003,0,14.263899865996791
4,x,9,x,0.8,normal,0,100000,100000,819,1358,0,1.0,0.00819000000000003,0,14.263899865996791
4,x,10,x,0.8,normal,0,100000,42705,474,878,0,0.42705,0.011099402880224818,0,12.122433229000308
4,x,10,x,0.8,normal,0,100000,42705,474,878,0,0.42705,0.011099402880224818,0,12.122433229000308
4,x,10,x,0.8,normal,0,100000,42705,474,878,0,0.42705,0.011099402880224818,0,12.122433229000308
4,x,10,z,0.8,normal,0,100000,42705,474,878,0,0.42705,0.011099402880224818,0,12.122433229000308
4,x,12,x,0.8,normal,0,100000,39834,6696,12459,0,0.39834,0.16809760506100313,0,11.878836907999357
4,x,12,z,0.8,normal,0,100000,39834,6696,12459,0,0.39834,0.16809760506100313,0,11.878836907999357
4,x,12,x,0.8,normal,0,100000,39834,6696,12459,0,0.39834,0.16809760506100313,0,11.878836907999357
4,x,12,z,0.8,normal,0,100000,39834,6696,12459,0,0.39834,0.16809760506100313,0,11.878836907999357
4,x,2,x,0.5,normal,0,100000,53522,0,1,0,0.53522,0.0,0,9.42297584899643
4,x,2,x,0.5,normal,0,100000,53522,0,1,0,0.53522,0.0,0,9.42297584899643
4,x,2,x,0.5,normal,0,100000,53522,0,1,0,0.53522,0.0,0,9.42297584899643
4,x,2,x,0.5,normal,0,100000,53522,0,1,0,0.53522,0.0,0,9.42297584899643
4,x,14,x,0.8,normal,0,100000,46272,7828,13898,0,0.46272,0.1691735822959889,0,11.124981123008183
4,x,14,x,0.8,normal,0,100000,46272,7828,13898,0,0.46272,0.1691735822959889,0,11.124981123008183
4,x,14,z,0.8,normal,0,100000,46272,7828,13898,0,0.46272,0.1691735822959889,0,11.124981123008183
4,x,14,z,0.8,normal,0,100000,46272,7828,13898,0,0.46272,0.1691735822959889,0,11.124981123008183
4,x,13,z,0.8,normal,0,100000,64521,5742,8815,0,0.64521,0.08899428093178963,0,14.17524262900406
4,x,13,z,0.8,normal,0,100000,64521,5742,8815,0,0.64521,0.08899428093178963,0,14.17524262900406
4,x,13,x,0.8,normal,0,100000,64521,5742,8815,0,0.64521,0.08899428093178963,0,14.17524262900406
4,x,13,z,0.8,normal,0,100000,64521,5742,8815,0,0.64521,0.08899428093178963,0,14.17524262900406
4,x,15,z,0.8,normal,0,100000,60034,12505,19890,0,0.60034,0.2082986307758936,0,14.50522176900995
4,x,15,x,0.8,normal,0,100000,60034,12505,19890,0,0.60034,0.2082986307758936,0,14.50522176900995
4,x,15,z,0.8,normal,0,100000,60034,12505,19890,0,0.60034,0.2082986307758936,0,14.50522176900995
4,x,15,z,0.8,normal,0,100000,60034,12505,19890,0,0.60034,0.2082986307758936,0,14.50522176900995
4,x,4,x,0.5,normal,0,100000,58732,126,241,0,0.58732,0.0021453381461554732,0,12.432966987995314
4,x,4,z,0.5,normal,0,100000,58732,126,241,0,0.58732,0.0021453381461554732,0,12.432966987995314
4,x,4,x,0.5,normal,0,100000,58732,126,241,0,0.58732,0.0021453381461554732,0,12.432966987995314
4,x,4,x,0.5,normal,0,100000,58732,126,241,0,0.58732,0.0021453381461554732,0,12.432966987995314
4,x,11,z,0.8,normal,0,100000,59565,748,1338,0,0.59565,0.012557710064635241,0,16.982272852008464
4,x,11,x,0.8,normal,0,100000,59565,748,1338,0,0.59565,0.012557710064635241,0,16.982272852008464
4,x,11,x,0.8,normal,0,100000,59565,748,1338,0,0.59565,0.012557710064635241,0,16.982272852008464
4,x,11,z,0.8,normal,0,100000,59565,748,1338,0,0.59565,0.012557710064635241,0,16.982272852008464
4,x,3,z,0.5,normal,0,100000,75154,2,3,0,0.75154,2.6612023312111432e-05,0,14.927410887001315
4,x,3,x,0.5,normal,0,100000,75154,2,3,0,0.75154,2.6612023312111432e-05,0,14.927410887001315
4,x,3,x,0.5,normal,0,100000,75154,2,3,0,0.75154,2.6612023312111432e-05,0,14.927410887001315
4,x,3,x,0.5,normal,0,100000,75154,2,3,0,0.75154,2.6612023312111432e-05,0,14.927410887001315
4,x,5,z,0.5,normal,0,100000,35026,230,397,0,0.35026,0.006566550562439377,0,13.077171926997835
4,x,5,z,0.5,normal,0,100000,35026,230,397,0,0.35026,0.006566550562439377,0,13.077171926997835
4,x,5,x,0.5,normal,0,100000,35026,230,397,0,0.35026,0.006566550562439377,0,13.077171926997835
4,x,5,x,0.5,normal,0,100000,35026,230,397,0,0.35026,0.006566550562439377,0,13.077171926997835
4,x,6,x,0.5,normal,0,100000,55509,202,379,0,0.55509,0.0036390495235006926,0,13.115777375001926
4,x,6,x,0.5,normal,0,100000,55509,202,379,0,0.55509,0.0036390495235006926,0,13.115777375001926
4,x,6,z,0.5,normal,0,100000,55509,202,379,0,0.55509,0.0036390495235006926,0,13.115777375001926
4,x,6,x,0.5,normal,0,100000,55509,202,379,0,0.55509,0.0036390495235006926,0,13.115777375001926
4,x,8,x,0.5,normal,0,100000,42891,5732,9717,0,0.42891,0.13364109020540438,0,11.442951368007925
4,x,8,z,0.5,normal,0,100000,42891,5732,9717,0,0.42891,0.13364109020540438,0,11.442951368007925
4,x,8,z,0.5,normal,0,100000,42891,5732,9717,0,0.42891,0.13364109020540438,0,11.442951368007925
4,x,8,x,0.5,normal,0,100000,42891,5732,9717,0,0.42891,0.13364109020540438,0,11.442951368007925
4,x,9,z,0.5,normal,0,100000,100000,163,286,0,1.0,0.0016300000000000203,0,12.961486256011995
4,x,9,z,0.5,normal,0,100000,100000,163,286,0,1.0,0.0016300000000000203,0,12.961486256011995
4,x,9,z,0.5,normal,0,100000,100000,163,286,0,1.0,0.0016300000000000203,0,12.961486256011995
4,x,9,x,0.5,normal,0,100000,100000,163,286,0,1.0,0.0016300000000000203,0,12.961486256011995
4,x,7,z,0.5,normal,0,100000,70473,490,911,0,0.70473,0.006953017467682621,0,14.338822568999603
4,x,7,x,0.5,normal,0,100000,70473,490,911,0,0.70473,0.006953017467682621,0,14.338822568999603
4,x,7,z,0.5,normal,0,100000,70473,490,911,0,0.70473,0.006953017467682621,0,14.338822568999603
4,x,7,x,0.5,normal,0,100000,70473,490,911,0,0.70473,0.006953017467682621,0,14.338822568999603
4,x,10,x,0.5,normal,0,100000,58218,257,492,0,0.58218,0.004414442268714125,0,11.849922145993332
4,x,10,x,0.5,normal,0,100000,58218,257,492,0,0.58218,0.004414442268714125,0,11.849922145993332
4,x,10,x,0.5,normal,0,100000,58218,257,492,0,0.58218,0.004414442268714125,0,11.849922145993332
4,x,10,z,0.5,normal,0,100000,58218,257,492,0,0.58218,0.004414442268714125,0,11.849922145993332
4,x,2,x,0.3,normal,0,100000,68733,1,2,0,0.68733,1.4549052129275708e-05,0,9.040828186989529
4,x,2,x,0.3,normal,0,100000,68733,1,2,0,0.68733,1.4549052129275708e-05,0,9.040828186989529
4,x,2,x,0.3,normal,0,100000,68733,1,2,0,0.68733,1.4549052129275708e-05,0,9.040828186989529
4,x,2,x,0.3,normal,0,100000,68733,1,2,0,0.68733,1.4549052129275708e-05,0,9.040828186989529
4,x,12,x,0.5,normal,0,100000,55560,6073,11394,0,0.5556,0.10930525557955362,0,15.712994190995232
4,x,12,z,0.5,normal,0,100000,55560,6073,11394,0,0.5556,0.10930525557955362,0,15.712994190995232
4,x,12,x,0.5,normal,0,100000,55560,6073,11394,0,0.5556,0.10930525557955362,0,15.712994190995232
4,x,12,z,0.5,normal,0,100000,55560,6073,11394,0,0.5556,0.10930525557955362,0,15.712994190995232
4,x,11,z,0.5,normal,0,100000,71837,398,734,0,0.71837,0.005540320447680158,0,14.67159580400039
4,x,11,x,0.5,normal,0,100000,71837,398,734,0,0.71837,0.005540320447680158,0,14.67159580400039
4,x,11,x,0.5,normal,0,100000,71837,398,734,0,0.71837,0.005540320447680158,0,14.67159580400039
4,x,11,z,0.5,normal,0,100000,71837,398,734,0,0.71837,0.005540320447680158,0,14.67159580400039
4,x,14,x,0.5,normal,0,100000,61590,6998,12608,0,0.6159,0.11362234128917037,0,12.006275772000663
4,x,14,x,0.5,normal,0,100000,61590,6998,12608,0,0.6159,0.11362234128917037,0,12.006275772000663
4,x,14,z,0.5,normal,0,100000,61590,6998,12608,0,0.6159,0.11362234128917037,0,12.006275772000663
4,x,14,z,0.5,normal,0,100000,61590,6998,12608,0,0.6159,0.11362234128917037,0,12.006275772000663
4,x,15,z,0.5,normal,0,100000,73057,10312,17865,0,0.73057,0.1411500609113432,0,16.148811253995518
4,x,15,x,0.5,normal,0,100000,73057,10312,17865,0,0.73057,0.1411500609113432,0,16.148811253995518
4,x,15,z,0.5,normal,0,100000,73057,10312,17865,0,0.73057,0.1411500609113432,0,16.148811253995518
4,x,15,z,0.5,normal,0,100000,73057,10312,17865,0,0.73057,0.1411500609113432,0,16.148811253995518
4,x,3,z,0.3,normal,0,100000,84285,0,0,0,0.84285,0.0,0,10.297705021002912
4,x,3,x,0.3,normal,0,100000,84285,0,0,0,0.84285,0.0,0,10.297705021002912
4,x,3,x,0.3,normal,0,100000,84285,0,0,0,0.84285,0.0,0,10.297705021002912
4,x,3,x,0.3,normal,0,100000,84285,0,0,0,0.84285,0.0,0,10.297705021002912
4,x,13,z,0.5,normal,0,100000,75699,3062,5109,0,0.75699,0.04044967568924296,0,20.334436297998764
4,x,13,z,0.5,normal,0,100000,75699,3062,5109,0,0.75699,0.04044967568924296,0,20.334436297998764
4,x,13,x,0.5,normal,0,100000,75699,3062,5109,0,0.75699,0.04044967568924296,0,20.334436297998764
4,x,13,z,0.5,normal,0,100000,75699,3062,5109,0,0.75699,0.04044967568924296,0,20.334436297998764
4,x,4,x,0.3,normal,0,100000,72809,58,115,0,0.72809,0.0007966048153387195,0,12.470992859001854
4,x,4,z,0.3,normal,0,100000,72809,58,115,0,0.72809,0.0007966048153387195,0,12.470992859001854
4,x,4,x,0.3,normal,0,100000,72809,58,115,0,0.72809,0.0007966048153387195,0,12.470992859001854
4,x,4,x,0.3,normal,0,100000,72809,58,115,0,0.72809,0.0007966048153387195,0,12.470992859001854
4,x,6,x,0.3,normal,0,100000,70077,122,240,0,0.70077,0.0017409421065399666,0,12.403217886007042
4,x,6,x,0.3,normal,0,100000,70077,122,240,0,0.70077,0.0017409421065399666,0,12.403217886007042
4,x,6,z,0.3,normal,0,100000,70077,122,240,0,0.70077,0.0017409421065399666,0,12.403217886007042
4,x,6,x,0.3,normal,0,100000,70077,122,240,0,0.70077,0.0017409421065399666,0,12.403217886007042
4,x,5,z,0.3,normal,0,100000,51091,82,141,0,0.51091,0.001604979350570579,0,14.495415272001992
4,x,5,z,0.3,normal,0,100000,51091,82,141,0,0.51091,0.001604979350570579,0,14.495415272001992
4,x,5,x,0.3,normal,0,100000,51091,82,141,0,0.51091,0.001604979350570579,0,14.495415272001992
4,x,5,x,0.3,normal,0,100000,51091,82,141,0,0.51091,0.001604979350570579,0,14.495415272001992
4,x,8,x,0.3,normal,0,100000,58560,4514,7850,0,0.5856,0.07708333333333328,0,11.90638121899974
4,x,8,z,0.3,normal,0,100000,58560,4514,7850,0,0.5856,0.07708333333333328,0,11.90638121899974
4,x,8,z,0.3,normal,0,100000,58560,4514,7850,0,0.5856,0.07708333333333328,0,11.90638121899974
4,x,8,x,0.3,normal,0,100000,58560,4514,7850,0,0.5856,0.07708333333333328,0,11.90638121899974
4,x,9,z,0.3,normal,0,100000,100000,24,48,0,1.0,0.00024000000000001798,0,12.366965377994347
4,x,9,z,0.3,normal,0,100000,100000,24,48,0,1.0,0.00024000000000001798,0,12.366965377994347
4,x,9,z,0.3,normal,0,100000,100000,24,48,0,1.0,0.00024000000000001798,0,12.366965377994347
4,x,9,x,0.3,normal,0,100000,100000,24,48,0,1.0,0.00024000000000001798,0,12.366965377994347
4,x,10,x,0.3,normal,0,100000,72007,132,257,0,0.72007,0.0018331551099198817,0,12.509189857009915
4,x,10,x,0.3,normal,0,100000,72007,132,257,0,0.72007,0.0018331551099198817,0,12.509189857009915
4,x,10,x,0.3,normal,0,100000,72007,132,257,0,0.72007,0.0018331551099198817,0,12.509189857009915
4,x,10,z,0.3,normal,0,100000,72007,132,257,0,0.72007,0.0018331551099198817,0,12.509189857009915
4,x,7,z,0.3,normal,0,100000,80780,224,435,0,0.8078,0.002772963604852685,0,15.364127063003252
4,x,7,x,0.3,normal,0,100000,80780,224,435,0,0.8078,0.002772963604852685,0,15.364127063003252
4,x,7,z,0.3,normal,0,100000,80780,224,435,0,0.8078,0.002772963604852685,0,15.364127063003252
4,x,7,x,0.3,normal,0,100000,80780,224,435,0,0.8078,0.002772963604852685,0,15.364127063003252
4,x,2,x,0.1,normal,0,100000,88386,0,0,0,0.88386,0.0,0,7.89623534999555
4,x,2,x,0.1,normal,0,100000,88386,0,0,0,0.88386,0.0,0,7.89623534999555
4,x,2,x,0.1,normal,0,100000,88386,0,0,0,0.88386,0.0,0,7.89623534999555
4,x,2,x,0.1,normal,0,100000,88386,0,0,0,0.88386,0.0,0,7.89623534999555
4,x,11,z,0.3,normal,0,100000,82188,204,391,0,0.82188,0.0024821141772521926,0,15.043066375001217
4,x,11,x,0.3,normal,0,100000,82188,204,391,0,0.82188,0.0024821141772521926,0,15.043066375001217
4,x,11,x,0.3,normal,0,100000,82188,204,391,0,0.82188,0.0024821141772521926,0,15.043066375001217
4,x,11,z,0.3,normal,0,100000,82188,204,391,0,0.82188,0.0024821141772521926,0,15.043066375001217
4,x,12,x,0.3,normal,0,100000,70542,4672,8947,0,0.70542,0.06623004734767934,0,17.0355587189988
4,x,12,z,0.3,normal,0,100000,70542,4672,8947,0,0.70542,0.06623004734767934,0,17.0355587189988
4,x,12,x,0.3,normal,0,100000,70542,4672,8947,0,0.70542,0.06623004734767934,0,17.0355587189988
4,x,12,z,0.3,normal,0,100000,70542,4672,8947,0,0.70542,0.06623004734767934,0,17.0355587189988
4,x,14,x,0.3,normal,0,100000,74911,5244,9719,0,0.74911,0.07000307031010133,0,16.30962705699494
4,x,14,x,0.3,normal,0,100000,74911,5244,9719,0,0.74911,0.07000307031010133,0,16.30962705699494
4,x,14,z,0.3,normal,0,100000,74911,5244,9719,0,0.74911,0.07000307031010133,0,16.30962705699494
4,x,14,z,0.3,normal,0,100000,74911,5244,9719,0,0.74911,0.07000307031010133,0,16.30962705699494
4,x,15,z,0.3,normal,0,100000,82658,7389,13476,0,0.82658,0.089392436303806,0,15.863987744000042
4,x,15,x,0.3,normal,0,100000,82658,7389,13476,0,0.82658,0.089392436303806,0,15.863987744000042
4,x,15,z,0.3,normal,0,100000,82658,7389,13476,0,0.82658,0.089392436303806,0,15.863987744000042
4,x,15,z,0.3,normal,0,100000,82658,7389,13476,0,0.82658,0.089392436303806,0,15.863987744000042
4,x,3,z,0.1,normal,0,100000,94368,0,0,0,0.94368,0.0,0,8.721195391990477
4,x,3,x,0.1,normal,0,100000,94368,0,0,0,0.94368,0.0,0,8.721195391990477
4,x,3,x,0.1,normal,0,100000,94368,0,0,0,0.94368,0.0,0,8.721195391990477
4,x,3,x,0.1,normal,0,100000,94368,0,0,0,0.94368,0.0,0,8.721195391990477
4,x,13,z,0.3,normal,0,100000,84743,1372,2497,0,0.84743,0.0161901277981662,0,17.63345474700327
4,x,13,z,0.3,normal,0,100000,84743,1372,2497,0,0.84743,0.0161901277981662,0,17.63345474700327
4,x,13,x,0.3,normal,0,100000,84743,1372,2497,0,0.84743,0.0161901277981662,0,17.63345474700327
4,x,13,z,0.3,normal,0,100000,84743,1372,2497,0,0.84743,0.0161901277981662,0,17.63345474700327
4,x,5,z,0.1,normal,0,100000,79272,6,11,0,0.79272,7.56887677868523e-05,0,10.996005730004981
4,x,5,z,0.1,normal,0,100000,79272,6,11,0,0.79272,7.56887677868523e-05,0,10.996005730004981
4,x,5,x,0.1,normal,0,100000,79272,6,11,0,0.79272,7.56887677868523e-05,0,10.996005730004981
4,x,5,x,0.1,normal,0,100000,79272,6,11,0,0.79272,7.56887677868523e-05,0,10.996005730004981
4,x,4,x,0.1,normal,0,100000,89933,4,8,0,0.89933,4.447755551351129e-05,0,14.317720581006142
4,x,4,z,0.1,normal,0,100000,89933,4,8,0,0.89933,4.447755551351129e-05,0,14.317720581006142
4,x,4,x,0.1,normal,0,100000,89933,4,8,0,0.89933,4.447755551351129e-05,0,14.317720581006142
4,x,4,x,0.1,normal,0,100000,89933,4,8,0,0.89933,4.447755551351129e-05,0,14.317720581006142
4,x,6,x,0.1,normal,0,100000,88786,38,76,0,0.88786,0.00042799540468096975,0,14.52984898800787
4,x,6,x,0.1,normal,0,100000,88786,38,76,0,0.88786,0.00042799540468096975,0,14.52984898800787
4,x,6,z,0.1,normal,0,100000,88786,38,76,0,0.88786,0.00042799540468096975,0,14.52984898800787
4,x,6,x,0.1,normal,0,100000,88786,38,76,0,0.88786,0.00042799540468096975,0,14.52984898800787
4,x,9,z,0.1,normal,0,100000,100000,1,2,0,1.0,9.99999999995449e-06,0,12.459433317999355
4,x,9,z,0.1,normal,0,100000,100000,1,2,0,1.0,9.99999999995449e-06,0,12.459433317999355
4,x,9,z,0.1,normal,0,100000,100000,1,2,0,1.0,9.99999999995449e-06,0,12.459433317999355
4,x,9,x,0.1,normal,0,100000,100000,1,2,0,1.0,9.99999999995449e-06,0,12.459433317999355
4,x,8,x,0.1,normal,0,100000,83088,1974,3633,0,0.83088,0.02375794338532644,0,13.985148766005295
4,x,8,z,0.1,normal,0,100000,83088,1974,3633,0,0.83088,0.02375794338532644,0,13.985148766005295
4,x,8,z,0.1,normal,0,100000,83088,1974,3633,0,0.83088,0.02375794338532644,0,13.985148766005295
4,x,8,x,0.1,normal,0,100000,83088,1974,3633,0,0.83088,0.02375794338532644,0,13.985148766005295
4,x,7,z,0.1,normal,0,100000,93095,38,77,0,0.93095,0.00040818518717433694,0,15.591835789004108
4,x,7,x,0.1,normal,0,100000,93095,38,77,0,0.93095,0.00040818518717433694,0,15.591835789004108
4,x,7,z,0.1,normal,0,100000,93095,38,77,0,0.93095,0.00040818518717433694,0,15.591835789004108
4,x,7,x,0.1,normal,0,100000,93095,38,77,0,0.93095,0.00040818518717433694,0,15.591835789004108
4,x,10,x,0.1,normal,0,100000,89467,31,60,0,0.89467,0.0003464964735601095,0,14.735294313999475
4,x,10,x,0.1,normal,0,100000,89467,31,60,0,0.89467,0.0003464964735601095,0,14.735294313999475
4,x,10,x,0.1,normal,0,100000,89467,31,60,0,0.89467,0.0003464964735601095,0,14.735294313999475
4,x,10,z,0.1,normal,0,100000,89467,31,60,0,0.89467,0.0003464964735601095,0,14.735294313999475
4,x,2,x,1,m1,0,100000,37643,2,4,0,0.37643,5.313072815660291e-05,0,5.3957782149955165
4,x,2,x,1,m1,0,100000,37643,2,4,0,0.37643,5.313072815660291e-05,0,5.3957782149955165
4,x,2,x,1,m1,0,100000,37643,2,4,0,0.37643,5.313072815660291e-05,0,5.3957782149955165
4,x,2,x,1,m1,0,100000,37643,2,4,0,0.37643,5.313072815660291e-05,0,5.3957782149955165
4,x,12,x,0.1,normal,0,100000,88875,1980,3841,0,0.88875,0.02227848101265828,0,15.083023680999759
4,x,12,z,0.1,normal,0,100000,88875,1980,3841,0,0.88875,0.02227848101265828,0,15.083023680999759
4,x,12,x,0.1,normal,0,100000,88875,1980,3841,0,0.88875,0.02227848101265828,0,15.083023680999759
4,x,12,z,0.1,normal,0,100000,88875,1980,3841,0,0.88875,0.02227848101265828,0,15.083023680999759
4,x,11,z,0.1,normal,0,100000,93680,56,109,0,0.9368,0.000597779675491017,0,15.886872711998876
4,x,11,x,0.1,normal,0,100000,93680,56,109,0,0.9368,0.000597779675491017,0,15.886872711998876
4,x,11,x,0.1,normal,0,100000,93680,56,109,0,0.9368,0.000597779675491017,0,15.886872711998876
4,x,11,z,0.1,normal,0,100000,93680,56,109,0,0.9368,0.000597779675491017,0,15.886872711998876
4,x,14,x,0.1,normal,0,100000,90685,2172,4058,0,0.90685,0.023951039311903788,0,14.153591247988516
4,x,14,x,0.1,normal,0,100000,90685,2172,4058,0,0.90685,0.023951039311903788,0,14.153591247988516
4,x,14,z,0.1,normal,0,100000,90685,2172,4058,0,0.90685,0.023951039311903788,0,14.153591247988516
4,x,14,z,0.1,normal,0,100000,90685,2172,4058,0,0.90685,0.023951039311903788,0,14.153591247988516
4,x,9,z,1,m1,0,100000,100000,28,51,0,1.0,0.00027999999999994696,0,1.0127653929957887
4,x,9,z,1,m1,0,100000,100000,28,51,0,1.0,0.00027999999999994696,0,1.0127653929957887
4,x,9,z,1,m1,0,100000,100000,28,51,0,1.0,0.00027999999999994696,0,1.0127653929957887
4,x,9,x,1,m1,0,100000,100000,28,51,0,1.0,0.00027999999999994696,0,1.0127653929957887
4,x,5,z,1,m1,0,100000,73227,22,39,0,0.73227,0.00030043563166592957,0,3.0844456409977283
4,x,5,z,1,m1,0,100000,73227,22,39,0,0.73227,0.00030043563166592957,0,3.0844456409977283
4,x,5,x,1,m1,0,100000,73227,22,39,0,0.73227,0.00030043563166592957,0,3.0844456409977283
4,x,5,x,1,m1,0,100000,73227,22,39,0,0.73227,0.00030043563166592957,0,3.0844456409977283
4,x,13,z,0.1,normal,0,100000,94683,194,384,0,0.94683,0.0020489422599622165,0,16.59257255299599
4,x,13,z,0.1,normal,0,100000,94683,194,384,0,0.94683,0.0020489422599622165,0,16.59257255299599
4,x,13,x,0.1,normal,0,100000,94683,194,384,0,0.94683,0.0020489422599622165,0,16.59257255299599
4,x,13,z,0.1,normal,0,100000,94683,194,384,0,0.94683,0.0020489422599622165,0,16.59257255299599
4,x,4,x,1,m1,0,100000,31446,160,302,0,0.31446,0.005088087515105255,0,9.327574456008733
4,x,4,z,1,m1,0,100000,31446,160,302,0,0.31446,0.005088087515105255,0,9.327574456008733
4,x,4,x,1,m1,0,100000,31446,160,302,0,0.31446,0.005088087515105255,0,9.327574456008733
4,x,4,x,1,m1,0,100000,31446,160,302,0,0.31446,0.005088087515105255,0,9.327574456008733
4,x,15,z,0.1,normal,0,100000,93998,3000,5755,0,0.93998,0.03191557267175893,0,18.698500906990375
4,x,15,x,0.1,normal,0,100000,93998,3000,5755,0,0.93998,0.03191557267175893,0,18.698500906990375
4,x,15,z,0.1,normal,0,100000,93998,3000,5755,0,0.93998,0.03191557267175893,0,18.698500906990375
4,x,15,z,0.1,normal,0,100000,93998,3000,5755,0,0.93998,0.03191557267175893,0,18.698500906990375
4,x,3,z,1,m1,0,100000,65354,4,7,0,0.65354,6.120512898977193e-05,0,3.614349105002475
4,x,3,x,1,m1,0,100000,65354,4,7,0,0.65354,6.120512898977193e-05,0,3.614349105002475
4,x,3,x,1,m1,0,100000,65354,4,7,0,0.65354,6.120512898977193e-05,0,3.614349105002475
4,x,3,x,1,m1,0,100000,65354,4,7,0,0.65354,6.120512898977193e-05,0,3.614349105002475
4,x,6,x,1,m1,0,100000,38475,987,1760,0,0.38475,0.02565302144249515,0,10.56895772999269
4,x,6,x,1,m1,0,100000,38475,987,1760,0,0.38475,0.02565302144249515,0,10.56895772999269
4,x,6,z,1,m1,0,100000,38475,987,1760,0,0.38475,0.02565302144249515,0,10.56895772999269
4,x,6,x,1,m1,0,100000,38475,987,1760,0,0.38475,0.02565302144249515,0,10.56895772999269
4,x,2,x,0.8,m1,0,100000,45953,0,1,0,0.45953,0.0,0,4.530888426001184
4,x,2,x,0.8,m1,0,100000,45953,0,1,0,0.45953,0.0,0,4.530888426001184
4,x,2,x,0.8,m1,0,100000,45953,0,1,0,0.45953,0.0,0,4.530888426001184
4,x,2,x,0.8,m1,0,100000,45953,0,1,0,0.45953,0.0,0,4.530888426001184
4,x,8,x,1,m1,0,100000,40740,8260,15556,0,0.4074,0.20274914089347074,0,11.193873857002473
4,x,8,z,1,m1,0,100000,40740,8260,15556,0,0.4074,0.20274914089347074,0,11.193873857002473
4,x,8,z,1,m1,0,100000,40740,8260,15556,0,0.4074,0.20274914089347074,0,11.193873857002473
4,x,8,x,1,m1,0,100000,40740,8260,15556,0,0.4074,0.20274914089347074,0,11.193873857002473
4,x,10,x,1,m1,0,100000,35722,650,1183,0,0.35722,0.018196069648955815,0,11.87605504700332
4,x,10,x,1,m1,0,100000,35722,650,1183,0,0.35722,0.018196069648955815,0,11.87605504700332
4,x,10,x,1,m1,0,100000,35722,650,1183,0,0.35722,0.018196069648955815,0,11.87605504700332
4,x,10,z,1,m1,0,100000,35722,650,1183,0,0.35722,0.018196069648955815,0,11.87605504700332
4,x,12,x,1,m1,0,100000,30713,9230,15862,0,0.30713,0.30052420799010193,0,10.636105338009656
4,x,12,z,1,m1,0,100000,30713,9230,15862,0,0.30713,0.30052420799010193,0,10.636105338009656
4,x,12,x,1,m1,0,100000,30713,9230,15862,0,0.30713,0.30052420799010193,0,10.636105338009656
4,x,12,z,1,m1,0,100000,30713,9230,15862,0,0.30713,0.30052420799010193,0,10.636105338009656
4,x,7,z,1,m1,0,100000,56881,1302,2221,0,0.56881,0.022889892934371714,0,12.55703917099163
4,x,7,x,1,m1,0,100000,56881,1302,2221,0,0.56881,0.022889892934371714,0,12.55703917099163
4,x,7,z,1,m1,0,100000,56881,1302,2221,0,0.56881,0.022889892934371714,0,12.55703917099163
4,x,7,x,1,m1,0,100000,56881,1302,2221,0,0.56881,0.022889892934371714,0,12.55703917099163
4,x,5,z,0.8,m1,0,100000,77731,12,23,0,0.77731,0.00015437856196365285,0,2.553135029011173
4,x,5,z,0.8,m1,0,100000,77731,12,23,0,0.77731,0.00015437856196365285,0,2.553135029011173
4,x,5,x,0.8,m1,0,100000,77731,12,23,0,0.77731,0.00015437856196365285,0,2.553135029011173
4,x,5,x,0.8,m1,0,100000,77731,12,23,0,0.77731,0.00015437856196365285,0,2.553135029011173
4,x,13,z,1,m1,0,100000,69130,2227,3886,0,0.6913,0.03221466801677997,0,12.21620850499312
4,x,13,z,1,m1,0,100000,69130,2227,3886,0,0.6913,0.03221466801677997,0,12.21620850499312
4,x,13,x,1,m1,0,100000,69130,2227,3886,0,0.6913,0.03221466801677997,0,12.21620850499312
4,x,13,z,1,m1,0,100000,69130,2227,3886,0,0.6913,0.03221466801677997,0,12.21620850499312
4,x,3,z,0.8,m1,0,100000,70989,2,4,0,0.70989,2.8173378974205576e-05,0,2.9347678949998226
4,x,3,x,0.8,m1,0,100000,70989,2,4,0,0.70989,2.8173378974205576e-05,0,2.9347678949998226
4,x,3,x,0.8,m1,0,100000,70989,2,4,0,0.70989,2.8173378974205576e-05,0,2.9347678949998226
4,x,3,x,0.8,m1,0,100000,70989,2,4,0,0.70989,2.8173378974205576e-05,0,2.9347678949998226
4,x,9,z,0.8,m1,0,100000,100000,14,25,0,1.0,0.000140000000000029,0,0.8404139710037271
4,x,9,z,0.8,m1,0,100000,100000,14,25,0,1.0,0.000140000000000029,0,0.8404139710037271
4,x,9,z,0.8,m1,0,100000,100000,14,25,0,1.0,0.000140000000000029,0,0.8404139710037271
4,x,9,x,0.8,m1,0,100000,100000,14,25,0,1.0,0.000140000000000029,0,0.8404139710037271
4,x,14,x,1,m1,0,100000,45662,7999,14214,0,0.45662,0.1751784853926679,0,13.464477409012034
4,x,14,x,1,m1,0,100000,45662,7999,14214,0,0.45662,0.1751784853926679,0,13.464477409012034
4,x,14,z,1,m1,0,100000,45662,7999,14214,0,0.45662,0.1751784853926679,0,13.464477409012034
4,x,14,z,1,m1,0,100000,45662,7999,14214,0,0.45662,0.1751784853926679,0,13.464477409012034
4,x,15,z,1,m1,0,100000,56888,9381,15610,0,0.56888,0.164902967233863,0,13.437985402008053
4,x,15,x,1,m1,0,100000,56888,9381,15610,0,0.56888,0.164902967233863,0,13.437985402008053
4,x,15,z,1,m1,0,100000,56888,9381,15610,0,0.56888,0.164902967233863,0,13.437985402008053
4,x,15,z,1,m1,0,100000,56888,9381,15610,0,0.56888,0.164902967233863,0,13.437985402008053
4,x,11,z,1,m1,0,100000,62122,1478,2621,0,0.62122,0.02379189337110843,0,13.957012019003741
4,x,11,x,1,m1,0,100000,62122,1478,2621,0,0.62122,0.02379189337110843,0,13.957012019003741
4,x,11,x,1,m1,0,100000,62122,1478,2621,0,0.62122,0.02379189337110843,0,13.957012019003741
4,x,11,z,1,m1,0,100000,62122,1478,2621,0,0.62122,0.02379189337110843,0,13.957012019003741
4,x,4,x,0.8,m1,0,100000,39780,112,213,0,0.3978,0.002815485168426335,0,11.543616991999443
4,x,4,z,0.8,m1,0,100000,39780,112,213,0,0.3978,0.002815485168426335,0,11.543616991999443
4,x,4,x,0.8,m1,0,100000,39780,112,213,0,0.3978,0.002815485168426335,0,11.543616991999443
4,x,4,x,0.8,m1,0,100000,39780,112,213,0,0.3978,0.002815485168426335,0,11.543616991999443
4,x,6,x,0.8,m1,0,100000,46408,832,1504,0,0.46408,0.01792794345802451,0,11.605712566990405
4,x,6,x,0.8,m1,0,100000,46408,832,1504,0,0.46408,0.01792794345802451,0,11.605712566990405
4,x,6,z,0.8,m1,0,100000,46408,832,1504,0,0.46408,0.01792794345802451,0,11.605712566990405
4,x,6,x,0.8,m1,0,100000,46408,832,1504,0,0.46408,0.01792794345802451,0,11.605712566990405
4,x,2,x,0.5,m1,0,100000,61443,0,0,0,0.61443,0.0,0,2.826546722004423
4,x,2,x,0.5,m1,0,100000,61443,0,0,0,0.61443,0.0,0,2.826546722004423
4,x,2,x,0.5,m1,0,100000,61443,0,0,0,0.61443,0.0,0,2.826546722004423
4,x,2,x,0.5,m1,0,100000,61443,0,0,0,0.61443,0.0,0,2.826546722004423
4,x,10,x,0.8,m1,0,100000,43470,497,938,0,0.4347,0.011433172302737549,0,10.432117332005873
4,x,10,x,0.8,m1,0,100000,43470,497,938,0,0.4347,0.011433172302737549,0,10.432117332005873
4,x,10,x,0.8,m1,0,100000,43470,497,938,0,0.4347,0.011433172302737549,0,10.432117332005873
4,x,10,z,0.8,m1,0,100000,43470,497,938,0,0.4347,0.011433172302737549,0,10.432117332005873
4,x,8,x,0.8,m1,0,100000,48447,8170,15497,0,0.48447,0.16863789295518816,0,13.34286916498968
4,x,8,z,0.8,m1,0,100000,48447,8170,15497,0,0.48447,0.16863789295518816,0,13.34286916498968
4,x,8,z,0.8,m1,0,100000,48447,8170,15497,0,0.48447,0.16863789295518816,0,13.34286916498968
4,x,8,x,0.8,m1,0,100000,48447,8170,15497,0,0.48447,0.16863789295518816,0,13.34286916498968
4,x,12,x,0.8,m1,0,100000,37852,9536,16751,0,0.37852,0.2519285638803762,0,11.248412460001418
4,x,12,z,0.8,m1,0,100000,37852,9536,16751,0,0.37852,0.2519285638803762,0,11.248412460001418
4,x,12,x,0.8,m1,0,100000,37852,9536,16751,0,0.37852,0.2519285638803762,0,11.248412460001418
4,x,12,z,0.8,m1,0,100000,37852,9536,16751,0,0.37852,0.2519285638803762,0,11.248412460001418
4,x,7,z,0.8,m1,0,100000,63618,1092,1887,0,0.63618,0.017164953315099485,0,11.633132287999615
4,x,7,x,0.8,m1,0,100000,63618,1092,1887,0,0.63618,0.017164953315099485,0,11.633132287999615
4,x,7,z,0.8,m1,0,100000,63618,1092,1887,0,0.63618,0.017164953315099485,0,11.633132287999615
4,x,7,x,0.8,m1,0,100000,63618,1092,1887,0,0.63618,0.017164953315099485,0,11.633132287999615
4,x,5,z,0.5,m1,0,100000,85393,4,7,0,0.85393,4.684224702256046e-05,0,1.7170882289938163
4,x,5,z,0.5,m1,0,100000,85393,4,7,0,0.85393,4.684224702256046e-05,0,1.7170882289938163
4,x,5,x,0.5,m1,0,100000,85393,4,7,0,0.85393,4.684224702256046e-05,0,1.7170882289938163
4,x,5,x,0.5,m1,0,100000,85393,4,7,0,0.85393,4.684224702256046e-05,0,1.7170882289938163
4,x,13,z,0.8,m1,0,100000,74409,1628,2903,0,0.74409,0.021879073767958168,0,12.58475250499032
4,x,13,z,0.8,m1,0,100000,74409,1628,2903,0,0.74409,0.021879073767958168,0,12.58475250499032
4,x,13,x,0.8,m1,0,100000,74409,1628,2903,0,0.74409,0.021879073767958168,0,12.58475250499032
4,x,13,z,0.8,m1,0,100000,74409,1628,2903,0,0.74409,0.021879073767958168,0,12.58475250499032
4,x,14,x,0.8,m1,0,100000,53330,7778,14037,0,0.5333,0.14584661541346333,0,14.3388610619877
4,x,14,x,0.8,m1,0,100000,53330,7778,14037,0,0.5333,0.14584661541346333,0,14.3388610619877
4,x,14,z,0.8,m1,0,100000,53330,7778,14037,0,0.5333,0.14584661541346333,0,14.3388610619877
4,x,14,z,0.8,m1,0,100000,53330,7778,14037,0,0.5333,0.14584661541346333,0,14.3388610619877
4,x,3,z,0.5,m1,0,100000,80872,0,1,0,0.80872,0.0,0,3.104696471011266
4,x,3,x,0.5,m1,0,100000,80872,0,1,0,0.80872,0.0,0,3.104696471011266
4,x,3,x,0.5,m1,0,100000,80872,0,1,0,0.80872,0.0,0,3.104696471011266
4,x,3,x,0.5,m1,0,100000,80872,0,1,0,0.80872,0.0,0,3.104696471011266
4,x,9,z,0.5,m1,0,100000,100000,2,3,0,1.0,2.0000000000020002e-05,0,0.6206249480019324
4,x,9,z,0.5,m1,0,100000,100000,2,3,0,1.0,2.0000000000020002e-05,0,0.6206249480019324
4,x,9,z,0.5,m1,0,100000,100000,2,3,0,1.0,2.0000000000020002e-05,0,0.6206249480019324
4,x,9,x,0.5,m1,0,100000,100000,2,3,0,1.0,2.0000000000020002e-05,0,0.6206249480019324
4,x,15,z,0.8,m1,0,100000,63901,8834,15235,0,0.63901,0.1382450978857921,0,14.017537545994855
4,x,15,x,0.8,m1,0,100000,63901,8834,15235,0,0.63901,0.1382450978857921,0,14.017537545994855
4,x,15,z,0.8,m1,0,100000,63901,8834,15235,0,0.63901,0.1382450978857921,0,14.017537545994855
4,x,15,z,0.8,m1,0,100000,63901,8834,15235,0,0.63901,0.1382450978857921,0,14.017537545994855
4,x,4,x,0.5,m1,0,100000,55929,62,118,0,0.55929,0.0011085483380715022,0,9.540694832001464
4,x,4,z,0.5,m1,0,100000,55929,62,118,0,0.55929,0.0011085483380715022,0,9.540694832001464
4,x,4,x,0.5,m1,0,100000,55929,62,118,0,0.55929,0.0011085483380715022,0,9.540694832001464
4,x,4,x,0.5,m1,0,100000,55929,62,118,0,0.55929,0.0011085483380715022,0,9.540694832001464
4,x,11,z,0.8,m1,0,100000,68313,1110,2025,0,0.68313,0.0162487374291862,0,17.65209607599536
4,x,11,x,0.8,m1,0,100000,68313,1110,2025,0,0.68313,0.0162487374291862,0,17.65209607599536
4,x,11,x,0.8,m1,0,100000,68313,1110,2025,0,0.68313,0.0162487374291862,0,17.65209607599536
4,x,11,z,0.8,m1,0,100000,68313,1110,2025,0,0.68313,0.0162487374291862,0,17.65209607599536
4,x,8,x,0.5,m1,0,100000,63509,6887,13086,0,0.63509,0.10844132327701583,0,11.665900734995375
4,x,8,z,0.5,m1,0,100000,63509,6887,13086,0,0.63509,0.10844132327701583,0,11.665900734995375
4,x,8,z,0.5,m1,0,100000,63509,6887,13086,0,0.63509,0.10844132327701583,0,11.665900734995375
4,x,8,x,0.5,m1,0,100000,63509,6887,13086,0,0.63509,0.10844132327701583,0,11.665900734995375
4,x,6,x,0.5,m1,0,100000,61631,458,861,0,0.61631,0.007431325144813483,0,12.945953083995846
4,x,6,x,0.5,m1,0,100000,61631,458,861,0,0.61631,0.007431325144813483,0,12.945953083995846
4,x,6,z,0.5,m1,0,100000,61631,458,861,0,0.61631,0.007431325144813483,0,12.945953083995846
4,x,6,x,0.5,m1,0,100000,61631,458,861,0,0.61631,0.007431325144813483,0,12.945953083995846
4,x,2,x,0.3,m1,0,100000,74529,0,0,0,0.74529,0.0,0,2.533795954004745
4,x,2,x,0.3,m1,0,100000,74529,0,0,0,0.74529,0.0,0,2.533795954004745
4,x,2,x,0.3,m1,0,100000,74529,0,0,0,0.74529,0.0,0,2.533795954004745
4,x,2,x,0.3,m1,0,100000,74529,0,0,0,0.74529,0.0,0,2.533795954004745
4,x,10,x,0.5,m1,0,100000,58957,276,515,0,0.58957,0.004681377953423715,0,11.510153449999052
4,x,10,x,0.5,m1,0,100000,58957,276,515,0,0.58957,0.004681377953423715,0,11.510153449999052
4,x,10,x,0.5,m1,0,100000,58957,276,515,0,0.58957,0.004681377953423715,0,11.510153449999052
4,x,10,z,0.5,m1,0,100000,58957,276,515,0,0.58957,0.004681377953423715,0,11.510153449999052
4,x,7,z,0.5,m1,0,100000,74859,596,1073,0,0.74859,0.007961634539601081,0,10.84336260901182
4,x,7,x,0.5,m1,0,100000,74859,596,1073,0,0.74859,0.007961634539601081,0,10.84336260901182
4,x,7,z,0.5,m1,0,100000,74859,596,1073,0,0.74859,0.007961634539601081,0,10.84336260901182
4,x,7,x,0.5,m1,0,100000,74859,596,1073,0,0.74859,0.007961634539601081,0,10.84336260901182
4,x,13,z,0.5,m1,0,100000,83111,785,1460,0,0.83111,0.00944519979304781,0,10.934221303003142
4,x,13,z,0.5,m1,0,100000,83111,785,1460,0,0.83111,0.00944519979304781,0,10.934221303003142
4,x,13,x,0.5,m1,0,100000,83111,785,1460,0,0.83111,0.00944519979304781,0,10.934221303003142
4,x,13,z,0.5,m1,0,100000,83111,785,1460,0,0.83111,0.00944519979304781,0,10.934221303003142
4,x,12,x,0.5,m1,0,100000,53202,8978,16374,0,0.53202,0.16875305439645127,0,13.567820358002791
4,x,12,z,0.5,m1,0,100000,53202,8978,16374,0,0.53202,0.16875305439645127,0,13.567820358002791
4,x,12,x,0.5,m1,0,100000,53202,8978,16374,0,0.53202,0.16875305439645127,0,13.567820358002791
4,x,12,z,0.5,m1,0,100000,53202,8978,16374,0,0.53202,0.16875305439645127,0,13.567820358002791
4,x,14,x,0.5,m1,0,100000,67345,6467,12018,0,0.67345,0.09602791595515625,0,12.312341254000785
4,x,14,x,0.5,m1,0,100000,67345,6467,12018,0,0.67345,0.09602791595515625,0,12.312341254000785
4,x,14,z,0.5,m1,0,100000,67345,6467,12018,0,0.67345,0.09602791595515625,0,12.312341254000785
4,x,14,z,0.5,m1,0,100000,67345,6467,12018,0,0.67345,0.09602791595515625,0,12.312341254000785
4,x,5,z,0.3,m1,0,100000,90965,1,2,0,0.90965,1.0993239157874868e-05,0,1.1611412709899014
4,x,5,z,0.3,m1,0,100000,90965,1,2,0,0.90965,1.0993239157874868e-05,0,1.1611412709899014
4,x,5,x,0.3,m1,0,100000,90965,1,2,0,0.90965,1.0993239157874868e-05,0,1.1611412709899014
4,x,5,x,0.3,m1,0,100000,90965,1,2,0,0.90965,1.0993239157874868e-05,0,1.1611412709899014
4,x,9,z,0.3,m1,0,100000,100000,0,1,0,1.0,0.0,0,0.5920121310045943
4,x,9,z,0.3,m1,0,100000,100000,0,1,0,1.0,0.0,0,0.5920121310045943
4,x,9,z,0.3,m1,0,100000,100000,0,1,0,1.0,0.0,0,0.5920121310045943
4,x,9,x,0.3,m1,0,100000,100000,0,1,0,1.0,0.0,0,0.5920121310045943
4,x,3,z,0.3,m1,0,100000,88054,0,0,0,0.88054,0.0,0,1.6447182019910542
4,x,3,x,0.3,m1,0,100000,88054,0,0,0,0.88054,0.0,0,1.6447182019910542
4,x,3,x,0.3,m1,0,100000,88054,0,0,0,0.88054,0.0,0,1.6447182019910542
4,x,3,x,0.3,m1,0,100000,88054,0,0,0,0.88054,0.0,0,1.6447182019910542
4,x,15,z,0.5,m1,0,100000,75378,6726,12243,0,0.75378,0.08923027939186501,0,15.286101354999118
4,x,15,x,0.5,m1,0,100000,75378,6726,12243,0,0.75378,0.08923027939186501,0,15.286101354999118
4,x,15,z,0.5,m1,0,100000,75378,6726,12243,0,0.75378,0.08923027939186501,0,15.286101354999118
4,x,15,z,0.5,m1,0,100000,75378,6726,12243,0,0.75378,0.08923027939186501,0,15.286101354999118
4,x,11,z,0.5,m1,0,100000,78451,560,1033,0,0.78451,0.0071382136620310455,0,14.21512062799593
4,x,11,x,0.5,m1,0,100000,78451,560,1033,0,0.78451,0.0071382136620310455,0,14.21512062799593
4,x,11,x,0.5,m1,0,100000,78451,560,1033,0,0.78451,0.0071382136620310455,0,14.21512062799593
4,x,11,z,0.5,m1,0,100000,78451,560,1033,0,0.78451,0.0071382136620310455,0,14.21512062799593
4,x,4,x,0.3,m1,0,100000,70763,24,49,0,0.70763,0.0003391602956347439,0,10.285438274993794
4,x,4,z,0.3,m1,0,100000,70763,24,49,0,0.70763,0.0003391602956347439,0,10.285438274993794
4,x,4,x,0.3,m1,0,100000,70763,24,49,0,0.70763,0.0003391602956347439,0,10.285438274993794
4,x,4,x,0.3,m1,0,100000,70763,24,49,0,0.70763,0.0003391602956347439,0,10.285438274993794
4,x,2,x,0.1,m1,0,100000,90720,0,0,0,0.9072,0.0,0,1.9397416080028052
4,x,2,x,0.1,m1,0,100000,90720,0,0,0,0.9072,0.0,0,1.9397416080028052
4,x,2,x,0.1,m1,0,100000,90720,0,0,0,0.9072,0.0,0,1.9397416080028052
4,x,2,x,0.1,m1,0,100000,90720,0,0,0,0.9072,0.0,0,1.9397416080028052
4,x,8,x,0.3,m1,0,100000,75813,5020,9629,0,0.75813,0.06621555669871926,0,12.29211969699827
4,x,8,z,0.3,m1,0,100000,75813,5020,9629,0,0.75813,0.06621555669871926,0,12.29211969699827
4,x,8,z,0.3,m1,0,100000,75813,5020,9629,0,0.75813,0.06621555669871926,0,12.29211969699827
4,x,8,x,0.3,m1,0,100000,75813,5020,9629,0,0.75813,0.06621555669871926,0,12.29211969699827
4,x,6,x,0.3,m1,0,100000,74616,250,475,0,0.74616,0.003350487831028204,0,14.916193123004632
4,x,6,x,0.3,m1,0,100000,74616,250,475,0,0.74616,0.003350487831028204,0,14.916193123004632
4,x,6,z,0.3,m1,0,100000,74616,250,475,0,0.74616,0.003350487831028204,0,14.916193123004632
4,x,6,x,0.3,m1,0,100000,74616,250,475,0,0.74616,0.003350487831028204,0,14.916193123004632
4,x,7,z,0.3,m1,0,100000,83944,344,628,0,0.83944,0.0040979700752883375,0,10.080894427010207
4,x,7,x,0.3,m1,0,100000,83944,344,628,0,0.83944,0.0040979700752883375,0,10.080894427010207
4,x,7,z,0.3,m1,0,100000,83944,344,628,0,0.83944,0.0040979700752883375,0,10.080894427010207
4,x,7,x,0.3,m1,0,100000,83944,344,628,0,0.83944,0.0040979700752883375,0,10.080894427010207
4,x,12,x,0.3,m1,0,100000,67881,7046,13239,0,0.67881,0.10379929582651992,0,12.444406169001013
4,x,12,z,0.3,m1,0,100000,67881,7046,13239,0,0.67881,0.10379929582651992,0,12.444406169001013
4,x,12,x,0.3,m1,0,100000,67881,7046,13239,0,0.67881,0.10379929582651992,0,12.444406169001013
4,x,12,z,0.3,m1,0,100000,67881,7046,13239,0,0.67881,0.10379929582651992,0,12.444406169001013
4,x,10,x,0.3,m1,0,100000,72636,144,277,0,0.72636,0.001982488022468143,0,14.856457353002043
4,x,10,x,0.3,m1,0,100000,72636,144,277,0,0.72636,0.001982488022468143,0,14.856457353002043
4,x,10,x,0.3,m1,0,100000,72636,144,277,0,0.72636,0.001982488022468143,0,14.856457353002043
4,x,10,z,0.3,m1,0,100000,72636,144,277,0,0.72636,0.001982488022468143,0,14.856457353002043
4,x,13,z,0.3,m1,0,100000,89452,316,602,0,0.89452,0.00353262084693462,0,10.056574812013423
4,x,13,z,0.3,m1,0,100000,89452,316,602,0,0.89452,0.00353262084693462,0,10.056574812013423
4,x,13,x,0.3,m1,0,100000,89452,316,602,0,0.89452,0.00353262084693462,0,10.056574812013423
4,x,13,z,0.3,m1,0,100000,89452,316,602,0,0.89452,0.00353262084693462,0,10.056574812013423
4,x,5,z,0.1,m1,0,100000,96851,0,0,0,0.96851,0.0,0,0.6523803219897673
4,x,5,z,0.1,m1,0,100000,96851,0,0,0,0.96851,0.0,0,0.6523803219897673
4,x,5,x,0.1,m1,0,100000,96851,0,0,0,0.96851,0.0,0,0.6523803219897673
4,x,5,x,0.1,m1,0,100000,96851,0,0,0,0.96851,0.0,0,0.6523803219897673
4,x,9,z,0.1,m1,0,100000,100000,0,0,0,1.0,0.0,0,0.3816003069950966
4,x,9,z,0.1,m1,0,100000,100000,0,0,0,1.0,0.0,0,0.3816003069950966
4,x,9,z,0.1,m1,0,100000,100000,0,0,0,1.0,0.0,0,0.3816003069950966
4,x,9,x,0.1,m1,0,100000,100000,0,0,0,1.0,0.0,0,0.3816003069950966
4,x,3,z,0.1,m1,0,100000,95797,0,0,0,0.95797,0.0,0,0.9534857380058384
4,x,3,x,0.1,m1,0,100000,95797,0,0,0,0.95797,0.0,0,0.9534857380058384
4,x,3,x,0.1,m1,0,100000,95797,0,0,0,0.95797,0.0,0,0.9534857380058384
4,x,3,x,0.1,m1,0,100000,95797,0,0,0,0.95797,0.0,0,0.9534857380058384
4,x,14,x,0.3,m1,0,100000,79092,4694,8777,0,0.79092,0.05934860668588482,0,13.269538088003173
4,x,14,x,0.3,m1,0,100000,79092,4694,8777,0,0.79092,0.05934860668588482,0,13.269538088003173
4,x,14,z,0.3,m1,0,100000,79092,4694,8777,0,0.79092,0.05934860668588482,0,13.269538088003173
4,x,14,z,0.3,m1,0,100000,79092,4694,8777,0,0.79092,0.05934860668588482,0,13.269538088003173
4,x,4,x,0.1,m1,0,100000,89133,2,5,0,0.89133,2.2438378602718245e-05,0,7.972069989002193
4,x,4,z,0.1,m1,0,100000,89133,2,5,0,0.89133,2.2438378602718245e-05,0,7.972069989002193
4,x,4,x,0.1,m1,0,100000,89133,2,5,0,0.89133,2.2438378602718245e-05,0,7.972069989002193
4,x,4,x,0.1,m1,0,100000,89133,2,5,0,0.89133,2.2438378602718245e-05,0,7.972069989002193
4,x,11,z,0.3,m1,0,100000,86418,248,476,0,0.86418,0.0028697725010993214,0,14.616456168005243
4,x,11,x,0.3,m1,0,100000,86418,248,476,0,0.86418,0.0028697725010993214,0,14.616456168005243
4,x,11,x,0.3,m1,0,100000,86418,248,476,0,0.86418,0.0028697725010993214,0,14.616456168005243
4,x,11,z,0.3,m1,0,100000,86418,248,476,0,0.86418,0.0028697725010993214,0,14.616456168005243
4,x,15,z,0.3,m1,0,100000,84691,4730,8949,0,0.84691,0.05585009032837018,0,15.60111247000168
4,x,15,x,0.3,m1,0,100000,84691,4730,8949,0,0.84691,0.05585009032837018,0,15.60111247000168
4,x,15,z,0.3,m1,0,100000,84691,4730,8949,0,0.84691,0.05585009032837018,0,15.60111247000168
4,x,15,z,0.3,m1,0,100000,84691,4730,8949,0,0.84691,0.05585009032837018,0,15.60111247000168
4,x,8,x,0.1,m1,0,100000,90898,2002,3877,0,0.90898,0.02202468701181548,0,12.989835784988827
4,x,8,z,0.1,m1,0,100000,90898,2002,3877,0,0.90898,0.02202468701181548,0,12.989835784988827
4,x,8,z,0.1,m1,0,100000,90898,2002,3877,0,0.90898,0.02202468701181548,0,12.989835784988827
4,x,8,x,0.1,m1,0,100000,90898,2002,3877,0,0.90898,0.02202468701181548,0,12.989835784988827
4,x,7,z,0.1,m1,0,100000,94207,107,204,0,0.94207,0.0011357967030051208,0,8.962544737994904
4,x,7,x,0.1,m1,0,100000,94207,107,204,0,0.94207,0.0011357967030051208,0,8.962544737994904
4,x,7,z,0.1,m1,0,100000,94207,107,204,0,0.94207,0.0011357967030051208,0,8.962544737994904
4,x,7,x,0.1,m1,0,100000,94207,107,204,0,0.94207,0.0011357967030051208,0,8.962544737994904
4,x,6,x,0.1,m1,0,100000,90797,64,124,0,0.90797,0.0007048691036047883,0,14.821254982001847
4,x,6,x,0.1,m1,0,100000,90797,64,124,0,0.90797,0.0007048691036047883,0,14.821254982001847
4,x,6,z,0.1,m1,0,100000,90797,64,124,0,0.90797,0.0007048691036047883,0,14.821254982001847
4,x,6,x,0.1,m1,0,100000,90797,64,124,0,0.90797,0.0007048691036047883,0,14.821254982001847
4,x,10,x,0.1,m1,0,100000,89796,32,64,0,0.89796,0.00035636331239696784,0,14.984717992992955
4,x,10,x,0.1,m1,0,100000,89796,32,64,0,0.89796,0.00035636331239696784,0,14.984717992992955
4,x,10,x,0.1,m1,0,100000,89796,32,64,0,0.89796,0.00035636331239696784,0,14.984717992992955
4,x,10,z,0.1,m1,0,100000,89796,32,64,0,0.89796,0.00035636331239696784,0,14.984717992992955
4,x,13,z,0.1,m1,0,100000,96307,38,75,0,0.96307,0.00039457152647259797,0,10.019338617988979
4,x,13,z,0.1,m1,0,100000,96307,38,75,0,0.96307,0.00039457152647259797,0,10.019338617988979
4,x,13,x,0.1,m1,0,100000,96307,38,75,0,0.96307,0.00039457152647259797,0,10.019338617988979
4,x,13,z,0.1,m1,0,100000,96307,38,75,0,0.96307,0.00039457152647259797,0,10.019338617988979
4,x,12,x,0.1,m1,0,100000,87694,3169,6138,0,0.87694,0.03613702191712087,0,13.38298431399744
4,x,12,z,0.1,m1,0,100000,87694,3169,6138,0,0.87694,0.03613702191712087,0,13.38298431399744
4,x,12,x,0.1,m1,0,100000,87694,3169,6138,0,0.87694,0.03613702191712087,0,13.38298431399744
4,x,12,z,0.1,m1,0,100000,87694,3169,6138,0,0.87694,0.03613702191712087,0,13.38298431399744
4,x,14,x,0.1,m1,0,100000,92321,1912,3645,0,0.92321,0.020710347591555545,0,15.277479445998324
4,x,14,x,0.1,m1,0,100000,92321,1912,3645,0,0.92321,0.020710347591555545,0,15.277479445998324
4,x,14,z,0.1,m1,0,100000,92321,1912,3645,0,0.92321,0.020710347591555545,0,15.277479445998324
4,x,14,z,0.1,m1,0,100000,92321,1912,3645,0,0.92321,0.020710347591555545,0,15.277479445998324
4,x,11,z,0.1,m1,0,100000,95262,46,93,0,0.95262,0.00048287879742181516,0,16.027249170991126
4,x,11,x,0.1,m1,0,100000,95262,46,93,0,0.95262,0.00048287879742181516,0,16.027249170991126
4,x,11,x,0.1,m1,0,100000,95262,46,93,0,0.95262,0.00048287879742181516,0,16.027249170991126
4,x,11,z,0.1,m1,0,100000,95262,46,93,0,0.95262,0.00048287879742181516,0,16.027249170991126
4,z,3,x,1,normal,0,100000,35028,6910,11887,0,0.35028,0.19727075482471168,0,10.309061837004265
4,z,3,z,1,normal,0,100000,35028,6910,11887,0,0.35028,0.19727075482471168,0,10.309061837004265
4,z,3,x,1,normal,0,100000,35028,6910,11887,0,0.35028,0.19727075482471168,0,10.309061837004265
4,z,3,x,1,normal,0,100000,35028,6910,11887,0,0.35028,0.19727075482471168,0,10.309061837004265
4,x,15,z,0.1,m1,0,100000,94408,1782,3488,0,0.94408,0.01887551902381157,0,17.74812528199982
4,x,15,x,0.1,m1,0,100000,94408,1782,3488,0,0.94408,0.01887551902381157,0,17.74812528199982
4,x,15,z,0.1,m1,0,100000,94408,1782,3488,0,0.94408,0.01887551902381157,0,17.74812528199982
4,x,15,z,0.1,m1,0,100000,94408,1782,3488,0,0.94408,0.01887551902381157,0,17.74812528199982
4,z,5,x,1,normal,0,100000,31300,5003,9536,0,0.313,0.1598402555910543,0,10.326677478995407
4,z,5,x,1,normal,0,100000,31300,5003,9536,0,0.313,0.1598402555910543,0,10.326677478995407
4,z,5,z,1,normal,0,100000,31300,5003,9536,0,0.313,0.1598402555910543,0,10.326677478995407
4,z,5,x,1,normal,0,100000,31300,5003,9536,0,0.313,0.1598402555910543,0,10.326677478995407
4,z,7,x,1,normal,0,100000,21932,798,1424,0,0.21932,0.03638519058909351,0,10.336501855999813
4,z,7,z,1,normal,0,100000,21932,798,1424,0,0.21932,0.03638519058909351,0,10.336501855999813
4,z,7,z,1,normal,0,100000,21932,798,1424,0,0.21932,0.03638519058909351,0,10.336501855999813
4,z,7,x,1,normal,0,100000,21932,798,1424,0,0.21932,0.03638519058909351,0,10.336501855999813
4,z,4,z,1,normal,0,100000,19956,4382,5585,0,0.19956,0.2195830827821207,0,12.825729258009233
4,z,4,z,1,normal,0,100000,19956,4382,5585,0,0.19956,0.2195830827821207,0,12.825729258009233
4,z,4,x,1,normal,0,100000,19956,4382,5585,0,0.19956,0.2195830827821207,0,12.825729258009233
4,z,4,x,1,normal,0,100000,19956,4382,5585,0,0.19956,0.2195830827821207,0,12.825729258009233
4,z,2,z,1,normal,0,100000,56284,10956,17757,0,0.56284,0.19465567479212564,0,17.734502260995214
4,z,2,x,1,normal,0,100000,56284,10956,17757,0,0.56284,0.19465567479212564,0,17.734502260995214
4,z,2,x,1,normal,0,100000,56284,10956,17757,0,0.56284,0.19465567479212564,0,17.734502260995214
4,z,2,x,1,normal,0,100000,56284,10956,17757,0,0.56284,0.19465567479212564,0,17.734502260995214
4,z,8,z,1,normal,0,100000,100000,511,882,0,1.0,0.005109999999999948,0,13.9962208539946
4,z,8,z,1,normal,0,100000,100000,511,882,0,1.0,0.005109999999999948,0,13.9962208539946
4,z,8,z,1,normal,0,100000,100000,511,882,0,1.0,0.005109999999999948,0,13.9962208539946
4,z,8,x,1,normal,0,100000,100000,511,882,0,1.0,0.005109999999999948,0,13.9962208539946
4,z,9,x,1,normal,0,100000,34774,5918,10720,0,0.34774,0.17018462069362172,0,9.99400211799366
4,z,9,x,1,normal,0,100000,34774,5918,10720,0,0.34774,0.17018462069362172,0,9.99400211799366
4,z,9,x,1,normal,0,100000,34774,5918,10720,0,0.34774,0.17018462069362172,0,9.99400211799366
4,z,9,z,1,normal,0,100000,34774,5918,10720,0,0.34774,0.17018462069362172,0,9.99400211799366
4,z,6,z,1,normal,0,100000,50841,1250,2215,0,0.50841,0.024586455813221608,0,15.593504692995339
4,z,6,x,1,normal,0,100000,50841,1250,2215,0,0.50841,0.024586455813221608,0,15.593504692995339
4,z,6,z,1,normal,0,100000,50841,1250,2215,0,0.50841,0.024586455813221608,0,15.593504692995339
4,z,6,x,1,normal,0,100000,50841,1250,2215,0,0.50841,0.024586455813221608,0,15.593504692995339
4,z,13,x,1,normal,0,100000,38390,346,663,0,0.3839,0.009012763740557483,0,11.129190753999865
4,z,13,x,1,normal,0,100000,38390,346,663,0,0.3839,0.009012763740557483,0,11.129190753999865
4,z,13,z,1,normal,0,100000,38390,346,663,0,0.3839,0.009012763740557483,0,11.129190753999865
4,z,13,z,1,normal,0,100000,38390,346,663,0,0.3839,0.009012763740557483,0,11.129190753999865
4,z,11,x,1,normal,0,100000,32071,540,962,0,0.32071,0.01683764148295963,0,12.869309771005646
4,z,11,z,1,normal,0,100000,32071,540,962,0,0.32071,0.01683764148295963,0,12.869309771005646
4,z,11,x,1,normal,0,100000,32071,540,962,0,0.32071,0.01683764148295963,0,12.869309771005646
4,z,11,z,1,normal,0,100000,32071,540,962,0,0.32071,0.01683764148295963,0,12.869309771005646
4,z,10,z,1,normal,0,100000,52492,1152,2051,0,0.52492,0.021946201325916292,0,13.310797180005466
4,z,10,x,1,normal,0,100000,52492,1152,2051,0,0.52492,0.021946201325916292,0,13.310797180005466
4,z,10,x,1,normal,0,100000,52492,1152,2051,0,0.52492,0.021946201325916292,0,13.310797180005466
4,z,10,z,1,normal,0,100000,52492,1152,2051,0,0.52492,0.021946201325916292,0,13.310797180005466
4,z,15,x,1,normal,0,100000,46067,2,4,0,0.46067,4.3415025940518603e-05,0,9.823362331997487
4,z,15,z,1,normal,0,100000,46067,2,4,0,0.46067,4.3415025940518603e-05,0,9.823362331997487
4,z,15,z,1,normal,0,100000,46067,2,4,0,0.46067,4.3415025940518603e-05,0,9.823362331997487
4,z,15,z,1,normal,0,100000,46067,2,4,0,0.46067,4.3415025940518603e-05,0,9.823362331997487
4,z,14,z,1,normal,0,100000,53009,1,2,0,0.53009,1.8864721085143366e-05,0,12.212534327001777
4,z,14,x,1,normal,0,100000,53009,1,2,0,0.53009,1.8864721085143366e-05,0,12.212534327001777
4,z,14,z,1,normal,0,100000,53009,1,2,0,0.53009,1.8864721085143366e-05,0,12.212534327001777
4,z,14,z,1,normal,0,100000,53009,1,2,0,0.53009,1.8864721085143366e-05,0,12.212534327001777
4,z,12,z,1,normal,0,100000,57439,53,92,0,0.57439,0.0009227180138929869,0,13.81791495399375
4,z,12,z,1,normal,0,100000,57439,53,92,0,0.57439,0.0009227180138929869,0,13.81791495399375
4,z,12,x,1,normal,0,100000,57439,53,92,0,0.57439,0.0009227180138929869,0,13.81791495399375
4,z,12,z,1,normal,0,100000,57439,53,92,0,0.57439,0.0009227180138929869,0,13.81791495399375
4,z,5,x,0.8,normal,0,100000,39385,5178,9883,0,0.39385,0.13147137234987938,0,10.129666181004723
4,z,5,x,0.8,normal,0,100000,39385,5178,9883,0,0.39385,0.13147137234987938,0,10.129666181004723
4,z,5,z,0.8,normal,0,100000,39385,5178,9883,0,0.39385,0.13147137234987938,0,10.129666181004723
4,z,5,x,0.8,normal,0,100000,39385,5178,9883,0,0.39385,0.13147137234987938,0,10.129666181004723
4,z,3,x,0.8,normal,0,100000,42881,6960,12199,0,0.42881,0.1623096476294863,0,13.560069061000831
4,z,3,z,0.8,normal,0,100000,42881,6960,12199,0,0.42881,0.1623096476294863,0,13.560069061000831
4,z,3,x,0.8,normal,0,100000,42881,6960,12199,0,0.42881,0.1623096476294863,0,13.560069061000831
4,z,3,x,0.8,normal,0,100000,42881,6960,12199,0,0.42881,0.1623096476294863,0,13.560069061000831
4,z,4,z,0.8,normal,0,100000,23250,4290,5842,0,0.2325,0.1845161290322581,0,13.33320054798969
4,z,4,z,0.8,normal,0,100000,23250,4290,5842,0,0.2325,0.1845161290322581,0,13.33320054798969
4,z,4,x,0.8,normal,0,100000,23250,4290,5842,0,0.2325,0.1845161290322581,0,13.33320054798969
4,z,4,x,0.8,normal,0,100000,23250,4290,5842,0,0.2325,0.1845161290322581,0,13.33320054798969
4,z,7,x,0.8,normal,0,100000,27822,688,1267,0,0.27822,0.0247286320178276,0,10.475878059995011
4,z,7,z,0.8,normal,0,100000,27822,688,1267,0,0.27822,0.0247286320178276,0,10.475878059995011
4,z,7,z,0.8,normal,0,100000,27822,688,1267,0,0.27822,0.0247286320178276,0,10.475878059995011
4,z,7,x,0.8,normal,0,100000,27822,688,1267,0,0.27822,0.0247286320178276,0,10.475878059995011
4,z,2,z,0.8,normal,0,100000,63230,10292,17239,0,0.6323,0.1627708366281828,0,14.585283541993704
4,z,2,x,0.8,normal,0,100000,63230,10292,17239,0,0.6323,0.1627708366281828,0,14.585283541993704
4,z,2,x,0.8,normal,0,100000,63230,10292,17239,0,0.6323,0.1627708366281828,0,14.585283541993704
4,z,2,x,0.8,normal,0,100000,63230,10292,17239,0,0.6323,0.1627708366281828,0,14.585283541993704
4,z,9,x,0.8,normal,0,100000,42560,5866,10697,0,0.4256,0.1378289473684211,0,11.076783035998233
4,z,9,x,0.8,normal,0,100000,42560,5866,10697,0,0.4256,0.1378289473684211,0,11.076783035998233
4,z,9,x,0.8,normal,0,100000,42560,5866,10697,0,0.4256,0.1378289473684211,0,11.076783035998233
4,z,9,z,0.8,normal,0,100000,42560,5866,10697,0,0.4256,0.1378289473684211,0,11.076783035998233
4,z,11,x,0.8,normal,0,100000,40107,436,830,0,0.40107,0.010870920288229002,0,10.911142468001344
4,z,11,z,0.8,normal,0,100000,40107,436,830,0,0.40107,0.010870920288229002,0,10.911142468001344
4,z,11,x,0.8,normal,0,100000,40107,436,830,0,0.40107,0.010870920288229002,0,10.911142468001344
4,z,11,z,0.8,normal,0,100000,40107,436,830,0,0.40107,0.010870920288229002,0,10.911142468001344
4,z,8,z,0.8,normal,0,100000,100000,248,452,0,1.0,0.0024800000000000377,0,14.597026091010775
4,z,8,z,0.8,normal,0,100000,100000,248,452,0,1.0,0.0024800000000000377,0,14.597026091010775
4,z,8,z,0.8,normal,0,100000,100000,248,452,0,1.0,0.0024800000000000377,0,14.597026091010775
4,z,8,x,0.8,normal,0,100000,100000,248,452,0,1.0,0.0024800000000000377,0,14.597026091010775
4,z,6,z,0.8,normal,0,100000,57622,954,1729,0,0.57622,0.016556176460379768,0,16.106806727999356
4,z,6,x,0.8,normal,0,100000,57622,954,1729,0,0.57622,0.016556176460379768,0,16.106806727999356
4,z,6,z,0.8,normal,0,100000,57622,954,1729,0,0.57622,0.016556176460379768,0,16.106806727999356
4,z,6,x,0.8,normal,0,100000,57622,954,1729,0,0.57622,0.016556176460379768,0,16.106806727999356
4,z,10,z,0.8,normal,0,100000,59569,886,1589,0,0.59569,0.014873508032701599,0,14.03315409499919
4,z,10,x,0.8,normal,0,100000,59569,886,1589,0,0.59569,0.014873508032701599,0,14.03315409499919
4,z,10,x,0.8,normal,0,100000,59569,886,1589,0,0.59569,0.014873508032701599,0,14.03315409499919
4,z,10,z,0.8,normal,0,100000,59569,886,1589,0,0.59569,0.014873508032701599,0,14.03315409499919
4,z,13,x,0.8,normal,0,100000,46410,267,514,0,0.4641,0.0057530704589527915,0,11.640801964997081
4,z,13,x,0.8,normal,0,100000,46410,267,514,0,0.4641,0.0057530704589527915,0,11.640801964997081
4,z,13,z,0.8,normal,0,100000,46410,267,514,0,0.4641,0.0057530704589527915,0,11.640801964997081
4,z,13,z,0.8,normal,0,100000,46410,267,514,0,0.4641,0.0057530704589527915,0,11.640801964997081
4,z,14,z,0.8,normal,0,100000,59912,2,3,0,0.59912,3.338229403127002e-05,0,11.803740984993055
4,z,14,x,0.8,normal,0,100000,59912,2,3,0,0.59912,3.338229403127002e-05,0,11.803740984993055
4,z,14,z,0.8,normal,0,100000,59912,2,3,0,0.59912,3.338229403127002e-05,0,11.803740984993055
4,z,14,z,0.8,normal,0,100000,59912,2,3,0,0.59912,3.338229403127002e-05,0,11.803740984993055
4,z,12,z,0.8,normal,0,100000,64160,36,62,0,0.6416,0.0005610972568578232,0,12.75088302300719
4,z,12,z,0.8,normal,0,100000,64160,36,62,0,0.6416,0.0005610972568578232,0,12.75088302300719
4,z,12,x,0.8,normal,0,100000,64160,36,62,0,0.6416,0.0005610972568578232,0,12.75088302300719
4,z,12,z,0.8,normal,0,100000,64160,36,62,0,0.6416,0.0005610972568578232,0,12.75088302300719
4,z,15,x,0.8,normal,0,100000,53938,0,1,0,0.53938,0.0,0,11.92664017000061
4,z,15,z,0.8,normal,0,100000,53938,0,1,0,0.53938,0.0,0,11.92664017000061
4,z,15,z,0.8,normal,0,100000,53938,0,1,0,0.53938,0.0,0,11.92664017000061
4,z,15,z,0.8,normal,0,100000,53938,0,1,0,0.53938,0.0,0,11.92664017000061
4,z,3,x,0.5,normal,0,100000,58605,6380,11347,0,0.58605,0.10886443136251178,0,13.1076264190051
4,z,3,z,0.5,normal,0,100000,58605,6380,11347,0,0.58605,0.10886443136251178,0,13.1076264190051
4,z,3,x,0.5,normal,0,100000,58605,6380,11347,0,0.58605,0.10886443136251178,0,13.1076264190051
4,z,3,x,0.5,normal,0,100000,58605,6380,11347,0,0.58605,0.10886443136251178,0,13.1076264190051
4,z,5,x,0.5,normal,0,100000,55430,4675,9006,0,0.5543,0.08434060977809854,0,11.370560851995833
4,z,5,x,0.5,normal,0,100000,55430,4675,9006,0,0.5543,0.08434060977809854,0,11.370560851995833
4,z,5,z,0.5,normal,0,100000,55430,4675,9006,0,0.5543,0.08434060977809854,0,11.370560851995833
4,z,5,x,0.5,normal,0,100000,55430,4675,9006,0,0.5543,0.08434060977809854,0,11.370560851995833
4,z,4,z,0.5,normal,0,100000,35017,4000,6247,0,0.35017,0.11423023103064223,0,13.117649321007775
4,z,4,z,0.5,normal,0,100000,35017,4000,6247,0,0.35017,0.11423023103064223,0,13.117649321007775
4,z,4,x,0.5,normal,0,100000,35017,4000,6247,0,0.35017,0.11423023103064223,0,13.117649321007775
4,z,4,x,0.5,normal,0,100000,35017,4000,6247,0,0.35017,0.11423023103064223,0,13.117649321007775
4,z,7,x,0.5,normal,0,100000,42875,453,838,0,0.42875,0.010565597667638538,0,12.987208144011674
4,z,7,z,0.5,normal,0,100000,42875,453,838,0,0.42875,0.010565597667638538,0,12.987208144011674
4,z,7,z,0.5,normal,0,100000,42875,453,838,0,0.42875,0.010565597667638538,0,12.987208144011674
4,z,7,x,0.5,normal,0,100000,42875,453,838,0,0.42875,0.010565597667638538,0,12.987208144011674
4,z,8,z,0.5,normal,0,100000,100000,40,77,0,1.0,0.00039999999999995595,0,12.328347397007747
4,z,8,z,0.5,normal,0,100000,100000,40,77,0,1.0,0.00039999999999995595,0,12.328347397007747
4,z,8,z,0.5,normal,0,100000,100000,40,77,0,1.0,0.00039999999999995595,0,12.328347397007747
4,z,8,x,0.5,normal,0,100000,100000,40,77,0,1.0,0.00039999999999995595,0,12.328347397007747
4,z,2,z,0.5,normal,0,100000,75160,8040,14428,0,0.7516,0.10697179350718466,0,18.50101068300137
4,z,2,x,0.5,normal,0,100000,75160,8040,14428,0,0.7516,0.10697179350718466,0,18.50101068300137
4,z,2,x,0.5,normal,0,100000,75160,8040,14428,0,0.7516,0.10697179350718466,0,18.50101068300137
4,z,2,x,0.5,normal,0,100000,75160,8040,14428,0,0.7516,0.10697179350718466,0,18.50101068300137
4,z,6,z,0.5,normal,0,100000,70455,510,951,0,0.70455,0.007238662976367882,0,14.275352401004056
4,z,6,x,0.5,normal,0,100000,70455,510,951,0,0.70455,0.007238662976367882,0,14.275352401004056
4,z,6,z,0.5,normal,0,100000,70455,510,951,0,0.70455,0.007238662976367882,0,14.275352401004056
4,z,6,x,0.5,normal,0,100000,70455,510,951,0,0.70455,0.007238662976367882,0,14.275352401004056
4,z,9,x,0.5,normal,0,100000,57878,5032,9171,0,0.57878,0.08694149763295211,0,13.904959039995447
4,z,9,x,0.5,normal,0,100000,57878,5032,9171,0,0.57878,0.08694149763295211,0,13.904959039995447
4,z,9,x,0.5,normal,0,100000,57878,5032,9171,0,0.57878,0.08694149763295211,0,13.904959039995447
4,z,9,z,0.5,normal,0,100000,57878,5032,9171,0,0.57878,0.08694149763295211,0,13.904959039995447
4,z,11,x,0.5,normal,0,100000,55938,298,553,0,0.55938,0.00532732668311342,0,12.375181862997124
4,z,11,z,0.5,normal,0,100000,55938,298,553,0,0.55938,0.00532732668311342,0,12.375181862997124
4,z,11,x,0.5,normal,0,100000,55938,298,553,0,0.55938,0.00532732668311342,0,12.375181862997124
4,z,11,z,0.5,normal,0,100000,55938,298,553,0,0.55938,0.00532732668311342,0,12.375181862997124
4,z,10,z,0.5,normal,0,100000,72141,560,1011,0,0.72141,0.007762576066314586,0,14.210263213986764
4,z,10,x,0.5,normal,0,100000,72141,560,1011,0,0.72141,0.007762576066314586,0,14.210263213986764
4,z,10,x,0.5,normal,0,100000,72141,560,1011,0,0.72141,0.007762576066314586,0,14.210263213986764
4,z,10,z,0.5,normal,0,100000,72141,560,1011,0,0.72141,0.007762576066314586,0,14.210263213986764
4,z,12,z,0.5,normal,0,100000,76064,8,16,0,0.76064,0.00010517458981906813,0,11.522449315001722
4,z,12,z,0.5,normal,0,100000,76064,8,16,0,0.76064,0.00010517458981906813,0,11.522449315001722
4,z,12,x,0.5,normal,0,100000,76064,8,16,0,0.76064,0.00010517458981906813,0,11.522449315001722
4,z,12,z,0.5,normal,0,100000,76064,8,16,0,0.76064,0.00010517458981906813,0,11.522449315001722
4,z,13,x,0.5,normal,0,100000,61686,141,278,0,0.61686,0.002285769866744447,0,12.782849900002475
4,z,13,x,0.5,normal,0,100000,61686,141,278,0,0.61686,0.002285769866744447,0,12.782849900002475
4,z,13,z,0.5,normal,0,100000,61686,141,278,0,0.61686,0.002285769866744447,0,12.782849900002475
4,z,13,z,0.5,normal,0,100000,61686,141,278,0,0.61686,0.002285769866744447,0,12.782849900002475
4,z,14,z,0.5,normal,0,100000,73023,0,0,0,0.73023,0.0,0,11.982158933999017
4,z,14,x,0.5,normal,0,100000,73023,0,0,0,0.73023,0.0,0,11.982158933999017
4,z,14,z,0.5,normal,0,100000,73023,0,0,0,0.73023,0.0,0,11.982158933999017
4,z,14,z,0.5,normal,0,100000,73023,0,0,0,0.73023,0.0,0,11.982158933999017
4,z,15,x,0.5,normal,0,100000,67855,0,0,0,0.67855,0.0,0,10.745196462012245
4,z,15,z,0.5,normal,0,100000,67855,0,0,0,0.67855,0.0,0,10.745196462012245
4,z,15,z,0.5,normal,0,100000,67855,0,0,0,0.67855,0.0,0,10.745196462012245
4,z,15,z,0.5,normal,0,100000,67855,0,0,0,0.67855,0.0,0,10.745196462012245
4,z,3,x,0.3,normal,0,100000,72886,4879,8796,0,0.72886,0.06694015311582469,0,14.395986642004573
4,z,3,z,0.3,normal,0,100000,72886,4879,8796,0,0.72886,0.06694015311582469,0,14.395986642004573
4,z,3,x,0.3,normal,0,100000,72886,4879,8796,0,0.72886,0.06694015311582469,0,14.395986642004573
4,z,3,x,0.3,normal,0,100000,72886,4879,8796,0,0.72886,0.06694015311582469,0,14.395986642004573
4,z,4,z,0.3,normal,0,100000,51051,2980,5119,0,0.51051,0.05837299954947017,0,13.850218570994912
4,z,4,z,0.3,normal,0,100000,51051,2980,5119,0,0.51051,0.05837299954947017,0,13.850218570994912
4,z,4,x,0.3,normal,0,100000,51051,2980,5119,0,0.51051,0.05837299954947017,0,13.850218570994912
4,z,4,x,0.3,normal,0,100000,51051,2980,5119,0,0.51051,0.05837299954947017,0,13.850218570994912
4,z,7,x,0.3,normal,0,100000,58702,248,468,0,0.58702,0.004224728288644286,0,11.767320903003565
4,z,7,z,0.3,normal,0,100000,58702,248,468,0,0.58702,0.004224728288644286,0,11.767320903003565
4,z,7,z,0.3,normal,0,100000,58702,248,468,0,0.58702,0.004224728288644286,0,11.767320903003565
4,z,7,x,0.3,normal,0,100000,58702,248,468,0,0.58702,0.004224728288644286,0,11.767320903003565
4,z,8,z,0.3,normal,0,100000,100000,8,17,0,1.0,7.999999999996898e-05,0,10.926056267999229
4,z,8,z,0.3,normal,0,100000,100000,8,17,0,1.0,7.999999999996898e-05,0,10.926056267999229
4,z,8,z,0.3,normal,0,100000,100000,8,17,0,1.0,7.999999999996898e-05,0,10.926056267999229
4,z,8,x,0.3,normal,0,100000,100000,8,17,0,1.0,7.999999999996898e-05,0,10.926056267999229
4,z,5,x,0.3,normal,0,100000,70368,3715,7196,0,0.70368,0.052793883583447054,0,16.007931852000183
4,z,5,x,0.3,normal,0,100000,70368,3715,7196,0,0.70368,0.052793883583447054,0,16.007931852000183
4,z,5,z,0.3,normal,0,100000,70368,3715,7196,0,0.70368,0.052793883583447054,0,16.007931852000183
4,z,5,x,0.3,normal,0,100000,70368,3715,7196,0,0.70368,0.052793883583447054,0,16.007931852000183
4,z,2,z,0.3,normal,0,100000,84266,5539,10392,0,0.84266,0.06573232383167593,0,15.612327830007416
4,z,2,x,0.3,normal,0,100000,84266,5539,10392,0,0.84266,0.06573232383167593,0,15.612327830007416
4,z,2,x,0.3,normal,0,100000,84266,5539,10392,0,0.84266,0.06573232383167593,0,15.612327830007416
4,z,2,x,0.3,normal,0,100000,84266,5539,10392,0,0.84266,0.06573232383167593,0,15.612327830007416
4,z,6,z,0.3,normal,0,100000,80785,262,498,0,0.80785,0.0032431763322399165,0,15.300886705997982
4,z,6,x,0.3,normal,0,100000,80785,262,498,0,0.80785,0.0032431763322399165,0,15.300886705997982
4,z,6,z,0.3,normal,0,100000,80785,262,498,0,0.80785,0.0032431763322399165,0,15.300886705997982
4,z,6,x,0.3,normal,0,100000,80785,262,498,0,0.80785,0.0032431763322399165,0,15.300886705997982
4,z,9,x,0.3,normal,0,100000,72101,3806,6928,0,0.72101,0.05278706259275179,0,14.56171677200473
4,z,9,x,0.3,normal,0,100000,72101,3806,6928,0,0.72101,0.05278706259275179,0,14.56171677200473
4,z,9,x,0.3,normal,0,100000,72101,3806,6928,0,0.72101,0.05278706259275179,0,14.56171677200473
4,z,9,z,0.3,normal,0,100000,72101,3806,6928,0,0.72101,0.05278706259275179,0,14.56171677200473
4,z,11,x,0.3,normal,0,100000,70338,163,314,0,0.70338,0.002317381785094774,0,12.93844772799639
4,z,11,z,0.3,normal,0,100000,70338,163,314,0,0.70338,0.002317381785094774,0,12.93844772799639
4,z,11,x,0.3,normal,0,100000,70338,163,314,0,0.70338,0.002317381785094774,0,12.93844772799639
4,z,11,z,0.3,normal,0,100000,70338,163,314,0,0.70338,0.002317381785094774,0,12.93844772799639
4,z,12,z,0.3,normal,0,100000,84793,1,0,0,0.84793,1.179342634416436e-05,0,10.499035009008367
4,z,12,z,0.3,normal,0,100000,84793,1,0,0,0.84793,1.179342634416436e-05,0,10.499035009008367
4,z,12,x,0.3,normal,0,100000,84793,1,0,0,0.84793,1.179342634416436e-05,0,10.499035009008367
4,z,12,z,0.3,normal,0,100000,84793,1,0,0,0.84793,1.179342634416436e-05,0,10.499035009008367
4,z,10,z,0.3,normal,0,100000,81929,290,533,0,0.81929,0.0035396501849161988,0,16.222779657007777
4,z,10,x,0.3,normal,0,100000,81929,290,533,0,0.81929,0.0035396501849161988,0,16.222779657007777
4,z,10,x,0.3,normal,0,100000,81929,290,533,0,0.81929,0.0035396501849161988,0,16.222779657007777
4,z,10,z,0.3,normal,0,100000,81929,290,533,0,0.81929,0.0035396501849161988,0,16.222779657007777
4,z,14,z,0.3,normal,0,100000,82588,1,2,0,0.82588,1.2108296604806945e-05,0,10.062497473991243
4,z,14,x,0.3,normal,0,100000,82588,1,2,0,0.82588,1.2108296604806945e-05,0,10.062497473991243
4,z,14,z,0.3,normal,0,100000,82588,1,2,0,0.82588,1.2108296604806945e-05,0,10.062497473991243
4,z,14,z,0.3,normal,0,100000,82588,1,2,0,0.82588,1.2108296604806945e-05,0,10.062497473991243
4,z,15,x,0.3,normal,0,100000,79279,0,0,0,0.79279,0.0,0,10.065354968988686
4,z,15,z,0.3,normal,0,100000,79279,0,0,0,0.79279,0.0,0,10.065354968988686
4,z,15,z,0.3,normal,0,100000,79279,0,0,0,0.79279,0.0,0,10.065354968988686
4,z,15,z,0.3,normal,0,100000,79279,0,0,0,0.79279,0.0,0,10.065354968988686
4,z,13,x,0.3,normal,0,100000,74788,54,105,0,0.74788,0.0007220409691394147,0,12.60731049500464
4,z,13,x,0.3,normal,0,100000,74788,54,105,0,0.74788,0.0007220409691394147,0,12.60731049500464
4,z,13,z,0.3,normal,0,100000,74788,54,105,0,0.74788,0.0007220409691394147,0,12.60731049500464
4,z,13,z,0.3,normal,0,100000,74788,54,105,0,0.74788,0.0007220409691394147,0,12.60731049500464
4,z,3,x,0.1,normal,0,100000,89874,2082,3855,0,0.89874,0.02316576540490023,0,14.984401177993277
4,z,3,z,0.1,normal,0,100000,89874,2082,3855,0,0.89874,0.02316576540490023,0,14.984401177993277
4,z,3,x,0.1,normal,0,100000,89874,2082,3855,0,0.89874,0.02316576540490023,0,14.984401177993277
4,z,3,x,0.1,normal,0,100000,89874,2082,3855,0,0.89874,0.02316576540490023,0,14.984401177993277
4,z,5,x,0.1,normal,0,100000,88818,1564,3053,0,0.88818,0.01760904321196155,0,14.51702062599361
4,z,5,x,0.1,normal,0,100000,88818,1564,3053,0,0.88818,0.01760904321196155,0,14.51702062599361
4,z,5,z,0.1,normal,0,100000,88818,1564,3053,0,0.88818,0.01760904321196155,0,14.51702062599361
4,z,5,x,0.1,normal,0,100000,88818,1564,3053,0,0.88818,0.01760904321196155,0,14.51702062599361
4,z,2,z,0.1,normal,0,100000,94351,2258,4410,0,0.94351,0.023931913811194416,0,15.461782894999487
4,z,2,x,0.1,normal,0,100000,94351,2258,4410,0,0.94351,0.023931913811194416,0,15.461782894999487
4,z,2,x,0.1,normal,0,100000,94351,2258,4410,0,0.94351,0.023931913811194416,0,15.461782894999487
4,z,2,x,0.1,normal,0,100000,94351,2258,4410,0,0.94351,0.023931913811194416,0,15.461782894999487
4,z,8,z,0.1,normal,0,100000,100000,0,0,0,1.0,0.0,0,9.069358235996333
4,z,8,z,0.1,normal,0,100000,100000,0,0,0,1.0,0.0,0,9.069358235996333
4,z,8,z,0.1,normal,0,100000,100000,0,0,0,1.0,0.0,0,9.069358235996333
4,z,8,x,0.1,normal,0,100000,100000,0,0,0,1.0,0.0,0,9.069358235996333
4,z,4,z,0.1,normal,0,100000,79338,684,1301,0,0.79338,0.00862134160175454,0,18.46608698600903
4,z,4,z,0.1,normal,0,100000,79338,684,1301,0,0.79338,0.00862134160175454,0,18.46608698600903
4,z,4,x,0.1,normal,0,100000,79338,684,1301,0,0.79338,0.00862134160175454,0,18.46608698600903
4,z,4,x,0.1,normal,0,100000,79338,684,1301,0,0.79338,0.00862134160175454,0,18.46608698600903
4,z,7,x,0.1,normal,0,100000,83041,67,130,0,0.83041,0.0008068303609060079,0,13.74268920099712
4,z,7,z,0.1,normal,0,100000,83041,67,130,0,0.83041,0.0008068303609060079,0,13.74268920099712
4,z,7,z,0.1,normal,0,100000,83041,67,130,0,0.83041,0.0008068303609060079,0,13.74268920099712
4,z,7,x,0.1,normal,0,100000,83041,67,130,0,0.83041,0.0008068303609060079,0,13.74268920099712
4,z,9,x,0.1,normal,0,100000,89478,1560,2853,0,0.89478,0.017434453161671026,0,13.443485921001411
4,z,9,x,0.1,normal,0,100000,89478,1560,2853,0,0.89478,0.017434453161671026,0,13.443485921001411
4,z,9,x,0.1,normal,0,100000,89478,1560,2853,0,0.89478,0.017434453161671026,0,13.443485921001411
4,z,9,z,0.1,normal,0,100000,89478,1560,2853,0,0.89478,0.017434453161671026,0,13.443485921001411
4,z,11,x,0.1,normal,0,100000,88855,45,90,0,0.88855,0.0005064430814247789,0,13.854157241992652
4,z,11,z,0.1,normal,0,100000,88855,45,90,0,0.88855,0.0005064430814247789,0,13.854157241992652
4,z,11,x,0.1,normal,0,100000,88855,45,90,0,0.88855,0.0005064430814247789,0,13.854157241992652
4,z,11,z,0.1,normal,0,100000,88855,45,90,0,0.88855,0.0005064430814247789,0,13.854157241992652
4,z,6,z,0.1,normal,0,100000,92966,68,134,0,0.92966,0.0007314502076027907,0,20.091685727995355
4,z,6,x,0.1,normal,0,100000,92966,68,134,0,0.92966,0.0007314502076027907,0,20.091685727995355
4,z,6,z,0.1,normal,0,100000,92966,68,134,0,0.92966,0.0007314502076027907,0,20.091685727995355
4,z,6,x,0.1,normal,0,100000,92966,68,134,0,0.92966,0.0007314502076027907,0,20.091685727995355
4,z,12,z,0.1,normal,0,100000,94645,0,0,0,0.94645,0.0,0,8.808847121996223
4,z,12,z,0.1,normal,0,100000,94645,0,0,0,0.94645,0.0,0,8.808847121996223
4,z,12,x,0.1,normal,0,100000,94645,0,0,0,0.94645,0.0,0,8.808847121996223
4,z,12,z,0.1,normal,0,100000,94645,0,0,0,0.94645,0.0,0,8.808847121996223
4,z,14,z,0.1,normal,0,100000,93981,0,0,0,0.93981,0.0,0,9.503594576002797
4,z,14,x,0.1,normal,0,100000,93981,0,0,0,0.93981,0.0,0,9.503594576002797
4,z,14,z,0.1,normal,0,100000,93981,0,0,0,0.93981,0.0,0,9.503594576002797
4,z,14,z,0.1,normal,0,100000,93981,0,0,0,0.93981,0.0,0,9.503594576002797
4,z,15,x,0.1,normal,0,100000,92460,0,0,0,0.9246,0.0,0,9.704384284996195
4,z,15,z,0.1,normal,0,100000,92460,0,0,0,0.9246,0.0,0,9.704384284996195
4,z,15,z,0.1,normal,0,100000,92460,0,0,0,0.9246,0.0,0,9.704384284996195
4,z,15,z,0.1,normal,0,100000,92460,0,0,0,0.9246,0.0,0,9.704384284996195
4,z,10,z,0.1,normal,0,100000,93601,94,176,0,0.93601,0.0010042627749703437,0,16.650565696996637
4,z,10,x,0.1,normal,0,100000,93601,94,176,0,0.93601,0.0010042627749703437,0,16.650565696996637
4,z,10,x,0.1,normal,0,100000,93601,94,176,0,0.93601,0.0010042627749703437,0,16.650565696996637
4,z,10,z,0.1,normal,0,100000,93601,94,176,0,0.93601,0.0010042627749703437,0,16.650565696996637
4,z,8,z,1,m1,0,100000,100000,28,53,0,1.0,0.00027999999999994696,0,1.0544426379929064
4,z,8,z,1,m1,0,100000,100000,28,53,0,1.0,0.00027999999999994696,0,1.0544426379929064
4,z,8,z,1,m1,0,100000,100000,28,53,0,1.0,0.00027999999999994696,0,1.0544426379929064
4,z,8,x,1,m1,0,100000,100000,28,53,0,1.0,0.00027999999999994696,0,1.0544426379929064
4,z,13,x,0.1,normal,0,100000,90775,10,19,0,0.90775,0.00011016248967221642,0,13.193447855010163
4,z,13,x,0.1,normal,0,100000,90775,10,19,0,0.90775,0.00011016248967221642,0,13.193447855010163
4,z,13,z,0.1,normal,0,100000,90775,10,19,0,0.90775,0.00011016248967221642,0,13.193447855010163
4,z,13,z,0.1,normal,0,100000,90775,10,19,0,0.90775,0.00011016248967221642,0,13.193447855010163
4,z,3,x,1,m1,0,100000,31473,4915,8908,0,0.31473,0.1561656022622565,0,10.125643966006464
4,z,3,z,1,m1,0,100000,31473,4915,8908,0,0.31473,0.1561656022622565,0,10.125643966006464
4,z,3,x,1,m1,0,100000,31473,4915,8908,0,0.31473,0.1561656022622565,0,10.125643966006464
4,z,3,x,1,m1,0,100000,31473,4915,8908,0,0.31473,0.1561656022622565,0,10.125643966006464
4,z,5,x,1,m1,0,100000,38594,9438,17251,0,0.38594,0.24454578431880603,0,11.182720292010345
4,z,5,x,1,m1,0,100000,38594,9438,17251,0,0.38594,0.24454578431880603,0,11.182720292010345
4,z,5,z,1,m1,0,100000,38594,9438,17251,0,0.38594,0.24454578431880603,0,11.182720292010345
4,z,5,x,1,m1,0,100000,38594,9438,17251,0,0.38594,0.24454578431880603,0,11.182720292010345
4,z,7,x,1,m1,0,100000,40990,963,1736,0,0.4099,0.02349353500853868,0,10.716035524004837
4,z,7,z,1,m1,0,100000,40990,963,1736,0,0.4099,0.02349353500853868,0,10.716035524004837
4,z,7,z,1,m1,0,100000,40990,963,1736,0,0.4099,0.02349353500853868,0,10.716035524004837
4,z,7,x,1,m1,0,100000,40990,963,1736,0,0.4099,0.02349353500853868,0,10.716035524004837
4,z,12,z,1,m1,0,100000,69020,22,41,0,0.6902,0.00031874818893073975,0,4.773638663988095
4,z,12,z,1,m1,0,100000,69020,22,41,0,0.6902,0.00031874818893073975,0,4.773638663988095
4,z,12,x,1,m1,0,100000,69020,22,41,0,0.6902,0.00031874818893073975,0,4.773638663988095
4,z,12,z,1,m1,0,100000,69020,22,41,0,0.6902,0.00031874818893073975,0,4.773638663988095
4,z,4,z,1,m1,0,100000,73282,2755,4696,0,0.73282,0.03759449796675851,0,15.441021397986333
4,z,4,z,1,m1,0,100000,73282,2755,4696,0,0.73282,0.03759449796675851,0,15.441021397986333
4,z,4,x,1,m1,0,100000,73282,2755,4696,0,0.73282,0.03759449796675851,0,15.441021397986333
4,z,4,x,1,m1,0,100000,73282,2755,4696,0,0.73282,0.03759449796675851,0,15.441021397986333
4,z,2,z,1,m1,0,100000,65442,11936,19813,0,0.65442,0.18239051373735526,0,13.71057964899228
4,z,2,x,1,m1,0,100000,65442,11936,19813,0,0.65442,0.18239051373735526,0,13.71057964899228
4,z,2,x,1,m1,0,100000,65442,11936,19813,0,0.65442,0.18239051373735526,0,13.71057964899228
4,z,2,x,1,m1,0,100000,65442,11936,19813,0,0.65442,0.18239051373735526,0,13.71057964899228
4,z,9,x,1,m1,0,100000,35551,6691,12916,0,0.35551,0.1882084892126804,0,11.538891489006346
4,z,9,x,1,m1,0,100000,35551,6691,12916,0,0.35551,0.1882084892126804,0,11.538891489006346
4,z,9,x,1,m1,0,100000,35551,6691,12916,0,0.35551,0.1882084892126804,0,11.538891489006346
4,z,9,z,1,m1,0,100000,35551,6691,12916,0,0.35551,0.1882084892126804,0,11.538891489006346
4,z,11,x,1,m1,0,100000,30534,1512,2702,0,0.30534,0.04951856946354882,0,10.601573469000868
4,z,11,z,1,m1,0,100000,30534,1512,2702,0,0.30534,0.04951856946354882,0,10.601573469000868
4,z,11,x,1,m1,0,100000,30534,1512,2702,0,0.30534,0.04951856946354882,0,10.601573469000868
4,z,11,z,1,m1,0,100000,30534,1512,2702,0,0.30534,0.04951856946354882,0,10.601573469000868
4,z,14,z,1,m1,0,100000,64991,6,11,0,0.64991,9.232047514273756e-05,0,5.028305054001976
4,z,14,x,1,m1,0,100000,64991,6,11,0,0.64991,9.232047514273756e-05,0,5.028305054001976
4,z,14,z,1,m1,0,100000,64991,6,11,0,0.64991,9.232047514273756e-05,0,5.028305054001976
4,z,14,z,1,m1,0,100000,64991,6,11,0,0.64991,9.232047514273756e-05,0,5.028305054001976
4,z,13,x,1,m1,0,100000,45617,320,617,0,0.45617,0.007014928645022733,0,10.099941909997142
4,z,13,x,1,m1,0,100000,45617,320,617,0,0.45617,0.007014928645022733,0,10.099941909997142
4,z,13,z,1,m1,0,100000,45617,320,617,0,0.45617,0.007014928645022733,0,10.099941909997142
4,z,13,z,1,m1,0,100000,45617,320,617,0,0.45617,0.007014928645022733,0,10.099941909997142
4,z,15,x,1,m1,0,100000,37499,2,3,0,0.37499,5.3334755593437144e-05,0,4.583447429991793
4,z,15,z,1,m1,0,100000,37499,2,3,0,0.37499,5.3334755593437144e-05,0,4.583447429991793
4,z,15,z,1,m1,0,100000,37499,2,3,0,0.37499,5.3334755593437144e-05,0,4.583447429991793
4,z,15,z,1,m1,0,100000,37499,2,3,0,0.37499,5.3334755593437144e-05,0,4.583447429991793
4,z,8,z,0.8,m1,0,100000,100000,16,31,0,1.0,0.000160000000000049,0,0.9085703339951579
4,z,8,z,0.8,m1,0,100000,100000,16,31,0,1.0,0.000160000000000049,0,0.9085703339951579
4,z,8,z,0.8,m1,0,100000,100000,16,31,0,1.0,0.000160000000000049,0,0.9085703339951579
4,z,8,x,0.8,m1,0,100000,100000,16,31,0,1.0,0.000160000000000049,0,0.9085703339951579
4,z,10,z,1,m1,0,100000,65060,1900,3303,0,0.6506,0.029203811865969875,0,11.939200274005998
4,z,10,x,1,m1,0,100000,65060,1900,3303,0,0.6506,0.029203811865969875,0,11.939200274005998
4,z,10,x,1,m1,0,100000,65060,1900,3303,0,0.6506,0.029203811865969875,0,11.939200274005998
4,z,10,z,1,m1,0,100000,65060,1900,3303,0,0.6506,0.029203811865969875,0,11.939200274005998
4,z,6,z,1,m1,0,100000,56941,1317,2270,0,0.56941,0.023129203912822027,0,15.703227927995613
4,z,6,x,1,m1,0,100000,56941,1317,2270,0,0.56941,0.023129203912822027,0,15.703227927995613
4,z,6,z,1,m1,0,100000,56941,1317,2270,0,0.56941,0.023129203912822027,0,15.703227927995613
4,z,6,x,1,m1,0,100000,56941,1317,2270,0,0.56941,0.023129203912822027,0,15.703227927995613
4,z,3,x,0.8,m1,0,100000,39714,5026,9248,0,0.39714,0.12655486730120358,0,10.487531762002618
4,z,3,z,0.8,m1,0,100000,39714,5026,9248,0,0.39714,0.12655486730120358,0,10.487531762002618
4,z,3,x,0.8,m1,0,100000,39714,5026,9248,0,0.39714,0.12655486730120358,0,10.487531762002618
4,z,3,x,0.8,m1,0,100000,39714,5026,9248,0,0.39714,0.12655486730120358,0,10.487531762002618
4,z,12,z,0.8,m1,0,100000,74552,10,19,0,0.74552,0.00013413456379440802,0,2.6191263509972487
4,z,12,z,0.8,m1,0,100000,74552,10,19,0,0.74552,0.00013413456379440802,0,2.6191263509972487
4,z,12,x,0.8,m1,0,100000,74552,10,19,0,0.74552,0.00013413456379440802,0,2.6191263509972487
4,z,12,z,0.8,m1,0,100000,74552,10,19,0,0.74552,0.00013413456379440802,0,2.6191263509972487
4,z,5,x,0.8,m1,0,100000,46413,9578,17720,0,0.46413,0.20636459612608538,0,11.519867659008014
4,z,5,x,0.8,m1,0,100000,46413,9578,17720,0,0.46413,0.20636459612608538,0,11.519867659008014
4,z,5,z,0.8,m1,0,100000,46413,9578,17720,0,0.46413,0.20636459612608538,0,11.519867659008014
4,z,5,x,0.8,m1,0,100000,46413,9578,17720,0,0.46413,0.20636459612608538,0,11.519867659008014
4,z,9,x,0.8,m1,0,100000,43490,6682,12823,0,0.4349,0.15364451598068518,0,10.97794136799348
4,z,9,x,0.8,m1,0,100000,43490,6682,12823,0,0.4349,0.15364451598068518,0,10.97794136799348
4,z,9,x,0.8,m1,0,100000,43490,6682,12823,0,0.4349,0.15364451598068518,0,10.97794136799348
4,z,9,z,0.8,m1,0,100000,43490,6682,12823,0,0.4349,0.15364451598068518,0,10.97794136799348
4,z,4,z,0.8,m1,0,100000,78036,1982,3458,0,0.78036,0.025398534009944074,0,13.086431735006045
4,z,4,z,0.8,m1,0,100000,78036,1982,3458,0,0.78036,0.025398534009944074,0,13.086431735006045
4,z,4,x,0.8,m1,0,100000,78036,1982,3458,0,0.78036,0.025398534009944074,0,13.086431735006045
4,z,4,x,0.8,m1,0,100000,78036,1982,3458,0,0.78036,0.025398534009944074,0,13.086431735006045
4,z,7,x,0.8,m1,0,100000,48649,730,1328,0,0.48649,0.015005447182881437,0,14.434337205006159
4,z,7,z,0.8,m1,0,100000,48649,730,1328,0,0.48649,0.015005447182881437,0,14.434337205006159
4,z,7,z,0.8,m1,0,100000,48649,730,1328,0,0.48649,0.015005447182881437,0,14.434337205006159
4,z,7,x,0.8,m1,0,100000,48649,730,1328,0,0.48649,0.015005447182881437,0,14.434337205006159
4,z,11,x,0.8,m1,0,100000,37883,1254,2253,0,0.37883,0.03310191906659976,0,11.344105989992386
4,z,11,z,0.8,m1,0,100000,37883,1254,2253,0,0.37883,0.03310191906659976,0,11.344105989992386
4,z,11,x,0.8,m1,0,100000,37883,1254,2253,0,0.37883,0.03310191906659976,0,11.344105989992386
4,z,11,z,0.8,m1,0,100000,37883,1254,2253,0,0.37883,0.03310191906659976,0,11.344105989992386
4,z,2,z,0.8,m1,0,100000,71020,10784,18481,0,0.7102,0.15184455083075188,0,14.165655225006049
4,z,2,x,0.8,m1,0,100000,71020,10784,18481,0,0.7102,0.15184455083075188,0,14.165655225006049
4,z,2,x,0.8,m1,0,100000,71020,10784,18481,0,0.7102,0.15184455083075188,0,14.165655225006049
4,z,2,x,0.8,m1,0,100000,71020,10784,18481,0,0.7102,0.15184455083075188,0,14.165655225006049
4,z,15,x,0.8,m1,0,100000,45509,0,0,0,0.45509,0.0,0,3.7244273890100885
4,z,15,z,0.8,m1,0,100000,45509,0,0,0,0.45509,0.0,0,3.7244273890100885
4,z,15,z,0.8,m1,0,100000,45509,0,0,0,0.45509,0.0,0,3.7244273890100885
4,z,15,z,0.8,m1,0,100000,45509,0,0,0,0.45509,0.0,0,3.7244273890100885
4,z,14,z,0.8,m1,0,100000,70887,2,4,0,0.70887,2.8213917925734577e-05,0,3.4859398749977117
4,z,14,x,0.8,m1,0,100000,70887,2,4,0,0.70887,2.8213917925734577e-05,0,3.4859398749977117
4,z,14,z,0.8,m1,0,100000,70887,2,4,0,0.70887,2.8213917925734577e-05,0,3.4859398749977117
4,z,14,z,0.8,m1,0,100000,70887,2,4,0,0.70887,2.8213917925734577e-05,0,3.4859398749977117
4,z,8,z,0.5,m1,0,100000,100000,3,6,0,1.0,2.999999999997449e-05,0,0.7708663119992707
4,z,8,z,0.5,m1,0,100000,100000,3,6,0,1.0,2.999999999997449e-05,0,0.7708663119992707
4,z,8,z,0.5,m1,0,100000,100000,3,6,0,1.0,2.999999999997449e-05,0,0.7708663119992707
4,z,8,x,0.5,m1,0,100000,100000,3,6,0,1.0,2.999999999997449e-05,0,0.7708663119992707
4,z,13,x,0.8,m1,0,100000,53397,228,438,0,0.53397,0.004269902803528236,0,9.945899689002545
4,z,13,x,0.8,m1,0,100000,53397,228,438,0,0.53397,0.004269902803528236,0,9.945899689002545
4,z,13,z,0.8,m1,0,100000,53397,228,438,0,0.53397,0.004269902803528236,0,9.945899689002545
4,z,13,z,0.8,m1,0,100000,53397,228,438,0,0.53397,0.004269902803528236,0,9.945899689002545
4,z,6,z,0.8,m1,0,100000,63440,1060,1847,0,0.6344,0.016708701134930615,0,15.522320759991999
4,z,6,x,0.8,m1,0,100000,63440,1060,1847,0,0.6344,0.016708701134930615,0,15.522320759991999
4,z,6,z,0.8,m1,0,100000,63440,1060,1847,0,0.6344,0.016708701134930615,0,15.522320759991999
4,z,6,x,0.8,m1,0,100000,63440,1060,1847,0,0.6344,0.016708701134930615,0,15.522320759991999
4,z,10,z,0.8,m1,0,100000,70867,1442,2505,0,0.70867,0.020347975785626637,0,12.868261757001164
4,z,10,x,0.8,m1,0,100000,70867,1442,2505,0,0.70867,0.020347975785626637,0,12.868261757001164
4,z,10,x,0.8,m1,0,100000,70867,1442,2505,0,0.70867,0.020347975785626637,0,12.868261757001164
4,z,10,z,0.8,m1,0,100000,70867,1442,2505,0,0.70867,0.020347975785626637,0,12.868261757001164
4,z,3,x,0.5,m1,0,100000,56102,4684,8817,0,0.56102,0.08349078464225879,0,11.74043635900307
4,z,3,z,0.5,m1,0,100000,56102,4684,8817,0,0.56102,0.08349078464225879,0,11.74043635900307
4,z,3,x,0.5,m1,0,100000,56102,4684,8817,0,0.56102,0.08349078464225879,0,11.74043635900307
4,z,3,x,0.5,m1,0,100000,56102,4684,8817,0,0.56102,0.08349078464225879,0,11.74043635900307
4,z,12,z,0.5,m1,0,100000,83070,1,2,0,0.8307,1.2038040207107414e-05,0,1.747664711001562
4,z,12,z,0.5,m1,0,100000,83070,1,2,0,0.8307,1.2038040207107414e-05,0,1.747664711001562
4,z,12,x,0.5,m1,0,100000,83070,1,2,0,0.8307,1.2038040207107414e-05,0,1.747664711001562
4,z,12,z,0.5,m1,0,100000,83070,1,2,0,0.8307,1.2038040207107414e-05,0,1.747664711001562
4,z,5,x,0.5,m1,0,100000,61725,8502,16075,0,0.61725,0.13773997569866347,0,12.02443516200583
4,z,5,x,0.5,m1,0,100000,61725,8502,16075,0,0.61725,0.13773997569866347,0,12.02443516200583
4,z,5,z,0.5,m1,0,100000,61725,8502,16075,0,0.61725,0.13773997569866347,0,12.02443516200583
4,z,5,x,0.5,m1,0,100000,61725,8502,16075,0,0.61725,0.13773997569866347,0,12.02443516200583
4,z,7,x,0.5,m1,0,100000,63252,430,810,0,0.63252,0.0067982040093593765,0,11.723908002997632
4,z,7,z,0.5,m1,0,100000,63252,430,810,0,0.63252,0.0067982040093593765,0,11.723908002997632
4,z,7,z,0.5,m1,0,100000,63252,430,810,0,0.63252,0.0067982040093593765,0,11.723908002997632
4,z,7,x,0.5,m1,0,100000,63252,430,810,0,0.63252,0.0067982040093593765,0,11.723908002997632
4,z,14,z,0.5,m1,0,100000,80698,0,0,0,0.80698,0.0,0,2.639709362993017
4,z,14,x,0.5,m1,0,100000,80698,0,0,0,0.80698,0.0,0,2.639709362993017
4,z,14,z,0.5,m1,0,100000,80698,0,0,0,0.80698,0.0,0,2.639709362993017
4,z,14,z,0.5,m1,0,100000,80698,0,0,0,0.80698,0.0,0,2.639709362993017
4,z,9,x,0.5,m1,0,100000,59433,5852,11325,0,0.59433,0.09846381639829727,0,11.744092711000121
4,z,9,x,0.5,m1,0,100000,59433,5852,11325,0,0.59433,0.09846381639829727,0,11.744092711000121
4,z,9,x,0.5,m1,0,100000,59433,5852,11325,0,0.59433,0.09846381639829727,0,11.744092711000121
4,z,9,z,0.5,m1,0,100000,59433,5852,11325,0,0.59433,0.09846381639829727,0,11.744092711000121
4,z,15,x,0.5,m1,0,100000,61157,0,0,0,0.61157,0.0,0,2.7745770259934943
4,z,15,z,0.5,m1,0,100000,61157,0,0,0,0.61157,0.0,0,2.7745770259934943
4,z,15,z,0.5,m1,0,100000,61157,0,0,0,0.61157,0.0,0,2.7745770259934943
4,z,15,z,0.5,m1,0,100000,61157,0,0,0,0.61157,0.0,0,2.7745770259934943
4,z,4,z,0.5,m1,0,100000,85402,893,1646,0,0.85402,0.01045642959181281,0,14.69223513500765
4,z,4,z,0.5,m1,0,100000,85402,893,1646,0,0.85402,0.01045642959181281,0,14.69223513500765
4,z,4,x,0.5,m1,0,100000,85402,893,1646,0,0.85402,0.01045642959181281,0,14.69223513500765
4,z,4,x,0.5,m1,0,100000,85402,893,1646,0,0.85402,0.01045642959181281,0,14.69223513500765
4,z,2,z,0.5,m1,0,100000,80747,8129,14706,0,0.80747,0.10067247080386887,0,14.266419962004875
4,z,2,x,0.5,m1,0,100000,80747,8129,14706,0,0.80747,0.10067247080386887,0,14.266419962004875
4,z,2,x,0.5,m1,0,100000,80747,8129,14706,0,0.80747,0.10067247080386887,0,14.266419962004875
4,z,2,x,0.5,m1,0,100000,80747,8129,14706,0,0.80747,0.10067247080386887,0,14.266419962004875
4,z,11,x,0.5,m1,0,100000,53244,728,1352,0,0.53244,0.013672902111036,0,12.505443677000585
4,z,11,z,0.5,m1,0,100000,53244,728,1352,0,0.53244,0.013672902111036,0,12.505443677000585
4,z,11,x,0.5,m1,0,100000,53244,728,1352,0,0.53244,0.013672902111036,0,12.505443677000585
4,z,11,z,0.5,m1,0,100000,53244,728,1352,0,0.53244,0.013672902111036,0,12.505443677000585
4,z,8,z,0.3,m1,0,100000,100000,0,0,0,1.0,0.0,0,0.7893606180005008
4,z,8,z,0.3,m1,0,100000,100000,0,0,0,1.0,0.0,0,0.7893606180005008
4,z,8,z,0.3,m1,0,100000,100000,0,0,0,1.0,0.0,0,0.7893606180005008
4,z,8,x,0.3,m1,0,100000,100000,0,0,0,1.0,0.0,0,0.7893606180005008
4,z,6,z,0.5,m1,0,100000,74948,572,1015,0,0.74948,0.007631958157655938,0,14.721598290998372
4,z,6,x,0.5,m1,0,100000,74948,572,1015,0,0.74948,0.007631958157655938,0,14.721598290998372
4,z,6,z,0.5,m1,0,100000,74948,572,1015,0,0.74948,0.007631958157655938,0,14.721598290998372
4,z,6,x,0.5,m1,0,100000,74948,572,1015,0,0.74948,0.007631958157655938,0,14.721598290998372
4,z,13,x,0.5,m1,0,100000,67562,103,200,0,0.67562,0.0015245256209112101,0,9.86971425700176
4,z,13,x,0.5,m1,0,100000,67562,103,200,0,0.67562,0.0015245256209112101,0,9.86971425700176
4,z,13,z,0.5,m1,0,100000,67562,103,200,0,0.67562,0.0015245256209112101,0,9.86971425700176
4,z,13,z,0.5,m1,0,100000,67562,103,200,0,0.67562,0.0015245256209112101,0,9.86971425700176
4,z,10,z,0.5,m1,0,100000,80468,778,1406,0,0.80468,0.009668439628175207,0,11.110051455005305
4,z,10,x,0.5,m1,0,100000,80468,778,1406,0,0.80468,0.009668439628175207,0,11.110051455005305
4,z,10,x,0.5,m1,0,100000,80468,778,1406,0,0.80468,0.009668439628175207,0,11.110051455005305
4,z,10,z,0.5,m1,0,100000,80468,778,1406,0,0.80468,0.009668439628175207,0,11.110051455005305
4,z,12,z,0.3,m1,0,100000,89361,1,2,0,0.89361,1.1190564116358992e-05,0,1.3611088339966955
4,z,12,z,0.3,m1,0,100000,89361,1,2,0,0.89361,1.1190564116358992e-05,0,1.3611088339966955
4,z,12,x,0.3,m1,0,100000,89361,1,2,0,0.89361,1.1190564116358992e-05,0,1.3611088339966955
4,z,12,z,0.3,m1,0,100000,89361,1,2,0,0.89361,1.1190564116358992e-05,0,1.3611088339966955
4,z,4,z,0.3,m1,0,100000,90973,370,691,0,0.90973,0.004067140800017577,0,10.730890949009336
4,z,4,z,0.3,m1,0,100000,90973,370,691,0,0.90973,0.004067140800017577,0,10.730890949009336
4,z,4,x,0.3,m1,0,100000,90973,370,691,0,0.90973,0.004067140800017577,0,10.730890949009336
4,z,4,x,0.3,m1,0,100000,90973,370,691,0,0.90973,0.004067140800017577,0,10.730890949009336
4,z,3,x,0.3,m1,0,100000,70778,3686,7021,0,0.70778,0.052078329424397385,0,13.573666279000463
4,z,3,z,0.3,m1,0,100000,70778,3686,7021,0,0.70778,0.052078329424397385,0,13.573666279000463
4,z,3,x,0.3,m1,0,100000,70778,3686,7021,0,0.70778,0.052078329424397385,0,13.573666279000463
4,z,3,x,0.3,m1,0,100000,70778,3686,7021,0,0.70778,0.052078329424397385,0,13.573666279000463
4,z,5,x,0.3,m1,0,100000,74937,6500,12382,0,0.74937,0.08673952787007755,0,12.992866614004015
4,z,5,x,0.3,m1,0,100000,74937,6500,12382,0,0.74937,0.08673952787007755,0,12.992866614004015
4,z,5,z,0.3,m1,0,100000,74937,6500,12382,0,0.74937,0.08673952787007755,0,12.992866614004015
4,z,5,x,0.3,m1,0,100000,74937,6500,12382,0,0.74937,0.08673952787007755,0,12.992866614004015
4,z,7,x,0.3,m1,0,100000,75893,209,404,0,0.75893,0.002753877169172414,0,12.725389258004725
4,z,7,z,0.3,m1,0,100000,75893,209,404,0,0.75893,0.002753877169172414,0,12.725389258004725
4,z,7,z,0.3,m1,0,100000,75893,209,404,0,0.75893,0.002753877169172414,0,12.725389258004725
4,z,7,x,0.3,m1,0,100000,75893,209,404,0,0.75893,0.002753877169172414,0,12.725389258004725
4,z,15,x,0.3,m1,0,100000,74323,0,0,0,0.74323,0.0,0,1.7924583020067075
4,z,15,z,0.3,m1,0,100000,74323,0,0,0,0.74323,0.0,0,1.7924583020067075
4,z,15,z,0.3,m1,0,100000,74323,0,0,0,0.74323,0.0,0,1.7924583020067075
4,z,15,z,0.3,m1,0,100000,74323,0,0,0,0.74323,0.0,0,1.7924583020067075
4,z,9,x,0.3,m1,0,100000,72670,4374,8471,0,0.7267,0.06018989954589238,0,12.060212608004804
4,z,9,x,0.3,m1,0,100000,72670,4374,8471,0,0.7267,0.06018989954589238,0,12.060212608004804
4,z,9,x,0.3,m1,0,100000,72670,4374,8471,0,0.7267,0.06018989954589238,0,12.060212608004804
4,z,9,z,0.3,m1,0,100000,72670,4374,8471,0,0.7267,0.06018989954589238,0,12.060212608004804
4,z,14,z,0.3,m1,0,100000,87959,0,0,0,0.87959,0.0,0,1.9467799150006613
4,z,14,x,0.3,m1,0,100000,87959,0,0,0,0.87959,0.0,0,1.9467799150006613
4,z,14,z,0.3,m1,0,100000,87959,0,0,0,0.87959,0.0,0,1.9467799150006613
4,z,14,z,0.3,m1,0,100000,87959,0,0,0,0.87959,0.0,0,1.9467799150006613
4,z,2,z,0.3,m1,0,100000,88148,5558,10453,0,0.88148,0.06305304714797844,0,14.535952264996013
4,z,2,x,0.3,m1,0,100000,88148,5558,10453,0,0.88148,0.06305304714797844,0,14.535952264996013
4,z,2,x,0.3,m1,0,100000,88148,5558,10453,0,0.88148,0.06305304714797844,0,14.535952264996013
4,z,2,x,0.3,m1,0,100000,88148,5558,10453,0,0.88148,0.06305304714797844,0,14.535952264996013
4,z,11,x,0.3,m1,0,100000,67817,352,689,0,0.67817,0.005190438975478107,0,14.280431459003012
4,z,11,z,0.3,m1,0,100000,67817,352,689,0,0.67817,0.005190438975478107,0,14.280431459003012
4,z,11,x,0.3,m1,0,100000,67817,352,689,0,0.67817,0.005190438975478107,0,14.280431459003012
4,z,11,z,0.3,m1,0,100000,67817,352,689,0,0.67817,0.005190438975478107,0,14.280431459003012
4,z,10,z,0.3,m1,0,100000,87566,414,775,0,0.87566,0.004727862412351791,0,10.734414122998714
4,z,10,x,0.3,m1,0,100000,87566,414,775,0,0.87566,0.004727862412351791,0,10.734414122998714
4,z,10,x,0.3,m1,0,100000,87566,414,775,0,0.87566,0.004727862412351791,0,10.734414122998714
4,z,10,z,0.3,m1,0,100000,87566,414,775,0,0.87566,0.004727862412351791,0,10.734414122998714
4,z,13,x,0.3,m1,0,100000,78977,52,103,0,0.78977,0.0006584195398660064,0,11.320537100997171
4,z,13,x,0.3,m1,0,100000,78977,52,103,0,0.78977,0.0006584195398660064,0,11.320537100997171
4,z,13,z,0.3,m1,0,100000,78977,52,103,0,0.78977,0.0006584195398660064,0,11.320537100997171
4,z,13,z,0.3,m1,0,100000,78977,52,103,0,0.78977,0.0006584195398660064,0,11.320537100997171
4,z,8,z,0.1,m1,0,100000,100000,0,0,0,1.0,0.0,0,0.28810486200382
4,z,8,z,0.1,m1,0,100000,100000,0,0,0,1.0,0.0,0,0.28810486200382
4,z,8,z,0.1,m1,0,100000,100000,0,0,0,1.0,0.0,0,0.28810486200382
4,z,8,x,0.1,m1,0,100000,100000,0,0,0,1.0,0.0,0,0.28810486200382
4,z,6,z,0.3,m1,0,100000,84035,300,565,0,0.84035,0.0035699410959718625,0,16.626672339989454
4,z,6,x,0.3,m1,0,100000,84035,300,565,0,0.84035,0.0035699410959718625,0,16.626672339989454
4,z,6,z,0.3,m1,0,100000,84035,300,565,0,0.84035,0.0035699410959718625,0,16.626672339989454
4,z,6,x,0.3,m1,0,100000,84035,300,565,0,0.84035,0.0035699410959718625,0,16.626672339989454
4,z,4,z,0.1,m1,0,100000,96853,46,88,0,0.96853,0.00047494656851099215,0,8.777932197001064
4,z,4,z,0.1,m1,0,100000,96853,46,88,0,0.96853,0.00047494656851099215,0,8.777932197001064
4,z,4,x,0.1,m1,0,100000,96853,46,88,0,0.96853,0.00047494656851099215,0,8.777932197001064
4,z,4,x,0.1,m1,0,100000,96853,46,88,0,0.96853,0.00047494656851099215,0,8.777932197001064
4,z,12,z,0.1,m1,0,100000,96208,0,0,0,0.96208,0.0,0,1.2222942259977572
4,z,12,z,0.1,m1,0,100000,96208,0,0,0,0.96208,0.0,0,1.2222942259977572
4,z,12,x,0.1,m1,0,100000,96208,0,0,0,0.96208,0.0,0,1.2222942259977572
4,z,12,z,0.1,m1,0,100000,96208,0,0,0,0.96208,0.0,0,1.2222942259977572
4,z,3,x,0.1,m1,0,100000,89070,1570,3025,0,0.8907,0.017626585831368557,0,15.242002266997588
4,z,3,z,0.1,m1,0,100000,89070,1570,3025,0,0.8907,0.017626585831368557,0,15.242002266997588
4,z,3,x,0.1,m1,0,100000,89070,1570,3025,0,0.8907,0.017626585831368557,0,15.242002266997588
4,z,3,x,0.1,m1,0,100000,89070,1570,3025,0,0.8907,0.017626585831368557,0,15.242002266997588
4,z,14,z,0.1,m1,0,100000,95803,0,0,0,0.95803,0.0,0,0.7929462649917696
4,z,14,x,0.1,m1,0,100000,95803,0,0,0,0.95803,0.0,0,0.7929462649917696
4,z,14,z,0.1,m1,0,100000,95803,0,0,0,0.95803,0.0,0,0.7929462649917696
4,z,14,z,0.1,m1,0,100000,95803,0,0,0,0.95803,0.0,0,0.7929462649917696
4,z,7,x,0.1,m1,0,100000,90765,44,89,0,0.90765,0.0004847683578471651,0,13.20479010300187
4,z,7,z,0.1,m1,0,100000,90765,44,89,0,0.90765,0.0004847683578471651,0,13.20479010300187
4,z,7,z,0.1,m1,0,100000,90765,44,89,0,0.90765,0.0004847683578471651,0,13.20479010300187
4,z,7,x,0.1,m1,0,100000,90765,44,89,0,0.90765,0.0004847683578471651,0,13.20479010300187
4,z,5,x,0.1,m1,0,100000,90856,2696,5183,0,0.90856,0.02967332922426702,0,15.498120405012742
4,z,5,x,0.1,m1,0,100000,90856,2696,5183,0,0.90856,0.02967332922426702,0,15.498120405012742
4,z,5,z,0.1,m1,0,100000,90856,2696,5183,0,0.90856,0.02967332922426702,0,15.498120405012742
4,z,5,x,0.1,m1,0,100000,90856,2696,5183,0,0.90856,0.02967332922426702,0,15.498120405012742
4,z,15,x,0.1,m1,0,100000,90571,0,0,0,0.90571,0.0,0,0.8580921429966111
4,z,15,z,0.1,m1,0,100000,90571,0,0,0,0.90571,0.0,0,0.8580921429966111
4,z,15,z,0.1,m1,0,100000,90571,0,0,0,0.90571,0.0,0,0.8580921429966111
4,z,15,z,0.1,m1,0,100000,90571,0,0,0,0.90571,0.0,0,0.8580921429966111
4,z,2,z,0.1,m1,0,100000,95774,2058,4054,0,0.95774,0.021488086537056028,0,14.506909510004334
4,z,2,x,0.1,m1,0,100000,95774,2058,4054,0,0.95774,0.021488086537056028,0,14.506909510004334
4,z,2,x,0.1,m1,0,100000,95774,2058,4054,0,0.95774,0.021488086537056028,0,14.506909510004334
4,z,2,x,0.1,m1,0,100000,95774,2058,4054,0,0.95774,0.021488086537056028,0,14.506909510004334
4,z,9,x,0.1,m1,0,100000,89793,1777,3458,0,0.89793,0.019789961355562213,0,12.537258726006257
4,z,9,x,0.1,m1,0,100000,89793,1777,3458,0,0.89793,0.019789961355562213,0,12.537258726006257
4,z,9,x,0.1,m1,0,100000,89793,1777,3458,0,0.89793,0.019789961355562213,0,12.537258726006257
4,z,9,z,0.1,m1,0,100000,89793,1777,3458,0,0.89793,0.019789961355562213,0,12.537258726006257
4,z,11,x,0.1,m1,0,100000,87601,64,129,0,0.87601,0.000730585267291417,0,12.957348604002618
4,z,11,z,0.1,m1,0,100000,87601,64,129,0,0.87601,0.000730585267291417,0,12.957348604002618
4,z,11,x,0.1,m1,0,100000,87601,64,129,0,0.87601,0.000730585267291417,0,12.957348604002618
4,z,11,z,0.1,m1,0,100000,87601,64,129,0,0.87601,0.000730585267291417,0,12.957348604002618
4,z,13,x,0.1,m1,0,100000,92295,6,12,0,0.92295,6.500893872907199e-05,0,7.901829670998268
4,z,13,x,0.1,m1,0,100000,92295,6,12,0,0.92295,6.500893872907199e-05,0,7.901829670998268
4,z,13,z,0.1,m1,0,100000,92295,6,12,0,0.92295,6.500893872907199e-05,0,7.901829670998268
4,z,13,z,0.1,m1,0,100000,92295,6,12,0,0.92295,6.500893872907199e-05,0,7.901829670998268
4,z,10,z,0.1,m1,0,100000,95611,100,185,0,0.95611,0.0010459047599125082,0,8.517913078001584
4,z,10,x,0.1,m1,0,100000,95611,100,185,0,0.95611,0.0010459047599125082,0,8.517913078001584
4,z,10,x,0.1,m1,0,100000,95611,100,185,0,0.95611,0.0010459047599125082,0,8.517913078001584
4,z,10,z,0.1,m1,0,100000,95611,100,185,0,0.95611,0.0010459047599125082,0,8.517913078001584
4,z,6,z,0.1,m1,0,100000,94256,85,168,0,0.94256,0.0009017993549482739,0,14.734442397995736
4,z,6,x,0.1,m1,0,100000,94256,85,168,0,0.94256,0.0009017993549482739,0,14.734442397995736
4,z,6,z,0.1,m1,0,100000,94256,85,168,0,0.94256,0.0009017993549482739,0,14.734442397995736
4,z,6,x,0.1,m1,0,100000,94256,85,168,0,0.94256,0.0009017993549482739,0,14.734442397995736
