n,lstate,i,meas_type,p_error,sim_type,total_meta_shots,shots,count_accept,count_logerror,count_undecided,count_detect_discard,prep_rate,LER,detect_normal,decoding_normal
4,x,10,x,1,normal,0,100000,29310,850,1527,0,0.2931,0.029000341180484446,0,9.150076513993554
4,x,10,x,1,normal,0,100000,29310,850,1527,0,0.2931,0.029000341180484446,0,9.150076513993554
4,x,10,x,1,normal,0,100000,29310,850,1527,0,0.2931,0.029000341180484446,0,9.150076513993554
4,x,10,z,1,normal,0,100000,29310,850,1527,0,0.2931,0.029000341180484446,0,9.150076513993554
4,x,4,x,1,normal,0,100000,28563,292,541,0,0.28563,0.010223015789657897,0,10.483540863991948
4,x,4,z,1,normal,0,100000,28563,292,541,0,0.28563,0.010223015789657897,0,10.483540863991948
4,x,4,x,1,normal,0,100000,28563,292,541,0,0.28563,0.010223015789657897,0,10.483540863991948
4,x,4,x,1,normal,0,100000,28563,292,541,0,0.28563,0.010223015789657897,0,10.483540863991948
4,x,6,x,1,normal,0,100000,35379,1275,2276,0,0.35379,0.03603832782158911,0,10.172546630987199
4,x,6,x,1,normal,0,100000,35379,1275,2276,0,0.35379,0.03603832782158911,0,10.172546630987199
4,x,6,z,1,normal,0,100000,35379,1275,2276,0,0.35379,0.03603832782158911,0,10.172546630987199
4,x,6,x,1,normal,0,100000,35379,1275,2276,0,0.35379,0.03603832782158911,0,10.172546630987199
4,x,2,x,1,normal,0,100000,28946,2,3,0,0.28946,6.909417536105078e-05,0,10.548031551006716
4,x,2,x,1,normal,0,100000,28946,2,3,0,0.28946,6.909417536105078e-05,0,10.548031551006716
4,x,2,x,1,normal,0,100000,28946,2,3,0,0.28946,6.909417536105078e-05,0,10.548031551006716
4,x,2,x,1,normal,0,100000,28946,2,3,0,0.28946,6.909417536105078e-05,0,10.548031551006716
4,x,8,x,1,normal,0,100000,29568,6656,11273,0,0.29568,0.22510822510822515,0,10.883726241998374
4,x,8,z,1,normal,0,100000,29568,6656,11273,0,0.29568,0.22510822510822515,0,10.883726241998374
4,x,8,z,1,normal,0,100000,29568,6656,11273,0,0.29568,0.22510822510822515,0,10.883726241998374
4,x,8,x,1,normal,0,100000,29568,6656,11273,0,0.29568,0.22510822510822515,0,10.883726241998374
4,x,3,z,1,normal,0,100000,53029,4,8,0,0.53029,7.543042486191087e-05,0,12.305137543007731
4,x,3,x,1,normal,0,100000,53029,4,8,0,0.53029,7.543042486191087e-05,0,12.305137543007731
4,x,3,x,1,normal,0,100000,53029,4,8,0,0.53029,7.543042486191087e-05,0,12.305137543007731
4,x,3,x,1,normal,0,100000,53029,4,8,0,0.53029,7.543042486191087e-05,0,12.305137543007731
4,x,11,z,1,normal,0,100000,47611,1216,2123,0,0.47611,0.02554031631345699,0,13.722814356005983
4,x,11,x,1,normal,0,100000,47611,1216,2123,0,0.47611,0.02554031631345699,0,13.722814356005983
4,x,11,x,1,normal,0,100000,47611,1216,2123,0,0.47611,0.02554031631345699,0,13.722814356005983
4,x,11,z,1,normal,0,100000,47611,1216,2123,0,0.47611,0.02554031631345699,0,13.722814356005983
4,x,5,z,1,normal,0,100000,43382,115,202,0,0.43382,0.002650869024019231,0,14.140648381988285
4,x,5,z,1,normal,0,100000,43382,115,202,0,0.43382,0.002650869024019231,0,14.140648381988285
4,x,5,x,1,normal,0,100000,43382,115,202,0,0.43382,0.002650869024019231,0,14.140648381988285
4,x,5,x,1,normal,0,100000,43382,115,202,0,0.43382,0.002650869024019231,0,14.140648381988285
4,x,7,z,1,normal,0,100000,58360,1896,3371,0,0.5836,0.03248800548320763,0,14.30998219398316
4,x,7,x,1,normal,0,100000,58360,1896,3371,0,0.5836,0.03248800548320763,0,14.30998219398316
4,x,7,z,1,normal,0,100000,58360,1896,3371,0,0.5836,0.03248800548320763,0,14.30998219398316
4,x,7,x,1,normal,0,100000,58360,1896,3371,0,0.5836,0.03248800548320763,0,14.30998219398316
4,x,9,z,1,normal,0,100000,100000,1808,2817,0,1.0,0.018079999999999985,0,19.78049074698356
4,x,9,z,1,normal,0,100000,100000,1808,2817,0,1.0,0.018079999999999985,0,19.78049074698356
4,x,9,z,1,normal,0,100000,100000,1808,2817,0,1.0,0.018079999999999985,0,19.78049074698356
4,x,9,x,1,normal,0,100000,100000,1808,2817,0,1.0,0.018079999999999985,0,19.78049074698356
4,x,2,x,0.8,normal,0,100000,37053,0,0,0,0.37053,0.0,0,9.834994461009046
4,x,2,x,0.8,normal,0,100000,37053,0,0,0,0.37053,0.0,0,9.834994461009046
4,x,2,x,0.8,normal,0,100000,37053,0,0,0,0.37053,0.0,0,9.834994461009046
4,x,2,x,0.8,normal,0,100000,37053,0,0,0,0.37053,0.0,0,9.834994461009046
4,x,12,x,1,normal,0,100000,33902,8078,15259,0,0.33902,0.23827502802194556,0,13.752969925000798
4,x,12,z,1,normal,0,100000,33902,8078,15259,0,0.33902,0.23827502802194556,0,13.752969925000798
4,x,12,x,1,normal,0,100000,33902,8078,15259,0,0.33902,0.23827502802194556,0,13.752969925000798
4,x,12,z,1,normal,0,100000,33902,8078,15259,0,0.33902,0.23827502802194556,0,13.752969925000798
4,x,14,x,1,normal,0,100000,40802,9842,17267,0,0.40802,0.24121366599676486,0,12.658896449982421
4,x,14,x,1,normal,0,100000,40802,9842,17267,0,0.40802,0.24121366599676486,0,12.658896449982421
4,x,14,z,1,normal,0,100000,40802,9842,17267,0,0.40802,0.24121366599676486,0,12.658896449982421
4,x,14,z,1,normal,0,100000,40802,9842,17267,0,0.40802,0.24121366599676486,0,12.658896449982421
4,x,3,z,0.8,normal,0,100000,60315,2,4,0,0.60315,3.3159247285086124e-05,0,12.093434959009755
4,x,3,x,0.8,normal,0,100000,60315,2,4,0,0.60315,3.3159247285086124e-05,0,12.093434959009755
4,x,3,x,0.8,normal,0,100000,60315,2,4,0,0.60315,3.3159247285086124e-05,0,12.093434959009755
4,x,3,x,0.8,normal,0,100000,60315,2,4,0,0.60315,3.3159247285086124e-05,0,12.093434959009755
4,x,4,x,0.8,normal,0,100000,36703,228,439,0,0.36703,0.0062120262648829305,0,11.29912738900748
4,x,4,z,0.8,normal,0,100000,36703,228,439,0,0.36703,0.0062120262648829305,0,11.29912738900748
4,x,4,x,0.8,normal,0,100000,36703,228,439,0,0.36703,0.0062120262648829305,0,11.29912738900748
4,x,4,x,0.8,normal,0,100000,36703,228,439,0,0.36703,0.0062120262648829305,0,11.29912738900748
4,x,15,z,1,normal,0,100000,64002,16188,24101,0,0.64002,0.25292959595012654,0,14.225327065010788
4,x,15,x,1,normal,0,100000,64002,16188,24101,0,0.64002,0.25292959595012654,0,14.225327065010788
4,x,15,z,1,normal,0,100000,64002,16188,24101,0,0.64002,0.25292959595012654,0,14.225327065010788
4,x,15,z,1,normal,0,100000,64002,16188,24101,0,0.64002,0.25292959595012654,0,14.225327065010788
4,x,13,z,1,normal,0,100000,72015,5911,9220,0,0.72015,0.08208012219676453,0,14.77246936201118
4,x,13,z,1,normal,0,100000,72015,5911,9220,0,0.72015,0.08208012219676453,0,14.77246936201118
4,x,13,x,1,normal,0,100000,72015,5911,9220,0,0.72015,0.08208012219676453,0,14.77246936201118
4,x,13,z,1,normal,0,100000,72015,5911,9220,0,0.72015,0.08208012219676453,0,14.77246936201118
4,x,6,x,0.8,normal,0,100000,43274,1010,1861,0,0.43274,0.02333964967416924,0,11.58480008499464
4,x,6,x,0.8,normal,0,100000,43274,1010,1861,0,0.43274,0.02333964967416924,0,11.58480008499464
4,x,6,z,0.8,normal,0,100000,43274,1010,1861,0,0.43274,0.02333964967416924,0,11.58480008499464
4,x,6,x,0.8,normal,0,100000,43274,1010,1861,0,0.43274,0.02333964967416924,0,11.58480008499464
4,x,5,z,0.8,normal,0,100000,50620,54,95,0,0.5062,0.0010667720268668912,0,13.298094688012497
4,x,5,z,0.8,normal,0,100000,50620,54,95,0,0.5062,0.0010667720268668912,0,13.298094688012497
4,x,5,x,0.8,normal,0,100000,50620,54,95,0,0.5062,0.0010667720268668912,0,13.298094688012497
4,x,5,x,0.8,normal,0,100000,50620,54,95,0,0.5062,0.0010667720268668912,0,13.298094688012497
4,x,8,x,0.8,normal,0,100000,36114,6548,11030,0,0.36114,0.18131472559118345,0,11.569863409997197
4,x,8,z,0.8,normal,0,100000,36114,6548,11030,0,0.36114,0.18131472559118345,0,11.569863409997197
4,x,8,z,0.8,normal,0,100000,36114,6548,11030,0,0.36114,0.18131472559118345,0,11.569863409997197
4,x,8,x,0.8,normal,0,100000,36114,6548,11030,0,0.36114,0.18131472559118345,0,11.569863409997197
4,x,10,x,0.8,normal,0,100000,37300,732,1321,0,0.373,0.019624664879356546,0,10.515867052017711
4,x,10,x,0.8,normal,0,100000,37300,732,1321,0,0.373,0.019624664879356546,0,10.515867052017711
4,x,10,x,0.8,normal,0,100000,37300,732,1321,0,0.373,0.019624664879356546,0,10.515867052017711
4,x,10,z,0.8,normal,0,100000,37300,732,1321,0,0.373,0.019624664879356546,0,10.515867052017711
4,x,7,z,0.8,normal,0,100000,64623,1398,2493,0,0.64623,0.021633164662736126,0,14.128137822990539
4,x,7,x,0.8,normal,0,100000,64623,1398,2493,0,0.64623,0.021633164662736126,0,14.128137822990539
4,x,7,z,0.8,normal,0,100000,64623,1398,2493,0,0.64623,0.021633164662736126,0,14.128137822990539
4,x,7,x,0.8,normal,0,100000,64623,1398,2493,0,0.64623,0.021633164662736126,0,14.128137822990539
4,x,9,z,0.8,normal,0,100000,100000,868,1397,0,1.0,0.008680000000000021,0,14.96354037700803
4,x,9,z,0.8,normal,0,100000,100000,868,1397,0,1.0,0.008680000000000021,0,14.96354037700803
4,x,9,z,0.8,normal,0,100000,100000,868,1397,0,1.0,0.008680000000000021,0,14.96354037700803
4,x,9,x,0.8,normal,0,100000,100000,868,1397,0,1.0,0.008680000000000021,0,14.96354037700803
4,x,12,x,0.8,normal,0,100000,41890,8340,15801,0,0.4189,0.1990928622582956,0,13.108852162986295
4,x,12,z,0.8,normal,0,100000,41890,8340,15801,0,0.4189,0.1990928622582956,0,13.108852162986295
4,x,12,x,0.8,normal,0,100000,41890,8340,15801,0,0.4189,0.1990928622582956,0,13.108852162986295
4,x,12,z,0.8,normal,0,100000,41890,8340,15801,0,0.4189,0.1990928622582956,0,13.108852162986295
4,x,14,x,0.8,normal,0,100000,48676,9856,17511,0,0.48676,0.20248171583531926,0,12.413427122985013
4,x,14,x,0.8,normal,0,100000,48676,9856,17511,0,0.48676,0.20248171583531926,0,12.413427122985013
4,x,14,z,0.8,normal,0,100000,48676,9856,17511,0,0.48676,0.20248171583531926,0,12.413427122985013
4,x,14,z,0.8,normal,0,100000,48676,9856,17511,0,0.48676,0.20248171583531926,0,12.413427122985013
4,x,11,z,0.8,normal,0,100000,55012,942,1675,0,0.55012,0.01712353668290556,0,14.086531390988966
4,x,11,x,0.8,normal,0,100000,55012,942,1675,0,0.55012,0.01712353668290556,0,14.086531390988966
4,x,11,x,0.8,normal,0,100000,55012,942,1675,0,0.55012,0.01712353668290556,0,14.086531390988966
4,x,11,z,0.8,normal,0,100000,55012,942,1675,0,0.55012,0.01712353668290556,0,14.086531390988966
4,x,2,x,0.5,normal,0,100000,53858,0,0,0,0.53858,0.0,0,10.0578215860005
4,x,2,x,0.5,normal,0,100000,53858,0,0,0,0.53858,0.0,0,10.0578215860005
4,x,2,x,0.5,normal,0,100000,53858,0,0,0,0.53858,0.0,0,10.0578215860005
4,x,2,x,0.5,normal,0,100000,53858,0,0,0,0.53858,0.0,0,10.0578215860005
4,x,13,z,0.8,normal,0,100000,76701,4468,7346,0,0.76701,0.05825217402641425,0,15.323205406020861
4,x,13,z,0.8,normal,0,100000,76701,4468,7346,0,0.76701,0.05825217402641425,0,15.323205406020861
4,x,13,x,0.8,normal,0,100000,76701,4468,7346,0,0.76701,0.05825217402641425,0,15.323205406020861
4,x,13,z,0.8,normal,0,100000,76701,4468,7346,0,0.76701,0.05825217402641425,0,15.323205406020861
4,x,15,z,0.8,normal,0,100000,69669,14930,23614,0,0.69669,0.21429904261579757,0,16.955281439993996
4,x,15,x,0.8,normal,0,100000,69669,14930,23614,0,0.69669,0.21429904261579757,0,16.955281439993996
4,x,15,z,0.8,normal,0,100000,69669,14930,23614,0,0.69669,0.21429904261579757,0,16.955281439993996
4,x,15,z,0.8,normal,0,100000,69669,14930,23614,0,0.69669,0.21429904261579757,0,16.955281439993996
4,x,3,z,0.5,normal,0,100000,72784,0,1,0,0.72784,0.0,0,12.288772917992901
4,x,3,x,0.5,normal,0,100000,72784,0,1,0,0.72784,0.0,0,12.288772917992901
4,x,3,x,0.5,normal,0,100000,72784,0,1,0,0.72784,0.0,0,12.288772917992901
4,x,3,x,0.5,normal,0,100000,72784,0,1,0,0.72784,0.0,0,12.288772917992901
4,x,4,x,0.5,normal,0,100000,53313,149,290,0,0.53313,0.0027948155234183147,0,12.859473176999018
4,x,4,z,0.5,normal,0,100000,53313,149,290,0,0.53313,0.0027948155234183147,0,12.859473176999018
4,x,4,x,0.5,normal,0,100000,53313,149,290,0,0.53313,0.0027948155234183147,0,12.859473176999018
4,x,4,x,0.5,normal,0,100000,53313,149,290,0,0.53313,0.0027948155234183147,0,12.859473176999018
4,x,5,z,0.5,normal,0,100000,64497,13,14,0,0.64497,0.00020155976246960527,0,12.328809152008034
4,x,5,z,0.5,normal,0,100000,64497,13,14,0,0.64497,0.00020155976246960527,0,12.328809152008034
4,x,5,x,0.5,normal,0,100000,64497,13,14,0,0.64497,0.00020155976246960527,0,12.328809152008034
4,x,5,x,0.5,normal,0,100000,64497,13,14,0,0.64497,0.00020155976246960527,0,12.328809152008034
4,x,10,x,0.5,normal,0,100000,53234,433,836,0,0.53234,0.008133899387609445,0,11.53947092499584
4,x,10,x,0.5,normal,0,100000,53234,433,836,0,0.53234,0.008133899387609445,0,11.53947092499584
4,x,10,x,0.5,normal,0,100000,53234,433,836,0,0.53234,0.008133899387609445,0,11.53947092499584
4,x,10,z,0.5,normal,0,100000,53234,433,836,0,0.53234,0.008133899387609445,0,11.53947092499584
4,x,8,x,0.5,normal,0,100000,51618,5544,9541,0,0.51618,0.10740439381611067,0,13.07949669699883
4,x,8,z,0.5,normal,0,100000,51618,5544,9541,0,0.51618,0.10740439381611067,0,13.07949669699883
4,x,8,z,0.5,normal,0,100000,51618,5544,9541,0,0.51618,0.10740439381611067,0,13.07949669699883
4,x,8,x,0.5,normal,0,100000,51618,5544,9541,0,0.51618,0.10740439381611067,0,13.07949669699883
4,x,6,x,0.5,normal,0,100000,59198,598,1123,0,0.59198,0.010101692624750802,0,15.271010307013057
4,x,6,x,0.5,normal,0,100000,59198,598,1123,0,0.59198,0.010101692624750802,0,15.271010307013057
4,x,6,z,0.5,normal,0,100000,59198,598,1123,0,0.59198,0.010101692624750802,0,15.271010307013057
4,x,6,x,0.5,normal,0,100000,59198,598,1123,0,0.59198,0.010101692624750802,0,15.271010307013057
4,x,9,z,0.5,normal,0,100000,100000,165,288,0,1.0,0.0016500000000000403,0,12.973930970998481
4,x,9,z,0.5,normal,0,100000,100000,165,288,0,1.0,0.0016500000000000403,0,12.973930970998481
4,x,9,z,0.5,normal,0,100000,100000,165,288,0,1.0,0.0016500000000000403,0,12.973930970998481
4,x,9,x,0.5,normal,0,100000,100000,165,288,0,1.0,0.0016500000000000403,0,12.973930970998481
4,x,7,z,0.5,normal,0,100000,75656,679,1254,0,0.75656,0.008974833456698694,0,15.246159850008553
4,x,7,x,0.5,normal,0,100000,75656,679,1254,0,0.75656,0.008974833456698694,0,15.246159850008553
4,x,7,z,0.5,normal,0,100000,75656,679,1254,0,0.75656,0.008974833456698694,0,15.246159850008553
4,x,7,x,0.5,normal,0,100000,75656,679,1254,0,0.75656,0.008974833456698694,0,15.246159850008553
4,x,12,x,0.5,normal,0,100000,57774,7659,14724,0,0.57774,0.1325682833108318,0,12.626717661012663
4,x,12,z,0.5,normal,0,100000,57774,7659,14724,0,0.57774,0.1325682833108318,0,12.626717661012663
4,x,12,x,0.5,normal,0,100000,57774,7659,14724,0,0.57774,0.1325682833108318,0,12.626717661012663
4,x,12,z,0.5,normal,0,100000,57774,7659,14724,0,0.57774,0.1325682833108318,0,12.626717661012663
4,x,11,z,0.5,normal,0,100000,68259,525,962,0,0.68259,0.00769129345580799,0,14.8155651629786
4,x,11,x,0.5,normal,0,100000,68259,525,962,0,0.68259,0.00769129345580799,0,14.8155651629786
4,x,11,x,0.5,normal,0,100000,68259,525,962,0,0.68259,0.00769129345580799,0,14.8155651629786
4,x,11,z,0.5,normal,0,100000,68259,525,962,0,0.68259,0.00769129345580799,0,14.8155651629786
4,x,14,x,0.5,normal,0,100000,63829,8576,15855,0,0.63829,0.13435899042754862,0,13.55334589999984
4,x,14,x,0.5,normal,0,100000,63829,8576,15855,0,0.63829,0.13435899042754862,0,13.55334589999984
4,x,14,z,0.5,normal,0,100000,63829,8576,15855,0,0.63829,0.13435899042754862,0,13.55334589999984
4,x,14,z,0.5,normal,0,100000,63829,8576,15855,0,0.63829,0.13435899042754862,0,13.55334589999984
4,x,13,z,0.5,normal,0,100000,84503,2161,3854,0,0.84503,0.02557305657787301,0,15.388861710001947
4,x,13,z,0.5,normal,0,100000,84503,2161,3854,0,0.84503,0.02557305657787301,0,15.388861710001947
4,x,13,x,0.5,normal,0,100000,84503,2161,3854,0,0.84503,0.02557305657787301,0,15.388861710001947
4,x,13,z,0.5,normal,0,100000,84503,2161,3854,0,0.84503,0.02557305657787301,0,15.388861710001947
4,x,2,x,0.3,normal,0,100000,69285,0,0,0,0.69285,0.0,0,11.73703598897555
4,x,2,x,0.3,normal,0,100000,69285,0,0,0,0.69285,0.0,0,11.73703598897555
4,x,2,x,0.3,normal,0,100000,69285,0,0,0,0.69285,0.0,0,11.73703598897555
4,x,2,x,0.3,normal,0,100000,69285,0,0,0,0.69285,0.0,0,11.73703598897555
4,x,15,z,0.5,normal,0,100000,80138,11697,19850,0,0.80138,0.14596071776186081,0,15.633383670006879
4,x,15,x,0.5,normal,0,100000,80138,11697,19850,0,0.80138,0.14596071776186081,0,15.633383670006879
4,x,15,z,0.5,normal,0,100000,80138,11697,19850,0,0.80138,0.14596071776186081,0,15.633383670006879
4,x,15,z,0.5,normal,0,100000,80138,11697,19850,0,0.80138,0.14596071776186081,0,15.633383670006879
4,x,3,z,0.3,normal,0,100000,82626,0,1,0,0.82626,0.0,0,12.72554378901259
4,x,3,x,0.3,normal,0,100000,82626,0,1,0,0.82626,0.0,0,12.72554378901259
4,x,3,x,0.3,normal,0,100000,82626,0,1,0,0.82626,0.0,0,12.72554378901259
4,x,3,x,0.3,normal,0,100000,82626,0,1,0,0.82626,0.0,0,12.72554378901259
4,x,4,x,0.3,normal,0,100000,68522,58,113,0,0.68522,0.0008464434780071084,0,13.417077554011485
4,x,4,z,0.3,normal,0,100000,68522,58,113,0,0.68522,0.0008464434780071084,0,13.417077554011485
4,x,4,x,0.3,normal,0,100000,68522,58,113,0,0.68522,0.0008464434780071084,0,13.417077554011485
4,x,4,x,0.3,normal,0,100000,68522,58,113,0,0.68522,0.0008464434780071084,0,13.417077554011485
4,x,5,z,0.3,normal,0,100000,76660,3,6,0,0.7666,3.913383772502499e-05,0,12.023760781012243
4,x,5,z,0.3,normal,0,100000,76660,3,6,0,0.7666,3.913383772502499e-05,0,12.023760781012243
4,x,5,x,0.3,normal,0,100000,76660,3,6,0,0.7666,3.913383772502499e-05,0,12.023760781012243
4,x,5,x,0.3,normal,0,100000,76660,3,6,0,0.7666,3.913383772502499e-05,0,12.023760781012243
4,x,6,x,0.3,normal,0,100000,73145,304,574,0,0.73145,0.004156128238430479,0,13.122168119007256
4,x,6,x,0.3,normal,0,100000,73145,304,574,0,0.73145,0.004156128238430479,0,13.122168119007256
4,x,6,z,0.3,normal,0,100000,73145,304,574,0,0.73145,0.004156128238430479,0,13.122168119007256
4,x,6,x,0.3,normal,0,100000,73145,304,574,0,0.73145,0.004156128238430479,0,13.122168119007256
4,x,8,x,0.3,normal,0,100000,66290,3970,6921,0,0.6629,0.05988836928646857,0,13.555642594990786
4,x,8,z,0.3,normal,0,100000,66290,3970,6921,0,0.6629,0.05988836928646857,0,13.555642594990786
4,x,8,z,0.3,normal,0,100000,66290,3970,6921,0,0.6629,0.05988836928646857,0,13.555642594990786
4,x,8,x,0.3,normal,0,100000,66290,3970,6921,0,0.6629,0.05988836928646857,0,13.555642594990786
4,x,9,z,0.3,normal,0,100000,100000,22,39,0,1.0,0.00021999999999999797,0,12.32252885599155
4,x,9,z,0.3,normal,0,100000,100000,22,39,0,1.0,0.00021999999999999797,0,12.32252885599155
4,x,9,z,0.3,normal,0,100000,100000,22,39,0,1.0,0.00021999999999999797,0,12.32252885599155
4,x,9,x,0.3,normal,0,100000,100000,22,39,0,1.0,0.00021999999999999797,0,12.32252885599155
4,x,7,z,0.3,normal,0,100000,84479,332,627,0,0.84479,0.003929970761964552,0,15.960124561999692
4,x,7,x,0.3,normal,0,100000,84479,332,627,0,0.84479,0.003929970761964552,0,15.960124561999692
4,x,7,z,0.3,normal,0,100000,84479,332,627,0,0.84479,0.003929970761964552,0,15.960124561999692
4,x,7,x,0.3,normal,0,100000,84479,332,627,0,0.84479,0.003929970761964552,0,15.960124561999692
4,x,10,x,0.3,normal,0,100000,68263,207,400,0,0.68263,0.00303238943497941,0,12.76394328000606
4,x,10,x,0.3,normal,0,100000,68263,207,400,0,0.68263,0.00303238943497941,0,12.76394328000606
4,x,10,x,0.3,normal,0,100000,68263,207,400,0,0.68263,0.00303238943497941,0,12.76394328000606
4,x,10,z,0.3,normal,0,100000,68263,207,400,0,0.68263,0.00303238943497941,0,12.76394328000606
4,x,12,x,0.3,normal,0,100000,71548,5950,11513,0,0.71548,0.08316095488343489,0,12.702622793993214
4,x,12,z,0.3,normal,0,100000,71548,5950,11513,0,0.71548,0.08316095488343489,0,12.702622793993214
4,x,12,x,0.3,normal,0,100000,71548,5950,11513,0,0.71548,0.08316095488343489,0,12.702622793993214
4,x,12,z,0.3,normal,0,100000,71548,5950,11513,0,0.71548,0.08316095488343489,0,12.702622793993214
4,x,2,x,0.1,normal,0,100000,88406,0,0,0,0.88406,0.0,0,9.429696637002053
4,x,2,x,0.1,normal,0,100000,88406,0,0,0,0.88406,0.0,0,9.429696637002053
4,x,2,x,0.1,normal,0,100000,88406,0,0,0,0.88406,0.0,0,9.429696637002053
4,x,2,x,0.1,normal,0,100000,88406,0,0,0,0.88406,0.0,0,9.429696637002053
4,x,11,z,0.3,normal,0,100000,79490,274,507,0,0.7949,0.0034469744621965503,0,15.028992891020607
4,x,11,x,0.3,normal,0,100000,79490,274,507,0,0.7949,0.0034469744621965503,0,15.028992891020607
4,x,11,x,0.3,normal,0,100000,79490,274,507,0,0.7949,0.0034469744621965503,0,15.028992891020607
4,x,11,z,0.3,normal,0,100000,79490,274,507,0,0.7949,0.0034469744621965503,0,15.028992891020607
4,x,14,x,0.3,normal,0,100000,76223,6513,12212,0,0.76223,0.0854466499612978,0,14.851099694002187
4,x,14,x,0.3,normal,0,100000,76223,6513,12212,0,0.76223,0.0854466499612978,0,14.851099694002187
4,x,14,z,0.3,normal,0,100000,76223,6513,12212,0,0.76223,0.0854466499612978,0,14.851099694002187
4,x,14,z,0.3,normal,0,100000,76223,6513,12212,0,0.76223,0.0854466499612978,0,14.851099694002187
4,x,3,z,0.1,normal,0,100000,93848,0,0,0,0.93848,0.0,0,8.913541113986867
4,x,3,x,0.1,normal,0,100000,93848,0,0,0,0.93848,0.0,0,8.913541113986867
4,x,3,x,0.1,normal,0,100000,93848,0,0,0,0.93848,0.0,0,8.913541113986867
4,x,3,x,0.1,normal,0,100000,93848,0,0,0,0.93848,0.0,0,8.913541113986867
4,x,13,z,0.3,normal,0,100000,90468,961,1782,0,0.90468,0.010622540566830208,0,15.778885928011732
4,x,13,z,0.3,normal,0,100000,90468,961,1782,0,0.90468,0.010622540566830208,0,15.778885928011732
4,x,13,x,0.3,normal,0,100000,90468,961,1782,0,0.90468,0.010622540566830208,0,15.778885928011732
4,x,13,z,0.3,normal,0,100000,90468,961,1782,0,0.90468,0.010622540566830208,0,15.778885928011732
4,x,15,z,0.3,normal,0,100000,87342,8074,14651,0,0.87342,0.09244120812438461,0,17.436664076987654
4,x,15,x,0.3,normal,0,100000,87342,8074,14651,0,0.87342,0.09244120812438461,0,17.436664076987654
4,x,15,z,0.3,normal,0,100000,87342,8074,14651,0,0.87342,0.09244120812438461,0,17.436664076987654
4,x,15,z,0.3,normal,0,100000,87342,8074,14651,0,0.87342,0.09244120812438461,0,17.436664076987654
4,x,5,z,0.1,normal,0,100000,91267,0,0,0,0.91267,0.0,0,9.416394210013095
4,x,5,z,0.1,normal,0,100000,91267,0,0,0,0.91267,0.0,0,9.416394210013095
4,x,5,x,0.1,normal,0,100000,91267,0,0,0,0.91267,0.0,0,9.416394210013095
4,x,5,x,0.1,normal,0,100000,91267,0,0,0,0.91267,0.0,0,9.416394210013095
4,x,4,x,0.1,normal,0,100000,88132,9,18,0,0.88132,0.00010211954795080747,0,13.369696906011086
4,x,4,z,0.1,normal,0,100000,88132,9,18,0,0.88132,0.00010211954795080747,0,13.369696906011086
4,x,4,x,0.1,normal,0,100000,88132,9,18,0,0.88132,0.00010211954795080747,0,13.369696906011086
4,x,4,x,0.1,normal,0,100000,88132,9,18,0,0.88132,0.00010211954795080747,0,13.369696906011086
4,x,9,z,0.1,normal,0,100000,100000,1,2,0,1.0,9.99999999995449e-06,0,9.577935727022123
4,x,9,z,0.1,normal,0,100000,100000,1,2,0,1.0,9.99999999995449e-06,0,9.577935727022123
4,x,9,z,0.1,normal,0,100000,100000,1,2,0,1.0,9.99999999995449e-06,0,9.577935727022123
4,x,9,x,0.1,normal,0,100000,100000,1,2,0,1.0,9.99999999995449e-06,0,9.577935727022123
4,x,6,x,0.1,normal,0,100000,90076,75,146,0,0.90076,0.0008326302233668814,0,15.992729118996067
4,x,6,x,0.1,normal,0,100000,90076,75,146,0,0.90076,0.0008326302233668814,0,15.992729118996067
4,x,6,z,0.1,normal,0,100000,90076,75,146,0,0.90076,0.0008326302233668814,0,15.992729118996067
4,x,6,x,0.1,normal,0,100000,90076,75,146,0,0.90076,0.0008326302233668814,0,15.992729118996067
4,x,7,z,0.1,normal,0,100000,94513,67,130,0,0.94513,0.00070889718874656,0,15.551485699979821
4,x,7,x,0.1,normal,0,100000,94513,67,130,0,0.94513,0.00070889718874656,0,15.551485699979821
4,x,7,z,0.1,normal,0,100000,94513,67,130,0,0.94513,0.00070889718874656,0,15.551485699979821
4,x,7,x,0.1,normal,0,100000,94513,67,130,0,0.94513,0.00070889718874656,0,15.551485699979821
4,x,10,x,0.1,normal,0,100000,87852,41,80,0,0.87852,0.0004666939853389396,0,14.769802109978627
4,x,10,x,0.1,normal,0,100000,87852,41,80,0,0.87852,0.0004666939853389396,0,14.769802109978627
4,x,10,x,0.1,normal,0,100000,87852,41,80,0,0.87852,0.0004666939853389396,0,14.769802109978627
4,x,10,z,0.1,normal,0,100000,87852,41,80,0,0.87852,0.0004666939853389396,0,14.769802109978627
4,x,8,x,0.1,normal,0,100000,86784,1670,2973,0,0.86784,0.019243178466076705,0,17.701714700990124
4,x,8,z,0.1,normal,0,100000,86784,1670,2973,0,0.86784,0.019243178466076705,0,17.701714700990124
4,x,8,z,0.1,normal,0,100000,86784,1670,2973,0,0.86784,0.019243178466076705,0,17.701714700990124
4,x,8,x,0.1,normal,0,100000,86784,1670,2973,0,0.86784,0.019243178466076705,0,17.701714700990124
4,x,2,x,1,m1,0,100000,35365,1,2,0,0.35365,2.8276544606242737e-05,0,5.278170873003546
4,x,2,x,1,m1,0,100000,35365,1,2,0,0.35365,2.8276544606242737e-05,0,5.278170873003546
4,x,2,x,1,m1,0,100000,35365,1,2,0,0.35365,2.8276544606242737e-05,0,5.278170873003546
4,x,2,x,1,m1,0,100000,35365,1,2,0,0.35365,2.8276544606242737e-05,0,5.278170873003546
4,x,12,x,0.1,normal,0,100000,89446,2504,4914,0,0.89446,0.027994544194262505,0,13.619326424988685
4,x,12,z,0.1,normal,0,100000,89446,2504,4914,0,0.89446,0.027994544194262505,0,13.619326424988685
4,x,12,x,0.1,normal,0,100000,89446,2504,4914,0,0.89446,0.027994544194262505,0,13.619326424988685
4,x,12,z,0.1,normal,0,100000,89446,2504,4914,0,0.89446,0.027994544194262505,0,13.619326424988685
4,x,3,z,1,m1,0,100000,52971,2,4,0,0.52971,3.775650827808619e-05,0,4.402083938010037
4,x,3,x,1,m1,0,100000,52971,2,4,0,0.52971,3.775650827808619e-05,0,4.402083938010037
4,x,3,x,1,m1,0,100000,52971,2,4,0,0.52971,3.775650827808619e-05,0,4.402083938010037
4,x,3,x,1,m1,0,100000,52971,2,4,0,0.52971,3.775650827808619e-05,0,4.402083938010037
4,x,11,z,0.1,normal,0,100000,92590,63,124,0,0.9259,0.0006804190517334385,0,16.280438804009464
4,x,11,x,0.1,normal,0,100000,92590,63,124,0,0.9259,0.0006804190517334385,0,16.280438804009464
4,x,11,x,0.1,normal,0,100000,92590,63,124,0,0.9259,0.0006804190517334385,0,16.280438804009464
4,x,11,z,0.1,normal,0,100000,92590,63,124,0,0.9259,0.0006804190517334385,0,16.280438804009464
4,x,9,z,1,m1,0,100000,100000,35,62,0,1.0,0.00034999999999996145,0,1.0302709829993546
4,x,9,z,1,m1,0,100000,100000,35,62,0,1.0,0.00034999999999996145,0,1.0302709829993546
4,x,9,z,1,m1,0,100000,100000,35,62,0,1.0,0.00034999999999996145,0,1.0302709829993546
4,x,9,x,1,m1,0,100000,100000,35,62,0,1.0,0.00034999999999996145,0,1.0302709829993546
4,x,14,x,0.1,normal,0,100000,91411,2645,5108,0,0.91411,0.02893524849306972,0,15.06975621098536
4,x,14,x,0.1,normal,0,100000,91411,2645,5108,0,0.91411,0.02893524849306972,0,15.06975621098536
4,x,14,z,0.1,normal,0,100000,91411,2645,5108,0,0.91411,0.02893524849306972,0,15.06975621098536
4,x,14,z,0.1,normal,0,100000,91411,2645,5108,0,0.91411,0.02893524849306972,0,15.06975621098536
4,x,5,z,1,m1,0,100000,76910,18,36,0,0.7691,0.00023403978676372894,0,3.508476549992338
4,x,5,z,1,m1,0,100000,76910,18,36,0,0.7691,0.00023403978676372894,0,3.508476549992338
4,x,5,x,1,m1,0,100000,76910,18,36,0,0.7691,0.00023403978676372894,0,3.508476549992338
4,x,5,x,1,m1,0,100000,76910,18,36,0,0.7691,0.00023403978676372894,0,3.508476549992338
4,x,15,z,0.1,normal,0,100000,95547,3138,6081,0,0.95547,0.032842475430939766,0,16.29246455800603
4,x,15,x,0.1,normal,0,100000,95547,3138,6081,0,0.95547,0.032842475430939766,0,16.29246455800603
4,x,15,z,0.1,normal,0,100000,95547,3138,6081,0,0.95547,0.032842475430939766,0,16.29246455800603
4,x,15,z,0.1,normal,0,100000,95547,3138,6081,0,0.95547,0.032842475430939766,0,16.29246455800603
4,x,13,z,0.1,normal,0,100000,96700,118,234,0,0.967,0.0012202688728024658,0,17.54431972000748
4,x,13,z,0.1,normal,0,100000,96700,118,234,0,0.967,0.0012202688728024658,0,17.54431972000748
4,x,13,x,0.1,normal,0,100000,96700,118,234,0,0.967,0.0012202688728024658,0,17.54431972000748
4,x,13,z,0.1,normal,0,100000,96700,118,234,0,0.967,0.0012202688728024658,0,17.54431972000748
4,x,6,x,1,m1,0,100000,36199,822,1480,0,0.36199,0.02270780960800023,0,10.113436653016834
4,x,6,x,1,m1,0,100000,36199,822,1480,0,0.36199,0.02270780960800023,0,10.113436653016834
4,x,6,z,1,m1,0,100000,36199,822,1480,0,0.36199,0.02270780960800023,0,10.113436653016834
4,x,6,x,1,m1,0,100000,36199,822,1480,0,0.36199,0.02270780960800023,0,10.113436653016834
4,x,4,x,1,m1,0,100000,24473,155,304,0,0.24473,0.006333510399215481,0,11.05744820999098
4,x,4,z,1,m1,0,100000,24473,155,304,0,0.24473,0.006333510399215481,0,11.05744820999098
4,x,4,x,1,m1,0,100000,24473,155,304,0,0.24473,0.006333510399215481,0,11.05744820999098
4,x,4,x,1,m1,0,100000,24473,155,304,0,0.24473,0.006333510399215481,0,11.05744820999098
4,x,8,x,1,m1,0,100000,38011,8792,16329,0,0.38011,0.23130146536528895,0,11.426280373008922
4,x,8,z,1,m1,0,100000,38011,8792,16329,0,0.38011,0.23130146536528895,0,11.426280373008922
4,x,8,z,1,m1,0,100000,38011,8792,16329,0,0.38011,0.23130146536528895,0,11.426280373008922
4,x,8,x,1,m1,0,100000,38011,8792,16329,0,0.38011,0.23130146536528895,0,11.426280373008922
4,x,7,z,1,m1,0,100000,55691,2142,3838,0,0.55691,0.038462229085489574,0,12.439650309999706
4,x,7,x,1,m1,0,100000,55691,2142,3838,0,0.55691,0.038462229085489574,0,12.439650309999706
4,x,7,z,1,m1,0,100000,55691,2142,3838,0,0.55691,0.038462229085489574,0,12.439650309999706
4,x,7,x,1,m1,0,100000,55691,2142,3838,0,0.55691,0.038462229085489574,0,12.439650309999706
4,x,2,x,0.8,m1,0,100000,43759,0,0,0,0.43759,0.0,0,4.0228969840100035
4,x,2,x,0.8,m1,0,100000,43759,0,0,0,0.43759,0.0,0,4.0228969840100035
4,x,2,x,0.8,m1,0,100000,43759,0,0,0,0.43759,0.0,0,4.0228969840100035
4,x,2,x,0.8,m1,0,100000,43759,0,0,0,0.43759,0.0,0,4.0228969840100035
4,x,12,x,1,m1,0,100000,35544,8306,15227,0,0.35544,0.23368219671393198,0,9.889910861995304
4,x,12,z,1,m1,0,100000,35544,8306,15227,0,0.35544,0.23368219671393198,0,9.889910861995304
4,x,12,x,1,m1,0,100000,35544,8306,15227,0,0.35544,0.23368219671393198,0,9.889910861995304
4,x,12,z,1,m1,0,100000,35544,8306,15227,0,0.35544,0.23368219671393198,0,9.889910861995304
4,x,10,x,1,m1,0,100000,49288,1314,2341,0,0.49288,0.026659633176432385,0,12.588697389001027
4,x,10,x,1,m1,0,100000,49288,1314,2341,0,0.49288,0.026659633176432385,0,12.588697389001027
4,x,10,x,1,m1,0,100000,49288,1314,2341,0,0.49288,0.026659633176432385,0,12.588697389001027
4,x,10,z,1,m1,0,100000,49288,1314,2341,0,0.49288,0.026659633176432385,0,12.588697389001027
4,x,3,z,0.8,m1,0,100000,60137,0,1,0,0.60137,0.0,0,3.568766293989029
4,x,3,x,0.8,m1,0,100000,60137,0,1,0,0.60137,0.0,0,3.568766293989029
4,x,3,x,0.8,m1,0,100000,60137,0,1,0,0.60137,0.0,0,3.568766293989029
4,x,3,x,0.8,m1,0,100000,60137,0,1,0,0.60137,0.0,0,3.568766293989029
4,x,5,z,0.8,m1,0,100000,81145,12,22,0,0.81145,0.00014788341857174814,0,2.4366974940057844
4,x,5,z,0.8,m1,0,100000,81145,12,22,0,0.81145,0.00014788341857174814,0,2.4366974940057844
4,x,5,x,0.8,m1,0,100000,81145,12,22,0,0.81145,0.00014788341857174814,0,2.4366974940057844
4,x,5,x,0.8,m1,0,100000,81145,12,22,0,0.81145,0.00014788341857174814,0,2.4366974940057844
4,x,14,x,1,m1,0,100000,39837,11169,18710,0,0.39837,0.28036749755252655,0,10.231589656003052
4,x,14,x,1,m1,0,100000,39837,11169,18710,0,0.39837,0.28036749755252655,0,10.231589656003052
4,x,14,z,1,m1,0,100000,39837,11169,18710,0,0.39837,0.28036749755252655,0,10.231589656003052
4,x,14,z,1,m1,0,100000,39837,11169,18710,0,0.39837,0.28036749755252655,0,10.231589656003052
4,x,9,z,0.8,m1,0,100000,100000,14,26,0,1.0,0.000140000000000029,0,0.894926384993596
4,x,9,z,0.8,m1,0,100000,100000,14,26,0,1.0,0.000140000000000029,0,0.894926384993596
4,x,9,z,0.8,m1,0,100000,100000,14,26,0,1.0,0.000140000000000029,0,0.894926384993596
4,x,9,x,0.8,m1,0,100000,100000,14,26,0,1.0,0.000140000000000029,0,0.894926384993596
4,x,11,z,1,m1,0,100000,51480,1179,2118,0,0.5148,0.02290209790209785,0,14.576136203977512
4,x,11,x,1,m1,0,100000,51480,1179,2118,0,0.5148,0.02290209790209785,0,14.576136203977512
4,x,11,x,1,m1,0,100000,51480,1179,2118,0,0.5148,0.02290209790209785,0,14.576136203977512
4,x,11,z,1,m1,0,100000,51480,1179,2118,0,0.5148,0.02290209790209785,0,14.576136203977512
4,x,13,z,1,m1,0,100000,55496,6184,9381,0,0.55496,0.11143145451924463,0,13.76622456900077
4,x,13,z,1,m1,0,100000,55496,6184,9381,0,0.55496,0.11143145451924463,0,13.76622456900077
4,x,13,x,1,m1,0,100000,55496,6184,9381,0,0.55496,0.11143145451924463,0,13.76622456900077
4,x,13,z,1,m1,0,100000,55496,6184,9381,0,0.55496,0.11143145451924463,0,13.76622456900077
4,x,4,x,0.8,m1,0,100000,32348,132,257,0,0.32348,0.004080623222455837,0,10.597068038012367
4,x,4,z,0.8,m1,0,100000,32348,132,257,0,0.32348,0.004080623222455837,0,10.597068038012367
4,x,4,x,0.8,m1,0,100000,32348,132,257,0,0.32348,0.004080623222455837,0,10.597068038012367
4,x,4,x,0.8,m1,0,100000,32348,132,257,0,0.32348,0.004080623222455837,0,10.597068038012367
4,x,6,x,0.8,m1,0,100000,44383,688,1279,0,0.44383,0.01550143072798138,0,11.096786500012968
4,x,6,x,0.8,m1,0,100000,44383,688,1279,0,0.44383,0.01550143072798138,0,11.096786500012968
4,x,6,z,0.8,m1,0,100000,44383,688,1279,0,0.44383,0.01550143072798138,0,11.096786500012968
4,x,6,x,0.8,m1,0,100000,44383,688,1279,0,0.44383,0.01550143072798138,0,11.096786500012968
4,x,8,x,0.8,m1,0,100000,45682,8800,16345,0,0.45682,0.1926360492097544,0,10.677634681982454
4,x,8,z,0.8,m1,0,100000,45682,8800,16345,0,0.45682,0.1926360492097544,0,10.677634681982454
4,x,8,z,0.8,m1,0,100000,45682,8800,16345,0,0.45682,0.1926360492097544,0,10.677634681982454
4,x,8,x,0.8,m1,0,100000,45682,8800,16345,0,0.45682,0.1926360492097544,0,10.677634681982454
4,x,15,z,1,m1,0,100000,66981,17008,25767,0,0.66981,0.25392275421388155,0,15.002960073994473
4,x,15,x,1,m1,0,100000,66981,17008,25767,0,0.66981,0.25392275421388155,0,15.002960073994473
4,x,15,z,1,m1,0,100000,66981,17008,25767,0,0.66981,0.25392275421388155,0,15.002960073994473
4,x,15,z,1,m1,0,100000,66981,17008,25767,0,0.66981,0.25392275421388155,0,15.002960073994473
4,x,7,z,0.8,m1,0,100000,62277,1638,2981,0,0.62277,0.026301844982899003,0,13.197381429024972
4,x,7,x,0.8,m1,0,100000,62277,1638,2981,0,0.62277,0.026301844982899003,0,13.197381429024972
4,x,7,z,0.8,m1,0,100000,62277,1638,2981,0,0.62277,0.026301844982899003,0,13.197381429024972
4,x,7,x,0.8,m1,0,100000,62277,1638,2981,0,0.62277,0.026301844982899003,0,13.197381429024972
4,x,2,x,0.5,m1,0,100000,59556,0,0,0,0.59556,0.0,0,2.6885902670037467
4,x,2,x,0.5,m1,0,100000,59556,0,0,0,0.59556,0.0,0,2.6885902670037467
4,x,2,x,0.5,m1,0,100000,59556,0,0,0,0.59556,0.0,0,2.6885902670037467
4,x,2,x,0.5,m1,0,100000,59556,0,0,0,0.59556,0.0,0,2.6885902670037467
4,x,3,z,0.5,m1,0,100000,72654,0,1,0,0.72654,0.0,0,2.37212830100907
4,x,3,x,0.5,m1,0,100000,72654,0,1,0,0.72654,0.0,0,2.37212830100907
4,x,3,x,0.5,m1,0,100000,72654,0,1,0,0.72654,0.0,0,2.37212830100907
4,x,3,x,0.5,m1,0,100000,72654,0,1,0,0.72654,0.0,0,2.37212830100907
4,x,11,z,0.8,m1,0,100000,58357,922,1695,0,0.58357,0.015799304282262616,0,13.599226906982949
4,x,11,x,0.8,m1,0,100000,58357,922,1695,0,0.58357,0.015799304282262616,0,13.599226906982949
4,x,11,x,0.8,m1,0,100000,58357,922,1695,0,0.58357,0.015799304282262616,0,13.599226906982949
4,x,11,z,0.8,m1,0,100000,58357,922,1695,0,0.58357,0.015799304282262616,0,13.599226906982949
4,x,12,x,0.8,m1,0,100000,43700,8484,15773,0,0.437,0.19414187643020597,0,13.444712675991468
4,x,12,z,0.8,m1,0,100000,43700,8484,15773,0,0.437,0.19414187643020597,0,13.444712675991468
4,x,12,x,0.8,m1,0,100000,43700,8484,15773,0,0.437,0.19414187643020597,0,13.444712675991468
4,x,12,z,0.8,m1,0,100000,43700,8484,15773,0,0.437,0.19414187643020597,0,13.444712675991468
4,x,10,x,0.8,m1,0,100000,55896,1016,1857,0,0.55896,0.018176613711177847,0,14.321083316986915
4,x,10,x,0.8,m1,0,100000,55896,1016,1857,0,0.55896,0.018176613711177847,0,14.321083316986915
4,x,10,x,0.8,m1,0,100000,55896,1016,1857,0,0.55896,0.018176613711177847,0,14.321083316986915
4,x,10,z,0.8,m1,0,100000,55896,1016,1857,0,0.55896,0.018176613711177847,0,14.321083316986915
4,x,9,z,0.5,m1,0,100000,100000,2,5,0,1.0,2.0000000000020002e-05,0,0.6145774079777766
4,x,9,z,0.5,m1,0,100000,100000,2,5,0,1.0,2.0000000000020002e-05,0,0.6145774079777766
4,x,9,z,0.5,m1,0,100000,100000,2,5,0,1.0,2.0000000000020002e-05,0,0.6145774079777766
4,x,9,x,0.5,m1,0,100000,100000,2,5,0,1.0,2.0000000000020002e-05,0,0.6145774079777766
4,x,13,z,0.8,m1,0,100000,61544,4872,7831,0,0.61544,0.07916287534121924,0,13.437653909000801
4,x,13,z,0.8,m1,0,100000,61544,4872,7831,0,0.61544,0.07916287534121924,0,13.437653909000801
4,x,13,x,0.8,m1,0,100000,61544,4872,7831,0,0.61544,0.07916287534121924,0,13.437653909000801
4,x,13,z,0.8,m1,0,100000,61544,4872,7831,0,0.61544,0.07916287534121924,0,13.437653909000801
4,x,5,z,0.5,m1,0,100000,87754,2,5,0,0.87754,2.279098388680012e-05,0,1.9828750849992502
4,x,5,z,0.5,m1,0,100000,87754,2,5,0,0.87754,2.279098388680012e-05,0,1.9828750849992502
4,x,5,x,0.5,m1,0,100000,87754,2,5,0,0.87754,2.279098388680012e-05,0,1.9828750849992502
4,x,5,x,0.5,m1,0,100000,87754,2,5,0,0.87754,2.279098388680012e-05,0,1.9828750849992502
4,x,14,x,0.8,m1,0,100000,47887,11412,19843,0,0.47887,0.23831102386869085,0,11.965934744977858
4,x,14,x,0.8,m1,0,100000,47887,11412,19843,0,0.47887,0.23831102386869085,0,11.965934744977858
4,x,14,z,0.8,m1,0,100000,47887,11412,19843,0,0.47887,0.23831102386869085,0,11.965934744977858
4,x,14,z,0.8,m1,0,100000,47887,11412,19843,0,0.47887,0.23831102386869085,0,11.965934744977858
4,x,4,x,0.5,m1,0,100000,49494,63,116,0,0.49494,0.0012728815614013733,0,9.68644946301356
4,x,4,z,0.5,m1,0,100000,49494,63,116,0,0.49494,0.0012728815614013733,0,9.68644946301356
4,x,4,x,0.5,m1,0,100000,49494,63,116,0,0.49494,0.0012728815614013733,0,9.68644946301356
4,x,4,x,0.5,m1,0,100000,49494,63,116,0,0.49494,0.0012728815614013733,0,9.68644946301356
4,x,15,z,0.8,m1,0,100000,72430,15460,24675,0,0.7243,0.21344746651939805,0,14.589608704001876
4,x,15,x,0.8,m1,0,100000,72430,15460,24675,0,0.7243,0.21344746651939805,0,14.589608704001876
4,x,15,z,0.8,m1,0,100000,72430,15460,24675,0,0.7243,0.21344746651939805,0,14.589608704001876
4,x,15,z,0.8,m1,0,100000,72430,15460,24675,0,0.7243,0.21344746651939805,0,14.589608704001876
4,x,7,z,0.5,m1,0,100000,74457,886,1638,0,0.74457,0.011899485609143556,0,11.462064131017542
4,x,7,x,0.5,m1,0,100000,74457,886,1638,0,0.74457,0.011899485609143556,0,11.462064131017542
4,x,7,z,0.5,m1,0,100000,74457,886,1638,0,0.74457,0.011899485609143556,0,11.462064131017542
4,x,7,x,0.5,m1,0,100000,74457,886,1638,0,0.74457,0.011899485609143556,0,11.462064131017542
4,x,6,x,0.5,m1,0,100000,60067,385,726,0,0.60067,0.006409509381191003,0,12.048970539006405
4,x,6,x,0.5,m1,0,100000,60067,385,726,0,0.60067,0.006409509381191003,0,12.048970539006405
4,x,6,z,0.5,m1,0,100000,60067,385,726,0,0.60067,0.006409509381191003,0,12.048970539006405
4,x,6,x,0.5,m1,0,100000,60067,385,726,0,0.60067,0.006409509381191003,0,12.048970539006405
4,x,8,x,0.5,m1,0,100000,60933,7720,14298,0,0.60933,0.1266965355390347,0,12.940661508997437
4,x,8,z,0.5,m1,0,100000,60933,7720,14298,0,0.60933,0.1266965355390347,0,12.940661508997437
4,x,8,z,0.5,m1,0,100000,60933,7720,14298,0,0.60933,0.1266965355390347,0,12.940661508997437
4,x,8,x,0.5,m1,0,100000,60933,7720,14298,0,0.60933,0.1266965355390347,0,12.940661508997437
4,x,3,z,0.3,m1,0,100000,82538,0,0,0,0.82538,0.0,0,1.7853054289880674
4,x,3,x,0.3,m1,0,100000,82538,0,0,0,0.82538,0.0,0,1.7853054289880674
4,x,3,x,0.3,m1,0,100000,82538,0,0,0,0.82538,0.0,0,1.7853054289880674
4,x,3,x,0.3,m1,0,100000,82538,0,0,0,0.82538,0.0,0,1.7853054289880674
4,x,2,x,0.3,m1,0,100000,73162,0,0,0,0.73162,0.0,0,2.780408410995733
4,x,2,x,0.3,m1,0,100000,73162,0,0,0,0.73162,0.0,0,2.780408410995733
4,x,2,x,0.3,m1,0,100000,73162,0,0,0,0.73162,0.0,0,2.780408410995733
4,x,2,x,0.3,m1,0,100000,73162,0,0,0,0.73162,0.0,0,2.780408410995733
4,x,12,x,0.5,m1,0,100000,59449,7700,14527,0,0.59449,0.12952278423522678,0,11.540651009010617
4,x,12,z,0.5,m1,0,100000,59449,7700,14527,0,0.59449,0.12952278423522678,0,11.540651009010617
4,x,12,x,0.5,m1,0,100000,59449,7700,14527,0,0.59449,0.12952278423522678,0,11.540651009010617
4,x,12,z,0.5,m1,0,100000,59449,7700,14527,0,0.59449,0.12952278423522678,0,11.540651009010617
4,x,10,x,0.5,m1,0,100000,69163,556,1034,0,0.69163,0.008038980379682759,0,14.328974748001201
4,x,10,x,0.5,m1,0,100000,69163,556,1034,0,0.69163,0.008038980379682759,0,14.328974748001201
4,x,10,x,0.5,m1,0,100000,69163,556,1034,0,0.69163,0.008038980379682759,0,14.328974748001201
4,x,10,z,0.5,m1,0,100000,69163,556,1034,0,0.69163,0.008038980379682759,0,14.328974748001201
4,x,14,x,0.5,m1,0,100000,63153,10328,18573,0,0.63153,0.16353934096559153,0,12.413879902975168
4,x,14,x,0.5,m1,0,100000,63153,10328,18573,0,0.63153,0.16353934096559153,0,12.413879902975168
4,x,14,z,0.5,m1,0,100000,63153,10328,18573,0,0.63153,0.16353934096559153,0,12.413879902975168
4,x,14,z,0.5,m1,0,100000,63153,10328,18573,0,0.63153,0.16353934096559153,0,12.413879902975168
4,x,11,z,0.5,m1,0,100000,71285,470,886,0,0.71285,0.006593252437399166,0,15.333912522997707
4,x,11,x,0.5,m1,0,100000,71285,470,886,0,0.71285,0.006593252437399166,0,15.333912522997707
4,x,11,x,0.5,m1,0,100000,71285,470,886,0,0.71285,0.006593252437399166,0,15.333912522997707
4,x,11,z,0.5,m1,0,100000,71285,470,886,0,0.71285,0.006593252437399166,0,15.333912522997707
4,x,9,z,0.3,m1,0,100000,100000,0,0,0,1.0,0.0,0,0.5518452519900165
4,x,9,z,0.3,m1,0,100000,100000,0,0,0,1.0,0.0,0,0.5518452519900165
4,x,9,z,0.3,m1,0,100000,100000,0,0,0,1.0,0.0,0,0.5518452519900165
4,x,9,x,0.3,m1,0,100000,100000,0,0,0,1.0,0.0,0,0.5518452519900165
4,x,5,z,0.3,m1,0,100000,92487,0,0,0,0.92487,0.0,0,1.3243099150131457
4,x,5,z,0.3,m1,0,100000,92487,0,0,0,0.92487,0.0,0,1.3243099150131457
4,x,5,x,0.3,m1,0,100000,92487,0,0,0,0.92487,0.0,0,1.3243099150131457
4,x,5,x,0.3,m1,0,100000,92487,0,0,0,0.92487,0.0,0,1.3243099150131457
4,x,13,z,0.5,m1,0,100000,72830,2652,4577,0,0.7283,0.0364135658382535,0,15.21349213301437
4,x,13,z,0.5,m1,0,100000,72830,2652,4577,0,0.7283,0.0364135658382535,0,15.21349213301437
4,x,13,x,0.5,m1,0,100000,72830,2652,4577,0,0.7283,0.0364135658382535,0,15.21349213301437
4,x,13,z,0.5,m1,0,100000,72830,2652,4577,0,0.7283,0.0364135658382535,0,15.21349213301437
4,x,4,x,0.3,m1,0,100000,65643,32,61,0,0.65643,0.000487485337355098,0,10.531531970016658
4,x,4,z,0.3,m1,0,100000,65643,32,61,0,0.65643,0.000487485337355098,0,10.531531970016658
4,x,4,x,0.3,m1,0,100000,65643,32,61,0,0.65643,0.000487485337355098,0,10.531531970016658
4,x,4,x,0.3,m1,0,100000,65643,32,61,0,0.65643,0.000487485337355098,0,10.531531970016658
4,x,15,z,0.5,m1,0,100000,81724,11854,20463,0,0.81724,0.14504918995643878,0,14.611799083009828
4,x,15,x,0.5,m1,0,100000,81724,11854,20463,0,0.81724,0.14504918995643878,0,14.611799083009828
4,x,15,z,0.5,m1,0,100000,81724,11854,20463,0,0.81724,0.14504918995643878,0,14.611799083009828
4,x,15,z,0.5,m1,0,100000,81724,11854,20463,0,0.81724,0.14504918995643878,0,14.611799083009828
4,x,6,x,0.3,m1,0,100000,73422,209,408,0,0.73422,0.0028465582522949617,0,12.272690020996379
4,x,6,x,0.3,m1,0,100000,73422,209,408,0,0.73422,0.0028465582522949617,0,12.272690020996379
4,x,6,z,0.3,m1,0,100000,73422,209,408,0,0.73422,0.0028465582522949617,0,12.272690020996379
4,x,6,x,0.3,m1,0,100000,73422,209,408,0,0.73422,0.0028465582522949617,0,12.272690020996379
4,x,7,z,0.3,m1,0,100000,83533,413,788,0,0.83533,0.004944153807477258,0,12.23449035800877
4,x,7,x,0.3,m1,0,100000,83533,413,788,0,0.83533,0.004944153807477258,0,12.23449035800877
4,x,7,z,0.3,m1,0,100000,83533,413,788,0,0.83533,0.004944153807477258,0,12.23449035800877
4,x,7,x,0.3,m1,0,100000,83533,413,788,0,0.83533,0.004944153807477258,0,12.23449035800877
4,x,8,x,0.3,m1,0,100000,74191,5872,10955,0,0.74191,0.07914706635575741,0,12.433467944996664
4,x,8,z,0.3,m1,0,100000,74191,5872,10955,0,0.74191,0.07914706635575741,0,12.433467944996664
4,x,8,z,0.3,m1,0,100000,74191,5872,10955,0,0.74191,0.07914706635575741,0,12.433467944996664
4,x,8,x,0.3,m1,0,100000,74191,5872,10955,0,0.74191,0.07914706635575741,0,12.433467944996664
4,x,2,x,0.1,m1,0,100000,90179,0,0,0,0.90179,0.0,0,0.8835518090054393
4,x,2,x,0.1,m1,0,100000,90179,0,0,0,0.90179,0.0,0,0.8835518090054393
4,x,2,x,0.1,m1,0,100000,90179,0,0,0,0.90179,0.0,0,0.8835518090054393
4,x,2,x,0.1,m1,0,100000,90179,0,0,0,0.90179,0.0,0,0.8835518090054393
4,x,3,z,0.1,m1,0,100000,93756,0,0,0,0.93756,0.0,0,1.260278064000886
4,x,3,x,0.1,m1,0,100000,93756,0,0,0,0.93756,0.0,0,1.260278064000886
4,x,3,x,0.1,m1,0,100000,93756,0,0,0,0.93756,0.0,0,1.260278064000886
4,x,3,x,0.1,m1,0,100000,93756,0,0,0,0.93756,0.0,0,1.260278064000886
4,x,10,x,0.3,m1,0,100000,80387,297,560,0,0.80387,0.003694627240723003,0,12.831326463987352
4,x,10,x,0.3,m1,0,100000,80387,297,560,0,0.80387,0.003694627240723003,0,12.831326463987352
4,x,10,x,0.3,m1,0,100000,80387,297,560,0,0.80387,0.003694627240723003,0,12.831326463987352
4,x,10,z,0.3,m1,0,100000,80387,297,560,0,0.80387,0.003694627240723003,0,12.831326463987352
4,x,5,z,0.1,m1,0,100000,97345,0,0,0,0.97345,0.0,0,0.6472435939940624
4,x,5,z,0.1,m1,0,100000,97345,0,0,0,0.97345,0.0,0,0.6472435939940624
4,x,5,x,0.1,m1,0,100000,97345,0,0,0,0.97345,0.0,0,0.6472435939940624
4,x,5,x,0.1,m1,0,100000,97345,0,0,0,0.97345,0.0,0,0.6472435939940624
4,x,13,z,0.3,m1,0,100000,82363,1196,2189,0,0.82363,0.014521083496230158,0,11.854110326996306
4,x,13,z,0.3,m1,0,100000,82363,1196,2189,0,0.82363,0.014521083496230158,0,11.854110326996306
4,x,13,x,0.3,m1,0,100000,82363,1196,2189,0,0.82363,0.014521083496230158,0,11.854110326996306
4,x,13,z,0.3,m1,0,100000,82363,1196,2189,0,0.82363,0.014521083496230158,0,11.854110326996306
4,x,12,x,0.3,m1,0,100000,73364,5970,11379,0,0.73364,0.08137506133798589,0,15.255658287002007
4,x,12,z,0.3,m1,0,100000,73364,5970,11379,0,0.73364,0.08137506133798589,0,15.255658287002007
4,x,12,x,0.3,m1,0,100000,73364,5970,11379,0,0.73364,0.08137506133798589,0,15.255658287002007
4,x,12,z,0.3,m1,0,100000,73364,5970,11379,0,0.73364,0.08137506133798589,0,15.255658287002007
4,x,11,z,0.3,m1,0,100000,81466,222,427,0,0.81466,0.0027250632165566335,0,15.870207346015377
4,x,11,x,0.3,m1,0,100000,81466,222,427,0,0.81466,0.0027250632165566335,0,15.870207346015377
4,x,11,x,0.3,m1,0,100000,81466,222,427,0,0.81466,0.0027250632165566335,0,15.870207346015377
4,x,11,z,0.3,m1,0,100000,81466,222,427,0,0.81466,0.0027250632165566335,0,15.870207346015377
4,x,9,z,0.1,m1,0,100000,100000,0,0,0,1.0,0.0,0,0.2947229090204928
4,x,9,z,0.1,m1,0,100000,100000,0,0,0,1.0,0.0,0,0.2947229090204928
4,x,9,z,0.1,m1,0,100000,100000,0,0,0,1.0,0.0,0,0.2947229090204928
4,x,9,x,0.1,m1,0,100000,100000,0,0,0,1.0,0.0,0,0.2947229090204928
4,x,14,x,0.3,m1,0,100000,75635,7806,14517,0,0.75635,0.10320618761155553,0,13.92106037499616
4,x,14,x,0.3,m1,0,100000,75635,7806,14517,0,0.75635,0.10320618761155553,0,13.92106037499616
4,x,14,z,0.3,m1,0,100000,75635,7806,14517,0,0.75635,0.10320618761155553,0,13.92106037499616
4,x,14,z,0.3,m1,0,100000,75635,7806,14517,0,0.75635,0.10320618761155553,0,13.92106037499616
4,x,4,x,0.1,m1,0,100000,87107,6,12,0,0.87107,6.888080177258615e-05,0,8.179816087998915
4,x,4,z,0.1,m1,0,100000,87107,6,12,0,0.87107,6.888080177258615e-05,0,8.179816087998915
4,x,4,x,0.1,m1,0,100000,87107,6,12,0,0.87107,6.888080177258615e-05,0,8.179816087998915
4,x,4,x,0.1,m1,0,100000,87107,6,12,0,0.87107,6.888080177258615e-05,0,8.179816087998915
4,x,7,z,0.1,m1,0,100000,94289,77,150,0,0.94289,0.0008166382080624368,0,9.348343756020768
4,x,7,x,0.1,m1,0,100000,94289,77,150,0,0.94289,0.0008166382080624368,0,9.348343756020768
4,x,7,z,0.1,m1,0,100000,94289,77,150,0,0.94289,0.0008166382080624368,0,9.348343756020768
4,x,7,x,0.1,m1,0,100000,94289,77,150,0,0.94289,0.0008166382080624368,0,9.348343756020768
4,x,6,x,0.1,m1,0,100000,90172,40,80,0,0.90172,0.00044359668189686285,0,14.419685736007523
4,x,6,x,0.1,m1,0,100000,90172,40,80,0,0.90172,0.00044359668189686285,0,14.419685736007523
4,x,6,z,0.1,m1,0,100000,90172,40,80,0,0.90172,0.00044359668189686285,0,14.419685736007523
4,x,6,x,0.1,m1,0,100000,90172,40,80,0,0.90172,0.00044359668189686285,0,14.419685736007523
4,x,15,z,0.3,m1,0,100000,88602,8086,14781,0,0.88602,0.09126204826076156,0,16.381394248019205
4,x,15,x,0.3,m1,0,100000,88602,8086,14781,0,0.88602,0.09126204826076156,0,16.381394248019205
4,x,15,z,0.3,m1,0,100000,88602,8086,14781,0,0.88602,0.09126204826076156,0,16.381394248019205
4,x,15,z,0.3,m1,0,100000,88602,8086,14781,0,0.88602,0.09126204826076156,0,16.381394248019205
4,x,8,x,0.1,m1,0,100000,90565,2412,4575,0,0.90565,0.02663280516755917,0,14.646923935011728
4,x,8,z,0.1,m1,0,100000,90565,2412,4575,0,0.90565,0.02663280516755917,0,14.646923935011728
4,x,8,z,0.1,m1,0,100000,90565,2412,4575,0,0.90565,0.02663280516755917,0,14.646923935011728
4,x,8,x,0.1,m1,0,100000,90565,2412,4575,0,0.90565,0.02663280516755917,0,14.646923935011728
4,x,10,x,0.1,m1,0,100000,92804,63,124,0,0.92804,0.0006788500495668037,0,13.672675006993813
4,x,10,x,0.1,m1,0,100000,92804,63,124,0,0.92804,0.0006788500495668037,0,13.672675006993813
4,x,10,x,0.1,m1,0,100000,92804,63,124,0,0.92804,0.0006788500495668037,0,13.672675006993813
4,x,10,z,0.1,m1,0,100000,92804,63,124,0,0.92804,0.0006788500495668037,0,13.672675006993813
4,x,13,z,0.1,m1,0,100000,93598,162,313,0,0.93598,0.001730806213807945,0,10.420414460997563
4,x,13,z,0.1,m1,0,100000,93598,162,313,0,0.93598,0.001730806213807945,0,10.420414460997563
4,x,13,x,0.1,m1,0,100000,93598,162,313,0,0.93598,0.001730806213807945,0,10.420414460997563
4,x,13,z,0.1,m1,0,100000,93598,162,313,0,0.93598,0.001730806213807945,0,10.420414460997563
4,x,12,x,0.1,m1,0,100000,90172,2525,4884,0,0.90172,0.02800204054473676,0,13.628283441998065
4,x,12,z,0.1,m1,0,100000,90172,2525,4884,0,0.90172,0.02800204054473676,0,13.628283441998065
4,x,12,x,0.1,m1,0,100000,90172,2525,4884,0,0.90172,0.02800204054473676,0,13.628283441998065
4,x,12,z,0.1,m1,0,100000,90172,2525,4884,0,0.90172,0.02800204054473676,0,13.628283441998065
4,x,11,z,0.1,m1,0,100000,93359,44,89,0,0.93359,0.0004712989642133847,0,15.014928159012925
4,x,11,x,0.1,m1,0,100000,93359,44,89,0,0.93359,0.0004712989642133847,0,15.014928159012925
4,x,11,x,0.1,m1,0,100000,93359,44,89,0,0.93359,0.0004712989642133847,0,15.014928159012925
4,x,11,z,0.1,m1,0,100000,93359,44,89,0,0.93359,0.0004712989642133847,0,15.014928159012925
4,x,14,x,0.1,m1,0,100000,91128,3377,6446,0,0.91128,0.03705776490211565,0,18.096420994988875
4,x,14,x,0.1,m1,0,100000,91128,3377,6446,0,0.91128,0.03705776490211565,0,18.096420994988875
4,x,14,z,0.1,m1,0,100000,91128,3377,6446,0,0.91128,0.03705776490211565,0,18.096420994988875
4,x,14,z,0.1,m1,0,100000,91128,3377,6446,0,0.91128,0.03705776490211565,0,18.096420994988875
4,z,3,x,1,normal,0,100000,28705,5481,9480,0,0.28705,0.19094234453927883,0,10.119246170012048
4,z,3,z,1,normal,0,100000,28705,5481,9480,0,0.28705,0.19094234453927883,0,10.119246170012048
4,z,3,x,1,normal,0,100000,28705,5481,9480,0,0.28705,0.19094234453927883,0,10.119246170012048
4,z,3,x,1,normal,0,100000,28705,5481,9480,0,0.28705,0.19094234453927883,0,10.119246170012048
4,z,2,z,1,normal,0,100000,54055,10883,17500,0,0.54055,0.20133197669040792,0,14.28964907801128
4,z,2,x,1,normal,0,100000,54055,10883,17500,0,0.54055,0.20133197669040792,0,14.28964907801128
4,z,2,x,1,normal,0,100000,54055,10883,17500,0,0.54055,0.20133197669040792,0,14.28964907801128
4,z,2,x,1,normal,0,100000,54055,10883,17500,0,0.54055,0.20133197669040792,0,14.28964907801128
4,z,5,x,1,normal,0,100000,35477,8652,16477,0,0.35477,0.24387631423175582,0,10.310656196001219
4,z,5,x,1,normal,0,100000,35477,8652,16477,0,0.35477,0.24387631423175582,0,10.310656196001219
4,z,5,z,1,normal,0,100000,35477,8652,16477,0,0.35477,0.24387631423175582,0,10.310656196001219
4,z,5,x,1,normal,0,100000,35477,8652,16477,0,0.35477,0.24387631423175582,0,10.310656196001219
4,x,15,z,0.1,m1,0,100000,96030,3018,5866,0,0.9603,0.03142767885035924,0,17.938247079000575
4,x,15,x,0.1,m1,0,100000,96030,3018,5866,0,0.9603,0.03142767885035924,0,17.938247079000575
4,x,15,z,0.1,m1,0,100000,96030,3018,5866,0,0.9603,0.03142767885035924,0,17.938247079000575
4,x,15,z,0.1,m1,0,100000,96030,3018,5866,0,0.9603,0.03142767885035924,0,17.938247079000575
4,z,9,x,1,normal,0,100000,29258,6897,12568,0,0.29258,0.23573039852348077,0,10.022777776001021
4,z,9,x,1,normal,0,100000,29258,6897,12568,0,0.29258,0.23573039852348077,0,10.022777776001021
4,z,9,x,1,normal,0,100000,29258,6897,12568,0,0.29258,0.23573039852348077,0,10.022777776001021
4,z,9,z,1,normal,0,100000,29258,6897,12568,0,0.29258,0.23573039852348077,0,10.022777776001021
4,z,7,x,1,normal,0,100000,29361,678,1193,0,0.29361,0.023091856544395606,0,11.879731065011583
4,z,7,z,1,normal,0,100000,29361,678,1193,0,0.29361,0.023091856544395606,0,11.879731065011583
4,z,7,z,1,normal,0,100000,29361,678,1193,0,0.29361,0.023091856544395606,0,11.879731065011583
4,z,7,x,1,normal,0,100000,29361,678,1193,0,0.29361,0.023091856544395606,0,11.879731065011583
4,z,4,z,1,normal,0,100000,43275,3276,5311,0,0.43275,0.07570190641247831,0,14.203416239994112
4,z,4,z,1,normal,0,100000,43275,3276,5311,0,0.43275,0.07570190641247831,0,14.203416239994112
4,z,4,x,1,normal,0,100000,43275,3276,5311,0,0.43275,0.07570190641247831,0,14.203416239994112
4,z,4,x,1,normal,0,100000,43275,3276,5311,0,0.43275,0.07570190641247831,0,14.203416239994112
4,z,6,z,1,normal,0,100000,58247,1910,3366,0,0.58247,0.032791388397685695,0,14.214775950997137
4,z,6,x,1,normal,0,100000,58247,1910,3366,0,0.58247,0.032791388397685695,0,14.214775950997137
4,z,6,z,1,normal,0,100000,58247,1910,3366,0,0.58247,0.032791388397685695,0,14.214775950997137
4,z,6,x,1,normal,0,100000,58247,1910,3366,0,0.58247,0.032791388397685695,0,14.214775950997137
4,z,8,z,1,normal,0,100000,100000,496,859,0,1.0,0.0049599999999999644,0,15.239037603983888
4,z,8,z,1,normal,0,100000,100000,496,859,0,1.0,0.0049599999999999644,0,15.239037603983888
4,z,8,z,1,normal,0,100000,100000,496,859,0,1.0,0.0049599999999999644,0,15.239037603983888
4,z,8,x,1,normal,0,100000,100000,496,859,0,1.0,0.0049599999999999644,0,15.239037603983888
4,z,11,x,1,normal,0,100000,33891,780,1449,0,0.33891,0.023014959723820505,0,10.149031669978285
4,z,11,z,1,normal,0,100000,33891,780,1449,0,0.33891,0.023014959723820505,0,10.149031669978285
4,z,11,x,1,normal,0,100000,33891,780,1449,0,0.33891,0.023014959723820505,0,10.149031669978285
4,z,11,z,1,normal,0,100000,33891,780,1449,0,0.33891,0.023014959723820505,0,10.149031669978285
4,z,13,x,1,normal,0,100000,40899,582,1117,0,0.40899,0.014230176776938275,0,10.797451694990741
4,z,13,x,1,normal,0,100000,40899,582,1117,0,0.40899,0.014230176776938275,0,10.797451694990741
4,z,13,z,1,normal,0,100000,40899,582,1117,0,0.40899,0.014230176776938275,0,10.797451694990741
4,z,13,z,1,normal,0,100000,40899,582,1117,0,0.40899,0.014230176776938275,0,10.797451694990741
4,z,10,z,1,normal,0,100000,47619,834,1544,0,0.47619,0.017514017514017488,0,13.174782927002525
4,z,10,x,1,normal,0,100000,47619,834,1544,0,0.47619,0.017514017514017488,0,13.174782927002525
4,z,10,x,1,normal,0,100000,47619,834,1544,0,0.47619,0.017514017514017488,0,13.174782927002525
4,z,10,z,1,normal,0,100000,47619,834,1544,0,0.47619,0.017514017514017488,0,13.174782927002525
4,z,15,x,1,normal,0,100000,33026,1,2,0,0.33026,3.0279173984126828e-05,0,10.084344264992978
4,z,15,z,1,normal,0,100000,33026,1,2,0,0.33026,3.0279173984126828e-05,0,10.084344264992978
4,z,15,z,1,normal,0,100000,33026,1,2,0,0.33026,3.0279173984126828e-05,0,10.084344264992978
4,z,15,z,1,normal,0,100000,33026,1,2,0,0.33026,3.0279173984126828e-05,0,10.084344264992978
4,z,12,z,1,normal,0,100000,71618,54,93,0,0.71618,0.0007540003909631832,0,13.446329469006741
4,z,12,z,1,normal,0,100000,71618,54,93,0,0.71618,0.0007540003909631832,0,13.446329469006741
4,z,12,x,1,normal,0,100000,71618,54,93,0,0.71618,0.0007540003909631832,0,13.446329469006741
4,z,12,z,1,normal,0,100000,71618,54,93,0,0.71618,0.0007540003909631832,0,13.446329469006741
4,z,3,x,0.8,normal,0,100000,36455,5649,10076,0,0.36455,0.15495816760389525,0,10.495812979002949
4,z,3,z,0.8,normal,0,100000,36455,5649,10076,0,0.36455,0.15495816760389525,0,10.495812979002949
4,z,3,x,0.8,normal,0,100000,36455,5649,10076,0,0.36455,0.15495816760389525,0,10.495812979002949
4,z,3,x,0.8,normal,0,100000,36455,5649,10076,0,0.36455,0.15495816760389525,0,10.495812979002949
4,z,2,z,0.8,normal,0,100000,60970,10311,17174,0,0.6097,0.1691159586681975,0,14.422155053995084
4,z,2,x,0.8,normal,0,100000,60970,10311,17174,0,0.6097,0.1691159586681975,0,14.422155053995084
4,z,2,x,0.8,normal,0,100000,60970,10311,17174,0,0.6097,0.1691159586681975,0,14.422155053995084
4,z,2,x,0.8,normal,0,100000,60970,10311,17174,0,0.6097,0.1691159586681975,0,14.422155053995084
4,z,14,z,1,normal,0,100000,63951,10,17,0,0.63951,0.00015636972056731757,0,15.719107297016308
4,z,14,x,1,normal,0,100000,63951,10,17,0,0.63951,0.00015636972056731757,0,15.719107297016308
4,z,14,z,1,normal,0,100000,63951,10,17,0,0.63951,0.00015636972056731757,0,15.719107297016308
4,z,14,z,1,normal,0,100000,63951,10,17,0,0.63951,0.00015636972056731757,0,15.719107297016308
4,z,5,x,0.8,normal,0,100000,43411,8894,17045,0,0.43411,0.20487894773214166,0,13.74747905600816
4,z,5,x,0.8,normal,0,100000,43411,8894,17045,0,0.43411,0.20487894773214166,0,13.74747905600816
4,z,5,z,0.8,normal,0,100000,43411,8894,17045,0,0.43411,0.20487894773214166,0,13.74747905600816
4,z,5,x,0.8,normal,0,100000,43411,8894,17045,0,0.43411,0.20487894773214166,0,13.74747905600816
4,z,4,z,0.8,normal,0,100000,50673,2608,4427,0,0.50673,0.0514672508041758,0,14.073233639996033
4,z,4,z,0.8,normal,0,100000,50673,2608,4427,0,0.50673,0.0514672508041758,0,14.073233639996033
4,z,4,x,0.8,normal,0,100000,50673,2608,4427,0,0.50673,0.0514672508041758,0,14.073233639996033
4,z,4,x,0.8,normal,0,100000,50673,2608,4427,0,0.50673,0.0514672508041758,0,14.073233639996033
4,z,7,x,0.8,normal,0,100000,36195,579,1040,0,0.36195,0.015996684624948188,0,11.522691965015838
4,z,7,z,0.8,normal,0,100000,36195,579,1040,0,0.36195,0.015996684624948188,0,11.522691965015838
4,z,7,z,0.8,normal,0,100000,36195,579,1040,0,0.36195,0.015996684624948188,0,11.522691965015838
4,z,7,x,0.8,normal,0,100000,36195,579,1040,0,0.36195,0.015996684624948188,0,11.522691965015838
4,z,9,x,0.8,normal,0,100000,37001,7148,13191,0,0.37001,0.1931839680008648,0,10.50997572398046
4,z,9,x,0.8,normal,0,100000,37001,7148,13191,0,0.37001,0.1931839680008648,0,10.50997572398046
4,z,9,x,0.8,normal,0,100000,37001,7148,13191,0,0.37001,0.1931839680008648,0,10.50997572398046
4,z,9,z,0.8,normal,0,100000,37001,7148,13191,0,0.37001,0.1931839680008648,0,10.50997572398046
4,z,6,z,0.8,normal,0,100000,64671,1541,2758,0,0.64671,0.023828300165452787,0,14.550388531002682
4,z,6,x,0.8,normal,0,100000,64671,1541,2758,0,0.64671,0.023828300165452787,0,14.550388531002682
4,z,6,z,0.8,normal,0,100000,64671,1541,2758,0,0.64671,0.023828300165452787,0,14.550388531002682
4,z,6,x,0.8,normal,0,100000,64671,1541,2758,0,0.64671,0.023828300165452787,0,14.550388531002682
4,z,8,z,0.8,normal,0,100000,100000,214,393,0,1.0,0.0021400000000000308,0,13.204033417976461
4,z,8,z,0.8,normal,0,100000,100000,214,393,0,1.0,0.0021400000000000308,0,13.204033417976461
4,z,8,z,0.8,normal,0,100000,100000,214,393,0,1.0,0.0021400000000000308,0,13.204033417976461
4,z,8,x,0.8,normal,0,100000,100000,214,393,0,1.0,0.0021400000000000308,0,13.204033417976461
4,z,11,x,0.8,normal,0,100000,41724,617,1148,0,0.41724,0.014787652190585754,0,12.720007144991541
4,z,11,z,0.8,normal,0,100000,41724,617,1148,0,0.41724,0.014787652190585754,0,12.720007144991541
4,z,11,x,0.8,normal,0,100000,41724,617,1148,0,0.41724,0.014787652190585754,0,12.720007144991541
4,z,11,z,0.8,normal,0,100000,41724,617,1148,0,0.41724,0.014787652190585754,0,12.720007144991541
4,z,10,z,0.8,normal,0,100000,54996,582,1076,0,0.54996,0.010582587824569112,0,13.884992926992709
4,z,10,x,0.8,normal,0,100000,54996,582,1076,0,0.54996,0.010582587824569112,0,13.884992926992709
4,z,10,x,0.8,normal,0,100000,54996,582,1076,0,0.54996,0.010582587824569112,0,13.884992926992709
4,z,10,z,0.8,normal,0,100000,54996,582,1076,0,0.54996,0.010582587824569112,0,13.884992926992709
4,z,13,x,0.8,normal,0,100000,48450,450,845,0,0.4845,0.009287925696594423,0,13.960191891994327
4,z,13,x,0.8,normal,0,100000,48450,450,845,0,0.4845,0.009287925696594423,0,13.960191891994327
4,z,13,z,0.8,normal,0,100000,48450,450,845,0,0.4845,0.009287925696594423,0,13.960191891994327
4,z,13,z,0.8,normal,0,100000,48450,450,845,0,0.4845,0.009287925696594423,0,13.960191891994327
4,z,12,z,0.8,normal,0,100000,76589,32,59,0,0.76589,0.00041781456867173716,0,13.076942504994804
4,z,12,z,0.8,normal,0,100000,76589,32,59,0,0.76589,0.00041781456867173716,0,13.076942504994804
4,z,12,x,0.8,normal,0,100000,76589,32,59,0,0.76589,0.00041781456867173716,0,13.076942504994804
4,z,12,z,0.8,normal,0,100000,76589,32,59,0,0.76589,0.00041781456867173716,0,13.076942504994804
4,z,14,z,0.8,normal,0,100000,70106,1,2,0,0.70106,1.4264114341133727e-05,0,12.02237781599979
4,z,14,x,0.8,normal,0,100000,70106,1,2,0,0.70106,1.4264114341133727e-05,0,12.02237781599979
4,z,14,z,0.8,normal,0,100000,70106,1,2,0,0.70106,1.4264114341133727e-05,0,12.02237781599979
4,z,14,z,0.8,normal,0,100000,70106,1,2,0,0.70106,1.4264114341133727e-05,0,12.02237781599979
4,z,15,x,0.8,normal,0,100000,41441,1,2,0,0.41441,2.4130691826940165e-05,0,10.971813559997827
4,z,15,z,0.8,normal,0,100000,41441,1,2,0,0.41441,2.4130691826940165e-05,0,10.971813559997827
4,z,15,z,0.8,normal,0,100000,41441,1,2,0,0.41441,2.4130691826940165e-05,0,10.971813559997827
4,z,15,z,0.8,normal,0,100000,41441,1,2,0,0.41441,2.4130691826940165e-05,0,10.971813559997827
4,z,3,x,0.5,normal,0,100000,53331,5474,9815,0,0.53331,0.10264199058708823,0,11.78977475099964
4,z,3,z,0.5,normal,0,100000,53331,5474,9815,0,0.53331,0.10264199058708823,0,11.78977475099964
4,z,3,x,0.5,normal,0,100000,53331,5474,9815,0,0.53331,0.10264199058708823,0,11.78977475099964
4,z,3,x,0.5,normal,0,100000,53331,5474,9815,0,0.53331,0.10264199058708823,0,11.78977475099964
4,z,5,x,0.5,normal,0,100000,59105,8334,16035,0,0.59105,0.1410032992132645,0,12.936999607016332
4,z,5,x,0.5,normal,0,100000,59105,8334,16035,0,0.59105,0.1410032992132645,0,12.936999607016332
4,z,5,z,0.5,normal,0,100000,59105,8334,16035,0,0.59105,0.1410032992132645,0,12.936999607016332
4,z,5,x,0.5,normal,0,100000,59105,8334,16035,0,0.59105,0.1410032992132645,0,12.936999607016332
4,z,4,z,0.5,normal,0,100000,64610,1416,2555,0,0.6461,0.021916112056957093,0,14.275321200984763
4,z,4,z,0.5,normal,0,100000,64610,1416,2555,0,0.6461,0.021916112056957093,0,14.275321200984763
4,z,4,x,0.5,normal,0,100000,64610,1416,2555,0,0.6461,0.021916112056957093,0,14.275321200984763
4,z,4,x,0.5,normal,0,100000,64610,1416,2555,0,0.6461,0.021916112056957093,0,14.275321200984763
4,z,2,z,0.5,normal,0,100000,73427,8218,14696,0,0.73427,0.11192068312745995,0,17.624230168992653
4,z,2,x,0.5,normal,0,100000,73427,8218,14696,0,0.73427,0.11192068312745995,0,17.624230168992653
4,z,2,x,0.5,normal,0,100000,73427,8218,14696,0,0.73427,0.11192068312745995,0,17.624230168992653
4,z,2,x,0.5,normal,0,100000,73427,8218,14696,0,0.73427,0.11192068312745995,0,17.624230168992653
4,z,7,x,0.5,normal,0,100000,51448,396,741,0,0.51448,0.0076970922096096794,0,12.08661813699291
4,z,7,z,0.5,normal,0,100000,51448,396,741,0,0.51448,0.0076970922096096794,0,12.08661813699291
4,z,7,z,0.5,normal,0,100000,51448,396,741,0,0.51448,0.0076970922096096794,0,12.08661813699291
4,z,7,x,0.5,normal,0,100000,51448,396,741,0,0.51448,0.0076970922096096794,0,12.08661813699291
4,z,8,z,0.5,normal,0,100000,100000,40,74,0,1.0,0.00039999999999995595,0,12.283376186998794
4,z,8,z,0.5,normal,0,100000,100000,40,74,0,1.0,0.00039999999999995595,0,12.283376186998794
4,z,8,z,0.5,normal,0,100000,100000,40,74,0,1.0,0.00039999999999995595,0,12.283376186998794
4,z,8,x,0.5,normal,0,100000,100000,40,74,0,1.0,0.00039999999999995595,0,12.283376186998794
4,z,6,z,0.5,normal,0,100000,75579,785,1440,0,0.75579,0.010386483017769454,0,17.37183999401168
4,z,6,x,0.5,normal,0,100000,75579,785,1440,0,0.75579,0.010386483017769454,0,17.37183999401168
4,z,6,z,0.5,normal,0,100000,75579,785,1440,0,0.75579,0.010386483017769454,0,17.37183999401168
4,z,6,x,0.5,normal,0,100000,75579,785,1440,0,0.75579,0.010386483017769454,0,17.37183999401168
4,z,11,x,0.5,normal,0,100000,57855,376,710,0,0.57855,0.006499006136029717,0,13.19438896200154
4,z,11,z,0.5,normal,0,100000,57855,376,710,0,0.57855,0.006499006136029717,0,13.19438896200154
4,z,11,x,0.5,normal,0,100000,57855,376,710,0,0.57855,0.006499006136029717,0,13.19438896200154
4,z,11,z,0.5,normal,0,100000,57855,376,710,0,0.57855,0.006499006136029717,0,13.19438896200154
4,z,9,x,0.5,normal,0,100000,53422,6668,12352,0,0.53422,0.12481749092134331,0,13.986655404005433
4,z,9,x,0.5,normal,0,100000,53422,6668,12352,0,0.53422,0.12481749092134331,0,13.986655404005433
4,z,9,x,0.5,normal,0,100000,53422,6668,12352,0,0.53422,0.12481749092134331,0,13.986655404005433
4,z,9,z,0.5,normal,0,100000,53422,6668,12352,0,0.53422,0.12481749092134331,0,13.986655404005433
4,z,12,z,0.5,normal,0,100000,84565,6,11,0,0.84565,7.095133920653751e-05,0,11.57712359802099
4,z,12,z,0.5,normal,0,100000,84565,6,11,0,0.84565,7.095133920653751e-05,0,11.57712359802099
4,z,12,x,0.5,normal,0,100000,84565,6,11,0,0.84565,7.095133920653751e-05,0,11.57712359802099
4,z,12,z,0.5,normal,0,100000,84565,6,11,0,0.84565,7.095133920653751e-05,0,11.57712359802099
4,z,10,z,0.5,normal,0,100000,68297,316,596,0,0.68297,0.004626850374101377,0,15.189496222010348
4,z,10,x,0.5,normal,0,100000,68297,316,596,0,0.68297,0.004626850374101377,0,15.189496222010348
4,z,10,x,0.5,normal,0,100000,68297,316,596,0,0.68297,0.004626850374101377,0,15.189496222010348
4,z,10,z,0.5,normal,0,100000,68297,316,596,0,0.68297,0.004626850374101377,0,15.189496222010348
4,z,13,x,0.5,normal,0,100000,63928,210,400,0,0.63928,0.003284945563759245,0,12.413362120976672
4,z,13,x,0.5,normal,0,100000,63928,210,400,0,0.63928,0.003284945563759245,0,12.413362120976672
4,z,13,z,0.5,normal,0,100000,63928,210,400,0,0.63928,0.003284945563759245,0,12.413362120976672
4,z,13,z,0.5,normal,0,100000,63928,210,400,0,0.63928,0.003284945563759245,0,12.413362120976672
4,z,15,x,0.5,normal,0,100000,57730,0,1,0,0.5773,0.0,0,10.604040061996784
4,z,15,z,0.5,normal,0,100000,57730,0,1,0,0.5773,0.0,0,10.604040061996784
4,z,15,z,0.5,normal,0,100000,57730,0,1,0,0.5773,0.0,0,10.604040061996784
4,z,15,z,0.5,normal,0,100000,57730,0,1,0,0.5773,0.0,0,10.604040061996784
4,z,14,z,0.5,normal,0,100000,80077,1,2,0,0.80077,1.2487980318942604e-05,0,11.12315746099921
4,z,14,x,0.5,normal,0,100000,80077,1,2,0,0.80077,1.2487980318942604e-05,0,11.12315746099921
4,z,14,z,0.5,normal,0,100000,80077,1,2,0,0.80077,1.2487980318942604e-05,0,11.12315746099921
4,z,14,z,0.5,normal,0,100000,80077,1,2,0,0.80077,1.2487980318942604e-05,0,11.12315746099921
4,z,2,z,0.3,normal,0,100000,83231,5808,10821,0,0.83231,0.06978169191767492,0,15.635076603997732
4,z,2,x,0.3,normal,0,100000,83231,5808,10821,0,0.83231,0.06978169191767492,0,15.635076603997732
4,z,2,x,0.3,normal,0,100000,83231,5808,10821,0,0.83231,0.06978169191767492,0,15.635076603997732
4,z,2,x,0.3,normal,0,100000,83231,5808,10821,0,0.83231,0.06978169191767492,0,15.635076603997732
4,z,3,x,0.3,normal,0,100000,68625,4514,8180,0,0.68625,0.06577777777777782,0,12.791563153994502
4,z,3,z,0.3,normal,0,100000,68625,4514,8180,0,0.68625,0.06577777777777782,0,12.791563153994502
4,z,3,x,0.3,normal,0,100000,68625,4514,8180,0,0.68625,0.06577777777777782,0,12.791563153994502
4,z,3,x,0.3,normal,0,100000,68625,4514,8180,0,0.68625,0.06577777777777782,0,12.791563153994502
4,z,5,x,0.3,normal,0,100000,73024,6465,12568,0,0.73024,0.08853253724802801,0,12.780254826007877
4,z,5,x,0.3,normal,0,100000,73024,6465,12568,0,0.73024,0.08853253724802801,0,12.780254826007877
4,z,5,z,0.3,normal,0,100000,73024,6465,12568,0,0.73024,0.08853253724802801,0,12.780254826007877
4,z,5,x,0.3,normal,0,100000,73024,6465,12568,0,0.73024,0.08853253724802801,0,12.780254826007877
4,z,4,z,0.3,normal,0,100000,76555,662,1219,0,0.76555,0.008647377702305503,0,15.09707010499551
4,z,4,z,0.3,normal,0,100000,76555,662,1219,0,0.76555,0.008647377702305503,0,15.09707010499551
4,z,4,x,0.3,normal,0,100000,76555,662,1219,0,0.76555,0.008647377702305503,0,15.09707010499551
4,z,4,x,0.3,normal,0,100000,76555,662,1219,0,0.76555,0.008647377702305503,0,15.09707010499551
4,z,7,x,0.3,normal,0,100000,66369,232,451,0,0.66369,0.003495607889225427,0,13.983883362001507
4,z,7,z,0.3,normal,0,100000,66369,232,451,0,0.66369,0.003495607889225427,0,13.983883362001507
4,z,7,z,0.3,normal,0,100000,66369,232,451,0,0.66369,0.003495607889225427,0,13.983883362001507
4,z,7,x,0.3,normal,0,100000,66369,232,451,0,0.66369,0.003495607889225427,0,13.983883362001507
4,z,6,z,0.3,normal,0,100000,84455,376,723,0,0.84455,0.004452075069563688,0,15.208832275995519
4,z,6,x,0.3,normal,0,100000,84455,376,723,0,0.84455,0.004452075069563688,0,15.208832275995519
4,z,6,z,0.3,normal,0,100000,84455,376,723,0,0.84455,0.004452075069563688,0,15.208832275995519
4,z,6,x,0.3,normal,0,100000,84455,376,723,0,0.84455,0.004452075069563688,0,15.208832275995519
4,z,9,x,0.3,normal,0,100000,68079,5279,9750,0,0.68079,0.07754226707207801,0,14.17436446400825
4,z,9,x,0.3,normal,0,100000,68079,5279,9750,0,0.68079,0.07754226707207801,0,14.17436446400825
4,z,9,x,0.3,normal,0,100000,68079,5279,9750,0,0.68079,0.07754226707207801,0,14.17436446400825
4,z,9,z,0.3,normal,0,100000,68079,5279,9750,0,0.68079,0.07754226707207801,0,14.17436446400825
4,z,11,x,0.3,normal,0,100000,71674,156,293,0,0.71674,0.002176521472221471,0,13.467071204009699
4,z,11,z,0.3,normal,0,100000,71674,156,293,0,0.71674,0.002176521472221471,0,13.467071204009699
4,z,11,x,0.3,normal,0,100000,71674,156,293,0,0.71674,0.002176521472221471,0,13.467071204009699
4,z,11,z,0.3,normal,0,100000,71674,156,293,0,0.71674,0.002176521472221471,0,13.467071204009699
4,z,8,z,0.3,normal,0,100000,100000,3,6,0,1.0,2.999999999997449e-05,0,15.808460525004193
4,z,8,z,0.3,normal,0,100000,100000,3,6,0,1.0,2.999999999997449e-05,0,15.808460525004193
4,z,8,z,0.3,normal,0,100000,100000,3,6,0,1.0,2.999999999997449e-05,0,15.808460525004193
4,z,8,x,0.3,normal,0,100000,100000,3,6,0,1.0,2.999999999997449e-05,0,15.808460525004193
4,z,10,z,0.3,normal,0,100000,79536,144,279,0,0.79536,0.0018105009052504784,0,15.408312450977974
4,z,10,x,0.3,normal,0,100000,79536,144,279,0,0.79536,0.0018105009052504784,0,15.408312450977974
4,z,10,x,0.3,normal,0,100000,79536,144,279,0,0.79536,0.0018105009052504784,0,15.408312450977974
4,z,10,z,0.3,normal,0,100000,79536,144,279,0,0.79536,0.0018105009052504784,0,15.408312450977974
4,z,12,z,0.3,normal,0,100000,90569,0,1,0,0.90569,0.0,0,10.337407188984798
4,z,12,z,0.3,normal,0,100000,90569,0,1,0,0.90569,0.0,0,10.337407188984798
4,z,12,x,0.3,normal,0,100000,90569,0,1,0,0.90569,0.0,0,10.337407188984798
4,z,12,z,0.3,normal,0,100000,90569,0,1,0,0.90569,0.0,0,10.337407188984798
4,z,14,z,0.3,normal,0,100000,87488,0,1,0,0.87488,0.0,0,10.495878464978887
4,z,14,x,0.3,normal,0,100000,87488,0,1,0,0.87488,0.0,0,10.495878464978887
4,z,14,z,0.3,normal,0,100000,87488,0,1,0,0.87488,0.0,0,10.495878464978887
4,z,14,z,0.3,normal,0,100000,87488,0,1,0,0.87488,0.0,0,10.495878464978887
4,z,13,x,0.3,normal,0,100000,76088,98,193,0,0.76088,0.001287982336242277,0,14.160692824982107
4,z,13,x,0.3,normal,0,100000,76088,98,193,0,0.76088,0.001287982336242277,0,14.160692824982107
4,z,13,z,0.3,normal,0,100000,76088,98,193,0,0.76088,0.001287982336242277,0,14.160692824982107
4,z,13,z,0.3,normal,0,100000,76088,98,193,0,0.76088,0.001287982336242277,0,14.160692824982107
4,z,15,x,0.3,normal,0,100000,72095,0,0,0,0.72095,0.0,0,9.848682670999551
4,z,15,z,0.3,normal,0,100000,72095,0,0,0,0.72095,0.0,0,9.848682670999551
4,z,15,z,0.3,normal,0,100000,72095,0,0,0,0.72095,0.0,0,9.848682670999551
4,z,15,z,0.3,normal,0,100000,72095,0,0,0,0.72095,0.0,0,9.848682670999551
4,z,8,z,0.1,normal,0,100000,100000,0,0,0,1.0,0.0,0,9.312536582001485
4,z,8,z,0.1,normal,0,100000,100000,0,0,0,1.0,0.0,0,9.312536582001485
4,z,8,z,0.1,normal,0,100000,100000,0,0,0,1.0,0.0,0,9.312536582001485
4,z,8,x,0.1,normal,0,100000,100000,0,0,0,1.0,0.0,0,9.312536582001485
4,z,3,x,0.1,normal,0,100000,88055,1962,3651,0,0.88055,0.022281528590085697,0,15.77322322697728
4,z,3,z,0.1,normal,0,100000,88055,1962,3651,0,0.88055,0.022281528590085697,0,15.77322322697728
4,z,3,x,0.1,normal,0,100000,88055,1962,3651,0,0.88055,0.022281528590085697,0,15.77322322697728
4,z,3,x,0.1,normal,0,100000,88055,1962,3651,0,0.88055,0.022281528590085697,0,15.77322322697728
4,z,5,x,0.1,normal,0,100000,90003,2808,5473,0,0.90003,0.03119896003466549,0,15.698503486986738
4,z,5,x,0.1,normal,0,100000,90003,2808,5473,0,0.90003,0.03119896003466549,0,15.698503486986738
4,z,5,z,0.1,normal,0,100000,90003,2808,5473,0,0.90003,0.03119896003466549,0,15.698503486986738
4,z,5,x,0.1,normal,0,100000,90003,2808,5473,0,0.90003,0.03119896003466549,0,15.698503486986738
4,z,4,z,0.1,normal,0,100000,91289,92,181,0,0.91289,0.0010077884520588443,0,15.113024864025647
4,z,4,z,0.1,normal,0,100000,91289,92,181,0,0.91289,0.0010077884520588443,0,15.113024864025647
4,z,4,x,0.1,normal,0,100000,91289,92,181,0,0.91289,0.0010077884520588443,0,15.113024864025647
4,z,4,x,0.1,normal,0,100000,91289,92,181,0,0.91289,0.0010077884520588443,0,15.113024864025647
4,z,7,x,0.1,normal,0,100000,86843,61,122,0,0.86843,0.0007024170054005241,0,13.91546278601163
4,z,7,z,0.1,normal,0,100000,86843,61,122,0,0.86843,0.0007024170054005241,0,13.91546278601163
4,z,7,z,0.1,normal,0,100000,86843,61,122,0,0.86843,0.0007024170054005241,0,13.91546278601163
4,z,7,x,0.1,normal,0,100000,86843,61,122,0,0.86843,0.0007024170054005241,0,13.91546278601163
4,z,2,z,0.1,normal,0,100000,94007,2342,4585,0,0.94007,0.02491303839075809,0,18.409332337003434
4,z,2,x,0.1,normal,0,100000,94007,2342,4585,0,0.94007,0.02491303839075809,0,18.409332337003434
4,z,2,x,0.1,normal,0,100000,94007,2342,4585,0,0.94007,0.02491303839075809,0,18.409332337003434
4,z,2,x,0.1,normal,0,100000,94007,2342,4585,0,0.94007,0.02491303839075809,0,18.409332337003434
4,z,6,z,0.1,normal,0,100000,94470,60,116,0,0.9447,0.0006351222610352369,0,15.531795916991541
4,z,6,x,0.1,normal,0,100000,94470,60,116,0,0.9447,0.0006351222610352369,0,15.531795916991541
4,z,6,z,0.1,normal,0,100000,94470,60,116,0,0.9447,0.0006351222610352369,0,15.531795916991541
4,z,6,x,0.1,normal,0,100000,94470,60,116,0,0.9447,0.0006351222610352369,0,15.531795916991541
4,z,9,x,0.1,normal,0,100000,87896,2313,4286,0,0.87896,0.026315190679894407,0,15.165333191980608
4,z,9,x,0.1,normal,0,100000,87896,2313,4286,0,0.87896,0.026315190679894407,0,15.165333191980608
4,z,9,x,0.1,normal,0,100000,87896,2313,4286,0,0.87896,0.026315190679894407,0,15.165333191980608
4,z,9,z,0.1,normal,0,100000,87896,2313,4286,0,0.87896,0.026315190679894407,0,15.165333191980608
4,z,11,x,0.1,normal,0,100000,89423,33,62,0,0.89423,0.00036903257551190727,0,15.28362750299857
4,z,11,z,0.1,normal,0,100000,89423,33,62,0,0.89423,0.00036903257551190727,0,15.28362750299857
4,z,11,x,0.1,normal,0,100000,89423,33,62,0,0.89423,0.00036903257551190727,0,15.28362750299857
4,z,11,z,0.1,normal,0,100000,89423,33,62,0,0.89423,0.00036903257551190727,0,15.28362750299857
4,z,12,z,0.1,normal,0,100000,96712,0,0,0,0.96712,0.0,0,8.79268551300629
4,z,12,z,0.1,normal,0,100000,96712,0,0,0,0.96712,0.0,0,8.79268551300629
4,z,12,x,0.1,normal,0,100000,96712,0,0,0,0.96712,0.0,0,8.79268551300629
4,z,12,z,0.1,normal,0,100000,96712,0,0,0,0.96712,0.0,0,8.79268551300629
4,z,14,z,0.1,normal,0,100000,95675,0,0,0,0.95675,0.0,0,8.80622318800306
4,z,14,x,0.1,normal,0,100000,95675,0,0,0,0.95675,0.0,0,8.80622318800306
4,z,14,z,0.1,normal,0,100000,95675,0,0,0,0.95675,0.0,0,8.80622318800306
4,z,14,z,0.1,normal,0,100000,95675,0,0,0,0.95675,0.0,0,8.80622318800306
4,z,15,x,0.1,normal,0,100000,89691,0,0,0,0.89691,0.0,0,9.405147084995406
4,z,15,z,0.1,normal,0,100000,89691,0,0,0,0.89691,0.0,0,9.405147084995406
4,z,15,z,0.1,normal,0,100000,89691,0,0,0,0.89691,0.0,0,9.405147084995406
4,z,15,z,0.1,normal,0,100000,89691,0,0,0,0.89691,0.0,0,9.405147084995406
4,z,3,x,1,m1,0,100000,24198,4412,7901,0,0.24198,0.1823291181089346,0,9.572216437984025
4,z,3,z,1,m1,0,100000,24198,4412,7901,0,0.24198,0.1823291181089346,0,9.572216437984025
4,z,3,x,1,m1,0,100000,24198,4412,7901,0,0.24198,0.1823291181089346,0,9.572216437984025
4,z,3,x,1,m1,0,100000,24198,4412,7901,0,0.24198,0.1823291181089346,0,9.572216437984025
4,z,8,z,1,m1,0,100000,100000,28,55,0,1.0,0.00027999999999994696,0,1.013024445011979
4,z,8,z,1,m1,0,100000,100000,28,55,0,1.0,0.00027999999999994696,0,1.013024445011979
4,z,8,z,1,m1,0,100000,100000,28,55,0,1.0,0.00027999999999994696,0,1.013024445011979
4,z,8,x,1,m1,0,100000,100000,28,55,0,1.0,0.00027999999999994696,0,1.013024445011979
4,z,10,z,0.1,normal,0,100000,92536,32,61,0,0.92536,0.000345811359903192,0,22.048038809007267
4,z,10,x,0.1,normal,0,100000,92536,32,61,0,0.92536,0.000345811359903192,0,22.048038809007267
4,z,10,x,0.1,normal,0,100000,92536,32,61,0,0.92536,0.000345811359903192,0,22.048038809007267
4,z,10,z,0.1,normal,0,100000,92536,32,61,0,0.92536,0.000345811359903192,0,22.048038809007267
4,z,2,z,1,m1,0,100000,52693,9982,16192,0,0.52693,0.1894369271060672,0,13.78555651701754
4,z,2,x,1,m1,0,100000,52693,9982,16192,0,0.52693,0.1894369271060672,0,13.78555651701754
4,z,2,x,1,m1,0,100000,52693,9982,16192,0,0.52693,0.1894369271060672,0,13.78555651701754
4,z,2,x,1,m1,0,100000,52693,9982,16192,0,0.52693,0.1894369271060672,0,13.78555651701754
4,z,13,x,0.1,normal,0,100000,91371,12,23,0,0.91371,0.00013133269855858387,0,15.852180571004283
4,z,13,x,0.1,normal,0,100000,91371,12,23,0,0.91371,0.00013133269855858387,0,15.852180571004283
4,z,13,z,0.1,normal,0,100000,91371,12,23,0,0.91371,0.00013133269855858387,0,15.852180571004283
4,z,13,z,0.1,normal,0,100000,91371,12,23,0,0.91371,0.00013133269855858387,0,15.852180571004283
4,z,5,x,1,m1,0,100000,36155,8529,16048,0,0.36155,0.2359009818835569,0,10.129722081008367
4,z,5,x,1,m1,0,100000,36155,8529,16048,0,0.36155,0.2359009818835569,0,10.129722081008367
4,z,5,z,1,m1,0,100000,36155,8529,16048,0,0.36155,0.2359009818835569,0,10.129722081008367
4,z,5,x,1,m1,0,100000,36155,8529,16048,0,0.36155,0.2359009818835569,0,10.129722081008367
4,z,4,z,1,m1,0,100000,77017,2656,4626,0,0.77017,0.034485892724982814,0,13.317914003011538
4,z,4,z,1,m1,0,100000,77017,2656,4626,0,0.77017,0.034485892724982814,0,13.317914003011538
4,z,4,x,1,m1,0,100000,77017,2656,4626,0,0.77017,0.034485892724982814,0,13.317914003011538
4,z,4,x,1,m1,0,100000,77017,2656,4626,0,0.77017,0.034485892724982814,0,13.317914003011538
4,z,7,x,1,m1,0,100000,38133,1150,2045,0,0.38133,0.030157606272782078,0,10.215323611017084
4,z,7,z,1,m1,0,100000,38133,1150,2045,0,0.38133,0.030157606272782078,0,10.215323611017084
4,z,7,z,1,m1,0,100000,38133,1150,2045,0,0.38133,0.030157606272782078,0,10.215323611017084
4,z,7,x,1,m1,0,100000,38133,1150,2045,0,0.38133,0.030157606272782078,0,10.215323611017084
4,z,6,z,1,m1,0,100000,55675,2488,4292,0,0.55675,0.044687920969914696,0,13.794246837001992
4,z,6,x,1,m1,0,100000,55675,2488,4292,0,0.55675,0.044687920969914696,0,13.794246837001992
4,z,6,z,1,m1,0,100000,55675,2488,4292,0,0.55675,0.044687920969914696,0,13.794246837001992
4,z,6,x,1,m1,0,100000,55675,2488,4292,0,0.55675,0.044687920969914696,0,13.794246837001992
4,z,9,x,1,m1,0,100000,48885,10769,20228,0,0.48885,0.22029252326889637,0,11.210519235988613
4,z,9,x,1,m1,0,100000,48885,10769,20228,0,0.48885,0.22029252326889637,0,11.210519235988613
4,z,9,x,1,m1,0,100000,48885,10769,20228,0,0.48885,0.22029252326889637,0,11.210519235988613
4,z,9,z,1,m1,0,100000,48885,10769,20228,0,0.48885,0.22029252326889637,0,11.210519235988613
4,z,15,x,1,m1,0,100000,27995,4,7,0,0.27995,0.0001428826576174158,0,5.100649423984578
4,z,15,z,1,m1,0,100000,27995,4,7,0,0.27995,0.0001428826576174158,0,5.100649423984578
4,z,15,z,1,m1,0,100000,27995,4,7,0,0.27995,0.0001428826576174158,0,5.100649423984578
4,z,15,z,1,m1,0,100000,27995,4,7,0,0.27995,0.0001428826576174158,0,5.100649423984578
4,z,12,z,1,m1,0,100000,55172,115,220,0,0.55172,0.0020843906329297557,0,7.218076899996959
4,z,12,z,1,m1,0,100000,55172,115,220,0,0.55172,0.0020843906329297557,0,7.218076899996959
4,z,12,x,1,m1,0,100000,55172,115,220,0,0.55172,0.0020843906329297557,0,7.218076899996959
4,z,12,z,1,m1,0,100000,55172,115,220,0,0.55172,0.0020843906329297557,0,7.218076899996959
4,z,11,x,1,m1,0,100000,35530,858,1599,0,0.3553,0.0241486068111455,0,10.832902599999215
4,z,11,z,1,m1,0,100000,35530,858,1599,0,0.3553,0.0241486068111455,0,10.832902599999215
4,z,11,x,1,m1,0,100000,35530,858,1599,0,0.3553,0.0241486068111455,0,10.832902599999215
4,z,11,z,1,m1,0,100000,35530,858,1599,0,0.3553,0.0241486068111455,0,10.832902599999215
4,z,14,z,1,m1,0,100000,66821,9,18,0,0.66821,0.00013468819682438404,0,4.328028325980995
4,z,14,x,1,m1,0,100000,66821,9,18,0,0.66821,0.00013468819682438404,0,4.328028325980995
4,z,14,z,1,m1,0,100000,66821,9,18,0,0.66821,0.00013468819682438404,0,4.328028325980995
4,z,14,z,1,m1,0,100000,66821,9,18,0,0.66821,0.00013468819682438404,0,4.328028325980995
4,z,13,x,1,m1,0,100000,39793,680,1291,0,0.39793,0.01708843263890636,0,10.04437978201895
4,z,13,x,1,m1,0,100000,39793,680,1291,0,0.39793,0.01708843263890636,0,10.04437978201895
4,z,13,z,1,m1,0,100000,39793,680,1291,0,0.39793,0.01708843263890636,0,10.04437978201895
4,z,13,z,1,m1,0,100000,39793,680,1291,0,0.39793,0.01708843263890636,0,10.04437978201895
4,z,10,z,1,m1,0,100000,51495,1244,2211,0,0.51495,0.024157685212156554,0,13.25462670600973
4,z,10,x,1,m1,0,100000,51495,1244,2211,0,0.51495,0.024157685212156554,0,13.25462670600973
4,z,10,x,1,m1,0,100000,51495,1244,2211,0,0.51495,0.024157685212156554,0,13.25462670600973
4,z,10,z,1,m1,0,100000,51495,1244,2211,0,0.51495,0.024157685212156554,0,13.25462670600973
4,z,8,z,0.8,m1,0,100000,100000,15,28,0,1.0,0.00014999999999998348,0,0.8628726110036951
4,z,8,z,0.8,m1,0,100000,100000,15,28,0,1.0,0.00014999999999998348,0,0.8628726110036951
4,z,8,z,0.8,m1,0,100000,100000,15,28,0,1.0,0.00014999999999998348,0,0.8628726110036951
4,z,8,x,0.8,m1,0,100000,100000,15,28,0,1.0,0.00014999999999998348,0,0.8628726110036951
4,z,3,x,0.8,m1,0,100000,32210,4756,8648,0,0.3221,0.1476560074511022,0,10.211360807006713
4,z,3,z,0.8,m1,0,100000,32210,4756,8648,0,0.3221,0.1476560074511022,0,10.211360807006713
4,z,3,x,0.8,m1,0,100000,32210,4756,8648,0,0.3221,0.1476560074511022,0,10.211360807006713
4,z,3,x,0.8,m1,0,100000,32210,4756,8648,0,0.3221,0.1476560074511022,0,10.211360807006713
4,z,2,z,0.8,m1,0,100000,60033,9451,15946,0,0.60033,0.1574300801225993,0,14.300108428986277
4,z,2,x,0.8,m1,0,100000,60033,9451,15946,0,0.60033,0.1574300801225993,0,14.300108428986277
4,z,2,x,0.8,m1,0,100000,60033,9451,15946,0,0.60033,0.1574300801225993,0,14.300108428986277
4,z,2,x,0.8,m1,0,100000,60033,9451,15946,0,0.60033,0.1574300801225993,0,14.300108428986277
4,z,5,x,0.8,m1,0,100000,44270,8837,16616,0,0.4427,0.19961599277162867,0,10.76917249901453
4,z,5,x,0.8,m1,0,100000,44270,8837,16616,0,0.4427,0.19961599277162867,0,10.76917249901453
4,z,5,z,0.8,m1,0,100000,44270,8837,16616,0,0.4427,0.19961599277162867,0,10.76917249901453
4,z,5,x,0.8,m1,0,100000,44270,8837,16616,0,0.4427,0.19961599277162867,0,10.76917249901453
4,z,12,z,0.8,m1,0,100000,61274,60,109,0,0.61274,0.0009792081470118008,0,5.291352244996233
4,z,12,z,0.8,m1,0,100000,61274,60,109,0,0.61274,0.0009792081470118008,0,5.291352244996233
4,z,12,x,0.8,m1,0,100000,61274,60,109,0,0.61274,0.0009792081470118008,0,5.291352244996233
4,z,12,z,0.8,m1,0,100000,61274,60,109,0,0.61274,0.0009792081470118008,0,5.291352244996233
4,z,7,x,0.8,m1,0,100000,45904,912,1665,0,0.45904,0.019867549668874163,0,11.166023931000382
4,z,7,z,0.8,m1,0,100000,45904,912,1665,0,0.45904,0.019867549668874163,0,11.166023931000382
4,z,7,z,0.8,m1,0,100000,45904,912,1665,0,0.45904,0.019867549668874163,0,11.166023931000382
4,z,7,x,0.8,m1,0,100000,45904,912,1665,0,0.45904,0.019867549668874163,0,11.166023931000382
4,z,4,z,0.8,m1,0,100000,81017,1926,3405,0,0.81017,0.023772788427120273,0,12.931197796016932
4,z,4,z,0.8,m1,0,100000,81017,1926,3405,0,0.81017,0.023772788427120273,0,12.931197796016932
4,z,4,x,0.8,m1,0,100000,81017,1926,3405,0,0.81017,0.023772788427120273,0,12.931197796016932
4,z,4,x,0.8,m1,0,100000,81017,1926,3405,0,0.81017,0.023772788427120273,0,12.931197796016932
4,z,6,z,0.8,m1,0,100000,62376,1793,3178,0,0.62376,0.028745030139797345,0,13.682564400020055
4,z,6,x,0.8,m1,0,100000,62376,1793,3178,0,0.62376,0.028745030139797345,0,13.682564400020055
4,z,6,z,0.8,m1,0,100000,62376,1793,3178,0,0.62376,0.028745030139797345,0,13.682564400020055
4,z,6,x,0.8,m1,0,100000,62376,1793,3178,0,0.62376,0.028745030139797345,0,13.682564400020055
4,z,9,x,0.8,m1,0,100000,55926,10207,19254,0,0.55926,0.18250902978936456,0,12.26619850800489
4,z,9,x,0.8,m1,0,100000,55926,10207,19254,0,0.55926,0.18250902978936456,0,12.26619850800489
4,z,9,x,0.8,m1,0,100000,55926,10207,19254,0,0.55926,0.18250902978936456,0,12.26619850800489
4,z,9,z,0.8,m1,0,100000,55926,10207,19254,0,0.55926,0.18250902978936456,0,12.26619850800489
4,z,11,x,0.8,m1,0,100000,43752,704,1324,0,0.43752,0.016090692996891587,0,11.717246838990832
4,z,11,z,0.8,m1,0,100000,43752,704,1324,0,0.43752,0.016090692996891587,0,11.717246838990832
4,z,11,x,0.8,m1,0,100000,43752,704,1324,0,0.43752,0.016090692996891587,0,11.717246838990832
4,z,11,z,0.8,m1,0,100000,43752,704,1324,0,0.43752,0.016090692996891587,0,11.717246838990832
4,z,15,x,0.8,m1,0,100000,36461,2,3,0,0.36461,5.485313074238274e-05,0,4.20440526198945
4,z,15,z,0.8,m1,0,100000,36461,2,3,0,0.36461,5.485313074238274e-05,0,4.20440526198945
4,z,15,z,0.8,m1,0,100000,36461,2,3,0,0.36461,5.485313074238274e-05,0,4.20440526198945
4,z,15,z,0.8,m1,0,100000,36461,2,3,0,0.36461,5.485313074238274e-05,0,4.20440526198945
4,z,8,z,0.5,m1,0,100000,100000,3,6,0,1.0,2.999999999997449e-05,0,0.6284237310173921
4,z,8,z,0.5,m1,0,100000,100000,3,6,0,1.0,2.999999999997449e-05,0,0.6284237310173921
4,z,8,z,0.5,m1,0,100000,100000,3,6,0,1.0,2.999999999997449e-05,0,0.6284237310173921
4,z,8,x,0.5,m1,0,100000,100000,3,6,0,1.0,2.999999999997449e-05,0,0.6284237310173921
4,z,10,z,0.8,m1,0,100000,58460,978,1707,0,0.5846,0.01672938761546361,0,15.68493154499447
4,z,10,x,0.8,m1,0,100000,58460,978,1707,0,0.5846,0.01672938761546361,0,15.68493154499447
4,z,10,x,0.8,m1,0,100000,58460,978,1707,0,0.5846,0.01672938761546361,0,15.68493154499447
4,z,10,z,0.8,m1,0,100000,58460,978,1707,0,0.5846,0.01672938761546361,0,15.68493154499447
4,z,14,z,0.8,m1,0,100000,72460,4,9,0,0.7246,5.520287054927575e-05,0,3.488517610996496
4,z,14,x,0.8,m1,0,100000,72460,4,9,0,0.7246,5.520287054927575e-05,0,3.488517610996496
4,z,14,z,0.8,m1,0,100000,72460,4,9,0,0.7246,5.520287054927575e-05,0,3.488517610996496
4,z,14,z,0.8,m1,0,100000,72460,4,9,0,0.7246,5.520287054927575e-05,0,3.488517610996496
4,z,13,x,0.8,m1,0,100000,47648,523,1002,0,0.47648,0.010976326393552727,0,11.65037154199672
4,z,13,x,0.8,m1,0,100000,47648,523,1002,0,0.47648,0.010976326393552727,0,11.65037154199672
4,z,13,z,0.8,m1,0,100000,47648,523,1002,0,0.47648,0.010976326393552727,0,11.65037154199672
4,z,13,z,0.8,m1,0,100000,47648,523,1002,0,0.47648,0.010976326393552727,0,11.65037154199672
4,z,3,x,0.5,m1,0,100000,49661,4894,9128,0,0.49661,0.09854815650107729,0,12.041311150998808
4,z,3,z,0.5,m1,0,100000,49661,4894,9128,0,0.49661,0.09854815650107729,0,12.041311150998808
4,z,3,x,0.5,m1,0,100000,49661,4894,9128,0,0.49661,0.09854815650107729,0,12.041311150998808
4,z,3,x,0.5,m1,0,100000,49661,4894,9128,0,0.49661,0.09854815650107729,0,12.041311150998808
4,z,2,z,0.5,m1,0,100000,72519,7483,13456,0,0.72519,0.1031867510583433,0,14.391895506996661
4,z,2,x,0.5,m1,0,100000,72519,7483,13456,0,0.72519,0.1031867510583433,0,14.391895506996661
4,z,2,x,0.5,m1,0,100000,72519,7483,13456,0,0.72519,0.1031867510583433,0,14.391895506996661
4,z,2,x,0.5,m1,0,100000,72519,7483,13456,0,0.72519,0.1031867510583433,0,14.391895506996661
4,z,12,z,0.5,m1,0,100000,72931,10,19,0,0.72931,0.00013711590407372576,0,2.822561888024211
4,z,12,z,0.5,m1,0,100000,72931,10,19,0,0.72931,0.00013711590407372576,0,2.822561888024211
4,z,12,x,0.5,m1,0,100000,72931,10,19,0,0.72931,0.00013711590407372576,0,2.822561888024211
4,z,12,z,0.5,m1,0,100000,72931,10,19,0,0.72931,0.00013711590407372576,0,2.822561888024211
4,z,4,z,0.5,m1,0,100000,87773,845,1574,0,0.87773,0.009627106285531983,0,12.02675079999608
4,z,4,z,0.5,m1,0,100000,87773,845,1574,0,0.87773,0.009627106285531983,0,12.02675079999608
4,z,4,x,0.5,m1,0,100000,87773,845,1574,0,0.87773,0.009627106285531983,0,12.02675079999608
4,z,4,x,0.5,m1,0,100000,87773,845,1574,0,0.87773,0.009627106285531983,0,12.02675079999608
4,z,7,x,0.5,m1,0,100000,61021,521,956,0,0.61021,0.008538044279838064,0,13.802847419021418
4,z,7,z,0.5,m1,0,100000,61021,521,956,0,0.61021,0.008538044279838064,0,13.802847419021418
4,z,7,z,0.5,m1,0,100000,61021,521,956,0,0.61021,0.008538044279838064,0,13.802847419021418
4,z,7,x,0.5,m1,0,100000,61021,521,956,0,0.61021,0.008538044279838064,0,13.802847419021418
4,z,5,x,0.5,m1,0,100000,59633,7798,14921,0,0.59633,0.13076652189224092,0,14.607961781992344
4,z,5,x,0.5,m1,0,100000,59633,7798,14921,0,0.59633,0.13076652189224092,0,14.607961781992344
4,z,5,z,0.5,m1,0,100000,59633,7798,14921,0,0.59633,0.13076652189224092,0,14.607961781992344
4,z,5,x,0.5,m1,0,100000,59633,7798,14921,0,0.59633,0.13076652189224092,0,14.607961781992344
4,z,6,z,0.5,m1,0,100000,74333,988,1777,0,0.74333,0.013291539423943566,0,14.463697439990938
4,z,6,x,0.5,m1,0,100000,74333,988,1777,0,0.74333,0.013291539423943566,0,14.463697439990938
4,z,6,z,0.5,m1,0,100000,74333,988,1777,0,0.74333,0.013291539423943566,0,14.463697439990938
4,z,6,x,0.5,m1,0,100000,74333,988,1777,0,0.74333,0.013291539423943566,0,14.463697439990938
4,z,10,z,0.5,m1,0,100000,71281,566,1033,0,0.71281,0.00794040487647485,0,11.120125696004834
4,z,10,x,0.5,m1,0,100000,71281,566,1033,0,0.71281,0.00794040487647485,0,11.120125696004834
4,z,10,x,0.5,m1,0,100000,71281,566,1033,0,0.71281,0.00794040487647485,0,11.120125696004834
4,z,10,z,0.5,m1,0,100000,71281,566,1033,0,0.71281,0.00794040487647485,0,11.120125696004834
4,z,9,x,0.5,m1,0,100000,69066,8180,15512,0,0.69066,0.118437436654794,0,12.80928437699913
4,z,9,x,0.5,m1,0,100000,69066,8180,15512,0,0.69066,0.118437436654794,0,12.80928437699913
4,z,9,x,0.5,m1,0,100000,69066,8180,15512,0,0.69066,0.118437436654794,0,12.80928437699913
4,z,9,z,0.5,m1,0,100000,69066,8180,15512,0,0.69066,0.118437436654794,0,12.80928437699913
4,z,11,x,0.5,m1,0,100000,59692,458,887,0,0.59692,0.007672719962473984,0,12.013110555999447
4,z,11,z,0.5,m1,0,100000,59692,458,887,0,0.59692,0.007672719962473984,0,12.013110555999447
4,z,11,x,0.5,m1,0,100000,59692,458,887,0,0.59692,0.007672719962473984,0,12.013110555999447
4,z,11,z,0.5,m1,0,100000,59692,458,887,0,0.59692,0.007672719962473984,0,12.013110555999447
4,z,15,x,0.5,m1,0,100000,53154,2,3,0,0.53154,3.762651917071924e-05,0,2.879764081997564
4,z,15,z,0.5,m1,0,100000,53154,2,3,0,0.53154,3.762651917071924e-05,0,2.879764081997564
4,z,15,z,0.5,m1,0,100000,53154,2,3,0,0.53154,3.762651917071924e-05,0,2.879764081997564
4,z,15,z,0.5,m1,0,100000,53154,2,3,0,0.53154,3.762651917071924e-05,0,2.879764081997564
4,z,14,z,0.5,m1,0,100000,81728,0,1,0,0.81728,0.0,0,2.3443114179826807
4,z,14,x,0.5,m1,0,100000,81728,0,1,0,0.81728,0.0,0,2.3443114179826807
4,z,14,z,0.5,m1,0,100000,81728,0,1,0,0.81728,0.0,0,2.3443114179826807
4,z,14,z,0.5,m1,0,100000,81728,0,1,0,0.81728,0.0,0,2.3443114179826807
4,z,8,z,0.3,m1,0,100000,100000,1,2,0,1.0,9.99999999995449e-06,0,0.45005469099851325
4,z,8,z,0.3,m1,0,100000,100000,1,2,0,1.0,9.99999999995449e-06,0,0.45005469099851325
4,z,8,z,0.3,m1,0,100000,100000,1,2,0,1.0,9.99999999995449e-06,0,0.45005469099851325
4,z,8,x,0.3,m1,0,100000,100000,1,2,0,1.0,9.99999999995449e-06,0,0.45005469099851325
4,z,13,x,0.5,m1,0,100000,62992,288,567,0,0.62992,0.004572009144018341,0,10.703697419987293
4,z,13,x,0.5,m1,0,100000,62992,288,567,0,0.62992,0.004572009144018341,0,10.703697419987293
4,z,13,z,0.5,m1,0,100000,62992,288,567,0,0.62992,0.004572009144018341,0,10.703697419987293
4,z,13,z,0.5,m1,0,100000,62992,288,567,0,0.62992,0.004572009144018341,0,10.703697419987293
4,z,4,z,0.3,m1,0,100000,92387,330,638,0,0.92387,0.003571931115849636,0,10.752634434000356
4,z,4,z,0.3,m1,0,100000,92387,330,638,0,0.92387,0.003571931115849636,0,10.752634434000356
4,z,4,x,0.3,m1,0,100000,92387,330,638,0,0.92387,0.003571931115849636,0,10.752634434000356
4,z,4,x,0.3,m1,0,100000,92387,330,638,0,0.92387,0.003571931115849636,0,10.752634434000356
4,z,3,x,0.3,m1,0,100000,65557,3941,7488,0,0.65557,0.06011562457098407,0,12.94949423900107
4,z,3,z,0.3,m1,0,100000,65557,3941,7488,0,0.65557,0.06011562457098407,0,12.94949423900107
4,z,3,x,0.3,m1,0,100000,65557,3941,7488,0,0.65557,0.06011562457098407,0,12.94949423900107
4,z,3,x,0.3,m1,0,100000,65557,3941,7488,0,0.65557,0.06011562457098407,0,12.94949423900107
4,z,12,z,0.3,m1,0,100000,82419,2,3,0,0.82419,2.4266249287197006e-05,0,2.4991297830129042
4,z,12,z,0.3,m1,0,100000,82419,2,3,0,0.82419,2.4266249287197006e-05,0,2.4991297830129042
4,z,12,x,0.3,m1,0,100000,82419,2,3,0,0.82419,2.4266249287197006e-05,0,2.4991297830129042
4,z,12,z,0.3,m1,0,100000,82419,2,3,0,0.82419,2.4266249287197006e-05,0,2.4991297830129042
4,z,2,z,0.3,m1,0,100000,82633,5368,9973,0,0.82633,0.06496194014497836,0,14.569734947988763
4,z,2,x,0.3,m1,0,100000,82633,5368,9973,0,0.82633,0.06496194014497836,0,14.569734947988763
4,z,2,x,0.3,m1,0,100000,82633,5368,9973,0,0.82633,0.06496194014497836,0,14.569734947988763
4,z,2,x,0.3,m1,0,100000,82633,5368,9973,0,0.82633,0.06496194014497836,0,14.569734947988763
4,z,5,x,0.3,m1,0,100000,73551,6142,11859,0,0.73551,0.08350668243803616,0,13.449166147998767
4,z,5,x,0.3,m1,0,100000,73551,6142,11859,0,0.73551,0.08350668243803616,0,13.449166147998767
4,z,5,z,0.3,m1,0,100000,73551,6142,11859,0,0.73551,0.08350668243803616,0,13.449166147998767
4,z,5,x,0.3,m1,0,100000,73551,6142,11859,0,0.73551,0.08350668243803616,0,13.449166147998767
4,z,7,x,0.3,m1,0,100000,74173,274,527,0,0.74173,0.0036940665740903267,0,13.041424575989367
4,z,7,z,0.3,m1,0,100000,74173,274,527,0,0.74173,0.0036940665740903267,0,13.041424575989367
4,z,7,z,0.3,m1,0,100000,74173,274,527,0,0.74173,0.0036940665740903267,0,13.041424575989367
4,z,7,x,0.3,m1,0,100000,74173,274,527,0,0.74173,0.0036940665740903267,0,13.041424575989367
4,z,10,z,0.3,m1,0,100000,81389,303,554,0,0.81389,0.0037228618117927104,0,11.93266364998999
4,z,10,x,0.3,m1,0,100000,81389,303,554,0,0.81389,0.0037228618117927104,0,11.93266364998999
4,z,10,x,0.3,m1,0,100000,81389,303,554,0,0.81389,0.0037228618117927104,0,11.93266364998999
4,z,10,z,0.3,m1,0,100000,81389,303,554,0,0.81389,0.0037228618117927104,0,11.93266364998999
4,z,11,x,0.3,m1,0,100000,73316,252,484,0,0.73316,0.0034371760597959877,0,11.980185373016866
4,z,11,z,0.3,m1,0,100000,73316,252,484,0,0.73316,0.0034371760597959877,0,11.980185373016866
4,z,11,x,0.3,m1,0,100000,73316,252,484,0,0.73316,0.0034371760597959877,0,11.980185373016866
4,z,11,z,0.3,m1,0,100000,73316,252,484,0,0.73316,0.0034371760597959877,0,11.980185373016866
4,z,6,z,0.3,m1,0,100000,83628,452,855,0,0.83628,0.005404888314918477,0,16.210045618005097
4,z,6,x,0.3,m1,0,100000,83628,452,855,0,0.83628,0.005404888314918477,0,16.210045618005097
4,z,6,z,0.3,m1,0,100000,83628,452,855,0,0.83628,0.005404888314918477,0,16.210045618005097
4,z,6,x,0.3,m1,0,100000,83628,452,855,0,0.83628,0.005404888314918477,0,16.210045618005097
4,z,15,x,0.3,m1,0,100000,68525,0,0,0,0.68525,0.0,0,2.039218190999236
4,z,15,z,0.3,m1,0,100000,68525,0,0,0,0.68525,0.0,0,2.039218190999236
4,z,15,z,0.3,m1,0,100000,68525,0,0,0,0.68525,0.0,0,2.039218190999236
4,z,15,z,0.3,m1,0,100000,68525,0,0,0,0.68525,0.0,0,2.039218190999236
4,z,9,x,0.3,m1,0,100000,80114,5866,11110,0,0.80114,0.0732206605587038,0,16.008195437985705
4,z,9,x,0.3,m1,0,100000,80114,5866,11110,0,0.80114,0.0732206605587038,0,16.008195437985705
4,z,9,x,0.3,m1,0,100000,80114,5866,11110,0,0.80114,0.0732206605587038,0,16.008195437985705
4,z,9,z,0.3,m1,0,100000,80114,5866,11110,0,0.80114,0.0732206605587038,0,16.008195437985705
4,z,8,z,0.1,m1,0,100000,100000,0,0,0,1.0,0.0,0,0.6438815720030107
4,z,8,z,0.1,m1,0,100000,100000,0,0,0,1.0,0.0,0,0.6438815720030107
4,z,8,z,0.1,m1,0,100000,100000,0,0,0,1.0,0.0,0,0.6438815720030107
4,z,8,x,0.1,m1,0,100000,100000,0,0,0,1.0,0.0,0,0.6438815720030107
4,z,14,z,0.3,m1,0,100000,88669,0,0,0,0.88669,0.0,0,1.5555175210174639
4,z,14,x,0.3,m1,0,100000,88669,0,0,0,0.88669,0.0,0,1.5555175210174639
4,z,14,z,0.3,m1,0,100000,88669,0,0,0,0.88669,0.0,0,1.5555175210174639
4,z,14,z,0.3,m1,0,100000,88669,0,0,0,0.88669,0.0,0,1.5555175210174639
4,z,13,x,0.3,m1,0,100000,75673,111,220,0,0.75673,0.0014668375774714582,0,10.790951393020805
4,z,13,x,0.3,m1,0,100000,75673,111,220,0,0.75673,0.0014668375774714582,0,10.790951393020805
4,z,13,z,0.3,m1,0,100000,75673,111,220,0,0.75673,0.0014668375774714582,0,10.790951393020805
4,z,13,z,0.3,m1,0,100000,75673,111,220,0,0.75673,0.0014668375774714582,0,10.790951393020805
4,z,4,z,0.1,m1,0,100000,97362,45,90,0,0.97362,0.00046219264189317766,0,8.93688228999963
4,z,4,z,0.1,m1,0,100000,97362,45,90,0,0.97362,0.00046219264189317766,0,8.93688228999963
4,z,4,x,0.1,m1,0,100000,97362,45,90,0,0.97362,0.00046219264189317766,0,8.93688228999963
4,z,4,x,0.1,m1,0,100000,97362,45,90,0,0.97362,0.00046219264189317766,0,8.93688228999963
4,z,3,x,0.1,m1,0,100000,87062,1754,3367,0,0.87062,0.020146562220027087,0,13.587684614001773
4,z,3,z,0.1,m1,0,100000,87062,1754,3367,0,0.87062,0.020146562220027087,0,13.587684614001773
4,z,3,x,0.1,m1,0,100000,87062,1754,3367,0,0.87062,0.020146562220027087,0,13.587684614001773
4,z,3,x,0.1,m1,0,100000,87062,1754,3367,0,0.87062,0.020146562220027087,0,13.587684614001773
4,z,12,z,0.1,m1,0,100000,93641,0,0,0,0.93641,0.0,0,0.9417411900067236
4,z,12,z,0.1,m1,0,100000,93641,0,0,0,0.93641,0.0,0,0.9417411900067236
4,z,12,x,0.1,m1,0,100000,93641,0,0,0,0.93641,0.0,0,0.9417411900067236
4,z,12,z,0.1,m1,0,100000,93641,0,0,0,0.93641,0.0,0,0.9417411900067236
4,z,10,z,0.1,m1,0,100000,93413,76,144,0,0.93413,0.0008135912560349734,0,10.417057169979671
4,z,10,x,0.1,m1,0,100000,93413,76,144,0,0.93413,0.0008135912560349734,0,10.417057169979671
4,z,10,x,0.1,m1,0,100000,93413,76,144,0,0.93413,0.0008135912560349734,0,10.417057169979671
4,z,10,z,0.1,m1,0,100000,93413,76,144,0,0.93413,0.0008135912560349734,0,10.417057169979671
4,z,5,x,0.1,m1,0,100000,90204,2620,5079,0,0.90204,0.029045275154095163,0,13.831950343010249
4,z,5,x,0.1,m1,0,100000,90204,2620,5079,0,0.90204,0.029045275154095163,0,13.831950343010249
4,z,5,z,0.1,m1,0,100000,90204,2620,5079,0,0.90204,0.029045275154095163,0,13.831950343010249
4,z,5,x,0.1,m1,0,100000,90204,2620,5079,0,0.90204,0.029045275154095163,0,13.831950343010249
4,z,7,x,0.1,m1,0,100000,90535,59,116,0,0.90535,0.000651681670072346,0,13.321142781991512
4,z,7,z,0.1,m1,0,100000,90535,59,116,0,0.90535,0.000651681670072346,0,13.321142781991512
4,z,7,z,0.1,m1,0,100000,90535,59,116,0,0.90535,0.000651681670072346,0,13.321142781991512
4,z,7,x,0.1,m1,0,100000,90535,59,116,0,0.90535,0.000651681670072346,0,13.321142781991512
4,z,15,x,0.1,m1,0,100000,88170,0,0,0,0.8817,0.0,0,1.123496566026006
4,z,15,z,0.1,m1,0,100000,88170,0,0,0,0.8817,0.0,0,1.123496566026006
4,z,15,z,0.1,m1,0,100000,88170,0,0,0,0.8817,0.0,0,1.123496566026006
4,z,15,z,0.1,m1,0,100000,88170,0,0,0,0.8817,0.0,0,1.123496566026006
4,z,2,z,0.1,m1,0,100000,93852,2104,4089,0,0.93852,0.022418275582832492,0,17.430491815990536
4,z,2,x,0.1,m1,0,100000,93852,2104,4089,0,0.93852,0.022418275582832492,0,17.430491815990536
4,z,2,x,0.1,m1,0,100000,93852,2104,4089,0,0.93852,0.022418275582832492,0,17.430491815990536
4,z,2,x,0.1,m1,0,100000,93852,2104,4089,0,0.93852,0.022418275582832492,0,17.430491815990536
4,z,6,z,0.1,m1,0,100000,94368,90,176,0,0.94368,0.0009537131230925588,0,16.73796010899241
4,z,6,x,0.1,m1,0,100000,94368,90,176,0,0.94368,0.0009537131230925588,0,16.73796010899241
4,z,6,z,0.1,m1,0,100000,94368,90,176,0,0.94368,0.0009537131230925588,0,16.73796010899241
4,z,6,x,0.1,m1,0,100000,94368,90,176,0,0.94368,0.0009537131230925588,0,16.73796010899241
4,z,9,x,0.1,m1,0,100000,92818,2335,4434,0,0.92818,0.02515675838738174,0,13.55860782097443
4,z,9,x,0.1,m1,0,100000,92818,2335,4434,0,0.92818,0.02515675838738174,0,13.55860782097443
4,z,9,x,0.1,m1,0,100000,92818,2335,4434,0,0.92818,0.02515675838738174,0,13.55860782097443
4,z,9,z,0.1,m1,0,100000,92818,2335,4434,0,0.92818,0.02515675838738174,0,13.55860782097443
4,z,11,x,0.1,m1,0,100000,90196,60,115,0,0.90196,0.0006652179697547167,0,12.847982420003973
4,z,11,z,0.1,m1,0,100000,90196,60,115,0,0.90196,0.0006652179697547167,0,12.847982420003973
4,z,11,x,0.1,m1,0,100000,90196,60,115,0,0.90196,0.0006652179697547167,0,12.847982420003973
4,z,11,z,0.1,m1,0,100000,90196,60,115,0,0.90196,0.0006652179697547167,0,12.847982420003973
4,z,14,z,0.1,m1,0,100000,96071,0,0,0,0.96071,0.0,0,0.5563034680089913
4,z,14,x,0.1,m1,0,100000,96071,0,0,0,0.96071,0.0,0,0.5563034680089913
4,z,14,z,0.1,m1,0,100000,96071,0,0,0,0.96071,0.0,0,0.5563034680089913
4,z,14,z,0.1,m1,0,100000,96071,0,0,0,0.96071,0.0,0,0.5563034680089913
4,z,13,x,0.1,m1,0,100000,91151,17,34,0,0.91151,0.00018650371361805806,0,6.812175152997952
4,z,13,x,0.1,m1,0,100000,91151,17,34,0,0.91151,0.00018650371361805806,0,6.812175152997952
4,z,13,z,0.1,m1,0,100000,91151,17,34,0,0.91151,0.00018650371361805806,0,6.812175152997952
4,z,13,z,0.1,m1,0,100000,91151,17,34,0,0.91151,0.00018650371361805806,0,6.812175152997952
