n,lstate,i,p_error,sim_type,shots,prep_rate,prep_rate_SEM,prep_rate_SD,LER,N_samples,LER_SEM,LER_SD,eff,eff_SEM,eff_SD,skip,s_l,CNOT,hadamard,meas,cost,cost_SEM,count_accept,count_logerror,count_undecided,count_detect_discard,total_meta_shots,detect_normal,decoding_normal
3,x,2,0.0,m2,100,1.0,0.0,,0.0,1,0.0,,1.0,0.0,,0,1,20,20,16,1.0,0.0,100,0.0,0,0,0,0.0,0.0022422780002671
3,x,2,0.01,m1,10000000,0.9976274,0.0,,8.019025940947492e-07,1,0.0,,0.9976266,0.0,,0,1,20,20,16,1.0,0.0,9976274,0.0,16,0,0,0.1006148350002149,0.0179197649997604
3,x,2,0.01,normal,10000000,0.9966092,0.0,,5.518712851536992e-07,1,0.0,,0.99660865,0.0,,0,1,24,24,24,1.0,0.0,9966092,0.0,11,0,0,1.151777716999959,0.5560099420001734
3,x,2,0.05,m1,10000000,0.9883354,0.0,,1.6593557207401454e-05,1,0.0,,0.988319,0.0,,0,1,20,20,16,1.0,0.0,9883354,0.0,328,0,0,0.3167589580000367,0.03710880299991
3,x,2,0.05,normal,10000000,0.9832069,0.0,,1.3323747016014636e-05,1,0.0,,0.9831938,0.0,,0,1,24,24,24,1.0,0.0,9832069,0.0,262,0,0,1.9322553670001523,0.9244593649998478
3,x,2,0.1,m1,128100000,0.9744419254653129,0.00018908565772697393,0.0033167386793503365,4.6835974939412237e-05,1182,1.2434876966996633e-06,2.181193322919954e-05,0.9743962549069374,0.00018854887085421014,0.0033073229372741503,0,1,20,20,16,1.0,0.0,124851097,23.0,11990,0,0,0.526664144999927,34.384279115940956
3,x,2,0.1,normal,128000000,0.9653760441998307,0.00033715400819188466,0.005911493338428276,4.6828080486083516e-05,1181,1.5993363183670496e-06,2.8041980110621705e-05,0.9653307690093141,0.00033650291988100944,0.005900077474701463,0,1,24,24,24,1.0,0.0,123539841,39.0,11408,0,0,1.5109203179999895,227.3192984099548
3,x,2,0.3,m1,118000000,0.9251716610169491,0.0005402312673940694,0.009468139518457269,0.00041844617788892223,1180,7.964581484665913e-06,0.00013958793808195306,0.9247837669491525,0.0005357757671436052,0.009390052038997948,0,1,20,20,16,1.0,0.0,109170256,417.0,90709,0,0,0.0,65.923645555973
3,x,2,0.3,normal,118000000,0.8997168389830509,0.0009478196681567894,0.016611568781893998,0.00041231446261204096,1180,1.1759681312373384e-05,0.00020610118310113973,0.8993441864406779,0.0009422634702600287,0.01651419038109826,0,1,24,24,24,1.0,0.0,106166587,573.0,86800,0,0,0.0,374.23418589192437
3,x,2,0.5,m1,128000000,0.8784461546147333,0.0008568804005734079,0.015024121489715629,0.0011644402766053075,1181,2.1699562110397335e-05,0.00038046949982993594,0.8774198415749365,0.0008445068195960603,0.014807169177885294,0,1,20,20,16,1.0,0.0,112545874,2205.0,266333,0,0,1.6563447519999954,95.93446828997861
3,x,2,0.5,normal,128000000,0.8386335911092295,0.0014721212627696858,0.02581145359917773,0.001148403088677508,1181,3.207892501302532e-05,0.0005624561681334444,0.8376633038103303,0.0014572762291019475,0.02555116804568185,0,1,24,24,24,1.0,0.0,107396258,2478.0,245596,0,0,12.489613328000132,481.2775731839781
3,x,2,0.8,m1,118000000,0.8127098983050847,0.001276709251422068,0.02237571582126085,0.0029678051003791794,1180,5.354535553563979e-05,0.0009384404927584931,0.8102852754237287,0.0012467037779991383,0.02184983732101027,0,1,20,20,16,1.0,0.0,95899768,7146.0,557919,0,0,0.0,152.7763180771762
3,x,2,0.8,normal,118100000,0.7546347925486876,0.0021274737408125714,0.037302083145744194,0.002937021323741402,1181,8.08612816167965e-05,0.0014177821292351792,0.752391566469094,0.0020908748420647586,0.036660375970730054,0,1,24,24,24,1.0,0.0,89122369,8481.0,512888,0,0,0.0,608.3398639129446
3,x,2,1.0,m1,128000000,0.7716464732430144,0.0015216542359924076,0.02667994050463969,0.004622569732325149,1181,8.319193817755558e-05,0.001458646720485271,0.7680558012277731,0.0014755619213857294,0.025871780423104947,0,1,20,20,16,1.0,0.0,98975960,14911.0,918456,0,0,4.033951320000028,190.9324713669857
3,x,2,1.0,normal,128100000,0.703454769035533,0.002487378011830571,0.04363092876095539,0.00458321852749011,1182,0.00012579652760700408,0.002206588346560737,0.700182897461929,0.0024332103724065118,0.04268077787692433,0,1,24,24,24,1.0,0.0,89893392,16262.0,793658,0,0,35.57918789500002,735.530280125055
3,x,3,0.0,m2,100,1.0,0.0,,0.0,1,0.0,,1.0,0.0,,1,0,12,12,8,1.0,0.0,100,0.0,0,0,0,0.0,0.0027728559998649
3,x,3,0.01,m1,10000000,0.9985596,0.0,,2.158108539540354e-05,1,0.0,,0.99853805,0.0,,1,0,12,12,8,1.0,0.0,9985596,0.0,431,0,0,0.0606126889999814,0.0154859340000257
3,x,3,0.01,normal,10000000,0.9983975,0.0,,1.9781700174529683e-05,1,0.0,,0.99837775,0.0,,1,0,16,16,16,1.0,0.0,9983975,0.0,395,0,0,0.9584676819999912,0.4287191609998899
3,x,3,0.05,m1,10000000,0.9928346,0.0,,0.00011321120355797431,1,0.0,,0.9927222,0.0,,1,0,12,12,8,1.0,0.0,9928346,9.0,2230,0,0,0.1428330460000779,0.0287122369998087
3,x,3,0.05,normal,10000000,0.9920234,0.0,,0.00011783996224282613,1,0.0,,0.9919065,0.0,,1,0,16,16,16,1.0,0.0,9920234,9.0,2320,0,0,0.4323436500001207,0.0999294109999482
3,x,3,0.1,m1,128000000,0.9895896345469941,0.00010718021593864242,0.0018792454401787516,0.00011058855541019499,1181,3.5813614041276173e-06,6.279383773766489e-05,0.9894801970787468,0.0001072207822300103,0.0018799567096738769,1,0,12,12,8,1.0,0.0,126669639,152.0,29221,0,0,0.2473097360000338,28.688343239088397
3,x,3,0.1,normal,128000000,0.9885642020321761,1.99259412390209e-05,0.0003493716996813701,0.00020983196990558985,1181,1.8611274612145908e-06,3.263209785919076e-05,0.9883567691786621,1.992909317123277e-05,0.00034942696411786184,1,0,16,16,16,1.0,0.0,126493434,433.0,53440,0,0,2.317380211,206.72591350989532
3,x,3,0.3,m1,118000000,0.9692194152542374,0.0003103231272497371,0.005438749739120958,0.0006401015232005149,1180,1.2952120921296087e-05,0.00022699998194163556,0.9685986271186442,0.00030639593452978905,0.005369921422745085,1,0,12,12,8,1.0,0.0,114367891,1710.0,143086,0,0,0.0,42.0444534719681
3,x,3,0.3,normal,118000000,0.9662335254237288,3.168321247455306e-05,0.0005552826987394164,0.0011126675912021366,1180,4.408829074624742e-06,7.726951642939311e-05,0.9651584279661016,3.1861677218817244e-05,0.0005584104871511644,1,0,16,16,16,1.0,0.0,114015556,4312.0,245099,0,0,0.0,340.4492980289651
3,x,3,0.5,m1,128000000,0.9493492362404742,0.0005049670302463052,0.008853844720505372,0.001567054133225967,1181,2.775853794363646e-05,0.0004867046161436239,0.9478594556308213,0.0004918964851350191,0.008624672180723434,1,0,12,12,8,1.0,0.0,121338589,6552.0,371767,0,0,0.5053680749999785,63.86539646801219
3,x,3,0.5,normal,128000000,0.9445444764606267,5.363295050895622e-05,0.000940373900207364,0.00264002221954676,1181,6.934534385995728e-06,0.00012158673138058893,0.9420508611769687,5.4064126107120795e-05,0.0009479339220795999,1,0,16,16,16,1.0,0.0,120700646,15489.0,609784,0,0,2.1543094940000174,488.54369185894643
3,x,3,0.8,m1,118100000,0.920590948348857,0.0007810702717487327,0.013694903800933474,0.003699209167330847,1181,6.21118049268976e-05,0.0010890379830636391,0.9171768247248094,0.0007465343585936782,0.013089368005444874,1,0,12,12,8,1.0,0.0,108721791,18499.0,769418,0,0,0.0,93.49032262483155
3,x,3,0.8,normal,118100000,0.9133293903471634,5.166492919714794e-05,0.0009058675778977733,0.006075203397047809,1181,1.0317290920920873e-05,0.0001808983285612866,0.9077807281964437,5.218944700575957e-05,0.0009150642163957797,1,0,16,16,16,1.0,0.0,107864201,43839.0,1222916,0,0,0.0,629.7820084488703
3,x,3,1.0,m1,128000000,0.9020557127857748,0.000954350763553388,0.016733119121214668,0.005587182282222003,1181,9.241452994007178e-05,0.0016203511298723587,0.8969989763759526,0.0009000454875858235,0.015780956995527996,1,0,12,12,8,1.0,0.0,115481061,37595.0,1276338,0,0,0.7179505830000608,108.82751951696862
3,x,3,1.0,normal,128100000,0.8932435543147208,8.405221745279309e-05,0.0014743542374503168,0.00908344306332689,1182,1.2922192608389281e-05,0.00022666730285882298,0.8851298490270728,8.481806149131898e-05,0.0014877878557134027,1,0,16,16,16,1.0,0.0,114061245,82677.0,1909040,0,0,11.614322985000058,716.5387288440334
3,x,4,0.0,m2,100,1.0,0.0,,0.0,1,0.0,,1.0,0.0,,0,1,20,12,16,1.0,0.0,100,0.0,0,0,0,0.0,0.0102632930011168
3,x,4,0.01,m1,10000000,0.9974836,0.0,,0.0015154133862451474,1,0.0,,0.995972,0.0,,0,1,20,12,16,1.0,0.0,9974836,356.0,29520,0,0,0.2885191409998242,0.0743390330001148
3,x,4,0.01,normal,10000000,0.9965257,0.0,,0.0019037642481272686,1,0.0,,0.99462855,0.0,,0,1,24,16,24,1.0,0.0,9965257,206.0,37531,0,0,9.63798547700003,2.803362035999953
3,x,4,0.05,m1,10000000,0.9875882,0.0,,0.007546870244095666,1,0.0,,0.980135,0.0,,0,1,20,12,16,1.0,0.0,9875882,1912.0,145240,0,0,1.1782270670000798,0.4777178509998521
3,x,4,0.05,normal,10000000,0.9828366,0.0,,0.009483875549608145,1,0.0,,0.9735155,0.0,,0,1,24,16,24,1.0,0.0,9828366,1212.0,183998,0,0,17.21119954599999,4.053779932999987
3,x,4,0.1,m1,128000000,0.9738016610499577,0.0001854078637605229,0.0032508507236513706,0.012145940389014698,1181,0.0001173699456668625,0.0020579071732300617,0.9619698790855207,0.00014580219516664543,0.002556424318008716,0,1,20,12,16,1.0,0.0,124660473,66471.0,2951191,0,0,0.6484264219999432,196.21552948508264
3,x,4,0.1,normal,128000000,0.9649333471634209,0.00033708506769706284,0.0059102845695393254,0.01161454105461023,1181,0.00015629948366656187,0.002740478636008989,0.9537182627857749,0.00029189910075506334,0.005118015944288262,0,1,24,16,24,1.0,0.0,123477607,46276.0,2731872,0,0,7.816528063999954,645.3712970399413
3,x,4,0.3,m1,118000000,0.9239095254237288,0.000516523840329442,0.00905264111875467,0.03603922230093786,1180,0.0003379740455671073,0.005923362104682827,0.8905801101694916,0.0003959286250324451,0.006939079034134587,0,1,20,12,16,1.0,0.0,109021324,199282.0,7467178,0,0,0.0,299.318342221024
3,x,4,0.3,normal,118000000,0.899805720338983,0.0009214087700792333,0.01614868911738978,0.03492309273278728,1180,0.00044522087416767956,0.0078029792194056445,0.8683237161016949,0.0007900290106663706,0.013846116187794869,0,1,24,16,24,1.0,0.0,106177075,162139.0,7105475,0,0,0.0,1199.6051914090312
3,x,4,0.5,m1,128000000,0.8772074826418289,0.0008103354567354968,0.01420802522880826,0.05938438765787626,1181,0.0005381534827880255,0.009435719734178033,0.8250351124470787,0.0006105530139625146,0.01070513767329309,0,1,20,12,16,1.0,0.0,112352447,378299.0,12837264,0,0,5.194035543999917,426.6672823887734
3,x,4,0.5,normal,128000000,0.8407227854360712,0.0013954132387065264,0.02446649265481522,0.058314853170325864,1181,0.0007054595814935994,0.01236918297040193,0.7915649696020322,0.0011858558253430914,0.020792215549940436,0,1,24,16,24,1.0,0.0,107659510,343407.0,12456297,0,0,43.108117585999935,1776.9416452081744
3,x,4,0.8,m1,118000000,0.8125470338983052,0.0011854261196440924,0.020775879825975615,0.09333140935065512,1180,0.0008033783742645296,0.014080078278955703,0.7365379999999999,0.0008639976374818013,0.01514249668434679,0,1,20,12,16,1.0,0.0,95880550,580734.0,16776664,0,0,0.0,549.3694391860372
3,x,4,0.8,normal,118000000,0.7620522033898305,0.001940407513255734,0.034007748471853255,0.09323674425392028,1180,0.0010366589322159283,0.018168573341971462,0.6907586313559322,0.0016242974894826877,0.028467577088024717,0,1,24,16,24,1.0,0.0,89922160,569392.0,15686499,0,0,0.0,2138.6475057800926
3,x,4,1.0,m1,128100000,0.7728997973773266,0.0013898436562825086,0.024379153175636596,0.11523318229792316,1182,0.0009605987824796837,0.01684979799889234,0.6835970677664974,0.0009957775036375416,0.01746686555735742,0,1,20,12,16,1.0,0.0,99107867,812949.0,21649237,0,0,6.476582602000008,625.6548115119244
3,x,4,1.0,normal,128100000,0.7156390865482234,0.002210296045211809,0.038770652804108956,0.1163340128375716,1182,0.0012261139002345313,0.021507180645445833,0.6320839678087987,0.0018321180788899965,0.032137058782986797,0,1,24,16,24,1.0,0.0,91458153,805395.0,19499729,0,0,47.717731448,2400.6024250479795
3,x,5,0.0,m2,100,1.0,0.0,,0.0,1,0.0,,1.0,0.0,,2,-1,4,4,0,1.0,0.0,100,0.0,0,0,0,0.0,0.0024814890002744
3,x,5,0.01,m1,10000000,1.0,0.0,,9e-07,1,0.0,,0.9999991,0.0,,2,-1,4,4,0,1.0,0.0,10000000,0.0,18,0,0,0.0065068789999713,0.0027391999999508
3,x,5,0.01,normal,10000000,1.0,0.0,,1.6e-06,1,0.0,,0.9999984,0.0,,2,-1,8,8,8,1.0,0.0,10000000,0.0,32,0,0,0.0962529800001448,0.0527519159998064
3,x,5,0.05,m1,10000000,1.0,0.0,,1.885e-05,1,0.0,,0.99998115,0.0,,2,-1,4,4,0,1.0,0.0,10000000,2.0,373,0,0,0.0113202909999472,0.0054657690000112
3,x,5,0.05,normal,10000000,1.0,0.0,,4.575e-05,1,0.0,,0.99995425,0.0,,2,-1,8,8,8,1.0,0.0,10000000,2.0,911,0,0,0.1339170520000152,0.0606540949997906
3,x,5,0.1,m1,128000000,1.0,0.0,0.0,3.387519051651143e-05,1181,7.528462338052231e-07,1.320003733566029e-05,0.9999661248094835,7.528462338043122e-07,1.3200037335644319e-05,2,-1,4,4,0,1.0,0.0,128000000,20.0,9280,0,0,0.0353690749999486,8.071169392161949
3,x,5,0.1,normal,128000000,1.0,0.0,0.0,0.0001449611769686706,1181,1.5486653907273084e-06,2.7153540869455e-05,0.9998550388230314,1.5486653907268831e-06,2.7153540869447546e-05,2,-1,8,8,8,1.0,0.0,128000000,133.0,37323,0,0,0.2127528830000074,107.02127475097853
3,x,5,0.3,m1,118000000,1.0,0.0,0.0,0.0002989449152542373,1180,2.254044696080132e-06,3.950458063316382e-05,0.9997010550847458,2.254044696080025e-06,3.950458063316195e-05,2,-1,4,4,0,1.0,0.0,118000000,433.0,69685,0,0,0.0,11.193565083896772
3,x,5,0.3,normal,118000000,1.0,0.0,0.0,0.0012606694915254237,1180,4.534922480562413e-06,7.94794402746645e-05,0.9987393305084746,4.534922480563473e-06,7.947944027468309e-05,2,-1,8,8,8,1.0,0.0,118000000,3151.0,291216,0,0,0.0,137.04130531200275
3,x,5,0.5,m1,128000000,1.0,0.0,0.0,0.0008251400084674004,1181,3.920054841339825e-06,6.873232267096528e-05,0.9991748599915325,3.920054841340316e-06,6.873232267097388e-05,2,-1,4,4,0,1.0,0.0,128000000,2384.0,222708,0,0,0.0166430289998515,13.910290825887557
3,x,5,0.5,normal,128000000,1.0,0.0,0.0,0.00339955783234547,1181,7.625822590828123e-06,0.0001337074403696838,0.9966004421676545,7.625822590828138e-06,0.00013370744036968408,2,-1,8,8,8,1.0,0.0,128000000,15569.0,848618,0,0,0.7256167450000248,169.75007538312906
3,x,5,0.8,m1,118100000,1.0,0.0,0.0,0.00207342082980525,1181,5.7669504499337794e-06,0.00010111488619298006,0.9979265791701949,5.766950449934276e-06,0.00010111488619298876,2,-1,4,4,0,1.0,0.0,118100000,7480.0,474782,0,0,0.0,15.841266676983594
3,x,5,0.8,normal,118100000,1.0,0.0,0.0,0.008272197290431839,1181,1.207922035565345e-05,0.0002117911367828471,0.9917278027095681,1.2079220355653069e-05,0.00021179113678284044,2,-1,8,8,8,1.0,0.0,118100000,53683.0,1846527,0,0,0.0,181.07294724285015
3,x,5,1.0,m1,128000000,1.0,0.0,0.0,0.0032030480948348856,1181,8.883992050983945e-06,0.00015576756779397957,0.9967969519051652,8.883992050983843e-06,0.0001557675677939778,2,-1,4,4,0,1.0,0.0,128000000,18130.0,845828,0,0,0.0175832789999503,17.036916204033844
3,x,5,1.0,normal,127800000,1.0,0.0,0.0,0.01254740572519084,1179,1.5013541568134685e-05,0.0002630170981612684,0.9874525942748091,1.5013541568134974e-05,0.00026301709816127343,2,-1,8,8,8,1.0,0.0,127800000,112968.0,3016899,0,0,0.9182567320000316,209.0175034161303
3,x,6,0.0,m2,100,1.0,0.0,,0.0,1,0.0,,1.0,0.0,,0,1,20,12,16,1.0,0.0,100,0.0,0,0,0,0.0,0.0116939390009065
3,x,6,0.01,m1,10000000,0.9974796,0.0,,0.0015869998744836487,1,0.0,,0.9958966,0.0,,0,1,20,12,16,1.0,0.0,9974796,415.0,30830,0,0,2.4234527920000346,1.297417217999964
3,x,6,0.01,normal,10000000,0.9964525,0.0,,0.0015272178051638186,1,0.0,,0.9949307,0.0,,0,1,24,16,24,1.0,0.0,9964525,214.0,30008,0,0,16.054773366000063,3.889111920999994
3,x,6,0.05,m1,10000000,0.987443,0.0,,0.00777857557347614,1,0.0,,0.9797621,0.0,,0,1,20,12,16,1.0,0.0,9874430,1939.0,149740,0,0,4.527942811000003,0.6363081289998718
3,x,6,0.05,normal,10000000,0.9826044,0.0,,0.007612575315152263,1,0.0,,0.97512425,0.0,,0,1,24,16,24,1.0,0.0,9826044,1162.0,147279,0,0,38.98656758800007,-3.816795809000041
3,x,6,0.1,m1,128000000,0.9736622704487723,0.00017623389709677694,0.0030899988829435118,0.012659007118314239,1181,0.00012304562007023505,0.002157421669903432,0.961333400804403,0.0001553298429545341,0.0027234774304158503,0,1,20,12,16,1.0,0.0,124663907,50188.0,3112763,0,0,5.658003242999939,348.6437742432251
3,x,6,0.1,normal,128000000,0.9647056748518205,0.0003510039166075969,0.006154330852881694,0.012372891407106675,1181,0.0001567851114699518,0.0027489933961925943,0.9527621643099069,0.0003126104141982367,0.005481157975747482,0,1,24,16,24,1.0,0.0,123453976,69379.0,2937936,0,0,51.42622424299998,1802.449427190023
3,x,6,0.3,m1,118100000,0.9235807620660458,0.0004901938511763595,0.008594819030353444,0.03729277849555756,1181,0.0003521334928251629,0.0061741362893384605,0.889111947502117,0.0004216986733389901,0.0073938581114204455,0,1,20,12,16,1.0,0.0,109074888,162520.0,7816494,0,0,0.0,575.8972270920167
3,x,6,0.3,normal,118000000,0.8987003644067796,0.0009644779442358947,0.016903523156942966,0.036723328152928114,1180,0.00044920055858079584,0.00787272750969727,0.8656412627118644,0.0008436637519663415,0.01478612326312407,0,1,24,16,24,1.0,0.0,106046643,221336.0,7359276,0,0,0.0,2377.2536315269354
3,x,6,0.5,m1,128000000,0.8766608076206605,0.0007667178490347752,0.013443255446761813,0.061066757315004584,1181,0.0005620194831032693,0.00985417450099248,0.8230617236663844,0.0006437355440321482,0.011286943912260284,0,1,20,12,16,1.0,0.0,112271914,331414.0,13284140,0,0,2.88552095,711.6857085069701
3,x,6,0.5,normal,128000000,0.8382379012701101,0.0014813936243413945,0.025974030648036238,0.06056767155658426,1181,0.00071554944055857,0.012546093620131791,0.7873348348433531,0.0012715084178411234,0.022294006178759113,0,1,24,16,24,1.0,0.0,107320523,437670.0,12371435,0,0,65.18601316299987,2734.123678640149
3,x,6,0.8,m1,118000000,0.8116971186440678,0.0011157680431569368,0.01955504640411693,0.09509204593841601,1180,0.0008398577928911777,0.014719419698002756,0.7343725974576271,0.0009020041205639971,0.015808601565991162,0,1,20,12,16,1.0,0.0,95780260,549593.0,17149401,0,0,0.0,864.69050211598
3,x,6,0.8,normal,118000000,0.756964279661017,0.0020929866926382196,0.03668186425373617,0.09522029851000204,1180,0.0010698086655449156,0.018749558410963322,0.6846210296610169,0.0017504652540593526,0.030678804149179544,0,1,24,16,24,1.0,0.0,89321785,713864.0,15645279,0,0,0.0,3259.707676442009
3,x,6,1.0,m1,128100000,0.771933625465313,0.0013171746372795646,0.02310447084903977,0.11681551291772911,1182,0.0010046170391352738,0.017621919249135313,0.681565094966159,0.0010384819382998488,0.018215941145251987,0,1,20,12,16,1.0,0.0,99154885,792371.0,21975348,0,0,8.38063674,992.4275507290702
3,x,6,1.0,normal,128100000,0.7084096845177665,0.002409886121844973,0.042271648782024815,0.1175337864576184,1182,0.0012720003351259946,0.022312071483236204,0.6247989400169204,0.001980336993381374,0.03473695669494113,0,1,24,16,24,1.0,0.0,90527772,1007829.0,19488857,0,0,99.65185854900004,3398.161200221032
3,x,7,0.0,m2,100,1.0,0.0,,0.0,1,0.0,,1.0,0.0,,1,0,12,4,8,1.0,0.0,100,0.0,0,0,0,0.0,0.0125825699997221
3,x,7,0.01,m1,10000000,0.9986333,0.0,,0.0007505257435336875,1,0.0,,0.9978838,0.0,,1,0,12,4,8,1.0,0.0,9986333,7.0,14976,0,0,0.3650079989999995,0.0549835150000035
3,x,7,0.01,normal,10000000,0.9990408,0.0,,0.0014165587631656284,1,0.0,,0.9976256,0.0,,1,0,16,8,16,1.0,0.0,9990408,30.0,28244,0,0,1.841673205999996,0.5618396889999531
3,x,7,0.05,m1,10000000,0.9932525,0.0,,0.0036721276815311313,1,0.0,,0.98960515,0.0,,1,0,12,4,8,1.0,0.0,9932525,118.0,72711,0,0,0.1536868959999537,0.0265428410000367
3,x,7,0.05,normal,10000000,0.9952465,0.0,,0.006964957927508411,1,0.0,,0.98831465,0.0,,1,0,16,8,16,1.0,0.0,9952465,494.0,137649,0,0,7.509621522000089,1.2811877099998128
3,x,7,0.1,m1,128100000,0.9890844704737732,0.00011810833612421778,0.0020717303019488664,0.008861501811869054,1182,7.889645446577468e-05,0.0013839173490782838,0.9803177056260576,8.426640637464401e-05,0.0014781113107806328,1,0,12,4,8,1.0,0.0,126693599,10129.0,2257651,0,0,0.5755138209999586,125.55735728581891
3,x,7,0.1,normal,128000000,0.9922473703640983,1.640990110757949e-05,0.0002877231731633849,0.012608614103952174,1181,1.4666381866152789e-05,0.0002571531602592241,0.9797365089754445,2.2184610619516206e-05,0.0003889741029513642,1,0,16,8,16,1.0,0.0,126991200,20555.0,3186053,0,0,8.800454575000003,678.128523552867
3,x,7,0.3,m1,118000000,0.9677418813559322,0.0003415426498227494,0.005985905768883465,0.02621814840461481,1180,0.00022968773087238612,0.004025526867535565,0.9423525042372882,0.00023646797406927096,0.004144357991226058,1,0,12,4,8,1.0,0.0,114193542,78018.0,5835857,0,0,0.0,149.26272888801026
3,x,7,0.3,normal,118000000,0.9769730423728813,2.661457948075564e-05,0.00046644940224285645,0.03708827358111839,1180,2.4795867642391163e-05,0.0004345745026048393,0.9407387966101695,3.5065815840151956e-05,0.000614566495391141,1,0,16,8,16,1.0,0.0,115282819,158641.0,8234000,0,0,0.0,1064.5489190749577
3,x,7,0.5,m1,128000000,0.9469366942421675,0.0005556862183196966,0.009743130136491598,0.0431660746342649,1181,0.0003726918024981181,0.0065345956275879805,0.9060162480948348,0.0003780947847352414,0.006629328873304648,1,0,12,4,8,1.0,0.0,121088099,216831.0,9896570,0,0,0.8058654639999077,168.26983098120758
3,x,7,0.5,normal,128000000,0.9619734400508044,3.762491435035381e-05,0.0006596968303412999,0.060620511709292245,1181,3.235945817932765e-05,0.000567374899346809,0.9036581512277732,4.91047534411644e-05,0.0008609787094312037,1,0,16,8,16,1.0,0.0,123052403,458030.0,14111274,0,0,14.020611068000107,1261.5107458699433
3,x,7,0.8,m1,118000000,0.916867813559322,0.0008553361679300786,0.014990695026241799,0.06776005401357055,1180,0.0005738925063408688,0.010058089278769722,0.8546341779661017,0.0005664537455639845,0.00992771691950272,1,0,12,4,8,1.0,0.0,108190402,494176.0,13698786,0,0,0.0,200.15546382693353
3,x,7,0.8,normal,118000000,0.9400806779661017,4.22113384975661e-05,0.000739799538230448,0.09421955604735925,1180,3.8311870753025835e-05,0.0006714571321510542,0.8515066949152543,5.258399914988863e-05,0.0009215916783032346,1,0,16,8,16,1.0,0.0,110929520,986017.0,18931426,0,0,0.0,1597.4742347510764
3,x,7,1.0,m1,128000000,0.897424283573243,0.001043897345651639,0.018303185057525765,0.0836314427995467,1181,0.0007001439239566152,0.012275980833230941,0.8222127542337002,0.000681144308836071,0.011942850882262435,1,0,12,4,8,1.0,0.0,114797787,824121.0,17852214,0,0,0.2770653259999562,229.853120125001
3,x,7,1.0,normal,128100000,0.9258343272419628,5.3402838524006084e-05,0.0009367355633890775,0.11548639964645252,1182,4.545414764133405e-05,0.0007973081164971244,0.8189131848138748,6.840455243908707e-05,0.0011998796082459458,1,0,16,8,16,1.0,0.0,118447615,1602781.0,24333149,0,0,11.971465996999996,1911.8932978210457
3,x,8,0.0,m2,100,1.0,0.0,,0.0,1,0.0,,1.0,0.0,,0,1,20,4,16,1.0,0.0,100,0.0,0,0,0,0.0,0.0121036349992209
3,z,2,0.0,m2,100,1.0,0.0,,0.0,1,0.0,,1.0,0.0,,1,0,12,12,8,1.0,0.0,100,0.0,0,0,0,0.0,0.0130909100007556
3,z,2,0.01,m1,10000000,0.9986939,0.0,,0.0008090567089675826,1,0.0,,0.9978859,0.0,,1,0,12,12,8,1.0,0.0,9986939,5.0,16150,0,0,0.3713679429999956,0.1536092329999974
3,z,2,0.01,normal,10000000,0.9984004,0.0,,0.0010833328993057295,1,0.0,,0.9973188,0.0,,1,0,16,16,16,1.0,0.0,9984004,13.0,21606,0,0,1.9873235529998965,0.5600932049999301
3,z,2,0.05,m1,10000000,0.9934726,0.0,,0.00401661807280845,1,0.0,,0.9894822,0.0,,1,0,12,12,8,1.0,0.0,9934726,140.0,79528,0,0,0.4507807509999111,0.0887904610001442
3,z,2,0.05,normal,10000000,0.9920416,0.0,,0.005400781580127285,1,0.0,,0.9866838,0.0,,1,0,16,16,16,1.0,0.0,9920416,309.0,106538,0,0,2.640595377999944,0.5597333359999084
3,z,2,0.1,m1,128000000,0.9899145508044029,0.00010175357393384739,0.0017840973556774889,0.00927256992589968,1181,7.699676590204749e-05,0.001350023602422743,0.9807339118120237,7.643099352266999e-05,0.001340103626475569,1,0,12,12,8,1.0,0.0,126703914,11247.0,2373171,0,0,0.2001294030000053,91.78561723906859
3,z,2,0.1,normal,128000000,0.9885724757832346,2.0001027717335026e-05,0.0003506882292363365,0.011139307647158524,1181,1.3179951039641601e-05,0.00023109080977411775,0.9775604621083827,2.3585661525354777e-05,0.00041353944370196236,1,0,16,16,16,1.0,0.0,126494721,15662.0,2778864,0,0,8.70479639000007,680.549740587951
3,z,2,0.3,m1,118000000,0.9701733305084744,0.00029222222844119014,0.005121511834407483,0.027428748303458195,1180,0.00022424407861283287,0.00393012095122858,0.943549127118644,0.00021168898583721514,0.0037100793186142056,1,0,12,12,8,1.0,0.0,114480453,84927.0,6113458,0,0,0.0,146.27143001890357
3,z,2,0.3,normal,118000000,0.966221872881356,3.304613980768213e-05,0.0005791694800540784,0.032974658548238965,1180,2.2881361829403817e-05,0.00040102070955302184,0.9343610254237288,3.7978814168514265e-05,0.0006656199538905145,1,0,16,16,16,1.0,0.0,114014181,123652.0,7271856,0,0,0.0,1073.2726918289918
3,z,2,0.5,m1,128000000,0.9509589199830651,0.0004765689747726637,0.008355927117042666,0.04515552836684106,1181,0.00036330827172206007,0.006370069392319161,0.9079820726079593,0.00033950369470345856,0.00595269159152055,1,0,12,12,8,1.0,0.0,121586375,240280.0,10397563,0,0,0.2877874999999221,174.15987757593592
3,z,2,0.5,normal,128000000,0.9445389651143098,5.313833004212665e-05,0.0009317014670650321,0.05414404144337664,1181,2.9265415793352377e-05,0.0005131254747245221,0.8933977756562236,5.571774363187128e-05,0.0009769276422916025,1,0,16,16,16,1.0,0.0,120700600,349512.0,12336068,0,0,5.0482690869998805,1395.4780204120357
3,z,2,0.8,m1,118000000,0.9230153305084745,0.000734998919274239,0.012881654087095889,0.0708227954818279,1180,0.0005592330869984913,0.009801167038295337,0.8575596610169491,0.0005085360497159905,0.008912646415491384,1,0,12,12,8,1.0,0.0,108915809,543938.0,14359662,0,0,0.0,203.39989782695918
3,z,2,0.8,normal,118100000,0.9133186367485182,5.087118172105361e-05,0.0008919503982014981,0.08473824438943142,1181,3.777651292636036e-05,0.0006623548855635528,0.8359256392887383,5.8900420129089506e-05,0.00103273113403289,1,0,16,16,16,1.0,0.0,107862931,772169.0,16735888,0,0,0.0,1747.079369793937
3,z,2,1.0,m1,128000000,0.9049872715495343,0.0008945528893467323,0.015684652466701005,0.0873623792416361,1181,0.0006804690661028775,0.011931011506718592,0.825800183657917,0.0006123438333608548,0.010736537023994538,1,0,12,12,8,1.0,0.0,115792043,915001.0,18792426,0,0,0.8170371759999853,221.88074307206122
3,z,2,1.0,normal,128000000,0.8932703715495344,8.349890062977815e-05,0.001464028849860487,0.10433700370279045,1181,4.1863419679918024e-05,0.0007340127079871962,0.8000691223962743,8.074451533259322e-05,0.0014157348063665517,1,0,16,16,16,1.0,0.0,113974272,1229350.0,21257844,0,0,5.879382033999946,1904.2564742010288
3,z,3,0.0,m2,100,1.0,0.0,,0.0,1,0.0,,1.0,0.0,,0,1,20,12,16,1.0,0.0,100,0.0,0,0,0,0.0,0.0115967159999854
3,z,3,0.01,m1,10000000,0.9974824,0.0,,0.0015596265157159666,1,0.0,,0.9959267,0.0,,0,1,20,12,16,1.0,0.0,9974824,424.0,30266,0,0,2.6672193570000218,-1.360077098000147
3,z,3,0.01,normal,10000000,0.9965236,0.0,,0.001981187399876932,1,0.0,,0.9945493,0.0,,0,1,24,16,24,1.0,0.0,9965236,510.0,38466,0,0,5.783265724999865,1.623445036000021
3,z,3,0.05,m1,10000000,0.987587,0.0,,0.0077610883901873965,1,0.0,,0.97992225,0.0,,0,1,20,12,16,1.0,0.0,9875870,2356.0,148583,0,0,5.237070519000099,-3.1139937729999474
3,z,3,0.05,normal,10000000,0.9828767,0.0,,0.00979583705667252,1,0.0,,0.9732486,0.0,,0,1,24,16,24,1.0,0.0,9828767,2852.0,186858,0,0,33.53210178800009,-4.842757995000056
3,z,3,0.1,m1,128000000,0.9738047164267569,0.0001854240037313885,0.0032511337139998053,0.012433480574741654,1181,0.00012298674308507216,0.0021563893496666245,0.9616930528789162,0.000153469078759202,0.0026908517018828203,0,1,20,12,16,1.0,0.0,124660521,49490.0,3058788,0,0,2.035417456999994,309.0225124868378
3,z,3,0.1,normal,128100000,0.9649005356175973,0.0003374177349950862,0.005918621571885278,0.012167690243343082,1182,0.0001593872924113898,0.0027958016704847364,0.9531525626480543,0.0002986074382640654,0.005237852792950662,0,1,24,16,24,1.0,0.0,123570025,70344.0,2815110,0,0,37.24654861199997,1609.6318450649921
3,z,3,0.3,m1,118000000,0.9239058474576272,0.0005167836703603908,0.009057194922158118,0.03664413648156547,1180,0.00035250855352637786,0.006178095137545434,0.8900191355932204,0.0004168724056477388,0.007306141529176944,0,1,20,12,16,1.0,0.0,109020890,159475.0,7678314,0,0,0.0,525.5191166609475
3,z,3,0.3,normal,118000000,0.8997486016949152,0.0009188039481888265,0.01610303678556887,0.03604313152242225,1180,0.00045771956522641823,0.008022032350693415,0.8672614661016949,0.0007944060406466355,0.013922828390569663,0,1,24,16,24,1.0,0.0,106170335,218614.0,7229736,0,0,0.0,2210.492811142012
3,z,3,0.5,m1,128100000,0.8772074897631134,0.0008090752762912356,0.014191934468430013,0.060026632607529384,1182,0.0005638595815835006,0.00989062262279401,0.8244748280456853,0.0006394781221868164,0.01121704230744925,0,1,20,12,16,1.0,0.0,112441019,328103.0,13092165,0,0,7.10533588699991,656.589665041934
3,z,3,0.5,normal,128000000,0.8405974868755293,0.0013920049718939647,0.02440673377291405,0.059303258547887254,1181,0.0007307050557631392,0.012811824758260822,0.7906103214648603,0.0011794780788655474,0.020680391265191826,0,1,24,16,24,1.0,0.0,107643647,449536.0,12456501,0,0,64.90135859999987,2644.6025230649548
3,z,3,0.8,m1,118000000,0.8125873644067796,0.0011841506776312024,0.02075352631988554,0.09355605842473823,1180,0.000845395444502555,0.014816473055010475,0.7363969533898305,0.0009010056344482115,0.015791102012703357,0,1,20,12,16,1.0,0.0,95885309,541514.0,16897909,0,0,0.0,905.0912068529615
3,z,3,0.8,normal,118000000,0.7619211694915253,0.0019387406634457976,0.033978535119147994,0.09295707575340673,1180,0.0010960198003775058,0.0192089370077061,0.6908145974576271,0.0015929883074313825,0.027918849678557137,0,1,24,16,24,1.0,0.0,89906698,684584.0,15411983,0,0,0.0,3292.8984154968894
3,z,3,1.0,m1,128100000,0.7729144511844331,0.0013926966661882087,0.024429197628613925,0.11491968812073347,1182,0.0010119411865902224,0.017750391622181023,0.6838552762690355,0.001034397540726979,0.018144297004841596,0,1,20,12,16,1.0,0.0,99110498,778256.0,21629928,0,0,10.254314715000078,1015.277919833873
3,z,3,1.0,normal,128000000,0.7154953717188823,0.0022065571227301694,0.038688692451958315,0.11459289025312046,1181,0.0013079737139739857,0.022933370830922898,0.6331282462320068,0.0017765149674674055,0.03114854381272776,0,1,24,16,24,1.0,0.0,91369752,944611.0,18822504,0,0,46.98821670400002,3599.426674536054
3,z,4,0.0,m2,100,1.0,0.0,,0.0,1,0.0,,1.0,0.0,,2,-1,4,4,0,1.0,0.0,100,0.0,0,0,0,0.0,0.0024508469996362
3,z,4,0.01,m1,10000000,1.0,0.0,,6e-07,1,0.0,,0.9999994,0.0,,2,-1,4,4,0,1.0,0.0,10000000,0.0,12,0,0,0.0093579080000836,0.0040502429999378
3,z,4,0.01,normal,10000000,1.0,0.0,,4.5e-07,1,0.0,,0.99999955,0.0,,2,-1,8,8,8,1.0,0.0,10000000,0.0,9,0,0,0.1251717159998406,0.0575828590001492
3,z,4,0.05,m1,10000000,1.0,0.0,,1.61e-05,1,0.0,,0.9999839,0.0,,2,-1,4,4,0,1.0,0.0,10000000,0.0,322,0,0,0.0503026630001386,0.0166331799998715
3,z,4,0.05,normal,10000000,1.0,0.0,,1.17e-05,1,0.0,,0.9999883,0.0,,2,-1,8,8,8,1.0,0.0,10000000,0.0,234,0,0,0.1448155830000814,0.0616890559999774
3,z,4,0.1,m1,128100000,1.0,0.0,0.0,3.328138747884941e-05,1182,7.407035301198998e-07,1.2992630312698467e-05,0.9999667186125211,7.40703530119088e-07,1.2992630312684227e-05,2,-1,4,4,0,1.0,0.0,128100000,16.0,9194,0,0,0.0126259539999864,8.070811559910053
3,z,4,0.1,normal,128000000,1.0,0.0,0.0,3.793594411515665e-05,1181,8.003978556827408e-07,1.4033784196532319e-05,0.9999620640558848,8.003978556819648e-07,1.4033784196518712e-05,2,-1,8,8,8,1.0,0.0,128000000,28.0,9842,0,0,0.5543485949999649,92.16558888906258
3,z,4,0.3,m1,118000000,1.0,0.0,0.0,0.000294271186440678,1180,2.2065713296558325e-06,3.86725583422581e-05,0.9997057288135592,2.206571329655812e-06,3.867255834225775e-05,2,-1,4,4,0,1.0,0.0,118000000,406.0,68636,0,0,0.0,11.277214548019343
3,z,4,0.3,normal,118100000,1.0,0.0,0.0,0.0003358933107535986,1181,2.3882458329650895e-06,4.1874333358265084e-05,0.9996641066892463,2.3882458329652094e-06,4.187433335826719e-05,2,-1,8,8,8,1.0,0.0,118100000,471.0,78396,0,0,0.0,126.4740908930034
3,z,4,0.5,m1,128000000,1.0,0.0,0.0,0.0008027308213378493,1181,3.944836517135943e-06,6.91668324434265e-05,0.9991972691786621,3.944836517135704e-06,6.916683244342231e-05,2,-1,4,4,0,1.0,0.0,128000000,2195.0,217095,0,0,0.0689392140000109,13.721589333992313
3,z,4,0.5,normal,128100000,1.0,0.0,0.0,0.0009246458544839257,1182,4.0237496476902e-06,7.058031927406489e-05,0.9990753541455161,4.023749647690182e-06,7.058031927406459e-05,2,-1,8,8,8,1.0,0.0,128100000,2436.0,236611,0,0,0.2892560170000706,133.65234376692314
3,z,4,0.8,m1,118000000,1.0,0.0,0.0,0.002030699152542373,1180,5.748966623990824e-06,0.0001007568820395473,0.9979693008474576,5.748966623991411e-06,0.00010075688203955759,2,-1,4,4,0,1.0,0.0,118000000,7186.0,464873,0,0,0.0,15.457899685952668
3,z,4,0.8,normal,118000000,1.0,0.0,0.0,0.0023071228813559322,1180,6.144113291611686e-06,0.00010768225642103178,0.9976928771186441,6.1441132916117e-06,0.00010768225642103205,2,-1,8,8,8,1.0,0.0,118000000,8677.0,527127,0,0,0.0,168.32553457299576
3,z,4,1.0,m1,128000000,1.0,0.0,0.0,0.003124465580016935,1181,9.033493131681985e-06,0.00015838884656024392,0.996875534419983,9.033493131681644e-06,0.00015838884656023793,2,-1,4,4,0,1.0,0.0,128000000,17322.0,826092,0,0,0.051371579999909,17.692940265985783
3,z,4,1.0,normal,128100000,1.0,0.0,0.0,0.0035499377326565144,1182,7.675008191846758e-06,0.000134626797400919,0.9964500622673436,7.675008191845816e-06,0.00013462679740090244,2,-1,8,8,8,1.0,0.0,128100000,18404.0,890139,0,0,0.3578825620000998,177.62618643974787
3,z,5,0.0,m2,100,1.0,0.0,,0.0,1,0.0,,1.0,0.0,,0,1,20,12,16,1.0,0.0,100,0.0,0,0,0,0.0,0.0100495449987647
3,z,5,0.01,m1,10000000,0.9974792,0.0,,0.0015103071823452559,1,0.0,,0.9959727,0.0,,0,1,20,12,16,1.0,0.0,9974792,443.0,29244,0,0,1.200581222999972,0.2533698869999625
3,z,5,0.01,normal,10000000,0.9964583,0.0,,0.0014623291310835586,1,0.0,,0.99500115,0.0,,0,1,24,16,24,1.0,0.0,9964583,274.0,28595,0,0,3.238199902999895,0.8711689970002681
3,z,5,0.05,m1,10000000,0.987453,0.0,,0.007500762061586729,1,0.0,,0.98004635,0.0,,0,1,20,12,16,1.0,0.0,9874530,2178.0,143777,0,0,1.6870029869999144,0.3144403160001729
3,z,5,0.05,normal,10000000,0.982587,0.0,,0.007269687060789528,1,0.0,,0.9754439,0.0,,0,1,24,16,24,1.0,0.0,9825870,1625.0,139612,0,0,17.188210832999857,2.397194941999942
3,z,5,0.1,m1,128000000,0.9736644953429296,0.00017623254329085942,0.003089975145973259,0.012197048138755478,1181,0.00011561132624579386,0.0020270724011677904,0.9617852305673159,0.00014650804483159945,0.002568800340511562,0,1,20,12,16,1.0,0.0,124664047,66363.0,2963755,0,0,0.8397423019999906,187.2468129489318
3,z,5,0.1,normal,128000000,0.964716266638442,0.0003506622174522612,0.006148339667158153,0.011585366308474933,1181,0.00015546608451534705,0.0027258662232511545,0.9535314685012701,0.0003028166554702392,0.005309439004381195,0,1,24,16,24,1.0,0.0,123455909,44305.0,2794435,0,0,21.491524251999977,667.2661965330159
3,z,5,0.3,m1,118100000,0.9235671718882302,0.0004914490987483101,0.00861682792682025,0.03618293837737245,1181,0.0003315033485002483,0.005812417437465467,0.8901224682472482,0.00039899269691891974,0.006995742635737406,0,1,20,12,16,1.0,0.0,109073283,199048.0,7501543,0,0,0.0,328.17040073312086
3,z,5,0.3,normal,118000000,0.8987428898305084,0.0009651930214434857,0.01691605566140277,0.034448369426294444,1180,0.0004477904522217133,0.007848013864728035,0.8677189576271186,0.0008189072228464339,0.01435223821083765,0,1,24,16,24,1.0,0.0,106051661,139423.0,7042802,0,0,0.0,1200.234446556049
3,z,5,0.5,m1,128000000,0.8765896193903471,0.0007682756006365894,0.01347056830080865,0.059610275189361385,1181,0.0005286563861081823,0.00926920228994421,0.8242682744284504,0.0006099085904243934,0.010693838666429254,0,1,20,12,16,1.0,0.0,112263672,377948.0,12865416,0,0,2.5162463359999947,426.3231087678903
3,z,5,0.5,normal,128000000,0.8382737150719729,0.001480375739364404,0.025956183551117434,0.056888177353999335,1181,0.0007156202716703194,0.012547335538172468,0.7904322334462319,0.0012327911053013512,0.021615155773307467,0,1,24,16,24,1.0,0.0,107324417,269605.0,11919739,0,0,25.843486956000103,1577.3020192940426
3,z,5,0.8,m1,118000000,0.8116223983050848,0.0011209593970634057,0.01964603051785258,0.09368967941993085,1180,0.0007932318053117258,0.013902248641396579,0.7354367923728814,0.0008635368069385317,0.015134420128728137,0,1,20,12,16,1.0,0.0,95771443,581191.0,16817421,0,0,0.0,524.4594601200188
3,z,5,0.8,normal,118000000,0.7570734491525424,0.002097151403741092,0.036754855337658945,0.08964470629882294,1180,0.001078808831947238,0.01890729609911598,0.6888860720338983,0.0016965807842473316,0.02973442031053334,0,1,24,16,24,1.0,0.0,89334667,415394.0,15261433,0,0,0.0,2020.7846277408898
3,z,5,1.0,m1,128000000,0.7718110763759526,0.001315662710274751,0.023068185928198277,0.11572624298693332,1181,0.0009477104809147197,0.016616691655931715,0.6822926053344623,0.000995653580237924,0.01745730249070319,0,1,20,12,16,1.0,0.0,99061792,816265.0,21713776,0,0,6.696941369000001,590.1338636050696
3,z,5,1.0,normal,128000000,0.7085737265876376,0.0024145634015627915,0.042335772723270056,0.11088684274833971,1181,0.0012926318100070983,0.02266437339682612,0.6295720232430144,0.0019198401761230978,0.03366153786177007,0,1,24,16,24,1.0,0.0,90477136,558765.0,19150069,0,0,56.09284996700001,2275.9742811680644
3,z,6,0.0,m2,100,1.0,0.0,,0.0,1,0.0,,1.0,0.0,,1,0,12,4,8,1.0,0.0,100,0.0,0,0,0,0.0,0.0024936319987318
3,z,6,0.01,m1,10000000,0.9986412,0.0,,2.503401622124142e-07,1,0.0,,0.99864095,0.0,,1,0,12,4,8,1.0,0.0,9986412,0.0,5,0,0,0.03674025600003,0.0030576880001262
3,z,6,0.01,normal,10000000,0.9990492,0.0,,2.0169176853352166e-05,1,0.0,,0.99902905,0.0,,1,0,16,8,16,1.0,0.0,9990492,0.0,403,0,0,1.3035659550000671,0.2460809110000354
3,z,6,0.05,m1,10000000,0.9931916,0.0,,7.601755794148883e-06,1,0.0,,0.99318405,0.0,,1,0,12,4,8,1.0,0.0,9931916,0.0,151,0,0,0.0711575580000953,0.0122333489998709
3,z,6,0.05,normal,10000000,0.9952204,0.0,,0.00012248543136776538,1,0.0,,0.9950985,0.0,,1,0,16,8,16,1.0,0.0,9952204,7.0,2424,0,0,1.61164407199999,0.300062386000036
3,z,6,0.1,m1,128000000,0.9901340055884843,9.570707028479454e-05,0.0016780809205360291,0.00010810088803094904,1181,3.5907295352100204e-06,6.295809396224352e-05,0.9900269570702794,9.528477339981617e-05,0.001670676573674556,1,0,12,4,8,1.0,0.0,126704350,140.0,26080,0,0,0.3762001140000848,22.525178055984327
3,z,6,0.1,normal,128000000,0.992967716765453,1.5796332383848505e-05,0.0002769651595112401,0.0002064989494848132,1181,1.8099491909582223e-06,3.173476312093482e-05,0.9927626698137172,1.5862076897940833e-05,0.0002781178916385527,1,0,16,8,16,1.0,0.0,127075868,436.0,52816,0,0,2.214990157999978,189.59701121384472
3,z,6,0.3,m1,118000000,0.9707647118644067,0.00027844540235976735,0.004880057999109049,0.0006267732077962436,1180,1.327304757160421e-05,0.00023262456993515494,0.9701558516949152,0.00027387094131256105,0.004799885602524858,1,0,12,4,8,1.0,0.0,114550236,1654.0,140383,0,0,0.0,38.90129197011987
3,z,6,0.3,normal,118100000,0.9790737679932261,2.5732371565507065e-05,0.0004511788067039141,0.0010810275048594162,1181,4.46981911617022e-06,7.837162034918271e-05,0.9780153640982219,2.629060770713525e-05,0.0004609666459474766,1,0,16,8,16,1.0,0.0,115628612,4191.0,241613,0,0,0.0,318.46883027007783
3,z,6,0.5,m1,128000000,0.9519267538526672,0.0004532988143943719,0.007947919516011452,0.0015634854885691171,1181,2.8571152523005003e-05,0.0005009526023930203,0.9504364082133784,0.0004394254067458113,0.007704669977512446,1,0,12,4,8,1.0,0.0,121675647,5930.0,353588,0,0,0.7096997690000535,63.81611400398714
3,z,6,0.5,normal,128000000,0.9654175118543606,3.839897596476881e-05,0.0006732688477753714,0.0025467022495625994,1181,6.8529393209343514e-06,0.00012015608345163289,0.9629588842082981,3.913277083610252e-05,0.0006861348478473423,1,0,16,8,16,1.0,0.0,123458047,15010.0,601381,0,0,6.739048065999896,401.5019471128544
3,z,6,0.8,m1,118100000,0.9244777815410669,0.0007016920326379626,0.012303124613030646,0.0036889854273404604,1181,6.198569498200296e-05,0.0010868268330222908,0.9210594707874682,0.0006668706331778284,0.011692583240417985,1,0,12,4,8,1.0,0.0,109180826,18482.0,770441,0,0,0.0,88.88258457303522
3,z,6,0.8,normal,118100000,0.9454734970364098,4.1148555174763624e-05,0.0007214786236891564,0.005835170753719563,1181,1.001130214539445e-05,0.0001755332711566337,0.9399564902624893,4.144124814395081e-05,0.0007266105589339248,1,0,16,8,16,1.0,0.0,111660420,42102.0,1218913,0,0,0.0,497.1183874168709
3,z,6,1.0,m1,128000000,0.9067396613039796,0.0008593582079324747,0.015067566151031045,0.005586933575106068,1181,9.145304687547684e-05,0.0016034929564760342,0.9016588928027096,0.0008064225706692419,0.014139418599930426,1,0,12,4,8,1.0,0.0,115774986,34070.0,1227623,0,0,1.0067508299999872,103.50998637403762
3,z,6,1.0,normal,128000000,0.9324522253175275,5.796914517909898e-05,0.0010164026149307801,0.008711781541009087,1181,1.2664637659077792e-05,0.00022205555721181635,0.924328899788315,5.8388194862535806e-05,0.0010237500269499706,1,0,16,8,16,1.0,0.0,119135549,78569.0,1916179,0,0,10.230997255000034,612.9801749152413
3,z,7,0.0,m2,100,1.0,0.0,,0.0,1,0.0,,1.0,0.0,,0,1,20,4,16,1.0,0.0,100,0.0,0,0,0,0.0,0.0020638280002458
3,z,7,0.01,m1,10000000,0.9974581,0.0,,4.5114676997459843e-07,1,0.0,,0.99745765,0.0,,0,1,20,4,16,1.0,0.0,9974581,0.0,9,0,0,0.1441386609999426,0.0139740179999989
3,z,7,0.01,normal,10000000,0.9977218,0.0,,7.517125515349069e-07,1,0.0,,0.99772105,0.0,,0,1,24,8,24,1.0,0.0,9977218,0.0,15,0,0,0.5874129290000383,0.0932709050000539
3,z,7,0.05,m1,10000000,0.987434,0.0,,8.810715450349086e-06,1,0.0,,0.9874253,0.0,,0,1,20,4,16,1.0,0.0,9874340,1.0,172,0,0,0.4251640550000957,0.01550773200006
3,z,7,0.05,normal,10000000,0.9886438,0.0,,1.8459631264566672e-05,1,0.0,,0.98862555,0.0,,0,1,24,8,24,1.0,0.0,9886438,2.0,361,0,0,0.9089148009998098,0.087828724000019
3,z,7,0.1,m1,128000000,0.9746322125317528,0.0002016259063582403,0.0035352099436200338,4.657398506383588e-05,1181,1.238737949257896e-06,2.171942482418519e-05,0.9745867860711261,0.00020108437843024103,0.0035257150580153556,0,1,20,4,16,1.0,0.0,124780156,26.0,11839,0,0,0.2607778289999487,29.705352840895955
3,z,7,0.1,normal,128000000,0.9734016085520745,0.0002588557757056804,0.004538650458003501,4.6067934107728035e-05,1181,1.5211666255930921e-06,2.6671390982589633e-05,0.9733567145639289,0.00025821792366101506,0.00452746667248909,0,1,24,8,24,1.0,0.0,124534799,38.0,11217,0,0,3.769224353000027,185.0983491830802
3,z,7,0.3,m1,118000000,0.9258107627118644,0.0005749080061898673,0.010075887016204781,0.00041879438382313804,1180,8.110575805721383e-06,0.00014214664707212955,0.9254221822033898,0.0005701900757597338,0.009993200162912571,0,1,20,4,16,1.0,0.0,109245670,446.0,90813,0,0,0.0,63.16400774110292
3,z,7,0.3,normal,118100000,0.9223299068585944,0.0007342633818867889,0.01287421470666665,0.00041114125882908947,1181,1.1193809869519343e-05,0.00019626678273875275,0.921949466553768,0.0007289721864370371,0.01278144147575869,0,1,24,8,24,1.0,0.0,108927162,629.0,88602,0,0,0.0,331.34111489492346
3,z,7,0.5,m1,128000000,0.8794027945808637,0.0009061793157092748,0.015888504535257107,0.0011618089829201039,1181,2.136771695311299e-05,0.0003746510892845699,0.8783775178238781,0.0008938743218591048,0.015672754796540428,0,1,20,4,16,1.0,0.0,112585017,2074.0,253503,0,0,1.0915534509999816,102.65878715286811
3,z,7,0.5,normal,128000000,0.8738869872988992,0.0011632423997556935,0.02039572281525266,0.0011390124301871314,1181,3.0883063212040076e-05,0.0005414885127046477,0.8728860931414056,0.0011486228597713784,0.020139390957619872,0,1,24,8,24,1.0,0.0,112033111,2707.0,262697,0,0,15.409779785999945,452.3847432440198
3,z,7,0.8,m1,118000000,0.8141584576271187,0.0013551425033017466,0.023750343719540934,0.002960360059313925,1180,5.368404430397972e-05,0.0009408711640053086,0.8117347372881356,0.0013248484310629822,0.023219407211696012,0,1,20,4,16,1.0,0.0,96070698,7330.0,557338,0,0,0.0,161.80607356401373
3,z,7,0.8,normal,118000000,0.8059633983050847,0.001722280480518707,0.030184835391195198,0.0029105424988507132,1180,7.720349726991719e-05,0.0013530751135350434,0.8035974618644067,0.0016873369865430946,0.02957241271929137,0,1,24,8,24,1.0,0.0,95103681,8625.0,541111,0,0,0.0,644.214703368034
3,z,7,1.0,m1,128000000,0.7733299637595259,0.001609359721407566,0.028217725552949866,0.00461138025914517,1181,8.236706785944732e-05,0.0014441838481121538,0.7697393027519052,0.0015638443911985822,0.02741968203340304,0,1,20,4,16,1.0,0.0,99206582,14899.0,917032,0,0,3.7055148179999833,201.12012747887806
3,z,7,1.0,normal,128000000,0.7635893967823878,0.002053894884242859,0.03601198749244419,0.004542515248840021,1181,0.00011997509060127784,0.002103584509258265,0.760083033488569,0.002000295078892956,0.035072194743230686,0,1,24,8,24,1.0,0.0,97266601,16815.0,842490,0,0,29.79525973,762.8759597409381
3,z,8,0.0,m2,100,1.0,0.0,,0.0,1,0.0,,1.0,0.0,,0,1,20,-4,16,1.0,0.0,100,0.0,0,0,0,0.0,0.0002006439990509
4,x,2,0.0,m2,200,1.0,0.0,0.0,0.0,2,0.0,0.0,1.0,0.0,0.0,0,2,56,56,48,1.0,0.0,200,0.0,0,0,0,0.0,0.0453523130308894
4,x,2,0.01,m1,10000000,0.9899448,0.0,,0.0,1,0.0,,0.9899448,0.0,,0,2,56,56,48,1.0,0.0,9899448,0.0,0,0,0,3.703831214006641,2.050244494981598
4,x,2,0.01,normal,10000000,0.9865806,0.0,,0.0,1,0.0,,0.9865806,0.0,,0,2,64,64,64,1.0,0.0,9865806,0.0,0,0,0,110.17508015099884,15.970501089999743
4,x,2,0.05,m1,205000000,0.9438770821428571,0.0009753037174383166,0.006966455124559405,0.0,196,0.0,0.0,0.9438770821428571,0.0009753037174383166,0.006966455124559405,0,2,56,56,48,1.0,0.0,193556218,0.0,0,0,0,17.679008738006814,822.590074542939
4,x,2,0.05,normal,205000000,0.9321218887755103,0.0011343217311054875,0.008102298079324912,0.0,196,0.0,0.0,0.9321218887755103,0.0011343217311054875,0.008102298079324912,0,2,64,64,64,1.0,0.0,191108678,0.0,0,0,0,160.3532712410015,6737.712917892859
4,x,2,0.1,m1,24491900000,0.8942343079513935,0.00033957595172565776,0.01507500546642136,9.406255381068614e-09,7571,3.987652878823491e-09,1.7702634312285108e-07,0.8942342996103553,0.00033957603695968414,0.015075009250268267,0,2,56,56,48,1.0,0.0,21872203634,2.0,494,0,0,16.807423279999057,32160.136495600622
4,x,2,0.1,m2,13500000,0.9343070808220423,0.003554588529221907,0.012165767729665076,0.0,45,0.0,0.0,0.8985947333333333,0.0040767538530274774,0.013952906239138205,0,2,56,56,48,0.9823523384615385,0.0008500626483166871,12167304,0.0,0,514719,0,0.0,61.79604391625253
4,x,2,0.1,normal,24493200000,0.87502997390099,0.0003910881218624289,0.01736640292235912,1.2407591980924373e-08,7575,5.48831510611818e-09,2.4371052499325455e-07,0.8750299632013202,0.00039108829103454856,0.017366410434505434,0,2,64,64,64,1.0,0.0,21407979282,4.0,461,0,0,628.5471541219995,351579.49996633537
4,x,2,0.3,m1,791900000,0.7167466514131897,0.0009235691682596787,0.0339826139510706,6.060591762014678e-07,5201,5.580013558250272e-08,2.0531591255809726e-06,0.7167462156316093,0.0009235677971193276,0.03398256350013003,0,2,56,56,48,1.0,0.0,564095241,6.0,714,0,0,0.0,12707.973155477448
4,x,2,0.3,m2,13500000,0.8037868607552053,0.00830369542282368,0.0284198379028892,5.833341858163517e-07,45,4.512542552070427e-07,1.5444416170086519e-06,0.7145327888888889,0.010097019894154144,0.034557586000249586,0,2,56,56,48,0.9486452512820512,0.002878998147258496,9547605,0.0,19,1492417,0,0.0,145.75318623411295
4,x,2,0.3,normal,792200000,0.6715264932744043,0.000993610471213656,0.03657031761969605,6.473367937260065e-07,5204,6.072723458083839e-08,2.235095463591897e-06,0.6715260604342813,0.0009936105109640753,0.036570319082729605,0,2,64,64,64,1.0,0.0,527756753,11.0,730,0,0,0.0,68276.87723341645
4,x,2,0.5,m1,802000000,0.5744370255237363,0.001225482291279016,0.04510013911454692,4.0869492925840846e-06,5203,1.7935763166776763e-07,6.600710754481463e-06,0.5744346680376705,0.0012254738163109667,0.04509982721918887,0,2,56,56,48,1.0,0.0,456323228,64.0,4082,0,0,140.69924864699715,20334.015734608358
4,x,2,0.5,m2,13500000,0.7052767539295651,0.008492954104602279,0.02906758577705595,4.3629588697047985e-06,45,1.8668997245023112e-06,6.389563302800201e-06,0.5785098444444444,0.01151227810746821,0.039401382281910535,0,2,56,56,48,0.9170835076923077,0.006121739602365237,7911811,0.0,70,2237940,0,0.0,247.58355418593055
4,x,2,0.5,normal,802100000,0.5154826161606456,0.0012535983036216858,0.04613929649408786,4.120059959297735e-06,5204,1.9084391418977643e-07,7.024103267733579e-06,0.5154804981264413,0.00125359455526636,0.046139158534043365,0,2,64,64,64,1.0,0.0,407873145,53.0,3835,0,0,852.3956412490006,77216.491122155
4,x,2,0.8,m1,615000000,0.413517223482587,0.0014148427390160477,0.05117055554641897,2.5188584098832256e-05,5025,6.865811748803795e-07,2.4831551364341116e-05,0.41350677054726365,0.0014147978490314734,0.05116893201230752,0,2,56,56,48,1.0,0.0,252742885,316.0,13457,0,0,0.0,24996.373741332533
4,x,2,0.8,m2,13500000,0.5709550271530591,0.01412074906574771,0.04832901245545183,2.7050550305733535e-05,45,6.499910605719213e-06,2.2246288717438764e-05,0.4273603222222222,0.013155011710533451,0.04502372514728355,0,2,56,56,48,0.8838080923076924,0.005511090438048829,5649316,6.0,270,3521706,0,0.0,376.11141826609673
4,x,2,0.8,normal,614900000,0.3480460589171975,0.0013594710124259029,0.049163036154643444,2.5734172132823187e-05,5024,7.414229054600823e-07,2.6812341545974327e-05,0.348037125,0.0013594401144251768,0.04916191877919893,0,2,64,64,64,1.0,0.0,211835722,270.0,11603,0,0,0.0,64069.13609408672
4,x,2,1.0,m1,559100000,0.3322598761540012,0.0014277170087170484,0.051306297556032575,5.9442823063682453e-05,4961,1.415150585218284e-06,5.085471180107817e-05,0.3322399751058254,0.001427604084721583,0.05130223953047345,0,2,56,56,48,1.0,0.0,185060735,615.0,22242,0,0,774.3734661209965,28190.32386650685
4,x,2,1.0,m2,13500000,0.48389819216319574,0.013482429106218963,0.046144328545909184,5.659331646631914e-05,45,1.1962643607053342e-05,4.0942782085675344e-05,0.3322793777777778,0.01070410333426778,0.036635361265721804,0,2,56,56,48,0.8556012512820512,0.006275590480665952,4605975,16.0,636,4218892,0,0.0,482.96352149749873
4,x,2,1.0,normal,559000000,0.2681724939919355,0.0013114313313965236,0.04712271689498008,6.1379431783021e-05,4960,1.6514367789871906e-06,5.933988760456227e-05,0.2681560895564516,0.001311356255009368,0.04712001922926726,0,2,64,64,64,1.0,0.0,148948968,550.0,18811,0,0,1859.3754461380004,56327.82990139245
4,x,3,0.0,m2,200,1.0,0.0,0.0,0.0,2,0.0,0.0,1.0,0.0,0.0,1,1,40,40,32,1.0,0.0,200,0.0,0,0,0,0.0,0.0377179000970499
4,x,3,0.01,m1,10000000,0.9927514,0.0,,0.0,1,0.0,,0.9927514,0.0,,1,1,40,40,32,1.0,0.0,9927514,0.0,0,0,0,5.012226909995661,-0.6167639199993573
4,x,3,0.01,normal,10000000,0.9894317,0.0,,0.0,1,0.0,,0.9894317,0.0,,1,1,48,48,48,1.0,0.0,9894317,0.0,0,0,0,107.09674333099974,19.81798218300537
4,x,3,0.05,m1,205000000,0.9686230719387755,0.0006084543613815949,0.004346102581297107,1.0515872958188777e-08,196,1.0226035791751036e-08,7.304311279822169e-08,0.9686230617346938,0.0006084537870249469,0.00434609847874962,1,1,40,40,32,1.0,0.0,198528049,0.0,4,0,0,5.079043341000215,646.2871708743187
4,x,3,0.05,normal,205000000,0.9602042260204081,0.0007958365825898442,0.005684547018498886,1.3560906062315153e-08,196,1.1536894621923208e-08,8.240639015659434e-08,0.9602042130102041,0.0007958368309454707,0.005684548792467648,1,1,48,48,48,1.0,0.0,196732832,0.0,6,0,0,179.06510100099695,6066.551337439341
4,x,3,0.1,m1,24491900000,0.9415988821820104,0.00019810994544879382,0.00879481746400521,2.395923805306375e-08,7571,7.174164106744155e-09,3.184871089268021e-07,0.9415988595958261,0.0001981098781722646,0.008794814477356595,1,1,40,40,32,1.0,0.0,23053826530,11.0,959,0,0,16.129278872002033,22717.473128741094
4,x,3,0.1,m2,13500000,0.9725570904885106,0.0013398888262299085,0.004585840557769101,0.0,45,0.0,0.0,0.9429854666666666,0.0021767520306931196,0.007450049251209986,1,1,40,40,32,0.9898620296296295,0.00046094255777802,12751401,0.0,0,399452,0,0.0,99.23329033715345
4,x,3,0.1,normal,24493100000,0.9261566639820439,0.0002590512748552354,0.011502501880410935,7.684969417648492e-08,7574,1.2086417960884135e-08,5.366661306731361e-07,0.9261565927449168,0.00025905114418506064,0.011502496078339775,1,1,48,48,48,1.0,0.0,22662480122,76.0,3376,0,0,580.4892413570014,339786.05275150196
4,x,3,0.3,m1,791900000,0.8353440657565853,0.0006285630503038125,0.02312790012537102,8.536040887836694e-07,5201,6.247659291264593e-08,2.298818551867992e-06,0.8353433502211114,0.000628560121177521,0.023127792348529394,1,1,40,40,32,1.0,0.0,659466900,19.0,1231,0,0,0.0,10412.56343091156
4,x,3,0.3,m2,13500000,0.917101186499573,0.00430558312607262,0.014736086560215961,4.098357962382263e-07,45,3.2447504592942784e-07,1.1105330505620926e-06,0.8358793222222223,0.00654972576863929,0.022416783754070687,1,1,40,40,32,0.9704422222222222,0.0013471173715136646,11363943,0.0,22,1167387,0,0.0,236.15933139577464
4,x,3,0.3,normal,793200000,0.7957268912584055,0.0007871919018119093,0.028975765165296038,1.6613460854037832e-06,5205,9.54058154982141e-08,3.511794898952541e-06,0.7957255713736792,0.0007871920605425972,0.02897577100801765,1,1,48,48,48,1.0,0.0,628626955,90.0,1995,0,0,0.0,78079.0185522509
4,x,3,0.5,m1,802000000,0.7411166913127042,0.0009245034399964126,0.034023530207196014,5.826377494401118e-06,5203,1.9242133578055163e-07,7.081480551834409e-06,0.741112359696329,0.0009244902462992186,0.03402304465339967,1,1,40,40,32,1.0,0.0,590932393,164.0,7332,0,0,166.03365336800923,17894.832724668053
4,x,3,0.5,m2,13500000,0.8759359169246609,0.00603637342213479,0.020659808126734323,6.872194030163396e-06,45,1.7765859015628312e-06,6.080459454738124e-06,0.7517871555555555,0.009127055062085948,0.031237829928379198,1,1,40,40,32,0.9526685703703704,0.001943095759994804,10112928,2.0,129,1937299,0,0.0,332.01320264792594
4,x,3,0.5,normal,802100000,0.683642584492698,0.001117710621751007,0.04113788413925937,8.810280091643903e-06,5204,2.530482185083456e-07,9.313563002858642e-06,0.6836365655265181,0.001117702094987534,0.041137570307574305,1,1,48,48,48,1.0,0.0,543695590,428.0,9368,0,0,1359.687286798002,93792.09503891929
4,x,3,0.8,m1,615000000,0.6200673353233831,0.0012480218699653697,0.04513715246163785,3.521552886693755e-05,5025,7.443685981666389e-07,2.6921546578374885e-05,0.6200453594029851,0.0012479270579388076,0.045133723399214246,1,1,40,40,32,1.0,0.0,378827426,681.0,27778,0,0,0.0,22610.42826670661
4,x,3,0.8,m2,13500000,0.7970916080024212,0.0074042220933010225,0.02534134273641869,4.3450331524566594e-05,45,7.42771717739264e-06,2.5421755907591034e-05,0.6261254777777777,0.009308513062923632,0.03185887955838064,1,1,40,40,32,0.9284528444444444,0.002579761075704345,8603111,10.0,688,2803449,0,0.0,510.7782893099866
4,x,3,0.8,normal,615200000,0.5454526990252636,0.0014299021688120497,0.05172549984620878,4.741055466405611e-05,5027,9.199332912061414e-07,3.32778076365448e-05,0.5454268705987667,0.0014298402838553085,0.05172326121031451,1,1,48,48,48,1.0,0.0,332827806,1393.0,30435,0,0,0.0,85866.3407042862
4,x,3,1.0,m1,559100000,0.5508245704091917,0.0013861455369047783,0.04981238924673873,8.358471973903671e-05,4961,1.5725614854093225e-06,5.651141437900826e-05,0.5507782576698246,0.0013859492963054524,0.04980533716392392,1,1,40,40,32,1.0,0.0,305787659,1411.0,50487,0,0,208.48466622300475,25197.562400410738
4,x,3,1.0,m2,13500000,0.7646359397110776,0.00954045410321735,0.03265271006787366,0.00010219499217752909,45,1.3280161500458397e-05,4.545205693959273e-05,0.5705514222222222,0.010785781362084766,0.03691490864704869,1,1,40,40,32,0.9152836962962964,0.0026476476300434913,7595259,44.0,1479,3526556,0,0.0,630.8746768589845
4,x,3,1.0,normal,559200000,0.46963694965739616,0.001537942808211261,0.05527293091381829,0.00010708988792787435,4962,1.9025226673761442e-06,6.837575714415629e-05,0.46958667532245063,0.0015377745239327316,0.055266882857121134,1,1,48,48,48,1.0,0.0,259572592,2481.0,51759,0,0,2326.4745085099994,76043.01924857695
4,x,4,0.0,m2,200,1.0,0.0,0.0,0.0,2,0.0,0.0,1.0,0.0,0.0,0,2,56,40,48,1.0,0.0,200,0.0,0,0,0,0.0,0.0370071660836401
4,x,4,0.01,m1,10000000,0.9893537,0.0,,1.6677554245766706e-06,1,0.0,,0.98935205,0.0,,0,2,56,40,48,1.0,0.0,9893537,0.0,33,0,0,103.3377749309875,0.923333906015614
4,x,4,0.01,normal,10000000,0.9878356,0.0,,2.07524409932179e-06,1,0.0,,0.98783355,0.0,,0,2,64,48,64,1.0,0.0,9878356,0.0,41,0,0,2876.200784875,-185.9663930390016
4,x,4,0.05,m1,205000000,0.9426036403061224,0.0009369781698857375,0.006692701213469553,3.870093146124569e-05,196,1.74442806449523e-06,1.2460200460680215e-05,0.9425671331632652,0.0009364014902747081,0.006688582073390772,0,2,56,40,48,1.0,0.0,193281121,38.0,14854,0,0,313.0659429799998,5712.75991871822
4,x,4,0.05,normal,205000000,0.9302422688775511,0.0010354555632425904,0.007396111166018502,3.691402317540141e-05,196,1.780903174083304e-06,1.2720736957737885e-05,0.9302078982142856,0.001034857555094689,0.007391839679247779,0,2,64,48,64,1.0,0.0,190794862,44.0,14306,0,0,4026.5168372129992,37686.241806907296
4,x,4,0.1,m1,245100000,0.895856774204355,0.0012499589567521417,0.015582130853854648,0.00011343301769700685,597,4.261086315394192e-06,5.311918778402552e-05,0.895755225963149,0.0012501629323261624,0.0155846736366142,0,2,56,40,48,1.0,0.0,218318834,211.0,62332,0,0,527.8034224300063,12271.832490055836
4,x,4,0.1,normal,245200000,0.8761765301003345,0.001590943077558425,0.019849481277433405,0.00011024005338463993,598,4.222524608408675e-06,5.268254052604961e-05,0.8760801382943144,0.0015914530547277838,0.0198558440332214,0,2,64,48,64,1.0,0.0,213050959,232.0,60115,0,0,2897.594162196001,43417.15219699803
4,x,4,0.3,m1,235100000,0.7197288842281879,0.0030005461326850324,0.03737380943489237,0.00101839317288469,596,3.617446203489799e-05,0.00045057712520227516,0.7189979429530202,0.003000913047009871,0.03737837959827232,0,2,56,40,48,1.0,0.0,166079710,3663.0,420940,0,0,0.0,22119.37834134178
4,x,4,0.3,normal,235200000,0.6739704924623116,0.003326304669638078,0.04146609322018403,0.0010026354738473825,597,3.5666226879794066e-05,0.0004446192503378506,0.6732987328308208,0.0033278587044354296,0.04148546599513234,0,2,64,48,64,1.0,0.0,154113546,3817.0,376757,0,0,0.0,42999.877477147624
4,x,4,0.5,m1,245100000,0.5789044185929648,0.003991412253009918,0.04975740017871014,0.0028329978327166806,597,9.82010173327116e-05,0.0012241850772732091,0.5772723556951423,0.003988588831630384,0.049722203085914546,0,2,56,40,48,1.0,0.0,137742423,13154.0,962337,0,0,1013.758820817995,23191.610461753167
4,x,4,0.5,normal,245200000,0.5198601617056856,0.004108003981508018,0.05125371816803471,0.0028226543413230787,598,9.772613455929825e-05,0.0012192850301267245,0.5184069794314382,0.004107628803658922,0.05124903724274178,0,2,64,48,64,1.0,0.0,121996353,14073.0,845482,0,0,2574.1339640080005,39528.3950044549
4,x,4,0.8,m1,165100000,0.4222211178707225,0.004948253264658341,0.05790135412464881,0.006928949248661564,526,0.0002544823208684219,0.002977792402887929,0.4193196235741445,0.004930686835175604,0.057695802791726924,0,2,56,40,48,1.0,0.0,65997654,24053.0,1112727,0,0,0.0,22230.37024967907
4,x,4,0.8,normal,165200000,0.3580720815939279,0.004636665174203399,0.054306894880080794,0.006955140848109666,527,0.00025716246934918486,0.00301201287247306,0.35562386812144214,0.004626842683754584,0.05419184905808956,0,2,64,48,64,1.0,0.0,54557331,24793.0,902164,0,0,0.0,26626.746676735693
4,x,4,1.0,m1,109100000,0.3461266067245119,0.005325857193214861,0.05834234868197838,0.010364861760034351,461,0.00041106732335816743,0.00450305598536957,0.3425775847071583,0.005292365988124001,0.05797546772848981,0,2,56,40,48,1.0,0.0,35595942,24461.0,916363,0,0,1523.5554633700012,12588.322704946924
4,x,4,1.0,normal,109200000,0.28391067251082247,0.004703527158003001,0.051580859240061484,0.010480347802689494,462,0.00041017562852515107,0.0044981586473165774,0.28098984577922076,0.0046789488958054095,0.05131132366809774,0,2,64,48,64,1.0,0.0,28581182,26260.0,742625,0,0,3317.039434159,14757.764908581074
4,x,5,0.0,m2,200,1.0,0.0,0.0,0.0,2,0.0,0.0,1.0,0.0,0.0,2,0,24,24,16,1.0,0.0,200,0.0,0,0,0,0.0,0.03691727210753
4,x,5,0.01,m1,10000000,0.9962474,0.0,,0.0,1,0.0,,0.9962474,0.0,,2,0,24,24,16,1.0,0.0,9962474,0.0,0,0,0,2.6947615199896973,3.8069142780150287
4,x,5,0.01,normal,10000000,0.9924969,0.0,,5.037799110506038e-08,1,0.0,,0.99249685,0.0,,2,0,32,32,32,1.0,0.0,9924969,0.0,1,0,0,98.9814523449968,17.259529853006825
4,x,5,0.05,m1,205000000,0.9681874979591836,0.004511721544678243,0.03222658246198745,9.553492133703341e-08,196,4.1704773874296045e-08,2.978912419592575e-07,0.9681874112244898,0.004511740897706296,0.03222672069790212,2,0,24,24,16,1.0,0.0,198596392,0.0,34,0,0,5.376650531994528,412.72483823912626
4,x,5,0.05,normal,205000000,0.9497964974489795,0.003083048796062753,0.02202177711473395,9.502124743971978e-07,196,7.614996024482917e-07,5.439282874630656e-06,0.9497956581632654,0.003083393516222272,0.02202423940158766,2,0,32,32,32,1.0,0.0,194829341,5.0,319,0,0,300.37064955400274,6310.305427747648
4,x,5,0.1,m1,24491900000,0.9499715647602694,0.0008964196717043528,0.039795313485768556,8.566949644242207e-07,7571,1.2922439214392735e-07,5.736738447069162e-06,0.949970853718135,0.0008964602467734651,0.039797114759932875,2,0,24,24,16,1.0,0.0,23197435286,822.0,42248,0,0,7.982844237994868,18145.294454251332
4,x,5,0.1,normal,24492100000,0.9040765429288261,0.0011472517848191708,0.05093738540816996,5.2360537820392955e-06,7573,5.413074203986012e-07,2.4033769275409617e-05,0.9040722819688367,0.00114739943004199,0.050943940779639346,2,0,32,32,32,1.0,0.0,22032599661,5481.0,233696,0,0,204.71612889500105,383720.428698091
4,x,5,0.3,m1,791900000,0.867225071332436,0.002034476878070393,0.0748583264966749,2.38702861105993e-05,5201,3.412854867691749e-06,0.00012557557509021517,0.8672095277831187,0.0020353529732959007,0.0748905623127415,2,0,24,24,16,1.0,0.0,682120718,778.0,25641,0,0,0.0,7588.416198640134
4,x,5,0.3,normal,792100000,0.7581759521429944,0.002410233323092243,0.08870128841806967,0.00010309164389325088,5203,8.696385770999127e-06,0.00032004396216650803,0.7581127276571209,0.0024124022155349646,0.08878110789125777,2,0,32,32,32,1.0,0.0,597350755,4758.0,96680,0,0,0.0,81822.86666410668
4,x,5,0.5,m1,801900000,0.7952362577854671,0.002510439637639286,0.09238019741657771,0.0001284684657493462,5202,1.3791087538591341e-05,0.000507490150451262,0.795162366099577,0.0025137118885308206,0.09250061105999867,2,0,24,24,16,1.0,0.0,631818009,5160.0,121907,0,0,76.49301561400353,13011.604461895688
4,x,5,0.5,normal,802100000,0.643947481187548,0.002830465003967714,0.10417664387141466,0.00046978102335479716,5204,2.900087572559992e-05,0.001067391364383546,0.6437078198116833,0.0028365833591969787,0.10440183291735039,2,0,32,32,32,1.0,0.0,512371536,23695.0,353584,0,0,1441.319407256,93111.40113424628
4,x,5,0.8,m1,614900000,0.7036279725318472,0.0028740326586221806,0.10393467033425954,0.000597425111589483,5024,5.131619529955884e-05,0.001855765913190784,0.7033275,0.0028842004618126406,0.10430237223543792,2,0,24,24,16,1.0,0.0,427633132,23086.0,367629,0,0,0.0,17463.892492051178
4,x,5,0.8,normal,615200000,0.5162504495723095,0.002995932364482483,0.1083753157651583,0.0019819402054263237,5027,8.960094185159237e-05,0.0032412381805219112,0.5154413398647305,0.0030109863510826874,0.10891988097986849,2,0,32,32,32,1.0,0.0,314720223,78800.0,844797,0,0,0.0,85097.2558844543
4,x,5,1.0,m1,559000000,0.6511979851008065,0.002969784726836884,0.10671113429381439,0.0012040771069216887,4960,9.260782887998876e-05,0.0033276103735628945,0.6506283972076613,0.0029858605265764065,0.10728877442017862,2,0,24,24,16,1.0,0.0,361857125,39852.0,570999,0,0,142.3268715009981,20190.09259741044
4,x,5,1.0,normal,559200000,0.45163255910923017,0.0029210955863617346,0.10498278198356314,0.0039692500222698185,4962,0.000157950732317058,0.005676673975478867,0.45020541699919386,0.00294349020678878,0.10578763395926498,2,0,32,32,32,1.0,0.0,251737466,143903.0,1306142,0,0,1793.360335724,77967.72754070921
4,x,6,0.0,m2,200,1.0,0.0,0.0,0.0,2,0.0,0.0,1.0,0.0,0.0,0,2,56,40,48,1.0,0.0,200,0.0,0,0,0,0.0,0.1482710620912257
4,x,6,0.01,m1,10000000,0.9895923,0.0,,4.471538430523358e-05,1,0.0,,0.98954805,0.0,,0,2,56,40,48,1.0,0.0,9895923,2.0,881,0,0,588.2010504770005,20.30412737300503
4,x,6,0.01,normal,10000000,0.9870867,0.0,,1.8083517891589462e-05,1,0.0,,0.98706885,0.0,,0,2,64,48,64,1.0,0.0,9870867,0.0,357,0,0,2992.3951023420013,1310.5149458489975
4,x,6,0.05,m1,205000000,0.9420374270408164,0.0008065673539522375,0.005761195385373125,0.00022088744005175864,196,1.2548618135641776e-05,8.963298668315553e-05,0.9418292227040816,0.0008037144101514996,0.005740817215367854,0,2,56,40,48,1.0,0.0,193181296,576.0,85370,0,0,463.7239977449936,23897.809295004656
4,x,6,0.05,normal,205000000,0.9298178193877551,0.000989792626789819,0.007069947334212993,0.0002151198930951536,196,1.4755513698787001e-05,0.00010539652641990716,0.9296175885204082,0.0009857915481851752,0.007041368201322681,0,2,64,48,64,1.0,0.0,190678774,465.0,79932,0,0,2377.5549384780024,32817.46416078707
4,x,6,0.1,m1,245100000,0.8944483936348409,0.0011846682478026955,0.014768209432758781,0.0004935144653338919,597,2.3295819139838346e-05,0.00029040833718884485,0.8940072451423786,0.001185545710627706,0.014779147984368695,0,2,56,40,48,1.0,0.0,218080084,2509.0,236695,0,0,615.0355697530031,30498.56907620253
4,x,6,0.1,normal,245200000,0.8761220978260869,0.0013533042699535682,0.016884568749209416,0.00048187685278017553,598,2.5388882888705272e-05,0.00031676567355741714,0.8757004895484951,0.001355222594096386,0.01690850281680368,0,2,64,48,64,1.0,0.0,212854946,2285.0,222901,0,0,2961.966947441997,39039.59743472589
4,x,6,0.3,m1,235100000,0.7171356996644295,0.002827634245820544,0.03522007620669561,0.0026110405642861983,596,8.713846598386962e-05,0.0010853678890834937,0.7152678187919463,0.0028282756080560004,0.035228064802406756,0,2,56,40,48,1.0,0.0,165614613,20224.0,972029,0,0,0.0,32163.568040246777
4,x,6,0.3,normal,235200000,0.6740747252931324,0.0030969491853225246,0.038606921605509305,0.0025958749998924615,597,9.442265877327107e-05,0.00117708362872728,0.6723329782244556,0.003100891106791994,0.0386560620479383,0,2,64,48,64,1.0,0.0,153944365,19151.0,904401,0,0,0.0,36266.36558343961
4,x,6,0.5,m1,245100000,0.5767330591289782,0.0037088144818334546,0.04623450414625063,0.006199008039782143,597,0.00019285335321129907,0.002404131886979226,0.5731746188442212,0.0037042975568410907,0.046178195644353145,0,2,56,40,48,1.0,0.0,137537060,56224.0,1941227,0,0,2425.199756948001,33196.039583797465
4,x,6,0.5,normal,245200000,0.5203436225752508,0.003919700642334294,0.048904342091586256,0.006205331546168433,598,0.00019886248654691363,0.0024811178094156896,0.5171407096989967,0.003919035575680707,0.04889604435405255,0,2,64,48,64,1.0,0.0,121756736,50013.0,1698825,0,0,2620.008548045,36053.272707647906
4,x,6,0.8,m1,165100000,0.42186979087452475,0.004501311312091876,0.052671519901420195,0.013771179860887562,526,0.00045375892206745463,0.0053096021219238634,0.41611170152091254,0.0044788588556578975,0.05240879534763934,0,2,56,40,48,1.0,0.0,66441353,83313.0,2078961,0,0,0.0,23128.636990623276
4,x,6,0.8,normal,165200000,0.36005245351043647,0.004417021747459278,0.051734323422116285,0.01388027182195646,527,0.00045546726888907586,0.005334655870881626,0.355126665085389,0.004399967632927021,0.051534577274749666,0,2,64,48,64,1.0,0.0,54919705,72908.0,1720978,0,0,0.0,21868.7390541994
4,x,6,1.0,m1,109100000,0.3465017529284165,0.004852966381496557,0.053162044437072564,0.019846016865238122,461,0.0006961726645254638,0.007626255617283876,0.3397027983731019,0.004805996065414079,0.05264750593948051,0,2,56,40,48,1.0,0.0,36120581,80400.0,1664222,0,0,2612.363160300003,13182.897570493093
4,x,6,1.0,normal,109200000,0.2867183655844156,0.004494949514094423,0.04929350897510843,0.019927148515597473,462,0.0006699691468012715,0.007347163755085609,0.28109676406926404,0.004452415049672253,0.04882705812907082,0,2,64,48,64,1.0,0.0,28728129,58587.0,1242419,0,0,3227.8130256090008,12828.136043704855
4,x,7,0.0,m2,200,1.0,0.0,0.0,0.0,2,0.0,0.0,1.0,0.0,0.0,1,1,40,24,32,1.0,0.0,200,0.0,0,0,0,0.0,0.043535278940908
4,x,7,0.01,m1,10000000,0.9935781,0.0,,8.288226159574169e-05,1,0.0,,0.99349575,0.0,,1,1,40,24,32,1.0,0.0,9935781,0.0,1647,0,0,87.50069686699135,17.219163592002587
4,x,7,0.01,normal,10000000,0.9923587,0.0,,2.3177103198672012e-05,1,0.0,,0.9923357,0.0,,1,1,48,32,48,1.0,0.0,9923587,0.0,460,0,0,2480.9421517220035,285.880716171996
4,x,7,0.05,m1,10000000,0.9683447,0.0,,0.0004619739231288197,1,0.0,,0.96789735,0.0,,1,1,40,24,32,1.0,0.0,9683447,80.0,8787,0,0,267.9058694580017,38.740738427004544
4,x,7,0.05,normal,10000000,0.9622744,0.0,,0.00019994296845057916,1,0.0,,0.962082,0.0,,1,1,48,32,48,1.0,0.0,9622744,31.0,3786,0,0,3670.264587288002,-170.98964334500488
4,x,7,0.1,m1,50100000,0.9460719480099503,0.0007304793231357999,0.007472482085559721,0.0007832888494832864,402,1.9847437334850827e-05,0.00020303055162777063,0.9453307547263681,0.0007283585423374842,0.007450787431076164,1,1,40,24,32,1.0,0.0,47316640,1172.0,76349,0,0,285.9253700699919,4021.6103766491324
4,x,7,0.1,normal,50200000,0.9318584183622829,0.000991652569427488,0.010156778775825276,0.0006673405413488916,403,2.1600084273743355e-05,0.00022123401307199046,0.9312362434243177,0.0009884318162787298,0.010123790934889848,1,1,48,32,48,1.0,0.0,46722508,853.0,59559,0,0,4472.529466439002,6178.783351334281
4,x,7,0.3,m1,40100000,0.847869650872818,0.0019354677159471698,0.019774342248929672,0.0037580028965766682,401,7.914224684896028e-05,0.0008085827847429381,0.8446800623441396,0.0019156546919253449,0.019571915975029205,1,1,40,24,32,1.0,0.0,33999573,7760.0,240285,0,0,0.0,4403.4198009278225
4,x,7,0.3,normal,40200000,0.8116185323383084,0.0025078962353549117,0.02565467508468866,0.0037242678174362965,402,9.158277414942912e-05,0.0009368514857336307,0.8085953109452737,0.0024975634378034428,0.025548975111874078,1,1,48,32,48,1.0,0.0,32627065,7021.0,229025,0,0,0.0,6318.3473331261885
4,x,7,0.5,m1,50100000,0.7609365213930349,0.002851205938525539,0.02916658230162219,0.008478655283526952,402,0.00017715463795636572,0.0018122140032930984,0.7544741611940299,0.002803104194167796,0.028674522620241467,1,1,40,24,32,1.0,0.0,37810031,26969.0,608865,0,0,724.8230744949979,5412.8748585132635
4,x,7,0.5,normal,50200000,0.7098584600496278,0.003524375122382185,0.036097620824725236,0.009053591671686144,403,0.00021313241492395185,0.00218296090291961,0.7034345265508686,0.003498994684528526,0.035837667388954865,1,1,48,32,48,1.0,0.0,35431162,25169.0,615341,0,0,5024.738854087998,4566.099825200898
4,x,7,0.8,m1,40200000,0.6491032587064676,0.0037551777893280514,0.038413816613436194,0.0186718090407304,402,0.00039843377255252424,0.00407580219368813,0.6369516915422885,0.003640904888855207,0.037244855118424056,1,1,40,24,32,1.0,0.0,26093951,47712.0,881562,0,0,0.0,5079.018450365253
4,x,7,0.8,normal,40200000,0.5849925124378109,0.004431825513585943,0.04533562512684687,0.021032610018270392,402,0.00047663699646733883,0.004875786767143099,0.5727141293532338,0.004372122272545201,0.044724887238727536,1,1,48,32,48,1.0,0.0,23516699,52145.0,882892,0,0,0.0,6028.019939516249
4,x,7,1.0,m1,50100000,0.5849910534825871,0.004163443040761298,0.042590190510503126,0.027229335231492048,402,0.000570895367690428,0.005840008433753682,0.5690147473880597,0.003998221164653891,0.04090004341084916,1,1,40,24,32,1.0,0.0,28848221,91769.0,1425876,0,0,1476.2864641150009,5846.6819334332795
4,x,7,1.0,normal,50200000,0.5168567106699752,0.004729683953681534,0.04844272588820903,0.03148508874273294,403,0.0006986595284014147,0.00715586334202956,0.5006377425558313,0.004638668800878841,0.04751052362224951,1,1,48,32,48,1.0,0.0,25672251,99798.0,1492350,0,0,4277.610350913001,5098.431523274974
4,x,8,0.0,m2,200,1.0,0.0,0.0,0.0,2,0.0,0.0,1.0,0.0,0.0,0,2,56,24,48,1.0,0.0,200,0.0,0,0,0,0.0,0.0377302748493092
4,x,8,0.01,m1,10000000,0.9890978,0.0,,0.003277886170609216,1,0.0,,0.98585565,0.0,,0,2,56,24,48,1.0,0.0,9890978,1866.0,61111,0,0,534.3063849419996,180.510854592998
4,x,8,0.01,normal,10000000,0.9882222,0.0,,0.003290454312805359,1,0.0,,0.9849705,0.0,,0,2,64,32,64,1.0,0.0,9882222,1270.0,62494,0,0,3203.3050641049995,471.5644645409993
4,x,8,0.05,m1,10000000,0.9471254,0.0,,0.016291665285293796,1,0.0,,0.93169515,0.0,,0,2,56,24,48,1.0,0.0,9471254,9174.0,290257,0,0,855.0784767839941,100.3132772470126
4,x,8,0.05,normal,10000000,0.9426146,0.0,,0.016351433555134836,1,0.0,,0.9272015,0.0,,0,2,64,32,64,1.0,0.0,9426146,6405.0,295452,0,0,4335.062211228003,502.1990077419978
4,x,8,0.1,m1,50100000,0.9002307768656717,0.0017022836337345453,0.01741361261673676,0.023346113521528947,402,0.00042202048241735905,0.0043170838581241084,0.8792170218905473,0.0017184431747227695,0.01757891761130801,0,2,56,24,48,1.0,0.0,45069699,67036.0,2127743,0,0,1068.296956420003,5574.723239969811
4,x,8,0.1,normal,50200000,0.884608475930521,0.0015969138119356669,0.01635603114632622,0.023549009769503335,403,0.0003940261382452978,0.004035724246003554,0.8637783493796526,0.0016044792351725759,0.016433518295083504,0,2,64,32,64,1.0,0.0,44451077,63747.0,2122664,0,0,3070.343926010002,8143.331023451989
4,x,8,0.3,m1,40100000,0.7331483541147131,0.0038443196069026645,0.039276755171275136,0.06902414573087427,401,0.0011451568812183314,0.01169987177329198,0.6825900623441397,0.003738478383746786,0.03819539351719792,0,2,56,24,48,1.0,0.0,29399249,129016.0,3796743,0,0,0.0,5279.60290192717
4,x,8,0.3,normal,40200000,0.6988319651741294,0.003562835102775512,0.03644623555531351,0.07185991594940006,402,0.0010617189483332038,0.010860917715318082,0.6486683582089552,0.0034770900763626557,0.035569101660482105,0,2,64,32,64,1.0,0.0,28093045,161566.0,3710022,0,0,0.0,5494.329657577335
4,x,8,0.5,m1,50100000,0.600895610199005,0.0049219767979218985,0.050349657112983746,0.11314869339270248,402,0.0017461210343173562,0.017862049937489865,0.5330445809701493,0.0046075697661097535,0.047133411507694394,0,2,56,24,48,1.0,0.0,29972108,244083.0,6690424,0,0,2795.702444581999,4670.4394168431245
4,x,8,0.5,normal,50200000,0.5597386957816377,0.00446425880661858,0.045724168418211524,0.12103204885923889,403,0.0016446714284140634,0.016845177809569196,0.4921687270471464,0.004206296084926268,0.043082043164453306,0,2,64,32,64,1.0,0.0,28192692,319034.0,6545371,0,0,3440.5252730730026,6910.782708748815
4,x,8,0.8,m1,40100000,0.4510869326683292,0.005511457046711268,0.05630961293436455,0.17508177972181585,401,0.002408383261543563,0.02460603940223814,0.37239824189526183,0.004840340355115723,0.04945292860982896,0,2,56,24,48,1.0,0.0,18088586,227950.0,5854933,0,0,0.0,4615.978934888975
4,x,8,0.8,normal,40200000,0.4106135074626866,0.00477596786277392,0.048856049946197334,0.1921779915551435,402,0.002290338699219809,0.023429157209152788,0.3320787064676617,0.004220929283888363,0.04317824948538155,0,2,64,32,64,1.0,0.0,16506663,344328.0,5625542,0,0,0.0,4761.542182202978
4,x,8,1.0,m1,50100000,0.3752772823383085,0.005505750880683908,0.056321409135651486,0.2132809544723587,402,0.0027199554645618343,0.027823947699447866,0.29560501368159203,0.004628580480162773,0.04734834186834037,0,2,56,24,48,1.0,0.0,18594286,305785.0,7644925,0,0,1824.1772899709977,5070.339700346121
4,x,8,1.0,normal,50200000,0.3390024496277915,0.004659109006889202,0.04771987784264889,0.2367021889821087,403,0.00259877903846675,0.026617410769376106,0.2592377167493797,0.0039283708717340726,0.04023545657390284,0,2,64,32,64,1.0,0.0,17065391,453744.0,7424574,0,0,2919.5093257160006,5505.821296920954
4,x,9,0.0,m2,200,1.0,0.0,0.0,0.0,2,0.0,0.0,1.0,0.0,0.0,3,-1,8,8,0,1.0,0.0,200,0.0,0,0,0,0.0,0.0341926010096357
4,x,9,0.01,m1,10000000,1.0,0.0,,0.0,1,0.0,,1.0,0.0,,3,-1,8,8,0,1.0,0.0,10000000,0.0,0,0,0,1.071838759991806,0.2755302900040988
4,x,9,0.01,normal,10000000,1.0,0.0,,0.0,1,0.0,,1.0,0.0,,3,-1,16,16,16,1.0,0.0,10000000,0.0,0,0,0,44.49371144299948,12.152465047998705
4,x,9,0.05,m1,205000000,1.0,0.0,0.0,5.10204081632653e-09,196,7.052913564165503e-09,5.037795402975359e-08,0.9999999948979592,7.0529135646537545e-09,5.03779540332411e-08,3,-1,8,8,0,1.0,0.0,205000000,0.0,2,0,0,2.2350599749916,123.4659820326342
4,x,9,0.05,normal,205000000,1.0,0.0,0.0,2.900510204081633e-07,196,5.388062541277519e-08,3.8486161009125137e-07,0.9999997099489796,5.3880625412462165e-08,3.8486161008901547e-07,3,-1,16,16,16,1.0,0.0,205000000,2.0,116,0,0,242.06079727999887,6199.953521777716
4,x,9,0.1,m1,24491900000,1.0,0.0,0.0,1.0079249768854842e-07,7571,1.2761837769757105e-08,5.665441653421264e-07,0.9999998992075023,1.2761837770424018e-08,5.66544165371733e-07,3,-1,8,8,0,1.0,0.0,24491900000,21.0,4960,0,0,3.9190649049996864,5012.421351533623
4,x,9,0.1,normal,24492100000,1.0,0.0,0.0,5.141020731546283e-06,7573,9.577179472189285e-08,4.252218112478351e-06,0.9999948589792684,9.577179472170329e-08,4.252218112469934e-06,3,-1,16,16,16,1.0,0.0,24492100000,3533.0,251843,0,0,331.9944758810016,280008.81538847677
4,x,9,0.3,m1,791900000,1.0,0.0,0.0,6.6019996154585655e-06,5201,1.6139104166217167e-07,5.938363527554078e-06,0.9999933980003846,1.613910416611911e-07,5.938363527517998e-06,3,-1,8,8,0,1.0,0.0,791900000,178.0,11195,0,0,0.0,2893.8050736190744
4,x,9,0.3,normal,792100000,1.0,0.0,0.0,0.00033691245435325774,5203,1.6334542428414382e-06,6.0114302845215825e-05,0.9996630875456467,1.6334542428421034e-06,6.011430284524031e-05,3,-1,16,16,16,1.0,0.0,792100000,20936.0,491429,0,0,0.0,82203.66205982758
4,x,9,0.5,m1,802000000,1.0,0.0,0.0,4.692777243897751e-05,5203,5.424012911103138e-07,1.996142568445769e-05,0.999953072227561,5.424012911098478e-07,1.9961425684440538e-05,3,-1,8,8,0,1.0,0.0,802000000,2156.0,79607,0,0,4.52063814199937,4240.441765522366
4,x,9,0.5,normal,802100000,1.0,0.0,0.0,0.0021383386049192927,5204,7.652281812515912e-06,0.0002816459613769056,0.9978616613950806,7.652281812515739e-06,0.0002816459613768992,3,-1,16,16,16,1.0,0.0,802100000,219575.0,2975243,0,0,890.0497587709979,94599.51675152202
4,x,9,0.8,m1,615000000,1.0,0.0,0.0,0.0002776149253731343,5025,2.3233798362593854e-06,8.402957706057268e-05,0.9997223850746269,2.323379836259498e-06,8.402957706057675e-05,3,-1,8,8,0,1.0,0.0,615000000,14860.0,340795,0,0,0.0,5399.841758353461
4,x,9,0.8,normal,615100000,1.0,0.0,0.0,0.010512028551532033,5026,3.365194176156403e-05,0.0012172094051765777,0.9894879714484679,3.365194176156342e-05,0.0012172094051765556,3,-1,16,16,16,1.0,0.0,615100000,1265463.0,10248695,0,0,0.0,87429.57441402452
4,x,9,1.0,m1,559000000,1.0,0.0,0.0,0.0006278803830645161,4960,4.851183890480379e-06,0.00017431409453452754,0.9993721196169355,4.851183890480541e-06,0.00017431409453453334,3,-1,8,8,0,1.0,0.0,559000000,35863.0,671351,0,0,18.19956493400241,6268.729581564341
4,x,9,1.0,normal,559200000,1.0,0.0,0.0,0.021271357406287786,4962,6.369512895225195e-05,0.002289172551363793,0.9787286425937122,6.369512895225123e-05,0.002289172551363767,3,-1,16,16,16,1.0,0.0,559200000,2864758.0,17898514,0,0,958.4998906050004,82433.34448030287
4,x,10,0.0,m2,200,1.0,0.0,0.0,0.0,2,0.0,0.0,1.0,0.0,0.0,0,2,56,40,48,1.0,0.0,200,0.0,0,0,0,0.0,0.036884195138554704
4,x,10,0.01,m1,10000000,0.9876485,0.0,,4.5562768535567056e-05,1,0.0,,0.9876035,0.0,,0,2,56,40,48,1.0,0.0,9876485,2.0,896,0,0,840.7215297980001,-46.97984686400741
4,x,10,0.01,normal,10000000,0.9854122,0.0,,6.230895050822387e-05,1,0.0,,0.9853508,0.0,,0,2,64,48,64,1.0,0.0,9854122,1.0,1226,0,0,3277.978187664994,605.4360456320064
4,x,10,0.05,m1,10000000,0.9399357,0.0,,0.00027124195835949205,1,0.0,,0.93968075,0.0,,0,2,56,40,48,1.0,0.0,9399357,42.0,5015,0,0,1447.1182054319945,-523.6520032900007
4,x,10,0.05,normal,10000000,0.9292672,0.0,,0.0003699151331285555,1,0.0,,0.92892345,0.0,,0,2,64,48,64,1.0,0.0,9292672,44.0,6787,0,0,3628.013240977998,615.6051148160041
4,x,10,0.1,m1,50100000,0.9006759014925374,0.0014927556200429654,0.015270233223036698,0.0006795620715395748,402,2.1925592481685154e-05,0.00022428916445074623,0.9000631083333334,0.0014876716347313216,0.015218226290107478,0,2,56,40,48,1.0,0.0,44958399,681.0,59447,0,0,1499.1569758419937,5980.865094125926
4,x,10,0.1,normal,50200000,0.8831859888337469,0.0016250825962203818,0.016644543594318936,0.0006607914708063499,403,2.7901339260258205e-05,0.0002857732023820597,0.8826029075682382,0.0016267865521444528,0.01666199598026348,0,2,64,48,64,1.0,0.0,44143555,670.0,61432,0,0,2368.7280221930014,9101.347503429886
4,x,10,0.3,m1,40100000,0.7340770822942644,0.0035347881358401808,0.0361143251316664,0.003389330332290997,401,9.40009774409755e-05,0.0009603918909813035,0.731585536159601,0.0035162915217735813,0.03592534839287316,0,2,56,40,48,1.0,0.0,29436491,4806.0,190210,0,0,0.0,5343.058243246614
4,x,10,0.3,normal,40200000,0.6925841542288558,0.0036528610570997332,0.037367161459191695,0.0033495692675697014,402,0.00011351253211280573,0.001161183261229387,0.690269987562189,0.0036506393781975434,0.037344434661497804,0,2,64,48,64,1.0,0.0,27841883,4497.0,177065,0,0,0.0,5412.455452314982
4,x,10,0.5,m1,50100000,0.6018853957711443,0.004650907528826991,0.047576737752909125,0.007891439876744372,402,0.00022090650405691626,0.0022597763439254188,0.5971311533582089,0.004609237225938088,0.04715046888810337,0,2,56,40,48,1.0,0.0,29613955,15749.0,434011,0,0,2616.588133809011,4347.299712156804
4,x,10,0.5,normal,50200000,0.5465251084367246,0.004599035916426963,0.047104592702453714,0.007859233342041385,403,0.000248941294364117,0.002549725310028374,0.542249094044665,0.004582941611272822,0.04693975039574178,0,2,64,48,64,1.0,0.0,26852585,15627.0,417715,0,0,2452.786363744999,5650.699910248848
4,x,10,0.8,m1,40100000,0.45174329177057354,0.005353043377403952,0.054691127599795886,0.017663054679514165,401,0.0005011085588594988,0.005119740342404206,0.44376571072319204,0.005260489331921483,0.05374551876488039,0,2,56,40,48,1.0,0.0,18114906,30379.0,579044,0,0,0.0,4614.741645202077
4,x,10,0.8,normal,40200000,0.3880741791044776,0.0049246099555462376,0.0503765931569663,0.017799698248548136,402,0.0005282401364834619,0.005403664185594579,0.3812086815920398,0.004864922700748938,0.04976601880108389,0,2,64,48,64,1.0,0.0,15600582,25604.0,500778,0,0,0.0,4488.912416804953
4,x,10,1.0,m1,50100000,0.3756627776119403,0.005394104385394698,0.055179314610124375,0.026266467949618573,402,0.0007487965192085428,0.007659858942338746,0.36580531106965175,0.005260330031326863,0.05381086182492023,0,2,56,40,48,1.0,0.0,18173085,52595.0,844494,0,0,1771.7375026650045,4621.717278086642
4,x,10,1.0,normal,50200000,0.3109361781637717,0.00476339942495636,0.04878804903224001,0.026441247058979368,403,0.0007653743235614093,0.007839174651257315,0.30277469875930524,0.004669931225704979,0.04783072198883899,0,2,64,48,64,1.0,0.0,14968205,47508.0,740132,0,0,2523.75442818,4044.8389285369285
4,x,11,0.0,m2,200,1.0,0.0,0.0,0.0,2,0.0,0.0,1.0,0.0,0.0,1,1,40,24,32,1.0,0.0,200,0.0,0,0,0,0.0,0.0423858311587537
4,x,11,0.01,m1,10000000,0.9941685,0.0,,4.647099561090499e-05,1,0.0,,0.9941223,0.0,,1,1,40,24,32,1.0,0.0,9941685,3.0,918,0,0,549.0203724550083,-3.2926827050105203
4,x,11,0.01,normal,10000000,0.9923116,0.0,,7.774775584604675e-05,1,0.0,,0.99223445,0.0,,1,1,48,32,48,1.0,0.0,9923116,2.0,1539,0,0,5418.911054625001,-2276.188501289005
4,x,11,0.05,m1,10000000,0.9712168,0.0,,0.00032155539319336324,1,0.0,,0.9709045,0.0,,1,1,40,24,32,1.0,0.0,9712168,60.0,6126,0,0,383.5912467129965,74.20310361500015
4,x,11,0.05,normal,10000000,0.962014,0.0,,0.00047379767862006165,1,0.0,,0.9615582,0.0,,1,1,48,32,48,1.0,0.0,9620140,91.0,8934,0,0,2655.8386327510016,1894.1134722599963
4,x,11,0.1,m1,50100000,0.9458185945273632,0.0007103620406498843,0.0072666911367607456,0.0005975298928292723,402,1.5090410297020573e-05,0.00015436825798732288,0.9452532633084576,0.000707842611646085,0.007240918486528962,1,1,40,24,32,1.0,0.0,47361716,859.0,60132,0,0,923.9555879310064,6674.212909748152
4,x,11,0.1,normal,50200000,0.9313084334987592,0.0010519860967232596,0.010774731381809196,0.0008057650367466038,403,1.930610066404603e-05,0.00019773840104275286,0.9305583898263027,0.0010543609817798621,0.010799055608742678,1,1,48,32,48,1.0,0.0,46697236,1312.0,80156,0,0,3942.713421336001,6921.767140328415
4,x,11,0.3,m1,40100000,0.8472389775561098,0.0018760009106692566,0.019166780081745476,0.0033719800941011467,401,8.035609623618761e-05,0.000820984476088092,0.8443784289276808,0.001854841839889179,0.018950601478595886,1,1,40,24,32,1.0,0.0,33974283,5904.0,217608,0,0,0.0,6225.740485678361
4,x,11,0.3,normal,40200000,0.8094538308457712,0.002672680133251673,0.02734034185994567,0.004256034334260572,402,9.813217940783667e-05,0.0010038490199751613,0.8060112686567164,0.002668613181073142,0.027298738728502553,1,1,48,32,48,1.0,0.0,32540044,8706.0,259370,0,0,0.0,6358.55417876894
4,x,11,0.5,m1,50100000,0.7601417574626865,0.00274806018671707,0.028111446641817774,0.008101415394044438,402,0.00020120310419303412,0.0020582192322532683,0.7539709253731344,0.002695917633668496,0.027578051265370714,1,1,40,24,32,1.0,0.0,37977714,24771.0,633990,0,0,1238.4280689309962,6176.792158405959
4,x,11,0.5,normal,50200000,0.7054265955334988,0.003754675480667707,0.0384564205326207,0.00995969585553156,403,0.00023756306967262253,0.002433186398502272,0.6984089918114144,0.0037319905147774877,0.03822407486319223,1,1,48,32,48,1.0,0.0,35199084,34791.0,706299,0,0,3886.401149418001,6878.225788776592
4,x,11,0.8,m1,40100000,0.6481276059850375,0.003643995101058667,0.03723007399609037,0.018326458633102456,401,0.0004523867209681885,0.004621957667177223,0.6362123815461347,0.003522640993231921,0.03599021985556019,1,1,40,24,32,1.0,0.0,25989917,43586.0,868429,0,0,0.0,5872.658141175994
4,x,11,0.8,normal,40200000,0.5771023383084577,0.004707399876808265,0.0481546296177317,0.02235300186412887,402,0.0005309318368087279,0.005431199095650486,0.5642255472636816,0.004627629639304069,0.04733861518469876,1,1,48,32,48,1.0,0.0,23199514,58663.0,917968,0,0,0.0,5899.409897413036
4,x,11,1.0,m1,50100000,0.5841639992537313,0.004040495721514128,0.0413324935279271,0.02703006128586897,402,0.0006644067131364451,0.006796588355334907,0.5683127335820896,0.0038608569626580767,0.039494868060772736,1,1,40,24,32,1.0,0.0,29094294,97515.0,1548747,0,0,3490.4673454779986,4403.0531781228165
4,x,11,1.0,normal,50200000,0.506809664764268,0.004999913028668655,0.05121048651129164,0.0329135761840429,403,0.000778599570081064,0.007974631269126451,0.4901712754342432,0.004873500741950198,0.04991573704930333,1,1,48,32,48,1.0,0.0,25136581,126977.0,1560041,0,0,2926.893950743999,6221.764117859746
4,x,12,0.0,m2,200,1.0,0.0,0.0,0.0,2,0.0,0.0,1.0,0.0,0.0,0,2,56,24,48,1.0,0.0,200,0.0,0,0,0,0.0,0.0448644979387608
4,x,12,0.01,m1,10000000,0.9888751,0.0,,0.0025696875166540244,1,0.0,,0.986334,0.0,,0,2,56,24,48,1.0,0.0,9888751,842.0,49138,0,0,2232.968650009003,-537.5226080600114
4,x,12,0.01,normal,10000000,0.9854535,0.0,,0.003108568795990881,1,0.0,,0.98239015,0.0,,0,2,64,32,64,1.0,0.0,9854535,516.0,60235,0,0,3682.792066832,1411.135110891999
4,x,12,0.05,m1,10000000,0.945636,0.0,,0.012674062747188136,1,0.0,,0.93365095,0.0,,0,2,56,24,48,1.0,0.0,9456360,4320.0,231061,0,0,2584.803872752993,-912.0608647439948
4,x,12,0.05,normal,10000000,0.9292143,0.0,,0.015364916359982838,1,0.0,,0.914937,0.0,,0,2,64,32,64,1.0,0.0,9292143,2862.0,279822,0,0,2781.4444859280047,358.5425188889931
4,x,12,0.1,m1,50100000,0.8989689310945275,0.0015317859649677066,0.015669496479375475,0.024026483176461885,402,0.00042978439738447375,0.004396505292335995,0.8773770534825871,0.0015814120194724782,0.016177149182907205,0,2,56,24,48,1.0,0.0,44992916,41198.0,2099186,0,0,2001.4358177739923,5875.255803328841
4,x,12,0.1,normal,50200000,0.8834167387096774,0.0015804496843691296,0.016187401016595573,0.024142724221833688,403,0.0004076504419064292,0.004175268117039626,0.8620940112903226,0.0016107228889276689,0.016497467516714565,0,2,64,32,64,1.0,0.0,44150500,39084.0,2163246,0,0,2834.071835232997,6198.397015766714
4,x,12,0.3,m1,40100000,0.7278482294264339,0.003643736008006034,0.03722742688673542,0.06955262897181415,401,0.00118122267081694,0.01206834977017335,0.6772747381546135,0.003581264310790779,0.03658916425314693,0,2,56,24,48,1.0,0.0,29186714,94312.0,3867370,0,0,0.0,5446.598404374978
4,x,12,0.3,normal,40200000,0.6923952736318407,0.00360114392099988,0.03683811791095869,0.07086742123952416,402,0.0011110931823009442,0.011365994405549853,0.6433749502487562,0.0035130254380779276,0.035936704600292566,0,2,64,32,64,1.0,0.0,27834290,102360.0,3736514,0,0,0.0,5504.498494103329
4,x,12,0.5,m1,50100000,0.5909287452736318,0.004768818232814811,0.04878291237734942,0.11187660765570874,402,0.0017862966974755228,0.018273029295449147,0.5249365620646766,0.0044810970853590894,0.045839651627996386,0,2,56,24,48,1.0,0.0,29445119,183944.0,6269981,0,0,3226.415449786,3985.80492596803
4,x,12,0.5,normal,50200000,0.5454212816377171,0.004585392094609046,0.04696484892107939,0.11538200344461877,403,0.0017023260055425203,0.017435691869998212,0.4826195915632754,0.004289584274720472,0.04393510374681742,0,2,64,32,64,1.0,0.0,26806198,201852.0,6041362,0,0,2427.972002925002,5990.593796379882
4,x,12,0.8,m1,40100000,0.43481311720698257,0.005418216557683067,0.0553569908232802,0.16977518537355415,401,0.0025023051165745758,0.025565622913104775,0.36121795511221944,0.004760518717756456,0.04863740460857241,0,2,56,24,48,1.0,0.0,17436006,194169.0,5513994,0,0,0.0,4705.342005926843
4,x,12,0.8,normal,40200000,0.38551522388059706,0.0049509699504457615,0.05064624430714063,0.17724726889499412,402,0.002355697185181423,0.024097745764665772,0.3174334328358209,0.004327886344344057,0.0442723731557797,0,2,64,32,64,1.0,0.0,15497712,220089.0,5033598,0,0,0.0,4631.868963033019
4,x,12,1.0,m1,50100000,0.3554936251243781,0.005369699140935948,0.05492965969692457,0.20451164474541522,402,0.0028330831162250115,0.028981193803013998,0.28307833482587064,0.004523530019390805,0.046273721873857115,0,2,56,24,48,1.0,0.0,17594645,264981.0,6705288,0,0,4026.998958108008,2941.722607935393
4,x,12,1.0,normal,50200000,0.3078988424317618,0.004799533135515949,0.049158140449151615,0.21524560601664494,403,0.0026627651106032116,0.027272773745745178,0.24195742965260547,0.0040220334590691156,0.04119477459360269,0,2,64,32,64,1.0,0.0,14856826,289940.0,6007333,0,0,3499.396765329,2883.0574160769847
4,x,13,0.0,m2,200,1.0,0.0,0.0,0.0,2,0.0,0.0,1.0,0.0,0.0,2,0,24,8,16,1.0,0.0,200,0.0,0,0,0,0.0,0.0454197550170647
4,x,13,0.01,m1,10000000,0.9729755,0.0,,6.63428832483449e-05,1,0.0,,0.97291095,0.0,,2,0,24,8,16,1.0,0.0,9729755,4.0,1283,0,0,115.06593102100304,-21.91423197100812
4,x,13,0.01,normal,10000000,0.9969629,0.0,,1.298945025938277e-05,1,0.0,,0.99694995,0.0,,2,0,32,16,32,1.0,0.0,9969629,0.0,259,0,0,3747.112931599004,252.27557649099617
4,x,13,0.05,m1,10000000,0.8735334,0.0,,0.0015536326372866797,1,0.0,,0.87217625,0.0,,2,0,24,8,16,1.0,0.0,8735334,260.0,26623,0,0,158.97699205900426,19.22979188899626
4,x,13,0.05,normal,10000000,0.9849777,0.0,,0.0003367081305495546,1,0.0,,0.98464605,0.0,,2,0,32,16,32,1.0,0.0,9849777,38.0,6557,0,0,3205.640164648001,332.316521034998
4,x,13,0.1,m1,50100000,0.9531320950248756,0.004450567498845662,0.0455273473901135,0.000756719324439592,402,0.00010487197402285625,0.0010727941535689331,0.9524549475124378,0.004518822426644774,0.04622556527127209,2,0,24,8,16,1.0,0.0,45909331,2460.0,140173,0,0,431.87948784699256,4093.283304651104
4,x,13,0.1,normal,50100000,0.9330176945273633,0.005003199931068828,0.05118053402920911,0.0022592548220314083,402,0.00017934139828521334,0.00183458359934488,0.9309949361940298,0.0051208615800337745,0.052384160930342524,2,0,32,16,32,1.0,0.0,47111927,3340.0,181271,0,0,2475.2443152119995,8399.605836711518
4,x,13,0.3,m1,40100000,0.8760149376558604,0.008579370317850133,0.08765395751509805,0.0059938873756342995,401,0.0007026840415833401,0.007179202534168943,0.8713192643391521,0.008874289841876782,0.09066709979380584,2,0,24,8,16,1.0,0.0,35128199,11503.0,353587,0,0,0.0,4422.970853263076
4,x,13,0.3,normal,40200000,0.8240622139303483,0.010399457864939602,0.10638187849274368,0.017488682842538177,402,0.0011354939009538838,0.011615603021747438,0.8107673631840796,0.010849196824929812,0.11098251018109653,2,0,32,16,32,1.0,0.0,33127301,53293.0,962320,0,0,0.0,6370.277643672234
4,x,13,0.5,m1,50100000,0.8097473940298507,0.01045455687721072,0.10694551714627941,0.015062291871126877,402,0.0014868754620218935,0.015210081793583368,0.7989670567164179,0.010921775128799485,0.11172495429729448,2,0,24,8,16,1.0,0.0,36250212,103709.0,1315208,0,0,719.8538476169924,5136.757903601712
4,x,13,0.5,normal,50200000,0.7385914600496278,0.012810603775187142,0.1312097326631716,0.04200282463809196,403,0.0023077784144512926,0.023636902219432564,0.7103632073200993,0.013413826203699184,0.1373881029391142,2,0,32,16,32,1.0,0.0,38284863,205646.0,2327143,0,0,2643.629455309001,7622.67465856918
4,x,13,0.8,m1,40100000,0.7275085286783043,0.011149161056605785,0.11390906947464631,0.032703475891087484,401,0.0025089608261184304,0.025633623157875193,0.7061436284289276,0.011688964765954846,0.11942415154393642,2,0,24,8,16,1.0,0.0,29173092,121505.0,1470455,0,0,0.0,5140.795624933962
4,x,13,0.8,normal,40200000,0.6377393532338308,0.013935491844154201,0.1425539503457609,0.08663347442629862,402,0.003790672018217759,0.03877690695852703,0.5874192412935324,0.014455531620784053,0.14787372845797808,2,0,32,16,32,1.0,0.0,25637122,456561.0,3132615,0,0,0.0,6111.3827868990375
4,x,13,1.0,m1,50100000,0.6778204611940298,0.011459452235520992,0.11722515453642585,0.04708863645516072,402,0.003200925711490823,0.032744061712306725,0.6490136787313433,0.01198396613809669,0.12259070098858092,2,0,24,8,16,1.0,0.0,30036573,362370.0,2616600,0,0,1285.2871458160007,5352.60073777115
4,x,13,1.0,normal,50200000,0.5842060186104219,0.013861137787575686,0.14196959139723475,0.11754726301591709,403,0.004390402152334929,0.044967708220549026,0.5211526749379652,0.014176614887407702,0.14520079475476008,2,0,32,16,32,1.0,0.0,30887674,827306.0,4701073,0,0,2346.333603082001,6920.988361186932
4,x,14,0.0,m2,200,1.0,0.0,0.0,0.0,2,0.0,0.0,1.0,0.0,0.0,0,2,56,24,48,1.0,0.0,200,0.0,0,0,0,0.0,0.041531842860422205
4,x,14,0.01,m1,10000000,0.9894667,0.0,,0.0026737635536395513,1,0.0,,0.9868211,0.0,,0,2,56,24,48,1.0,0.0,9894667,484.0,51944,0,0,1895.1314993949927,-183.68029397899227
4,x,14,0.01,normal,10000000,0.9881042,0.0,,0.0034661830199689465,1,0.0,,0.98467925,0.0,,0,2,64,32,64,1.0,0.0,9881042,1566.0,65367,0,0,3855.707905882002,-2096.8054955519983
4,x,14,0.05,m1,10000000,0.9483037,0.0,,0.013258358055546973,1,0.0,,0.93573075,0.0,,0,2,56,24,48,1.0,0.0,9483037,3098.0,245263,0,0,2018.787984680006,-328.9785758789949
4,x,14,0.05,normal,10000000,0.9421008,0.0,,0.017103000018681654,1,0.0,,0.92598805,0.0,,0,2,64,32,64,1.0,0.0,9421008,8328.0,305599,0,0,2464.027744480998,-584.3109859750039
4,x,14,0.1,m1,50100000,0.901323268159204,0.001531479308292776,0.015666359516511148,0.02483989808498158,402,0.00045395037254461945,0.004643712585882755,0.8789369405472638,0.0015603011402789144,0.01596119417694327,0,2,56,24,48,1.0,0.0,45136501,45686.0,2176040,0,0,2188.794220226002,5442.828565359934
4,x,14,0.1,normal,50100000,0.8832503980099503,0.0016170463178279927,0.016541672377006662,0.02519738198097112,402,0.0004372772296997703,0.004473153670288436,0.8609997491293532,0.0016457517847460737,0.016835316673989877,0,2,64,32,64,1.0,0.0,44294500,64426.0,2252830,0,0,2643.6729535060003,5166.3676734028995
4,x,14,0.3,m1,40100000,0.7330790274314215,0.003669435839382885,0.03748999766340008,0.07131211488906608,401,0.0012339974809763056,0.012607540969083574,0.6808193765586036,0.003549356964716403,0.0362631723617136,0,2,56,24,48,1.0,0.0,29396469,131364.0,3928496,0,0,0.0,5548.781483685576
4,x,14,0.3,normal,40200000,0.6904817910447761,0.003700099728161838,0.037850392280485735,0.07292179574004917,402,0.0011880938758217418,0.01215367762215319,0.6401685447761194,0.003578052643575332,0.036601904302410664,0,2,64,32,64,1.0,0.0,27757368,150358.0,3744469,0,0,0.0,5418.5492324928855
4,x,14,0.5,m1,50100000,0.5970187788557214,0.00489900618988251,0.05011467789915481,0.11397317744992676,402,0.0018821153750019637,0.019253212209052635,0.5290125800995025,0.0045073302175912605,0.04610800502889967,0,2,56,24,48,1.0,0.0,29829167,275239.0,6320979,0,0,2670.944143668996,3979.710336676213
4,x,14,0.5,normal,50200000,0.5413540161290323,0.004754670269651074,0.048698642619077796,0.11731492955463402,403,0.0017932881691211891,0.018367351405728913,0.477925438337469,0.004363800277611583,0.04469524449190338,0,2,64,32,64,1.0,0.0,27292539,327938.0,6105745,0,0,2086.024576951,5143.817555358899
4,x,14,0.8,m1,40100000,0.4400425436408978,0.0056586704238181474,0.05781366680131712,0.1712916601316571,401,0.0025961039704569026,0.02652394974229643,0.364725885286783,0.004839425980437205,0.04944358660030445,0,2,56,24,48,1.0,0.0,17645706,317691.0,5405014,0,0,0.0,4691.700542889263
4,x,14,0.8,normal,40200000,0.37739512437810946,0.005158627751352681,0.052770492246894035,0.177595833185617,402,0.002485819681447193,0.025428841651268325,0.3105347014925373,0.0044127864357707625,0.04514086373745014,0,2,64,32,64,1.0,0.0,15171284,323464.0,4728650,0,0,0.0,4536.184552423856
4,x,14,1.0,m1,50100000,0.359378892039801,0.00568157693366876,0.05812003229922559,0.2054700851798348,402,0.0029410301011574044,0.03008544396527018,0.2856161736318408,0.004647625348506984,0.04754316249230143,0,2,56,24,48,1.0,0.0,17884753,447086.0,6523287,0,0,1942.556238891004,4157.529214298593
4,x,14,1.0,normal,50200000,0.2980251918114144,0.004997375668905939,0.051184498173663,0.2137046086003002,403,0.0028025421692697847,0.028704408883474475,0.23453900421836227,0.004082519540012029,0.04181428969606293,0,2,64,32,64,1.0,0.0,15062806,468782.0,5775572,0,0,3192.502419034001,2300.131793152261
4,x,15,0.0,m2,200,1.0,0.0,0.0,0.0,2,0.0,0.0,1.0,0.0,0.0,1,1,40,8,32,1.0,0.0,200,0.0,0,0,0,0.0,0.0416302641770016
4,x,15,0.01,m1,10000000,0.9929532,0.0,,0.002787643969524445,1,0.0,,0.9901852,0.0,,1,1,40,8,32,1.0,0.0,9929532,180.0,55000,0,0,247.96835737999936,132.59289736299252
4,x,15,0.01,normal,10000000,0.9940708,0.0,,0.003534959481759247,1,0.0,,0.9905568,0.0,,1,1,48,16,48,1.0,0.0,9940708,125.0,70030,0,0,2710.5212125100006,-651.177025199002
4,x,15,0.05,m1,10000000,0.9650234,0.0,,0.013690445226509534,1,0.0,,0.9518118,0.0,,1,1,40,8,32,1.0,0.0,9650234,2251.0,259730,0,0,607.2566747529927,-245.0273562539951
4,x,15,0.05,normal,10000000,0.9707137,0.0,,0.01740410174493262,1,0.0,,0.9538193,0.0,,1,1,48,16,48,1.0,0.0,9707137,2935.0,332018,0,0,2255.766875001995,-317.4190798589916
4,x,15,0.1,m1,50100000,0.9473128544776119,0.0007012460913238727,0.007173438985913995,0.02214937376685747,402,0.00034728725116251423,0.0035525957828825834,0.9263239544776118,0.0006800772167104718,0.006956890712321464,1,1,40,8,32,1.0,0.0,47300040,28040.0,2132918,0,0,646.2642574189958,6391.998866937884
4,x,15,0.1,normal,50100000,0.9460942634328359,0.0008412710490778399,0.00860583269673948,0.029890278887935422,402,0.00039454218707448964,0.004035992986434728,0.9178261090796019,0.000994551773904613,0.010173827072559392,1,1,48,16,48,1.0,0.0,47364174,46164.0,2820131,0,0,2157.943757064,6327.71447122618
4,x,15,0.3,m1,40100000,0.8502206483790524,0.0018655637704731982,0.019060145607485635,0.06389925336846741,401,0.000960612789528927,0.009814416387487057,0.7958427556109726,0.0017191735295550286,0.017564501582029737,1,1,40,8,32,1.0,0.0,34093848,142982.0,4075143,0,0,0.0,6219.563382523062
4,x,15,0.3,normal,40200000,0.846781368159204,0.0022322753572946606,0.022835194767477023,0.08469013201457491,402,0.0010378701189540142,0.010616954683575383,0.7751432213930348,0.0024397442089501464,0.024957509839520556,1,1,48,16,48,1.0,0.0,34040611,246109.0,5267489,0,0,0.0,6550.8325023699435
4,x,15,0.5,m1,50100000,0.7631001106965175,0.0028022921125784037,0.02866621538287478,0.10246706814230191,402,0.0014654778910841346,0.014991194057212531,0.6847952630597015,0.0024662328627664647,0.02522847711380743,1,1,40,8,32,1.0,0.0,37599343,435355.0,7142328,0,0,1624.6347007680015,5492.683911918724
4,x,15,0.5,normal,50200000,0.7579981223325062,0.003272177475636674,0.03351454305661465,0.13368632012854323,403,0.001529435347338079,0.01566489812435892,0.6568267923076923,0.0033300981684285854,0.03410778274697276,1,1,48,16,48,1.0,0.0,37905037,715137.0,8945121,0,0,2908.8894775269946,5587.390152689895
4,x,15,0.8,m1,40100000,0.6491972568578553,0.003786144490256824,0.03868238996567247,0.15457996608563354,401,0.002059247690548236,0.021038981054918478,0.5486224563591022,0.003105750478000965,0.03173092084448097,1,1,40,8,32,1.0,0.0,26032810,626672.0,6812755,0,0,0.0,5932.881089429789
4,x,15,0.8,normal,40200000,0.6422797263681592,0.004332795717302071,0.044322593881155746,0.19725148086285113,402,0.0020370647723315315,0.02083827637040771,0.5158644154228856,0.003985507623250863,0.040769989475892686,1,1,48,16,48,1.0,0.0,25819645,1003300.0,8157191,0,0,0.0,6218.080486709197
4,x,15,1.0,m1,50100000,0.5826387072139303,0.004264899638982694,0.0436280468722913,0.18597154301396887,402,0.0023693999779934197,0.024237919306293515,0.47400220982587066,0.003362400098971172,0.03439587365209427,1,1,40,8,32,1.0,0.0,28251398,1055580.0,8767197,0,0,1709.4413086319985,5502.437566508306
4,x,15,1.0,normal,50200000,0.5752741285359801,0.004792008073139653,0.04908106668744649,0.23391181544497808,403,0.0022522718631709246,0.023068388831432994,0.4410335898263027,0.0041385756972362854,0.04238843229953378,1,1,48,16,48,1.0,0.0,28647593,1629503.0,10392223,0,0,2410.795265711,5520.660192378866
4,x,16,0.0,m2,200,1.0,0.0,0.0,0.0,2,0.0,0.0,1.0,0.0,0.0,0,2,56,8,48,1.0,0.0,200,0.0,0,0,0,0.0,0.0430145021000498
4,z,2,0.0,m2,200,1.0,0.0,0.0,0.0,2,0.0,0.0,1.0,0.0,0.0,1,1,40,40,32,1.0,0.0,200,0.0,0,0,0,0.0,0.0448559429933084
4,z,2,0.01,m1,5000000,0.9932854,0.0,,0.002162621135878973,1,0.0,,0.9911373,0.0,,1,1,40,40,32,1.0,0.0,4966427,24.0,21433,0,0,507.7679947900033,-154.69851041899528
4,z,2,0.01,normal,5000000,0.9891484,0.0,,0.0029229183406655665,1,0.0,,0.9862572,0.0,,1,1,48,48,48,1.0,0.0,4945742,225.0,28462,0,0,1748.5042533009982,-151.43139030699967
4,z,2,0.05,m1,5000000,0.9675418,0.0,,0.010680675501564894,1,0.0,,0.9572078,0.0,,1,1,40,40,32,1.0,0.0,4837709,559.0,102222,0,0,692.0033097380074,153.93357454198122
4,z,2,0.05,normal,5000000,0.9469516,0.0,,0.014414358664159816,1,0.0,,0.9333019,0.0,,1,1,48,48,48,1.0,0.0,4734758,1830.0,132837,0,0,2900.9086224109924,-745.0863070499909
4,z,2,0.1,m1,45100000,0.9480523751243781,0.0007622745122256835,0.007797732880970626,0.022463680681667413,402,0.0003217903358494531,0.0032917735571473,0.9267521452736318,0.0007654087541907966,0.00782979479729644,1,1,40,40,32,1.0,0.0,42696953,22355.0,1861892,0,0,850.8312859060097,5849.641092749047
4,z,2,0.1,normal,45100000,0.9333144467661693,0.0011190763975507338,0.01144765918516762,0.02360555442416076,402,0.0003616468378653672,0.0036994880370431605,0.9112793271144279,0.0011130295845044917,0.011385802948130267,1,1,48,48,48,1.0,0.0,41912912,27617.0,1965683,0,0,1280.6445584080066,7301.050895610144
4,z,2,0.3,m1,40100000,0.8522542892768079,0.002051416270151737,0.020958968773680378,0.06479373586560676,401,0.0008954393691451902,0.00914855071089493,0.7970061596009975,0.0019574292027034375,0.01999871899871248,1,1,40,40,32,1.0,0.0,34175397,145055.0,4140790,0,0,0.0,6169.474848531812
4,z,2,0.3,normal,40100000,0.8134359850374066,0.0028308851534254256,0.028922668887738832,0.06788583612380801,401,0.0009965009278614357,0.010181079351801429,0.7581861596009974,0.0026701299852336957,0.02728026085999662,1,1,48,48,48,1.0,0.0,32618783,154667.0,4121702,0,0,0.0,6431.225589542977
4,z,2,0.5,m1,45100000,0.7662748169154229,0.00308046165238874,0.03151176738845113,0.1037335899708241,402,0.001369403982365415,0.014008400240806492,0.686720934079602,0.0027978865860166994,0.028621148784454892,1,1,40,40,32,1.0,0.0,34318461,367323.0,6357638,0,0,1366.4727280389925,5906.09109438735
4,z,2,0.5,normal,45100000,0.7090509875621891,0.00407600278270753,0.041695715141838875,0.10855743176672701,402,0.0015104381521101266,0.015451117746272728,0.6320136490049751,0.0036590321415485207,0.037430288938001204,1,1,48,48,48,1.0,0.0,31338142,390525.0,6146283,0,0,2776.4865833700023,5558.794759771034
4,z,2,0.8,m1,40100000,0.6535129426433915,0.004162681237004265,0.042529401433822264,0.15658190649267634,401,0.0019426100293178246,0.01984731404167865,0.5510578304239402,0.003537194980195264,0.036138915448324836,1,1,40,40,32,1.0,0.0,26205869,642923.0,6931054,0,0,0.0,5841.241554889031
4,z,2,0.8,normal,40100000,0.5779169825436409,0.0051592660325914495,0.05271133764781723,0.1633649241651725,401,0.0021252226442403615,0.021713035860078028,0.4833620947630923,0.004300772036309436,0.0439402514854091,1,1,48,48,48,1.0,0.0,23174471,621655.0,6339992,0,0,0.0,5965.617137748843
4,z,2,1.0,m1,45100000,0.5876706059701492,0.004666510264161176,0.04773634687061821,0.18819844257719118,402,0.0022232229128051006,0.022742592243166847,0.47690112860696515,0.003793429098569811,0.03880511067749161,1,1,40,40,32,1.0,0.0,26139840,917521.0,7983301,0,0,2166.771146328,4859.3651508340845
4,z,2,1.0,normal,45100000,0.5043026781094527,0.005602823957153698,0.0573144239985456,0.19619558007180923,402,0.002454553660684943,0.0251090040150301,0.40519747164179104,0.004488437732004491,0.04591474321350318,1,1,48,48,48,1.0,0.0,21904259,873460.0,6972387,0,0,2667.6646227449964,5100.683393416122
4,z,3,0.0,m2,200,1.0,0.0,0.0,0.0,2,0.0,0.0,1.0,0.0,0.0,0,2,56,40,48,1.0,0.0,200,0.0,0,0,0,0.0,0.0411012999265948
4,z,3,0.01,m1,5000000,0.987526,0.0,,0.0033308490105576965,1,0.0,,0.9842367,0.0,,0,2,56,40,48,1.0,0.0,4937630,496.0,31901,0,0,1291.9681232670118,-335.16167796701484
4,z,3,0.01,normal,5000000,0.9860994,0.0,,0.0033521975573659207,1,0.0,,0.9827938,0.0,,0,2,64,48,64,1.0,0.0,4930497,559.0,31938,0,0,2742.815306397999,-642.1568390210014
4,z,3,0.05,m1,5000000,0.9394756,0.0,,0.016433423071338948,1,0.0,,0.9240368,0.0,,0,2,56,40,48,1.0,0.0,4697378,2664.0,149060,0,0,1919.7980010829924,-1050.1192480309835
4,z,3,0.05,normal,5000000,0.9323822,0.0,,0.016639206539978992,1,0.0,,0.9168681,0.0,,0,2,64,48,64,1.0,0.0,4661911,3190.0,148761,0,0,1997.757503506,-177.50603474398667
4,z,3,0.1,m1,45100000,0.8993515467661691,0.0015288798512535352,0.015639768214686857,0.024823445132321292,402,0.00041227543435495975,0.004217396303989657,0.8770307634328358,0.0015587581376425275,0.015945409938850293,0,2,56,40,48,1.0,0.0,40478044,42754.0,1988823,0,0,1806.7228237269885,4831.175426603691
4,z,3,0.1,normal,45100000,0.8813929029850747,0.0019746254223232513,0.02019954929136057,0.02520434364325779,402,0.0006082906069507214,0.006222545278545131,0.8592433741293533,0.0021785108660184447,0.022285207676567855,0,2,64,48,64,1.0,0.0,39693706,53724.0,1953660,0,0,1891.993185130996,5949.490762770321
4,z,3,0.3,m1,40100000,0.7282474812967581,0.0036660089506579817,0.03745498572807464,0.0714484088614686,401,0.0011297372959393544,0.011542332510750555,0.6762479800498753,0.003558142592181427,0.03635293361318452,0,2,56,40,48,1.0,0.0,29202724,128564.0,3913232,0,0,0.0,5449.589568208281
4,z,3,0.3,normal,40100000,0.6862164588528679,0.003978766219910345,0.04065037319544467,0.07228290919049145,401,0.0014796824352132914,0.015117662078552594,0.636843216957606,0.004014335451943157,0.0410137779487005,0,2,64,48,64,1.0,0.0,27517280,144315.0,3671104,0,0,0.0,5443.0559089792405
4,z,3,0.5,m1,45100000,0.5903474243781095,0.004890087681296585,0.05002344548021083,0.11424955954391791,402,0.0017230928136813413,0.01762648137214534,0.5229777393034826,0.004526399569529325,0.04630307610925376,0,2,56,40,48,1.0,0.0,26350745,251416.0,5675968,0,0,2031.087045768,4046.1401964770703
4,z,3,0.5,normal,45100000,0.5355571985074628,0.004820678219591605,0.049313417225157294,0.11548633218958747,402,0.002030530847049852,0.02077143718951736,0.4739928169154229,0.0045629891162899195,0.04667737107425506,0,2,64,48,64,1.0,0.0,23963934,260618.0,5148168,0,0,1600.760511311004,4653.474014362153
4,z,3,0.8,m1,40100000,0.4325705985037407,0.00561036560482236,0.05732014473674067,0.17178482407209061,401,0.002401040035650076,0.024531014920645095,0.35838164588528676,0.004832100155838883,0.04936873990476453,0,2,56,40,48,1.0,0.0,17346081,312001.0,5325952,0,0,0.0,4657.0265693480615
4,z,3,0.8,normal,40100000,0.37105501246882794,0.005093395237209718,0.05203834701028023,0.1736005685827852,401,0.0026213431695055554,0.026781814317336724,0.3069490399002494,0.004447707274159595,0.04544146365120078,0,2,64,48,64,1.0,0.0,14879306,294476.0,4552347,0,0,0.0,4563.609014224909
4,z,3,1.0,m1,45100000,0.35174659701492533,0.005657511558112917,0.05787385409536988,0.2062593276200468,402,0.0027407910439982814,0.028037086510020553,0.27935396641791044,0.004665838402271957,0.04772947401909161,0,2,56,40,48,1.0,0.0,15539026,397792.0,5734965,0,0,2204.488730346988,3631.732660918995
4,z,3,1.0,normal,45100000,0.29096109402985076,0.004887966084871885,0.050001742482228224,0.20836725325730293,402,0.002934383621833756,0.03001745340605106,0.23065905298507464,0.004077188321755514,0.0417078426846963,0,2,64,48,64,1.0,0.0,12906298,358910.0,4754239,0,0,1000.1423452439922,4804.15622392801
4,z,4,0.0,m2,200,1.0,0.0,0.0,0.0,2,0.0,0.0,1.0,0.0,0.0,2,0,24,24,16,1.0,0.0,200,0.0,0,0,0,0.0,0.042130802006795295
4,z,4,0.01,m1,5000000,0.9941224,0.0,,1.0260305974395104e-05,1,0.0,,0.9941122,0.0,,2,0,24,24,16,1.0,0.0,4970612,0.0,102,0,0,74.96117084499565,11.130948897014605
4,z,4,0.01,normal,5000000,0.9912326,0.0,,1.1500832397965926e-05,1,0.0,,0.9912212,0.0,,2,0,32,32,32,1.0,0.0,4956163,0.0,114,0,0,2549.615304238003,-776.4430673010065
4,z,4,0.05,m1,5000000,0.9710254,0.0,,0.00023336155779241202,1,0.0,,0.9707988,0.0,,2,0,24,24,16,1.0,0.0,4855127,10.0,2246,0,0,176.949002415,28.321181015009643
4,z,4,0.05,normal,5000000,0.9571744,0.0,,0.0002728865293513909,1,0.0,,0.9569132,0.0,,2,0,32,32,32,1.0,0.0,4785872,13.0,2586,0,0,2585.6703175099974,-541.4417171189853
4,z,4,0.1,m1,45100000,0.9492063696517413,0.004652241072447676,0.04759037931742748,0.0008052961321817069,402,0.0001070796259204325,0.0010953774611771126,0.9484889266169154,0.004722400225232912,0.0483080765823893,2,0,24,24,16,1.0,0.0,42777917,776.0,64481,0,0,244.0392992109992,4009.681095927972
4,z,4,0.1,normal,45100000,0.9040756363184079,0.005860278590228712,0.0599480716221892,0.0012853512653392244,402,0.00014843117029851707,0.001518385566661873,0.9029882213930348,0.00594013911167624,0.06076500962024007,2,0,32,32,32,1.0,0.0,40835111,1316.0,94359,0,0,2328.838581920005,6681.182912474287
4,z,4,0.3,m1,40100000,0.8653306733167082,0.009342070669075837,0.09544633640845265,0.006495971858174664,401,0.0007868859099833216,0.008039478605953351,0.8603871695760599,0.009669852481642033,0.09879522706224818,2,0,24,24,16,1.0,0.0,34699760,12934.0,370601,0,0,0.0,4502.8467749318515
4,z,4,0.3,normal,40100000,0.7561336159600998,0.01053851838197387,0.10767023782662573,0.010333885467609395,401,0.001026864476456661,0.01049129852873054,0.7492532169576059,0.010881148946430289,0.11117083563597205,2,0,32,32,32,1.0,0.0,30320958,20675.0,510458,0,0,0.0,6308.519515136595
4,z,4,0.5,m1,45100000,0.7959051253731343,0.01130686579225082,0.11566426235546584,0.0160543026785903,402,0.0016613357214674788,0.01699473349016107,0.7848242144278608,0.011811080281262782,0.12082215473802832,2,0,24,24,16,1.0,0.0,35638293,52094.0,935346,0,0,631.1098573380004,4891.073722071284
4,z,4,0.5,normal,45100000,0.6449163572139304,0.01217257994046492,0.12452013720210106,0.025235105857849743,402,0.002053326557869841,0.02100462728174164,0.6307759373134328,0.012631409342981768,0.12921376011796534,2,0,32,32,32,1.0,0.0,29125806,73742.0,1136786,0,0,1215.179322349999,6318.577359014049
4,z,4,0.8,m1,40100000,0.7092017206982543,0.012444527124036014,0.12714360278355252,0.03496153643178071,401,0.0028255481862483668,0.02886814200792528,0.6874891521197007,0.013031974528884112,0.13314545233185515,2,0,24,24,16,1.0,0.0,28438989,127106.0,1487136,0,0,0.0,5128.934458078951
4,z,4,0.8,normal,40100000,0.5221153615960099,0.012399843532568181,0.1266870781805762,0.05354345758487831,401,0.0033727670745726268,0.03445898369112394,0.4975931546134663,0.012812820804363662,0.13090639625352926,2,0,32,32,32,1.0,0.0,20936826,169254.0,1628173,0,0,0.0,5930.680834083829
4,z,4,1.0,m1,45100000,0.6589066412935324,0.01265956581930626,0.12950178848271637,0.04968785415393976,402,0.003470767875996676,0.03550442833232642,0.6299342671641791,0.01320334254263713,0.13506438511610375,2,0,24,24,16,1.0,0.0,29185741,240887.0,2229897,0,0,1070.662471753007,5371.18459243092
4,z,4,1.0,normal,45100000,0.46053552338308457,0.011816291129920888,0.12087545942717558,0.07423217414549921,402,0.003981619452109331,0.040730215195799495,0.4300804828358209,0.012121729867506115,0.12399996332831786,2,0,32,32,32,1.0,0.0,20677321,285624.0,2211971,0,0,2338.489576546999,4994.276801155163
4,z,5,0.0,m2,200,1.0,0.0,0.0,0.0,2,0.0,0.0,1.0,0.0,0.0,0,2,56,40,48,1.0,0.0,200,0.0,0,0,0,0.0,0.0402974509979684
4,z,5,0.01,m1,5000000,0.9883532,0.0,,0.0027740083201025704,1,0.0,,0.9856115,0.0,,0,2,56,40,48,1.0,0.0,4941766,388.0,26641,0,0,1413.1519839449902,-519.3133842859825
4,z,5,0.01,normal,5000000,0.9871286,0.0,,0.003255300271919991,1,0.0,,0.9839152,0.0,,0,2,64,48,64,1.0,0.0,4935643,585.0,30964,0,0,2743.2535108589946,-455.63884106800833
4,z,5,0.05,m1,5000000,0.9433462,0.0,,0.013633806973516191,1,0.0,,0.9304848,0.0,,0,2,56,40,48,1.0,0.0,4716731,2120.0,124374,0,0,1837.2505728209944,-947.5653863400076
4,z,5,0.05,normal,5000000,0.9371134,0.0,,0.01617242907848719,1,0.0,,0.921958,0.0,,0,2,64,48,64,1.0,0.0,4685567,2994.0,145566,0,0,2502.527172803995,-215.09678387499292
4,z,5,0.1,m1,45100000,0.8978612656716418,0.0014975300499913496,0.015319073540795326,0.023916868722780742,402,0.0004444528059316367,0.0045465566580910385,0.8763943674129353,0.0015528598443688862,0.015885072993742172,0,2,56,40,48,1.0,0.0,40455115,37756.0,1886931,0,0,1152.7724943710057,5835.336285134796
4,z,5,0.1,normal,45100000,0.881627131840796,0.0015413527540859848,0.01576736052294043,0.024171843419830835,402,0.0004271884056779027,0.004369949439340266,0.8603199542288558,0.0015677236648084971,0.016037123337181287,0,2,64,48,64,1.0,0.0,39743253,39738.0,1908760,0,0,1440.1301843190013,6951.139078406897
4,z,5,0.3,m1,40100000,0.7254440897755611,0.0035516569168959743,0.036286670579317684,0.06936340940055306,401,0.001223267744522154,0.01249791708895526,0.6751823815461346,0.0035209988686320517,0.035973442549699884,0,2,56,40,48,1.0,0.0,29090308,96767.0,3837455,0,0,0.0,5477.493111953954
4,z,5,0.3,normal,40100000,0.6868858104738155,0.0035370152493954263,0.036137079169517715,0.0699743852480605,401,0.001168744097770224,0.011940858326027367,0.6388497880299252,0.003432080692200826,0.03506498076632092,0,2,64,48,64,1.0,0.0,27544121,93879.0,3664731,0,0,0.0,5438.025083693719
4,z,5,0.5,m1,45100000,0.5877125064676617,0.0046389833173513615,0.04745475831582723,0.11163966952533176,402,0.0018660207589458174,0.01908857136797142,0.5222304504975125,0.00439689388573787,0.04497828994288351,0,2,56,40,48,1.0,0.0,26377969,169207.0,5618042,0,0,2007.4674940200057,4109.282760826758
4,z,5,0.5,normal,45100000,0.5363798805970149,0.004474790556040043,0.045775138607756026,0.11279627134903483,402,0.0017939691626089875,0.01835151523809812,0.475950707960199,0.004154475690475121,0.04249845846245453,0,2,64,48,64,1.0,0.0,24133217,160669.0,5279835,0,0,2387.595686201996,4597.22078190295
4,z,5,0.8,m1,40100000,0.4307556109725686,0.005253179730518785,0.05367083781895231,0.1694960834268117,401,0.002605007909552331,0.026614919763437016,0.35797840399002495,0.004653637615242733,0.04754541868515184,0,2,56,40,48,1.0,0.0,17273300,195391.0,5445950,0,0,0.0,4653.660844615555
4,z,5,0.8,normal,40100000,0.3726822194513716,0.004801424761866637,0.049055334657014824,0.17094430738362687,401,0.0024736546067179524,0.025272905559648968,0.30911332917705736,0.004168633510894019,0.04259021479696212,0,2,64,48,64,1.0,0.0,14944557,173239.0,4751747,0,0,0.0,4494.630989587946
4,z,5,1.0,m1,45100000,0.3516261517412935,0.005216810617416465,0.05336567736792082,0.2042845947371749,402,0.0029512370940773095,0.03018985701205432,0.2800942537313433,0.004431463588439875,0.04533192279183936,0,2,56,40,48,1.0,0.0,15699074,241755.0,5981026,0,0,1006.0520161899911,4578.464224084102
4,z,5,1.0,normal,45100000,0.2933016567164179,0.0046330305877066,0.04739386451059301,0.20628795758065788,402,0.002805646715035707,0.028700531490083354,0.23297220646766167,0.0038517037982697244,0.03940123521621181,0,2,64,48,64,1.0,0.0,13157023,207450.0,5129222,0,0,2141.7930098729994,3315.9684533768777
4,z,6,0.0,m2,200,1.0,0.0,0.0,0.0,2,0.0,0.0,1.0,0.0,0.0,1,1,40,24,32,1.0,0.0,200,0.0,0,0,0,0.0,0.0437105170203721
4,z,6,0.01,m1,5000000,0.994021,0.0,,8.259382850060512e-05,1,0.0,,0.9939389,0.0,,1,1,40,24,32,1.0,0.0,4970105,4.0,813,0,0,566.6947818129993,106.35178075400472
4,z,6,0.01,normal,5000000,0.9933892,0.0,,6.331858651171163e-05,1,0.0,,0.9933263,0.0,,1,1,48,32,48,1.0,0.0,4966946,2.0,625,0,0,1404.2701709660032,458.7120893760002
4,z,6,0.05,m1,5000000,0.9705752,0.0,,0.000510109881233314,1,0.0,,0.9700801,0.0,,1,1,40,24,32,1.0,0.0,4852876,60.0,4831,0,0,706.2191332310031,-374.37553458201
4,z,6,0.05,normal,5000000,0.9674592,0.0,,0.0003949520558593065,1,0.0,,0.9670771,0.0,,1,1,48,32,48,1.0,0.0,4837296,42.0,3737,0,0,1635.827913468995,426.9102279189974
4,z,6,0.1,m1,45100000,0.9467339606965175,0.0007488934060308693,0.007660850051903701,0.0005990972950040182,402,1.6090263258899018e-05,0.0001645963138804827,0.946166510199005,0.0007454117679494833,0.007625234426152822,1,1,40,24,32,1.0,0.0,42674565,818.0,55748,0,0,533.1930257459899,6083.707441686012
4,z,6,0.1,normal,45100000,0.9324500666666666,0.000990963036488308,0.010137115867732952,0.0008153568479944684,402,1.844064641559621e-05,0.00018863969947177615,0.9316897047263683,0.0009895617552582504,0.010122781377273338,1,1,48,32,48,1.0,0.0,42072886,1160.0,68422,0,0,2900.438659401,5700.967070098795
4,z,6,0.3,m1,40100000,0.8496354114713217,0.0019892670765634746,0.020324001104427437,0.003493165220496079,401,8.511095980777577e-05,0.0008695641030365783,0.8466629426433916,0.001965084110945357,0.020076927885490932,1,1,40,24,32,1.0,0.0,34070380,5951.0,226490,0,0,0.0,6239.590295229962
4,z,6,0.3,normal,40100000,0.8131716458852869,0.0025238799076662713,0.025786048859495495,0.004223216378901024,401,8.992936580807273e-05,0.0009187929320989843,0.8097360847880298,0.002509842922243641,0.025642635382947532,1,1,48,32,48,1.0,0.0,32608183,8399.0,258734,0,0,0.0,6391.624025773781
4,z,6,0.5,m1,45100000,0.7636196990049752,0.0029234316359611503,0.029905419409136495,0.008456066873037512,402,0.0002089057624052297,0.002137014036813562,0.7571463708955224,0.002863082233521556,0.02928807157419954,1,1,40,24,32,1.0,0.0,34350163,23110.0,587111,0,0,969.4788513890088,6579.465706307728
4,z,6,0.5,normal,45100000,0.7120530920398009,0.0035744405102737103,0.03656495376797096,0.009845370025929778,402,0.0002194433572000111,0.0022448089953222682,0.7050384420398009,0.0035335647790928014,0.03614681302214904,1,1,48,32,48,1.0,0.0,32179989,28041.0,609368,0,0,2876.313819437012,5319.544279933074
4,z,6,0.8,m1,40100000,0.6526613466334165,0.0038923948200085354,0.0397679313917891,0.019183369461353964,401,0.00046151949960871564,0.004715265702766502,0.6400924438902743,0.003751273418828291,0.0383261181997664,1,1,40,24,32,1.0,0.0,26171720,46250.0,915526,0,0,0.0,5828.566797278327
4,z,6,0.8,normal,40100000,0.5876619950124689,0.004501025810675706,0.04598621000919708,0.02189541427755966,401,0.0004976551915512935,0.005084457879927017,0.5747802244389028,0.00439004707068392,0.0448523592252905,1,1,48,32,48,1.0,0.0,23565246,57249.0,918620,0,0,0.0,6023.140495969332
4,z,6,1.0,m1,45100000,0.5890505049751243,0.004304645058041359,0.04403462502240784,0.028301712619699278,402,0.0006785916973117139,0.006941694502458442,0.572304835323383,0.004103778483130458,0.04197984833664748,1,1,40,24,32,1.0,0.0,26433106,90012.0,1431998,0,0,2308.5285132459976,4601.751322335902
4,z,6,1.0,normal,45100000,0.5197921810945274,0.00477789830014111,0.04887579747112617,0.03200496441252043,402,0.0007210515228049405,0.007376039836138946,0.5031371860696517,0.004614032391888526,0.04719952132603976,1,1,48,32,48,1.0,0.0,23530605,100428.0,1383480,0,0,1759.8770570189954,6505.209753813662
4,z,7,0.0,m2,200,1.0,0.0,0.0,0.0,2,0.0,0.0,1.0,0.0,0.0,0,2,56,24,48,1.0,0.0,200,0.0,0,0,0,0.0,0.0395356900244222
4,z,7,0.01,m1,5000000,0.9887104,0.0,,2.467861165413047e-05,1,0.0,,0.988686,0.0,,0,2,56,24,48,1.0,0.0,4943552,0.0,244,0,0,695.7692785420077,-10.616677327008802
4,z,7,0.01,normal,5000000,0.9864604,0.0,,0.00011242215095507128,1,0.0,,0.9863495,0.0,,0,2,64,32,64,1.0,0.0,4932302,2.0,1105,0,0,1734.317309074002,680.4378621209908
4,z,7,0.05,m1,5000000,0.9452254,0.0,,0.0002101086153630658,1,0.0,,0.9450268,0.0,,0,2,56,24,48,1.0,0.0,4726127,7.0,1972,0,0,893.1211752850068,124.88900357298552
4,z,7,0.05,normal,5000000,0.9345006,0.0,,0.0006202243208832611,1,0.0,,0.933921,0.0,,0,2,64,32,64,1.0,0.0,4672503,39.0,5718,0,0,2708.431183534005,-877.3115083599987
4,z,7,0.1,m1,45100000,0.9002482925373134,0.0017047315212259948,0.017438653428773435,0.0006732194460193568,402,2.3755361846313657e-05,0.00024300690000443362,0.8996422042288558,0.0017031787003928779,0.017422768754847637,0,2,56,24,48,1.0,0.0,40570501,574.0,52800,0,0,1252.6288539219968,5086.46360228099
4,z,7,0.1,normal,45100000,0.8845852109452736,0.0015993531094169772,0.01636067863947029,0.000711641347558445,402,3.502460038079299e-05,0.00035828625206782005,0.8839559828358209,0.0015999720139612415,0.016367009760657723,0,2,64,32,64,1.0,0.0,39846820,658.0,61227,0,0,2687.618535436006,5246.43162910506
4,z,7,0.3,m1,40100000,0.7332125187032419,0.0038406194320748702,0.03923895111863049,0.0033232887298507694,401,0.00010810816268793137,0.0011045225871142744,0.7307803865336658,0.0038320757628280398,0.039151661912845,0,2,56,24,48,1.0,0.0,29401822,4604.0,185849,0,0,0.0,5385.713914221014
4,z,7,0.3,normal,40100000,0.699016957605985,0.003573050588364242,0.036505246057528466,0.0035410461491896215,401,0.00013391232267128214,0.0013681592712876422,0.6965447630922694,0.0035667737390954043,0.03644111656331668,0,2,64,32,64,1.0,0.0,28030580,4950.0,188370,0,0,0.0,5418.331151878898
4,z,7,0.5,m1,45100000,0.6010284830845771,0.00492000024194486,0.050329437814967036,0.007755030923310046,402,0.0002573457127560113,0.0026325334167020555,0.5963844024875622,0.004893390442013354,0.05005723126922263,0,2,56,24,48,1.0,0.0,26991782,14881.0,402034,0,0,979.6033763299928,5361.089442618591
4,z,7,0.5,normal,45100000,0.5598797552238806,0.004463141472990516,0.04565597361342447,0.008299515130494409,402,0.00028713808134969596,0.002937296239620883,0.5552442910447761,0.004440461325791304,0.04542396568619605,0,2,64,32,64,1.0,0.0,25131124,16488.0,408723,0,0,2488.307407290995,4393.347316887059
4,z,7,0.8,m1,40100000,0.4511702992518703,0.005516052958070034,0.0563565685737716,0.017412273899167614,401,0.0005366313012226106,0.005482670118665015,0.4433540773067332,0.005443335996157862,0.05561363182504366,0,2,56,24,48,1.0,0.0,18091929,29410.0,568041,0,0,0.0,4719.374073656287
4,z,7,0.8,normal,40100000,0.410836783042394,0.004784715230317516,0.04888461623430536,0.01883462539447745,401,0.0006022563079291929,0.006153149575393749,0.4031285162094763,0.004719677591864567,0.04822013781845052,0,2,64,32,64,1.0,0.0,16474555,30470.0,557263,0,0,0.0,4744.020958504992
4,z,7,1.0,m1,45100000,0.3753476119402985,0.00550121983497847,0.05627505853161606,0.025850688905945236,402,0.0007728431662239901,0.00790584556146623,0.365699326119403,0.0053885602268989525,0.055122600307984895,0,2,56,24,48,1.0,0.0,16779327,50343.0,800093,0,0,1034.4747161939886,4798.240937658422
4,z,7,1.0,normal,45100000,0.339051292039801,0.004667602525843178,0.047747520227061024,0.028022840725064696,402,0.0008659041867295936,0.008857818857037184,0.32959403781094526,0.004568596023057848,0.04673472726361151,0,2,64,32,64,1.0,0.0,15191195,53301.0,779948,0,0,855.0392547350057,4805.72032843214
4,z,8,0.0,m2,200,1.0,0.0,0.0,0.0,2,0.0,0.0,1.0,0.0,0.0,3,-1,8,8,0,1.0,0.0,200,0.0,0,0,0,0.0,0.0350923270307247
4,z,8,0.01,m1,5000000,1.0,0.0,,0.0,1,0.0,,1.0,0.0,,3,-1,8,8,0,1.0,0.0,5000000,0.0,0,0,0,0.8490280029946007,1.1528782390087144
4,z,8,0.01,normal,5000000,1.0,0.0,,0.0,1,0.0,,1.0,0.0,,3,-1,16,16,16,1.0,0.0,5000000,0.0,0,0,0,40.01165506899997,20.78551196899207
4,z,8,0.05,m1,5000000,1.0,0.0,,0.0,1,0.0,,1.0,0.0,,3,-1,8,8,0,1.0,0.0,5000000,0.0,0,0,0,2.0351942220004275,1.3922592470044035
4,z,8,0.05,normal,5000000,1.0,0.0,,2e-07,1,0.0,,0.9999998,0.0,,3,-1,16,16,16,1.0,0.0,5000000,0.0,2,0,0,132.48675041399838,-64.25987814999826
4,z,8,0.1,m1,480000000,1.0,0.0,0.0,8.3484809140483e-08,3851,2.022635309878269e-08,6.403955015500506e-07,0.9999999165151908,2.0226353099318327e-08,6.403955015670097e-07,3,-1,8,8,0,1.0,0.0,480000000,0.0,85,0,0,2.090602240990848,1210.0577964551485
4,z,8,0.1,normal,480000000,1.0,0.0,0.0,9.966502207218904e-07,3851,7.04964749268451e-08,2.2320200383036224e-06,0.9999990033497793,7.0496474926778e-08,2.232020038301498e-06,3,-1,16,16,16,1.0,0.0,480000000,7.0,962,0,0,73.66386620399135,39859.92211899388
4,z,8,0.3,m1,475000000,1.0,0.0,0.0,6.93935064935065e-06,3850,2.0108002453814018e-07,6.365656839913656e-06,0.9999930606493507,2.010800245382701e-07,6.365656839917768e-06,3,-1,8,8,0,1.0,0.0,475000000,105.0,6558,0,0,0.0,2050.8591311426317
4,z,8,0.3,normal,475000000,1.0,0.0,0.0,7.323961038961039e-05,3850,6.804886588453927e-07,2.1542454530789114e-05,0.9999267603896104,6.804886588454521e-07,2.1542454530790997e-05,3,-1,16,16,16,1.0,0.0,475000000,1609.0,67923,0,0,0.0,48511.46332343033
4,z,8,0.5,m1,480000000,1.0,0.0,0.0,4.951056868345884e-05,3851,7.214977397929469e-07,2.2843658700378362e-05,0.9999504894313166,7.214977397927155e-07,2.284365870037104e-05,3,-1,8,8,0,1.0,0.0,480000000,1228.0,46849,0,0,3.069913265993818,2976.391142618566
4,z,8,0.5,normal,480000000,1.0,0.0,0.0,0.0005041451830693326,3851,2.3718027064262365e-06,7.509469336076263e-05,0.9994958548169307,2.371802706426077e-06,7.509469336075757e-05,3,-1,16,16,16,1.0,0.0,480000000,18723.0,456810,0,0,516.5172139849892,56195.357712020734
4,z,8,0.8,m1,375000000,1.0,0.0,0.0,0.000293708,3750,3.241328656799547e-06,0.00010127042471708759,0.999706292,3.2413286567984886e-06,0.00010127042471705452,3,-1,8,8,0,1.0,0.0,375000000,8412.0,203457,0,0,0.0,3816.127850047753
4,z,8,0.8,normal,375100000,1.0,0.0,0.0,0.002771279658757665,3751,9.908217182432848e-06,0.00030960857336878914,0.9972287203412423,9.908217182432875e-06,0.00030960857336878995,3,-1,16,16,16,1.0,0.0,375100000,122422.0,1834170,0,0,0.0,53603.13387021894
4,z,8,1.0,m1,380100000,1.0,0.0,0.0,0.0006721787313432835,3752,6.916984577028654e-06,0.0002161683714995788,0.9993278212686567,6.916984577028541e-06,0.00021616837149957528,3,-1,8,8,0,1.0,0.0,380100000,24798.0,462202,0,0,4.682717843999853,4886.66481753044
4,z,8,1.0,normal,380100000,1.0,0.0,0.0,0.006025858795309168,3752,1.9533742033588228e-05,0.000610465031065248,0.9939741412046909,1.9533742033587798e-05,0.0006104650310652345,3,-1,16,16,16,1.0,0.0,380100000,333186.0,3905385,0,0,804.6600413429987,54894.69839647819
4,z,9,0.0,m2,200,1.0,0.0,0.0,0.0,2,0.0,0.0,1.0,0.0,0.0,0,2,56,40,48,1.0,0.0,200,0.0,0,0,0,0.0,0.0364796999238023
4,z,9,0.01,m1,5000000,0.9858274,0.0,,0.0018835954448009865,1,0.0,,0.9839705,0.0,,0,2,56,40,48,1.0,0.0,4929137,852.0,16865,0,0,327.0341098580102,-2.627555990999099
4,z,9,0.01,normal,5000000,0.9839062,0.0,,0.002322274216790178,1,0.0,,0.9816213,0.0,,0,2,64,48,64,1.0,0.0,4919531,616.0,21617,0,0,1409.215642591007,293.63823154698184
4,z,9,0.05,m1,5000000,0.93136,0.0,,0.009611643188455591,1,0.0,,0.9224081,0.0,,0,2,56,40,48,1.0,0.0,4656800,4100.0,81319,0,0,534.595543753996,-99.05138219900256
4,z,9,0.05,normal,5000000,0.9227508,0.0,,0.011487608572108525,1,0.0,,0.9121506,0.0,,0,2,64,48,64,1.0,0.0,4613754,2881.0,100240,0,0,1316.811184842998,1643.7330137740064
4,z,9,0.1,m1,45100000,0.9006405880597015,0.001493715015222739,0.015280047413619196,0.023170567880227255,402,0.0004195829460277251,0.004292148933304815,0.8797716654228855,0.0015036861929441179,0.015382048174674394,0,2,56,40,48,1.0,0.0,40459375,56979.0,1729101,0,0,438.80253739800537,5842.386206173094
4,z,9,0.1,normal,45100000,0.8831043343283582,0.0016279540771807622,0.016653253956081714,0.023013225319652487,402,0.0003867237701588604,0.003956014021268844,0.8627822681592039,0.0016304300119596865,0.016678581679529247,0,2,64,48,64,1.0,0.0,39676243,49873.0,1727900,0,0,2430.8991826819984,5868.876696796808
4,z,9,0.3,m1,40100000,0.7340869077306733,0.003519436529935027,0.03595748040274741,0.06850649648449278,401,0.0011516724142113521,0.011766439858244578,0.6838158977556109,0.0034171981858263836,0.03491292874698456,0,2,56,40,48,1.0,0.0,29436885,128261.0,3775213,0,0,0.0,5463.054306357877
4,z,9,0.3,normal,40100000,0.6926380548628429,0.003662587204381028,0.03742002633225936,0.06835040334194878,401,0.0010764215676503518,0.010997614843929781,0.6453221945137158,0.00352833668249566,0.03604841173751034,0,2,64,48,64,1.0,0.0,27774786,113364.0,3568004,0,0,0.0,5480.208624301085
4,z,9,0.5,m1,45100000,0.6017884925373134,0.004666390392389762,0.04773512063513681,0.11224336320725112,402,0.00175017357110695,0.01790350560584652,0.5343147432835821,0.004349949854182215,0.04449807315410745,0,2,56,40,48,1.0,0.0,26673571,204087.0,5534471,0,0,1770.7516833650006,4580.420564289667
4,z,9,0.5,normal,45100000,0.5462941144278607,0.004645836608828985,0.04752486447239006,0.11216442234119756,402,0.001651920326067164,0.01689841813772195,0.4851159189054726,0.004302706127489655,0.04401479061593819,0,2,64,48,64,1.0,0.0,24199853,175937.0,5083113,0,0,1430.4708487479948,5626.15946936989
4,z,9,0.8,m1,40100000,0.4517159600997506,0.005355285875290693,0.05471403881672786,0.1739276871563155,401,0.0024281845193323535,0.024808345462550396,0.37336033665835405,0.004698706637177872,0.0480058811652164,0,2,56,40,48,1.0,0.0,18113810,224422.0,5835277,0,0,0.0,4738.050041610961
4,z,9,0.8,normal,40100000,0.3881738403990025,0.004959468048639893,0.05067003585665262,0.17428720552129795,401,0.0023396940375036332,0.023904253361692242,0.320738566084788,0.00431002968819464,0.044034835329557535,0,2,64,48,64,1.0,0.0,15565771,189134.0,5030041,0,0,0.0,4533.307796081757
4,z,9,1.0,m1,45100000,0.375511923880597,0.005400183104776208,0.055241497234933636,0.21178026694500396,402,0.002727830554216303,0.027904506401797684,0.29626203482587066,0.004530756741674313,0.0463476480632652,0,2,56,40,48,1.0,0.0,16444223,254025.0,6441698,0,0,2022.8973312440064,3378.6912508208297
4,z,9,1.0,normal,45100000,0.31094467960199,0.004799812955070059,0.04909997474922463,0.2129489732859395,402,0.002673271599328698,0.027346392297685394,0.24501006791044777,0.003988079970389623,0.04079630345536264,0,2,64,48,64,1.0,0.0,13570485,209098.0,5360196,0,0,2026.205953608005,3775.675133345707
4,z,10,0.0,m2,200,1.0,0.0,0.0,0.0,2,0.0,0.0,1.0,0.0,0.0,1,1,40,24,32,1.0,0.0,200,0.0,0,0,0,0.0,0.0413022139873645
4,z,10,0.01,m1,5000000,0.9935746,0.0,,3.7339923947331183e-05,1,0.0,,0.9935375,0.0,,1,1,40,24,32,1.0,0.0,4967873,2.0,367,0,0,25.63419978599996,55.28116849399521
4,z,10,0.01,normal,5000000,0.9933762,0.0,,4.761539485242348e-05,1,0.0,,0.9933289,0.0,,1,1,48,32,48,1.0,0.0,4966881,4.0,465,0,0,2551.111128370001,-743.4227993589884
4,z,10,0.05,m1,5000000,0.9681682,0.0,,0.00025067958232877306,1,0.0,,0.9679255,0.0,,1,1,40,24,32,1.0,0.0,4840841,22.0,2383,0,0,178.52446620700357,-13.227257680991896
4,z,10,0.05,normal,5000000,0.9675822,0.0,,0.0003809495461987622,1,0.0,,0.9672136,0.0,,1,1,48,32,48,1.0,0.0,4837911,26.0,3634,0,0,1596.593316205006,712.1347412409959
4,z,10,0.1,m1,45100000,0.9468469129353233,0.000726402065668249,0.00743077353554396,0.0007851646656825552,402,1.9011792991665966e-05,0.00019448227765672582,0.9461033997512438,0.000725043819291236,0.007416879272696879,1,1,40,24,32,1.0,0.0,42656354,1013.0,64047,0,0,169.68378800801293,4016.1652277829344
4,z,10,0.1,normal,45100000,0.9323951552238806,0.001073881110470204,0.010985331282974275,0.0007073764527720036,402,2.8413654819942902e-05,0.00029065918760828424,0.9317350034825871,0.0010685083598096319,0.010930370407574058,1,1,48,32,48,1.0,0.0,42070853,982.0,60677,0,0,2315.789930333005,6549.1699327658425
4,z,10,0.3,m1,40100000,0.8498082793017456,0.0019395004714306368,0.019815544221186438,0.0038075446274903556,401,8.025965872947745e-05,0.0008199991905947678,0.8465694887780548,0.0019203121470253112,0.01961950039630212,1,1,40,24,32,1.0,0.0,34077312,7853.0,244045,0,0,0.0,4489.159407788993
4,z,10,0.3,normal,40100000,0.8122800498753117,0.0027375570356446503,0.027969151488693854,0.003662233926247974,401,0.00011510718876803572,0.0011760304381503936,0.809299289276808,0.002711961258420545,0.027707643815490884,1,1,48,32,48,1.0,0.0,32572430,6701.0,225655,0,0,0.0,6455.704197333256
4,z,10,0.5,m1,45100000,0.7640260766169155,0.002834641235204991,0.028997132674651167,0.008630284949134303,402,0.0001841700326924326,0.001883978404868972,0.7574207910447761,0.0027839008095254633,0.028478080444293296,1,1,40,24,32,1.0,0.0,34280180,22947.0,555239,0,0,908.0266238329932,4806.43200122222
4,z,10,0.5,normal,45100000,0.7096147721393035,0.0038468211435830416,0.03935128780699619,0.008542000199761878,402,0.0002485879978093577,0.0025429458459432022,0.7035360206467662,0.003786695681215934,0.03873623078047351,1,1,48,32,48,1.0,0.0,32070921,21338.0,558149,0,0,2736.896441584002,5159.648808609887
4,z,10,0.8,m1,40100000,0.6533306234413966,0.003778363097521862,0.038602888808486197,0.018924965699909216,401,0.0004203102093448157,0.004294237440295558,0.64092927680798,0.003654517881083167,0.03733758343781352,1,1,40,24,32,1.0,0.0,26198558,48528.0,897532,0,0,0.0,5180.023782470871
4,z,10,0.8,normal,40100000,0.5824885286783043,0.004835569314047417,0.04940418370016653,0.01917913153077792,401,0.0005227857138405214,0.0053412121231246916,0.5712780299251871,0.004703647583660169,0.04805636196940113,1,1,48,32,48,1.0,0.0,23357790,40807.0,817468,0,0,0.0,5848.996476994118
4,z,10,1.0,m1,45100000,0.5899997303482587,0.004179503851197872,0.042754485534969626,0.027650055130216154,402,0.0006197059217680041,0.006339318926712187,0.573627836318408,0.00399952691763239,0.04091340068932503,1,1,40,24,32,1.0,0.0,26349150,79970.0,1334293,0,0,504.8559154169925,5970.043291876063
4,z,10,1.0,normal,45100000,0.5126956542288558,0.0051498319607282276,0.05268051517870351,0.028310723714614607,402,0.0007526858252232623,0.007699644831685334,0.4981247910447761,0.004958011857840428,0.05071827992154916,1,1,48,32,48,1.0,0.0,23208654,72596.0,1297932,0,0,2734.369183070012,5164.544716607172
4,z,11,0.0,m2,200,1.0,0.0,0.0,0.0,2,0.0,0.0,1.0,0.0,0.0,0,2,56,24,48,1.0,0.0,200,0.0,0,0,0,0.0,0.0367652079476101
4,z,11,0.01,m1,5000000,0.9873708,0.0,,1.8939186777652328e-05,1,0.0,,0.9873521,0.0,,0,2,56,24,48,1.0,0.0,4936854,0.0,187,0,0,559.8836931199912,-153.12108694699418
4,z,11,0.01,normal,5000000,0.985582,0.0,,4.8296336580822295e-05,1,0.0,,0.9855344,0.0,,0,2,64,32,64,1.0,0.0,4927910,1.0,474,0,0,2573.510887286,-245.5549350060028
4,z,11,0.05,m1,5000000,0.9389064,0.0,,0.00012567812936411978,1,0.0,,0.9387884,0.0,,0,2,56,24,48,1.0,0.0,4694532,11.0,1158,0,0,330.6082635570056,44.65617376199225
4,z,11,0.05,normal,5000000,0.9301828,0.0,,0.00028682534228755897,1,0.0,,0.929916,0.0,,0,2,64,32,64,1.0,0.0,4650914,14.0,2640,0,0,2356.428161983,-559.2424620800011
4,z,11,0.1,m1,45100000,0.8989031477611941,0.0015317256833464403,0.015668879824912118,0.0004437179309671781,402,1.515208056296167e-05,0.00015499911767473789,0.8985041315920398,0.0015302288070295393,0.015653567438773216,0,2,56,24,48,1.0,0.0,40456851,329.0,34554,0,0,816.7229403300007,5056.001236785978
4,z,11,0.1,normal,45100000,0.8833981985074627,0.0015852347342150321,0.016216253872837802,0.0004215834989996605,402,3.43488276133765e-05,0.00035137339397794075,0.8830259171641791,0.0015856161478589026,0.016220155566603445,0,2,64,32,64,1.0,0.0,39755938,346.0,34993,0,0,1743.444980322005,6906.624485636941
4,z,11,0.3,m1,40100000,0.7278615211970075,0.003627334874572334,0.037059859314765034,0.0022454520628687044,401,6.732459330151727e-05,0.0006878438419535692,0.726227668329177,0.0036202375709291274,0.036987347378694496,0,2,56,24,48,1.0,0.0,29187247,2445.0,126145,0,0,0.0,5453.1020944528755
4,z,11,0.3,normal,40100000,0.6921507730673316,0.003641367030027124,0.03720322344435859,0.002197022451287898,401,0.00011437421603967043,0.0011685417812896236,0.6906319451371571,0.0036373895071940355,0.037162585774633404,0,2,64,32,64,1.0,0.0,27755246,2403.0,117004,0,0,0.0,5478.997916601813
4,z,11,0.5,m1,45100000,0.5908368771144279,0.004779570196759354,0.04889290023794386,0.005254316225725123,402,0.00016064992062851807,0.0016433780066352703,0.5877384654228857,0.004761250653192004,0.04870549936732783,0,2,56,24,48,1.0,0.0,26369539,7349.0,267259,0,0,910.5271712810064,5545.332123590822
4,z,11,0.5,normal,45100000,0.5451239980099503,0.004620326304084253,0.04726390527865974,0.005179332798015016,402,0.00022473877498153453,0.0022989787893940876,0.5423088077114429,0.00460660592084281,0.04712355179467805,0,2,64,32,64,1.0,0.0,24327515,7203.0,249680,0,0,1118.9997110480035,6574.05833396392
4,z,11,0.8,m1,40100000,0.4348428428927681,0.0054020077600088695,0.05519138831283151,0.012009708780528563,401,0.00037190230853684507,0.0037996622064944588,0.4296430174563591,0.005353218562136897,0.054692917432215965,0,2,56,24,48,1.0,0.0,17437198,14578.0,387870,0,0,0.0,4785.823847037813
4,z,11,0.8,normal,40100000,0.38520798004987533,0.004978934580146776,0.050868922075856894,0.01191257204391631,401,0.00044305615679141806,0.004526628890630429,0.38063884039900253,0.00493529541268292,0.05042306817409531,0,2,64,32,64,1.0,0.0,15446840,13044.0,340357,0,0,0.0,4645.452400333099
4,z,11,1.0,m1,45100000,0.3554631930348259,0.005368681493840031,0.0549192496148691,0.01797082127328922,402,0.0005701938278756999,0.005832831990106573,0.349118857960199,0.005296499129035811,0.054180855781108817,0,2,56,24,48,1.0,0.0,15702798,22986.0,529897,0,0,1993.625351073992,3362.6215794830205
4,z,11,1.0,normal,45100000,0.30752208358208954,0.004811568090940518,0.04922022461725409,0.017940828104571954,402,0.0006352021828280223,0.006497838859442187,0.3020403470149254,0.004747899962583261,0.048568927676324425,0,2,64,32,64,1.0,0.0,13594824,21667.0,463676,0,0,1895.9295755379865,4467.58677450307
4,z,12,0.0,m2,200,1.0,0.0,0.0,0.0,2,0.0,0.0,1.0,0.0,0.0,2,0,24,8,16,1.0,0.0,200,0.0,0,0,0,0.0,0.0344064920736854
4,z,12,0.01,m1,5000000,0.9958102,0.0,,0.0,1,0.0,,0.9958102,0.0,,2,0,24,8,16,1.0,0.0,4979051,0.0,0,0,0,2.1347685369983083,0.1200753779994556
4,z,12,0.01,normal,5000000,0.9942124,0.0,,0.0,1,0.0,,0.9942124,0.0,,2,0,32,16,32,1.0,0.0,4971062,0.0,0,0,0,26.707260909999604,6.414685531999567
4,z,12,0.05,m1,5000000,0.979377,0.0,,1.0210572639545344e-07,1,0.0,,0.9793769,0.0,,2,0,24,8,16,1.0,0.0,4896885,0.0,1,0,0,8.149245926993899,0.6880026830040151
4,z,12,0.05,normal,5000000,0.971636,0.0,,0.0,1,0.0,,0.971636,0.0,,2,0,32,16,32,1.0,0.0,4858180,0.0,0,0,0,80.37812169999233,10.92192430101568
4,z,12,0.1,m1,480000000,0.9528665669696182,0.0011179543894835567,0.035396047842479864,8.69406155449722e-07,3851,3.9702993422514917e-07,1.2570540157029111e-05,0.9528658453129057,0.001118026082204217,0.03539831773738284,2,0,24,8,16,1.0,0.0,456983380,9.0,627,0,0,10.909629543006304,2230.649586268868
4,z,12,0.1,normal,480000000,0.9374051095299922,0.0015104574756618428,0.04782326146351637,4.1801987920217705e-06,3851,7.00892690764451e-07,2.219127313968818e-05,0.9374016135029862,0.0015106599573052053,0.04782967232428413,2,0,32,16,32,1.0,0.0,449808761,112.0,4024,0,0,114.64987157899304,39624.51190570971
4,z,12,0.3,m1,475000000,0.8708388142857143,0.002315114120729299,0.07329033339662162,2.3132940052195108e-05,3850,5.217576750853235e-06,0.00016517455280866836,0.8708234801298701,0.0023161596789621364,0.07332343297939559,2,0,24,8,16,1.0,0.0,412904275,429.0,13742,0,0,0.0,5112.4981212681305
4,z,12,0.3,normal,475000000,0.8345647020779221,0.0029557568965083644,0.09357137362896831,8.470253342042365e-05,3850,1.0209030566525316e-05,0.0003231906570727661,0.834508673896104,0.0029582001370870117,0.09364872010401844,2,0,32,16,32,1.0,0.0,395864421,2965.0,53733,0,0,0.0,48415.29139978915
4,z,12,0.5,m1,480000000,0.8004815028304337,0.002866526734847203,0.09075836939579505,0.00011807474639684613,3851,1.7054374167783016e-05,0.0005399660752217827,0.8004121794858479,0.002870066412427782,0.09087044069151849,2,0,24,8,16,1.0,0.0,383492641,2615.0,61684,0,0,19.531384711997816,8326.818070227248
4,z,12,0.5,normal,480100000,0.7513454992211838,0.0035230415865619364,0.11155905777384438,0.00036317356473785224,3852,3.255808518344719e-05,0.0010309697506382465,0.7511339137850468,0.003530172329899755,0.11178485670026878,2,0,32,16,32,1.0,0.0,359842964,12783.0,188944,0,0,616.5678357229917,56176.68874919451
4,z,12,0.8,m1,375000000,0.7102947946666667,0.003260860436999058,0.10188066572801868,0.0005380713649440277,3750,5.4489039255192866e-05,0.0017024278411952153,0.7100137666666667,0.003271254191393424,0.10220540290630958,2,0,24,8,16,1.0,0.0,266360548,11019.0,188733,0,0,0.0,11657.8958536832
4,z,12,0.8,normal,375100000,0.6504014396161024,0.0038482773999248252,0.12024965276604174,0.00141419192411276,3751,9.035412076417229e-05,0.002823354586674278,0.6496829645427885,0.0038664970783986747,0.12081897503216324,2,0,32,16,32,1.0,0.0,243965580,37621.0,463758,0,0,0.0,51732.702245731976
4,z,12,1.0,m1,380000000,0.6578129931751533,0.003361822090844724,0.10504906405478553,0.0011003534445605872,3751,9.420711363656584e-05,0.0029437515869072677,0.6572735630498534,0.0033784070574216186,0.10556730540403103,2,0,24,8,16,1.0,0.0,249983659,24084.0,358349,0,0,150.36146792500222,14333.888774679566
4,z,12,1.0,normal,380100000,0.5940228488272921,0.0038622088801700738,0.12070106485277454,0.0027159190366866353,3752,0.0001486299605222261,0.00464495708561173,0.5927469299040512,0.0038895510574147784,0.12155555771197066,2,0,32,16,32,1.0,0.0,225738183,76748.0,811282,0,0,803.6484548940061,52872.67966260396
4,z,13,0.0,m2,200,1.0,0.0,0.0,0.0,2,0.0,0.0,1.0,0.0,0.0,0,2,56,24,48,1.0,0.0,200,0.0,0,0,0,0.0,0.0391362498612579
4,z,13,0.01,m1,5000000,0.9886256,0.0,,1.921860004434439e-06,1,0.0,,0.9886237,0.0,,0,2,56,24,48,1.0,0.0,4943128,0.0,19,0,0,39.29660920599417,-6.207522754993988
4,z,13,0.01,normal,5000000,0.981133,0.0,,1.0192298088026802e-06,1,0.0,,0.981132,0.0,,0,2,64,32,64,1.0,0.0,4905665,0.0,10,0,0,1957.5880394740088,482.7747485059808
4,z,13,0.05,m1,5000000,0.9443336,0.0,,4.193433337540886e-05,1,0.0,,0.944294,0.0,,0,2,56,24,48,1.0,0.0,4721668,0.0,396,0,0,166.5087105279963,-76.0120458399906
4,z,13,0.05,normal,5000000,0.9090296,0.0,,3.41022998591025e-05,1,0.0,,0.9089986,0.0,,0,2,64,32,64,1.0,0.0,4545148,0.0,310,0,0,1324.7886747209996,1049.955363852001
4,z,13,0.1,m1,45100000,0.9012935935323383,0.00152478653773462,0.015597895418329843,9.50202842999656e-05,402,5.297334792355829e-06,5.418940424920452e-05,0.9012079532338308,0.0015246448471720223,0.015596445986214286,0,2,56,24,48,1.0,0.0,40602384,31.0,8268,0,0,318.0222387459944,2964.905679258991
4,z,13,0.1,normal,45100000,0.8830715368159204,0.0016421222534597905,0.016798188165821702,9.197177348025034e-05,402,4.588013285396324e-06,4.693335731429113e-05,0.8829902815920398,0.0016417764557625735,0.016794650807520323,0,2,64,32,64,1.0,0.0,39549511,31.0,7496,0,0,1874.809294630002,5962.634163460971
4,z,13,0.3,m1,40100000,0.7330515211970076,0.003666223296229903,0.037457175660081145,0.0008343510489147505,401,4.047029065024768e-05,0.00041347802995516373,0.7324405860349128,0.0036643125989608717,0.03743765439324698,0,2,56,24,48,1.0,0.0,29395366,393.0,48211,0,0,0.0,3901.569665389441
4,z,13,0.3,normal,40100000,0.6903914713216956,0.003690407965492565,0.03770426628486225,0.0008222672913415827,401,3.806430558045126e-05,0.0003888964924673703,0.6898228428927681,0.003685717805226498,0.037656347720507306,0,2,64,32,64,1.0,0.0,27684698,406.0,44792,0,0,0.0,5311.957137330028
4,z,13,0.5,m1,45100000,0.5968220860696517,0.004902714478278717,0.050152612057906616,0.0023495199965534483,402,0.00011409067674022507,0.0011670974264006992,0.5954223674129353,0.004893505512359724,0.05005840838823832,0,2,56,24,48,1.0,0.0,26754371,1723.0,131993,0,0,512.0985199260031,4755.335921967879
4,z,13,0.5,normal,45100000,0.5407747616915423,0.00480384458224364,0.04914121652140911,0.002305264769819227,402,0.00010388143689066795,0.0010626613945148035,0.5395261370646767,0.004790570668450781,0.049005430223452585,0,2,64,32,64,1.0,0.0,23642179,1474.0,109859,0,0,1407.6778985230048,4901.090608783059
4,z,13,0.8,m1,40100000,0.43990925187032415,0.005648593172745338,0.05771070925260668,0.006001215275702773,401,0.00028427412992485825,0.002904380109951825,0.4372754613466334,0.005617530197174916,0.05739334415003297,0,2,56,24,48,1.0,0.0,17640361,4155.0,202920,0,0,0.0,4120.0952249001675
4,z,13,0.8,normal,40100000,0.37741182044887783,0.00515392354497608,0.05265675436663071,0.005913543516272371,401,0.0002587596756373495,0.0026437032992673516,0.3751751496259352,0.005119868298984319,0.05230881774952054,0,2,64,32,64,1.0,0.0,15134214,3402.0,172577,0,0,0.0,4468.5952135612715
4,z,13,1.0,m1,45100000,0.35934998059701495,0.005686902553338978,0.05817451104533078,0.009375038673044777,402,0.0004380509317352823,0.004481068301704841,0.3559911271144279,0.0056370157176037225,0.05766419066454753,0,2,56,24,48,1.0,0.0,16005991,7802.0,305644,0,0,1002.6559667260008,3981.220125147749
4,z,13,1.0,normal,45100000,0.2975290194029851,0.005048943980864892,0.051648475532542384,0.009275068152000188,402,0.000402297403878084,0.004115325442260746,0.294766857960199,0.004999902172141421,0.051146799406301846,0,2,64,32,64,1.0,0.0,12712110,5717.0,230723,0,0,1761.853451871997,3404.3582978328923
4,z,14,0.0,m2,200,1.0,0.0,0.0,0.0,2,0.0,0.0,1.0,0.0,0.0,1,1,40,8,32,1.0,0.0,200,0.0,0,0,0,0.0,0.0351041329649887
4,z,14,0.01,m1,5000000,0.9953762,0.0,,0.0,1,0.0,,0.9953762,0.0,,1,1,40,8,32,1.0,0.0,4976881,0.0,0,0,0,2.5729761499969754,0.2980572130036307
4,z,14,0.01,normal,5000000,0.9937784,0.0,,0.0,1,0.0,,0.9937784,0.0,,1,1,48,16,48,1.0,0.0,4968892,0.0,0,0,0,23.7943399509968,5.464729393992457
4,z,14,0.05,m1,5000000,0.9774152,0.0,,0.0,1,0.0,,0.9774152,0.0,,1,1,40,8,32,1.0,0.0,4887076,0.0,0,0,0,4.485876858001575,0.5209156689961674
4,z,14,0.05,normal,5000000,0.9690064,0.0,,0.0,1,0.0,,0.9690064,0.0,,1,1,48,16,48,1.0,0.0,4845032,0.0,0,0,0,61.84307715699833,10.684986783002389
4,z,14,0.1,m1,480000000,0.9430563729940276,0.0002775780723153948,0.0087885219827598,1.795944649136975e-08,3851,1.0397024605854323e-08,3.291847894959876e-07,0.9430563559854582,0.0002775778260002144,0.00878851418406605,1,1,40,8,32,1.0,0.0,452503755,1.0,12,0,0,21.81791023799451,2661.515797117285
4,z,14,0.1,normal,480000000,0.9428705713840562,0.00028155510286732437,0.008914440504133585,7.497284030609409e-08,3851,1.9958563023142704e-08,6.319168816544097e-07,0.9428705008569203,0.00028155561786821537,0.008914456809804325,1,1,48,16,48,1.0,0.0,452188872,0.0,67,0,0,292.12523141200654,38093.05881405288
4,z,14,0.3,m1,475000000,0.8388065844155844,0.0007355682349879009,0.023286126889176948,7.782906242700233e-07,3850,7.241070681738518e-08,2.292329694079784e-06,0.8388059305194805,0.0007355665561796756,0.023286073742589727,1,1,40,8,32,1.0,0.0,397827969,14.0,633,0,0,0.0,5970.941711263844
4,z,14,0.3,normal,475000000,0.8382914961038961,0.0007462728609943999,0.023625006775001026,1.5920147741770921e-06,3850,1.0616588405698368e-07,3.3609285037889574e-06,0.8382901636363636,0.0007462740517921919,0.02362504447248056,1,1,48,16,48,1.0,0.0,397214229,51.0,1203,0,0,0.0,45619.29803196645
4,z,14,0.5,m1,480000000,0.7462369502466891,0.0010853162000969783,0.03436267570861944,5.5299088544918385e-06,3851,2.1997182408823008e-07,6.964625106952163e-06,0.7462328036613867,0.0010852971975910202,0.03436207406188291,1,1,40,8,32,1.0,0.0,357551917,91.0,4081,0,0,49.14531405300659,9683.615204238478
4,z,14,0.5,normal,480000000,0.7455130104907817,0.0010989183681766634,0.03479333996168651,7.872004325484268e-06,3851,2.8279323882609223e-07,8.953641673737908e-06,0.7455071479875357,0.001098913139251729,0.034793174406384,1,1,48,16,48,1.0,0.0,356331395,244.0,5442,0,0,383.9474470060086,50416.79786616064
4,z,14,0.8,m1,375000000,0.6267840373333333,0.001472229270386309,0.04599758286781156,3.2193224542741126e-05,3750,8.144326776051394e-07,2.544572053547485e-05,0.6267637106666667,0.0014721204285668243,0.0459941822693369,1,1,40,8,32,1.0,0.0,235044014,395.0,14455,0,0,0.0,13150.393447645383
4,z,14,0.8,normal,375100000,0.6260495094641428,0.001472985160625745,0.046027335269083806,4.1211497856579715e-05,3751,1.0101523639043408e-06,3.1564894724758175e-05,0.6260236736870168,0.001472907550657521,0.04602491013940623,1,1,48,16,48,1.0,0.0,234831171,717.0,17948,0,0,0.0,49042.405969013605
4,z,14,1.0,m1,380000000,0.5580206486270327,0.0016355662216135656,0.05110761252001743,7.762405786152261e-05,3751,1.7023218317961687e-06,5.319356893906354e-05,0.5579769240469208,0.00163530532162458,0.051099460006614215,1,1,40,8,32,1.0,0.0,212419180,945.0,32391,0,0,119.61160015199856,16242.270410288587
4,z,14,1.0,normal,380100000,0.5572154253198295,0.001630307385201223,0.050950076377656923,9.255148381267305e-05,3752,2.1058403460101693e-06,6.581134787359554e-05,0.5571637953624734,0.0016301264178745125,0.05094442081895588,1,1,48,16,48,1.0,0.0,211669940,1553.0,36182,0,0,1397.1341487710015,49459.38348244484
4,z,15,0.0,m2,200,1.0,0.0,0.0,0.0,2,0.0,0.0,1.0,0.0,0.0,0,2,56,8,48,1.0,0.0,200,0.0,0,0,0,0.0,0.033753664984033
4,z,15,0.01,m1,5000000,0.991742,0.0,,0.0,1,0.0,,0.991742,0.0,,0,2,56,8,48,1.0,0.0,4958710,0.0,0,0,0,3.0177509460045258,0.2693023930041818
4,z,15,0.01,normal,5000000,0.987765,0.0,,0.0,1,0.0,,0.987765,0.0,,0,2,64,16,64,1.0,0.0,4938825,0.0,0,0,0,27.271139343996765,5.362541898008203
4,z,15,0.05,m1,5000000,0.9599172,0.0,,0.0,1,0.0,,0.9599172,0.0,,0,2,56,8,48,1.0,0.0,4799586,0.0,0,0,0,6.435188780000317,2.1999376570020104
4,z,15,0.05,normal,5000000,0.940524,0.0,,0.0,1,0.0,,0.940524,0.0,,0,2,64,16,64,1.0,0.0,4702620,0.0,0,0,0,179.5499292089953,-47.93121907000023
4,z,15,0.1,m1,480000000,0.8974227050636198,0.00044729378044719914,0.014161965999048133,5.018044054851454e-09,3851,5.010615164040259e-09,1.5864330041993427e-07,0.8974227006232148,0.00044729389985083493,0.014161969779539398,0,2,56,8,48,1.0,0.0,430084332,0.0,8,0,0,30.45317556599912,3111.3916321159813
4,z,15,0.1,normal,480000000,0.8961366366138666,0.0004482474098160091,0.014192159279811569,1.0789681563606836e-08,3851,7.576508814633887e-09,2.398831929141917e-07,0.8961366270059724,0.0004482475264138339,0.014192162971466813,0,2,64,16,64,1.0,0.0,429372964,0.0,11,0,0,235.0365588980057,35475.42057017868
4,z,15,0.3,m1,475000000,0.723061054025974,0.0010754963309900897,0.03404734304859076,5.169329887187395e-07,3850,6.072835390394919e-08,1.922497584199603e-06,0.7230606785714285,0.0010754946444241295,0.034047289656414355,0,2,56,8,48,1.0,0.0,341603207,4.0,381,0,0,0.0,7307.141595765435
4,z,15,0.3,normal,475000000,0.7199275366233766,0.0010708244068907769,0.033899442402235365,5.436509320570477e-07,3850,6.264555789978841e-08,1.983191145171935e-06,0.7199271461038961,0.0010708243297197352,0.033899439959206176,0,2,64,16,64,1.0,0.0,340288936,3.0,409,0,0,0.0,42726.33300975463
4,z,15,0.5,m1,480000000,0.5829074497533109,0.001438631395956284,0.0455491442208888,3.6918851001867063e-06,3851,1.9993796948882064e-07,6.330324385437431e-06,0.5829052986497013,0.0014386265373667036,0.04554899039093755,0,2,56,8,48,1.0,0.0,277741736,29.0,2136,0,0,115.63979919099074,11711.416028824722
4,z,15,0.5,normal,480100000,0.5787874255970924,0.0014240552201152364,0.045093495115115755,3.5625871486467113e-06,3852,2.036635926123998e-07,6.44912015269394e-06,0.5787853689252336,0.0014240516212296506,0.04509338115441586,0,2,64,16,64,1.0,0.0,275463377,37.0,2176,0,0,697.9812436549983,45853.33768853894
4,z,15,0.8,m1,375000000,0.42325027466666665,0.001672799630555113,0.052264101234390806,2.1287590314390944e-05,3750,7.257718587723616e-07,2.267564698550486e-05,0.4232412146666667,0.001672751823487587,0.05226260757467732,0,2,56,8,48,1.0,0.0,158718853,136.0,6523,0,0,0.0,15250.576391350722
4,z,15,0.8,normal,375000000,0.4183510346666667,0.0016434472481790152,0.05134703032168034,2.18941689741902e-05,3750,7.483788384940312e-07,2.338196796692753e-05,0.4183419053333333,0.0016434175755874912,0.05134610324631579,0,2,64,16,64,1.0,0.0,156881638,149.0,6549,0,0,0.0,41424.55237709902
4,z,15,1.0,m1,380000000,0.34191042196747534,0.0016830637276888886,0.052591798304784956,5.05801755599397e-05,3751,1.4764100937775305e-06,4.613435640593251e-05,0.3418930672620634,0.001682967329276119,0.05258878608023405,0,2,56,8,48,1.0,0.0,130400880,367.0,12751,0,0,336.4151392069907,17979.822378700028
4,z,15,1.0,normal,380000000,0.3370012107171421,0.0016470286424931282,0.05146578631763726,5.072950174658226e-05,3751,1.4557107024049133e-06,4.5487548921348825e-05,0.3369841250866436,0.0016469466128209234,0.05146322308256504,0,2,64,16,64,1.0,0.0,127832513,350.0,12345,0,0,746.3001466939895,40426.250994187576
4,z,16,0.0,m2,200,1.0,0.0,0.0,0.0,2,0.0,0.0,1.0,0.0,0.0,0,2,56,-8,48,1.0,0.0,200,0.0,0,0,0,0.0,0.0004933350664941001
5,x,2,0.0,m2,1000,1.0,0.0,,0.0,1,0.0,,1.0,0.0,,0,3,144,144,128,1.0,0.0,1000,0.0,0,0,0,0.0,0.3288608719885815
5,x,2,0.01,m1,5000000,0.950117,0.0,,0.0,1,0.0,,0.950117,0.0,,0,3,144,144,128,1.0,0.0,4750585,0.0,0,0,0,356.81038056401303,-25.064772411016747
5,x,2,0.01,normal,5000000,0.9442614,0.0,,0.0,1,0.0,,0.9442614,0.0,,0,3,160,160,160,1.0,0.0,4721307,0.0,0,0,0,2393.9738112060004,1773.8577393300077
5,x,2,0.1,m1,155000000,0.5841956410596026,0.006996772028481078,0.043866211282655464,0.0,151,0.0,0.0,0.5841956410596026,0.006996772028481078,0.043866211282655464,0,3,144,144,128,1.0,0.0,90610709,0.0,0,0,0,1940.0542823889991,22037.199206893827
5,x,2,0.1,m2,1850000,0.26737425395453746,0.07508593308616199,0.2330254593515232,0.0,37,0.0,0.0,0.19324378378378376,0.06836975231499906,0.2121821263201256,0,3,144,144,128,0.7791191096979332,0.03228044885205741,357501,0.0,0,771856,0,0.0,182.75013279471023
5,x,2,0.1,normal,155000000,0.5518208556291391,0.00722826589549118,0.045317560396156385,0.0,151,0.0,0.0,0.5518208556291391,0.00722826589549118,0.045317560396156385,0,3,160,160,160,1.0,0.0,85577334,0.0,0,0,0,2758.275757212017,45488.9957970891
5,x,2,0.3,m2,1850000,0.09503377185845178,0.039837586139666994,0.12363396748361943,0.0,37,0.0,0.0,0.0487681081081081,0.022672790038436003,0.07036387637914145,0,3,144,144,128,0.6458364069952306,0.029278706876393563,90221,0.0,0,1237605,0,0.0,131.2062890820016
5,x,2,0.5,m1,1948000000,0.04843656020408163,0.0017647291402725239,0.02183286094678111,2.7514646046090333e-08,588,5.392870625033706e-08,6.671947086574362e-07,0.0484365600340136,0.001764729166922881,0.02183286127649377,0,3,144,144,128,1.0,0.0,85989535,0.0,1,0,0,0.0,664728.653485113
5,x,2,0.5,m2,1900000,0.02950176579046687,0.015916840069045653,0.05006019990032791,0.0,38,0.0,0.0,0.012798421052631579,0.0074666109639427315,0.023483306724923603,0,3,144,144,128,0.5779456965944272,0.027101123587893947,24317,0.0,0,1514706,0,0.0,96.47571172488097
5,x,2,0.5,normal,1948000000,0.0382035925170068,0.0014325133943771276,0.017722757011315267,0.0,588,0.0,0.0,0.0382035925170068,0.0014325133943771276,0.017722757011315267,0,3,160,160,160,1.0,0.0,68393794,0.0,0,0,0,0.0,659122.990749881
5,x,2,0.8,m1,1868000000,0.007851288582677165,0.0004903583018218772,0.005638834096491838,4.030680898087297e-08,508,7.900134560251103e-08,9.084693368034256e-07,0.007851288385826771,0.0004903583108484586,0.005638834200292252,0,3,144,144,128,1.0,0.0,13530773,0.0,1,0,0,0.0,592509.0291224599
5,x,2,0.8,m2,1850000,0.008741792972194483,0.0053837193200090986,0.016708105180303037,0.0,37,0.0,0.0,0.002922162162162162,0.0021360237474053866,0.006629043476808507,0,3,144,144,128,0.5430984737678856,0.020624155717106737,5406,0.0,0,1596617,0,0.0,56.75572698931501
5,x,2,0.8,normal,1868000000,0.005265442519685039,0.0003176524768903982,0.0036528179718170917,0.0,508,0.0,0.0,0.005265442519685039,0.0003176524768903982,0.0036528179718170917,0,3,160,160,160,1.0,0.0,9307884,0.0,0,0,0,0.0,573494.0001163934
5,x,2,1.0,m1,1054000000,0.0031785888888888887,0.00031363720924740187,0.002799188999319076,6.785941808648927e-08,306,1.3300445944951897e-07,1.187055007423542e-06,0.003178588562091503,0.0003136371877614411,0.0027991888075584587,0,3,144,144,128,1.0,0.0,2879177,0.0,1,0,0,3282.9076748050284,319672.2630847965
5,x,2,1.0,m2,1900000,0.00454892392126021,0.0022770013191061255,0.007161417763406445,0.0,38,0.0,0.0,0.001008421052631579,0.000572243899434689,0.0017997695442799834,0,3,144,144,128,0.5298494736842105,0.014352090211121958,1916,0.0,0,1687318,0,0.0,71.62320665283914
5,x,2,1.0,normal,1054000000,0.0018207392156862747,0.00016912977569277017,0.001509470794975284,0.0,306,0.0,0.0,0.0018207392156862747,0.00016912977569277017,0.001509470794975284,0,3,160,160,160,1.0,0.0,1653955,0.0,0,0,0,2381.00040871097,316597.8508790254
5,x,3,0.0,m2,1000,1.0,0.0,,0.0,1,0.0,,1.0,0.0,,1,2,112,112,96,1.0,0.0,1000,0.0,0,0,0,0.0,0.3729140310024377
5,x,3,0.01,m1,5000000,0.9732652,0.0,,0.0,1,0.0,,0.9732652,0.0,,1,2,112,112,96,1.0,0.0,4866326,0.0,0,0,0,0.0,169.8975083422847
5,x,3,0.01,normal,5000000,0.9665586,0.0,,0.0,1,0.0,,0.9665586,0.0,,1,2,128,128,128,1.0,0.0,4832793,0.0,0,0,0,0.0,3249.6426554759964
5,x,3,0.05,m1,5000000,0.8726174,0.0,,0.0,1,0.0,,0.8726174,0.0,,1,2,112,112,96,1.0,0.0,4363087,0.0,0,0,0,0.0,369.613903653808
5,x,3,0.05,normal,5000000,0.8436562,0.0,,0.0,1,0.0,,0.8436562,0.0,,1,2,128,128,128,1.0,0.0,4218281,0.0,0,0,0,0.0,3458.886805559043
5,x,3,0.1,m1,150000000,0.73252772,0.006220125353739364,0.03886768686941367,0.0,150,0.0,0.0,0.73252772,0.006220125353739364,0.03886768686941367,1,2,112,112,96,1.0,0.0,109879158,0.0,0,0,0,0.0,23032.112925947178
5,x,3,0.1,m2,1850000,0.7005484755205632,0.06819054784240307,0.211625974151162,0.0,37,0.0,0.0,0.596285945945946,0.07651594617440292,0.2374634338571293,1,2,112,112,96,0.9097170893970894,0.02614080959334133,1103129,0.0,0,361884,0,0.0,346.88729867043
5,x,3,0.1,normal,150000000,0.6982139933333333,0.006696696088863833,0.041845633622980064,0.0,150,0.0,0.0,0.6982139933333333,0.006696696088863833,0.041845633622980064,1,2,128,128,128,1.0,0.0,104732099,0.0,0,0,0,0.0,58857.20085617434
5,x,3,0.3,m2,1850000,0.4861107359428517,0.05216967984801522,0.1619060070393679,0.0,37,0.0,0.0,0.3411167567567568,0.0441909263221621,0.13714434225082495,1,2,112,112,96,0.8408974636174636,0.022359623272855858,631066,0.0,0,637736,0,0.0,362.8679389512836
5,x,3,0.5,m1,1948000000,0.20516038843537415,0.005152561425257674,0.0637464155547557,0.0,588,0.0,0.0,0.20516038843537415,0.005152561425257674,0.0637464155547557,1,2,112,112,96,1.0,0.0,400492058,0.0,0,0,0,0.0,850040.7040878874
5,x,3,0.5,m2,1850000,0.3036597407046253,0.048230738886755976,0.14968169964742678,0.0,37,0.0,0.0,0.17474702702702705,0.032230956212301376,0.10002716977748441,1,2,112,112,96,0.7648386694386694,0.027926343871859605,323282,0.0,0,942605,0,0.0,326.89931458913634
5,x,3,0.5,normal,1948000000,0.16655734081632653,0.0046376765283475,0.057376366972625104,0.0,588,0.0,0.0,0.16655734081632653,0.0046376765283475,0.057376366972625104,1,2,128,128,128,1.0,0.0,327494986,0.0,0,0,0,0.0,910207.3520218997
5,x,3,0.8,m1,1868000000,0.08188526299212598,0.0034538378268498017,0.039717117930774745,6.315267079439111e-08,508,7.397768606502332e-08,8.507001859928777e-07,0.08188526043307086,0.0034538380382432084,0.03971712036167547,1,2,112,112,96,1.0,0.0,155097000,0.0,5,0,0,0.0,838223.6929144728
5,x,3,0.8,m2,1900000,0.15957495741873295,0.030724154924269154,0.09663082185946582,0.0,38,0.0,0.0,0.07153736842105263,0.015867522554597596,0.04990509093264667,1,2,112,112,96,0.7083348987854251,0.02202066291849631,135921,0.0,0,1200688,0,0.0,348.93294443659397
5,x,3,0.8,normal,1868000000,0.05921384724409449,0.0027357825116344986,0.031459901157734275,5.179905060961699e-08,508,6.175516421474482e-08,7.101483227973353e-07,0.05921384527559055,0.0027357825901878833,0.03145990206105233,1,2,128,128,128,1.0,0.0,113840132,0.0,6,0,0,0.0,830742.0675008813
5,x,3,1.0,m1,1049000000,0.046170108852459014,0.002842594496567062,0.02532845849635413,8.35834264838747e-08,305,8.950792877787709e-08,7.975452924724242e-07,0.0461701068852459,0.002842594573687181,0.02532845918351993,1,2,112,112,96,1.0,0.0,47976316,0.0,6,0,0,967.3277857539942,474783.4412198476
5,x,3,1.0,m2,1950000,0.10271924261003064,0.021716075796384425,0.06919227034769829,0.0,39,0.0,0.0,0.03798,0.009514184072487884,0.030314316576061612,1,2,112,112,96,0.6732416568047338,0.019490774200296924,74061,0.0,0,1380554,0,0.0,273.6169093786666
5,x,3,1.0,normal,1049000000,0.030356476721311473,0.0021225204460252516,0.018912360201125623,1.1045266276837275e-07,305,1.1607618598136113e-07,1.03427726416645e-06,0.030356474754098358,0.002122520340634586,0.018912359262059884,1,2,128,128,128,1.0,0.0,32550659,0.0,6,0,0,447.6549026349967,452253.21260528243
5,x,4,0.1,m1,150000000,0.5689084133333334,0.007673242293090139,0.04794777625207747,1.466986614763835e-07,150,5.737995910534969e-08,3.5855005425987826e-07,0.56890833,0.007673241599232693,0.04794777191637161,0,3,144,112,128,1.0,0.0,85336262,0.0,25,0,0,0.0,53708.24895545328
5,x,4,0.1,normal,150000000,0.5382981666666666,0.007585015595156864,0.04739647423262036,1.0956076966033343e-07,150,9.193774987605477e-08,5.74491263510106e-07,0.5382981066666667,0.00758501284534578,0.04739645704988045,0,3,160,128,160,1.0,0.0,80744725,0.0,18,0,0,0.0,50152.28928222507
5,x,4,0.5,m1,80000000,0.0679896375,0.0058396309324755865,0.026648595364338563,4.3546126932224855e-05,80,1.0437402230166163e-05,4.763008345950908e-05,0.06798695,0.005839573094353486,0.026648331425618753,0,3,144,112,128,1.0,0.0,5439171,15.0,400,0,0,0.0,25973.726683900226
5,x,4,0.5,normal,80000000,0.050887512499999996,0.004631621373302868,0.021135959666828862,4.4843736340302416e-05,80,1.08459243898515e-05,4.949433513169568e-05,0.05088538124999999,0.0046315452898882045,0.021135612467467337,0,3,160,128,160,1.0,0.0,4071001,14.0,313,0,0,0.0,23897.5117866667
5,x,4,1.0,m1,31000000,0.003920096774193548,0.000861994945285617,0.0024486656822963635,0.0008600844837395041,31,0.0002985352927168916,0.0008480480427735397,0.003917129032258064,0.0008617856106557912,0.002448071026229093,0,3,144,112,128,1.0,0.0,121523,12.0,160,0,0,553.310133210005,8774.781254159607
5,x,4,1.0,normal,31000000,0.0028881290322580644,0.0007737841812802919,0.0021980857087010278,0.0006509041418418444,31,0.00020464768002411877,0.0005813418672316989,0.002886451612903226,0.000773501220031966,0.002197281901785471,0,3,160,128,160,1.0,0.0,89532,3.0,98,0,0,662.5135067749943,8499.673091140023
5,x,5,0.0,m2,1000,1.0,0.0,,0.0,1,0.0,,1.0,0.0,,2,1,80,80,64,1.0,0.0,1000,0.0,0,0,0,0.0,0.8155356170027517
5,x,5,0.01,m1,5000000,0.985426,0.0,,0.0,1,0.0,,0.985426,0.0,,2,1,80,80,64,1.0,0.0,4927130,0.0,0,0,0,217.01164877100385,20.440766943997005
5,x,5,0.01,normal,5000000,0.9799548,0.0,,0.0,1,0.0,,0.9799548,0.0,,2,1,96,96,96,1.0,0.0,4899774,0.0,0,0,0,3058.791769575997,401.2431731580291
5,x,5,0.1,m1,155000000,0.8312101483443709,0.00870864394558639,0.05459877980123961,0.0,151,0.0,0.0,0.8312101483443709,0.00870864394558639,0.05459877980123961,2,1,80,80,64,1.0,0.0,128965138,0.0,0,0,0,730.8757675270026,19811.06514976872
5,x,5,0.1,m2,1900000,0.9014461316084026,0.022945433585345683,0.07216589392739774,0.0,38,0.0,0.0,0.8075121052631579,0.03972194002678875,0.12492983843175022,2,1,80,80,64,0.9627114035087719,0.010583480995648587,1534273,0.0,0,212545,0,0.0,657.3738511416013
5,x,5,0.1,normal,155000000,0.7632540834437086,0.014200307923275935,0.08902872711952806,0.0,151,0.0,0.0,0.7632540834437086,0.014200307923275935,0.08902872711952806,2,1,96,96,96,1.0,0.0,118519949,0.0,0,0,0,4183.970141873986,55081.40772168533
5,x,5,0.3,m2,1900000,0.644865978089366,0.08622432352572407,0.27118491190739835,0.0,38,0.0,0.0,0.47734999999999994,0.0771633944802539,0.2426873007401511,2,1,80,80,64,0.8837384210526316,0.02451118067876914,906965,0.0,0,662691,0,0.0,584.3496657213473
5,x,5,0.5,m1,1948000000,0.39711009115646256,0.008829660801205886,0.10923872229491369,5.678352236742504e-08,588,1.035782329153735e-07,1.2814482997687852e-06,0.39711008894557825,0.00882966113098011,0.1092387263748116,2,1,80,80,64,1.0,0.0,784867368,2.0,9,0,0,0.0,632112.6966060586
5,x,5,0.5,m2,1950000,0.5186420876955806,0.08447886555131184,0.26916854401781115,0.0,39,0.0,0.0,0.3316220512820513,0.06294899177048409,0.20056955490197473,2,1,80,80,64,0.840177094017094,0.024969283769391656,646663,0.0,0,934964,0,0.0,574.1620114877296
5,x,5,0.5,normal,1948000000,0.28354101768707485,0.008788040096334005,0.1087237996128785,1.242343684156538e-05,588,2.3206451835160572e-05,0.0002871053831564152,0.2835409731292517,0.008788048790542041,0.10872390717580742,2,1,96,96,96,1.0,0.0,551144396,30.0,186,0,0,0.0,772477.8277330619
5,x,5,0.8,m1,1868000000,0.23675542992125984,0.007465696203862163,0.08585114629848704,1.7609808080229158e-06,508,2.182961264149688e-06,2.5102779665142826e-05,0.23675540177165355,0.007465699981491879,0.0858511897390226,2,1,80,80,64,1.0,0.0,453955976,7.0,89,0,0,0.0,857563.1891086629
5,x,5,0.8,m2,1950000,0.4145611096549165,0.05638008362784985,0.1796395456150289,0.0,39,0.0,0.0,0.2013230769230769,0.03680464695800962,0.1172678298900662,2,1,80,80,64,0.8050593162393163,0.01835692094634844,392580,0.0,0,1140403,0,0.0,515.1794434692565
5,x,5,0.8,normal,1868000000,0.14310754566929135,0.006145651194546962,0.070671399611677,5.947092044984165e-05,508,9.792675198694572e-05,0.0011261004575859584,0.14310741437007873,0.006145669866207268,0.07067161432486606,2,1,96,96,96,1.0,0.0,269360986,53.0,485,0,0,0.0,903492.5026443013
5,x,5,1.0,m1,1054000000,0.17054536862745098,0.007418298132642774,0.06620776462203173,9.829173412717446e-06,306,1.5862580826377634e-05,0.00014157236590821946,0.17054528104575162,0.007418308772364671,0.06620785958076626,2,1,80,80,64,1.0,0.0,180817238,12.0,168,0,0,4875.293597293989,541452.6376427815
5,x,5,1.0,m2,1950000,0.3741189562100104,0.04529474894863808,0.14431919210316468,0.00047483380816714147,39,0.0009306742640075972,0.002965336181575687,0.15855410256410257,0.023081900823550945,0.07354409410321734,2,1,80,80,64,0.7937497435897436,0.013077429280845173,309181,0.0,1,1206564,0,0.0,455.33257624472026
5,x,5,1.0,normal,1054000000,0.09407550392156863,0.0056946208469517215,0.05082407176218166,0.00014524856157967274,306,0.00025732891265576886,0.0022966415982377084,0.09407529967320262,0.00569464915280004,0.05082432438979375,2,1,96,96,96,1.0,0.0,97670549,66.0,361,0,0,3440.0985013519967,560941.504122514
5,x,6,0.01,m1,5000000,0.9517994,0.0,,0.0,1,0.0,,0.9517994,0.0,,0,3,144,112,128,1.0,0.0,4758997,0.0,0,0,0,2413.419460671983,231.87776567201945
5,x,6,0.01,normal,5000000,0.9338692,0.0,,0.0,1,0.0,,0.9338692,0.0,,0,3,160,128,160,1.0,0.0,4669346,0.0,0,0,0,4841.2497943920025,-1923.2355340119973
5,x,6,0.1,m1,155000000,0.5634702556291391,0.008623823402814259,0.0540669980259858,2.706095761249335e-07,151,9.662244406643614e-08,6.057737094779934e-07,0.5634701125827815,0.008623827141741387,0.0540670214671622,0,3,144,112,128,1.0,0.0,87523907,2.0,40,0,0,2305.228415228019,48251.41027135041
5,x,6,0.1,normal,155000000,0.5329071629139073,0.006610605372037149,0.04144514224211343,2.7848051740895043e-07,151,8.335325431481836e-08,5.225826209553519e-07,0.5329070132450331,0.006610600461335753,0.04144511145450679,0,3,160,128,160,1.0,0.0,82488412,0.0,46,0,0,2556.8352179230133,47069.87421654814
5,x,6,0.5,m1,80000000,0.0637808875,0.005439556753323829,0.024822895240612524,9.624984614292899e-05,80,1.6392660331723398e-05,7.480633231387301e-05,0.06377545625,0.005439421609358604,0.024822278524096218,0,3,144,112,128,1.0,0.0,5102471,32.0,805,0,0,0.0,18408.088407961186
5,x,6,0.5,normal,80000000,0.047075175000000004,0.004039516324547779,0.018433945097773338,7.413254292517917e-05,80,1.7917300352627424e-05,8.17638807382773e-05,0.047072156250000004,0.0040394835919194275,0.01843379572556502,0,3,160,128,160,1.0,0.0,3766014,17.0,449,0,0,0.0,17021.63538897643
5,x,6,1.0,m1,36000000,0.0043975125,0.0011141296325129656,0.0032155453806971194,0.0014121253846289805,32,0.00032116729903520726,0.0009269370409925012,0.004392271875,0.0011131453060736637,0.003212704466819031,0,3,144,112,128,1.0,0.0,168946,10.0,373,0,0,4130.8899794050085,5370.216794072097
5,x,6,1.0,normal,36000000,0.00258409375,0.0007002810610468033,0.00202111627348043,0.001968402869054284,32,0.0009603429579158744,0.0027716939502329062,0.002580775,0.0006998937409774336,0.002019998409612916,0,3,160,128,160,1.0,0.0,87707,15.0,196,0,0,2252.802509039975,6260.015617452591
5,x,7,0.01,m1,5000000,0.972037,0.0,,0.0,1,0.0,,0.972037,0.0,,1,2,112,80,96,1.0,0.0,4860185,0.0,0,0,0,2020.9758986719823,386.40557615901344
5,x,7,0.01,normal,5000000,0.956289,0.0,,0.0,1,0.0,,0.956289,0.0,,1,2,128,96,128,1.0,0.0,4781445,0.0,0,0,0,2710.725709896011,552.8721105580044
5,x,7,0.1,m1,5000000,0.7529824,0.0,,2.1248836626194716e-06,1,0.0,,0.7529808,0.0,,1,2,112,80,96,1.0,0.0,3764912,0.0,16,0,0,2565.0138385129976,-72.08840083499672
5,x,7,0.1,normal,5000000,0.639934,0.0,,3.12532229886207e-07,1,0.0,,0.6399338,0.0,,1,2,128,96,128,1.0,0.0,3199670,0.0,2,0,0,5240.826961504994,-2465.170175397012
5,x,7,1.0,m1,6000000,0.0535179,0.011975404,0.008640703444743375,0.0017122339616820468,2,0.0010057325387143933,0.0007256737736580709,0.0534294,0.012008723999999998,0.008664745075303716,1,2,112,80,96,1.0,0.0,345547,42.0,842,0,0,3188.400243373995,925.4846199340246
5,x,7,1.0,normal,6000000,0.0192134,0.011569095999999997,0.00834753697326343,0.003093486173668856,2,0.0018882050297109134,0.0013624107967134015,0.01915965,0.011569586000000001,0.008347890526654026,1,2,128,96,128,1.0,0.0,91670,58.0,531,0,0,2591.9844095990115,-236.837838484018
5,x,8,0.5,m1,120000000,0.056018754999999996,0.005917442623809599,0.019094486341429854,0.015288084782812877,40,0.0012122317714673837,0.003911646377405763,0.0551837275,0.005837538339305508,0.01883665008241044,0,3,144,80,128,1.0,0.0,5882763,10213.0,161713,0,0,0.0,31630.73152785888
5,x,8,0.5,normal,120000000,0.038106695,0.004838585934406166,0.015613216537936287,0.019178786933957626,40,0.0014231063135165863,0.004592099289059265,0.0374132425,0.004784405657627339,0.015438386865610344,0,3,160,96,160,1.0,0.0,4204927,13687.0,129835,0,0,0.0,32380.030421157833
5,x,8,0.8,m1,120000000,0.010829465,0.0017541145480049166,0.005660201274012553,0.043834196609886675,40,0.0038089793152951495,0.012290867547756431,0.0103823075,0.0016892524465165536,0.005450903340820487,0,3,144,80,128,1.0,0.0,1068541,7538.0,77987,0,0,0.0,28088.209348990582
5,x,8,0.8,normal,120000000,0.006367405,0.0012705884300131985,0.004099952456631788,0.06282580769361035,40,0.005102524610162766,0.016464897535894984,0.006006055,0.0012274519223001682,0.003960758972265873,0,3,160,96,160,1.0,0.0,666121,10878.0,57300,0,0,0.0,28499.271329715848
5,x,8,1.0,m1,121000000,0.003819058536585366,0.0007343619640852526,0.002399087189430139,0.07387706611285541,41,0.006999143241704429,0.02286550190419487,0.0035619195121951216,0.000690400797049056,0.002255470447514167,0,3,144,80,128,1.0,0.0,365655,5368.0,42375,0,0,668.5362770950014,26732.764228154556
5,x,8,1.0,normal,121000000,0.0022772634146341463,0.0006070217329208985,0.001983079372813415,0.10893051001131278,41,0.008971548370328217,0.02930915245783152,0.0020657317073170733,0.0005762217620869563,0.001882458944364926,0,3,160,96,160,1.0,0.0,222763,7217.0,30726,0,0,408.7134127730096,26415.091425748906
5,x,9,0.0,m2,1000,1.0,0.0,,0.0,1,0.0,,1.0,0.0,,3,0,48,48,32,1.0,0.0,1000,0.0,0,0,0,0.0,1.0240811110124923
5,x,9,0.01,m1,5000000,0.9689308,0.0,,0.0,1,0.0,,0.9689308,0.0,,3,0,48,48,32,1.0,0.0,4844654,0.0,0,0,0,215.0355300430092,-74.01776292099385
5,x,9,0.01,normal,5000000,0.9809006,0.0,,0.0,1,0.0,,0.9809006,0.0,,3,0,64,64,64,1.0,0.0,4904503,0.0,0,0,0,5617.860307419003,-2630.2356351329945
5,x,9,0.1,m1,155000000,0.8381333311258278,0.012598365062233927,0.07898535801743864,0.0,151,0.0,0.0,0.8381333311258278,0.012598365062233927,0.07898535801743864,3,0,48,48,32,1.0,0.0,129531717,0.0,0,0,0,1341.130423953,21056.635329163197
5,x,9,0.1,m2,1000,0.837,0.0,,0.0,1,0.0,,0.837,0.0,,3,0,48,48,32,1.0,0.0,837,0.0,0,0,0,0.0,0.4144694510032423
5,x,9,0.1,normal,155000000,0.7746937430463576,0.012851496265507408,0.08057236225308155,0.0,151,0.0,0.0,0.7746937430463576,0.012851496265507408,0.08057236225308155,3,0,64,64,64,1.0,0.0,120282744,0.0,0,0,0,4850.336003147007,47055.63108040142
5,x,9,0.3,m2,1000,0.45,0.0,,0.0,1,0.0,,0.45,0.0,,3,0,48,48,32,1.0,0.0,450,0.0,0,0,0,0.0,0.3218714260001434
5,x,9,0.5,m1,553000000,0.46219816375404527,0.013176652626403386,0.1181757222437543,6.142581556014957e-07,309,3.020002503453198e-07,2.7085101743396452e-06,0.46219798414239477,0.013176673071138312,0.11817590560377633,3,0,48,48,32,1.0,0.0,255115739,18.0,131,0,0,0.0,166721.6579698557
5,x,9,0.5,m2,1000,0.198,0.0,,0.0,1,0.0,,0.198,0.0,,3,0,48,48,32,1.0,0.0,198,0.0,0,0,0,0.0,0.6518685670016566
5,x,9,0.5,normal,553000000,0.3503745656957929,0.010243224640648689,0.09186707006209435,2.8605854597933417e-06,309,1.1623054896765875e-06,1.0424217333860392e-05,0.350373952750809,0.010243305419490267,0.09186779453273315,3,0,64,64,64,1.0,0.0,197875968,39.0,560,0,0,0.0,205700.94588143844
5,x,9,0.8,m1,473000000,0.31336326375545853,0.012889207636128885,0.0995148493162102,1.0096671557747723e-05,229,4.989826286075893e-06,3.852539465506225e-05,0.31336129737991264,0.012889428315890895,0.09951655313803412,3,0,48,48,32,1.0,0.0,149297337,106.0,1343,0,0,0.0,171970.15588378021
5,x,9,0.8,m2,1000,0.434,0.0,,0.0,1,0.0,,0.434,0.0,,3,0,48,48,32,1.0,0.0,434,0.0,0,0,0,0.0,0.3396534970088396
5,x,9,0.8,normal,473000000,0.21556852139737992,0.00892386916826667,0.0688993086827445,4.186978097576612e-05,229,1.5227687736169966e-05,0.00011756976016520922,0.21556295633187772,0.008924434104536175,0.0689036704363387,3,0,64,64,64,1.0,0.0,103980909,456.0,3940,0,0,0.0,188214.99749303795
5,x,9,1.0,m1,429000000,0.25124441878453035,0.012472119383081336,0.08560979859703938,3.253110879421629e-05,181,7.502770555144233e-06,5.1499721612431135e-05,0.25123849337016574,0.012472565825965436,0.08561286302291754,3,0,48,48,32,1.0,0.0,108133423,310.0,3861,0,0,3078.3615204290254,161154.86474310607
5,x,9,1.0,m2,1000,0.085,0.0,,0.0,1,0.0,,0.085,0.0,,3,0,48,48,32,1.0,0.0,85,0.0,0,0,0,0.0,0.3196287830069195
5,x,9,1.0,normal,429000000,0.15969022983425415,0.00875266199054445,0.06007909379178412,0.00013315073960765695,181,3.611773122956727e-05,0.0002479154986713527,0.15967547845303867,0.008753691278635721,0.06008615892189436,3,0,64,64,64,1.0,0.0,70165058,1195.0,9502,0,0,5206.215532952978,163777.30666005358
5,x,10,1.0,m1,1000000,0.01403,0.0,,0.0022451888809693512,1,0.0,,0.0139985,0.0,,0,3,144,112,128,1.0,0.0,14030,2.0,59,0,0,363.9259898960008,-25.731897450983524
5,x,10,1.0,normal,1000000,0.00455,0.0,,0.0027472527472527475,1,0.0,,0.0045375,0.0,,0,3,160,128,160,1.0,0.0,4550,2.0,21,0,0,605.1307579260028,1.8569299549999407
5,x,11,1.0,m1,1000000,0.042944,0.0,,0.0024334016393442624,1,0.0,,0.0428395,0.0,,1,2,112,80,96,1.0,0.0,42944,14.0,181,0,0,953.4467016379932,-408.66372951099765
5,x,11,1.0,normal,1000000,0.044252,0.0,,0.0018078278947844166,1,0.0,,0.044172,0.0,,1,2,128,96,128,1.0,0.0,44252,9.0,142,0,0,689.7179295969981,261.8665758230054
5,x,12,1.0,m1,1000000,0.012325,0.0,,0.06016227180527384,1,0.0,,0.0115835,0.0,,0,3,144,80,128,1.0,0.0,12325,64.0,1355,0,0,367.2806545729982,68.16199361198233
5,x,12,1.0,normal,1000000,0.005987,0.0,,0.09629196592617338,1,0.0,,0.0054105,0.0,,0,3,160,96,160,1.0,0.0,5987,68.0,1017,0,0,619.963795196003,112.95333092898365
5,x,13,0.01,m1,5000000,0.9847306,0.0,,0.0,1,0.0,,0.9847306,0.0,,2,1,80,48,64,1.0,0.0,4923653,0.0,0,0,0,2402.4274094650173,219.2477546459704
5,x,13,0.01,normal,5000000,0.9659654,0.0,,0.0,1,0.0,,0.9659654,0.0,,2,1,96,64,96,1.0,0.0,4829827,0.0,0,0,0,5660.543825792993,-2325.404747366003
5,x,13,0.1,m1,5000000,0.8578382,0.0,,5.362316576715749e-06,1,0.0,,0.8578336,0.0,,2,1,80,48,64,1.0,0.0,4289191,2.0,42,0,0,2867.441888406989,-458.1007784749672
5,x,13,0.1,normal,5000000,0.711284,0.0,,9.98194813885874e-06,1,0.0,,0.7112769,0.0,,2,1,96,64,96,1.0,0.0,3556420,2.0,67,0,0,5568.655555168982,-2540.395716102997
5,x,13,1.0,m1,6000000,0.2189046,0.019003375999999995,0.01371164901534458,0.0063921288610175155,2,0.002129402359811682,0.001536443722956609,0.2174948,0.018415768000000006,0.01328766778934513,2,1,80,48,64,1.0,0.0,1352210,1506.0,16304,0,0,3444.256874387996,598.1182854390063
5,x,13,1.0,normal,6000000,0.12312300000000001,0.12608287999999998,0.09097353004033647,0.02195809220743582,2,0.026841414722018345,0.019367088129162862,0.1213004,0.12661913600000002,0.09136045887100175,2,1,96,64,96,1.0,0.0,481426,2837.0,18386,0,0,4848.911291209006,-2563.665010937999
5,x,14,1.0,m1,1000000,0.016925,0.0,,0.11923190546528803,1,0.0,,0.014907,0.0,,0,3,144,80,128,1.0,0.0,16925,255.0,3526,0,0,337.65479285200126,344.18723262799904
5,x,14,1.0,normal,1000000,0.012332,0.0,,0.1510298410638988,1,0.0,,0.0104695,0.0,,0,3,160,96,160,1.0,0.0,12332,244.0,3237,0,0,682.0667257329915,3.4719817629957106
5,x,15,1.0,m1,1000000,0.059313,0.0,,0.1803146021951343,1,0.0,,0.048618,0.0,,1,2,112,48,96,1.0,0.0,59313,1409.0,18572,0,0,980.4882018759964,16.721532991999993
5,x,15,1.0,normal,1000000,0.061466,0.0,,0.19278137506914392,1,0.0,,0.0496165,0.0,,1,2,128,64,128,1.0,0.0,61466,2152.0,19395,0,0,678.4125859490014,-311.0948094750056
5,x,16,1.0,m1,1000000,0.004971,0.0,,0.4620800643733655,1,0.0,,0.002674,0.0,,0,3,144,48,128,1.0,0.0,4971,116.0,4362,0,0,591.8673177550081,-238.3518219210091
5,x,16,1.0,normal,1000000,0.011353,0.0,,0.48000528494671013,1,0.0,,0.0059035,0.0,,0,3,160,64,160,1.0,0.0,11353,352.0,10195,0,0,517.6964519570174,-174.95254773201304
5,x,17,0.01,m1,5000000,1.0,0.0,,0.0,1,0.0,,1.0,0.0,,4,-1,16,16,0,1.0,0.0,5000000,0.0,0,0,0,69.04036664697924,9.231412723020185
5,x,17,0.01,normal,5000000,1.0,0.0,,0.0,1,0.0,,1.0,0.0,,4,-1,32,32,32,1.0,0.0,5000000,0.0,0,0,0,4203.57775023501,-876.6185697769979
5,x,17,0.1,m1,155000000,1.0,0.0,0.0,0.0,151,0.0,0.0,1.0,0.0,0.0,4,-1,16,16,0,1.0,0.0,155000000,0.0,0,0,0,353.607825744024,12739.958690587635
5,x,17,0.1,normal,155000000,1.0,0.0,0.0,0.0,151,0.0,0.0,1.0,0.0,0.0,4,-1,32,32,32,1.0,0.0,155000000,0.0,0,0,0,2544.1037206619803,48420.20718144739
5,x,17,0.5,m1,553000000,1.0,0.0,0.0,4.530744336569579e-08,309,1.878878327119027e-08,1.6850850486147625e-07,0.9999999546925565,1.878878327028918e-08,1.6850850485339474e-07,4,-1,16,16,0,1.0,0.0,553000000,2.0,48,0,0,0.0,95832.8422990609
5,x,17,0.5,normal,553000000,1.0,0.0,0.0,1.0753721682847897e-05,309,4.2903136993124175e-07,3.847797573813014e-06,0.9999892462783172,4.290313699307106e-07,3.84779757380825e-06,4,-1,32,32,32,1.0,0.0,553000000,785.0,10879,0,0,0.0,178467.21348554408
5,x,17,0.8,m1,473000000,1.0,0.0,0.0,2.006986899563319e-06,229,1.5471966816883972e-07,1.194557873434988e-06,0.9999979930131004,1.547196681730946e-07,1.1945578734678389e-06,4,-1,16,16,0,1.0,0.0,473000000,88.0,1520,0,0,0.0,111552.8885607929
5,x,17,0.8,normal,473000000,1.0,0.0,0.0,0.00020810829694323143,229,5.041449605174088e-06,3.892396739640436e-05,0.9997918917030568,5.041449605174611e-06,3.892396739640839e-05,4,-1,32,32,32,1.0,0.0,473000000,19407.0,158806,0,0,0.0,169416.33474530932
5,x,17,1.0,m1,429000000,1.0,0.0,0.0,9.970165745856353e-06,181,6.460335951885794e-07,4.43443526094212e-06,0.9999900298342541,6.46033595188286e-07,4.434435260940106e-06,4,-1,16,16,0,1.0,0.0,429000000,579.0,6688,0,0,3124.4248889809824,118378.75840592047
5,x,17,1.0,normal,429000000,1.0,0.0,0.0,0.0006892602209944751,181,2.6244298136403472e-05,0.00018014332678902527,0.9993107397790054,2.6244298136402245e-05,0.00018014332678901684,4,-1,32,32,32,1.0,0.0,429000000,73508.0,468965,0,0,6093.259885952983,161031.90999180346
5,x,18,1.0,m1,1000000,0.010023,0.0,,0.012720742292726728,1,0.0,,0.0098955,0.0,,0,3,144,112,128,1.0,0.0,10023,22.0,211,0,0,609.3046522769728,-309.43719971497194
5,x,18,1.0,normal,1000000,0.007929,0.0,,0.008954470929499306,1,0.0,,0.007858,0.0,,0,3,160,128,160,1.0,0.0,7929,14.0,114,0,0,581.2285590129904,-351.06750814800034
5,x,19,1.0,m1,1000000,0.058682,0.0,,0.00612623973279711,1,0.0,,0.0583225,0.0,,1,2,112,80,96,1.0,0.0,58682,56.0,607,0,0,707.4924879200116,138.35324497998226
5,x,19,1.0,normal,1000000,0.073303,0.0,,0.004958869350504072,1,0.0,,0.0729395,0.0,,1,2,128,96,128,1.0,0.0,73303,48.0,631,0,0,744.976008675003,234.30801301301108
5,x,20,1.0,m1,1000000,0.011394,0.0,,0.09474284711251536,1,0.0,,0.0103145,0.0,,0,3,144,80,128,1.0,0.0,11394,152.0,1855,0,0,693.0596533839998,0.5582758289820049
5,x,20,1.0,normal,1000000,0.013431,0.0,,0.07765616856525948,1,0.0,,0.012388,0.0,,0,3,160,96,160,1.0,0.0,13431,137.0,1812,0,0,703.5716617820144,3.5880231389892288
5,x,21,1.0,m1,1000000,0.222863,0.0,,0.00543383154673499,1,0.0,,0.221652,0.0,,2,1,80,48,64,1.0,0.0,222863,201.0,2020,0,0,1154.2843363190186,-392.52093295400846
5,x,21,1.0,normal,1000000,0.028856,0.0,,0.025453978375381204,1,0.0,,0.0281215,0.0,,2,1,96,64,96,1.0,0.0,28856,196.0,1077,0,0,561.54546691,-50.00676985899918
5,x,22,1.0,m1,1000000,0.011901,0.0,,0.08679942861944374,1,0.0,,0.010868,0.0,,0,3,144,80,128,1.0,0.0,11901,114.0,1838,0,0,664.2994059770135,-89.3996179040114
5,x,22,1.0,normal,1000000,0.002862,0.0,,0.12928022361984626,1,0.0,,0.002492,0.0,,0,3,160,96,160,1.0,0.0,2862,59.0,622,0,0,635.4168009459972,1.4175332059967332
5,x,23,1.0,m1,1000000,0.030864,0.0,,0.13810588387765682,1,0.0,,0.0266015,0.0,,1,2,112,48,96,1.0,0.0,30864,570.0,7385,0,0,883.8333117470029,-36.29284929801361
5,x,23,1.0,normal,1000000,0.037381,0.0,,0.14958133811294508,1,0.0,,0.0317895,0.0,,1,2,128,64,128,1.0,0.0,37381,1016.0,9151,0,0,516.8708941880031,-138.3105232620146
5,x,24,1.0,m1,1000000,0.021279,0.0,,0.37807227783260494,1,0.0,,0.013234,0.0,,0,3,144,48,128,1.0,0.0,21279,469.0,15152,0,0,272.3984167900053,-1.872869187995093
5,x,24,1.0,normal,1000000,0.006532,0.0,,0.45897121861604406,1,0.0,,0.003534,0.0,,0,3,160,64,160,1.0,0.0,6532,219.0,5558,0,0,660.65126434798,-8.071346153970808
5,x,25,1.0,m1,1000000,0.241069,0.0,,0.013440135396919553,1,0.0,,0.237829,0.0,,3,0,48,16,32,1.0,0.0,241069,753.0,4974,0,0,572.2969361029973,143.40199068101356
5,x,25,1.0,normal,1000000,0.289271,0.0,,0.052345378555057366,1,0.0,,0.274129,0.0,,3,0,64,32,64,1.0,0.0,289271,5258.0,19768,0,0,577.3875002549903,101.8211424559995
5,x,26,1.0,m1,1000000,0.004971,0.0,,0.09897404948702475,1,0.0,,0.004479,0.0,,0,3,144,80,128,1.0,0.0,4971,88.0,808,0,0,326.12759447901044,12.365738430991769
5,x,26,1.0,normal,1000000,0.010037,0.0,,0.13425326292716946,1,0.0,,0.0086895,0.0,,0,3,160,96,160,1.0,0.0,10037,292.0,2111,0,0,652.3220304040005,-20.337063768005464
5,x,27,1.0,m1,1000000,0.103527,0.0,,0.15619113854356834,1,0.0,,0.087357,0.0,,1,2,112,48,96,1.0,0.0,103527,3832.0,24676,0,0,856.390974814014,-328.76340402901405
5,x,27,1.0,normal,1000000,0.019426,0.0,,0.18799546998867497,1,0.0,,0.015774,0.0,,1,2,128,64,128,1.0,0.0,19426,931.0,5442,0,0,925.9616276599992,-514.7833940989804
5,x,28,1.0,m1,1000000,0.003566,0.0,,0.447980931015143,1,0.0,,0.0019685,0.0,,0,3,144,48,128,1.0,0.0,3566,172.0,2851,0,0,590.975740889,-120.21151993700188
5,x,28,1.0,normal,1000000,0.002091,0.0,,0.4488283118125299,1,0.0,,0.0011525,0.0,,0,3,160,64,160,1.0,0.0,2091,110.0,1657,0,0,245.3163465899997,0.148619450017577
5,x,29,1.0,m1,1000000,0.181012,0.0,,0.13217908204980885,1,0.0,,0.157086,0.0,,2,1,80,16,64,1.0,0.0,181012,7183.0,33486,0,0,430.11741684700246,79.9524087519967
5,x,29,1.0,normal,1000000,0.073517,0.0,,0.3006243453895017,1,0.0,,0.051416,0.0,,2,1,96,32,96,1.0,0.0,73517,10118.0,23966,0,0,669.7970645960013,-341.44357462899643
5,x,30,1.0,m1,1000000,0.006372,0.0,,0.4005806654111739,1,0.0,,0.0038195,0.0,,0,3,144,48,128,1.0,0.0,6372,480.0,4145,0,0,393.8086132839962,-129.52375983897946
5,x,30,1.0,normal,1000000,0.006618,0.0,,0.4248262314898761,1,0.0,,0.0038065,0.0,,0,3,160,64,160,1.0,0.0,6618,604.0,4415,0,0,594.6171201369725,-411.7397958879883
5,x,31,1.0,m1,1000000,0.061573,0.0,,0.37902976954184464,1,0.0,,0.038235,0.0,,1,2,112,16,96,1.0,0.0,61573,8817.0,29042,0,0,493.43562185100745,-91.74232890398709
5,x,31,1.0,normal,1000000,0.041384,0.0,,0.4330900831239126,1,0.0,,0.023461,0.0,,1,2,128,32,128,1.0,0.0,41384,7797.0,20252,0,0,552.6848139379872,-303.9946721129818
5,z,2,1.0,m1,1000000,0.033066,0.0,,0.4135063206919494,1,0.0,,0.019393,0.0,,1,2,112,112,96,1.0,0.0,33066,5638.0,16070,0,0,964.38545183299,0.9033029840211384
5,z,2,1.0,normal,1000000,0.028483,0.0,,0.4312747954920479,1,0.0,,0.016199,0.0,,1,2,128,128,128,1.0,0.0,28483,5173.0,14222,0,0,924.4686169039924,8.617104548990028
5,z,3,1.0,m1,1000000,0.011466,0.0,,0.44828187685330545,1,0.0,,0.006326,0.0,,0,3,144,112,128,1.0,0.0,11466,1197.0,7886,0,0,612.7309248379897,-184.28881979497964
5,z,3,1.0,normal,1000000,0.005172,0.0,,0.4274941995359629,1,0.0,,0.002961,0.0,,0,3,160,128,160,1.0,0.0,5172,467.0,3488,0,0,394.1530203139992,-155.02722908498254
5,z,4,1.0,m1,1000000,0.258145,0.0,,0.18188808615313098,1,0.0,,0.2111915,0.0,,2,1,80,80,64,1.0,0.0,258145,16636.0,60635,0,0,1168.465495143988,77.77094712902908
5,z,4,1.0,normal,1000000,0.076394,0.0,,0.15137968950441133,1,0.0,,0.0648295,0.0,,2,1,96,96,96,1.0,0.0,76394,3642.0,15845,0,0,542.7561721230159,213.73873142097727
5,z,5,1.0,m1,1000000,0.001188,0.0,,0.4515993265993266,1,0.0,,0.0006515,0.0,,0,3,144,112,128,1.0,0.0,1188,60.0,953,0,0,657.7680329699942,-0.9700566449901088
5,z,5,1.0,normal,1000000,0.003182,0.0,,0.4558453802639849,1,0.0,,0.0017315,0.0,,0,3,160,128,160,1.0,0.0,3182,124.0,2653,0,0,649.2938425210014,0.2001205490087159
5,z,6,1.0,m1,1000000,0.07304,0.0,,0.1802710843373494,1,0.0,,0.059873,0.0,,1,2,112,80,96,1.0,0.0,73040,3293.0,19748,0,0,406.7150560270238,34.92985277497792
5,z,6,1.0,normal,1000000,0.045629,0.0,,0.1597229831905148,1,0.0,,0.038341,0.0,,1,2,128,96,128,1.0,0.0,45629,1789.0,10998,0,0,987.1963979150167,-329.7324525190052
5,z,7,1.0,m1,1000000,0.008053,0.0,,0.13895442692164411,1,0.0,,0.006934,0.0,,0,3,144,80,128,1.0,0.0,8053,247.0,1744,0,0,560.0867871160153,90.32125695899596
5,z,7,1.0,normal,1000000,0.002244,0.0,,0.22927807486631016,1,0.0,,0.0017295,0.0,,0,3,160,96,160,1.0,0.0,2244,140.0,749,0,0,663.6297176980006,0.6618206319981255
5,z,8,1.0,m1,1000000,0.174421,0.0,,0.02924246507014637,1,0.0,,0.1693205,0.0,,3,0,48,48,32,1.0,0.0,174421,1436.0,7329,0,0,444.048329732992,187.6220675240329
5,z,8,1.0,normal,1000000,0.097882,0.0,,0.0287744426963078,1,0.0,,0.0950655,0.0,,3,0,64,64,64,1.0,0.0,97882,786.0,4061,0,0,1267.3688240650226,29.19582695298596
5,z,9,1.0,m1,1000000,0.00753,0.0,,0.4407038512616202,1,0.0,,0.0042115,0.0,,0,3,144,112,128,1.0,0.0,7530,172.0,6293,0,0,650.8786443650024,2.3872537200222723
5,z,9,1.0,normal,1000000,0.010838,0.0,,0.4410407824321831,1,0.0,,0.006058,0.0,,0,3,160,128,160,1.0,0.0,10838,293.0,8974,0,0,315.8747391359939,143.70148684000014
5,z,10,1.0,m1,1000000,0.063481,0.0,,0.14108945983837684,1,0.0,,0.0545245,0.0,,1,2,112,80,96,1.0,0.0,63481,1096.0,15721,0,0,983.1436118099956,19.34294864401454
5,z,10,1.0,normal,1000000,0.050036,0.0,,0.14385642337516988,1,0.0,,0.042838,0.0,,1,2,128,96,128,1.0,0.0,50036,962.0,12472,0,0,932.9209302419912,14.596392170002218
5,z,11,1.0,m1,1000000,0.002082,0.0,,0.16618635926993275,1,0.0,,0.001736,0.0,,0,3,144,80,128,1.0,0.0,2082,46.0,600,0,0,622.4099207560066,-271.8395508220128
5,z,11,1.0,normal,1000000,0.002656,0.0,,0.13347138554216867,1,0.0,,0.0023015,0.0,,0,3,160,96,160,1.0,0.0,2656,56.0,597,0,0,243.8356707750063,403.1208831889962
5,z,12,1.0,m1,1000000,0.116438,0.0,,0.014591456397396039,1,0.0,,0.114739,0.0,,2,1,80,48,64,1.0,0.0,116438,374.0,2650,0,0,846.3611924540019,-250.48756611498536
5,z,12,1.0,normal,1000000,0.176869,0.0,,0.008251870028099894,1,0.0,,0.1754095,0.0,,2,1,96,64,96,1.0,0.0,176869,268.0,2383,0,0,500.7746907930122,68.43322128598811
5,z,13,1.0,m1,1000000,0.004055,0.0,,0.1313193588162762,1,0.0,,0.0035225,0.0,,0,3,144,80,128,1.0,0.0,4055,114.0,837,0,0,233.9414981050068,131.62906051796745
5,z,13,1.0,normal,1000000,0.003708,0.0,,0.16005933117583604,1,0.0,,0.0031145,0.0,,0,3,160,96,160,1.0,0.0,3708,128.0,931,0,0,315.13849953599856,81.56052396199084
5,z,14,1.0,m1,1000000,0.097043,0.0,,0.007651247385179766,1,0.0,,0.0963005,0.0,,1,2,112,48,96,1.0,0.0,97043,132.0,1221,0,0,581.1022709980025,415.7545456619992
5,z,14,1.0,normal,1000000,0.040398,0.0,,0.013899202930838161,1,0.0,,0.0398365,0.0,,1,2,128,64,128,1.0,0.0,40398,106.0,911,0,0,422.3117341750185,70.24026117200265
5,z,15,1.0,m1,1000000,0.012166,0.0,,0.010521124445175079,1,0.0,,0.012038,0.0,,0,3,144,48,128,1.0,0.0,12166,24.0,208,0,0,275.3310651710199,132.6273858170025
5,z,15,1.0,normal,1000000,0.025431,0.0,,0.008336282489874563,1,0.0,,0.025219,0.0,,0,3,160,64,160,1.0,0.0,25431,53.0,318,0,0,701.0190585210221,10.006261625996558
5,z,16,0.01,m1,5000000,1.0,0.0,,0.0,1,0.0,,1.0,0.0,,4,-1,16,16,0,1.0,0.0,5000000,0.0,0,0,0,121.8225388130013,22.863046511
5,z,16,0.01,normal,5000000,1.0,0.0,,0.0,1,0.0,,1.0,0.0,,4,-1,32,32,32,1.0,0.0,5000000,0.0,0,0,0,2320.393884693,454.26369794899983
5,z,16,0.1,m1,5000000,1.0,0.0,,0.0,1,0.0,,1.0,0.0,,4,-1,16,16,0,1.0,0.0,5000000,0.0,0,0,0,557.2797978179988,134.0475439000038
5,z,16,0.1,normal,5000000,1.0,0.0,,0.0,1,0.0,,1.0,0.0,,4,-1,32,32,32,1.0,0.0,5000000,0.0,0,0,0,2617.1812535069994,-60.0994674399999
5,z,16,1.0,m1,6000000,1.0,0.0,0.0,1.13e-05,2,1.567999999999999e-06,1.1313708498984755e-06,0.9999887000000001,1.5679999999906878e-06,1.131370849891757e-06,4,-1,16,16,0,1.0,0.0,6000000,8.0,126,0,0,1689.6138367090061,580.0897452879981
5,z,16,1.0,normal,6000000,1.0,0.0,0.0,2.71e-05,2,1.9599999999999977e-07,1.4142135623730936e-07,0.9999728999999999,1.9599999995123516e-07,1.4142135620212385e-07,4,-1,32,32,32,1.0,0.0,6000000,21.0,284,0,0,3613.903592996996,-397.39028987798525
5,z,17,1.0,m1,1000000,0.008459,0.0,,0.4358080151318123,1,0.0,,0.0047725,0.0,,0,3,144,112,128,1.0,0.0,8459,224.0,6925,0,0,528.6176480229769,-250.0047435419692
5,z,17,1.0,normal,1000000,0.007834,0.0,,0.45921623691600716,1,0.0,,0.0042365,0.0,,0,3,160,128,160,1.0,0.0,7834,194.0,6807,0,0,658.971939451003,4.120941476983717
5,z,18,1.0,m1,1000000,0.06128,0.0,,0.16870920365535247,1,0.0,,0.0509415,0.0,,1,2,112,80,96,1.0,0.0,61280,1108.0,18461,0,0,982.4957718070071,-158.71149308999884
5,z,18,1.0,normal,1000000,0.068378,0.0,,0.14753283219749042,1,0.0,,0.05829,0.0,,1,2,128,96,128,1.0,0.0,68378,1341.0,17494,0,0,476.1289955480024,-48.66403074201662
5,z,19,1.0,m1,1000000,0.011254,0.0,,0.15798827083703573,1,0.0,,0.009476,0.0,,0,3,144,80,128,1.0,0.0,11254,197.0,3162,0,0,388.1475476519845,-9.674641176970908
5,z,19,1.0,normal,1000000,0.000781,0.0,,0.1856594110115237,1,0.0,,0.000636,0.0,,0,3,160,96,160,1.0,0.0,781,32.0,226,0,0,632.5483701080084,-293.742472635
5,z,20,1.0,m1,1000000,0.174477,0.0,,0.010929807367160142,1,0.0,,0.17257,0.0,,2,1,80,48,64,1.0,0.0,174477,259.0,3296,0,0,1081.177188856003,-446.0043780489941
5,z,20,1.0,normal,1000000,0.126926,0.0,,0.006614090099743158,1,0.0,,0.1260865,0.0,,2,1,96,64,96,1.0,0.0,126926,118.0,1443,0,0,424.3015816299885,642.6104932540038
5,z,21,1.0,m1,1000000,0.014572,0.0,,0.06646307987922043,1,0.0,,0.0136035,0.0,,0,3,144,80,128,1.0,0.0,14572,70.0,1797,0,0,716.0551280379877,7.679389447002904
5,z,21,1.0,normal,1000000,0.001143,0.0,,0.1141732283464567,1,0.0,,0.0010125,0.0,,0,3,160,96,160,1.0,0.0,1143,16.0,229,0,0,319.837155590998,-8.553676586976508
5,z,22,1.0,m1,1000000,0.033691,0.0,,0.010017512095218308,1,0.0,,0.0333535,0.0,,1,2,112,48,96,1.0,0.0,33691,46.0,583,0,0,675.7185528879927,-183.77113089198247
5,z,22,1.0,normal,1000000,0.048825,0.0,,0.0033998975934459805,1,0.0,,0.048659,0.0,,1,2,128,64,128,1.0,0.0,48825,19.0,294,0,0,983.4100270530034,-43.91366636499879
5,z,23,1.0,m1,1000000,0.013519,0.0,,0.002736888823137806,1,0.0,,0.013482,0.0,,0,3,144,48,128,1.0,0.0,13519,8.0,58,0,0,236.39762236599927,1.2607700870139524
5,z,23,1.0,normal,1000000,0.00813,0.0,,0.005658056580565805,1,0.0,,0.008084,0.0,,0,3,160,64,160,1.0,0.0,8130,10.0,72,0,0,666.214101421996,-329.5633414759941
5,z,24,0.01,m1,5000000,0.9252884,0.0,,0.0,1,0.0,,0.9252884,0.0,,3,0,48,16,32,1.0,0.0,4626442,0.0,0,0,0,275.1464203430005,-121.9179244429979
5,z,24,0.01,normal,5000000,0.9857158,0.0,,0.0,1,0.0,,0.9857158,0.0,,3,0,64,32,64,1.0,0.0,4928579,0.0,0,0,0,4853.137071833,-3014.8753527439985
5,z,24,0.1,m1,5000000,0.4991596,0.0,,0.0,1,0.0,,0.4991596,0.0,,3,0,48,16,32,1.0,0.0,2495798,0.0,0,0,0,976.857951004,-180.7575623449993
5,z,24,0.1,normal,5000000,0.8672918,0.0,,0.0,1,0.0,,0.8672918,0.0,,3,0,64,32,64,1.0,0.0,4336459,0.0,0,0,0,4193.2080090360005,-2063.450883935001
5,z,24,1.0,m1,6000000,0.185327,0.19362643999999998,0.13970874361327568,3.843567813818387e-05,2,7.188463379260641e-05,5.1867461242718014e-05,0.1853235,0.19363231999999997,0.1397129862539628,3,0,48,16,32,1.0,0.0,716806,2.0,62,0,0,4682.820617349997,-2788.9151364700047
5,z,24,1.0,normal,6000000,0.2572291,0.027191276000000035,0.019619526172158213,4.410341720761461e-05,2,5.019949846329438e-05,3.62208222199583e-05,0.25721740000000004,0.027177163999999997,0.0196093438345091,3,0,64,32,64,1.0,0.0,1598867,14.0,170,0,0,3799.3322757629976,-796.6040017929859
5,z,25,1.0,m1,1000000,0.006996,0.0,,0.08919382504288165,1,0.0,,0.006372,0.0,,0,3,144,80,128,1.0,0.0,6996,92.0,1064,0,0,539.5375870020071,20.64707017596811
5,z,25,1.0,normal,1000000,0.000267,0.0,,0.07116104868913857,1,0.0,,0.000248,0.0,,0,3,160,96,160,1.0,0.0,267,3.0,32,0,0,555.0841942270054,-91.9521167120256
5,z,26,1.0,m1,1000000,0.060989,0.0,,0.001287117349030153,1,0.0,,0.0609105,0.0,,1,2,112,48,96,1.0,0.0,60989,16.0,125,0,0,971.8833036249852,-451.7600411759922
5,z,26,1.0,normal,1000000,0.071849,0.0,,0.000716781026875809,1,0.0,,0.0717975,0.0,,1,2,128,64,128,1.0,0.0,71849,4.0,95,0,0,945.0511731549924,-519.0110905869806
5,z,27,1.0,m1,1000000,0.004717,0.0,,0.0006359974560101759,1,0.0,,0.004714,0.0,,0,3,144,48,128,1.0,0.0,4717,0.0,6,0,0,683.5211446089961,-166.28368608397432
5,z,27,1.0,normal,1000000,0.00593,0.0,,0.001011804384485666,1,0.0,,0.005924,0.0,,0,3,160,64,160,1.0,0.0,5930,2.0,8,0,0,471.6224515720096,67.52728068598663
5,z,28,0.01,m1,5000000,0.971601,0.0,,0.0,1,0.0,,0.971601,0.0,,2,1,80,16,64,1.0,0.0,4858005,0.0,0,0,0,139.38806842100166,-4.761568076002732
5,z,28,0.01,normal,5000000,0.9807186,0.0,,0.0,1,0.0,,0.9807186,0.0,,2,1,96,32,96,1.0,0.0,4903593,0.0,0,0,0,2204.1185149520006,77.1031494710005
5,z,28,0.1,m1,5000000,0.748758,0.0,,0.0,1,0.0,,0.748758,0.0,,2,1,80,16,64,1.0,0.0,3743790,0.0,0,0,0,630.8210918000004,83.77229095299845
5,z,28,0.1,normal,5000000,0.8228114,0.0,,0.0,1,0.0,,0.8228114,0.0,,2,1,96,32,96,1.0,0.0,4114057,0.0,0,0,0,2266.676114048,378.8993078290014
5,z,28,1.0,m1,6000000,0.1528594,0.193119976,0.13934331082875848,0.0,2,0.0,0.0,0.1528594,0.193119976,0.13934331082875848,2,1,80,16,64,1.0,0.0,523034,0.0,0,0,0,2136.206494430993,245.6721456560117
5,z,28,1.0,normal,6000000,0.15968359999999998,0.03541798399999998,0.025555404757506766,0.0,2,0.0,0.0,0.15968359999999998,0.03541798399999998,0.025555404757506766,2,1,96,32,96,1.0,0.0,885820,0.0,0,0,0,3783.2984828390095,-968.7468876610092
5,z,29,1.0,m1,1000000,0.013164,0.0,,0.0007596475235490732,1,0.0,,0.013154,0.0,,0,3,144,48,128,1.0,0.0,13164,2.0,16,0,0,673.4427056820132,-218.18251025900827
5,z,29,1.0,normal,1000000,0.007727,0.0,,0.0003882489970234244,1,0.0,,0.007724,0.0,,0,3,160,64,160,1.0,0.0,7727,0.0,6,0,0,647.0093964370026,-284.1135001360089
5,z,30,1.0,m1,1000000,0.064589,0.0,,0.0,1,0.0,,0.064589,0.0,,1,2,112,16,96,1.0,0.0,64589,0.0,0,0,0,592.6451912860211,-264.3773796700116
5,z,30,1.0,normal,1000000,0.052138,0.0,,0.0,1,0.0,,0.052138,0.0,,1,2,128,32,128,1.0,0.0,52138,0.0,0,0,0,365.04976430602255,310.4319036669913
5,z,31,0.01,m1,5000000,0.9406938,0.0,,0.0,1,0.0,,0.9406938,0.0,,0,3,144,16,128,1.0,0.0,4703469,0.0,0,0,0,181.8485288679985,-31.05919130899565
5,z,31,0.01,normal,5000000,0.9505468,0.0,,0.0,1,0.0,,0.9505468,0.0,,0,3,160,32,160,1.0,0.0,4752734,0.0,0,0,0,2193.567834791,718.8849486039999
5,z,31,0.1,m1,5000000,0.550286,0.0,,0.0,1,0.0,,0.550286,0.0,,0,3,144,16,128,1.0,0.0,2751430,0.0,0,0,0,841.6626682710012,-183.46610381500432
5,z,31,0.1,normal,5000000,0.6032636,0.0,,0.0,1,0.0,,0.6032636,0.0,,0,3,160,32,160,1.0,0.0,3016318,0.0,0,0,0,1840.7047416020005,135.8960277799997
5,z,31,1.0,m1,6000000,0.0130348,0.009083032,0.006553748490749398,0.0,2,0.0,0.0,0.0130348,0.009083032,0.006553748490749398,0,3,144,16,128,1.0,0.0,59672,0.0,0,0,0,1714.8696881210017,18.853931962996285
5,z,31,1.0,normal,6000000,0.0087169,0.004231835999999999,0.0030534285025197493,0.0,2,0.0,0.0,0.0087169,0.004231835999999999,0.0030534285025197493,0,3,160,32,160,1.0,0.0,43665,0.0,0,0,0,2332.73667679702,-353.4693159089939
