n,lstate,i,meas_type,p_error,sim_type,total_meta_shots,shots,count_accept,count_logerror,count_undecided,count_detect_discard,prep_rate,LER,detect_normal,decoding_normal
4,x,10,x,1,normal,0,100000,23241,573,1014,0,0.23241,0.024654705047114978,0,8.802640073001385
4,x,10,x,1,normal,0,100000,23241,573,1014,0,0.23241,0.024654705047114978,0,8.802640073001385
4,x,10,x,1,normal,0,100000,23241,573,1014,0,0.23241,0.024654705047114978,0,8.802640073001385
4,x,10,z,1,normal,0,100000,23241,573,1014,0,0.23241,0.024654705047114978,0,8.802640073001385
4,x,8,x,1,normal,0,100000,27170,7362,12711,0,0.2717,0.2709606183290394,0,9.503258391996496
4,x,8,z,1,normal,0,100000,27170,7362,12711,0,0.2717,0.2709606183290394,0,9.503258391996496
4,x,8,z,1,normal,0,100000,27170,7362,12711,0,0.2717,0.2709606183290394,0,9.503258391996496
4,x,8,x,1,normal,0,100000,27170,7362,12711,0,0.2717,0.2709606183290394,0,9.503258391996496
4,x,6,x,1,normal,0,100000,23758,506,910,0,0.23758,0.02129808906473607,0,9.484257253003307
4,x,6,x,1,normal,0,100000,23758,506,910,0,0.23758,0.02129808906473607,0,9.484257253003307
4,x,6,z,1,normal,0,100000,23758,506,910,0,0.23758,0.02129808906473607,0,9.484257253003307
4,x,6,x,1,normal,0,100000,23758,506,910,0,0.23758,0.02129808906473607,0,9.484257253003307
4,x,4,x,1,normal,0,100000,32197,396,740,0,0.32197,0.012299282541851753,0,12.269115615999908
4,x,4,z,1,normal,0,100000,32197,396,740,0,0.32197,0.012299282541851753,0,12.269115615999908
4,x,4,x,1,normal,0,100000,32197,396,740,0,0.32197,0.012299282541851753,0,12.269115615999908
4,x,4,x,1,normal,0,100000,32197,396,740,0,0.32197,0.012299282541851753,0,12.269115615999908
4,x,7,z,1,normal,0,100000,44319,1660,2929,0,0.44319,0.03745571876621767,0,12.833107576996554
4,x,7,x,1,normal,0,100000,44319,1660,2929,0,0.44319,0.03745571876621767,0,12.833107576996554
4,x,7,z,1,normal,0,100000,44319,1660,2929,0,0.44319,0.03745571876621767,0,12.833107576996554
4,x,7,x,1,normal,0,100000,44319,1660,2929,0,0.44319,0.03745571876621767,0,12.833107576996554
4,x,3,z,1,normal,0,100000,46107,5,10,0,0.46107,0.00010844340338778125,0,13.475159175999579
4,x,3,x,1,normal,0,100000,46107,5,10,0,0.46107,0.00010844340338778125,0,13.475159175999579
4,x,3,x,1,normal,0,100000,46107,5,10,0,0.46107,0.00010844340338778125,0,13.475159175999579
4,x,3,x,1,normal,0,100000,46107,5,10,0,0.46107,0.00010844340338778125,0,13.475159175999579
4,x,11,z,1,normal,0,100000,49097,1312,2334,0,0.49097,0.026722610342790776,0,13.083909912005765
4,x,11,x,1,normal,0,100000,49097,1312,2334,0,0.49097,0.026722610342790776,0,13.083909912005765
4,x,11,x,1,normal,0,100000,49097,1312,2334,0,0.49097,0.026722610342790776,0,13.083909912005765
4,x,11,z,1,normal,0,100000,49097,1312,2334,0,0.49097,0.026722610342790776,0,13.083909912005765
4,x,5,z,1,normal,0,100000,16102,314,493,0,0.16102,0.019500683144950903,0,13.384805529000005
4,x,5,z,1,normal,0,100000,16102,314,493,0,0.16102,0.019500683144950903,0,13.384805529000005
4,x,5,x,1,normal,0,100000,16102,314,493,0,0.16102,0.019500683144950903,0,13.384805529000005
4,x,5,x,1,normal,0,100000,16102,314,493,0,0.16102,0.019500683144950903,0,13.384805529000005
4,x,2,x,1,normal,0,100000,21228,0,1,0,0.21228,0.0,0,15.219152416000725
4,x,2,x,1,normal,0,100000,21228,0,1,0,0.21228,0.0,0,15.219152416000725
4,x,2,x,1,normal,0,100000,21228,0,1,0,0.21228,0.0,0,15.219152416000725
4,x,2,x,1,normal,0,100000,21228,0,1,0,0.21228,0.0,0,15.219152416000725
4,x,9,z,1,normal,0,100000,100000,2313,3510,0,1.0,0.023129999999999984,0,14.402557873007027
4,x,9,z,1,normal,0,100000,100000,2313,3510,0,1.0,0.023129999999999984,0,14.402557873007027
4,x,9,z,1,normal,0,100000,100000,2313,3510,0,1.0,0.023129999999999984,0,14.402557873007027
4,x,9,x,1,normal,0,100000,100000,2313,3510,0,1.0,0.023129999999999984,0,14.402557873007027
4,x,12,x,1,normal,0,100000,28863,6314,11461,0,0.28863,0.21875757890725145,0,10.275796742003877
4,x,12,z,1,normal,0,100000,28863,6314,11461,0,0.28863,0.21875757890725145,0,10.275796742003877
4,x,12,x,1,normal,0,100000,28863,6314,11461,0,0.28863,0.21875757890725145,0,10.275796742003877
4,x,12,z,1,normal,0,100000,28863,6314,11461,0,0.28863,0.21875757890725145,0,10.275796742003877
4,x,14,x,1,normal,0,100000,26993,4986,8985,0,0.26993,0.18471455562553252,0,10.474781198994606
4,x,14,x,1,normal,0,100000,26993,4986,8985,0,0.26993,0.18471455562553252,0,10.474781198994606
4,x,14,z,1,normal,0,100000,26993,4986,8985,0,0.26993,0.18471455562553252,0,10.474781198994606
4,x,14,z,1,normal,0,100000,26993,4986,8985,0,0.26993,0.18471455562553252,0,10.474781198994606
4,x,2,x,0.8,normal,0,100000,28973,1,2,0,0.28973,3.451489317640721e-05,0,9.098396510002203
4,x,2,x,0.8,normal,0,100000,28973,1,2,0,0.28973,3.451489317640721e-05,0,9.098396510002203
4,x,2,x,0.8,normal,0,100000,28973,1,2,0,0.28973,3.451489317640721e-05,0,9.098396510002203
4,x,2,x,0.8,normal,0,100000,28973,1,2,0,0.28973,3.451489317640721e-05,0,9.098396510002203
4,x,13,z,1,normal,0,100000,32333,5896,7999,0,0.32333,0.1823523953855194,0,13.845100510996417
4,x,13,z,1,normal,0,100000,32333,5896,7999,0,0.32333,0.1823523953855194,0,13.845100510996417
4,x,13,x,1,normal,0,100000,32333,5896,7999,0,0.32333,0.1823523953855194,0,13.845100510996417
4,x,13,z,1,normal,0,100000,32333,5896,7999,0,0.32333,0.1823523953855194,0,13.845100510996417
4,x,6,x,0.8,normal,0,100000,31519,456,847,0,0.31519,0.014467464069291558,0,10.43083600299724
4,x,6,x,0.8,normal,0,100000,31519,456,847,0,0.31519,0.014467464069291558,0,10.43083600299724
4,x,6,z,0.8,normal,0,100000,31519,456,847,0,0.31519,0.014467464069291558,0,10.43083600299724
4,x,6,x,0.8,normal,0,100000,31519,456,847,0,0.31519,0.014467464069291558,0,10.43083600299724
4,x,3,z,0.8,normal,0,100000,53944,2,3,0,0.53944,3.707548568887553e-05,0,12.420246145993588
4,x,3,x,0.8,normal,0,100000,53944,2,3,0,0.53944,3.707548568887553e-05,0,12.420246145993588
4,x,3,x,0.8,normal,0,100000,53944,2,3,0,0.53944,3.707548568887553e-05,0,12.420246145993588
4,x,3,x,0.8,normal,0,100000,53944,2,3,0,0.53944,3.707548568887553e-05,0,12.420246145993588
4,x,4,x,0.8,normal,0,100000,40734,327,618,0,0.40734,0.008027691854470498,0,11.647984266004642
4,x,4,z,0.8,normal,0,100000,40734,327,618,0,0.40734,0.008027691854470498,0,11.647984266004642
4,x,4,x,0.8,normal,0,100000,40734,327,618,0,0.40734,0.008027691854470498,0,11.647984266004642
4,x,4,x,0.8,normal,0,100000,40734,327,618,0,0.40734,0.008027691854470498,0,11.647984266004642
4,x,15,z,1,normal,0,100000,57859,14235,21212,0,0.57859,0.24602913980538899,0,14.452819027996156
4,x,15,x,1,normal,0,100000,57859,14235,21212,0,0.57859,0.24602913980538899,0,14.452819027996156
4,x,15,z,1,normal,0,100000,57859,14235,21212,0,0.57859,0.24602913980538899,0,14.452819027996156
4,x,15,z,1,normal,0,100000,57859,14235,21212,0,0.57859,0.24602913980538899,0,14.452819027996156
4,x,5,z,0.8,normal,0,100000,17847,222,381,0,0.17847,0.01243906538914108,0,12.69061000799411
4,x,5,z,0.8,normal,0,100000,17847,222,381,0,0.17847,0.01243906538914108,0,12.69061000799411
4,x,5,x,0.8,normal,0,100000,17847,222,381,0,0.17847,0.01243906538914108,0,12.69061000799411
4,x,5,x,0.8,normal,0,100000,17847,222,381,0,0.17847,0.01243906538914108,0,12.69061000799411
4,x,7,z,0.8,normal,0,100000,51591,1255,2240,0,0.51591,0.024325948324320112,0,16.162518468001508
4,x,7,x,0.8,normal,0,100000,51591,1255,2240,0,0.51591,0.024325948324320112,0,16.162518468001508
4,x,7,z,0.8,normal,0,100000,51591,1255,2240,0,0.51591,0.024325948324320112,0,16.162518468001508
4,x,7,x,0.8,normal,0,100000,51591,1255,2240,0,0.51591,0.024325948324320112,0,16.162518468001508
4,x,8,x,0.8,normal,0,100000,34130,7560,13042,0,0.3413,0.22150600644594198,0,12.154966889997013
4,x,8,z,0.8,normal,0,100000,34130,7560,13042,0,0.3413,0.22150600644594198,0,12.154966889997013
4,x,8,z,0.8,normal,0,100000,34130,7560,13042,0,0.3413,0.22150600644594198,0,12.154966889997013
4,x,8,x,0.8,normal,0,100000,34130,7560,13042,0,0.3413,0.22150600644594198,0,12.154966889997013
4,x,10,x,0.8,normal,0,100000,30681,506,914,0,0.30681,0.01649229164629573,0,10.624234257993521
4,x,10,x,0.8,normal,0,100000,30681,506,914,0,0.30681,0.01649229164629573,0,10.624234257993521
4,x,10,x,0.8,normal,0,100000,30681,506,914,0,0.30681,0.01649229164629573,0,10.624234257993521
4,x,10,z,0.8,normal,0,100000,30681,506,914,0,0.30681,0.01649229164629573,0,10.624234257993521
4,x,14,x,0.8,normal,0,100000,35081,5276,9599,0,0.35081,0.15039480060431576,0,10.031932493991917
4,x,14,x,0.8,normal,0,100000,35081,5276,9599,0,0.35081,0.15039480060431576,0,10.031932493991917
4,x,14,z,0.8,normal,0,100000,35081,5276,9599,0,0.35081,0.15039480060431576,0,10.031932493991917
4,x,14,z,0.8,normal,0,100000,35081,5276,9599,0,0.35081,0.15039480060431576,0,10.031932493991917
4,x,12,x,0.8,normal,0,100000,36734,6660,12306,0,0.36734,0.18130342462024285,0,10.806395731007797
4,x,12,z,0.8,normal,0,100000,36734,6660,12306,0,0.36734,0.18130342462024285,0,10.806395731007797
4,x,12,x,0.8,normal,0,100000,36734,6660,12306,0,0.36734,0.18130342462024285,0,10.806395731007797
4,x,12,z,0.8,normal,0,100000,36734,6660,12306,0,0.36734,0.18130342462024285,0,10.806395731007797
4,x,9,z,0.8,normal,0,100000,100000,1161,1820,0,1.0,0.01161000000000001,0,17.703339687999687
4,x,9,z,0.8,normal,0,100000,100000,1161,1820,0,1.0,0.01161000000000001,0,17.703339687999687
4,x,9,z,0.8,normal,0,100000,100000,1161,1820,0,1.0,0.01161000000000001,0,17.703339687999687
4,x,9,x,0.8,normal,0,100000,100000,1161,1820,0,1.0,0.01161000000000001,0,17.703339687999687
4,x,2,x,0.5,normal,0,100000,46147,0,0,0,0.46147,0.0,0,10.25217948599311
4,x,2,x,0.5,normal,0,100000,46147,0,0,0,0.46147,0.0,0,10.25217948599311
4,x,2,x,0.5,normal,0,100000,46147,0,0,0,0.46147,0.0,0,10.25217948599311
4,x,2,x,0.5,normal,0,100000,46147,0,0,0,0.46147,0.0,0,10.25217948599311
4,x,13,z,0.8,normal,0,100000,35143,5332,7713,0,0.35143,0.15172296047577039,0,13.154992879994097
4,x,13,z,0.8,normal,0,100000,35143,5332,7713,0,0.35143,0.15172296047577039,0,13.154992879994097
4,x,13,x,0.8,normal,0,100000,35143,5332,7713,0,0.35143,0.15172296047577039,0,13.154992879994097
4,x,13,z,0.8,normal,0,100000,35143,5332,7713,0,0.35143,0.15172296047577039,0,13.154992879994097
4,x,11,z,0.8,normal,0,100000,56346,962,1731,0,0.56346,0.017073084158591545,0,14.85983907400805
4,x,11,x,0.8,normal,0,100000,56346,962,1731,0,0.56346,0.017073084158591545,0,14.85983907400805
4,x,11,x,0.8,normal,0,100000,56346,962,1731,0,0.56346,0.017073084158591545,0,14.85983907400805
4,x,11,z,0.8,normal,0,100000,56346,962,1731,0,0.56346,0.017073084158591545,0,14.85983907400805
4,x,4,x,0.5,normal,0,100000,56825,183,356,0,0.56825,0.003220413550373946,0,12.08550252400164
4,x,4,z,0.5,normal,0,100000,56825,183,356,0,0.56825,0.003220413550373946,0,12.08550252400164
4,x,4,x,0.5,normal,0,100000,56825,183,356,0,0.56825,0.003220413550373946,0,12.08550252400164
4,x,4,x,0.5,normal,0,100000,56825,183,356,0,0.56825,0.003220413550373946,0,12.08550252400164
4,x,15,z,0.8,normal,0,100000,64728,13402,21259,0,0.64728,0.20705104437028798,0,14.335617757998989
4,x,15,x,0.8,normal,0,100000,64728,13402,21259,0,0.64728,0.20705104437028798,0,14.335617757998989
4,x,15,z,0.8,normal,0,100000,64728,13402,21259,0,0.64728,0.20705104437028798,0,14.335617757998989
4,x,15,z,0.8,normal,0,100000,64728,13402,21259,0,0.64728,0.20705104437028798,0,14.335617757998989
4,x,3,z,0.5,normal,0,100000,68154,0,0,0,0.68154,0.0,0,16.74103416899743
4,x,3,x,0.5,normal,0,100000,68154,0,0,0,0.68154,0.0,0,16.74103416899743
4,x,3,x,0.5,normal,0,100000,68154,0,0,0,0.68154,0.0,0,16.74103416899743
4,x,3,x,0.5,normal,0,100000,68154,0,0,0,0.68154,0.0,0,16.74103416899743
4,x,5,z,0.5,normal,0,100000,23417,68,129,0,0.23417,0.002903873254473277,0,12.432772460000706
4,x,5,z,0.5,normal,0,100000,23417,68,129,0,0.23417,0.002903873254473277,0,12.432772460000706
4,x,5,x,0.5,normal,0,100000,23417,68,129,0,0.23417,0.002903873254473277,0,12.432772460000706
4,x,5,x,0.5,normal,0,100000,23417,68,129,0,0.23417,0.002903873254473277,0,12.432772460000706
4,x,8,x,0.5,normal,0,100000,49386,6740,11987,0,0.49386,0.13647592435103062,0,11.258179252996342
4,x,8,z,0.5,normal,0,100000,49386,6740,11987,0,0.49386,0.13647592435103062,0,11.258179252996342
4,x,8,z,0.5,normal,0,100000,49386,6740,11987,0,0.49386,0.13647592435103062,0,11.258179252996342
4,x,8,x,0.5,normal,0,100000,49386,6740,11987,0,0.49386,0.13647592435103062,0,11.258179252996342
4,x,7,z,0.5,normal,0,100000,65418,636,1183,0,0.65418,0.009722094836283612,0,14.082367692011758
4,x,7,x,0.5,normal,0,100000,65418,636,1183,0,0.65418,0.009722094836283612,0,14.082367692011758
4,x,7,z,0.5,normal,0,100000,65418,636,1183,0,0.65418,0.009722094836283612,0,14.082367692011758
4,x,7,x,0.5,normal,0,100000,65418,636,1183,0,0.65418,0.009722094836283612,0,14.082367692011758
4,x,10,x,0.5,normal,0,100000,47006,330,615,0,0.47006,0.007020380376973168,0,11.199869660005788
4,x,10,x,0.5,normal,0,100000,47006,330,615,0,0.47006,0.007020380376973168,0,11.199869660005788
4,x,10,x,0.5,normal,0,100000,47006,330,615,0,0.47006,0.007020380376973168,0,11.199869660005788
4,x,10,z,0.5,normal,0,100000,47006,330,615,0,0.47006,0.007020380376973168,0,11.199869660005788
4,x,9,z,0.5,normal,0,100000,100000,222,389,0,1.0,0.0022199999999999998,0,13.315612115999102
4,x,9,z,0.5,normal,0,100000,100000,222,389,0,1.0,0.0022199999999999998,0,13.315612115999102
4,x,9,z,0.5,normal,0,100000,100000,222,389,0,1.0,0.0022199999999999998,0,13.315612115999102
4,x,9,x,0.5,normal,0,100000,100000,222,389,0,1.0,0.0022199999999999998,0,13.315612115999102
4,x,12,x,0.5,normal,0,100000,52968,6184,11615,0,0.52968,0.11674973568947289,0,11.698540316996514
4,x,12,z,0.5,normal,0,100000,52968,6184,11615,0,0.52968,0.11674973568947289,0,11.698540316996514
4,x,12,x,0.5,normal,0,100000,52968,6184,11615,0,0.52968,0.11674973568947289,0,11.698540316996514
4,x,12,z,0.5,normal,0,100000,52968,6184,11615,0,0.52968,0.11674973568947289,0,11.698540316996514
4,x,6,x,0.5,normal,0,100000,48444,328,627,0,0.48444,0.006770704318388221,0,19.860742948992993
4,x,6,x,0.5,normal,0,100000,48444,328,627,0,0.48444,0.006770704318388221,0,19.860742948992993
4,x,6,z,0.5,normal,0,100000,48444,328,627,0,0.48444,0.006770704318388221,0,19.860742948992993
4,x,6,x,0.5,normal,0,100000,48444,328,627,0,0.48444,0.006770704318388221,0,19.860742948992993
4,x,11,z,0.5,normal,0,100000,69129,510,945,0,0.69129,0.007377511608731457,0,14.830096599005628
4,x,11,x,0.5,normal,0,100000,69129,510,945,0,0.69129,0.007377511608731457,0,14.830096599005628
4,x,11,x,0.5,normal,0,100000,69129,510,945,0,0.69129,0.007377511608731457,0,14.830096599005628
4,x,11,z,0.5,normal,0,100000,69129,510,945,0,0.69129,0.007377511608731457,0,14.830096599005628
4,x,14,x,0.5,normal,0,100000,51794,5123,9520,0,0.51794,0.09891107078039929,0,11.316616850992432
4,x,14,x,0.5,normal,0,100000,51794,5123,9520,0,0.51794,0.09891107078039929,0,11.316616850992432
4,x,14,z,0.5,normal,0,100000,51794,5123,9520,0,0.51794,0.09891107078039929,0,11.316616850992432
4,x,14,z,0.5,normal,0,100000,51794,5123,9520,0,0.51794,0.09891107078039929,0,11.316616850992432
4,x,2,x,0.3,normal,0,100000,63161,0,0,0,0.63161,0.0,0,9.558792698007892
4,x,2,x,0.3,normal,0,100000,63161,0,0,0,0.63161,0.0,0,9.558792698007892
4,x,2,x,0.3,normal,0,100000,63161,0,0,0,0.63161,0.0,0,9.558792698007892
4,x,2,x,0.3,normal,0,100000,63161,0,0,0,0.63161,0.0,0,9.558792698007892
4,x,13,z,0.5,normal,0,100000,40091,3765,6048,0,0.40091,0.09391135167493947,0,14.726037676999113
4,x,13,z,0.5,normal,0,100000,40091,3765,6048,0,0.40091,0.09391135167493947,0,14.726037676999113
4,x,13,x,0.5,normal,0,100000,40091,3765,6048,0,0.40091,0.09391135167493947,0,14.726037676999113
4,x,13,z,0.5,normal,0,100000,40091,3765,6048,0,0.40091,0.09391135167493947,0,14.726037676999113
4,x,3,z,0.3,normal,0,100000,79539,0,0,0,0.79539,0.0,0,12.318757560991799
4,x,3,x,0.3,normal,0,100000,79539,0,0,0,0.79539,0.0,0,12.318757560991799
4,x,3,x,0.3,normal,0,100000,79539,0,0,0,0.79539,0.0,0,12.318757560991799
4,x,3,x,0.3,normal,0,100000,79539,0,0,0,0.79539,0.0,0,12.318757560991799
4,x,4,x,0.3,normal,0,100000,71149,76,150,0,0.71149,0.0010681808598855813,0,12.345430685993051
4,x,4,z,0.3,normal,0,100000,71149,76,150,0,0.71149,0.0010681808598855813,0,12.345430685993051
4,x,4,x,0.3,normal,0,100000,71149,76,150,0,0.71149,0.0010681808598855813,0,12.345430685993051
4,x,4,x,0.3,normal,0,100000,71149,76,150,0,0.71149,0.0010681808598855813,0,12.345430685993051
4,x,15,z,0.5,normal,0,100000,76207,10768,18469,0,0.76207,0.14129935570223207,0,15.156994208999095
4,x,15,x,0.5,normal,0,100000,76207,10768,18469,0,0.76207,0.14129935570223207,0,15.156994208999095
4,x,15,z,0.5,normal,0,100000,76207,10768,18469,0,0.76207,0.14129935570223207,0,15.156994208999095
4,x,15,z,0.5,normal,0,100000,76207,10768,18469,0,0.76207,0.14129935570223207,0,15.156994208999095
4,x,5,z,0.3,normal,0,100000,30620,18,35,0,0.3062,0.0005878510777269641,0,12.449090659996727
4,x,5,z,0.3,normal,0,100000,30620,18,35,0,0.3062,0.0005878510777269641,0,12.449090659996727
4,x,5,x,0.3,normal,0,100000,30620,18,35,0,0.3062,0.0005878510777269641,0,12.449090659996727
4,x,5,x,0.3,normal,0,100000,30620,18,35,0,0.3062,0.0005878510777269641,0,12.449090659996727
4,x,6,x,0.3,normal,0,100000,64588,198,377,0,0.64588,0.003065584938378607,0,13.231004864006536
4,x,6,x,0.3,normal,0,100000,64588,198,377,0,0.64588,0.003065584938378607,0,13.231004864006536
4,x,6,z,0.3,normal,0,100000,64588,198,377,0,0.64588,0.003065584938378607,0,13.231004864006536
4,x,6,x,0.3,normal,0,100000,64588,198,377,0,0.64588,0.003065584938378607,0,13.231004864006536
4,x,7,z,0.3,normal,0,100000,77264,313,594,0,0.77264,0.0040510457651687926,0,14.539387436001562
4,x,7,x,0.3,normal,0,100000,77264,313,594,0,0.77264,0.0040510457651687926,0,14.539387436001562
4,x,7,z,0.3,normal,0,100000,77264,313,594,0,0.77264,0.0040510457651687926,0,14.539387436001562
4,x,7,x,0.3,normal,0,100000,77264,313,594,0,0.77264,0.0040510457651687926,0,14.539387436001562
4,x,8,x,0.3,normal,0,100000,64524,5271,9470,0,0.64524,0.08169053375488189,0,13.663560007000342
4,x,8,z,0.3,normal,0,100000,64524,5271,9470,0,0.64524,0.08169053375488189,0,13.663560007000342
4,x,8,z,0.3,normal,0,100000,64524,5271,9470,0,0.64524,0.08169053375488189,0,13.663560007000342
4,x,8,x,0.3,normal,0,100000,64524,5271,9470,0,0.64524,0.08169053375488189,0,13.663560007000342
4,x,10,x,0.3,normal,0,100000,63410,208,396,0,0.6341,0.003280239709824939,0,12.191103061995818
4,x,10,x,0.3,normal,0,100000,63410,208,396,0,0.6341,0.003280239709824939,0,12.191103061995818
4,x,10,x,0.3,normal,0,100000,63410,208,396,0,0.6341,0.003280239709824939,0,12.191103061995818
4,x,10,z,0.3,normal,0,100000,63410,208,396,0,0.6341,0.003280239709824939,0,12.191103061995818
4,x,9,z,0.3,normal,0,100000,100000,34,60,0,1.0,0.00034000000000000696,0,14.313131361996057
4,x,9,z,0.3,normal,0,100000,100000,34,60,0,1.0,0.00034000000000000696,0,14.313131361996057
4,x,9,z,0.3,normal,0,100000,100000,34,60,0,1.0,0.00034000000000000696,0,14.313131361996057
4,x,9,x,0.3,normal,0,100000,100000,34,60,0,1.0,0.00034000000000000696,0,14.313131361996057
4,x,12,x,0.3,normal,0,100000,67754,4894,9349,0,0.67754,0.07223189774773442,0,13.985791386003257
4,x,12,z,0.3,normal,0,100000,67754,4894,9349,0,0.67754,0.07223189774773442,0,13.985791386003257
4,x,12,x,0.3,normal,0,100000,67754,4894,9349,0,0.67754,0.07223189774773442,0,13.985791386003257
4,x,12,z,0.3,normal,0,100000,67754,4894,9349,0,0.67754,0.07223189774773442,0,13.985791386003257
4,x,14,x,0.3,normal,0,100000,67573,4106,7793,0,0.67573,0.06076391458126762,0,12.879904008004814
4,x,14,x,0.3,normal,0,100000,67573,4106,7793,0,0.67573,0.06076391458126762,0,12.879904008004814
4,x,14,z,0.3,normal,0,100000,67573,4106,7793,0,0.67573,0.06076391458126762,0,12.879904008004814
4,x,14,z,0.3,normal,0,100000,67573,4106,7793,0,0.67573,0.06076391458126762,0,12.879904008004814
4,x,2,x,0.1,normal,0,100000,85625,0,0,0,0.85625,0.0,0,8.205973223011824
4,x,2,x,0.1,normal,0,100000,85625,0,0,0,0.85625,0.0,0,8.205973223011824
4,x,2,x,0.1,normal,0,100000,85625,0,0,0,0.85625,0.0,0,8.205973223011824
4,x,2,x,0.1,normal,0,100000,85625,0,0,0,0.85625,0.0,0,8.205973223011824
4,x,11,z,0.3,normal,0,100000,80180,260,494,0,0.8018,0.0032427039161885274,0,15.506151197012514
4,x,11,x,0.3,normal,0,100000,80180,260,494,0,0.8018,0.0032427039161885274,0,15.506151197012514
4,x,11,x,0.3,normal,0,100000,80180,260,494,0,0.8018,0.0032427039161885274,0,15.506151197012514
4,x,11,z,0.3,normal,0,100000,80180,260,494,0,0.8018,0.0032427039161885274,0,15.506151197012514
4,x,13,z,0.3,normal,0,100000,46417,2668,4639,0,0.46417,0.057478940905271725,0,13.980953028993099
4,x,13,z,0.3,normal,0,100000,46417,2668,4639,0,0.46417,0.057478940905271725,0,13.980953028993099
4,x,13,x,0.3,normal,0,100000,46417,2668,4639,0,0.46417,0.057478940905271725,0,13.980953028993099
4,x,13,z,0.3,normal,0,100000,46417,2668,4639,0,0.46417,0.057478940905271725,0,13.980953028993099
4,x,3,z,0.1,normal,0,100000,92610,0,0,0,0.9261,0.0,0,9.290335170007893
4,x,3,x,0.1,normal,0,100000,92610,0,0,0,0.9261,0.0,0,9.290335170007893
4,x,3,x,0.1,normal,0,100000,92610,0,0,0,0.9261,0.0,0,9.290335170007893
4,x,3,x,0.1,normal,0,100000,92610,0,0,0,0.9261,0.0,0,9.290335170007893
4,x,4,x,0.1,normal,0,100000,89203,12,24,0,0.89203,0.00013452462361129847,0,13.811235872999532
4,x,4,z,0.1,normal,0,100000,89203,12,24,0,0.89203,0.00013452462361129847,0,13.811235872999532
4,x,4,x,0.1,normal,0,100000,89203,12,24,0,0.89203,0.00013452462361129847,0,13.811235872999532
4,x,4,x,0.1,normal,0,100000,89203,12,24,0,0.89203,0.00013452462361129847,0,13.811235872999532
4,x,15,z,0.3,normal,0,100000,84842,7718,13986,0,0.84842,0.09096909549515575,0,18.157929220993537
4,x,15,x,0.3,normal,0,100000,84842,7718,13986,0,0.84842,0.09096909549515575,0,18.157929220993537
4,x,15,z,0.3,normal,0,100000,84842,7718,13986,0,0.84842,0.09096909549515575,0,18.157929220993537
4,x,15,z,0.3,normal,0,100000,84842,7718,13986,0,0.84842,0.09096909549515575,0,18.157929220993537
4,x,5,z,0.1,normal,0,100000,50053,1,2,0,0.50053,1.997882244819671e-05,0,12.789960337002412
4,x,5,z,0.1,normal,0,100000,50053,1,2,0,0.50053,1.997882244819671e-05,0,12.789960337002412
4,x,5,x,0.1,normal,0,100000,50053,1,2,0,0.50053,1.997882244819671e-05,0,12.789960337002412
4,x,5,x,0.1,normal,0,100000,50053,1,2,0,0.50053,1.997882244819671e-05,0,12.789960337002412
4,x,6,x,0.1,normal,0,100000,86349,68,136,0,0.86349,0.0007875018818979118,0,13.572585631991387
4,x,6,x,0.1,normal,0,100000,86349,68,136,0,0.86349,0.0007875018818979118,0,13.572585631991387
4,x,6,z,0.1,normal,0,100000,86349,68,136,0,0.86349,0.0007875018818979118,0,13.572585631991387
4,x,6,x,0.1,normal,0,100000,86349,68,136,0,0.86349,0.0007875018818979118,0,13.572585631991387
4,x,9,z,0.1,normal,0,100000,100000,1,2,0,1.0,9.99999999995449e-06,0,9.508003994997125
4,x,9,z,0.1,normal,0,100000,100000,1,2,0,1.0,9.99999999995449e-06,0,9.508003994997125
4,x,9,z,0.1,normal,0,100000,100000,1,2,0,1.0,9.99999999995449e-06,0,9.508003994997125
4,x,9,x,0.1,normal,0,100000,100000,1,2,0,1.0,9.99999999995449e-06,0,9.508003994997125
4,x,8,x,0.1,normal,0,100000,86057,2226,4150,0,0.86057,0.025866576803746377,0,14.44217454000318
4,x,8,z,0.1,normal,0,100000,86057,2226,4150,0,0.86057,0.025866576803746377,0,14.44217454000318
4,x,8,z,0.1,normal,0,100000,86057,2226,4150,0,0.86057,0.025866576803746377,0,14.44217454000318
4,x,8,x,0.1,normal,0,100000,86057,2226,4150,0,0.86057,0.025866576803746377,0,14.44217454000318
4,x,7,z,0.1,normal,0,100000,91695,56,108,0,0.91695,0.0006107203228092883,0,15.933997659012675
4,x,7,x,0.1,normal,0,100000,91695,56,108,0,0.91695,0.0006107203228092883,0,15.933997659012675
4,x,7,z,0.1,normal,0,100000,91695,56,108,0,0.91695,0.0006107203228092883,0,15.933997659012675
4,x,7,x,0.1,normal,0,100000,91695,56,108,0,0.91695,0.0006107203228092883,0,15.933997659012675
4,x,2,x,1,m1,0,100000,26354,0,0,0,0.26354,0.0,0,5.036918401994626
4,x,2,x,1,m1,0,100000,26354,0,0,0,0.26354,0.0,0,5.036918401994626
4,x,2,x,1,m1,0,100000,26354,0,0,0,0.26354,0.0,0,5.036918401994626
4,x,2,x,1,m1,0,100000,26354,0,0,0,0.26354,0.0,0,5.036918401994626
4,x,3,z,1,m1,0,100000,54862,2,3,0,0.54862,3.6455105537513965e-05,0,4.463913864994538
4,x,3,x,1,m1,0,100000,54862,2,3,0,0.54862,3.6455105537513965e-05,0,4.463913864994538
4,x,3,x,1,m1,0,100000,54862,2,3,0,0.54862,3.6455105537513965e-05,0,4.463913864994538
4,x,3,x,1,m1,0,100000,54862,2,3,0,0.54862,3.6455105537513965e-05,0,4.463913864994538
4,x,10,x,0.1,normal,0,100000,85653,62,120,0,0.85653,0.0007238508867173366,0,14.190954302001046
4,x,10,x,0.1,normal,0,100000,85653,62,120,0,0.85653,0.0007238508867173366,0,14.190954302001046
4,x,10,x,0.1,normal,0,100000,85653,62,120,0,0.85653,0.0007238508867173366,0,14.190954302001046
4,x,10,z,0.1,normal,0,100000,85653,62,120,0,0.85653,0.0007238508867173366,0,14.190954302001046
4,x,12,x,0.1,normal,0,100000,87646,2108,4073,0,0.87646,0.0240512972639938,0,17.458618214004673
4,x,12,z,0.1,normal,0,100000,87646,2108,4073,0,0.87646,0.0240512972639938,0,17.458618214004673
4,x,12,x,0.1,normal,0,100000,87646,2108,4073,0,0.87646,0.0240512972639938,0,17.458618214004673
4,x,12,z,0.1,normal,0,100000,87646,2108,4073,0,0.87646,0.0240512972639938,0,17.458618214004673
4,x,11,z,0.1,normal,0,100000,92953,41,80,0,0.92953,0.0004410831280324823,0,15.893624062999152
4,x,11,x,0.1,normal,0,100000,92953,41,80,0,0.92953,0.0004410831280324823,0,15.893624062999152
4,x,11,x,0.1,normal,0,100000,92953,41,80,0,0.92953,0.0004410831280324823,0,15.893624062999152
4,x,11,z,0.1,normal,0,100000,92953,41,80,0,0.92953,0.0004410831280324823,0,15.893624062999152
4,x,5,z,1,m1,0,100000,67706,50,90,0,0.67706,0.000738486987859277,0,3.9004406460007885
4,x,5,z,1,m1,0,100000,67706,50,90,0,0.67706,0.000738486987859277,0,3.9004406460007885
4,x,5,x,1,m1,0,100000,67706,50,90,0,0.67706,0.000738486987859277,0,3.9004406460007885
4,x,5,x,1,m1,0,100000,67706,50,90,0,0.67706,0.000738486987859277,0,3.9004406460007885
4,x,9,z,1,m1,0,100000,100000,84,152,0,1.0,0.0008399999999999519,0,2.2345203419972677
4,x,9,z,1,m1,0,100000,100000,84,152,0,1.0,0.0008399999999999519,0,2.2345203419972677
4,x,9,z,1,m1,0,100000,100000,84,152,0,1.0,0.0008399999999999519,0,2.2345203419972677
4,x,9,x,1,m1,0,100000,100000,84,152,0,1.0,0.0008399999999999519,0,2.2345203419972677
4,x,14,x,0.1,normal,0,100000,87711,1889,3688,0,0.87711,0.02153663736589484,0,14.535403571993811
4,x,14,x,0.1,normal,0,100000,87711,1889,3688,0,0.87711,0.02153663736589484,0,14.535403571993811
4,x,14,z,0.1,normal,0,100000,87711,1889,3688,0,0.87711,0.02153663736589484,0,14.535403571993811
4,x,14,z,0.1,normal,0,100000,87711,1889,3688,0,0.87711,0.02153663736589484,0,14.535403571993811
4,x,4,x,1,m1,0,100000,37957,324,611,0,0.37957,0.008535974918987277,0,9.717701360001229
4,x,4,z,1,m1,0,100000,37957,324,611,0,0.37957,0.008535974918987277,0,9.717701360001229
4,x,4,x,1,m1,0,100000,37957,324,611,0,0.37957,0.008535974918987277,0,9.717701360001229
4,x,4,x,1,m1,0,100000,37957,324,611,0,0.37957,0.008535974918987277,0,9.717701360001229
4,x,13,z,0.1,normal,0,100000,69663,851,1634,0,0.69663,0.012215953949729408,0,14.720922266002162
4,x,13,z,0.1,normal,0,100000,69663,851,1634,0,0.69663,0.012215953949729408,0,14.720922266002162
4,x,13,x,0.1,normal,0,100000,69663,851,1634,0,0.69663,0.012215953949729408,0,14.720922266002162
4,x,13,z,0.1,normal,0,100000,69663,851,1634,0,0.69663,0.012215953949729408,0,14.720922266002162
4,x,6,x,1,m1,0,100000,35193,481,894,0,0.35193,0.013667490694172169,0,11.287363310999353
4,x,6,x,1,m1,0,100000,35193,481,894,0,0.35193,0.013667490694172169,0,11.287363310999353
4,x,6,z,1,m1,0,100000,35193,481,894,0,0.35193,0.013667490694172169,0,11.287363310999353
4,x,6,x,1,m1,0,100000,35193,481,894,0,0.35193,0.013667490694172169,0,11.287363310999353
4,x,8,x,1,m1,0,100000,31383,8330,15661,0,0.31383,0.26543032852181114,0,10.088814620990888
4,x,8,z,1,m1,0,100000,31383,8330,15661,0,0.31383,0.26543032852181114,0,10.088814620990888
4,x,8,z,1,m1,0,100000,31383,8330,15661,0,0.31383,0.26543032852181114,0,10.088814620990888
4,x,8,x,1,m1,0,100000,31383,8330,15661,0,0.31383,0.26543032852181114,0,10.088814620990888
4,x,15,z,0.1,normal,0,100000,94812,2960,5719,0,0.94812,0.03121967683415605,0,16.266857410999364
4,x,15,x,0.1,normal,0,100000,94812,2960,5719,0,0.94812,0.03121967683415605,0,16.266857410999364
4,x,15,z,0.1,normal,0,100000,94812,2960,5719,0,0.94812,0.03121967683415605,0,16.266857410999364
4,x,15,z,0.1,normal,0,100000,94812,2960,5719,0,0.94812,0.03121967683415605,0,16.266857410999364
4,x,10,x,1,m1,0,100000,32278,710,1280,0,0.32278,0.021996406220955445,0,10.517605492001167
4,x,10,x,1,m1,0,100000,32278,710,1280,0,0.32278,0.021996406220955445,0,10.517605492001167
4,x,10,x,1,m1,0,100000,32278,710,1280,0,0.32278,0.021996406220955445,0,10.517605492001167
4,x,10,z,1,m1,0,100000,32278,710,1280,0,0.32278,0.021996406220955445,0,10.517605492001167
4,x,7,z,1,m1,0,100000,58782,1404,2562,0,0.58782,0.02388486271307544,0,13.65268887700222
4,x,7,x,1,m1,0,100000,58782,1404,2562,0,0.58782,0.02388486271307544,0,13.65268887700222
4,x,7,z,1,m1,0,100000,58782,1404,2562,0,0.58782,0.02388486271307544,0,13.65268887700222
4,x,7,x,1,m1,0,100000,58782,1404,2562,0,0.58782,0.02388486271307544,0,13.65268887700222
4,x,3,z,0.8,m1,0,100000,62173,0,0,0,0.62173,0.0,0,3.691375397000229
4,x,3,x,0.8,m1,0,100000,62173,0,0,0,0.62173,0.0,0,3.691375397000229
4,x,3,x,0.8,m1,0,100000,62173,0,0,0,0.62173,0.0,0,3.691375397000229
4,x,3,x,0.8,m1,0,100000,62173,0,0,0,0.62173,0.0,0,3.691375397000229
4,x,2,x,0.8,m1,0,100000,34206,0,1,0,0.34206,0.0,0,4.4187733180006035
4,x,2,x,0.8,m1,0,100000,34206,0,1,0,0.34206,0.0,0,4.4187733180006035
4,x,2,x,0.8,m1,0,100000,34206,0,1,0,0.34206,0.0,0,4.4187733180006035
4,x,2,x,0.8,m1,0,100000,34206,0,1,0,0.34206,0.0,0,4.4187733180006035
4,x,12,x,1,m1,0,100000,42374,8805,16502,0,0.42374,0.20779251427762302,0,10.636770790006267
4,x,12,z,1,m1,0,100000,42374,8805,16502,0,0.42374,0.20779251427762302,0,10.636770790006267
4,x,12,x,1,m1,0,100000,42374,8805,16502,0,0.42374,0.20779251427762302,0,10.636770790006267
4,x,12,z,1,m1,0,100000,42374,8805,16502,0,0.42374,0.20779251427762302,0,10.636770790006267
4,x,14,x,1,m1,0,100000,32601,6402,11593,0,0.32601,0.19637434434526546,0,10.234812998998677
4,x,14,x,1,m1,0,100000,32601,6402,11593,0,0.32601,0.19637434434526546,0,10.234812998998677
4,x,14,z,1,m1,0,100000,32601,6402,11593,0,0.32601,0.19637434434526546,0,10.234812998998677
4,x,14,z,1,m1,0,100000,32601,6402,11593,0,0.32601,0.19637434434526546,0,10.234812998998677
4,x,11,z,1,m1,0,100000,55270,1676,3029,0,0.5527,0.030323864664374867,0,13.807638993006549
4,x,11,x,1,m1,0,100000,55270,1676,3029,0,0.5527,0.030323864664374867,0,13.807638993006549
4,x,11,x,1,m1,0,100000,55270,1676,3029,0,0.5527,0.030323864664374867,0,13.807638993006549
4,x,11,z,1,m1,0,100000,55270,1676,3029,0,0.5527,0.030323864664374867,0,13.807638993006549
4,x,9,z,0.8,m1,0,100000,100000,33,64,0,1.0,0.0003300000000000525,0,1.9682116610056255
4,x,9,z,0.8,m1,0,100000,100000,33,64,0,1.0,0.0003300000000000525,0,1.9682116610056255
4,x,9,z,0.8,m1,0,100000,100000,33,64,0,1.0,0.0003300000000000525,0,1.9682116610056255
4,x,9,x,0.8,m1,0,100000,100000,33,64,0,1.0,0.0003300000000000525,0,1.9682116610056255
4,x,5,z,0.8,m1,0,100000,72698,33,60,0,0.72698,0.0004539327079149391,0,3.4643388370022876
4,x,5,z,0.8,m1,0,100000,72698,33,60,0,0.72698,0.0004539327079149391,0,3.4643388370022876
4,x,5,x,0.8,m1,0,100000,72698,33,60,0,0.72698,0.0004539327079149391,0,3.4643388370022876
4,x,5,x,0.8,m1,0,100000,72698,33,60,0,0.72698,0.0004539327079149391,0,3.4643388370022876
4,x,13,z,1,m1,0,100000,69220,5176,8189,0,0.6922,0.07477607627853222,0,12.945654791998095
4,x,13,z,1,m1,0,100000,69220,5176,8189,0,0.6922,0.07477607627853222,0,12.945654791998095
4,x,13,x,1,m1,0,100000,69220,5176,8189,0,0.6922,0.07477607627853222,0,12.945654791998095
4,x,13,z,1,m1,0,100000,69220,5176,8189,0,0.6922,0.07477607627853222,0,12.945654791998095
4,x,4,x,0.8,m1,0,100000,46336,256,497,0,0.46336,0.0055248618784530246,0,10.134688278994872
4,x,4,z,0.8,m1,0,100000,46336,256,497,0,0.46336,0.0055248618784530246,0,10.134688278994872
4,x,4,x,0.8,m1,0,100000,46336,256,497,0,0.46336,0.0055248618784530246,0,10.134688278994872
4,x,4,x,0.8,m1,0,100000,46336,256,497,0,0.46336,0.0055248618784530246,0,10.134688278994872
4,x,6,x,0.8,m1,0,100000,43222,424,761,0,0.43222,0.009809819073619885,0,10.89742612700502
4,x,6,x,0.8,m1,0,100000,43222,424,761,0,0.43222,0.009809819073619885,0,10.89742612700502
4,x,6,z,0.8,m1,0,100000,43222,424,761,0,0.43222,0.009809819073619885,0,10.89742612700502
4,x,6,x,0.8,m1,0,100000,43222,424,761,0,0.43222,0.009809819073619885,0,10.89742612700502
4,x,8,x,0.8,m1,0,100000,39482,8815,16592,0,0.39482,0.22326629856643532,0,10.659470375001547
4,x,8,z,0.8,m1,0,100000,39482,8815,16592,0,0.39482,0.22326629856643532,0,10.659470375001547
4,x,8,z,0.8,m1,0,100000,39482,8815,16592,0,0.39482,0.22326629856643532,0,10.659470375001547
4,x,8,x,0.8,m1,0,100000,39482,8815,16592,0,0.39482,0.22326629856643532,0,10.659470375001547
4,x,15,z,1,m1,0,100000,63708,13521,21344,0,0.63708,0.21223394236202675,0,14.776390188999358
4,x,15,x,1,m1,0,100000,63708,13521,21344,0,0.63708,0.21223394236202675,0,14.776390188999358
4,x,15,z,1,m1,0,100000,63708,13521,21344,0,0.63708,0.21223394236202675,0,14.776390188999358
4,x,15,z,1,m1,0,100000,63708,13521,21344,0,0.63708,0.21223394236202675,0,14.776390188999358
4,x,7,z,0.8,m1,0,100000,65559,1106,2016,0,0.65559,0.01687030003508294,0,13.970332319004228
4,x,7,x,0.8,m1,0,100000,65559,1106,2016,0,0.65559,0.01687030003508294,0,13.970332319004228
4,x,7,z,0.8,m1,0,100000,65559,1106,2016,0,0.65559,0.01687030003508294,0,13.970332319004228
4,x,7,x,0.8,m1,0,100000,65559,1106,2016,0,0.65559,0.01687030003508294,0,13.970332319004228
4,x,3,z,0.5,m1,0,100000,74203,1,2,0,0.74203,1.3476544075019525e-05,0,2.650980926991906
4,x,3,x,0.5,m1,0,100000,74203,1,2,0,0.74203,1.3476544075019525e-05,0,2.650980926991906
4,x,3,x,0.5,m1,0,100000,74203,1,2,0,0.74203,1.3476544075019525e-05,0,2.650980926991906
4,x,3,x,0.5,m1,0,100000,74203,1,2,0,0.74203,1.3476544075019525e-05,0,2.650980926991906
4,x,10,x,0.8,m1,0,100000,40041,564,1060,0,0.40041,0.014085562298643883,0,10.741369822004344
4,x,10,x,0.8,m1,0,100000,40041,564,1060,0,0.40041,0.014085562298643883,0,10.741369822004344
4,x,10,x,0.8,m1,0,100000,40041,564,1060,0,0.40041,0.014085562298643883,0,10.741369822004344
4,x,10,z,0.8,m1,0,100000,40041,564,1060,0,0.40041,0.014085562298643883,0,10.741369822004344
4,x,2,x,0.5,m1,0,100000,51317,0,0,0,0.51317,0.0,0,4.810400386006222
4,x,2,x,0.5,m1,0,100000,51317,0,0,0,0.51317,0.0,0,4.810400386006222
4,x,2,x,0.5,m1,0,100000,51317,0,0,0,0.51317,0.0,0,4.810400386006222
4,x,2,x,0.5,m1,0,100000,51317,0,0,0,0.51317,0.0,0,4.810400386006222
4,x,12,x,0.8,m1,0,100000,50236,8704,16408,0,0.50236,0.17326220240465007,0,11.052638541004853
4,x,12,z,0.8,m1,0,100000,50236,8704,16408,0,0.50236,0.17326220240465007,0,11.052638541004853
4,x,12,x,0.8,m1,0,100000,50236,8704,16408,0,0.50236,0.17326220240465007,0,11.052638541004853
4,x,12,z,0.8,m1,0,100000,50236,8704,16408,0,0.50236,0.17326220240465007,0,11.052638541004853
4,x,9,z,0.5,m1,0,100000,100000,10,19,0,1.0,9.999999999998899e-05,0,0.8044028690055711
4,x,9,z,0.5,m1,0,100000,100000,10,19,0,1.0,9.999999999998899e-05,0,0.8044028690055711
4,x,9,z,0.5,m1,0,100000,100000,10,19,0,1.0,9.999999999998899e-05,0,0.8044028690055711
4,x,9,x,0.5,m1,0,100000,100000,10,19,0,1.0,9.999999999998899e-05,0,0.8044028690055711
4,x,14,x,0.8,m1,0,100000,41062,6748,12415,0,0.41062,0.16433685646096152,0,11.530026531007024
4,x,14,x,0.8,m1,0,100000,41062,6748,12415,0,0.41062,0.16433685646096152,0,11.530026531007024
4,x,14,z,0.8,m1,0,100000,41062,6748,12415,0,0.41062,0.16433685646096152,0,11.530026531007024
4,x,14,z,0.8,m1,0,100000,41062,6748,12415,0,0.41062,0.16433685646096152,0,11.530026531007024
4,x,11,z,0.8,m1,0,100000,61722,1227,2256,0,0.61722,0.019879459512005426,0,13.667453836998902
4,x,11,x,0.8,m1,0,100000,61722,1227,2256,0,0.61722,0.019879459512005426,0,13.667453836998902
4,x,11,x,0.8,m1,0,100000,61722,1227,2256,0,0.61722,0.019879459512005426,0,13.667453836998902
4,x,11,z,0.8,m1,0,100000,61722,1227,2256,0,0.61722,0.019879459512005426,0,13.667453836998902
4,x,5,z,0.5,m1,0,100000,82076,2,4,0,0.82076,2.436765924263007e-05,0,2.056264894999913
4,x,5,z,0.5,m1,0,100000,82076,2,4,0,0.82076,2.436765924263007e-05,0,2.056264894999913
4,x,5,x,0.5,m1,0,100000,82076,2,4,0,0.82076,2.436765924263007e-05,0,2.056264894999913
4,x,5,x,0.5,m1,0,100000,82076,2,4,0,0.82076,2.436765924263007e-05,0,2.056264894999913
4,x,13,z,0.8,m1,0,100000,74680,4010,6581,0,0.7468,0.05369576861274772,0,14.093824373994721
4,x,13,z,0.8,m1,0,100000,74680,4010,6581,0,0.7468,0.05369576861274772,0,14.093824373994721
4,x,13,x,0.8,m1,0,100000,74680,4010,6581,0,0.7468,0.05369576861274772,0,14.093824373994721
4,x,13,z,0.8,m1,0,100000,74680,4010,6581,0,0.7468,0.05369576861274772,0,14.093824373994721
4,x,4,x,0.5,m1,0,100000,61685,139,276,0,0.61685,0.002253384129042746,0,9.8462159329938
4,x,4,z,0.5,m1,0,100000,61685,139,276,0,0.61685,0.002253384129042746,0,9.8462159329938
4,x,4,x,0.5,m1,0,100000,61685,139,276,0,0.61685,0.002253384129042746,0,9.8462159329938
4,x,4,x,0.5,m1,0,100000,61685,139,276,0,0.61685,0.002253384129042746,0,9.8462159329938
4,x,6,x,0.5,m1,0,100000,59377,268,504,0,0.59377,0.004513532175758339,0,11.428247735006153
4,x,6,x,0.5,m1,0,100000,59377,268,504,0,0.59377,0.004513532175758339,0,11.428247735006153
4,x,6,z,0.5,m1,0,100000,59377,268,504,0,0.59377,0.004513532175758339,0,11.428247735006153
4,x,6,x,0.5,m1,0,100000,59377,268,504,0,0.59377,0.004513532175758339,0,11.428247735006153
4,x,15,z,0.8,m1,0,100000,69520,12252,20143,0,0.6952,0.17623705408515533,0,14.873198226996465
4,x,15,x,0.8,m1,0,100000,69520,12252,20143,0,0.6952,0.17623705408515533,0,14.873198226996465
4,x,15,z,0.8,m1,0,100000,69520,12252,20143,0,0.6952,0.17623705408515533,0,14.873198226996465
4,x,15,z,0.8,m1,0,100000,69520,12252,20143,0,0.6952,0.17623705408515533,0,14.873198226996465
4,x,8,x,0.5,m1,0,100000,55054,8093,15330,0,0.55054,0.14700112616703598,0,12.809223197997198
4,x,8,z,0.5,m1,0,100000,55054,8093,15330,0,0.55054,0.14700112616703598,0,12.809223197997198
4,x,8,z,0.5,m1,0,100000,55054,8093,15330,0,0.55054,0.14700112616703598,0,12.809223197997198
4,x,8,x,0.5,m1,0,100000,55054,8093,15330,0,0.55054,0.14700112616703598,0,12.809223197997198
4,x,7,z,0.5,m1,0,100000,76255,562,1054,0,0.76255,0.007370008524031246,0,12.666052492000745
4,x,7,x,0.5,m1,0,100000,76255,562,1054,0,0.76255,0.007370008524031246,0,12.666052492000745
4,x,7,z,0.5,m1,0,100000,76255,562,1054,0,0.76255,0.007370008524031246,0,12.666052492000745
4,x,7,x,0.5,m1,0,100000,76255,562,1054,0,0.76255,0.007370008524031246,0,12.666052492000745
4,x,2,x,0.3,m1,0,100000,66904,0,0,0,0.66904,0.0,0,2.0735786339937476
4,x,2,x,0.3,m1,0,100000,66904,0,0,0,0.66904,0.0,0,2.0735786339937476
4,x,2,x,0.3,m1,0,100000,66904,0,0,0,0.66904,0.0,0,2.0735786339937476
4,x,2,x,0.3,m1,0,100000,66904,0,0,0,0.66904,0.0,0,2.0735786339937476
4,x,3,z,0.3,m1,0,100000,83645,0,1,0,0.83645,0.0,0,1.8010948010050924
4,x,3,x,0.3,m1,0,100000,83645,0,1,0,0.83645,0.0,0,1.8010948010050924
4,x,3,x,0.3,m1,0,100000,83645,0,1,0,0.83645,0.0,0,1.8010948010050924
4,x,3,x,0.3,m1,0,100000,83645,0,1,0,0.83645,0.0,0,1.8010948010050924
4,x,12,x,0.5,m1,0,100000,64738,7364,14037,0,0.64738,0.11375081096110473,0,11.98088929100777
4,x,12,z,0.5,m1,0,100000,64738,7364,14037,0,0.64738,0.11375081096110473,0,11.98088929100777
4,x,12,x,0.5,m1,0,100000,64738,7364,14037,0,0.64738,0.11375081096110473,0,11.98088929100777
4,x,12,z,0.5,m1,0,100000,64738,7364,14037,0,0.64738,0.11375081096110473,0,11.98088929100777
4,x,10,x,0.5,m1,0,100000,55762,349,650,0,0.55762,0.006258742512822324,0,13.287866604994633
4,x,10,x,0.5,m1,0,100000,55762,349,650,0,0.55762,0.006258742512822324,0,13.287866604994633
4,x,10,x,0.5,m1,0,100000,55762,349,650,0,0.55762,0.006258742512822324,0,13.287866604994633
4,x,10,z,0.5,m1,0,100000,55762,349,650,0,0.55762,0.006258742512822324,0,13.287866604994633
4,x,9,z,0.3,m1,0,100000,100000,1,2,0,1.0,9.99999999995449e-06,0,0.5299259349994827
4,x,9,z,0.3,m1,0,100000,100000,1,2,0,1.0,9.99999999995449e-06,0,0.5299259349994827
4,x,9,z,0.3,m1,0,100000,100000,1,2,0,1.0,9.99999999995449e-06,0,0.5299259349994827
4,x,9,x,0.3,m1,0,100000,100000,1,2,0,1.0,9.99999999995449e-06,0,0.5299259349994827
4,x,11,z,0.5,m1,0,100000,73751,692,1294,0,0.73751,0.009382923621374606,0,15.163551314995857
4,x,11,x,0.5,m1,0,100000,73751,692,1294,0,0.73751,0.009382923621374606,0,15.163551314995857
4,x,11,x,0.5,m1,0,100000,73751,692,1294,0,0.73751,0.009382923621374606,0,15.163551314995857
4,x,11,z,0.5,m1,0,100000,73751,692,1294,0,0.73751,0.009382923621374606,0,15.163551314995857
4,x,5,z,0.3,m1,0,100000,88629,0,1,0,0.88629,0.0,0,1.3744831619987963
4,x,5,z,0.3,m1,0,100000,88629,0,1,0,0.88629,0.0,0,1.3744831619987963
4,x,5,x,0.3,m1,0,100000,88629,0,1,0,0.88629,0.0,0,1.3744831619987963
4,x,5,x,0.3,m1,0,100000,88629,0,1,0,0.88629,0.0,0,1.3744831619987963
4,x,13,z,0.5,m1,0,100000,83185,2001,3576,0,0.83185,0.02405481757528405,0,13.041449024007306
4,x,13,z,0.5,m1,0,100000,83185,2001,3576,0,0.83185,0.02405481757528405,0,13.041449024007306
4,x,13,x,0.5,m1,0,100000,83185,2001,3576,0,0.83185,0.02405481757528405,0,13.041449024007306
4,x,13,z,0.5,m1,0,100000,83185,2001,3576,0,0.83185,0.02405481757528405,0,13.041449024007306
4,x,14,x,0.5,m1,0,100000,57670,6221,11648,0,0.5767,0.10787237731923005,0,14.552767180997762
4,x,14,x,0.5,m1,0,100000,57670,6221,11648,0,0.5767,0.10787237731923005,0,14.552767180997762
4,x,14,z,0.5,m1,0,100000,57670,6221,11648,0,0.5767,0.10787237731923005,0,14.552767180997762
4,x,14,z,0.5,m1,0,100000,57670,6221,11648,0,0.5767,0.10787237731923005,0,14.552767180997762
4,x,4,x,0.3,m1,0,100000,74923,47,92,0,0.74923,0.000627310705657802,0,9.460784476003028
4,x,4,z,0.3,m1,0,100000,74923,47,92,0,0.74923,0.000627310705657802,0,9.460784476003028
4,x,4,x,0.3,m1,0,100000,74923,47,92,0,0.74923,0.000627310705657802,0,9.460784476003028
4,x,4,x,0.3,m1,0,100000,74923,47,92,0,0.74923,0.000627310705657802,0,9.460784476003028
4,x,6,x,0.3,m1,0,100000,72749,134,257,0,0.72749,0.0018419497175219401,0,13.471178580002743
4,x,6,x,0.3,m1,0,100000,72749,134,257,0,0.72749,0.0018419497175219401,0,13.471178580002743
4,x,6,z,0.3,m1,0,100000,72749,134,257,0,0.72749,0.0018419497175219401,0,13.471178580002743
4,x,6,x,0.3,m1,0,100000,72749,134,257,0,0.72749,0.0018419497175219401,0,13.471178580002743
4,x,7,z,0.3,m1,0,100000,84933,280,545,0,0.84933,0.0032967162351500434,0,12.249212209004327
4,x,7,x,0.3,m1,0,100000,84933,280,545,0,0.84933,0.0032967162351500434,0,12.249212209004327
4,x,7,z,0.3,m1,0,100000,84933,280,545,0,0.84933,0.0032967162351500434,0,12.249212209004327
4,x,7,x,0.3,m1,0,100000,84933,280,545,0,0.84933,0.0032967162351500434,0,12.249212209004327
4,x,8,x,0.3,m1,0,100000,69782,6382,12169,0,0.69782,0.0914562494626121,0,13.430641316008405
4,x,8,z,0.3,m1,0,100000,69782,6382,12169,0,0.69782,0.0914562494626121,0,13.430641316008405
4,x,8,z,0.3,m1,0,100000,69782,6382,12169,0,0.69782,0.0914562494626121,0,13.430641316008405
4,x,8,x,0.3,m1,0,100000,69782,6382,12169,0,0.69782,0.0914562494626121,0,13.430641316008405
4,x,2,x,0.1,m1,0,100000,87346,0,0,0,0.87346,0.0,0,0.9745780509983888
4,x,2,x,0.1,m1,0,100000,87346,0,0,0,0.87346,0.0,0,0.9745780509983888
4,x,2,x,0.1,m1,0,100000,87346,0,0,0,0.87346,0.0,0,0.9745780509983888
4,x,2,x,0.1,m1,0,100000,87346,0,0,0,0.87346,0.0,0,0.9745780509983888
4,x,10,x,0.3,m1,0,100000,70260,184,349,0,0.7026,0.002618844292627376,0,12.297665731006418
4,x,10,x,0.3,m1,0,100000,70260,184,349,0,0.7026,0.002618844292627376,0,12.297665731006418
4,x,10,x,0.3,m1,0,100000,70260,184,349,0,0.7026,0.002618844292627376,0,12.297665731006418
4,x,10,z,0.3,m1,0,100000,70260,184,349,0,0.7026,0.002618844292627376,0,12.297665731006418
4,x,3,z,0.1,m1,0,100000,94163,0,0,0,0.94163,0.0,0,0.9241127660061466
4,x,3,x,0.1,m1,0,100000,94163,0,0,0,0.94163,0.0,0,0.9241127660061466
4,x,3,x,0.1,m1,0,100000,94163,0,0,0,0.94163,0.0,0,0.9241127660061466
4,x,3,x,0.1,m1,0,100000,94163,0,0,0,0.94163,0.0,0,0.9241127660061466
4,x,12,x,0.3,m1,0,100000,77109,5460,10446,0,0.77109,0.07080885499747114,0,12.851770042005228
4,x,12,z,0.3,m1,0,100000,77109,5460,10446,0,0.77109,0.07080885499747114,0,12.851770042005228
4,x,12,x,0.3,m1,0,100000,77109,5460,10446,0,0.77109,0.07080885499747114,0,12.851770042005228
4,x,12,z,0.3,m1,0,100000,77109,5460,10446,0,0.77109,0.07080885499747114,0,12.851770042005228
4,x,15,z,0.5,m1,0,100000,79647,9398,16613,0,0.79647,0.11799565583135585,0,19.316557664991706
4,x,15,x,0.5,m1,0,100000,79647,9398,16613,0,0.79647,0.11799565583135585,0,19.316557664991706
4,x,15,z,0.5,m1,0,100000,79647,9398,16613,0,0.79647,0.11799565583135585,0,19.316557664991706
4,x,15,z,0.5,m1,0,100000,79647,9398,16613,0,0.79647,0.11799565583135585,0,19.316557664991706
4,x,11,z,0.3,m1,0,100000,83415,314,604,0,0.83415,0.0037643109752442117,0,14.279584285002784
4,x,11,x,0.3,m1,0,100000,83415,314,604,0,0.83415,0.0037643109752442117,0,14.279584285002784
4,x,11,x,0.3,m1,0,100000,83415,314,604,0,0.83415,0.0037643109752442117,0,14.279584285002784
4,x,11,z,0.3,m1,0,100000,83415,314,604,0,0.83415,0.0037643109752442117,0,14.279584285002784
4,x,13,z,0.3,m1,0,100000,89557,846,1579,0,0.89557,0.009446497761202322,0,11.888852996999049
4,x,13,z,0.3,m1,0,100000,89557,846,1579,0,0.89557,0.009446497761202322,0,11.888852996999049
4,x,13,x,0.3,m1,0,100000,89557,846,1579,0,0.89557,0.009446497761202322,0,11.888852996999049
4,x,13,z,0.3,m1,0,100000,89557,846,1579,0,0.89557,0.009446497761202322,0,11.888852996999049
4,x,9,z,0.1,m1,0,100000,100000,0,0,0,1.0,0.0,0,0.3584196640003938
4,x,9,z,0.1,m1,0,100000,100000,0,0,0,1.0,0.0,0,0.3584196640003938
4,x,9,z,0.1,m1,0,100000,100000,0,0,0,1.0,0.0,0,0.3584196640003938
4,x,9,x,0.1,m1,0,100000,100000,0,0,0,1.0,0.0,0,0.3584196640003938
4,x,14,x,0.3,m1,0,100000,71880,4866,9237,0,0.7188,0.0676961602671119,0,12.540310907003004
4,x,14,x,0.3,m1,0,100000,71880,4866,9237,0,0.7188,0.0676961602671119,0,12.540310907003004
4,x,14,z,0.3,m1,0,100000,71880,4866,9237,0,0.7188,0.0676961602671119,0,12.540310907003004
4,x,14,z,0.3,m1,0,100000,71880,4866,9237,0,0.7188,0.0676961602671119,0,12.540310907003004
4,x,5,z,0.1,m1,0,100000,95950,0,0,0,0.9595,0.0,0,0.7344059360038955
4,x,5,z,0.1,m1,0,100000,95950,0,0,0,0.9595,0.0,0,0.7344059360038955
4,x,5,x,0.1,m1,0,100000,95950,0,0,0,0.9595,0.0,0,0.7344059360038955
4,x,5,x,0.1,m1,0,100000,95950,0,0,0,0.9595,0.0,0,0.7344059360038955
4,x,4,x,0.1,m1,0,100000,90762,8,16,0,0.90762,8.814261475065255e-05,0,9.359022411998012
4,x,4,z,0.1,m1,0,100000,90762,8,16,0,0.90762,8.814261475065255e-05,0,9.359022411998012
4,x,4,x,0.1,m1,0,100000,90762,8,16,0,0.90762,8.814261475065255e-05,0,9.359022411998012
4,x,4,x,0.1,m1,0,100000,90762,8,16,0,0.90762,8.814261475065255e-05,0,9.359022411998012
4,x,7,z,0.1,m1,0,100000,94791,66,123,0,0.94791,0.0006962686330981294,0,8.866509924002457
4,x,7,x,0.1,m1,0,100000,94791,66,123,0,0.94791,0.0006962686330981294,0,8.866509924002457
4,x,7,z,0.1,m1,0,100000,94791,66,123,0,0.94791,0.0006962686330981294,0,8.866509924002457
4,x,7,x,0.1,m1,0,100000,94791,66,123,0,0.94791,0.0006962686330981294,0,8.866509924002457
4,x,6,x,0.1,m1,0,100000,89957,36,69,0,0.89957,0.0004001912024633736,0,13.185208733004401
4,x,6,x,0.1,m1,0,100000,89957,36,69,0,0.89957,0.0004001912024633736,0,13.185208733004401
4,x,6,z,0.1,m1,0,100000,89957,36,69,0,0.89957,0.0004001912024633736,0,13.185208733004401
4,x,6,x,0.1,m1,0,100000,89957,36,69,0,0.89957,0.0004001912024633736,0,13.185208733004401
4,x,15,z,0.3,m1,0,100000,87348,6477,12036,0,0.87348,0.07415166918532767,0,15.10047141899122
4,x,15,x,0.3,m1,0,100000,87348,6477,12036,0,0.87348,0.07415166918532767,0,15.10047141899122
4,x,15,z,0.3,m1,0,100000,87348,6477,12036,0,0.87348,0.07415166918532767,0,15.10047141899122
4,x,15,z,0.3,m1,0,100000,87348,6477,12036,0,0.87348,0.07415166918532767,0,15.10047141899122
4,x,8,x,0.1,m1,0,100000,88446,2812,5380,0,0.88446,0.031793410668656596,0,14.017357819990139
4,x,8,z,0.1,m1,0,100000,88446,2812,5380,0,0.88446,0.031793410668656596,0,14.017357819990139
4,x,8,z,0.1,m1,0,100000,88446,2812,5380,0,0.88446,0.031793410668656596,0,14.017357819990139
4,x,8,x,0.1,m1,0,100000,88446,2812,5380,0,0.88446,0.031793410668656596,0,14.017357819990139
4,x,13,z,0.1,m1,0,100000,96326,96,189,0,0.96326,0.0009966156593235187,0,10.362430474997382
4,x,13,z,0.1,m1,0,100000,96326,96,189,0,0.96326,0.0009966156593235187,0,10.362430474997382
4,x,13,x,0.1,m1,0,100000,96326,96,189,0,0.96326,0.0009966156593235187,0,10.362430474997382
4,x,13,z,0.1,m1,0,100000,96326,96,189,0,0.96326,0.0009966156593235187,0,10.362430474997382
4,x,10,x,0.1,m1,0,100000,88545,42,84,0,0.88545,0.00047433508385563705,0,13.83911567699397
4,x,10,x,0.1,m1,0,100000,88545,42,84,0,0.88545,0.00047433508385563705,0,13.83911567699397
4,x,10,x,0.1,m1,0,100000,88545,42,84,0,0.88545,0.00047433508385563705,0,13.83911567699397
4,x,10,z,0.1,m1,0,100000,88545,42,84,0,0.88545,0.00047433508385563705,0,13.83911567699397
4,x,12,x,0.1,m1,0,100000,91664,2320,4506,0,0.91664,0.02530982719497299,0,14.108727965998696
4,x,12,z,0.1,m1,0,100000,91664,2320,4506,0,0.91664,0.02530982719497299,0,14.108727965998696
4,x,12,x,0.1,m1,0,100000,91664,2320,4506,0,0.91664,0.02530982719497299,0,14.108727965998696
4,x,12,z,0.1,m1,0,100000,91664,2320,4506,0,0.91664,0.02530982719497299,0,14.108727965998696
4,x,11,z,0.1,m1,0,100000,94053,66,128,0,0.94053,0.0007017320021689422,0,15.0981198100053
4,x,11,x,0.1,m1,0,100000,94053,66,128,0,0.94053,0.0007017320021689422,0,15.0981198100053
4,x,11,x,0.1,m1,0,100000,94053,66,128,0,0.94053,0.0007017320021689422,0,15.0981198100053
4,x,11,z,0.1,m1,0,100000,94053,66,128,0,0.94053,0.0007017320021689422,0,15.0981198100053
4,x,14,x,0.1,m1,0,100000,89674,2138,4155,0,0.89674,0.02384191627450538,0,17.901661126001272
4,x,14,x,0.1,m1,0,100000,89674,2138,4155,0,0.89674,0.02384191627450538,0,17.901661126001272
4,x,14,z,0.1,m1,0,100000,89674,2138,4155,0,0.89674,0.02384191627450538,0,17.901661126001272
4,x,14,z,0.1,m1,0,100000,89674,2138,4155,0,0.89674,0.02384191627450538,0,17.901661126001272
4,z,2,z,1,normal,0,100000,45921,9614,14933,0,0.45921,0.2093595522745585,0,13.617356650996953
4,z,2,x,1,normal,0,100000,45921,9614,14933,0,0.45921,0.2093595522745585,0,13.617356650996953
4,z,2,x,1,normal,0,100000,45921,9614,14933,0,0.45921,0.2093595522745585,0,13.617356650996953
4,z,2,x,1,normal,0,100000,45921,9614,14933,0,0.45921,0.2093595522745585,0,13.617356650996953
4,z,3,x,1,normal,0,100000,32329,7042,12242,0,0.32329,0.21782300720715142,0,11.27350653099711
4,z,3,z,1,normal,0,100000,32329,7042,12242,0,0.32329,0.21782300720715142,0,11.27350653099711
4,z,3,x,1,normal,0,100000,32329,7042,12242,0,0.32329,0.21782300720715142,0,11.27350653099711
4,z,3,x,1,normal,0,100000,32329,7042,12242,0,0.32329,0.21782300720715142,0,11.27350653099711
4,z,5,x,1,normal,0,100000,23858,5319,9654,0,0.23858,0.22294408584122727,0,10.26706823198765
4,z,5,x,1,normal,0,100000,23858,5319,9654,0,0.23858,0.22294408584122727,0,10.26706823198765
4,z,5,z,1,normal,0,100000,23858,5319,9654,0,0.23858,0.22294408584122727,0,10.26706823198765
4,z,5,x,1,normal,0,100000,23858,5319,9654,0,0.23858,0.22294408584122727,0,10.26706823198765
4,z,7,x,1,normal,0,100000,27209,930,1635,0,0.27209,0.034179866955786675,0,9.843518720008433
4,z,7,z,1,normal,0,100000,27209,930,1635,0,0.27209,0.034179866955786675,0,9.843518720008433
4,z,7,z,1,normal,0,100000,27209,930,1635,0,0.27209,0.034179866955786675,0,9.843518720008433
4,z,7,x,1,normal,0,100000,27209,930,1635,0,0.27209,0.034179866955786675,0,9.843518720008433
4,z,4,z,1,normal,0,100000,16160,2878,4649,0,0.1616,0.17809405940594059,0,13.230525600010878
4,z,4,z,1,normal,0,100000,16160,2878,4649,0,0.1616,0.17809405940594059,0,13.230525600010878
4,z,4,x,1,normal,0,100000,16160,2878,4649,0,0.1616,0.17809405940594059,0,13.230525600010878
4,z,4,x,1,normal,0,100000,16160,2878,4649,0,0.1616,0.17809405940594059,0,13.230525600010878
4,x,15,z,0.1,m1,0,100000,95549,2480,4809,0,0.95549,0.025955269024270256,0,15.943219855995267
4,x,15,x,0.1,m1,0,100000,95549,2480,4809,0,0.95549,0.025955269024270256,0,15.943219855995267
4,x,15,z,0.1,m1,0,100000,95549,2480,4809,0,0.95549,0.025955269024270256,0,15.943219855995267
4,x,15,z,0.1,m1,0,100000,95549,2480,4809,0,0.95549,0.025955269024270256,0,15.943219855995267
4,z,9,x,1,normal,0,100000,23130,4724,8825,0,0.2313,0.20423692174664942,0,10.66884782598936
4,z,9,x,1,normal,0,100000,23130,4724,8825,0,0.2313,0.20423692174664942,0,10.66884782598936
4,z,9,x,1,normal,0,100000,23130,4724,8825,0,0.2313,0.20423692174664942,0,10.66884782598936
4,z,9,z,1,normal,0,100000,23130,4724,8825,0,0.2313,0.20423692174664942,0,10.66884782598936
4,z,6,z,1,normal,0,100000,44422,1555,2742,0,0.44422,0.03500517761469546,0,15.030757022992475
4,z,6,x,1,normal,0,100000,44422,1555,2742,0,0.44422,0.03500517761469546,0,15.030757022992475
4,z,6,z,1,normal,0,100000,44422,1555,2742,0,0.44422,0.03500517761469546,0,15.030757022992475
4,z,6,x,1,normal,0,100000,44422,1555,2742,0,0.44422,0.03500517761469546,0,15.030757022992475
4,z,8,z,1,normal,0,100000,100000,608,1007,0,1.0,0.006079999999999974,0,15.435497503000079
4,z,8,z,1,normal,0,100000,100000,608,1007,0,1.0,0.006079999999999974,0,15.435497503000079
4,z,8,z,1,normal,0,100000,100000,608,1007,0,1.0,0.006079999999999974,0,15.435497503000079
4,z,8,x,1,normal,0,100000,100000,608,1007,0,1.0,0.006079999999999974,0,15.435497503000079
4,z,11,x,1,normal,0,100000,28773,502,919,0,0.28773,0.017446912035588902,0,10.552462024992565
4,z,11,z,1,normal,0,100000,28773,502,919,0,0.28773,0.017446912035588902,0,10.552462024992565
4,z,11,x,1,normal,0,100000,28773,502,919,0,0.28773,0.017446912035588902,0,10.552462024992565
4,z,11,z,1,normal,0,100000,28773,502,919,0,0.28773,0.017446912035588902,0,10.552462024992565
4,z,13,x,1,normal,0,100000,27297,162,308,0,0.27297,0.005934718100890191,0,11.033187163004186
4,z,13,x,1,normal,0,100000,27297,162,308,0,0.27297,0.005934718100890191,0,11.033187163004186
4,z,13,z,1,normal,0,100000,27297,162,308,0,0.27297,0.005934718100890191,0,11.033187163004186
4,z,13,z,1,normal,0,100000,27297,162,308,0,0.27297,0.005934718100890191,0,11.033187163004186
4,z,15,x,1,normal,0,100000,39023,2,4,0,0.39023,5.125182584631016e-05,0,9.741236843008664
4,z,15,z,1,normal,0,100000,39023,2,4,0,0.39023,5.125182584631016e-05,0,9.741236843008664
4,z,15,z,1,normal,0,100000,39023,2,4,0,0.39023,5.125182584631016e-05,0,9.741236843008664
4,z,15,z,1,normal,0,100000,39023,2,4,0,0.39023,5.125182584631016e-05,0,9.741236843008664
4,z,12,z,1,normal,0,100000,32672,410,682,0,0.32672,0.012548971596474057,0,12.97616885601019
4,z,12,z,1,normal,0,100000,32672,410,682,0,0.32672,0.012548971596474057,0,12.97616885601019
4,z,12,x,1,normal,0,100000,32672,410,682,0,0.32672,0.012548971596474057,0,12.97616885601019
4,z,12,z,1,normal,0,100000,32672,410,682,0,0.32672,0.012548971596474057,0,12.97616885601019
4,z,10,z,1,normal,0,100000,48483,1088,1921,0,0.48483,0.0224408555576181,0,15.813880126996082
4,z,10,x,1,normal,0,100000,48483,1088,1921,0,0.48483,0.0224408555576181,0,15.813880126996082
4,z,10,x,1,normal,0,100000,48483,1088,1921,0,0.48483,0.0224408555576181,0,15.813880126996082
4,z,10,z,1,normal,0,100000,48483,1088,1921,0,0.48483,0.0224408555576181,0,15.813880126996082
4,z,3,x,0.8,normal,0,100000,40563,7381,13034,0,0.40563,0.18196385868895304,0,10.812327489999007
4,z,3,z,0.8,normal,0,100000,40563,7381,13034,0,0.40563,0.18196385868895304,0,10.812327489999007
4,z,3,x,0.8,normal,0,100000,40563,7381,13034,0,0.40563,0.18196385868895304,0,10.812327489999007
4,z,3,x,0.8,normal,0,100000,40563,7381,13034,0,0.40563,0.18196385868895304,0,10.812327489999007
4,z,14,z,1,normal,0,100000,63843,6,12,0,0.63843,9.39805460269394e-05,0,12.300674656013143
4,z,14,x,1,normal,0,100000,63843,6,12,0,0.63843,9.39805460269394e-05,0,12.300674656013143
4,z,14,z,1,normal,0,100000,63843,6,12,0,0.63843,9.39805460269394e-05,0,12.300674656013143
4,z,14,z,1,normal,0,100000,63843,6,12,0,0.63843,9.39805460269394e-05,0,12.300674656013143
4,z,5,x,0.8,normal,0,100000,31769,5772,10535,0,0.31769,0.18168654978123333,0,9.836204924999038
4,z,5,x,0.8,normal,0,100000,31769,5772,10535,0,0.31769,0.18168654978123333,0,9.836204924999038
4,z,5,z,0.8,normal,0,100000,31769,5772,10535,0,0.31769,0.18168654978123333,0,9.836204924999038
4,z,5,x,0.8,normal,0,100000,31769,5772,10535,0,0.31769,0.18168654978123333,0,9.836204924999038
4,z,2,z,0.8,normal,0,100000,53580,9250,15247,0,0.5358,0.17263904441955957,0,14.565712886003894
4,z,2,x,0.8,normal,0,100000,53580,9250,15247,0,0.5358,0.17263904441955957,0,14.565712886003894
4,z,2,x,0.8,normal,0,100000,53580,9250,15247,0,0.5358,0.17263904441955957,0,14.565712886003894
4,z,2,x,0.8,normal,0,100000,53580,9250,15247,0,0.5358,0.17263904441955957,0,14.565712886003894
4,z,4,z,0.8,normal,0,100000,17702,2901,4826,0,0.17702,0.16387978759462207,0,14.164440350010409
4,z,4,z,0.8,normal,0,100000,17702,2901,4826,0,0.17702,0.16387978759462207,0,14.164440350010409
4,z,4,x,0.8,normal,0,100000,17702,2901,4826,0,0.17702,0.16387978759462207,0,14.164440350010409
4,z,4,x,0.8,normal,0,100000,17702,2901,4826,0,0.17702,0.16387978759462207,0,14.164440350010409
4,z,7,x,0.8,normal,0,100000,33979,835,1484,0,0.33979,0.024574001589216854,0,10.803243629998178
4,z,7,z,0.8,normal,0,100000,33979,835,1484,0,0.33979,0.024574001589216854,0,10.803243629998178
4,z,7,z,0.8,normal,0,100000,33979,835,1484,0,0.33979,0.024574001589216854,0,10.803243629998178
4,z,7,x,0.8,normal,0,100000,33979,835,1484,0,0.33979,0.024574001589216854,0,10.803243629998178
4,z,6,z,0.8,normal,0,100000,51809,1278,2213,0,0.51809,0.02466752880773615,0,15.528054926006007
4,z,6,x,0.8,normal,0,100000,51809,1278,2213,0,0.51809,0.02466752880773615,0,15.528054926006007
4,z,6,z,0.8,normal,0,100000,51809,1278,2213,0,0.51809,0.02466752880773615,0,15.528054926006007
4,z,6,x,0.8,normal,0,100000,51809,1278,2213,0,0.51809,0.02466752880773615,0,15.528054926006007
4,z,9,x,0.8,normal,0,100000,30510,5110,9574,0,0.3051,0.16748607014093742,0,11.640683168996475
4,z,9,x,0.8,normal,0,100000,30510,5110,9574,0,0.3051,0.16748607014093742,0,11.640683168996475
4,z,9,x,0.8,normal,0,100000,30510,5110,9574,0,0.3051,0.16748607014093742,0,11.640683168996475
4,z,9,z,0.8,normal,0,100000,30510,5110,9574,0,0.3051,0.16748607014093742,0,11.640683168996475
4,z,11,x,0.8,normal,0,100000,36431,420,773,0,0.36431,0.011528643188493337,0,10.728804765996756
4,z,11,z,0.8,normal,0,100000,36431,420,773,0,0.36431,0.011528643188493337,0,10.728804765996756
4,z,11,x,0.8,normal,0,100000,36431,420,773,0,0.36431,0.011528643188493337,0,10.728804765996756
4,z,11,z,0.8,normal,0,100000,36431,420,773,0,0.36431,0.011528643188493337,0,10.728804765996756
4,z,13,x,0.8,normal,0,100000,35167,152,297,0,0.35167,0.004322233912474771,0,10.815709005008102
4,z,13,x,0.8,normal,0,100000,35167,152,297,0,0.35167,0.004322233912474771,0,10.815709005008102
4,z,13,z,0.8,normal,0,100000,35167,152,297,0,0.35167,0.004322233912474771,0,10.815709005008102
4,z,13,z,0.8,normal,0,100000,35167,152,297,0,0.35167,0.004322233912474771,0,10.815709005008102
4,z,10,z,0.8,normal,0,100000,55455,855,1520,0,0.55455,0.015417906410603144,0,13.370135561999632
4,z,10,x,0.8,normal,0,100000,55455,855,1520,0,0.55455,0.015417906410603144,0,13.370135561999632
4,z,10,x,0.8,normal,0,100000,55455,855,1520,0,0.55455,0.015417906410603144,0,13.370135561999632
4,z,10,z,0.8,normal,0,100000,55455,855,1520,0,0.55455,0.015417906410603144,0,13.370135561999632
4,z,8,z,0.8,normal,0,100000,100000,298,519,0,1.0,0.0029799999999999827,0,16.772397545006243
4,z,8,z,0.8,normal,0,100000,100000,298,519,0,1.0,0.0029799999999999827,0,16.772397545006243
4,z,8,z,0.8,normal,0,100000,100000,298,519,0,1.0,0.0029799999999999827,0,16.772397545006243
4,z,8,x,0.8,normal,0,100000,100000,298,519,0,1.0,0.0029799999999999827,0,16.772397545006243
4,z,12,z,0.8,normal,0,100000,35453,246,417,0,0.35453,0.006938763997405006,0,13.74130985600641
4,z,12,z,0.8,normal,0,100000,35453,246,417,0,0.35453,0.006938763997405006,0,13.74130985600641
4,z,12,x,0.8,normal,0,100000,35453,246,417,0,0.35453,0.006938763997405006,0,13.74130985600641
4,z,12,z,0.8,normal,0,100000,35453,246,417,0,0.35453,0.006938763997405006,0,13.74130985600641
4,z,15,x,0.8,normal,0,100000,47184,3,6,0,0.47184,6.358087487279285e-05,0,10.189502110006288
4,z,15,z,0.8,normal,0,100000,47184,3,6,0,0.47184,6.358087487279285e-05,0,10.189502110006288
4,z,15,z,0.8,normal,0,100000,47184,3,6,0,0.47184,6.358087487279285e-05,0,10.189502110006288
4,z,15,z,0.8,normal,0,100000,47184,3,6,0,0.47184,6.358087487279285e-05,0,10.189502110006288
4,z,14,z,0.8,normal,0,100000,69826,4,7,0,0.69826,5.728525191184275e-05,0,13.356843397996272
4,z,14,x,0.8,normal,0,100000,69826,4,7,0,0.69826,5.728525191184275e-05,0,13.356843397996272
4,z,14,z,0.8,normal,0,100000,69826,4,7,0,0.69826,5.728525191184275e-05,0,13.356843397996272
4,z,14,z,0.8,normal,0,100000,69826,4,7,0,0.69826,5.728525191184275e-05,0,13.356843397996272
4,z,5,x,0.5,normal,0,100000,48447,5776,10816,0,0.48447,0.11922306850785391,0,11.177377073006937
4,z,5,x,0.5,normal,0,100000,48447,5776,10816,0,0.48447,0.11922306850785391,0,11.177377073006937
4,z,5,z,0.5,normal,0,100000,48447,5776,10816,0,0.48447,0.11922306850785391,0,11.177377073006937
4,z,5,x,0.5,normal,0,100000,48447,5776,10816,0,0.48447,0.11922306850785391,0,11.177377073006937
4,z,3,x,0.5,normal,0,100000,56899,6905,12522,0,0.56899,0.12135538410165381,0,14.065510386993992
4,z,3,z,0.5,normal,0,100000,56899,6905,12522,0,0.56899,0.12135538410165381,0,14.065510386993992
4,z,3,x,0.5,normal,0,100000,56899,6905,12522,0,0.56899,0.12135538410165381,0,14.065510386993992
4,z,3,x,0.5,normal,0,100000,56899,6905,12522,0,0.56899,0.12135538410165381,0,14.065510386993992
4,z,2,z,0.5,normal,0,100000,67964,7688,13485,0,0.67964,0.11311870990524397,0,17.67924475199834
4,z,2,x,0.5,normal,0,100000,67964,7688,13485,0,0.67964,0.11311870990524397,0,17.67924475199834
4,z,2,x,0.5,normal,0,100000,67964,7688,13485,0,0.67964,0.11311870990524397,0,17.67924475199834
4,z,2,x,0.5,normal,0,100000,67964,7688,13485,0,0.67964,0.11311870990524397,0,17.67924475199834
4,z,9,x,0.5,normal,0,100000,46978,4918,9283,0,0.46978,0.10468730043850316,0,10.62323813799594
4,z,9,x,0.5,normal,0,100000,46978,4918,9283,0,0.46978,0.10468730043850316,0,10.62323813799594
4,z,9,x,0.5,normal,0,100000,46978,4918,9283,0,0.46978,0.10468730043850316,0,10.62323813799594
4,z,9,z,0.5,normal,0,100000,46978,4918,9283,0,0.46978,0.10468730043850316,0,10.62323813799594
4,z,4,z,0.5,normal,0,100000,23326,2573,4652,0,0.23326,0.11030609620166343,0,15.746532007004134
4,z,4,z,0.5,normal,0,100000,23326,2573,4652,0,0.23326,0.11030609620166343,0,15.746532007004134
4,z,4,x,0.5,normal,0,100000,23326,2573,4652,0,0.23326,0.11030609620166343,0,15.746532007004134
4,z,4,x,0.5,normal,0,100000,23326,2573,4652,0,0.23326,0.11030609620166343,0,15.746532007004134
4,z,6,z,0.5,normal,0,100000,65537,730,1331,0,0.65537,0.011138746051848614,0,15.01964298999519
4,z,6,x,0.5,normal,0,100000,65537,730,1331,0,0.65537,0.011138746051848614,0,15.01964298999519
4,z,6,z,0.5,normal,0,100000,65537,730,1331,0,0.65537,0.011138746051848614,0,15.01964298999519
4,z,6,x,0.5,normal,0,100000,65537,730,1331,0,0.65537,0.011138746051848614,0,15.01964298999519
4,z,7,x,0.5,normal,0,100000,49630,506,924,0,0.4963,0.010195446302639577,0,13.057578261999879
4,z,7,z,0.5,normal,0,100000,49630,506,924,0,0.4963,0.010195446302639577,0,13.057578261999879
4,z,7,z,0.5,normal,0,100000,49630,506,924,0,0.4963,0.010195446302639577,0,13.057578261999879
4,z,7,x,0.5,normal,0,100000,49630,506,924,0,0.4963,0.010195446302639577,0,13.057578261999879
4,z,8,z,0.5,normal,0,100000,100000,50,99,0,1.0,0.0004999999999999449,0,13.82287975800864
4,z,8,z,0.5,normal,0,100000,100000,50,99,0,1.0,0.0004999999999999449,0,13.82287975800864
4,z,8,z,0.5,normal,0,100000,100000,50,99,0,1.0,0.0004999999999999449,0,13.82287975800864
4,z,8,x,0.5,normal,0,100000,100000,50,99,0,1.0,0.0004999999999999449,0,13.82287975800864
4,z,11,x,0.5,normal,0,100000,52805,266,502,0,0.52805,0.005037401761196825,0,12.886779485008446
4,z,11,z,0.5,normal,0,100000,52805,266,502,0,0.52805,0.005037401761196825,0,12.886779485008446
4,z,11,x,0.5,normal,0,100000,52805,266,502,0,0.52805,0.005037401761196825,0,12.886779485008446
4,z,11,z,0.5,normal,0,100000,52805,266,502,0,0.52805,0.005037401761196825,0,12.886779485008446
4,z,13,x,0.5,normal,0,100000,51852,73,146,0,0.51852,0.0014078531204196887,0,11.894043311011046
4,z,13,x,0.5,normal,0,100000,51852,73,146,0,0.51852,0.0014078531204196887,0,11.894043311011046
4,z,13,z,0.5,normal,0,100000,51852,73,146,0,0.51852,0.0014078531204196887,0,11.894043311011046
4,z,13,z,0.5,normal,0,100000,51852,73,146,0,0.51852,0.0014078531204196887,0,11.894043311011046
4,z,10,z,0.5,normal,0,100000,69005,454,847,0,0.69005,0.006579233388884886,0,16.71627456799615
4,z,10,x,0.5,normal,0,100000,69005,454,847,0,0.69005,0.006579233388884886,0,16.71627456799615
4,z,10,x,0.5,normal,0,100000,69005,454,847,0,0.69005,0.006579233388884886,0,16.71627456799615
4,z,10,z,0.5,normal,0,100000,69005,454,847,0,0.69005,0.006579233388884886,0,16.71627456799615
4,z,12,z,0.5,normal,0,100000,39621,74,133,0,0.39621,0.0018676964236137295,0,12.805591133001144
4,z,12,z,0.5,normal,0,100000,39621,74,133,0,0.39621,0.0018676964236137295,0,12.805591133001144
4,z,12,x,0.5,normal,0,100000,39621,74,133,0,0.39621,0.0018676964236137295,0,12.805591133001144
4,z,12,z,0.5,normal,0,100000,39621,74,133,0,0.39621,0.0018676964236137295,0,12.805591133001144
4,z,14,z,0.5,normal,0,100000,79800,1,2,0,0.798,1.2531328320797286e-05,0,11.156952214005287
4,z,14,x,0.5,normal,0,100000,79800,1,2,0,0.798,1.2531328320797286e-05,0,11.156952214005287
4,z,14,z,0.5,normal,0,100000,79800,1,2,0,0.798,1.2531328320797286e-05,0,11.156952214005287
4,z,14,z,0.5,normal,0,100000,79800,1,2,0,0.798,1.2531328320797286e-05,0,11.156952214005287
4,z,15,x,0.5,normal,0,100000,62660,0,1,0,0.6266,0.0,0,11.836602228999254
4,z,15,z,0.5,normal,0,100000,62660,0,1,0,0.6266,0.0,0,11.836602228999254
4,z,15,z,0.5,normal,0,100000,62660,0,1,0,0.6266,0.0,0,11.836602228999254
4,z,15,z,0.5,normal,0,100000,62660,0,1,0,0.6266,0.0,0,11.836602228999254
4,z,5,x,0.3,normal,0,100000,64640,4839,9186,0,0.6464,0.07486076732673264,0,12.210468691991991
4,z,5,x,0.3,normal,0,100000,64640,4839,9186,0,0.6464,0.07486076732673264,0,12.210468691991991
4,z,5,z,0.3,normal,0,100000,64640,4839,9186,0,0.6464,0.07486076732673264,0,12.210468691991991
4,z,5,x,0.3,normal,0,100000,64640,4839,9186,0,0.6464,0.07486076732673264,0,12.210468691991991
4,z,3,x,0.3,normal,0,100000,71290,5430,10100,0,0.7129,0.07616776546500215,0,13.221700598995085
4,z,3,z,0.3,normal,0,100000,71290,5430,10100,0,0.7129,0.07616776546500215,0,13.221700598995085
4,z,3,x,0.3,normal,0,100000,71290,5430,10100,0,0.7129,0.07616776546500215,0,13.221700598995085
4,z,3,x,0.3,normal,0,100000,71290,5430,10100,0,0.7129,0.07616776546500215,0,13.221700598995085
4,z,2,z,0.3,normal,0,100000,79290,5625,10314,0,0.7929,0.07094211123723038,0,14.751586166996276
4,z,2,x,0.3,normal,0,100000,79290,5625,10314,0,0.7929,0.07094211123723038,0,14.751586166996276
4,z,2,x,0.3,normal,0,100000,79290,5625,10314,0,0.7929,0.07094211123723038,0,14.751586166996276
4,z,2,x,0.3,normal,0,100000,79290,5625,10314,0,0.7929,0.07094211123723038,0,14.751586166996276
4,z,4,z,0.3,normal,0,100000,30587,1783,3302,0,0.30587,0.058292738745218564,0,15.544639606014243
4,z,4,z,0.3,normal,0,100000,30587,1783,3302,0,0.30587,0.058292738745218564,0,15.544639606014243
4,z,4,x,0.3,normal,0,100000,30587,1783,3302,0,0.30587,0.058292738745218564,0,15.544639606014243
4,z,4,x,0.3,normal,0,100000,30587,1783,3302,0,0.30587,0.058292738745218564,0,15.544639606014243
4,z,8,z,0.3,normal,0,100000,100000,5,10,0,1.0,4.999999999999449e-05,0,11.062429380996036
4,z,8,z,0.3,normal,0,100000,100000,5,10,0,1.0,4.999999999999449e-05,0,11.062429380996036
4,z,8,z,0.3,normal,0,100000,100000,5,10,0,1.0,4.999999999999449e-05,0,11.062429380996036
4,z,8,x,0.3,normal,0,100000,100000,5,10,0,1.0,4.999999999999449e-05,0,11.062429380996036
4,z,6,z,0.3,normal,0,100000,77314,361,684,0,0.77314,0.004669270765967348,0,15.930581919004908
4,z,6,x,0.3,normal,0,100000,77314,361,684,0,0.77314,0.004669270765967348,0,15.930581919004908
4,z,6,z,0.3,normal,0,100000,77314,361,684,0,0.77314,0.004669270765967348,0,15.930581919004908
4,z,6,x,0.3,normal,0,100000,77314,361,684,0,0.77314,0.004669270765967348,0,15.930581919004908
4,z,9,x,0.3,normal,0,100000,63366,3988,7587,0,0.63366,0.06293595934728402,0,11.834084556991002
4,z,9,x,0.3,normal,0,100000,63366,3988,7587,0,0.63366,0.06293595934728402,0,11.834084556991002
4,z,9,x,0.3,normal,0,100000,63366,3988,7587,0,0.63366,0.06293595934728402,0,11.834084556991002
4,z,9,z,0.3,normal,0,100000,63366,3988,7587,0,0.63366,0.06293595934728402,0,11.834084556991002
4,z,11,x,0.3,normal,0,100000,67678,132,257,0,0.67678,0.0019504122462247198,0,12.170620231991052
4,z,11,z,0.3,normal,0,100000,67678,132,257,0,0.67678,0.0019504122462247198,0,12.170620231991052
4,z,11,x,0.3,normal,0,100000,67678,132,257,0,0.67678,0.0019504122462247198,0,12.170620231991052
4,z,11,z,0.3,normal,0,100000,67678,132,257,0,0.67678,0.0019504122462247198,0,12.170620231991052
4,z,7,x,0.3,normal,0,100000,64687,298,561,0,0.64687,0.004606798893131536,0,17.337620364996837
4,z,7,z,0.3,normal,0,100000,64687,298,561,0,0.64687,0.004606798893131536,0,17.337620364996837
4,z,7,z,0.3,normal,0,100000,64687,298,561,0,0.64687,0.004606798893131536,0,17.337620364996837
4,z,7,x,0.3,normal,0,100000,64687,298,561,0,0.64687,0.004606798893131536,0,17.337620364996837
4,z,13,x,0.3,normal,0,100000,67490,43,84,0,0.6749,0.0006371314268780459,0,12.326794098000391
4,z,13,x,0.3,normal,0,100000,67490,43,84,0,0.6749,0.0006371314268780459,0,12.326794098000391
4,z,13,z,0.3,normal,0,100000,67490,43,84,0,0.6749,0.0006371314268780459,0,12.326794098000391
4,z,13,z,0.3,normal,0,100000,67490,43,84,0,0.6749,0.0006371314268780459,0,12.326794098000391
4,z,12,z,0.3,normal,0,100000,46214,18,31,0,0.46214,0.0003894923616220014,0,12.627428628999041
4,z,12,z,0.3,normal,0,100000,46214,18,31,0,0.46214,0.0003894923616220014,0,12.627428628999041
4,z,12,x,0.3,normal,0,100000,46214,18,31,0,0.46214,0.0003894923616220014,0,12.627428628999041
4,z,12,z,0.3,normal,0,100000,46214,18,31,0,0.46214,0.0003894923616220014,0,12.627428628999041
4,z,14,z,0.3,normal,0,100000,87392,0,0,0,0.87392,0.0,0,10.222002490991144
4,z,14,x,0.3,normal,0,100000,87392,0,0,0,0.87392,0.0,0,10.222002490991144
4,z,14,z,0.3,normal,0,100000,87392,0,0,0,0.87392,0.0,0,10.222002490991144
4,z,14,z,0.3,normal,0,100000,87392,0,0,0,0.87392,0.0,0,10.222002490991144
4,z,15,x,0.3,normal,0,100000,75597,0,0,0,0.75597,0.0,0,9.42343077599071
4,z,15,z,0.3,normal,0,100000,75597,0,0,0,0.75597,0.0,0,9.42343077599071
4,z,15,z,0.3,normal,0,100000,75597,0,0,0,0.75597,0.0,0,9.42343077599071
4,z,15,z,0.3,normal,0,100000,75597,0,0,0,0.75597,0.0,0,9.42343077599071
4,z,10,z,0.3,normal,0,100000,79881,262,495,0,0.79881,0.003279878819744342,0,15.615453402002458
4,z,10,x,0.3,normal,0,100000,79881,262,495,0,0.79881,0.003279878819744342,0,15.615453402002458
4,z,10,x,0.3,normal,0,100000,79881,262,495,0,0.79881,0.003279878819744342,0,15.615453402002458
4,z,10,z,0.3,normal,0,100000,79881,262,495,0,0.79881,0.003279878819744342,0,15.615453402002458
4,z,2,z,0.1,normal,0,100000,92593,2318,4491,0,0.92593,0.025034289849124702,0,16.022380292997696
4,z,2,x,0.1,normal,0,100000,92593,2318,4491,0,0.92593,0.025034289849124702,0,16.022380292997696
4,z,2,x,0.1,normal,0,100000,92593,2318,4491,0,0.92593,0.025034289849124702,0,16.022380292997696
4,z,2,x,0.1,normal,0,100000,92593,2318,4491,0,0.92593,0.025034289849124702,0,16.022380292997696
4,z,3,x,0.1,normal,0,100000,89261,2378,4481,0,0.89261,0.02664097422166456,0,17.174518227999215
4,z,3,z,0.1,normal,0,100000,89261,2378,4481,0,0.89261,0.02664097422166456,0,17.174518227999215
4,z,3,x,0.1,normal,0,100000,89261,2378,4481,0,0.89261,0.02664097422166456,0,17.174518227999215
4,z,3,x,0.1,normal,0,100000,89261,2378,4481,0,0.89261,0.02664097422166456,0,17.174518227999215
4,z,8,z,0.1,normal,0,100000,100000,0,0,0,1.0,0.0,0,9.060426604002714
4,z,8,z,0.1,normal,0,100000,100000,0,0,0,1.0,0.0,0,9.060426604002714
4,z,8,z,0.1,normal,0,100000,100000,0,0,0,1.0,0.0,0,9.060426604002714
4,z,8,x,0.1,normal,0,100000,100000,0,0,0,1.0,0.0,0,9.060426604002714
4,z,5,x,0.1,normal,0,100000,86430,2204,4217,0,0.8643,0.025500404951984246,0,13.328579099004855
4,z,5,x,0.1,normal,0,100000,86430,2204,4217,0,0.8643,0.025500404951984246,0,13.328579099004855
4,z,5,z,0.1,normal,0,100000,86430,2204,4217,0,0.8643,0.025500404951984246,0,13.328579099004855
4,z,5,x,0.1,normal,0,100000,86430,2204,4217,0,0.8643,0.025500404951984246,0,13.328579099004855
4,z,7,x,0.1,normal,0,100000,86146,79,154,0,0.86146,0.0009170478025677387,0,13.25515245301358
4,z,7,z,0.1,normal,0,100000,86146,79,154,0,0.86146,0.0009170478025677387,0,13.25515245301358
4,z,7,z,0.1,normal,0,100000,86146,79,154,0,0.86146,0.0009170478025677387,0,13.25515245301358
4,z,7,x,0.1,normal,0,100000,86146,79,154,0,0.86146,0.0009170478025677387,0,13.25515245301358
4,z,9,x,0.1,normal,0,100000,85678,1856,3549,0,0.85678,0.021662503793272503,0,13.223377219997928
4,z,9,x,0.1,normal,0,100000,85678,1856,3549,0,0.85678,0.021662503793272503,0,13.223377219997928
4,z,9,x,0.1,normal,0,100000,85678,1856,3549,0,0.85678,0.021662503793272503,0,13.223377219997928
4,z,9,z,0.1,normal,0,100000,85678,1856,3549,0,0.85678,0.021662503793272503,0,13.223377219997928
4,z,4,z,0.1,normal,0,100000,49698,382,743,0,0.49698,0.007686426013119196,0,19.002316427009646
4,z,4,z,0.1,normal,0,100000,49698,382,743,0,0.49698,0.007686426013119196,0,19.002316427009646
4,z,4,x,0.1,normal,0,100000,49698,382,743,0,0.49698,0.007686426013119196,0,19.002316427009646
4,z,4,x,0.1,normal,0,100000,49698,382,743,0,0.49698,0.007686426013119196,0,19.002316427009646
4,z,6,z,0.1,normal,0,100000,91593,78,150,0,0.91593,0.000851593462382505,0,17.761972965003224
4,z,6,x,0.1,normal,0,100000,91593,78,150,0,0.91593,0.000851593462382505,0,17.761972965003224
4,z,6,z,0.1,normal,0,100000,91593,78,150,0,0.91593,0.000851593462382505,0,17.761972965003224
4,z,6,x,0.1,normal,0,100000,91593,78,150,0,0.91593,0.000851593462382505,0,17.761972965003224
4,z,11,x,0.1,normal,0,100000,87859,38,75,0,0.87859,0.00043251118269049815,0,14.38494920899393
4,z,11,z,0.1,normal,0,100000,87859,38,75,0,0.87859,0.00043251118269049815,0,14.38494920899393
4,z,11,x,0.1,normal,0,100000,87859,38,75,0,0.87859,0.00043251118269049815,0,14.38494920899393
4,z,11,z,0.1,normal,0,100000,87859,38,75,0,0.87859,0.00043251118269049815,0,14.38494920899393
4,z,10,z,0.1,normal,0,100000,92637,72,134,0,0.92637,0.0007772272418148374,0,15.887483739003073
4,z,10,x,0.1,normal,0,100000,92637,72,134,0,0.92637,0.0007772272418148374,0,15.887483739003073
4,z,10,x,0.1,normal,0,100000,92637,72,134,0,0.92637,0.0007772272418148374,0,15.887483739003073
4,z,10,z,0.1,normal,0,100000,92637,72,134,0,0.92637,0.0007772272418148374,0,15.887483739003073
4,z,15,x,0.1,normal,0,100000,91098,0,0,0,0.91098,0.0,0,8.179159282008186
4,z,15,z,0.1,normal,0,100000,91098,0,0,0,0.91098,0.0,0,8.179159282008186
4,z,15,z,0.1,normal,0,100000,91098,0,0,0,0.91098,0.0,0,8.179159282008186
4,z,15,z,0.1,normal,0,100000,91098,0,0,0,0.91098,0.0,0,8.179159282008186
4,z,8,z,1,m1,0,100000,100000,84,141,0,1.0,0.0008399999999999519,0,1.2540432870009681
4,z,8,z,1,m1,0,100000,100000,84,141,0,1.0,0.0008399999999999519,0,1.2540432870009681
4,z,8,z,1,m1,0,100000,100000,84,141,0,1.0,0.0008399999999999519,0,1.2540432870009681
4,z,8,x,1,m1,0,100000,100000,84,141,0,1.0,0.0008399999999999519,0,1.2540432870009681
4,z,12,z,0.1,normal,0,100000,69853,1,2,0,0.69853,1.4315777418283382e-05,0,10.861977280001156
4,z,12,z,0.1,normal,0,100000,69853,1,2,0,0.69853,1.4315777418283382e-05,0,10.861977280001156
4,z,12,x,0.1,normal,0,100000,69853,1,2,0,0.69853,1.4315777418283382e-05,0,10.861977280001156
4,z,12,z,0.1,normal,0,100000,69853,1,2,0,0.69853,1.4315777418283382e-05,0,10.861977280001156
4,z,14,z,0.1,normal,0,100000,95492,0,0,0,0.95492,0.0,0,8.721630041007302
4,z,14,x,0.1,normal,0,100000,95492,0,0,0,0.95492,0.0,0,8.721630041007302
4,z,14,z,0.1,normal,0,100000,95492,0,0,0,0.95492,0.0,0,8.721630041007302
4,z,14,z,0.1,normal,0,100000,95492,0,0,0,0.95492,0.0,0,8.721630041007302
4,z,3,x,1,m1,0,100000,37962,7083,12916,0,0.37962,0.18658131816026557,0,10.513609689995064
4,z,3,z,1,m1,0,100000,37962,7083,12916,0,0.37962,0.18658131816026557,0,10.513609689995064
4,z,3,x,1,m1,0,100000,37962,7083,12916,0,0.37962,0.18658131816026557,0,10.513609689995064
4,z,3,x,1,m1,0,100000,37962,7083,12916,0,0.37962,0.18658131816026557,0,10.513609689995064
4,z,2,z,1,m1,0,100000,54907,10494,16821,0,0.54907,0.19112317190886408,0,13.969817919001798
4,z,2,x,1,m1,0,100000,54907,10494,16821,0,0.54907,0.19112317190886408,0,13.969817919001798
4,z,2,x,1,m1,0,100000,54907,10494,16821,0,0.54907,0.19112317190886408,0,13.969817919001798
4,z,2,x,1,m1,0,100000,54907,10494,16821,0,0.54907,0.19112317190886408,0,13.969817919001798
4,z,13,x,0.1,normal,0,100000,87797,7,14,0,0.87797,7.972937571898431e-05,0,16.43189951599925
4,z,13,x,0.1,normal,0,100000,87797,7,14,0,0.87797,7.972937571898431e-05,0,16.43189951599925
4,z,13,z,0.1,normal,0,100000,87797,7,14,0,0.87797,7.972937571898431e-05,0,16.43189951599925
4,z,13,z,0.1,normal,0,100000,87797,7,14,0,0.87797,7.972937571898431e-05,0,16.43189951599925
4,z,5,x,1,m1,0,100000,35109,6576,12317,0,0.35109,0.18730240109373664,0,12.10476266000478
4,z,5,x,1,m1,0,100000,35109,6576,12317,0,0.35109,0.18730240109373664,0,12.10476266000478
4,z,5,z,1,m1,0,100000,35109,6576,12317,0,0.35109,0.18730240109373664,0,12.10476266000478
4,z,5,x,1,m1,0,100000,35109,6576,12317,0,0.35109,0.18730240109373664,0,12.10476266000478
4,z,6,z,1,m1,0,100000,59259,1514,2725,0,0.59259,0.02554886177627025,0,13.505616117996396
4,z,6,x,1,m1,0,100000,59259,1514,2725,0,0.59259,0.02554886177627025,0,13.505616117996396
4,z,6,z,1,m1,0,100000,59259,1514,2725,0,0.59259,0.02554886177627025,0,13.505616117996396
4,z,6,x,1,m1,0,100000,59259,1514,2725,0,0.59259,0.02554886177627025,0,13.505616117996396
4,z,7,x,1,m1,0,100000,31293,1308,2283,0,0.31293,0.0417984852842489,0,10.73129219499242
4,z,7,z,1,m1,0,100000,31293,1308,2283,0,0.31293,0.0417984852842489,0,10.73129219499242
4,z,7,z,1,m1,0,100000,31293,1308,2283,0,0.31293,0.0417984852842489,0,10.73129219499242
4,z,7,x,1,m1,0,100000,31293,1308,2283,0,0.31293,0.0417984852842489,0,10.73129219499242
4,z,4,z,1,m1,0,100000,72935,5134,8190,0,0.72935,0.07039144443682732,0,12.831012231006753
4,z,4,z,1,m1,0,100000,72935,5134,8190,0,0.72935,0.07039144443682732,0,12.831012231006753
4,z,4,x,1,m1,0,100000,72935,5134,8190,0,0.72935,0.07039144443682732,0,12.831012231006753
4,z,4,x,1,m1,0,100000,72935,5134,8190,0,0.72935,0.07039144443682732,0,12.831012231006753
4,z,12,z,1,m1,0,100000,69382,83,154,0,0.69382,0.0011962756911014782,0,4.267442163996748
4,z,12,z,1,m1,0,100000,69382,83,154,0,0.69382,0.0011962756911014782,0,4.267442163996748
4,z,12,x,1,m1,0,100000,69382,83,154,0,0.69382,0.0011962756911014782,0,4.267442163996748
4,z,12,z,1,m1,0,100000,69382,83,154,0,0.69382,0.0011962756911014782,0,4.267442163996748
4,z,11,x,1,m1,0,100000,42523,850,1581,0,0.42523,0.019989182324859467,0,10.445220850000624
4,z,11,z,1,m1,0,100000,42523,850,1581,0,0.42523,0.019989182324859467,0,10.445220850000624
4,z,11,x,1,m1,0,100000,42523,850,1581,0,0.42523,0.019989182324859467,0,10.445220850000624
4,z,11,z,1,m1,0,100000,42523,850,1581,0,0.42523,0.019989182324859467,0,10.445220850000624
4,z,9,x,1,m1,0,100000,32285,6614,12358,0,0.32285,0.204862939445563,0,10.066915082992637
4,z,9,x,1,m1,0,100000,32285,6614,12358,0,0.32285,0.204862939445563,0,10.066915082992637
4,z,9,x,1,m1,0,100000,32285,6614,12358,0,0.32285,0.204862939445563,0,10.066915082992637
4,z,9,z,1,m1,0,100000,32285,6614,12358,0,0.32285,0.204862939445563,0,10.066915082992637
4,z,15,x,1,m1,0,100000,38049,2,4,0,0.38049,5.2563799311400317e-05,0,5.693097338997177
4,z,15,z,1,m1,0,100000,38049,2,4,0,0.38049,5.2563799311400317e-05,0,5.693097338997177
4,z,15,z,1,m1,0,100000,38049,2,4,0,0.38049,5.2563799311400317e-05,0,5.693097338997177
4,z,15,z,1,m1,0,100000,38049,2,4,0,0.38049,5.2563799311400317e-05,0,5.693097338997177
4,z,8,z,0.8,m1,0,100000,100000,34,66,0,1.0,0.00034000000000000696,0,1.0138705800054595
4,z,8,z,0.8,m1,0,100000,100000,34,66,0,1.0,0.00034000000000000696,0,1.0138705800054595
4,z,8,z,0.8,m1,0,100000,100000,34,66,0,1.0,0.00034000000000000696,0,1.0138705800054595
4,z,8,x,0.8,m1,0,100000,100000,34,66,0,1.0,0.00034000000000000696,0,1.0138705800054595
4,z,14,z,1,m1,0,100000,63613,6,11,0,0.63613,9.432034332601535e-05,0,4.306090711004799
4,z,14,x,1,m1,0,100000,63613,6,11,0,0.63613,9.432034332601535e-05,0,4.306090711004799
4,z,14,z,1,m1,0,100000,63613,6,11,0,0.63613,9.432034332601535e-05,0,4.306090711004799
4,z,14,z,1,m1,0,100000,63613,6,11,0,0.63613,9.432034332601535e-05,0,4.306090711004799
4,z,13,x,1,m1,0,100000,32384,359,674,0,0.32384,0.011085721343873534,0,11.455917303988826
4,z,13,x,1,m1,0,100000,32384,359,674,0,0.32384,0.011085721343873534,0,11.455917303988826
4,z,13,z,1,m1,0,100000,32384,359,674,0,0.32384,0.011085721343873534,0,11.455917303988826
4,z,13,z,1,m1,0,100000,32384,359,674,0,0.32384,0.011085721343873534,0,11.455917303988826
4,z,10,z,1,m1,0,100000,58331,1880,3295,0,0.58331,0.032229860622996376,0,15.765205717994832
4,z,10,x,1,m1,0,100000,58331,1880,3295,0,0.58331,0.032229860622996376,0,15.765205717994832
4,z,10,x,1,m1,0,100000,58331,1880,3295,0,0.58331,0.032229860622996376,0,15.765205717994832
4,z,10,z,1,m1,0,100000,58331,1880,3295,0,0.58331,0.032229860622996376,0,15.765205717994832
4,z,3,x,0.8,m1,0,100000,46280,7222,13348,0,0.4628,0.15605012964563525,0,10.936711100002867
4,z,3,z,0.8,m1,0,100000,46280,7222,13348,0,0.4628,0.15605012964563525,0,10.936711100002867
4,z,3,x,0.8,m1,0,100000,46280,7222,13348,0,0.4628,0.15605012964563525,0,10.936711100002867
4,z,3,x,0.8,m1,0,100000,46280,7222,13348,0,0.4628,0.15605012964563525,0,10.936711100002867
4,z,5,x,0.8,m1,0,100000,43209,6730,12707,0,0.43209,0.15575458816450272,0,11.850267739006085
4,z,5,x,0.8,m1,0,100000,43209,6730,12707,0,0.43209,0.15575458816450272,0,11.850267739006085
4,z,5,z,0.8,m1,0,100000,43209,6730,12707,0,0.43209,0.15575458816450272,0,11.850267739006085
4,z,5,x,0.8,m1,0,100000,43209,6730,12707,0,0.43209,0.15575458816450272,0,11.850267739006085
4,z,2,z,0.8,m1,0,100000,62090,9972,16674,0,0.6209,0.1606055725559672,0,14.060751336000976
4,z,2,x,0.8,m1,0,100000,62090,9972,16674,0,0.6209,0.1606055725559672,0,14.060751336000976
4,z,2,x,0.8,m1,0,100000,62090,9972,16674,0,0.6209,0.1606055725559672,0,14.060751336000976
4,z,2,x,0.8,m1,0,100000,62090,9972,16674,0,0.6209,0.1606055725559672,0,14.060751336000976
4,z,12,z,0.8,m1,0,100000,74593,46,88,0,0.74593,0.0006166798493155712,0,3.479271003001486
4,z,12,z,0.8,m1,0,100000,74593,46,88,0,0.74593,0.0006166798493155712,0,3.479271003001486
4,z,12,x,0.8,m1,0,100000,74593,46,88,0,0.74593,0.0006166798493155712,0,3.479271003001486
4,z,12,z,0.8,m1,0,100000,74593,46,88,0,0.74593,0.0006166798493155712,0,3.479271003001486
4,z,7,x,0.8,m1,0,100000,39079,1058,1903,0,0.39079,0.027073364210957296,0,11.746894740004791
4,z,7,z,0.8,m1,0,100000,39079,1058,1903,0,0.39079,0.027073364210957296,0,11.746894740004791
4,z,7,z,0.8,m1,0,100000,39079,1058,1903,0,0.39079,0.027073364210957296,0,11.746894740004791
4,z,7,x,0.8,m1,0,100000,39079,1058,1903,0,0.39079,0.027073364210957296,0,11.746894740004791
4,z,6,z,0.8,m1,0,100000,65402,1087,1986,0,0.65402,0.01662028684138095,0,13.733149785010028
4,z,6,x,0.8,m1,0,100000,65402,1087,1986,0,0.65402,0.01662028684138095,0,13.733149785010028
4,z,6,z,0.8,m1,0,100000,65402,1087,1986,0,0.65402,0.01662028684138095,0,13.733149785010028
4,z,6,x,0.8,m1,0,100000,65402,1087,1986,0,0.65402,0.01662028684138095,0,13.733149785010028
4,z,9,x,0.8,m1,0,100000,39914,6728,12448,0,0.39914,0.16856240917973642,0,10.534634966999874
4,z,9,x,0.8,m1,0,100000,39914,6728,12448,0,0.39914,0.16856240917973642,0,10.534634966999874
4,z,9,x,0.8,m1,0,100000,39914,6728,12448,0,0.39914,0.16856240917973642,0,10.534634966999874
4,z,9,z,0.8,m1,0,100000,39914,6728,12448,0,0.39914,0.16856240917973642,0,10.534634966999874
4,z,4,z,0.8,m1,0,100000,77658,3853,6368,0,0.77658,0.049614978495454376,0,15.306515629999922
4,z,4,z,0.8,m1,0,100000,77658,3853,6368,0,0.77658,0.049614978495454376,0,15.306515629999922
4,z,4,x,0.8,m1,0,100000,77658,3853,6368,0,0.77658,0.049614978495454376,0,15.306515629999922
4,z,4,x,0.8,m1,0,100000,77658,3853,6368,0,0.77658,0.049614978495454376,0,15.306515629999922
4,z,15,x,0.8,m1,0,100000,46223,0,1,0,0.46223,0.0,0,3.941035511001246
4,z,15,z,0.8,m1,0,100000,46223,0,1,0,0.46223,0.0,0,3.941035511001246
4,z,15,z,0.8,m1,0,100000,46223,0,1,0,0.46223,0.0,0,3.941035511001246
4,z,15,z,0.8,m1,0,100000,46223,0,1,0,0.46223,0.0,0,3.941035511001246
4,z,10,z,0.8,m1,0,100000,64849,1392,2493,0,0.64849,0.02146525004240618,0,11.78560653301247
4,z,10,x,0.8,m1,0,100000,64849,1392,2493,0,0.64849,0.02146525004240618,0,11.78560653301247
4,z,10,x,0.8,m1,0,100000,64849,1392,2493,0,0.64849,0.02146525004240618,0,11.78560653301247
4,z,10,z,0.8,m1,0,100000,64849,1392,2493,0,0.64849,0.02146525004240618,0,11.78560653301247
4,z,8,z,0.5,m1,0,100000,100000,4,9,0,1.0,4.0000000000040004e-05,0,1.0056095400068443
4,z,8,z,0.5,m1,0,100000,100000,4,9,0,1.0,4.0000000000040004e-05,0,1.0056095400068443
4,z,8,z,0.5,m1,0,100000,100000,4,9,0,1.0,4.0000000000040004e-05,0,1.0056095400068443
4,z,8,x,0.5,m1,0,100000,100000,4,9,0,1.0,4.0000000000040004e-05,0,1.0056095400068443
4,z,11,x,0.8,m1,0,100000,50210,680,1267,0,0.5021,0.013543118900617435,0,14.602952726010699
4,z,11,z,0.8,m1,0,100000,50210,680,1267,0,0.5021,0.013543118900617435,0,14.602952726010699
4,z,11,x,0.8,m1,0,100000,50210,680,1267,0,0.5021,0.013543118900617435,0,14.602952726010699
4,z,11,z,0.8,m1,0,100000,50210,680,1267,0,0.5021,0.013543118900617435,0,14.602952726010699
4,z,14,z,0.8,m1,0,100000,69484,4,7,0,0.69484,5.756720971739071e-05,0,3.336475636009709
4,z,14,x,0.8,m1,0,100000,69484,4,7,0,0.69484,5.756720971739071e-05,0,3.336475636009709
4,z,14,z,0.8,m1,0,100000,69484,4,7,0,0.69484,5.756720971739071e-05,0,3.336475636009709
4,z,14,z,0.8,m1,0,100000,69484,4,7,0,0.69484,5.756720971739071e-05,0,3.336475636009709
4,z,13,x,0.8,m1,0,100000,41049,280,534,0,0.41049,0.006821116226948254,0,11.494065829989268
4,z,13,x,0.8,m1,0,100000,41049,280,534,0,0.41049,0.006821116226948254,0,11.494065829989268
4,z,13,z,0.8,m1,0,100000,41049,280,534,0,0.41049,0.006821116226948254,0,11.494065829989268
4,z,13,z,0.8,m1,0,100000,41049,280,534,0,0.41049,0.006821116226948254,0,11.494065829989268
4,z,3,x,0.5,m1,0,100000,61852,6316,11857,0,0.61852,0.10211472547371148,0,14.103545748992474
4,z,3,z,0.5,m1,0,100000,61852,6316,11857,0,0.61852,0.10211472547371148,0,14.103545748992474
4,z,3,x,0.5,m1,0,100000,61852,6316,11857,0,0.61852,0.10211472547371148,0,14.103545748992474
4,z,3,x,0.5,m1,0,100000,61852,6316,11857,0,0.61852,0.10211472547371148,0,14.103545748992474
4,z,2,z,0.5,m1,0,100000,74213,7869,13940,0,0.74213,0.10603263579157296,0,14.344885002996307
4,z,2,x,0.5,m1,0,100000,74213,7869,13940,0,0.74213,0.10603263579157296,0,14.344885002996307
4,z,2,x,0.5,m1,0,100000,74213,7869,13940,0,0.74213,0.10603263579157296,0,14.344885002996307
4,z,2,x,0.5,m1,0,100000,74213,7869,13940,0,0.74213,0.10603263579157296,0,14.344885002996307
4,z,12,z,0.5,m1,0,100000,83305,6,12,0,0.83305,7.202448832599462e-05,0,2.8945185690099606
4,z,12,z,0.5,m1,0,100000,83305,6,12,0,0.83305,7.202448832599462e-05,0,2.8945185690099606
4,z,12,x,0.5,m1,0,100000,83305,6,12,0,0.83305,7.202448832599462e-05,0,2.8945185690099606
4,z,12,z,0.5,m1,0,100000,83305,6,12,0,0.83305,7.202448832599462e-05,0,2.8945185690099606
4,z,5,x,0.5,m1,0,100000,59126,5851,11148,0,0.59126,0.09895815715590439,0,12.946327906989609
4,z,5,x,0.5,m1,0,100000,59126,5851,11148,0,0.59126,0.09895815715590439,0,12.946327906989609
4,z,5,z,0.5,m1,0,100000,59126,5851,11148,0,0.59126,0.09895815715590439,0,12.946327906989609
4,z,5,x,0.5,m1,0,100000,59126,5851,11148,0,0.59126,0.09895815715590439,0,12.946327906989609
4,z,7,x,0.5,m1,0,100000,55150,626,1145,0,0.5515,0.01135086128739804,0,11.683599683005014
4,z,7,z,0.5,m1,0,100000,55150,626,1145,0,0.5515,0.01135086128739804,0,11.683599683005014
4,z,7,z,0.5,m1,0,100000,55150,626,1145,0,0.5515,0.01135086128739804,0,11.683599683005014
4,z,7,x,0.5,m1,0,100000,55150,626,1145,0,0.5515,0.01135086128739804,0,11.683599683005014
4,z,4,z,0.5,m1,0,100000,85198,1868,3345,0,0.85198,0.021925397309796035,0,11.79398767100065
4,z,4,z,0.5,m1,0,100000,85198,1868,3345,0,0.85198,0.021925397309796035,0,11.79398767100065
4,z,4,x,0.5,m1,0,100000,85198,1868,3345,0,0.85198,0.021925397309796035,0,11.79398767100065
4,z,4,x,0.5,m1,0,100000,85198,1868,3345,0,0.85198,0.021925397309796035,0,11.79398767100065
4,z,6,z,0.5,m1,0,100000,76443,543,1028,0,0.76443,0.007103331894352638,0,14.558192647993565
4,z,6,x,0.5,m1,0,100000,76443,543,1028,0,0.76443,0.007103331894352638,0,14.558192647993565
4,z,6,z,0.5,m1,0,100000,76443,543,1028,0,0.76443,0.007103331894352638,0,14.558192647993565
4,z,6,x,0.5,m1,0,100000,76443,543,1028,0,0.76443,0.007103331894352638,0,14.558192647993565
4,z,9,x,0.5,m1,0,100000,55642,5897,11012,0,0.55642,0.10598109341864059,0,11.384282687999075
4,z,9,x,0.5,m1,0,100000,55642,5897,11012,0,0.55642,0.10598109341864059,0,11.384282687999075
4,z,9,x,0.5,m1,0,100000,55642,5897,11012,0,0.55642,0.10598109341864059,0,11.384282687999075
4,z,9,z,0.5,m1,0,100000,55642,5897,11012,0,0.55642,0.10598109341864059,0,11.384282687999075
4,z,15,x,0.5,m1,0,100000,61800,0,0,0,0.618,0.0,0,2.715129340009298
4,z,15,z,0.5,m1,0,100000,61800,0,0,0,0.618,0.0,0,2.715129340009298
4,z,15,z,0.5,m1,0,100000,61800,0,0,0,0.618,0.0,0,2.715129340009298
4,z,15,z,0.5,m1,0,100000,61800,0,0,0,0.618,0.0,0,2.715129340009298
4,z,11,x,0.5,m1,0,100000,64664,380,725,0,0.64664,0.005876530990968742,0,12.014876995002851
4,z,11,z,0.5,m1,0,100000,64664,380,725,0,0.64664,0.005876530990968742,0,12.014876995002851
4,z,11,x,0.5,m1,0,100000,64664,380,725,0,0.64664,0.005876530990968742,0,12.014876995002851
4,z,11,z,0.5,m1,0,100000,64664,380,725,0,0.64664,0.005876530990968742,0,12.014876995002851
4,z,8,z,0.3,m1,0,100000,100000,1,2,0,1.0,9.99999999995449e-06,0,0.5205282620008802
4,z,8,z,0.3,m1,0,100000,100000,1,2,0,1.0,9.99999999995449e-06,0,0.5205282620008802
4,z,8,z,0.3,m1,0,100000,100000,1,2,0,1.0,9.99999999995449e-06,0,0.5205282620008802
4,z,8,x,0.3,m1,0,100000,100000,1,2,0,1.0,9.99999999995449e-06,0,0.5205282620008802
4,z,10,z,0.5,m1,0,100000,76025,789,1440,0,0.76025,0.01037816507727718,0,13.830575149011565
4,z,10,x,0.5,m1,0,100000,76025,789,1440,0,0.76025,0.01037816507727718,0,13.830575149011565
4,z,10,x,0.5,m1,0,100000,76025,789,1440,0,0.76025,0.01037816507727718,0,13.830575149011565
4,z,10,z,0.5,m1,0,100000,76025,789,1440,0,0.76025,0.01037816507727718,0,13.830575149011565
4,z,14,z,0.5,m1,0,100000,79629,1,2,0,0.79629,1.2558238832616198e-05,0,2.2860302820045035
4,z,14,x,0.5,m1,0,100000,79629,1,2,0,0.79629,1.2558238832616198e-05,0,2.2860302820045035
4,z,14,z,0.5,m1,0,100000,79629,1,2,0,0.79629,1.2558238832616198e-05,0,2.2860302820045035
4,z,14,z,0.5,m1,0,100000,79629,1,2,0,0.79629,1.2558238832616198e-05,0,2.2860302820045035
4,z,13,x,0.5,m1,0,100000,57605,158,301,0,0.57605,0.0027428174637618152,0,10.492171368008712
4,z,13,x,0.5,m1,0,100000,57605,158,301,0,0.57605,0.0027428174637618152,0,10.492171368008712
4,z,13,z,0.5,m1,0,100000,57605,158,301,0,0.57605,0.0027428174637618152,0,10.492171368008712
4,z,13,z,0.5,m1,0,100000,57605,158,301,0,0.57605,0.0027428174637618152,0,10.492171368008712
4,z,12,z,0.3,m1,0,100000,89489,0,0,0,0.89489,0.0,0,1.6001486149907578
4,z,12,z,0.3,m1,0,100000,89489,0,0,0,0.89489,0.0,0,1.6001486149907578
4,z,12,x,0.3,m1,0,100000,89489,0,0,0,0.89489,0.0,0,1.6001486149907578
4,z,12,z,0.3,m1,0,100000,89489,0,0,0,0.89489,0.0,0,1.6001486149907578
4,z,4,z,0.3,m1,0,100000,90825,759,1426,0,0.90825,0.008356729975227073,0,10.649515201002941
4,z,4,z,0.3,m1,0,100000,90825,759,1426,0,0.90825,0.008356729975227073,0,10.649515201002941
4,z,4,x,0.3,m1,0,100000,90825,759,1426,0,0.90825,0.008356729975227073,0,10.649515201002941
4,z,4,x,0.3,m1,0,100000,90825,759,1426,0,0.90825,0.008356729975227073,0,10.649515201002941
4,z,2,z,0.3,m1,0,100000,83474,5516,10217,0,0.83474,0.0660804561899514,0,14.860977003991138
4,z,2,x,0.3,m1,0,100000,83474,5516,10217,0,0.83474,0.0660804561899514,0,14.860977003991138
4,z,2,x,0.3,m1,0,100000,83474,5516,10217,0,0.83474,0.0660804561899514,0,14.860977003991138
4,z,2,x,0.3,m1,0,100000,83474,5516,10217,0,0.83474,0.0660804561899514,0,14.860977003991138
4,z,3,x,0.3,m1,0,100000,75015,4791,9160,0,0.75015,0.06386722655468902,0,14.856172799991327
4,z,3,z,0.3,m1,0,100000,75015,4791,9160,0,0.75015,0.06386722655468902,0,14.856172799991327
4,z,3,x,0.3,m1,0,100000,75015,4791,9160,0,0.75015,0.06386722655468902,0,14.856172799991327
4,z,3,x,0.3,m1,0,100000,75015,4791,9160,0,0.75015,0.06386722655468902,0,14.856172799991327
4,z,15,x,0.3,m1,0,100000,75076,0,0,0,0.75076,0.0,0,2.0413140400050906
4,z,15,z,0.3,m1,0,100000,75076,0,0,0,0.75076,0.0,0,2.0413140400050906
4,z,15,z,0.3,m1,0,100000,75076,0,0,0,0.75076,0.0,0,2.0413140400050906
4,z,15,z,0.3,m1,0,100000,75076,0,0,0,0.75076,0.0,0,2.0413140400050906
4,z,7,x,0.3,m1,0,100000,69747,352,659,0,0.69747,0.005046812049263716,0,14.628797551995376
4,z,7,z,0.3,m1,0,100000,69747,352,659,0,0.69747,0.005046812049263716,0,14.628797551995376
4,z,7,z,0.3,m1,0,100000,69747,352,659,0,0.69747,0.005046812049263716,0,14.628797551995376
4,z,7,x,0.3,m1,0,100000,69747,352,659,0,0.69747,0.005046812049263716,0,14.628797551995376
4,z,6,z,0.3,m1,0,100000,84885,264,503,0,0.84885,0.003110090121929643,0,14.44804445101181
4,z,6,x,0.3,m1,0,100000,84885,264,503,0,0.84885,0.003110090121929643,0,14.44804445101181
4,z,6,z,0.3,m1,0,100000,84885,264,503,0,0.84885,0.003110090121929643,0,14.44804445101181
4,z,6,x,0.3,m1,0,100000,84885,264,503,0,0.84885,0.003110090121929643,0,14.44804445101181
4,z,10,z,0.3,m1,0,100000,84739,374,716,0,0.84739,0.004413552201465665,0,10.355342896989896
4,z,10,x,0.3,m1,0,100000,84739,374,716,0,0.84739,0.004413552201465665,0,10.355342896989896
4,z,10,x,0.3,m1,0,100000,84739,374,716,0,0.84739,0.004413552201465665,0,10.355342896989896
4,z,10,z,0.3,m1,0,100000,84739,374,716,0,0.84739,0.004413552201465665,0,10.355342896989896
4,z,9,x,0.3,m1,0,100000,70134,4476,8335,0,0.70134,0.06382068611515102,0,12.217373812003643
4,z,9,x,0.3,m1,0,100000,70134,4476,8335,0,0.70134,0.06382068611515102,0,12.217373812003643
4,z,9,x,0.3,m1,0,100000,70134,4476,8335,0,0.70134,0.06382068611515102,0,12.217373812003643
4,z,9,z,0.3,m1,0,100000,70134,4476,8335,0,0.70134,0.06382068611515102,0,12.217373812003643
4,z,5,x,0.3,m1,0,100000,72678,4640,8863,0,0.72678,0.06384325380445255,0,16.356994688991108
4,z,5,x,0.3,m1,0,100000,72678,4640,8863,0,0.72678,0.06384325380445255,0,16.356994688991108
4,z,5,z,0.3,m1,0,100000,72678,4640,8863,0,0.72678,0.06384325380445255,0,16.356994688991108
4,z,5,x,0.3,m1,0,100000,72678,4640,8863,0,0.72678,0.06384325380445255,0,16.356994688991108
4,z,11,x,0.3,m1,0,100000,76972,216,411,0,0.76972,0.0028062152471028945,0,12.778170867997687
4,z,11,z,0.3,m1,0,100000,76972,216,411,0,0.76972,0.0028062152471028945,0,12.778170867997687
4,z,11,x,0.3,m1,0,100000,76972,216,411,0,0.76972,0.0028062152471028945,0,12.778170867997687
4,z,11,z,0.3,m1,0,100000,76972,216,411,0,0.76972,0.0028062152471028945,0,12.778170867997687
4,z,8,z,0.1,m1,0,100000,100000,0,0,0,1.0,0.0,0,0.3260267459991155
4,z,8,z,0.1,m1,0,100000,100000,0,0,0,1.0,0.0,0,0.3260267459991155
4,z,8,z,0.1,m1,0,100000,100000,0,0,0,1.0,0.0,0,0.3260267459991155
4,z,8,x,0.1,m1,0,100000,100000,0,0,0,1.0,0.0,0,0.3260267459991155
4,z,14,z,0.3,m1,0,100000,87199,0,0,0,0.87199,0.0,0,1.5936473809997551
4,z,14,x,0.3,m1,0,100000,87199,0,0,0,0.87199,0.0,0,1.5936473809997551
4,z,14,z,0.3,m1,0,100000,87199,0,0,0,0.87199,0.0,0,1.5936473809997551
4,z,14,z,0.3,m1,0,100000,87199,0,0,0,0.87199,0.0,0,1.5936473809997551
4,z,13,x,0.3,m1,0,100000,71843,66,125,0,0.71843,0.0009186698773714363,0,9.447631463001017
4,z,13,x,0.3,m1,0,100000,71843,66,125,0,0.71843,0.0009186698773714363,0,9.447631463001017
4,z,13,z,0.3,m1,0,100000,71843,66,125,0,0.71843,0.0009186698773714363,0,9.447631463001017
4,z,13,z,0.3,m1,0,100000,71843,66,125,0,0.71843,0.0009186698773714363,0,9.447631463001017
4,z,12,z,0.1,m1,0,100000,96360,0,0,0,0.9636,0.0,0,0.7613774089986691
4,z,12,z,0.1,m1,0,100000,96360,0,0,0,0.9636,0.0,0,0.7613774089986691
4,z,12,x,0.1,m1,0,100000,96360,0,0,0,0.9636,0.0,0,0.7613774089986691
4,z,12,z,0.1,m1,0,100000,96360,0,0,0,0.9636,0.0,0,0.7613774089986691
4,z,4,z,0.1,m1,0,100000,96833,104,203,0,0.96833,0.0010740140241446428,0,9.61490535599296
4,z,4,z,0.1,m1,0,100000,96833,104,203,0,0.96833,0.0010740140241446428,0,9.61490535599296
4,z,4,x,0.1,m1,0,100000,96833,104,203,0,0.96833,0.0010740140241446428,0,9.61490535599296
4,z,4,x,0.1,m1,0,100000,96833,104,203,0,0.96833,0.0010740140241446428,0,9.61490535599296
4,z,10,z,0.1,m1,0,100000,94686,94,188,0,0.94686,0.0009927550007392538,0,9.22442593499727
4,z,10,x,0.1,m1,0,100000,94686,94,188,0,0.94686,0.0009927550007392538,0,9.22442593499727
4,z,10,x,0.1,m1,0,100000,94686,94,188,0,0.94686,0.0009927550007392538,0,9.22442593499727
4,z,10,z,0.1,m1,0,100000,94686,94,188,0,0.94686,0.0009927550007392538,0,9.22442593499727
4,z,5,x,0.1,m1,0,100000,89906,1998,3875,0,0.89906,0.022223210909171787,0,14.076660866005113
4,z,5,x,0.1,m1,0,100000,89906,1998,3875,0,0.89906,0.022223210909171787,0,14.076660866005113
4,z,5,z,0.1,m1,0,100000,89906,1998,3875,0,0.89906,0.022223210909171787,0,14.076660866005113
4,z,5,x,0.1,m1,0,100000,89906,1998,3875,0,0.89906,0.022223210909171787,0,14.076660866005113
4,z,3,x,0.1,m1,0,100000,90659,2026,3955,0,0.90659,0.022347477911735192,0,15.05454323599406
4,z,3,z,0.1,m1,0,100000,90659,2026,3955,0,0.90659,0.022347477911735192,0,15.05454323599406
4,z,3,x,0.1,m1,0,100000,90659,2026,3955,0,0.90659,0.022347477911735192,0,15.05454323599406
4,z,3,x,0.1,m1,0,100000,90659,2026,3955,0,0.90659,0.022347477911735192,0,15.05454323599406
4,z,7,x,0.1,m1,0,100000,88531,86,168,0,0.88531,0.0009714111441190276,0,13.770725316004246
4,z,7,z,0.1,m1,0,100000,88531,86,168,0,0.88531,0.0009714111441190276,0,13.770725316004246
4,z,7,z,0.1,m1,0,100000,88531,86,168,0,0.88531,0.0009714111441190276,0,13.770725316004246
4,z,7,x,0.1,m1,0,100000,88531,86,168,0,0.88531,0.0009714111441190276,0,13.770725316004246
4,z,15,x,0.1,m1,0,100000,90767,0,0,0,0.90767,0.0,0,0.8327232960000401
4,z,15,z,0.1,m1,0,100000,90767,0,0,0,0.90767,0.0,0,0.8327232960000401
4,z,15,z,0.1,m1,0,100000,90767,0,0,0,0.90767,0.0,0,0.8327232960000401
4,z,15,z,0.1,m1,0,100000,90767,0,0,0,0.90767,0.0,0,0.8327232960000401
4,z,9,x,0.1,m1,0,100000,88527,1919,3574,0,0.88527,0.021677002496413578,0,13.421429633002845
4,z,9,x,0.1,m1,0,100000,88527,1919,3574,0,0.88527,0.021677002496413578,0,13.421429633002845
4,z,9,x,0.1,m1,0,100000,88527,1919,3574,0,0.88527,0.021677002496413578,0,13.421429633002845
4,z,9,z,0.1,m1,0,100000,88527,1919,3574,0,0.88527,0.021677002496413578,0,13.421429633002845
4,z,2,z,0.1,m1,0,100000,94111,2168,4193,0,0.94111,0.023036626961779216,0,18.29700851799862
4,z,2,x,0.1,m1,0,100000,94111,2168,4193,0,0.94111,0.023036626961779216,0,18.29700851799862
4,z,2,x,0.1,m1,0,100000,94111,2168,4193,0,0.94111,0.023036626961779216,0,18.29700851799862
4,z,2,x,0.1,m1,0,100000,94111,2168,4193,0,0.94111,0.023036626961779216,0,18.29700851799862
4,z,6,z,0.1,m1,0,100000,94767,38,75,0,0.94767,0.00040098346470818225,0,14.5398685340042
4,z,6,x,0.1,m1,0,100000,94767,38,75,0,0.94767,0.00040098346470818225,0,14.5398685340042
4,z,6,z,0.1,m1,0,100000,94767,38,75,0,0.94767,0.00040098346470818225,0,14.5398685340042
4,z,6,x,0.1,m1,0,100000,94767,38,75,0,0.94767,0.00040098346470818225,0,14.5398685340042
4,z,13,x,0.1,m1,0,100000,89653,10,19,0,0.89653,0.00011154116426670413,0,6.990401130999089
4,z,13,x,0.1,m1,0,100000,89653,10,19,0,0.89653,0.00011154116426670413,0,6.990401130999089
4,z,13,z,0.1,m1,0,100000,89653,10,19,0,0.89653,0.00011154116426670413,0,6.990401130999089
4,z,13,z,0.1,m1,0,100000,89653,10,19,0,0.89653,0.00011154116426670413,0,6.990401130999089
4,z,14,z,0.1,m1,0,100000,95525,0,0,0,0.95525,0.0,0,0.5844447589915944
4,z,14,x,0.1,m1,0,100000,95525,0,0,0,0.95525,0.0,0,0.5844447589915944
4,z,14,z,0.1,m1,0,100000,95525,0,0,0,0.95525,0.0,0,0.5844447589915944
4,z,14,z,0.1,m1,0,100000,95525,0,0,0,0.95525,0.0,0,0.5844447589915944
4,z,11,x,0.1,m1,0,100000,91678,48,91,0,0.91678,0.0005235716311438043,0,14.91866591500002
4,z,11,z,0.1,m1,0,100000,91678,48,91,0,0.91678,0.0005235716311438043,0,14.91866591500002
4,z,11,x,0.1,m1,0,100000,91678,48,91,0,0.91678,0.0005235716311438043,0,14.91866591500002
4,z,11,z,0.1,m1,0,100000,91678,48,91,0,0.91678,0.0005235716311438043,0,14.91866591500002
