n,lstate,i,meas_type,p_error,sim_type,total_meta_shots,shots,count_accept,count_logerror,count_undecided,count_detect_discard,prep_rate,LER,detect_normal,decoding_normal
4,x,6,x,1,normal,0,100000,25964,606,1089,0,0.25964,0.02334000924356805,0,9.635937572980765
4,x,6,x,1,normal,0,100000,25964,606,1089,0,0.25964,0.02334000924356805,0,9.635937572980765
4,x,6,z,1,normal,0,100000,25964,606,1089,0,0.25964,0.02334000924356805,0,9.635937572980765
4,x,6,x,1,normal,0,100000,25964,606,1089,0,0.25964,0.02334000924356805,0,9.635937572980765
4,x,8,x,1,normal,0,100000,30003,7868,14490,0,0.30003,0.2622404426224044,0,9.901482193003176
4,x,8,z,1,normal,0,100000,30003,7868,14490,0,0.30003,0.2622404426224044,0,9.901482193003176
4,x,8,z,1,normal,0,100000,30003,7868,14490,0,0.30003,0.2622404426224044,0,9.901482193003176
4,x,8,x,1,normal,0,100000,30003,7868,14490,0,0.30003,0.2622404426224044,0,9.901482193003176
4,x,10,x,1,normal,0,100000,25263,980,1685,0,0.25263,0.038791909116098644,0,10.150405905995285
4,x,10,x,1,normal,0,100000,25263,980,1685,0,0.25263,0.038791909116098644,0,10.150405905995285
4,x,10,x,1,normal,0,100000,25263,980,1685,0,0.25263,0.038791909116098644,0,10.150405905995285
4,x,10,z,1,normal,0,100000,25263,980,1685,0,0.25263,0.038791909116098644,0,10.150405905995285
4,x,4,x,1,normal,0,100000,41039,406,769,0,0.41039,0.009893028582567798,0,11.330894920014543
4,x,4,z,1,normal,0,100000,41039,406,769,0,0.41039,0.009893028582567798,0,11.330894920014543
4,x,4,x,1,normal,0,100000,41039,406,769,0,0.41039,0.009893028582567798,0,11.330894920014543
4,x,4,x,1,normal,0,100000,41039,406,769,0,0.41039,0.009893028582567798,0,11.330894920014543
4,x,2,x,1,normal,0,100000,39047,1,2,0,0.39047,2.56101621123328e-05,0,12.560938804002944
4,x,2,x,1,normal,0,100000,39047,1,2,0,0.39047,2.56101621123328e-05,0,12.560938804002944
4,x,2,x,1,normal,0,100000,39047,1,2,0,0.39047,2.56101621123328e-05,0,12.560938804002944
4,x,2,x,1,normal,0,100000,39047,1,2,0,0.39047,2.56101621123328e-05,0,12.560938804002944
4,x,9,z,1,normal,0,100000,100000,1742,2675,0,1.0,0.01741999999999999,0,14.022055070992792
4,x,9,z,1,normal,0,100000,100000,1742,2675,0,1.0,0.01741999999999999,0,14.022055070992792
4,x,9,z,1,normal,0,100000,100000,1742,2675,0,1.0,0.01741999999999999,0,14.022055070992792
4,x,9,x,1,normal,0,100000,100000,1742,2675,0,1.0,0.01741999999999999,0,14.022055070992792
4,x,5,z,1,normal,0,100000,53498,202,347,0,0.53498,0.0037758420875546594,0,13.092245544976322
4,x,5,z,1,normal,0,100000,53498,202,347,0,0.53498,0.0037758420875546594,0,13.092245544976322
4,x,5,x,1,normal,0,100000,53498,202,347,0,0.53498,0.0037758420875546594,0,13.092245544976322
4,x,5,x,1,normal,0,100000,53498,202,347,0,0.53498,0.0037758420875546594,0,13.092245544976322
4,x,11,z,1,normal,0,100000,58039,1760,3175,0,0.58039,0.030324437016488903,0,13.725385655998252
4,x,11,x,1,normal,0,100000,58039,1760,3175,0,0.58039,0.030324437016488903,0,13.725385655998252
4,x,11,x,1,normal,0,100000,58039,1760,3175,0,0.58039,0.030324437016488903,0,13.725385655998252
4,x,11,z,1,normal,0,100000,58039,1760,3175,0,0.58039,0.030324437016488903,0,13.725385655998252
4,x,3,z,1,normal,0,100000,50834,4,6,0,0.50834,7.868749262307517e-05,0,12.7472115670098
4,x,3,x,1,normal,0,100000,50834,4,6,0,0.50834,7.868749262307517e-05,0,12.7472115670098
4,x,3,x,1,normal,0,100000,50834,4,6,0,0.50834,7.868749262307517e-05,0,12.7472115670098
4,x,3,x,1,normal,0,100000,50834,4,6,0,0.50834,7.868749262307517e-05,0,12.7472115670098
4,x,7,z,1,normal,0,100000,51692,1221,2144,0,0.51692,0.02362067631354947,0,16.64712861998123
4,x,7,x,1,normal,0,100000,51692,1221,2144,0,0.51692,0.02362067631354947,0,16.64712861998123
4,x,7,z,1,normal,0,100000,51692,1221,2144,0,0.51692,0.02362067631354947,0,16.64712861998123
4,x,7,x,1,normal,0,100000,51692,1221,2144,0,0.51692,0.02362067631354947,0,16.64712861998123
4,x,12,x,1,normal,0,100000,37727,9496,17357,0,0.37727,0.2517030243592122,0,10.937094558990793
4,x,12,z,1,normal,0,100000,37727,9496,17357,0,0.37727,0.2517030243592122,0,10.937094558990793
4,x,12,x,1,normal,0,100000,37727,9496,17357,0,0.37727,0.2517030243592122,0,10.937094558990793
4,x,12,z,1,normal,0,100000,37727,9496,17357,0,0.37727,0.2517030243592122,0,10.937094558990793
4,x,14,x,1,normal,0,100000,32461,7151,12838,0,0.32461,0.22029512337882384,0,10.379390233982122
4,x,14,x,1,normal,0,100000,32461,7151,12838,0,0.32461,0.22029512337882384,0,10.379390233982122
4,x,14,z,1,normal,0,100000,32461,7151,12838,0,0.32461,0.22029512337882384,0,10.379390233982122
4,x,14,z,1,normal,0,100000,32461,7151,12838,0,0.32461,0.22029512337882384,0,10.379390233982122
4,x,2,x,0.8,normal,0,100000,46933,1,2,0,0.46933,2.1306969509748974e-05,0,10.218133954011137
4,x,2,x,0.8,normal,0,100000,46933,1,2,0,0.46933,2.1306969509748974e-05,0,10.218133954011137
4,x,2,x,0.8,normal,0,100000,46933,1,2,0,0.46933,2.1306969509748974e-05,0,10.218133954011137
4,x,2,x,0.8,normal,0,100000,46933,1,2,0,0.46933,2.1306969509748974e-05,0,10.218133954011137
4,x,13,z,1,normal,0,100000,73011,4115,6712,0,0.73011,0.056361370204489725,0,14.951983520004433
4,x,13,z,1,normal,0,100000,73011,4115,6712,0,0.73011,0.056361370204489725,0,14.951983520004433
4,x,13,x,1,normal,0,100000,73011,4115,6712,0,0.73011,0.056361370204489725,0,14.951983520004433
4,x,13,z,1,normal,0,100000,73011,4115,6712,0,0.73011,0.056361370204489725,0,14.951983520004433
4,x,4,x,0.8,normal,0,100000,48857,312,585,0,0.48857,0.00638598358474729,0,11.736219112004619
4,x,4,z,0.8,normal,0,100000,48857,312,585,0,0.48857,0.00638598358474729,0,11.736219112004619
4,x,4,x,0.8,normal,0,100000,48857,312,585,0,0.48857,0.00638598358474729,0,11.736219112004619
4,x,4,x,0.8,normal,0,100000,48857,312,585,0,0.48857,0.00638598358474729,0,11.736219112004619
4,x,6,x,0.8,normal,0,100000,33851,561,1008,0,0.33851,0.01657262710111962,0,12.22147564199986
4,x,6,x,0.8,normal,0,100000,33851,561,1008,0,0.33851,0.01657262710111962,0,12.22147564199986
4,x,6,z,0.8,normal,0,100000,33851,561,1008,0,0.33851,0.01657262710111962,0,12.22147564199986
4,x,6,x,0.8,normal,0,100000,33851,561,1008,0,0.33851,0.01657262710111962,0,12.22147564199986
4,x,15,z,1,normal,0,100000,59496,13114,20537,0,0.59496,0.22041817937340324,0,14.884798617014894
4,x,15,x,1,normal,0,100000,59496,13114,20537,0,0.59496,0.22041817937340324,0,14.884798617014894
4,x,15,z,1,normal,0,100000,59496,13114,20537,0,0.59496,0.22041817937340324,0,14.884798617014894
4,x,15,z,1,normal,0,100000,59496,13114,20537,0,0.59496,0.22041817937340324,0,14.884798617014894
4,x,3,z,0.8,normal,0,100000,58371,2,2,0,0.58371,3.426358979630173e-05,0,13.119792087003589
4,x,3,x,0.8,normal,0,100000,58371,2,2,0,0.58371,3.426358979630173e-05,0,13.119792087003589
4,x,3,x,0.8,normal,0,100000,58371,2,2,0,0.58371,3.426358979630173e-05,0,13.119792087003589
4,x,3,x,0.8,normal,0,100000,58371,2,2,0,0.58371,3.426358979630173e-05,0,13.119792087003589
4,x,8,x,0.8,normal,0,100000,37204,7946,14715,0,0.37204,0.2135791850338673,0,10.56999819399789
4,x,8,z,0.8,normal,0,100000,37204,7946,14715,0,0.37204,0.2135791850338673,0,10.56999819399789
4,x,8,z,0.8,normal,0,100000,37204,7946,14715,0,0.37204,0.2135791850338673,0,10.56999819399789
4,x,8,x,0.8,normal,0,100000,37204,7946,14715,0,0.37204,0.2135791850338673,0,10.56999819399789
4,x,5,z,0.8,normal,0,100000,59453,140,233,0,0.59453,0.0023548012715927102,0,14.397393215011107
4,x,5,z,0.8,normal,0,100000,59453,140,233,0,0.59453,0.0023548012715927102,0,14.397393215011107
4,x,5,x,0.8,normal,0,100000,59453,140,233,0,0.59453,0.0023548012715927102,0,14.397393215011107
4,x,5,x,0.8,normal,0,100000,59453,140,233,0,0.59453,0.0023548012715927102,0,14.397393215011107
4,x,10,x,0.8,normal,0,100000,31781,781,1408,0,0.31781,0.024574431263962748,0,10.46481356100412
4,x,10,x,0.8,normal,0,100000,31781,781,1408,0,0.31781,0.024574431263962748,0,10.46481356100412
4,x,10,x,0.8,normal,0,100000,31781,781,1408,0,0.31781,0.024574431263962748,0,10.46481356100412
4,x,10,z,0.8,normal,0,100000,31781,781,1408,0,0.31781,0.024574431263962748,0,10.46481356100412
4,x,9,z,0.8,normal,0,100000,100000,868,1419,0,1.0,0.008680000000000021,0,13.908568038983503
4,x,9,z,0.8,normal,0,100000,100000,868,1419,0,1.0,0.008680000000000021,0,13.908568038983503
4,x,9,z,0.8,normal,0,100000,100000,868,1419,0,1.0,0.008680000000000021,0,13.908568038983503
4,x,9,x,0.8,normal,0,100000,100000,868,1419,0,1.0,0.008680000000000021,0,13.908568038983503
4,x,7,z,0.8,normal,0,100000,58493,907,1634,0,0.58493,0.015506128938505448,0,14.16935945401201
4,x,7,x,0.8,normal,0,100000,58493,907,1634,0,0.58493,0.015506128938505448,0,14.16935945401201
4,x,7,z,0.8,normal,0,100000,58493,907,1634,0,0.58493,0.015506128938505448,0,14.16935945401201
4,x,7,x,0.8,normal,0,100000,58493,907,1634,0,0.58493,0.015506128938505448,0,14.16935945401201
4,x,12,x,0.8,normal,0,100000,45829,9641,17802,0,0.45829,0.21036898033995943,0,11.362914335011737
4,x,12,z,0.8,normal,0,100000,45829,9641,17802,0,0.45829,0.21036898033995943,0,11.362914335011737
4,x,12,x,0.8,normal,0,100000,45829,9641,17802,0,0.45829,0.21036898033995943,0,11.362914335011737
4,x,12,z,0.8,normal,0,100000,45829,9641,17802,0,0.45829,0.21036898033995943,0,11.362914335011737
4,x,11,z,0.8,normal,0,100000,64526,1350,2413,0,0.64526,0.02092179896475843,0,14.373581048013875
4,x,11,x,0.8,normal,0,100000,64526,1350,2413,0,0.64526,0.02092179896475843,0,14.373581048013875
4,x,11,x,0.8,normal,0,100000,64526,1350,2413,0,0.64526,0.02092179896475843,0,14.373581048013875
4,x,11,z,0.8,normal,0,100000,64526,1350,2413,0,0.64526,0.02092179896475843,0,14.373581048013875
4,x,14,x,0.8,normal,0,100000,40711,7674,13827,0,0.40711,0.1884994227604333,0,13.86591701899306
4,x,14,x,0.8,normal,0,100000,40711,7674,13827,0,0.40711,0.1884994227604333,0,13.86591701899306
4,x,14,z,0.8,normal,0,100000,40711,7674,13827,0,0.40711,0.1884994227604333,0,13.86591701899306
4,x,14,z,0.8,normal,0,100000,40711,7674,13827,0,0.40711,0.1884994227604333,0,13.86591701899306
4,x,2,x,0.5,normal,0,100000,62178,0,0,0,0.62178,0.0,0,12.28931052898406
4,x,2,x,0.5,normal,0,100000,62178,0,0,0,0.62178,0.0,0,12.28931052898406
4,x,2,x,0.5,normal,0,100000,62178,0,0,0,0.62178,0.0,0,12.28931052898406
4,x,2,x,0.5,normal,0,100000,62178,0,0,0,0.62178,0.0,0,12.28931052898406
4,x,13,z,0.8,normal,0,100000,77644,3022,5137,0,0.77644,0.03892123023028182,0,15.05870716201025
4,x,13,z,0.8,normal,0,100000,77644,3022,5137,0,0.77644,0.03892123023028182,0,15.05870716201025
4,x,13,x,0.8,normal,0,100000,77644,3022,5137,0,0.77644,0.03892123023028182,0,15.05870716201025
4,x,13,z,0.8,normal,0,100000,77644,3022,5137,0,0.77644,0.03892123023028182,0,15.05870716201025
4,x,4,x,0.5,normal,0,100000,63876,152,295,0,0.63876,0.0023796104953347497,0,12.031834621011512
4,x,4,z,0.5,normal,0,100000,63876,152,295,0,0.63876,0.0023796104953347497,0,12.031834621011512
4,x,4,x,0.5,normal,0,100000,63876,152,295,0,0.63876,0.0023796104953347497,0,12.031834621011512
4,x,4,x,0.5,normal,0,100000,63876,152,295,0,0.63876,0.0023796104953347497,0,12.031834621011512
4,x,3,z,0.5,normal,0,100000,71406,0,0,0,0.71406,0.0,0,11.582302748982329
4,x,3,x,0.5,normal,0,100000,71406,0,0,0,0.71406,0.0,0,11.582302748982329
4,x,3,x,0.5,normal,0,100000,71406,0,0,0,0.71406,0.0,0,11.582302748982329
4,x,3,x,0.5,normal,0,100000,71406,0,0,0,0.71406,0.0,0,11.582302748982329
4,x,15,z,0.8,normal,0,100000,66123,12100,19911,0,0.66123,0.1829923022246419,0,14.553719457995612
4,x,15,x,0.8,normal,0,100000,66123,12100,19911,0,0.66123,0.1829923022246419,0,14.553719457995612
4,x,15,z,0.8,normal,0,100000,66123,12100,19911,0,0.66123,0.1829923022246419,0,14.553719457995612
4,x,15,z,0.8,normal,0,100000,66123,12100,19911,0,0.66123,0.1829923022246419,0,14.553719457995612
4,x,6,x,0.5,normal,0,100000,50380,325,608,0,0.5038,0.006450972608177841,0,11.55793897699914
4,x,6,x,0.5,normal,0,100000,50380,325,608,0,0.5038,0.006450972608177841,0,11.55793897699914
4,x,6,z,0.5,normal,0,100000,50380,325,608,0,0.5038,0.006450972608177841,0,11.55793897699914
4,x,6,x,0.5,normal,0,100000,50380,325,608,0,0.5038,0.006450972608177841,0,11.55793897699914
4,x,5,z,0.5,normal,0,100000,71247,49,90,0,0.71247,0.000687748256066878,0,12.471395417000167
4,x,5,z,0.5,normal,0,100000,71247,49,90,0,0.71247,0.000687748256066878,0,12.471395417000167
4,x,5,x,0.5,normal,0,100000,71247,49,90,0,0.71247,0.000687748256066878,0,12.471395417000167
4,x,5,x,0.5,normal,0,100000,71247,49,90,0,0.71247,0.000687748256066878,0,12.471395417000167
4,x,10,x,0.5,normal,0,100000,47054,558,1026,0,0.47054,0.011858715518340612,0,11.44544384299661
4,x,10,x,0.5,normal,0,100000,47054,558,1026,0,0.47054,0.011858715518340612,0,11.44544384299661
4,x,10,x,0.5,normal,0,100000,47054,558,1026,0,0.47054,0.011858715518340612,0,11.44544384299661
4,x,10,z,0.5,normal,0,100000,47054,558,1026,0,0.47054,0.011858715518340612,0,11.44544384299661
4,x,8,x,0.5,normal,0,100000,52133,7095,13292,0,0.52133,0.13609422055128229,0,13.609632953011896
4,x,8,z,0.5,normal,0,100000,52133,7095,13292,0,0.52133,0.13609422055128229,0,13.609632953011896
4,x,8,z,0.5,normal,0,100000,52133,7095,13292,0,0.52133,0.13609422055128229,0,13.609632953011896
4,x,8,x,0.5,normal,0,100000,52133,7095,13292,0,0.52133,0.13609422055128229,0,13.609632953011896
4,x,7,z,0.5,normal,0,100000,71383,460,861,0,0.71383,0.006444111343036907,0,14.727419119997649
4,x,7,x,0.5,normal,0,100000,71383,460,861,0,0.71383,0.006444111343036907,0,14.727419119997649
4,x,7,z,0.5,normal,0,100000,71383,460,861,0,0.71383,0.006444111343036907,0,14.727419119997649
4,x,7,x,0.5,normal,0,100000,71383,460,861,0,0.71383,0.006444111343036907,0,14.727419119997649
4,x,9,z,0.5,normal,0,100000,100000,162,287,0,1.0,0.0016199999999999548,0,13.941030073998263
4,x,9,z,0.5,normal,0,100000,100000,162,287,0,1.0,0.0016199999999999548,0,13.941030073998263
4,x,9,z,0.5,normal,0,100000,100000,162,287,0,1.0,0.0016199999999999548,0,13.941030073998263
4,x,9,x,0.5,normal,0,100000,100000,162,287,0,1.0,0.0016199999999999548,0,13.941030073998263
4,x,12,x,0.5,normal,0,100000,60647,8536,16113,0,0.60647,0.1407489241017692,0,11.925018634006847
4,x,12,z,0.5,normal,0,100000,60647,8536,16113,0,0.60647,0.1407489241017692,0,11.925018634006847
4,x,12,x,0.5,normal,0,100000,60647,8536,16113,0,0.60647,0.1407489241017692,0,11.925018634006847
4,x,12,z,0.5,normal,0,100000,60647,8536,16113,0,0.60647,0.1407489241017692,0,11.925018634006847
4,x,11,z,0.5,normal,0,100000,75823,714,1337,0,0.75823,0.009416667765717479,0,14.794981400977122
4,x,11,x,0.5,normal,0,100000,75823,714,1337,0,0.75823,0.009416667765717479,0,14.794981400977122
4,x,11,x,0.5,normal,0,100000,75823,714,1337,0,0.75823,0.009416667765717479,0,14.794981400977122
4,x,11,z,0.5,normal,0,100000,75823,714,1337,0,0.75823,0.009416667765717479,0,14.794981400977122
4,x,14,x,0.5,normal,0,100000,57033,7042,12977,0,0.57033,0.12347237564217206,0,14.053764359996421
4,x,14,x,0.5,normal,0,100000,57033,7042,12977,0,0.57033,0.12347237564217206,0,14.053764359996421
4,x,14,z,0.5,normal,0,100000,57033,7042,12977,0,0.57033,0.12347237564217206,0,14.053764359996421
4,x,14,z,0.5,normal,0,100000,57033,7042,12977,0,0.57033,0.12347237564217206,0,14.053764359996421
4,x,2,x,0.3,normal,0,100000,75403,0,0,0,0.75403,0.0,0,11.372113901015837
4,x,2,x,0.3,normal,0,100000,75403,0,0,0,0.75403,0.0,0,11.372113901015837
4,x,2,x,0.3,normal,0,100000,75403,0,0,0,0.75403,0.0,0,11.372113901015837
4,x,2,x,0.3,normal,0,100000,75403,0,0,0,0.75403,0.0,0,11.372113901015837
4,x,13,z,0.5,normal,0,100000,85474,1496,2708,0,0.85474,0.017502398390153773,0,15.4464857870189
4,x,13,z,0.5,normal,0,100000,85474,1496,2708,0,0.85474,0.017502398390153773,0,15.4464857870189
4,x,13,x,0.5,normal,0,100000,85474,1496,2708,0,0.85474,0.017502398390153773,0,15.4464857870189
4,x,13,z,0.5,normal,0,100000,85474,1496,2708,0,0.85474,0.017502398390153773,0,15.4464857870189
4,x,15,z,0.5,normal,0,100000,77235,9602,16875,0,0.77235,0.1243218747976953,0,15.059008996002376
4,x,15,x,0.5,normal,0,100000,77235,9602,16875,0,0.77235,0.1243218747976953,0,15.059008996002376
4,x,15,z,0.5,normal,0,100000,77235,9602,16875,0,0.77235,0.1243218747976953,0,15.059008996002376
4,x,15,z,0.5,normal,0,100000,77235,9602,16875,0,0.77235,0.1243218747976953,0,15.059008996002376
4,x,5,z,0.3,normal,0,100000,81454,10,20,0,0.81454,0.00012276867925453683,0,10.910564902995247
4,x,5,z,0.3,normal,0,100000,81454,10,20,0,0.81454,0.00012276867925453683,0,10.910564902995247
4,x,5,x,0.3,normal,0,100000,81454,10,20,0,0.81454,0.00012276867925453683,0,10.910564902995247
4,x,5,x,0.3,normal,0,100000,81454,10,20,0,0.81454,0.00012276867925453683,0,10.910564902995247
4,x,3,z,0.3,normal,0,100000,81818,0,0,0,0.81818,0.0,0,10.95299652198446
4,x,3,x,0.3,normal,0,100000,81818,0,0,0,0.81818,0.0,0,10.95299652198446
4,x,3,x,0.3,normal,0,100000,81818,0,0,0,0.81818,0.0,0,10.95299652198446
4,x,3,x,0.3,normal,0,100000,81818,0,0,0,0.81818,0.0,0,10.95299652198446
4,x,6,x,0.3,normal,0,100000,66075,212,409,0,0.66075,0.0032084752175558506,0,12.327399798989063
4,x,6,x,0.3,normal,0,100000,66075,212,409,0,0.66075,0.0032084752175558506,0,12.327399798989063
4,x,6,z,0.3,normal,0,100000,66075,212,409,0,0.66075,0.0032084752175558506,0,12.327399798989063
4,x,6,x,0.3,normal,0,100000,66075,212,409,0,0.66075,0.0032084752175558506,0,12.327399798989063
4,x,4,x,0.3,normal,0,100000,76159,70,134,0,0.76159,0.0009191297154637068,0,14.638346376013942
4,x,4,z,0.3,normal,0,100000,76159,70,134,0,0.76159,0.0009191297154637068,0,14.638346376013942
4,x,4,x,0.3,normal,0,100000,76159,70,134,0,0.76159,0.0009191297154637068,0,14.638346376013942
4,x,4,x,0.3,normal,0,100000,76159,70,134,0,0.76159,0.0009191297154637068,0,14.638346376013942
4,x,8,x,0.3,normal,0,100000,67221,5586,10723,0,0.67221,0.08309903155263976,0,13.387640521017602
4,x,8,z,0.3,normal,0,100000,67221,5586,10723,0,0.67221,0.08309903155263976,0,13.387640521017602
4,x,8,z,0.3,normal,0,100000,67221,5586,10723,0,0.67221,0.08309903155263976,0,13.387640521017602
4,x,8,x,0.3,normal,0,100000,67221,5586,10723,0,0.67221,0.08309903155263976,0,13.387640521017602
4,x,10,x,0.3,normal,0,100000,62914,314,592,0,0.62914,0.004990940013351541,0,12.811194840993267
4,x,10,x,0.3,normal,0,100000,62914,314,592,0,0.62914,0.004990940013351541,0,12.811194840993267
4,x,10,x,0.3,normal,0,100000,62914,314,592,0,0.62914,0.004990940013351541,0,12.811194840993267
4,x,10,z,0.3,normal,0,100000,62914,314,592,0,0.62914,0.004990940013351541,0,12.811194840993267
4,x,9,z,0.3,normal,0,100000,100000,26,49,0,1.0,0.000260000000000038,0,14.662382492999313
4,x,9,z,0.3,normal,0,100000,100000,26,49,0,1.0,0.000260000000000038,0,14.662382492999313
4,x,9,z,0.3,normal,0,100000,100000,26,49,0,1.0,0.000260000000000038,0,14.662382492999313
4,x,9,x,0.3,normal,0,100000,100000,26,49,0,1.0,0.000260000000000038,0,14.662382492999313
4,x,7,z,0.3,normal,0,100000,81472,201,378,0,0.81472,0.002467105263157854,0,16.788929678994464
4,x,7,x,0.3,normal,0,100000,81472,201,378,0,0.81472,0.002467105263157854,0,16.788929678994464
4,x,7,z,0.3,normal,0,100000,81472,201,378,0,0.81472,0.002467105263157854,0,16.788929678994464
4,x,7,x,0.3,normal,0,100000,81472,201,378,0,0.81472,0.002467105263157854,0,16.788929678994464
4,x,12,x,0.3,normal,0,100000,74089,6500,12404,0,0.74089,0.08773232193712965,0,12.762485672981711
4,x,12,z,0.3,normal,0,100000,74089,6500,12404,0,0.74089,0.08773232193712965,0,12.762485672981711
4,x,12,x,0.3,normal,0,100000,74089,6500,12404,0,0.74089,0.08773232193712965,0,12.762485672981711
4,x,12,z,0.3,normal,0,100000,74089,6500,12404,0,0.74089,0.08773232193712965,0,12.762485672981711
4,x,2,x,0.1,normal,0,100000,91033,0,0,0,0.91033,0.0,0,9.02177549499902
4,x,2,x,0.1,normal,0,100000,91033,0,0,0,0.91033,0.0,0,9.02177549499902
4,x,2,x,0.1,normal,0,100000,91033,0,0,0,0.91033,0.0,0,9.02177549499902
4,x,2,x,0.1,normal,0,100000,91033,0,0,0,0.91033,0.0,0,9.02177549499902
4,x,11,z,0.3,normal,0,100000,84759,319,600,0,0.84759,0.0037636121237862863,0,15.003331721003633
4,x,11,x,0.3,normal,0,100000,84759,319,600,0,0.84759,0.0037636121237862863,0,15.003331721003633
4,x,11,x,0.3,normal,0,100000,84759,319,600,0,0.84759,0.0037636121237862863,0,15.003331721003633
4,x,11,z,0.3,normal,0,100000,84759,319,600,0,0.84759,0.0037636121237862863,0,15.003331721003633
4,x,14,x,0.3,normal,0,100000,71390,5781,10814,0,0.7139,0.08097772797310543,0,13.439933669986203
4,x,14,x,0.3,normal,0,100000,71390,5781,10814,0,0.7139,0.08097772797310543,0,13.439933669986203
4,x,14,z,0.3,normal,0,100000,71390,5781,10814,0,0.7139,0.08097772797310543,0,13.439933669986203
4,x,14,z,0.3,normal,0,100000,71390,5781,10814,0,0.7139,0.08097772797310543,0,13.439933669986203
4,x,13,z,0.3,normal,0,100000,91033,626,1167,0,0.91033,0.006876627157184734,0,15.389621731999796
4,x,13,z,0.3,normal,0,100000,91033,626,1167,0,0.91033,0.006876627157184734,0,15.389621731999796
4,x,13,x,0.3,normal,0,100000,91033,626,1167,0,0.91033,0.006876627157184734,0,15.389621731999796
4,x,13,z,0.3,normal,0,100000,91033,626,1167,0,0.91033,0.006876627157184734,0,15.389621731999796
4,x,5,z,0.1,normal,0,100000,93243,1,2,0,0.93243,1.0724665658545796e-05,0,9.114533634972759
4,x,5,z,0.1,normal,0,100000,93243,1,2,0,0.93243,1.0724665658545796e-05,0,9.114533634972759
4,x,5,x,0.1,normal,0,100000,93243,1,2,0,0.93243,1.0724665658545796e-05,0,9.114533634972759
4,x,5,x,0.1,normal,0,100000,93243,1,2,0,0.93243,1.0724665658545796e-05,0,9.114533634972759
4,x,3,z,0.1,normal,0,100000,93587,0,0,0,0.93587,0.0,0,9.08390268101357
4,x,3,x,0.1,normal,0,100000,93587,0,0,0,0.93587,0.0,0,9.08390268101357
4,x,3,x,0.1,normal,0,100000,93587,0,0,0,0.93587,0.0,0,9.08390268101357
4,x,3,x,0.1,normal,0,100000,93587,0,0,0,0.93587,0.0,0,9.08390268101357
4,x,15,z,0.3,normal,0,100000,85685,6668,12335,0,0.85685,0.07781992180661723,0,15.429913566011237
4,x,15,x,0.3,normal,0,100000,85685,6668,12335,0,0.85685,0.07781992180661723,0,15.429913566011237
4,x,15,z,0.3,normal,0,100000,85685,6668,12335,0,0.85685,0.07781992180661723,0,15.429913566011237
4,x,15,z,0.3,normal,0,100000,85685,6668,12335,0,0.85685,0.07781992180661723,0,15.429913566011237
4,x,4,x,0.1,normal,0,100000,91446,12,23,0,0.91446,0.0001312249852372105,0,14.25222883198876
4,x,4,z,0.1,normal,0,100000,91446,12,23,0,0.91446,0.0001312249852372105,0,14.25222883198876
4,x,4,x,0.1,normal,0,100000,91446,12,23,0,0.91446,0.0001312249852372105,0,14.25222883198876
4,x,4,x,0.1,normal,0,100000,91446,12,23,0,0.91446,0.0001312249852372105,0,14.25222883198876
4,x,6,x,0.1,normal,0,100000,87076,54,109,0,0.87076,0.000620147916762348,0,13.136974246997852
4,x,6,x,0.1,normal,0,100000,87076,54,109,0,0.87076,0.000620147916762348,0,13.136974246997852
4,x,6,z,0.1,normal,0,100000,87076,54,109,0,0.87076,0.000620147916762348,0,13.136974246997852
4,x,6,x,0.1,normal,0,100000,87076,54,109,0,0.87076,0.000620147916762348,0,13.136974246997852
4,x,9,z,0.1,normal,0,100000,100000,0,0,0,1.0,0.0,0,10.836123437009519
4,x,9,z,0.1,normal,0,100000,100000,0,0,0,1.0,0.0,0,10.836123437009519
4,x,9,z,0.1,normal,0,100000,100000,0,0,0,1.0,0.0,0,10.836123437009519
4,x,9,x,0.1,normal,0,100000,100000,0,0,0,1.0,0.0,0,10.836123437009519
4,x,8,x,0.1,normal,0,100000,87354,2382,4613,0,0.87354,0.027268356343155387,0,13.909904952015495
4,x,8,z,0.1,normal,0,100000,87354,2382,4613,0,0.87354,0.027268356343155387,0,13.909904952015495
4,x,8,z,0.1,normal,0,100000,87354,2382,4613,0,0.87354,0.027268356343155387,0,13.909904952015495
4,x,8,x,0.1,normal,0,100000,87354,2382,4613,0,0.87354,0.027268356343155387,0,13.909904952015495
4,x,3,z,1,m1,0,100000,55453,5,10,0,0.55453,9.016644726167478e-05,0,4.246546584006865
4,x,3,x,1,m1,0,100000,55453,5,10,0,0.55453,9.016644726167478e-05,0,4.246546584006865
4,x,3,x,1,m1,0,100000,55453,5,10,0,0.55453,9.016644726167478e-05,0,4.246546584006865
4,x,3,x,1,m1,0,100000,55453,5,10,0,0.55453,9.016644726167478e-05,0,4.246546584006865
4,x,10,x,0.1,normal,0,100000,85141,84,162,0,0.85141,0.0009865987009783916,0,15.011544206005055
4,x,10,x,0.1,normal,0,100000,85141,84,162,0,0.85141,0.0009865987009783916,0,15.011544206005055
4,x,10,x,0.1,normal,0,100000,85141,84,162,0,0.85141,0.0009865987009783916,0,15.011544206005055
4,x,10,z,0.1,normal,0,100000,85141,84,162,0,0.85141,0.0009865987009783916,0,15.011544206005055
4,x,7,z,0.1,normal,0,100000,93354,40,73,0,0.93354,0.0004284765516207045,0,16.175124726985814
4,x,7,x,0.1,normal,0,100000,93354,40,73,0,0.93354,0.0004284765516207045,0,16.175124726985814
4,x,7,z,0.1,normal,0,100000,93354,40,73,0,0.93354,0.0004284765516207045,0,16.175124726985814
4,x,7,x,0.1,normal,0,100000,93354,40,73,0,0.93354,0.0004284765516207045,0,16.175124726985814
4,x,2,x,1,m1,0,100000,37753,0,0,0,0.37753,0.0,0,6.24503770301817
4,x,2,x,1,m1,0,100000,37753,0,0,0,0.37753,0.0,0,6.24503770301817
4,x,2,x,1,m1,0,100000,37753,0,0,0,0.37753,0.0,0,6.24503770301817
4,x,2,x,1,m1,0,100000,37753,0,0,0,0.37753,0.0,0,6.24503770301817
4,x,12,x,0.1,normal,0,100000,90347,2755,5378,0,0.90347,0.03049354156751194,0,14.26421720397775
4,x,12,z,0.1,normal,0,100000,90347,2755,5378,0,0.90347,0.03049354156751194,0,14.26421720397775
4,x,12,x,0.1,normal,0,100000,90347,2755,5378,0,0.90347,0.03049354156751194,0,14.26421720397775
4,x,12,z,0.1,normal,0,100000,90347,2755,5378,0,0.90347,0.03049354156751194,0,14.26421720397775
4,x,11,z,0.1,normal,0,100000,94608,60,118,0,0.94608,0.0006341958396752778,0,16.03400658100145
4,x,11,x,0.1,normal,0,100000,94608,60,118,0,0.94608,0.0006341958396752778,0,16.03400658100145
4,x,11,x,0.1,normal,0,100000,94608,60,118,0,0.94608,0.0006341958396752778,0,16.03400658100145
4,x,11,z,0.1,normal,0,100000,94608,60,118,0,0.94608,0.0006341958396752778,0,16.03400658100145
4,x,14,x,0.1,normal,0,100000,89370,2490,4723,0,0.8937,0.02786169855656262,0,16.276996729022358
4,x,14,x,0.1,normal,0,100000,89370,2490,4723,0,0.8937,0.02786169855656262,0,16.276996729022358
4,x,14,z,0.1,normal,0,100000,89370,2490,4723,0,0.8937,0.02786169855656262,0,16.276996729022358
4,x,14,z,0.1,normal,0,100000,89370,2490,4723,0,0.8937,0.02786169855656262,0,16.276996729022358
4,x,5,z,1,m1,0,100000,70523,15,26,0,0.70523,0.00021269656707745277,0,3.149900020012865
4,x,5,z,1,m1,0,100000,70523,15,26,0,0.70523,0.00021269656707745277,0,3.149900020012865
4,x,5,x,1,m1,0,100000,70523,15,26,0,0.70523,0.00021269656707745277,0,3.149900020012865
4,x,5,x,1,m1,0,100000,70523,15,26,0,0.70523,0.00021269656707745277,0,3.149900020012865
4,x,9,z,1,m1,0,100000,100000,33,66,0,1.0,0.0003300000000000525,0,1.0840365960029885
4,x,9,z,1,m1,0,100000,100000,33,66,0,1.0,0.0003300000000000525,0,1.0840365960029885
4,x,9,z,1,m1,0,100000,100000,33,66,0,1.0,0.0003300000000000525,0,1.0840365960029885
4,x,9,x,1,m1,0,100000,100000,33,66,0,1.0,0.0003300000000000525,0,1.0840365960029885
4,x,4,x,1,m1,0,100000,30093,297,564,0,0.30093,0.009869404844980556,0,10.513581286009867
4,x,4,z,1,m1,0,100000,30093,297,564,0,0.30093,0.009869404844980556,0,10.513581286009867
4,x,4,x,1,m1,0,100000,30093,297,564,0,0.30093,0.009869404844980556,0,10.513581286009867
4,x,4,x,1,m1,0,100000,30093,297,564,0,0.30093,0.009869404844980556,0,10.513581286009867
4,x,13,z,0.1,normal,0,100000,96796,74,144,0,0.96796,0.0007644944005951171,0,15.309051195014035
4,x,13,z,0.1,normal,0,100000,96796,74,144,0,0.96796,0.0007644944005951171,0,15.309051195014035
4,x,13,x,0.1,normal,0,100000,96796,74,144,0,0.96796,0.0007644944005951171,0,15.309051195014035
4,x,13,z,0.1,normal,0,100000,96796,74,144,0,0.96796,0.0007644944005951171,0,15.309051195014035
4,x,15,z,0.1,normal,0,100000,94934,2546,4959,0,0.94934,0.02681863189163003,0,15.515088359999936
4,x,15,x,0.1,normal,0,100000,94934,2546,4959,0,0.94934,0.02681863189163003,0,15.515088359999936
4,x,15,z,0.1,normal,0,100000,94934,2546,4959,0,0.94934,0.02681863189163003,0,15.515088359999936
4,x,15,z,0.1,normal,0,100000,94934,2546,4959,0,0.94934,0.02681863189163003,0,15.515088359999936
4,x,8,x,1,m1,0,100000,35847,6528,11418,0,0.35847,0.1821072893129132,0,12.073759004008025
4,x,8,z,1,m1,0,100000,35847,6528,11418,0,0.35847,0.1821072893129132,0,12.073759004008025
4,x,8,z,1,m1,0,100000,35847,6528,11418,0,0.35847,0.1821072893129132,0,12.073759004008025
4,x,8,x,1,m1,0,100000,35847,6528,11418,0,0.35847,0.1821072893129132,0,12.073759004008025
4,x,6,x,1,m1,0,100000,40521,422,795,0,0.40521,0.010414353051504177,0,13.431976466992637
4,x,6,x,1,m1,0,100000,40521,422,795,0,0.40521,0.010414353051504177,0,13.431976466992637
4,x,6,z,1,m1,0,100000,40521,422,795,0,0.40521,0.010414353051504177,0,13.431976466992637
4,x,6,x,1,m1,0,100000,40521,422,795,0,0.40521,0.010414353051504177,0,13.431976466992637
4,x,10,x,1,m1,0,100000,39428,1090,1874,0,0.39428,0.027645328193162233,0,10.192613357998198
4,x,10,x,1,m1,0,100000,39428,1090,1874,0,0.39428,0.027645328193162233,0,10.192613357998198
4,x,10,x,1,m1,0,100000,39428,1090,1874,0,0.39428,0.027645328193162233,0,10.192613357998198
4,x,10,z,1,m1,0,100000,39428,1090,1874,0,0.39428,0.027645328193162233,0,10.192613357998198
4,x,2,x,0.8,m1,0,100000,46437,0,0,0,0.46437,0.0,0,4.337314047996188
4,x,2,x,0.8,m1,0,100000,46437,0,0,0,0.46437,0.0,0,4.337314047996188
4,x,2,x,0.8,m1,0,100000,46437,0,0,0,0.46437,0.0,0,4.337314047996188
4,x,2,x,0.8,m1,0,100000,46437,0,0,0,0.46437,0.0,0,4.337314047996188
4,x,12,x,1,m1,0,100000,36759,6825,12504,0,0.36759,0.18566881580021222,0,10.113816445984412
4,x,12,z,1,m1,0,100000,36759,6825,12504,0,0.36759,0.18566881580021222,0,10.113816445984412
4,x,12,x,1,m1,0,100000,36759,6825,12504,0,0.36759,0.18566881580021222,0,10.113816445984412
4,x,12,z,1,m1,0,100000,36759,6825,12504,0,0.36759,0.18566881580021222,0,10.113816445984412
4,x,7,z,1,m1,0,100000,64439,1960,3486,0,0.64439,0.03041636276168158,0,12.348218756000279
4,x,7,x,1,m1,0,100000,64439,1960,3486,0,0.64439,0.03041636276168158,0,12.348218756000279
4,x,7,z,1,m1,0,100000,64439,1960,3486,0,0.64439,0.03041636276168158,0,12.348218756000279
4,x,7,x,1,m1,0,100000,64439,1960,3486,0,0.64439,0.03041636276168158,0,12.348218756000279
4,x,11,z,1,m1,0,100000,41529,1152,2065,0,0.41529,0.027739651809578825,0,12.791765205998672
4,x,11,x,1,m1,0,100000,41529,1152,2065,0,0.41529,0.027739651809578825,0,12.791765205998672
4,x,11,x,1,m1,0,100000,41529,1152,2065,0,0.41529,0.027739651809578825,0,12.791765205998672
4,x,11,z,1,m1,0,100000,41529,1152,2065,0,0.41529,0.027739651809578825,0,12.791765205998672
4,x,3,z,0.8,m1,0,100000,62467,1,2,0,0.62467,1.600845246285676e-05,0,4.141916111984756
4,x,3,x,0.8,m1,0,100000,62467,1,2,0,0.62467,1.600845246285676e-05,0,4.141916111984756
4,x,3,x,0.8,m1,0,100000,62467,1,2,0,0.62467,1.600845246285676e-05,0,4.141916111984756
4,x,3,x,0.8,m1,0,100000,62467,1,2,0,0.62467,1.600845246285676e-05,0,4.141916111984756
4,x,14,x,1,m1,0,100000,41443,8273,14628,0,0.41443,0.19962357937408004,0,12.095177262992365
4,x,14,x,1,m1,0,100000,41443,8273,14628,0,0.41443,0.19962357937408004,0,12.095177262992365
4,x,14,z,1,m1,0,100000,41443,8273,14628,0,0.41443,0.19962357937408004,0,12.095177262992365
4,x,14,z,1,m1,0,100000,41443,8273,14628,0,0.41443,0.19962357937408004,0,12.095177262992365
4,x,13,z,1,m1,0,100000,24408,4921,6874,0,0.24408,0.20161422484431335,0,12.289722400018945
4,x,13,z,1,m1,0,100000,24408,4921,6874,0,0.24408,0.20161422484431335,0,12.289722400018945
4,x,13,x,1,m1,0,100000,24408,4921,6874,0,0.24408,0.20161422484431335,0,12.289722400018945
4,x,13,z,1,m1,0,100000,24408,4921,6874,0,0.24408,0.20161422484431335,0,12.289722400018945
4,x,15,z,1,m1,0,100000,56394,13501,20978,0,0.56394,0.2394049012306274,0,14.432558661006624
4,x,15,x,1,m1,0,100000,56394,13501,20978,0,0.56394,0.2394049012306274,0,14.432558661006624
4,x,15,z,1,m1,0,100000,56394,13501,20978,0,0.56394,0.2394049012306274,0,14.432558661006624
4,x,15,z,1,m1,0,100000,56394,13501,20978,0,0.56394,0.2394049012306274,0,14.432558661006624
4,x,9,z,0.8,m1,0,100000,100000,15,30,0,1.0,0.00014999999999998348,0,0.870139428996481
4,x,9,z,0.8,m1,0,100000,100000,15,30,0,1.0,0.00014999999999998348,0,0.870139428996481
4,x,9,z,0.8,m1,0,100000,100000,15,30,0,1.0,0.00014999999999998348,0,0.870139428996481
4,x,9,x,0.8,m1,0,100000,100000,15,30,0,1.0,0.00014999999999998348,0,0.870139428996481
4,x,5,z,0.8,m1,0,100000,75492,6,12,0,0.75492,7.947862025114993e-05,0,2.602373906993307
4,x,5,z,0.8,m1,0,100000,75492,6,12,0,0.75492,7.947862025114993e-05,0,2.602373906993307
4,x,5,x,0.8,m1,0,100000,75492,6,12,0,0.75492,7.947862025114993e-05,0,2.602373906993307
4,x,5,x,0.8,m1,0,100000,75492,6,12,0,0.75492,7.947862025114993e-05,0,2.602373906993307
4,x,4,x,0.8,m1,0,100000,38151,246,472,0,0.38151,0.006448061649760195,0,10.40104115800932
4,x,4,z,0.8,m1,0,100000,38151,246,472,0,0.38151,0.006448061649760195,0,10.40104115800932
4,x,4,x,0.8,m1,0,100000,38151,246,472,0,0.38151,0.006448061649760195,0,10.40104115800932
4,x,4,x,0.8,m1,0,100000,38151,246,472,0,0.38151,0.006448061649760195,0,10.40104115800932
4,x,6,x,0.8,m1,0,100000,48155,334,619,0,0.48155,0.006935936039871304,0,10.656560511008138
4,x,6,x,0.8,m1,0,100000,48155,334,619,0,0.48155,0.006935936039871304,0,10.656560511008138
4,x,6,z,0.8,m1,0,100000,48155,334,619,0,0.48155,0.006935936039871304,0,10.656560511008138
4,x,6,x,0.8,m1,0,100000,48155,334,619,0,0.48155,0.006935936039871304,0,10.656560511008138
4,x,2,x,0.5,m1,0,100000,61643,0,0,0,0.61643,0.0,0,2.6152987589885015
4,x,2,x,0.5,m1,0,100000,61643,0,0,0,0.61643,0.0,0,2.6152987589885015
4,x,2,x,0.5,m1,0,100000,61643,0,0,0,0.61643,0.0,0,2.6152987589885015
4,x,2,x,0.5,m1,0,100000,61643,0,0,0,0.61643,0.0,0,2.6152987589885015
4,x,3,z,0.5,m1,0,100000,74524,0,1,0,0.74524,0.0,0,2.5949807750002947
4,x,3,x,0.5,m1,0,100000,74524,0,1,0,0.74524,0.0,0,2.5949807750002947
4,x,3,x,0.5,m1,0,100000,74524,0,1,0,0.74524,0.0,0,2.5949807750002947
4,x,3,x,0.5,m1,0,100000,74524,0,1,0,0.74524,0.0,0,2.5949807750002947
4,x,10,x,0.8,m1,0,100000,47013,888,1551,0,0.47013,0.018888392572267265,0,11.407781154994154
4,x,10,x,0.8,m1,0,100000,47013,888,1551,0,0.47013,0.018888392572267265,0,11.407781154994154
4,x,10,x,0.8,m1,0,100000,47013,888,1551,0,0.47013,0.018888392572267265,0,11.407781154994154
4,x,10,z,0.8,m1,0,100000,47013,888,1551,0,0.47013,0.018888392572267265,0,11.407781154994154
4,x,8,x,0.8,m1,0,100000,43724,6401,11114,0,0.43724,0.14639557222577992,0,13.382841915008612
4,x,8,z,0.8,m1,0,100000,43724,6401,11114,0,0.43724,0.14639557222577992,0,13.382841915008612
4,x,8,z,0.8,m1,0,100000,43724,6401,11114,0,0.43724,0.14639557222577992,0,13.382841915008612
4,x,8,x,0.8,m1,0,100000,43724,6401,11114,0,0.43724,0.14639557222577992,0,13.382841915008612
4,x,11,z,0.8,m1,0,100000,49171,882,1611,0,0.49171,0.01793740212727013,0,13.091408389009302
4,x,11,x,0.8,m1,0,100000,49171,882,1611,0,0.49171,0.01793740212727013,0,13.091408389009302
4,x,11,x,0.8,m1,0,100000,49171,882,1611,0,0.49171,0.01793740212727013,0,13.091408389009302
4,x,11,z,0.8,m1,0,100000,49171,882,1611,0,0.49171,0.01793740212727013,0,13.091408389009302
4,x,14,x,0.8,m1,0,100000,49350,8186,14593,0,0.4935,0.16587639311043567,0,11.711426373018185
4,x,14,x,0.8,m1,0,100000,49350,8186,14593,0,0.4935,0.16587639311043567,0,11.711426373018185
4,x,14,z,0.8,m1,0,100000,49350,8186,14593,0,0.4935,0.16587639311043567,0,11.711426373018185
4,x,14,z,0.8,m1,0,100000,49350,8186,14593,0,0.4935,0.16587639311043567,0,11.711426373018185
4,x,7,z,0.8,m1,0,100000,70447,1480,2682,0,0.70447,0.02100870157707213,0,11.97018527999171
4,x,7,x,0.8,m1,0,100000,70447,1480,2682,0,0.70447,0.02100870157707213,0,11.97018527999171
4,x,7,z,0.8,m1,0,100000,70447,1480,2682,0,0.70447,0.02100870157707213,0,11.97018527999171
4,x,7,x,0.8,m1,0,100000,70447,1480,2682,0,0.70447,0.02100870157707213,0,11.97018527999171
4,x,9,z,0.5,m1,0,100000,100000,2,5,0,1.0,2.0000000000020002e-05,0,0.6174193100014236
4,x,9,z,0.5,m1,0,100000,100000,2,5,0,1.0,2.0000000000020002e-05,0,0.6174193100014236
4,x,9,z,0.5,m1,0,100000,100000,2,5,0,1.0,2.0000000000020002e-05,0,0.6174193100014236
4,x,9,x,0.5,m1,0,100000,100000,2,5,0,1.0,2.0000000000020002e-05,0,0.6174193100014236
4,x,15,z,0.8,m1,0,100000,63040,12760,20797,0,0.6304,0.2024111675126904,0,13.898067379981512
4,x,15,x,0.8,m1,0,100000,63040,12760,20797,0,0.6304,0.2024111675126904,0,13.898067379981512
4,x,15,z,0.8,m1,0,100000,63040,12760,20797,0,0.6304,0.2024111675126904,0,13.898067379981512
4,x,15,z,0.8,m1,0,100000,63040,12760,20797,0,0.6304,0.2024111675126904,0,13.898067379981512
4,x,12,x,0.8,m1,0,100000,44815,6898,12601,0,0.44815,0.153921678009595,0,14.13665022602072
4,x,12,z,0.8,m1,0,100000,44815,6898,12601,0,0.44815,0.153921678009595,0,14.13665022602072
4,x,12,x,0.8,m1,0,100000,44815,6898,12601,0,0.44815,0.153921678009595,0,14.13665022602072
4,x,12,z,0.8,m1,0,100000,44815,6898,12601,0,0.44815,0.153921678009595,0,14.13665022602072
4,x,13,z,0.8,m1,0,100000,27249,4774,7029,0,0.27249,0.17519908987485777,0,12.572850712022046
4,x,13,z,0.8,m1,0,100000,27249,4774,7029,0,0.27249,0.17519908987485777,0,12.572850712022046
4,x,13,x,0.8,m1,0,100000,27249,4774,7029,0,0.27249,0.17519908987485777,0,12.572850712022046
4,x,13,z,0.8,m1,0,100000,27249,4774,7029,0,0.27249,0.17519908987485777,0,12.572850712022046
4,x,5,z,0.5,m1,0,100000,83886,0,0,0,0.83886,0.0,0,1.807299343025079
4,x,5,z,0.5,m1,0,100000,83886,0,0,0,0.83886,0.0,0,1.807299343025079
4,x,5,x,0.5,m1,0,100000,83886,0,0,0,0.83886,0.0,0,1.807299343025079
4,x,5,x,0.5,m1,0,100000,83886,0,0,0,0.83886,0.0,0,1.807299343025079
4,x,4,x,0.5,m1,0,100000,54793,154,303,0,0.54793,0.0028105779935393427,0,9.939808481984073
4,x,4,z,0.5,m1,0,100000,54793,154,303,0,0.54793,0.0028105779935393427,0,9.939808481984073
4,x,4,x,0.5,m1,0,100000,54793,154,303,0,0.54793,0.0028105779935393427,0,9.939808481984073
4,x,4,x,0.5,m1,0,100000,54793,154,303,0,0.54793,0.0028105779935393427,0,9.939808481984073
4,x,2,x,0.3,m1,0,100000,74919,0,0,0,0.74919,0.0,0,1.969581177982036
4,x,2,x,0.3,m1,0,100000,74919,0,0,0,0.74919,0.0,0,1.969581177982036
4,x,2,x,0.3,m1,0,100000,74919,0,0,0,0.74919,0.0,0,1.969581177982036
4,x,2,x,0.3,m1,0,100000,74919,0,0,0,0.74919,0.0,0,1.969581177982036
4,x,6,x,0.5,m1,0,100000,63212,186,359,0,0.63212,0.002942479276086818,0,12.090289490006398
4,x,6,x,0.5,m1,0,100000,63212,186,359,0,0.63212,0.002942479276086818,0,12.090289490006398
4,x,6,z,0.5,m1,0,100000,63212,186,359,0,0.63212,0.002942479276086818,0,12.090289490006398
4,x,6,x,0.5,m1,0,100000,63212,186,359,0,0.63212,0.002942479276086818,0,12.090289490006398
4,x,8,x,0.5,m1,0,100000,58947,5342,9251,0,0.58947,0.09062378068434351,0,11.61922539601801
4,x,8,z,0.5,m1,0,100000,58947,5342,9251,0,0.58947,0.09062378068434351,0,11.61922539601801
4,x,8,z,0.5,m1,0,100000,58947,5342,9251,0,0.58947,0.09062378068434351,0,11.61922539601801
4,x,8,x,0.5,m1,0,100000,58947,5342,9251,0,0.58947,0.09062378068434351,0,11.61922539601801
4,x,3,z,0.3,m1,0,100000,83874,0,0,0,0.83874,0.0,0,1.826043535984354
4,x,3,x,0.3,m1,0,100000,83874,0,0,0,0.83874,0.0,0,1.826043535984354
4,x,3,x,0.3,m1,0,100000,83874,0,0,0,0.83874,0.0,0,1.826043535984354
4,x,3,x,0.3,m1,0,100000,83874,0,0,0,0.83874,0.0,0,1.826043535984354
4,x,12,x,0.5,m1,0,100000,60275,5981,11098,0,0.60275,0.09922853587722935,0,11.734723645000486
4,x,12,z,0.5,m1,0,100000,60275,5981,11098,0,0.60275,0.09922853587722935,0,11.734723645000486
4,x,12,x,0.5,m1,0,100000,60275,5981,11098,0,0.60275,0.09922853587722935,0,11.734723645000486
4,x,12,z,0.5,m1,0,100000,60275,5981,11098,0,0.60275,0.09922853587722935,0,11.734723645000486
4,x,7,z,0.5,m1,0,100000,80015,761,1402,0,0.80015,0.009510716740611103,0,11.416366507008206
4,x,7,x,0.5,m1,0,100000,80015,761,1402,0,0.80015,0.009510716740611103,0,11.416366507008206
4,x,7,z,0.5,m1,0,100000,80015,761,1402,0,0.80015,0.009510716740611103,0,11.416366507008206
4,x,7,x,0.5,m1,0,100000,80015,761,1402,0,0.80015,0.009510716740611103,0,11.416366507008206
4,x,14,x,0.5,m1,0,100000,64367,7024,12775,0,0.64367,0.10912424068233717,0,12.856297679012641
4,x,14,x,0.5,m1,0,100000,64367,7024,12775,0,0.64367,0.10912424068233717,0,12.856297679012641
4,x,14,z,0.5,m1,0,100000,64367,7024,12775,0,0.64367,0.10912424068233717,0,12.856297679012641
4,x,14,z,0.5,m1,0,100000,64367,7024,12775,0,0.64367,0.10912424068233717,0,12.856297679012641
4,x,5,z,0.3,m1,0,100000,89967,0,1,0,0.89967,0.0,0,1.3606160170165822
4,x,5,z,0.3,m1,0,100000,89967,0,1,0,0.89967,0.0,0,1.3606160170165822
4,x,5,x,0.3,m1,0,100000,89967,0,1,0,0.89967,0.0,0,1.3606160170165822
4,x,5,x,0.3,m1,0,100000,89967,0,1,0,0.89967,0.0,0,1.3606160170165822
4,x,11,z,0.5,m1,0,100000,63604,514,975,0,0.63604,0.00808125275139926,0,14.629679157980718
4,x,11,x,0.5,m1,0,100000,63604,514,975,0,0.63604,0.00808125275139926,0,14.629679157980718
4,x,11,x,0.5,m1,0,100000,63604,514,975,0,0.63604,0.00808125275139926,0,14.629679157980718
4,x,11,z,0.5,m1,0,100000,63604,514,975,0,0.63604,0.00808125275139926,0,14.629679157980718
4,x,15,z,0.5,m1,0,100000,74828,10234,17903,0,0.74828,0.13676698562035605,0,14.594497849000618
4,x,15,x,0.5,m1,0,100000,74828,10234,17903,0,0.74828,0.13676698562035605,0,14.594497849000618
4,x,15,z,0.5,m1,0,100000,74828,10234,17903,0,0.74828,0.13676698562035605,0,14.594497849000618
4,x,15,z,0.5,m1,0,100000,74828,10234,17903,0,0.74828,0.13676698562035605,0,14.594497849000618
4,x,9,z,0.3,m1,0,100000,100000,0,0,0,1.0,0.0,0,0.4372736109944526
4,x,9,z,0.3,m1,0,100000,100000,0,0,0,1.0,0.0,0,0.4372736109944526
4,x,9,z,0.3,m1,0,100000,100000,0,0,0,1.0,0.0,0,0.4372736109944526
4,x,9,x,0.3,m1,0,100000,100000,0,0,0,1.0,0.0,0,0.4372736109944526
4,x,10,x,0.5,m1,0,100000,61628,585,1078,0,0.61628,0.009492438501979672,0,17.5232092429942
4,x,10,x,0.5,m1,0,100000,61628,585,1078,0,0.61628,0.009492438501979672,0,17.5232092429942
4,x,10,x,0.5,m1,0,100000,61628,585,1078,0,0.61628,0.009492438501979672,0,17.5232092429942
4,x,10,z,0.5,m1,0,100000,61628,585,1078,0,0.61628,0.009492438501979672,0,17.5232092429942
4,x,13,z,0.5,m1,0,100000,33489,3917,6288,0,0.33489,0.11696377915136313,0,13.918103603995405
4,x,13,z,0.5,m1,0,100000,33489,3917,6288,0,0.33489,0.11696377915136313,0,13.918103603995405
4,x,13,x,0.5,m1,0,100000,33489,3917,6288,0,0.33489,0.11696377915136313,0,13.918103603995405
4,x,13,z,0.5,m1,0,100000,33489,3917,6288,0,0.33489,0.11696377915136313,0,13.918103603995405
4,x,4,x,0.3,m1,0,100000,69665,65,130,0,0.69665,0.0009330366755185837,0,9.24948642399977
4,x,4,z,0.3,m1,0,100000,69665,65,130,0,0.69665,0.0009330366755185837,0,9.24948642399977
4,x,4,x,0.3,m1,0,100000,69665,65,130,0,0.69665,0.0009330366755185837,0,9.24948642399977
4,x,4,x,0.3,m1,0,100000,69665,65,130,0,0.69665,0.0009330366755185837,0,9.24948642399977
4,x,2,x,0.1,m1,0,100000,90817,0,0,0,0.90817,0.0,0,1.140823077003006
4,x,2,x,0.1,m1,0,100000,90817,0,0,0,0.90817,0.0,0,1.140823077003006
4,x,2,x,0.1,m1,0,100000,90817,0,0,0,0.90817,0.0,0,1.140823077003006
4,x,2,x,0.1,m1,0,100000,90817,0,0,0,0.90817,0.0,0,1.140823077003006
4,x,6,x,0.3,m1,0,100000,75812,95,182,0,0.75812,0.0012530997731229343,0,12.34888699799194
4,x,6,x,0.3,m1,0,100000,75812,95,182,0,0.75812,0.0012530997731229343,0,12.34888699799194
4,x,6,z,0.3,m1,0,100000,75812,95,182,0,0.75812,0.0012530997731229343,0,12.34888699799194
4,x,6,x,0.3,m1,0,100000,75812,95,182,0,0.75812,0.0012530997731229343,0,12.34888699799194
4,x,3,z,0.1,m1,0,100000,94231,0,0,0,0.94231,0.0,0,1.227244162990246
4,x,3,x,0.1,m1,0,100000,94231,0,0,0,0.94231,0.0,0,1.227244162990246
4,x,3,x,0.1,m1,0,100000,94231,0,0,0,0.94231,0.0,0,1.227244162990246
4,x,3,x,0.1,m1,0,100000,94231,0,0,0,0.94231,0.0,0,1.227244162990246
4,x,8,x,0.3,m1,0,100000,72490,3884,6685,0,0.7249,0.0535798041109119,0,12.37348361100885
4,x,8,z,0.3,m1,0,100000,72490,3884,6685,0,0.7249,0.0535798041109119,0,12.37348361100885
4,x,8,z,0.3,m1,0,100000,72490,3884,6685,0,0.7249,0.0535798041109119,0,12.37348361100885
4,x,8,x,0.3,m1,0,100000,72490,3884,6685,0,0.7249,0.0535798041109119,0,12.37348361100885
4,x,10,x,0.3,m1,0,100000,74533,340,636,0,0.74533,0.004561737753746686,0,12.97142882400658
4,x,10,x,0.3,m1,0,100000,74533,340,636,0,0.74533,0.004561737753746686,0,12.97142882400658
4,x,10,x,0.3,m1,0,100000,74533,340,636,0,0.74533,0.004561737753746686,0,12.97142882400658
4,x,10,z,0.3,m1,0,100000,74533,340,636,0,0.74533,0.004561737753746686,0,12.97142882400658
4,x,12,x,0.3,m1,0,100000,73876,4592,8507,0,0.73876,0.062158211056364765,0,12.588787675980711
4,x,12,z,0.3,m1,0,100000,73876,4592,8507,0,0.73876,0.062158211056364765,0,12.588787675980711
4,x,12,x,0.3,m1,0,100000,73876,4592,8507,0,0.73876,0.062158211056364765,0,12.588787675980711
4,x,12,z,0.3,m1,0,100000,73876,4592,8507,0,0.73876,0.062158211056364765,0,12.588787675980711
4,x,11,z,0.3,m1,0,100000,76104,232,451,0,0.76104,0.003048460002102349,0,14.215125501010334
4,x,11,x,0.3,m1,0,100000,76104,232,451,0,0.76104,0.003048460002102349,0,14.215125501010334
4,x,11,x,0.3,m1,0,100000,76104,232,451,0,0.76104,0.003048460002102349,0,14.215125501010334
4,x,11,z,0.3,m1,0,100000,76104,232,451,0,0.76104,0.003048460002102349,0,14.215125501010334
4,x,5,z,0.1,m1,0,100000,96558,0,0,0,0.96558,0.0,0,0.7182643369887955
4,x,5,z,0.1,m1,0,100000,96558,0,0,0,0.96558,0.0,0,0.7182643369887955
4,x,5,x,0.1,m1,0,100000,96558,0,0,0,0.96558,0.0,0,0.7182643369887955
4,x,5,x,0.1,m1,0,100000,96558,0,0,0,0.96558,0.0,0,0.7182643369887955
4,x,14,x,0.3,m1,0,100000,76935,5336,9897,0,0.76935,0.06935724962630796,0,12.856972506997408
4,x,14,x,0.3,m1,0,100000,76935,5336,9897,0,0.76935,0.06935724962630796,0,12.856972506997408
4,x,14,z,0.3,m1,0,100000,76935,5336,9897,0,0.76935,0.06935724962630796,0,12.856972506997408
4,x,14,z,0.3,m1,0,100000,76935,5336,9897,0,0.76935,0.06935724962630796,0,12.856972506997408
4,x,13,z,0.3,m1,0,100000,41985,2658,4751,0,0.41985,0.06330832440157197,0,12.980753317999188
4,x,13,z,0.3,m1,0,100000,41985,2658,4751,0,0.41985,0.06330832440157197,0,12.980753317999188
4,x,13,x,0.3,m1,0,100000,41985,2658,4751,0,0.41985,0.06330832440157197,0,12.980753317999188
4,x,13,z,0.3,m1,0,100000,41985,2658,4751,0,0.41985,0.06330832440157197,0,12.980753317999188
4,x,7,z,0.3,m1,0,100000,87408,400,766,0,0.87408,0.0045762401610836,0,12.131557677988894
4,x,7,x,0.3,m1,0,100000,87408,400,766,0,0.87408,0.0045762401610836,0,12.131557677988894
4,x,7,z,0.3,m1,0,100000,87408,400,766,0,0.87408,0.0045762401610836,0,12.131557677988894
4,x,7,x,0.3,m1,0,100000,87408,400,766,0,0.87408,0.0045762401610836,0,12.131557677988894
4,x,9,z,0.1,m1,0,100000,100000,0,0,0,1.0,0.0,0,0.33227410400286317
4,x,9,z,0.1,m1,0,100000,100000,0,0,0,1.0,0.0,0,0.33227410400286317
4,x,9,z,0.1,m1,0,100000,100000,0,0,0,1.0,0.0,0,0.33227410400286317
4,x,9,x,0.1,m1,0,100000,100000,0,0,0,1.0,0.0,0,0.33227410400286317
4,x,15,z,0.3,m1,0,100000,84156,7311,13466,0,0.84156,0.08687437615856264,0,15.930535179009894
4,x,15,x,0.3,m1,0,100000,84156,7311,13466,0,0.84156,0.08687437615856264,0,15.930535179009894
4,x,15,z,0.3,m1,0,100000,84156,7311,13466,0,0.84156,0.08687437615856264,0,15.930535179009894
4,x,15,z,0.3,m1,0,100000,84156,7311,13466,0,0.84156,0.08687437615856264,0,15.930535179009894
4,x,4,x,0.1,m1,0,100000,88589,9,18,0,0.88589,0.00010159274853538403,0,8.18630492000375
4,x,4,z,0.1,m1,0,100000,88589,9,18,0,0.88589,0.00010159274853538403,0,8.18630492000375
4,x,4,x,0.1,m1,0,100000,88589,9,18,0,0.88589,0.00010159274853538403,0,8.18630492000375
4,x,4,x,0.1,m1,0,100000,88589,9,18,0,0.88589,0.00010159274853538403,0,8.18630492000375
4,x,6,x,0.1,m1,0,100000,91198,22,45,0,0.91198,0.00024123336038073262,0,12.830393342999741
4,x,6,x,0.1,m1,0,100000,91198,22,45,0,0.91198,0.00024123336038073262,0,12.830393342999741
4,x,6,z,0.1,m1,0,100000,91198,22,45,0,0.91198,0.00024123336038073262,0,12.830393342999741
4,x,6,x,0.1,m1,0,100000,91198,22,45,0,0.91198,0.00024123336038073262,0,12.830393342999741
4,x,8,x,0.1,m1,0,100000,89606,1642,2806,0,0.89606,0.01832466575898939,0,13.002834216022165
4,x,8,z,0.1,m1,0,100000,89606,1642,2806,0,0.89606,0.01832466575898939,0,13.002834216022165
4,x,8,z,0.1,m1,0,100000,89606,1642,2806,0,0.89606,0.01832466575898939,0,13.002834216022165
4,x,8,x,0.1,m1,0,100000,89606,1642,2806,0,0.89606,0.01832466575898939,0,13.002834216022165
4,x,10,x,0.1,m1,0,100000,90600,92,183,0,0.906,0.001015452538631334,0,13.262039610010106
4,x,10,x,0.1,m1,0,100000,90600,92,183,0,0.906,0.001015452538631334,0,13.262039610010106
4,x,10,x,0.1,m1,0,100000,90600,92,183,0,0.906,0.001015452538631334,0,13.262039610010106
4,x,10,z,0.1,m1,0,100000,90600,92,183,0,0.906,0.001015452538631334,0,13.262039610010106
4,x,7,z,0.1,m1,0,100000,95698,99,192,0,0.95698,0.0010345043783569485,0,8.90084948000731
4,x,7,x,0.1,m1,0,100000,95698,99,192,0,0.95698,0.0010345043783569485,0,8.90084948000731
4,x,7,z,0.1,m1,0,100000,95698,99,192,0,0.95698,0.0010345043783569485,0,8.90084948000731
4,x,7,x,0.1,m1,0,100000,95698,99,192,0,0.95698,0.0010345043783569485,0,8.90084948000731
4,x,12,x,0.1,m1,0,100000,90540,1886,3558,0,0.9054,0.02083057212281869,0,13.766555030975724
4,x,12,z,0.1,m1,0,100000,90540,1886,3558,0,0.9054,0.02083057212281869,0,13.766555030975724
4,x,12,x,0.1,m1,0,100000,90540,1886,3558,0,0.9054,0.02083057212281869,0,13.766555030975724
4,x,12,z,0.1,m1,0,100000,90540,1886,3558,0,0.9054,0.02083057212281869,0,13.766555030975724
4,x,14,x,0.1,m1,0,100000,91583,2096,3985,0,0.91583,0.022886343535372333,0,15.811377303005429
4,x,14,x,0.1,m1,0,100000,91583,2096,3985,0,0.91583,0.022886343535372333,0,15.811377303005429
4,x,14,z,0.1,m1,0,100000,91583,2096,3985,0,0.91583,0.022886343535372333,0,15.811377303005429
4,x,14,z,0.1,m1,0,100000,91583,2096,3985,0,0.91583,0.022886343535372333,0,15.811377303005429
4,x,13,z,0.1,m1,0,100000,67906,670,1288,0,0.67906,0.009866580272729908,0,13.810879413998919
4,x,13,z,0.1,m1,0,100000,67906,670,1288,0,0.67906,0.009866580272729908,0,13.810879413998919
4,x,13,x,0.1,m1,0,100000,67906,670,1288,0,0.67906,0.009866580272729908,0,13.810879413998919
4,x,13,z,0.1,m1,0,100000,67906,670,1288,0,0.67906,0.009866580272729908,0,13.810879413998919
4,x,11,z,0.1,m1,0,100000,91379,36,70,0,0.91379,0.0003939636021405013,0,19.726045691000763
4,x,11,x,0.1,m1,0,100000,91379,36,70,0,0.91379,0.0003939636021405013,0,19.726045691000763
4,x,11,x,0.1,m1,0,100000,91379,36,70,0,0.91379,0.0003939636021405013,0,19.726045691000763
4,x,11,z,0.1,m1,0,100000,91379,36,70,0,0.91379,0.0003939636021405013,0,19.726045691000763
4,x,15,z,0.1,m1,0,100000,94495,2918,5677,0,0.94495,0.030879940737605138,0,17.421501998003805
4,x,15,x,0.1,m1,0,100000,94495,2918,5677,0,0.94495,0.030879940737605138,0,17.421501998003805
4,x,15,z,0.1,m1,0,100000,94495,2918,5677,0,0.94495,0.030879940737605138,0,17.421501998003805
4,x,15,z,0.1,m1,0,100000,94495,2918,5677,0,0.94495,0.030879940737605138,0,17.421501998003805
4,z,2,z,1,normal,0,100000,51754,9464,15493,0,0.51754,0.18286509255323258,0,13.556677479995415
4,z,2,x,1,normal,0,100000,51754,9464,15493,0,0.51754,0.18286509255323258,0,13.556677479995415
4,z,2,x,1,normal,0,100000,51754,9464,15493,0,0.51754,0.18286509255323258,0,13.556677479995415
4,z,2,x,1,normal,0,100000,51754,9464,15493,0,0.51754,0.18286509255323258,0,13.556677479995415
4,z,3,x,1,normal,0,100000,41005,9633,16268,0,0.41005,0.23492257041824172,0,11.141776272008428
4,z,3,z,1,normal,0,100000,41005,9633,16268,0,0.41005,0.23492257041824172,0,11.141776272008428
4,z,3,x,1,normal,0,100000,41005,9633,16268,0,0.41005,0.23492257041824172,0,11.141776272008428
4,z,3,x,1,normal,0,100000,41005,9633,16268,0,0.41005,0.23492257041824172,0,11.141776272008428
4,z,5,x,1,normal,0,100000,25574,6170,11287,0,0.25574,0.24126065535309293,0,10.149476375023369
4,z,5,x,1,normal,0,100000,25574,6170,11287,0,0.25574,0.24126065535309293,0,10.149476375023369
4,z,5,z,1,normal,0,100000,25574,6170,11287,0,0.25574,0.24126065535309293,0,10.149476375023369
4,z,5,x,1,normal,0,100000,25574,6170,11287,0,0.25574,0.24126065535309293,0,10.149476375023369
4,z,7,x,1,normal,0,100000,29776,902,1580,0,0.29776,0.030292853304674905,0,10.377314693003427
4,z,7,z,1,normal,0,100000,29776,902,1580,0,0.29776,0.030292853304674905,0,10.377314693003427
4,z,7,z,1,normal,0,100000,29776,902,1580,0,0.29776,0.030292853304674905,0,10.377314693003427
4,z,7,x,1,normal,0,100000,29776,902,1580,0,0.29776,0.030292853304674905,0,10.377314693003427
4,z,4,z,1,normal,0,100000,53358,3429,5536,0,0.53358,0.06426402788710217,0,13.780676472990308
4,z,4,z,1,normal,0,100000,53358,3429,5536,0,0.53358,0.06426402788710217,0,13.780676472990308
4,z,4,x,1,normal,0,100000,53358,3429,5536,0,0.53358,0.06426402788710217,0,13.780676472990308
4,z,4,x,1,normal,0,100000,53358,3429,5536,0,0.53358,0.06426402788710217,0,13.780676472990308
4,z,9,x,1,normal,0,100000,25006,6331,11884,0,0.25006,0.25317923698312406,0,10.237271549995057
4,z,9,x,1,normal,0,100000,25006,6331,11884,0,0.25006,0.25317923698312406,0,10.237271549995057
4,z,9,x,1,normal,0,100000,25006,6331,11884,0,0.25006,0.25317923698312406,0,10.237271549995057
4,z,9,z,1,normal,0,100000,25006,6331,11884,0,0.25006,0.25317923698312406,0,10.237271549995057
4,z,6,z,1,normal,0,100000,51790,1442,2495,0,0.5179,0.02784321297547787,0,14.1517276870145
4,z,6,x,1,normal,0,100000,51790,1442,2495,0,0.5179,0.02784321297547787,0,14.1517276870145
4,z,6,z,1,normal,0,100000,51790,1442,2495,0,0.5179,0.02784321297547787,0,14.1517276870145
4,z,6,x,1,normal,0,100000,51790,1442,2495,0,0.5179,0.02784321297547787,0,14.1517276870145
4,z,11,x,1,normal,0,100000,37847,1066,1936,0,0.37847,0.028166036938198524,0,10.988550480979029
4,z,11,z,1,normal,0,100000,37847,1066,1936,0,0.37847,0.028166036938198524,0,10.988550480979029
4,z,11,x,1,normal,0,100000,37847,1066,1936,0,0.37847,0.028166036938198524,0,10.988550480979029
4,z,11,z,1,normal,0,100000,37847,1066,1936,0,0.37847,0.028166036938198524,0,10.988550480979029
4,z,8,z,1,normal,0,100000,100000,488,849,0,1.0,0.0048799999999999955,0,13.69222566697863
4,z,8,z,1,normal,0,100000,100000,488,849,0,1.0,0.0048799999999999955,0,13.69222566697863
4,z,8,z,1,normal,0,100000,100000,488,849,0,1.0,0.0048799999999999955,0,13.69222566697863
4,z,8,x,1,normal,0,100000,100000,488,849,0,1.0,0.0048799999999999955,0,13.69222566697863
4,z,13,x,1,normal,0,100000,32481,513,956,0,0.32481,0.015793848711554426,0,10.35724328199285
4,z,13,x,1,normal,0,100000,32481,513,956,0,0.32481,0.015793848711554426,0,10.35724328199285
4,z,13,z,1,normal,0,100000,32481,513,956,0,0.32481,0.015793848711554426,0,10.35724328199285
4,z,13,z,1,normal,0,100000,32481,513,956,0,0.32481,0.015793848711554426,0,10.35724328199285
4,z,10,z,1,normal,0,100000,58071,1600,2875,0,0.58071,0.027552478862082674,0,13.880919910996454
4,z,10,x,1,normal,0,100000,58071,1600,2875,0,0.58071,0.027552478862082674,0,13.880919910996454
4,z,10,x,1,normal,0,100000,58071,1600,2875,0,0.58071,0.027552478862082674,0,13.880919910996454
4,z,10,z,1,normal,0,100000,58071,1600,2875,0,0.58071,0.027552478862082674,0,13.880919910996454
4,z,12,z,1,normal,0,100000,73352,24,45,0,0.73352,0.00032718944268728123,0,13.151067488011904
4,z,12,z,1,normal,0,100000,73352,24,45,0,0.73352,0.00032718944268728123,0,13.151067488011904
4,z,12,x,1,normal,0,100000,73352,24,45,0,0.73352,0.00032718944268728123,0,13.151067488011904
4,z,12,z,1,normal,0,100000,73352,24,45,0,0.73352,0.00032718944268728123,0,13.151067488011904
4,z,15,x,1,normal,0,100000,27303,2,3,0,0.27303,7.325202358710037e-05,0,9.835847309004748
4,z,15,z,1,normal,0,100000,27303,2,3,0,0.27303,7.325202358710037e-05,0,9.835847309004748
4,z,15,z,1,normal,0,100000,27303,2,3,0,0.27303,7.325202358710037e-05,0,9.835847309004748
4,z,15,z,1,normal,0,100000,27303,2,3,0,0.27303,7.325202358710037e-05,0,9.835847309004748
4,z,3,x,0.8,normal,0,100000,48983,9602,16428,0,0.48983,0.1960271931078129,0,12.285917678993428
4,z,3,z,0.8,normal,0,100000,48983,9602,16428,0,0.48983,0.1960271931078129,0,12.285917678993428
4,z,3,x,0.8,normal,0,100000,48983,9602,16428,0,0.48983,0.1960271931078129,0,12.285917678993428
4,z,3,x,0.8,normal,0,100000,48983,9602,16428,0,0.48983,0.1960271931078129,0,12.285917678993428
4,z,14,z,1,normal,0,100000,59310,2,3,0,0.5931,3.372112628563517e-05,0,13.65447933098767
4,z,14,x,1,normal,0,100000,59310,2,3,0,0.5931,3.372112628563517e-05,0,13.65447933098767
4,z,14,z,1,normal,0,100000,59310,2,3,0,0.5931,3.372112628563517e-05,0,13.65447933098767
4,z,14,z,1,normal,0,100000,59310,2,3,0,0.5931,3.372112628563517e-05,0,13.65447933098767
4,z,5,x,0.8,normal,0,100000,33716,6860,12683,0,0.33716,0.20346423063234076,0,11.394400441990001
4,z,5,x,0.8,normal,0,100000,33716,6860,12683,0,0.33716,0.20346423063234076,0,11.394400441990001
4,z,5,z,0.8,normal,0,100000,33716,6860,12683,0,0.33716,0.20346423063234076,0,11.394400441990001
4,z,5,x,0.8,normal,0,100000,33716,6860,12683,0,0.33716,0.20346423063234076,0,11.394400441990001
4,z,7,x,0.8,normal,0,100000,37056,714,1290,0,0.37056,0.019268134715025864,0,10.483154466986889
4,z,7,z,0.8,normal,0,100000,37056,714,1290,0,0.37056,0.019268134715025864,0,10.483154466986889
4,z,7,z,0.8,normal,0,100000,37056,714,1290,0,0.37056,0.019268134715025864,0,10.483154466986889
4,z,7,x,0.8,normal,0,100000,37056,714,1290,0,0.37056,0.019268134715025864,0,10.483154466986889
4,z,2,z,0.8,normal,0,100000,59372,8999,15318,0,0.59372,0.15156976352489393,0,14.242222667002352
4,z,2,x,0.8,normal,0,100000,59372,8999,15318,0,0.59372,0.15156976352489393,0,14.242222667002352
4,z,2,x,0.8,normal,0,100000,59372,8999,15318,0,0.59372,0.15156976352489393,0,14.242222667002352
4,z,2,x,0.8,normal,0,100000,59372,8999,15318,0,0.59372,0.15156976352489393,0,14.242222667002352
4,z,9,x,0.8,normal,0,100000,31994,6436,12081,0,0.31994,0.20116271800962682,0,10.168009752000216
4,z,9,x,0.8,normal,0,100000,31994,6436,12081,0,0.31994,0.20116271800962682,0,10.168009752000216
4,z,9,x,0.8,normal,0,100000,31994,6436,12081,0,0.31994,0.20116271800962682,0,10.168009752000216
4,z,9,z,0.8,normal,0,100000,31994,6436,12081,0,0.31994,0.20116271800962682,0,10.168009752000216
4,z,4,z,0.8,normal,0,100000,59431,2568,4399,0,0.59431,0.04320977267755888,0,16.543022710015066
4,z,4,z,0.8,normal,0,100000,59431,2568,4399,0,0.59431,0.04320977267755888,0,16.543022710015066
4,z,4,x,0.8,normal,0,100000,59431,2568,4399,0,0.59431,0.04320977267755888,0,16.543022710015066
4,z,4,x,0.8,normal,0,100000,59431,2568,4399,0,0.59431,0.04320977267755888,0,16.543022710015066
4,z,6,z,0.8,normal,0,100000,58618,1060,1880,0,0.58618,0.018083182640144635,0,13.839814442995703
4,z,6,x,0.8,normal,0,100000,58618,1060,1880,0,0.58618,0.018083182640144635,0,13.839814442995703
4,z,6,z,0.8,normal,0,100000,58618,1060,1880,0,0.58618,0.018083182640144635,0,13.839814442995703
4,z,6,x,0.8,normal,0,100000,58618,1060,1880,0,0.58618,0.018083182640144635,0,13.839814442995703
4,z,8,z,0.8,normal,0,100000,100000,229,414,0,1.0,0.0022900000000000142,0,14.341515252017416
4,z,8,z,0.8,normal,0,100000,100000,229,414,0,1.0,0.0022900000000000142,0,14.341515252017416
4,z,8,z,0.8,normal,0,100000,100000,229,414,0,1.0,0.0022900000000000142,0,14.341515252017416
4,z,8,x,0.8,normal,0,100000,100000,229,414,0,1.0,0.0022900000000000142,0,14.341515252017416
4,z,10,z,0.8,normal,0,100000,64548,1241,2264,0,0.64548,0.019226002354836735,0,13.815141291997861
4,z,10,x,0.8,normal,0,100000,64548,1241,2264,0,0.64548,0.019226002354836735,0,13.815141291997861
4,z,10,x,0.8,normal,0,100000,64548,1241,2264,0,0.64548,0.019226002354836735,0,13.815141291997861
4,z,10,z,0.8,normal,0,100000,64548,1241,2264,0,0.64548,0.019226002354836735,0,13.815141291997861
4,z,11,x,0.8,normal,0,100000,45730,886,1667,0,0.4573,0.01937458998469277,0,11.57610837800894
4,z,11,z,0.8,normal,0,100000,45730,886,1667,0,0.4573,0.01937458998469277,0,11.57610837800894
4,z,11,x,0.8,normal,0,100000,45730,886,1667,0,0.4573,0.01937458998469277,0,11.57610837800894
4,z,11,z,0.8,normal,0,100000,45730,886,1667,0,0.4573,0.01937458998469277,0,11.57610837800894
4,z,12,z,0.8,normal,0,100000,77578,14,21,0,0.77578,0.0001804635334760052,0,11.777140641992446
4,z,12,z,0.8,normal,0,100000,77578,14,21,0,0.77578,0.0001804635334760052,0,11.777140641992446
4,z,12,x,0.8,normal,0,100000,77578,14,21,0,0.77578,0.0001804635334760052,0,11.777140641992446
4,z,12,z,0.8,normal,0,100000,77578,14,21,0,0.77578,0.0001804635334760052,0,11.777140641992446
4,z,13,x,0.8,normal,0,100000,40771,411,778,0,0.40771,0.010080694611365959,0,11.825635395012796
4,z,13,x,0.8,normal,0,100000,40771,411,778,0,0.40771,0.010080694611365959,0,11.825635395012796
4,z,13,z,0.8,normal,0,100000,40771,411,778,0,0.40771,0.010080694611365959,0,11.825635395012796
4,z,13,z,0.8,normal,0,100000,40771,411,778,0,0.40771,0.010080694611365959,0,11.825635395012796
4,z,15,x,0.8,normal,0,100000,35834,2,4,0,0.35834,5.5812915108588435e-05,0,12.440831020998303
4,z,15,z,0.8,normal,0,100000,35834,2,4,0,0.35834,5.5812915108588435e-05,0,12.440831020998303
4,z,15,z,0.8,normal,0,100000,35834,2,4,0,0.35834,5.5812915108588435e-05,0,12.440831020998303
4,z,15,z,0.8,normal,0,100000,35834,2,4,0,0.35834,5.5812915108588435e-05,0,12.440831020998303
4,z,14,z,0.8,normal,0,100000,65867,2,3,0,0.65867,3.0364218804534993e-05,0,11.51659138299874
4,z,14,x,0.8,normal,0,100000,65867,2,3,0,0.65867,3.0364218804534993e-05,0,11.51659138299874
4,z,14,z,0.8,normal,0,100000,65867,2,3,0,0.65867,3.0364218804534993e-05,0,11.51659138299874
4,z,14,z,0.8,normal,0,100000,65867,2,3,0,0.65867,3.0364218804534993e-05,0,11.51659138299874
4,z,3,x,0.5,normal,0,100000,63964,8452,15033,0,0.63964,0.13213682696516793,0,12.128347813995788
4,z,3,z,0.5,normal,0,100000,63964,8452,15033,0,0.63964,0.13213682696516793,0,12.128347813995788
4,z,3,x,0.5,normal,0,100000,63964,8452,15033,0,0.63964,0.13213682696516793,0,12.128347813995788
4,z,3,x,0.5,normal,0,100000,63964,8452,15033,0,0.63964,0.13213682696516793,0,12.128347813995788
4,z,5,x,0.5,normal,0,100000,50544,6838,12919,0,0.50544,0.1352880658436214,0,11.761245258996496
4,z,5,x,0.5,normal,0,100000,50544,6838,12919,0,0.50544,0.1352880658436214,0,11.761245258996496
4,z,5,z,0.5,normal,0,100000,50544,6838,12919,0,0.50544,0.1352880658436214,0,11.761245258996496
4,z,5,x,0.5,normal,0,100000,50544,6838,12919,0,0.50544,0.1352880658436214,0,11.761245258996496
4,z,4,z,0.5,normal,0,100000,71366,1340,2417,0,0.71366,0.018776448168595694,0,14.479016738012433
4,z,4,z,0.5,normal,0,100000,71366,1340,2417,0,0.71366,0.018776448168595694,0,14.479016738012433
4,z,4,x,0.5,normal,0,100000,71366,1340,2417,0,0.71366,0.018776448168595694,0,14.479016738012433
4,z,4,x,0.5,normal,0,100000,71366,1340,2417,0,0.71366,0.018776448168595694,0,14.479016738012433
4,z,2,z,0.5,normal,0,100000,72159,7282,13129,0,0.72159,0.10091603265011984,0,15.496478923014365
4,z,2,x,0.5,normal,0,100000,72159,7282,13129,0,0.72159,0.10091603265011984,0,15.496478923014365
4,z,2,x,0.5,normal,0,100000,72159,7282,13129,0,0.72159,0.10091603265011984,0,15.496478923014365
4,z,2,x,0.5,normal,0,100000,72159,7282,13129,0,0.72159,0.10091603265011984,0,15.496478923014365
4,z,7,x,0.5,normal,0,100000,52234,406,745,0,0.52234,0.0077727150897882735,0,12.366228806989966
4,z,7,z,0.5,normal,0,100000,52234,406,745,0,0.52234,0.0077727150897882735,0,12.366228806989966
4,z,7,z,0.5,normal,0,100000,52234,406,745,0,0.52234,0.0077727150897882735,0,12.366228806989966
4,z,7,x,0.5,normal,0,100000,52234,406,745,0,0.52234,0.0077727150897882735,0,12.366228806989966
4,z,9,x,0.5,normal,0,100000,47147,5608,10559,0,0.47147,0.11894712282859987,0,11.457271174003836
4,z,9,x,0.5,normal,0,100000,47147,5608,10559,0,0.47147,0.11894712282859987,0,11.457271174003836
4,z,9,x,0.5,normal,0,100000,47147,5608,10559,0,0.47147,0.11894712282859987,0,11.457271174003836
4,z,9,z,0.5,normal,0,100000,47147,5608,10559,0,0.47147,0.11894712282859987,0,11.457271174003836
4,z,6,z,0.5,normal,0,100000,71242,609,1086,0,0.71242,0.008548328233345504,0,14.337268658011453
4,z,6,x,0.5,normal,0,100000,71242,609,1086,0,0.71242,0.008548328233345504,0,14.337268658011453
4,z,6,z,0.5,normal,0,100000,71242,609,1086,0,0.71242,0.008548328233345504,0,14.337268658011453
4,z,6,x,0.5,normal,0,100000,71242,609,1086,0,0.71242,0.008548328233345504,0,14.337268658011453
4,z,8,z,0.5,normal,0,100000,100000,41,76,0,1.0,0.00041000000000002146,0,14.393890765000833
4,z,8,z,0.5,normal,0,100000,100000,41,76,0,1.0,0.00041000000000002146,0,14.393890765000833
4,z,8,z,0.5,normal,0,100000,100000,41,76,0,1.0,0.00041000000000002146,0,14.393890765000833
4,z,8,x,0.5,normal,0,100000,100000,41,76,0,1.0,0.00041000000000002146,0,14.393890765000833
4,z,11,x,0.5,normal,0,100000,60685,481,904,0,0.60685,0.007926176155557352,0,11.670870609988924
4,z,11,z,0.5,normal,0,100000,60685,481,904,0,0.60685,0.007926176155557352,0,11.670870609988924
4,z,11,x,0.5,normal,0,100000,60685,481,904,0,0.60685,0.007926176155557352,0,11.670870609988924
4,z,11,z,0.5,normal,0,100000,60685,481,904,0,0.60685,0.007926176155557352,0,11.670870609988924
4,z,12,z,0.5,normal,0,100000,85575,1,2,0,0.85575,1.168565585740744e-05,0,10.69626177000464
4,z,12,z,0.5,normal,0,100000,85575,1,2,0,0.85575,1.168565585740744e-05,0,10.69626177000464
4,z,12,x,0.5,normal,0,100000,85575,1,2,0,0.85575,1.168565585740744e-05,0,10.69626177000464
4,z,12,z,0.5,normal,0,100000,85575,1,2,0,0.85575,1.168565585740744e-05,0,10.69626177000464
4,z,13,x,0.5,normal,0,100000,57227,211,410,0,0.57227,0.003687070788264246,0,12.121411172003718
4,z,13,x,0.5,normal,0,100000,57227,211,410,0,0.57227,0.003687070788264246,0,12.121411172003718
4,z,13,z,0.5,normal,0,100000,57227,211,410,0,0.57227,0.003687070788264246,0,12.121411172003718
4,z,13,z,0.5,normal,0,100000,57227,211,410,0,0.57227,0.003687070788264246,0,12.121411172003718
4,z,10,z,0.5,normal,0,100000,75984,678,1271,0,0.75984,0.008922931143398594,0,16.12235116001102
4,z,10,x,0.5,normal,0,100000,75984,678,1271,0,0.75984,0.008922931143398594,0,16.12235116001102
4,z,10,x,0.5,normal,0,100000,75984,678,1271,0,0.75984,0.008922931143398594,0,16.12235116001102
4,z,10,z,0.5,normal,0,100000,75984,678,1271,0,0.75984,0.008922931143398594,0,16.12235116001102
4,z,15,x,0.5,normal,0,100000,52568,0,1,0,0.52568,0.0,0,10.23934442200698
4,z,15,z,0.5,normal,0,100000,52568,0,1,0,0.52568,0.0,0,10.23934442200698
4,z,15,z,0.5,normal,0,100000,52568,0,1,0,0.52568,0.0,0,10.23934442200698
4,z,15,z,0.5,normal,0,100000,52568,0,1,0,0.52568,0.0,0,10.23934442200698
4,z,14,z,0.5,normal,0,100000,77116,2,3,0,0.77116,2.5934955132478343e-05,0,10.831726286007324
4,z,14,x,0.5,normal,0,100000,77116,2,3,0,0.77116,2.5934955132478343e-05,0,10.831726286007324
4,z,14,z,0.5,normal,0,100000,77116,2,3,0,0.77116,2.5934955132478343e-05,0,10.831726286007324
4,z,14,z,0.5,normal,0,100000,77116,2,3,0,0.77116,2.5934955132478343e-05,0,10.831726286007324
4,z,3,x,0.3,normal,0,100000,76293,6374,11530,0,0.76293,0.08354632797242212,0,13.783558563998668
4,z,3,z,0.3,normal,0,100000,76293,6374,11530,0,0.76293,0.08354632797242212,0,13.783558563998668
4,z,3,x,0.3,normal,0,100000,76293,6374,11530,0,0.76293,0.08354632797242212,0,13.783558563998668
4,z,3,x,0.3,normal,0,100000,76293,6374,11530,0,0.76293,0.08354632797242212,0,13.783558563998668
4,z,5,x,0.3,normal,0,100000,65964,5565,10628,0,0.65964,0.08436419865381117,0,13.267652748007094
4,z,5,x,0.3,normal,0,100000,65964,5565,10628,0,0.65964,0.08436419865381117,0,13.267652748007094
4,z,5,z,0.3,normal,0,100000,65964,5565,10628,0,0.65964,0.08436419865381117,0,13.267652748007094
4,z,5,x,0.3,normal,0,100000,65964,5565,10628,0,0.65964,0.08436419865381117,0,13.267652748007094
4,z,2,z,0.3,normal,0,100000,82265,5124,9647,0,0.82265,0.06228651309791522,0,14.862725301005412
4,z,2,x,0.3,normal,0,100000,82265,5124,9647,0,0.82265,0.06228651309791522,0,14.862725301005412
4,z,2,x,0.3,normal,0,100000,82265,5124,9647,0,0.82265,0.06228651309791522,0,14.862725301005412
4,z,2,x,0.3,normal,0,100000,82265,5124,9647,0,0.82265,0.06228651309791522,0,14.862725301005412
4,z,8,z,0.3,normal,0,100000,100000,6,13,0,1.0,5.999999999994898e-05,0,11.365309668006375
4,z,8,z,0.3,normal,0,100000,100000,6,13,0,1.0,5.999999999994898e-05,0,11.365309668006375
4,z,8,z,0.3,normal,0,100000,100000,6,13,0,1.0,5.999999999994898e-05,0,11.365309668006375
4,z,8,x,0.3,normal,0,100000,100000,6,13,0,1.0,5.999999999994898e-05,0,11.365309668006375
4,z,4,z,0.3,normal,0,100000,81451,552,1037,0,0.81451,0.0067770806988251,0,16.14951591801946
4,z,4,z,0.3,normal,0,100000,81451,552,1037,0,0.81451,0.0067770806988251,0,16.14951591801946
4,z,4,x,0.3,normal,0,100000,81451,552,1037,0,0.81451,0.0067770806988251,0,16.14951591801946
4,z,4,x,0.3,normal,0,100000,81451,552,1037,0,0.81451,0.0067770806988251,0,16.14951591801946
4,z,7,x,0.3,normal,0,100000,67214,224,429,0,0.67214,0.0033326390335346456,0,14.768240172998048
4,z,7,z,0.3,normal,0,100000,67214,224,429,0,0.67214,0.0033326390335346456,0,14.768240172998048
4,z,7,z,0.3,normal,0,100000,67214,224,429,0,0.67214,0.0033326390335346456,0,14.768240172998048
4,z,7,x,0.3,normal,0,100000,67214,224,429,0,0.67214,0.0033326390335346456,0,14.768240172998048
4,z,6,z,0.3,normal,0,100000,81508,326,611,0,0.81508,0.003999607400500538,0,14.97308915600297
4,z,6,x,0.3,normal,0,100000,81508,326,611,0,0.81508,0.003999607400500538,0,14.97308915600297
4,z,6,z,0.3,normal,0,100000,81508,326,611,0,0.81508,0.003999607400500538,0,14.97308915600297
4,z,6,x,0.3,normal,0,100000,81508,326,611,0,0.81508,0.003999607400500538,0,14.97308915600297
4,z,9,x,0.3,normal,0,100000,62736,4304,8171,0,0.62736,0.06860494771741898,0,13.700045153993415
4,z,9,x,0.3,normal,0,100000,62736,4304,8171,0,0.62736,0.06860494771741898,0,13.700045153993415
4,z,9,x,0.3,normal,0,100000,62736,4304,8171,0,0.62736,0.06860494771741898,0,13.700045153993415
4,z,9,z,0.3,normal,0,100000,62736,4304,8171,0,0.62736,0.06860494771741898,0,13.700045153993415
4,z,11,x,0.3,normal,0,100000,74218,218,421,0,0.74218,0.0029372928400118736,0,12.404433785995934
4,z,11,z,0.3,normal,0,100000,74218,218,421,0,0.74218,0.0029372928400118736,0,12.404433785995934
4,z,11,x,0.3,normal,0,100000,74218,218,421,0,0.74218,0.0029372928400118736,0,12.404433785995934
4,z,11,z,0.3,normal,0,100000,74218,218,421,0,0.74218,0.0029372928400118736,0,12.404433785995934
4,z,10,z,0.3,normal,0,100000,84716,322,609,0,0.84716,0.0038009348883327743,0,15.081291905022226
4,z,10,x,0.3,normal,0,100000,84716,322,609,0,0.84716,0.0038009348883327743,0,15.081291905022226
4,z,10,x,0.3,normal,0,100000,84716,322,609,0,0.84716,0.0038009348883327743,0,15.081291905022226
4,z,10,z,0.3,normal,0,100000,84716,322,609,0,0.84716,0.0038009348883327743,0,15.081291905022226
4,z,12,z,0.3,normal,0,100000,91004,2,3,0,0.91004,2.197705595363697e-05,0,11.096890726999845
4,z,12,z,0.3,normal,0,100000,91004,2,3,0,0.91004,2.197705595363697e-05,0,11.096890726999845
4,z,12,x,0.3,normal,0,100000,91004,2,3,0,0.91004,2.197705595363697e-05,0,11.096890726999845
4,z,12,z,0.3,normal,0,100000,91004,2,3,0,0.91004,2.197705595363697e-05,0,11.096890726999845
4,z,13,x,0.3,normal,0,100000,71291,90,177,0,0.71291,0.0012624314429591221,0,12.360070181981428
4,z,13,x,0.3,normal,0,100000,71291,90,177,0,0.71291,0.0012624314429591221,0,12.360070181981428
4,z,13,z,0.3,normal,0,100000,71291,90,177,0,0.71291,0.0012624314429591221,0,12.360070181981428
4,z,13,z,0.3,normal,0,100000,71291,90,177,0,0.71291,0.0012624314429591221,0,12.360070181981428
4,z,15,x,0.3,normal,0,100000,68379,0,0,0,0.68379,0.0,0,10.776611596986186
4,z,15,z,0.3,normal,0,100000,68379,0,0,0,0.68379,0.0,0,10.776611596986186
4,z,15,z,0.3,normal,0,100000,68379,0,0,0,0.68379,0.0,0,10.776611596986186
4,z,15,z,0.3,normal,0,100000,68379,0,0,0,0.68379,0.0,0,10.776611596986186
4,z,14,z,0.3,normal,0,100000,85660,0,0,0,0.8566,0.0,0,11.40121360498597
4,z,14,x,0.3,normal,0,100000,85660,0,0,0,0.8566,0.0,0,11.40121360498597
4,z,14,z,0.3,normal,0,100000,85660,0,0,0,0.8566,0.0,0,11.40121360498597
4,z,14,z,0.3,normal,0,100000,85660,0,0,0,0.8566,0.0,0,11.40121360498597
4,z,3,x,0.1,normal,0,100000,91500,2634,4833,0,0.915,0.028786885245901672,0,14.31892624401371
4,z,3,z,0.1,normal,0,100000,91500,2634,4833,0,0.915,0.028786885245901672,0,14.31892624401371
4,z,3,x,0.1,normal,0,100000,91500,2634,4833,0,0.915,0.028786885245901672,0,14.31892624401371
4,z,3,x,0.1,normal,0,100000,91500,2634,4833,0,0.915,0.028786885245901672,0,14.31892624401371
4,z,5,x,0.1,normal,0,100000,87072,2600,5002,0,0.87072,0.02986034546122751,0,13.633924227993703
4,z,5,x,0.1,normal,0,100000,87072,2600,5002,0,0.87072,0.02986034546122751,0,13.633924227993703
4,z,5,z,0.1,normal,0,100000,87072,2600,5002,0,0.87072,0.02986034546122751,0,13.633924227993703
4,z,5,x,0.1,normal,0,100000,87072,2600,5002,0,0.87072,0.02986034546122751,0,13.633924227993703
4,z,8,z,0.1,normal,0,100000,100000,0,0,0,1.0,0.0,0,9.333902928017778
4,z,8,z,0.1,normal,0,100000,100000,0,0,0,1.0,0.0,0,9.333902928017778
4,z,8,z,0.1,normal,0,100000,100000,0,0,0,1.0,0.0,0,9.333902928017778
4,z,8,x,0.1,normal,0,100000,100000,0,0,0,1.0,0.0,0,9.333902928017778
4,z,4,z,0.1,normal,0,100000,93226,77,150,0,0.93226,0.0008259498423186518,0,15.303331058006734
4,z,4,z,0.1,normal,0,100000,93226,77,150,0,0.93226,0.0008259498423186518,0,15.303331058006734
4,z,4,x,0.1,normal,0,100000,93226,77,150,0,0.93226,0.0008259498423186518,0,15.303331058006734
4,z,4,x,0.1,normal,0,100000,93226,77,150,0,0.93226,0.0008259498423186518,0,15.303331058006734
4,z,7,x,0.1,normal,0,100000,87292,48,95,0,0.87292,0.0005498785684827645,0,14.071140190004371
4,z,7,z,0.1,normal,0,100000,87292,48,95,0,0.87292,0.0005498785684827645,0,14.071140190004371
4,z,7,z,0.1,normal,0,100000,87292,48,95,0,0.87292,0.0005498785684827645,0,14.071140190004371
4,z,7,x,0.1,normal,0,100000,87292,48,95,0,0.87292,0.0005498785684827645,0,14.071140190004371
4,z,2,z,0.1,normal,0,100000,93789,1998,3921,0,0.93789,0.021303137894635782,0,18.90802109701326
4,z,2,x,0.1,normal,0,100000,93789,1998,3921,0,0.93789,0.021303137894635782,0,18.90802109701326
4,z,2,x,0.1,normal,0,100000,93789,1998,3921,0,0.93789,0.021303137894635782,0,18.90802109701326
4,z,2,x,0.1,normal,0,100000,93789,1998,3921,0,0.93789,0.021303137894635782,0,18.90802109701326
4,z,6,z,0.1,normal,0,100000,93321,88,169,0,0.93321,0.0009429817511599214,0,15.286171759013087
4,z,6,x,0.1,normal,0,100000,93321,88,169,0,0.93321,0.0009429817511599214,0,15.286171759013087
4,z,6,z,0.1,normal,0,100000,93321,88,169,0,0.93321,0.0009429817511599214,0,15.286171759013087
4,z,6,x,0.1,normal,0,100000,93321,88,169,0,0.93321,0.0009429817511599214,0,15.286171759013087
4,z,9,x,0.1,normal,0,100000,85092,1804,3492,0,0.85092,0.0212005828985099,0,14.677116884005954
4,z,9,x,0.1,normal,0,100000,85092,1804,3492,0,0.85092,0.0212005828985099,0,14.677116884005954
4,z,9,x,0.1,normal,0,100000,85092,1804,3492,0,0.85092,0.0212005828985099,0,14.677116884005954
4,z,9,z,0.1,normal,0,100000,85092,1804,3492,0,0.85092,0.0212005828985099,0,14.677116884005954
4,z,12,z,0.1,normal,0,100000,96820,0,0,0,0.9682,0.0,0,9.004855999024585
4,z,12,z,0.1,normal,0,100000,96820,0,0,0,0.9682,0.0,0,9.004855999024585
4,z,12,x,0.1,normal,0,100000,96820,0,0,0,0.9682,0.0,0,9.004855999024585
4,z,12,z,0.1,normal,0,100000,96820,0,0,0,0.9682,0.0,0,9.004855999024585
4,z,11,x,0.1,normal,0,100000,90249,52,103,0,0.90249,0.0005761836696251965,0,15.411728836013936
4,z,11,z,0.1,normal,0,100000,90249,52,103,0,0.90249,0.0005761836696251965,0,15.411728836013936
4,z,11,x,0.1,normal,0,100000,90249,52,103,0,0.90249,0.0005761836696251965,0,15.411728836013936
4,z,11,z,0.1,normal,0,100000,90249,52,103,0,0.90249,0.0005761836696251965,0,15.411728836013936
4,z,10,z,0.1,normal,0,100000,94550,86,161,0,0.9455,0.0009095716552088851,0,17.19706087600207
4,z,10,x,0.1,normal,0,100000,94550,86,161,0,0.9455,0.0009095716552088851,0,17.19706087600207
4,z,10,x,0.1,normal,0,100000,94550,86,161,0,0.9455,0.0009095716552088851,0,17.19706087600207
4,z,10,z,0.1,normal,0,100000,94550,86,161,0,0.9455,0.0009095716552088851,0,17.19706087600207
4,z,15,x,0.1,normal,0,100000,88172,0,0,0,0.88172,0.0,0,9.32344731100602
4,z,15,z,0.1,normal,0,100000,88172,0,0,0,0.88172,0.0,0,9.32344731100602
4,z,15,z,0.1,normal,0,100000,88172,0,0,0,0.88172,0.0,0,9.32344731100602
4,z,15,z,0.1,normal,0,100000,88172,0,0,0,0.88172,0.0,0,9.32344731100602
4,z,13,x,0.1,normal,0,100000,89485,14,28,0,0.89485,0.00015645080181037052,0,13.591201789007755
4,z,13,x,0.1,normal,0,100000,89485,14,28,0,0.89485,0.00015645080181037052,0,13.591201789007755
4,z,13,z,0.1,normal,0,100000,89485,14,28,0,0.89485,0.00015645080181037052,0,13.591201789007755
4,z,13,z,0.1,normal,0,100000,89485,14,28,0,0.89485,0.00015645080181037052,0,13.591201789007755
4,z,14,z,0.1,normal,0,100000,94972,0,0,0,0.94972,0.0,0,8.935119289992144
4,z,14,x,0.1,normal,0,100000,94972,0,0,0,0.94972,0.0,0,8.935119289992144
4,z,14,z,0.1,normal,0,100000,94972,0,0,0,0.94972,0.0,0,8.935119289992144
4,z,14,z,0.1,normal,0,100000,94972,0,0,0,0.94972,0.0,0,8.935119289992144
4,z,8,z,1,m1,0,100000,100000,38,71,0,1.0,0.00038000000000004697,0,0.9936966559907887
4,z,8,z,1,m1,0,100000,100000,38,71,0,1.0,0.00038000000000004697,0,0.9936966559907887
4,z,8,z,1,m1,0,100000,100000,38,71,0,1.0,0.00038000000000004697,0,0.9936966559907887
4,z,8,x,1,m1,0,100000,100000,38,71,0,1.0,0.00038000000000004697,0,0.9936966559907887
4,z,3,x,1,m1,0,100000,30140,6354,11391,0,0.3014,0.21081619110816197,0,11.293922069016844
4,z,3,z,1,m1,0,100000,30140,6354,11391,0,0.3014,0.21081619110816197,0,11.293922069016844
4,z,3,x,1,m1,0,100000,30140,6354,11391,0,0.3014,0.21081619110816197,0,11.293922069016844
4,z,3,x,1,m1,0,100000,30140,6354,11391,0,0.3014,0.21081619110816197,0,11.293922069016844
4,z,2,z,1,m1,0,100000,55425,10318,16861,0,0.55425,0.18616147947677042,0,13.462653740978567
4,z,2,x,1,m1,0,100000,55425,10318,16861,0,0.55425,0.18616147947677042,0,13.462653740978567
4,z,2,x,1,m1,0,100000,55425,10318,16861,0,0.55425,0.18616147947677042,0,13.462653740978567
4,z,2,x,1,m1,0,100000,55425,10318,16861,0,0.55425,0.18616147947677042,0,13.462653740978567
4,z,5,x,1,m1,0,100000,40385,6401,11848,0,0.40385,0.15849944286244888,0,10.606653833994642
4,z,5,x,1,m1,0,100000,40385,6401,11848,0,0.40385,0.15849944286244888,0,10.606653833994642
4,z,5,z,1,m1,0,100000,40385,6401,11848,0,0.40385,0.15849944286244888,0,10.606653833994642
4,z,5,x,1,m1,0,100000,40385,6401,11848,0,0.40385,0.15849944286244888,0,10.606653833994642
4,z,4,z,1,m1,0,100000,70240,2298,4018,0,0.7024,0.03271640091116168,0,12.65931184499641
4,z,4,z,1,m1,0,100000,70240,2298,4018,0,0.7024,0.03271640091116168,0,12.65931184499641
4,z,4,x,1,m1,0,100000,70240,2298,4018,0,0.7024,0.03271640091116168,0,12.65931184499641
4,z,4,x,1,m1,0,100000,70240,2298,4018,0,0.7024,0.03271640091116168,0,12.65931184499641
4,z,7,x,1,m1,0,100000,36271,650,1121,0,0.36271,0.017920652863168907,0,10.466096187010407
4,z,7,z,1,m1,0,100000,36271,650,1121,0,0.36271,0.017920652863168907,0,10.466096187010407
4,z,7,z,1,m1,0,100000,36271,650,1121,0,0.36271,0.017920652863168907,0,10.466096187010407
4,z,7,x,1,m1,0,100000,36271,650,1121,0,0.36271,0.017920652863168907,0,10.466096187010407
4,z,14,z,1,m1,0,100000,56298,7,12,0,0.56298,0.0001243383423922273,0,5.099942544999067
4,z,14,x,1,m1,0,100000,56298,7,12,0,0.56298,0.0001243383423922273,0,5.099942544999067
4,z,14,z,1,m1,0,100000,56298,7,12,0,0.56298,0.0001243383423922273,0,5.099942544999067
4,z,14,z,1,m1,0,100000,56298,7,12,0,0.56298,0.0001243383423922273,0,5.099942544999067
4,z,9,x,1,m1,0,100000,39492,7737,13864,0,0.39492,0.195913096323306,0,11.46783491197857
4,z,9,x,1,m1,0,100000,39492,7737,13864,0,0.39492,0.195913096323306,0,11.46783491197857
4,z,9,x,1,m1,0,100000,39492,7737,13864,0,0.39492,0.195913096323306,0,11.46783491197857
4,z,9,z,1,m1,0,100000,39492,7737,13864,0,0.39492,0.195913096323306,0,11.46783491197857
4,z,12,z,1,m1,0,100000,24542,668,1057,0,0.24542,0.027218645587156698,0,8.729866092005977
4,z,12,z,1,m1,0,100000,24542,668,1057,0,0.24542,0.027218645587156698,0,8.729866092005977
4,z,12,x,1,m1,0,100000,24542,668,1057,0,0.24542,0.027218645587156698,0,8.729866092005977
4,z,12,z,1,m1,0,100000,24542,668,1057,0,0.24542,0.027218645587156698,0,8.729866092005977
4,z,15,x,1,m1,0,100000,33913,1,2,0,0.33913,2.948721729134629e-05,0,5.601319645007607
4,z,15,z,1,m1,0,100000,33913,1,2,0,0.33913,2.948721729134629e-05,0,5.601319645007607
4,z,15,z,1,m1,0,100000,33913,1,2,0,0.33913,2.948721729134629e-05,0,5.601319645007607
4,z,15,z,1,m1,0,100000,33913,1,2,0,0.33913,2.948721729134629e-05,0,5.601319645007607
4,z,11,x,1,m1,0,100000,36685,522,947,0,0.36685,0.014229249011857736,0,11.60936144401785
4,z,11,z,1,m1,0,100000,36685,522,947,0,0.36685,0.014229249011857736,0,11.60936144401785
4,z,11,x,1,m1,0,100000,36685,522,947,0,0.36685,0.014229249011857736,0,11.60936144401785
4,z,11,z,1,m1,0,100000,36685,522,947,0,0.36685,0.014229249011857736,0,11.60936144401785
4,z,10,z,1,m1,0,100000,41404,1104,2029,0,0.41404,0.026664090426045783,0,12.555932386982022
4,z,10,x,1,m1,0,100000,41404,1104,2029,0,0.41404,0.026664090426045783,0,12.555932386982022
4,z,10,x,1,m1,0,100000,41404,1104,2029,0,0.41404,0.026664090426045783,0,12.555932386982022
4,z,10,z,1,m1,0,100000,41404,1104,2029,0,0.41404,0.026664090426045783,0,12.555932386982022
4,z,13,x,1,m1,0,100000,41400,336,637,0,0.414,0.008115942028985468,0,9.993956381018506
4,z,13,x,1,m1,0,100000,41400,336,637,0,0.414,0.008115942028985468,0,9.993956381018506
4,z,13,z,1,m1,0,100000,41400,336,637,0,0.414,0.008115942028985468,0,9.993956381018506
4,z,13,z,1,m1,0,100000,41400,336,637,0,0.414,0.008115942028985468,0,9.993956381018506
4,z,8,z,0.8,m1,0,100000,100000,10,17,0,1.0,9.999999999998899e-05,0,0.8649395839893259
4,z,8,z,0.8,m1,0,100000,100000,10,17,0,1.0,9.999999999998899e-05,0,0.8649395839893259
4,z,8,z,0.8,m1,0,100000,100000,10,17,0,1.0,9.999999999998899e-05,0,0.8649395839893259
4,z,8,x,0.8,m1,0,100000,100000,10,17,0,1.0,9.999999999998899e-05,0,0.8649395839893259
4,z,6,z,1,m1,0,100000,64436,1912,3471,0,0.64436,0.029672853684275857,0,14.146761007985333
4,z,6,x,1,m1,0,100000,64436,1912,3471,0,0.64436,0.029672853684275857,0,14.146761007985333
4,z,6,z,1,m1,0,100000,64436,1912,3471,0,0.64436,0.029672853684275857,0,14.146761007985333
4,z,6,x,1,m1,0,100000,64436,1912,3471,0,0.64436,0.029672853684275857,0,14.146761007985333
4,z,3,x,0.8,m1,0,100000,38253,6670,12176,0,0.38253,0.17436540924894783,0,10.241804457997205
4,z,3,z,0.8,m1,0,100000,38253,6670,12176,0,0.38253,0.17436540924894783,0,10.241804457997205
4,z,3,x,0.8,m1,0,100000,38253,6670,12176,0,0.38253,0.17436540924894783,0,10.241804457997205
4,z,3,x,0.8,m1,0,100000,38253,6670,12176,0,0.38253,0.17436540924894783,0,10.241804457997205
4,z,5,x,0.8,m1,0,100000,48264,6308,11674,0,0.48264,0.13069782860931545,0,10.99513024900807
4,z,5,x,0.8,m1,0,100000,48264,6308,11674,0,0.48264,0.13069782860931545,0,10.99513024900807
4,z,5,z,0.8,m1,0,100000,48264,6308,11674,0,0.48264,0.13069782860931545,0,10.99513024900807
4,z,5,x,0.8,m1,0,100000,48264,6308,11674,0,0.48264,0.13069782860931545,0,10.99513024900807
4,z,2,z,0.8,m1,0,100000,62313,9656,16311,0,0.62313,0.15495963924060785,0,16.514742394007044
4,z,2,x,0.8,m1,0,100000,62313,9656,16311,0,0.62313,0.15495963924060785,0,16.514742394007044
4,z,2,x,0.8,m1,0,100000,62313,9656,16311,0,0.62313,0.15495963924060785,0,16.514742394007044
4,z,2,x,0.8,m1,0,100000,62313,9656,16311,0,0.62313,0.15495963924060785,0,16.514742394007044
4,z,7,x,0.8,m1,0,100000,43661,536,975,0,0.43661,0.012276402281212073,0,12.083376588008832
4,z,7,z,0.8,m1,0,100000,43661,536,975,0,0.43661,0.012276402281212073,0,12.083376588008832
4,z,7,z,0.8,m1,0,100000,43661,536,975,0,0.43661,0.012276402281212073,0,12.083376588008832
4,z,7,x,0.8,m1,0,100000,43661,536,975,0,0.43661,0.012276402281212073,0,12.083376588008832
4,z,4,z,0.8,m1,0,100000,75506,1694,2959,0,0.75506,0.022435303154716202,0,11.927929819008568
4,z,4,z,0.8,m1,0,100000,75506,1694,2959,0,0.75506,0.022435303154716202,0,11.927929819008568
4,z,4,x,0.8,m1,0,100000,75506,1694,2959,0,0.75506,0.022435303154716202,0,11.927929819008568
4,z,4,x,0.8,m1,0,100000,75506,1694,2959,0,0.75506,0.022435303154716202,0,11.927929819008568
4,z,9,x,0.8,m1,0,100000,46941,7550,13547,0,0.46941,0.16084020365991347,0,11.046937681006966
4,z,9,x,0.8,m1,0,100000,46941,7550,13547,0,0.46941,0.16084020365991347,0,11.046937681006966
4,z,9,x,0.8,m1,0,100000,46941,7550,13547,0,0.46941,0.16084020365991347,0,11.046937681006966
4,z,9,z,0.8,m1,0,100000,46941,7550,13547,0,0.46941,0.16084020365991347,0,11.046937681006966
4,z,10,z,0.8,m1,0,100000,49252,884,1629,0,0.49252,0.017948509705189686,0,11.999725194007624
4,z,10,x,0.8,m1,0,100000,49252,884,1629,0,0.49252,0.017948509705189686,0,11.999725194007624
4,z,10,x,0.8,m1,0,100000,49252,884,1629,0,0.49252,0.017948509705189686,0,11.999725194007624
4,z,10,z,0.8,m1,0,100000,49252,884,1629,0,0.49252,0.017948509705189686,0,11.999725194007624
4,z,11,x,0.8,m1,0,100000,44802,466,851,0,0.44802,0.010401321369581717,0,11.359202930994797
4,z,11,z,0.8,m1,0,100000,44802,466,851,0,0.44802,0.010401321369581717,0,11.359202930994797
4,z,11,x,0.8,m1,0,100000,44802,466,851,0,0.44802,0.010401321369581717,0,11.359202930994797
4,z,11,z,0.8,m1,0,100000,44802,466,851,0,0.44802,0.010401321369581717,0,11.359202930994797
4,z,12,z,0.8,m1,0,100000,26942,524,866,0,0.26942,0.019449187142751123,0,7.552766192005947
4,z,12,z,0.8,m1,0,100000,26942,524,866,0,0.26942,0.019449187142751123,0,7.552766192005947
4,z,12,x,0.8,m1,0,100000,26942,524,866,0,0.26942,0.019449187142751123,0,7.552766192005947
4,z,12,z,0.8,m1,0,100000,26942,524,866,0,0.26942,0.019449187142751123,0,7.552766192005947
4,z,14,z,0.8,m1,0,100000,63055,6,11,0,0.63055,9.515502339230153e-05,0,3.7498741110030096
4,z,14,x,0.8,m1,0,100000,63055,6,11,0,0.63055,9.515502339230153e-05,0,3.7498741110030096
4,z,14,z,0.8,m1,0,100000,63055,6,11,0,0.63055,9.515502339230153e-05,0,3.7498741110030096
4,z,14,z,0.8,m1,0,100000,63055,6,11,0,0.63055,9.515502339230153e-05,0,3.7498741110030096
4,z,15,x,0.8,m1,0,100000,42427,0,1,0,0.42427,0.0,0,3.881180693017086
4,z,15,z,0.8,m1,0,100000,42427,0,1,0,0.42427,0.0,0,3.881180693017086
4,z,15,z,0.8,m1,0,100000,42427,0,1,0,0.42427,0.0,0,3.881180693017086
4,z,15,z,0.8,m1,0,100000,42427,0,1,0,0.42427,0.0,0,3.881180693017086
4,z,8,z,0.5,m1,0,100000,100000,2,5,0,1.0,2.0000000000020002e-05,0,0.8533486389787868
4,z,8,z,0.5,m1,0,100000,100000,2,5,0,1.0,2.0000000000020002e-05,0,0.8533486389787868
4,z,8,z,0.5,m1,0,100000,100000,2,5,0,1.0,2.0000000000020002e-05,0,0.8533486389787868
4,z,8,x,0.5,m1,0,100000,100000,2,5,0,1.0,2.0000000000020002e-05,0,0.8533486389787868
4,z,13,x,0.8,m1,0,100000,49595,256,490,0,0.49595,0.00516181066639787,0,10.884249573980924
4,z,13,x,0.8,m1,0,100000,49595,256,490,0,0.49595,0.00516181066639787,0,10.884249573980924
4,z,13,z,0.8,m1,0,100000,49595,256,490,0,0.49595,0.00516181066639787,0,10.884249573980924
4,z,13,z,0.8,m1,0,100000,49595,256,490,0,0.49595,0.00516181066639787,0,10.884249573980924
4,z,6,z,0.8,m1,0,100000,70225,1450,2634,0,0.70225,0.020647917408330385,0,15.822343142004684
4,z,6,x,0.8,m1,0,100000,70225,1450,2634,0,0.70225,0.020647917408330385,0,15.822343142004684
4,z,6,z,0.8,m1,0,100000,70225,1450,2634,0,0.70225,0.020647917408330385,0,15.822343142004684
4,z,6,x,0.8,m1,0,100000,70225,1450,2634,0,0.70225,0.020647917408330385,0,15.822343142004684
4,z,5,x,0.5,m1,0,100000,63421,5323,9928,0,0.63421,0.08393118998438998,0,12.005496786994627
4,z,5,x,0.5,m1,0,100000,63421,5323,9928,0,0.63421,0.08393118998438998,0,12.005496786994627
4,z,5,z,0.5,m1,0,100000,63421,5323,9928,0,0.63421,0.08393118998438998,0,12.005496786994627
4,z,5,x,0.5,m1,0,100000,63421,5323,9928,0,0.63421,0.08393118998438998,0,12.005496786994627
4,z,4,z,0.5,m1,0,100000,83725,781,1442,0,0.83725,0.009328157659002634,0,11.5712589060131
4,z,4,z,0.5,m1,0,100000,83725,781,1442,0,0.83725,0.009328157659002634,0,11.5712589060131
4,z,4,x,0.5,m1,0,100000,83725,781,1442,0,0.83725,0.009328157659002634,0,11.5712589060131
4,z,4,x,0.5,m1,0,100000,83725,781,1442,0,0.83725,0.009328157659002634,0,11.5712589060131
4,z,3,x,0.5,m1,0,100000,54671,6417,12066,0,0.54671,0.11737484223811523,0,14.316840598999988
4,z,3,z,0.5,m1,0,100000,54671,6417,12066,0,0.54671,0.11737484223811523,0,14.316840598999988
4,z,3,x,0.5,m1,0,100000,54671,6417,12066,0,0.54671,0.11737484223811523,0,14.316840598999988
4,z,3,x,0.5,m1,0,100000,54671,6417,12066,0,0.54671,0.11737484223811523,0,14.316840598999988
4,z,2,z,0.5,m1,0,100000,74540,7538,13494,0,0.7454,0.10112691172524824,0,14.118983780004783
4,z,2,x,0.5,m1,0,100000,74540,7538,13494,0,0.7454,0.10112691172524824,0,14.118983780004783
4,z,2,x,0.5,m1,0,100000,74540,7538,13494,0,0.7454,0.10112691172524824,0,14.118983780004783
4,z,2,x,0.5,m1,0,100000,74540,7538,13494,0,0.7454,0.10112691172524824,0,14.118983780004783
4,z,7,x,0.5,m1,0,100000,58932,346,645,0,0.58932,0.005871173555962783,0,13.352035240008263
4,z,7,z,0.5,m1,0,100000,58932,346,645,0,0.58932,0.005871173555962783,0,13.352035240008263
4,z,7,z,0.5,m1,0,100000,58932,346,645,0,0.58932,0.005871173555962783,0,13.352035240008263
4,z,7,x,0.5,m1,0,100000,58932,346,645,0,0.58932,0.005871173555962783,0,13.352035240008263
4,z,9,x,0.5,m1,0,100000,61502,6144,11050,0,0.61502,0.09989919027023508,0,12.479190849000588
4,z,9,x,0.5,m1,0,100000,61502,6144,11050,0,0.61502,0.09989919027023508,0,12.479190849000588
4,z,9,x,0.5,m1,0,100000,61502,6144,11050,0,0.61502,0.09989919027023508,0,12.479190849000588
4,z,9,z,0.5,m1,0,100000,61502,6144,11050,0,0.61502,0.09989919027023508,0,12.479190849000588
4,z,10,z,0.5,m1,0,100000,63632,484,907,0,0.63632,0.007606235856173038,0,11.339860102976672
4,z,10,x,0.5,m1,0,100000,63632,484,907,0,0.63632,0.007606235856173038,0,11.339860102976672
4,z,10,x,0.5,m1,0,100000,63632,484,907,0,0.63632,0.007606235856173038,0,11.339860102976672
4,z,10,z,0.5,m1,0,100000,63632,484,907,0,0.63632,0.007606235856173038,0,11.339860102976672
4,z,14,z,0.5,m1,0,100000,75105,1,2,0,0.75105,1.3314692763444214e-05,0,2.3926032969902735
4,z,14,x,0.5,m1,0,100000,75105,1,2,0,0.75105,1.3314692763444214e-05,0,2.3926032969902735
4,z,14,z,0.5,m1,0,100000,75105,1,2,0,0.75105,1.3314692763444214e-05,0,2.3926032969902735
4,z,14,z,0.5,m1,0,100000,75105,1,2,0,0.75105,1.3314692763444214e-05,0,2.3926032969902735
4,z,12,z,0.5,m1,0,100000,33229,252,459,0,0.33229,0.007583737097114018,0,5.388578339014202
4,z,12,z,0.5,m1,0,100000,33229,252,459,0,0.33229,0.007583737097114018,0,5.388578339014202
4,z,12,x,0.5,m1,0,100000,33229,252,459,0,0.33229,0.007583737097114018,0,5.388578339014202
4,z,12,z,0.5,m1,0,100000,33229,252,459,0,0.33229,0.007583737097114018,0,5.388578339014202
4,z,15,x,0.5,m1,0,100000,58676,0,0,0,0.58676,0.0,0,2.6451101770217065
4,z,15,z,0.5,m1,0,100000,58676,0,0,0,0.58676,0.0,0,2.6451101770217065
4,z,15,z,0.5,m1,0,100000,58676,0,0,0,0.58676,0.0,0,2.6451101770217065
4,z,15,z,0.5,m1,0,100000,58676,0,0,0,0.58676,0.0,0,2.6451101770217065
4,z,11,x,0.5,m1,0,100000,60525,288,531,0,0.60525,0.004758364312267616,0,12.876596299989615
4,z,11,z,0.5,m1,0,100000,60525,288,531,0,0.60525,0.004758364312267616,0,12.876596299989615
4,z,11,x,0.5,m1,0,100000,60525,288,531,0,0.60525,0.004758364312267616,0,12.876596299989615
4,z,11,z,0.5,m1,0,100000,60525,288,531,0,0.60525,0.004758364312267616,0,12.876596299989615
4,z,8,z,0.3,m1,0,100000,100000,0,1,0,1.0,0.0,0,0.45996751901111566
4,z,8,z,0.3,m1,0,100000,100000,0,1,0,1.0,0.0,0,0.45996751901111566
4,z,8,z,0.3,m1,0,100000,100000,0,1,0,1.0,0.0,0,0.45996751901111566
4,z,8,x,0.3,m1,0,100000,100000,0,1,0,1.0,0.0,0,0.45996751901111566
4,z,6,z,0.5,m1,0,100000,80051,694,1315,0,0.80051,0.008669473210828116,0,14.547379169991473
4,z,6,x,0.5,m1,0,100000,80051,694,1315,0,0.80051,0.008669473210828116,0,14.547379169991473
4,z,6,z,0.5,m1,0,100000,80051,694,1315,0,0.80051,0.008669473210828116,0,14.547379169991473
4,z,6,x,0.5,m1,0,100000,80051,694,1315,0,0.80051,0.008669473210828116,0,14.547379169991473
4,z,13,x,0.5,m1,0,100000,64288,118,236,0,0.64288,0.0018354902936784656,0,10.501572687993757
4,z,13,x,0.5,m1,0,100000,64288,118,236,0,0.64288,0.0018354902936784656,0,10.501572687993757
4,z,13,z,0.5,m1,0,100000,64288,118,236,0,0.64288,0.0018354902936784656,0,10.501572687993757
4,z,13,z,0.5,m1,0,100000,64288,118,236,0,0.64288,0.0018354902936784656,0,10.501572687993757
4,z,3,x,0.3,m1,0,100000,69655,5052,9671,0,0.69655,0.07252889239824856,0,12.276231284020469
4,z,3,z,0.3,m1,0,100000,69655,5052,9671,0,0.69655,0.07252889239824856,0,12.276231284020469
4,z,3,x,0.3,m1,0,100000,69655,5052,9671,0,0.69655,0.07252889239824856,0,12.276231284020469
4,z,3,x,0.3,m1,0,100000,69655,5052,9671,0,0.69655,0.07252889239824856,0,12.276231284020469
4,z,4,z,0.3,m1,0,100000,89936,283,548,0,0.89936,0.0031466820850382105,0,10.041103129973635
4,z,4,z,0.3,m1,0,100000,89936,283,548,0,0.89936,0.0031466820850382105,0,10.041103129973635
4,z,4,x,0.3,m1,0,100000,89936,283,548,0,0.89936,0.0031466820850382105,0,10.041103129973635
4,z,4,x,0.3,m1,0,100000,89936,283,548,0,0.89936,0.0031466820850382105,0,10.041103129973635
4,z,5,x,0.3,m1,0,100000,76028,3950,7360,0,0.76028,0.051954543063082004,0,12.74326041797758
4,z,5,x,0.3,m1,0,100000,76028,3950,7360,0,0.76028,0.051954543063082004,0,12.74326041797758
4,z,5,z,0.3,m1,0,100000,76028,3950,7360,0,0.76028,0.051954543063082004,0,12.74326041797758
4,z,5,x,0.3,m1,0,100000,76028,3950,7360,0,0.76028,0.051954543063082004,0,12.74326041797758
4,z,2,z,0.3,m1,0,100000,83881,5316,9891,0,0.83881,0.06337549623871919,0,14.95005719398614
4,z,2,x,0.3,m1,0,100000,83881,5316,9891,0,0.83881,0.06337549623871919,0,14.95005719398614
4,z,2,x,0.3,m1,0,100000,83881,5316,9891,0,0.83881,0.06337549623871919,0,14.95005719398614
4,z,2,x,0.3,m1,0,100000,83881,5316,9891,0,0.83881,0.06337549623871919,0,14.95005719398614
4,z,7,x,0.3,m1,0,100000,72603,198,377,0,0.72603,0.0027271600347092972,0,12.476349402975757
4,z,7,z,0.3,m1,0,100000,72603,198,377,0,0.72603,0.0027271600347092972,0,12.476349402975757
4,z,7,z,0.3,m1,0,100000,72603,198,377,0,0.72603,0.0027271600347092972,0,12.476349402975757
4,z,7,x,0.3,m1,0,100000,72603,198,377,0,0.72603,0.0027271600347092972,0,12.476349402975757
4,z,12,z,0.3,m1,0,100000,41876,90,174,0,0.41876,0.0021492024071066984,0,3.958655076014111
4,z,12,z,0.3,m1,0,100000,41876,90,174,0,0.41876,0.0021492024071066984,0,3.958655076014111
4,z,12,x,0.3,m1,0,100000,41876,90,174,0,0.41876,0.0021492024071066984,0,3.958655076014111
4,z,12,z,0.3,m1,0,100000,41876,90,174,0,0.41876,0.0021492024071066984,0,3.958655076014111
4,z,14,z,0.3,m1,0,100000,84211,0,0,0,0.84211,0.0,0,1.6616232660016976
4,z,14,x,0.3,m1,0,100000,84211,0,0,0,0.84211,0.0,0,1.6616232660016976
4,z,14,z,0.3,m1,0,100000,84211,0,0,0,0.84211,0.0,0,1.6616232660016976
4,z,14,z,0.3,m1,0,100000,84211,0,0,0,0.84211,0.0,0,1.6616232660016976
4,z,15,x,0.3,m1,0,100000,72420,0,1,0,0.7242,0.0,0,1.809661113016773
4,z,15,z,0.3,m1,0,100000,72420,0,1,0,0.7242,0.0,0,1.809661113016773
4,z,15,z,0.3,m1,0,100000,72420,0,1,0,0.7242,0.0,0,1.809661113016773
4,z,15,z,0.3,m1,0,100000,72420,0,1,0,0.7242,0.0,0,1.809661113016773
4,z,9,x,0.3,m1,0,100000,74326,4534,8204,0,0.74326,0.06100153378360196,0,14.333469396980945
4,z,9,x,0.3,m1,0,100000,74326,4534,8204,0,0.74326,0.06100153378360196,0,14.333469396980945
4,z,9,x,0.3,m1,0,100000,74326,4534,8204,0,0.74326,0.06100153378360196,0,14.333469396980945
4,z,9,z,0.3,m1,0,100000,74326,4534,8204,0,0.74326,0.06100153378360196,0,14.333469396980945
4,z,10,z,0.3,m1,0,100000,76271,232,445,0,0.76271,0.0030417852132527123,0,13.424025254003936
4,z,10,x,0.3,m1,0,100000,76271,232,445,0,0.76271,0.0030417852132527123,0,13.424025254003936
4,z,10,x,0.3,m1,0,100000,76271,232,445,0,0.76271,0.0030417852132527123,0,13.424025254003936
4,z,10,z,0.3,m1,0,100000,76271,232,445,0,0.76271,0.0030417852132527123,0,13.424025254003936
4,z,11,x,0.3,m1,0,100000,73851,174,329,0,0.73851,0.002356095381240597,0,13.54256434700801
4,z,11,z,0.3,m1,0,100000,73851,174,329,0,0.73851,0.002356095381240597,0,13.54256434700801
4,z,11,x,0.3,m1,0,100000,73851,174,329,0,0.73851,0.002356095381240597,0,13.54256434700801
4,z,11,z,0.3,m1,0,100000,73851,174,329,0,0.73851,0.002356095381240597,0,13.54256434700801
4,z,8,z,0.1,m1,0,100000,100000,0,0,0,1.0,0.0,0,0.2982643180002924
4,z,8,z,0.1,m1,0,100000,100000,0,0,0,1.0,0.0,0,0.2982643180002924
4,z,8,z,0.1,m1,0,100000,100000,0,0,0,1.0,0.0,0,0.2982643180002924
4,z,8,x,0.1,m1,0,100000,100000,0,0,0,1.0,0.0,0,0.2982643180002924
4,z,6,z,0.3,m1,0,100000,87357,332,624,0,0.87357,0.003800496811932619,0,14.467483518994413
4,z,6,x,0.3,m1,0,100000,87357,332,624,0,0.87357,0.003800496811932619,0,14.467483518994413
4,z,6,z,0.3,m1,0,100000,87357,332,624,0,0.87357,0.003800496811932619,0,14.467483518994413
4,z,6,x,0.3,m1,0,100000,87357,332,624,0,0.87357,0.003800496811932619,0,14.467483518994413
4,z,13,x,0.3,m1,0,100000,76950,46,87,0,0.7695,0.0005977907732294119,0,9.077509056020062
4,z,13,x,0.3,m1,0,100000,76950,46,87,0,0.7695,0.0005977907732294119,0,9.077509056020062
4,z,13,z,0.3,m1,0,100000,76950,46,87,0,0.7695,0.0005977907732294119,0,9.077509056020062
4,z,13,z,0.3,m1,0,100000,76950,46,87,0,0.7695,0.0005977907732294119,0,9.077509056020062
4,z,4,z,0.1,m1,0,100000,96473,47,94,0,0.96473,0.0004871829423777063,0,8.719018216012046
4,z,4,z,0.1,m1,0,100000,96473,47,94,0,0.96473,0.0004871829423777063,0,8.719018216012046
4,z,4,x,0.1,m1,0,100000,96473,47,94,0,0.96473,0.0004871829423777063,0,8.719018216012046
4,z,4,x,0.1,m1,0,100000,96473,47,94,0,0.96473,0.0004871829423777063,0,8.719018216012046
4,z,12,z,0.1,m1,0,100000,67881,6,12,0,0.67881,8.838997657667491e-05,0,1.7760721579834353
4,z,12,z,0.1,m1,0,100000,67881,6,12,0,0.67881,8.838997657667491e-05,0,1.7760721579834353
4,z,12,x,0.1,m1,0,100000,67881,6,12,0,0.67881,8.838997657667491e-05,0,1.7760721579834353
4,z,12,z,0.1,m1,0,100000,67881,6,12,0,0.67881,8.838997657667491e-05,0,1.7760721579834353
4,z,2,z,0.1,m1,0,100000,94337,2060,4009,0,0.94337,0.021836607057676205,0,15.099982415005798
4,z,2,x,0.1,m1,0,100000,94337,2060,4009,0,0.94337,0.021836607057676205,0,15.099982415005798
4,z,2,x,0.1,m1,0,100000,94337,2060,4009,0,0.94337,0.021836607057676205,0,15.099982415005798
4,z,2,x,0.1,m1,0,100000,94337,2060,4009,0,0.94337,0.021836607057676205,0,15.099982415005798
4,z,5,x,0.1,m1,0,100000,91145,1598,3015,0,0.91145,0.017532503154314538,0,13.927848674997222
4,z,5,x,0.1,m1,0,100000,91145,1598,3015,0,0.91145,0.017532503154314538,0,13.927848674997222
4,z,5,z,0.1,m1,0,100000,91145,1598,3015,0,0.91145,0.017532503154314538,0,13.927848674997222
4,z,5,x,0.1,m1,0,100000,91145,1598,3015,0,0.91145,0.017532503154314538,0,13.927848674997222
4,z,14,z,0.1,m1,0,100000,94437,0,0,0,0.94437,0.0,0,0.9899571730056778
4,z,14,x,0.1,m1,0,100000,94437,0,0,0,0.94437,0.0,0,0.9899571730056778
4,z,14,z,0.1,m1,0,100000,94437,0,0,0,0.94437,0.0,0,0.9899571730056778
4,z,14,z,0.1,m1,0,100000,94437,0,0,0,0.94437,0.0,0,0.9899571730056778
4,z,10,z,0.1,m1,0,100000,91270,74,146,0,0.9127,0.0008107811986414193,0,9.66270534900832
4,z,10,x,0.1,m1,0,100000,91270,74,146,0,0.9127,0.0008107811986414193,0,9.66270534900832
4,z,10,x,0.1,m1,0,100000,91270,74,146,0,0.9127,0.0008107811986414193,0,9.66270534900832
4,z,10,z,0.1,m1,0,100000,91270,74,146,0,0.9127,0.0008107811986414193,0,9.66270534900832
4,z,15,x,0.1,m1,0,100000,89886,0,0,0,0.89886,0.0,0,0.8496112180000637
4,z,15,z,0.1,m1,0,100000,89886,0,0,0,0.89886,0.0,0,0.8496112180000637
4,z,15,z,0.1,m1,0,100000,89886,0,0,0,0.89886,0.0,0,0.8496112180000637
4,z,15,z,0.1,m1,0,100000,89886,0,0,0,0.89886,0.0,0,0.8496112180000637
4,z,3,x,0.1,m1,0,100000,88695,2202,4312,0,0.88695,0.024826653137155374,0,17.897918200993445
4,z,3,z,0.1,m1,0,100000,88695,2202,4312,0,0.88695,0.024826653137155374,0,17.897918200993445
4,z,3,x,0.1,m1,0,100000,88695,2202,4312,0,0.88695,0.024826653137155374,0,17.897918200993445
4,z,3,x,0.1,m1,0,100000,88695,2202,4312,0,0.88695,0.024826653137155374,0,17.897918200993445
4,z,7,x,0.1,m1,0,100000,89603,80,161,0,0.89603,0.0008928272490876799,0,13.956320490979124
4,z,7,z,0.1,m1,0,100000,89603,80,161,0,0.89603,0.0008928272490876799,0,13.956320490979124
4,z,7,z,0.1,m1,0,100000,89603,80,161,0,0.89603,0.0008928272490876799,0,13.956320490979124
4,z,7,x,0.1,m1,0,100000,89603,80,161,0,0.89603,0.0008928272490876799,0,13.956320490979124
4,z,9,x,0.1,m1,0,100000,90431,1796,3227,0,0.90431,0.019860446085966044,0,12.972381722996943
4,z,9,x,0.1,m1,0,100000,90431,1796,3227,0,0.90431,0.019860446085966044,0,12.972381722996943
4,z,9,x,0.1,m1,0,100000,90431,1796,3227,0,0.90431,0.019860446085966044,0,12.972381722996943
4,z,9,z,0.1,m1,0,100000,90431,1796,3227,0,0.90431,0.019860446085966044,0,12.972381722996943
4,z,13,x,0.1,m1,0,100000,91634,4,7,0,0.91634,4.3651919593212796e-05,0,7.066234683006769
4,z,13,x,0.1,m1,0,100000,91634,4,7,0,0.91634,4.3651919593212796e-05,0,7.066234683006769
4,z,13,z,0.1,m1,0,100000,91634,4,7,0,0.91634,4.3651919593212796e-05,0,7.066234683006769
4,z,13,z,0.1,m1,0,100000,91634,4,7,0,0.91634,4.3651919593212796e-05,0,7.066234683006769
4,z,11,x,0.1,m1,0,100000,90514,47,94,0,0.90514,0.0005192566895728667,0,12.610798037989298
4,z,11,z,0.1,m1,0,100000,90514,47,94,0,0.90514,0.0005192566895728667,0,12.610798037989298
4,z,11,x,0.1,m1,0,100000,90514,47,94,0,0.90514,0.0005192566895728667,0,12.610798037989298
4,z,11,z,0.1,m1,0,100000,90514,47,94,0,0.90514,0.0005192566895728667,0,12.610798037989298
4,z,6,z,0.1,m1,0,100000,95677,51,100,0,0.95677,0.0005330434691722674,0,12.91553560999455
4,z,6,x,0.1,m1,0,100000,95677,51,100,0,0.95677,0.0005330434691722674,0,12.91553560999455
4,z,6,z,0.1,m1,0,100000,95677,51,100,0,0.95677,0.0005330434691722674,0,12.91553560999455
4,z,6,x,0.1,m1,0,100000,95677,51,100,0,0.95677,0.0005330434691722674,0,12.91553560999455
