n,lstate,i,meas_type,p_error,sim_type,total_meta_shots,shots,count_accept,count_logerror,count_undecided,count_detect_discard,prep_rate,LER,detect_normal,decoding_normal
4,x,8,x,1,normal,0,100000,23013,5837,9816,0,0.23013,0.25363924738191457,0,9.057806316995993
4,x,8,z,1,normal,0,100000,23013,5837,9816,0,0.23013,0.25363924738191457,0,9.057806316995993
4,x,8,z,1,normal,0,100000,23013,5837,9816,0,0.23013,0.25363924738191457,0,9.057806316995993
4,x,8,x,1,normal,0,100000,23013,5837,9816,0,0.23013,0.25363924738191457,0,9.057806316995993
4,x,6,x,1,normal,0,100000,38544,1129,2132,0,0.38544,0.02929119966791205,0,9.542984116007574
4,x,6,x,1,normal,0,100000,38544,1129,2132,0,0.38544,0.02929119966791205,0,9.542984116007574
4,x,6,z,1,normal,0,100000,38544,1129,2132,0,0.38544,0.02929119966791205,0,9.542984116007574
4,x,6,x,1,normal,0,100000,38544,1129,2132,0,0.38544,0.02929119966791205,0,9.542984116007574
4,x,10,x,1,normal,0,100000,33986,1036,1818,0,0.33986,0.030483140116518537,0,9.872719102015253
4,x,10,x,1,normal,0,100000,33986,1036,1818,0,0.33986,0.030483140116518537,0,9.872719102015253
4,x,10,x,1,normal,0,100000,33986,1036,1818,0,0.33986,0.030483140116518537,0,9.872719102015253
4,x,10,z,1,normal,0,100000,33986,1036,1818,0,0.33986,0.030483140116518537,0,9.872719102015253
4,x,7,z,1,normal,0,100000,44355,1244,2180,0,0.44355,0.02804644346747831,0,12.702968394994969
4,x,7,x,1,normal,0,100000,44355,1244,2180,0,0.44355,0.02804644346747831,0,12.702968394994969
4,x,7,z,1,normal,0,100000,44355,1244,2180,0,0.44355,0.02804644346747831,0,12.702968394994969
4,x,7,x,1,normal,0,100000,44355,1244,2180,0,0.44355,0.02804644346747831,0,12.702968394994969
4,x,2,x,1,normal,0,100000,35447,4,8,0,0.35447,0.0001128445284509505,0,11.339611606992548
4,x,2,x,1,normal,0,100000,35447,4,8,0,0.35447,0.0001128445284509505,0,11.339611606992548
4,x,2,x,1,normal,0,100000,35447,4,8,0,0.35447,0.0001128445284509505,0,11.339611606992548
4,x,2,x,1,normal,0,100000,35447,4,8,0,0.35447,0.0001128445284509505,0,11.339611606992548
4,x,4,x,1,normal,0,100000,39285,382,728,0,0.39285,0.009723813160239292,0,13.38839331100462
4,x,4,z,1,normal,0,100000,39285,382,728,0,0.39285,0.009723813160239292,0,13.38839331100462
4,x,4,x,1,normal,0,100000,39285,382,728,0,0.39285,0.009723813160239292,0,13.38839331100462
4,x,4,x,1,normal,0,100000,39285,382,728,0,0.39285,0.009723813160239292,0,13.38839331100462
4,x,3,z,1,normal,0,100000,48994,4,7,0,0.48994,8.164265012045036e-05,0,12.00964756400208
4,x,3,x,1,normal,0,100000,48994,4,7,0,0.48994,8.164265012045036e-05,0,12.00964756400208
4,x,3,x,1,normal,0,100000,48994,4,7,0,0.48994,8.164265012045036e-05,0,12.00964756400208
4,x,3,x,1,normal,0,100000,48994,4,7,0,0.48994,8.164265012045036e-05,0,12.00964756400208
4,x,9,z,1,normal,0,100000,100000,1704,2647,0,1.0,0.017040000000000055,0,14.980882583011407
4,x,9,z,1,normal,0,100000,100000,1704,2647,0,1.0,0.017040000000000055,0,14.980882583011407
4,x,9,z,1,normal,0,100000,100000,1704,2647,0,1.0,0.017040000000000055,0,14.980882583011407
4,x,9,x,1,normal,0,100000,100000,1704,2647,0,1.0,0.017040000000000055,0,14.980882583011407
4,x,5,z,1,normal,0,100000,50233,46,82,0,0.50233,0.0009157326856846781,0,13.479573265009094
4,x,5,z,1,normal,0,100000,50233,46,82,0,0.50233,0.0009157326856846781,0,13.479573265009094
4,x,5,x,1,normal,0,100000,50233,46,82,0,0.50233,0.0009157326856846781,0,13.479573265009094
4,x,5,x,1,normal,0,100000,50233,46,82,0,0.50233,0.0009157326856846781,0,13.479573265009094
4,x,11,z,1,normal,0,100000,56322,1917,3342,0,0.56322,0.034036433365292385,0,13.585158758010948
4,x,11,x,1,normal,0,100000,56322,1917,3342,0,0.56322,0.034036433365292385,0,13.585158758010948
4,x,11,x,1,normal,0,100000,56322,1917,3342,0,0.56322,0.034036433365292385,0,13.585158758010948
4,x,11,z,1,normal,0,100000,56322,1917,3342,0,0.56322,0.034036433365292385,0,13.585158758010948
4,x,14,x,1,normal,0,100000,32547,7438,12782,0,0.32547,0.22853104740836327,0,9.788869562995387
4,x,14,x,1,normal,0,100000,32547,7438,12782,0,0.32547,0.22853104740836327,0,9.788869562995387
4,x,14,z,1,normal,0,100000,32547,7438,12782,0,0.32547,0.22853104740836327,0,9.788869562995387
4,x,14,z,1,normal,0,100000,32547,7438,12782,0,0.32547,0.22853104740836327,0,9.788869562995387
4,x,12,x,1,normal,0,100000,36281,9028,16443,0,0.36281,0.24883547862517574,0,12.31073464898509
4,x,12,z,1,normal,0,100000,36281,9028,16443,0,0.36281,0.24883547862517574,0,12.31073464898509
4,x,12,x,1,normal,0,100000,36281,9028,16443,0,0.36281,0.24883547862517574,0,12.31073464898509
4,x,12,z,1,normal,0,100000,36281,9028,16443,0,0.36281,0.24883547862517574,0,12.31073464898509
4,x,2,x,0.8,normal,0,100000,43777,2,3,0,0.43777,4.568609086963438e-05,0,9.987400995014468
4,x,2,x,0.8,normal,0,100000,43777,2,3,0,0.43777,4.568609086963438e-05,0,9.987400995014468
4,x,2,x,0.8,normal,0,100000,43777,2,3,0,0.43777,4.568609086963438e-05,0,9.987400995014468
4,x,2,x,0.8,normal,0,100000,43777,2,3,0,0.43777,4.568609086963438e-05,0,9.987400995014468
4,x,4,x,0.8,normal,0,100000,47447,314,601,0,0.47447,0.006617910510675062,0,11.090834039991023
4,x,4,z,0.8,normal,0,100000,47447,314,601,0,0.47447,0.006617910510675062,0,11.090834039991023
4,x,4,x,0.8,normal,0,100000,47447,314,601,0,0.47447,0.006617910510675062,0,11.090834039991023
4,x,4,x,0.8,normal,0,100000,47447,314,601,0,0.47447,0.006617910510675062,0,11.090834039991023
4,x,13,z,1,normal,0,100000,46734,6566,9369,0,0.46734,0.14049728249240379,0,13.7648222509888
4,x,13,z,1,normal,0,100000,46734,6566,9369,0,0.46734,0.14049728249240379,0,13.7648222509888
4,x,13,x,1,normal,0,100000,46734,6566,9369,0,0.46734,0.14049728249240379,0,13.7648222509888
4,x,13,z,1,normal,0,100000,46734,6566,9369,0,0.46734,0.14049728249240379,0,13.7648222509888
4,x,6,x,0.8,normal,0,100000,46562,940,1727,0,0.46562,0.020188136248442956,0,11.115157763997559
4,x,6,x,0.8,normal,0,100000,46562,940,1727,0,0.46562,0.020188136248442956,0,11.115157763997559
4,x,6,z,0.8,normal,0,100000,46562,940,1727,0,0.46562,0.020188136248442956,0,11.115157763997559
4,x,6,x,0.8,normal,0,100000,46562,940,1727,0,0.46562,0.020188136248442956,0,11.115157763997559
4,x,15,z,1,normal,0,100000,56590,12214,19270,0,0.5659,0.21583318607527835,0,14.445354650000809
4,x,15,x,1,normal,0,100000,56590,12214,19270,0,0.5659,0.21583318607527835,0,14.445354650000809
4,x,15,z,1,normal,0,100000,56590,12214,19270,0,0.5659,0.21583318607527835,0,14.445354650000809
4,x,15,z,1,normal,0,100000,56590,12214,19270,0,0.5659,0.21583318607527835,0,14.445354650000809
4,x,3,z,0.8,normal,0,100000,56649,2,4,0,0.56649,3.5305124538864696e-05,0,14.766760869999416
4,x,3,x,0.8,normal,0,100000,56649,2,4,0,0.56649,3.5305124538864696e-05,0,14.766760869999416
4,x,3,x,0.8,normal,0,100000,56649,2,4,0,0.56649,3.5305124538864696e-05,0,14.766760869999416
4,x,3,x,0.8,normal,0,100000,56649,2,4,0,0.56649,3.5305124538864696e-05,0,14.766760869999416
4,x,5,z,0.8,normal,0,100000,56833,28,49,0,0.56833,0.0004926715112698599,0,13.415141455974663
4,x,5,z,0.8,normal,0,100000,56833,28,49,0,0.56833,0.0004926715112698599,0,13.415141455974663
4,x,5,x,0.8,normal,0,100000,56833,28,49,0,0.56833,0.0004926715112698599,0,13.415141455974663
4,x,5,x,0.8,normal,0,100000,56833,28,49,0,0.56833,0.0004926715112698599,0,13.415141455974663
4,x,8,x,0.8,normal,0,100000,29963,6116,10357,0,0.29963,0.20411841270900777,0,9.980018814996583
4,x,8,z,0.8,normal,0,100000,29963,6116,10357,0,0.29963,0.20411841270900777,0,9.980018814996583
4,x,8,z,0.8,normal,0,100000,29963,6116,10357,0,0.29963,0.20411841270900777,0,9.980018814996583
4,x,8,x,0.8,normal,0,100000,29963,6116,10357,0,0.29963,0.20411841270900777,0,9.980018814996583
4,x,10,x,0.8,normal,0,100000,41678,886,1596,0,0.41678,0.021258217764767995,0,10.295722666982329
4,x,10,x,0.8,normal,0,100000,41678,886,1596,0,0.41678,0.021258217764767995,0,10.295722666982329
4,x,10,x,0.8,normal,0,100000,41678,886,1596,0,0.41678,0.021258217764767995,0,10.295722666982329
4,x,10,z,0.8,normal,0,100000,41678,886,1596,0,0.41678,0.021258217764767995,0,10.295722666982329
4,x,7,z,0.8,normal,0,100000,51623,934,1697,0,0.51623,0.018092710613486274,0,13.97902275598608
4,x,7,x,0.8,normal,0,100000,51623,934,1697,0,0.51623,0.018092710613486274,0,13.97902275598608
4,x,7,z,0.8,normal,0,100000,51623,934,1697,0,0.51623,0.018092710613486274,0,13.97902275598608
4,x,7,x,0.8,normal,0,100000,51623,934,1697,0,0.51623,0.018092710613486274,0,13.97902275598608
4,x,12,x,0.8,normal,0,100000,44049,9064,16724,0,0.44049,0.2057708461032033,0,10.982469110022066
4,x,12,z,0.8,normal,0,100000,44049,9064,16724,0,0.44049,0.2057708461032033,0,10.982469110022066
4,x,12,x,0.8,normal,0,100000,44049,9064,16724,0,0.44049,0.2057708461032033,0,10.982469110022066
4,x,12,z,0.8,normal,0,100000,44049,9064,16724,0,0.44049,0.2057708461032033,0,10.982469110022066
4,x,9,z,0.8,normal,0,100000,100000,825,1326,0,1.0,0.00824999999999998,0,16.20408312100335
4,x,9,z,0.8,normal,0,100000,100000,825,1326,0,1.0,0.00824999999999998,0,16.20408312100335
4,x,9,z,0.8,normal,0,100000,100000,825,1326,0,1.0,0.00824999999999998,0,16.20408312100335
4,x,9,x,0.8,normal,0,100000,100000,825,1326,0,1.0,0.00824999999999998,0,16.20408312100335
4,x,14,x,0.8,normal,0,100000,40525,7692,13485,0,0.40525,0.18980876002467617,0,10.607721855980344
4,x,14,x,0.8,normal,0,100000,40525,7692,13485,0,0.40525,0.18980876002467617,0,10.607721855980344
4,x,14,z,0.8,normal,0,100000,40525,7692,13485,0,0.40525,0.18980876002467617,0,10.607721855980344
4,x,14,z,0.8,normal,0,100000,40525,7692,13485,0,0.40525,0.18980876002467617,0,10.607721855980344
4,x,2,x,0.5,normal,0,100000,59557,0,1,0,0.59557,0.0,0,9.96140756297973
4,x,2,x,0.5,normal,0,100000,59557,0,1,0,0.59557,0.0,0,9.96140756297973
4,x,2,x,0.5,normal,0,100000,59557,0,1,0,0.59557,0.0,0,9.96140756297973
4,x,2,x,0.5,normal,0,100000,59557,0,1,0,0.59557,0.0,0,9.96140756297973
4,x,3,z,0.5,normal,0,100000,69956,0,0,0,0.69956,0.0,0,11.228610788006335
4,x,3,x,0.5,normal,0,100000,69956,0,0,0,0.69956,0.0,0,11.228610788006335
4,x,3,x,0.5,normal,0,100000,69956,0,0,0,0.69956,0.0,0,11.228610788006335
4,x,3,x,0.5,normal,0,100000,69956,0,0,0,0.69956,0.0,0,11.228610788006335
4,x,15,z,0.8,normal,0,100000,63475,11561,19146,0,0.63475,0.18213469870027565,0,14.917520549002802
4,x,15,x,0.8,normal,0,100000,63475,11561,19146,0,0.63475,0.18213469870027565,0,14.917520549002802
4,x,15,z,0.8,normal,0,100000,63475,11561,19146,0,0.63475,0.18213469870027565,0,14.917520549002802
4,x,15,z,0.8,normal,0,100000,63475,11561,19146,0,0.63475,0.18213469870027565,0,14.917520549002802
4,x,13,z,0.8,normal,0,100000,53853,5412,8181,0,0.53853,0.10049579410617793,0,15.458628465014044
4,x,13,z,0.8,normal,0,100000,53853,5412,8181,0,0.53853,0.10049579410617793,0,15.458628465014044
4,x,13,x,0.8,normal,0,100000,53853,5412,8181,0,0.53853,0.10049579410617793,0,15.458628465014044
4,x,13,z,0.8,normal,0,100000,53853,5412,8181,0,0.53853,0.10049579410617793,0,15.458628465014044
4,x,4,x,0.5,normal,0,100000,62986,148,287,0,0.62986,0.002349728511097715,0,12.840797701006522
4,x,4,z,0.5,normal,0,100000,62986,148,287,0,0.62986,0.002349728511097715,0,12.840797701006522
4,x,4,x,0.5,normal,0,100000,62986,148,287,0,0.62986,0.002349728511097715,0,12.840797701006522
4,x,4,x,0.5,normal,0,100000,62986,148,287,0,0.62986,0.002349728511097715,0,12.840797701006522
4,x,11,z,0.8,normal,0,100000,63108,1486,2663,0,0.63108,0.02354693541230901,0,15.74332580799819
4,x,11,x,0.8,normal,0,100000,63108,1486,2663,0,0.63108,0.02354693541230901,0,15.74332580799819
4,x,11,x,0.8,normal,0,100000,63108,1486,2663,0,0.63108,0.02354693541230901,0,15.74332580799819
4,x,11,z,0.8,normal,0,100000,63108,1486,2663,0,0.63108,0.02354693541230901,0,15.74332580799819
4,x,5,z,0.5,normal,0,100000,69720,8,17,0,0.6972,0.00011474469305794432,0,12.082296819018666
4,x,5,z,0.5,normal,0,100000,69720,8,17,0,0.6972,0.00011474469305794432,0,12.082296819018666
4,x,5,x,0.5,normal,0,100000,69720,8,17,0,0.6972,0.00011474469305794432,0,12.082296819018666
4,x,5,x,0.5,normal,0,100000,69720,8,17,0,0.6972,0.00011474469305794432,0,12.082296819018666
4,x,6,x,0.5,normal,0,100000,62183,558,1059,0,0.62183,0.008973513661290067,0,11.656986949994462
4,x,6,x,0.5,normal,0,100000,62183,558,1059,0,0.62183,0.008973513661290067,0,11.656986949994462
4,x,6,z,0.5,normal,0,100000,62183,558,1059,0,0.62183,0.008973513661290067,0,11.656986949994462
4,x,6,x,0.5,normal,0,100000,62183,558,1059,0,0.62183,0.008973513661290067,0,11.656986949994462
4,x,8,x,0.5,normal,0,100000,45402,5731,9970,0,0.45402,0.12622791947491296,0,11.17154786598985
4,x,8,z,0.5,normal,0,100000,45402,5731,9970,0,0.45402,0.12622791947491296,0,11.17154786598985
4,x,8,z,0.5,normal,0,100000,45402,5731,9970,0,0.45402,0.12622791947491296,0,11.17154786598985
4,x,8,x,0.5,normal,0,100000,45402,5731,9970,0,0.45402,0.12622791947491296,0,11.17154786598985
4,x,9,z,0.5,normal,0,100000,100000,156,276,0,1.0,0.0015600000000000058,0,13.441369819978718
4,x,9,z,0.5,normal,0,100000,100000,156,276,0,1.0,0.0015600000000000058,0,13.441369819978718
4,x,9,z,0.5,normal,0,100000,100000,156,276,0,1.0,0.0015600000000000058,0,13.441369819978718
4,x,9,x,0.5,normal,0,100000,100000,156,276,0,1.0,0.0015600000000000058,0,13.441369819978718
4,x,7,z,0.5,normal,0,100000,65606,498,928,0,0.65606,0.007590769136969211,0,16.930382852006005
4,x,7,x,0.5,normal,0,100000,65606,498,928,0,0.65606,0.007590769136969211,0,16.930382852006005
4,x,7,z,0.5,normal,0,100000,65606,498,928,0,0.65606,0.007590769136969211,0,16.930382852006005
4,x,7,x,0.5,normal,0,100000,65606,498,928,0,0.65606,0.007590769136969211,0,16.930382852006005
4,x,10,x,0.5,normal,0,100000,57221,504,930,0,0.57221,0.008807955121371558,0,11.373794076993363
4,x,10,x,0.5,normal,0,100000,57221,504,930,0,0.57221,0.008807955121371558,0,11.373794076993363
4,x,10,x,0.5,normal,0,100000,57221,504,930,0,0.57221,0.008807955121371558,0,11.373794076993363
4,x,10,z,0.5,normal,0,100000,57221,504,930,0,0.57221,0.008807955121371558,0,11.373794076993363
4,x,12,x,0.5,normal,0,100000,59542,8210,15393,0,0.59542,0.1378858620805482,0,12.567105877998983
4,x,12,z,0.5,normal,0,100000,59542,8210,15393,0,0.59542,0.1378858620805482,0,12.567105877998983
4,x,12,x,0.5,normal,0,100000,59542,8210,15393,0,0.59542,0.1378858620805482,0,12.567105877998983
4,x,12,z,0.5,normal,0,100000,59542,8210,15393,0,0.59542,0.1378858620805482,0,12.567105877998983
4,x,14,x,0.5,normal,0,100000,56649,7069,12790,0,0.56649,0.12478596268248332,0,11.617066313017858
4,x,14,x,0.5,normal,0,100000,56649,7069,12790,0,0.56649,0.12478596268248332,0,11.617066313017858
4,x,14,z,0.5,normal,0,100000,56649,7069,12790,0,0.56649,0.12478596268248332,0,11.617066313017858
4,x,14,z,0.5,normal,0,100000,56649,7069,12790,0,0.56649,0.12478596268248332,0,11.617066313017858
4,x,2,x,0.3,normal,0,100000,73367,0,0,0,0.73367,0.0,0,11.064729689009255
4,x,2,x,0.3,normal,0,100000,73367,0,0,0,0.73367,0.0,0,11.064729689009255
4,x,2,x,0.3,normal,0,100000,73367,0,0,0,0.73367,0.0,0,11.064729689009255
4,x,2,x,0.3,normal,0,100000,73367,0,0,0,0.73367,0.0,0,11.064729689009255
4,x,3,z,0.3,normal,0,100000,80381,0,0,0,0.80381,0.0,0,10.557035406003706
4,x,3,x,0.3,normal,0,100000,80381,0,0,0,0.80381,0.0,0,10.557035406003706
4,x,3,x,0.3,normal,0,100000,80381,0,0,0,0.80381,0.0,0,10.557035406003706
4,x,3,x,0.3,normal,0,100000,80381,0,0,0,0.80381,0.0,0,10.557035406003706
4,x,13,z,0.5,normal,0,100000,67225,3198,5375,0,0.67225,0.0475715879509111,0,14.538095797994174
4,x,13,z,0.5,normal,0,100000,67225,3198,5375,0,0.67225,0.0475715879509111,0,14.538095797994174
4,x,13,x,0.5,normal,0,100000,67225,3198,5375,0,0.67225,0.0475715879509111,0,14.538095797994174
4,x,13,z,0.5,normal,0,100000,67225,3198,5375,0,0.67225,0.0475715879509111,0,14.538095797994174
4,x,15,z,0.5,normal,0,100000,75308,9110,16083,0,0.75308,0.1209698836776969,0,15.389610979007557
4,x,15,x,0.5,normal,0,100000,75308,9110,16083,0,0.75308,0.1209698836776969,0,15.389610979007557
4,x,15,z,0.5,normal,0,100000,75308,9110,16083,0,0.75308,0.1209698836776969,0,15.389610979007557
4,x,15,z,0.5,normal,0,100000,75308,9110,16083,0,0.75308,0.1209698836776969,0,15.389610979007557
4,x,11,z,0.5,normal,0,100000,74593,818,1487,0,0.74593,0.010966176450873388,0,16.699066016008146
4,x,11,x,0.5,normal,0,100000,74593,818,1487,0,0.74593,0.010966176450873388,0,16.699066016008146
4,x,11,x,0.5,normal,0,100000,74593,818,1487,0,0.74593,0.010966176450873388,0,16.699066016008146
4,x,11,z,0.5,normal,0,100000,74593,818,1487,0,0.74593,0.010966176450873388,0,16.699066016008146
4,x,4,x,0.3,normal,0,100000,75453,60,118,0,0.75453,0.0007951970100592565,0,12.705516409012489
4,x,4,z,0.3,normal,0,100000,75453,60,118,0,0.75453,0.0007951970100592565,0,12.705516409012489
4,x,4,x,0.3,normal,0,100000,75453,60,118,0,0.75453,0.0007951970100592565,0,12.705516409012489
4,x,4,x,0.3,normal,0,100000,75453,60,118,0,0.75453,0.0007951970100592565,0,12.705516409012489
4,x,5,z,0.3,normal,0,100000,80355,2,2,0,0.80355,2.4889552610263266e-05,0,10.832667869020952
4,x,5,z,0.3,normal,0,100000,80355,2,2,0,0.80355,2.4889552610263266e-05,0,10.832667869020952
4,x,5,x,0.3,normal,0,100000,80355,2,2,0,0.80355,2.4889552610263266e-05,0,10.832667869020952
4,x,5,x,0.3,normal,0,100000,80355,2,2,0,0.80355,2.4889552610263266e-05,0,10.832667869020952
4,x,6,x,0.3,normal,0,100000,74827,280,549,0,0.74827,0.0037419647988026217,0,13.385836183006177
4,x,6,x,0.3,normal,0,100000,74827,280,549,0,0.74827,0.0037419647988026217,0,13.385836183006177
4,x,6,z,0.3,normal,0,100000,74827,280,549,0,0.74827,0.0037419647988026217,0,13.385836183006177
4,x,6,x,0.3,normal,0,100000,74827,280,549,0,0.74827,0.0037419647988026217,0,13.385836183006177
4,x,8,x,0.3,normal,0,100000,61531,4466,7984,0,0.61531,0.07258130048268352,0,11.934006694005802
4,x,8,z,0.3,normal,0,100000,61531,4466,7984,0,0.61531,0.07258130048268352,0,11.934006694005802
4,x,8,z,0.3,normal,0,100000,61531,4466,7984,0,0.61531,0.07258130048268352,0,11.934006694005802
4,x,8,x,0.3,normal,0,100000,61531,4466,7984,0,0.61531,0.07258130048268352,0,11.934006694005802
4,x,7,z,0.3,normal,0,100000,77184,211,396,0,0.77184,0.002733727197346547,0,16.928496944979997
4,x,7,x,0.3,normal,0,100000,77184,211,396,0,0.77184,0.002733727197346547,0,16.928496944979997
4,x,7,z,0.3,normal,0,100000,77184,211,396,0,0.77184,0.002733727197346547,0,16.928496944979997
4,x,7,x,0.3,normal,0,100000,77184,211,396,0,0.77184,0.002733727197346547,0,16.928496944979997
4,x,10,x,0.3,normal,0,100000,71465,298,576,0,0.71465,0.004169873364584076,0,12.303116600000067
4,x,10,x,0.3,normal,0,100000,71465,298,576,0,0.71465,0.004169873364584076,0,12.303116600000067
4,x,10,x,0.3,normal,0,100000,71465,298,576,0,0.71465,0.004169873364584076,0,12.303116600000067
4,x,10,z,0.3,normal,0,100000,71465,298,576,0,0.71465,0.004169873364584076,0,12.303116600000067
4,x,9,z,0.3,normal,0,100000,100000,28,48,0,1.0,0.00027999999999994696,0,14.453656639991095
4,x,9,z,0.3,normal,0,100000,100000,28,48,0,1.0,0.00027999999999994696,0,14.453656639991095
4,x,9,z,0.3,normal,0,100000,100000,28,48,0,1.0,0.00027999999999994696,0,14.453656639991095
4,x,9,x,0.3,normal,0,100000,100000,28,48,0,1.0,0.00027999999999994696,0,14.453656639991095
4,x,12,x,0.3,normal,0,100000,73238,6348,12065,0,0.73238,0.08667631557388245,0,12.96581075899303
4,x,12,z,0.3,normal,0,100000,73238,6348,12065,0,0.73238,0.08667631557388245,0,12.96581075899303
4,x,12,x,0.3,normal,0,100000,73238,6348,12065,0,0.73238,0.08667631557388245,0,12.96581075899303
4,x,12,z,0.3,normal,0,100000,73238,6348,12065,0,0.73238,0.08667631557388245,0,12.96581075899303
4,x,2,x,0.1,normal,0,100000,90293,0,0,0,0.90293,0.0,0,8.661072810995393
4,x,2,x,0.1,normal,0,100000,90293,0,0,0,0.90293,0.0,0,8.661072810995393
4,x,2,x,0.1,normal,0,100000,90293,0,0,0,0.90293,0.0,0,8.661072810995393
4,x,2,x,0.1,normal,0,100000,90293,0,0,0,0.90293,0.0,0,8.661072810995393
4,x,14,x,0.3,normal,0,100000,70953,5543,10240,0,0.70953,0.07812213718940708,0,12.619647193001583
4,x,14,x,0.3,normal,0,100000,70953,5543,10240,0,0.70953,0.07812213718940708,0,12.619647193001583
4,x,14,z,0.3,normal,0,100000,70953,5543,10240,0,0.70953,0.07812213718940708,0,12.619647193001583
4,x,14,z,0.3,normal,0,100000,70953,5543,10240,0,0.70953,0.07812213718940708,0,12.619647193001583
4,x,13,z,0.3,normal,0,100000,78464,1548,2803,0,0.78464,0.01972879282218598,0,14.705381097010104
4,x,13,z,0.3,normal,0,100000,78464,1548,2803,0,0.78464,0.01972879282218598,0,14.705381097010104
4,x,13,x,0.3,normal,0,100000,78464,1548,2803,0,0.78464,0.01972879282218598,0,14.705381097010104
4,x,13,z,0.3,normal,0,100000,78464,1548,2803,0,0.78464,0.01972879282218598,0,14.705381097010104
4,x,3,z,0.1,normal,0,100000,93229,0,0,0,0.93229,0.0,0,11.014853764994768
4,x,3,x,0.1,normal,0,100000,93229,0,0,0,0.93229,0.0,0,11.014853764994768
4,x,3,x,0.1,normal,0,100000,93229,0,0,0,0.93229,0.0,0,11.014853764994768
4,x,3,x,0.1,normal,0,100000,93229,0,0,0,0.93229,0.0,0,11.014853764994768
4,x,15,z,0.3,normal,0,100000,84314,6452,11795,0,0.84314,0.0765234717840454,0,15.960453492007218
4,x,15,x,0.3,normal,0,100000,84314,6452,11795,0,0.84314,0.0765234717840454,0,15.960453492007218
4,x,15,z,0.3,normal,0,100000,84314,6452,11795,0,0.84314,0.0765234717840454,0,15.960453492007218
4,x,15,z,0.3,normal,0,100000,84314,6452,11795,0,0.84314,0.0765234717840454,0,15.960453492007218
4,x,11,z,0.3,normal,0,100000,83756,400,749,0,0.83756,0.004775777257748692,0,16.11502328500501
4,x,11,x,0.3,normal,0,100000,83756,400,749,0,0.83756,0.004775777257748692,0,16.11502328500501
4,x,11,x,0.3,normal,0,100000,83756,400,749,0,0.83756,0.004775777257748692,0,16.11502328500501
4,x,11,z,0.3,normal,0,100000,83756,400,749,0,0.83756,0.004775777257748692,0,16.11502328500501
4,x,5,z,0.1,normal,0,100000,92972,0,1,0,0.92972,0.0,0,8.949168380990159
4,x,5,z,0.1,normal,0,100000,92972,0,1,0,0.92972,0.0,0,8.949168380990159
4,x,5,x,0.1,normal,0,100000,92972,0,1,0,0.92972,0.0,0,8.949168380990159
4,x,5,x,0.1,normal,0,100000,92972,0,1,0,0.92972,0.0,0,8.949168380990159
4,x,4,x,0.1,normal,0,100000,91116,10,21,0,0.91116,0.00010975020852543871,0,14.157163399999263
4,x,4,z,0.1,normal,0,100000,91116,10,21,0,0.91116,0.00010975020852543871,0,14.157163399999263
4,x,4,x,0.1,normal,0,100000,91116,10,21,0,0.91116,0.00010975020852543871,0,14.157163399999263
4,x,4,x,0.1,normal,0,100000,91116,10,21,0,0.91116,0.00010975020852543871,0,14.157163399999263
4,x,6,x,0.1,normal,0,100000,90725,58,117,0,0.90725,0.0006392945715073539,0,15.561166218976723
4,x,6,x,0.1,normal,0,100000,90725,58,117,0,0.90725,0.0006392945715073539,0,15.561166218976723
4,x,6,z,0.1,normal,0,100000,90725,58,117,0,0.90725,0.0006392945715073539,0,15.561166218976723
4,x,6,x,0.1,normal,0,100000,90725,58,117,0,0.90725,0.0006392945715073539,0,15.561166218976723
4,x,9,z,0.1,normal,0,100000,100000,0,0,0,1.0,0.0,0,9.93787815698306
4,x,9,z,0.1,normal,0,100000,100000,0,0,0,1.0,0.0,0,9.93787815698306
4,x,9,z,0.1,normal,0,100000,100000,0,0,0,1.0,0.0,0,9.93787815698306
4,x,9,x,0.1,normal,0,100000,100000,0,0,0,1.0,0.0,0,9.93787815698306
4,x,7,z,0.1,normal,0,100000,91516,43,86,0,0.91516,0.00046986319332142923,0,15.712582054984523
4,x,7,x,0.1,normal,0,100000,91516,43,86,0,0.91516,0.00046986319332142923,0,15.712582054984523
4,x,7,z,0.1,normal,0,100000,91516,43,86,0,0.91516,0.00046986319332142923,0,15.712582054984523
4,x,7,x,0.1,normal,0,100000,91516,43,86,0,0.91516,0.00046986319332142923,0,15.712582054984523
4,x,8,x,0.1,normal,0,100000,84453,1925,3598,0,0.84453,0.02279374326548489,0,15.134987388999434
4,x,8,z,0.1,normal,0,100000,84453,1925,3598,0,0.84453,0.02279374326548489,0,15.134987388999434
4,x,8,z,0.1,normal,0,100000,84453,1925,3598,0,0.84453,0.02279374326548489,0,15.134987388999434
4,x,8,x,0.1,normal,0,100000,84453,1925,3598,0,0.84453,0.02279374326548489,0,15.134987388999434
4,x,10,x,0.1,normal,0,100000,89188,68,134,0,0.89188,0.0007624344082163281,0,13.750319156009937
4,x,10,x,0.1,normal,0,100000,89188,68,134,0,0.89188,0.0007624344082163281,0,13.750319156009937
4,x,10,x,0.1,normal,0,100000,89188,68,134,0,0.89188,0.0007624344082163281,0,13.750319156009937
4,x,10,z,0.1,normal,0,100000,89188,68,134,0,0.89188,0.0007624344082163281,0,13.750319156009937
4,x,2,x,1,m1,0,100000,33393,0,0,0,0.33393,0.0,0,5.316384158999426
4,x,2,x,1,m1,0,100000,33393,0,0,0,0.33393,0.0,0,5.316384158999426
4,x,2,x,1,m1,0,100000,33393,0,0,0,0.33393,0.0,0,5.316384158999426
4,x,2,x,1,m1,0,100000,33393,0,0,0,0.33393,0.0,0,5.316384158999426
4,x,12,x,0.1,normal,0,100000,90019,2626,5100,0,0.90019,0.02917161932480916,0,14.321963833004702
4,x,12,z,0.1,normal,0,100000,90019,2626,5100,0,0.90019,0.02917161932480916,0,14.321963833004702
4,x,12,x,0.1,normal,0,100000,90019,2626,5100,0,0.90019,0.02917161932480916,0,14.321963833004702
4,x,12,z,0.1,normal,0,100000,90019,2626,5100,0,0.90019,0.02917161932480916,0,14.321963833004702
4,x,3,z,1,m1,0,100000,62953,4,5,0,0.62953,6.353946595083482e-05,0,4.915543720009737
4,x,3,x,1,m1,0,100000,62953,4,5,0,0.62953,6.353946595083482e-05,0,4.915543720009737
4,x,3,x,1,m1,0,100000,62953,4,5,0,0.62953,6.353946595083482e-05,0,4.915543720009737
4,x,3,x,1,m1,0,100000,62953,4,5,0,0.62953,6.353946595083482e-05,0,4.915543720009737
4,x,14,x,0.1,normal,0,100000,89222,2368,4493,0,0.89222,0.02654053932886513,0,15.42907154301065
4,x,14,x,0.1,normal,0,100000,89222,2368,4493,0,0.89222,0.02654053932886513,0,15.42907154301065
4,x,14,z,0.1,normal,0,100000,89222,2368,4493,0,0.89222,0.02654053932886513,0,15.42907154301065
4,x,14,z,0.1,normal,0,100000,89222,2368,4493,0,0.89222,0.02654053932886513,0,15.42907154301065
4,x,9,z,1,m1,0,100000,100000,36,67,0,1.0,0.00036000000000002697,0,1.0150711440073792
4,x,9,z,1,m1,0,100000,100000,36,67,0,1.0,0.00036000000000002697,0,1.0150711440073792
4,x,9,z,1,m1,0,100000,100000,36,67,0,1.0,0.00036000000000002697,0,1.0150711440073792
4,x,9,x,1,m1,0,100000,100000,36,67,0,1.0,0.00036000000000002697,0,1.0150711440073792
4,x,13,z,0.1,normal,0,100000,92090,218,421,0,0.9209,0.002367249429905516,0,15.672074111003894
4,x,13,z,0.1,normal,0,100000,92090,218,421,0,0.9209,0.002367249429905516,0,15.672074111003894
4,x,13,x,0.1,normal,0,100000,92090,218,421,0,0.9209,0.002367249429905516,0,15.672074111003894
4,x,13,z,0.1,normal,0,100000,92090,218,421,0,0.9209,0.002367249429905516,0,15.672074111003894
4,x,11,z,0.1,normal,0,100000,94186,80,158,0,0.94186,0.000849383135497872,0,15.364392870018492
4,x,11,x,0.1,normal,0,100000,94186,80,158,0,0.94186,0.000849383135497872,0,15.364392870018492
4,x,11,x,0.1,normal,0,100000,94186,80,158,0,0.94186,0.000849383135497872,0,15.364392870018492
4,x,11,z,0.1,normal,0,100000,94186,80,158,0,0.94186,0.000849383135497872,0,15.364392870018492
4,x,4,x,1,m1,0,100000,24877,282,534,0,0.24877,0.011335771998231325,0,10.29109256400261
4,x,4,z,1,m1,0,100000,24877,282,534,0,0.24877,0.011335771998231325,0,10.29109256400261
4,x,4,x,1,m1,0,100000,24877,282,534,0,0.24877,0.011335771998231325,0,10.29109256400261
4,x,4,x,1,m1,0,100000,24877,282,534,0,0.24877,0.011335771998231325,0,10.29109256400261
4,x,15,z,0.1,normal,0,100000,94439,2526,4937,0,0.94439,0.026747424263281028,0,15.438931767013855
4,x,15,x,0.1,normal,0,100000,94439,2526,4937,0,0.94439,0.026747424263281028,0,15.438931767013855
4,x,15,z,0.1,normal,0,100000,94439,2526,4937,0,0.94439,0.026747424263281028,0,15.438931767013855
4,x,15,z,0.1,normal,0,100000,94439,2526,4937,0,0.94439,0.026747424263281028,0,15.438931767013855
4,x,5,z,1,m1,0,100000,29620,280,475,0,0.2962,0.009453072248480798,0,9.67796155900578
4,x,5,z,1,m1,0,100000,29620,280,475,0,0.2962,0.009453072248480798,0,9.67796155900578
4,x,5,x,1,m1,0,100000,29620,280,475,0,0.2962,0.009453072248480798,0,9.67796155900578
4,x,5,x,1,m1,0,100000,29620,280,475,0,0.2962,0.009453072248480798,0,9.67796155900578
4,x,6,x,1,m1,0,100000,39971,806,1440,0,0.39971,0.020164619349028023,0,12.382789329974912
4,x,6,x,1,m1,0,100000,39971,806,1440,0,0.39971,0.020164619349028023,0,12.382789329974912
4,x,6,z,1,m1,0,100000,39971,806,1440,0,0.39971,0.020164619349028023,0,12.382789329974912
4,x,6,x,1,m1,0,100000,39971,806,1440,0,0.39971,0.020164619349028023,0,12.382789329974912
4,x,8,x,1,m1,0,100000,36525,7920,14334,0,0.36525,0.21683778234086237,0,10.499178588012
4,x,8,z,1,m1,0,100000,36525,7920,14334,0,0.36525,0.21683778234086237,0,10.499178588012
4,x,8,z,1,m1,0,100000,36525,7920,14334,0,0.36525,0.21683778234086237,0,10.499178588012
4,x,8,x,1,m1,0,100000,36525,7920,14334,0,0.36525,0.21683778234086237,0,10.499178588012
4,x,7,z,1,m1,0,100000,59807,1390,2391,0,0.59807,0.02324142658886086,0,12.013086232997011
4,x,7,x,1,m1,0,100000,59807,1390,2391,0,0.59807,0.02324142658886086,0,12.013086232997011
4,x,7,z,1,m1,0,100000,59807,1390,2391,0,0.59807,0.02324142658886086,0,12.013086232997011
4,x,7,x,1,m1,0,100000,59807,1390,2391,0,0.59807,0.02324142658886086,0,12.013086232997011
4,x,10,x,1,m1,0,100000,35883,856,1570,0,0.35883,0.0238553075272413,0,9.94925891701132
4,x,10,x,1,m1,0,100000,35883,856,1570,0,0.35883,0.0238553075272413,0,9.94925891701132
4,x,10,x,1,m1,0,100000,35883,856,1570,0,0.35883,0.0238553075272413,0,9.94925891701132
4,x,10,z,1,m1,0,100000,35883,856,1570,0,0.35883,0.0238553075272413,0,9.94925891701132
4,x,2,x,0.8,m1,0,100000,41598,0,0,0,0.41598,0.0,0,5.0825425689981785
4,x,2,x,0.8,m1,0,100000,41598,0,0,0,0.41598,0.0,0,5.0825425689981785
4,x,2,x,0.8,m1,0,100000,41598,0,0,0,0.41598,0.0,0,5.0825425689981785
4,x,2,x,0.8,m1,0,100000,41598,0,0,0,0.41598,0.0,0,5.0825425689981785
4,x,12,x,1,m1,0,100000,21756,4753,8874,0,0.21756,0.21846846846846846,0,9.138325449981494
4,x,12,z,1,m1,0,100000,21756,4753,8874,0,0.21756,0.21846846846846846,0,9.138325449981494
4,x,12,x,1,m1,0,100000,21756,4753,8874,0,0.21756,0.21846846846846846,0,9.138325449981494
4,x,12,z,1,m1,0,100000,21756,4753,8874,0,0.21756,0.21846846846846846,0,9.138325449981494
4,x,14,x,1,m1,0,100000,45836,10452,18450,0,0.45836,0.22803036914215902,0,10.864811746985652
4,x,14,x,1,m1,0,100000,45836,10452,18450,0,0.45836,0.22803036914215902,0,10.864811746985652
4,x,14,z,1,m1,0,100000,45836,10452,18450,0,0.45836,0.22803036914215902,0,10.864811746985652
4,x,14,z,1,m1,0,100000,45836,10452,18450,0,0.45836,0.22803036914215902,0,10.864811746985652
4,x,3,z,0.8,m1,0,100000,68901,4,8,0,0.68901,5.8054309806876425e-05,0,3.2830895129882265
4,x,3,x,0.8,m1,0,100000,68901,4,8,0,0.68901,5.8054309806876425e-05,0,3.2830895129882265
4,x,3,x,0.8,m1,0,100000,68901,4,8,0,0.68901,5.8054309806876425e-05,0,3.2830895129882265
4,x,3,x,0.8,m1,0,100000,68901,4,8,0,0.68901,5.8054309806876425e-05,0,3.2830895129882265
4,x,11,z,1,m1,0,100000,61142,1776,3184,0,0.61142,0.029047136174806143,0,14.556870791013353
4,x,11,x,1,m1,0,100000,61142,1776,3184,0,0.61142,0.029047136174806143,0,14.556870791013353
4,x,11,x,1,m1,0,100000,61142,1776,3184,0,0.61142,0.029047136174806143,0,14.556870791013353
4,x,11,z,1,m1,0,100000,61142,1776,3184,0,0.61142,0.029047136174806143,0,14.556870791013353
4,x,9,z,0.8,m1,0,100000,100000,14,25,0,1.0,0.000140000000000029,0,0.8617459340021014
4,x,9,z,0.8,m1,0,100000,100000,14,25,0,1.0,0.000140000000000029,0,0.8617459340021014
4,x,9,z,0.8,m1,0,100000,100000,14,25,0,1.0,0.000140000000000029,0,0.8617459340021014
4,x,9,x,0.8,m1,0,100000,100000,14,25,0,1.0,0.000140000000000029,0,0.8617459340021014
4,x,13,z,1,m1,0,100000,31653,5686,7815,0,0.31653,0.1796354216030076,0,12.600277190998895
4,x,13,z,1,m1,0,100000,31653,5686,7815,0,0.31653,0.1796354216030076,0,12.600277190998895
4,x,13,x,1,m1,0,100000,31653,5686,7815,0,0.31653,0.1796354216030076,0,12.600277190998895
4,x,13,z,1,m1,0,100000,31653,5686,7815,0,0.31653,0.1796354216030076,0,12.600277190998895
4,x,5,z,0.8,m1,0,100000,35591,134,228,0,0.35591,0.0037649967688460073,0,6.804123065987369
4,x,5,z,0.8,m1,0,100000,35591,134,228,0,0.35591,0.0037649967688460073,0,6.804123065987369
4,x,5,x,0.8,m1,0,100000,35591,134,228,0,0.35591,0.0037649967688460073,0,6.804123065987369
4,x,5,x,0.8,m1,0,100000,35591,134,228,0,0.35591,0.0037649967688460073,0,6.804123065987369
4,x,4,x,0.8,m1,0,100000,33135,244,465,0,0.33135,0.007363814697449844,0,10.41891720800777
4,x,4,z,0.8,m1,0,100000,33135,244,465,0,0.33135,0.007363814697449844,0,10.41891720800777
4,x,4,x,0.8,m1,0,100000,33135,244,465,0,0.33135,0.007363814697449844,0,10.41891720800777
4,x,4,x,0.8,m1,0,100000,33135,244,465,0,0.33135,0.007363814697449844,0,10.41891720800777
4,x,15,z,1,m1,0,100000,56672,13310,20494,0,0.56672,0.234860248447205,0,16.383769051986746
4,x,15,x,1,m1,0,100000,56672,13310,20494,0,0.56672,0.234860248447205,0,16.383769051986746
4,x,15,z,1,m1,0,100000,56672,13310,20494,0,0.56672,0.234860248447205,0,16.383769051986746
4,x,15,z,1,m1,0,100000,56672,13310,20494,0,0.56672,0.234860248447205,0,16.383769051986746
4,x,6,x,0.8,m1,0,100000,48108,730,1319,0,0.48108,0.015174191402677284,0,11.435227751993807
4,x,6,x,0.8,m1,0,100000,48108,730,1319,0,0.48108,0.015174191402677284,0,11.435227751993807
4,x,6,z,0.8,m1,0,100000,48108,730,1319,0,0.48108,0.015174191402677284,0,11.435227751993807
4,x,6,x,0.8,m1,0,100000,48108,730,1319,0,0.48108,0.015174191402677284,0,11.435227751993807
4,x,8,x,0.8,m1,0,100000,44233,7864,14331,0,0.44233,0.17778581601971377,0,10.867060727992794
4,x,8,z,0.8,m1,0,100000,44233,7864,14331,0,0.44233,0.17778581601971377,0,10.867060727992794
4,x,8,z,0.8,m1,0,100000,44233,7864,14331,0,0.44233,0.17778581601971377,0,10.867060727992794
4,x,8,x,0.8,m1,0,100000,44233,7864,14331,0,0.44233,0.17778581601971377,0,10.867060727992794
4,x,7,z,0.8,m1,0,100000,66447,1052,1839,0,0.66447,0.01583216699023282,0,12.956337787996745
4,x,7,x,0.8,m1,0,100000,66447,1052,1839,0,0.66447,0.01583216699023282,0,12.956337787996745
4,x,7,z,0.8,m1,0,100000,66447,1052,1839,0,0.66447,0.01583216699023282,0,12.956337787996745
4,x,7,x,0.8,m1,0,100000,66447,1052,1839,0,0.66447,0.01583216699023282,0,12.956337787996745
4,x,10,x,0.8,m1,0,100000,43564,654,1212,0,0.43564,0.015012395555963676,0,11.375334292999469
4,x,10,x,0.8,m1,0,100000,43564,654,1212,0,0.43564,0.015012395555963676,0,11.375334292999469
4,x,10,x,0.8,m1,0,100000,43564,654,1212,0,0.43564,0.015012395555963676,0,11.375334292999469
4,x,10,z,0.8,m1,0,100000,43564,654,1212,0,0.43564,0.015012395555963676,0,11.375334292999469
4,x,2,x,0.5,m1,0,100000,57863,0,1,0,0.57863,0.0,0,3.376325821998762
4,x,2,x,0.5,m1,0,100000,57863,0,1,0,0.57863,0.0,0,3.376325821998762
4,x,2,x,0.5,m1,0,100000,57863,0,1,0,0.57863,0.0,0,3.376325821998762
4,x,2,x,0.5,m1,0,100000,57863,0,1,0,0.57863,0.0,0,3.376325821998762
4,x,12,x,0.8,m1,0,100000,29100,5225,9782,0,0.291,0.17955326460481102,0,10.062788303010166
4,x,12,z,0.8,m1,0,100000,29100,5225,9782,0,0.291,0.17955326460481102,0,10.062788303010166
4,x,12,x,0.8,m1,0,100000,29100,5225,9782,0,0.291,0.17955326460481102,0,10.062788303010166
4,x,12,z,0.8,m1,0,100000,29100,5225,9782,0,0.291,0.17955326460481102,0,10.062788303010166
4,x,11,z,0.8,m1,0,100000,67387,1331,2410,0,0.67387,0.01975158413343825,0,13.805034179007635
4,x,11,x,0.8,m1,0,100000,67387,1331,2410,0,0.67387,0.01975158413343825,0,13.805034179007635
4,x,11,x,0.8,m1,0,100000,67387,1331,2410,0,0.67387,0.01975158413343825,0,13.805034179007635
4,x,11,z,0.8,m1,0,100000,67387,1331,2410,0,0.67387,0.01975158413343825,0,13.805034179007635
4,x,3,z,0.5,m1,0,100000,79343,1,2,0,0.79343,1.260350629550544e-05,0,2.605070149002131
4,x,3,x,0.5,m1,0,100000,79343,1,2,0,0.79343,1.260350629550544e-05,0,2.605070149002131
4,x,3,x,0.5,m1,0,100000,79343,1,2,0,0.79343,1.260350629550544e-05,0,2.605070149002131
4,x,3,x,0.5,m1,0,100000,79343,1,2,0,0.79343,1.260350629550544e-05,0,2.605070149002131
4,x,14,x,0.8,m1,0,100000,53306,10198,18365,0,0.53306,0.19131054665516078,0,12.449287800001912
4,x,14,x,0.8,m1,0,100000,53306,10198,18365,0,0.53306,0.19131054665516078,0,12.449287800001912
4,x,14,z,0.8,m1,0,100000,53306,10198,18365,0,0.53306,0.19131054665516078,0,12.449287800001912
4,x,14,z,0.8,m1,0,100000,53306,10198,18365,0,0.53306,0.19131054665516078,0,12.449287800001912
4,x,13,z,0.8,m1,0,100000,34581,5068,7471,0,0.34581,0.14655446632543878,0,12.766833172994666
4,x,13,z,0.8,m1,0,100000,34581,5068,7471,0,0.34581,0.14655446632543878,0,12.766833172994666
4,x,13,x,0.8,m1,0,100000,34581,5068,7471,0,0.34581,0.14655446632543878,0,12.766833172994666
4,x,13,z,0.8,m1,0,100000,34581,5068,7471,0,0.34581,0.14655446632543878,0,12.766833172994666
4,x,9,z,0.5,m1,0,100000,100000,2,5,0,1.0,2.0000000000020002e-05,0,0.6145797749923076
4,x,9,z,0.5,m1,0,100000,100000,2,5,0,1.0,2.0000000000020002e-05,0,0.6145797749923076
4,x,9,z,0.5,m1,0,100000,100000,2,5,0,1.0,2.0000000000020002e-05,0,0.6145797749923076
4,x,9,x,0.5,m1,0,100000,100000,2,5,0,1.0,2.0000000000020002e-05,0,0.6145797749923076
4,x,5,z,0.5,m1,0,100000,49636,34,65,0,0.49636,0.0006849867031992751,0,5.34943559099338
4,x,5,z,0.5,m1,0,100000,49636,34,65,0,0.49636,0.0006849867031992751,0,5.34943559099338
4,x,5,x,0.5,m1,0,100000,49636,34,65,0,0.49636,0.0006849867031992751,0,5.34943559099338
4,x,5,x,0.5,m1,0,100000,49636,34,65,0,0.49636,0.0006849867031992751,0,5.34943559099338
4,x,4,x,0.5,m1,0,100000,49675,128,251,0,0.49675,0.0025767488676397,0,9.924972191016423
4,x,4,z,0.5,m1,0,100000,49675,128,251,0,0.49675,0.0025767488676397,0,9.924972191016423
4,x,4,x,0.5,m1,0,100000,49675,128,251,0,0.49675,0.0025767488676397,0,9.924972191016423
4,x,4,x,0.5,m1,0,100000,49675,128,251,0,0.49675,0.0025767488676397,0,9.924972191016423
4,x,15,z,0.8,m1,0,100000,63166,12378,20172,0,0.63166,0.19595985181901654,0,14.665997183998115
4,x,15,x,0.8,m1,0,100000,63166,12378,20172,0,0.63166,0.19595985181901654,0,14.665997183998115
4,x,15,z,0.8,m1,0,100000,63166,12378,20172,0,0.63166,0.19595985181901654,0,14.665997183998115
4,x,15,z,0.8,m1,0,100000,63166,12378,20172,0,0.63166,0.19595985181901654,0,14.665997183998115
4,x,6,x,0.5,m1,0,100000,62810,414,771,0,0.6281,0.006591307116701195,0,11.865104525990319
4,x,6,x,0.5,m1,0,100000,62810,414,771,0,0.6281,0.006591307116701195,0,11.865104525990319
4,x,6,z,0.5,m1,0,100000,62810,414,771,0,0.6281,0.006591307116701195,0,11.865104525990319
4,x,6,x,0.5,m1,0,100000,62810,414,771,0,0.6281,0.006591307116701195,0,11.865104525990319
4,x,2,x,0.3,m1,0,100000,72073,0,1,0,0.72073,0.0,0,1.938643266010331
4,x,2,x,0.3,m1,0,100000,72073,0,1,0,0.72073,0.0,0,1.938643266010331
4,x,2,x,0.3,m1,0,100000,72073,0,1,0,0.72073,0.0,0,1.938643266010331
4,x,2,x,0.3,m1,0,100000,72073,0,1,0,0.72073,0.0,0,1.938643266010331
4,x,8,x,0.5,m1,0,100000,59306,6798,12419,0,0.59306,0.11462583886959166,0,11.849613058002433
4,x,8,z,0.5,m1,0,100000,59306,6798,12419,0,0.59306,0.11462583886959166,0,11.849613058002433
4,x,8,z,0.5,m1,0,100000,59306,6798,12419,0,0.59306,0.11462583886959166,0,11.849613058002433
4,x,8,x,0.5,m1,0,100000,59306,6798,12419,0,0.59306,0.11462583886959166,0,11.849613058002433
4,x,7,z,0.5,m1,0,100000,77141,552,1013,0,0.77141,0.007155727823077274,0,11.127895797020756
4,x,7,x,0.5,m1,0,100000,77141,552,1013,0,0.77141,0.007155727823077274,0,11.127895797020756
4,x,7,z,0.5,m1,0,100000,77141,552,1013,0,0.77141,0.007155727823077274,0,11.127895797020756
4,x,7,x,0.5,m1,0,100000,77141,552,1013,0,0.77141,0.007155727823077274,0,11.127895797020756
4,x,10,x,0.5,m1,0,100000,58915,420,804,0,0.58915,0.007128914537893549,0,11.85123507201206
4,x,10,x,0.5,m1,0,100000,58915,420,804,0,0.58915,0.007128914537893549,0,11.85123507201206
4,x,10,x,0.5,m1,0,100000,58915,420,804,0,0.58915,0.007128914537893549,0,11.85123507201206
4,x,10,z,0.5,m1,0,100000,58915,420,804,0,0.58915,0.007128914537893549,0,11.85123507201206
4,x,11,z,0.5,m1,0,100000,78038,677,1270,0,0.78038,0.008675260770393933,0,14.140295443998184
4,x,11,x,0.5,m1,0,100000,78038,677,1270,0,0.78038,0.008675260770393933,0,14.140295443998184
4,x,11,x,0.5,m1,0,100000,78038,677,1270,0,0.78038,0.008675260770393933,0,14.140295443998184
4,x,11,z,0.5,m1,0,100000,78038,677,1270,0,0.78038,0.008675260770393933,0,14.140295443998184
4,x,3,z,0.3,m1,0,100000,86818,0,0,0,0.86818,0.0,0,1.7747526470047887
4,x,3,x,0.3,m1,0,100000,86818,0,0,0,0.86818,0.0,0,1.7747526470047887
4,x,3,x,0.3,m1,0,100000,86818,0,0,0,0.86818,0.0,0,1.7747526470047887
4,x,3,x,0.3,m1,0,100000,86818,0,0,0,0.86818,0.0,0,1.7747526470047887
4,x,12,x,0.5,m1,0,100000,45764,5269,9948,0,0.45764,0.11513416659382925,0,13.436354869016213
4,x,12,z,0.5,m1,0,100000,45764,5269,9948,0,0.45764,0.11513416659382925,0,13.436354869016213
4,x,12,x,0.5,m1,0,100000,45764,5269,9948,0,0.45764,0.11513416659382925,0,13.436354869016213
4,x,12,z,0.5,m1,0,100000,45764,5269,9948,0,0.45764,0.11513416659382925,0,13.436354869016213
4,x,13,z,0.5,m1,0,100000,39956,3658,5998,0,0.39956,0.09155070577635394,0,12.31692128101713
4,x,13,z,0.5,m1,0,100000,39956,3658,5998,0,0.39956,0.09155070577635394,0,12.31692128101713
4,x,13,x,0.5,m1,0,100000,39956,3658,5998,0,0.39956,0.09155070577635394,0,12.31692128101713
4,x,13,z,0.5,m1,0,100000,39956,3658,5998,0,0.39956,0.09155070577635394,0,12.31692128101713
4,x,5,z,0.3,m1,0,100000,64245,7,14,0,0.64245,0.00010895789555609436,0,2.978265569981886
4,x,5,z,0.3,m1,0,100000,64245,7,14,0,0.64245,0.00010895789555609436,0,2.978265569981886
4,x,5,x,0.3,m1,0,100000,64245,7,14,0,0.64245,0.00010895789555609436,0,2.978265569981886
4,x,5,x,0.3,m1,0,100000,64245,7,14,0,0.64245,0.00010895789555609436,0,2.978265569981886
4,x,9,z,0.3,m1,0,100000,100000,0,1,0,1.0,0.0,0,0.43913731901557185
4,x,9,z,0.3,m1,0,100000,100000,0,1,0,1.0,0.0,0,0.43913731901557185
4,x,9,z,0.3,m1,0,100000,100000,0,1,0,1.0,0.0,0,0.43913731901557185
4,x,9,x,0.3,m1,0,100000,100000,0,1,0,1.0,0.0,0,0.43913731901557185
4,x,14,x,0.5,m1,0,100000,67122,8622,15971,0,0.67122,0.12845266827567714,0,13.60411365100299
4,x,14,x,0.5,m1,0,100000,67122,8622,15971,0,0.67122,0.12845266827567714,0,13.60411365100299
4,x,14,z,0.5,m1,0,100000,67122,8622,15971,0,0.67122,0.12845266827567714,0,13.60411365100299
4,x,14,z,0.5,m1,0,100000,67122,8622,15971,0,0.67122,0.12845266827567714,0,13.60411365100299
4,x,15,z,0.5,m1,0,100000,74901,9754,17099,0,0.74901,0.13022523063777525,0,14.386682992975693
4,x,15,x,0.5,m1,0,100000,74901,9754,17099,0,0.74901,0.13022523063777525,0,14.386682992975693
4,x,15,z,0.5,m1,0,100000,74901,9754,17099,0,0.74901,0.13022523063777525,0,14.386682992975693
4,x,15,z,0.5,m1,0,100000,74901,9754,17099,0,0.74901,0.13022523063777525,0,14.386682992975693
4,x,4,x,0.3,m1,0,100000,66154,68,135,0,0.66154,0.0010279045862684466,0,9.17424038000172
4,x,4,z,0.3,m1,0,100000,66154,68,135,0,0.66154,0.0010279045862684466,0,9.17424038000172
4,x,4,x,0.3,m1,0,100000,66154,68,135,0,0.66154,0.0010279045862684466,0,9.17424038000172
4,x,4,x,0.3,m1,0,100000,66154,68,135,0,0.66154,0.0010279045862684466,0,9.17424038000172
4,x,2,x,0.1,m1,0,100000,89511,0,0,0,0.89511,0.0,0,0.9391832010005601
4,x,2,x,0.1,m1,0,100000,89511,0,0,0,0.89511,0.0,0,0.9391832010005601
4,x,2,x,0.1,m1,0,100000,89511,0,0,0,0.89511,0.0,0,0.9391832010005601
4,x,2,x,0.1,m1,0,100000,89511,0,0,0,0.89511,0.0,0,0.9391832010005601
4,x,6,x,0.3,m1,0,100000,75827,232,451,0,0.75827,0.0030595961860551135,0,12.44067360801273
4,x,6,x,0.3,m1,0,100000,75827,232,451,0,0.75827,0.0030595961860551135,0,12.44067360801273
4,x,6,z,0.3,m1,0,100000,75827,232,451,0,0.75827,0.0030595961860551135,0,12.44067360801273
4,x,6,x,0.3,m1,0,100000,75827,232,451,0,0.75827,0.0030595961860551135,0,12.44067360801273
4,x,7,z,0.3,m1,0,100000,85643,277,514,0,0.85643,0.00323435657321669,0,9.896867028000997
4,x,7,x,0.3,m1,0,100000,85643,277,514,0,0.85643,0.00323435657321669,0,9.896867028000997
4,x,7,z,0.3,m1,0,100000,85643,277,514,0,0.85643,0.00323435657321669,0,9.896867028000997
4,x,7,x,0.3,m1,0,100000,85643,277,514,0,0.85643,0.00323435657321669,0,9.896867028000997
4,x,8,x,0.3,m1,0,100000,72999,5164,9527,0,0.72999,0.07074069507801473,0,12.312417089007795
4,x,8,z,0.3,m1,0,100000,72999,5164,9527,0,0.72999,0.07074069507801473,0,12.312417089007795
4,x,8,z,0.3,m1,0,100000,72999,5164,9527,0,0.72999,0.07074069507801473,0,12.312417089007795
4,x,8,x,0.3,m1,0,100000,72999,5164,9527,0,0.72999,0.07074069507801473,0,12.312417089007795
4,x,3,z,0.1,m1,0,100000,95442,0,0,0,0.95442,0.0,0,0.7961741499893833
4,x,3,x,0.1,m1,0,100000,95442,0,0,0,0.95442,0.0,0,0.7961741499893833
4,x,3,x,0.1,m1,0,100000,95442,0,0,0,0.95442,0.0,0,0.7961741499893833
4,x,3,x,0.1,m1,0,100000,95442,0,0,0,0.95442,0.0,0,0.7961741499893833
4,x,5,z,0.1,m1,0,100000,85803,0,0,0,0.85803,0.0,0,1.1787640959955752
4,x,5,z,0.1,m1,0,100000,85803,0,0,0,0.85803,0.0,0,1.1787640959955752
4,x,5,x,0.1,m1,0,100000,85803,0,0,0,0.85803,0.0,0,1.1787640959955752
4,x,5,x,0.1,m1,0,100000,85803,0,0,0,0.85803,0.0,0,1.1787640959955752
4,x,12,x,0.3,m1,0,100000,62379,4391,8332,0,0.62379,0.07039227945302107,0,12.25383133199648
4,x,12,z,0.3,m1,0,100000,62379,4391,8332,0,0.62379,0.07039227945302107,0,12.25383133199648
4,x,12,x,0.3,m1,0,100000,62379,4391,8332,0,0.62379,0.07039227945302107,0,12.25383133199648
4,x,12,z,0.3,m1,0,100000,62379,4391,8332,0,0.62379,0.07039227945302107,0,12.25383133199648
4,x,10,x,0.3,m1,0,100000,72592,208,401,0,0.72592,0.002865329512893977,0,13.679154106008355
4,x,10,x,0.3,m1,0,100000,72592,208,401,0,0.72592,0.002865329512893977,0,13.679154106008355
4,x,10,x,0.3,m1,0,100000,72592,208,401,0,0.72592,0.002865329512893977,0,13.679154106008355
4,x,10,z,0.3,m1,0,100000,72592,208,401,0,0.72592,0.002865329512893977,0,13.679154106008355
4,x,9,z,0.1,m1,0,100000,100000,0,0,0,1.0,0.0,0,0.3033510980021674
4,x,9,z,0.1,m1,0,100000,100000,0,0,0,1.0,0.0,0,0.3033510980021674
4,x,9,z,0.1,m1,0,100000,100000,0,0,0,1.0,0.0,0,0.3033510980021674
4,x,9,x,0.1,m1,0,100000,100000,0,0,0,1.0,0.0,0,0.3033510980021674
4,x,14,x,0.3,m1,0,100000,78943,6424,12153,0,0.78943,0.08137516942604162,0,13.218993976013735
4,x,14,x,0.3,m1,0,100000,78943,6424,12153,0,0.78943,0.08137516942604162,0,13.218993976013735
4,x,14,z,0.3,m1,0,100000,78943,6424,12153,0,0.78943,0.08137516942604162,0,13.218993976013735
4,x,14,z,0.3,m1,0,100000,78943,6424,12153,0,0.78943,0.08137516942604162,0,13.218993976013735
4,x,11,z,0.3,m1,0,100000,85855,344,644,0,0.85855,0.004006755576262289,0,15.50237758201547
4,x,11,x,0.3,m1,0,100000,85855,344,644,0,0.85855,0.004006755576262289,0,15.50237758201547
4,x,11,x,0.3,m1,0,100000,85855,344,644,0,0.85855,0.004006755576262289,0,15.50237758201547
4,x,11,z,0.3,m1,0,100000,85855,344,644,0,0.85855,0.004006755576262289,0,15.50237758201547
4,x,4,x,0.1,m1,0,100000,87174,12,23,0,0.87174,0.00013765572303670037,0,10.083848788985051
4,x,4,z,0.1,m1,0,100000,87174,12,23,0,0.87174,0.00013765572303670037,0,10.083848788985051
4,x,4,x,0.1,m1,0,100000,87174,12,23,0,0.87174,0.00013765572303670037,0,10.083848788985051
4,x,4,x,0.1,m1,0,100000,87174,12,23,0,0.87174,0.00013765572303670037,0,10.083848788985051
4,x,13,z,0.3,m1,0,100000,46898,2334,4181,0,0.46898,0.04976758070706644,0,14.444219378987327
4,x,13,z,0.3,m1,0,100000,46898,2334,4181,0,0.46898,0.04976758070706644,0,14.444219378987327
4,x,13,x,0.3,m1,0,100000,46898,2334,4181,0,0.46898,0.04976758070706644,0,14.444219378987327
4,x,13,z,0.3,m1,0,100000,46898,2334,4181,0,0.46898,0.04976758070706644,0,14.444219378987327
4,x,15,z,0.3,m1,0,100000,84315,6986,12805,0,0.84315,0.08285595682855962,0,14.578216920985142
4,x,15,x,0.3,m1,0,100000,84315,6986,12805,0,0.84315,0.08285595682855962,0,14.578216920985142
4,x,15,z,0.3,m1,0,100000,84315,6986,12805,0,0.84315,0.08285595682855962,0,14.578216920985142
4,x,15,z,0.3,m1,0,100000,84315,6986,12805,0,0.84315,0.08285595682855962,0,14.578216920985142
4,x,7,z,0.1,m1,0,100000,94946,81,156,0,0.94946,0.0008531165083310865,0,9.47322134001297
4,x,7,x,0.1,m1,0,100000,94946,81,156,0,0.94946,0.0008531165083310865,0,9.47322134001297
4,x,7,z,0.1,m1,0,100000,94946,81,156,0,0.94946,0.0008531165083310865,0,9.47322134001297
4,x,7,x,0.1,m1,0,100000,94946,81,156,0,0.94946,0.0008531165083310865,0,9.47322134001297
4,x,6,x,0.1,m1,0,100000,90998,58,114,0,0.90998,0.0006373766456405638,0,13.376930197991896
4,x,6,x,0.1,m1,0,100000,90998,58,114,0,0.90998,0.0006373766456405638,0,13.376930197991896
4,x,6,z,0.1,m1,0,100000,90998,58,114,0,0.90998,0.0006373766456405638,0,13.376930197991896
4,x,6,x,0.1,m1,0,100000,90998,58,114,0,0.90998,0.0006373766456405638,0,13.376930197991896
4,x,8,x,0.1,m1,0,100000,89918,2108,3913,0,0.89918,0.023443581930203128,0,13.825552126014372
4,x,8,z,0.1,m1,0,100000,89918,2108,3913,0,0.89918,0.023443581930203128,0,13.825552126014372
4,x,8,z,0.1,m1,0,100000,89918,2108,3913,0,0.89918,0.023443581930203128,0,13.825552126014372
4,x,8,x,0.1,m1,0,100000,89918,2108,3913,0,0.89918,0.023443581930203128,0,13.825552126014372
4,x,10,x,0.1,m1,0,100000,89711,52,100,0,0.89711,0.0005796390632141213,0,13.428899781021755
4,x,10,x,0.1,m1,0,100000,89711,52,100,0,0.89711,0.0005796390632141213,0,13.428899781021755
4,x,10,x,0.1,m1,0,100000,89711,52,100,0,0.89711,0.0005796390632141213,0,13.428899781021755
4,x,10,z,0.1,m1,0,100000,89711,52,100,0,0.89711,0.0005796390632141213,0,13.428899781021755
4,x,12,x,0.1,m1,0,100000,85540,2044,3947,0,0.8554,0.023895253682487683,0,13.387222269986523
4,x,12,z,0.1,m1,0,100000,85540,2044,3947,0,0.8554,0.023895253682487683,0,13.387222269986523
4,x,12,x,0.1,m1,0,100000,85540,2044,3947,0,0.8554,0.023895253682487683,0,13.387222269986523
4,x,12,z,0.1,m1,0,100000,85540,2044,3947,0,0.8554,0.023895253682487683,0,13.387222269986523
4,x,11,z,0.1,m1,0,100000,94938,66,127,0,0.94938,0.0006951905454085638,0,14.875476309010992
4,x,11,x,0.1,m1,0,100000,94938,66,127,0,0.94938,0.0006951905454085638,0,14.875476309010992
4,x,11,x,0.1,m1,0,100000,94938,66,127,0,0.94938,0.0006951905454085638,0,14.875476309010992
4,x,11,z,0.1,m1,0,100000,94938,66,127,0,0.94938,0.0006951905454085638,0,14.875476309010992
4,x,13,z,0.1,m1,0,100000,69887,574,1089,0,0.69887,0.008213258545938462,0,12.502343985019252
4,x,13,z,0.1,m1,0,100000,69887,574,1089,0,0.69887,0.008213258545938462,0,12.502343985019252
4,x,13,x,0.1,m1,0,100000,69887,574,1089,0,0.69887,0.008213258545938462,0,12.502343985019252
4,x,13,z,0.1,m1,0,100000,69887,574,1089,0,0.69887,0.008213258545938462,0,12.502343985019252
4,x,14,x,0.1,m1,0,100000,92416,2666,5113,0,0.92416,0.02884781855955676,0,15.528353792993585
4,x,14,x,0.1,m1,0,100000,92416,2666,5113,0,0.92416,0.02884781855955676,0,15.528353792993585
4,x,14,z,0.1,m1,0,100000,92416,2666,5113,0,0.92416,0.02884781855955676,0,15.528353792993585
4,x,14,z,0.1,m1,0,100000,92416,2666,5113,0,0.92416,0.02884781855955676,0,15.528353792993585
4,x,15,z,0.1,m1,0,100000,94450,2696,5240,0,0.9445,0.028544203282159897,0,15.875140340009239
4,x,15,x,0.1,m1,0,100000,94450,2696,5240,0,0.9445,0.028544203282159897,0,15.875140340009239
4,x,15,z,0.1,m1,0,100000,94450,2696,5240,0,0.9445,0.028544203282159897,0,15.875140340009239
4,x,15,z,0.1,m1,0,100000,94450,2696,5240,0,0.9445,0.028544203282159897,0,15.875140340009239
4,z,3,x,1,normal,0,100000,39589,8073,14308,0,0.39589,0.2039202808861047,0,11.228601762995822
4,z,3,z,1,normal,0,100000,39589,8073,14308,0,0.39589,0.2039202808861047,0,11.228601762995822
4,z,3,x,1,normal,0,100000,39589,8073,14308,0,0.39589,0.2039202808861047,0,11.228601762995822
4,z,3,x,1,normal,0,100000,39589,8073,14308,0,0.39589,0.2039202808861047,0,11.228601762995822
4,z,2,z,1,normal,0,100000,47959,9893,15780,0,0.47959,0.20628036447799158,0,15.698639537004055
4,z,2,x,1,normal,0,100000,47959,9893,15780,0,0.47959,0.20628036447799158,0,15.698639537004055
4,z,2,x,1,normal,0,100000,47959,9893,15780,0,0.47959,0.20628036447799158,0,15.698639537004055
4,z,2,x,1,normal,0,100000,47959,9893,15780,0,0.47959,0.20628036447799158,0,15.698639537004055
4,z,5,x,1,normal,0,100000,38504,10254,19265,0,0.38504,0.26630999376688136,0,10.991292708000401
4,z,5,x,1,normal,0,100000,38504,10254,19265,0,0.38504,0.26630999376688136,0,10.991292708000401
4,z,5,z,1,normal,0,100000,38504,10254,19265,0,0.38504,0.26630999376688136,0,10.991292708000401
4,z,5,x,1,normal,0,100000,38504,10254,19265,0,0.38504,0.26630999376688136,0,10.991292708000401
4,z,7,x,1,normal,0,100000,22938,574,1031,0,0.22938,0.025023977678960696,0,9.02951142200618
4,z,7,z,1,normal,0,100000,22938,574,1031,0,0.22938,0.025023977678960696,0,9.02951142200618
4,z,7,z,1,normal,0,100000,22938,574,1031,0,0.22938,0.025023977678960696,0,9.02951142200618
4,z,7,x,1,normal,0,100000,22938,574,1031,0,0.22938,0.025023977678960696,0,9.02951142200618
4,z,4,z,1,normal,0,100000,50243,2611,4316,0,0.50243,0.051967438250104525,0,13.712689777021296
4,z,4,z,1,normal,0,100000,50243,2611,4316,0,0.50243,0.051967438250104525,0,13.712689777021296
4,z,4,x,1,normal,0,100000,50243,2611,4316,0,0.50243,0.051967438250104525,0,13.712689777021296
4,z,4,x,1,normal,0,100000,50243,2611,4316,0,0.50243,0.051967438250104525,0,13.712689777021296
4,z,6,z,1,normal,0,100000,44232,1096,1941,0,0.44232,0.024778440947730185,0,14.533869197010063
4,z,6,x,1,normal,0,100000,44232,1096,1941,0,0.44232,0.024778440947730185,0,14.533869197010063
4,z,6,z,1,normal,0,100000,44232,1096,1941,0,0.44232,0.024778440947730185,0,14.533869197010063
4,z,6,x,1,normal,0,100000,44232,1096,1941,0,0.44232,0.024778440947730185,0,14.533869197010063
4,z,9,x,1,normal,0,100000,33891,8048,14560,0,0.33891,0.2374671741760349,0,10.508419200981734
4,z,9,x,1,normal,0,100000,33891,8048,14560,0,0.33891,0.2374671741760349,0,10.508419200981734
4,z,9,x,1,normal,0,100000,33891,8048,14560,0,0.33891,0.2374671741760349,0,10.508419200981734
4,z,9,z,1,normal,0,100000,33891,8048,14560,0,0.33891,0.2374671741760349,0,10.508419200981734
4,z,8,z,1,normal,0,100000,100000,462,786,0,1.0,0.0046199999999999575,0,14.790778477006825
4,z,8,z,1,normal,0,100000,100000,462,786,0,1.0,0.0046199999999999575,0,14.790778477006825
4,z,8,z,1,normal,0,100000,100000,462,786,0,1.0,0.0046199999999999575,0,14.790778477006825
4,z,8,x,1,normal,0,100000,100000,462,786,0,1.0,0.0046199999999999575,0,14.790778477006825
4,z,11,x,1,normal,0,100000,36202,839,1540,0,0.36202,0.02317551516490801,0,10.543142537993845
4,z,11,z,1,normal,0,100000,36202,839,1540,0,0.36202,0.02317551516490801,0,10.543142537993845
4,z,11,x,1,normal,0,100000,36202,839,1540,0,0.36202,0.02317551516490801,0,10.543142537993845
4,z,11,z,1,normal,0,100000,36202,839,1540,0,0.36202,0.02317551516490801,0,10.543142537993845
4,z,13,x,1,normal,0,100000,32359,245,478,0,0.32359,0.007571309372972013,0,10.998073558992473
4,z,13,x,1,normal,0,100000,32359,245,478,0,0.32359,0.007571309372972013,0,10.998073558992473
4,z,13,z,1,normal,0,100000,32359,245,478,0,0.32359,0.007571309372972013,0,10.998073558992473
4,z,13,z,1,normal,0,100000,32359,245,478,0,0.32359,0.007571309372972013,0,10.998073558992473
4,z,15,x,1,normal,0,100000,43707,3,6,0,0.43707,6.863889079555818e-05,0,10.223268118017586
4,z,15,z,1,normal,0,100000,43707,3,6,0,0.43707,6.863889079555818e-05,0,10.223268118017586
4,z,15,z,1,normal,0,100000,43707,3,6,0,0.43707,6.863889079555818e-05,0,10.223268118017586
4,z,15,z,1,normal,0,100000,43707,3,6,0,0.43707,6.863889079555818e-05,0,10.223268118017586
4,z,12,z,1,normal,0,100000,46895,126,217,0,0.46895,0.0026868536091267936,0,13.406803257996216
4,z,12,z,1,normal,0,100000,46895,126,217,0,0.46895,0.0026868536091267936,0,13.406803257996216
4,z,12,x,1,normal,0,100000,46895,126,217,0,0.46895,0.0026868536091267936,0,13.406803257996216
4,z,12,z,1,normal,0,100000,46895,126,217,0,0.46895,0.0026868536091267936,0,13.406803257996216
4,z,14,z,1,normal,0,100000,56925,4,7,0,0.56925,7.026789635489195e-05,0,12.739238667010795
4,z,14,x,1,normal,0,100000,56925,4,7,0,0.56925,7.026789635489195e-05,0,12.739238667010795
4,z,14,z,1,normal,0,100000,56925,4,7,0,0.56925,7.026789635489195e-05,0,12.739238667010795
4,z,14,z,1,normal,0,100000,56925,4,7,0,0.56925,7.026789635489195e-05,0,12.739238667010795
4,z,10,z,1,normal,0,100000,57153,1822,3285,0,0.57153,0.03187934141689852,0,16.018415440019453
4,z,10,x,1,normal,0,100000,57153,1822,3285,0,0.57153,0.03187934141689852,0,16.018415440019453
4,z,10,x,1,normal,0,100000,57153,1822,3285,0,0.57153,0.03187934141689852,0,16.018415440019453
4,z,10,z,1,normal,0,100000,57153,1822,3285,0,0.57153,0.03187934141689852,0,16.018415440019453
4,z,3,x,0.8,normal,0,100000,47746,8152,14574,0,0.47746,0.1707368156494785,0,11.993970957002603
4,z,3,z,0.8,normal,0,100000,47746,8152,14574,0,0.47746,0.1707368156494785,0,11.993970957002603
4,z,3,x,0.8,normal,0,100000,47746,8152,14574,0,0.47746,0.1707368156494785,0,11.993970957002603
4,z,3,x,0.8,normal,0,100000,47746,8152,14574,0,0.47746,0.1707368156494785,0,11.993970957002603
4,z,2,z,0.8,normal,0,100000,55543,9584,15958,0,0.55543,0.17255099652521466,0,14.119417817011708
4,z,2,x,0.8,normal,0,100000,55543,9584,15958,0,0.55543,0.17255099652521466,0,14.119417817011708
4,z,2,x,0.8,normal,0,100000,55543,9584,15958,0,0.55543,0.17255099652521466,0,14.119417817011708
4,z,2,x,0.8,normal,0,100000,55543,9584,15958,0,0.55543,0.17255099652521466,0,14.119417817011708
4,z,5,x,0.8,normal,0,100000,46603,10430,19612,0,0.46603,0.22380533442053085,0,12.559298467007466
4,z,5,x,0.8,normal,0,100000,46603,10430,19612,0,0.46603,0.22380533442053085,0,12.559298467007466
4,z,5,z,0.8,normal,0,100000,46603,10430,19612,0,0.46603,0.22380533442053085,0,12.559298467007466
4,z,5,x,0.8,normal,0,100000,46603,10430,19612,0,0.46603,0.22380533442053085,0,12.559298467007466
4,z,4,z,0.8,normal,0,100000,57034,1986,3433,0,0.57034,0.03482133464249393,0,15.463123266003095
4,z,4,z,0.8,normal,0,100000,57034,1986,3433,0,0.57034,0.03482133464249393,0,15.463123266003095
4,z,4,x,0.8,normal,0,100000,57034,1986,3433,0,0.57034,0.03482133464249393,0,15.463123266003095
4,z,4,x,0.8,normal,0,100000,57034,1986,3433,0,0.57034,0.03482133464249393,0,15.463123266003095
4,z,6,z,0.8,normal,0,100000,51362,868,1591,0,0.51362,0.016899653440286544,0,14.13667868601624
4,z,6,x,0.8,normal,0,100000,51362,868,1591,0,0.51362,0.016899653440286544,0,14.13667868601624
4,z,6,z,0.8,normal,0,100000,51362,868,1591,0,0.51362,0.016899653440286544,0,14.13667868601624
4,z,6,x,0.8,normal,0,100000,51362,868,1591,0,0.51362,0.016899653440286544,0,14.13667868601624
4,z,7,x,0.8,normal,0,100000,30051,492,910,0,0.30051,0.01637216731556357,0,12.296602421993157
4,z,7,z,0.8,normal,0,100000,30051,492,910,0,0.30051,0.01637216731556357,0,12.296602421993157
4,z,7,z,0.8,normal,0,100000,30051,492,910,0,0.30051,0.01637216731556357,0,12.296602421993157
4,z,7,x,0.8,normal,0,100000,30051,492,910,0,0.30051,0.01637216731556357,0,12.296602421993157
4,z,9,x,0.8,normal,0,100000,41678,8236,14894,0,0.41678,0.19761025001199672,0,10.769963911006926
4,z,9,x,0.8,normal,0,100000,41678,8236,14894,0,0.41678,0.19761025001199672,0,10.769963911006926
4,z,9,x,0.8,normal,0,100000,41678,8236,14894,0,0.41678,0.19761025001199672,0,10.769963911006926
4,z,9,z,0.8,normal,0,100000,41678,8236,14894,0,0.41678,0.19761025001199672,0,10.769963911006926
4,z,11,x,0.8,normal,0,100000,44111,690,1285,0,0.44111,0.015642356781755073,0,11.125571368000237
4,z,11,z,0.8,normal,0,100000,44111,690,1285,0,0.44111,0.015642356781755073,0,11.125571368000237
4,z,11,x,0.8,normal,0,100000,44111,690,1285,0,0.44111,0.015642356781755073,0,11.125571368000237
4,z,11,z,0.8,normal,0,100000,44111,690,1285,0,0.44111,0.015642356781755073,0,11.125571368000237
4,z,8,z,0.8,normal,0,100000,100000,196,347,0,1.0,0.0019599999999999618,0,15.885558838985162
4,z,8,z,0.8,normal,0,100000,100000,196,347,0,1.0,0.0019599999999999618,0,15.885558838985162
4,z,8,z,0.8,normal,0,100000,100000,196,347,0,1.0,0.0019599999999999618,0,15.885558838985162
4,z,8,x,0.8,normal,0,100000,100000,196,347,0,1.0,0.0019599999999999618,0,15.885558838985162
4,z,13,x,0.8,normal,0,100000,40351,202,388,0,0.40351,0.005006071720651262,0,10.328357649006648
4,z,13,x,0.8,normal,0,100000,40351,202,388,0,0.40351,0.005006071720651262,0,10.328357649006648
4,z,13,z,0.8,normal,0,100000,40351,202,388,0,0.40351,0.005006071720651262,0,10.328357649006648
4,z,13,z,0.8,normal,0,100000,40351,202,388,0,0.40351,0.005006071720651262,0,10.328357649006648
4,z,12,z,0.8,normal,0,100000,53694,64,119,0,0.53694,0.001191939509069928,0,12.948195101984311
4,z,12,z,0.8,normal,0,100000,53694,64,119,0,0.53694,0.001191939509069928,0,12.948195101984311
4,z,12,x,0.8,normal,0,100000,53694,64,119,0,0.53694,0.001191939509069928,0,12.948195101984311
4,z,12,z,0.8,normal,0,100000,53694,64,119,0,0.53694,0.001191939509069928,0,12.948195101984311
4,z,15,x,0.8,normal,0,100000,51507,2,3,0,0.51507,3.882967363655343e-05,0,11.129527106997557
4,z,15,z,0.8,normal,0,100000,51507,2,3,0,0.51507,3.882967363655343e-05,0,11.129527106997557
4,z,15,z,0.8,normal,0,100000,51507,2,3,0,0.51507,3.882967363655343e-05,0,11.129527106997557
4,z,15,z,0.8,normal,0,100000,51507,2,3,0,0.51507,3.882967363655343e-05,0,11.129527106997557
4,z,14,z,0.8,normal,0,100000,63516,0,1,0,0.63516,0.0,0,14.158708489005221
4,z,14,x,0.8,normal,0,100000,63516,0,1,0,0.63516,0.0,0,14.158708489005221
4,z,14,z,0.8,normal,0,100000,63516,0,1,0,0.63516,0.0,0,14.158708489005221
4,z,14,z,0.8,normal,0,100000,63516,0,1,0,0.63516,0.0,0,14.158708489005221
4,z,10,z,0.8,normal,0,100000,63894,1403,2540,0,0.63894,0.021958243340532757,0,15.3386212719779
4,z,10,x,0.8,normal,0,100000,63894,1403,2540,0,0.63894,0.021958243340532757,0,15.3386212719779
4,z,10,x,0.8,normal,0,100000,63894,1403,2540,0,0.63894,0.021958243340532757,0,15.3386212719779
4,z,10,z,0.8,normal,0,100000,63894,1403,2540,0,0.63894,0.021958243340532757,0,15.3386212719779
4,z,3,x,0.5,normal,0,100000,62726,7181,13204,0,0.62726,0.1144820329687849,0,12.090559238975402
4,z,3,z,0.5,normal,0,100000,62726,7181,13204,0,0.62726,0.1144820329687849,0,12.090559238975402
4,z,3,x,0.5,normal,0,100000,62726,7181,13204,0,0.62726,0.1144820329687849,0,12.090559238975402
4,z,3,x,0.5,normal,0,100000,62726,7181,13204,0,0.62726,0.1144820329687849,0,12.090559238975402
4,z,2,z,0.5,normal,0,100000,69217,7914,14150,0,0.69217,0.11433607350795327,0,14.389787154999794
4,z,2,x,0.5,normal,0,100000,69217,7914,14150,0,0.69217,0.11433607350795327,0,14.389787154999794
4,z,2,x,0.5,normal,0,100000,69217,7914,14150,0,0.69217,0.11433607350795327,0,14.389787154999794
4,z,2,x,0.5,normal,0,100000,69217,7914,14150,0,0.69217,0.11433607350795327,0,14.389787154999794
4,z,7,x,0.5,normal,0,100000,45301,266,500,0,0.45301,0.005871835058828712,0,11.021171055996092
4,z,7,z,0.5,normal,0,100000,45301,266,500,0,0.45301,0.005871835058828712,0,11.021171055996092
4,z,7,z,0.5,normal,0,100000,45301,266,500,0,0.45301,0.005871835058828712,0,11.021171055996092
4,z,7,x,0.5,normal,0,100000,45301,266,500,0,0.45301,0.005871835058828712,0,11.021171055996092
4,z,5,x,0.5,normal,0,100000,62063,9462,18005,0,0.62063,0.15245798623978857,0,12.487139206001302
4,z,5,x,0.5,normal,0,100000,62063,9462,18005,0,0.62063,0.15245798623978857,0,12.487139206001302
4,z,5,z,0.5,normal,0,100000,62063,9462,18005,0,0.62063,0.15245798623978857,0,12.487139206001302
4,z,5,x,0.5,normal,0,100000,62063,9462,18005,0,0.62063,0.15245798623978857,0,12.487139206001302
4,z,4,z,0.5,normal,0,100000,69848,1028,1877,0,0.69848,0.014717672660634507,0,14.502239121997263
4,z,4,z,0.5,normal,0,100000,69848,1028,1877,0,0.69848,0.014717672660634507,0,14.502239121997263
4,z,4,x,0.5,normal,0,100000,69848,1028,1877,0,0.69848,0.014717672660634507,0,14.502239121997263
4,z,4,x,0.5,normal,0,100000,69848,1028,1877,0,0.69848,0.014717672660634507,0,14.502239121997263
4,z,6,z,0.5,normal,0,100000,65510,512,947,0,0.6551,0.007815600671653211,0,15.641873499989742
4,z,6,x,0.5,normal,0,100000,65510,512,947,0,0.6551,0.007815600671653211,0,15.641873499989742
4,z,6,z,0.5,normal,0,100000,65510,512,947,0,0.6551,0.007815600671653211,0,15.641873499989742
4,z,6,x,0.5,normal,0,100000,65510,512,947,0,0.6551,0.007815600671653211,0,15.641873499989742
4,z,8,z,0.5,normal,0,100000,100000,35,70,0,1.0,0.00034999999999996145,0,13.67412812699331
4,z,8,z,0.5,normal,0,100000,100000,35,70,0,1.0,0.00034999999999996145,0,13.67412812699331
4,z,8,z,0.5,normal,0,100000,100000,35,70,0,1.0,0.00034999999999996145,0,13.67412812699331
4,z,8,x,0.5,normal,0,100000,100000,35,70,0,1.0,0.00034999999999996145,0,13.67412812699331
4,z,9,x,0.5,normal,0,100000,57551,7408,13575,0,0.57551,0.12872061302149396,0,12.414855784998508
4,z,9,x,0.5,normal,0,100000,57551,7408,13575,0,0.57551,0.12872061302149396,0,12.414855784998508
4,z,9,x,0.5,normal,0,100000,57551,7408,13575,0,0.57551,0.12872061302149396,0,12.414855784998508
4,z,9,z,0.5,normal,0,100000,57551,7408,13575,0,0.57551,0.12872061302149396,0,12.414855784998508
4,z,11,x,0.5,normal,0,100000,59749,380,726,0,0.59749,0.006359939078478316,0,11.958038170996588
4,z,11,z,0.5,normal,0,100000,59749,380,726,0,0.59749,0.006359939078478316,0,11.958038170996588
4,z,11,x,0.5,normal,0,100000,59749,380,726,0,0.59749,0.006359939078478316,0,11.958038170996588
4,z,11,z,0.5,normal,0,100000,59749,380,726,0,0.59749,0.006359939078478316,0,11.958038170996588
4,z,13,x,0.5,normal,0,100000,56619,108,217,0,0.56619,0.0019074868860277094,0,12.041581916011637
4,z,13,x,0.5,normal,0,100000,56619,108,217,0,0.56619,0.0019074868860277094,0,12.041581916011637
4,z,13,z,0.5,normal,0,100000,56619,108,217,0,0.56619,0.0019074868860277094,0,12.041581916011637
4,z,13,z,0.5,normal,0,100000,56619,108,217,0,0.56619,0.0019074868860277094,0,12.041581916011637
4,z,14,z,0.5,normal,0,100000,75223,0,1,0,0.75223,0.0,0,10.838470717018936
4,z,14,x,0.5,normal,0,100000,75223,0,1,0,0.75223,0.0,0,10.838470717018936
4,z,14,z,0.5,normal,0,100000,75223,0,1,0,0.75223,0.0,0,10.838470717018936
4,z,14,z,0.5,normal,0,100000,75223,0,1,0,0.75223,0.0,0,10.838470717018936
4,z,15,x,0.5,normal,0,100000,66058,0,0,0,0.66058,0.0,0,10.29116942899418
4,z,15,z,0.5,normal,0,100000,66058,0,0,0,0.66058,0.0,0,10.29116942899418
4,z,15,z,0.5,normal,0,100000,66058,0,0,0,0.66058,0.0,0,10.29116942899418
4,z,15,z,0.5,normal,0,100000,66058,0,0,0,0.66058,0.0,0,10.29116942899418
4,z,12,z,0.5,normal,0,100000,67167,21,38,0,0.67167,0.00031265353521814365,0,15.662210244016023
4,z,12,z,0.5,normal,0,100000,67167,21,38,0,0.67167,0.00031265353521814365,0,15.662210244016023
4,z,12,x,0.5,normal,0,100000,67167,21,38,0,0.67167,0.00031265353521814365,0,15.662210244016023
4,z,12,z,0.5,normal,0,100000,67167,21,38,0,0.67167,0.00031265353521814365,0,15.662210244016023
4,z,10,z,0.5,normal,0,100000,75217,720,1344,0,0.75217,0.009572304133374065,0,14.327913460001582
4,z,10,x,0.5,normal,0,100000,75217,720,1344,0,0.75217,0.009572304133374065,0,14.327913460001582
4,z,10,x,0.5,normal,0,100000,75217,720,1344,0,0.75217,0.009572304133374065,0,14.327913460001582
4,z,10,z,0.5,normal,0,100000,75217,720,1344,0,0.75217,0.009572304133374065,0,14.327913460001582
4,z,2,z,0.3,normal,0,100000,80280,5890,10959,0,0.8028,0.0733682112605879,0,15.03373732601176
4,z,2,x,0.3,normal,0,100000,80280,5890,10959,0,0.8028,0.0733682112605879,0,15.03373732601176
4,z,2,x,0.3,normal,0,100000,80280,5890,10959,0,0.8028,0.0733682112605879,0,15.03373732601176
4,z,2,x,0.3,normal,0,100000,80280,5890,10959,0,0.8028,0.0733682112605879,0,15.03373732601176
4,z,3,x,0.3,normal,0,100000,75727,5354,10021,0,0.75727,0.0707013350588297,0,13.984433712001191
4,z,3,z,0.3,normal,0,100000,75727,5354,10021,0,0.75727,0.0707013350588297,0,13.984433712001191
4,z,3,x,0.3,normal,0,100000,75727,5354,10021,0,0.75727,0.0707013350588297,0,13.984433712001191
4,z,3,x,0.3,normal,0,100000,75727,5354,10021,0,0.75727,0.0707013350588297,0,13.984433712001191
4,z,5,x,0.3,normal,0,100000,74782,7240,13878,0,0.74782,0.09681474151533787,0,13.699454528017668
4,z,5,x,0.3,normal,0,100000,74782,7240,13878,0,0.74782,0.09681474151533787,0,13.699454528017668
4,z,5,z,0.3,normal,0,100000,74782,7240,13878,0,0.74782,0.09681474151533787,0,13.699454528017668
4,z,5,x,0.3,normal,0,100000,74782,7240,13878,0,0.74782,0.09681474151533787,0,13.699454528017668
4,z,7,x,0.3,normal,0,100000,61555,153,296,0,0.61555,0.002485581999837505,0,12.08925989200361
4,z,7,z,0.3,normal,0,100000,61555,153,296,0,0.61555,0.002485581999837505,0,12.08925989200361
4,z,7,z,0.3,normal,0,100000,61555,153,296,0,0.61555,0.002485581999837505,0,12.08925989200361
4,z,7,x,0.3,normal,0,100000,61555,153,296,0,0.61555,0.002485581999837505,0,12.08925989200361
4,z,6,z,0.3,normal,0,100000,77224,256,489,0,0.77224,0.0033150315963949017,0,14.65507848400739
4,z,6,x,0.3,normal,0,100000,77224,256,489,0,0.77224,0.0033150315963949017,0,14.65507848400739
4,z,6,z,0.3,normal,0,100000,77224,256,489,0,0.77224,0.0033150315963949017,0,14.65507848400739
4,z,6,x,0.3,normal,0,100000,77224,256,489,0,0.77224,0.0033150315963949017,0,14.65507848400739
4,z,4,z,0.3,normal,0,100000,80270,454,855,0,0.8027,0.005655911299364602,0,16.255332044995157
4,z,4,z,0.3,normal,0,100000,80270,454,855,0,0.8027,0.005655911299364602,0,16.255332044995157
4,z,4,x,0.3,normal,0,100000,80270,454,855,0,0.8027,0.005655911299364602,0,16.255332044995157
4,z,4,x,0.3,normal,0,100000,80270,454,855,0,0.8027,0.005655911299364602,0,16.255332044995157
4,z,9,x,0.3,normal,0,100000,71554,5600,10315,0,0.71554,0.07826257092545486,0,12.888821722008288
4,z,9,x,0.3,normal,0,100000,71554,5600,10315,0,0.71554,0.07826257092545486,0,12.888821722008288
4,z,9,x,0.3,normal,0,100000,71554,5600,10315,0,0.71554,0.07826257092545486,0,12.888821722008288
4,z,9,z,0.3,normal,0,100000,71554,5600,10315,0,0.71554,0.07826257092545486,0,12.888821722008288
4,z,11,x,0.3,normal,0,100000,73157,204,397,0,0.73157,0.0027885233128750464,0,13.893165551999118
4,z,11,z,0.3,normal,0,100000,73157,204,397,0,0.73157,0.0027885233128750464,0,13.893165551999118
4,z,11,x,0.3,normal,0,100000,73157,204,397,0,0.73157,0.0027885233128750464,0,13.893165551999118
4,z,11,z,0.3,normal,0,100000,73157,204,397,0,0.73157,0.0027885233128750464,0,13.893165551999118
4,z,8,z,0.3,normal,0,100000,100000,7,12,0,1.0,7.00000000000145e-05,0,15.693917425989639
4,z,8,z,0.3,normal,0,100000,100000,7,12,0,1.0,7.00000000000145e-05,0,15.693917425989639
4,z,8,z,0.3,normal,0,100000,100000,7,12,0,1.0,7.00000000000145e-05,0,15.693917425989639
4,z,8,x,0.3,normal,0,100000,100000,7,12,0,1.0,7.00000000000145e-05,0,15.693917425989639
4,z,12,z,0.3,normal,0,100000,78461,6,8,0,0.78461,7.647111303710208e-05,0,12.0654447269917
4,z,12,z,0.3,normal,0,100000,78461,6,8,0,0.78461,7.647111303710208e-05,0,12.0654447269917
4,z,12,x,0.3,normal,0,100000,78461,6,8,0,0.78461,7.647111303710208e-05,0,12.0654447269917
4,z,12,z,0.3,normal,0,100000,78461,6,8,0,0.78461,7.647111303710208e-05,0,12.0654447269917
4,z,13,x,0.3,normal,0,100000,71042,43,84,0,0.71042,0.0006052757523717922,0,12.790286998992087
4,z,13,x,0.3,normal,0,100000,71042,43,84,0,0.71042,0.0006052757523717922,0,12.790286998992087
4,z,13,z,0.3,normal,0,100000,71042,43,84,0,0.71042,0.0006052757523717922,0,12.790286998992087
4,z,13,z,0.3,normal,0,100000,71042,43,84,0,0.71042,0.0006052757523717922,0,12.790286998992087
4,z,15,x,0.3,normal,0,100000,78302,0,0,0,0.78302,0.0,0,9.420682642026804
4,z,15,z,0.3,normal,0,100000,78302,0,0,0,0.78302,0.0,0,9.420682642026804
4,z,15,z,0.3,normal,0,100000,78302,0,0,0,0.78302,0.0,0,9.420682642026804
4,z,15,z,0.3,normal,0,100000,78302,0,0,0,0.78302,0.0,0,9.420682642026804
4,z,14,z,0.3,normal,0,100000,84122,0,0,0,0.84122,0.0,0,11.050102991983294
4,z,14,x,0.3,normal,0,100000,84122,0,0,0,0.84122,0.0,0,11.050102991983294
4,z,14,z,0.3,normal,0,100000,84122,0,0,0,0.84122,0.0,0,11.050102991983294
4,z,14,z,0.3,normal,0,100000,84122,0,0,0,0.84122,0.0,0,11.050102991983294
4,z,10,z,0.3,normal,0,100000,83965,341,644,0,0.83965,0.0040612159828500305,0,14.71827451500576
4,z,10,x,0.3,normal,0,100000,83965,341,644,0,0.83965,0.0040612159828500305,0,14.71827451500576
4,z,10,x,0.3,normal,0,100000,83965,341,644,0,0.83965,0.0040612159828500305,0,14.71827451500576
4,z,10,z,0.3,normal,0,100000,83965,341,644,0,0.83965,0.0040612159828500305,0,14.71827451500576
4,z,3,x,0.1,normal,0,100000,91165,2233,4244,0,0.91165,0.024494049251357453,0,13.704168908006977
4,z,3,z,0.1,normal,0,100000,91165,2233,4244,0,0.91165,0.024494049251357453,0,13.704168908006977
4,z,3,x,0.1,normal,0,100000,91165,2233,4244,0,0.91165,0.024494049251357453,0,13.704168908006977
4,z,3,x,0.1,normal,0,100000,91165,2233,4244,0,0.91165,0.024494049251357453,0,13.704168908006977
4,z,2,z,0.1,normal,0,100000,92866,2314,4548,0,0.92866,0.02491762324209079,0,15.539830280002207
4,z,2,x,0.1,normal,0,100000,92866,2314,4548,0,0.92866,0.02491762324209079,0,15.539830280002207
4,z,2,x,0.1,normal,0,100000,92866,2314,4548,0,0.92866,0.02491762324209079,0,15.539830280002207
4,z,2,x,0.1,normal,0,100000,92866,2314,4548,0,0.92866,0.02491762324209079,0,15.539830280002207
4,z,8,z,0.1,normal,0,100000,100000,0,0,0,1.0,0.0,0,9.071388854994439
4,z,8,z,0.1,normal,0,100000,100000,0,0,0,1.0,0.0,0,9.071388854994439
4,z,8,z,0.1,normal,0,100000,100000,0,0,0,1.0,0.0,0,9.071388854994439
4,z,8,x,0.1,normal,0,100000,100000,0,0,0,1.0,0.0,0,9.071388854994439
4,z,5,x,0.1,normal,0,100000,90802,3110,6000,0,0.90802,0.03425034690865836,0,13.791021901997738
4,z,5,x,0.1,normal,0,100000,90802,3110,6000,0,0.90802,0.03425034690865836,0,13.791021901997738
4,z,5,z,0.1,normal,0,100000,90802,3110,6000,0,0.90802,0.03425034690865836,0,13.791021901997738
4,z,5,x,0.1,normal,0,100000,90802,3110,6000,0,0.90802,0.03425034690865836,0,13.791021901997738
4,z,6,z,0.1,normal,0,100000,91570,56,108,0,0.9157,0.0006115540024025368,0,16.00776339400909
4,z,6,x,0.1,normal,0,100000,91570,56,108,0,0.9157,0.0006115540024025368,0,16.00776339400909
4,z,6,z,0.1,normal,0,100000,91570,56,108,0,0.9157,0.0006115540024025368,0,16.00776339400909
4,z,6,x,0.1,normal,0,100000,91570,56,108,0,0.9157,0.0006115540024025368,0,16.00776339400909
4,z,7,x,0.1,normal,0,100000,84467,30,59,0,0.84467,0.0003551682905750253,0,13.449002156994538
4,z,7,z,0.1,normal,0,100000,84467,30,59,0,0.84467,0.0003551682905750253,0,13.449002156994538
4,z,7,z,0.1,normal,0,100000,84467,30,59,0,0.84467,0.0003551682905750253,0,13.449002156994538
4,z,7,x,0.1,normal,0,100000,84467,30,59,0,0.84467,0.0003551682905750253,0,13.449002156994538
4,z,4,z,0.1,normal,0,100000,92984,70,135,0,0.92984,0.0007528176890647664,0,17.236926626996137
4,z,4,z,0.1,normal,0,100000,92984,70,135,0,0.92984,0.0007528176890647664,0,17.236926626996137
4,z,4,x,0.1,normal,0,100000,92984,70,135,0,0.92984,0.0007528176890647664,0,17.236926626996137
4,z,4,x,0.1,normal,0,100000,92984,70,135,0,0.92984,0.0007528176890647664,0,17.236926626996137
4,z,9,x,0.1,normal,0,100000,89213,2388,4440,0,0.89213,0.026767399370047018,0,15.850077934999717
4,z,9,x,0.1,normal,0,100000,89213,2388,4440,0,0.89213,0.026767399370047018,0,15.850077934999717
4,z,9,x,0.1,normal,0,100000,89213,2388,4440,0,0.89213,0.026767399370047018,0,15.850077934999717
4,z,9,z,0.1,normal,0,100000,89213,2388,4440,0,0.89213,0.026767399370047018,0,15.850077934999717
4,z,12,z,0.1,normal,0,100000,92116,0,0,0,0.92116,0.0,0,9.255114649015013
4,z,12,z,0.1,normal,0,100000,92116,0,0,0,0.92116,0.0,0,9.255114649015013
4,z,12,x,0.1,normal,0,100000,92116,0,0,0,0.92116,0.0,0,9.255114649015013
4,z,12,z,0.1,normal,0,100000,92116,0,0,0,0.92116,0.0,0,9.255114649015013
4,z,11,x,0.1,normal,0,100000,89918,46,92,0,0.89918,0.0005115772147956665,0,16.79489128800924
4,z,11,z,0.1,normal,0,100000,89918,46,92,0,0.89918,0.0005115772147956665,0,16.79489128800924
4,z,11,x,0.1,normal,0,100000,89918,46,92,0,0.89918,0.0005115772147956665,0,16.79489128800924
4,z,11,z,0.1,normal,0,100000,89918,46,92,0,0.89918,0.0005115772147956665,0,16.79489128800924
4,z,15,x,0.1,normal,0,100000,92029,0,0,0,0.92029,0.0,0,8.075662570015993
4,z,15,z,0.1,normal,0,100000,92029,0,0,0,0.92029,0.0,0,8.075662570015993
4,z,15,z,0.1,normal,0,100000,92029,0,0,0,0.92029,0.0,0,8.075662570015993
4,z,15,z,0.1,normal,0,100000,92029,0,0,0,0.92029,0.0,0,8.075662570015993
4,z,14,z,0.1,normal,0,100000,94401,0,0,0,0.94401,0.0,0,8.903293828014284
4,z,14,x,0.1,normal,0,100000,94401,0,0,0,0.94401,0.0,0,8.903293828014284
4,z,14,z,0.1,normal,0,100000,94401,0,0,0,0.94401,0.0,0,8.903293828014284
4,z,14,z,0.1,normal,0,100000,94401,0,0,0,0.94401,0.0,0,8.903293828014284
4,z,13,x,0.1,normal,0,100000,89144,8,16,0,0.89144,8.974243919945835e-05,0,13.212837252009194
4,z,13,x,0.1,normal,0,100000,89144,8,16,0,0.89144,8.974243919945835e-05,0,13.212837252009194
4,z,13,z,0.1,normal,0,100000,89144,8,16,0,0.89144,8.974243919945835e-05,0,13.212837252009194
4,z,13,z,0.1,normal,0,100000,89144,8,16,0,0.89144,8.974243919945835e-05,0,13.212837252009194
4,z,8,z,1,m1,0,100000,100000,38,72,0,1.0,0.00038000000000004697,0,1.2683086170000024
4,z,8,z,1,m1,0,100000,100000,38,72,0,1.0,0.00038000000000004697,0,1.2683086170000024
4,z,8,z,1,m1,0,100000,100000,38,72,0,1.0,0.00038000000000004697,0,1.2683086170000024
4,z,8,x,1,m1,0,100000,100000,38,72,0,1.0,0.00038000000000004697,0,1.2683086170000024
4,z,10,z,0.1,normal,0,100000,94377,83,160,0,0.94377,0.0008794515612914333,0,15.593505878001451
4,z,10,x,0.1,normal,0,100000,94377,83,160,0,0.94377,0.0008794515612914333,0,15.593505878001451
4,z,10,x,0.1,normal,0,100000,94377,83,160,0,0.94377,0.0008794515612914333,0,15.593505878001451
4,z,10,z,0.1,normal,0,100000,94377,83,160,0,0.94377,0.0008794515612914333,0,15.593505878001451
4,z,3,x,1,m1,0,100000,25062,5620,9863,0,0.25062,0.22424387518952993,0,10.545461879984941
4,z,3,z,1,m1,0,100000,25062,5620,9863,0,0.25062,0.22424387518952993,0,10.545461879984941
4,z,3,x,1,m1,0,100000,25062,5620,9863,0,0.25062,0.22424387518952993,0,10.545461879984941
4,z,3,x,1,m1,0,100000,25062,5620,9863,0,0.25062,0.22424387518952993,0,10.545461879984941
4,z,5,x,1,m1,0,100000,39936,8207,15112,0,0.39936,0.2055038060897436,0,10.636825329012936
4,z,5,x,1,m1,0,100000,39936,8207,15112,0,0.39936,0.2055038060897436,0,10.636825329012936
4,z,5,z,1,m1,0,100000,39936,8207,15112,0,0.39936,0.2055038060897436,0,10.636825329012936
4,z,5,x,1,m1,0,100000,39936,8207,15112,0,0.39936,0.2055038060897436,0,10.636825329012936
4,z,4,z,1,m1,0,100000,29735,4728,6477,0,0.29735,0.15900454010425424,0,13.446381871995982
4,z,4,z,1,m1,0,100000,29735,4728,6477,0,0.29735,0.15900454010425424,0,13.446381871995982
4,z,4,x,1,m1,0,100000,29735,4728,6477,0,0.29735,0.15900454010425424,0,13.446381871995982
4,z,4,x,1,m1,0,100000,29735,4728,6477,0,0.29735,0.15900454010425424,0,13.446381871995982
4,z,7,x,1,m1,0,100000,36360,1101,1920,0,0.3636,0.030280528052805233,0,10.213944623013958
4,z,7,z,1,m1,0,100000,36360,1101,1920,0,0.3636,0.030280528052805233,0,10.213944623013958
4,z,7,z,1,m1,0,100000,36360,1101,1920,0,0.3636,0.030280528052805233,0,10.213944623013958
4,z,7,x,1,m1,0,100000,36360,1101,1920,0,0.3636,0.030280528052805233,0,10.213944623013958
4,z,2,z,1,m1,0,100000,61471,12256,19750,0,0.61471,0.1993785687559988,0,14.301721867988817
4,z,2,x,1,m1,0,100000,61471,12256,19750,0,0.61471,0.1993785687559988,0,14.301721867988817
4,z,2,x,1,m1,0,100000,61471,12256,19750,0,0.61471,0.1993785687559988,0,14.301721867988817
4,z,2,x,1,m1,0,100000,61471,12256,19750,0,0.61471,0.1993785687559988,0,14.301721867988817
4,z,12,z,1,m1,0,100000,31679,594,913,0,0.31679,0.018750591874743483,0,6.596096701017814
4,z,12,z,1,m1,0,100000,31679,594,913,0,0.31679,0.018750591874743483,0,6.596096701017814
4,z,12,x,1,m1,0,100000,31679,594,913,0,0.31679,0.018750591874743483,0,6.596096701017814
4,z,12,z,1,m1,0,100000,31679,594,913,0,0.31679,0.018750591874743483,0,6.596096701017814
4,z,6,z,1,m1,0,100000,59674,1366,2424,0,0.59674,0.022891041324529904,0,13.522552347014425
4,z,6,x,1,m1,0,100000,59674,1366,2424,0,0.59674,0.022891041324529904,0,13.522552347014425
4,z,6,z,1,m1,0,100000,59674,1366,2424,0,0.59674,0.022891041324529904,0,13.522552347014425
4,z,6,x,1,m1,0,100000,59674,1366,2424,0,0.59674,0.022891041324529904,0,13.522552347014425
4,z,11,x,1,m1,0,100000,21830,404,761,0,0.2183,0.01850664223545584,0,10.598712467006408
4,z,11,z,1,m1,0,100000,21830,404,761,0,0.2183,0.01850664223545584,0,10.598712467006408
4,z,11,x,1,m1,0,100000,21830,404,761,0,0.2183,0.01850664223545584,0,10.598712467006408
4,z,11,z,1,m1,0,100000,21830,404,761,0,0.2183,0.01850664223545584,0,10.598712467006408
4,z,14,z,1,m1,0,100000,56706,4,8,0,0.56706,7.053927274014438e-05,0,4.356882254010998
4,z,14,x,1,m1,0,100000,56706,4,8,0,0.56706,7.053927274014438e-05,0,4.356882254010998
4,z,14,z,1,m1,0,100000,56706,4,8,0,0.56706,7.053927274014438e-05,0,4.356882254010998
4,z,14,z,1,m1,0,100000,56706,4,8,0,0.56706,7.053927274014438e-05,0,4.356882254010998
4,z,10,z,1,m1,0,100000,61087,1878,3365,0,0.61087,0.030743038617054408,0,12.22079873198527
4,z,10,x,1,m1,0,100000,61087,1878,3365,0,0.61087,0.030743038617054408,0,12.22079873198527
4,z,10,x,1,m1,0,100000,61087,1878,3365,0,0.61087,0.030743038617054408,0,12.22079873198527
4,z,10,z,1,m1,0,100000,61087,1878,3365,0,0.61087,0.030743038617054408,0,12.22079873198527
4,z,9,x,1,m1,0,100000,35828,7812,14501,0,0.35828,0.2180417550519147,0,13.943779018009081
4,z,9,x,1,m1,0,100000,35828,7812,14501,0,0.35828,0.2180417550519147,0,13.943779018009081
4,z,9,x,1,m1,0,100000,35828,7812,14501,0,0.35828,0.2180417550519147,0,13.943779018009081
4,z,9,z,1,m1,0,100000,35828,7812,14501,0,0.35828,0.2180417550519147,0,13.943779018009081
4,z,15,x,1,m1,0,100000,34628,2,5,0,0.34628,5.775672865893089e-05,0,4.811604616988916
4,z,15,z,1,m1,0,100000,34628,2,5,0,0.34628,5.775672865893089e-05,0,4.811604616988916
4,z,15,z,1,m1,0,100000,34628,2,5,0,0.34628,5.775672865893089e-05,0,4.811604616988916
4,z,15,z,1,m1,0,100000,34628,2,5,0,0.34628,5.775672865893089e-05,0,4.811604616988916
4,z,13,x,1,m1,0,100000,45696,838,1523,0,0.45696,0.01833858543417366,0,10.470975974021712
4,z,13,x,1,m1,0,100000,45696,838,1523,0,0.45696,0.01833858543417366,0,10.470975974021712
4,z,13,z,1,m1,0,100000,45696,838,1523,0,0.45696,0.01833858543417366,0,10.470975974021712
4,z,13,z,1,m1,0,100000,45696,838,1523,0,0.45696,0.01833858543417366,0,10.470975974021712
4,z,8,z,0.8,m1,0,100000,100000,15,26,0,1.0,0.00014999999999998348,0,1.0855226660205517
4,z,8,z,0.8,m1,0,100000,100000,15,26,0,1.0,0.00014999999999998348,0,1.0855226660205517
4,z,8,z,0.8,m1,0,100000,100000,15,26,0,1.0,0.00014999999999998348,0,1.0855226660205517
4,z,8,x,0.8,m1,0,100000,100000,15,26,0,1.0,0.00014999999999998348,0,1.0855226660205517
4,z,3,x,0.8,m1,0,100000,33108,6224,11139,0,0.33108,0.18799081792920136,0,11.002810004982166
4,z,3,z,0.8,m1,0,100000,33108,6224,11139,0,0.33108,0.18799081792920136,0,11.002810004982166
4,z,3,x,0.8,m1,0,100000,33108,6224,11139,0,0.33108,0.18799081792920136,0,11.002810004982166
4,z,3,x,0.8,m1,0,100000,33108,6224,11139,0,0.33108,0.18799081792920136,0,11.002810004982166
4,z,5,x,0.8,m1,0,100000,48008,8170,15165,0,0.48008,0.17017997000499918,0,11.137193919013953
4,z,5,x,0.8,m1,0,100000,48008,8170,15165,0,0.48008,0.17017997000499918,0,11.137193919013953
4,z,5,z,0.8,m1,0,100000,48008,8170,15165,0,0.48008,0.17017997000499918,0,11.137193919013953
4,z,5,x,0.8,m1,0,100000,48008,8170,15165,0,0.48008,0.17017997000499918,0,11.137193919013953
4,z,9,x,0.8,m1,0,100000,43371,7810,14519,0,0.43371,0.18007424315787046,0,11.064629390020855
4,z,9,x,0.8,m1,0,100000,43371,7810,14519,0,0.43371,0.18007424315787046,0,11.064629390020855
4,z,9,x,0.8,m1,0,100000,43371,7810,14519,0,0.43371,0.18007424315787046,0,11.064629390020855
4,z,9,z,0.8,m1,0,100000,43371,7810,14519,0,0.43371,0.18007424315787046,0,11.064629390020855
4,z,11,x,0.8,m1,0,100000,29175,372,686,0,0.29175,0.012750642673521884,0,10.865896967996377
4,z,11,z,0.8,m1,0,100000,29175,372,686,0,0.29175,0.012750642673521884,0,10.865896967996377
4,z,11,x,0.8,m1,0,100000,29175,372,686,0,0.29175,0.012750642673521884,0,10.865896967996377
4,z,11,z,0.8,m1,0,100000,29175,372,686,0,0.29175,0.012750642673521884,0,10.865896967996377
4,z,2,z,0.8,m1,0,100000,67843,11340,19025,0,0.67843,0.16715062718334983,0,14.050216781994095
4,z,2,x,0.8,m1,0,100000,67843,11340,19025,0,0.67843,0.16715062718334983,0,14.050216781994095
4,z,2,x,0.8,m1,0,100000,67843,11340,19025,0,0.67843,0.16715062718334983,0,14.050216781994095
4,z,2,x,0.8,m1,0,100000,67843,11340,19025,0,0.67843,0.16715062718334983,0,14.050216781994095
4,z,4,z,0.8,m1,0,100000,35733,4106,6041,0,0.35733,0.1149077883189209,0,12.77416686998913
4,z,4,z,0.8,m1,0,100000,35733,4106,6041,0,0.35733,0.1149077883189209,0,12.77416686998913
4,z,4,x,0.8,m1,0,100000,35733,4106,6041,0,0.35733,0.1149077883189209,0,12.77416686998913
4,z,4,x,0.8,m1,0,100000,35733,4106,6041,0,0.35733,0.1149077883189209,0,12.77416686998913
4,z,12,z,0.8,m1,0,100000,34646,346,581,0,0.34646,0.009986722854009145,0,7.056239341007313
4,z,12,z,0.8,m1,0,100000,34646,346,581,0,0.34646,0.009986722854009145,0,7.056239341007313
4,z,12,x,0.8,m1,0,100000,34646,346,581,0,0.34646,0.009986722854009145,0,7.056239341007313
4,z,12,z,0.8,m1,0,100000,34646,346,581,0,0.34646,0.009986722854009145,0,7.056239341007313
4,z,7,x,0.8,m1,0,100000,44211,930,1645,0,0.44211,0.02103548890547602,0,13.616542895004386
4,z,7,z,0.8,m1,0,100000,44211,930,1645,0,0.44211,0.02103548890547602,0,13.616542895004386
4,z,7,z,0.8,m1,0,100000,44211,930,1645,0,0.44211,0.02103548890547602,0,13.616542895004386
4,z,7,x,0.8,m1,0,100000,44211,930,1645,0,0.44211,0.02103548890547602,0,13.616542895004386
4,z,10,z,0.8,m1,0,100000,67202,1358,2407,0,0.67202,0.020207731912740723,0,13.011562972998945
4,z,10,x,0.8,m1,0,100000,67202,1358,2407,0,0.67202,0.020207731912740723,0,13.011562972998945
4,z,10,x,0.8,m1,0,100000,67202,1358,2407,0,0.67202,0.020207731912740723,0,13.011562972998945
4,z,10,z,0.8,m1,0,100000,67202,1358,2407,0,0.67202,0.020207731912740723,0,13.011562972998945
4,z,6,z,0.8,m1,0,100000,66324,969,1760,0,0.66324,0.014610095892889419,0,13.67736793399672
4,z,6,x,0.8,m1,0,100000,66324,969,1760,0,0.66324,0.014610095892889419,0,13.67736793399672
4,z,6,z,0.8,m1,0,100000,66324,969,1760,0,0.66324,0.014610095892889419,0,13.67736793399672
4,z,6,x,0.8,m1,0,100000,66324,969,1760,0,0.66324,0.014610095892889419,0,13.67736793399672
4,z,14,z,0.8,m1,0,100000,63364,2,3,0,0.63364,3.156366391010579e-05,0,3.6656042389804497
4,z,14,x,0.8,m1,0,100000,63364,2,3,0,0.63364,3.156366391010579e-05,0,3.6656042389804497
4,z,14,z,0.8,m1,0,100000,63364,2,3,0,0.63364,3.156366391010579e-05,0,3.6656042389804497
4,z,14,z,0.8,m1,0,100000,63364,2,3,0,0.63364,3.156366391010579e-05,0,3.6656042389804497
4,z,8,z,0.5,m1,0,100000,100000,0,0,0,1.0,0.0,0,0.6043119440146256
4,z,8,z,0.5,m1,0,100000,100000,0,0,0,1.0,0.0,0,0.6043119440146256
4,z,8,z,0.5,m1,0,100000,100000,0,0,0,1.0,0.0,0,0.6043119440146256
4,z,8,x,0.5,m1,0,100000,100000,0,0,0,1.0,0.0,0,0.6043119440146256
4,z,15,x,0.8,m1,0,100000,43168,2,4,0,0.43168,4.6330615270595565e-05,0,4.455088397982763
4,z,15,z,0.8,m1,0,100000,43168,2,4,0,0.43168,4.6330615270595565e-05,0,4.455088397982763
4,z,15,z,0.8,m1,0,100000,43168,2,4,0,0.43168,4.6330615270595565e-05,0,4.455088397982763
4,z,15,z,0.8,m1,0,100000,43168,2,4,0,0.43168,4.6330615270595565e-05,0,4.455088397982763
4,z,13,x,0.8,m1,0,100000,53173,629,1188,0,0.53173,0.011829311868805648,0,10.314618428004906
4,z,13,x,0.8,m1,0,100000,53173,629,1188,0,0.53173,0.011829311868805648,0,10.314618428004906
4,z,13,z,0.8,m1,0,100000,53173,629,1188,0,0.53173,0.011829311868805648,0,10.314618428004906
4,z,13,z,0.8,m1,0,100000,53173,629,1188,0,0.53173,0.011829311868805648,0,10.314618428004906
4,z,3,x,0.5,m1,0,100000,49918,6170,11455,0,0.49918,0.12360270844184462,0,11.037342016992625
4,z,3,z,0.5,m1,0,100000,49918,6170,11455,0,0.49918,0.12360270844184462,0,11.037342016992625
4,z,3,x,0.5,m1,0,100000,49918,6170,11455,0,0.49918,0.12360270844184462,0,11.037342016992625
4,z,3,x,0.5,m1,0,100000,49918,6170,11455,0,0.49918,0.12360270844184462,0,11.037342016992625
4,z,5,x,0.5,m1,0,100000,62969,7121,13362,0,0.62969,0.11308739220886466,0,12.029498166986741
4,z,5,x,0.5,m1,0,100000,62969,7121,13362,0,0.62969,0.11308739220886466,0,12.029498166986741
4,z,5,z,0.5,m1,0,100000,62969,7121,13362,0,0.62969,0.11308739220886466,0,12.029498166986741
4,z,5,x,0.5,m1,0,100000,62969,7121,13362,0,0.62969,0.11308739220886466,0,12.029498166986741
4,z,12,z,0.5,m1,0,100000,39857,102,172,0,0.39857,0.002559148957523183,0,4.034056126984069
4,z,12,z,0.5,m1,0,100000,39857,102,172,0,0.39857,0.002559148957523183,0,4.034056126984069
4,z,12,x,0.5,m1,0,100000,39857,102,172,0,0.39857,0.002559148957523183,0,4.034056126984069
4,z,12,z,0.5,m1,0,100000,39857,102,172,0,0.39857,0.002559148957523183,0,4.034056126984069
4,z,7,x,0.5,m1,0,100000,59497,630,1141,0,0.59497,0.010588769181639424,0,11.991326736024348
4,z,7,z,0.5,m1,0,100000,59497,630,1141,0,0.59497,0.010588769181639424,0,11.991326736024348
4,z,7,z,0.5,m1,0,100000,59497,630,1141,0,0.59497,0.010588769181639424,0,11.991326736024348
4,z,7,x,0.5,m1,0,100000,59497,630,1141,0,0.59497,0.010588769181639424,0,11.991326736024348
4,z,4,z,0.5,m1,0,100000,49995,2714,4556,0,0.49995,0.05428542854285423,0,12.740465967013733
4,z,4,z,0.5,m1,0,100000,49995,2714,4556,0,0.49995,0.05428542854285423,0,12.740465967013733
4,z,4,x,0.5,m1,0,100000,49995,2714,4556,0,0.49995,0.05428542854285423,0,12.740465967013733
4,z,4,x,0.5,m1,0,100000,49995,2714,4556,0,0.49995,0.05428542854285423,0,12.740465967013733
4,z,6,z,0.5,m1,0,100000,77046,478,911,0,0.77046,0.006204085870778475,0,14.698461066000164
4,z,6,x,0.5,m1,0,100000,77046,478,911,0,0.77046,0.006204085870778475,0,14.698461066000164
4,z,6,z,0.5,m1,0,100000,77046,478,911,0,0.77046,0.006204085870778475,0,14.698461066000164
4,z,6,x,0.5,m1,0,100000,77046,478,911,0,0.77046,0.006204085870778475,0,14.698461066000164
4,z,11,x,0.5,m1,0,100000,45586,230,449,0,0.45586,0.005045408678102881,0,11.80369741699542
4,z,11,z,0.5,m1,0,100000,45586,230,449,0,0.45586,0.005045408678102881,0,11.80369741699542
4,z,11,x,0.5,m1,0,100000,45586,230,449,0,0.45586,0.005045408678102881,0,11.80369741699542
4,z,11,z,0.5,m1,0,100000,45586,230,449,0,0.45586,0.005045408678102881,0,11.80369741699542
4,z,2,z,0.5,m1,0,100000,78338,8751,15712,0,0.78338,0.11170823865812252,0,14.416266487998655
4,z,2,x,0.5,m1,0,100000,78338,8751,15712,0,0.78338,0.11170823865812252,0,14.416266487998655
4,z,2,x,0.5,m1,0,100000,78338,8751,15712,0,0.78338,0.11170823865812252,0,14.416266487998655
4,z,2,x,0.5,m1,0,100000,78338,8751,15712,0,0.78338,0.11170823865812252,0,14.416266487998655
4,z,9,x,0.5,m1,0,100000,58944,6890,12941,0,0.58944,0.11689060803474483,0,12.603705693007214
4,z,9,x,0.5,m1,0,100000,58944,6890,12941,0,0.58944,0.11689060803474483,0,12.603705693007214
4,z,9,x,0.5,m1,0,100000,58944,6890,12941,0,0.58944,0.11689060803474483,0,12.603705693007214
4,z,9,z,0.5,m1,0,100000,58944,6890,12941,0,0.58944,0.11689060803474483,0,12.603705693007214
4,z,14,z,0.5,m1,0,100000,75071,0,1,0,0.75071,0.0,0,2.317947923002066
4,z,14,x,0.5,m1,0,100000,75071,0,1,0,0.75071,0.0,0,2.317947923002066
4,z,14,z,0.5,m1,0,100000,75071,0,1,0,0.75071,0.0,0,2.317947923002066
4,z,14,z,0.5,m1,0,100000,75071,0,1,0,0.75071,0.0,0,2.317947923002066
4,z,15,x,0.5,m1,0,100000,59216,0,0,0,0.59216,0.0,0,3.366869607998524
4,z,15,z,0.5,m1,0,100000,59216,0,0,0,0.59216,0.0,0,3.366869607998524
4,z,15,z,0.5,m1,0,100000,59216,0,0,0,0.59216,0.0,0,3.366869607998524
4,z,15,z,0.5,m1,0,100000,59216,0,0,0,0.59216,0.0,0,3.366869607998524
4,z,10,z,0.5,m1,0,100000,78051,722,1343,0,0.78051,0.009250361942832241,0,15.470124796993332
4,z,10,x,0.5,m1,0,100000,78051,722,1343,0,0.78051,0.009250361942832241,0,15.470124796993332
4,z,10,x,0.5,m1,0,100000,78051,722,1343,0,0.78051,0.009250361942832241,0,15.470124796993332
4,z,10,z,0.5,m1,0,100000,78051,722,1343,0,0.78051,0.009250361942832241,0,15.470124796993332
4,z,8,z,0.3,m1,0,100000,100000,0,0,0,1.0,0.0,0,0.5474067079776432
4,z,8,z,0.3,m1,0,100000,100000,0,0,0,1.0,0.0,0,0.5474067079776432
4,z,8,z,0.3,m1,0,100000,100000,0,0,0,1.0,0.0,0,0.5474067079776432
4,z,8,x,0.3,m1,0,100000,100000,0,0,0,1.0,0.0,0,0.5474067079776432
4,z,13,x,0.5,m1,0,100000,67121,329,636,0,0.67121,0.004901595625810051,0,9.949006042996189
4,z,13,x,0.5,m1,0,100000,67121,329,636,0,0.67121,0.004901595625810051,0,9.949006042996189
4,z,13,z,0.5,m1,0,100000,67121,329,636,0,0.67121,0.004901595625810051,0,9.949006042996189
4,z,13,z,0.5,m1,0,100000,67121,329,636,0,0.67121,0.004901595625810051,0,9.949006042996189
4,z,12,z,0.3,m1,0,100000,46886,35,66,0,0.46886,0.0007464914899970587,0,2.3917387489927933
4,z,12,z,0.3,m1,0,100000,46886,35,66,0,0.46886,0.0007464914899970587,0,2.3917387489927933
4,z,12,x,0.3,m1,0,100000,46886,35,66,0,0.46886,0.0007464914899970587,0,2.3917387489927933
4,z,12,z,0.3,m1,0,100000,46886,35,66,0,0.46886,0.0007464914899970587,0,2.3917387489927933
4,z,3,x,0.3,m1,0,100000,65996,5172,9694,0,0.65996,0.07836838596278561,0,12.737486375001026
4,z,3,z,0.3,m1,0,100000,65996,5172,9694,0,0.65996,0.07836838596278561,0,12.737486375001026
4,z,3,x,0.3,m1,0,100000,65996,5172,9694,0,0.65996,0.07836838596278561,0,12.737486375001026
4,z,3,x,0.3,m1,0,100000,65996,5172,9694,0,0.65996,0.07836838596278561,0,12.737486375001026
4,z,4,z,0.3,m1,0,100000,64301,1380,2473,0,0.64301,0.02146156358377005,0,12.189284569001757
4,z,4,z,0.3,m1,0,100000,64301,1380,2473,0,0.64301,0.02146156358377005,0,12.189284569001757
4,z,4,x,0.3,m1,0,100000,64301,1380,2473,0,0.64301,0.02146156358377005,0,12.189284569001757
4,z,4,x,0.3,m1,0,100000,64301,1380,2473,0,0.64301,0.02146156358377005,0,12.189284569001757
4,z,7,x,0.3,m1,0,100000,72957,324,619,0,0.72957,0.00444097207944405,0,13.28506540300441
4,z,7,z,0.3,m1,0,100000,72957,324,619,0,0.72957,0.00444097207944405,0,13.28506540300441
4,z,7,z,0.3,m1,0,100000,72957,324,619,0,0.72957,0.00444097207944405,0,13.28506540300441
4,z,7,x,0.3,m1,0,100000,72957,324,619,0,0.72957,0.00444097207944405,0,13.28506540300441
4,z,10,z,0.3,m1,0,100000,85864,348,652,0,0.85864,0.004052920898164558,0,11.42701991199283
4,z,10,x,0.3,m1,0,100000,85864,348,652,0,0.85864,0.004052920898164558,0,11.42701991199283
4,z,10,x,0.3,m1,0,100000,85864,348,652,0,0.85864,0.004052920898164558,0,11.42701991199283
4,z,10,z,0.3,m1,0,100000,85864,348,652,0,0.85864,0.004052920898164558,0,11.42701991199283
4,z,14,z,0.3,m1,0,100000,84302,0,0,0,0.84302,0.0,0,1.6085707090096548
4,z,14,x,0.3,m1,0,100000,84302,0,0,0,0.84302,0.0,0,1.6085707090096548
4,z,14,z,0.3,m1,0,100000,84302,0,0,0,0.84302,0.0,0,1.6085707090096548
4,z,14,z,0.3,m1,0,100000,84302,0,0,0,0.84302,0.0,0,1.6085707090096548
4,z,9,x,0.3,m1,0,100000,72557,5133,9678,0,0.72557,0.07074438028033136,0,13.732251321984222
4,z,9,x,0.3,m1,0,100000,72557,5133,9678,0,0.72557,0.07074438028033136,0,13.732251321984222
4,z,9,x,0.3,m1,0,100000,72557,5133,9678,0,0.72557,0.07074438028033136,0,13.732251321984222
4,z,9,z,0.3,m1,0,100000,72557,5133,9678,0,0.72557,0.07074438028033136,0,13.732251321984222
4,z,2,z,0.3,m1,0,100000,86369,6005,11198,0,0.86369,0.06952726093853123,0,14.73313704598695
4,z,2,x,0.3,m1,0,100000,86369,6005,11198,0,0.86369,0.06952726093853123,0,14.73313704598695
4,z,2,x,0.3,m1,0,100000,86369,6005,11198,0,0.86369,0.06952726093853123,0,14.73313704598695
4,z,2,x,0.3,m1,0,100000,86369,6005,11198,0,0.86369,0.06952726093853123,0,14.73313704598695
4,z,6,z,0.3,m1,0,100000,85599,235,434,0,0.85599,0.002745359174756712,0,14.390926091000438
4,z,6,x,0.3,m1,0,100000,85599,235,434,0,0.85599,0.002745359174756712,0,14.390926091000438
4,z,6,z,0.3,m1,0,100000,85599,235,434,0,0.85599,0.002745359174756712,0,14.390926091000438
4,z,6,x,0.3,m1,0,100000,85599,235,434,0,0.85599,0.002745359174756712,0,14.390926091000438
4,z,11,x,0.3,m1,0,100000,62506,144,276,0,0.62506,0.0023037788372316514,0,13.14600473997416
4,z,11,z,0.3,m1,0,100000,62506,144,276,0,0.62506,0.0023037788372316514,0,13.14600473997416
4,z,11,x,0.3,m1,0,100000,62506,144,276,0,0.62506,0.0023037788372316514,0,13.14600473997416
4,z,11,z,0.3,m1,0,100000,62506,144,276,0,0.62506,0.0023037788372316514,0,13.14600473997416
4,z,5,x,0.3,m1,0,100000,75621,5252,10014,0,0.75621,0.06945160735774458,0,16.606060610007262
4,z,5,x,0.3,m1,0,100000,75621,5252,10014,0,0.75621,0.06945160735774458,0,16.606060610007262
4,z,5,z,0.3,m1,0,100000,75621,5252,10014,0,0.75621,0.06945160735774458,0,16.606060610007262
4,z,5,x,0.3,m1,0,100000,75621,5252,10014,0,0.75621,0.06945160735774458,0,16.606060610007262
4,z,15,x,0.3,m1,0,100000,73201,0,0,0,0.73201,0.0,0,1.7086124679772183
4,z,15,z,0.3,m1,0,100000,73201,0,0,0,0.73201,0.0,0,1.7086124679772183
4,z,15,z,0.3,m1,0,100000,73201,0,0,0,0.73201,0.0,0,1.7086124679772183
4,z,15,z,0.3,m1,0,100000,73201,0,0,0,0.73201,0.0,0,1.7086124679772183
4,z,8,z,0.1,m1,0,100000,100000,0,0,0,1.0,0.0,0,0.3067171959846746
4,z,8,z,0.1,m1,0,100000,100000,0,0,0,1.0,0.0,0,0.3067171959846746
4,z,8,z,0.1,m1,0,100000,100000,0,0,0,1.0,0.0,0,0.3067171959846746
4,z,8,x,0.1,m1,0,100000,100000,0,0,0,1.0,0.0,0,0.3067171959846746
4,z,13,x,0.3,m1,0,100000,78946,142,284,0,0.78946,0.00179869784409592,0,9.553961321013048
4,z,13,x,0.3,m1,0,100000,78946,142,284,0,0.78946,0.00179869784409592,0,9.553961321013048
4,z,13,z,0.3,m1,0,100000,78946,142,284,0,0.78946,0.00179869784409592,0,9.553961321013048
4,z,13,z,0.3,m1,0,100000,78946,142,284,0,0.78946,0.00179869784409592,0,9.553961321013048
4,z,12,z,0.1,m1,0,100000,70043,0,0,0,0.70043,0.0,0,1.1250784320000093
4,z,12,z,0.1,m1,0,100000,70043,0,0,0,0.70043,0.0,0,1.1250784320000093
4,z,12,x,0.1,m1,0,100000,70043,0,0,0,0.70043,0.0,0,1.1250784320000093
4,z,12,z,0.1,m1,0,100000,70043,0,0,0,0.70043,0.0,0,1.1250784320000093
4,z,10,z,0.1,m1,0,100000,95058,72,144,0,0.95058,0.0007574323044877707,0,9.819205594016239
4,z,10,x,0.1,m1,0,100000,95058,72,144,0,0.95058,0.0007574323044877707,0,9.819205594016239
4,z,10,x,0.1,m1,0,100000,95058,72,144,0,0.95058,0.0007574323044877707,0,9.819205594016239
4,z,10,z,0.1,m1,0,100000,95058,72,144,0,0.95058,0.0007574323044877707,0,9.819205594016239
4,z,4,z,0.1,m1,0,100000,85822,230,445,0,0.85822,0.0026799655100090414,0,11.163267259020358
4,z,4,z,0.1,m1,0,100000,85822,230,445,0,0.85822,0.0026799655100090414,0,11.163267259020358
4,z,4,x,0.1,m1,0,100000,85822,230,445,0,0.85822,0.0026799655100090414,0,11.163267259020358
4,z,4,x,0.1,m1,0,100000,85822,230,445,0,0.85822,0.0026799655100090414,0,11.163267259020358
4,z,3,x,0.1,m1,0,100000,87141,2356,4549,0,0.87141,0.027036641764496605,0,13.288266157993348
4,z,3,z,0.1,m1,0,100000,87141,2356,4549,0,0.87141,0.027036641764496605,0,13.288266157993348
4,z,3,x,0.1,m1,0,100000,87141,2356,4549,0,0.87141,0.027036641764496605,0,13.288266157993348
4,z,3,x,0.1,m1,0,100000,87141,2356,4549,0,0.87141,0.027036641764496605,0,13.288266157993348
4,z,7,x,0.1,m1,0,100000,89981,103,204,0,0.89981,0.0011446861003989728,0,13.28437981501338
4,z,7,z,0.1,m1,0,100000,89981,103,204,0,0.89981,0.0011446861003989728,0,13.28437981501338
4,z,7,z,0.1,m1,0,100000,89981,103,204,0,0.89981,0.0011446861003989728,0,13.28437981501338
4,z,7,x,0.1,m1,0,100000,89981,103,204,0,0.89981,0.0011446861003989728,0,13.28437981501338
4,z,9,x,0.1,m1,0,100000,89782,2114,4027,0,0.89782,0.023545922345236225,0,13.303087910986505
4,z,9,x,0.1,m1,0,100000,89782,2114,4027,0,0.89782,0.023545922345236225,0,13.303087910986505
4,z,9,x,0.1,m1,0,100000,89782,2114,4027,0,0.89782,0.023545922345236225,0,13.303087910986505
4,z,9,z,0.1,m1,0,100000,89782,2114,4027,0,0.89782,0.023545922345236225,0,13.303087910986505
4,z,15,x,0.1,m1,0,100000,90044,0,0,0,0.90044,0.0,0,0.8857253110036254
4,z,15,z,0.1,m1,0,100000,90044,0,0,0,0.90044,0.0,0,0.8857253110036254
4,z,15,z,0.1,m1,0,100000,90044,0,0,0,0.90044,0.0,0,0.8857253110036254
4,z,15,z,0.1,m1,0,100000,90044,0,0,0,0.90044,0.0,0,0.8857253110036254
4,z,14,z,0.1,m1,0,100000,94415,0,0,0,0.94415,0.0,0,0.7797514380072244
4,z,14,x,0.1,m1,0,100000,94415,0,0,0,0.94415,0.0,0,0.7797514380072244
4,z,14,z,0.1,m1,0,100000,94415,0,0,0,0.94415,0.0,0,0.7797514380072244
4,z,14,z,0.1,m1,0,100000,94415,0,0,0,0.94415,0.0,0,0.7797514380072244
4,z,11,x,0.1,m1,0,100000,85353,28,55,0,0.85353,0.0003280493948660812,0,12.552963643014664
4,z,11,z,0.1,m1,0,100000,85353,28,55,0,0.85353,0.0003280493948660812,0,12.552963643014664
4,z,11,x,0.1,m1,0,100000,85353,28,55,0,0.85353,0.0003280493948660812,0,12.552963643014664
4,z,11,z,0.1,m1,0,100000,85353,28,55,0,0.85353,0.0003280493948660812,0,12.552963643014664
4,z,5,x,0.1,m1,0,100000,91129,2206,4213,0,0.91129,0.024207442197324625,0,17.245953619974898
4,z,5,x,0.1,m1,0,100000,91129,2206,4213,0,0.91129,0.024207442197324625,0,17.245953619974898
4,z,5,z,0.1,m1,0,100000,91129,2206,4213,0,0.91129,0.024207442197324625,0,17.245953619974898
4,z,5,x,0.1,m1,0,100000,91129,2206,4213,0,0.91129,0.024207442197324625,0,17.245953619974898
4,z,6,z,0.1,m1,0,100000,94912,51,100,0,0.94912,0.0005373398516520522,0,15.614216079004109
4,z,6,x,0.1,m1,0,100000,94912,51,100,0,0.94912,0.0005373398516520522,0,15.614216079004109
4,z,6,z,0.1,m1,0,100000,94912,51,100,0,0.94912,0.0005373398516520522,0,15.614216079004109
4,z,6,x,0.1,m1,0,100000,94912,51,100,0,0.94912,0.0005373398516520522,0,15.614216079004109
4,z,2,z,0.1,m1,0,100000,95343,2279,4446,0,0.95343,0.02390317065752079,0,15.56842707801843
4,z,2,x,0.1,m1,0,100000,95343,2279,4446,0,0.95343,0.02390317065752079,0,15.56842707801843
4,z,2,x,0.1,m1,0,100000,95343,2279,4446,0,0.95343,0.02390317065752079,0,15.56842707801843
4,z,2,x,0.1,m1,0,100000,95343,2279,4446,0,0.95343,0.02390317065752079,0,15.56842707801843
4,z,13,x,0.1,m1,0,100000,92518,25,46,0,0.92518,0.00027021768736890106,0,6.7444448090100195
4,z,13,x,0.1,m1,0,100000,92518,25,46,0,0.92518,0.00027021768736890106,0,6.7444448090100195
4,z,13,z,0.1,m1,0,100000,92518,25,46,0,0.92518,0.00027021768736890106,0,6.7444448090100195
4,z,13,z,0.1,m1,0,100000,92518,25,46,0,0.92518,0.00027021768736890106,0,6.7444448090100195
