n,lstate,i,meas_type,p_error,sim_type,total_meta_shots,shots,count_accept,count_logerror,count_undecided,count_detect_discard,prep_rate,LER,detect_normal,decoding_normal
4,x,2,x,1,normal,0,100000,28903,6,11,0,0.28903,0.00020759090751820697,0,8.874291838990757
4,x,2,x,1,normal,0,100000,28903,6,11,0,0.28903,0.00020759090751820697,0,8.874291838990757
4,x,2,x,1,normal,0,100000,28903,6,11,0,0.28903,0.00020759090751820697,0,8.874291838990757
4,x,2,x,1,normal,0,100000,28903,6,11,0,0.28903,0.00020759090751820697,0,8.874291838990757
4,x,4,x,1,normal,0,100000,22331,232,443,0,0.22331,0.010389145134566347,0,9.520400976005476
4,x,4,z,1,normal,0,100000,22331,232,443,0,0.22331,0.010389145134566347,0,9.520400976005476
4,x,4,x,1,normal,0,100000,22331,232,443,0,0.22331,0.010389145134566347,0,9.520400976005476
4,x,4,x,1,normal,0,100000,22331,232,443,0,0.22331,0.010389145134566347,0,9.520400976005476
4,x,10,x,1,normal,0,100000,24400,698,1207,0,0.244,0.028606557377049202,0,8.914419530017767
4,x,10,x,1,normal,0,100000,24400,698,1207,0,0.244,0.028606557377049202,0,8.914419530017767
4,x,10,x,1,normal,0,100000,24400,698,1207,0,0.244,0.028606557377049202,0,8.914419530017767
4,x,10,z,1,normal,0,100000,24400,698,1207,0,0.244,0.028606557377049202,0,8.914419530017767
4,x,8,x,1,normal,0,100000,37560,9404,16591,0,0.3756,0.2503727369542066,0,10.374648163007805
4,x,8,z,1,normal,0,100000,37560,9404,16591,0,0.3756,0.2503727369542066,0,10.374648163007805
4,x,8,z,1,normal,0,100000,37560,9404,16591,0,0.3756,0.2503727369542066,0,10.374648163007805
4,x,8,x,1,normal,0,100000,37560,9404,16591,0,0.3756,0.2503727369542066,0,10.374648163007805
4,x,6,x,1,normal,0,100000,26425,544,985,0,0.26425,0.020586565752128694,0,11.347037555009592
4,x,6,x,1,normal,0,100000,26425,544,985,0,0.26425,0.020586565752128694,0,11.347037555009592
4,x,6,z,1,normal,0,100000,26425,544,985,0,0.26425,0.020586565752128694,0,11.347037555009592
4,x,6,x,1,normal,0,100000,26425,544,985,0,0.26425,0.020586565752128694,0,11.347037555009592
4,x,3,z,1,normal,0,100000,44946,3,6,0,0.44946,6.674676278195513e-05,0,11.995840054005384
4,x,3,x,1,normal,0,100000,44946,3,6,0,0.44946,6.674676278195513e-05,0,11.995840054005384
4,x,3,x,1,normal,0,100000,44946,3,6,0,0.44946,6.674676278195513e-05,0,11.995840054005384
4,x,3,x,1,normal,0,100000,44946,3,6,0,0.44946,6.674676278195513e-05,0,11.995840054005384
4,x,5,z,1,normal,0,100000,43480,252,418,0,0.4348,0.0057957681692731855,0,13.269486785022309
4,x,5,z,1,normal,0,100000,43480,252,418,0,0.4348,0.0057957681692731855,0,13.269486785022309
4,x,5,x,1,normal,0,100000,43480,252,418,0,0.4348,0.0057957681692731855,0,13.269486785022309
4,x,5,x,1,normal,0,100000,43480,252,418,0,0.4348,0.0057957681692731855,0,13.269486785022309
4,x,7,z,1,normal,0,100000,54264,2160,3739,0,0.54264,0.0398053958425475,0,14.553264824004145
4,x,7,x,1,normal,0,100000,54264,2160,3739,0,0.54264,0.0398053958425475,0,14.553264824004145
4,x,7,z,1,normal,0,100000,54264,2160,3739,0,0.54264,0.0398053958425475,0,14.553264824004145
4,x,7,x,1,normal,0,100000,54264,2160,3739,0,0.54264,0.0398053958425475,0,14.553264824004145
4,x,11,z,1,normal,0,100000,48444,1864,3190,0,0.48444,0.03847741722401121,0,14.291960709990235
4,x,11,x,1,normal,0,100000,48444,1864,3190,0,0.48444,0.03847741722401121,0,14.291960709990235
4,x,11,x,1,normal,0,100000,48444,1864,3190,0,0.48444,0.03847741722401121,0,14.291960709990235
4,x,11,z,1,normal,0,100000,48444,1864,3190,0,0.48444,0.03847741722401121,0,14.291960709990235
4,x,9,z,1,normal,0,100000,100000,2001,3098,0,1.0,0.020009999999999972,0,19.778102673008107
4,x,9,z,1,normal,0,100000,100000,2001,3098,0,1.0,0.020009999999999972,0,19.778102673008107
4,x,9,z,1,normal,0,100000,100000,2001,3098,0,1.0,0.020009999999999972,0,19.778102673008107
4,x,9,x,1,normal,0,100000,100000,2001,3098,0,1.0,0.020009999999999972,0,19.778102673008107
4,x,12,x,1,normal,0,100000,26297,6002,10845,0,0.26297,0.2282389626193102,0,9.824767016019905
4,x,12,z,1,normal,0,100000,26297,6002,10845,0,0.26297,0.2282389626193102,0,9.824767016019905
4,x,12,x,1,normal,0,100000,26297,6002,10845,0,0.26297,0.2282389626193102,0,9.824767016019905
4,x,12,z,1,normal,0,100000,26297,6002,10845,0,0.26297,0.2282389626193102,0,9.824767016019905
4,x,14,x,1,normal,0,100000,34466,8770,15206,0,0.34466,0.25445366448093776,0,11.068898853001883
4,x,14,x,1,normal,0,100000,34466,8770,15206,0,0.34466,0.25445366448093776,0,11.068898853001883
4,x,14,z,1,normal,0,100000,34466,8770,15206,0,0.34466,0.25445366448093776,0,11.068898853001883
4,x,14,z,1,normal,0,100000,34466,8770,15206,0,0.34466,0.25445366448093776,0,11.068898853001883
4,x,2,x,0.8,normal,0,100000,36939,4,8,0,0.36939,0.00010828663472206568,0,9.674859565013321
4,x,2,x,0.8,normal,0,100000,36939,4,8,0,0.36939,0.00010828663472206568,0,9.674859565013321
4,x,2,x,0.8,normal,0,100000,36939,4,8,0,0.36939,0.00010828663472206568,0,9.674859565013321
4,x,2,x,0.8,normal,0,100000,36939,4,8,0,0.36939,0.00010828663472206568,0,9.674859565013321
4,x,4,x,0.8,normal,0,100000,30287,175,338,0,0.30287,0.005778056591937086,0,9.92051353098941
4,x,4,z,0.8,normal,0,100000,30287,175,338,0,0.30287,0.005778056591937086,0,9.92051353098941
4,x,4,x,0.8,normal,0,100000,30287,175,338,0,0.30287,0.005778056591937086,0,9.92051353098941
4,x,4,x,0.8,normal,0,100000,30287,175,338,0,0.30287,0.005778056591937086,0,9.92051353098941
4,x,13,z,1,normal,0,100000,44913,5646,8185,0,0.44913,0.12570970543049897,0,14.286398402997293
4,x,13,z,1,normal,0,100000,44913,5646,8185,0,0.44913,0.12570970543049897,0,14.286398402997293
4,x,13,x,1,normal,0,100000,44913,5646,8185,0,0.44913,0.12570970543049897,0,14.286398402997293
4,x,13,z,1,normal,0,100000,44913,5646,8185,0,0.44913,0.12570970543049897,0,14.286398402997293
4,x,3,z,0.8,normal,0,100000,52812,2,3,0,0.52812,3.787018101941708e-05,0,12.745421970001189
4,x,3,x,0.8,normal,0,100000,52812,2,3,0,0.52812,3.787018101941708e-05,0,12.745421970001189
4,x,3,x,0.8,normal,0,100000,52812,2,3,0,0.52812,3.787018101941708e-05,0,12.745421970001189
4,x,3,x,0.8,normal,0,100000,52812,2,3,0,0.52812,3.787018101941708e-05,0,12.745421970001189
4,x,15,z,1,normal,0,100000,52597,12364,18715,0,0.52597,0.23507044127992094,0,15.543099053989863
4,x,15,x,1,normal,0,100000,52597,12364,18715,0,0.52597,0.23507044127992094,0,15.543099053989863
4,x,15,z,1,normal,0,100000,52597,12364,18715,0,0.52597,0.23507044127992094,0,15.543099053989863
4,x,15,z,1,normal,0,100000,52597,12364,18715,0,0.52597,0.23507044127992094,0,15.543099053989863
4,x,6,x,0.8,normal,0,100000,34071,481,886,0,0.34071,0.01411757799888469,0,10.520806501008337
4,x,6,x,0.8,normal,0,100000,34071,481,886,0,0.34071,0.01411757799888469,0,10.520806501008337
4,x,6,z,0.8,normal,0,100000,34071,481,886,0,0.34071,0.01411757799888469,0,10.520806501008337
4,x,6,x,0.8,normal,0,100000,34071,481,886,0,0.34071,0.01411757799888469,0,10.520806501008337
4,x,8,x,0.8,normal,0,100000,44502,9116,16322,0,0.44502,0.2048447260797267,0,11.301989119994687
4,x,8,z,0.8,normal,0,100000,44502,9116,16322,0,0.44502,0.2048447260797267,0,11.301989119994687
4,x,8,z,0.8,normal,0,100000,44502,9116,16322,0,0.44502,0.2048447260797267,0,11.301989119994687
4,x,8,x,0.8,normal,0,100000,44502,9116,16322,0,0.44502,0.2048447260797267,0,11.301989119994687
4,x,10,x,0.8,normal,0,100000,32136,622,1131,0,0.32136,0.019355240229026682,0,10.118546742014587
4,x,10,x,0.8,normal,0,100000,32136,622,1131,0,0.32136,0.019355240229026682,0,10.118546742014587
4,x,10,x,0.8,normal,0,100000,32136,622,1131,0,0.32136,0.019355240229026682,0,10.118546742014587
4,x,10,z,0.8,normal,0,100000,32136,622,1131,0,0.32136,0.019355240229026682,0,10.118546742014587
4,x,5,z,0.8,normal,0,100000,50150,183,302,0,0.5015,0.003649052841475542,0,15.875870676973136
4,x,5,z,0.8,normal,0,100000,50150,183,302,0,0.5015,0.003649052841475542,0,15.875870676973136
4,x,5,x,0.8,normal,0,100000,50150,183,302,0,0.5015,0.003649052841475542,0,15.875870676973136
4,x,5,x,0.8,normal,0,100000,50150,183,302,0,0.5015,0.003649052841475542,0,15.875870676973136
4,x,7,z,0.8,normal,0,100000,60727,1590,2845,0,0.60727,0.026182752317749913,0,15.119531333999475
4,x,7,x,0.8,normal,0,100000,60727,1590,2845,0,0.60727,0.026182752317749913,0,15.119531333999475
4,x,7,z,0.8,normal,0,100000,60727,1590,2845,0,0.60727,0.026182752317749913,0,15.119531333999475
4,x,7,x,0.8,normal,0,100000,60727,1590,2845,0,0.60727,0.026182752317749913,0,15.119531333999475
4,x,9,z,0.8,normal,0,100000,100000,972,1545,0,1.0,0.009719999999999951,0,14.958176477986854
4,x,9,z,0.8,normal,0,100000,100000,972,1545,0,1.0,0.009719999999999951,0,14.958176477986854
4,x,9,z,0.8,normal,0,100000,100000,972,1545,0,1.0,0.009719999999999951,0,14.958176477986854
4,x,9,x,0.8,normal,0,100000,100000,972,1545,0,1.0,0.009719999999999951,0,14.958176477986854
4,x,12,x,0.8,normal,0,100000,34183,6414,11689,0,0.34183,0.1876371295673288,0,11.010851217986783
4,x,12,z,0.8,normal,0,100000,34183,6414,11689,0,0.34183,0.1876371295673288,0,11.010851217986783
4,x,12,x,0.8,normal,0,100000,34183,6414,11689,0,0.34183,0.1876371295673288,0,11.010851217986783
4,x,12,z,0.8,normal,0,100000,34183,6414,11689,0,0.34183,0.1876371295673288,0,11.010851217986783
4,x,14,x,0.8,normal,0,100000,42166,8946,16045,0,0.42166,0.21216145709813594,0,12.2834201020014
4,x,14,x,0.8,normal,0,100000,42166,8946,16045,0,0.42166,0.21216145709813594,0,12.2834201020014
4,x,14,z,0.8,normal,0,100000,42166,8946,16045,0,0.42166,0.21216145709813594,0,12.2834201020014
4,x,14,z,0.8,normal,0,100000,42166,8946,16045,0,0.42166,0.21216145709813594,0,12.2834201020014
4,x,2,x,0.5,normal,0,100000,53715,0,0,0,0.53715,0.0,0,9.78204724699026
4,x,2,x,0.5,normal,0,100000,53715,0,0,0,0.53715,0.0,0,9.78204724699026
4,x,2,x,0.5,normal,0,100000,53715,0,0,0,0.53715,0.0,0,9.78204724699026
4,x,2,x,0.5,normal,0,100000,53715,0,0,0,0.53715,0.0,0,9.78204724699026
4,x,11,z,0.8,normal,0,100000,55489,1508,2643,0,0.55489,0.027176557515904087,0,13.84251749899704
4,x,11,x,0.8,normal,0,100000,55489,1508,2643,0,0.55489,0.027176557515904087,0,13.84251749899704
4,x,11,x,0.8,normal,0,100000,55489,1508,2643,0,0.55489,0.027176557515904087,0,13.84251749899704
4,x,11,z,0.8,normal,0,100000,55489,1508,2643,0,0.55489,0.027176557515904087,0,13.84251749899704
4,x,13,z,0.8,normal,0,100000,51365,4654,7149,0,0.51365,0.09060644407670593,0,13.877271913021104
4,x,13,z,0.8,normal,0,100000,51365,4654,7149,0,0.51365,0.09060644407670593,0,13.877271913021104
4,x,13,x,0.8,normal,0,100000,51365,4654,7149,0,0.51365,0.09060644407670593,0,13.877271913021104
4,x,13,z,0.8,normal,0,100000,51365,4654,7149,0,0.51365,0.09060644407670593,0,13.877271913021104
4,x,15,z,0.8,normal,0,100000,60101,11838,19059,0,0.60101,0.1969684364652834,0,15.891277948016068
4,x,15,x,0.8,normal,0,100000,60101,11838,19059,0,0.60101,0.1969684364652834,0,15.891277948016068
4,x,15,z,0.8,normal,0,100000,60101,11838,19059,0,0.60101,0.1969684364652834,0,15.891277948016068
4,x,15,z,0.8,normal,0,100000,60101,11838,19059,0,0.60101,0.1969684364652834,0,15.891277948016068
4,x,3,z,0.5,normal,0,100000,67164,2,1,0,0.67164,2.9777857185386836e-05,0,11.57078102399828
4,x,3,x,0.5,normal,0,100000,67164,2,1,0,0.67164,2.9777857185386836e-05,0,11.57078102399828
4,x,3,x,0.5,normal,0,100000,67164,2,1,0,0.67164,2.9777857185386836e-05,0,11.57078102399828
4,x,3,x,0.5,normal,0,100000,67164,2,1,0,0.67164,2.9777857185386836e-05,0,11.57078102399828
4,x,4,x,0.5,normal,0,100000,46900,116,227,0,0.469,0.002473347547974458,0,11.763297099998454
4,x,4,z,0.5,normal,0,100000,46900,116,227,0,0.469,0.002473347547974458,0,11.763297099998454
4,x,4,x,0.5,normal,0,100000,46900,116,227,0,0.469,0.002473347547974458,0,11.763297099998454
4,x,4,x,0.5,normal,0,100000,46900,116,227,0,0.469,0.002473347547974458,0,11.763297099998454
4,x,6,x,0.5,normal,0,100000,51056,281,510,0,0.51056,0.005503760576621719,0,13.2230218059849
4,x,6,x,0.5,normal,0,100000,51056,281,510,0,0.51056,0.005503760576621719,0,13.2230218059849
4,x,6,z,0.5,normal,0,100000,51056,281,510,0,0.51056,0.005503760576621719,0,13.2230218059849
4,x,6,x,0.5,normal,0,100000,51056,281,510,0,0.51056,0.005503760576621719,0,13.2230218059849
4,x,8,x,0.5,normal,0,100000,59309,7722,13970,0,0.59309,0.13019946382505188,0,12.607375301013235
4,x,8,z,0.5,normal,0,100000,59309,7722,13970,0,0.59309,0.13019946382505188,0,12.607375301013235
4,x,8,z,0.5,normal,0,100000,59309,7722,13970,0,0.59309,0.13019946382505188,0,12.607375301013235
4,x,8,x,0.5,normal,0,100000,59309,7722,13970,0,0.59309,0.13019946382505188,0,12.607375301013235
4,x,5,z,0.5,normal,0,100000,63852,57,104,0,0.63852,0.000892689344108244,0,14.780584779015044
4,x,5,z,0.5,normal,0,100000,63852,57,104,0,0.63852,0.000892689344108244,0,14.780584779015044
4,x,5,x,0.5,normal,0,100000,63852,57,104,0,0.63852,0.000892689344108244,0,14.780584779015044
4,x,5,x,0.5,normal,0,100000,63852,57,104,0,0.63852,0.000892689344108244,0,14.780584779015044
4,x,7,z,0.5,normal,0,100000,72645,880,1610,0,0.72645,0.0121137036272283,0,14.473562463012058
4,x,7,x,0.5,normal,0,100000,72645,880,1610,0,0.72645,0.0121137036272283,0,14.473562463012058
4,x,7,z,0.5,normal,0,100000,72645,880,1610,0,0.72645,0.0121137036272283,0,14.473562463012058
4,x,7,x,0.5,normal,0,100000,72645,880,1610,0,0.72645,0.0121137036272283,0,14.473562463012058
4,x,9,z,0.5,normal,0,100000,100000,202,353,0,1.0,0.0020200000000000218,0,13.715030104009202
4,x,9,z,0.5,normal,0,100000,100000,202,353,0,1.0,0.0020200000000000218,0,13.715030104009202
4,x,9,z,0.5,normal,0,100000,100000,202,353,0,1.0,0.0020200000000000218,0,13.715030104009202
4,x,9,x,0.5,normal,0,100000,100000,202,353,0,1.0,0.0020200000000000218,0,13.715030104009202
4,x,10,x,0.5,normal,0,100000,48258,464,843,0,0.48258,0.009614986116291635,0,12.775309796998044
4,x,10,x,0.5,normal,0,100000,48258,464,843,0,0.48258,0.009614986116291635,0,12.775309796998044
4,x,10,x,0.5,normal,0,100000,48258,464,843,0,0.48258,0.009614986116291635,0,12.775309796998044
4,x,10,z,0.5,normal,0,100000,48258,464,843,0,0.48258,0.009614986116291635,0,12.775309796998044
4,x,12,x,0.5,normal,0,100000,50723,6165,11500,0,0.50723,0.12154249551485519,0,13.519835994986352
4,x,12,z,0.5,normal,0,100000,50723,6165,11500,0,0.50723,0.12154249551485519,0,13.519835994986352
4,x,12,x,0.5,normal,0,100000,50723,6165,11500,0,0.50723,0.12154249551485519,0,13.519835994986352
4,x,12,z,0.5,normal,0,100000,50723,6165,11500,0,0.50723,0.12154249551485519,0,13.519835994986352
4,x,14,x,0.5,normal,0,100000,58435,8314,15231,0,0.58435,0.14227774450243857,0,12.445052019989816
4,x,14,x,0.5,normal,0,100000,58435,8314,15231,0,0.58435,0.14227774450243857,0,12.445052019989816
4,x,14,z,0.5,normal,0,100000,58435,8314,15231,0,0.58435,0.14227774450243857,0,12.445052019989816
4,x,14,z,0.5,normal,0,100000,58435,8314,15231,0,0.58435,0.14227774450243857,0,12.445052019989816
4,x,11,z,0.5,normal,0,100000,68735,854,1548,0,0.68735,0.012424528988142836,0,14.49593325299793
4,x,11,x,0.5,normal,0,100000,68735,854,1548,0,0.68735,0.012424528988142836,0,14.49593325299793
4,x,11,x,0.5,normal,0,100000,68735,854,1548,0,0.68735,0.012424528988142836,0,14.49593325299793
4,x,11,z,0.5,normal,0,100000,68735,854,1548,0,0.68735,0.012424528988142836,0,14.49593325299793
4,x,13,z,0.5,normal,0,100000,64375,2662,4577,0,0.64375,0.0413514563106796,0,14.33549087701249
4,x,13,z,0.5,normal,0,100000,64375,2662,4577,0,0.64375,0.0413514563106796,0,14.33549087701249
4,x,13,x,0.5,normal,0,100000,64375,2662,4577,0,0.64375,0.0413514563106796,0,14.33549087701249
4,x,13,z,0.5,normal,0,100000,64375,2662,4577,0,0.64375,0.0413514563106796,0,14.33549087701249
4,x,2,x,0.3,normal,0,100000,68937,0,0,0,0.68937,0.0,0,9.37042777100578
4,x,2,x,0.3,normal,0,100000,68937,0,0,0,0.68937,0.0,0,9.37042777100578
4,x,2,x,0.3,normal,0,100000,68937,0,0,0,0.68937,0.0,0,9.37042777100578
4,x,2,x,0.3,normal,0,100000,68937,0,0,0,0.68937,0.0,0,9.37042777100578
4,x,15,z,0.5,normal,0,100000,72724,9762,16900,0,0.72724,0.1342335405093229,0,14.87682980397949
4,x,15,x,0.5,normal,0,100000,72724,9762,16900,0,0.72724,0.1342335405093229,0,14.87682980397949
4,x,15,z,0.5,normal,0,100000,72724,9762,16900,0,0.72724,0.1342335405093229,0,14.87682980397949
4,x,15,z,0.5,normal,0,100000,72724,9762,16900,0,0.72724,0.1342335405093229,0,14.87682980397949
4,x,3,z,0.3,normal,0,100000,78674,0,0,0,0.78674,0.0,0,12.765876767021837
4,x,3,x,0.3,normal,0,100000,78674,0,0,0,0.78674,0.0,0,12.765876767021837
4,x,3,x,0.3,normal,0,100000,78674,0,0,0,0.78674,0.0,0,12.765876767021837
4,x,3,x,0.3,normal,0,100000,78674,0,0,0,0.78674,0.0,0,12.765876767021837
4,x,4,x,0.3,normal,0,100000,63380,58,114,0,0.6338,0.0009151151782896827,0,13.123537547013257
4,x,4,z,0.3,normal,0,100000,63380,58,114,0,0.6338,0.0009151151782896827,0,13.123537547013257
4,x,4,x,0.3,normal,0,100000,63380,58,114,0,0.6338,0.0009151151782896827,0,13.123537547013257
4,x,4,x,0.3,normal,0,100000,63380,58,114,0,0.6338,0.0009151151782896827,0,13.123537547013257
4,x,6,x,0.3,normal,0,100000,66427,140,277,0,0.66427,0.0021075767383744726,0,12.525375010998687
4,x,6,x,0.3,normal,0,100000,66427,140,277,0,0.66427,0.0021075767383744726,0,12.525375010998687
4,x,6,z,0.3,normal,0,100000,66427,140,277,0,0.66427,0.0021075767383744726,0,12.525375010998687
4,x,6,x,0.3,normal,0,100000,66427,140,277,0,0.66427,0.0021075767383744726,0,12.525375010998687
4,x,5,z,0.3,normal,0,100000,75773,8,15,0,0.75773,0.00010557850421655246,0,11.234777089994168
4,x,5,z,0.3,normal,0,100000,75773,8,15,0,0.75773,0.00010557850421655246,0,11.234777089994168
4,x,5,x,0.3,normal,0,100000,75773,8,15,0,0.75773,0.00010557850421655246,0,11.234777089994168
4,x,5,x,0.3,normal,0,100000,75773,8,15,0,0.75773,0.00010557850421655246,0,11.234777089994168
4,x,10,x,0.3,normal,0,100000,64457,266,509,0,0.64457,0.004126782195882472,0,11.793841700011399
4,x,10,x,0.3,normal,0,100000,64457,266,509,0,0.64457,0.004126782195882472,0,11.793841700011399
4,x,10,x,0.3,normal,0,100000,64457,266,509,0,0.64457,0.004126782195882472,0,11.793841700011399
4,x,10,z,0.3,normal,0,100000,64457,266,509,0,0.64457,0.004126782195882472,0,11.793841700011399
4,x,7,z,0.3,normal,0,100000,82332,368,696,0,0.82332,0.004469708011465734,0,14.865506425005151
4,x,7,x,0.3,normal,0,100000,82332,368,696,0,0.82332,0.004469708011465734,0,14.865506425005151
4,x,7,z,0.3,normal,0,100000,82332,368,696,0,0.82332,0.004469708011465734,0,14.865506425005151
4,x,7,x,0.3,normal,0,100000,82332,368,696,0,0.82332,0.004469708011465734,0,14.865506425005151
4,x,9,z,0.3,normal,0,100000,100000,30,56,0,1.0,0.00029999999999996696,0,13.01475516599021
4,x,9,z,0.3,normal,0,100000,100000,30,56,0,1.0,0.00029999999999996696,0,13.01475516599021
4,x,9,z,0.3,normal,0,100000,100000,30,56,0,1.0,0.00029999999999996696,0,13.01475516599021
4,x,9,x,0.3,normal,0,100000,100000,30,56,0,1.0,0.00029999999999996696,0,13.01475516599021
4,x,8,x,0.3,normal,0,100000,72307,5706,10547,0,0.72307,0.07891352151244002,0,15.942687768983888
4,x,8,z,0.3,normal,0,100000,72307,5706,10547,0,0.72307,0.07891352151244002,0,15.942687768983888
4,x,8,z,0.3,normal,0,100000,72307,5706,10547,0,0.72307,0.07891352151244002,0,15.942687768983888
4,x,8,x,0.3,normal,0,100000,72307,5706,10547,0,0.72307,0.07891352151244002,0,15.942687768983888
4,x,12,x,0.3,normal,0,100000,66078,4938,9395,0,0.66078,0.07472986470534826,0,12.80105921102222
4,x,12,z,0.3,normal,0,100000,66078,4938,9395,0,0.66078,0.07472986470534826,0,12.80105921102222
4,x,12,x,0.3,normal,0,100000,66078,4938,9395,0,0.66078,0.07472986470534826,0,12.80105921102222
4,x,12,z,0.3,normal,0,100000,66078,4938,9395,0,0.66078,0.07472986470534826,0,12.80105921102222
4,x,2,x,0.1,normal,0,100000,88337,0,0,0,0.88337,0.0,0,9.121922420017654
4,x,2,x,0.1,normal,0,100000,88337,0,0,0,0.88337,0.0,0,9.121922420017654
4,x,2,x,0.1,normal,0,100000,88337,0,0,0,0.88337,0.0,0,9.121922420017654
4,x,2,x,0.1,normal,0,100000,88337,0,0,0,0.88337,0.0,0,9.121922420017654
4,x,14,x,0.3,normal,0,100000,72074,6435,12106,0,0.72074,0.08928323667341898,0,12.967584636993706
4,x,14,x,0.3,normal,0,100000,72074,6435,12106,0,0.72074,0.08928323667341898,0,12.967584636993706
4,x,14,z,0.3,normal,0,100000,72074,6435,12106,0,0.72074,0.08928323667341898,0,12.967584636993706
4,x,14,z,0.3,normal,0,100000,72074,6435,12106,0,0.72074,0.08928323667341898,0,12.967584636993706
4,x,11,z,0.3,normal,0,100000,80017,440,827,0,0.80017,0.0054988314983066555,0,17.847742985002697
4,x,11,x,0.3,normal,0,100000,80017,440,827,0,0.80017,0.0054988314983066555,0,17.847742985002697
4,x,11,x,0.3,normal,0,100000,80017,440,827,0,0.80017,0.0054988314983066555,0,17.847742985002697
4,x,11,z,0.3,normal,0,100000,80017,440,827,0,0.80017,0.0054988314983066555,0,17.847742985002697
4,x,3,z,0.1,normal,0,100000,92469,0,0,0,0.92469,0.0,0,8.987461860990152
4,x,3,x,0.1,normal,0,100000,92469,0,0,0,0.92469,0.0,0,8.987461860990152
4,x,3,x,0.1,normal,0,100000,92469,0,0,0,0.92469,0.0,0,8.987461860990152
4,x,3,x,0.1,normal,0,100000,92469,0,0,0,0.92469,0.0,0,8.987461860990152
4,x,13,z,0.3,normal,0,100000,76334,1358,2476,0,0.76334,0.017790237639845885,0,16.31985437401454
4,x,13,z,0.3,normal,0,100000,76334,1358,2476,0,0.76334,0.017790237639845885,0,16.31985437401454
4,x,13,x,0.3,normal,0,100000,76334,1358,2476,0,0.76334,0.017790237639845885,0,16.31985437401454
4,x,13,z,0.3,normal,0,100000,76334,1358,2476,0,0.76334,0.017790237639845885,0,16.31985437401454
4,x,15,z,0.3,normal,0,100000,82584,6956,12821,0,0.82584,0.08422939068100355,0,17.259675607987447
4,x,15,x,0.3,normal,0,100000,82584,6956,12821,0,0.82584,0.08422939068100355,0,17.259675607987447
4,x,15,z,0.3,normal,0,100000,82584,6956,12821,0,0.82584,0.08422939068100355,0,17.259675607987447
4,x,15,z,0.3,normal,0,100000,82584,6956,12821,0,0.82584,0.08422939068100355,0,17.259675607987447
4,x,5,z,0.1,normal,0,100000,91062,0,0,0,0.91062,0.0,0,10.492390360013815
4,x,5,z,0.1,normal,0,100000,91062,0,0,0,0.91062,0.0,0,10.492390360013815
4,x,5,x,0.1,normal,0,100000,91062,0,0,0,0.91062,0.0,0,10.492390360013815
4,x,5,x,0.1,normal,0,100000,91062,0,0,0,0.91062,0.0,0,10.492390360013815
4,x,4,x,0.1,normal,0,100000,85895,8,15,0,0.85895,9.313696955581818e-05,0,13.111718454019865
4,x,4,z,0.1,normal,0,100000,85895,8,15,0,0.85895,9.313696955581818e-05,0,13.111718454019865
4,x,4,x,0.1,normal,0,100000,85895,8,15,0,0.85895,9.313696955581818e-05,0,13.111718454019865
4,x,4,x,0.1,normal,0,100000,85895,8,15,0,0.85895,9.313696955581818e-05,0,13.111718454019865
4,x,6,x,0.1,normal,0,100000,87415,38,75,0,0.87415,0.0004347080020591365,0,14.266897883993806
4,x,6,x,0.1,normal,0,100000,87415,38,75,0,0.87415,0.0004347080020591365,0,14.266897883993806
4,x,6,z,0.1,normal,0,100000,87415,38,75,0,0.87415,0.0004347080020591365,0,14.266897883993806
4,x,6,x,0.1,normal,0,100000,87415,38,75,0,0.87415,0.0004347080020591365,0,14.266897883993806
4,x,9,z,0.1,normal,0,100000,100000,0,0,0,1.0,0.0,0,9.458112689986592
4,x,9,z,0.1,normal,0,100000,100000,0,0,0,1.0,0.0,0,9.458112689986592
4,x,9,z,0.1,normal,0,100000,100000,0,0,0,1.0,0.0,0,9.458112689986592
4,x,9,x,0.1,normal,0,100000,100000,0,0,0,1.0,0.0,0,9.458112689986592
4,x,8,x,0.1,normal,0,100000,89487,2382,4463,0,0.89487,0.02661839149820644,0,14.077049651008565
4,x,8,z,0.1,normal,0,100000,89487,2382,4463,0,0.89487,0.02661839149820644,0,14.077049651008565
4,x,8,z,0.1,normal,0,100000,89487,2382,4463,0,0.89487,0.02661839149820644,0,14.077049651008565
4,x,8,x,0.1,normal,0,100000,89487,2382,4463,0,0.89487,0.02661839149820644,0,14.077049651008565
4,x,2,x,1,m1,0,100000,32832,2,2,0,0.32832,6.09161793372337e-05,0,5.003324065997731
4,x,2,x,1,m1,0,100000,32832,2,2,0,0.32832,6.09161793372337e-05,0,5.003324065997731
4,x,2,x,1,m1,0,100000,32832,2,2,0,0.32832,6.09161793372337e-05,0,5.003324065997731
4,x,2,x,1,m1,0,100000,32832,2,2,0,0.32832,6.09161793372337e-05,0,5.003324065997731
4,x,7,z,0.1,normal,0,100000,93647,84,162,0,0.93647,0.0008969854880561678,0,16.556147503986722
4,x,7,x,0.1,normal,0,100000,93647,84,162,0,0.93647,0.0008969854880561678,0,16.556147503986722
4,x,7,z,0.1,normal,0,100000,93647,84,162,0,0.93647,0.0008969854880561678,0,16.556147503986722
4,x,7,x,0.1,normal,0,100000,93647,84,162,0,0.93647,0.0008969854880561678,0,16.556147503986722
4,x,3,z,1,m1,0,100000,53282,2,3,0,0.53282,3.753612852375188e-05,0,4.171898825996323
4,x,3,x,1,m1,0,100000,53282,2,3,0,0.53282,3.753612852375188e-05,0,4.171898825996323
4,x,3,x,1,m1,0,100000,53282,2,3,0,0.53282,3.753612852375188e-05,0,4.171898825996323
4,x,3,x,1,m1,0,100000,53282,2,3,0,0.53282,3.753612852375188e-05,0,4.171898825996323
4,x,12,x,0.1,normal,0,100000,86868,2222,4287,0,0.86868,0.025579039462172437,0,13.600998943991726
4,x,12,z,0.1,normal,0,100000,86868,2222,4287,0,0.86868,0.025579039462172437,0,13.600998943991726
4,x,12,x,0.1,normal,0,100000,86868,2222,4287,0,0.86868,0.025579039462172437,0,13.600998943991726
4,x,12,z,0.1,normal,0,100000,86868,2222,4287,0,0.86868,0.025579039462172437,0,13.600998943991726
4,x,10,x,0.1,normal,0,100000,86237,100,199,0,0.86237,0.0011595950694017754,0,15.98489524499746
4,x,10,x,0.1,normal,0,100000,86237,100,199,0,0.86237,0.0011595950694017754,0,15.98489524499746
4,x,10,x,0.1,normal,0,100000,86237,100,199,0,0.86237,0.0011595950694017754,0,15.98489524499746
4,x,10,z,0.1,normal,0,100000,86237,100,199,0,0.86237,0.0011595950694017754,0,15.98489524499746
4,x,11,z,0.1,normal,0,100000,92621,82,155,0,0.92621,0.0008853283812526591,0,15.243273434025468
4,x,11,x,0.1,normal,0,100000,92621,82,155,0,0.92621,0.0008853283812526591,0,15.243273434025468
4,x,11,x,0.1,normal,0,100000,92621,82,155,0,0.92621,0.0008853283812526591,0,15.243273434025468
4,x,11,z,0.1,normal,0,100000,92621,82,155,0,0.92621,0.0008853283812526591,0,15.243273434025468
4,x,9,z,1,m1,0,100000,100000,61,106,0,1.0,0.0006099999999999994,0,1.3651752440200653
4,x,9,z,1,m1,0,100000,100000,61,106,0,1.0,0.0006099999999999994,0,1.3651752440200653
4,x,9,z,1,m1,0,100000,100000,61,106,0,1.0,0.0006099999999999994,0,1.3651752440200653
4,x,9,x,1,m1,0,100000,100000,61,106,0,1.0,0.0006099999999999994,0,1.3651752440200653
4,x,5,z,1,m1,0,100000,52382,64,114,0,0.52382,0.0012217937459432227,0,5.00831268800539
4,x,5,z,1,m1,0,100000,52382,64,114,0,0.52382,0.0012217937459432227,0,5.00831268800539
4,x,5,x,1,m1,0,100000,52382,64,114,0,0.52382,0.0012217937459432227,0,5.00831268800539
4,x,5,x,1,m1,0,100000,52382,64,114,0,0.52382,0.0012217937459432227,0,5.00831268800539
4,x,13,z,0.1,normal,0,100000,91038,196,378,0,0.91038,0.0021529471209824624,0,15.256420894002076
4,x,13,z,0.1,normal,0,100000,91038,196,378,0,0.91038,0.0021529471209824624,0,15.256420894002076
4,x,13,x,0.1,normal,0,100000,91038,196,378,0,0.91038,0.0021529471209824624,0,15.256420894002076
4,x,13,z,0.1,normal,0,100000,91038,196,378,0,0.91038,0.0021529471209824624,0,15.256420894002076
4,x,15,z,0.1,normal,0,100000,93818,2812,5463,0,0.93818,0.02997292630412074,0,16.0274678900023
4,x,15,x,0.1,normal,0,100000,93818,2812,5463,0,0.93818,0.02997292630412074,0,16.0274678900023
4,x,15,z,0.1,normal,0,100000,93818,2812,5463,0,0.93818,0.02997292630412074,0,16.0274678900023
4,x,15,z,0.1,normal,0,100000,93818,2812,5463,0,0.93818,0.02997292630412074,0,16.0274678900023
4,x,14,x,0.1,normal,0,100000,89686,2734,5316,0,0.89686,0.030484133532546864,0,16.71054918700247
4,x,14,x,0.1,normal,0,100000,89686,2734,5316,0,0.89686,0.030484133532546864,0,16.71054918700247
4,x,14,z,0.1,normal,0,100000,89686,2734,5316,0,0.89686,0.030484133532546864,0,16.71054918700247
4,x,14,z,0.1,normal,0,100000,89686,2734,5316,0,0.89686,0.030484133532546864,0,16.71054918700247
4,x,4,x,1,m1,0,100000,34672,368,711,0,0.34672,0.010613751730503052,0,10.912477028992726
4,x,4,z,1,m1,0,100000,34672,368,711,0,0.34672,0.010613751730503052,0,10.912477028992726
4,x,4,x,1,m1,0,100000,34672,368,711,0,0.34672,0.010613751730503052,0,10.912477028992726
4,x,4,x,1,m1,0,100000,34672,368,711,0,0.34672,0.010613751730503052,0,10.912477028992726
4,x,8,x,1,m1,0,100000,33897,8008,15231,0,0.33897,0.23624509543617433,0,9.96744192999904
4,x,8,z,1,m1,0,100000,33897,8008,15231,0,0.33897,0.23624509543617433,0,9.96744192999904
4,x,8,z,1,m1,0,100000,33897,8008,15231,0,0.33897,0.23624509543617433,0,9.96744192999904
4,x,8,x,1,m1,0,100000,33897,8008,15231,0,0.33897,0.23624509543617433,0,9.96744192999904
4,x,6,x,1,m1,0,100000,41808,1606,2960,0,0.41808,0.03841370072713357,0,12.500136600021506
4,x,6,x,1,m1,0,100000,41808,1606,2960,0,0.41808,0.03841370072713357,0,12.500136600021506
4,x,6,z,1,m1,0,100000,41808,1606,2960,0,0.41808,0.03841370072713357,0,12.500136600021506
4,x,6,x,1,m1,0,100000,41808,1606,2960,0,0.41808,0.03841370072713357,0,12.500136600021506
4,x,7,z,1,m1,0,100000,51003,1474,2599,0,0.51003,0.02890026076897434,0,12.017687975021545
4,x,7,x,1,m1,0,100000,51003,1474,2599,0,0.51003,0.02890026076897434,0,12.017687975021545
4,x,7,z,1,m1,0,100000,51003,1474,2599,0,0.51003,0.02890026076897434,0,12.017687975021545
4,x,7,x,1,m1,0,100000,51003,1474,2599,0,0.51003,0.02890026076897434,0,12.017687975021545
4,x,2,x,0.8,m1,0,100000,41221,2,3,0,0.41221,4.851895878310586e-05,0,4.225399757007835
4,x,2,x,0.8,m1,0,100000,41221,2,3,0,0.41221,4.851895878310586e-05,0,4.225399757007835
4,x,2,x,0.8,m1,0,100000,41221,2,3,0,0.41221,4.851895878310586e-05,0,4.225399757007835
4,x,2,x,0.8,m1,0,100000,41221,2,3,0,0.41221,4.851895878310586e-05,0,4.225399757007835
4,x,10,x,1,m1,0,100000,40894,1381,2404,0,0.40894,0.0337702352423338,0,10.334375428006751
4,x,10,x,1,m1,0,100000,40894,1381,2404,0,0.40894,0.0337702352423338,0,10.334375428006751
4,x,10,x,1,m1,0,100000,40894,1381,2404,0,0.40894,0.0337702352423338,0,10.334375428006751
4,x,10,z,1,m1,0,100000,40894,1381,2404,0,0.40894,0.0337702352423338,0,10.334375428006751
4,x,14,x,1,m1,0,100000,27229,5122,9091,0,0.27229,0.18810826692129712,0,9.798132857016753
4,x,14,x,1,m1,0,100000,27229,5122,9091,0,0.27229,0.18810826692129712,0,9.798132857016753
4,x,14,z,1,m1,0,100000,27229,5122,9091,0,0.27229,0.18810826692129712,0,9.798132857016753
4,x,14,z,1,m1,0,100000,27229,5122,9091,0,0.27229,0.18810826692129712,0,9.798132857016753
4,x,3,z,0.8,m1,0,100000,60277,2,3,0,0.60277,3.318015163333854e-05,0,3.669305871007964
4,x,3,x,0.8,m1,0,100000,60277,2,3,0,0.60277,3.318015163333854e-05,0,3.669305871007964
4,x,3,x,0.8,m1,0,100000,60277,2,3,0,0.60277,3.318015163333854e-05,0,3.669305871007964
4,x,3,x,0.8,m1,0,100000,60277,2,3,0,0.60277,3.318015163333854e-05,0,3.669305871007964
4,x,11,z,1,m1,0,100000,58253,1625,2956,0,0.58253,0.027895559027002914,0,13.712418614013586
4,x,11,x,1,m1,0,100000,58253,1625,2956,0,0.58253,0.027895559027002914,0,13.712418614013586
4,x,11,x,1,m1,0,100000,58253,1625,2956,0,0.58253,0.027895559027002914,0,13.712418614013586
4,x,11,z,1,m1,0,100000,58253,1625,2956,0,0.58253,0.027895559027002914,0,13.712418614013586
4,x,12,x,1,m1,0,100000,41199,8990,16639,0,0.41199,0.21820917983446197,0,12.897350696002832
4,x,12,z,1,m1,0,100000,41199,8990,16639,0,0.41199,0.21820917983446197,0,12.897350696002832
4,x,12,x,1,m1,0,100000,41199,8990,16639,0,0.41199,0.21820917983446197,0,12.897350696002832
4,x,12,z,1,m1,0,100000,41199,8990,16639,0,0.41199,0.21820917983446197,0,12.897350696002832
4,x,5,z,0.8,m1,0,100000,59193,30,54,0,0.59193,0.0005068166844052202,0,4.194093661004445
4,x,5,z,0.8,m1,0,100000,59193,30,54,0,0.59193,0.0005068166844052202,0,4.194093661004445
4,x,5,x,0.8,m1,0,100000,59193,30,54,0,0.59193,0.0005068166844052202,0,4.194093661004445
4,x,5,x,0.8,m1,0,100000,59193,30,54,0,0.59193,0.0005068166844052202,0,4.194093661004445
4,x,9,z,0.8,m1,0,100000,100000,24,48,0,1.0,0.00024000000000001798,0,0.9825023240118753
4,x,9,z,0.8,m1,0,100000,100000,24,48,0,1.0,0.00024000000000001798,0,0.9825023240118753
4,x,9,z,0.8,m1,0,100000,100000,24,48,0,1.0,0.00024000000000001798,0,0.9825023240118753
4,x,9,x,0.8,m1,0,100000,100000,24,48,0,1.0,0.00024000000000001798,0,0.9825023240118753
4,x,13,z,1,m1,0,100000,76434,2432,4179,0,0.76434,0.03181830075620795,0,12.203787690988975
4,x,13,z,1,m1,0,100000,76434,2432,4179,0,0.76434,0.03181830075620795,0,12.203787690988975
4,x,13,x,1,m1,0,100000,76434,2432,4179,0,0.76434,0.03181830075620795,0,12.203787690988975
4,x,13,z,1,m1,0,100000,76434,2432,4179,0,0.76434,0.03181830075620795,0,12.203787690988975
4,x,15,z,1,m1,0,100000,57407,10838,17600,0,0.57407,0.18879230755831167,0,14.889974322984926
4,x,15,x,1,m1,0,100000,57407,10838,17600,0,0.57407,0.18879230755831167,0,14.889974322984926
4,x,15,z,1,m1,0,100000,57407,10838,17600,0,0.57407,0.18879230755831167,0,14.889974322984926
4,x,15,z,1,m1,0,100000,57407,10838,17600,0,0.57407,0.18879230755831167,0,14.889974322984926
4,x,4,x,0.8,m1,0,100000,42575,290,556,0,0.42575,0.006811509101585456,0,10.424455995991593
4,x,4,z,0.8,m1,0,100000,42575,290,556,0,0.42575,0.006811509101585456,0,10.424455995991593
4,x,4,x,0.8,m1,0,100000,42575,290,556,0,0.42575,0.006811509101585456,0,10.424455995991593
4,x,4,x,0.8,m1,0,100000,42575,290,556,0,0.42575,0.006811509101585456,0,10.424455995991593
4,x,6,x,0.8,m1,0,100000,49970,1308,2415,0,0.4997,0.02617570542325398,0,11.534447509009624
4,x,6,x,0.8,m1,0,100000,49970,1308,2415,0,0.4997,0.02617570542325398,0,11.534447509009624
4,x,6,z,0.8,m1,0,100000,49970,1308,2415,0,0.4997,0.02617570542325398,0,11.534447509009624
4,x,6,x,0.8,m1,0,100000,49970,1308,2415,0,0.4997,0.02617570542325398,0,11.534447509009624
4,x,2,x,0.5,m1,0,100000,57371,1,2,0,0.57371,1.7430409091745425e-05,0,3.1303417129965965
4,x,2,x,0.5,m1,0,100000,57371,1,2,0,0.57371,1.7430409091745425e-05,0,3.1303417129965965
4,x,2,x,0.5,m1,0,100000,57371,1,2,0,0.57371,1.7430409091745425e-05,0,3.1303417129965965
4,x,2,x,0.5,m1,0,100000,57371,1,2,0,0.57371,1.7430409091745425e-05,0,3.1303417129965965
4,x,7,z,0.8,m1,0,100000,57959,1146,2058,0,0.57959,0.019772597870908792,0,12.340870607993565
4,x,7,x,0.8,m1,0,100000,57959,1146,2058,0,0.57959,0.019772597870908792,0,12.340870607993565
4,x,7,z,0.8,m1,0,100000,57959,1146,2058,0,0.57959,0.019772597870908792,0,12.340870607993565
4,x,7,x,0.8,m1,0,100000,57959,1146,2058,0,0.57959,0.019772597870908792,0,12.340870607993565
4,x,8,x,0.8,m1,0,100000,41848,8068,15385,0,0.41848,0.19279296501624932,0,11.125996393006062
4,x,8,z,0.8,m1,0,100000,41848,8068,15385,0,0.41848,0.19279296501624932,0,11.125996393006062
4,x,8,z,0.8,m1,0,100000,41848,8068,15385,0,0.41848,0.19279296501624932,0,11.125996393006062
4,x,8,x,0.8,m1,0,100000,41848,8068,15385,0,0.41848,0.19279296501624932,0,11.125996393006062
4,x,10,x,0.8,m1,0,100000,48538,1062,1887,0,0.48538,0.021879764308376903,0,10.954880192002747
4,x,10,x,0.8,m1,0,100000,48538,1062,1887,0,0.48538,0.021879764308376903,0,10.954880192002747
4,x,10,x,0.8,m1,0,100000,48538,1062,1887,0,0.48538,0.021879764308376903,0,10.954880192002747
4,x,10,z,0.8,m1,0,100000,48538,1062,1887,0,0.48538,0.021879764308376903,0,10.954880192002747
4,x,3,z,0.5,m1,0,100000,72984,0,0,0,0.72984,0.0,0,2.5320859999919776
4,x,3,x,0.5,m1,0,100000,72984,0,0,0,0.72984,0.0,0,2.5320859999919776
4,x,3,x,0.5,m1,0,100000,72984,0,0,0,0.72984,0.0,0,2.5320859999919776
4,x,3,x,0.5,m1,0,100000,72984,0,0,0,0.72984,0.0,0,2.5320859999919776
4,x,12,x,0.8,m1,0,100000,49121,8952,16678,0,0.49121,0.1822438468272226,0,11.1263377389987
4,x,12,z,0.8,m1,0,100000,49121,8952,16678,0,0.49121,0.1822438468272226,0,11.1263377389987
4,x,12,x,0.8,m1,0,100000,49121,8952,16678,0,0.49121,0.1822438468272226,0,11.1263377389987
4,x,12,z,0.8,m1,0,100000,49121,8952,16678,0,0.49121,0.1822438468272226,0,11.1263377389987
4,x,14,x,0.8,m1,0,100000,35274,5360,9844,0,0.35274,0.15195328003628739,0,10.787260360986693
4,x,14,x,0.8,m1,0,100000,35274,5360,9844,0,0.35274,0.15195328003628739,0,10.787260360986693
4,x,14,z,0.8,m1,0,100000,35274,5360,9844,0,0.35274,0.15195328003628739,0,10.787260360986693
4,x,14,z,0.8,m1,0,100000,35274,5360,9844,0,0.35274,0.15195328003628739,0,10.787260360986693
4,x,5,z,0.5,m1,0,100000,71555,6,9,0,0.71555,8.385158269863524e-05,0,2.680151466978714
4,x,5,z,0.5,m1,0,100000,71555,6,9,0,0.71555,8.385158269863524e-05,0,2.680151466978714
4,x,5,x,0.5,m1,0,100000,71555,6,9,0,0.71555,8.385158269863524e-05,0,2.680151466978714
4,x,5,x,0.5,m1,0,100000,71555,6,9,0,0.71555,8.385158269863524e-05,0,2.680151466978714
4,x,9,z,0.5,m1,0,100000,100000,4,9,0,1.0,4.0000000000040004e-05,0,0.7037421209970489
4,x,9,z,0.5,m1,0,100000,100000,4,9,0,1.0,4.0000000000040004e-05,0,0.7037421209970489
4,x,9,z,0.5,m1,0,100000,100000,4,9,0,1.0,4.0000000000040004e-05,0,0.7037421209970489
4,x,9,x,0.5,m1,0,100000,100000,4,9,0,1.0,4.0000000000040004e-05,0,0.7037421209970489
4,x,11,z,0.8,m1,0,100000,64647,1266,2355,0,0.64647,0.019583275326001237,0,15.0383806739992
4,x,11,x,0.8,m1,0,100000,64647,1266,2355,0,0.64647,0.019583275326001237,0,15.0383806739992
4,x,11,x,0.8,m1,0,100000,64647,1266,2355,0,0.64647,0.019583275326001237,0,15.0383806739992
4,x,11,z,0.8,m1,0,100000,64647,1266,2355,0,0.64647,0.019583275326001237,0,15.0383806739992
4,x,13,z,0.8,m1,0,100000,80884,1702,2999,0,0.80884,0.021042480589486212,0,12.220768638013396
4,x,13,z,0.8,m1,0,100000,80884,1702,2999,0,0.80884,0.021042480589486212,0,12.220768638013396
4,x,13,x,0.8,m1,0,100000,80884,1702,2999,0,0.80884,0.021042480589486212,0,12.220768638013396
4,x,13,z,0.8,m1,0,100000,80884,1702,2999,0,0.80884,0.021042480589486212,0,12.220768638013396
4,x,4,x,0.5,m1,0,100000,58805,155,298,0,0.58805,0.0026358302865402417,0,9.963765337015502
4,x,4,z,0.5,m1,0,100000,58805,155,298,0,0.58805,0.0026358302865402417,0,9.963765337015502
4,x,4,x,0.5,m1,0,100000,58805,155,298,0,0.58805,0.0026358302865402417,0,9.963765337015502
4,x,4,x,0.5,m1,0,100000,58805,155,298,0,0.58805,0.0026358302865402417,0,9.963765337015502
4,x,15,z,0.8,m1,0,100000,64053,10120,17112,0,0.64053,0.15799416108535125,0,13.750489719997859
4,x,15,x,0.8,m1,0,100000,64053,10120,17112,0,0.64053,0.15799416108535125,0,13.750489719997859
4,x,15,z,0.8,m1,0,100000,64053,10120,17112,0,0.64053,0.15799416108535125,0,13.750489719997859
4,x,15,z,0.8,m1,0,100000,64053,10120,17112,0,0.64053,0.15799416108535125,0,13.750489719997859
4,x,6,x,0.5,m1,0,100000,64957,740,1396,0,0.64957,0.011392151731145272,0,12.665576013998361
4,x,6,x,0.5,m1,0,100000,64957,740,1396,0,0.64957,0.011392151731145272,0,12.665576013998361
4,x,6,z,0.5,m1,0,100000,64957,740,1396,0,0.64957,0.011392151731145272,0,12.665576013998361
4,x,6,x,0.5,m1,0,100000,64957,740,1396,0,0.64957,0.011392151731145272,0,12.665576013998361
4,x,7,z,0.5,m1,0,100000,70781,640,1163,0,0.70781,0.009041974541190378,0,11.210077363997698
4,x,7,x,0.5,m1,0,100000,70781,640,1163,0,0.70781,0.009041974541190378,0,11.210077363997698
4,x,7,z,0.5,m1,0,100000,70781,640,1163,0,0.70781,0.009041974541190378,0,11.210077363997698
4,x,7,x,0.5,m1,0,100000,70781,640,1163,0,0.70781,0.009041974541190378,0,11.210077363997698
4,x,2,x,0.3,m1,0,100000,71464,0,0,0,0.71464,0.0,0,2.021077959012473
4,x,2,x,0.3,m1,0,100000,71464,0,0,0,0.71464,0.0,0,2.021077959012473
4,x,2,x,0.3,m1,0,100000,71464,0,0,0,0.71464,0.0,0,2.021077959012473
4,x,2,x,0.3,m1,0,100000,71464,0,0,0,0.71464,0.0,0,2.021077959012473
4,x,8,x,0.5,m1,0,100000,57177,7189,13788,0,0.57177,0.12573237490599365,0,11.870448433008278
4,x,8,z,0.5,m1,0,100000,57177,7189,13788,0,0.57177,0.12573237490599365,0,11.870448433008278
4,x,8,z,0.5,m1,0,100000,57177,7189,13788,0,0.57177,0.12573237490599365,0,11.870448433008278
4,x,8,x,0.5,m1,0,100000,57177,7189,13788,0,0.57177,0.12573237490599365,0,11.870448433008278
4,x,10,x,0.5,m1,0,100000,63066,668,1256,0,0.63066,0.010592078140360894,0,12.931025097001111
4,x,10,x,0.5,m1,0,100000,63066,668,1256,0,0.63066,0.010592078140360894,0,12.931025097001111
4,x,10,x,0.5,m1,0,100000,63066,668,1256,0,0.63066,0.010592078140360894,0,12.931025097001111
4,x,10,z,0.5,m1,0,100000,63066,668,1256,0,0.63066,0.010592078140360894,0,12.931025097001111
4,x,5,z,0.3,m1,0,100000,81601,2,3,0,0.81601,2.4509503560032897e-05,0,1.7609062079864088
4,x,5,z,0.3,m1,0,100000,81601,2,3,0,0.81601,2.4509503560032897e-05,0,1.7609062079864088
4,x,5,x,0.3,m1,0,100000,81601,2,3,0,0.81601,2.4509503560032897e-05,0,1.7609062079864088
4,x,5,x,0.3,m1,0,100000,81601,2,3,0,0.81601,2.4509503560032897e-05,0,1.7609062079864088
4,x,3,z,0.3,m1,0,100000,82916,0,0,0,0.82916,0.0,0,2.3665659349935595
4,x,3,x,0.3,m1,0,100000,82916,0,0,0,0.82916,0.0,0,2.3665659349935595
4,x,3,x,0.3,m1,0,100000,82916,0,0,0,0.82916,0.0,0,2.3665659349935595
4,x,3,x,0.3,m1,0,100000,82916,0,0,0,0.82916,0.0,0,2.3665659349935595
4,x,13,z,0.5,m1,0,100000,87394,761,1400,0,0.87394,0.008707691603542567,0,10.75250812000013
4,x,13,z,0.5,m1,0,100000,87394,761,1400,0,0.87394,0.008707691603542567,0,10.75250812000013
4,x,13,x,0.5,m1,0,100000,87394,761,1400,0,0.87394,0.008707691603542567,0,10.75250812000013
4,x,13,z,0.5,m1,0,100000,87394,761,1400,0,0.87394,0.008707691603542567,0,10.75250812000013
4,x,11,z,0.5,m1,0,100000,76250,629,1176,0,0.7625,0.00824918032786881,0,14.25168042301084
4,x,11,x,0.5,m1,0,100000,76250,629,1176,0,0.7625,0.00824918032786881,0,14.25168042301084
4,x,11,x,0.5,m1,0,100000,76250,629,1176,0,0.7625,0.00824918032786881,0,14.25168042301084
4,x,11,z,0.5,m1,0,100000,76250,629,1176,0,0.7625,0.00824918032786881,0,14.25168042301084
4,x,12,x,0.5,m1,0,100000,64039,7812,14787,0,0.64039,0.12198816346288976,0,13.640233999001794
4,x,12,z,0.5,m1,0,100000,64039,7812,14787,0,0.64039,0.12198816346288976,0,13.640233999001794
4,x,12,x,0.5,m1,0,100000,64039,7812,14787,0,0.64039,0.12198816346288976,0,13.640233999001794
4,x,12,z,0.5,m1,0,100000,64039,7812,14787,0,0.64039,0.12198816346288976,0,13.640233999001794
4,x,14,x,0.5,m1,0,100000,52079,5257,9756,0,0.52079,0.10094279844083032,0,13.029493049019948
4,x,14,x,0.5,m1,0,100000,52079,5257,9756,0,0.52079,0.10094279844083032,0,13.029493049019948
4,x,14,z,0.5,m1,0,100000,52079,5257,9756,0,0.52079,0.10094279844083032,0,13.029493049019948
4,x,14,z,0.5,m1,0,100000,52079,5257,9756,0,0.52079,0.10094279844083032,0,13.029493049019948
4,x,9,z,0.3,m1,0,100000,100000,1,2,0,1.0,9.99999999995449e-06,0,0.501570874999743
4,x,9,z,0.3,m1,0,100000,100000,1,2,0,1.0,9.99999999995449e-06,0,0.501570874999743
4,x,9,z,0.3,m1,0,100000,100000,1,2,0,1.0,9.99999999995449e-06,0,0.501570874999743
4,x,9,x,0.3,m1,0,100000,100000,1,2,0,1.0,9.99999999995449e-06,0,0.501570874999743
4,x,4,x,0.3,m1,0,100000,72767,62,122,0,0.72767,0.0008520345761128256,0,9.427538649004418
4,x,4,z,0.3,m1,0,100000,72767,62,122,0,0.72767,0.0008520345761128256,0,9.427538649004418
4,x,4,x,0.3,m1,0,100000,72767,62,122,0,0.72767,0.0008520345761128256,0,9.427538649004418
4,x,4,x,0.3,m1,0,100000,72767,62,122,0,0.72767,0.0008520345761128256,0,9.427538649004418
4,x,15,z,0.5,m1,0,100000,75675,7895,14246,0,0.75675,0.10432771721176082,0,14.603249847015832
4,x,15,x,0.5,m1,0,100000,75675,7895,14246,0,0.75675,0.10432771721176082,0,14.603249847015832
4,x,15,z,0.5,m1,0,100000,75675,7895,14246,0,0.75675,0.10432771721176082,0,14.603249847015832
4,x,15,z,0.5,m1,0,100000,75675,7895,14246,0,0.75675,0.10432771721176082,0,14.603249847015832
4,x,2,x,0.1,m1,0,100000,89524,0,0,0,0.89524,0.0,0,1.2019360109989066
4,x,2,x,0.1,m1,0,100000,89524,0,0,0,0.89524,0.0,0,1.2019360109989066
4,x,2,x,0.1,m1,0,100000,89524,0,0,0,0.89524,0.0,0,1.2019360109989066
4,x,2,x,0.1,m1,0,100000,89524,0,0,0,0.89524,0.0,0,1.2019360109989066
4,x,6,x,0.3,m1,0,100000,76947,367,706,0,0.76947,0.004769516680312447,0,13.93002167501254
4,x,6,x,0.3,m1,0,100000,76947,367,706,0,0.76947,0.004769516680312447,0,13.93002167501254
4,x,6,z,0.3,m1,0,100000,76947,367,706,0,0.76947,0.004769516680312447,0,13.93002167501254
4,x,6,x,0.3,m1,0,100000,76947,367,706,0,0.76947,0.004769516680312447,0,13.93002167501254
4,x,7,z,0.3,m1,0,100000,81092,341,636,0,0.81092,0.004205100379815474,0,13.035739785991609
4,x,7,x,0.3,m1,0,100000,81092,341,636,0,0.81092,0.004205100379815474,0,13.035739785991609
4,x,7,z,0.3,m1,0,100000,81092,341,636,0,0.81092,0.004205100379815474,0,13.035739785991609
4,x,7,x,0.3,m1,0,100000,81092,341,636,0,0.81092,0.004205100379815474,0,13.035739785991609
4,x,8,x,0.3,m1,0,100000,71070,5504,10558,0,0.7107,0.07744477275925143,0,12.688688880007248
4,x,8,z,0.3,m1,0,100000,71070,5504,10558,0,0.7107,0.07744477275925143,0,12.688688880007248
4,x,8,z,0.3,m1,0,100000,71070,5504,10558,0,0.7107,0.07744477275925143,0,12.688688880007248
4,x,8,x,0.3,m1,0,100000,71070,5504,10558,0,0.7107,0.07744477275925143,0,12.688688880007248
4,x,3,z,0.1,m1,0,100000,94012,0,0,0,0.94012,0.0,0,1.0034973229921889
4,x,3,x,0.1,m1,0,100000,94012,0,0,0,0.94012,0.0,0,1.0034973229921889
4,x,3,x,0.1,m1,0,100000,94012,0,0,0,0.94012,0.0,0,1.0034973229921889
4,x,3,x,0.1,m1,0,100000,94012,0,0,0,0.94012,0.0,0,1.0034973229921889
4,x,10,x,0.3,m1,0,100000,75450,352,672,0,0.7545,0.004665341285619573,0,12.818431483989116
4,x,10,x,0.3,m1,0,100000,75450,352,672,0,0.7545,0.004665341285619573,0,12.818431483989116
4,x,10,x,0.3,m1,0,100000,75450,352,672,0,0.7545,0.004665341285619573,0,12.818431483989116
4,x,10,z,0.3,m1,0,100000,75450,352,672,0,0.7545,0.004665341285619573,0,12.818431483989116
4,x,12,x,0.3,m1,0,100000,76458,5740,10961,0,0.76458,0.07507389677993148,0,12.984990778000792
4,x,12,z,0.3,m1,0,100000,76458,5740,10961,0,0.76458,0.07507389677993148,0,12.984990778000792
4,x,12,x,0.3,m1,0,100000,76458,5740,10961,0,0.76458,0.07507389677993148,0,12.984990778000792
4,x,12,z,0.3,m1,0,100000,76458,5740,10961,0,0.76458,0.07507389677993148,0,12.984990778000792
4,x,13,z,0.3,m1,0,100000,92279,332,637,0,0.92279,0.003597784978164098,0,10.003869841020787
4,x,13,z,0.3,m1,0,100000,92279,332,637,0,0.92279,0.003597784978164098,0,10.003869841020787
4,x,13,x,0.3,m1,0,100000,92279,332,637,0,0.92279,0.003597784978164098,0,10.003869841020787
4,x,13,z,0.3,m1,0,100000,92279,332,637,0,0.92279,0.003597784978164098,0,10.003869841020787
4,x,11,z,0.3,m1,0,100000,84621,294,558,0,0.84621,0.003474314886375729,0,14.43622681099805
4,x,11,x,0.3,m1,0,100000,84621,294,558,0,0.84621,0.003474314886375729,0,14.43622681099805
4,x,11,x,0.3,m1,0,100000,84621,294,558,0,0.84621,0.003474314886375729,0,14.43622681099805
4,x,11,z,0.3,m1,0,100000,84621,294,558,0,0.84621,0.003474314886375729,0,14.43622681099805
4,x,9,z,0.1,m1,0,100000,100000,0,0,0,1.0,0.0,0,0.3271447560109664
4,x,9,z,0.1,m1,0,100000,100000,0,0,0,1.0,0.0,0,0.3271447560109664
4,x,9,z,0.1,m1,0,100000,100000,0,0,0,1.0,0.0,0,0.3271447560109664
4,x,9,x,0.1,m1,0,100000,100000,0,0,0,1.0,0.0,0,0.3271447560109664
4,x,5,z,0.1,m1,0,100000,93216,0,0,0,0.93216,0.0,0,0.8532592179835774
4,x,5,z,0.1,m1,0,100000,93216,0,0,0,0.93216,0.0,0,0.8532592179835774
4,x,5,x,0.1,m1,0,100000,93216,0,0,0,0.93216,0.0,0,0.8532592179835774
4,x,5,x,0.1,m1,0,100000,93216,0,0,0,0.93216,0.0,0,0.8532592179835774
4,x,14,x,0.3,m1,0,100000,67632,4178,7960,0,0.67632,0.0617754908918855,0,14.23772733300575
4,x,14,x,0.3,m1,0,100000,67632,4178,7960,0,0.67632,0.0617754908918855,0,14.23772733300575
4,x,14,z,0.3,m1,0,100000,67632,4178,7960,0,0.67632,0.0617754908918855,0,14.23772733300575
4,x,14,z,0.3,m1,0,100000,67632,4178,7960,0,0.67632,0.0617754908918855,0,14.23772733300575
4,x,4,x,0.1,m1,0,100000,89817,9,18,0,0.89817,0.0001002037476202089,0,8.036937959986972
4,x,4,z,0.1,m1,0,100000,89817,9,18,0,0.89817,0.0001002037476202089,0,8.036937959986972
4,x,4,x,0.1,m1,0,100000,89817,9,18,0,0.89817,0.0001002037476202089,0,8.036937959986972
4,x,4,x,0.1,m1,0,100000,89817,9,18,0,0.89817,0.0001002037476202089,0,8.036937959986972
4,x,15,z,0.3,m1,0,100000,84734,5498,10289,0,0.84734,0.06488540609436588,0,15.633504213008564
4,x,15,x,0.3,m1,0,100000,84734,5498,10289,0,0.84734,0.06488540609436588,0,15.633504213008564
4,x,15,z,0.3,m1,0,100000,84734,5498,10289,0,0.84734,0.06488540609436588,0,15.633504213008564
4,x,15,z,0.3,m1,0,100000,84734,5498,10289,0,0.84734,0.06488540609436588,0,15.633504213008564
4,x,7,z,0.1,m1,0,100000,93239,92,183,0,0.93239,0.000986711569193166,0,9.205074003984919
4,x,7,x,0.1,m1,0,100000,93239,92,183,0,0.93239,0.000986711569193166,0,9.205074003984919
4,x,7,z,0.1,m1,0,100000,93239,92,183,0,0.93239,0.000986711569193166,0,9.205074003984919
4,x,7,x,0.1,m1,0,100000,93239,92,183,0,0.93239,0.000986711569193166,0,9.205074003984919
4,x,6,x,0.1,m1,0,100000,91509,72,145,0,0.91509,0.0007868078549650992,0,13.921062061999692
4,x,6,x,0.1,m1,0,100000,91509,72,145,0,0.91509,0.0007868078549650992,0,13.921062061999692
4,x,6,z,0.1,m1,0,100000,91509,72,145,0,0.91509,0.0007868078549650992,0,13.921062061999692
4,x,6,x,0.1,m1,0,100000,91509,72,145,0,0.91509,0.0007868078549650992,0,13.921062061999692
4,x,10,x,0.1,m1,0,100000,90865,92,181,0,0.90865,0.0010124910581632562,0,13.412766697001643
4,x,10,x,0.1,m1,0,100000,90865,92,181,0,0.90865,0.0010124910581632562,0,13.412766697001643
4,x,10,x,0.1,m1,0,100000,90865,92,181,0,0.90865,0.0010124910581632562,0,13.412766697001643
4,x,10,z,0.1,m1,0,100000,90865,92,181,0,0.90865,0.0010124910581632562,0,13.412766697001643
4,x,13,z,0.1,m1,0,100000,97324,52,105,0,0.97324,0.0005342978093789696,0,8.971760034008184
4,x,13,z,0.1,m1,0,100000,97324,52,105,0,0.97324,0.0005342978093789696,0,8.971760034008184
4,x,13,x,0.1,m1,0,100000,97324,52,105,0,0.97324,0.0005342978093789696,0,8.971760034008184
4,x,13,z,0.1,m1,0,100000,97324,52,105,0,0.97324,0.0005342978093789696,0,8.971760034008184
4,x,12,x,0.1,m1,0,100000,91469,2362,4540,0,0.91469,0.025822956411461817,0,14.130616740992991
4,x,12,z,0.1,m1,0,100000,91469,2362,4540,0,0.91469,0.025822956411461817,0,14.130616740992991
4,x,12,x,0.1,m1,0,100000,91469,2362,4540,0,0.91469,0.025822956411461817,0,14.130616740992991
4,x,12,z,0.1,m1,0,100000,91469,2362,4540,0,0.91469,0.025822956411461817,0,14.130616740992991
4,x,11,z,0.1,m1,0,100000,94643,57,112,0,0.94643,0.0006022632418668517,0,14.75573588500265
4,x,11,x,0.1,m1,0,100000,94643,57,112,0,0.94643,0.0006022632418668517,0,14.75573588500265
4,x,11,x,0.1,m1,0,100000,94643,57,112,0,0.94643,0.0006022632418668517,0,14.75573588500265
4,x,11,z,0.1,m1,0,100000,94643,57,112,0,0.94643,0.0006022632418668517,0,14.75573588500265
4,x,8,x,0.1,m1,0,100000,89181,2310,4443,0,0.89181,0.025902378309281104,0,16.82064799897489
4,x,8,z,0.1,m1,0,100000,89181,2310,4443,0,0.89181,0.025902378309281104,0,16.82064799897489
4,x,8,z,0.1,m1,0,100000,89181,2310,4443,0,0.89181,0.025902378309281104,0,16.82064799897489
4,x,8,x,0.1,m1,0,100000,89181,2310,4443,0,0.89181,0.025902378309281104,0,16.82064799897489
4,x,14,x,0.1,m1,0,100000,87859,1876,3626,0,0.87859,0.021352394177033607,0,15.338944141985849
4,x,14,x,0.1,m1,0,100000,87859,1876,3626,0,0.87859,0.021352394177033607,0,15.338944141985849
4,x,14,z,0.1,m1,0,100000,87859,1876,3626,0,0.87859,0.021352394177033607,0,15.338944141985849
4,x,14,z,0.1,m1,0,100000,87859,1876,3626,0,0.87859,0.021352394177033607,0,15.338944141985849
4,z,3,x,1,normal,0,100000,22350,4740,8387,0,0.2235,0.21208053691275164,0,9.19839200199931
4,z,3,z,1,normal,0,100000,22350,4740,8387,0,0.2235,0.21208053691275164,0,9.19839200199931
4,z,3,x,1,normal,0,100000,22350,4740,8387,0,0.2235,0.21208053691275164,0,9.19839200199931
4,z,3,x,1,normal,0,100000,22350,4740,8387,0,0.2235,0.21208053691275164,0,9.19839200199931
4,x,15,z,0.1,m1,0,100000,94647,2196,4297,0,0.94647,0.023202003233065982,0,15.677258609997807
4,x,15,x,0.1,m1,0,100000,94647,2196,4297,0,0.94647,0.023202003233065982,0,15.677258609997807
4,x,15,z,0.1,m1,0,100000,94647,2196,4297,0,0.94647,0.023202003233065982,0,15.677258609997807
4,x,15,z,0.1,m1,0,100000,94647,2196,4297,0,0.94647,0.023202003233065982,0,15.677258609997807
4,z,2,z,1,normal,0,100000,41091,7780,12683,0,0.41091,0.1893358643011852,0,13.978189718996873
4,z,2,x,1,normal,0,100000,41091,7780,12683,0,0.41091,0.1893358643011852,0,13.978189718996873
4,z,2,x,1,normal,0,100000,41091,7780,12683,0,0.41091,0.1893358643011852,0,13.978189718996873
4,z,2,x,1,normal,0,100000,41091,7780,12683,0,0.41091,0.1893358643011852,0,13.978189718996873
4,z,5,x,1,normal,0,100000,26481,5543,10436,0,0.26481,0.2093198897322609,0,9.852965138008585
4,z,5,x,1,normal,0,100000,26481,5543,10436,0,0.26481,0.2093198897322609,0,9.852965138008585
4,z,5,z,1,normal,0,100000,26481,5543,10436,0,0.26481,0.2093198897322609,0,9.852965138008585
4,z,5,x,1,normal,0,100000,26481,5543,10436,0,0.26481,0.2093198897322609,0,9.852965138008585
4,z,9,x,1,normal,0,100000,24556,4868,9051,0,0.24556,0.19824075582342404,0,8.899979092006106
4,z,9,x,1,normal,0,100000,24556,4868,9051,0,0.24556,0.19824075582342404,0,8.899979092006106
4,z,9,x,1,normal,0,100000,24556,4868,9051,0,0.24556,0.19824075582342404,0,8.899979092006106
4,z,9,z,1,normal,0,100000,24556,4868,9051,0,0.24556,0.19824075582342404,0,8.899979092006106
4,z,4,z,1,normal,0,100000,43299,3091,4814,0,0.43299,0.07138732996143093,0,13.271686327003408
4,z,4,z,1,normal,0,100000,43299,3091,4814,0,0.43299,0.07138732996143093,0,13.271686327003408
4,z,4,x,1,normal,0,100000,43299,3091,4814,0,0.43299,0.07138732996143093,0,13.271686327003408
4,z,4,x,1,normal,0,100000,43299,3091,4814,0,0.43299,0.07138732996143093,0,13.271686327003408
4,z,7,x,1,normal,0,100000,37454,1372,2359,0,0.37454,0.03663160143108879,0,11.433279205986764
4,z,7,z,1,normal,0,100000,37454,1372,2359,0,0.37454,0.03663160143108879,0,11.433279205986764
4,z,7,z,1,normal,0,100000,37454,1372,2359,0,0.37454,0.03663160143108879,0,11.433279205986764
4,z,7,x,1,normal,0,100000,37454,1372,2359,0,0.37454,0.03663160143108879,0,11.433279205986764
4,z,6,z,1,normal,0,100000,50748,1616,2773,0,0.50748,0.03184361945298342,0,14.522467606991995
4,z,6,x,1,normal,0,100000,50748,1616,2773,0,0.50748,0.03184361945298342,0,14.522467606991995
4,z,6,z,1,normal,0,100000,50748,1616,2773,0,0.50748,0.03184361945298342,0,14.522467606991995
4,z,6,x,1,normal,0,100000,50748,1616,2773,0,0.50748,0.03184361945298342,0,14.522467606991995
4,z,11,x,1,normal,0,100000,26485,480,856,0,0.26485,0.01812346611289406,0,9.779681386979064
4,z,11,z,1,normal,0,100000,26485,480,856,0,0.26485,0.01812346611289406,0,9.779681386979064
4,z,11,x,1,normal,0,100000,26485,480,856,0,0.26485,0.01812346611289406,0,9.779681386979064
4,z,11,z,1,normal,0,100000,26485,480,856,0,0.26485,0.01812346611289406,0,9.779681386979064
4,z,8,z,1,normal,0,100000,100000,555,944,0,1.0,0.005550000000000055,0,15.126063023024471
4,z,8,z,1,normal,0,100000,100000,555,944,0,1.0,0.005550000000000055,0,15.126063023024471
4,z,8,z,1,normal,0,100000,100000,555,944,0,1.0,0.005550000000000055,0,15.126063023024471
4,z,8,x,1,normal,0,100000,100000,555,944,0,1.0,0.005550000000000055,0,15.126063023024471
4,z,13,x,1,normal,0,100000,34185,306,592,0,0.34185,0.008951294427380407,0,10.758078040002147
4,z,13,x,1,normal,0,100000,34185,306,592,0,0.34185,0.008951294427380407,0,10.758078040002147
4,z,13,z,1,normal,0,100000,34185,306,592,0,0.34185,0.008951294427380407,0,10.758078040002147
4,z,13,z,1,normal,0,100000,34185,306,592,0,0.34185,0.008951294427380407,0,10.758078040002147
4,z,10,z,1,normal,0,100000,49013,1390,2535,0,0.49013,0.02835982290412753,0,14.263016256008996
4,z,10,x,1,normal,0,100000,49013,1390,2535,0,0.49013,0.02835982290412753,0,14.263016256008996
4,z,10,x,1,normal,0,100000,49013,1390,2535,0,0.49013,0.02835982290412753,0,14.263016256008996
4,z,10,z,1,normal,0,100000,49013,1390,2535,0,0.49013,0.02835982290412753,0,14.263016256008996
4,z,12,z,1,normal,0,100000,44755,310,509,0,0.44755,0.0069266003798458264,0,13.354379983997205
4,z,12,z,1,normal,0,100000,44755,310,509,0,0.44755,0.0069266003798458264,0,13.354379983997205
4,z,12,x,1,normal,0,100000,44755,310,509,0,0.44755,0.0069266003798458264,0,13.354379983997205
4,z,12,z,1,normal,0,100000,44755,310,509,0,0.44755,0.0069266003798458264,0,13.354379983997205
4,z,15,x,1,normal,0,100000,33237,4,8,0,0.33237,0.00012034780515690624,0,9.671240751020378
4,z,15,z,1,normal,0,100000,33237,4,8,0,0.33237,0.00012034780515690624,0,9.671240751020378
4,z,15,z,1,normal,0,100000,33237,4,8,0,0.33237,0.00012034780515690624,0,9.671240751020378
4,z,15,z,1,normal,0,100000,33237,4,8,0,0.33237,0.00012034780515690624,0,9.671240751020378
4,z,14,z,1,normal,0,100000,52591,5,8,0,0.52591,9.507330151548032e-05,0,12.221618882991606
4,z,14,x,1,normal,0,100000,52591,5,8,0,0.52591,9.507330151548032e-05,0,12.221618882991606
4,z,14,z,1,normal,0,100000,52591,5,8,0,0.52591,9.507330151548032e-05,0,12.221618882991606
4,z,14,z,1,normal,0,100000,52591,5,8,0,0.52591,9.507330151548032e-05,0,12.221618882991606
4,z,3,x,0.8,normal,0,100000,30120,5352,9571,0,0.3012,0.17768924302788847,0,10.400001493020682
4,z,3,z,0.8,normal,0,100000,30120,5352,9571,0,0.3012,0.17768924302788847,0,10.400001493020682
4,z,3,x,0.8,normal,0,100000,30120,5352,9571,0,0.3012,0.17768924302788847,0,10.400001493020682
4,z,3,x,0.8,normal,0,100000,30120,5352,9571,0,0.3012,0.17768924302788847,0,10.400001493020682
4,z,2,z,0.8,normal,0,100000,48929,7740,13061,0,0.48929,0.15818839543011298,0,13.597201095020864
4,z,2,x,0.8,normal,0,100000,48929,7740,13061,0,0.48929,0.15818839543011298,0,13.597201095020864
4,z,2,x,0.8,normal,0,100000,48929,7740,13061,0,0.48929,0.15818839543011298,0,13.597201095020864
4,z,2,x,0.8,normal,0,100000,48929,7740,13061,0,0.48929,0.15818839543011298,0,13.597201095020864
4,z,5,x,0.8,normal,0,100000,34281,6044,11361,0,0.34281,0.17630757562498178,0,13.142898164020153
4,z,5,x,0.8,normal,0,100000,34281,6044,11361,0,0.34281,0.17630757562498178,0,13.142898164020153
4,z,5,z,0.8,normal,0,100000,34281,6044,11361,0,0.34281,0.17630757562498178,0,13.142898164020153
4,z,5,x,0.8,normal,0,100000,34281,6044,11361,0,0.34281,0.17630757562498178,0,13.142898164020153
4,z,4,z,0.8,normal,0,100000,50148,2389,3988,0,0.50148,0.04763898859376248,0,14.093100823985878
4,z,4,z,0.8,normal,0,100000,50148,2389,3988,0,0.50148,0.04763898859376248,0,14.093100823985878
4,z,4,x,0.8,normal,0,100000,50148,2389,3988,0,0.50148,0.04763898859376248,0,14.093100823985878
4,z,4,x,0.8,normal,0,100000,50148,2389,3988,0,0.50148,0.04763898859376248,0,14.093100823985878
4,z,7,x,0.8,normal,0,100000,44658,1110,1977,0,0.44658,0.024855568990998278,0,11.37905187101569
4,z,7,z,0.8,normal,0,100000,44658,1110,1977,0,0.44658,0.024855568990998278,0,11.37905187101569
4,z,7,z,0.8,normal,0,100000,44658,1110,1977,0,0.44658,0.024855568990998278,0,11.37905187101569
4,z,7,x,0.8,normal,0,100000,44658,1110,1977,0,0.44658,0.024855568990998278,0,11.37905187101569
4,z,6,z,0.8,normal,0,100000,57605,1276,2257,0,0.57605,0.02215085496050695,0,14.086174244992435
4,z,6,x,0.8,normal,0,100000,57605,1276,2257,0,0.57605,0.02215085496050695,0,14.086174244992435
4,z,6,z,0.8,normal,0,100000,57605,1276,2257,0,0.57605,0.02215085496050695,0,14.086174244992435
4,z,6,x,0.8,normal,0,100000,57605,1276,2257,0,0.57605,0.02215085496050695,0,14.086174244992435
4,z,9,x,0.8,normal,0,100000,32272,5127,9572,0,0.32272,0.1588683688646505,0,10.709877718996722
4,z,9,x,0.8,normal,0,100000,32272,5127,9572,0,0.32272,0.1588683688646505,0,10.709877718996722
4,z,9,x,0.8,normal,0,100000,32272,5127,9572,0,0.32272,0.1588683688646505,0,10.709877718996722
4,z,9,z,0.8,normal,0,100000,32272,5127,9572,0,0.32272,0.1588683688646505,0,10.709877718996722
4,z,8,z,0.8,normal,0,100000,100000,272,493,0,1.0,0.0027199999999999447,0,13.367394360015169
4,z,8,z,0.8,normal,0,100000,100000,272,493,0,1.0,0.0027199999999999447,0,13.367394360015169
4,z,8,z,0.8,normal,0,100000,100000,272,493,0,1.0,0.0027199999999999447,0,13.367394360015169
4,z,8,x,0.8,normal,0,100000,100000,272,493,0,1.0,0.0027199999999999447,0,13.367394360015169
4,z,11,x,0.8,normal,0,100000,34032,426,769,0,0.34032,0.012517630465444296,0,12.633331477001775
4,z,11,z,0.8,normal,0,100000,34032,426,769,0,0.34032,0.012517630465444296,0,12.633331477001775
4,z,11,x,0.8,normal,0,100000,34032,426,769,0,0.34032,0.012517630465444296,0,12.633331477001775
4,z,11,z,0.8,normal,0,100000,34032,426,769,0,0.34032,0.012517630465444296,0,12.633331477001775
4,z,13,x,0.8,normal,0,100000,42243,250,491,0,0.42243,0.005918140283597273,0,10.778341936995275
4,z,13,x,0.8,normal,0,100000,42243,250,491,0,0.42243,0.005918140283597273,0,10.778341936995275
4,z,13,z,0.8,normal,0,100000,42243,250,491,0,0.42243,0.005918140283597273,0,10.778341936995275
4,z,13,z,0.8,normal,0,100000,42243,250,491,0,0.42243,0.005918140283597273,0,10.778341936995275
4,z,10,z,0.8,normal,0,100000,56262,1051,1906,0,0.56262,0.01868045927979811,0,16.270487557019806
4,z,10,x,0.8,normal,0,100000,56262,1051,1906,0,0.56262,0.01868045927979811,0,16.270487557019806
4,z,10,x,0.8,normal,0,100000,56262,1051,1906,0,0.56262,0.01868045927979811,0,16.270487557019806
4,z,10,z,0.8,normal,0,100000,56262,1051,1906,0,0.56262,0.01868045927979811,0,16.270487557019806
4,z,12,z,0.8,normal,0,100000,51253,202,325,0,0.51253,0.003941232708329245,0,14.127140471013263
4,z,12,z,0.8,normal,0,100000,51253,202,325,0,0.51253,0.003941232708329245,0,14.127140471013263
4,z,12,x,0.8,normal,0,100000,51253,202,325,0,0.51253,0.003941232708329245,0,14.127140471013263
4,z,12,z,0.8,normal,0,100000,51253,202,325,0,0.51253,0.003941232708329245,0,14.127140471013263
4,z,15,x,0.8,normal,0,100000,41204,2,3,0,0.41204,4.8538976798351285e-05,0,9.893206362001365
4,z,15,z,0.8,normal,0,100000,41204,2,3,0,0.41204,4.8538976798351285e-05,0,9.893206362001365
4,z,15,z,0.8,normal,0,100000,41204,2,3,0,0.41204,4.8538976798351285e-05,0,9.893206362001365
4,z,15,z,0.8,normal,0,100000,41204,2,3,0,0.41204,4.8538976798351285e-05,0,9.893206362001365
4,z,14,z,0.8,normal,0,100000,60019,2,1,0,0.60019,3.3322781119338174e-05,0,13.762217030016473
4,z,14,x,0.8,normal,0,100000,60019,2,1,0,0.60019,3.3322781119338174e-05,0,13.762217030016473
4,z,14,z,0.8,normal,0,100000,60019,2,1,0,0.60019,3.3322781119338174e-05,0,13.762217030016473
4,z,14,z,0.8,normal,0,100000,60019,2,1,0,0.60019,3.3322781119338174e-05,0,13.762217030016473
4,z,3,x,0.5,normal,0,100000,46785,5449,9994,0,0.46785,0.11646895372448429,0,11.04123614600394
4,z,3,z,0.5,normal,0,100000,46785,5449,9994,0,0.46785,0.11646895372448429,0,11.04123614600394
4,z,3,x,0.5,normal,0,100000,46785,5449,9994,0,0.46785,0.11646895372448429,0,11.04123614600394
4,z,3,x,0.5,normal,0,100000,46785,5449,9994,0,0.46785,0.11646895372448429,0,11.04123614600394
4,z,5,x,0.5,normal,0,100000,50731,5990,11422,0,0.50731,0.11807376160533012,0,11.617387028003577
4,z,5,x,0.5,normal,0,100000,50731,5990,11422,0,0.50731,0.11807376160533012,0,11.617387028003577
4,z,5,z,0.5,normal,0,100000,50731,5990,11422,0,0.50731,0.11807376160533012,0,11.617387028003577
4,z,5,x,0.5,normal,0,100000,50731,5990,11422,0,0.50731,0.11807376160533012,0,11.617387028003577
4,z,2,z,0.5,normal,0,100000,64073,6709,11998,0,0.64073,0.10470869164858831,0,15.135503130994039
4,z,2,x,0.5,normal,0,100000,64073,6709,11998,0,0.64073,0.10470869164858831,0,15.135503130994039
4,z,2,x,0.5,normal,0,100000,64073,6709,11998,0,0.64073,0.10470869164858831,0,15.135503130994039
4,z,2,x,0.5,normal,0,100000,64073,6709,11998,0,0.64073,0.10470869164858831,0,15.135503130994039
4,z,4,z,0.5,normal,0,100000,63780,1311,2354,0,0.6378,0.02055503292568206,0,15.23248061700724
4,z,4,z,0.5,normal,0,100000,63780,1311,2354,0,0.6378,0.02055503292568206,0,15.23248061700724
4,z,4,x,0.5,normal,0,100000,63780,1311,2354,0,0.6378,0.02055503292568206,0,15.23248061700724
4,z,4,x,0.5,normal,0,100000,63780,1311,2354,0,0.6378,0.02055503292568206,0,15.23248061700724
4,z,7,x,0.5,normal,0,100000,59137,680,1237,0,0.59137,0.011498723303515535,0,11.92454782902496
4,z,7,z,0.5,normal,0,100000,59137,680,1237,0,0.59137,0.011498723303515535,0,11.92454782902496
4,z,7,z,0.5,normal,0,100000,59137,680,1237,0,0.59137,0.011498723303515535,0,11.92454782902496
4,z,7,x,0.5,normal,0,100000,59137,680,1237,0,0.59137,0.011498723303515535,0,11.92454782902496
4,z,9,x,0.5,normal,0,100000,48444,4990,9321,0,0.48444,0.10300553216084551,0,11.5618446089793
4,z,9,x,0.5,normal,0,100000,48444,4990,9321,0,0.48444,0.10300553216084551,0,11.5618446089793
4,z,9,x,0.5,normal,0,100000,48444,4990,9321,0,0.48444,0.10300553216084551,0,11.5618446089793
4,z,9,z,0.5,normal,0,100000,48444,4990,9321,0,0.48444,0.10300553216084551,0,11.5618446089793
4,z,8,z,0.5,normal,0,100000,100000,45,88,0,1.0,0.00044999999999995044,0,12.39347566300421
4,z,8,z,0.5,normal,0,100000,100000,45,88,0,1.0,0.00044999999999995044,0,12.39347566300421
4,z,8,z,0.5,normal,0,100000,100000,45,88,0,1.0,0.00044999999999995044,0,12.39347566300421
4,z,8,x,0.5,normal,0,100000,100000,45,88,0,1.0,0.00044999999999995044,0,12.39347566300421
4,z,6,z,0.5,normal,0,100000,70067,638,1197,0,0.70067,0.00910557038263371,0,14.715166104986565
4,z,6,x,0.5,normal,0,100000,70067,638,1197,0,0.70067,0.00910557038263371,0,14.715166104986565
4,z,6,z,0.5,normal,0,100000,70067,638,1197,0,0.70067,0.00910557038263371,0,14.715166104986565
4,z,6,x,0.5,normal,0,100000,70067,638,1197,0,0.70067,0.00910557038263371,0,14.715166104986565
4,z,11,x,0.5,normal,0,100000,50869,285,534,0,0.50869,0.005602626353968021,0,11.399030711996602
4,z,11,z,0.5,normal,0,100000,50869,285,534,0,0.50869,0.005602626353968021,0,11.399030711996602
4,z,11,x,0.5,normal,0,100000,50869,285,534,0,0.50869,0.005602626353968021,0,11.399030711996602
4,z,11,z,0.5,normal,0,100000,50869,285,534,0,0.50869,0.005602626353968021,0,11.399030711996602
4,z,13,x,0.5,normal,0,100000,58487,154,299,0,0.58487,0.0026330637577581806,0,11.712100725999335
4,z,13,x,0.5,normal,0,100000,58487,154,299,0,0.58487,0.0026330637577581806,0,11.712100725999335
4,z,13,z,0.5,normal,0,100000,58487,154,299,0,0.58487,0.0026330637577581806,0,11.712100725999335
4,z,13,z,0.5,normal,0,100000,58487,154,299,0,0.58487,0.0026330637577581806,0,11.712100725999335
4,z,14,z,0.5,normal,0,100000,72665,0,0,0,0.72665,0.0,0,11.162133542005904
4,z,14,x,0.5,normal,0,100000,72665,0,0,0,0.72665,0.0,0,11.162133542005904
4,z,14,z,0.5,normal,0,100000,72665,0,0,0,0.72665,0.0,0,11.162133542005904
4,z,14,z,0.5,normal,0,100000,72665,0,0,0,0.72665,0.0,0,11.162133542005904
4,z,15,x,0.5,normal,0,100000,57836,0,0,0,0.57836,0.0,0,10.016524451988516
4,z,15,z,0.5,normal,0,100000,57836,0,0,0,0.57836,0.0,0,10.016524451988516
4,z,15,z,0.5,normal,0,100000,57836,0,0,0,0.57836,0.0,0,10.016524451988516
4,z,15,z,0.5,normal,0,100000,57836,0,0,0,0.57836,0.0,0,10.016524451988516
4,z,10,z,0.5,normal,0,100000,69400,590,1111,0,0.694,0.008501440922190184,0,16.584879828005796
4,z,10,x,0.5,normal,0,100000,69400,590,1111,0,0.694,0.008501440922190184,0,16.584879828005796
4,z,10,x,0.5,normal,0,100000,69400,590,1111,0,0.694,0.008501440922190184,0,16.584879828005796
4,z,10,z,0.5,normal,0,100000,69400,590,1111,0,0.694,0.008501440922190184,0,16.584879828005796
4,z,12,z,0.5,normal,0,100000,64404,78,123,0,0.64404,0.0012111049003167285,0,16.20259198200074
4,z,12,z,0.5,normal,0,100000,64404,78,123,0,0.64404,0.0012111049003167285,0,16.20259198200074
4,z,12,x,0.5,normal,0,100000,64404,78,123,0,0.64404,0.0012111049003167285,0,16.20259198200074
4,z,12,z,0.5,normal,0,100000,64404,78,123,0,0.64404,0.0012111049003167285,0,16.20259198200074
4,z,3,x,0.3,normal,0,100000,63648,4746,8921,0,0.63648,0.07456636500754144,0,12.123566162015777
4,z,3,z,0.3,normal,0,100000,63648,4746,8921,0,0.63648,0.07456636500754144,0,12.123566162015777
4,z,3,x,0.3,normal,0,100000,63648,4746,8921,0,0.63648,0.07456636500754144,0,12.123566162015777
4,z,3,x,0.3,normal,0,100000,63648,4746,8921,0,0.63648,0.07456636500754144,0,12.123566162015777
4,z,2,z,0.3,normal,0,100000,76783,4982,9329,0,0.76783,0.06488415404451509,0,14.753298377996543
4,z,2,x,0.3,normal,0,100000,76783,4982,9329,0,0.76783,0.06488415404451509,0,14.753298377996543
4,z,2,x,0.3,normal,0,100000,76783,4982,9329,0,0.76783,0.06488415404451509,0,14.753298377996543
4,z,2,x,0.3,normal,0,100000,76783,4982,9329,0,0.76783,0.06488415404451509,0,14.753298377996543
4,z,5,x,0.3,normal,0,100000,66535,4842,9386,0,0.66535,0.07277372811302318,0,12.952516880992334
4,z,5,x,0.3,normal,0,100000,66535,4842,9386,0,0.66535,0.07277372811302318,0,12.952516880992334
4,z,5,z,0.3,normal,0,100000,66535,4842,9386,0,0.66535,0.07277372811302318,0,12.952516880992334
4,z,5,x,0.3,normal,0,100000,66535,4842,9386,0,0.66535,0.07277372811302318,0,12.952516880992334
4,z,7,x,0.3,normal,0,100000,72294,370,691,0,0.72294,0.005117990427974672,0,12.656517031020485
4,z,7,z,0.3,normal,0,100000,72294,370,691,0,0.72294,0.005117990427974672,0,12.656517031020485
4,z,7,z,0.3,normal,0,100000,72294,370,691,0,0.72294,0.005117990427974672,0,12.656517031020485
4,z,7,x,0.3,normal,0,100000,72294,370,691,0,0.72294,0.005117990427974672,0,12.656517031020485
4,z,6,z,0.3,normal,0,100000,80478,312,603,0,0.80478,0.003876835905464837,0,15.242037120973691
4,z,6,x,0.3,normal,0,100000,80478,312,603,0,0.80478,0.003876835905464837,0,15.242037120973691
4,z,6,z,0.3,normal,0,100000,80478,312,603,0,0.80478,0.003876835905464837,0,15.242037120973691
4,z,6,x,0.3,normal,0,100000,80478,312,603,0,0.80478,0.003876835905464837,0,15.242037120973691
4,z,9,x,0.3,normal,0,100000,64653,3978,7488,0,0.64653,0.06152846735650319,0,12.042085882974789
4,z,9,x,0.3,normal,0,100000,64653,3978,7488,0,0.64653,0.06152846735650319,0,12.042085882974789
4,z,9,x,0.3,normal,0,100000,64653,3978,7488,0,0.64653,0.06152846735650319,0,12.042085882974789
4,z,9,z,0.3,normal,0,100000,64653,3978,7488,0,0.64653,0.06152846735650319,0,12.042085882974789
4,z,4,z,0.3,normal,0,100000,75881,575,1076,0,0.75881,0.007577654485312557,0,16.84868412700598
4,z,4,z,0.3,normal,0,100000,75881,575,1076,0,0.75881,0.007577654485312557,0,16.84868412700598
4,z,4,x,0.3,normal,0,100000,75881,575,1076,0,0.75881,0.007577654485312557,0,16.84868412700598
4,z,4,x,0.3,normal,0,100000,75881,575,1076,0,0.75881,0.007577654485312557,0,16.84868412700598
4,z,8,z,0.3,normal,0,100000,100000,5,10,0,1.0,4.999999999999449e-05,0,14.021184665994952
4,z,8,z,0.3,normal,0,100000,100000,5,10,0,1.0,4.999999999999449e-05,0,14.021184665994952
4,z,8,z,0.3,normal,0,100000,100000,5,10,0,1.0,4.999999999999449e-05,0,14.021184665994952
4,z,8,x,0.3,normal,0,100000,100000,5,10,0,1.0,4.999999999999449e-05,0,14.021184665994952
4,z,11,x,0.3,normal,0,100000,65908,140,267,0,0.65908,0.0021241730897615385,0,12.836714895995101
4,z,11,z,0.3,normal,0,100000,65908,140,267,0,0.65908,0.0021241730897615385,0,12.836714895995101
4,z,11,x,0.3,normal,0,100000,65908,140,267,0,0.65908,0.0021241730897615385,0,12.836714895995101
4,z,11,z,0.3,normal,0,100000,65908,140,267,0,0.65908,0.0021241730897615385,0,12.836714895995101
4,z,14,z,0.3,normal,0,100000,82600,0,1,0,0.826,0.0,0,10.114950160990702
4,z,14,x,0.3,normal,0,100000,82600,0,1,0,0.826,0.0,0,10.114950160990702
4,z,14,z,0.3,normal,0,100000,82600,0,1,0,0.826,0.0,0,10.114950160990702
4,z,14,z,0.3,normal,0,100000,82600,0,1,0,0.826,0.0,0,10.114950160990702
4,z,13,x,0.3,normal,0,100000,72259,66,131,0,0.72259,0.0009133810321205749,0,13.014092088997131
4,z,13,x,0.3,normal,0,100000,72259,66,131,0,0.72259,0.0009133810321205749,0,13.014092088997131
4,z,13,z,0.3,normal,0,100000,72259,66,131,0,0.72259,0.0009133810321205749,0,13.014092088997131
4,z,13,z,0.3,normal,0,100000,72259,66,131,0,0.72259,0.0009133810321205749,0,13.014092088997131
4,z,10,z,0.3,normal,0,100000,80354,262,501,0,0.80354,0.0032605719690370627,0,15.490958062000573
4,z,10,x,0.3,normal,0,100000,80354,262,501,0,0.80354,0.0032605719690370627,0,15.490958062000573
4,z,10,x,0.3,normal,0,100000,80354,262,501,0,0.80354,0.0032605719690370627,0,15.490958062000573
4,z,10,z,0.3,normal,0,100000,80354,262,501,0,0.80354,0.0032605719690370627,0,15.490958062000573
4,z,12,z,0.3,normal,0,100000,76264,26,45,0,0.76264,0.0003409210112241823,0,13.368246820988134
4,z,12,z,0.3,normal,0,100000,76264,26,45,0,0.76264,0.0003409210112241823,0,13.368246820988134
4,z,12,x,0.3,normal,0,100000,76264,26,45,0,0.76264,0.0003409210112241823,0,13.368246820988134
4,z,12,z,0.3,normal,0,100000,76264,26,45,0,0.76264,0.0003409210112241823,0,13.368246820988134
4,z,15,x,0.3,normal,0,100000,71959,0,0,0,0.71959,0.0,0,9.676408019993687
4,z,15,z,0.3,normal,0,100000,71959,0,0,0,0.71959,0.0,0,9.676408019993687
4,z,15,z,0.3,normal,0,100000,71959,0,0,0,0.71959,0.0,0,9.676408019993687
4,z,15,z,0.3,normal,0,100000,71959,0,0,0,0.71959,0.0,0,9.676408019993687
4,z,5,x,0.1,normal,0,100000,87389,2192,4279,0,0.87389,0.025083248463765417,0,14.75964586698683
4,z,5,x,0.1,normal,0,100000,87389,2192,4279,0,0.87389,0.025083248463765417,0,14.75964586698683
4,z,5,z,0.1,normal,0,100000,87389,2192,4279,0,0.87389,0.025083248463765417,0,14.75964586698683
4,z,5,x,0.1,normal,0,100000,87389,2192,4279,0,0.87389,0.025083248463765417,0,14.75964586698683
4,z,3,x,0.1,normal,0,100000,85853,2160,4141,0,0.85853,0.02515928389223443,0,15.998057491000509
4,z,3,z,0.1,normal,0,100000,85853,2160,4141,0,0.85853,0.02515928389223443,0,15.998057491000509
4,z,3,x,0.1,normal,0,100000,85853,2160,4141,0,0.85853,0.02515928389223443,0,15.998057491000509
4,z,3,x,0.1,normal,0,100000,85853,2160,4141,0,0.85853,0.02515928389223443,0,15.998057491000509
4,z,2,z,0.1,normal,0,100000,91568,2080,4047,0,0.91568,0.02271535907740696,0,16.335091045999434
4,z,2,x,0.1,normal,0,100000,91568,2080,4047,0,0.91568,0.02271535907740696,0,16.335091045999434
4,z,2,x,0.1,normal,0,100000,91568,2080,4047,0,0.91568,0.02271535907740696,0,16.335091045999434
4,z,2,x,0.1,normal,0,100000,91568,2080,4047,0,0.91568,0.02271535907740696,0,16.335091045999434
4,z,4,z,0.1,normal,0,100000,91079,80,157,0,0.91079,0.0008783583482471213,0,15.499491772003239
4,z,4,z,0.1,normal,0,100000,91079,80,157,0,0.91079,0.0008783583482471213,0,15.499491772003239
4,z,4,x,0.1,normal,0,100000,91079,80,157,0,0.91079,0.0008783583482471213,0,15.499491772003239
4,z,4,x,0.1,normal,0,100000,91079,80,157,0,0.91079,0.0008783583482471213,0,15.499491772003239
4,z,8,z,0.1,normal,0,100000,100000,0,1,0,1.0,0.0,0,9.165041485015536
4,z,8,z,0.1,normal,0,100000,100000,0,1,0,1.0,0.0,0,9.165041485015536
4,z,8,z,0.1,normal,0,100000,100000,0,1,0,1.0,0.0,0,9.165041485015536
4,z,8,x,0.1,normal,0,100000,100000,0,1,0,1.0,0.0,0,9.165041485015536
4,z,6,z,0.1,normal,0,100000,92920,59,108,0,0.9292,0.0006349547998277805,0,15.370091909979237
4,z,6,x,0.1,normal,0,100000,92920,59,108,0,0.9292,0.0006349547998277805,0,15.370091909979237
4,z,6,z,0.1,normal,0,100000,92920,59,108,0,0.9292,0.0006349547998277805,0,15.370091909979237
4,z,6,x,0.1,normal,0,100000,92920,59,108,0,0.9292,0.0006349547998277805,0,15.370091909979237
4,z,7,x,0.1,normal,0,100000,89345,104,204,0,0.89345,0.0011640270860149293,0,13.35841938201338
4,z,7,z,0.1,normal,0,100000,89345,104,204,0,0.89345,0.0011640270860149293,0,13.35841938201338
4,z,7,z,0.1,normal,0,100000,89345,104,204,0,0.89345,0.0011640270860149293,0,13.35841938201338
4,z,7,x,0.1,normal,0,100000,89345,104,204,0,0.89345,0.0011640270860149293,0,13.35841938201338
4,z,9,x,0.1,normal,0,100000,86170,1769,3320,0,0.8617,0.020529186491818452,0,13.741467257990735
4,z,9,x,0.1,normal,0,100000,86170,1769,3320,0,0.8617,0.020529186491818452,0,13.741467257990735
4,z,9,x,0.1,normal,0,100000,86170,1769,3320,0,0.8617,0.020529186491818452,0,13.741467257990735
4,z,9,z,0.1,normal,0,100000,86170,1769,3320,0,0.8617,0.020529186491818452,0,13.741467257990735
4,z,11,x,0.1,normal,0,100000,86998,42,84,0,0.86998,0.00048276971884408937,0,16.770429516996955
4,z,11,z,0.1,normal,0,100000,86998,42,84,0,0.86998,0.00048276971884408937,0,16.770429516996955
4,z,11,x,0.1,normal,0,100000,86998,42,84,0,0.86998,0.00048276971884408937,0,16.770429516996955
4,z,11,z,0.1,normal,0,100000,86998,42,84,0,0.86998,0.00048276971884408937,0,16.770429516996955
4,z,15,x,0.1,normal,0,100000,89687,0,0,0,0.89687,0.0,0,8.162511556991376
4,z,15,z,0.1,normal,0,100000,89687,0,0,0,0.89687,0.0,0,8.162511556991376
4,z,15,z,0.1,normal,0,100000,89687,0,0,0,0.89687,0.0,0,8.162511556991376
4,z,15,z,0.1,normal,0,100000,89687,0,0,0,0.89687,0.0,0,8.162511556991376
4,z,12,z,0.1,normal,0,100000,91098,2,5,0,0.91098,2.1954378800814744e-05,0,9.758458980009891
4,z,12,z,0.1,normal,0,100000,91098,2,5,0,0.91098,2.1954378800814744e-05,0,9.758458980009891
4,z,12,x,0.1,normal,0,100000,91098,2,5,0,0.91098,2.1954378800814744e-05,0,9.758458980009891
4,z,12,z,0.1,normal,0,100000,91098,2,5,0,0.91098,2.1954378800814744e-05,0,9.758458980009891
4,z,14,z,0.1,normal,0,100000,93985,0,0,0,0.93985,0.0,0,8.852645425009541
4,z,14,x,0.1,normal,0,100000,93985,0,0,0,0.93985,0.0,0,8.852645425009541
4,z,14,z,0.1,normal,0,100000,93985,0,0,0,0.93985,0.0,0,8.852645425009541
4,z,14,z,0.1,normal,0,100000,93985,0,0,0,0.93985,0.0,0,8.852645425009541
4,z,8,z,1,m1,0,100000,100000,58,104,0,1.0,0.0005800000000000249,0,1.1574740019859746
4,z,8,z,1,m1,0,100000,100000,58,104,0,1.0,0.0005800000000000249,0,1.1574740019859746
4,z,8,z,1,m1,0,100000,100000,58,104,0,1.0,0.0005800000000000249,0,1.1574740019859746
4,z,8,x,1,m1,0,100000,100000,58,104,0,1.0,0.0005800000000000249,0,1.1574740019859746
4,z,10,z,0.1,normal,0,100000,92734,46,92,0,0.92734,0.0004960424439796052,0,17.431778485013638
4,z,10,x,0.1,normal,0,100000,92734,46,92,0,0.92734,0.0004960424439796052,0,17.431778485013638
4,z,10,x,0.1,normal,0,100000,92734,46,92,0,0.92734,0.0004960424439796052,0,17.431778485013638
4,z,10,z,0.1,normal,0,100000,92734,46,92,0,0.92734,0.0004960424439796052,0,17.431778485013638
4,z,13,x,0.1,normal,0,100000,89676,10,17,0,0.89676,0.00011151255631380863,0,14.930974424991291
4,z,13,x,0.1,normal,0,100000,89676,10,17,0,0.89676,0.00011151255631380863,0,14.930974424991291
4,z,13,z,0.1,normal,0,100000,89676,10,17,0,0.89676,0.00011151255631380863,0,14.930974424991291
4,z,13,z,0.1,normal,0,100000,89676,10,17,0,0.89676,0.00011151255631380863,0,14.930974424991291
4,z,3,x,1,m1,0,100000,34547,7650,13377,0,0.34547,0.22143746200827863,0,12.07289529000991
4,z,3,z,1,m1,0,100000,34547,7650,13377,0,0.34547,0.22143746200827863,0,12.07289529000991
4,z,3,x,1,m1,0,100000,34547,7650,13377,0,0.34547,0.22143746200827863,0,12.07289529000991
4,z,3,x,1,m1,0,100000,34547,7650,13377,0,0.34547,0.22143746200827863,0,12.07289529000991
4,z,2,z,1,m1,0,100000,54193,9985,16256,0,0.54193,0.18424888823279761,0,13.439802189997863
4,z,2,x,1,m1,0,100000,54193,9985,16256,0,0.54193,0.18424888823279761,0,13.439802189997863
4,z,2,x,1,m1,0,100000,54193,9985,16256,0,0.54193,0.18424888823279761,0,13.439802189997863
4,z,2,x,1,m1,0,100000,54193,9985,16256,0,0.54193,0.18424888823279761,0,13.439802189997863
4,z,5,x,1,m1,0,100000,41845,12480,22640,0,0.41845,0.29824351774405544,0,11.459813413996017
4,z,5,x,1,m1,0,100000,41845,12480,22640,0,0.41845,0.29824351774405544,0,11.459813413996017
4,z,5,z,1,m1,0,100000,41845,12480,22640,0,0.41845,0.29824351774405544,0,11.459813413996017
4,z,5,x,1,m1,0,100000,41845,12480,22640,0,0.41845,0.29824351774405544,0,11.459813413996017
4,z,4,z,1,m1,0,100000,52447,3337,5420,0,0.52447,0.06362613686197494,0,12.955142813007114
4,z,4,z,1,m1,0,100000,52447,3337,5420,0,0.52447,0.06362613686197494,0,12.955142813007114
4,z,4,x,1,m1,0,100000,52447,3337,5420,0,0.52447,0.06362613686197494,0,12.955142813007114
4,z,4,x,1,m1,0,100000,52447,3337,5420,0,0.52447,0.06362613686197494,0,12.955142813007114
4,z,7,x,1,m1,0,100000,34039,1040,1889,0,0.34039,0.030553188989100755,0,10.020470136019867
4,z,7,z,1,m1,0,100000,34039,1040,1889,0,0.34039,0.030553188989100755,0,10.020470136019867
4,z,7,z,1,m1,0,100000,34039,1040,1889,0,0.34039,0.030553188989100755,0,10.020470136019867
4,z,7,x,1,m1,0,100000,34039,1040,1889,0,0.34039,0.030553188989100755,0,10.020470136019867
4,z,12,z,1,m1,0,100000,79149,17,32,0,0.79149,0.00021478477302305787,0,3.2738486919843126
4,z,12,z,1,m1,0,100000,79149,17,32,0,0.79149,0.00021478477302305787,0,3.2738486919843126
4,z,12,x,1,m1,0,100000,79149,17,32,0,0.79149,0.00021478477302305787,0,3.2738486919843126
4,z,12,z,1,m1,0,100000,79149,17,32,0,0.79149,0.00021478477302305787,0,3.2738486919843126
4,z,6,z,1,m1,0,100000,51002,1296,2337,0,0.51002,0.02541076820516841,0,13.526476729981368
4,z,6,x,1,m1,0,100000,51002,1296,2337,0,0.51002,0.02541076820516841,0,13.526476729981368
4,z,6,z,1,m1,0,100000,51002,1296,2337,0,0.51002,0.02541076820516841,0,13.526476729981368
4,z,6,x,1,m1,0,100000,51002,1296,2337,0,0.51002,0.02541076820516841,0,13.526476729981368
4,z,9,x,1,m1,0,100000,40861,8947,16704,0,0.40861,0.21896184625926918,0,10.899130471982062
4,z,9,x,1,m1,0,100000,40861,8947,16704,0,0.40861,0.21896184625926918,0,10.899130471982062
4,z,9,x,1,m1,0,100000,40861,8947,16704,0,0.40861,0.21896184625926918,0,10.899130471982062
4,z,9,z,1,m1,0,100000,40861,8947,16704,0,0.40861,0.21896184625926918,0,10.899130471982062
4,z,14,z,1,m1,0,100000,57623,4,9,0,0.57623,6.941672596016968e-05,0,3.9938311660080217
4,z,14,x,1,m1,0,100000,57623,4,9,0,0.57623,6.941672596016968e-05,0,3.9938311660080217
4,z,14,z,1,m1,0,100000,57623,4,9,0,0.57623,6.941672596016968e-05,0,3.9938311660080217
4,z,14,z,1,m1,0,100000,57623,4,9,0,0.57623,6.941672596016968e-05,0,3.9938311660080217
4,z,15,x,1,m1,0,100000,41358,2,4,0,0.41358,4.835823782578519e-05,0,4.572857880004449
4,z,15,z,1,m1,0,100000,41358,2,4,0,0.41358,4.835823782578519e-05,0,4.572857880004449
4,z,15,z,1,m1,0,100000,41358,2,4,0,0.41358,4.835823782578519e-05,0,4.572857880004449
4,z,15,z,1,m1,0,100000,41358,2,4,0,0.41358,4.835823782578519e-05,0,4.572857880004449
4,z,8,z,0.8,m1,0,100000,100000,26,41,0,1.0,0.000260000000000038,0,1.0635190420143772
4,z,8,z,0.8,m1,0,100000,100000,26,41,0,1.0,0.000260000000000038,0,1.0635190420143772
4,z,8,z,0.8,m1,0,100000,100000,26,41,0,1.0,0.000260000000000038,0,1.0635190420143772
4,z,8,x,0.8,m1,0,100000,100000,26,41,0,1.0,0.000260000000000038,0,1.0635190420143772
4,z,11,x,1,m1,0,100000,41429,903,1656,0,0.41429,0.02179632624490091,0,11.496322328981478
4,z,11,z,1,m1,0,100000,41429,903,1656,0,0.41429,0.02179632624490091,0,11.496322328981478
4,z,11,x,1,m1,0,100000,41429,903,1656,0,0.41429,0.02179632624490091,0,11.496322328981478
4,z,11,z,1,m1,0,100000,41429,903,1656,0,0.41429,0.02179632624490091,0,11.496322328981478
4,z,10,z,1,m1,0,100000,58455,1700,3069,0,0.58455,0.029082199982892853,0,12.409298814018257
4,z,10,x,1,m1,0,100000,58455,1700,3069,0,0.58455,0.029082199982892853,0,12.409298814018257
4,z,10,x,1,m1,0,100000,58455,1700,3069,0,0.58455,0.029082199982892853,0,12.409298814018257
4,z,10,z,1,m1,0,100000,58455,1700,3069,0,0.58455,0.029082199982892853,0,12.409298814018257
4,z,13,x,1,m1,0,100000,27122,170,321,0,0.27122,0.006267974338175608,0,9.99581940099597
4,z,13,x,1,m1,0,100000,27122,170,321,0,0.27122,0.006267974338175608,0,9.99581940099597
4,z,13,z,1,m1,0,100000,27122,170,321,0,0.27122,0.006267974338175608,0,9.99581940099597
4,z,13,z,1,m1,0,100000,27122,170,321,0,0.27122,0.006267974338175608,0,9.99581940099597
4,z,3,x,0.8,m1,0,100000,42593,7947,14174,0,0.42593,0.18657995445260955,0,10.923302552982932
4,z,3,z,0.8,m1,0,100000,42593,7947,14174,0,0.42593,0.18657995445260955,0,10.923302552982932
4,z,3,x,0.8,m1,0,100000,42593,7947,14174,0,0.42593,0.18657995445260955,0,10.923302552982932
4,z,3,x,0.8,m1,0,100000,42593,7947,14174,0,0.42593,0.18657995445260955,0,10.923302552982932
4,z,12,z,0.8,m1,0,100000,83080,6,12,0,0.8308,7.221954742420156e-05,0,2.5295641570119187
4,z,12,z,0.8,m1,0,100000,83080,6,12,0,0.8308,7.221954742420156e-05,0,2.5295641570119187
4,z,12,x,0.8,m1,0,100000,83080,6,12,0,0.8308,7.221954742420156e-05,0,2.5295641570119187
4,z,12,z,0.8,m1,0,100000,83080,6,12,0,0.8308,7.221954742420156e-05,0,2.5295641570119187
4,z,5,x,0.8,m1,0,100000,50013,12807,23562,0,0.50013,0.2560734209105633,0,11.30739861400798
4,z,5,x,0.8,m1,0,100000,50013,12807,23562,0,0.50013,0.2560734209105633,0,11.30739861400798
4,z,5,z,0.8,m1,0,100000,50013,12807,23562,0,0.50013,0.2560734209105633,0,11.30739861400798
4,z,5,x,0.8,m1,0,100000,50013,12807,23562,0,0.50013,0.2560734209105633,0,11.30739861400798
4,z,2,z,0.8,m1,0,100000,61155,9275,15732,0,0.61155,0.15166380508543864,0,14.933758136001416
4,z,2,x,0.8,m1,0,100000,61155,9275,15732,0,0.61155,0.15166380508543864,0,14.933758136001416
4,z,2,x,0.8,m1,0,100000,61155,9275,15732,0,0.61155,0.15166380508543864,0,14.933758136001416
4,z,2,x,0.8,m1,0,100000,61155,9275,15732,0,0.61155,0.15166380508543864,0,14.933758136001416
4,z,4,z,0.8,m1,0,100000,59211,2593,4378,0,0.59211,0.04379253854858045,0,12.65063314398867
4,z,4,z,0.8,m1,0,100000,59211,2593,4378,0,0.59211,0.04379253854858045,0,12.65063314398867
4,z,4,x,0.8,m1,0,100000,59211,2593,4378,0,0.59211,0.04379253854858045,0,12.65063314398867
4,z,4,x,0.8,m1,0,100000,59211,2593,4378,0,0.59211,0.04379253854858045,0,12.65063314398867
4,z,7,x,0.8,m1,0,100000,41747,874,1579,0,0.41747,0.020935636093611487,0,12.16833556999336
4,z,7,z,0.8,m1,0,100000,41747,874,1579,0,0.41747,0.020935636093611487,0,12.16833556999336
4,z,7,z,0.8,m1,0,100000,41747,874,1579,0,0.41747,0.020935636093611487,0,12.16833556999336
4,z,7,x,0.8,m1,0,100000,41747,874,1579,0,0.41747,0.020935636093611487,0,12.16833556999336
4,z,6,z,0.8,m1,0,100000,58022,1017,1856,0,0.58022,0.01752783426975979,0,13.3135969209834
4,z,6,x,0.8,m1,0,100000,58022,1017,1856,0,0.58022,0.01752783426975979,0,13.3135969209834
4,z,6,z,0.8,m1,0,100000,58022,1017,1856,0,0.58022,0.01752783426975979,0,13.3135969209834
4,z,6,x,0.8,m1,0,100000,58022,1017,1856,0,0.58022,0.01752783426975979,0,13.3135969209834
4,z,10,z,0.8,m1,0,100000,64663,1240,2198,0,0.64663,0.019176345050492594,0,11.930486344994279
4,z,10,x,0.8,m1,0,100000,64663,1240,2198,0,0.64663,0.019176345050492594,0,11.930486344994279
4,z,10,x,0.8,m1,0,100000,64663,1240,2198,0,0.64663,0.019176345050492594,0,11.930486344994279
4,z,10,z,0.8,m1,0,100000,64663,1240,2198,0,0.64663,0.019176345050492594,0,11.930486344994279
4,z,9,x,0.8,m1,0,100000,48607,8810,16529,0,0.48607,0.18124961425309116,0,12.597914110025158
4,z,9,x,0.8,m1,0,100000,48607,8810,16529,0,0.48607,0.18124961425309116,0,12.597914110025158
4,z,9,x,0.8,m1,0,100000,48607,8810,16529,0,0.48607,0.18124961425309116,0,12.597914110025158
4,z,9,z,0.8,m1,0,100000,48607,8810,16529,0,0.48607,0.18124961425309116,0,12.597914110025158
4,z,11,x,0.8,m1,0,100000,49141,707,1308,0,0.49141,0.014387171608229332,0,12.47762407999835
4,z,11,z,0.8,m1,0,100000,49141,707,1308,0,0.49141,0.014387171608229332,0,12.47762407999835
4,z,11,x,0.8,m1,0,100000,49141,707,1308,0,0.49141,0.014387171608229332,0,12.47762407999835
4,z,11,z,0.8,m1,0,100000,49141,707,1308,0,0.49141,0.014387171608229332,0,12.47762407999835
4,z,15,x,0.8,m1,0,100000,49092,2,3,0,0.49092,4.07398354110855e-05,0,4.479262480017496
4,z,15,z,0.8,m1,0,100000,49092,2,3,0,0.49092,4.07398354110855e-05,0,4.479262480017496
4,z,15,z,0.8,m1,0,100000,49092,2,3,0,0.49092,4.07398354110855e-05,0,4.479262480017496
4,z,15,z,0.8,m1,0,100000,49092,2,3,0,0.49092,4.07398354110855e-05,0,4.479262480017496
4,z,14,z,0.8,m1,0,100000,64155,2,3,0,0.64155,3.117449925960081e-05,0,3.3218260389985517
4,z,14,x,0.8,m1,0,100000,64155,2,3,0,0.64155,3.117449925960081e-05,0,3.3218260389985517
4,z,14,z,0.8,m1,0,100000,64155,2,3,0,0.64155,3.117449925960081e-05,0,3.3218260389985517
4,z,14,z,0.8,m1,0,100000,64155,2,3,0,0.64155,3.117449925960081e-05,0,3.3218260389985517
4,z,8,z,0.5,m1,0,100000,100000,4,9,0,1.0,4.0000000000040004e-05,0,0.7044178129872307
4,z,8,z,0.5,m1,0,100000,100000,4,9,0,1.0,4.0000000000040004e-05,0,0.7044178129872307
4,z,8,z,0.5,m1,0,100000,100000,4,9,0,1.0,4.0000000000040004e-05,0,0.7044178129872307
4,z,8,x,0.5,m1,0,100000,100000,4,9,0,1.0,4.0000000000040004e-05,0,0.7044178129872307
4,z,13,x,0.8,m1,0,100000,35028,144,277,0,0.35028,0.004110996916752319,0,9.364849862002302
4,z,13,x,0.8,m1,0,100000,35028,144,277,0,0.35028,0.004110996916752319,0,9.364849862002302
4,z,13,z,0.8,m1,0,100000,35028,144,277,0,0.35028,0.004110996916752319,0,9.364849862002302
4,z,13,z,0.8,m1,0,100000,35028,144,277,0,0.35028,0.004110996916752319,0,9.364849862002302
4,z,3,x,0.5,m1,0,100000,58962,7382,13583,0,0.58962,0.12519928089277843,0,12.245702979998896
4,z,3,z,0.5,m1,0,100000,58962,7382,13583,0,0.58962,0.12519928089277843,0,12.245702979998896
4,z,3,x,0.5,m1,0,100000,58962,7382,13583,0,0.58962,0.12519928089277843,0,12.245702979998896
4,z,3,x,0.5,m1,0,100000,58962,7382,13583,0,0.58962,0.12519928089277843,0,12.245702979998896
4,z,12,z,0.5,m1,0,100000,88946,2,5,0,0.88946,2.248555303219213e-05,0,1.754042542015668
4,z,12,z,0.5,m1,0,100000,88946,2,5,0,0.88946,2.248555303219213e-05,0,1.754042542015668
4,z,12,x,0.5,m1,0,100000,88946,2,5,0,0.88946,2.248555303219213e-05,0,1.754042542015668
4,z,12,z,0.5,m1,0,100000,88946,2,5,0,0.88946,2.248555303219213e-05,0,1.754042542015668
4,z,4,z,0.5,m1,0,100000,71511,1396,2538,0,0.71511,0.019521472221056935,0,11.965405891998671
4,z,4,z,0.5,m1,0,100000,71511,1396,2538,0,0.71511,0.019521472221056935,0,11.965405891998671
4,z,4,x,0.5,m1,0,100000,71511,1396,2538,0,0.71511,0.019521472221056935,0,11.965405891998671
4,z,4,x,0.5,m1,0,100000,71511,1396,2538,0,0.71511,0.019521472221056935,0,11.965405891998671
4,z,2,z,0.5,m1,0,100000,73757,7380,13313,0,0.73757,0.10005829955122902,0,14.804877049988136
4,z,2,x,0.5,m1,0,100000,73757,7380,13313,0,0.73757,0.10005829955122902,0,14.804877049988136
4,z,2,x,0.5,m1,0,100000,73757,7380,13313,0,0.73757,0.10005829955122902,0,14.804877049988136
4,z,2,x,0.5,m1,0,100000,73757,7380,13313,0,0.73757,0.10005829955122902,0,14.804877049988136
4,z,7,x,0.5,m1,0,100000,57062,495,926,0,0.57062,0.008674774806351038,0,11.545239329978358
4,z,7,z,0.5,m1,0,100000,57062,495,926,0,0.57062,0.008674774806351038,0,11.545239329978358
4,z,7,z,0.5,m1,0,100000,57062,495,926,0,0.57062,0.008674774806351038,0,11.545239329978358
4,z,7,x,0.5,m1,0,100000,57062,495,926,0,0.57062,0.008674774806351038,0,11.545239329978358
4,z,10,z,0.5,m1,0,100000,75961,689,1288,0,0.75961,0.00907044404365398,0,11.17374372301856
4,z,10,x,0.5,m1,0,100000,75961,689,1288,0,0.75961,0.00907044404365398,0,11.17374372301856
4,z,10,x,0.5,m1,0,100000,75961,689,1288,0,0.75961,0.00907044404365398,0,11.17374372301856
4,z,10,z,0.5,m1,0,100000,75961,689,1288,0,0.75961,0.00907044404365398,0,11.17374372301856
4,z,5,x,0.5,m1,0,100000,64715,11343,21216,0,0.64715,0.17527621107934788,0,15.793991926009767
4,z,5,x,0.5,m1,0,100000,64715,11343,21216,0,0.64715,0.17527621107934788,0,15.793991926009767
4,z,5,z,0.5,m1,0,100000,64715,11343,21216,0,0.64715,0.17527621107934788,0,15.793991926009767
4,z,5,x,0.5,m1,0,100000,64715,11343,21216,0,0.64715,0.17527621107934788,0,15.793991926009767
4,z,9,x,0.5,m1,0,100000,63075,7494,14085,0,0.63075,0.11881093935790721,0,12.399562195991166
4,z,9,x,0.5,m1,0,100000,63075,7494,14085,0,0.63075,0.11881093935790721,0,12.399562195991166
4,z,9,x,0.5,m1,0,100000,63075,7494,14085,0,0.63075,0.11881093935790721,0,12.399562195991166
4,z,9,z,0.5,m1,0,100000,63075,7494,14085,0,0.63075,0.11881093935790721,0,12.399562195991166
4,z,14,z,0.5,m1,0,100000,75859,0,0,0,0.75859,0.0,0,2.153238771017641
4,z,14,x,0.5,m1,0,100000,75859,0,0,0,0.75859,0.0,0,2.153238771017641
4,z,14,z,0.5,m1,0,100000,75859,0,0,0,0.75859,0.0,0,2.153238771017641
4,z,14,z,0.5,m1,0,100000,75859,0,0,0,0.75859,0.0,0,2.153238771017641
4,z,6,z,0.5,m1,0,100000,70799,554,1030,0,0.70799,0.007824969279227156,0,15.37685903700185
4,z,6,x,0.5,m1,0,100000,70799,554,1030,0,0.70799,0.007824969279227156,0,15.37685903700185
4,z,6,z,0.5,m1,0,100000,70799,554,1030,0,0.70799,0.007824969279227156,0,15.37685903700185
4,z,6,x,0.5,m1,0,100000,70799,554,1030,0,0.70799,0.007824969279227156,0,15.37685903700185
4,z,11,x,0.5,m1,0,100000,64117,406,761,0,0.64117,0.006332173994416435,0,12.463788875000319
4,z,11,z,0.5,m1,0,100000,64117,406,761,0,0.64117,0.006332173994416435,0,12.463788875000319
4,z,11,x,0.5,m1,0,100000,64117,406,761,0,0.64117,0.006332173994416435,0,12.463788875000319
4,z,11,z,0.5,m1,0,100000,64117,406,761,0,0.64117,0.006332173994416435,0,12.463788875000319
4,z,15,x,0.5,m1,0,100000,64032,0,1,0,0.64032,0.0,0,2.6333501590124797
4,z,15,z,0.5,m1,0,100000,64032,0,1,0,0.64032,0.0,0,2.6333501590124797
4,z,15,z,0.5,m1,0,100000,64032,0,1,0,0.64032,0.0,0,2.6333501590124797
4,z,15,z,0.5,m1,0,100000,64032,0,1,0,0.64032,0.0,0,2.6333501590124797
4,z,8,z,0.3,m1,0,100000,100000,1,2,0,1.0,9.99999999995449e-06,0,0.5005218559817877
4,z,8,z,0.3,m1,0,100000,100000,1,2,0,1.0,9.99999999995449e-06,0,0.5005218559817877
4,z,8,z,0.3,m1,0,100000,100000,1,2,0,1.0,9.99999999995449e-06,0,0.5005218559817877
4,z,8,x,0.3,m1,0,100000,100000,1,2,0,1.0,9.99999999995449e-06,0,0.5005218559817877
4,z,13,x,0.5,m1,0,100000,51844,74,146,0,0.51844,0.0014273590000771774,0,9.641432722011814
4,z,13,x,0.5,m1,0,100000,51844,74,146,0,0.51844,0.0014273590000771774,0,9.641432722011814
4,z,13,z,0.5,m1,0,100000,51844,74,146,0,0.51844,0.0014273590000771774,0,9.641432722011814
4,z,13,z,0.5,m1,0,100000,51844,74,146,0,0.51844,0.0014273590000771774,0,9.641432722011814
4,z,12,z,0.3,m1,0,100000,93176,0,0,0,0.93176,0.0,0,1.1883704460051376
4,z,12,z,0.3,m1,0,100000,93176,0,0,0,0.93176,0.0,0,1.1883704460051376
4,z,12,x,0.3,m1,0,100000,93176,0,0,0,0.93176,0.0,0,1.1883704460051376
4,z,12,z,0.3,m1,0,100000,93176,0,0,0,0.93176,0.0,0,1.1883704460051376
4,z,3,x,0.3,m1,0,100000,72756,5657,10672,0,0.72756,0.07775303755016771,0,12.643293999019079
4,z,3,z,0.3,m1,0,100000,72756,5657,10672,0,0.72756,0.07775303755016771,0,12.643293999019079
4,z,3,x,0.3,m1,0,100000,72756,5657,10672,0,0.72756,0.07775303755016771,0,12.643293999019079
4,z,3,x,0.3,m1,0,100000,72756,5657,10672,0,0.72756,0.07775303755016771,0,12.643293999019079
4,z,10,z,0.3,m1,0,100000,84624,318,597,0,0.84624,0.003757799205899026,0,10.362071183975786
4,z,10,x,0.3,m1,0,100000,84624,318,597,0,0.84624,0.003757799205899026,0,10.362071183975786
4,z,10,x,0.3,m1,0,100000,84624,318,597,0,0.84624,0.003757799205899026,0,10.362071183975786
4,z,10,z,0.3,m1,0,100000,84624,318,597,0,0.84624,0.003757799205899026,0,10.362071183975786
4,z,4,z,0.3,m1,0,100000,81549,604,1131,0,0.81549,0.007406589903003136,0,12.377824238996254
4,z,4,z,0.3,m1,0,100000,81549,604,1131,0,0.81549,0.007406589903003136,0,12.377824238996254
4,z,4,x,0.3,m1,0,100000,81549,604,1131,0,0.81549,0.007406589903003136,0,12.377824238996254
4,z,4,x,0.3,m1,0,100000,81549,604,1131,0,0.81549,0.007406589903003136,0,12.377824238996254
4,z,5,x,0.3,m1,0,100000,76970,8648,16518,0,0.7697,0.1123554631674678,0,14.2262855359877
4,z,5,x,0.3,m1,0,100000,76970,8648,16518,0,0.7697,0.1123554631674678,0,14.2262855359877
4,z,5,z,0.3,m1,0,100000,76970,8648,16518,0,0.7697,0.1123554631674678,0,14.2262855359877
4,z,5,x,0.3,m1,0,100000,76970,8648,16518,0,0.7697,0.1123554631674678,0,14.2262855359877
4,z,2,z,0.3,m1,0,100000,83331,5158,9650,0,0.83331,0.0618977331365278,0,14.650253330008127
4,z,2,x,0.3,m1,0,100000,83331,5158,9650,0,0.83331,0.0618977331365278,0,14.650253330008127
4,z,2,x,0.3,m1,0,100000,83331,5158,9650,0,0.83331,0.0618977331365278,0,14.650253330008127
4,z,2,x,0.3,m1,0,100000,83331,5158,9650,0,0.83331,0.0618977331365278,0,14.650253330008127
4,z,6,z,0.3,m1,0,100000,81420,256,481,0,0.8142,0.0031441906165561306,0,14.870228882995434
4,z,6,x,0.3,m1,0,100000,81420,256,481,0,0.8142,0.0031441906165561306,0,14.870228882995434
4,z,6,z,0.3,m1,0,100000,81420,256,481,0,0.8142,0.0031441906165561306,0,14.870228882995434
4,z,6,x,0.3,m1,0,100000,81420,256,481,0,0.8142,0.0031441906165561306,0,14.870228882995434
4,z,7,x,0.3,m1,0,100000,71116,244,451,0,0.71116,0.003431014117779352,0,14.93589882197557
4,z,7,z,0.3,m1,0,100000,71116,244,451,0,0.71116,0.003431014117779352,0,14.93589882197557
4,z,7,z,0.3,m1,0,100000,71116,244,451,0,0.71116,0.003431014117779352,0,14.93589882197557
4,z,7,x,0.3,m1,0,100000,71116,244,451,0,0.71116,0.003431014117779352,0,14.93589882197557
4,z,14,z,0.3,m1,0,100000,84716,0,0,0,0.84716,0.0,0,1.5866158730059396
4,z,14,x,0.3,m1,0,100000,84716,0,0,0,0.84716,0.0,0,1.5866158730059396
4,z,14,z,0.3,m1,0,100000,84716,0,0,0,0.84716,0.0,0,1.5866158730059396
4,z,14,z,0.3,m1,0,100000,84716,0,0,0,0.84716,0.0,0,1.5866158730059396
4,z,15,x,0.3,m1,0,100000,76647,0,0,0,0.76647,0.0,0,1.8048606980009936
4,z,15,z,0.3,m1,0,100000,76647,0,0,0,0.76647,0.0,0,1.8048606980009936
4,z,15,z,0.3,m1,0,100000,76647,0,0,0,0.76647,0.0,0,1.8048606980009936
4,z,15,z,0.3,m1,0,100000,76647,0,0,0,0.76647,0.0,0,1.8048606980009936
4,z,11,x,0.3,m1,0,100000,76503,212,405,0,0.76503,0.002771133158176786,0,12.44269474997418
4,z,11,z,0.3,m1,0,100000,76503,212,405,0,0.76503,0.002771133158176786,0,12.44269474997418
4,z,11,x,0.3,m1,0,100000,76503,212,405,0,0.76503,0.002771133158176786,0,12.44269474997418
4,z,11,z,0.3,m1,0,100000,76503,212,405,0,0.76503,0.002771133158176786,0,12.44269474997418
4,z,9,x,0.3,m1,0,100000,75496,5448,10265,0,0.75496,0.07216276359012397,0,15.266864102013642
4,z,9,x,0.3,m1,0,100000,75496,5448,10265,0,0.75496,0.07216276359012397,0,15.266864102013642
4,z,9,x,0.3,m1,0,100000,75496,5448,10265,0,0.75496,0.07216276359012397,0,15.266864102013642
4,z,9,z,0.3,m1,0,100000,75496,5448,10265,0,0.75496,0.07216276359012397,0,15.266864102013642
4,z,8,z,0.1,m1,0,100000,100000,0,0,0,1.0,0.0,0,0.32575356497545727
4,z,8,z,0.1,m1,0,100000,100000,0,0,0,1.0,0.0,0,0.32575356497545727
4,z,8,z,0.1,m1,0,100000,100000,0,0,0,1.0,0.0,0,0.32575356497545727
4,z,8,x,0.1,m1,0,100000,100000,0,0,0,1.0,0.0,0,0.32575356497545727
4,z,13,x,0.3,m1,0,100000,67757,39,76,0,0.67757,0.0005755862862877326,0,9.324120903009316
4,z,13,x,0.3,m1,0,100000,67757,39,76,0,0.67757,0.0005755862862877326,0,9.324120903009316
4,z,13,z,0.3,m1,0,100000,67757,39,76,0,0.67757,0.0005755862862877326,0,9.324120903009316
4,z,13,z,0.3,m1,0,100000,67757,39,76,0,0.67757,0.0005755862862877326,0,9.324120903009316
4,z,12,z,0.1,m1,0,100000,97625,0,0,0,0.97625,0.0,0,0.656374654994579
4,z,12,z,0.1,m1,0,100000,97625,0,0,0,0.97625,0.0,0,0.656374654994579
4,z,12,x,0.1,m1,0,100000,97625,0,0,0,0.97625,0.0,0,0.656374654994579
4,z,12,z,0.1,m1,0,100000,97625,0,0,0,0.97625,0.0,0,0.656374654994579
4,z,4,z,0.1,m1,0,100000,93408,87,170,0,0.93408,0.0009313977389516781,0,9.419334245001664
4,z,4,z,0.1,m1,0,100000,93408,87,170,0,0.93408,0.0009313977389516781,0,9.419334245001664
4,z,4,x,0.1,m1,0,100000,93408,87,170,0,0.93408,0.0009313977389516781,0,9.419334245001664
4,z,4,x,0.1,m1,0,100000,93408,87,170,0,0.93408,0.0009313977389516781,0,9.419334245001664
4,z,3,x,0.1,m1,0,100000,89793,2433,4726,0,0.89793,0.027095653336006165,0,13.425173789990367
4,z,3,z,0.1,m1,0,100000,89793,2433,4726,0,0.89793,0.027095653336006165,0,13.425173789990367
4,z,3,x,0.1,m1,0,100000,89793,2433,4726,0,0.89793,0.027095653336006165,0,13.425173789990367
4,z,3,x,0.1,m1,0,100000,89793,2433,4726,0,0.89793,0.027095653336006165,0,13.425173789990367
4,z,10,z,0.1,m1,0,100000,94692,77,148,0,0.94692,0.000813162674777157,0,9.597364064014982
4,z,10,x,0.1,m1,0,100000,94692,77,148,0,0.94692,0.000813162674777157,0,9.597364064014982
4,z,10,x,0.1,m1,0,100000,94692,77,148,0,0.94692,0.000813162674777157,0,9.597364064014982
4,z,10,z,0.1,m1,0,100000,94692,77,148,0,0.94692,0.000813162674777157,0,9.597364064014982
4,z,14,z,0.1,m1,0,100000,94661,0,0,0,0.94661,0.0,0,0.7906355730083305
4,z,14,x,0.1,m1,0,100000,94661,0,0,0,0.94661,0.0,0,0.7906355730083305
4,z,14,z,0.1,m1,0,100000,94661,0,0,0,0.94661,0.0,0,0.7906355730083305
4,z,14,z,0.1,m1,0,100000,94661,0,0,0,0.94661,0.0,0,0.7906355730083305
4,z,15,x,0.1,m1,0,100000,91620,0,0,0,0.9162,0.0,0,0.8811300479865167
4,z,15,z,0.1,m1,0,100000,91620,0,0,0,0.9162,0.0,0,0.8811300479865167
4,z,15,z,0.1,m1,0,100000,91620,0,0,0,0.9162,0.0,0,0.8811300479865167
4,z,15,z,0.1,m1,0,100000,91620,0,0,0,0.9162,0.0,0,0.8811300479865167
4,z,2,z,0.1,m1,0,100000,94072,2058,4014,0,0.94072,0.021876860277234456,0,16.046616481995443
4,z,2,x,0.1,m1,0,100000,94072,2058,4014,0,0.94072,0.021876860277234456,0,16.046616481995443
4,z,2,x,0.1,m1,0,100000,94072,2058,4014,0,0.94072,0.021876860277234456,0,16.046616481995443
4,z,2,x,0.1,m1,0,100000,94072,2058,4014,0,0.94072,0.021876860277234456,0,16.046616481995443
4,z,7,x,0.1,m1,0,100000,89202,52,99,0,0.89202,0.0005829465707046788,0,13.956531962001463
4,z,7,z,0.1,m1,0,100000,89202,52,99,0,0.89202,0.0005829465707046788,0,13.956531962001463
4,z,7,z,0.1,m1,0,100000,89202,52,99,0,0.89202,0.0005829465707046788,0,13.956531962001463
4,z,7,x,0.1,m1,0,100000,89202,52,99,0,0.89202,0.0005829465707046788,0,13.956531962001463
4,z,5,x,0.1,m1,0,100000,91656,3616,7009,0,0.91656,0.03945186348956975,0,15.949024411995197
4,z,5,x,0.1,m1,0,100000,91656,3616,7009,0,0.91656,0.03945186348956975,0,15.949024411995197
4,z,5,z,0.1,m1,0,100000,91656,3616,7009,0,0.91656,0.03945186348956975,0,15.949024411995197
4,z,5,x,0.1,m1,0,100000,91656,3616,7009,0,0.91656,0.03945186348956975,0,15.949024411995197
4,z,6,z,0.1,m1,0,100000,93184,49,96,0,0.93184,0.0005258413461538547,0,14.59480655301013
4,z,6,x,0.1,m1,0,100000,93184,49,96,0,0.93184,0.0005258413461538547,0,14.59480655301013
4,z,6,z,0.1,m1,0,100000,93184,49,96,0,0.93184,0.0005258413461538547,0,14.59480655301013
4,z,6,x,0.1,m1,0,100000,93184,49,96,0,0.93184,0.0005258413461538547,0,14.59480655301013
4,z,11,x,0.1,m1,0,100000,91454,57,114,0,0.91454,0.0006232641546569662,0,12.377562626992585
4,z,11,z,0.1,m1,0,100000,91454,57,114,0,0.91454,0.0006232641546569662,0,12.377562626992585
4,z,11,x,0.1,m1,0,100000,91454,57,114,0,0.91454,0.0006232641546569662,0,12.377562626992585
4,z,11,z,0.1,m1,0,100000,91454,57,114,0,0.91454,0.0006232641546569662,0,12.377562626992585
4,z,9,x,0.1,m1,0,100000,90929,2262,4281,0,0.90929,0.024876552035104305,0,15.036561479995726
4,z,9,x,0.1,m1,0,100000,90929,2262,4281,0,0.90929,0.024876552035104305,0,15.036561479995726
4,z,9,x,0.1,m1,0,100000,90929,2262,4281,0,0.90929,0.024876552035104305,0,15.036561479995726
4,z,9,z,0.1,m1,0,100000,90929,2262,4281,0,0.90929,0.024876552035104305,0,15.036561479995726
4,z,13,x,0.1,m1,0,100000,87845,6,13,0,0.87845,6.830212305763972e-05,0,6.980758660007268
4,z,13,x,0.1,m1,0,100000,87845,6,13,0,0.87845,6.830212305763972e-05,0,6.980758660007268
4,z,13,z,0.1,m1,0,100000,87845,6,13,0,0.87845,6.830212305763972e-05,0,6.980758660007268
4,z,13,z,0.1,m1,0,100000,87845,6,13,0,0.87845,6.830212305763972e-05,0,6.980758660007268
