n,lstate,i,meas_type,p_error,sim_type,total_meta_shots,shots,count_accept,count_logerror,count_undecided,count_detect_discard,prep_rate,LER,detect_normal,decoding_normal
4,x,4,x,1,normal,0,100000,17260,258,461,0,0.1726,0.014947856315179586,0,8.796273011015728
4,x,4,z,1,normal,0,100000,17260,258,461,0,0.1726,0.014947856315179586,0,8.796273011015728
4,x,4,x,1,normal,0,100000,17260,258,461,0,0.1726,0.014947856315179586,0,8.796273011015728
4,x,4,x,1,normal,0,100000,17260,258,461,0,0.1726,0.014947856315179586,0,8.796273011015728
4,x,2,x,1,normal,0,100000,32123,1,2,0,0.32123,3.113034274504489e-05,0,9.464142201002687
4,x,2,x,1,normal,0,100000,32123,1,2,0,0.32123,3.113034274504489e-05,0,9.464142201002687
4,x,2,x,1,normal,0,100000,32123,1,2,0,0.32123,3.113034274504489e-05,0,9.464142201002687
4,x,2,x,1,normal,0,100000,32123,1,2,0,0.32123,3.113034274504489e-05,0,9.464142201002687
4,x,6,x,1,normal,0,100000,23949,328,609,0,0.23949,0.013695770178295597,0,9.24866058601765
4,x,6,x,1,normal,0,100000,23949,328,609,0,0.23949,0.013695770178295597,0,9.24866058601765
4,x,6,z,1,normal,0,100000,23949,328,609,0,0.23949,0.013695770178295597,0,9.24866058601765
4,x,6,x,1,normal,0,100000,23949,328,609,0,0.23949,0.013695770178295597,0,9.24866058601765
4,x,10,x,1,normal,0,100000,28131,830,1529,0,0.28131,0.029504816750204443,0,10.356884686974809
4,x,10,x,1,normal,0,100000,28131,830,1529,0,0.28131,0.029504816750204443,0,10.356884686974809
4,x,10,x,1,normal,0,100000,28131,830,1529,0,0.28131,0.029504816750204443,0,10.356884686974809
4,x,10,z,1,normal,0,100000,28131,830,1529,0,0.28131,0.029504816750204443,0,10.356884686974809
4,x,8,x,1,normal,0,100000,30811,7674,13749,0,0.30811,0.24906689169452467,0,10.554775334981969
4,x,8,z,1,normal,0,100000,30811,7674,13749,0,0.30811,0.24906689169452467,0,10.554775334981969
4,x,8,z,1,normal,0,100000,30811,7674,13749,0,0.30811,0.24906689169452467,0,10.554775334981969
4,x,8,x,1,normal,0,100000,30811,7674,13749,0,0.30811,0.24906689169452467,0,10.554775334981969
4,x,11,z,1,normal,0,100000,57163,2326,4056,0,0.57163,0.040690656543568404,0,13.493806941987714
4,x,11,x,1,normal,0,100000,57163,2326,4056,0,0.57163,0.040690656543568404,0,13.493806941987714
4,x,11,x,1,normal,0,100000,57163,2326,4056,0,0.57163,0.040690656543568404,0,13.493806941987714
4,x,11,z,1,normal,0,100000,57163,2326,4056,0,0.57163,0.040690656543568404,0,13.493806941987714
4,x,9,z,1,normal,0,100000,100000,1752,2765,0,1.0,0.01751999999999998,0,14.771583927009488
4,x,9,z,1,normal,0,100000,100000,1752,2765,0,1.0,0.01751999999999998,0,14.771583927009488
4,x,9,z,1,normal,0,100000,100000,1752,2765,0,1.0,0.01751999999999998,0,14.771583927009488
4,x,9,x,1,normal,0,100000,100000,1752,2765,0,1.0,0.01751999999999998,0,14.771583927009488
4,x,7,z,1,normal,0,100000,51433,1106,1923,0,0.51433,0.021503703847724265,0,13.621265794994542
4,x,7,x,1,normal,0,100000,51433,1106,1923,0,0.51433,0.021503703847724265,0,13.621265794994542
4,x,7,z,1,normal,0,100000,51433,1106,1923,0,0.51433,0.021503703847724265,0,13.621265794994542
4,x,7,x,1,normal,0,100000,51433,1106,1923,0,0.51433,0.021503703847724265,0,13.621265794994542
4,x,3,z,1,normal,0,100000,45464,7,10,0,0.45464,0.0001539679746612732,0,16.975668739003595
4,x,3,x,1,normal,0,100000,45464,7,10,0,0.45464,0.0001539679746612732,0,16.975668739003595
4,x,3,x,1,normal,0,100000,45464,7,10,0,0.45464,0.0001539679746612732,0,16.975668739003595
4,x,3,x,1,normal,0,100000,45464,7,10,0,0.45464,0.0001539679746612732,0,16.975668739003595
4,x,5,z,1,normal,0,100000,40638,237,390,0,0.40638,0.005831979920271624,0,14.77766502299346
4,x,5,z,1,normal,0,100000,40638,237,390,0,0.40638,0.005831979920271624,0,14.77766502299346
4,x,5,x,1,normal,0,100000,40638,237,390,0,0.40638,0.005831979920271624,0,14.77766502299346
4,x,5,x,1,normal,0,100000,40638,237,390,0,0.40638,0.005831979920271624,0,14.77766502299346
4,x,12,x,1,normal,0,100000,23112,6228,11445,0,0.23112,0.26947040498442365,0,9.30428275099257
4,x,12,z,1,normal,0,100000,23112,6228,11445,0,0.23112,0.26947040498442365,0,9.30428275099257
4,x,12,x,1,normal,0,100000,23112,6228,11445,0,0.23112,0.26947040498442365,0,9.30428275099257
4,x,12,z,1,normal,0,100000,23112,6228,11445,0,0.23112,0.26947040498442365,0,9.30428275099257
4,x,14,x,1,normal,0,100000,30417,7074,12158,0,0.30417,0.2325673143308018,0,10.776203775021713
4,x,14,x,1,normal,0,100000,30417,7074,12158,0,0.30417,0.2325673143308018,0,10.776203775021713
4,x,14,z,1,normal,0,100000,30417,7074,12158,0,0.30417,0.2325673143308018,0,10.776203775021713
4,x,14,z,1,normal,0,100000,30417,7074,12158,0,0.30417,0.2325673143308018,0,10.776203775021713
4,x,2,x,0.8,normal,0,100000,40302,1,2,0,0.40302,2.4812664383921934e-05,0,11.720254871994257
4,x,2,x,0.8,normal,0,100000,40302,1,2,0,0.40302,2.4812664383921934e-05,0,11.720254871994257
4,x,2,x,0.8,normal,0,100000,40302,1,2,0,0.40302,2.4812664383921934e-05,0,11.720254871994257
4,x,2,x,0.8,normal,0,100000,40302,1,2,0,0.40302,2.4812664383921934e-05,0,11.720254871994257
4,x,4,x,0.8,normal,0,100000,24361,206,384,0,0.24361,0.008456138910553745,0,9.19321879799827
4,x,4,z,0.8,normal,0,100000,24361,206,384,0,0.24361,0.008456138910553745,0,9.19321879799827
4,x,4,x,0.8,normal,0,100000,24361,206,384,0,0.24361,0.008456138910553745,0,9.19321879799827
4,x,4,x,0.8,normal,0,100000,24361,206,384,0,0.24361,0.008456138910553745,0,9.19321879799827
4,x,13,z,1,normal,0,100000,27968,7221,8752,0,0.27968,0.2581879290617849,0,13.932334390992764
4,x,13,z,1,normal,0,100000,27968,7221,8752,0,0.27968,0.2581879290617849,0,13.932334390992764
4,x,13,x,1,normal,0,100000,27968,7221,8752,0,0.27968,0.2581879290617849,0,13.932334390992764
4,x,13,z,1,normal,0,100000,27968,7221,8752,0,0.27968,0.2581879290617849,0,13.932334390992764
4,x,3,z,0.8,normal,0,100000,53282,2,5,0,0.53282,3.753612852375188e-05,0,12.503175185003784
4,x,3,x,0.8,normal,0,100000,53282,2,5,0,0.53282,3.753612852375188e-05,0,12.503175185003784
4,x,3,x,0.8,normal,0,100000,53282,2,5,0,0.53282,3.753612852375188e-05,0,12.503175185003784
4,x,3,x,0.8,normal,0,100000,53282,2,5,0,0.53282,3.753612852375188e-05,0,12.503175185003784
4,x,15,z,1,normal,0,100000,57716,16070,23295,0,0.57716,0.2784323237923626,0,15.51186955301091
4,x,15,x,1,normal,0,100000,57716,16070,23295,0,0.57716,0.2784323237923626,0,15.51186955301091
4,x,15,z,1,normal,0,100000,57716,16070,23295,0,0.57716,0.2784323237923626,0,15.51186955301091
4,x,15,z,1,normal,0,100000,57716,16070,23295,0,0.57716,0.2784323237923626,0,15.51186955301091
4,x,6,x,0.8,normal,0,100000,31750,256,500,0,0.3175,0.00806299212598427,0,12.344341874995735
4,x,6,x,0.8,normal,0,100000,31750,256,500,0,0.3175,0.00806299212598427,0,12.344341874995735
4,x,6,z,0.8,normal,0,100000,31750,256,500,0,0.3175,0.00806299212598427,0,12.344341874995735
4,x,6,x,0.8,normal,0,100000,31750,256,500,0,0.3175,0.00806299212598427,0,12.344341874995735
4,x,8,x,0.8,normal,0,100000,38711,7956,14561,0,0.38711,0.20552297796491958,0,10.621889699017629
4,x,8,z,0.8,normal,0,100000,38711,7956,14561,0,0.38711,0.20552297796491958,0,10.621889699017629
4,x,8,z,0.8,normal,0,100000,38711,7956,14561,0,0.38711,0.20552297796491958,0,10.621889699017629
4,x,8,x,0.8,normal,0,100000,38711,7956,14561,0,0.38711,0.20552297796491958,0,10.621889699017629
4,x,5,z,0.8,normal,0,100000,46650,104,170,0,0.4665,0.0022293676312968858,0,14.92605392500991
4,x,5,z,0.8,normal,0,100000,46650,104,170,0,0.4665,0.0022293676312968858,0,14.92605392500991
4,x,5,x,0.8,normal,0,100000,46650,104,170,0,0.4665,0.0022293676312968858,0,14.92605392500991
4,x,5,x,0.8,normal,0,100000,46650,104,170,0,0.4665,0.0022293676312968858,0,14.92605392500991
4,x,7,z,0.8,normal,0,100000,58631,864,1533,0,0.58631,0.014736231686309331,0,14.099382366024656
4,x,7,x,0.8,normal,0,100000,58631,864,1533,0,0.58631,0.014736231686309331,0,14.099382366024656
4,x,7,z,0.8,normal,0,100000,58631,864,1533,0,0.58631,0.014736231686309331,0,14.099382366024656
4,x,7,x,0.8,normal,0,100000,58631,864,1533,0,0.58631,0.014736231686309331,0,14.099382366024656
4,x,9,z,0.8,normal,0,100000,100000,840,1388,0,1.0,0.008399999999999963,0,14.370792353991419
4,x,9,z,0.8,normal,0,100000,100000,840,1388,0,1.0,0.008399999999999963,0,14.370792353991419
4,x,9,z,0.8,normal,0,100000,100000,840,1388,0,1.0,0.008399999999999963,0,14.370792353991419
4,x,9,x,0.8,normal,0,100000,100000,840,1388,0,1.0,0.008399999999999963,0,14.370792353991419
4,x,10,x,0.8,normal,0,100000,36066,721,1350,0,0.36066,0.01999112737758557,0,13.438089614995988
4,x,10,x,0.8,normal,0,100000,36066,721,1350,0,0.36066,0.01999112737758557,0,13.438089614995988
4,x,10,x,0.8,normal,0,100000,36066,721,1350,0,0.36066,0.01999112737758557,0,13.438089614995988
4,x,10,z,0.8,normal,0,100000,36066,721,1350,0,0.36066,0.01999112737758557,0,13.438089614995988
4,x,12,x,0.8,normal,0,100000,30727,6927,12822,0,0.30727,0.22543691216194228,0,11.975732057995629
4,x,12,z,0.8,normal,0,100000,30727,6927,12822,0,0.30727,0.22543691216194228,0,11.975732057995629
4,x,12,x,0.8,normal,0,100000,30727,6927,12822,0,0.30727,0.22543691216194228,0,11.975732057995629
4,x,12,z,0.8,normal,0,100000,30727,6927,12822,0,0.30727,0.22543691216194228,0,11.975732057995629
4,x,14,x,0.8,normal,0,100000,38459,7570,13243,0,0.38459,0.19683299097740448,0,11.33827245401335
4,x,14,x,0.8,normal,0,100000,38459,7570,13243,0,0.38459,0.19683299097740448,0,11.33827245401335
4,x,14,z,0.8,normal,0,100000,38459,7570,13243,0,0.38459,0.19683299097740448,0,11.33827245401335
4,x,14,z,0.8,normal,0,100000,38459,7570,13243,0,0.38459,0.19683299097740448,0,11.33827245401335
4,x,11,z,0.8,normal,0,100000,63571,1851,3314,0,0.63571,0.02911705022730493,0,14.194933679013047
4,x,11,x,0.8,normal,0,100000,63571,1851,3314,0,0.63571,0.02911705022730493,0,14.194933679013047
4,x,11,x,0.8,normal,0,100000,63571,1851,3314,0,0.63571,0.02911705022730493,0,14.194933679013047
4,x,11,z,0.8,normal,0,100000,63571,1851,3314,0,0.63571,0.02911705022730493,0,14.194933679013047
4,x,13,z,0.8,normal,0,100000,31188,6694,8641,0,0.31188,0.21463383352571497,0,14.353911001991946
4,x,13,z,0.8,normal,0,100000,31188,6694,8641,0,0.31188,0.21463383352571497,0,14.353911001991946
4,x,13,x,0.8,normal,0,100000,31188,6694,8641,0,0.31188,0.21463383352571497,0,14.353911001991946
4,x,13,z,0.8,normal,0,100000,31188,6694,8641,0,0.31188,0.21463383352571497,0,14.353911001991946
4,x,2,x,0.5,normal,0,100000,56680,0,0,0,0.5668,0.0,0,13.218529093021061
4,x,2,x,0.5,normal,0,100000,56680,0,0,0,0.5668,0.0,0,13.218529093021061
4,x,2,x,0.5,normal,0,100000,56680,0,0,0,0.5668,0.0,0,13.218529093021061
4,x,2,x,0.5,normal,0,100000,56680,0,0,0,0.5668,0.0,0,13.218529093021061
4,x,15,z,0.8,normal,0,100000,64227,15150,23139,0,0.64227,0.23588210565649959,0,15.173952801997075
4,x,15,x,0.8,normal,0,100000,64227,15150,23139,0,0.64227,0.23588210565649959,0,15.173952801997075
4,x,15,z,0.8,normal,0,100000,64227,15150,23139,0,0.64227,0.23588210565649959,0,15.173952801997075
4,x,15,z,0.8,normal,0,100000,64227,15150,23139,0,0.64227,0.23588210565649959,0,15.173952801997075
4,x,3,z,0.5,normal,0,100000,67383,0,1,0,0.67383,0.0,0,12.133225489000324
4,x,3,x,0.5,normal,0,100000,67383,0,1,0,0.67383,0.0,0,12.133225489000324
4,x,3,x,0.5,normal,0,100000,67383,0,1,0,0.67383,0.0,0,12.133225489000324
4,x,3,x,0.5,normal,0,100000,67383,0,1,0,0.67383,0.0,0,12.133225489000324
4,x,4,x,0.5,normal,0,100000,41228,140,267,0,0.41228,0.003395750460851832,0,10.945055571995908
4,x,4,z,0.5,normal,0,100000,41228,140,267,0,0.41228,0.003395750460851832,0,10.945055571995908
4,x,4,x,0.5,normal,0,100000,41228,140,267,0,0.41228,0.003395750460851832,0,10.945055571995908
4,x,4,x,0.5,normal,0,100000,41228,140,267,0,0.41228,0.003395750460851832,0,10.945055571995908
4,x,6,x,0.5,normal,0,100000,49102,172,339,0,0.49102,0.003502912304997774,0,11.029098682978656
4,x,6,x,0.5,normal,0,100000,49102,172,339,0,0.49102,0.003502912304997774,0,11.029098682978656
4,x,6,z,0.5,normal,0,100000,49102,172,339,0,0.49102,0.003502912304997774,0,11.029098682978656
4,x,6,x,0.5,normal,0,100000,49102,172,339,0,0.49102,0.003502912304997774,0,11.029098682978656
4,x,8,x,0.5,normal,0,100000,54553,7265,13400,0,0.54553,0.1331732443678625,0,12.43944956798805
4,x,8,z,0.5,normal,0,100000,54553,7265,13400,0,0.54553,0.1331732443678625,0,12.43944956798805
4,x,8,z,0.5,normal,0,100000,54553,7265,13400,0,0.54553,0.1331732443678625,0,12.43944956798805
4,x,8,x,0.5,normal,0,100000,54553,7265,13400,0,0.54553,0.1331732443678625,0,12.43944956798805
4,x,5,z,0.5,normal,0,100000,60350,26,47,0,0.6035,0.0004308202154100771,0,14.113599626987707
4,x,5,z,0.5,normal,0,100000,60350,26,47,0,0.6035,0.0004308202154100771,0,14.113599626987707
4,x,5,x,0.5,normal,0,100000,60350,26,47,0,0.6035,0.0004308202154100771,0,14.113599626987707
4,x,5,x,0.5,normal,0,100000,60350,26,47,0,0.6035,0.0004308202154100771,0,14.113599626987707
4,x,9,z,0.5,normal,0,100000,100000,152,273,0,1.0,0.0015199999999999658,0,14.016567953018239
4,x,9,z,0.5,normal,0,100000,100000,152,273,0,1.0,0.0015199999999999658,0,14.016567953018239
4,x,9,z,0.5,normal,0,100000,100000,152,273,0,1.0,0.0015199999999999658,0,14.016567953018239
4,x,9,x,0.5,normal,0,100000,100000,152,273,0,1.0,0.0015199999999999658,0,14.016567953018239
4,x,10,x,0.5,normal,0,100000,52339,405,768,0,0.52339,0.00773801562888099,0,11.086832647008123
4,x,10,x,0.5,normal,0,100000,52339,405,768,0,0.52339,0.00773801562888099,0,11.086832647008123
4,x,10,x,0.5,normal,0,100000,52339,405,768,0,0.52339,0.00773801562888099,0,11.086832647008123
4,x,10,z,0.5,normal,0,100000,52339,405,768,0,0.52339,0.00773801562888099,0,11.086832647008123
4,x,7,z,0.5,normal,0,100000,71418,487,900,0,0.71418,0.006819009213363536,0,14.500454744993476
4,x,7,x,0.5,normal,0,100000,71418,487,900,0,0.71418,0.006819009213363536,0,14.500454744993476
4,x,7,z,0.5,normal,0,100000,71418,487,900,0,0.71418,0.006819009213363536,0,14.500454744993476
4,x,7,x,0.5,normal,0,100000,71418,487,900,0,0.71418,0.006819009213363536,0,14.500454744993476
4,x,14,x,0.5,normal,0,100000,55112,7247,13148,0,0.55112,0.13149586296995208,0,11.761675015994115
4,x,14,x,0.5,normal,0,100000,55112,7247,13148,0,0.55112,0.13149586296995208,0,11.761675015994115
4,x,14,z,0.5,normal,0,100000,55112,7247,13148,0,0.55112,0.13149586296995208,0,11.761675015994115
4,x,14,z,0.5,normal,0,100000,55112,7247,13148,0,0.55112,0.13149586296995208,0,11.761675015994115
4,x,12,x,0.5,normal,0,100000,47566,7236,13631,0,0.47566,0.15212546777109703,0,13.282981244992698
4,x,12,z,0.5,normal,0,100000,47566,7236,13631,0,0.47566,0.15212546777109703,0,13.282981244992698
4,x,12,x,0.5,normal,0,100000,47566,7236,13631,0,0.47566,0.15212546777109703,0,13.282981244992698
4,x,12,z,0.5,normal,0,100000,47566,7236,13631,0,0.47566,0.15212546777109703,0,13.282981244992698
4,x,11,z,0.5,normal,0,100000,75210,982,1818,0,0.7521,0.01305677436511099,0,15.27111888100626
4,x,11,x,0.5,normal,0,100000,75210,982,1818,0,0.7521,0.01305677436511099,0,15.27111888100626
4,x,11,x,0.5,normal,0,100000,75210,982,1818,0,0.7521,0.01305677436511099,0,15.27111888100626
4,x,11,z,0.5,normal,0,100000,75210,982,1818,0,0.7521,0.01305677436511099,0,15.27111888100626
4,x,13,z,0.5,normal,0,100000,43156,4936,7381,0,0.43156,0.11437575308184267,0,14.11340951899183
4,x,13,z,0.5,normal,0,100000,43156,4936,7381,0,0.43156,0.11437575308184267,0,14.11340951899183
4,x,13,x,0.5,normal,0,100000,43156,4936,7381,0,0.43156,0.11437575308184267,0,14.11340951899183
4,x,13,z,0.5,normal,0,100000,43156,4936,7381,0,0.43156,0.11437575308184267,0,14.11340951899183
4,x,2,x,0.3,normal,0,100000,71186,0,0,0,0.71186,0.0,0,10.364996322983643
4,x,2,x,0.3,normal,0,100000,71186,0,0,0,0.71186,0.0,0,10.364996322983643
4,x,2,x,0.3,normal,0,100000,71186,0,0,0,0.71186,0.0,0,10.364996322983643
4,x,2,x,0.3,normal,0,100000,71186,0,0,0,0.71186,0.0,0,10.364996322983643
4,x,3,z,0.3,normal,0,100000,78887,0,0,0,0.78887,0.0,0,12.482917676010402
4,x,3,x,0.3,normal,0,100000,78887,0,0,0,0.78887,0.0,0,12.482917676010402
4,x,3,x,0.3,normal,0,100000,78887,0,0,0,0.78887,0.0,0,12.482917676010402
4,x,3,x,0.3,normal,0,100000,78887,0,0,0,0.78887,0.0,0,12.482917676010402
4,x,15,z,0.5,normal,0,100000,75875,12342,20616,0,0.75875,0.16266227347611206,0,15.864879273984116
4,x,15,x,0.5,normal,0,100000,75875,12342,20616,0,0.75875,0.16266227347611206,0,15.864879273984116
4,x,15,z,0.5,normal,0,100000,75875,12342,20616,0,0.75875,0.16266227347611206,0,15.864879273984116
4,x,15,z,0.5,normal,0,100000,75875,12342,20616,0,0.75875,0.16266227347611206,0,15.864879273984116
4,x,4,x,0.3,normal,0,100000,58460,76,147,0,0.5846,0.0013000342114266594,0,11.521789914986584
4,x,4,z,0.3,normal,0,100000,58460,76,147,0,0.5846,0.0013000342114266594,0,11.521789914986584
4,x,4,x,0.3,normal,0,100000,58460,76,147,0,0.5846,0.0013000342114266594,0,11.521789914986584
4,x,4,x,0.3,normal,0,100000,58460,76,147,0,0.5846,0.0013000342114266594,0,11.521789914986584
4,x,6,x,0.3,normal,0,100000,64937,88,177,0,0.64937,0.0013551596162434398,0,12.949571274977643
4,x,6,x,0.3,normal,0,100000,64937,88,177,0,0.64937,0.0013551596162434398,0,12.949571274977643
4,x,6,z,0.3,normal,0,100000,64937,88,177,0,0.64937,0.0013551596162434398,0,12.949571274977643
4,x,6,x,0.3,normal,0,100000,64937,88,177,0,0.64937,0.0013551596162434398,0,12.949571274977643
4,x,5,z,0.3,normal,0,100000,73014,4,6,0,0.73014,5.4784014024700234e-05,0,12.347108260000823
4,x,5,z,0.3,normal,0,100000,73014,4,6,0,0.73014,5.4784014024700234e-05,0,12.347108260000823
4,x,5,x,0.3,normal,0,100000,73014,4,6,0,0.73014,5.4784014024700234e-05,0,12.347108260000823
4,x,5,x,0.3,normal,0,100000,73014,4,6,0,0.73014,5.4784014024700234e-05,0,12.347108260000823
4,x,8,x,0.3,normal,0,100000,68939,5488,10236,0,0.68939,0.07960660874106096,0,12.695707681996282
4,x,8,z,0.3,normal,0,100000,68939,5488,10236,0,0.68939,0.07960660874106096,0,12.695707681996282
4,x,8,z,0.3,normal,0,100000,68939,5488,10236,0,0.68939,0.07960660874106096,0,12.695707681996282
4,x,8,x,0.3,normal,0,100000,68939,5488,10236,0,0.68939,0.07960660874106096,0,12.695707681996282
4,x,9,z,0.3,normal,0,100000,100000,17,32,0,1.0,0.00017000000000000348,0,12.61872672298341
4,x,9,z,0.3,normal,0,100000,100000,17,32,0,1.0,0.00017000000000000348,0,12.61872672298341
4,x,9,z,0.3,normal,0,100000,100000,17,32,0,1.0,0.00017000000000000348,0,12.61872672298341
4,x,9,x,0.3,normal,0,100000,100000,17,32,0,1.0,0.00017000000000000348,0,12.61872672298341
4,x,7,z,0.3,normal,0,100000,81344,236,444,0,0.81344,0.0029012588512982163,0,14.923033768020105
4,x,7,x,0.3,normal,0,100000,81344,236,444,0,0.81344,0.0029012588512982163,0,14.923033768020105
4,x,7,z,0.3,normal,0,100000,81344,236,444,0,0.81344,0.0029012588512982163,0,14.923033768020105
4,x,7,x,0.3,normal,0,100000,81344,236,444,0,0.81344,0.0029012588512982163,0,14.923033768020105
4,x,10,x,0.3,normal,0,100000,67580,199,386,0,0.6758,0.002944658182894355,0,14.252112329006195
4,x,10,x,0.3,normal,0,100000,67580,199,386,0,0.6758,0.002944658182894355,0,14.252112329006195
4,x,10,x,0.3,normal,0,100000,67580,199,386,0,0.6758,0.002944658182894355,0,14.252112329006195
4,x,10,z,0.3,normal,0,100000,67580,199,386,0,0.6758,0.002944658182894355,0,14.252112329006195
4,x,2,x,0.1,normal,0,100000,89207,0,0,0,0.89207,0.0,0,8.092009081010474
4,x,2,x,0.1,normal,0,100000,89207,0,0,0,0.89207,0.0,0,8.092009081010474
4,x,2,x,0.1,normal,0,100000,89207,0,0,0,0.89207,0.0,0,8.092009081010474
4,x,2,x,0.1,normal,0,100000,89207,0,0,0,0.89207,0.0,0,8.092009081010474
4,x,12,x,0.3,normal,0,100000,63893,6050,11575,0,0.63893,0.09468955910663135,0,15.090085306001129
4,x,12,z,0.3,normal,0,100000,63893,6050,11575,0,0.63893,0.09468955910663135,0,15.090085306001129
4,x,12,x,0.3,normal,0,100000,63893,6050,11575,0,0.63893,0.09468955910663135,0,15.090085306001129
4,x,12,z,0.3,normal,0,100000,63893,6050,11575,0,0.63893,0.09468955910663135,0,15.090085306001129
4,x,14,x,0.3,normal,0,100000,69869,5616,10457,0,0.69869,0.08037899497631285,0,13.580019893008284
4,x,14,x,0.3,normal,0,100000,69869,5616,10457,0,0.69869,0.08037899497631285,0,13.580019893008284
4,x,14,z,0.3,normal,0,100000,69869,5616,10457,0,0.69869,0.08037899497631285,0,13.580019893008284
4,x,14,z,0.3,normal,0,100000,69869,5616,10457,0,0.69869,0.08037899497631285,0,13.580019893008284
4,x,3,z,0.1,normal,0,100000,92482,0,0,0,0.92482,0.0,0,9.173865096992813
4,x,3,x,0.1,normal,0,100000,92482,0,0,0,0.92482,0.0,0,9.173865096992813
4,x,3,x,0.1,normal,0,100000,92482,0,0,0,0.92482,0.0,0,9.173865096992813
4,x,3,x,0.1,normal,0,100000,92482,0,0,0,0.92482,0.0,0,9.173865096992813
4,x,11,z,0.3,normal,0,100000,84064,476,897,0,0.84064,0.005662352493338463,0,18.174185996002052
4,x,11,x,0.3,normal,0,100000,84064,476,897,0,0.84064,0.005662352493338463,0,18.174185996002052
4,x,11,x,0.3,normal,0,100000,84064,476,897,0,0.84064,0.005662352493338463,0,18.174185996002052
4,x,11,z,0.3,normal,0,100000,84064,476,897,0,0.84064,0.005662352493338463,0,18.174185996002052
4,x,13,z,0.3,normal,0,100000,58919,2780,4719,0,0.58919,0.04718342130721842,0,14.713033064996125
4,x,13,z,0.3,normal,0,100000,58919,2780,4719,0,0.58919,0.04718342130721842,0,14.713033064996125
4,x,13,x,0.3,normal,0,100000,58919,2780,4719,0,0.58919,0.04718342130721842,0,14.713033064996125
4,x,13,z,0.3,normal,0,100000,58919,2780,4719,0,0.58919,0.04718342130721842,0,14.713033064996125
4,x,15,z,0.3,normal,0,100000,84799,8898,15865,0,0.84799,0.1049304826707862,0,15.223417497007176
4,x,15,x,0.3,normal,0,100000,84799,8898,15865,0,0.84799,0.1049304826707862,0,15.223417497007176
4,x,15,z,0.3,normal,0,100000,84799,8898,15865,0,0.84799,0.1049304826707862,0,15.223417497007176
4,x,15,z,0.3,normal,0,100000,84799,8898,15865,0,0.84799,0.1049304826707862,0,15.223417497007176
4,x,4,x,0.1,normal,0,100000,83655,7,14,0,0.83655,8.367700675393497e-05,0,13.362907919014106
4,x,4,z,0.1,normal,0,100000,83655,7,14,0,0.83655,8.367700675393497e-05,0,13.362907919014106
4,x,4,x,0.1,normal,0,100000,83655,7,14,0,0.83655,8.367700675393497e-05,0,13.362907919014106
4,x,4,x,0.1,normal,0,100000,83655,7,14,0,0.83655,8.367700675393497e-05,0,13.362907919014106
4,x,5,z,0.1,normal,0,100000,89747,0,0,0,0.89747,0.0,0,10.589285304013174
4,x,5,z,0.1,normal,0,100000,89747,0,0,0,0.89747,0.0,0,10.589285304013174
4,x,5,x,0.1,normal,0,100000,89747,0,0,0,0.89747,0.0,0,10.589285304013174
4,x,5,x,0.1,normal,0,100000,89747,0,0,0,0.89747,0.0,0,10.589285304013174
4,x,9,z,0.1,normal,0,100000,100000,1,2,0,1.0,9.99999999995449e-06,0,9.496161478979047
4,x,9,z,0.1,normal,0,100000,100000,1,2,0,1.0,9.99999999995449e-06,0,9.496161478979047
4,x,9,z,0.1,normal,0,100000,100000,1,2,0,1.0,9.99999999995449e-06,0,9.496161478979047
4,x,9,x,0.1,normal,0,100000,100000,1,2,0,1.0,9.99999999995449e-06,0,9.496161478979047
4,x,6,x,0.1,normal,0,100000,86602,15,30,0,0.86602,0.0001732061615205005,0,13.619983074982883
4,x,6,x,0.1,normal,0,100000,86602,15,30,0,0.86602,0.0001732061615205005,0,13.619983074982883
4,x,6,z,0.1,normal,0,100000,86602,15,30,0,0.86602,0.0001732061615205005,0,13.619983074982883
4,x,6,x,0.1,normal,0,100000,86602,15,30,0,0.86602,0.0001732061615205005,0,13.619983074982883
4,x,8,x,0.1,normal,0,100000,88411,2434,4637,0,0.88411,0.02753051090927594,0,14.422788374999072
4,x,8,z,0.1,normal,0,100000,88411,2434,4637,0,0.88411,0.02753051090927594,0,14.422788374999072
4,x,8,z,0.1,normal,0,100000,88411,2434,4637,0,0.88411,0.02753051090927594,0,14.422788374999072
4,x,8,x,0.1,normal,0,100000,88411,2434,4637,0,0.88411,0.02753051090927594,0,14.422788374999072
4,x,10,x,0.1,normal,0,100000,87800,40,80,0,0.878,0.0004555808656035998,0,13.719840019010007
4,x,10,x,0.1,normal,0,100000,87800,40,80,0,0.878,0.0004555808656035998,0,13.719840019010007
4,x,10,x,0.1,normal,0,100000,87800,40,80,0,0.878,0.0004555808656035998,0,13.719840019010007
4,x,10,z,0.1,normal,0,100000,87800,40,80,0,0.878,0.0004555808656035998,0,13.719840019010007
4,x,12,x,0.1,normal,0,100000,86006,2845,5494,0,0.86006,0.03307908750552291,0,13.73155769999721
4,x,12,z,0.1,normal,0,100000,86006,2845,5494,0,0.86006,0.03307908750552291,0,13.73155769999721
4,x,12,x,0.1,normal,0,100000,86006,2845,5494,0,0.86006,0.03307908750552291,0,13.73155769999721
4,x,12,z,0.1,normal,0,100000,86006,2845,5494,0,0.86006,0.03307908750552291,0,13.73155769999721
4,x,2,x,1,m1,0,100000,22321,0,0,0,0.22321,0.0,0,5.433616326976335
4,x,2,x,1,m1,0,100000,22321,0,0,0,0.22321,0.0,0,5.433616326976335
4,x,2,x,1,m1,0,100000,22321,0,0,0,0.22321,0.0,0,5.433616326976335
4,x,2,x,1,m1,0,100000,22321,0,0,0,0.22321,0.0,0,5.433616326976335
4,x,3,z,1,m1,0,100000,60090,5,10,0,0.6009,8.32085205525468e-05,0,4.186851181002567
4,x,3,x,1,m1,0,100000,60090,5,10,0,0.6009,8.32085205525468e-05,0,4.186851181002567
4,x,3,x,1,m1,0,100000,60090,5,10,0,0.6009,8.32085205525468e-05,0,4.186851181002567
4,x,3,x,1,m1,0,100000,60090,5,10,0,0.6009,8.32085205525468e-05,0,4.186851181002567
4,x,14,x,0.1,normal,0,100000,88647,2514,4823,0,0.88647,0.02835967376222548,0,13.980749139998807
4,x,14,x,0.1,normal,0,100000,88647,2514,4823,0,0.88647,0.02835967376222548,0,13.980749139998807
4,x,14,z,0.1,normal,0,100000,88647,2514,4823,0,0.88647,0.02835967376222548,0,13.980749139998807
4,x,14,z,0.1,normal,0,100000,88647,2514,4823,0,0.88647,0.02835967376222548,0,13.980749139998807
4,x,7,z,0.1,normal,0,100000,93289,64,128,0,0.93289,0.0006860401547877926,0,20.152464950020658
4,x,7,x,0.1,normal,0,100000,93289,64,128,0,0.93289,0.0006860401547877926,0,20.152464950020658
4,x,7,z,0.1,normal,0,100000,93289,64,128,0,0.93289,0.0006860401547877926,0,20.152464950020658
4,x,7,x,0.1,normal,0,100000,93289,64,128,0,0.93289,0.0006860401547877926,0,20.152464950020658
4,x,5,z,1,m1,0,100000,66470,35,60,0,0.6647,0.0005265533323304261,0,3.825221719016554
4,x,5,z,1,m1,0,100000,66470,35,60,0,0.6647,0.0005265533323304261,0,3.825221719016554
4,x,5,x,1,m1,0,100000,66470,35,60,0,0.6647,0.0005265533323304261,0,3.825221719016554
4,x,5,x,1,m1,0,100000,66470,35,60,0,0.6647,0.0005265533323304261,0,3.825221719016554
4,x,11,z,0.1,normal,0,100000,94336,103,204,0,0.94336,0.0010918419267299528,0,20.618409468006575
4,x,11,x,0.1,normal,0,100000,94336,103,204,0,0.94336,0.0010918419267299528,0,20.618409468006575
4,x,11,x,0.1,normal,0,100000,94336,103,204,0,0.94336,0.0010918419267299528,0,20.618409468006575
4,x,11,z,0.1,normal,0,100000,94336,103,204,0,0.94336,0.0010918419267299528,0,20.618409468006575
4,x,13,z,0.1,normal,0,100000,83352,479,898,0,0.83352,0.005746712736347082,0,15.07606320999912
4,x,13,z,0.1,normal,0,100000,83352,479,898,0,0.83352,0.005746712736347082,0,15.07606320999912
4,x,13,x,0.1,normal,0,100000,83352,479,898,0,0.83352,0.005746712736347082,0,15.07606320999912
4,x,13,z,0.1,normal,0,100000,83352,479,898,0,0.83352,0.005746712736347082,0,15.07606320999912
4,x,9,z,1,m1,0,100000,100000,28,52,0,1.0,0.00027999999999994696,0,1.012478527991334
4,x,9,z,1,m1,0,100000,100000,28,52,0,1.0,0.00027999999999994696,0,1.012478527991334
4,x,9,z,1,m1,0,100000,100000,28,52,0,1.0,0.00027999999999994696,0,1.012478527991334
4,x,9,x,1,m1,0,100000,100000,28,52,0,1.0,0.00027999999999994696,0,1.012478527991334
4,x,4,x,1,m1,0,100000,28095,263,510,0,0.28095,0.009361096280476988,0,9.34169445099542
4,x,4,z,1,m1,0,100000,28095,263,510,0,0.28095,0.009361096280476988,0,9.34169445099542
4,x,4,x,1,m1,0,100000,28095,263,510,0,0.28095,0.009361096280476988,0,9.34169445099542
4,x,4,x,1,m1,0,100000,28095,263,510,0,0.28095,0.009361096280476988,0,9.34169445099542
4,x,15,z,0.1,normal,0,100000,94646,3547,6834,0,0.94646,0.0374764913467025,0,16.55537497898331
4,x,15,x,0.1,normal,0,100000,94646,3547,6834,0,0.94646,0.0374764913467025,0,16.55537497898331
4,x,15,z,0.1,normal,0,100000,94646,3547,6834,0,0.94646,0.0374764913467025,0,16.55537497898331
4,x,15,z,0.1,normal,0,100000,94646,3547,6834,0,0.94646,0.0374764913467025,0,16.55537497898331
4,x,6,x,1,m1,0,100000,33055,486,886,0,0.33055,0.01470276811374982,0,11.074141557997791
4,x,6,x,1,m1,0,100000,33055,486,886,0,0.33055,0.01470276811374982,0,11.074141557997791
4,x,6,z,1,m1,0,100000,33055,486,886,0,0.33055,0.01470276811374982,0,11.074141557997791
4,x,6,x,1,m1,0,100000,33055,486,886,0,0.33055,0.01470276811374982,0,11.074141557997791
4,x,8,x,1,m1,0,100000,40775,8584,16128,0,0.40775,0.21052115266707538,0,11.91872385298484
4,x,8,z,1,m1,0,100000,40775,8584,16128,0,0.40775,0.21052115266707538,0,11.91872385298484
4,x,8,z,1,m1,0,100000,40775,8584,16128,0,0.40775,0.21052115266707538,0,11.91872385298484
4,x,8,x,1,m1,0,100000,40775,8584,16128,0,0.40775,0.21052115266707538,0,11.91872385298484
4,x,2,x,0.8,m1,0,100000,30270,1,2,0,0.3027,3.3036009250086984e-05,0,4.163905986002646
4,x,2,x,0.8,m1,0,100000,30270,1,2,0,0.3027,3.3036009250086984e-05,0,4.163905986002646
4,x,2,x,0.8,m1,0,100000,30270,1,2,0,0.3027,3.3036009250086984e-05,0,4.163905986002646
4,x,2,x,0.8,m1,0,100000,30270,1,2,0,0.3027,3.3036009250086984e-05,0,4.163905986002646
4,x,10,x,1,m1,0,100000,34367,858,1549,0,0.34367,0.024965810224925056,0,10.088474689022405
4,x,10,x,1,m1,0,100000,34367,858,1549,0,0.34367,0.024965810224925056,0,10.088474689022405
4,x,10,x,1,m1,0,100000,34367,858,1549,0,0.34367,0.024965810224925056,0,10.088474689022405
4,x,10,z,1,m1,0,100000,34367,858,1549,0,0.34367,0.024965810224925056,0,10.088474689022405
4,x,12,x,1,m1,0,100000,33718,6385,11792,0,0.33718,0.18936473100421136,0,10.34301636199234
4,x,12,z,1,m1,0,100000,33718,6385,11792,0,0.33718,0.18936473100421136,0,10.34301636199234
4,x,12,x,1,m1,0,100000,33718,6385,11792,0,0.33718,0.18936473100421136,0,10.34301636199234
4,x,12,z,1,m1,0,100000,33718,6385,11792,0,0.33718,0.18936473100421136,0,10.34301636199234
4,x,3,z,0.8,m1,0,100000,66891,2,3,0,0.66891,2.989938855746388e-05,0,3.5764108629955444
4,x,3,x,0.8,m1,0,100000,66891,2,3,0,0.66891,2.989938855746388e-05,0,3.5764108629955444
4,x,3,x,0.8,m1,0,100000,66891,2,3,0,0.66891,2.989938855746388e-05,0,3.5764108629955444
4,x,3,x,0.8,m1,0,100000,66891,2,3,0,0.66891,2.989938855746388e-05,0,3.5764108629955444
4,x,7,z,1,m1,0,100000,62711,2170,3829,0,0.62711,0.03460317966544946,0,15.297861478989944
4,x,7,x,1,m1,0,100000,62711,2170,3829,0,0.62711,0.03460317966544946,0,15.297861478989944
4,x,7,z,1,m1,0,100000,62711,2170,3829,0,0.62711,0.03460317966544946,0,15.297861478989944
4,x,7,x,1,m1,0,100000,62711,2170,3829,0,0.62711,0.03460317966544946,0,15.297861478989944
4,x,14,x,1,m1,0,100000,45255,11920,20171,0,0.45255,0.26339630980002204,0,10.835843827982899
4,x,14,x,1,m1,0,100000,45255,11920,20171,0,0.45255,0.26339630980002204,0,10.835843827982899
4,x,14,z,1,m1,0,100000,45255,11920,20171,0,0.45255,0.26339630980002204,0,10.835843827982899
4,x,14,z,1,m1,0,100000,45255,11920,20171,0,0.45255,0.26339630980002204,0,10.835843827982899
4,x,9,z,0.8,m1,0,100000,100000,15,26,0,1.0,0.00014999999999998348,0,0.8745093539764639
4,x,9,z,0.8,m1,0,100000,100000,15,26,0,1.0,0.00014999999999998348,0,0.8745093539764639
4,x,9,z,0.8,m1,0,100000,100000,15,26,0,1.0,0.00014999999999998348,0,0.8745093539764639
4,x,9,x,0.8,m1,0,100000,100000,15,26,0,1.0,0.00014999999999998348,0,0.8745093539764639
4,x,11,z,1,m1,0,100000,63922,1787,3220,0,0.63922,0.027955946309564772,0,14.496989153994946
4,x,11,x,1,m1,0,100000,63922,1787,3220,0,0.63922,0.027955946309564772,0,14.496989153994946
4,x,11,x,1,m1,0,100000,63922,1787,3220,0,0.63922,0.027955946309564772,0,14.496989153994946
4,x,11,z,1,m1,0,100000,63922,1787,3220,0,0.63922,0.027955946309564772,0,14.496989153994946
4,x,5,z,0.8,m1,0,100000,72176,26,50,0,0.72176,0.00036023054755041084,0,3.0424423840013333
4,x,5,z,0.8,m1,0,100000,72176,26,50,0,0.72176,0.00036023054755041084,0,3.0424423840013333
4,x,5,x,0.8,m1,0,100000,72176,26,50,0,0.72176,0.00036023054755041084,0,3.0424423840013333
4,x,5,x,0.8,m1,0,100000,72176,26,50,0,0.72176,0.00036023054755041084,0,3.0424423840013333
4,x,13,z,1,m1,0,100000,74429,2056,3622,0,0.74429,0.027623641322602754,0,15.840086276992224
4,x,13,z,1,m1,0,100000,74429,2056,3622,0,0.74429,0.027623641322602754,0,15.840086276992224
4,x,13,x,1,m1,0,100000,74429,2056,3622,0,0.74429,0.027623641322602754,0,15.840086276992224
4,x,13,z,1,m1,0,100000,74429,2056,3622,0,0.74429,0.027623641322602754,0,15.840086276992224
4,x,15,z,1,m1,0,100000,54989,10197,16666,0,0.54989,0.18543708741748355,0,15.398024151974823
4,x,15,x,1,m1,0,100000,54989,10197,16666,0,0.54989,0.18543708741748355,0,15.398024151974823
4,x,15,z,1,m1,0,100000,54989,10197,16666,0,0.54989,0.18543708741748355,0,15.398024151974823
4,x,15,z,1,m1,0,100000,54989,10197,16666,0,0.54989,0.18543708741748355,0,15.398024151974823
4,x,4,x,0.8,m1,0,100000,36402,210,403,0,0.36402,0.005768913795945241,0,10.631651203992078
4,x,4,z,0.8,m1,0,100000,36402,210,403,0,0.36402,0.005768913795945241,0,10.631651203992078
4,x,4,x,0.8,m1,0,100000,36402,210,403,0,0.36402,0.005768913795945241,0,10.631651203992078
4,x,4,x,0.8,m1,0,100000,36402,210,403,0,0.36402,0.005768913795945241,0,10.631651203992078
4,x,6,x,0.8,m1,0,100000,41282,414,747,0,0.41282,0.010028583886439568,0,10.704188883013558
4,x,6,x,0.8,m1,0,100000,41282,414,747,0,0.41282,0.010028583886439568,0,10.704188883013558
4,x,6,z,0.8,m1,0,100000,41282,414,747,0,0.41282,0.010028583886439568,0,10.704188883013558
4,x,6,x,0.8,m1,0,100000,41282,414,747,0,0.41282,0.010028583886439568,0,10.704188883013558
4,x,8,x,0.8,m1,0,100000,48536,8467,15906,0,0.48536,0.17444783253667384,0,11.743854148982791
4,x,8,z,0.8,m1,0,100000,48536,8467,15906,0,0.48536,0.17444783253667384,0,11.743854148982791
4,x,8,z,0.8,m1,0,100000,48536,8467,15906,0,0.48536,0.17444783253667384,0,11.743854148982791
4,x,8,x,0.8,m1,0,100000,48536,8467,15906,0,0.48536,0.17444783253667384,0,11.743854148982791
4,x,7,z,0.8,m1,0,100000,68437,1586,2848,0,0.68437,0.023174598535879665,0,12.22776344997692
4,x,7,x,0.8,m1,0,100000,68437,1586,2848,0,0.68437,0.023174598535879665,0,12.22776344997692
4,x,7,z,0.8,m1,0,100000,68437,1586,2848,0,0.68437,0.023174598535879665,0,12.22776344997692
4,x,7,x,0.8,m1,0,100000,68437,1586,2848,0,0.68437,0.023174598535879665,0,12.22776344997692
4,x,10,x,0.8,m1,0,100000,41975,678,1242,0,0.41975,0.016152471709350857,0,11.124651099991752
4,x,10,x,0.8,m1,0,100000,41975,678,1242,0,0.41975,0.016152471709350857,0,11.124651099991752
4,x,10,x,0.8,m1,0,100000,41975,678,1242,0,0.41975,0.016152471709350857,0,11.124651099991752
4,x,10,z,0.8,m1,0,100000,41975,678,1242,0,0.41975,0.016152471709350857,0,11.124651099991752
4,x,2,x,0.5,m1,0,100000,47475,0,0,0,0.47475,0.0,0,4.148447773011867
4,x,2,x,0.5,m1,0,100000,47475,0,0,0,0.47475,0.0,0,4.148447773011867
4,x,2,x,0.5,m1,0,100000,47475,0,0,0,0.47475,0.0,0,4.148447773011867
4,x,2,x,0.5,m1,0,100000,47475,0,0,0,0.47475,0.0,0,4.148447773011867
4,x,3,z,0.5,m1,0,100000,77707,0,1,0,0.77707,0.0,0,2.2369719599955715
4,x,3,x,0.5,m1,0,100000,77707,0,1,0,0.77707,0.0,0,2.2369719599955715
4,x,3,x,0.5,m1,0,100000,77707,0,1,0,0.77707,0.0,0,2.2369719599955715
4,x,3,x,0.5,m1,0,100000,77707,0,1,0,0.77707,0.0,0,2.2369719599955715
4,x,12,x,0.8,m1,0,100000,41926,6498,11952,0,0.41926,0.15498735867957836,0,11.534132670989493
4,x,12,z,0.8,m1,0,100000,41926,6498,11952,0,0.41926,0.15498735867957836,0,11.534132670989493
4,x,12,x,0.8,m1,0,100000,41926,6498,11952,0,0.41926,0.15498735867957836,0,11.534132670989493
4,x,12,z,0.8,m1,0,100000,41926,6498,11952,0,0.41926,0.15498735867957836,0,11.534132670989493
4,x,5,z,0.5,m1,0,100000,81386,4,9,0,0.81386,4.914850219939204e-05,0,2.0161423739918973
4,x,5,z,0.5,m1,0,100000,81386,4,9,0,0.81386,4.914850219939204e-05,0,2.0161423739918973
4,x,5,x,0.5,m1,0,100000,81386,4,9,0,0.81386,4.914850219939204e-05,0,2.0161423739918973
4,x,5,x,0.5,m1,0,100000,81386,4,9,0,0.81386,4.914850219939204e-05,0,2.0161423739918973
4,x,9,z,0.5,m1,0,100000,100000,2,5,0,1.0,2.0000000000020002e-05,0,0.6203473219939042
4,x,9,z,0.5,m1,0,100000,100000,2,5,0,1.0,2.0000000000020002e-05,0,0.6203473219939042
4,x,9,z,0.5,m1,0,100000,100000,2,5,0,1.0,2.0000000000020002e-05,0,0.6203473219939042
4,x,9,x,0.5,m1,0,100000,100000,2,5,0,1.0,2.0000000000020002e-05,0,0.6203473219939042
4,x,13,z,0.8,m1,0,100000,79015,1491,2680,0,0.79015,0.018869834841485744,0,12.78397129298537
4,x,13,z,0.8,m1,0,100000,79015,1491,2680,0,0.79015,0.018869834841485744,0,12.78397129298537
4,x,13,x,0.8,m1,0,100000,79015,1491,2680,0,0.79015,0.018869834841485744,0,12.78397129298537
4,x,13,z,0.8,m1,0,100000,79015,1491,2680,0,0.79015,0.018869834841485744,0,12.78397129298537
4,x,11,z,0.8,m1,0,100000,69894,1362,2496,0,0.69894,0.019486651214696504,0,16.580613474012353
4,x,11,x,0.8,m1,0,100000,69894,1362,2496,0,0.69894,0.019486651214696504,0,16.580613474012353
4,x,11,x,0.8,m1,0,100000,69894,1362,2496,0,0.69894,0.019486651214696504,0,16.580613474012353
4,x,11,z,0.8,m1,0,100000,69894,1362,2496,0,0.69894,0.019486651214696504,0,16.580613474012353
4,x,14,x,0.8,m1,0,100000,53219,11762,20293,0,0.53219,0.22101129295928146,0,12.204064721008763
4,x,14,x,0.8,m1,0,100000,53219,11762,20293,0,0.53219,0.22101129295928146,0,12.204064721008763
4,x,14,z,0.8,m1,0,100000,53219,11762,20293,0,0.53219,0.22101129295928146,0,12.204064721008763
4,x,14,z,0.8,m1,0,100000,53219,11762,20293,0,0.53219,0.22101129295928146,0,12.204064721008763
4,x,15,z,0.8,m1,0,100000,61979,9582,16179,0,0.61979,0.15460075186756805,0,13.928341153019574
4,x,15,x,0.8,m1,0,100000,61979,9582,16179,0,0.61979,0.15460075186756805,0,13.928341153019574
4,x,15,z,0.8,m1,0,100000,61979,9582,16179,0,0.61979,0.15460075186756805,0,13.928341153019574
4,x,15,z,0.8,m1,0,100000,61979,9582,16179,0,0.61979,0.15460075186756805,0,13.928341153019574
4,x,4,x,0.5,m1,0,100000,53001,126,250,0,0.53001,0.0023773136355917934,0,9.941166810021969
4,x,4,z,0.5,m1,0,100000,53001,126,250,0,0.53001,0.0023773136355917934,0,9.941166810021969
4,x,4,x,0.5,m1,0,100000,53001,126,250,0,0.53001,0.0023773136355917934,0,9.941166810021969
4,x,4,x,0.5,m1,0,100000,53001,126,250,0,0.53001,0.0023773136355917934,0,9.941166810021969
4,x,2,x,0.3,m1,0,100000,63901,0,0,0,0.63901,0.0,0,2.296248314989498
4,x,2,x,0.3,m1,0,100000,63901,0,0,0,0.63901,0.0,0,2.296248314989498
4,x,2,x,0.3,m1,0,100000,63901,0,0,0,0.63901,0.0,0,2.296248314989498
4,x,2,x,0.3,m1,0,100000,63901,0,0,0,0.63901,0.0,0,2.296248314989498
4,x,6,x,0.5,m1,0,100000,57348,252,470,0,0.57348,0.00439422473320783,0,12.887902371992823
4,x,6,x,0.5,m1,0,100000,57348,252,470,0,0.57348,0.00439422473320783,0,12.887902371992823
4,x,6,z,0.5,m1,0,100000,57348,252,470,0,0.57348,0.00439422473320783,0,12.887902371992823
4,x,6,x,0.5,m1,0,100000,57348,252,470,0,0.57348,0.00439422473320783,0,12.887902371992823
4,x,7,z,0.5,m1,0,100000,78739,864,1591,0,0.78739,0.010972961302531115,0,12.838672890007729
4,x,7,x,0.5,m1,0,100000,78739,864,1591,0,0.78739,0.010972961302531115,0,12.838672890007729
4,x,7,z,0.5,m1,0,100000,78739,864,1591,0,0.78739,0.010972961302531115,0,12.838672890007729
4,x,7,x,0.5,m1,0,100000,78739,864,1591,0,0.78739,0.010972961302531115,0,12.838672890007729
4,x,8,x,0.5,m1,0,100000,63143,7160,13541,0,0.63143,0.11339340861219771,0,11.928355175012257
4,x,8,z,0.5,m1,0,100000,63143,7160,13541,0,0.63143,0.11339340861219771,0,11.928355175012257
4,x,8,z,0.5,m1,0,100000,63143,7160,13541,0,0.63143,0.11339340861219771,0,11.928355175012257
4,x,8,x,0.5,m1,0,100000,63143,7160,13541,0,0.63143,0.11339340861219771,0,11.928355175012257
4,x,10,x,0.5,m1,0,100000,57367,398,745,0,0.57367,0.006937786532326906,0,11.956175717990845
4,x,10,x,0.5,m1,0,100000,57367,398,745,0,0.57367,0.006937786532326906,0,11.956175717990845
4,x,10,x,0.5,m1,0,100000,57367,398,745,0,0.57367,0.006937786532326906,0,11.956175717990845
4,x,10,z,0.5,m1,0,100000,57367,398,745,0,0.57367,0.006937786532326906,0,11.956175717990845
4,x,3,z,0.3,m1,0,100000,85822,0,0,0,0.85822,0.0,0,1.569894247018965
4,x,3,x,0.3,m1,0,100000,85822,0,0,0,0.85822,0.0,0,1.569894247018965
4,x,3,x,0.3,m1,0,100000,85822,0,0,0,0.85822,0.0,0,1.569894247018965
4,x,3,x,0.3,m1,0,100000,85822,0,0,0,0.85822,0.0,0,1.569894247018965
4,x,12,x,0.5,m1,0,100000,57842,5864,10926,0,0.57842,0.10137962034507797,0,12.233127369021531
4,x,12,z,0.5,m1,0,100000,57842,5864,10926,0,0.57842,0.10137962034507797,0,12.233127369021531
4,x,12,x,0.5,m1,0,100000,57842,5864,10926,0,0.57842,0.10137962034507797,0,12.233127369021531
4,x,12,z,0.5,m1,0,100000,57842,5864,10926,0,0.57842,0.10137962034507797,0,12.233127369021531
4,x,5,z,0.3,m1,0,100000,88454,2,3,0,0.88454,2.2610622470442543e-05,0,2.188323095004307
4,x,5,z,0.3,m1,0,100000,88454,2,3,0,0.88454,2.2610622470442543e-05,0,2.188323095004307
4,x,5,x,0.3,m1,0,100000,88454,2,3,0,0.88454,2.2610622470442543e-05,0,2.188323095004307
4,x,5,x,0.3,m1,0,100000,88454,2,3,0,0.88454,2.2610622470442543e-05,0,2.188323095004307
4,x,11,z,0.5,m1,0,100000,79744,665,1212,0,0.79744,0.008339185393258397,0,14.880074135988252
4,x,11,x,0.5,m1,0,100000,79744,665,1212,0,0.79744,0.008339185393258397,0,14.880074135988252
4,x,11,x,0.5,m1,0,100000,79744,665,1212,0,0.79744,0.008339185393258397,0,14.880074135988252
4,x,11,z,0.5,m1,0,100000,79744,665,1212,0,0.79744,0.008339185393258397,0,14.880074135988252
4,x,14,x,0.5,m1,0,100000,67156,10092,18082,0,0.67156,0.15027696706176663,0,13.30435847400804
4,x,14,x,0.5,m1,0,100000,67156,10092,18082,0,0.67156,0.15027696706176663,0,13.30435847400804
4,x,14,z,0.5,m1,0,100000,67156,10092,18082,0,0.67156,0.15027696706176663,0,13.30435847400804
4,x,14,z,0.5,m1,0,100000,67156,10092,18082,0,0.67156,0.15027696706176663,0,13.30435847400804
4,x,9,z,0.3,m1,0,100000,100000,0,0,0,1.0,0.0,0,1.0371599759964738
4,x,9,z,0.3,m1,0,100000,100000,0,0,0,1.0,0.0,0,1.0371599759964738
4,x,9,z,0.3,m1,0,100000,100000,0,0,0,1.0,0.0,0,1.0371599759964738
4,x,9,x,0.3,m1,0,100000,100000,0,0,0,1.0,0.0,0,1.0371599759964738
4,x,13,z,0.5,m1,0,100000,86298,677,1256,0,0.86298,0.007844909499640784,0,12.81303293100791
4,x,13,z,0.5,m1,0,100000,86298,677,1256,0,0.86298,0.007844909499640784,0,12.81303293100791
4,x,13,x,0.5,m1,0,100000,86298,677,1256,0,0.86298,0.007844909499640784,0,12.81303293100791
4,x,13,z,0.5,m1,0,100000,86298,677,1256,0,0.86298,0.007844909499640784,0,12.81303293100791
4,x,4,x,0.3,m1,0,100000,68390,60,117,0,0.6839,0.0008773212457962032,0,10.598727406992111
4,x,4,z,0.3,m1,0,100000,68390,60,117,0,0.6839,0.0008773212457962032,0,10.598727406992111
4,x,4,x,0.3,m1,0,100000,68390,60,117,0,0.6839,0.0008773212457962032,0,10.598727406992111
4,x,4,x,0.3,m1,0,100000,68390,60,117,0,0.6839,0.0008773212457962032,0,10.598727406992111
4,x,15,z,0.5,m1,0,100000,74527,7693,13730,0,0.74527,0.10322433480483584,0,15.558087601006264
4,x,15,x,0.5,m1,0,100000,74527,7693,13730,0,0.74527,0.10322433480483584,0,15.558087601006264
4,x,15,z,0.5,m1,0,100000,74527,7693,13730,0,0.74527,0.10322433480483584,0,15.558087601006264
4,x,15,z,0.5,m1,0,100000,74527,7693,13730,0,0.74527,0.10322433480483584,0,15.558087601006264
4,x,6,x,0.3,m1,0,100000,71578,178,336,0,0.71578,0.00248679761938031,0,12.860468862985726
4,x,6,x,0.3,m1,0,100000,71578,178,336,0,0.71578,0.00248679761938031,0,12.860468862985726
4,x,6,z,0.3,m1,0,100000,71578,178,336,0,0.71578,0.00248679761938031,0,12.860468862985726
4,x,6,x,0.3,m1,0,100000,71578,178,336,0,0.71578,0.00248679761938031,0,12.860468862985726
4,x,2,x,0.1,m1,0,100000,86253,0,0,0,0.86253,0.0,0,1.487723416998051
4,x,2,x,0.1,m1,0,100000,86253,0,0,0,0.86253,0.0,0,1.487723416998051
4,x,2,x,0.1,m1,0,100000,86253,0,0,0,0.86253,0.0,0,1.487723416998051
4,x,2,x,0.1,m1,0,100000,86253,0,0,0,0.86253,0.0,0,1.487723416998051
4,x,7,z,0.3,m1,0,100000,86716,412,793,0,0.86716,0.0047511416578255306,0,10.368691181996837
4,x,7,x,0.3,m1,0,100000,86716,412,793,0,0.86716,0.0047511416578255306,0,10.368691181996837
4,x,7,z,0.3,m1,0,100000,86716,412,793,0,0.86716,0.0047511416578255306,0,10.368691181996837
4,x,7,x,0.3,m1,0,100000,86716,412,793,0,0.86716,0.0047511416578255306,0,10.368691181996837
4,x,8,x,0.3,m1,0,100000,75808,5292,10027,0,0.75808,0.06980793583790634,0,13.100240635976661
4,x,8,z,0.3,m1,0,100000,75808,5292,10027,0,0.75808,0.06980793583790634,0,13.100240635976661
4,x,8,z,0.3,m1,0,100000,75808,5292,10027,0,0.75808,0.06980793583790634,0,13.100240635976661
4,x,8,x,0.3,m1,0,100000,75808,5292,10027,0,0.75808,0.06980793583790634,0,13.100240635976661
4,x,10,x,0.3,m1,0,100000,71601,188,358,0,0.71601,0.002625661652770228,0,12.619909620989347
4,x,10,x,0.3,m1,0,100000,71601,188,358,0,0.71601,0.002625661652770228,0,12.619909620989347
4,x,10,x,0.3,m1,0,100000,71601,188,358,0,0.71601,0.002625661652770228,0,12.619909620989347
4,x,10,z,0.3,m1,0,100000,71601,188,358,0,0.71601,0.002625661652770228,0,12.619909620989347
4,x,3,z,0.1,m1,0,100000,95036,0,0,0,0.95036,0.0,0,1.901953027001582
4,x,3,x,0.1,m1,0,100000,95036,0,0,0,0.95036,0.0,0,1.901953027001582
4,x,3,x,0.1,m1,0,100000,95036,0,0,0,0.95036,0.0,0,1.901953027001582
4,x,3,x,0.1,m1,0,100000,95036,0,0,0,0.95036,0.0,0,1.901953027001582
4,x,5,z,0.1,m1,0,100000,95990,0,0,0,0.9599,0.0,0,0.7229895800119266
4,x,5,z,0.1,m1,0,100000,95990,0,0,0,0.9599,0.0,0,0.7229895800119266
4,x,5,x,0.1,m1,0,100000,95990,0,0,0,0.9599,0.0,0,0.7229895800119266
4,x,5,x,0.1,m1,0,100000,95990,0,0,0,0.9599,0.0,0,0.7229895800119266
4,x,9,z,0.1,m1,0,100000,100000,0,0,0,1.0,0.0,0,0.2997115270118229
4,x,9,z,0.1,m1,0,100000,100000,0,0,0,1.0,0.0,0,0.2997115270118229
4,x,9,z,0.1,m1,0,100000,100000,0,0,0,1.0,0.0,0,0.2997115270118229
4,x,9,x,0.1,m1,0,100000,100000,0,0,0,1.0,0.0,0,0.2997115270118229
4,x,12,x,0.3,m1,0,100000,71911,4492,8434,0,0.71911,0.062466103934029515,0,13.743283749994589
4,x,12,z,0.3,m1,0,100000,71911,4492,8434,0,0.71911,0.062466103934029515,0,13.743283749994589
4,x,12,x,0.3,m1,0,100000,71911,4492,8434,0,0.71911,0.062466103934029515,0,13.743283749994589
4,x,12,z,0.3,m1,0,100000,71911,4492,8434,0,0.71911,0.062466103934029515,0,13.743283749994589
4,x,13,z,0.3,m1,0,100000,91585,264,501,0,0.91585,0.002882568106130967,0,12.033788374974392
4,x,13,z,0.3,m1,0,100000,91585,264,501,0,0.91585,0.002882568106130967,0,12.033788374974392
4,x,13,x,0.3,m1,0,100000,91585,264,501,0,0.91585,0.002882568106130967,0,12.033788374974392
4,x,13,z,0.3,m1,0,100000,91585,264,501,0,0.91585,0.002882568106130967,0,12.033788374974392
4,x,14,x,0.3,m1,0,100000,78805,7521,13874,0,0.78805,0.09543810671911679,0,13.745289168989984
4,x,14,x,0.3,m1,0,100000,78805,7521,13874,0,0.78805,0.09543810671911679,0,13.745289168989984
4,x,14,z,0.3,m1,0,100000,78805,7521,13874,0,0.78805,0.09543810671911679,0,13.745289168989984
4,x,14,z,0.3,m1,0,100000,78805,7521,13874,0,0.78805,0.09543810671911679,0,13.745289168989984
4,x,11,z,0.3,m1,0,100000,87347,291,566,0,0.87347,0.003331539720883403,0,14.714931536989752
4,x,11,x,0.3,m1,0,100000,87347,291,566,0,0.87347,0.003331539720883403,0,14.714931536989752
4,x,11,x,0.3,m1,0,100000,87347,291,566,0,0.87347,0.003331539720883403,0,14.714931536989752
4,x,11,z,0.3,m1,0,100000,87347,291,566,0,0.87347,0.003331539720883403,0,14.714931536989752
4,x,4,x,0.1,m1,0,100000,88227,16,32,0,0.88227,0.00018135038026911854,0,8.708010907983407
4,x,4,z,0.1,m1,0,100000,88227,16,32,0,0.88227,0.00018135038026911854,0,8.708010907983407
4,x,4,x,0.1,m1,0,100000,88227,16,32,0,0.88227,0.00018135038026911854,0,8.708010907983407
4,x,4,x,0.1,m1,0,100000,88227,16,32,0,0.88227,0.00018135038026911854,0,8.708010907983407
4,x,15,z,0.3,m1,0,100000,83568,5239,9862,0,0.83568,0.06269146084625699,0,15.07494542101631
4,x,15,x,0.3,m1,0,100000,83568,5239,9862,0,0.83568,0.06269146084625699,0,15.07494542101631
4,x,15,z,0.3,m1,0,100000,83568,5239,9862,0,0.83568,0.06269146084625699,0,15.07494542101631
4,x,15,z,0.3,m1,0,100000,83568,5239,9862,0,0.83568,0.06269146084625699,0,15.07494542101631
4,x,7,z,0.1,m1,0,100000,95277,90,177,0,0.95277,0.0009446141251299167,0,9.164250083005754
4,x,7,x,0.1,m1,0,100000,95277,90,177,0,0.95277,0.0009446141251299167,0,9.164250083005754
4,x,7,z,0.1,m1,0,100000,95277,90,177,0,0.95277,0.0009446141251299167,0,9.164250083005754
4,x,7,x,0.1,m1,0,100000,95277,90,177,0,0.95277,0.0009446141251299167,0,9.164250083005754
4,x,6,x,0.1,m1,0,100000,89505,50,99,0,0.89505,0.0005586280096083751,0,14.848985326010734
4,x,6,x,0.1,m1,0,100000,89505,50,99,0,0.89505,0.0005586280096083751,0,14.848985326010734
4,x,6,z,0.1,m1,0,100000,89505,50,99,0,0.89505,0.0005586280096083751,0,14.848985326010734
4,x,6,x,0.1,m1,0,100000,89505,50,99,0,0.89505,0.0005586280096083751,0,14.848985326010734
4,x,8,x,0.1,m1,0,100000,91025,2107,4010,0,0.91025,0.02314748695413349,0,13.726878202985972
4,x,8,z,0.1,m1,0,100000,91025,2107,4010,0,0.91025,0.02314748695413349,0,13.726878202985972
4,x,8,z,0.1,m1,0,100000,91025,2107,4010,0,0.91025,0.02314748695413349,0,13.726878202985972
4,x,8,x,0.1,m1,0,100000,91025,2107,4010,0,0.91025,0.02314748695413349,0,13.726878202985972
4,x,13,z,0.1,m1,0,100000,97102,32,63,0,0.97102,0.000329550369714271,0,8.851671960990643
4,x,13,z,0.1,m1,0,100000,97102,32,63,0,0.97102,0.000329550369714271,0,8.851671960990643
4,x,13,x,0.1,m1,0,100000,97102,32,63,0,0.97102,0.000329550369714271,0,8.851671960990643
4,x,13,z,0.1,m1,0,100000,97102,32,63,0,0.97102,0.000329550369714271,0,8.851671960990643
4,x,12,x,0.1,m1,0,100000,89659,1933,3666,0,0.89659,0.021559464192105637,0,13.711271021020366
4,x,12,z,0.1,m1,0,100000,89659,1933,3666,0,0.89659,0.021559464192105637,0,13.711271021020366
4,x,12,x,0.1,m1,0,100000,89659,1933,3666,0,0.89659,0.021559464192105637,0,13.711271021020366
4,x,12,z,0.1,m1,0,100000,89659,1933,3666,0,0.89659,0.021559464192105637,0,13.711271021020366
4,x,14,x,0.1,m1,0,100000,92376,3093,5882,0,0.92376,0.033482722785138974,0,13.815794605005067
4,x,14,x,0.1,m1,0,100000,92376,3093,5882,0,0.92376,0.033482722785138974,0,13.815794605005067
4,x,14,z,0.1,m1,0,100000,92376,3093,5882,0,0.92376,0.033482722785138974,0,13.815794605005067
4,x,14,z,0.1,m1,0,100000,92376,3093,5882,0,0.92376,0.033482722785138974,0,13.815794605005067
4,x,11,z,0.1,m1,0,100000,95596,50,92,0,0.95596,0.0005230344365872996,0,15.47989018401131
4,x,11,x,0.1,m1,0,100000,95596,50,92,0,0.95596,0.0005230344365872996,0,15.47989018401131
4,x,11,x,0.1,m1,0,100000,95596,50,92,0,0.95596,0.0005230344365872996,0,15.47989018401131
4,x,11,z,0.1,m1,0,100000,95596,50,92,0,0.95596,0.0005230344365872996,0,15.47989018401131
4,x,10,x,0.1,m1,0,100000,89177,36,71,0,0.89177,0.00040369153481278897,0,18.893319680995774
4,x,10,x,0.1,m1,0,100000,89177,36,71,0,0.89177,0.00040369153481278897,0,18.893319680995774
4,x,10,x,0.1,m1,0,100000,89177,36,71,0,0.89177,0.00040369153481278897,0,18.893319680995774
4,x,10,z,0.1,m1,0,100000,89177,36,71,0,0.89177,0.00040369153481278897,0,18.893319680995774
4,x,15,z,0.1,m1,0,100000,94245,2058,4031,0,0.94245,0.021836702212318926,0,15.368684594985098
4,x,15,x,0.1,m1,0,100000,94245,2058,4031,0,0.94245,0.021836702212318926,0,15.368684594985098
4,x,15,z,0.1,m1,0,100000,94245,2058,4031,0,0.94245,0.021836702212318926,0,15.368684594985098
4,x,15,z,0.1,m1,0,100000,94245,2058,4031,0,0.94245,0.021836702212318926,0,15.368684594985098
4,z,3,x,1,normal,0,100000,17240,4940,7351,0,0.1724,0.28654292343387466,0,10.13845332802157
4,z,3,z,1,normal,0,100000,17240,4940,7351,0,0.1724,0.28654292343387466,0,10.13845332802157
4,z,3,x,1,normal,0,100000,17240,4940,7351,0,0.1724,0.28654292343387466,0,10.13845332802157
4,z,3,x,1,normal,0,100000,17240,4940,7351,0,0.1724,0.28654292343387466,0,10.13845332802157
4,z,2,z,1,normal,0,100000,45504,11348,17119,0,0.45504,0.24938466947960614,0,13.734349743026542
4,z,2,x,1,normal,0,100000,45504,11348,17119,0,0.45504,0.24938466947960614,0,13.734349743026542
4,z,2,x,1,normal,0,100000,45504,11348,17119,0,0.45504,0.24938466947960614,0,13.734349743026542
4,z,2,x,1,normal,0,100000,45504,11348,17119,0,0.45504,0.24938466947960614,0,13.734349743026542
4,z,5,x,1,normal,0,100000,23919,5058,9326,0,0.23919,0.21146368995359333,0,9.119679260009434
4,z,5,x,1,normal,0,100000,23919,5058,9326,0,0.23919,0.21146368995359333,0,9.119679260009434
4,z,5,z,1,normal,0,100000,23919,5058,9326,0,0.23919,0.21146368995359333,0,9.119679260009434
4,z,5,x,1,normal,0,100000,23919,5058,9326,0,0.23919,0.21146368995359333,0,9.119679260009434
4,z,7,x,1,normal,0,100000,30859,1043,1826,0,0.30859,0.03379889173336792,0,10.70879922999302
4,z,7,z,1,normal,0,100000,30859,1043,1826,0,0.30859,0.03379889173336792,0,10.70879922999302
4,z,7,z,1,normal,0,100000,30859,1043,1826,0,0.30859,0.03379889173336792,0,10.70879922999302
4,z,7,x,1,normal,0,100000,30859,1043,1826,0,0.30859,0.03379889173336792,0,10.70879922999302
4,z,9,x,1,normal,0,100000,28211,7235,13310,0,0.28211,0.25646024600333206,0,9.557149220985593
4,z,9,x,1,normal,0,100000,28211,7235,13310,0,0.28211,0.25646024600333206,0,9.557149220985593
4,z,9,x,1,normal,0,100000,28211,7235,13310,0,0.28211,0.25646024600333206,0,9.557149220985593
4,z,9,z,1,normal,0,100000,28211,7235,13310,0,0.28211,0.25646024600333206,0,9.557149220985593
4,z,4,z,1,normal,0,100000,40457,3345,5208,0,0.40457,0.0826803766962454,0,15.469841051992262
4,z,4,z,1,normal,0,100000,40457,3345,5208,0,0.40457,0.0826803766962454,0,15.469841051992262
4,z,4,x,1,normal,0,100000,40457,3345,5208,0,0.40457,0.0826803766962454,0,15.469841051992262
4,z,4,x,1,normal,0,100000,40457,3345,5208,0,0.40457,0.0826803766962454,0,15.469841051992262
4,z,11,x,1,normal,0,100000,23071,646,1193,0,0.23071,0.02800052013350096,0,9.271624716988299
4,z,11,z,1,normal,0,100000,23071,646,1193,0,0.23071,0.02800052013350096,0,9.271624716988299
4,z,11,x,1,normal,0,100000,23071,646,1193,0,0.23071,0.02800052013350096,0,9.271624716988299
4,z,11,z,1,normal,0,100000,23071,646,1193,0,0.23071,0.02800052013350096,0,9.271624716988299
4,z,6,z,1,normal,0,100000,51510,1148,2063,0,0.5151,0.022286934575810546,0,14.023132927017286
4,z,6,x,1,normal,0,100000,51510,1148,2063,0,0.5151,0.022286934575810546,0,14.023132927017286
4,z,6,z,1,normal,0,100000,51510,1148,2063,0,0.5151,0.022286934575810546,0,14.023132927017286
4,z,6,x,1,normal,0,100000,51510,1148,2063,0,0.5151,0.022286934575810546,0,14.023132927017286
4,z,8,z,1,normal,0,100000,100000,480,829,0,1.0,0.0048000000000000265,0,14.660693212004844
4,z,8,z,1,normal,0,100000,100000,480,829,0,1.0,0.0048000000000000265,0,14.660693212004844
4,z,8,z,1,normal,0,100000,100000,480,829,0,1.0,0.0048000000000000265,0,14.660693212004844
4,z,8,x,1,normal,0,100000,100000,480,829,0,1.0,0.0048000000000000265,0,14.660693212004844
4,z,13,x,1,normal,0,100000,30217,351,682,0,0.30217,0.011615977760863094,0,12.32315407000715
4,z,13,x,1,normal,0,100000,30217,351,682,0,0.30217,0.011615977760863094,0,12.32315407000715
4,z,13,z,1,normal,0,100000,30217,351,682,0,0.30217,0.011615977760863094,0,12.32315407000715
4,z,13,z,1,normal,0,100000,30217,351,682,0,0.30217,0.011615977760863094,0,12.32315407000715
4,z,14,z,1,normal,0,100000,57379,6,8,0,0.57379,0.00010456787326373895,0,12.478658523003105
4,z,14,x,1,normal,0,100000,57379,6,8,0,0.57379,0.00010456787326373895,0,12.478658523003105
4,z,14,z,1,normal,0,100000,57379,6,8,0,0.57379,0.00010456787326373895,0,12.478658523003105
4,z,14,z,1,normal,0,100000,57379,6,8,0,0.57379,0.00010456787326373895,0,12.478658523003105
4,z,10,z,1,normal,0,100000,56946,2254,3984,0,0.56946,0.03958135777754368,0,16.586480982979992
4,z,10,x,1,normal,0,100000,56946,2254,3984,0,0.56946,0.03958135777754368,0,16.586480982979992
4,z,10,x,1,normal,0,100000,56946,2254,3984,0,0.56946,0.03958135777754368,0,16.586480982979992
4,z,10,z,1,normal,0,100000,56946,2254,3984,0,0.56946,0.03958135777754368,0,16.586480982979992
4,z,15,x,1,normal,0,100000,30953,2,4,0,0.30953,6.461409233349258e-05,0,9.558676023007138
4,z,15,z,1,normal,0,100000,30953,2,4,0,0.30953,6.461409233349258e-05,0,9.558676023007138
4,z,15,z,1,normal,0,100000,30953,2,4,0,0.30953,6.461409233349258e-05,0,9.558676023007138
4,z,15,z,1,normal,0,100000,30953,2,4,0,0.30953,6.461409233349258e-05,0,9.558676023007138
4,z,12,z,1,normal,0,100000,27713,1768,2455,0,0.27713,0.0637967740771479,0,14.639387456001714
4,z,12,z,1,normal,0,100000,27713,1768,2455,0,0.27713,0.0637967740771479,0,14.639387456001714
4,z,12,x,1,normal,0,100000,27713,1768,2455,0,0.27713,0.0637967740771479,0,14.639387456001714
4,z,12,z,1,normal,0,100000,27713,1768,2455,0,0.27713,0.0637967740771479,0,14.639387456001714
4,z,3,x,0.8,normal,0,100000,24528,6065,9064,0,0.24528,0.24726842791911285,0,10.259214587975293
4,z,3,z,0.8,normal,0,100000,24528,6065,9064,0,0.24528,0.24726842791911285,0,10.259214587975293
4,z,3,x,0.8,normal,0,100000,24528,6065,9064,0,0.24528,0.24726842791911285,0,10.259214587975293
4,z,3,x,0.8,normal,0,100000,24528,6065,9064,0,0.24528,0.24726842791911285,0,10.259214587975293
4,z,5,x,0.8,normal,0,100000,31742,5447,10158,0,0.31742,0.17160229349127343,0,10.865804079978261
4,z,5,x,0.8,normal,0,100000,31742,5447,10158,0,0.31742,0.17160229349127343,0,10.865804079978261
4,z,5,z,0.8,normal,0,100000,31742,5447,10158,0,0.31742,0.17160229349127343,0,10.865804079978261
4,z,5,x,0.8,normal,0,100000,31742,5447,10158,0,0.31742,0.17160229349127343,0,10.865804079978261
4,z,2,z,0.8,normal,0,100000,53051,11233,17634,0,0.53051,0.21173964675500934,0,14.965558586991392
4,z,2,x,0.8,normal,0,100000,53051,11233,17634,0,0.53051,0.21173964675500934,0,14.965558586991392
4,z,2,x,0.8,normal,0,100000,53051,11233,17634,0,0.53051,0.21173964675500934,0,14.965558586991392
4,z,2,x,0.8,normal,0,100000,53051,11233,17634,0,0.53051,0.21173964675500934,0,14.965558586991392
4,z,7,x,0.8,normal,0,100000,38726,895,1604,0,0.38726,0.02311108815782681,0,10.566575590986758
4,z,7,z,0.8,normal,0,100000,38726,895,1604,0,0.38726,0.02311108815782681,0,10.566575590986758
4,z,7,z,0.8,normal,0,100000,38726,895,1604,0,0.38726,0.02311108815782681,0,10.566575590986758
4,z,7,x,0.8,normal,0,100000,38726,895,1604,0,0.38726,0.02311108815782681,0,10.566575590986758
4,z,4,z,0.8,normal,0,100000,46818,2714,4403,0,0.46818,0.05796915716177542,0,13.703782927012071
4,z,4,z,0.8,normal,0,100000,46818,2714,4403,0,0.46818,0.05796915716177542,0,13.703782927012071
4,z,4,x,0.8,normal,0,100000,46818,2714,4403,0,0.46818,0.05796915716177542,0,13.703782927012071
4,z,4,x,0.8,normal,0,100000,46818,2714,4403,0,0.46818,0.05796915716177542,0,13.703782927012071
4,z,9,x,0.8,normal,0,100000,36020,7562,14121,0,0.3602,0.20993892282065518,0,12.76519166000071
4,z,9,x,0.8,normal,0,100000,36020,7562,14121,0,0.3602,0.20993892282065518,0,12.76519166000071
4,z,9,x,0.8,normal,0,100000,36020,7562,14121,0,0.3602,0.20993892282065518,0,12.76519166000071
4,z,9,z,0.8,normal,0,100000,36020,7562,14121,0,0.3602,0.20993892282065518,0,12.76519166000071
4,z,11,x,0.8,normal,0,100000,30703,560,1051,0,0.30703,0.01823926000716547,0,11.18596727901604
4,z,11,z,0.8,normal,0,100000,30703,560,1051,0,0.30703,0.01823926000716547,0,11.18596727901604
4,z,11,x,0.8,normal,0,100000,30703,560,1051,0,0.30703,0.01823926000716547,0,11.18596727901604
4,z,11,z,0.8,normal,0,100000,30703,560,1051,0,0.30703,0.01823926000716547,0,11.18596727901604
4,z,6,z,0.8,normal,0,100000,58770,898,1623,0,0.5877,0.015279904713289105,0,14.759255626995582
4,z,6,x,0.8,normal,0,100000,58770,898,1623,0,0.5877,0.015279904713289105,0,14.759255626995582
4,z,6,z,0.8,normal,0,100000,58770,898,1623,0,0.5877,0.015279904713289105,0,14.759255626995582
4,z,6,x,0.8,normal,0,100000,58770,898,1623,0,0.5877,0.015279904713289105,0,14.759255626995582
4,z,10,z,0.8,normal,0,100000,63688,1700,3017,0,0.63688,0.026692626554452925,0,14.360163249017205
4,z,10,x,0.8,normal,0,100000,63688,1700,3017,0,0.63688,0.026692626554452925,0,14.360163249017205
4,z,10,x,0.8,normal,0,100000,63688,1700,3017,0,0.63688,0.026692626554452925,0,14.360163249017205
4,z,10,z,0.8,normal,0,100000,63688,1700,3017,0,0.63688,0.026692626554452925,0,14.360163249017205
4,z,8,z,0.8,normal,0,100000,100000,228,393,0,1.0,0.0022799999999999487,0,17.30518938100431
4,z,8,z,0.8,normal,0,100000,100000,228,393,0,1.0,0.0022799999999999487,0,17.30518938100431
4,z,8,z,0.8,normal,0,100000,100000,228,393,0,1.0,0.0022799999999999487,0,17.30518938100431
4,z,8,x,0.8,normal,0,100000,100000,228,393,0,1.0,0.0022799999999999487,0,17.30518938100431
4,z,13,x,0.8,normal,0,100000,38504,274,525,0,0.38504,0.007116143777269879,0,10.660409525997238
4,z,13,x,0.8,normal,0,100000,38504,274,525,0,0.38504,0.007116143777269879,0,10.660409525997238
4,z,13,z,0.8,normal,0,100000,38504,274,525,0,0.38504,0.007116143777269879,0,10.660409525997238
4,z,13,z,0.8,normal,0,100000,38504,274,525,0,0.38504,0.007116143777269879,0,10.660409525997238
4,z,14,z,0.8,normal,0,100000,64242,2,3,0,0.64242,3.1132281062218325e-05,0,12.278622803016333
4,z,14,x,0.8,normal,0,100000,64242,2,3,0,0.64242,3.1132281062218325e-05,0,12.278622803016333
4,z,14,z,0.8,normal,0,100000,64242,2,3,0,0.64242,3.1132281062218325e-05,0,12.278622803016333
4,z,14,z,0.8,normal,0,100000,64242,2,3,0,0.64242,3.1132281062218325e-05,0,12.278622803016333
4,z,15,x,0.8,normal,0,100000,39177,0,0,0,0.39177,0.0,0,10.321952188009163
4,z,15,z,0.8,normal,0,100000,39177,0,0,0,0.39177,0.0,0,10.321952188009163
4,z,15,z,0.8,normal,0,100000,39177,0,0,0,0.39177,0.0,0,10.321952188009163
4,z,15,z,0.8,normal,0,100000,39177,0,0,0,0.39177,0.0,0,10.321952188009163
4,z,12,z,0.8,normal,0,100000,31394,1057,1562,0,0.31394,0.03366885392113139,0,13.971595671988325
4,z,12,z,0.8,normal,0,100000,31394,1057,1562,0,0.31394,0.03366885392113139,0,13.971595671988325
4,z,12,x,0.8,normal,0,100000,31394,1057,1562,0,0.31394,0.03366885392113139,0,13.971595671988325
4,z,12,z,0.8,normal,0,100000,31394,1057,1562,0,0.31394,0.03366885392113139,0,13.971595671988325
4,z,3,x,0.5,normal,0,100000,41329,6818,10583,0,0.41329,0.16496890803068065,0,10.543459089007229
4,z,3,z,0.5,normal,0,100000,41329,6818,10583,0,0.41329,0.16496890803068065,0,10.543459089007229
4,z,3,x,0.5,normal,0,100000,41329,6818,10583,0,0.41329,0.16496890803068065,0,10.543459089007229
4,z,3,x,0.5,normal,0,100000,41329,6818,10583,0,0.41329,0.16496890803068065,0,10.543459089007229
4,z,2,z,0.5,normal,0,100000,67489,9592,16245,0,0.67489,0.14212686511876005,0,14.729007410991471
4,z,2,x,0.5,normal,0,100000,67489,9592,16245,0,0.67489,0.14212686511876005,0,14.729007410991471
4,z,2,x,0.5,normal,0,100000,67489,9592,16245,0,0.67489,0.14212686511876005,0,14.729007410991471
4,z,2,x,0.5,normal,0,100000,67489,9592,16245,0,0.67489,0.14212686511876005,0,14.729007410991471
4,z,5,x,0.5,normal,0,100000,48760,5571,10444,0,0.4876,0.11425348646431499,0,12.524479059997248
4,z,5,x,0.5,normal,0,100000,48760,5571,10444,0,0.4876,0.11425348646431499,0,12.524479059997248
4,z,5,z,0.5,normal,0,100000,48760,5571,10444,0,0.4876,0.11425348646431499,0,12.524479059997248
4,z,5,x,0.5,normal,0,100000,48760,5571,10444,0,0.4876,0.11425348646431499,0,12.524479059997248
4,z,7,x,0.5,normal,0,100000,54346,581,1062,0,0.54346,0.01069075920950946,0,11.473998772009509
4,z,7,z,0.5,normal,0,100000,54346,581,1062,0,0.54346,0.01069075920950946,0,11.473998772009509
4,z,7,z,0.5,normal,0,100000,54346,581,1062,0,0.54346,0.01069075920950946,0,11.473998772009509
4,z,7,x,0.5,normal,0,100000,54346,581,1062,0,0.54346,0.01069075920950946,0,11.473998772009509
4,z,8,z,0.5,normal,0,100000,100000,38,72,0,1.0,0.00038000000000004697,0,12.522569370019482
4,z,8,z,0.5,normal,0,100000,100000,38,72,0,1.0,0.00038000000000004697,0,12.522569370019482
4,z,8,z,0.5,normal,0,100000,100000,38,72,0,1.0,0.00038000000000004697,0,12.522569370019482
4,z,8,x,0.5,normal,0,100000,100000,38,72,0,1.0,0.00038000000000004697,0,12.522569370019482
4,z,4,z,0.5,normal,0,100000,60414,1511,2696,0,0.60414,0.02501075909557382,0,14.6402281599876
4,z,4,z,0.5,normal,0,100000,60414,1511,2696,0,0.60414,0.02501075909557382,0,14.6402281599876
4,z,4,x,0.5,normal,0,100000,60414,1511,2696,0,0.60414,0.02501075909557382,0,14.6402281599876
4,z,4,x,0.5,normal,0,100000,60414,1511,2696,0,0.60414,0.02501075909557382,0,14.6402281599876
4,z,11,x,0.5,normal,0,100000,47526,338,658,0,0.47526,0.0071118966460463895,0,11.33954480898683
4,z,11,z,0.5,normal,0,100000,47526,338,658,0,0.47526,0.0071118966460463895,0,11.33954480898683
4,z,11,x,0.5,normal,0,100000,47526,338,658,0,0.47526,0.0071118966460463895,0,11.33954480898683
4,z,11,z,0.5,normal,0,100000,47526,338,658,0,0.47526,0.0071118966460463895,0,11.33954480898683
4,z,9,x,0.5,normal,0,100000,52348,7291,13652,0,0.52348,0.13927943760984185,0,14.41494678601157
4,z,9,x,0.5,normal,0,100000,52348,7291,13652,0,0.52348,0.13927943760984185,0,14.41494678601157
4,z,9,x,0.5,normal,0,100000,52348,7291,13652,0,0.52348,0.13927943760984185,0,14.41494678601157
4,z,9,z,0.5,normal,0,100000,52348,7291,13652,0,0.52348,0.13927943760984185,0,14.41494678601157
4,z,10,z,0.5,normal,0,100000,75307,876,1617,0,0.75307,0.011632384771667947,0,15.407945911982097
4,z,10,x,0.5,normal,0,100000,75307,876,1617,0,0.75307,0.011632384771667947,0,15.407945911982097
4,z,10,x,0.5,normal,0,100000,75307,876,1617,0,0.75307,0.011632384771667947,0,15.407945911982097
4,z,10,z,0.5,normal,0,100000,75307,876,1617,0,0.75307,0.011632384771667947,0,15.407945911982097
4,z,6,z,0.5,normal,0,100000,70996,544,1007,0,0.70996,0.00766240351569103,0,18.227940562996082
4,z,6,x,0.5,normal,0,100000,70996,544,1007,0,0.70996,0.00766240351569103,0,18.227940562996082
4,z,6,z,0.5,normal,0,100000,70996,544,1007,0,0.70996,0.00766240351569103,0,18.227940562996082
4,z,6,x,0.5,normal,0,100000,70996,544,1007,0,0.70996,0.00766240351569103,0,18.227940562996082
4,z,13,x,0.5,normal,0,100000,55109,144,285,0,0.55109,0.002613003320691698,0,13.722743757010903
4,z,13,x,0.5,normal,0,100000,55109,144,285,0,0.55109,0.002613003320691698,0,13.722743757010903
4,z,13,z,0.5,normal,0,100000,55109,144,285,0,0.55109,0.002613003320691698,0,13.722743757010903
4,z,13,z,0.5,normal,0,100000,55109,144,285,0,0.55109,0.002613003320691698,0,13.722743757010903
4,z,15,x,0.5,normal,0,100000,55978,1,2,0,0.55978,1.786416092031118e-05,0,9.921686763002072
4,z,15,z,0.5,normal,0,100000,55978,1,2,0,0.55978,1.786416092031118e-05,0,9.921686763002072
4,z,15,z,0.5,normal,0,100000,55978,1,2,0,0.55978,1.786416092031118e-05,0,9.921686763002072
4,z,15,z,0.5,normal,0,100000,55978,1,2,0,0.55978,1.786416092031118e-05,0,9.921686763002072
4,z,12,z,0.5,normal,0,100000,43662,288,480,0,0.43662,0.00659612477669369,0,13.07809101897874
4,z,12,z,0.5,normal,0,100000,43662,288,480,0,0.43662,0.00659612477669369,0,13.07809101897874
4,z,12,x,0.5,normal,0,100000,43662,288,480,0,0.43662,0.00659612477669369,0,13.07809101897874
4,z,12,z,0.5,normal,0,100000,43662,288,480,0,0.43662,0.00659612477669369,0,13.07809101897874
4,z,14,z,0.5,normal,0,100000,75970,1,2,0,0.7597,1.3163090693657509e-05,0,11.485113141010515
4,z,14,x,0.5,normal,0,100000,75970,1,2,0,0.7597,1.3163090693657509e-05,0,11.485113141010515
4,z,14,z,0.5,normal,0,100000,75970,1,2,0,0.7597,1.3163090693657509e-05,0,11.485113141010515
4,z,14,z,0.5,normal,0,100000,75970,1,2,0,0.7597,1.3163090693657509e-05,0,11.485113141010515
4,z,3,x,0.3,normal,0,100000,58465,6179,9714,0,0.58465,0.1056871632600701,0,12.78843469399726
4,z,3,z,0.3,normal,0,100000,58465,6179,9714,0,0.58465,0.1056871632600701,0,12.78843469399726
4,z,3,x,0.3,normal,0,100000,58465,6179,9714,0,0.58465,0.1056871632600701,0,12.78843469399726
4,z,3,x,0.3,normal,0,100000,58465,6179,9714,0,0.58465,0.1056871632600701,0,12.78843469399726
4,z,2,z,0.3,normal,0,100000,79054,6997,12684,0,0.79054,0.08850912034811653,0,14.89334347701515
4,z,2,x,0.3,normal,0,100000,79054,6997,12684,0,0.79054,0.08850912034811653,0,14.89334347701515
4,z,2,x,0.3,normal,0,100000,79054,6997,12684,0,0.79054,0.08850912034811653,0,14.89334347701515
4,z,2,x,0.3,normal,0,100000,79054,6997,12684,0,0.79054,0.08850912034811653,0,14.89334347701515
4,z,5,x,0.3,normal,0,100000,64878,4628,8732,0,0.64878,0.07133388822096853,0,12.266773688985268
4,z,5,x,0.3,normal,0,100000,64878,4628,8732,0,0.64878,0.07133388822096853,0,12.266773688985268
4,z,5,z,0.3,normal,0,100000,64878,4628,8732,0,0.64878,0.07133388822096853,0,12.266773688985268
4,z,5,x,0.3,normal,0,100000,64878,4628,8732,0,0.64878,0.07133388822096853,0,12.266773688985268
4,z,8,z,0.3,normal,0,100000,100000,4,9,0,1.0,4.0000000000040004e-05,0,11.172062183002708
4,z,8,z,0.3,normal,0,100000,100000,4,9,0,1.0,4.0000000000040004e-05,0,11.172062183002708
4,z,8,z,0.3,normal,0,100000,100000,4,9,0,1.0,4.0000000000040004e-05,0,11.172062183002708
4,z,8,x,0.3,normal,0,100000,100000,4,9,0,1.0,4.0000000000040004e-05,0,11.172062183002708
4,z,4,z,0.3,normal,0,100000,72961,694,1265,0,0.72961,0.009511931031647047,0,16.182565194001654
4,z,4,z,0.3,normal,0,100000,72961,694,1265,0,0.72961,0.009511931031647047,0,16.182565194001654
4,z,4,x,0.3,normal,0,100000,72961,694,1265,0,0.72961,0.009511931031647047,0,16.182565194001654
4,z,4,x,0.3,normal,0,100000,72961,694,1265,0,0.72961,0.009511931031647047,0,16.182565194001654
4,z,7,x,0.3,normal,0,100000,69066,302,565,0,0.69066,0.004372629079431256,0,14.636744308983907
4,z,7,z,0.3,normal,0,100000,69066,302,565,0,0.69066,0.004372629079431256,0,14.636744308983907
4,z,7,z,0.3,normal,0,100000,69066,302,565,0,0.69066,0.004372629079431256,0,14.636744308983907
4,z,7,x,0.3,normal,0,100000,69066,302,565,0,0.69066,0.004372629079431256,0,14.636744308983907
4,z,9,x,0.3,normal,0,100000,67664,5796,10947,0,0.67664,0.08565854812012297,0,13.667550584999844
4,z,9,x,0.3,normal,0,100000,67664,5796,10947,0,0.67664,0.08565854812012297,0,13.667550584999844
4,z,9,x,0.3,normal,0,100000,67664,5796,10947,0,0.67664,0.08565854812012297,0,13.667550584999844
4,z,9,z,0.3,normal,0,100000,67664,5796,10947,0,0.67664,0.08565854812012297,0,13.667550584999844
4,z,6,z,0.3,normal,0,100000,81210,264,499,0,0.8121,0.0032508311784262833,0,15.090903072996298
4,z,6,x,0.3,normal,0,100000,81210,264,499,0,0.8121,0.0032508311784262833,0,15.090903072996298
4,z,6,z,0.3,normal,0,100000,81210,264,499,0,0.8121,0.0032508311784262833,0,15.090903072996298
4,z,6,x,0.3,normal,0,100000,81210,264,499,0,0.8121,0.0032508311784262833,0,15.090903072996298
4,z,11,x,0.3,normal,0,100000,63936,210,412,0,0.63936,0.003284534534534589,0,14.269011188007426
4,z,11,z,0.3,normal,0,100000,63936,210,412,0,0.63936,0.003284534534534589,0,14.269011188007426
4,z,11,x,0.3,normal,0,100000,63936,210,412,0,0.63936,0.003284534534534589,0,14.269011188007426
4,z,11,z,0.3,normal,0,100000,63936,210,412,0,0.63936,0.003284534534534589,0,14.269011188007426
4,z,10,z,0.3,normal,0,100000,84252,437,836,0,0.84252,0.005186820490908239,0,17.73649745399598
4,z,10,x,0.3,normal,0,100000,84252,437,836,0,0.84252,0.005186820490908239,0,17.73649745399598
4,z,10,x,0.3,normal,0,100000,84252,437,836,0,0.84252,0.005186820490908239,0,17.73649745399598
4,z,10,z,0.3,normal,0,100000,84252,437,836,0,0.84252,0.005186820490908239,0,17.73649745399598
4,z,13,x,0.3,normal,0,100000,69978,78,155,0,0.69978,0.001114636028466065,0,13.21635362599045
4,z,13,x,0.3,normal,0,100000,69978,78,155,0,0.69978,0.001114636028466065,0,13.21635362599045
4,z,13,z,0.3,normal,0,100000,69978,78,155,0,0.69978,0.001114636028466065,0,13.21635362599045
4,z,13,z,0.3,normal,0,100000,69978,78,155,0,0.69978,0.001114636028466065,0,13.21635362599045
4,z,14,z,0.3,normal,0,100000,84704,0,0,0,0.84704,0.0,0,12.809138930024346
4,z,14,x,0.3,normal,0,100000,84704,0,0,0,0.84704,0.0,0,12.809138930024346
4,z,14,z,0.3,normal,0,100000,84704,0,0,0,0.84704,0.0,0,12.809138930024346
4,z,14,z,0.3,normal,0,100000,84704,0,0,0,0.84704,0.0,0,12.809138930024346
4,z,12,z,0.3,normal,0,100000,59046,68,121,0,0.59046,0.0011516444805744763,0,13.405089220002992
4,z,12,z,0.3,normal,0,100000,59046,68,121,0,0.59046,0.0011516444805744763,0,13.405089220002992
4,z,12,x,0.3,normal,0,100000,59046,68,121,0,0.59046,0.0011516444805744763,0,13.405089220002992
4,z,12,z,0.3,normal,0,100000,59046,68,121,0,0.59046,0.0011516444805744763,0,13.405089220002992
4,z,15,x,0.3,normal,0,100000,70464,0,0,0,0.70464,0.0,0,9.4517991419998
4,z,15,z,0.3,normal,0,100000,70464,0,0,0,0.70464,0.0,0,9.4517991419998
4,z,15,z,0.3,normal,0,100000,70464,0,0,0,0.70464,0.0,0,9.4517991419998
4,z,15,z,0.3,normal,0,100000,70464,0,0,0,0.70464,0.0,0,9.4517991419998
4,z,2,z,0.1,normal,0,100000,92480,2900,5598,0,0.9248,0.03135813148788924,0,16.53016528498847
4,z,2,x,0.1,normal,0,100000,92480,2900,5598,0,0.9248,0.03135813148788924,0,16.53016528498847
4,z,2,x,0.1,normal,0,100000,92480,2900,5598,0,0.9248,0.03135813148788924,0,16.53016528498847
4,z,2,x,0.1,normal,0,100000,92480,2900,5598,0,0.9248,0.03135813148788924,0,16.53016528498847
4,z,3,x,0.1,normal,0,100000,83655,3065,4966,0,0.83655,0.03663857510011359,0,14.355598093010485
4,z,3,z,0.1,normal,0,100000,83655,3065,4966,0,0.83655,0.03663857510011359,0,14.355598093010485
4,z,3,x,0.1,normal,0,100000,83655,3065,4966,0,0.83655,0.03663857510011359,0,14.355598093010485
4,z,3,x,0.1,normal,0,100000,83655,3065,4966,0,0.83655,0.03663857510011359,0,14.355598093010485
4,z,4,z,0.1,normal,0,100000,89683,111,216,0,0.89683,0.0012376927622849143,0,15.24300221199519
4,z,4,z,0.1,normal,0,100000,89683,111,216,0,0.89683,0.0012376927622849143,0,15.24300221199519
4,z,4,x,0.1,normal,0,100000,89683,111,216,0,0.89683,0.0012376927622849143,0,15.24300221199519
4,z,4,x,0.1,normal,0,100000,89683,111,216,0,0.89683,0.0012376927622849143,0,15.24300221199519
4,z,5,x,0.1,normal,0,100000,86516,2102,4005,0,0.86516,0.02429608396134819,0,16.03200458001811
4,z,5,x,0.1,normal,0,100000,86516,2102,4005,0,0.86516,0.02429608396134819,0,16.03200458001811
4,z,5,z,0.1,normal,0,100000,86516,2102,4005,0,0.86516,0.02429608396134819,0,16.03200458001811
4,z,5,x,0.1,normal,0,100000,86516,2102,4005,0,0.86516,0.02429608396134819,0,16.03200458001811
4,z,7,x,0.1,normal,0,100000,88181,77,152,0,0.88181,0.0008732039781812473,0,13.926237695995951
4,z,7,z,0.1,normal,0,100000,88181,77,152,0,0.88181,0.0008732039781812473,0,13.926237695995951
4,z,7,z,0.1,normal,0,100000,88181,77,152,0,0.88181,0.0008732039781812473,0,13.926237695995951
4,z,7,x,0.1,normal,0,100000,88181,77,152,0,0.88181,0.0008732039781812473,0,13.926237695995951
4,z,8,z,0.1,normal,0,100000,100000,0,0,0,1.0,0.0,0,13.329412352992222
4,z,8,z,0.1,normal,0,100000,100000,0,0,0,1.0,0.0,0,13.329412352992222
4,z,8,z,0.1,normal,0,100000,100000,0,0,0,1.0,0.0,0,13.329412352992222
4,z,8,x,0.1,normal,0,100000,100000,0,0,0,1.0,0.0,0,13.329412352992222
4,z,6,z,0.1,normal,0,100000,93325,51,100,0,0.93325,0.0005464773640503351,0,15.630965927004581
4,z,6,x,0.1,normal,0,100000,93325,51,100,0,0.93325,0.0005464773640503351,0,15.630965927004581
4,z,6,z,0.1,normal,0,100000,93325,51,100,0,0.93325,0.0005464773640503351,0,15.630965927004581
4,z,6,x,0.1,normal,0,100000,93325,51,100,0,0.93325,0.0005464773640503351,0,15.630965927004581
4,z,11,x,0.1,normal,0,100000,86017,58,113,0,0.86017,0.000674285315693357,0,13.655950451007811
4,z,11,z,0.1,normal,0,100000,86017,58,113,0,0.86017,0.000674285315693357,0,13.655950451007811
4,z,11,x,0.1,normal,0,100000,86017,58,113,0,0.86017,0.000674285315693357,0,13.655950451007811
4,z,11,z,0.1,normal,0,100000,86017,58,113,0,0.86017,0.000674285315693357,0,13.655950451007811
4,z,10,z,0.1,normal,0,100000,94401,90,177,0,0.94401,0.0009533797311469527,0,15.422841581021203
4,z,10,x,0.1,normal,0,100000,94401,90,177,0,0.94401,0.0009533797311469527,0,15.422841581021203
4,z,10,x,0.1,normal,0,100000,94401,90,177,0,0.94401,0.0009533797311469527,0,15.422841581021203
4,z,10,z,0.1,normal,0,100000,94401,90,177,0,0.94401,0.0009533797311469527,0,15.422841581021203
4,z,9,x,0.1,normal,0,100000,87656,2590,4902,0,0.87656,0.029547321347084043,0,15.38913307900657
4,z,9,x,0.1,normal,0,100000,87656,2590,4902,0,0.87656,0.029547321347084043,0,15.38913307900657
4,z,9,x,0.1,normal,0,100000,87656,2590,4902,0,0.87656,0.029547321347084043,0,15.38913307900657
4,z,9,z,0.1,normal,0,100000,87656,2590,4902,0,0.87656,0.029547321347084043,0,15.38913307900657
4,z,14,z,0.1,normal,0,100000,94646,0,0,0,0.94646,0.0,0,9.505601507989923
4,z,14,x,0.1,normal,0,100000,94646,0,0,0,0.94646,0.0,0,9.505601507989923
4,z,14,z,0.1,normal,0,100000,94646,0,0,0,0.94646,0.0,0,9.505601507989923
4,z,14,z,0.1,normal,0,100000,94646,0,0,0,0.94646,0.0,0,9.505601507989923
4,z,15,x,0.1,normal,0,100000,88830,0,0,0,0.8883,0.0,0,9.103269212995656
4,z,15,z,0.1,normal,0,100000,88830,0,0,0,0.8883,0.0,0,9.103269212995656
4,z,15,z,0.1,normal,0,100000,88830,0,0,0,0.8883,0.0,0,9.103269212995656
4,z,15,z,0.1,normal,0,100000,88830,0,0,0,0.8883,0.0,0,9.103269212995656
4,z,12,z,0.1,normal,0,100000,83499,2,3,0,0.83499,2.39523826632837e-05,0,11.473751719022403
4,z,12,z,0.1,normal,0,100000,83499,2,3,0,0.83499,2.39523826632837e-05,0,11.473751719022403
4,z,12,x,0.1,normal,0,100000,83499,2,3,0,0.83499,2.39523826632837e-05,0,11.473751719022403
4,z,12,z,0.1,normal,0,100000,83499,2,3,0,0.83499,2.39523826632837e-05,0,11.473751719022403
4,z,13,x,0.1,normal,0,100000,88683,12,24,0,0.88683,0.00013531341970840494,0,14.258709802001249
4,z,13,x,0.1,normal,0,100000,88683,12,24,0,0.88683,0.00013531341970840494,0,14.258709802001249
4,z,13,z,0.1,normal,0,100000,88683,12,24,0,0.88683,0.00013531341970840494,0,14.258709802001249
4,z,13,z,0.1,normal,0,100000,88683,12,24,0,0.88683,0.00013531341970840494,0,14.258709802001249
4,z,8,z,1,m1,0,100000,100000,22,45,0,1.0,0.00021999999999999797,0,1.090198108984623
4,z,8,z,1,m1,0,100000,100000,22,45,0,1.0,0.00021999999999999797,0,1.090198108984623
4,z,8,z,1,m1,0,100000,100000,22,45,0,1.0,0.00021999999999999797,0,1.090198108984623
4,z,8,x,1,m1,0,100000,100000,22,45,0,1.0,0.00021999999999999797,0,1.090198108984623
4,z,3,x,1,m1,0,100000,28098,5970,10670,0,0.28098,0.21247063847960712,0,9.80719771902659
4,z,3,z,1,m1,0,100000,28098,5970,10670,0,0.28098,0.21247063847960712,0,9.80719771902659
4,z,3,x,1,m1,0,100000,28098,5970,10670,0,0.28098,0.21247063847960712,0,9.80719771902659
4,z,3,x,1,m1,0,100000,28098,5970,10670,0,0.28098,0.21247063847960712,0,9.80719771902659
4,z,5,x,1,m1,0,100000,32971,5826,10735,0,0.32971,0.17670073701131295,0,10.294565765972948
4,z,5,x,1,m1,0,100000,32971,5826,10735,0,0.32971,0.17670073701131295,0,10.294565765972948
4,z,5,z,1,m1,0,100000,32971,5826,10735,0,0.32971,0.17670073701131295,0,10.294565765972948
4,z,5,x,1,m1,0,100000,32971,5826,10735,0,0.32971,0.17670073701131295,0,10.294565765972948
4,z,2,z,1,m1,0,100000,64843,14650,22788,0,0.64843,0.2259303240133862,0,14.099149523011874
4,z,2,x,1,m1,0,100000,64843,14650,22788,0,0.64843,0.2259303240133862,0,14.099149523011874
4,z,2,x,1,m1,0,100000,64843,14650,22788,0,0.64843,0.2259303240133862,0,14.099149523011874
4,z,2,x,1,m1,0,100000,64843,14650,22788,0,0.64843,0.2259303240133862,0,14.099149523011874
4,z,7,x,1,m1,0,100000,40939,1129,2028,0,0.40939,0.027577615476684803,0,11.769976423995104
4,z,7,z,1,m1,0,100000,40939,1129,2028,0,0.40939,0.027577615476684803,0,11.769976423995104
4,z,7,z,1,m1,0,100000,40939,1129,2028,0,0.40939,0.027577615476684803,0,11.769976423995104
4,z,7,x,1,m1,0,100000,40939,1129,2028,0,0.40939,0.027577615476684803,0,11.769976423995104
4,z,12,z,1,m1,0,100000,76515,11,20,0,0.76515,0.00014376266091620238,0,2.9877014830126427
4,z,12,z,1,m1,0,100000,76515,11,20,0,0.76515,0.00014376266091620238,0,2.9877014830126427
4,z,12,x,1,m1,0,100000,76515,11,20,0,0.76515,0.00014376266091620238,0,2.9877014830126427
4,z,12,z,1,m1,0,100000,76515,11,20,0,0.76515,0.00014376266091620238,0,2.9877014830126427
4,z,4,z,1,m1,0,100000,66558,3211,5392,0,0.66558,0.048243637128519534,0,14.424915884010261
4,z,4,z,1,m1,0,100000,66558,3211,5392,0,0.66558,0.048243637128519534,0,14.424915884010261
4,z,4,x,1,m1,0,100000,66558,3211,5392,0,0.66558,0.048243637128519534,0,14.424915884010261
4,z,4,x,1,m1,0,100000,66558,3211,5392,0,0.66558,0.048243637128519534,0,14.424915884010261
4,z,14,z,1,m1,0,100000,55066,2,3,0,0.55066,3.632005230091995e-05,0,4.7341584819951095
4,z,14,x,1,m1,0,100000,55066,2,3,0,0.55066,3.632005230091995e-05,0,4.7341584819951095
4,z,14,z,1,m1,0,100000,55066,2,3,0,0.55066,3.632005230091995e-05,0,4.7341584819951095
4,z,14,z,1,m1,0,100000,55066,2,3,0,0.55066,3.632005230091995e-05,0,4.7341584819951095
4,z,6,z,1,m1,0,100000,62587,2264,3983,0,0.62587,0.03617364628437214,0,15.655230674979975
4,z,6,x,1,m1,0,100000,62587,2264,3983,0,0.62587,0.03617364628437214,0,15.655230674979975
4,z,6,z,1,m1,0,100000,62587,2264,3983,0,0.62587,0.03617364628437214,0,15.655230674979975
4,z,6,x,1,m1,0,100000,62587,2264,3983,0,0.62587,0.03617364628437214,0,15.655230674979975
4,z,15,x,1,m1,0,100000,47505,6,12,0,0.47505,0.0001263024944743174,0,4.857973797013983
4,z,15,z,1,m1,0,100000,47505,6,12,0,0.47505,0.0001263024944743174,0,4.857973797013983
4,z,15,z,1,m1,0,100000,47505,6,12,0,0.47505,0.0001263024944743174,0,4.857973797013983
4,z,15,z,1,m1,0,100000,47505,6,12,0,0.47505,0.0001263024944743174,0,4.857973797013983
4,z,9,x,1,m1,0,100000,34088,7604,14035,0,0.34088,0.22306970194789955,0,11.831946819991572
4,z,9,x,1,m1,0,100000,34088,7604,14035,0,0.34088,0.22306970194789955,0,11.831946819991572
4,z,9,x,1,m1,0,100000,34088,7604,14035,0,0.34088,0.22306970194789955,0,11.831946819991572
4,z,9,z,1,m1,0,100000,34088,7604,14035,0,0.34088,0.22306970194789955,0,11.831946819991572
4,z,11,x,1,m1,0,100000,33789,558,1016,0,0.33789,0.016514250199769154,0,10.811766330996761
4,z,11,z,1,m1,0,100000,33789,558,1016,0,0.33789,0.016514250199769154,0,10.811766330996761
4,z,11,x,1,m1,0,100000,33789,558,1016,0,0.33789,0.016514250199769154,0,10.811766330996761
4,z,11,z,1,m1,0,100000,33789,558,1016,0,0.33789,0.016514250199769154,0,10.811766330996761
4,z,13,x,1,m1,0,100000,45372,683,1300,0,0.45372,0.01505333685973731,0,11.345971654984169
4,z,13,x,1,m1,0,100000,45372,683,1300,0,0.45372,0.01505333685973731,0,11.345971654984169
4,z,13,z,1,m1,0,100000,45372,683,1300,0,0.45372,0.01505333685973731,0,11.345971654984169
4,z,13,z,1,m1,0,100000,45372,683,1300,0,0.45372,0.01505333685973731,0,11.345971654984169
4,z,8,z,0.8,m1,0,100000,100000,14,27,0,1.0,0.000140000000000029,0,1.0112737639865372
4,z,8,z,0.8,m1,0,100000,100000,14,27,0,1.0,0.000140000000000029,0,1.0112737639865372
4,z,8,z,0.8,m1,0,100000,100000,14,27,0,1.0,0.000140000000000029,0,1.0112737639865372
4,z,8,x,0.8,m1,0,100000,100000,14,27,0,1.0,0.000140000000000029,0,1.0112737639865372
4,z,10,z,1,m1,0,100000,63998,1774,3232,0,0.63998,0.02771961623800745,0,12.413251237012446
4,z,10,x,1,m1,0,100000,63998,1774,3232,0,0.63998,0.02771961623800745,0,12.413251237012446
4,z,10,x,1,m1,0,100000,63998,1774,3232,0,0.63998,0.02771961623800745,0,12.413251237012446
4,z,10,z,1,m1,0,100000,63998,1774,3232,0,0.63998,0.02771961623800745,0,12.413251237012446
4,z,3,x,0.8,m1,0,100000,36234,6426,11653,0,0.36234,0.17734724292101345,0,10.325181091990089
4,z,3,z,0.8,m1,0,100000,36234,6426,11653,0,0.36234,0.17734724292101345,0,10.325181091990089
4,z,3,x,0.8,m1,0,100000,36234,6426,11653,0,0.36234,0.17734724292101345,0,10.325181091990089
4,z,3,x,0.8,m1,0,100000,36234,6426,11653,0,0.36234,0.17734724292101345,0,10.325181091990089
4,z,12,z,0.8,m1,0,100000,80449,7,12,0,0.80449,8.701164713043053e-05,0,2.901243622007314
4,z,12,z,0.8,m1,0,100000,80449,7,12,0,0.80449,8.701164713043053e-05,0,2.901243622007314
4,z,12,x,0.8,m1,0,100000,80449,7,12,0,0.80449,8.701164713043053e-05,0,2.901243622007314
4,z,12,z,0.8,m1,0,100000,80449,7,12,0,0.80449,8.701164713043053e-05,0,2.901243622007314
4,z,5,x,0.8,m1,0,100000,41285,6020,11041,0,0.41285,0.14581567155141095,0,11.020884020981612
4,z,5,x,0.8,m1,0,100000,41285,6020,11041,0,0.41285,0.14581567155141095,0,11.020884020981612
4,z,5,z,0.8,m1,0,100000,41285,6020,11041,0,0.41285,0.14581567155141095,0,11.020884020981612
4,z,5,x,0.8,m1,0,100000,41285,6020,11041,0,0.41285,0.14581567155141095,0,11.020884020981612
4,z,7,x,0.8,m1,0,100000,48523,898,1625,0,0.48523,0.01850668755023388,0,11.43358715501381
4,z,7,z,0.8,m1,0,100000,48523,898,1625,0,0.48523,0.01850668755023388,0,11.43358715501381
4,z,7,z,0.8,m1,0,100000,48523,898,1625,0,0.48523,0.01850668755023388,0,11.43358715501381
4,z,7,x,0.8,m1,0,100000,48523,898,1625,0,0.48523,0.01850668755023388,0,11.43358715501381
4,z,9,x,0.8,m1,0,100000,41892,7574,14195,0,0.41892,0.1807982431013081,0,11.418120705988258
4,z,9,x,0.8,m1,0,100000,41892,7574,14195,0,0.41892,0.1807982431013081,0,11.418120705988258
4,z,9,x,0.8,m1,0,100000,41892,7574,14195,0,0.41892,0.1807982431013081,0,11.418120705988258
4,z,9,z,0.8,m1,0,100000,41892,7574,14195,0,0.41892,0.1807982431013081,0,11.418120705988258
4,z,2,z,0.8,m1,0,100000,70858,13366,21686,0,0.70858,0.18863078269214484,0,16.661900389008224
4,z,2,x,0.8,m1,0,100000,70858,13366,21686,0,0.70858,0.18863078269214484,0,16.661900389008224
4,z,2,x,0.8,m1,0,100000,70858,13366,21686,0,0.70858,0.18863078269214484,0,16.661900389008224
4,z,2,x,0.8,m1,0,100000,70858,13366,21686,0,0.70858,0.18863078269214484,0,16.661900389008224
4,z,11,x,0.8,m1,0,100000,42134,482,863,0,0.42134,0.011439692409930258,0,10.917240154987667
4,z,11,z,0.8,m1,0,100000,42134,482,863,0,0.42134,0.011439692409930258,0,10.917240154987667
4,z,11,x,0.8,m1,0,100000,42134,482,863,0,0.42134,0.011439692409930258,0,10.917240154987667
4,z,11,z,0.8,m1,0,100000,42134,482,863,0,0.42134,0.011439692409930258,0,10.917240154987667
4,z,14,z,0.8,m1,0,100000,61966,3,6,0,0.61966,4.841364619312394e-05,0,3.570791815989651
4,z,14,x,0.8,m1,0,100000,61966,3,6,0,0.61966,4.841364619312394e-05,0,3.570791815989651
4,z,14,z,0.8,m1,0,100000,61966,3,6,0,0.61966,4.841364619312394e-05,0,3.570791815989651
4,z,14,z,0.8,m1,0,100000,61966,3,6,0,0.61966,4.841364619312394e-05,0,3.570791815989651
4,z,10,z,0.8,m1,0,100000,69803,1300,2373,0,0.69803,0.018623841382175543,0,12.04285414199694
4,z,10,x,0.8,m1,0,100000,69803,1300,2373,0,0.69803,0.018623841382175543,0,12.04285414199694
4,z,10,x,0.8,m1,0,100000,69803,1300,2373,0,0.69803,0.018623841382175543,0,12.04285414199694
4,z,10,z,0.8,m1,0,100000,69803,1300,2373,0,0.69803,0.018623841382175543,0,12.04285414199694
4,z,15,x,0.8,m1,0,100000,55058,2,4,0,0.55058,3.632532965236468e-05,0,4.063256147986976
4,z,15,z,0.8,m1,0,100000,55058,2,4,0,0.55058,3.632532965236468e-05,0,4.063256147986976
4,z,15,z,0.8,m1,0,100000,55058,2,4,0,0.55058,3.632532965236468e-05,0,4.063256147986976
4,z,15,z,0.8,m1,0,100000,55058,2,4,0,0.55058,3.632532965236468e-05,0,4.063256147986976
4,z,6,z,0.8,m1,0,100000,68329,1692,3023,0,0.68329,0.02476254591754601,0,15.119787903007818
4,z,6,x,0.8,m1,0,100000,68329,1692,3023,0,0.68329,0.02476254591754601,0,15.119787903007818
4,z,6,z,0.8,m1,0,100000,68329,1692,3023,0,0.68329,0.02476254591754601,0,15.119787903007818
4,z,6,x,0.8,m1,0,100000,68329,1692,3023,0,0.68329,0.02476254591754601,0,15.119787903007818
4,z,4,z,0.8,m1,0,100000,72356,2400,4151,0,0.72356,0.03316932942672346,0,17.26603816600982
4,z,4,z,0.8,m1,0,100000,72356,2400,4151,0,0.72356,0.03316932942672346,0,17.26603816600982
4,z,4,x,0.8,m1,0,100000,72356,2400,4151,0,0.72356,0.03316932942672346,0,17.26603816600982
4,z,4,x,0.8,m1,0,100000,72356,2400,4151,0,0.72356,0.03316932942672346,0,17.26603816600982
4,z,8,z,0.5,m1,0,100000,100000,1,2,0,1.0,9.99999999995449e-06,0,0.6943765780015383
4,z,8,z,0.5,m1,0,100000,100000,1,2,0,1.0,9.99999999995449e-06,0,0.6943765780015383
4,z,8,z,0.5,m1,0,100000,100000,1,2,0,1.0,9.99999999995449e-06,0,0.6943765780015383
4,z,8,x,0.5,m1,0,100000,100000,1,2,0,1.0,9.99999999995449e-06,0,0.6943765780015383
4,z,13,x,0.8,m1,0,100000,53080,489,960,0,0.5308,0.00921250941974383,0,10.64892443199642
4,z,13,x,0.8,m1,0,100000,53080,489,960,0,0.5308,0.00921250941974383,0,10.64892443199642
4,z,13,z,0.8,m1,0,100000,53080,489,960,0,0.5308,0.00921250941974383,0,10.64892443199642
4,z,13,z,0.8,m1,0,100000,53080,489,960,0,0.5308,0.00921250941974383,0,10.64892443199642
4,z,3,x,0.5,m1,0,100000,53141,6222,11565,0,0.53141,0.11708473683220111,0,11.511310562986182
4,z,3,z,0.5,m1,0,100000,53141,6222,11565,0,0.53141,0.11708473683220111,0,11.511310562986182
4,z,3,x,0.5,m1,0,100000,53141,6222,11565,0,0.53141,0.11708473683220111,0,11.511310562986182
4,z,3,x,0.5,m1,0,100000,53141,6222,11565,0,0.53141,0.11708473683220111,0,11.511310562986182
4,z,12,z,0.5,m1,0,100000,87515,1,2,0,0.87515,1.1426612580689444e-05,0,3.602304471016396
4,z,12,z,0.5,m1,0,100000,87515,1,2,0,0.87515,1.1426612580689444e-05,0,3.602304471016396
4,z,12,x,0.5,m1,0,100000,87515,1,2,0,0.87515,1.1426612580689444e-05,0,3.602304471016396
4,z,12,z,0.5,m1,0,100000,87515,1,2,0,0.87515,1.1426612580689444e-05,0,3.602304471016396
4,z,5,x,0.5,m1,0,100000,57619,5416,10054,0,0.57619,0.09399677189815858,0,12.700564244994894
4,z,5,x,0.5,m1,0,100000,57619,5416,10054,0,0.57619,0.09399677189815858,0,12.700564244994894
4,z,5,z,0.5,m1,0,100000,57619,5416,10054,0,0.57619,0.09399677189815858,0,12.700564244994894
4,z,5,x,0.5,m1,0,100000,57619,5416,10054,0,0.57619,0.09399677189815858,0,12.700564244994894
4,z,4,z,0.5,m1,0,100000,81596,1150,2114,0,0.81596,0.014093828128829866,0,11.539240482990863
4,z,4,z,0.5,m1,0,100000,81596,1150,2114,0,0.81596,0.014093828128829866,0,11.539240482990863
4,z,4,x,0.5,m1,0,100000,81596,1150,2114,0,0.81596,0.014093828128829866,0,11.539240482990863
4,z,4,x,0.5,m1,0,100000,81596,1150,2114,0,0.81596,0.014093828128829866,0,11.539240482990863
4,z,2,z,0.5,m1,0,100000,80581,10352,18071,0,0.80581,0.12846700835184477,0,14.795824430999346
4,z,2,x,0.5,m1,0,100000,80581,10352,18071,0,0.80581,0.12846700835184477,0,14.795824430999346
4,z,2,x,0.5,m1,0,100000,80581,10352,18071,0,0.80581,0.12846700835184477,0,14.795824430999346
4,z,2,x,0.5,m1,0,100000,80581,10352,18071,0,0.80581,0.12846700835184477,0,14.795824430999346
4,z,9,x,0.5,m1,0,100000,57503,6702,12607,0,0.57503,0.11655044084656452,0,12.750206169002922
4,z,9,x,0.5,m1,0,100000,57503,6702,12607,0,0.57503,0.11655044084656452,0,12.750206169002922
4,z,9,x,0.5,m1,0,100000,57503,6702,12607,0,0.57503,0.11655044084656452,0,12.750206169002922
4,z,9,z,0.5,m1,0,100000,57503,6702,12607,0,0.57503,0.11655044084656452,0,12.750206169002922
4,z,6,z,0.5,m1,0,100000,78756,878,1604,0,0.78756,0.011148356950581584,0,14.560271908994764
4,z,6,x,0.5,m1,0,100000,78756,878,1604,0,0.78756,0.011148356950581584,0,14.560271908994764
4,z,6,z,0.5,m1,0,100000,78756,878,1604,0,0.78756,0.011148356950581584,0,14.560271908994764
4,z,6,x,0.5,m1,0,100000,78756,878,1604,0,0.78756,0.011148356950581584,0,14.560271908994764
4,z,11,x,0.5,m1,0,100000,57773,270,506,0,0.57773,0.004673463382548926,0,11.552599330985686
4,z,11,z,0.5,m1,0,100000,57773,270,506,0,0.57773,0.004673463382548926,0,11.552599330985686
4,z,11,x,0.5,m1,0,100000,57773,270,506,0,0.57773,0.004673463382548926,0,11.552599330985686
4,z,11,z,0.5,m1,0,100000,57773,270,506,0,0.57773,0.004673463382548926,0,11.552599330985686
4,z,14,z,0.5,m1,0,100000,74306,0,0,0,0.74306,0.0,0,2.223182136018295
4,z,14,x,0.5,m1,0,100000,74306,0,0,0,0.74306,0.0,0,2.223182136018295
4,z,14,z,0.5,m1,0,100000,74306,0,0,0,0.74306,0.0,0,2.223182136018295
4,z,14,z,0.5,m1,0,100000,74306,0,0,0,0.74306,0.0,0,2.223182136018295
4,z,7,x,0.5,m1,0,100000,63112,482,917,0,0.63112,0.007637216377234135,0,14.860191591025796
4,z,7,z,0.5,m1,0,100000,63112,482,917,0,0.63112,0.007637216377234135,0,14.860191591025796
4,z,7,z,0.5,m1,0,100000,63112,482,917,0,0.63112,0.007637216377234135,0,14.860191591025796
4,z,7,x,0.5,m1,0,100000,63112,482,917,0,0.63112,0.007637216377234135,0,14.860191591025796
4,z,10,z,0.5,m1,0,100000,79915,652,1234,0,0.79915,0.008158668585371953,0,11.900311667006463
4,z,10,x,0.5,m1,0,100000,79915,652,1234,0,0.79915,0.008158668585371953,0,11.900311667006463
4,z,10,x,0.5,m1,0,100000,79915,652,1234,0,0.79915,0.008158668585371953,0,11.900311667006463
4,z,10,z,0.5,m1,0,100000,79915,652,1234,0,0.79915,0.008158668585371953,0,11.900311667006463
4,z,15,x,0.5,m1,0,100000,68883,0,1,0,0.68883,0.0,0,3.828220557013992
4,z,15,z,0.5,m1,0,100000,68883,0,1,0,0.68883,0.0,0,3.828220557013992
4,z,15,z,0.5,m1,0,100000,68883,0,1,0,0.68883,0.0,0,3.828220557013992
4,z,15,z,0.5,m1,0,100000,68883,0,1,0,0.68883,0.0,0,3.828220557013992
4,z,8,z,0.3,m1,0,100000,100000,0,0,0,1.0,0.0,0,0.5486415890045464
4,z,8,z,0.3,m1,0,100000,100000,0,0,0,1.0,0.0,0,0.5486415890045464
4,z,8,z,0.3,m1,0,100000,100000,0,0,0,1.0,0.0,0,0.5486415890045464
4,z,8,x,0.3,m1,0,100000,100000,0,0,0,1.0,0.0,0,0.5486415890045464
4,z,13,x,0.5,m1,0,100000,66939,262,519,0,0.66939,0.003914011263986605,0,10.231232817983255
4,z,13,x,0.5,m1,0,100000,66939,262,519,0,0.66939,0.003914011263986605,0,10.231232817983255
4,z,13,z,0.5,m1,0,100000,66939,262,519,0,0.66939,0.003914011263986605,0,10.231232817983255
4,z,13,z,0.5,m1,0,100000,66939,262,519,0,0.66939,0.003914011263986605,0,10.231232817983255
4,z,12,z,0.3,m1,0,100000,92258,0,0,0,0.92258,0.0,0,1.2581626229803078
4,z,12,z,0.3,m1,0,100000,92258,0,0,0,0.92258,0.0,0,1.2581626229803078
4,z,12,x,0.3,m1,0,100000,92258,0,0,0,0.92258,0.0,0,1.2581626229803078
4,z,12,z,0.3,m1,0,100000,92258,0,0,0,0.92258,0.0,0,1.2581626229803078
4,z,3,x,0.3,m1,0,100000,68338,4952,9367,0,0.68338,0.07246334396675347,0,12.38651294200099
4,z,3,z,0.3,m1,0,100000,68338,4952,9367,0,0.68338,0.07246334396675347,0,12.38651294200099
4,z,3,x,0.3,m1,0,100000,68338,4952,9367,0,0.68338,0.07246334396675347,0,12.38651294200099
4,z,3,x,0.3,m1,0,100000,68338,4952,9367,0,0.68338,0.07246334396675347,0,12.38651294200099
4,z,4,z,0.3,m1,0,100000,88336,468,885,0,0.88336,0.005297953269335243,0,10.493500494019827
4,z,4,z,0.3,m1,0,100000,88336,468,885,0,0.88336,0.005297953269335243,0,10.493500494019827
4,z,4,x,0.3,m1,0,100000,88336,468,885,0,0.88336,0.005297953269335243,0,10.493500494019827
4,z,4,x,0.3,m1,0,100000,88336,468,885,0,0.88336,0.005297953269335243,0,10.493500494019827
4,z,7,x,0.3,m1,0,100000,75924,258,483,0,0.75924,0.003398134977082301,0,12.708979721006472
4,z,7,z,0.3,m1,0,100000,75924,258,483,0,0.75924,0.003398134977082301,0,12.708979721006472
4,z,7,z,0.3,m1,0,100000,75924,258,483,0,0.75924,0.003398134977082301,0,12.708979721006472
4,z,7,x,0.3,m1,0,100000,75924,258,483,0,0.75924,0.003398134977082301,0,12.708979721006472
4,z,2,z,0.3,m1,0,100000,88057,7068,13045,0,0.88057,0.08026619121705258,0,15.268745025998214
4,z,2,x,0.3,m1,0,100000,88057,7068,13045,0,0.88057,0.08026619121705258,0,15.268745025998214
4,z,2,x,0.3,m1,0,100000,88057,7068,13045,0,0.88057,0.08026619121705258,0,15.268745025998214
4,z,2,x,0.3,m1,0,100000,88057,7068,13045,0,0.88057,0.08026619121705258,0,15.268745025998214
4,z,9,x,0.3,m1,0,100000,71493,5056,9607,0,0.71493,0.070720210370246,0,12.768691256002057
4,z,9,x,0.3,m1,0,100000,71493,5056,9607,0,0.71493,0.070720210370246,0,12.768691256002057
4,z,9,x,0.3,m1,0,100000,71493,5056,9607,0,0.71493,0.070720210370246,0,12.768691256002057
4,z,9,z,0.3,m1,0,100000,71493,5056,9607,0,0.71493,0.070720210370246,0,12.768691256002057
4,z,14,z,0.3,m1,0,100000,83582,0,0,0,0.83582,0.0,0,1.5224601399968378
4,z,14,x,0.3,m1,0,100000,83582,0,0,0,0.83582,0.0,0,1.5224601399968378
4,z,14,z,0.3,m1,0,100000,83582,0,0,0,0.83582,0.0,0,1.5224601399968378
4,z,14,z,0.3,m1,0,100000,83582,0,0,0,0.83582,0.0,0,1.5224601399968378
4,z,5,x,0.3,m1,0,100000,71592,4202,7858,0,0.71592,0.05869370879427871,0,15.305818686989369
4,z,5,x,0.3,m1,0,100000,71592,4202,7858,0,0.71592,0.05869370879427871,0,15.305818686989369
4,z,5,z,0.3,m1,0,100000,71592,4202,7858,0,0.71592,0.05869370879427871,0,15.305818686989369
4,z,5,x,0.3,m1,0,100000,71592,4202,7858,0,0.71592,0.05869370879427871,0,15.305818686989369
4,z,10,z,0.3,m1,0,100000,87284,272,507,0,0.87284,0.0031162641492140652,0,11.380780456005596
4,z,10,x,0.3,m1,0,100000,87284,272,507,0,0.87284,0.0031162641492140652,0,11.380780456005596
4,z,10,x,0.3,m1,0,100000,87284,272,507,0,0.87284,0.0031162641492140652,0,11.380780456005596
4,z,10,z,0.3,m1,0,100000,87284,272,507,0,0.87284,0.0031162641492140652,0,11.380780456005596
4,z,15,x,0.3,m1,0,100000,79938,0,1,0,0.79938,0.0,0,1.8725225029920693
4,z,15,z,0.3,m1,0,100000,79938,0,1,0,0.79938,0.0,0,1.8725225029920693
4,z,15,z,0.3,m1,0,100000,79938,0,1,0,0.79938,0.0,0,1.8725225029920693
4,z,15,z,0.3,m1,0,100000,79938,0,1,0,0.79938,0.0,0,1.8725225029920693
4,z,11,x,0.3,m1,0,100000,71953,166,321,0,0.71953,0.0023070615540700112,0,12.614322137000272
4,z,11,z,0.3,m1,0,100000,71953,166,321,0,0.71953,0.0023070615540700112,0,12.614322137000272
4,z,11,x,0.3,m1,0,100000,71953,166,321,0,0.71953,0.0023070615540700112,0,12.614322137000272
4,z,11,z,0.3,m1,0,100000,71953,166,321,0,0.71953,0.0023070615540700112,0,12.614322137000272
4,z,8,z,0.1,m1,0,100000,100000,0,0,0,1.0,0.0,0,0.6724133649840951
4,z,8,z,0.1,m1,0,100000,100000,0,0,0,1.0,0.0,0,0.6724133649840951
4,z,8,z,0.1,m1,0,100000,100000,0,0,0,1.0,0.0,0,0.6724133649840951
4,z,8,x,0.1,m1,0,100000,100000,0,0,0,1.0,0.0,0,0.6724133649840951
4,z,6,z,0.3,m1,0,100000,86672,406,769,0,0.86672,0.004684327118331222,0,19.32766622901545
4,z,6,x,0.3,m1,0,100000,86672,406,769,0,0.86672,0.004684327118331222,0,19.32766622901545
4,z,6,z,0.3,m1,0,100000,86672,406,769,0,0.86672,0.004684327118331222,0,19.32766622901545
4,z,6,x,0.3,m1,0,100000,86672,406,769,0,0.86672,0.004684327118331222,0,19.32766622901545
4,z,13,x,0.3,m1,0,100000,78841,89,178,0,0.78841,0.0011288542763283615,0,9.613903103017947
4,z,13,x,0.3,m1,0,100000,78841,89,178,0,0.78841,0.0011288542763283615,0,9.613903103017947
4,z,13,z,0.3,m1,0,100000,78841,89,178,0,0.78841,0.0011288542763283615,0,9.613903103017947
4,z,13,z,0.3,m1,0,100000,78841,89,178,0,0.78841,0.0011288542763283615,0,9.613903103017947
4,z,12,z,0.1,m1,0,100000,97387,0,0,0,0.97387,0.0,0,0.7360962429956999
4,z,12,z,0.1,m1,0,100000,97387,0,0,0,0.97387,0.0,0,0.7360962429956999
4,z,12,x,0.1,m1,0,100000,97387,0,0,0,0.97387,0.0,0,0.7360962429956999
4,z,12,z,0.1,m1,0,100000,97387,0,0,0,0.97387,0.0,0,0.7360962429956999
4,z,4,z,0.1,m1,0,100000,95958,51,100,0,0.95958,0.0005314825236041321,0,9.162364623975009
4,z,4,z,0.1,m1,0,100000,95958,51,100,0,0.95958,0.0005314825236041321,0,9.162364623975009
4,z,4,x,0.1,m1,0,100000,95958,51,100,0,0.95958,0.0005314825236041321,0,9.162364623975009
4,z,4,x,0.1,m1,0,100000,95958,51,100,0,0.95958,0.0005314825236041321,0,9.162364623975009
4,z,3,x,0.1,m1,0,100000,88186,2279,4380,0,0.88186,0.02584310434762882,0,14.25518988299882
4,z,3,z,0.1,m1,0,100000,88186,2279,4380,0,0.88186,0.02584310434762882,0,14.25518988299882
4,z,3,x,0.1,m1,0,100000,88186,2279,4380,0,0.88186,0.02584310434762882,0,14.25518988299882
4,z,3,x,0.1,m1,0,100000,88186,2279,4380,0,0.88186,0.02584310434762882,0,14.25518988299882
4,z,5,x,0.1,m1,0,100000,89559,1788,3377,0,0.89559,0.01996449268080258,0,13.786794004990952
4,z,5,x,0.1,m1,0,100000,89559,1788,3377,0,0.89559,0.01996449268080258,0,13.786794004990952
4,z,5,z,0.1,m1,0,100000,89559,1788,3377,0,0.89559,0.01996449268080258,0,13.786794004990952
4,z,5,x,0.1,m1,0,100000,89559,1788,3377,0,0.89559,0.01996449268080258,0,13.786794004990952
4,z,14,z,0.1,m1,0,100000,94150,0,0,0,0.9415,0.0,0,1.196987381001236
4,z,14,x,0.1,m1,0,100000,94150,0,0,0,0.9415,0.0,0,1.196987381001236
4,z,14,z,0.1,m1,0,100000,94150,0,0,0,0.9415,0.0,0,1.196987381001236
4,z,14,z,0.1,m1,0,100000,94150,0,0,0,0.9415,0.0,0,1.196987381001236
4,z,10,z,0.1,m1,0,100000,95592,50,100,0,0.95592,0.0005230563227047735,0,10.167531094979495
4,z,10,x,0.1,m1,0,100000,95592,50,100,0,0.95592,0.0005230563227047735,0,10.167531094979495
4,z,10,x,0.1,m1,0,100000,95592,50,100,0,0.95592,0.0005230563227047735,0,10.167531094979495
4,z,10,z,0.1,m1,0,100000,95592,50,100,0,0.95592,0.0005230563227047735,0,10.167531094979495
4,z,2,z,0.1,m1,0,100000,95845,2727,5330,0,0.95845,0.028452188429234693,0,15.389474232011707
4,z,2,x,0.1,m1,0,100000,95845,2727,5330,0,0.95845,0.028452188429234693,0,15.389474232011707
4,z,2,x,0.1,m1,0,100000,95845,2727,5330,0,0.95845,0.028452188429234693,0,15.389474232011707
4,z,2,x,0.1,m1,0,100000,95845,2727,5330,0,0.95845,0.028452188429234693,0,15.389474232011707
4,z,15,x,0.1,m1,0,100000,92870,0,0,0,0.9287,0.0,0,0.8147117780172266
4,z,15,z,0.1,m1,0,100000,92870,0,0,0,0.9287,0.0,0,0.8147117780172266
4,z,15,z,0.1,m1,0,100000,92870,0,0,0,0.9287,0.0,0,0.8147117780172266
4,z,15,z,0.1,m1,0,100000,92870,0,0,0,0.9287,0.0,0,0.8147117780172266
4,z,6,z,0.1,m1,0,100000,95266,94,179,0,0.95266,0.0009867108937081648,0,14.996059318014886
4,z,6,x,0.1,m1,0,100000,95266,94,179,0,0.95266,0.0009867108937081648,0,14.996059318014886
4,z,6,z,0.1,m1,0,100000,95266,94,179,0,0.95266,0.0009867108937081648,0,14.996059318014886
4,z,6,x,0.1,m1,0,100000,95266,94,179,0,0.95266,0.0009867108937081648,0,14.996059318014886
4,z,7,x,0.1,m1,0,100000,91098,63,122,0,0.91098,0.0006915629322268302,0,15.743689691007603
4,z,7,z,0.1,m1,0,100000,91098,63,122,0,0.91098,0.0006915629322268302,0,15.743689691007603
4,z,7,z,0.1,m1,0,100000,91098,63,122,0,0.91098,0.0006915629322268302,0,15.743689691007603
4,z,7,x,0.1,m1,0,100000,91098,63,122,0,0.91098,0.0006915629322268302,0,15.743689691007603
4,z,11,x,0.1,m1,0,100000,89617,52,103,0,0.89617,0.0005802470513407432,0,12.202220206003403
4,z,11,z,0.1,m1,0,100000,89617,52,103,0,0.89617,0.0005802470513407432,0,12.202220206003403
4,z,11,x,0.1,m1,0,100000,89617,52,103,0,0.89617,0.0005802470513407432,0,12.202220206003403
4,z,11,z,0.1,m1,0,100000,89617,52,103,0,0.89617,0.0005802470513407432,0,12.202220206003403
4,z,13,x,0.1,m1,0,100000,92430,18,36,0,0.9243,0.00019474196689384105,0,7.08701360100531
4,z,13,x,0.1,m1,0,100000,92430,18,36,0,0.9243,0.00019474196689384105,0,7.08701360100531
4,z,13,z,0.1,m1,0,100000,92430,18,36,0,0.9243,0.00019474196689384105,0,7.08701360100531
4,z,13,z,0.1,m1,0,100000,92430,18,36,0,0.9243,0.00019474196689384105,0,7.08701360100531
4,z,9,x,0.1,m1,0,100000,89220,2151,4072,0,0.8922,0.024108944182918646,0,17.026391723018605
4,z,9,x,0.1,m1,0,100000,89220,2151,4072,0,0.8922,0.024108944182918646,0,17.026391723018605
4,z,9,x,0.1,m1,0,100000,89220,2151,4072,0,0.8922,0.024108944182918646,0,17.026391723018605
4,z,9,z,0.1,m1,0,100000,89220,2151,4072,0,0.8922,0.024108944182918646,0,17.026391723018605
