n,lstate,i,meas_type,p_error,sim_type,total_meta_shots,shots,count_accept,count_logerror,count_undecided,count_detect_discard,prep_rate,LER,detect_normal,decoding_normal
4,x,10,x,1,normal,0,100000,28925,1478,2603,0,0.28925,0.051097666378565276,0,9.274889830005122
4,x,10,x,1,normal,0,100000,28925,1478,2603,0,0.28925,0.051097666378565276,0,9.274889830005122
4,x,10,x,1,normal,0,100000,28925,1478,2603,0,0.28925,0.051097666378565276,0,9.274889830005122
4,x,10,z,1,normal,0,100000,28925,1478,2603,0,0.28925,0.051097666378565276,0,9.274889830005122
4,x,6,x,1,normal,0,100000,27773,412,773,0,0.27773,0.014834551542865393,0,9.237241295020794
4,x,6,x,1,normal,0,100000,27773,412,773,0,0.27773,0.014834551542865393,0,9.237241295020794
4,x,6,z,1,normal,0,100000,27773,412,773,0,0.27773,0.014834551542865393,0,9.237241295020794
4,x,6,x,1,normal,0,100000,27773,412,773,0,0.27773,0.014834551542865393,0,9.237241295020794
4,x,2,x,1,normal,0,100000,30976,4,8,0,0.30976,0.00012913223140498253,0,9.60916743800044
4,x,2,x,1,normal,0,100000,30976,4,8,0,0.30976,0.00012913223140498253,0,9.60916743800044
4,x,2,x,1,normal,0,100000,30976,4,8,0,0.30976,0.00012913223140498253,0,9.60916743800044
4,x,2,x,1,normal,0,100000,30976,4,8,0,0.30976,0.00012913223140498253,0,9.60916743800044
4,x,4,x,1,normal,0,100000,33087,220,428,0,0.33087,0.006649137123341475,0,10.009022607002407
4,x,4,z,1,normal,0,100000,33087,220,428,0,0.33087,0.006649137123341475,0,10.009022607002407
4,x,4,x,1,normal,0,100000,33087,220,428,0,0.33087,0.006649137123341475,0,10.009022607002407
4,x,4,x,1,normal,0,100000,33087,220,428,0,0.33087,0.006649137123341475,0,10.009022607002407
4,x,3,z,1,normal,0,100000,47597,3,4,0,0.47597,6.302918251155365e-05,0,11.737732924026204
4,x,3,x,1,normal,0,100000,47597,3,4,0,0.47597,6.302918251155365e-05,0,11.737732924026204
4,x,3,x,1,normal,0,100000,47597,3,4,0,0.47597,6.302918251155365e-05,0,11.737732924026204
4,x,3,x,1,normal,0,100000,47597,3,4,0,0.47597,6.302918251155365e-05,0,11.737732924026204
4,x,5,z,1,normal,0,100000,37109,66,117,0,0.37109,0.0017785442884475922,0,12.734246568987146
4,x,5,z,1,normal,0,100000,37109,66,117,0,0.37109,0.0017785442884475922,0,12.734246568987146
4,x,5,x,1,normal,0,100000,37109,66,117,0,0.37109,0.0017785442884475922,0,12.734246568987146
4,x,5,x,1,normal,0,100000,37109,66,117,0,0.37109,0.0017785442884475922,0,12.734246568987146
4,x,9,z,1,normal,0,100000,100000,1766,2711,0,1.0,0.01766000000000001,0,14.332683578017168
4,x,9,z,1,normal,0,100000,100000,1766,2711,0,1.0,0.01766000000000001,0,14.332683578017168
4,x,9,z,1,normal,0,100000,100000,1766,2711,0,1.0,0.01766000000000001,0,14.332683578017168
4,x,9,x,1,normal,0,100000,100000,1766,2711,0,1.0,0.01766000000000001,0,14.332683578017168
4,x,8,x,1,normal,0,100000,34104,6366,11083,0,0.34104,0.18666432090077412,0,15.764090835000388
4,x,8,z,1,normal,0,100000,34104,6366,11083,0,0.34104,0.18666432090077412,0,15.764090835000388
4,x,8,z,1,normal,0,100000,34104,6366,11083,0,0.34104,0.18666432090077412,0,15.764090835000388
4,x,8,x,1,normal,0,100000,34104,6366,11083,0,0.34104,0.18666432090077412,0,15.764090835000388
4,x,7,z,1,normal,0,100000,48154,2282,3789,0,0.48154,0.04738962495327492,0,14.133949589013355
4,x,7,x,1,normal,0,100000,48154,2282,3789,0,0.48154,0.04738962495327492,0,14.133949589013355
4,x,7,z,1,normal,0,100000,48154,2282,3789,0,0.48154,0.04738962495327492,0,14.133949589013355
4,x,7,x,1,normal,0,100000,48154,2282,3789,0,0.48154,0.04738962495327492,0,14.133949589013355
4,x,14,x,1,normal,0,100000,20640,4995,8458,0,0.2064,0.2420058139534884,0,10.194637282984331
4,x,14,x,1,normal,0,100000,20640,4995,8458,0,0.2064,0.2420058139534884,0,10.194637282984331
4,x,14,z,1,normal,0,100000,20640,4995,8458,0,0.2064,0.2420058139534884,0,10.194637282984331
4,x,14,z,1,normal,0,100000,20640,4995,8458,0,0.2064,0.2420058139534884,0,10.194637282984331
4,x,11,z,1,normal,0,100000,51808,1352,2348,0,0.51808,0.026096355775169888,0,15.699774562992388
4,x,11,x,1,normal,0,100000,51808,1352,2348,0,0.51808,0.026096355775169888,0,15.699774562992388
4,x,11,x,1,normal,0,100000,51808,1352,2348,0,0.51808,0.026096355775169888,0,15.699774562992388
4,x,11,z,1,normal,0,100000,51808,1352,2348,0,0.51808,0.026096355775169888,0,15.699774562992388
4,x,2,x,0.8,normal,0,100000,39239,2,4,0,0.39239,5.0969698514258255e-05,0,9.706434927007649
4,x,2,x,0.8,normal,0,100000,39239,2,4,0,0.39239,5.0969698514258255e-05,0,9.706434927007649
4,x,2,x,0.8,normal,0,100000,39239,2,4,0,0.39239,5.0969698514258255e-05,0,9.706434927007649
4,x,2,x,0.8,normal,0,100000,39239,2,4,0,0.39239,5.0969698514258255e-05,0,9.706434927007649
4,x,12,x,1,normal,0,100000,19591,4336,7985,0,0.19591,0.22132611913633815,0,13.37783587697777
4,x,12,z,1,normal,0,100000,19591,4336,7985,0,0.19591,0.22132611913633815,0,13.37783587697777
4,x,12,x,1,normal,0,100000,19591,4336,7985,0,0.19591,0.22132611913633815,0,13.37783587697777
4,x,12,z,1,normal,0,100000,19591,4336,7985,0,0.19591,0.22132611913633815,0,13.37783587697777
4,x,13,z,1,normal,0,100000,56267,8408,11501,0,0.56267,0.14943039436970162,0,13.982284614990931
4,x,13,z,1,normal,0,100000,56267,8408,11501,0,0.56267,0.14943039436970162,0,13.982284614990931
4,x,13,x,1,normal,0,100000,56267,8408,11501,0,0.56267,0.14943039436970162,0,13.982284614990931
4,x,13,z,1,normal,0,100000,56267,8408,11501,0,0.56267,0.14943039436970162,0,13.982284614990931
4,x,4,x,0.8,normal,0,100000,41273,179,348,0,0.41273,0.00433697574685632,0,11.073676644999068
4,x,4,z,0.8,normal,0,100000,41273,179,348,0,0.41273,0.00433697574685632,0,11.073676644999068
4,x,4,x,0.8,normal,0,100000,41273,179,348,0,0.41273,0.00433697574685632,0,11.073676644999068
4,x,4,x,0.8,normal,0,100000,41273,179,348,0,0.41273,0.00433697574685632,0,11.073676644999068
4,x,6,x,0.8,normal,0,100000,36165,342,631,0,0.36165,0.009456656988801382,0,10.515525919996435
4,x,6,x,0.8,normal,0,100000,36165,342,631,0,0.36165,0.009456656988801382,0,10.515525919996435
4,x,6,z,0.8,normal,0,100000,36165,342,631,0,0.36165,0.009456656988801382,0,10.515525919996435
4,x,6,x,0.8,normal,0,100000,36165,342,631,0,0.36165,0.009456656988801382,0,10.515525919996435
4,x,3,z,0.8,normal,0,100000,55061,1,2,0,0.55061,1.8161675232941654e-05,0,14.036918675003108
4,x,3,x,0.8,normal,0,100000,55061,1,2,0,0.55061,1.8161675232941654e-05,0,14.036918675003108
4,x,3,x,0.8,normal,0,100000,55061,1,2,0,0.55061,1.8161675232941654e-05,0,14.036918675003108
4,x,3,x,0.8,normal,0,100000,55061,1,2,0,0.55061,1.8161675232941654e-05,0,14.036918675003108
4,x,15,z,1,normal,0,100000,60005,12880,20389,0,0.60005,0.21464877926839432,0,13.939285191008821
4,x,15,x,1,normal,0,100000,60005,12880,20389,0,0.60005,0.21464877926839432,0,13.939285191008821
4,x,15,z,1,normal,0,100000,60005,12880,20389,0,0.60005,0.21464877926839432,0,13.939285191008821
4,x,15,z,1,normal,0,100000,60005,12880,20389,0,0.60005,0.21464877926839432,0,13.939285191008821
4,x,5,z,0.8,normal,0,100000,44574,41,68,0,0.44574,0.0009198187284067405,0,12.626837641990278
4,x,5,z,0.8,normal,0,100000,44574,41,68,0,0.44574,0.0009198187284067405,0,12.626837641990278
4,x,5,x,0.8,normal,0,100000,44574,41,68,0,0.44574,0.0009198187284067405,0,12.626837641990278
4,x,5,x,0.8,normal,0,100000,44574,41,68,0,0.44574,0.0009198187284067405,0,12.626837641990278
4,x,8,x,0.8,normal,0,100000,41497,6261,10800,0,0.41497,0.1508783767501265,0,10.732615592016373
4,x,8,z,0.8,normal,0,100000,41497,6261,10800,0,0.41497,0.1508783767501265,0,10.732615592016373
4,x,8,z,0.8,normal,0,100000,41497,6261,10800,0,0.41497,0.1508783767501265,0,10.732615592016373
4,x,8,x,0.8,normal,0,100000,41497,6261,10800,0,0.41497,0.1508783767501265,0,10.732615592016373
4,x,10,x,0.8,normal,0,100000,36758,1356,2467,0,0.36758,0.03688992872299912,0,10.166643748991191
4,x,10,x,0.8,normal,0,100000,36758,1356,2467,0,0.36758,0.03688992872299912,0,10.166643748991191
4,x,10,x,0.8,normal,0,100000,36758,1356,2467,0,0.36758,0.03688992872299912,0,10.166643748991191
4,x,10,z,0.8,normal,0,100000,36758,1356,2467,0,0.36758,0.03688992872299912,0,10.166643748991191
4,x,7,z,0.8,normal,0,100000,54915,1723,2940,0,0.54915,0.0313757625421105,0,14.99015999500989
4,x,7,x,0.8,normal,0,100000,54915,1723,2940,0,0.54915,0.0313757625421105,0,14.99015999500989
4,x,7,z,0.8,normal,0,100000,54915,1723,2940,0,0.54915,0.0313757625421105,0,14.99015999500989
4,x,7,x,0.8,normal,0,100000,54915,1723,2940,0,0.54915,0.0313757625421105,0,14.99015999500989
4,x,12,x,0.8,normal,0,100000,26928,4798,8905,0,0.26928,0.17817884729649436,0,10.965968652977608
4,x,12,z,0.8,normal,0,100000,26928,4798,8905,0,0.26928,0.17817884729649436,0,10.965968652977608
4,x,12,x,0.8,normal,0,100000,26928,4798,8905,0,0.26928,0.17817884729649436,0,10.965968652977608
4,x,12,z,0.8,normal,0,100000,26928,4798,8905,0,0.26928,0.17817884729649436,0,10.965968652977608
4,x,9,z,0.8,normal,0,100000,100000,824,1334,0,1.0,0.008240000000000025,0,14.76087205199292
4,x,9,z,0.8,normal,0,100000,100000,824,1334,0,1.0,0.008240000000000025,0,14.76087205199292
4,x,9,z,0.8,normal,0,100000,100000,824,1334,0,1.0,0.008240000000000025,0,14.76087205199292
4,x,9,x,0.8,normal,0,100000,100000,824,1334,0,1.0,0.008240000000000025,0,14.76087205199292
4,x,2,x,0.5,normal,0,100000,55395,0,1,0,0.55395,0.0,0,11.337910159985768
4,x,2,x,0.5,normal,0,100000,55395,0,1,0,0.55395,0.0,0,11.337910159985768
4,x,2,x,0.5,normal,0,100000,55395,0,1,0,0.55395,0.0,0,11.337910159985768
4,x,2,x,0.5,normal,0,100000,55395,0,1,0,0.55395,0.0,0,11.337910159985768
4,x,14,x,0.8,normal,0,100000,27821,5596,9549,0,0.27821,0.2011430214586104,0,12.811007932992652
4,x,14,x,0.8,normal,0,100000,27821,5596,9549,0,0.27821,0.2011430214586104,0,12.811007932992652
4,x,14,z,0.8,normal,0,100000,27821,5596,9549,0,0.27821,0.2011430214586104,0,12.811007932992652
4,x,14,z,0.8,normal,0,100000,27821,5596,9549,0,0.27821,0.2011430214586104,0,12.811007932992652
4,x,13,z,0.8,normal,0,100000,62758,6838,10006,0,0.62758,0.10895822046591674,0,14.543244900007267
4,x,13,z,0.8,normal,0,100000,62758,6838,10006,0,0.62758,0.10895822046591674,0,14.543244900007267
4,x,13,x,0.8,normal,0,100000,62758,6838,10006,0,0.62758,0.10895822046591674,0,14.543244900007267
4,x,13,z,0.8,normal,0,100000,62758,6838,10006,0,0.62758,0.10895822046591674,0,14.543244900007267
4,x,11,z,0.8,normal,0,100000,59197,1127,2002,0,0.59197,0.019038126932108046,0,14.094205094996141
4,x,11,x,0.8,normal,0,100000,59197,1127,2002,0,0.59197,0.019038126932108046,0,14.094205094996141
4,x,11,x,0.8,normal,0,100000,59197,1127,2002,0,0.59197,0.019038126932108046,0,14.094205094996141
4,x,11,z,0.8,normal,0,100000,59197,1127,2002,0,0.59197,0.019038126932108046,0,14.094205094996141
4,x,3,z,0.5,normal,0,100000,69006,0,0,0,0.69006,0.0,0,11.181235477997689
4,x,3,x,0.5,normal,0,100000,69006,0,0,0,0.69006,0.0,0,11.181235477997689
4,x,3,x,0.5,normal,0,100000,69006,0,0,0,0.69006,0.0,0,11.181235477997689
4,x,3,x,0.5,normal,0,100000,69006,0,0,0,0.69006,0.0,0,11.181235477997689
4,x,4,x,0.5,normal,0,100000,57314,100,201,0,0.57314,0.0017447744006700017,0,12.83558898701449
4,x,4,z,0.5,normal,0,100000,57314,100,201,0,0.57314,0.0017447744006700017,0,12.83558898701449
4,x,4,x,0.5,normal,0,100000,57314,100,201,0,0.57314,0.0017447744006700017,0,12.83558898701449
4,x,4,x,0.5,normal,0,100000,57314,100,201,0,0.57314,0.0017447744006700017,0,12.83558898701449
4,x,6,x,0.5,normal,0,100000,52726,201,386,0,0.52726,0.0038121609831961445,0,11.034397252980852
4,x,6,x,0.5,normal,0,100000,52726,201,386,0,0.52726,0.0038121609831961445,0,11.034397252980852
4,x,6,z,0.5,normal,0,100000,52726,201,386,0,0.52726,0.0038121609831961445,0,11.034397252980852
4,x,6,x,0.5,normal,0,100000,52726,201,386,0,0.52726,0.0038121609831961445,0,11.034397252980852
4,x,15,z,0.8,normal,0,100000,66476,12128,20003,0,0.66476,0.1824417835008123,0,14.618720019003376
4,x,15,x,0.8,normal,0,100000,66476,12128,20003,0,0.66476,0.1824417835008123,0,14.618720019003376
4,x,15,z,0.8,normal,0,100000,66476,12128,20003,0,0.66476,0.1824417835008123,0,14.618720019003376
4,x,15,z,0.8,normal,0,100000,66476,12128,20003,0,0.66476,0.1824417835008123,0,14.618720019003376
4,x,5,z,0.5,normal,0,100000,59588,8,17,0,0.59588,0.00013425521917165284,0,13.76090957201086
4,x,5,z,0.5,normal,0,100000,59588,8,17,0,0.59588,0.00013425521917165284,0,13.76090957201086
4,x,5,x,0.5,normal,0,100000,59588,8,17,0,0.59588,0.00013425521917165284,0,13.76090957201086
4,x,5,x,0.5,normal,0,100000,59588,8,17,0,0.59588,0.00013425521917165284,0,13.76090957201086
4,x,9,z,0.5,normal,0,100000,100000,148,268,0,1.0,0.0014800000000000368,0,13.23649040897726
4,x,9,z,0.5,normal,0,100000,100000,148,268,0,1.0,0.0014800000000000368,0,13.23649040897726
4,x,9,z,0.5,normal,0,100000,100000,148,268,0,1.0,0.0014800000000000368,0,13.23649040897726
4,x,9,x,0.5,normal,0,100000,100000,148,268,0,1.0,0.0014800000000000368,0,13.23649040897726
4,x,8,x,0.5,normal,0,100000,56408,5114,8999,0,0.56408,0.09066089916323927,0,13.873796929023229
4,x,8,z,0.5,normal,0,100000,56408,5114,8999,0,0.56408,0.09066089916323927,0,13.873796929023229
4,x,8,z,0.5,normal,0,100000,56408,5114,8999,0,0.56408,0.09066089916323927,0,13.873796929023229
4,x,8,x,0.5,normal,0,100000,56408,5114,8999,0,0.56408,0.09066089916323927,0,13.873796929023229
4,x,10,x,0.5,normal,0,100000,52587,834,1551,0,0.52587,0.015859432939699936,0,13.072536413994385
4,x,10,x,0.5,normal,0,100000,52587,834,1551,0,0.52587,0.015859432939699936,0,13.072536413994385
4,x,10,x,0.5,normal,0,100000,52587,834,1551,0,0.52587,0.015859432939699936,0,13.072536413994385
4,x,10,z,0.5,normal,0,100000,52587,834,1551,0,0.52587,0.015859432939699936,0,13.072536413994385
4,x,7,z,0.5,normal,0,100000,68259,981,1738,0,0.68259,0.014371731200281235,0,15.071344361000229
4,x,7,x,0.5,normal,0,100000,68259,981,1738,0,0.68259,0.014371731200281235,0,15.071344361000229
4,x,7,z,0.5,normal,0,100000,68259,981,1738,0,0.68259,0.014371731200281235,0,15.071344361000229
4,x,7,x,0.5,normal,0,100000,68259,981,1738,0,0.68259,0.014371731200281235,0,15.071344361000229
4,x,12,x,0.5,normal,0,100000,43363,4792,8955,0,0.43363,0.11050895925097437,0,13.856211249018088
4,x,12,z,0.5,normal,0,100000,43363,4792,8955,0,0.43363,0.11050895925097437,0,13.856211249018088
4,x,12,x,0.5,normal,0,100000,43363,4792,8955,0,0.43363,0.11050895925097437,0,13.856211249018088
4,x,12,z,0.5,normal,0,100000,43363,4792,8955,0,0.43363,0.11050895925097437,0,13.856211249018088
4,x,14,x,0.5,normal,0,100000,44622,5981,10630,0,0.44622,0.13403702209672363,0,11.195972969988361
4,x,14,x,0.5,normal,0,100000,44622,5981,10630,0,0.44622,0.13403702209672363,0,11.195972969988361
4,x,14,z,0.5,normal,0,100000,44622,5981,10630,0,0.44622,0.13403702209672363,0,11.195972969988361
4,x,14,z,0.5,normal,0,100000,44622,5981,10630,0,0.44622,0.13403702209672363,0,11.195972969988361
4,x,13,z,0.5,normal,0,100000,74962,3845,6312,0,0.74962,0.05129265494517221,0,15.063199302996509
4,x,13,z,0.5,normal,0,100000,74962,3845,6312,0,0.74962,0.05129265494517221,0,15.063199302996509
4,x,13,x,0.5,normal,0,100000,74962,3845,6312,0,0.74962,0.05129265494517221,0,15.063199302996509
4,x,13,z,0.5,normal,0,100000,74962,3845,6312,0,0.74962,0.05129265494517221,0,15.063199302996509
4,x,2,x,0.3,normal,0,100000,70433,0,1,0,0.70433,0.0,0,9.990373667009408
4,x,2,x,0.3,normal,0,100000,70433,0,1,0,0.70433,0.0,0,9.990373667009408
4,x,2,x,0.3,normal,0,100000,70433,0,1,0,0.70433,0.0,0,9.990373667009408
4,x,2,x,0.3,normal,0,100000,70433,0,1,0,0.70433,0.0,0,9.990373667009408
4,x,11,z,0.5,normal,0,100000,71849,615,1128,0,0.71849,0.008559618087934373,0,14.79258119201404
4,x,11,x,0.5,normal,0,100000,71849,615,1128,0,0.71849,0.008559618087934373,0,14.79258119201404
4,x,11,x,0.5,normal,0,100000,71849,615,1128,0,0.71849,0.008559618087934373,0,14.79258119201404
4,x,11,z,0.5,normal,0,100000,71849,615,1128,0,0.71849,0.008559618087934373,0,14.79258119201404
4,x,3,z,0.3,normal,0,100000,80057,0,0,0,0.80057,0.0,0,11.328183492005337
4,x,3,x,0.3,normal,0,100000,80057,0,0,0,0.80057,0.0,0,11.328183492005337
4,x,3,x,0.3,normal,0,100000,80057,0,0,0,0.80057,0.0,0,11.328183492005337
4,x,3,x,0.3,normal,0,100000,80057,0,0,0,0.80057,0.0,0,11.328183492005337
4,x,15,z,0.5,normal,0,100000,77598,9480,16699,0,0.77598,0.12216809711590504,0,15.06756113600568
4,x,15,x,0.5,normal,0,100000,77598,9480,16699,0,0.77598,0.12216809711590504,0,15.06756113600568
4,x,15,z,0.5,normal,0,100000,77598,9480,16699,0,0.77598,0.12216809711590504,0,15.06756113600568
4,x,15,z,0.5,normal,0,100000,77598,9480,16699,0,0.77598,0.12216809711590504,0,15.06756113600568
4,x,5,z,0.3,normal,0,100000,72995,2,5,0,0.72995,2.7399136927175327e-05,0,11.675547780003399
4,x,5,z,0.3,normal,0,100000,72995,2,5,0,0.72995,2.7399136927175327e-05,0,11.675547780003399
4,x,5,x,0.3,normal,0,100000,72995,2,5,0,0.72995,2.7399136927175327e-05,0,11.675547780003399
4,x,5,x,0.3,normal,0,100000,72995,2,5,0,0.72995,2.7399136927175327e-05,0,11.675547780003399
4,x,4,x,0.3,normal,0,100000,71825,42,81,0,0.71825,0.0005847546119038816,0,14.948582265991718
4,x,4,z,0.3,normal,0,100000,71825,42,81,0,0.71825,0.0005847546119038816,0,14.948582265991718
4,x,4,x,0.3,normal,0,100000,71825,42,81,0,0.71825,0.0005847546119038816,0,14.948582265991718
4,x,4,x,0.3,normal,0,100000,71825,42,81,0,0.71825,0.0005847546119038816,0,14.948582265991718
4,x,6,x,0.3,normal,0,100000,68132,115,224,0,0.68132,0.0016878999589032828,0,14.926730881998083
4,x,6,x,0.3,normal,0,100000,68132,115,224,0,0.68132,0.0016878999589032828,0,14.926730881998083
4,x,6,z,0.3,normal,0,100000,68132,115,224,0,0.68132,0.0016878999589032828,0,14.926730881998083
4,x,6,x,0.3,normal,0,100000,68132,115,224,0,0.68132,0.0016878999589032828,0,14.926730881998083
4,x,8,x,0.3,normal,0,100000,70249,3658,6591,0,0.70249,0.05207191561445712,0,13.447410736000165
4,x,8,z,0.3,normal,0,100000,70249,3658,6591,0,0.70249,0.05207191561445712,0,13.447410736000165
4,x,8,z,0.3,normal,0,100000,70249,3658,6591,0,0.70249,0.05207191561445712,0,13.447410736000165
4,x,8,x,0.3,normal,0,100000,70249,3658,6591,0,0.70249,0.05207191561445712,0,13.447410736000165
4,x,9,z,0.3,normal,0,100000,100000,20,40,0,1.0,0.00019999999999997797,0,11.592683852999471
4,x,9,z,0.3,normal,0,100000,100000,20,40,0,1.0,0.00019999999999997797,0,11.592683852999471
4,x,9,z,0.3,normal,0,100000,100000,20,40,0,1.0,0.00019999999999997797,0,11.592683852999471
4,x,9,x,0.3,normal,0,100000,100000,20,40,0,1.0,0.00019999999999997797,0,11.592683852999471
4,x,10,x,0.3,normal,0,100000,67797,436,843,0,0.67797,0.006430963021962666,0,12.273535724991234
4,x,10,x,0.3,normal,0,100000,67797,436,843,0,0.67797,0.006430963021962666,0,12.273535724991234
4,x,10,x,0.3,normal,0,100000,67797,436,843,0,0.67797,0.006430963021962666,0,12.273535724991234
4,x,10,z,0.3,normal,0,100000,67797,436,843,0,0.67797,0.006430963021962666,0,12.273535724991234
4,x,7,z,0.3,normal,0,100000,79314,490,905,0,0.79314,0.006177976145447239,0,14.803691561013693
4,x,7,x,0.3,normal,0,100000,79314,490,905,0,0.79314,0.006177976145447239,0,14.803691561013693
4,x,7,z,0.3,normal,0,100000,79314,490,905,0,0.79314,0.006177976145447239,0,14.803691561013693
4,x,7,x,0.3,normal,0,100000,79314,490,905,0,0.79314,0.006177976145447239,0,14.803691561013693
4,x,2,x,0.1,normal,0,100000,89125,0,0,0,0.89125,0.0,0,9.300883718009572
4,x,2,x,0.1,normal,0,100000,89125,0,0,0,0.89125,0.0,0,9.300883718009572
4,x,2,x,0.1,normal,0,100000,89125,0,0,0,0.89125,0.0,0,9.300883718009572
4,x,2,x,0.1,normal,0,100000,89125,0,0,0,0.89125,0.0,0,9.300883718009572
4,x,12,x,0.3,normal,0,100000,59916,3937,7438,0,0.59916,0.06570865878897125,0,12.615143130009528
4,x,12,z,0.3,normal,0,100000,59916,3937,7438,0,0.59916,0.06570865878897125,0,12.615143130009528
4,x,12,x,0.3,normal,0,100000,59916,3937,7438,0,0.59916,0.06570865878897125,0,12.615143130009528
4,x,12,z,0.3,normal,0,100000,59916,3937,7438,0,0.59916,0.06570865878897125,0,12.615143130009528
4,x,14,x,0.3,normal,0,100000,61633,5116,9354,0,0.61633,0.08300747975921985,0,14.791242706007324
4,x,14,x,0.3,normal,0,100000,61633,5116,9354,0,0.61633,0.08300747975921985,0,14.791242706007324
4,x,14,z,0.3,normal,0,100000,61633,5116,9354,0,0.61633,0.08300747975921985,0,14.791242706007324
4,x,14,z,0.3,normal,0,100000,61633,5116,9354,0,0.61633,0.08300747975921985,0,14.791242706007324
4,x,3,z,0.1,normal,0,100000,92873,0,0,0,0.92873,0.0,0,10.362975578987971
4,x,3,x,0.1,normal,0,100000,92873,0,0,0,0.92873,0.0,0,10.362975578987971
4,x,3,x,0.1,normal,0,100000,92873,0,0,0,0.92873,0.0,0,10.362975578987971
4,x,3,x,0.1,normal,0,100000,92873,0,0,0,0.92873,0.0,0,10.362975578987971
4,x,13,z,0.3,normal,0,100000,83884,1749,3086,0,0.83884,0.020850221734776575,0,15.362327993992949
4,x,13,z,0.3,normal,0,100000,83884,1749,3086,0,0.83884,0.020850221734776575,0,15.362327993992949
4,x,13,x,0.3,normal,0,100000,83884,1749,3086,0,0.83884,0.020850221734776575,0,15.362327993992949
4,x,13,z,0.3,normal,0,100000,83884,1749,3086,0,0.83884,0.020850221734776575,0,15.362327993992949
4,x,5,z,0.1,normal,0,100000,90047,0,1,0,0.90047,0.0,0,9.255476327001816
4,x,5,z,0.1,normal,0,100000,90047,0,1,0,0.90047,0.0,0,9.255476327001816
4,x,5,x,0.1,normal,0,100000,90047,0,1,0,0.90047,0.0,0,9.255476327001816
4,x,5,x,0.1,normal,0,100000,90047,0,1,0,0.90047,0.0,0,9.255476327001816
4,x,11,z,0.3,normal,0,100000,82005,322,601,0,0.82005,0.003926589842082828,0,17.349632422992727
4,x,11,x,0.3,normal,0,100000,82005,322,601,0,0.82005,0.003926589842082828,0,17.349632422992727
4,x,11,x,0.3,normal,0,100000,82005,322,601,0,0.82005,0.003926589842082828,0,17.349632422992727
4,x,11,z,0.3,normal,0,100000,82005,322,601,0,0.82005,0.003926589842082828,0,17.349632422992727
4,x,4,x,0.1,normal,0,100000,89681,4,9,0,0.89681,4.4602535654192366e-05,0,13.40929915799643
4,x,4,z,0.1,normal,0,100000,89681,4,9,0,0.89681,4.4602535654192366e-05,0,13.40929915799643
4,x,4,x,0.1,normal,0,100000,89681,4,9,0,0.89681,4.4602535654192366e-05,0,13.40929915799643
4,x,4,x,0.1,normal,0,100000,89681,4,9,0,0.89681,4.4602535654192366e-05,0,13.40929915799643
4,x,6,x,0.1,normal,0,100000,88031,22,44,0,0.88031,0.00024991196283130623,0,13.626049747981597
4,x,6,x,0.1,normal,0,100000,88031,22,44,0,0.88031,0.00024991196283130623,0,13.626049747981597
4,x,6,z,0.1,normal,0,100000,88031,22,44,0,0.88031,0.00024991196283130623,0,13.626049747981597
4,x,6,x,0.1,normal,0,100000,88031,22,44,0,0.88031,0.00024991196283130623,0,13.626049747981597
4,x,15,z,0.3,normal,0,100000,85990,6596,12238,0,0.8599,0.07670659378997557,0,16.172228192008333
4,x,15,x,0.3,normal,0,100000,85990,6596,12238,0,0.8599,0.07670659378997557,0,16.172228192008333
4,x,15,z,0.3,normal,0,100000,85990,6596,12238,0,0.8599,0.07670659378997557,0,16.172228192008333
4,x,15,z,0.3,normal,0,100000,85990,6596,12238,0,0.8599,0.07670659378997557,0,16.172228192008333
4,x,8,x,0.1,normal,0,100000,88710,1504,2772,0,0.8871,0.01695412016683573,0,13.732364242023323
4,x,8,z,0.1,normal,0,100000,88710,1504,2772,0,0.8871,0.01695412016683573,0,13.732364242023323
4,x,8,z,0.1,normal,0,100000,88710,1504,2772,0,0.8871,0.01695412016683573,0,13.732364242023323
4,x,8,x,0.1,normal,0,100000,88710,1504,2772,0,0.8871,0.01695412016683573,0,13.732364242023323
4,x,9,z,0.1,normal,0,100000,100000,0,0,0,1.0,0.0,0,9.355776094977045
4,x,9,z,0.1,normal,0,100000,100000,0,0,0,1.0,0.0,0,9.355776094977045
4,x,9,z,0.1,normal,0,100000,100000,0,0,0,1.0,0.0,0,9.355776094977045
4,x,9,x,0.1,normal,0,100000,100000,0,0,0,1.0,0.0,0,9.355776094977045
4,x,2,x,1,m1,0,100000,40442,1,2,0,0.40442,2.472676920028949e-05,0,4.456697307992727
4,x,2,x,1,m1,0,100000,40442,1,2,0,0.40442,2.472676920028949e-05,0,4.456697307992727
4,x,2,x,1,m1,0,100000,40442,1,2,0,0.40442,2.472676920028949e-05,0,4.456697307992727
4,x,2,x,1,m1,0,100000,40442,1,2,0,0.40442,2.472676920028949e-05,0,4.456697307992727
4,x,7,z,0.1,normal,0,100000,92455,118,225,0,0.92455,0.0012762965767130208,0,15.489364814013243
4,x,7,x,0.1,normal,0,100000,92455,118,225,0,0.92455,0.0012762965767130208,0,15.489364814013243
4,x,7,z,0.1,normal,0,100000,92455,118,225,0,0.92455,0.0012762965767130208,0,15.489364814013243
4,x,7,x,0.1,normal,0,100000,92455,118,225,0,0.92455,0.0012762965767130208,0,15.489364814013243
4,x,10,x,0.1,normal,0,100000,87607,80,159,0,0.87607,0.0009131690390037361,0,13.457217295013834
4,x,10,x,0.1,normal,0,100000,87607,80,159,0,0.87607,0.0009131690390037361,0,13.457217295013834
4,x,10,x,0.1,normal,0,100000,87607,80,159,0,0.87607,0.0009131690390037361,0,13.457217295013834
4,x,10,z,0.1,normal,0,100000,87607,80,159,0,0.87607,0.0009131690390037361,0,13.457217295013834
4,x,5,z,1,m1,0,100000,73926,17,32,0,0.73926,0.0002299596894191902,0,2.861377009015996
4,x,5,z,1,m1,0,100000,73926,17,32,0,0.73926,0.0002299596894191902,0,2.861377009015996
4,x,5,x,1,m1,0,100000,73926,17,32,0,0.73926,0.0002299596894191902,0,2.861377009015996
4,x,5,x,1,m1,0,100000,73926,17,32,0,0.73926,0.0002299596894191902,0,2.861377009015996
4,x,3,z,1,m1,0,100000,64056,4,7,0,0.64056,6.244536030974857e-05,0,4.561481231008656
4,x,3,x,1,m1,0,100000,64056,4,7,0,0.64056,6.244536030974857e-05,0,4.561481231008656
4,x,3,x,1,m1,0,100000,64056,4,7,0,0.64056,6.244536030974857e-05,0,4.561481231008656
4,x,3,x,1,m1,0,100000,64056,4,7,0,0.64056,6.244536030974857e-05,0,4.561481231008656
4,x,14,x,0.1,normal,0,100000,84995,2378,4500,0,0.84995,0.027978116359785865,0,15.480087356001604
4,x,14,x,0.1,normal,0,100000,84995,2378,4500,0,0.84995,0.027978116359785865,0,15.480087356001604
4,x,14,z,0.1,normal,0,100000,84995,2378,4500,0,0.84995,0.027978116359785865,0,15.480087356001604
4,x,14,z,0.1,normal,0,100000,84995,2378,4500,0,0.84995,0.027978116359785865,0,15.480087356001604
4,x,12,x,0.1,normal,0,100000,84136,1738,3350,0,0.84136,0.02065703147285347,0,17.235392436006805
4,x,12,z,0.1,normal,0,100000,84136,1738,3350,0,0.84136,0.02065703147285347,0,17.235392436006805
4,x,12,x,0.1,normal,0,100000,84136,1738,3350,0,0.84136,0.02065703147285347,0,17.235392436006805
4,x,12,z,0.1,normal,0,100000,84136,1738,3350,0,0.84136,0.02065703147285347,0,17.235392436006805
4,x,9,z,1,m1,0,100000,100000,32,55,0,1.0,0.00031999999999998696,0,1.165829011995811
4,x,9,z,1,m1,0,100000,100000,32,55,0,1.0,0.00031999999999998696,0,1.165829011995811
4,x,9,z,1,m1,0,100000,100000,32,55,0,1.0,0.00031999999999998696,0,1.165829011995811
4,x,9,x,1,m1,0,100000,100000,32,55,0,1.0,0.00031999999999998696,0,1.165829011995811
4,x,4,x,1,m1,0,100000,35211,848,1625,0,0.35211,0.024083383033711048,0,9.708768618991598
4,x,4,z,1,m1,0,100000,35211,848,1625,0,0.35211,0.024083383033711048,0,9.708768618991598
4,x,4,x,1,m1,0,100000,35211,848,1625,0,0.35211,0.024083383033711048,0,9.708768618991598
4,x,4,x,1,m1,0,100000,35211,848,1625,0,0.35211,0.024083383033711048,0,9.708768618991598
4,x,11,z,0.1,normal,0,100000,93480,86,165,0,0.9348,0.0009199828840393831,0,15.280192627978977
4,x,11,x,0.1,normal,0,100000,93480,86,165,0,0.9348,0.0009199828840393831,0,15.280192627978977
4,x,11,x,0.1,normal,0,100000,93480,86,165,0,0.9348,0.0009199828840393831,0,15.280192627978977
4,x,11,z,0.1,normal,0,100000,93480,86,165,0,0.9348,0.0009199828840393831,0,15.280192627978977
4,x,13,z,0.1,normal,0,100000,94329,258,499,0,0.94329,0.002735107973157791,0,19.548635576997185
4,x,13,z,0.1,normal,0,100000,94329,258,499,0,0.94329,0.002735107973157791,0,19.548635576997185
4,x,13,x,0.1,normal,0,100000,94329,258,499,0,0.94329,0.002735107973157791,0,19.548635576997185
4,x,13,z,0.1,normal,0,100000,94329,258,499,0,0.94329,0.002735107973157791,0,19.548635576997185
4,x,6,x,1,m1,0,100000,36501,1108,2034,0,0.36501,0.030355332730610085,0,10.947457050991943
4,x,6,x,1,m1,0,100000,36501,1108,2034,0,0.36501,0.030355332730610085,0,10.947457050991943
4,x,6,z,1,m1,0,100000,36501,1108,2034,0,0.36501,0.030355332730610085,0,10.947457050991943
4,x,6,x,1,m1,0,100000,36501,1108,2034,0,0.36501,0.030355332730610085,0,10.947457050991943
4,x,15,z,0.1,normal,0,100000,95066,2564,4992,0,0.95066,0.026970736120169092,0,15.587273587007076
4,x,15,x,0.1,normal,0,100000,95066,2564,4992,0,0.95066,0.026970736120169092,0,15.587273587007076
4,x,15,z,0.1,normal,0,100000,95066,2564,4992,0,0.95066,0.026970736120169092,0,15.587273587007076
4,x,15,z,0.1,normal,0,100000,95066,2564,4992,0,0.95066,0.026970736120169092,0,15.587273587007076
4,x,7,z,1,m1,0,100000,53931,1469,2650,0,0.53931,0.027238508464519473,0,12.395129079988692
4,x,7,x,1,m1,0,100000,53931,1469,2650,0,0.53931,0.027238508464519473,0,12.395129079988692
4,x,7,z,1,m1,0,100000,53931,1469,2650,0,0.53931,0.027238508464519473,0,12.395129079988692
4,x,7,x,1,m1,0,100000,53931,1469,2650,0,0.53931,0.027238508464519473,0,12.395129079988692
4,x,8,x,1,m1,0,100000,41963,8634,16035,0,0.41963,0.20575268689083237,0,11.025533676001942
4,x,8,z,1,m1,0,100000,41963,8634,16035,0,0.41963,0.20575268689083237,0,11.025533676001942
4,x,8,z,1,m1,0,100000,41963,8634,16035,0,0.41963,0.20575268689083237,0,11.025533676001942
4,x,8,x,1,m1,0,100000,41963,8634,16035,0,0.41963,0.20575268689083237,0,11.025533676001942
4,x,2,x,0.8,m1,0,100000,48436,0,1,0,0.48436,0.0,0,3.775333169993246
4,x,2,x,0.8,m1,0,100000,48436,0,1,0,0.48436,0.0,0,3.775333169993246
4,x,2,x,0.8,m1,0,100000,48436,0,1,0,0.48436,0.0,0,3.775333169993246
4,x,2,x,0.8,m1,0,100000,48436,0,1,0,0.48436,0.0,0,3.775333169993246
4,x,12,x,1,m1,0,100000,22288,5053,9126,0,0.22288,0.22671392677674085,0,9.485219847003464
4,x,12,z,1,m1,0,100000,22288,5053,9126,0,0.22288,0.22671392677674085,0,9.485219847003464
4,x,12,x,1,m1,0,100000,22288,5053,9126,0,0.22288,0.22671392677674085,0,9.485219847003464
4,x,12,z,1,m1,0,100000,22288,5053,9126,0,0.22288,0.22671392677674085,0,9.485219847003464
4,x,10,x,1,m1,0,100000,34387,1409,2424,0,0.34387,0.040974786983453027,0,11.63018786298926
4,x,10,x,1,m1,0,100000,34387,1409,2424,0,0.34387,0.040974786983453027,0,11.63018786298926
4,x,10,x,1,m1,0,100000,34387,1409,2424,0,0.34387,0.040974786983453027,0,11.63018786298926
4,x,10,z,1,m1,0,100000,34387,1409,2424,0,0.34387,0.040974786983453027,0,11.63018786298926
4,x,14,x,1,m1,0,100000,37107,9630,16311,0,0.37107,0.25951976715983505,0,10.967125177005073
4,x,14,x,1,m1,0,100000,37107,9630,16311,0,0.37107,0.25951976715983505,0,10.967125177005073
4,x,14,z,1,m1,0,100000,37107,9630,16311,0,0.37107,0.25951976715983505,0,10.967125177005073
4,x,14,z,1,m1,0,100000,37107,9630,16311,0,0.37107,0.25951976715983505,0,10.967125177005073
4,x,5,z,0.8,m1,0,100000,78394,10,19,0,0.78394,0.00012756078271292104,0,2.3090769900009036
4,x,5,z,0.8,m1,0,100000,78394,10,19,0,0.78394,0.00012756078271292104,0,2.3090769900009036
4,x,5,x,0.8,m1,0,100000,78394,10,19,0,0.78394,0.00012756078271292104,0,2.3090769900009036
4,x,5,x,0.8,m1,0,100000,78394,10,19,0,0.78394,0.00012756078271292104,0,2.3090769900009036
4,x,3,z,0.8,m1,0,100000,69934,2,5,0,0.69934,2.859839277036258e-05,0,3.3302684520022012
4,x,3,x,0.8,m1,0,100000,69934,2,5,0,0.69934,2.859839277036258e-05,0,3.3302684520022012
4,x,3,x,0.8,m1,0,100000,69934,2,5,0,0.69934,2.859839277036258e-05,0,3.3302684520022012
4,x,3,x,0.8,m1,0,100000,69934,2,5,0,0.69934,2.859839277036258e-05,0,3.3302684520022012
4,x,13,z,1,m1,0,100000,77519,2177,3724,0,0.77519,0.02808343760884424,0,12.725324020982953
4,x,13,z,1,m1,0,100000,77519,2177,3724,0,0.77519,0.02808343760884424,0,12.725324020982953
4,x,13,x,1,m1,0,100000,77519,2177,3724,0,0.77519,0.02808343760884424,0,12.725324020982953
4,x,13,z,1,m1,0,100000,77519,2177,3724,0,0.77519,0.02808343760884424,0,12.725324020982953
4,x,9,z,0.8,m1,0,100000,100000,13,24,0,1.0,0.00012999999999996348,0,0.867581908009015
4,x,9,z,0.8,m1,0,100000,100000,13,24,0,1.0,0.00012999999999996348,0,0.867581908009015
4,x,9,z,0.8,m1,0,100000,100000,13,24,0,1.0,0.00012999999999996348,0,0.867581908009015
4,x,9,x,0.8,m1,0,100000,100000,13,24,0,1.0,0.00012999999999996348,0,0.867581908009015
4,x,11,z,1,m1,0,100000,65533,2274,4082,0,0.65533,0.034700074771489176,0,14.09861847598222
4,x,11,x,1,m1,0,100000,65533,2274,4082,0,0.65533,0.034700074771489176,0,14.09861847598222
4,x,11,x,1,m1,0,100000,65533,2274,4082,0,0.65533,0.034700074771489176,0,14.09861847598222
4,x,11,z,1,m1,0,100000,65533,2274,4082,0,0.65533,0.034700074771489176,0,14.09861847598222
4,x,4,x,0.8,m1,0,100000,43474,682,1309,0,0.43474,0.01568753737866313,0,9.92637438501697
4,x,4,z,0.8,m1,0,100000,43474,682,1309,0,0.43474,0.01568753737866313,0,9.92637438501697
4,x,4,x,0.8,m1,0,100000,43474,682,1309,0,0.43474,0.01568753737866313,0,9.92637438501697
4,x,4,x,0.8,m1,0,100000,43474,682,1309,0,0.43474,0.01568753737866313,0,9.92637438501697
4,x,15,z,1,m1,0,100000,59048,9126,15545,0,0.59048,0.15455222869529872,0,14.623703577002743
4,x,15,x,1,m1,0,100000,59048,9126,15545,0,0.59048,0.15455222869529872,0,14.623703577002743
4,x,15,z,1,m1,0,100000,59048,9126,15545,0,0.59048,0.15455222869529872,0,14.623703577002743
4,x,15,z,1,m1,0,100000,59048,9126,15545,0,0.59048,0.15455222869529872,0,14.623703577002743
4,x,6,x,0.8,m1,0,100000,44613,901,1646,0,0.44613,0.020195907022616755,0,12.140408261009725
4,x,6,x,0.8,m1,0,100000,44613,901,1646,0,0.44613,0.020195907022616755,0,12.140408261009725
4,x,6,z,0.8,m1,0,100000,44613,901,1646,0,0.44613,0.020195907022616755,0,12.140408261009725
4,x,6,x,0.8,m1,0,100000,44613,901,1646,0,0.44613,0.020195907022616755,0,12.140408261009725
4,x,8,x,0.8,m1,0,100000,49519,8438,15720,0,0.49519,0.17039924069549062,0,11.120365604991093
4,x,8,z,0.8,m1,0,100000,49519,8438,15720,0,0.49519,0.17039924069549062,0,11.120365604991093
4,x,8,z,0.8,m1,0,100000,49519,8438,15720,0,0.49519,0.17039924069549062,0,11.120365604991093
4,x,8,x,0.8,m1,0,100000,49519,8438,15720,0,0.49519,0.17039924069549062,0,11.120365604991093
4,x,2,x,0.5,m1,0,100000,63438,0,0,0,0.63438,0.0,0,2.830813995009521
4,x,2,x,0.5,m1,0,100000,63438,0,0,0,0.63438,0.0,0,2.830813995009521
4,x,2,x,0.5,m1,0,100000,63438,0,0,0,0.63438,0.0,0,2.830813995009521
4,x,2,x,0.5,m1,0,100000,63438,0,0,0,0.63438,0.0,0,2.830813995009521
4,x,7,z,0.8,m1,0,100000,60896,1138,2070,0,0.60896,0.018687598528638993,0,13.174771625985159
4,x,7,x,0.8,m1,0,100000,60896,1138,2070,0,0.60896,0.018687598528638993,0,13.174771625985159
4,x,7,z,0.8,m1,0,100000,60896,1138,2070,0,0.60896,0.018687598528638993,0,13.174771625985159
4,x,7,x,0.8,m1,0,100000,60896,1138,2070,0,0.60896,0.018687598528638993,0,13.174771625985159
4,x,10,x,0.8,m1,0,100000,41877,1188,2104,0,0.41877,0.028368794326241176,0,10.43265519401757
4,x,10,x,0.8,m1,0,100000,41877,1188,2104,0,0.41877,0.028368794326241176,0,10.43265519401757
4,x,10,x,0.8,m1,0,100000,41877,1188,2104,0,0.41877,0.028368794326241176,0,10.43265519401757
4,x,10,z,0.8,m1,0,100000,41877,1188,2104,0,0.41877,0.028368794326241176,0,10.43265519401757
4,x,12,x,0.8,m1,0,100000,29932,5534,10107,0,0.29932,0.18488574101296273,0,10.045581605983898
4,x,12,z,0.8,m1,0,100000,29932,5534,10107,0,0.29932,0.18488574101296273,0,10.045581605983898
4,x,12,x,0.8,m1,0,100000,29932,5534,10107,0,0.29932,0.18488574101296273,0,10.045581605983898
4,x,12,z,0.8,m1,0,100000,29932,5534,10107,0,0.29932,0.18488574101296273,0,10.045581605983898
4,x,14,x,0.8,m1,0,100000,45217,10057,17350,0,0.45217,0.22241634783377928,0,10.886145055002999
4,x,14,x,0.8,m1,0,100000,45217,10057,17350,0,0.45217,0.22241634783377928,0,10.886145055002999
4,x,14,z,0.8,m1,0,100000,45217,10057,17350,0,0.45217,0.22241634783377928,0,10.886145055002999
4,x,14,z,0.8,m1,0,100000,45217,10057,17350,0,0.45217,0.22241634783377928,0,10.886145055002999
4,x,5,z,0.5,m1,0,100000,85934,4,5,0,0.85934,4.654735029208101e-05,0,2.0907116899907123
4,x,5,z,0.5,m1,0,100000,85934,4,5,0,0.85934,4.654735029208101e-05,0,2.0907116899907123
4,x,5,x,0.5,m1,0,100000,85934,4,5,0,0.85934,4.654735029208101e-05,0,2.0907116899907123
4,x,5,x,0.5,m1,0,100000,85934,4,5,0,0.85934,4.654735029208101e-05,0,2.0907116899907123
4,x,3,z,0.5,m1,0,100000,79986,0,1,0,0.79986,0.0,0,2.694358534005005
4,x,3,x,0.5,m1,0,100000,79986,0,1,0,0.79986,0.0,0,2.694358534005005
4,x,3,x,0.5,m1,0,100000,79986,0,1,0,0.79986,0.0,0,2.694358534005005
4,x,3,x,0.5,m1,0,100000,79986,0,1,0,0.79986,0.0,0,2.694358534005005
4,x,9,z,0.5,m1,0,100000,100000,2,3,0,1.0,2.0000000000020002e-05,0,0.9044336070073768
4,x,9,z,0.5,m1,0,100000,100000,2,3,0,1.0,2.0000000000020002e-05,0,0.9044336070073768
4,x,9,z,0.5,m1,0,100000,100000,2,3,0,1.0,2.0000000000020002e-05,0,0.9044336070073768
4,x,9,x,0.5,m1,0,100000,100000,2,3,0,1.0,2.0000000000020002e-05,0,0.9044336070073768
4,x,11,z,0.8,m1,0,100000,71200,1714,3098,0,0.712,0.024073033707865177,0,14.428875951998634
4,x,11,x,0.8,m1,0,100000,71200,1714,3098,0,0.712,0.024073033707865177,0,14.428875951998634
4,x,11,x,0.8,m1,0,100000,71200,1714,3098,0,0.712,0.024073033707865177,0,14.428875951998634
4,x,11,z,0.8,m1,0,100000,71200,1714,3098,0,0.712,0.024073033707865177,0,14.428875951998634
4,x,13,z,0.8,m1,0,100000,81691,1562,2753,0,0.81691,0.019120833384338565,0,13.82053660901147
4,x,13,z,0.8,m1,0,100000,81691,1562,2753,0,0.81691,0.019120833384338565,0,13.82053660901147
4,x,13,x,0.8,m1,0,100000,81691,1562,2753,0,0.81691,0.019120833384338565,0,13.82053660901147
4,x,13,z,0.8,m1,0,100000,81691,1562,2753,0,0.81691,0.019120833384338565,0,13.82053660901147
4,x,4,x,0.5,m1,0,100000,59257,366,719,0,0.59257,0.0061764854785089085,0,10.345870365010342
4,x,4,z,0.5,m1,0,100000,59257,366,719,0,0.59257,0.0061764854785089085,0,10.345870365010342
4,x,4,x,0.5,m1,0,100000,59257,366,719,0,0.59257,0.0061764854785089085,0,10.345870365010342
4,x,4,x,0.5,m1,0,100000,59257,366,719,0,0.59257,0.0061764854785089085,0,10.345870365010342
4,x,15,z,0.8,m1,0,100000,65652,8386,14681,0,0.65652,0.12773411320294892,0,16.3606058320147
4,x,15,x,0.8,m1,0,100000,65652,8386,14681,0,0.65652,0.12773411320294892,0,16.3606058320147
4,x,15,z,0.8,m1,0,100000,65652,8386,14681,0,0.65652,0.12773411320294892,0,16.3606058320147
4,x,15,z,0.8,m1,0,100000,65652,8386,14681,0,0.65652,0.12773411320294892,0,16.3606058320147
4,x,6,x,0.5,m1,0,100000,60146,497,932,0,0.60146,0.00826322614970243,0,11.696564288984518
4,x,6,x,0.5,m1,0,100000,60146,497,932,0,0.60146,0.00826322614970243,0,11.696564288984518
4,x,6,z,0.5,m1,0,100000,60146,497,932,0,0.60146,0.00826322614970243,0,11.696564288984518
4,x,6,x,0.5,m1,0,100000,60146,497,932,0,0.60146,0.00826322614970243,0,11.696564288984518
4,x,7,z,0.5,m1,0,100000,72968,585,1098,0,0.72968,0.00801721302488767,0,11.323865982005373
4,x,7,x,0.5,m1,0,100000,72968,585,1098,0,0.72968,0.00801721302488767,0,11.323865982005373
4,x,7,z,0.5,m1,0,100000,72968,585,1098,0,0.72968,0.00801721302488767,0,11.323865982005373
4,x,7,x,0.5,m1,0,100000,72968,585,1098,0,0.72968,0.00801721302488767,0,11.323865982005373
4,x,8,x,0.5,m1,0,100000,64084,7035,13220,0,0.64084,0.10977779164846135,0,11.77079156099353
4,x,8,z,0.5,m1,0,100000,64084,7035,13220,0,0.64084,0.10977779164846135,0,11.77079156099353
4,x,8,z,0.5,m1,0,100000,64084,7035,13220,0,0.64084,0.10977779164846135,0,11.77079156099353
4,x,8,x,0.5,m1,0,100000,64084,7035,13220,0,0.64084,0.10977779164846135,0,11.77079156099353
4,x,2,x,0.3,m1,0,100000,76214,0,0,0,0.76214,0.0,0,2.064939358009724
4,x,2,x,0.3,m1,0,100000,76214,0,0,0,0.76214,0.0,0,2.064939358009724
4,x,2,x,0.3,m1,0,100000,76214,0,0,0,0.76214,0.0,0,2.064939358009724
4,x,2,x,0.3,m1,0,100000,76214,0,0,0,0.76214,0.0,0,2.064939358009724
4,x,3,z,0.3,m1,0,100000,87511,0,0,0,0.87511,0.0,0,1.5505608079838566
4,x,3,x,0.3,m1,0,100000,87511,0,0,0,0.87511,0.0,0,1.5505608079838566
4,x,3,x,0.3,m1,0,100000,87511,0,0,0,0.87511,0.0,0,1.5505608079838566
4,x,3,x,0.3,m1,0,100000,87511,0,0,0,0.87511,0.0,0,1.5505608079838566
4,x,12,x,0.5,m1,0,100000,46904,5662,10455,0,0.46904,0.12071465120245606,0,12.217252059985185
4,x,12,z,0.5,m1,0,100000,46904,5662,10455,0,0.46904,0.12071465120245606,0,12.217252059985185
4,x,12,x,0.5,m1,0,100000,46904,5662,10455,0,0.46904,0.12071465120245606,0,12.217252059985185
4,x,12,z,0.5,m1,0,100000,46904,5662,10455,0,0.46904,0.12071465120245606,0,12.217252059985185
4,x,5,z,0.3,m1,0,100000,91072,1,2,0,0.91072,1.0980323260745273e-05,0,1.1279266100027598
4,x,5,z,0.3,m1,0,100000,91072,1,2,0,0.91072,1.0980323260745273e-05,0,1.1279266100027598
4,x,5,x,0.3,m1,0,100000,91072,1,2,0,0.91072,1.0980323260745273e-05,0,1.1279266100027598
4,x,5,x,0.3,m1,0,100000,91072,1,2,0,0.91072,1.0980323260745273e-05,0,1.1279266100027598
4,x,10,x,0.5,m1,0,100000,57488,730,1353,0,0.57488,0.012698302254383509,0,14.119273809017614
4,x,10,x,0.5,m1,0,100000,57488,730,1353,0,0.57488,0.012698302254383509,0,14.119273809017614
4,x,10,x,0.5,m1,0,100000,57488,730,1353,0,0.57488,0.012698302254383509,0,14.119273809017614
4,x,10,z,0.5,m1,0,100000,57488,730,1353,0,0.57488,0.012698302254383509,0,14.119273809017614
4,x,13,z,0.5,m1,0,100000,87906,714,1336,0,0.87906,0.008122312470138504,0,11.670512298995163
4,x,13,z,0.5,m1,0,100000,87906,714,1336,0,0.87906,0.008122312470138504,0,11.670512298995163
4,x,13,x,0.5,m1,0,100000,87906,714,1336,0,0.87906,0.008122312470138504,0,11.670512298995163
4,x,13,z,0.5,m1,0,100000,87906,714,1336,0,0.87906,0.008122312470138504,0,11.670512298995163
4,x,9,z,0.3,m1,0,100000,100000,0,0,0,1.0,0.0,0,0.4632518629950937
4,x,9,z,0.3,m1,0,100000,100000,0,0,0,1.0,0.0,0,0.4632518629950937
4,x,9,z,0.3,m1,0,100000,100000,0,0,0,1.0,0.0,0,0.4632518629950937
4,x,9,x,0.3,m1,0,100000,100000,0,0,0,1.0,0.0,0,0.4632518629950937
4,x,11,z,0.5,m1,0,100000,80928,824,1554,0,0.80928,0.010181890075128486,0,14.335529778007185
4,x,11,x,0.5,m1,0,100000,80928,824,1554,0,0.80928,0.010181890075128486,0,14.335529778007185
4,x,11,x,0.5,m1,0,100000,80928,824,1554,0,0.80928,0.010181890075128486,0,14.335529778007185
4,x,11,z,0.5,m1,0,100000,80928,824,1554,0,0.80928,0.010181890075128486,0,14.335529778007185
4,x,14,x,0.5,m1,0,100000,60650,9143,16376,0,0.6065,0.1507502061005771,0,13.286786305019632
4,x,14,x,0.5,m1,0,100000,60650,9143,16376,0,0.6065,0.1507502061005771,0,13.286786305019632
4,x,14,z,0.5,m1,0,100000,60650,9143,16376,0,0.6065,0.1507502061005771,0,13.286786305019632
4,x,14,z,0.5,m1,0,100000,60650,9143,16376,0,0.6065,0.1507502061005771,0,13.286786305019632
4,x,4,x,0.3,m1,0,100000,73179,166,325,0,0.73179,0.002268410336298654,0,9.47292986899265
4,x,4,z,0.3,m1,0,100000,73179,166,325,0,0.73179,0.002268410336298654,0,9.47292986899265
4,x,4,x,0.3,m1,0,100000,73179,166,325,0,0.73179,0.002268410336298654,0,9.47292986899265
4,x,4,x,0.3,m1,0,100000,73179,166,325,0,0.73179,0.002268410336298654,0,9.47292986899265
4,x,15,z,0.5,m1,0,100000,76805,6512,11947,0,0.76805,0.08478614673523854,0,14.808890516025713
4,x,15,x,0.5,m1,0,100000,76805,6512,11947,0,0.76805,0.08478614673523854,0,14.808890516025713
4,x,15,z,0.5,m1,0,100000,76805,6512,11947,0,0.76805,0.08478614673523854,0,14.808890516025713
4,x,15,z,0.5,m1,0,100000,76805,6512,11947,0,0.76805,0.08478614673523854,0,14.808890516025713
4,x,6,x,0.3,m1,0,100000,73558,252,484,0,0.73558,0.003425868022512879,0,13.744992199004628
4,x,6,x,0.3,m1,0,100000,73558,252,484,0,0.73558,0.003425868022512879,0,13.744992199004628
4,x,6,z,0.3,m1,0,100000,73558,252,484,0,0.73558,0.003425868022512879,0,13.744992199004628
4,x,6,x,0.3,m1,0,100000,73558,252,484,0,0.73558,0.003425868022512879,0,13.744992199004628
4,x,2,x,0.1,m1,0,100000,91234,0,0,0,0.91234,0.0,0,0.9527087370224763
4,x,2,x,0.1,m1,0,100000,91234,0,0,0,0.91234,0.0,0,0.9527087370224763
4,x,2,x,0.1,m1,0,100000,91234,0,0,0,0.91234,0.0,0,0.9527087370224763
4,x,2,x,0.1,m1,0,100000,91234,0,0,0,0.91234,0.0,0,0.9527087370224763
4,x,7,z,0.3,m1,0,100000,82623,284,522,0,0.82623,0.0034372995412899066,0,10.452083231008146
4,x,7,x,0.3,m1,0,100000,82623,284,522,0,0.82623,0.0034372995412899066,0,10.452083231008146
4,x,7,z,0.3,m1,0,100000,82623,284,522,0,0.82623,0.0034372995412899066,0,10.452083231008146
4,x,7,x,0.3,m1,0,100000,82623,284,522,0,0.82623,0.0034372995412899066,0,10.452083231008146
4,x,8,x,0.3,m1,0,100000,76347,5214,9889,0,0.76347,0.06829344964438677,0,12.437125915981596
4,x,8,z,0.3,m1,0,100000,76347,5214,9889,0,0.76347,0.06829344964438677,0,12.437125915981596
4,x,8,z,0.3,m1,0,100000,76347,5214,9889,0,0.76347,0.06829344964438677,0,12.437125915981596
4,x,8,x,0.3,m1,0,100000,76347,5214,9889,0,0.76347,0.06829344964438677,0,12.437125915981596
4,x,5,z,0.1,m1,0,100000,96971,0,0,0,0.96971,0.0,0,0.6075760670064483
4,x,5,z,0.1,m1,0,100000,96971,0,0,0,0.96971,0.0,0,0.6075760670064483
4,x,5,x,0.1,m1,0,100000,96971,0,0,0,0.96971,0.0,0,0.6075760670064483
4,x,5,x,0.1,m1,0,100000,96971,0,0,0,0.96971,0.0,0,0.6075760670064483
4,x,10,x,0.3,m1,0,100000,71302,399,748,0,0.71302,0.005595915963086617,0,13.149536741984775
4,x,10,x,0.3,m1,0,100000,71302,399,748,0,0.71302,0.005595915963086617,0,13.149536741984775
4,x,10,x,0.3,m1,0,100000,71302,399,748,0,0.71302,0.005595915963086617,0,13.149536741984775
4,x,10,z,0.3,m1,0,100000,71302,399,748,0,0.71302,0.005595915963086617,0,13.149536741984775
4,x,13,z,0.3,m1,0,100000,92664,313,600,0,0.92664,0.0033777950444616733,0,10.16599804899306
4,x,13,z,0.3,m1,0,100000,92664,313,600,0,0.92664,0.0033777950444616733,0,10.16599804899306
4,x,13,x,0.3,m1,0,100000,92664,313,600,0,0.92664,0.0033777950444616733,0,10.16599804899306
4,x,13,z,0.3,m1,0,100000,92664,313,600,0,0.92664,0.0033777950444616733,0,10.16599804899306
4,x,3,z,0.1,m1,0,100000,95504,0,0,0,0.95504,0.0,0,0.7940541440038942
4,x,3,x,0.1,m1,0,100000,95504,0,0,0,0.95504,0.0,0,0.7940541440038942
4,x,3,x,0.1,m1,0,100000,95504,0,0,0,0.95504,0.0,0,0.7940541440038942
4,x,3,x,0.1,m1,0,100000,95504,0,0,0,0.95504,0.0,0,0.7940541440038942
4,x,12,x,0.3,m1,0,100000,63178,4648,8695,0,0.63178,0.07356991357751119,0,13.134741326008225
4,x,12,z,0.3,m1,0,100000,63178,4648,8695,0,0.63178,0.07356991357751119,0,13.134741326008225
4,x,12,x,0.3,m1,0,100000,63178,4648,8695,0,0.63178,0.07356991357751119,0,13.134741326008225
4,x,12,z,0.3,m1,0,100000,63178,4648,8695,0,0.63178,0.07356991357751119,0,13.134741326008225
4,x,9,z,0.1,m1,0,100000,100000,0,0,0,1.0,0.0,0,0.2967827020038385
4,x,9,z,0.1,m1,0,100000,100000,0,0,0,1.0,0.0,0,0.2967827020038385
4,x,9,z,0.1,m1,0,100000,100000,0,0,0,1.0,0.0,0,0.2967827020038385
4,x,9,x,0.1,m1,0,100000,100000,0,0,0,1.0,0.0,0,0.2967827020038385
4,x,14,x,0.3,m1,0,100000,74301,6991,12824,0,0.74301,0.09409025450532293,0,12.834553059015889
4,x,14,x,0.3,m1,0,100000,74301,6991,12824,0,0.74301,0.09409025450532293,0,12.834553059015889
4,x,14,z,0.3,m1,0,100000,74301,6991,12824,0,0.74301,0.09409025450532293,0,12.834553059015889
4,x,14,z,0.3,m1,0,100000,74301,6991,12824,0,0.74301,0.09409025450532293,0,12.834553059015889
4,x,4,x,0.1,m1,0,100000,89912,18,37,0,0.89912,0.000200195746952625,0,8.229243701003725
4,x,4,z,0.1,m1,0,100000,89912,18,37,0,0.89912,0.000200195746952625,0,8.229243701003725
4,x,4,x,0.1,m1,0,100000,89912,18,37,0,0.89912,0.000200195746952625,0,8.229243701003725
4,x,4,x,0.1,m1,0,100000,89912,18,37,0,0.89912,0.000200195746952625,0,8.229243701003725
4,x,11,z,0.3,m1,0,100000,87952,356,689,0,0.87952,0.004047662361287951,0,16.385006651980802
4,x,11,x,0.3,m1,0,100000,87952,356,689,0,0.87952,0.004047662361287951,0,16.385006651980802
4,x,11,x,0.3,m1,0,100000,87952,356,689,0,0.87952,0.004047662361287951,0,16.385006651980802
4,x,11,z,0.3,m1,0,100000,87952,356,689,0,0.87952,0.004047662361287951,0,16.385006651980802
4,x,15,z,0.3,m1,0,100000,85425,4398,8320,0,0.85425,0.05148375768217739,0,16.194796435011085
4,x,15,x,0.3,m1,0,100000,85425,4398,8320,0,0.85425,0.05148375768217739,0,16.194796435011085
4,x,15,z,0.3,m1,0,100000,85425,4398,8320,0,0.85425,0.05148375768217739,0,16.194796435011085
4,x,15,z,0.3,m1,0,100000,85425,4398,8320,0,0.85425,0.05148375768217739,0,16.194796435011085
4,x,7,z,0.1,m1,0,100000,93805,58,115,0,0.93805,0.0006183039283620406,0,9.582042309019016
4,x,7,x,0.1,m1,0,100000,93805,58,115,0,0.93805,0.0006183039283620406,0,9.582042309019016
4,x,7,z,0.1,m1,0,100000,93805,58,115,0,0.93805,0.0006183039283620406,0,9.582042309019016
4,x,7,x,0.1,m1,0,100000,93805,58,115,0,0.93805,0.0006183039283620406,0,9.582042309019016
4,x,6,x,0.1,m1,0,100000,90247,54,103,0,0.90247,0.0005983578401498324,0,12.906400067993673
4,x,6,x,0.1,m1,0,100000,90247,54,103,0,0.90247,0.0005983578401498324,0,12.906400067993673
4,x,6,z,0.1,m1,0,100000,90247,54,103,0,0.90247,0.0005983578401498324,0,12.906400067993673
4,x,6,x,0.1,m1,0,100000,90247,54,103,0,0.90247,0.0005983578401498324,0,12.906400067993673
4,x,13,z,0.1,m1,0,100000,97517,50,99,0,0.97517,0.0005127311135494361,0,9.056752193020657
4,x,13,z,0.1,m1,0,100000,97517,50,99,0,0.97517,0.0005127311135494361,0,9.056752193020657
4,x,13,x,0.1,m1,0,100000,97517,50,99,0,0.97517,0.0005127311135494361,0,9.056752193020657
4,x,13,z,0.1,m1,0,100000,97517,50,99,0,0.97517,0.0005127311135494361,0,9.056752193020657
4,x,12,x,0.1,m1,0,100000,85769,2220,4202,0,0.85769,0.025883477713392944,0,13.94242228200892
4,x,12,z,0.1,m1,0,100000,85769,2220,4202,0,0.85769,0.025883477713392944,0,13.94242228200892
4,x,12,x,0.1,m1,0,100000,85769,2220,4202,0,0.85769,0.025883477713392944,0,13.94242228200892
4,x,12,z,0.1,m1,0,100000,85769,2220,4202,0,0.85769,0.025883477713392944,0,13.94242228200892
4,x,8,x,0.1,m1,0,100000,91331,2092,3983,0,0.91331,0.022905694671031762,0,17.29511938401265
4,x,8,z,0.1,m1,0,100000,91331,2092,3983,0,0.91331,0.022905694671031762,0,17.29511938401265
4,x,8,z,0.1,m1,0,100000,91331,2092,3983,0,0.91331,0.022905694671031762,0,17.29511938401265
4,x,8,x,0.1,m1,0,100000,91331,2092,3983,0,0.91331,0.022905694671031762,0,17.29511938401265
4,x,10,x,0.1,m1,0,100000,89159,108,211,0,0.89159,0.0012113191040724614,0,15.989770597021561
4,x,10,x,0.1,m1,0,100000,89159,108,211,0,0.89159,0.0012113191040724614,0,15.989770597021561
4,x,10,x,0.1,m1,0,100000,89159,108,211,0,0.89159,0.0012113191040724614,0,15.989770597021561
4,x,10,z,0.1,m1,0,100000,89159,108,211,0,0.89159,0.0012113191040724614,0,15.989770597021561
4,x,11,z,0.1,m1,0,100000,95875,59,114,0,0.95875,0.0006153846153845732,0,14.718122293998022
4,x,11,x,0.1,m1,0,100000,95875,59,114,0,0.95875,0.0006153846153845732,0,14.718122293998022
4,x,11,x,0.1,m1,0,100000,95875,59,114,0,0.95875,0.0006153846153845732,0,14.718122293998022
4,x,11,z,0.1,m1,0,100000,95875,59,114,0,0.95875,0.0006153846153845732,0,14.718122293998022
4,x,14,x,0.1,m1,0,100000,90511,3005,5706,0,0.90511,0.03320038448365392,0,14.767187778983498
4,x,14,x,0.1,m1,0,100000,90511,3005,5706,0,0.90511,0.03320038448365392,0,14.767187778983498
4,x,14,z,0.1,m1,0,100000,90511,3005,5706,0,0.90511,0.03320038448365392,0,14.767187778983498
4,x,14,z,0.1,m1,0,100000,90511,3005,5706,0,0.90511,0.03320038448365392,0,14.767187778983498
4,z,3,x,1,normal,0,100000,33017,5737,9796,0,0.33017,0.17375897265045281,0,10.376656384993112
4,z,3,z,1,normal,0,100000,33017,5737,9796,0,0.33017,0.17375897265045281,0,10.376656384993112
4,z,3,x,1,normal,0,100000,33017,5737,9796,0,0.33017,0.17375897265045281,0,10.376656384993112
4,z,3,x,1,normal,0,100000,33017,5737,9796,0,0.33017,0.17375897265045281,0,10.376656384993112
4,z,2,z,1,normal,0,100000,47567,8661,14162,0,0.47567,0.18208001345470604,0,13.291147704992909
4,z,2,x,1,normal,0,100000,47567,8661,14162,0,0.47567,0.18208001345470604,0,13.291147704992909
4,z,2,x,1,normal,0,100000,47567,8661,14162,0,0.47567,0.18208001345470604,0,13.291147704992909
4,z,2,x,1,normal,0,100000,47567,8661,14162,0,0.47567,0.18208001345470604,0,13.291147704992909
4,z,5,x,1,normal,0,100000,27961,5239,9730,0,0.27961,0.18736811988126323,0,10.775589424010832
4,z,5,x,1,normal,0,100000,27961,5239,9730,0,0.27961,0.18736811988126323,0,10.775589424010832
4,z,5,z,1,normal,0,100000,27961,5239,9730,0,0.27961,0.18736811988126323,0,10.775589424010832
4,z,5,x,1,normal,0,100000,27961,5239,9730,0,0.27961,0.18736811988126323,0,10.775589424010832
4,x,15,z,0.1,m1,0,100000,94900,1722,3391,0,0.949,0.018145416227608013,0,18.9603963860136
4,x,15,x,0.1,m1,0,100000,94900,1722,3391,0,0.949,0.018145416227608013,0,18.9603963860136
4,x,15,z,0.1,m1,0,100000,94900,1722,3391,0,0.949,0.018145416227608013,0,18.9603963860136
4,x,15,z,0.1,m1,0,100000,94900,1722,3391,0,0.949,0.018145416227608013,0,18.9603963860136
4,z,7,x,1,normal,0,100000,34145,533,978,0,0.34145,0.015609898960316282,0,9.964896249002777
4,z,7,z,1,normal,0,100000,34145,533,978,0,0.34145,0.015609898960316282,0,9.964896249002777
4,z,7,z,1,normal,0,100000,34145,533,978,0,0.34145,0.015609898960316282,0,9.964896249002777
4,z,7,x,1,normal,0,100000,34145,533,978,0,0.34145,0.015609898960316282,0,9.964896249002777
4,z,9,x,1,normal,0,100000,28712,9186,16875,0,0.28712,0.31993591529674004,0,9.749851073982427
4,z,9,x,1,normal,0,100000,28712,9186,16875,0,0.28712,0.31993591529674004,0,9.749851073982427
4,z,9,x,1,normal,0,100000,28712,9186,16875,0,0.28712,0.31993591529674004,0,9.749851073982427
4,z,9,z,1,normal,0,100000,28712,9186,16875,0,0.28712,0.31993591529674004,0,9.749851073982427
4,z,4,z,1,normal,0,100000,37037,1430,2442,0,0.37037,0.038610038610038644,0,14.022954607993597
4,z,4,z,1,normal,0,100000,37037,1430,2442,0,0.37037,0.038610038610038644,0,14.022954607993597
4,z,4,x,1,normal,0,100000,37037,1430,2442,0,0.37037,0.038610038610038644,0,14.022954607993597
4,z,4,x,1,normal,0,100000,37037,1430,2442,0,0.37037,0.038610038610038644,0,14.022954607993597
4,z,11,x,1,normal,0,100000,19604,244,464,0,0.19604,0.012446439502142415,0,9.550532011024188
4,z,11,z,1,normal,0,100000,19604,244,464,0,0.19604,0.012446439502142415,0,9.550532011024188
4,z,11,x,1,normal,0,100000,19604,244,464,0,0.19604,0.012446439502142415,0,9.550532011024188
4,z,11,z,1,normal,0,100000,19604,244,464,0,0.19604,0.012446439502142415,0,9.550532011024188
4,z,8,z,1,normal,0,100000,100000,498,868,0,1.0,0.0049799999999999844,0,15.338037763984175
4,z,8,z,1,normal,0,100000,100000,498,868,0,1.0,0.0049799999999999844,0,15.338037763984175
4,z,8,z,1,normal,0,100000,100000,498,868,0,1.0,0.0049799999999999844,0,15.338037763984175
4,z,8,x,1,normal,0,100000,100000,498,868,0,1.0,0.0049799999999999844,0,15.338037763984175
4,z,6,z,1,normal,0,100000,50674,2337,4098,0,0.50674,0.04611832497927937,0,15.849115233984776
4,z,6,x,1,normal,0,100000,50674,2337,4098,0,0.50674,0.04611832497927937,0,15.849115233984776
4,z,6,z,1,normal,0,100000,50674,2337,4098,0,0.50674,0.04611832497927937,0,15.849115233984776
4,z,6,x,1,normal,0,100000,50674,2337,4098,0,0.50674,0.04611832497927937,0,15.849115233984776
4,z,13,x,1,normal,0,100000,20443,174,329,0,0.20443,0.008511470919141062,0,12.116333493002458
4,z,13,x,1,normal,0,100000,20443,174,329,0,0.20443,0.008511470919141062,0,12.116333493002458
4,z,13,z,1,normal,0,100000,20443,174,329,0,0.20443,0.008511470919141062,0,12.116333493002458
4,z,13,z,1,normal,0,100000,20443,174,329,0,0.20443,0.008511470919141062,0,12.116333493002458
4,z,12,z,1,normal,0,100000,56214,98,169,0,0.56214,0.0017433379585156672,0,13.270351059996756
4,z,12,z,1,normal,0,100000,56214,98,169,0,0.56214,0.0017433379585156672,0,13.270351059996756
4,z,12,x,1,normal,0,100000,56214,98,169,0,0.56214,0.0017433379585156672,0,13.270351059996756
4,z,12,z,1,normal,0,100000,56214,98,169,0,0.56214,0.0017433379585156672,0,13.270351059996756
4,z,10,z,1,normal,0,100000,51721,1032,1897,0,0.51721,0.019953210494770057,0,13.27214314500452
4,z,10,x,1,normal,0,100000,51721,1032,1897,0,0.51721,0.019953210494770057,0,13.27214314500452
4,z,10,x,1,normal,0,100000,51721,1032,1897,0,0.51721,0.019953210494770057,0,13.27214314500452
4,z,10,z,1,normal,0,100000,51721,1032,1897,0,0.51721,0.019953210494770057,0,13.27214314500452
4,z,15,x,1,normal,0,100000,46521,2,5,0,0.46521,4.2991337245501526e-05,0,11.398503787990194
4,z,15,z,1,normal,0,100000,46521,2,5,0,0.46521,4.2991337245501526e-05,0,11.398503787990194
4,z,15,z,1,normal,0,100000,46521,2,5,0,0.46521,4.2991337245501526e-05,0,11.398503787990194
4,z,15,z,1,normal,0,100000,46521,2,5,0,0.46521,4.2991337245501526e-05,0,11.398503787990194
4,z,3,x,0.8,normal,0,100000,41211,5927,10334,0,0.41211,0.14382082453713818,0,13.140335633012
4,z,3,z,0.8,normal,0,100000,41211,5927,10334,0,0.41211,0.14382082453713818,0,13.140335633012
4,z,3,x,0.8,normal,0,100000,41211,5927,10334,0,0.41211,0.14382082453713818,0,13.140335633012
4,z,3,x,0.8,normal,0,100000,41211,5927,10334,0,0.41211,0.14382082453713818,0,13.140335633012
4,z,14,z,1,normal,0,100000,60091,3,6,0,0.60091,4.9924281506408263e-05,0,11.933303313999204
4,z,14,x,1,normal,0,100000,60091,3,6,0,0.60091,4.9924281506408263e-05,0,11.933303313999204
4,z,14,z,1,normal,0,100000,60091,3,6,0,0.60091,4.9924281506408263e-05,0,11.933303313999204
4,z,14,z,1,normal,0,100000,60091,3,6,0,0.60091,4.9924281506408263e-05,0,11.933303313999204
4,z,2,z,0.8,normal,0,100000,55070,8344,14195,0,0.5507,0.15151625204285457,0,13.610894229001133
4,z,2,x,0.8,normal,0,100000,55070,8344,14195,0,0.5507,0.15151625204285457,0,13.610894229001133
4,z,2,x,0.8,normal,0,100000,55070,8344,14195,0,0.5507,0.15151625204285457,0,13.610894229001133
4,z,2,x,0.8,normal,0,100000,55070,8344,14195,0,0.5507,0.15151625204285457,0,13.610894229001133
4,z,5,x,0.8,normal,0,100000,36114,5652,10564,0,0.36114,0.15650440272470512,0,10.860353306983598
4,z,5,x,0.8,normal,0,100000,36114,5652,10564,0,0.36114,0.15650440272470512,0,10.860353306983598
4,z,5,z,0.8,normal,0,100000,36114,5652,10564,0,0.36114,0.15650440272470512,0,10.860353306983598
4,z,5,x,0.8,normal,0,100000,36114,5652,10564,0,0.36114,0.15650440272470512,0,10.860353306983598
4,z,4,z,0.8,normal,0,100000,44748,1166,2056,0,0.44748,0.026057030481809296,0,15.598178355983691
4,z,4,z,0.8,normal,0,100000,44748,1166,2056,0,0.44748,0.026057030481809296,0,15.598178355983691
4,z,4,x,0.8,normal,0,100000,44748,1166,2056,0,0.44748,0.026057030481809296,0,15.598178355983691
4,z,4,x,0.8,normal,0,100000,44748,1166,2056,0,0.44748,0.026057030481809296,0,15.598178355983691
4,z,7,x,0.8,normal,0,100000,41117,436,801,0,0.41117,0.010603886470316404,0,11.227845799992792
4,z,7,z,0.8,normal,0,100000,41117,436,801,0,0.41117,0.010603886470316404,0,11.227845799992792
4,z,7,z,0.8,normal,0,100000,41117,436,801,0,0.41117,0.010603886470316404,0,11.227845799992792
4,z,7,x,0.8,normal,0,100000,41117,436,801,0,0.41117,0.010603886470316404,0,11.227845799992792
4,z,9,x,0.8,normal,0,100000,36785,9849,18148,0,0.36785,0.26774500475737395,0,10.804189079004573
4,z,9,x,0.8,normal,0,100000,36785,9849,18148,0,0.36785,0.26774500475737395,0,10.804189079004573
4,z,9,x,0.8,normal,0,100000,36785,9849,18148,0,0.36785,0.26774500475737395,0,10.804189079004573
4,z,9,z,0.8,normal,0,100000,36785,9849,18148,0,0.36785,0.26774500475737395,0,10.804189079004573
4,z,6,z,0.8,normal,0,100000,57820,1840,3250,0,0.5782,0.031822898650985865,0,14.0066323740175
4,z,6,x,0.8,normal,0,100000,57820,1840,3250,0,0.5782,0.031822898650985865,0,14.0066323740175
4,z,6,z,0.8,normal,0,100000,57820,1840,3250,0,0.5782,0.031822898650985865,0,14.0066323740175
4,z,6,x,0.8,normal,0,100000,57820,1840,3250,0,0.5782,0.031822898650985865,0,14.0066323740175
4,z,11,x,0.8,normal,0,100000,26682,201,386,0,0.26682,0.007533168428153769,0,9.822849195013987
4,z,11,z,0.8,normal,0,100000,26682,201,386,0,0.26682,0.007533168428153769,0,9.822849195013987
4,z,11,x,0.8,normal,0,100000,26682,201,386,0,0.26682,0.007533168428153769,0,9.822849195013987
4,z,11,z,0.8,normal,0,100000,26682,201,386,0,0.26682,0.007533168428153769,0,9.822849195013987
4,z,13,x,0.8,normal,0,100000,27954,154,292,0,0.27954,0.005509050583100805,0,10.110194150009193
4,z,13,x,0.8,normal,0,100000,27954,154,292,0,0.27954,0.005509050583100805,0,10.110194150009193
4,z,13,z,0.8,normal,0,100000,27954,154,292,0,0.27954,0.005509050583100805,0,10.110194150009193
4,z,13,z,0.8,normal,0,100000,27954,154,292,0,0.27954,0.005509050583100805,0,10.110194150009193
4,z,8,z,0.8,normal,0,100000,100000,218,394,0,1.0,0.0021799999999999597,0,15.66061281299335
4,z,8,z,0.8,normal,0,100000,100000,218,394,0,1.0,0.0021799999999999597,0,15.66061281299335
4,z,8,z,0.8,normal,0,100000,100000,218,394,0,1.0,0.0021799999999999597,0,15.66061281299335
4,z,8,x,0.8,normal,0,100000,100000,218,394,0,1.0,0.0021799999999999597,0,15.66061281299335
4,z,10,z,0.8,normal,0,100000,59164,812,1515,0,0.59164,0.013724562233790816,0,14.779213091998827
4,z,10,x,0.8,normal,0,100000,59164,812,1515,0,0.59164,0.013724562233790816,0,14.779213091998827
4,z,10,x,0.8,normal,0,100000,59164,812,1515,0,0.59164,0.013724562233790816,0,14.779213091998827
4,z,10,z,0.8,normal,0,100000,59164,812,1515,0,0.59164,0.013724562233790816,0,14.779213091998827
4,z,15,x,0.8,normal,0,100000,53982,1,2,0,0.53982,1.8524693416344107e-05,0,10.063433138013352
4,z,15,z,0.8,normal,0,100000,53982,1,2,0,0.53982,1.8524693416344107e-05,0,10.063433138013352
4,z,15,z,0.8,normal,0,100000,53982,1,2,0,0.53982,1.8524693416344107e-05,0,10.063433138013352
4,z,15,z,0.8,normal,0,100000,53982,1,2,0,0.53982,1.8524693416344107e-05,0,10.063433138013352
4,z,12,z,0.8,normal,0,100000,62868,54,90,0,0.62868,0.0008589425462874889,0,14.309831138001755
4,z,12,z,0.8,normal,0,100000,62868,54,90,0,0.62868,0.0008589425462874889,0,14.309831138001755
4,z,12,x,0.8,normal,0,100000,62868,54,90,0,0.62868,0.0008589425462874889,0,14.309831138001755
4,z,12,z,0.8,normal,0,100000,62868,54,90,0,0.62868,0.0008589425462874889,0,14.309831138001755
4,z,14,z,0.8,normal,0,100000,66681,2,3,0,0.66681,2.999355138644244e-05,0,11.634597892989404
4,z,14,x,0.8,normal,0,100000,66681,2,3,0,0.66681,2.999355138644244e-05,0,11.634597892989404
4,z,14,z,0.8,normal,0,100000,66681,2,3,0,0.66681,2.999355138644244e-05,0,11.634597892989404
4,z,14,z,0.8,normal,0,100000,66681,2,3,0,0.66681,2.999355138644244e-05,0,11.634597892989404
4,z,3,x,0.5,normal,0,100000,57484,5455,9696,0,0.57484,0.09489597105281466,0,11.88570881501073
4,z,3,z,0.5,normal,0,100000,57484,5455,9696,0,0.57484,0.09489597105281466,0,11.88570881501073
4,z,3,x,0.5,normal,0,100000,57484,5455,9696,0,0.57484,0.09489597105281466,0,11.88570881501073
4,z,3,x,0.5,normal,0,100000,57484,5455,9696,0,0.57484,0.09489597105281466,0,11.88570881501073
4,z,5,x,0.5,normal,0,100000,52799,5365,10100,0,0.52799,0.10161177295024526,0,12.338289927021833
4,z,5,x,0.5,normal,0,100000,52799,5365,10100,0,0.52799,0.10161177295024526,0,12.338289927021833
4,z,5,z,0.5,normal,0,100000,52799,5365,10100,0,0.52799,0.10161177295024526,0,12.338289927021833
4,z,5,x,0.5,normal,0,100000,52799,5365,10100,0,0.52799,0.10161177295024526,0,12.338289927021833
4,z,2,z,0.5,normal,0,100000,68809,6712,12080,0,0.68809,0.09754537923818107,0,16.477135535009438
4,z,2,x,0.5,normal,0,100000,68809,6712,12080,0,0.68809,0.09754537923818107,0,16.477135535009438
4,z,2,x,0.5,normal,0,100000,68809,6712,12080,0,0.68809,0.09754537923818107,0,16.477135535009438
4,z,2,x,0.5,normal,0,100000,68809,6712,12080,0,0.68809,0.09754537923818107,0,16.477135535009438
4,z,4,z,0.5,normal,0,100000,60056,632,1173,0,0.60056,0.01052351138936991,0,14.623133393994067
4,z,4,z,0.5,normal,0,100000,60056,632,1173,0,0.60056,0.01052351138936991,0,14.623133393994067
4,z,4,x,0.5,normal,0,100000,60056,632,1173,0,0.60056,0.01052351138936991,0,14.623133393994067
4,z,4,x,0.5,normal,0,100000,60056,632,1173,0,0.60056,0.01052351138936991,0,14.623133393994067
4,z,7,x,0.5,normal,0,100000,56303,262,503,0,0.56303,0.004653393247251447,0,12.402792145992862
4,z,7,z,0.5,normal,0,100000,56303,262,503,0,0.56303,0.004653393247251447,0,12.402792145992862
4,z,7,z,0.5,normal,0,100000,56303,262,503,0,0.56303,0.004653393247251447,0,12.402792145992862
4,z,7,x,0.5,normal,0,100000,56303,262,503,0,0.56303,0.004653393247251447,0,12.402792145992862
4,z,9,x,0.5,normal,0,100000,52878,9604,18092,0,0.52878,0.18162562880593058,0,11.26067449900438
4,z,9,x,0.5,normal,0,100000,52878,9604,18092,0,0.52878,0.18162562880593058,0,11.26067449900438
4,z,9,x,0.5,normal,0,100000,52878,9604,18092,0,0.52878,0.18162562880593058,0,11.26067449900438
4,z,9,z,0.5,normal,0,100000,52878,9604,18092,0,0.52878,0.18162562880593058,0,11.26067449900438
4,z,8,z,0.5,normal,0,100000,100000,42,77,0,1.0,0.00041999999999997595,0,12.235807464981917
4,z,8,z,0.5,normal,0,100000,100000,42,77,0,1.0,0.00041999999999997595,0,12.235807464981917
4,z,8,z,0.5,normal,0,100000,100000,42,77,0,1.0,0.00041999999999997595,0,12.235807464981917
4,z,8,x,0.5,normal,0,100000,100000,42,77,0,1.0,0.00041999999999997595,0,12.235807464981917
4,z,6,z,0.5,normal,0,100000,70594,954,1759,0,0.70594,0.013513896365130229,0,16.057902160013327
4,z,6,x,0.5,normal,0,100000,70594,954,1759,0,0.70594,0.013513896365130229,0,16.057902160013327
4,z,6,z,0.5,normal,0,100000,70594,954,1759,0,0.70594,0.013513896365130229,0,16.057902160013327
4,z,6,x,0.5,normal,0,100000,70594,954,1759,0,0.70594,0.013513896365130229,0,16.057902160013327
4,z,11,x,0.5,normal,0,100000,43066,132,261,0,0.43066,0.0030650629266706364,0,12.860334772005444
4,z,11,z,0.5,normal,0,100000,43066,132,261,0,0.43066,0.0030650629266706364,0,12.860334772005444
4,z,11,x,0.5,normal,0,100000,43066,132,261,0,0.43066,0.0030650629266706364,0,12.860334772005444
4,z,11,z,0.5,normal,0,100000,43066,132,261,0,0.43066,0.0030650629266706364,0,12.860334772005444
4,z,13,x,0.5,normal,0,100000,44593,90,172,0,0.44593,0.002018253986051599,0,11.303865440015215
4,z,13,x,0.5,normal,0,100000,44593,90,172,0,0.44593,0.002018253986051599,0,11.303865440015215
4,z,13,z,0.5,normal,0,100000,44593,90,172,0,0.44593,0.002018253986051599,0,11.303865440015215
4,z,13,z,0.5,normal,0,100000,44593,90,172,0,0.44593,0.002018253986051599,0,11.303865440015215
4,z,12,z,0.5,normal,0,100000,74543,14,27,0,0.74543,0.0001878110620715523,0,12.741584083996713
4,z,12,z,0.5,normal,0,100000,74543,14,27,0,0.74543,0.0001878110620715523,0,12.741584083996713
4,z,12,x,0.5,normal,0,100000,74543,14,27,0,0.74543,0.0001878110620715523,0,12.741584083996713
4,z,12,z,0.5,normal,0,100000,74543,14,27,0,0.74543,0.0001878110620715523,0,12.741584083996713
4,z,10,z,0.5,normal,0,100000,71732,408,763,0,0.71732,0.005687838063904493,0,14.2934856210195
4,z,10,x,0.5,normal,0,100000,71732,408,763,0,0.71732,0.005687838063904493,0,14.2934856210195
4,z,10,x,0.5,normal,0,100000,71732,408,763,0,0.71732,0.005687838063904493,0,14.2934856210195
4,z,10,z,0.5,normal,0,100000,71732,408,763,0,0.71732,0.005687838063904493,0,14.2934856210195
4,z,15,x,0.5,normal,0,100000,68167,0,0,0,0.68167,0.0,0,12.427295261004474
4,z,15,z,0.5,normal,0,100000,68167,0,0,0,0.68167,0.0,0,12.427295261004474
4,z,15,z,0.5,normal,0,100000,68167,0,0,0,0.68167,0.0,0,12.427295261004474
4,z,15,z,0.5,normal,0,100000,68167,0,0,0,0.68167,0.0,0,12.427295261004474
4,z,14,z,0.5,normal,0,100000,77643,1,0,0,0.77643,1.2879461123382896e-05,0,10.756627291004406
4,z,14,x,0.5,normal,0,100000,77643,1,0,0,0.77643,1.2879461123382896e-05,0,10.756627291004406
4,z,14,z,0.5,normal,0,100000,77643,1,0,0,0.77643,1.2879461123382896e-05,0,10.756627291004406
4,z,14,z,0.5,normal,0,100000,77643,1,0,0,0.77643,1.2879461123382896e-05,0,10.756627291004406
4,z,2,z,0.3,normal,0,100000,80034,4926,9274,0,0.80034,0.0615488417422595,0,15.470303274982143
4,z,2,x,0.3,normal,0,100000,80034,4926,9274,0,0.80034,0.0615488417422595,0,15.470303274982143
4,z,2,x,0.3,normal,0,100000,80034,4926,9274,0,0.80034,0.0615488417422595,0,15.470303274982143
4,z,2,x,0.3,normal,0,100000,80034,4926,9274,0,0.80034,0.0615488417422595,0,15.470303274982143
4,z,5,x,0.3,normal,0,100000,68106,4238,8099,0,0.68106,0.06222652923384131,0,14.798735516989836
4,z,5,x,0.3,normal,0,100000,68106,4238,8099,0,0.68106,0.06222652923384131,0,14.798735516989836
4,z,5,z,0.3,normal,0,100000,68106,4238,8099,0,0.68106,0.06222652923384131,0,14.798735516989836
4,z,5,x,0.3,normal,0,100000,68106,4238,8099,0,0.68106,0.06222652923384131,0,14.798735516989836
4,z,3,x,0.3,normal,0,100000,71708,4296,7767,0,0.71708,0.05990963351369438,0,16.924125644000014
4,z,3,z,0.3,normal,0,100000,71708,4296,7767,0,0.71708,0.05990963351369438,0,16.924125644000014
4,z,3,x,0.3,normal,0,100000,71708,4296,7767,0,0.71708,0.05990963351369438,0,16.924125644000014
4,z,3,x,0.3,normal,0,100000,71708,4296,7767,0,0.71708,0.05990963351369438,0,16.924125644000014
4,z,8,z,0.3,normal,0,100000,100000,5,10,0,1.0,4.999999999999449e-05,0,12.030827217997285
4,z,8,z,0.3,normal,0,100000,100000,5,10,0,1.0,4.999999999999449e-05,0,12.030827217997285
4,z,8,z,0.3,normal,0,100000,100000,5,10,0,1.0,4.999999999999449e-05,0,12.030827217997285
4,z,8,x,0.3,normal,0,100000,100000,5,10,0,1.0,4.999999999999449e-05,0,12.030827217997285
4,z,4,z,0.3,normal,0,100000,72906,303,560,0,0.72906,0.004156036540202468,0,15.531464065017644
4,z,4,z,0.3,normal,0,100000,72906,303,560,0,0.72906,0.004156036540202468,0,15.531464065017644
4,z,4,x,0.3,normal,0,100000,72906,303,560,0,0.72906,0.004156036540202468,0,15.531464065017644
4,z,4,x,0.3,normal,0,100000,72906,303,560,0,0.72906,0.004156036540202468,0,15.531464065017644
4,z,7,x,0.3,normal,0,100000,70038,130,253,0,0.70038,0.00185613524086925,0,13.23880025401013
4,z,7,z,0.3,normal,0,100000,70038,130,253,0,0.70038,0.00185613524086925,0,13.23880025401013
4,z,7,z,0.3,normal,0,100000,70038,130,253,0,0.70038,0.00185613524086925,0,13.23880025401013
4,z,7,x,0.3,normal,0,100000,70038,130,253,0,0.70038,0.00185613524086925,0,13.23880025401013
4,z,9,x,0.3,normal,0,100000,67883,7781,14866,0,0.67883,0.11462369076204648,0,12.27419260001625
4,z,9,x,0.3,normal,0,100000,67883,7781,14866,0,0.67883,0.11462369076204648,0,12.27419260001625
4,z,9,x,0.3,normal,0,100000,67883,7781,14866,0,0.67883,0.11462369076204648,0,12.27419260001625
4,z,9,z,0.3,normal,0,100000,67883,7781,14866,0,0.67883,0.11462369076204648,0,12.27419260001625
4,z,6,z,0.3,normal,0,100000,80448,408,771,0,0.80448,0.0050715990453460424,0,17.398262132977834
4,z,6,x,0.3,normal,0,100000,80448,408,771,0,0.80448,0.0050715990453460424,0,17.398262132977834
4,z,6,z,0.3,normal,0,100000,80448,408,771,0,0.80448,0.0050715990453460424,0,17.398262132977834
4,z,6,x,0.3,normal,0,100000,80448,408,771,0,0.80448,0.0050715990453460424,0,17.398262132977834
4,z,11,x,0.3,normal,0,100000,59842,80,153,0,0.59842,0.0013368537147822046,0,12.467789921996882
4,z,11,z,0.3,normal,0,100000,59842,80,153,0,0.59842,0.0013368537147822046,0,12.467789921996882
4,z,11,x,0.3,normal,0,100000,59842,80,153,0,0.59842,0.0013368537147822046,0,12.467789921996882
4,z,11,z,0.3,normal,0,100000,59842,80,153,0,0.59842,0.0013368537147822046,0,12.467789921996882
4,z,12,z,0.3,normal,0,100000,83963,2,5,0,0.83963,2.3820015959463703e-05,0,10.94190700101899
4,z,12,z,0.3,normal,0,100000,83963,2,5,0,0.83963,2.3820015959463703e-05,0,10.94190700101899
4,z,12,x,0.3,normal,0,100000,83963,2,5,0,0.83963,2.3820015959463703e-05,0,10.94190700101899
4,z,12,z,0.3,normal,0,100000,83963,2,5,0,0.83963,2.3820015959463703e-05,0,10.94190700101899
4,z,13,x,0.3,normal,0,100000,61509,43,84,0,0.61509,0.000699084686793805,0,11.91092604098958
4,z,13,x,0.3,normal,0,100000,61509,43,84,0,0.61509,0.000699084686793805,0,11.91092604098958
4,z,13,z,0.3,normal,0,100000,61509,43,84,0,0.61509,0.000699084686793805,0,11.91092604098958
4,z,13,z,0.3,normal,0,100000,61509,43,84,0,0.61509,0.000699084686793805,0,11.91092604098958
4,z,10,z,0.3,normal,0,100000,81828,186,363,0,0.81828,0.0022730605660653547,0,15.111872223002138
4,z,10,x,0.3,normal,0,100000,81828,186,363,0,0.81828,0.0022730605660653547,0,15.111872223002138
4,z,10,x,0.3,normal,0,100000,81828,186,363,0,0.81828,0.0022730605660653547,0,15.111872223002138
4,z,10,z,0.3,normal,0,100000,81828,186,363,0,0.81828,0.0022730605660653547,0,15.111872223002138
4,z,15,x,0.3,normal,0,100000,79856,0,1,0,0.79856,0.0,0,12.219292790978216
4,z,15,z,0.3,normal,0,100000,79856,0,1,0,0.79856,0.0,0,12.219292790978216
4,z,15,z,0.3,normal,0,100000,79856,0,1,0,0.79856,0.0,0,12.219292790978216
4,z,15,z,0.3,normal,0,100000,79856,0,1,0,0.79856,0.0,0,12.219292790978216
4,z,3,x,0.1,normal,0,100000,89596,1790,3277,0,0.89596,0.019978570471896107,0,13.97360157998628
4,z,3,z,0.1,normal,0,100000,89596,1790,3277,0,0.89596,0.019978570471896107,0,13.97360157998628
4,z,3,x,0.1,normal,0,100000,89596,1790,3277,0,0.89596,0.019978570471896107,0,13.97360157998628
4,z,3,x,0.1,normal,0,100000,89596,1790,3277,0,0.89596,0.019978570471896107,0,13.97360157998628
4,z,14,z,0.3,normal,0,100000,85919,0,1,0,0.85919,0.0,0,13.130593812005827
4,z,14,x,0.3,normal,0,100000,85919,0,1,0,0.85919,0.0,0,13.130593812005827
4,z,14,z,0.3,normal,0,100000,85919,0,1,0,0.85919,0.0,0,13.130593812005827
4,z,14,z,0.3,normal,0,100000,85919,0,1,0,0.85919,0.0,0,13.130593812005827
4,z,2,z,0.1,normal,0,100000,92923,2000,3897,0,0.92923,0.021523196625162777,0,16.413783866999438
4,z,2,x,0.1,normal,0,100000,92923,2000,3897,0,0.92923,0.021523196625162777,0,16.413783866999438
4,z,2,x,0.1,normal,0,100000,92923,2000,3897,0,0.92923,0.021523196625162777,0,16.413783866999438
4,z,2,x,0.1,normal,0,100000,92923,2000,3897,0,0.92923,0.021523196625162777,0,16.413783866999438
4,z,5,x,0.1,normal,0,100000,87993,1924,3647,0,0.87993,0.02186537565488167,0,14.133014213002753
4,z,5,x,0.1,normal,0,100000,87993,1924,3647,0,0.87993,0.02186537565488167,0,14.133014213002753
4,z,5,z,0.1,normal,0,100000,87993,1924,3647,0,0.87993,0.02186537565488167,0,14.133014213002753
4,z,5,x,0.1,normal,0,100000,87993,1924,3647,0,0.87993,0.02186537565488167,0,14.133014213002753
4,z,8,z,0.1,normal,0,100000,100000,0,0,0,1.0,0.0,0,9.031630437995773
4,z,8,z,0.1,normal,0,100000,100000,0,0,0,1.0,0.0,0,9.031630437995773
4,z,8,z,0.1,normal,0,100000,100000,0,0,0,1.0,0.0,0,9.031630437995773
4,z,8,x,0.1,normal,0,100000,100000,0,0,0,1.0,0.0,0,9.031630437995773
4,z,4,z,0.1,normal,0,100000,89999,35,70,0,0.89999,0.0003888932099245235,0,15.942991611984326
4,z,4,z,0.1,normal,0,100000,89999,35,70,0,0.89999,0.0003888932099245235,0,15.942991611984326
4,z,4,x,0.1,normal,0,100000,89999,35,70,0,0.89999,0.0003888932099245235,0,15.942991611984326
4,z,4,x,0.1,normal,0,100000,89999,35,70,0,0.89999,0.0003888932099245235,0,15.942991611984326
4,z,7,x,0.1,normal,0,100000,88669,46,93,0,0.88669,0.0005187833402879871,0,13.350391815998591
4,z,7,z,0.1,normal,0,100000,88669,46,93,0,0.88669,0.0005187833402879871,0,13.350391815998591
4,z,7,z,0.1,normal,0,100000,88669,46,93,0,0.88669,0.0005187833402879871,0,13.350391815998591
4,z,7,x,0.1,normal,0,100000,88669,46,93,0,0.88669,0.0005187833402879871,0,13.350391815998591
4,z,6,z,0.1,normal,0,100000,93097,79,152,0,0.93097,0.0008485772903530364,0,17.05673170700902
4,z,6,x,0.1,normal,0,100000,93097,79,152,0,0.93097,0.0008485772903530364,0,17.05673170700902
4,z,6,z,0.1,normal,0,100000,93097,79,152,0,0.93097,0.0008485772903530364,0,17.05673170700902
4,z,6,x,0.1,normal,0,100000,93097,79,152,0,0.93097,0.0008485772903530364,0,17.05673170700902
4,z,9,x,0.1,normal,0,100000,87801,3479,6752,0,0.87801,0.039623694490951156,0,15.320400255994173
4,z,9,x,0.1,normal,0,100000,87801,3479,6752,0,0.87801,0.039623694490951156,0,15.320400255994173
4,z,9,x,0.1,normal,0,100000,87801,3479,6752,0,0.87801,0.039623694490951156,0,15.320400255994173
4,z,9,z,0.1,normal,0,100000,87801,3479,6752,0,0.87801,0.039623694490951156,0,15.320400255994173
4,z,12,z,0.1,normal,0,100000,94181,0,1,0,0.94181,0.0,0,9.198435833008261
4,z,12,z,0.1,normal,0,100000,94181,0,1,0,0.94181,0.0,0,9.198435833008261
4,z,12,x,0.1,normal,0,100000,94181,0,1,0,0.94181,0.0,0,9.198435833008261
4,z,12,z,0.1,normal,0,100000,94181,0,1,0,0.94181,0.0,0,9.198435833008261
4,z,15,x,0.1,normal,0,100000,92686,0,0,0,0.92686,0.0,0,8.587697707000189
4,z,15,z,0.1,normal,0,100000,92686,0,0,0,0.92686,0.0,0,8.587697707000189
4,z,15,z,0.1,normal,0,100000,92686,0,0,0,0.92686,0.0,0,8.587697707000189
4,z,15,z,0.1,normal,0,100000,92686,0,0,0,0.92686,0.0,0,8.587697707000189
4,z,11,x,0.1,normal,0,100000,84265,16,31,0,0.84265,0.00018987717320362307,0,14.54667321400484
4,z,11,z,0.1,normal,0,100000,84265,16,31,0,0.84265,0.00018987717320362307,0,14.54667321400484
4,z,11,x,0.1,normal,0,100000,84265,16,31,0,0.84265,0.00018987717320362307,0,14.54667321400484
4,z,11,z,0.1,normal,0,100000,84265,16,31,0,0.84265,0.00018987717320362307,0,14.54667321400484
4,z,13,x,0.1,normal,0,100000,85111,5,10,0,0.85111,5.874681298534412e-05,0,13.135377933998825
4,z,13,x,0.1,normal,0,100000,85111,5,10,0,0.85111,5.874681298534412e-05,0,13.135377933998825
4,z,13,z,0.1,normal,0,100000,85111,5,10,0,0.85111,5.874681298534412e-05,0,13.135377933998825
4,z,13,z,0.1,normal,0,100000,85111,5,10,0,0.85111,5.874681298534412e-05,0,13.135377933998825
4,z,8,z,1,m1,0,100000,100000,26,52,0,1.0,0.000260000000000038,0,1.0271674339892343
4,z,8,z,1,m1,0,100000,100000,26,52,0,1.0,0.000260000000000038,0,1.0271674339892343
4,z,8,z,1,m1,0,100000,100000,26,52,0,1.0,0.000260000000000038,0,1.0271674339892343
4,z,8,x,1,m1,0,100000,100000,26,52,0,1.0,0.000260000000000038,0,1.0271674339892343
4,z,14,z,0.1,normal,0,100000,95106,0,0,0,0.95106,0.0,0,8.761783108988311
4,z,14,x,0.1,normal,0,100000,95106,0,0,0,0.95106,0.0,0,8.761783108988311
4,z,14,z,0.1,normal,0,100000,95106,0,0,0,0.95106,0.0,0,8.761783108988311
4,z,14,z,0.1,normal,0,100000,95106,0,0,0,0.95106,0.0,0,8.761783108988311
4,z,3,x,1,m1,0,100000,35434,9260,16349,0,0.35434,0.2613309251001863,0,13.745088930008933
4,z,3,z,1,m1,0,100000,35434,9260,16349,0,0.35434,0.2613309251001863,0,13.745088930008933
4,z,3,x,1,m1,0,100000,35434,9260,16349,0,0.35434,0.2613309251001863,0,13.745088930008933
4,z,3,x,1,m1,0,100000,35434,9260,16349,0,0.35434,0.2613309251001863,0,13.745088930008933
4,z,10,z,0.1,normal,0,100000,93493,42,81,0,0.93493,0.0004492314932669217,0,17.15217629200197
4,z,10,x,0.1,normal,0,100000,93493,42,81,0,0.93493,0.0004492314932669217,0,17.15217629200197
4,z,10,x,0.1,normal,0,100000,93493,42,81,0,0.93493,0.0004492314932669217,0,17.15217629200197
4,z,10,z,0.1,normal,0,100000,93493,42,81,0,0.93493,0.0004492314932669217,0,17.15217629200197
4,z,5,x,1,m1,0,100000,36512,9108,17247,0,0.36512,0.24945223488168278,0,10.60493446601322
4,z,5,x,1,m1,0,100000,36512,9108,17247,0,0.36512,0.24945223488168278,0,10.60493446601322
4,z,5,z,1,m1,0,100000,36512,9108,17247,0,0.36512,0.24945223488168278,0,10.60493446601322
4,z,5,x,1,m1,0,100000,36512,9108,17247,0,0.36512,0.24945223488168278,0,10.60493446601322
4,z,4,z,1,m1,0,100000,75819,2396,4129,0,0.75819,0.031601577441010775,0,12.195768506004242
4,z,4,z,1,m1,0,100000,75819,2396,4129,0,0.75819,0.031601577441010775,0,12.195768506004242
4,z,4,x,1,m1,0,100000,75819,2396,4129,0,0.75819,0.031601577441010775,0,12.195768506004242
4,z,4,x,1,m1,0,100000,75819,2396,4129,0,0.75819,0.031601577441010775,0,12.195768506004242
4,z,2,z,1,m1,0,100000,65561,14098,22171,0,0.65561,0.2150363783346807,0,16.18086058498011
4,z,2,x,1,m1,0,100000,65561,14098,22171,0,0.65561,0.2150363783346807,0,16.18086058498011
4,z,2,x,1,m1,0,100000,65561,14098,22171,0,0.65561,0.2150363783346807,0,16.18086058498011
4,z,2,x,1,m1,0,100000,65561,14098,22171,0,0.65561,0.2150363783346807,0,16.18086058498011
4,z,7,x,1,m1,0,100000,41855,1128,1971,0,0.41855,0.026950185163062912,0,10.375459448987385
4,z,7,z,1,m1,0,100000,41855,1128,1971,0,0.41855,0.026950185163062912,0,10.375459448987385
4,z,7,z,1,m1,0,100000,41855,1128,1971,0,0.41855,0.026950185163062912,0,10.375459448987385
4,z,7,x,1,m1,0,100000,41855,1128,1971,0,0.41855,0.026950185163062912,0,10.375459448987385
4,z,12,z,1,m1,0,100000,71897,9,18,0,0.71897,0.00012517907562203945,0,2.71854093199363
4,z,12,z,1,m1,0,100000,71897,9,18,0,0.71897,0.00012517907562203945,0,2.71854093199363
4,z,12,x,1,m1,0,100000,71897,9,18,0,0.71897,0.00012517907562203945,0,2.71854093199363
4,z,12,z,1,m1,0,100000,71897,9,18,0,0.71897,0.00012517907562203945,0,2.71854093199363
4,z,9,x,1,m1,0,100000,34509,8622,16285,0,0.34509,0.24984786577414586,0,9.958651532011572
4,z,9,x,1,m1,0,100000,34509,8622,16285,0,0.34509,0.24984786577414586,0,9.958651532011572
4,z,9,x,1,m1,0,100000,34509,8622,16285,0,0.34509,0.24984786577414586,0,9.958651532011572
4,z,9,z,1,m1,0,100000,34509,8622,16285,0,0.34509,0.24984786577414586,0,9.958651532011572
4,z,6,z,1,m1,0,100000,53739,1508,2709,0,0.53739,0.028061556783713915,0,14.500602353014983
4,z,6,x,1,m1,0,100000,53739,1508,2709,0,0.53739,0.028061556783713915,0,14.500602353014983
4,z,6,z,1,m1,0,100000,53739,1508,2709,0,0.53739,0.028061556783713915,0,14.500602353014983
4,z,6,x,1,m1,0,100000,53739,1508,2709,0,0.53739,0.028061556783713915,0,14.500602353014983
4,z,14,z,1,m1,0,100000,58682,2,4,0,0.58682,3.4082001295066e-05,0,4.091463902004762
4,z,14,x,1,m1,0,100000,58682,2,4,0,0.58682,3.4082001295066e-05,0,4.091463902004762
4,z,14,z,1,m1,0,100000,58682,2,4,0,0.58682,3.4082001295066e-05,0,4.091463902004762
4,z,14,z,1,m1,0,100000,58682,2,4,0,0.58682,3.4082001295066e-05,0,4.091463902004762
4,z,15,x,1,m1,0,100000,43826,1,2,0,0.43826,2.2817505590300158e-05,0,5.395513057010248
4,z,15,z,1,m1,0,100000,43826,1,2,0,0.43826,2.2817505590300158e-05,0,5.395513057010248
4,z,15,z,1,m1,0,100000,43826,1,2,0,0.43826,2.2817505590300158e-05,0,5.395513057010248
4,z,15,z,1,m1,0,100000,43826,1,2,0,0.43826,2.2817505590300158e-05,0,5.395513057010248
4,z,11,x,1,m1,0,100000,22110,538,937,0,0.2211,0.024332881049298982,0,11.094733452016953
4,z,11,z,1,m1,0,100000,22110,538,937,0,0.2211,0.024332881049298982,0,11.094733452016953
4,z,11,x,1,m1,0,100000,22110,538,937,0,0.2211,0.024332881049298982,0,11.094733452016953
4,z,11,z,1,m1,0,100000,22110,538,937,0,0.2211,0.024332881049298982,0,11.094733452016953
4,z,10,z,1,m1,0,100000,65912,2261,4078,0,0.65912,0.03430331350892102,0,12.98021966702072
4,z,10,x,1,m1,0,100000,65912,2261,4078,0,0.65912,0.03430331350892102,0,12.98021966702072
4,z,10,x,1,m1,0,100000,65912,2261,4078,0,0.65912,0.03430331350892102,0,12.98021966702072
4,z,10,z,1,m1,0,100000,65912,2261,4078,0,0.65912,0.03430331350892102,0,12.98021966702072
4,z,13,x,1,m1,0,100000,37002,612,1167,0,0.37002,0.016539646505594252,0,10.196616978006205
4,z,13,x,1,m1,0,100000,37002,612,1167,0,0.37002,0.016539646505594252,0,10.196616978006205
4,z,13,z,1,m1,0,100000,37002,612,1167,0,0.37002,0.016539646505594252,0,10.196616978006205
4,z,13,z,1,m1,0,100000,37002,612,1167,0,0.37002,0.016539646505594252,0,10.196616978006205
4,z,8,z,0.8,m1,0,100000,100000,18,35,0,1.0,0.00017999999999995797,0,0.8436511839972809
4,z,8,z,0.8,m1,0,100000,100000,18,35,0,1.0,0.00017999999999995797,0,0.8436511839972809
4,z,8,z,0.8,m1,0,100000,100000,18,35,0,1.0,0.00017999999999995797,0,0.8436511839972809
4,z,8,x,0.8,m1,0,100000,100000,18,35,0,1.0,0.00017999999999995797,0,0.8436511839972809
4,z,3,x,0.8,m1,0,100000,43503,9528,17110,0,0.43503,0.21901937797393278,0,10.694389087992022
4,z,3,z,0.8,m1,0,100000,43503,9528,17110,0,0.43503,0.21901937797393278,0,10.694389087992022
4,z,3,x,0.8,m1,0,100000,43503,9528,17110,0,0.43503,0.21901937797393278,0,10.694389087992022
4,z,3,x,0.8,m1,0,100000,43503,9528,17110,0,0.43503,0.21901937797393278,0,10.694389087992022
4,z,12,z,0.8,m1,0,100000,76552,6,11,0,0.76552,7.837809593480571e-05,0,2.567696620011702
4,z,12,z,0.8,m1,0,100000,76552,6,11,0,0.76552,7.837809593480571e-05,0,2.567696620011702
4,z,12,x,0.8,m1,0,100000,76552,6,11,0,0.76552,7.837809593480571e-05,0,2.567696620011702
4,z,12,z,0.8,m1,0,100000,76552,6,11,0,0.76552,7.837809593480571e-05,0,2.567696620011702
4,z,5,x,0.8,m1,0,100000,44591,9250,17634,0,0.44591,0.20744096342311225,0,10.846640921983635
4,z,5,x,0.8,m1,0,100000,44591,9250,17634,0,0.44591,0.20744096342311225,0,10.846640921983635
4,z,5,z,0.8,m1,0,100000,44591,9250,17634,0,0.44591,0.20744096342311225,0,10.846640921983635
4,z,5,x,0.8,m1,0,100000,44591,9250,17634,0,0.44591,0.20744096342311225,0,10.846640921983635
4,z,4,z,0.8,m1,0,100000,79897,1690,2991,0,0.79897,0.02115223350063211,0,11.787785707012517
4,z,4,z,0.8,m1,0,100000,79897,1690,2991,0,0.79897,0.02115223350063211,0,11.787785707012517
4,z,4,x,0.8,m1,0,100000,79897,1690,2991,0,0.79897,0.02115223350063211,0,11.787785707012517
4,z,4,x,0.8,m1,0,100000,79897,1690,2991,0,0.79897,0.02115223350063211,0,11.787785707012517
4,z,7,x,0.8,m1,0,100000,49230,960,1727,0,0.4923,0.019500304692260828,0,11.821359237015713
4,z,7,z,0.8,m1,0,100000,49230,960,1727,0,0.4923,0.019500304692260828,0,11.821359237015713
4,z,7,z,0.8,m1,0,100000,49230,960,1727,0,0.4923,0.019500304692260828,0,11.821359237015713
4,z,7,x,0.8,m1,0,100000,49230,960,1727,0,0.4923,0.019500304692260828,0,11.821359237015713
4,z,9,x,0.8,m1,0,100000,42068,8696,16463,0,0.42068,0.20671294095274317,0,10.809001205983805
4,z,9,x,0.8,m1,0,100000,42068,8696,16463,0,0.42068,0.20671294095274317,0,10.809001205983805
4,z,9,x,0.8,m1,0,100000,42068,8696,16463,0,0.42068,0.20671294095274317,0,10.809001205983805
4,z,9,z,0.8,m1,0,100000,42068,8696,16463,0,0.42068,0.20671294095274317,0,10.809001205983805
4,z,6,z,0.8,m1,0,100000,60662,1188,2176,0,0.60662,0.01958392403811282,0,14.451634825993096
4,z,6,x,0.8,m1,0,100000,60662,1188,2176,0,0.60662,0.01958392403811282,0,14.451634825993096
4,z,6,z,0.8,m1,0,100000,60662,1188,2176,0,0.60662,0.01958392403811282,0,14.451634825993096
4,z,6,x,0.8,m1,0,100000,60662,1188,2176,0,0.60662,0.01958392403811282,0,14.451634825993096
4,z,14,z,0.8,m1,0,100000,65225,1,2,0,0.65225,1.533154465316322e-05,0,3.9432526259915903
4,z,14,x,0.8,m1,0,100000,65225,1,2,0,0.65225,1.533154465316322e-05,0,3.9432526259915903
4,z,14,z,0.8,m1,0,100000,65225,1,2,0,0.65225,1.533154465316322e-05,0,3.9432526259915903
4,z,14,z,0.8,m1,0,100000,65225,1,2,0,0.65225,1.533154465316322e-05,0,3.9432526259915903
4,z,15,x,0.8,m1,0,100000,51820,1,2,0,0.5182,1.9297568506382312e-05,0,3.6459396870050114
4,z,15,z,0.8,m1,0,100000,51820,1,2,0,0.5182,1.9297568506382312e-05,0,3.6459396870050114
4,z,15,z,0.8,m1,0,100000,51820,1,2,0,0.5182,1.9297568506382312e-05,0,3.6459396870050114
4,z,15,z,0.8,m1,0,100000,51820,1,2,0,0.5182,1.9297568506382312e-05,0,3.6459396870050114
4,z,11,x,0.8,m1,0,100000,29782,469,832,0,0.29782,0.015747767107648913,0,10.9004036669794
4,z,11,z,0.8,m1,0,100000,29782,469,832,0,0.29782,0.015747767107648913,0,10.9004036669794
4,z,11,x,0.8,m1,0,100000,29782,469,832,0,0.29782,0.015747767107648913,0,10.9004036669794
4,z,11,z,0.8,m1,0,100000,29782,469,832,0,0.29782,0.015747767107648913,0,10.9004036669794
4,z,2,z,0.8,m1,0,100000,71230,12857,21200,0,0.7123,0.18049978941457256,0,16.478636929998174
4,z,2,x,0.8,m1,0,100000,71230,12857,21200,0,0.7123,0.18049978941457256,0,16.478636929998174
4,z,2,x,0.8,m1,0,100000,71230,12857,21200,0,0.7123,0.18049978941457256,0,16.478636929998174
4,z,2,x,0.8,m1,0,100000,71230,12857,21200,0,0.7123,0.18049978941457256,0,16.478636929998174
4,z,8,z,0.5,m1,0,100000,100000,3,6,0,1.0,2.999999999997449e-05,0,0.6188663790235296
4,z,8,z,0.5,m1,0,100000,100000,3,6,0,1.0,2.999999999997449e-05,0,0.6188663790235296
4,z,8,z,0.5,m1,0,100000,100000,3,6,0,1.0,2.999999999997449e-05,0,0.6188663790235296
4,z,8,x,0.5,m1,0,100000,100000,3,6,0,1.0,2.999999999997449e-05,0,0.6188663790235296
4,z,10,z,0.8,m1,0,100000,71113,1670,2981,0,0.71113,0.023483751212858395,0,13.100625227991259
4,z,10,x,0.8,m1,0,100000,71113,1670,2981,0,0.71113,0.023483751212858395,0,13.100625227991259
4,z,10,x,0.8,m1,0,100000,71113,1670,2981,0,0.71113,0.023483751212858395,0,13.100625227991259
4,z,10,z,0.8,m1,0,100000,71113,1670,2981,0,0.71113,0.023483751212858395,0,13.100625227991259
4,z,13,x,0.8,m1,0,100000,45360,468,910,0,0.4536,0.01031746031746028,0,10.941672899003606
4,z,13,x,0.8,m1,0,100000,45360,468,910,0,0.4536,0.01031746031746028,0,10.941672899003606
4,z,13,z,0.8,m1,0,100000,45360,468,910,0,0.4536,0.01031746031746028,0,10.941672899003606
4,z,13,z,0.8,m1,0,100000,45360,468,910,0,0.4536,0.01031746031746028,0,10.941672899003606
4,z,12,z,0.5,m1,0,100000,84723,1,2,0,0.84723,1.1803170331559087e-05,0,3.708811907999916
4,z,12,z,0.5,m1,0,100000,84723,1,2,0,0.84723,1.1803170331559087e-05,0,3.708811907999916
4,z,12,x,0.5,m1,0,100000,84723,1,2,0,0.84723,1.1803170331559087e-05,0,3.708811907999916
4,z,12,z,0.5,m1,0,100000,84723,1,2,0,0.84723,1.1803170331559087e-05,0,3.708811907999916
4,z,4,z,0.5,m1,0,100000,87076,732,1365,0,0.87076,0.00840644953833436,0,10.804223860992352
4,z,4,z,0.5,m1,0,100000,87076,732,1365,0,0.87076,0.00840644953833436,0,10.804223860992352
4,z,4,x,0.5,m1,0,100000,87076,732,1365,0,0.87076,0.00840644953833436,0,10.804223860992352
4,z,4,x,0.5,m1,0,100000,87076,732,1365,0,0.87076,0.00840644953833436,0,10.804223860992352
4,z,5,x,0.5,m1,0,100000,60392,8492,16361,0,0.60392,0.14061465094714531,0,12.460152532992652
4,z,5,x,0.5,m1,0,100000,60392,8492,16361,0,0.60392,0.14061465094714531,0,12.460152532992652
4,z,5,z,0.5,m1,0,100000,60392,8492,16361,0,0.60392,0.14061465094714531,0,12.460152532992652
4,z,5,x,0.5,m1,0,100000,60392,8492,16361,0,0.60392,0.14061465094714531,0,12.460152532992652
4,z,7,x,0.5,m1,0,100000,64094,610,1115,0,0.64094,0.00951727150747339,0,11.746484817005694
4,z,7,z,0.5,m1,0,100000,64094,610,1115,0,0.64094,0.00951727150747339,0,11.746484817005694
4,z,7,z,0.5,m1,0,100000,64094,610,1115,0,0.64094,0.00951727150747339,0,11.746484817005694
4,z,7,x,0.5,m1,0,100000,64094,610,1115,0,0.64094,0.00951727150747339,0,11.746484817005694
4,z,3,x,0.5,m1,0,100000,59355,9017,16666,0,0.59355,0.15191643500968743,0,14.15754818500136
4,z,3,z,0.5,m1,0,100000,59355,9017,16666,0,0.59355,0.15191643500968743,0,14.15754818500136
4,z,3,x,0.5,m1,0,100000,59355,9017,16666,0,0.59355,0.15191643500968743,0,14.15754818500136
4,z,3,x,0.5,m1,0,100000,59355,9017,16666,0,0.59355,0.15191643500968743,0,14.15754818500136
4,z,9,x,0.5,m1,0,100000,57432,7837,14846,0,0.57432,0.13645702744114774,0,12.233591385011096
4,z,9,x,0.5,m1,0,100000,57432,7837,14846,0,0.57432,0.13645702744114774,0,12.233591385011096
4,z,9,x,0.5,m1,0,100000,57432,7837,14846,0,0.57432,0.13645702744114774,0,12.233591385011096
4,z,9,z,0.5,m1,0,100000,57432,7837,14846,0,0.57432,0.13645702744114774,0,12.233591385011096
4,z,6,z,0.5,m1,0,100000,73061,638,1191,0,0.73061,0.008732429066122815,0,14.051927052001702
4,z,6,x,0.5,m1,0,100000,73061,638,1191,0,0.73061,0.008732429066122815,0,14.051927052001702
4,z,6,z,0.5,m1,0,100000,73061,638,1191,0,0.73061,0.008732429066122815,0,14.051927052001702
4,z,6,x,0.5,m1,0,100000,73061,638,1191,0,0.73061,0.008732429066122815,0,14.051927052001702
4,z,2,z,0.5,m1,0,100000,80920,9800,17283,0,0.8092,0.12110726643598613,0,14.950672895007301
4,z,2,x,0.5,m1,0,100000,80920,9800,17283,0,0.8092,0.12110726643598613,0,14.950672895007301
4,z,2,x,0.5,m1,0,100000,80920,9800,17283,0,0.8092,0.12110726643598613,0,14.950672895007301
4,z,2,x,0.5,m1,0,100000,80920,9800,17283,0,0.8092,0.12110726643598613,0,14.950672895007301
4,z,15,x,0.5,m1,0,100000,66341,0,0,0,0.66341,0.0,0,2.618030167010147
4,z,15,z,0.5,m1,0,100000,66341,0,0,0,0.66341,0.0,0,2.618030167010147
4,z,15,z,0.5,m1,0,100000,66341,0,0,0,0.66341,0.0,0,2.618030167010147
4,z,15,z,0.5,m1,0,100000,66341,0,0,0,0.66341,0.0,0,2.618030167010147
4,z,11,x,0.5,m1,0,100000,46790,316,587,0,0.4679,0.00675357982474889,0,11.308826029009651
4,z,11,z,0.5,m1,0,100000,46790,316,587,0,0.4679,0.00675357982474889,0,11.308826029009651
4,z,11,x,0.5,m1,0,100000,46790,316,587,0,0.4679,0.00675357982474889,0,11.308826029009651
4,z,11,z,0.5,m1,0,100000,46790,316,587,0,0.4679,0.00675357982474889,0,11.308826029009651
4,z,14,z,0.5,m1,0,100000,76662,0,0,0,0.76662,0.0,0,2.4657388380146585
4,z,14,x,0.5,m1,0,100000,76662,0,0,0,0.76662,0.0,0,2.4657388380146585
4,z,14,z,0.5,m1,0,100000,76662,0,0,0,0.76662,0.0,0,2.4657388380146585
4,z,14,z,0.5,m1,0,100000,76662,0,0,0,0.76662,0.0,0,2.4657388380146585
4,z,10,z,0.5,m1,0,100000,81122,887,1636,0,0.81122,0.010934148566356883,0,13.485845852992497
4,z,10,x,0.5,m1,0,100000,81122,887,1636,0,0.81122,0.010934148566356883,0,13.485845852992497
4,z,10,x,0.5,m1,0,100000,81122,887,1636,0,0.81122,0.010934148566356883,0,13.485845852992497
4,z,10,z,0.5,m1,0,100000,81122,887,1636,0,0.81122,0.010934148566356883,0,13.485845852992497
4,z,8,z,0.3,m1,0,100000,100000,0,1,0,1.0,0.0,0,0.7750878619845025
4,z,8,z,0.3,m1,0,100000,100000,0,1,0,1.0,0.0,0,0.7750878619845025
4,z,8,z,0.3,m1,0,100000,100000,0,1,0,1.0,0.0,0,0.7750878619845025
4,z,8,x,0.3,m1,0,100000,100000,0,1,0,1.0,0.0,0,0.7750878619845025
4,z,13,x,0.5,m1,0,100000,60516,264,506,0,0.60516,0.004362482649216681,0,10.90739195398055
4,z,13,x,0.5,m1,0,100000,60516,264,506,0,0.60516,0.004362482649216681,0,10.90739195398055
4,z,13,z,0.5,m1,0,100000,60516,264,506,0,0.60516,0.004362482649216681,0,10.90739195398055
4,z,13,z,0.5,m1,0,100000,60516,264,506,0,0.60516,0.004362482649216681,0,10.90739195398055
4,z,3,x,0.3,m1,0,100000,72884,6972,13189,0,0.72884,0.09565885516711492,0,12.56624771899078
4,z,3,z,0.3,m1,0,100000,72884,6972,13189,0,0.72884,0.09565885516711492,0,12.56624771899078
4,z,3,x,0.3,m1,0,100000,72884,6972,13189,0,0.72884,0.09565885516711492,0,12.56624771899078
4,z,3,x,0.3,m1,0,100000,72884,6972,13189,0,0.72884,0.09565885516711492,0,12.56624771899078
4,z,4,z,0.3,m1,0,100000,92003,302,577,0,0.92003,0.003282501657554615,0,9.937290639994899
4,z,4,z,0.3,m1,0,100000,92003,302,577,0,0.92003,0.003282501657554615,0,9.937290639994899
4,z,4,x,0.3,m1,0,100000,92003,302,577,0,0.92003,0.003282501657554615,0,9.937290639994899
4,z,4,x,0.3,m1,0,100000,92003,302,577,0,0.92003,0.003282501657554615,0,9.937290639994899
4,z,12,z,0.3,m1,0,100000,90512,0,1,0,0.90512,0.0,0,1.1740234439785127
4,z,12,z,0.3,m1,0,100000,90512,0,1,0,0.90512,0.0,0,1.1740234439785127
4,z,12,x,0.3,m1,0,100000,90512,0,1,0,0.90512,0.0,0,1.1740234439785127
4,z,12,z,0.3,m1,0,100000,90512,0,1,0,0.90512,0.0,0,1.1740234439785127
4,z,7,x,0.3,m1,0,100000,76190,298,571,0,0.7619,0.00391127444546524,0,12.78410045200144
4,z,7,z,0.3,m1,0,100000,76190,298,571,0,0.7619,0.00391127444546524,0,12.78410045200144
4,z,7,z,0.3,m1,0,100000,76190,298,571,0,0.7619,0.00391127444546524,0,12.78410045200144
4,z,7,x,0.3,m1,0,100000,76190,298,571,0,0.7619,0.00391127444546524,0,12.78410045200144
4,z,6,z,0.3,m1,0,100000,82549,306,575,0,0.82549,0.003706889241541389,0,14.356453101005172
4,z,6,x,0.3,m1,0,100000,82549,306,575,0,0.82549,0.003706889241541389,0,14.356453101005172
4,z,6,z,0.3,m1,0,100000,82549,306,575,0,0.82549,0.003706889241541389,0,14.356453101005172
4,z,6,x,0.3,m1,0,100000,82549,306,575,0,0.82549,0.003706889241541389,0,14.356453101005172
4,z,14,z,0.3,m1,0,100000,85117,0,0,0,0.85117,0.0,0,1.600319921009941
4,z,14,x,0.3,m1,0,100000,85117,0,0,0,0.85117,0.0,0,1.600319921009941
4,z,14,z,0.3,m1,0,100000,85117,0,0,0,0.85117,0.0,0,1.600319921009941
4,z,14,z,0.3,m1,0,100000,85117,0,0,0,0.85117,0.0,0,1.600319921009941
4,z,15,x,0.3,m1,0,100000,78043,0,0,0,0.78043,0.0,0,1.6903114140150137
4,z,15,z,0.3,m1,0,100000,78043,0,0,0,0.78043,0.0,0,1.6903114140150137
4,z,15,z,0.3,m1,0,100000,78043,0,0,0,0.78043,0.0,0,1.6903114140150137
4,z,15,z,0.3,m1,0,100000,78043,0,0,0,0.78043,0.0,0,1.6903114140150137
4,z,2,z,0.3,m1,0,100000,88180,6692,12377,0,0.8818,0.07589022454071215,0,14.769917255995097
4,z,2,x,0.3,m1,0,100000,88180,6692,12377,0,0.8818,0.07589022454071215,0,14.769917255995097
4,z,2,x,0.3,m1,0,100000,88180,6692,12377,0,0.8818,0.07589022454071215,0,14.769917255995097
4,z,2,x,0.3,m1,0,100000,88180,6692,12377,0,0.8818,0.07589022454071215,0,14.769917255995097
4,z,9,x,0.3,m1,0,100000,71274,6011,11468,0,0.71274,0.0843365041950781,0,13.731511071004206
4,z,9,x,0.3,m1,0,100000,71274,6011,11468,0,0.71274,0.0843365041950781,0,13.731511071004206
4,z,9,x,0.3,m1,0,100000,71274,6011,11468,0,0.71274,0.0843365041950781,0,13.731511071004206
4,z,9,z,0.3,m1,0,100000,71274,6011,11468,0,0.71274,0.0843365041950781,0,13.731511071004206
4,z,5,x,0.3,m1,0,100000,73405,6514,12620,0,0.73405,0.08874054900892314,0,16.075074363994645
4,z,5,x,0.3,m1,0,100000,73405,6514,12620,0,0.73405,0.08874054900892314,0,16.075074363994645
4,z,5,z,0.3,m1,0,100000,73405,6514,12620,0,0.73405,0.08874054900892314,0,16.075074363994645
4,z,5,x,0.3,m1,0,100000,73405,6514,12620,0,0.73405,0.08874054900892314,0,16.075074363994645
4,z,10,z,0.3,m1,0,100000,87903,410,787,0,0.87903,0.004664232165000004,0,10.83940487500513
4,z,10,x,0.3,m1,0,100000,87903,410,787,0,0.87903,0.004664232165000004,0,10.83940487500513
4,z,10,x,0.3,m1,0,100000,87903,410,787,0,0.87903,0.004664232165000004,0,10.83940487500513
4,z,10,z,0.3,m1,0,100000,87903,410,787,0,0.87903,0.004664232165000004,0,10.83940487500513
4,z,8,z,0.1,m1,0,100000,100000,0,0,0,1.0,0.0,0,0.5113548099761829
4,z,8,z,0.1,m1,0,100000,100000,0,0,0,1.0,0.0,0,0.5113548099761829
4,z,8,z,0.1,m1,0,100000,100000,0,0,0,1.0,0.0,0,0.5113548099761829
4,z,8,x,0.1,m1,0,100000,100000,0,0,0,1.0,0.0,0,0.5113548099761829
4,z,11,x,0.3,m1,0,100000,63140,182,343,0,0.6314,0.0028824833702882913,0,14.730842477001715
4,z,11,z,0.3,m1,0,100000,63140,182,343,0,0.6314,0.0028824833702882913,0,14.730842477001715
4,z,11,x,0.3,m1,0,100000,63140,182,343,0,0.6314,0.0028824833702882913,0,14.730842477001715
4,z,11,z,0.3,m1,0,100000,63140,182,343,0,0.6314,0.0028824833702882913,0,14.730842477001715
4,z,13,x,0.3,m1,0,100000,74400,106,212,0,0.744,0.0014247311827957354,0,10.590101809997577
4,z,13,x,0.3,m1,0,100000,74400,106,212,0,0.744,0.0014247311827957354,0,10.590101809997577
4,z,13,z,0.3,m1,0,100000,74400,106,212,0,0.744,0.0014247311827957354,0,10.590101809997577
4,z,13,z,0.3,m1,0,100000,74400,106,212,0,0.744,0.0014247311827957354,0,10.590101809997577
4,z,12,z,0.1,m1,0,100000,96720,0,0,0,0.9672,0.0,0,0.5846689419995528
4,z,12,z,0.1,m1,0,100000,96720,0,0,0,0.9672,0.0,0,0.5846689419995528
4,z,12,x,0.1,m1,0,100000,96720,0,0,0,0.9672,0.0,0,0.5846689419995528
4,z,12,z,0.1,m1,0,100000,96720,0,0,0,0.9672,0.0,0,0.5846689419995528
4,z,4,z,0.1,m1,0,100000,97310,38,75,0,0.9731,0.00039050457301403885,0,8.727897411008598
4,z,4,z,0.1,m1,0,100000,97310,38,75,0,0.9731,0.00039050457301403885,0,8.727897411008598
4,z,4,x,0.1,m1,0,100000,97310,38,75,0,0.9731,0.00039050457301403885,0,8.727897411008598
4,z,4,x,0.1,m1,0,100000,97310,38,75,0,0.9731,0.00039050457301403885,0,8.727897411008598
4,z,3,x,0.1,m1,0,100000,90065,3046,5841,0,0.90065,0.03382001887525676,0,13.93110887700459
4,z,3,z,0.1,m1,0,100000,90065,3046,5841,0,0.90065,0.03382001887525676,0,13.93110887700459
4,z,3,x,0.1,m1,0,100000,90065,3046,5841,0,0.90065,0.03382001887525676,0,13.93110887700459
4,z,3,x,0.1,m1,0,100000,90065,3046,5841,0,0.90065,0.03382001887525676,0,13.93110887700459
4,z,5,x,0.1,m1,0,100000,90362,2772,5411,0,0.90362,0.030676611850113944,0,14.296601267997175
4,z,5,x,0.1,m1,0,100000,90362,2772,5411,0,0.90362,0.030676611850113944,0,14.296601267997175
4,z,5,z,0.1,m1,0,100000,90362,2772,5411,0,0.90362,0.030676611850113944,0,14.296601267997175
4,z,5,x,0.1,m1,0,100000,90362,2772,5411,0,0.90362,0.030676611850113944,0,14.296601267997175
4,z,14,z,0.1,m1,0,100000,94858,0,0,0,0.94858,0.0,0,0.8234523580176756
4,z,14,x,0.1,m1,0,100000,94858,0,0,0,0.94858,0.0,0,0.8234523580176756
4,z,14,z,0.1,m1,0,100000,94858,0,0,0,0.94858,0.0,0,0.8234523580176756
4,z,14,z,0.1,m1,0,100000,94858,0,0,0,0.94858,0.0,0,0.8234523580176756
4,z,9,x,0.1,m1,0,100000,89189,2572,4944,0,0.89189,0.028837636928320753,0,13.685813504009275
4,z,9,x,0.1,m1,0,100000,89189,2572,4944,0,0.89189,0.028837636928320753,0,13.685813504009275
4,z,9,x,0.1,m1,0,100000,89189,2572,4944,0,0.89189,0.028837636928320753,0,13.685813504009275
4,z,9,z,0.1,m1,0,100000,89189,2572,4944,0,0.89189,0.028837636928320753,0,13.685813504009275
4,z,6,z,0.1,m1,0,100000,93743,63,120,0,0.93743,0.0006720501797468081,0,14.680038049002178
4,z,6,x,0.1,m1,0,100000,93743,63,120,0,0.93743,0.0006720501797468081,0,14.680038049002178
4,z,6,z,0.1,m1,0,100000,93743,63,120,0,0.93743,0.0006720501797468081,0,14.680038049002178
4,z,6,x,0.1,m1,0,100000,93743,63,120,0,0.93743,0.0006720501797468081,0,14.680038049002178
4,z,7,x,0.1,m1,0,100000,91320,94,181,0,0.9132,0.0010293473499780603,0,14.824859563988866
4,z,7,z,0.1,m1,0,100000,91320,94,181,0,0.9132,0.0010293473499780603,0,14.824859563988866
4,z,7,z,0.1,m1,0,100000,91320,94,181,0,0.9132,0.0010293473499780603,0,14.824859563988866
4,z,7,x,0.1,m1,0,100000,91320,94,181,0,0.9132,0.0010293473499780603,0,14.824859563988866
4,z,10,z,0.1,m1,0,100000,95865,76,145,0,0.95865,0.00079278151567308,0,10.931483049993403
4,z,10,x,0.1,m1,0,100000,95865,76,145,0,0.95865,0.00079278151567308,0,10.931483049993403
4,z,10,x,0.1,m1,0,100000,95865,76,145,0,0.95865,0.00079278151567308,0,10.931483049993403
4,z,10,z,0.1,m1,0,100000,95865,76,145,0,0.95865,0.00079278151567308,0,10.931483049993403
4,z,15,x,0.1,m1,0,100000,92048,0,0,0,0.92048,0.0,0,0.6413598289946094
4,z,15,z,0.1,m1,0,100000,92048,0,0,0,0.92048,0.0,0,0.6413598289946094
4,z,15,z,0.1,m1,0,100000,92048,0,0,0,0.92048,0.0,0,0.6413598289946094
4,z,15,z,0.1,m1,0,100000,92048,0,0,0,0.92048,0.0,0,0.6413598289946094
4,z,2,z,0.1,m1,0,100000,95944,2558,4969,0,0.95944,0.02666138580838817,0,14.40233837699634
4,z,2,x,0.1,m1,0,100000,95944,2558,4969,0,0.95944,0.02666138580838817,0,14.40233837699634
4,z,2,x,0.1,m1,0,100000,95944,2558,4969,0,0.95944,0.02666138580838817,0,14.40233837699634
4,z,2,x,0.1,m1,0,100000,95944,2558,4969,0,0.95944,0.02666138580838817,0,14.40233837699634
4,z,13,x,0.1,m1,0,100000,90552,14,28,0,0.90552,0.00015460729746441526,0,6.915174232010031
4,z,13,x,0.1,m1,0,100000,90552,14,28,0,0.90552,0.00015460729746441526,0,6.915174232010031
4,z,13,z,0.1,m1,0,100000,90552,14,28,0,0.90552,0.00015460729746441526,0,6.915174232010031
4,z,13,z,0.1,m1,0,100000,90552,14,28,0,0.90552,0.00015460729746441526,0,6.915174232010031
4,z,11,x,0.1,m1,0,100000,85850,53,102,0,0.8585,0.0006173558532324153,0,15.332445195002947
4,z,11,z,0.1,m1,0,100000,85850,53,102,0,0.8585,0.0006173558532324153,0,15.332445195002947
4,z,11,x,0.1,m1,0,100000,85850,53,102,0,0.8585,0.0006173558532324153,0,15.332445195002947
4,z,11,z,0.1,m1,0,100000,85850,53,102,0,0.8585,0.0006173558532324153,0,15.332445195002947
