n,lstate,i,meas_type,p_error,sim_type,total_meta_shots,shots,count_accept,count_logerror,count_undecided,count_detect_discard,prep_rate,LER,detect_normal,decoding_normal
4,x,4,x,1,normal,0,100000,17192,304,560,0,0.17192,0.01768264308980927,0,8.610444635996828
4,x,4,z,1,normal,0,100000,17192,304,560,0,0.17192,0.01768264308980927,0,8.610444635996828
4,x,4,x,1,normal,0,100000,17192,304,560,0,0.17192,0.01768264308980927,0,8.610444635996828
4,x,4,x,1,normal,0,100000,17192,304,560,0,0.17192,0.01768264308980927,0,8.610444635996828
4,x,2,x,1,normal,0,100000,29101,2,3,0,0.29101,6.872616061304182e-05,0,9.638327781984117
4,x,2,x,1,normal,0,100000,29101,2,3,0,0.29101,6.872616061304182e-05,0,9.638327781984117
4,x,2,x,1,normal,0,100000,29101,2,3,0,0.29101,6.872616061304182e-05,0,9.638327781984117
4,x,2,x,1,normal,0,100000,29101,2,3,0,0.29101,6.872616061304182e-05,0,9.638327781984117
4,x,6,x,1,normal,0,100000,35629,758,1393,0,0.35629,0.02127480423250727,0,9.732566575985402
4,x,6,x,1,normal,0,100000,35629,758,1393,0,0.35629,0.02127480423250727,0,9.732566575985402
4,x,6,z,1,normal,0,100000,35629,758,1393,0,0.35629,0.02127480423250727,0,9.732566575985402
4,x,6,x,1,normal,0,100000,35629,758,1393,0,0.35629,0.02127480423250727,0,9.732566575985402
4,x,10,x,1,normal,0,100000,29753,796,1413,0,0.29753,0.026753604678519838,0,10.562985018012114
4,x,10,x,1,normal,0,100000,29753,796,1413,0,0.29753,0.026753604678519838,0,10.562985018012114
4,x,10,x,1,normal,0,100000,29753,796,1413,0,0.29753,0.026753604678519838,0,10.562985018012114
4,x,10,z,1,normal,0,100000,29753,796,1413,0,0.29753,0.026753604678519838,0,10.562985018012114
4,x,8,x,1,normal,0,100000,27746,6550,10951,0,0.27746,0.2360700641533915,0,10.869877618999453
4,x,8,z,1,normal,0,100000,27746,6550,10951,0,0.27746,0.2360700641533915,0,10.869877618999453
4,x,8,z,1,normal,0,100000,27746,6550,10951,0,0.27746,0.2360700641533915,0,10.869877618999453
4,x,8,x,1,normal,0,100000,27746,6550,10951,0,0.27746,0.2360700641533915,0,10.869877618999453
4,x,5,z,1,normal,0,100000,39480,92,149,0,0.3948,0.002330293819655549,0,12.951181197015103
4,x,5,z,1,normal,0,100000,39480,92,149,0,0.3948,0.002330293819655549,0,12.951181197015103
4,x,5,x,1,normal,0,100000,39480,92,149,0,0.3948,0.002330293819655549,0,12.951181197015103
4,x,5,x,1,normal,0,100000,39480,92,149,0,0.3948,0.002330293819655549,0,12.951181197015103
4,x,9,z,1,normal,0,100000,100000,1744,2725,0,1.0,0.01744000000000001,0,15.13115886299056
4,x,9,z,1,normal,0,100000,100000,1744,2725,0,1.0,0.01744000000000001,0,15.13115886299056
4,x,9,z,1,normal,0,100000,100000,1744,2725,0,1.0,0.01744000000000001,0,15.13115886299056
4,x,9,x,1,normal,0,100000,100000,1744,2725,0,1.0,0.01744000000000001,0,15.13115886299056
4,x,7,z,1,normal,0,100000,50312,1376,2429,0,0.50312,0.027349340117665766,0,13.986459502018988
4,x,7,x,1,normal,0,100000,50312,1376,2429,0,0.50312,0.027349340117665766,0,13.986459502018988
4,x,7,z,1,normal,0,100000,50312,1376,2429,0,0.50312,0.027349340117665766,0,13.986459502018988
4,x,7,x,1,normal,0,100000,50312,1376,2429,0,0.50312,0.027349340117665766,0,13.986459502018988
4,x,11,z,1,normal,0,100000,57538,1990,3472,0,0.57538,0.034585838923841594,0,14.436055289988872
4,x,11,x,1,normal,0,100000,57538,1990,3472,0,0.57538,0.034585838923841594,0,14.436055289988872
4,x,11,x,1,normal,0,100000,57538,1990,3472,0,0.57538,0.034585838923841594,0,14.436055289988872
4,x,11,z,1,normal,0,100000,57538,1990,3472,0,0.57538,0.034585838923841594,0,14.436055289988872
4,x,3,z,1,normal,0,100000,51777,5,8,0,0.51777,9.65679741969927e-05,0,17.027492469991557
4,x,3,x,1,normal,0,100000,51777,5,8,0,0.51777,9.65679741969927e-05,0,17.027492469991557
4,x,3,x,1,normal,0,100000,51777,5,8,0,0.51777,9.65679741969927e-05,0,17.027492469991557
4,x,3,x,1,normal,0,100000,51777,5,8,0,0.51777,9.65679741969927e-05,0,17.027492469991557
4,x,12,x,1,normal,0,100000,29214,8754,13761,0,0.29214,0.29965085233107414,0,9.964936423988547
4,x,12,z,1,normal,0,100000,29214,8754,13761,0,0.29214,0.29965085233107414,0,9.964936423988547
4,x,12,x,1,normal,0,100000,29214,8754,13761,0,0.29214,0.29965085233107414,0,9.964936423988547
4,x,12,z,1,normal,0,100000,29214,8754,13761,0,0.29214,0.29965085233107414,0,9.964936423988547
4,x,14,x,1,normal,0,100000,34306,7690,13133,0,0.34306,0.22415903923511926,0,10.162400961999083
4,x,14,x,1,normal,0,100000,34306,7690,13133,0,0.34306,0.22415903923511926,0,10.162400961999083
4,x,14,z,1,normal,0,100000,34306,7690,13133,0,0.34306,0.22415903923511926,0,10.162400961999083
4,x,14,z,1,normal,0,100000,34306,7690,13133,0,0.34306,0.22415903923511926,0,10.162400961999083
4,x,2,x,0.8,normal,0,100000,37327,2,3,0,0.37327,5.358051812365261e-05,0,10.133819256006973
4,x,2,x,0.8,normal,0,100000,37327,2,3,0,0.37327,5.358051812365261e-05,0,10.133819256006973
4,x,2,x,0.8,normal,0,100000,37327,2,3,0,0.37327,5.358051812365261e-05,0,10.133819256006973
4,x,2,x,0.8,normal,0,100000,37327,2,3,0,0.37327,5.358051812365261e-05,0,10.133819256006973
4,x,13,z,1,normal,0,100000,46441,5786,8499,0,0.46441,0.12458818716220577,0,13.693460690003121
4,x,13,z,1,normal,0,100000,46441,5786,8499,0,0.46441,0.12458818716220577,0,13.693460690003121
4,x,13,x,1,normal,0,100000,46441,5786,8499,0,0.46441,0.12458818716220577,0,13.693460690003121
4,x,13,z,1,normal,0,100000,46441,5786,8499,0,0.46441,0.12458818716220577,0,13.693460690003121
4,x,4,x,0.8,normal,0,100000,24228,254,473,0,0.24228,0.010483737824005246,0,9.95057611100492
4,x,4,z,0.8,normal,0,100000,24228,254,473,0,0.24228,0.010483737824005246,0,9.95057611100492
4,x,4,x,0.8,normal,0,100000,24228,254,473,0,0.24228,0.010483737824005246,0,9.95057611100492
4,x,4,x,0.8,normal,0,100000,24228,254,473,0,0.24228,0.010483737824005246,0,9.95057611100492
4,x,15,z,1,normal,0,100000,58199,12749,19982,0,0.58199,0.21905874671386105,0,14.618765918974532
4,x,15,x,1,normal,0,100000,58199,12749,19982,0,0.58199,0.21905874671386105,0,14.618765918974532
4,x,15,z,1,normal,0,100000,58199,12749,19982,0,0.58199,0.21905874671386105,0,14.618765918974532
4,x,15,z,1,normal,0,100000,58199,12749,19982,0,0.58199,0.21905874671386105,0,14.618765918974532
4,x,3,z,0.8,normal,0,100000,59094,6,10,0,0.59094,0.00010153315057370715,0,12.299632727022981
4,x,3,x,0.8,normal,0,100000,59094,6,10,0,0.59094,0.00010153315057370715,0,12.299632727022981
4,x,3,x,0.8,normal,0,100000,59094,6,10,0,0.59094,0.00010153315057370715,0,12.299632727022981
4,x,3,x,0.8,normal,0,100000,59094,6,10,0,0.59094,0.00010153315057370715,0,12.299632727022981
4,x,6,x,0.8,normal,0,100000,43634,648,1224,0,0.43634,0.014850804418572672,0,10.601597580011003
4,x,6,x,0.8,normal,0,100000,43634,648,1224,0,0.43634,0.014850804418572672,0,10.601597580011003
4,x,6,z,0.8,normal,0,100000,43634,648,1224,0,0.43634,0.014850804418572672,0,10.601597580011003
4,x,6,x,0.8,normal,0,100000,43634,648,1224,0,0.43634,0.014850804418572672,0,10.601597580011003
4,x,5,z,0.8,normal,0,100000,46302,45,76,0,0.46302,0.0009718802643514657,0,13.55488671400235
4,x,5,z,0.8,normal,0,100000,46302,45,76,0,0.46302,0.0009718802643514657,0,13.55488671400235
4,x,5,x,0.8,normal,0,100000,46302,45,76,0,0.46302,0.0009718802643514657,0,13.55488671400235
4,x,5,x,0.8,normal,0,100000,46302,45,76,0,0.46302,0.0009718802643514657,0,13.55488671400235
4,x,8,x,0.8,normal,0,100000,34948,6696,11365,0,0.34948,0.19159894700698177,0,12.037862148019485
4,x,8,z,0.8,normal,0,100000,34948,6696,11365,0,0.34948,0.19159894700698177,0,12.037862148019485
4,x,8,z,0.8,normal,0,100000,34948,6696,11365,0,0.34948,0.19159894700698177,0,12.037862148019485
4,x,8,x,0.8,normal,0,100000,34948,6696,11365,0,0.34948,0.19159894700698177,0,12.037862148019485
4,x,10,x,0.8,normal,0,100000,37532,707,1284,0,0.37532,0.01883725887242882,0,10.376811048015952
4,x,10,x,0.8,normal,0,100000,37532,707,1284,0,0.37532,0.01883725887242882,0,10.376811048015952
4,x,10,x,0.8,normal,0,100000,37532,707,1284,0,0.37532,0.01883725887242882,0,10.376811048015952
4,x,10,z,0.8,normal,0,100000,37532,707,1284,0,0.37532,0.01883725887242882,0,10.376811048015952
4,x,7,z,0.8,normal,0,100000,57012,1030,1848,0,0.57012,0.01806637199186134,0,13.80467073697946
4,x,7,x,0.8,normal,0,100000,57012,1030,1848,0,0.57012,0.01806637199186134,0,13.80467073697946
4,x,7,z,0.8,normal,0,100000,57012,1030,1848,0,0.57012,0.01806637199186134,0,13.80467073697946
4,x,7,x,0.8,normal,0,100000,57012,1030,1848,0,0.57012,0.01806637199186134,0,13.80467073697946
4,x,9,z,0.8,normal,0,100000,100000,819,1346,0,1.0,0.00819000000000003,0,16.141289065999445
4,x,9,z,0.8,normal,0,100000,100000,819,1346,0,1.0,0.00819000000000003,0,16.141289065999445
4,x,9,z,0.8,normal,0,100000,100000,819,1346,0,1.0,0.00819000000000003,0,16.141289065999445
4,x,9,x,0.8,normal,0,100000,100000,819,1346,0,1.0,0.00819000000000003,0,16.141289065999445
4,x,12,x,0.8,normal,0,100000,36926,9274,14791,0,0.36926,0.2511509505497481,0,10.985705503000645
4,x,12,z,0.8,normal,0,100000,36926,9274,14791,0,0.36926,0.2511509505497481,0,10.985705503000645
4,x,12,x,0.8,normal,0,100000,36926,9274,14791,0,0.36926,0.2511509505497481,0,10.985705503000645
4,x,12,z,0.8,normal,0,100000,36926,9274,14791,0,0.36926,0.2511509505497481,0,10.985705503000645
4,x,14,x,0.8,normal,0,100000,42545,8031,13954,0,0.42545,0.188764837231167,0,10.798638236999977
4,x,14,x,0.8,normal,0,100000,42545,8031,13954,0,0.42545,0.188764837231167,0,10.798638236999977
4,x,14,z,0.8,normal,0,100000,42545,8031,13954,0,0.42545,0.188764837231167,0,10.798638236999977
4,x,14,z,0.8,normal,0,100000,42545,8031,13954,0,0.42545,0.188764837231167,0,10.798638236999977
4,x,2,x,0.5,normal,0,100000,53868,0,0,0,0.53868,0.0,0,9.499344821000705
4,x,2,x,0.5,normal,0,100000,53868,0,0,0,0.53868,0.0,0,9.499344821000705
4,x,2,x,0.5,normal,0,100000,53868,0,0,0,0.53868,0.0,0,9.499344821000705
4,x,2,x,0.5,normal,0,100000,53868,0,0,0,0.53868,0.0,0,9.499344821000705
4,x,11,z,0.8,normal,0,100000,63997,1542,2696,0,0.63997,0.024094879447474127,0,13.89985998100019
4,x,11,x,0.8,normal,0,100000,63997,1542,2696,0,0.63997,0.024094879447474127,0,13.89985998100019
4,x,11,x,0.8,normal,0,100000,63997,1542,2696,0,0.63997,0.024094879447474127,0,13.89985998100019
4,x,11,z,0.8,normal,0,100000,63997,1542,2696,0,0.63997,0.024094879447474127,0,13.89985998100019
4,x,13,z,0.8,normal,0,100000,53569,4763,7342,0,0.53569,0.08891336407250461,0,15.198687694006367
4,x,13,z,0.8,normal,0,100000,53569,4763,7342,0,0.53569,0.08891336407250461,0,15.198687694006367
4,x,13,x,0.8,normal,0,100000,53569,4763,7342,0,0.53569,0.08891336407250461,0,15.198687694006367
4,x,13,z,0.8,normal,0,100000,53569,4763,7342,0,0.53569,0.08891336407250461,0,15.198687694006367
4,x,15,z,0.8,normal,0,100000,64596,11902,19376,0,0.64596,0.18425289491609387,0,14.500407687999541
4,x,15,x,0.8,normal,0,100000,64596,11902,19376,0,0.64596,0.18425289491609387,0,14.500407687999541
4,x,15,z,0.8,normal,0,100000,64596,11902,19376,0,0.64596,0.18425289491609387,0,14.500407687999541
4,x,15,z,0.8,normal,0,100000,64596,11902,19376,0,0.64596,0.18425289491609387,0,14.500407687999541
4,x,4,x,0.5,normal,0,100000,40721,172,335,0,0.40721,0.004223864836325197,0,11.951058504986577
4,x,4,z,0.5,normal,0,100000,40721,172,335,0,0.40721,0.004223864836325197,0,11.951058504986577
4,x,4,x,0.5,normal,0,100000,40721,172,335,0,0.40721,0.004223864836325197,0,11.951058504986577
4,x,4,x,0.5,normal,0,100000,40721,172,335,0,0.40721,0.004223864836325197,0,11.951058504986577
4,x,3,z,0.5,normal,0,100000,72037,0,1,0,0.72037,0.0,0,12.44161145700491
4,x,3,x,0.5,normal,0,100000,72037,0,1,0,0.72037,0.0,0,12.44161145700491
4,x,3,x,0.5,normal,0,100000,72037,0,1,0,0.72037,0.0,0,12.44161145700491
4,x,3,x,0.5,normal,0,100000,72037,0,1,0,0.72037,0.0,0,12.44161145700491
4,x,5,z,0.5,normal,0,100000,60248,6,12,0,0.60248,9.958836807866245e-05,0,12.187814081000397
4,x,5,z,0.5,normal,0,100000,60248,6,12,0,0.60248,9.958836807866245e-05,0,12.187814081000397
4,x,5,x,0.5,normal,0,100000,60248,6,12,0,0.60248,9.958836807866245e-05,0,12.187814081000397
4,x,5,x,0.5,normal,0,100000,60248,6,12,0,0.60248,9.958836807866245e-05,0,12.187814081000397
4,x,6,x,0.5,normal,0,100000,59250,342,661,0,0.5925,0.005772151898734146,0,12.845206414000131
4,x,6,x,0.5,normal,0,100000,59250,342,661,0,0.5925,0.005772151898734146,0,12.845206414000131
4,x,6,z,0.5,normal,0,100000,59250,342,661,0,0.5925,0.005772151898734146,0,12.845206414000131
4,x,6,x,0.5,normal,0,100000,59250,342,661,0,0.5925,0.005772151898734146,0,12.845206414000131
4,x,8,x,0.5,normal,0,100000,50660,6058,10427,0,0.5066,0.11958152388472165,0,11.169636955019087
4,x,8,z,0.5,normal,0,100000,50660,6058,10427,0,0.5066,0.11958152388472165,0,11.169636955019087
4,x,8,z,0.5,normal,0,100000,50660,6058,10427,0,0.5066,0.11958152388472165,0,11.169636955019087
4,x,8,x,0.5,normal,0,100000,50660,6058,10427,0,0.5066,0.11958152388472165,0,11.169636955019087
4,x,7,z,0.5,normal,0,100000,70121,555,1018,0,0.70121,0.007914889975898842,0,14.280506311013596
4,x,7,x,0.5,normal,0,100000,70121,555,1018,0,0.70121,0.007914889975898842,0,14.280506311013596
4,x,7,z,0.5,normal,0,100000,70121,555,1018,0,0.70121,0.007914889975898842,0,14.280506311013596
4,x,7,x,0.5,normal,0,100000,70121,555,1018,0,0.70121,0.007914889975898842,0,14.280506311013596
4,x,10,x,0.5,normal,0,100000,53521,484,885,0,0.53521,0.009043179312793082,0,12.14858234699932
4,x,10,x,0.5,normal,0,100000,53521,484,885,0,0.53521,0.009043179312793082,0,12.14858234699932
4,x,10,x,0.5,normal,0,100000,53521,484,885,0,0.53521,0.009043179312793082,0,12.14858234699932
4,x,10,z,0.5,normal,0,100000,53521,484,885,0,0.53521,0.009043179312793082,0,12.14858234699932
4,x,9,z,0.5,normal,0,100000,100000,166,295,0,1.0,0.0016599999999999948,0,14.373090186010813
4,x,9,z,0.5,normal,0,100000,100000,166,295,0,1.0,0.0016599999999999948,0,14.373090186010813
4,x,9,z,0.5,normal,0,100000,100000,166,295,0,1.0,0.0016599999999999948,0,14.373090186010813
4,x,9,x,0.5,normal,0,100000,100000,166,295,0,1.0,0.0016599999999999948,0,14.373090186010813
4,x,12,x,0.5,normal,0,100000,53217,9113,14564,0,0.53217,0.17124227220624988,0,13.534371515997918
4,x,12,z,0.5,normal,0,100000,53217,9113,14564,0,0.53217,0.17124227220624988,0,13.534371515997918
4,x,12,x,0.5,normal,0,100000,53217,9113,14564,0,0.53217,0.17124227220624988,0,13.534371515997918
4,x,12,z,0.5,normal,0,100000,53217,9113,14564,0,0.53217,0.17124227220624988,0,13.534371515997918
4,x,14,x,0.5,normal,0,100000,58638,7420,13162,0,0.58638,0.12653910433507287,0,11.849339929001871
4,x,14,x,0.5,normal,0,100000,58638,7420,13162,0,0.58638,0.12653910433507287,0,11.849339929001871
4,x,14,z,0.5,normal,0,100000,58638,7420,13162,0,0.58638,0.12653910433507287,0,11.849339929001871
4,x,14,z,0.5,normal,0,100000,58638,7420,13162,0,0.58638,0.12653910433507287,0,11.849339929001871
4,x,13,z,0.5,normal,0,100000,67063,2864,4860,0,0.67063,0.04270611216318987,0,15.15025674199569
4,x,13,z,0.5,normal,0,100000,67063,2864,4860,0,0.67063,0.04270611216318987,0,15.15025674199569
4,x,13,x,0.5,normal,0,100000,67063,2864,4860,0,0.67063,0.04270611216318987,0,15.15025674199569
4,x,13,z,0.5,normal,0,100000,67063,2864,4860,0,0.67063,0.04270611216318987,0,15.15025674199569
4,x,11,z,0.5,normal,0,100000,75672,828,1527,0,0.75672,0.010941960038059029,0,15.853130307979882
4,x,11,x,0.5,normal,0,100000,75672,828,1527,0,0.75672,0.010941960038059029,0,15.853130307979882
4,x,11,x,0.5,normal,0,100000,75672,828,1527,0,0.75672,0.010941960038059029,0,15.853130307979882
4,x,11,z,0.5,normal,0,100000,75672,828,1527,0,0.75672,0.010941960038059029,0,15.853130307979882
4,x,2,x,0.3,normal,0,100000,69109,0,0,0,0.69109,0.0,0,12.044677233992843
4,x,2,x,0.3,normal,0,100000,69109,0,0,0,0.69109,0.0,0,12.044677233992843
4,x,2,x,0.3,normal,0,100000,69109,0,0,0,0.69109,0.0,0,12.044677233992843
4,x,2,x,0.3,normal,0,100000,69109,0,0,0,0.69109,0.0,0,12.044677233992843
4,x,15,z,0.5,normal,0,100000,76120,9390,16458,0,0.7612,0.12335785601681559,0,14.67691112702596
4,x,15,x,0.5,normal,0,100000,76120,9390,16458,0,0.7612,0.12335785601681559,0,14.67691112702596
4,x,15,z,0.5,normal,0,100000,76120,9390,16458,0,0.7612,0.12335785601681559,0,14.67691112702596
4,x,15,z,0.5,normal,0,100000,76120,9390,16458,0,0.7612,0.12335785601681559,0,14.67691112702596
4,x,3,z,0.3,normal,0,100000,81963,0,0,0,0.81963,0.0,0,10.394702454010257
4,x,3,x,0.3,normal,0,100000,81963,0,0,0,0.81963,0.0,0,10.394702454010257
4,x,3,x,0.3,normal,0,100000,81963,0,0,0,0.81963,0.0,0,10.394702454010257
4,x,3,x,0.3,normal,0,100000,81963,0,0,0,0.81963,0.0,0,10.394702454010257
4,x,4,x,0.3,normal,0,100000,58132,78,156,0,0.58132,0.0013417738938966695,0,11.480496246018447
4,x,4,z,0.3,normal,0,100000,58132,78,156,0,0.58132,0.0013417738938966695,0,11.480496246018447
4,x,4,x,0.3,normal,0,100000,58132,78,156,0,0.58132,0.0013417738938966695,0,11.480496246018447
4,x,4,x,0.3,normal,0,100000,58132,78,156,0,0.58132,0.0013417738938966695,0,11.480496246018447
4,x,5,z,0.3,normal,0,100000,72955,4,7,0,0.72955,5.482831882663852e-05,0,12.769195299013518
4,x,5,z,0.3,normal,0,100000,72955,4,7,0,0.72955,5.482831882663852e-05,0,12.769195299013518
4,x,5,x,0.3,normal,0,100000,72955,4,7,0,0.72955,5.482831882663852e-05,0,12.769195299013518
4,x,5,x,0.3,normal,0,100000,72955,4,7,0,0.72955,5.482831882663852e-05,0,12.769195299013518
4,x,8,x,0.3,normal,0,100000,66012,4560,8016,0,0.66012,0.06907834939101987,0,12.606683702993905
4,x,8,z,0.3,normal,0,100000,66012,4560,8016,0,0.66012,0.06907834939101987,0,12.606683702993905
4,x,8,z,0.3,normal,0,100000,66012,4560,8016,0,0.66012,0.06907834939101987,0,12.606683702993905
4,x,8,x,0.3,normal,0,100000,66012,4560,8016,0,0.66012,0.06907834939101987,0,12.606683702993905
4,x,6,x,0.3,normal,0,100000,72974,174,338,0,0.72974,0.0023844108860689994,0,16.025003232003655
4,x,6,x,0.3,normal,0,100000,72974,174,338,0,0.72974,0.0023844108860689994,0,16.025003232003655
4,x,6,z,0.3,normal,0,100000,72974,174,338,0,0.72974,0.0023844108860689994,0,16.025003232003655
4,x,6,x,0.3,normal,0,100000,72974,174,338,0,0.72974,0.0023844108860689994,0,16.025003232003655
4,x,9,z,0.3,normal,0,100000,100000,29,56,0,1.0,0.00029000000000001247,0,11.712072992988396
4,x,9,z,0.3,normal,0,100000,100000,29,56,0,1.0,0.00029000000000001247,0,11.712072992988396
4,x,9,z,0.3,normal,0,100000,100000,29,56,0,1.0,0.00029000000000001247,0,11.712072992988396
4,x,9,x,0.3,normal,0,100000,100000,29,56,0,1.0,0.00029000000000001247,0,11.712072992988396
4,x,7,z,0.3,normal,0,100000,80651,261,496,0,0.80651,0.003236165701603233,0,14.897317868017126
4,x,7,x,0.3,normal,0,100000,80651,261,496,0,0.80651,0.003236165701603233,0,14.897317868017126
4,x,7,z,0.3,normal,0,100000,80651,261,496,0,0.80651,0.003236165701603233,0,14.897317868017126
4,x,7,x,0.3,normal,0,100000,80651,261,496,0,0.80651,0.003236165701603233,0,14.897317868017126
4,x,10,x,0.3,normal,0,100000,68387,264,493,0,0.68387,0.0038603828212964153,0,12.25365238802624
4,x,10,x,0.3,normal,0,100000,68387,264,493,0,0.68387,0.0038603828212964153,0,12.25365238802624
4,x,10,x,0.3,normal,0,100000,68387,264,493,0,0.68387,0.0038603828212964153,0,12.25365238802624
4,x,10,z,0.3,normal,0,100000,68387,264,493,0,0.68387,0.0038603828212964153,0,12.25365238802624
4,x,12,x,0.3,normal,0,100000,68228,7372,11795,0,0.68228,0.10804948115143342,0,14.102095036010724
4,x,12,z,0.3,normal,0,100000,68228,7372,11795,0,0.68228,0.10804948115143342,0,14.102095036010724
4,x,12,x,0.3,normal,0,100000,68228,7372,11795,0,0.68228,0.10804948115143342,0,14.102095036010724
4,x,12,z,0.3,normal,0,100000,68228,7372,11795,0,0.68228,0.10804948115143342,0,14.102095036010724
4,x,11,z,0.3,normal,0,100000,84517,396,738,0,0.84517,0.004685447898056028,0,14.813101228995947
4,x,11,x,0.3,normal,0,100000,84517,396,738,0,0.84517,0.004685447898056028,0,14.813101228995947
4,x,11,x,0.3,normal,0,100000,84517,396,738,0,0.84517,0.004685447898056028,0,14.813101228995947
4,x,11,z,0.3,normal,0,100000,84517,396,738,0,0.84517,0.004685447898056028,0,14.813101228995947
4,x,14,x,0.3,normal,0,100000,72264,5750,10363,0,0.72264,0.07956935680283406,0,13.85825773497345
4,x,14,x,0.3,normal,0,100000,72264,5750,10363,0,0.72264,0.07956935680283406,0,13.85825773497345
4,x,14,z,0.3,normal,0,100000,72264,5750,10363,0,0.72264,0.07956935680283406,0,13.85825773497345
4,x,14,z,0.3,normal,0,100000,72264,5750,10363,0,0.72264,0.07956935680283406,0,13.85825773497345
4,x,2,x,0.1,normal,0,100000,88523,0,0,0,0.88523,0.0,0,7.98197806198732
4,x,2,x,0.1,normal,0,100000,88523,0,0,0,0.88523,0.0,0,7.98197806198732
4,x,2,x,0.1,normal,0,100000,88523,0,0,0,0.88523,0.0,0,7.98197806198732
4,x,2,x,0.1,normal,0,100000,88523,0,0,0,0.88523,0.0,0,7.98197806198732
4,x,13,z,0.3,normal,0,100000,78206,1391,2562,0,0.78206,0.017786359102882177,0,16.29789245201391
4,x,13,z,0.3,normal,0,100000,78206,1391,2562,0,0.78206,0.017786359102882177,0,16.29789245201391
4,x,13,x,0.3,normal,0,100000,78206,1391,2562,0,0.78206,0.017786359102882177,0,16.29789245201391
4,x,13,z,0.3,normal,0,100000,78206,1391,2562,0,0.78206,0.017786359102882177,0,16.29789245201391
4,x,3,z,0.1,normal,0,100000,93592,0,0,0,0.93592,0.0,0,8.91711910700542
4,x,3,x,0.1,normal,0,100000,93592,0,0,0,0.93592,0.0,0,8.91711910700542
4,x,3,x,0.1,normal,0,100000,93592,0,0,0,0.93592,0.0,0,8.91711910700542
4,x,3,x,0.1,normal,0,100000,93592,0,0,0,0.93592,0.0,0,8.91711910700542
4,x,5,z,0.1,normal,0,100000,90077,0,0,0,0.90077,0.0,0,9.61991216999013
4,x,5,z,0.1,normal,0,100000,90077,0,0,0,0.90077,0.0,0,9.61991216999013
4,x,5,x,0.1,normal,0,100000,90077,0,0,0,0.90077,0.0,0,9.61991216999013
4,x,5,x,0.1,normal,0,100000,90077,0,0,0,0.90077,0.0,0,9.61991216999013
4,x,15,z,0.3,normal,0,100000,84764,6592,12250,0,0.84764,0.07776886414043693,0,18.28455114000826
4,x,15,x,0.3,normal,0,100000,84764,6592,12250,0,0.84764,0.07776886414043693,0,18.28455114000826
4,x,15,z,0.3,normal,0,100000,84764,6592,12250,0,0.84764,0.07776886414043693,0,18.28455114000826
4,x,15,z,0.3,normal,0,100000,84764,6592,12250,0,0.84764,0.07776886414043693,0,18.28455114000826
4,x,4,x,0.1,normal,0,100000,83036,11,22,0,0.83036,0.0001324726624596373,0,15.794421368016629
4,x,4,z,0.1,normal,0,100000,83036,11,22,0,0.83036,0.0001324726624596373,0,15.794421368016629
4,x,4,x,0.1,normal,0,100000,83036,11,22,0,0.83036,0.0001324726624596373,0,15.794421368016629
4,x,4,x,0.1,normal,0,100000,83036,11,22,0,0.83036,0.0001324726624596373,0,15.794421368016629
4,x,6,x,0.1,normal,0,100000,89827,40,76,0,0.89827,0.00044530041078960636,0,15.359321149007883
4,x,6,x,0.1,normal,0,100000,89827,40,76,0,0.89827,0.00044530041078960636,0,15.359321149007883
4,x,6,z,0.1,normal,0,100000,89827,40,76,0,0.89827,0.00044530041078960636,0,15.359321149007883
4,x,6,x,0.1,normal,0,100000,89827,40,76,0,0.89827,0.00044530041078960636,0,15.359321149007883
4,x,9,z,0.1,normal,0,100000,100000,1,2,0,1.0,9.99999999995449e-06,0,9.478002523013856
4,x,9,z,0.1,normal,0,100000,100000,1,2,0,1.0,9.99999999995449e-06,0,9.478002523013856
4,x,9,z,0.1,normal,0,100000,100000,1,2,0,1.0,9.99999999995449e-06,0,9.478002523013856
4,x,9,x,0.1,normal,0,100000,100000,1,2,0,1.0,9.99999999995449e-06,0,9.478002523013856
4,x,8,x,0.1,normal,0,100000,86896,1952,3582,0,0.86896,0.022463634689744105,0,14.177322408999316
4,x,8,z,0.1,normal,0,100000,86896,1952,3582,0,0.86896,0.022463634689744105,0,14.177322408999316
4,x,8,z,0.1,normal,0,100000,86896,1952,3582,0,0.86896,0.022463634689744105,0,14.177322408999316
4,x,8,x,0.1,normal,0,100000,86896,1952,3582,0,0.86896,0.022463634689744105,0,14.177322408999316
4,x,10,x,0.1,normal,0,100000,88086,81,160,0,0.88086,0.0009195558885634059,0,13.33686211699387
4,x,10,x,0.1,normal,0,100000,88086,81,160,0,0.88086,0.0009195558885634059,0,13.33686211699387
4,x,10,x,0.1,normal,0,100000,88086,81,160,0,0.88086,0.0009195558885634059,0,13.33686211699387
4,x,10,z,0.1,normal,0,100000,88086,81,160,0,0.88086,0.0009195558885634059,0,13.33686211699387
4,x,7,z,0.1,normal,0,100000,92788,50,93,0,0.92788,0.0005388627839807425,0,15.454039906006074
4,x,7,x,0.1,normal,0,100000,92788,50,93,0,0.92788,0.0005388627839807425,0,15.454039906006074
4,x,7,z,0.1,normal,0,100000,92788,50,93,0,0.92788,0.0005388627839807425,0,15.454039906006074
4,x,7,x,0.1,normal,0,100000,92788,50,93,0,0.92788,0.0005388627839807425,0,15.454039906006074
4,x,3,z,1,m1,0,100000,55452,2,3,0,0.55452,3.6067229315484006e-05,0,4.713826621999033
4,x,3,x,1,m1,0,100000,55452,2,3,0,0.55452,3.6067229315484006e-05,0,4.713826621999033
4,x,3,x,1,m1,0,100000,55452,2,3,0,0.55452,3.6067229315484006e-05,0,4.713826621999033
4,x,3,x,1,m1,0,100000,55452,2,3,0,0.55452,3.6067229315484006e-05,0,4.713826621999033
4,x,2,x,1,m1,0,100000,32240,0,1,0,0.3224,0.0,0,6.119118464994244
4,x,2,x,1,m1,0,100000,32240,0,1,0,0.3224,0.0,0,6.119118464994244
4,x,2,x,1,m1,0,100000,32240,0,1,0,0.3224,0.0,0,6.119118464994244
4,x,2,x,1,m1,0,100000,32240,0,1,0,0.3224,0.0,0,6.119118464994244
4,x,12,x,0.1,normal,0,100000,87970,3330,5421,0,0.8797,0.037853813800159175,0,13.862047058995813
4,x,12,z,0.1,normal,0,100000,87970,3330,5421,0,0.8797,0.037853813800159175,0,13.862047058995813
4,x,12,x,0.1,normal,0,100000,87970,3330,5421,0,0.8797,0.037853813800159175,0,13.862047058995813
4,x,12,z,0.1,normal,0,100000,87970,3330,5421,0,0.8797,0.037853813800159175,0,13.862047058995813
4,x,9,z,1,m1,0,100000,100000,30,59,0,1.0,0.00029999999999996696,0,1.1553768409939948
4,x,9,z,1,m1,0,100000,100000,30,59,0,1.0,0.00029999999999996696,0,1.1553768409939948
4,x,9,z,1,m1,0,100000,100000,30,59,0,1.0,0.00029999999999996696,0,1.1553768409939948
4,x,9,x,1,m1,0,100000,100000,30,59,0,1.0,0.00029999999999996696,0,1.1553768409939948
4,x,11,z,0.1,normal,0,100000,94474,84,162,0,0.94474,0.0008891335182166227,0,16.67808429102297
4,x,11,x,0.1,normal,0,100000,94474,84,162,0,0.94474,0.0008891335182166227,0,16.67808429102297
4,x,11,x,0.1,normal,0,100000,94474,84,162,0,0.94474,0.0008891335182166227,0,16.67808429102297
4,x,11,z,0.1,normal,0,100000,94474,84,162,0,0.94474,0.0008891335182166227,0,16.67808429102297
4,x,13,z,0.1,normal,0,100000,92060,193,376,0,0.9206,0.0020964588311970234,0,14.993255298002623
4,x,13,z,0.1,normal,0,100000,92060,193,376,0,0.9206,0.0020964588311970234,0,14.993255298002623
4,x,13,x,0.1,normal,0,100000,92060,193,376,0,0.9206,0.0020964588311970234,0,14.993255298002623
4,x,13,z,0.1,normal,0,100000,92060,193,376,0,0.9206,0.0020964588311970234,0,14.993255298002623
4,x,14,x,0.1,normal,0,100000,89650,2531,4632,0,0.8965,0.02823201338538761,0,15.124717119004345
4,x,14,x,0.1,normal,0,100000,89650,2531,4632,0,0.8965,0.02823201338538761,0,15.124717119004345
4,x,14,z,0.1,normal,0,100000,89650,2531,4632,0,0.8965,0.02823201338538761,0,15.124717119004345
4,x,14,z,0.1,normal,0,100000,89650,2531,4632,0,0.8965,0.02823201338538761,0,15.124717119004345
4,x,5,z,1,m1,0,100000,35702,225,380,0,0.35702,0.006302167945773318,0,6.083921188983368
4,x,5,z,1,m1,0,100000,35702,225,380,0,0.35702,0.006302167945773318,0,6.083921188983368
4,x,5,x,1,m1,0,100000,35702,225,380,0,0.35702,0.006302167945773318,0,6.083921188983368
4,x,5,x,1,m1,0,100000,35702,225,380,0,0.35702,0.006302167945773318,0,6.083921188983368
4,x,4,x,1,m1,0,100000,30641,277,526,0,0.30641,0.009040174929016653,0,9.17942251599743
4,x,4,z,1,m1,0,100000,30641,277,526,0,0.30641,0.009040174929016653,0,9.17942251599743
4,x,4,x,1,m1,0,100000,30641,277,526,0,0.30641,0.009040174929016653,0,9.17942251599743
4,x,4,x,1,m1,0,100000,30641,277,526,0,0.30641,0.009040174929016653,0,9.17942251599743
4,x,15,z,0.1,normal,0,100000,94675,2626,5130,0,0.94675,0.027736994982835994,0,15.752085448999424
4,x,15,x,0.1,normal,0,100000,94675,2626,5130,0,0.94675,0.027736994982835994,0,15.752085448999424
4,x,15,z,0.1,normal,0,100000,94675,2626,5130,0,0.94675,0.027736994982835994,0,15.752085448999424
4,x,15,z,0.1,normal,0,100000,94675,2626,5130,0,0.94675,0.027736994982835994,0,15.752085448999424
4,x,6,x,1,m1,0,100000,44437,664,1198,0,0.44437,0.0149425028692306,0,11.256883964000735
4,x,6,x,1,m1,0,100000,44437,664,1198,0,0.44437,0.0149425028692306,0,11.256883964000735
4,x,6,z,1,m1,0,100000,44437,664,1198,0,0.44437,0.0149425028692306,0,11.256883964000735
4,x,6,x,1,m1,0,100000,44437,664,1198,0,0.44437,0.0149425028692306,0,11.256883964000735
4,x,8,x,1,m1,0,100000,37962,7058,12540,0,0.37962,0.18592276487013326,0,10.527352428995073
4,x,8,z,1,m1,0,100000,37962,7058,12540,0,0.37962,0.18592276487013326,0,10.527352428995073
4,x,8,z,1,m1,0,100000,37962,7058,12540,0,0.37962,0.18592276487013326,0,10.527352428995073
4,x,8,x,1,m1,0,100000,37962,7058,12540,0,0.37962,0.18592276487013326,0,10.527352428995073
4,x,7,z,1,m1,0,100000,60760,1708,3026,0,0.6076,0.028110599078341014,0,13.72951157798525
4,x,7,x,1,m1,0,100000,60760,1708,3026,0,0.6076,0.028110599078341014,0,13.72951157798525
4,x,7,z,1,m1,0,100000,60760,1708,3026,0,0.6076,0.028110599078341014,0,13.72951157798525
4,x,7,x,1,m1,0,100000,60760,1708,3026,0,0.6076,0.028110599078341014,0,13.72951157798525
4,x,2,x,0.8,m1,0,100000,40533,0,1,0,0.40533,0.0,0,4.495205747982254
4,x,2,x,0.8,m1,0,100000,40533,0,1,0,0.40533,0.0,0,4.495205747982254
4,x,2,x,0.8,m1,0,100000,40533,0,1,0,0.40533,0.0,0,4.495205747982254
4,x,2,x,0.8,m1,0,100000,40533,0,1,0,0.40533,0.0,0,4.495205747982254
4,x,10,x,1,m1,0,100000,37792,2016,3586,0,0.37792,0.053344623200677344,0,10.741930258984212
4,x,10,x,1,m1,0,100000,37792,2016,3586,0,0.37792,0.053344623200677344,0,10.741930258984212
4,x,10,x,1,m1,0,100000,37792,2016,3586,0,0.37792,0.053344623200677344,0,10.741930258984212
4,x,10,z,1,m1,0,100000,37792,2016,3586,0,0.37792,0.053344623200677344,0,10.741930258984212
4,x,3,z,0.8,m1,0,100000,62334,1,2,0,0.62334,1.6042609169986122e-05,0,4.399030024011154
4,x,3,x,0.8,m1,0,100000,62334,1,2,0,0.62334,1.6042609169986122e-05,0,4.399030024011154
4,x,3,x,0.8,m1,0,100000,62334,1,2,0,0.62334,1.6042609169986122e-05,0,4.399030024011154
4,x,3,x,0.8,m1,0,100000,62334,1,2,0,0.62334,1.6042609169986122e-05,0,4.399030024011154
4,x,14,x,1,m1,0,100000,27336,4878,8767,0,0.27336,0.17844600526777876,0,10.015523670008406
4,x,14,x,1,m1,0,100000,27336,4878,8767,0,0.27336,0.17844600526777876,0,10.015523670008406
4,x,14,z,1,m1,0,100000,27336,4878,8767,0,0.27336,0.17844600526777876,0,10.015523670008406
4,x,14,z,1,m1,0,100000,27336,4878,8767,0,0.27336,0.17844600526777876,0,10.015523670008406
4,x,12,x,1,m1,0,100000,36604,7162,13125,0,0.36604,0.1956616763195279,0,10.70877027901588
4,x,12,z,1,m1,0,100000,36604,7162,13125,0,0.36604,0.1956616763195279,0,10.70877027901588
4,x,12,x,1,m1,0,100000,36604,7162,13125,0,0.36604,0.1956616763195279,0,10.70877027901588
4,x,12,z,1,m1,0,100000,36604,7162,13125,0,0.36604,0.1956616763195279,0,10.70877027901588
4,x,9,z,0.8,m1,0,100000,100000,11,22,0,1.0,0.0001100000000000545,0,0.8757708440243732
4,x,9,z,0.8,m1,0,100000,100000,11,22,0,1.0,0.0001100000000000545,0,0.8757708440243732
4,x,9,z,0.8,m1,0,100000,100000,11,22,0,1.0,0.0001100000000000545,0,0.8757708440243732
4,x,9,x,0.8,m1,0,100000,100000,11,22,0,1.0,0.0001100000000000545,0,0.8757708440243732
4,x,11,z,1,m1,0,100000,60355,1818,3285,0,0.60355,0.030121779471460552,0,15.915950880007586
4,x,11,x,1,m1,0,100000,60355,1818,3285,0,0.60355,0.030121779471460552,0,15.915950880007586
4,x,11,x,1,m1,0,100000,60355,1818,3285,0,0.60355,0.030121779471460552,0,15.915950880007586
4,x,11,z,1,m1,0,100000,60355,1818,3285,0,0.60355,0.030121779471460552,0,15.915950880007586
4,x,13,z,1,m1,0,100000,35136,5928,8100,0,0.35136,0.16871584699453557,0,13.306722864013864
4,x,13,z,1,m1,0,100000,35136,5928,8100,0,0.35136,0.16871584699453557,0,13.306722864013864
4,x,13,x,1,m1,0,100000,35136,5928,8100,0,0.35136,0.16871584699453557,0,13.306722864013864
4,x,13,z,1,m1,0,100000,35136,5928,8100,0,0.35136,0.16871584699453557,0,13.306722864013864
4,x,4,x,0.8,m1,0,100000,38966,208,391,0,0.38966,0.0053379869629933685,0,9.527845901990077
4,x,4,z,0.8,m1,0,100000,38966,208,391,0,0.38966,0.0053379869629933685,0,9.527845901990077
4,x,4,x,0.8,m1,0,100000,38966,208,391,0,0.38966,0.0053379869629933685,0,9.527845901990077
4,x,4,x,0.8,m1,0,100000,38966,208,391,0,0.38966,0.0053379869629933685,0,9.527845901990077
4,x,15,z,1,m1,0,100000,59865,11030,17914,0,0.59865,0.184247891088282,0,13.608969096996589
4,x,15,x,1,m1,0,100000,59865,11030,17914,0,0.59865,0.184247891088282,0,13.608969096996589
4,x,15,z,1,m1,0,100000,59865,11030,17914,0,0.59865,0.184247891088282,0,13.608969096996589
4,x,15,z,1,m1,0,100000,59865,11030,17914,0,0.59865,0.184247891088282,0,13.608969096996589
4,x,5,z,0.8,m1,0,100000,41726,139,234,0,0.41726,0.0033312562910415844,0,5.018536102987127
4,x,5,z,0.8,m1,0,100000,41726,139,234,0,0.41726,0.0033312562910415844,0,5.018536102987127
4,x,5,x,0.8,m1,0,100000,41726,139,234,0,0.41726,0.0033312562910415844,0,5.018536102987127
4,x,5,x,0.8,m1,0,100000,41726,139,234,0,0.41726,0.0033312562910415844,0,5.018536102987127
4,x,2,x,0.5,m1,0,100000,56731,0,0,0,0.56731,0.0,0,2.7972174729802646
4,x,2,x,0.5,m1,0,100000,56731,0,0,0,0.56731,0.0,0,2.7972174729802646
4,x,2,x,0.5,m1,0,100000,56731,0,0,0,0.56731,0.0,0,2.7972174729802646
4,x,2,x,0.5,m1,0,100000,56731,0,0,0,0.56731,0.0,0,2.7972174729802646
4,x,8,x,0.8,m1,0,100000,45605,6870,12199,0,0.45605,0.150641377041991,0,10.65528197499225
4,x,8,z,0.8,m1,0,100000,45605,6870,12199,0,0.45605,0.150641377041991,0,10.65528197499225
4,x,8,z,0.8,m1,0,100000,45605,6870,12199,0,0.45605,0.150641377041991,0,10.65528197499225
4,x,8,x,0.8,m1,0,100000,45605,6870,12199,0,0.45605,0.150641377041991,0,10.65528197499225
4,x,7,z,0.8,m1,0,100000,66552,1278,2255,0,0.66552,0.01920302921024164,0,11.934840887988685
4,x,7,x,0.8,m1,0,100000,66552,1278,2255,0,0.66552,0.01920302921024164,0,11.934840887988685
4,x,7,z,0.8,m1,0,100000,66552,1278,2255,0,0.66552,0.01920302921024164,0,11.934840887988685
4,x,7,x,0.8,m1,0,100000,66552,1278,2255,0,0.66552,0.01920302921024164,0,11.934840887988685
4,x,6,x,0.8,m1,0,100000,52069,504,934,0,0.52069,0.00967946378843454,0,13.754587860981701
4,x,6,x,0.8,m1,0,100000,52069,504,934,0,0.52069,0.00967946378843454,0,13.754587860981701
4,x,6,z,0.8,m1,0,100000,52069,504,934,0,0.52069,0.00967946378843454,0,13.754587860981701
4,x,6,x,0.8,m1,0,100000,52069,504,934,0,0.52069,0.00967946378843454,0,13.754587860981701
4,x,10,x,0.8,m1,0,100000,45390,1552,2777,0,0.4539,0.03419255342586469,0,11.312999702000525
4,x,10,x,0.8,m1,0,100000,45390,1552,2777,0,0.4539,0.03419255342586469,0,11.312999702000525
4,x,10,x,0.8,m1,0,100000,45390,1552,2777,0,0.4539,0.03419255342586469,0,11.312999702000525
4,x,10,z,0.8,m1,0,100000,45390,1552,2777,0,0.4539,0.03419255342586469,0,11.312999702000525
4,x,3,z,0.5,m1,0,100000,74362,0,1,0,0.74362,0.0,0,2.3821056569868233
4,x,3,x,0.5,m1,0,100000,74362,0,1,0,0.74362,0.0,0,2.3821056569868233
4,x,3,x,0.5,m1,0,100000,74362,0,1,0,0.74362,0.0,0,2.3821056569868233
4,x,3,x,0.5,m1,0,100000,74362,0,1,0,0.74362,0.0,0,2.3821056569868233
4,x,14,x,0.8,m1,0,100000,35368,5212,9577,0,0.35368,0.1473648495815426,0,10.261484577000374
4,x,14,x,0.8,m1,0,100000,35368,5212,9577,0,0.35368,0.1473648495815426,0,10.261484577000374
4,x,14,z,0.8,m1,0,100000,35368,5212,9577,0,0.35368,0.1473648495815426,0,10.261484577000374
4,x,14,z,0.8,m1,0,100000,35368,5212,9577,0,0.35368,0.1473648495815426,0,10.261484577000374
4,x,12,x,0.8,m1,0,100000,44316,7200,13272,0,0.44316,0.16246953696181965,0,10.874528259009821
4,x,12,z,0.8,m1,0,100000,44316,7200,13272,0,0.44316,0.16246953696181965,0,10.874528259009821
4,x,12,x,0.8,m1,0,100000,44316,7200,13272,0,0.44316,0.16246953696181965,0,10.874528259009821
4,x,12,z,0.8,m1,0,100000,44316,7200,13272,0,0.44316,0.16246953696181965,0,10.874528259009821
4,x,5,z,0.5,m1,0,100000,55183,30,57,0,0.55183,0.000543645687983596,0,3.371026011009235
4,x,5,z,0.5,m1,0,100000,55183,30,57,0,0.55183,0.000543645687983596,0,3.371026011009235
4,x,5,x,0.5,m1,0,100000,55183,30,57,0,0.55183,0.000543645687983596,0,3.371026011009235
4,x,5,x,0.5,m1,0,100000,55183,30,57,0,0.55183,0.000543645687983596,0,3.371026011009235
4,x,9,z,0.5,m1,0,100000,100000,4,7,0,1.0,4.0000000000040004e-05,0,0.9456061520031653
4,x,9,z,0.5,m1,0,100000,100000,4,7,0,1.0,4.0000000000040004e-05,0,0.9456061520031653
4,x,9,z,0.5,m1,0,100000,100000,4,7,0,1.0,4.0000000000040004e-05,0,0.9456061520031653
4,x,9,x,0.5,m1,0,100000,100000,4,7,0,1.0,4.0000000000040004e-05,0,0.9456061520031653
4,x,11,z,0.8,m1,0,100000,66390,1320,2370,0,0.6639,0.019882512426570242,0,14.498363738006447
4,x,11,x,0.8,m1,0,100000,66390,1320,2370,0,0.6639,0.019882512426570242,0,14.498363738006447
4,x,11,x,0.8,m1,0,100000,66390,1320,2370,0,0.6639,0.019882512426570242,0,14.498363738006447
4,x,11,z,0.8,m1,0,100000,66390,1320,2370,0,0.6639,0.019882512426570242,0,14.498363738006447
4,x,13,z,0.8,m1,0,100000,40565,4919,7182,0,0.40565,0.12126217182300014,0,14.176366133004194
4,x,13,z,0.8,m1,0,100000,40565,4919,7182,0,0.40565,0.12126217182300014,0,14.176366133004194
4,x,13,x,0.8,m1,0,100000,40565,4919,7182,0,0.40565,0.12126217182300014,0,14.176366133004194
4,x,13,z,0.8,m1,0,100000,40565,4919,7182,0,0.40565,0.12126217182300014,0,14.176366133004194
4,x,15,z,0.8,m1,0,100000,66525,10071,17240,0,0.66525,0.15138669673055238,0,13.902467495005112
4,x,15,x,0.8,m1,0,100000,66525,10071,17240,0,0.66525,0.15138669673055238,0,13.902467495005112
4,x,15,z,0.8,m1,0,100000,66525,10071,17240,0,0.66525,0.15138669673055238,0,13.902467495005112
4,x,15,z,0.8,m1,0,100000,66525,10071,17240,0,0.66525,0.15138669673055238,0,13.902467495005112
4,x,4,x,0.5,m1,0,100000,55269,125,248,0,0.55269,0.0022616656715337413,0,11.34071564898477
4,x,4,z,0.5,m1,0,100000,55269,125,248,0,0.55269,0.0022616656715337413,0,11.34071564898477
4,x,4,x,0.5,m1,0,100000,55269,125,248,0,0.55269,0.0022616656715337413,0,11.34071564898477
4,x,4,x,0.5,m1,0,100000,55269,125,248,0,0.55269,0.0022616656715337413,0,11.34071564898477
4,x,6,x,0.5,m1,0,100000,66260,310,589,0,0.6626,0.004678539088439515,0,11.768575258000055
4,x,6,x,0.5,m1,0,100000,66260,310,589,0,0.6626,0.004678539088439515,0,11.768575258000055
4,x,6,z,0.5,m1,0,100000,66260,310,589,0,0.6626,0.004678539088439515,0,11.768575258000055
4,x,6,x,0.5,m1,0,100000,66260,310,589,0,0.6626,0.004678539088439515,0,11.768575258000055
4,x,7,z,0.5,m1,0,100000,77613,700,1299,0,0.77613,0.009019107623722822,0,12.113855781994062
4,x,7,x,0.5,m1,0,100000,77613,700,1299,0,0.77613,0.009019107623722822,0,12.113855781994062
4,x,7,z,0.5,m1,0,100000,77613,700,1299,0,0.77613,0.009019107623722822,0,12.113855781994062
4,x,7,x,0.5,m1,0,100000,77613,700,1299,0,0.77613,0.009019107623722822,0,12.113855781994062
4,x,2,x,0.3,m1,0,100000,71076,0,0,0,0.71076,0.0,0,2.364867581985891
4,x,2,x,0.3,m1,0,100000,71076,0,0,0,0.71076,0.0,0,2.364867581985891
4,x,2,x,0.3,m1,0,100000,71076,0,0,0,0.71076,0.0,0,2.364867581985891
4,x,2,x,0.3,m1,0,100000,71076,0,0,0,0.71076,0.0,0,2.364867581985891
4,x,8,x,0.5,m1,0,100000,61015,5865,10480,0,0.61015,0.09612390395804316,0,12.667931071977364
4,x,8,z,0.5,m1,0,100000,61015,5865,10480,0,0.61015,0.09612390395804316,0,12.667931071977364
4,x,8,z,0.5,m1,0,100000,61015,5865,10480,0,0.61015,0.09612390395804316,0,12.667931071977364
4,x,8,x,0.5,m1,0,100000,61015,5865,10480,0,0.61015,0.09612390395804316,0,12.667931071977364
4,x,10,x,0.5,m1,0,100000,60730,922,1680,0,0.6073,0.01518195290630664,0,11.602708634978626
4,x,10,x,0.5,m1,0,100000,60730,922,1680,0,0.6073,0.01518195290630664,0,11.602708634978626
4,x,10,x,0.5,m1,0,100000,60730,922,1680,0,0.6073,0.01518195290630664,0,11.602708634978626
4,x,10,z,0.5,m1,0,100000,60730,922,1680,0,0.6073,0.01518195290630664,0,11.602708634978626
4,x,3,z,0.3,m1,0,100000,84073,0,0,0,0.84073,0.0,0,1.5546312840015162
4,x,3,x,0.3,m1,0,100000,84073,0,0,0,0.84073,0.0,0,1.5546312840015162
4,x,3,x,0.3,m1,0,100000,84073,0,0,0,0.84073,0.0,0,1.5546312840015162
4,x,3,x,0.3,m1,0,100000,84073,0,0,0,0.84073,0.0,0,1.5546312840015162
4,x,12,x,0.5,m1,0,100000,59917,6273,11668,0,0.59917,0.1046948278451858,0,11.989448746026028
4,x,12,z,0.5,m1,0,100000,59917,6273,11668,0,0.59917,0.1046948278451858,0,11.989448746026028
4,x,12,x,0.5,m1,0,100000,59917,6273,11668,0,0.59917,0.1046948278451858,0,11.989448746026028
4,x,12,z,0.5,m1,0,100000,59917,6273,11668,0,0.59917,0.1046948278451858,0,11.989448746026028
4,x,14,x,0.5,m1,0,100000,52528,5109,9536,0,0.52528,0.09726241242765765,0,11.778429033991415
4,x,14,x,0.5,m1,0,100000,52528,5109,9536,0,0.52528,0.09726241242765765,0,11.778429033991415
4,x,14,z,0.5,m1,0,100000,52528,5109,9536,0,0.52528,0.09726241242765765,0,11.778429033991415
4,x,14,z,0.5,m1,0,100000,52528,5109,9536,0,0.52528,0.09726241242765765,0,11.778429033991415
4,x,5,z,0.3,m1,0,100000,68765,8,17,0,0.68765,0.00011633825347201476,0,2.2182404389895964
4,x,5,z,0.3,m1,0,100000,68765,8,17,0,0.68765,0.00011633825347201476,0,2.2182404389895964
4,x,5,x,0.3,m1,0,100000,68765,8,17,0,0.68765,0.00011633825347201476,0,2.2182404389895964
4,x,5,x,0.3,m1,0,100000,68765,8,17,0,0.68765,0.00011633825347201476,0,2.2182404389895964
4,x,9,z,0.3,m1,0,100000,100000,1,2,0,1.0,9.99999999995449e-06,0,0.8114056720223743
4,x,9,z,0.3,m1,0,100000,100000,1,2,0,1.0,9.99999999995449e-06,0,0.8114056720223743
4,x,9,z,0.3,m1,0,100000,100000,1,2,0,1.0,9.99999999995449e-06,0,0.8114056720223743
4,x,9,x,0.3,m1,0,100000,100000,1,2,0,1.0,9.99999999995449e-06,0,0.8114056720223743
4,x,11,z,0.5,m1,0,100000,77285,706,1283,0,0.77285,0.009135019732160132,0,14.862955599994166
4,x,11,x,0.5,m1,0,100000,77285,706,1283,0,0.77285,0.009135019732160132,0,14.862955599994166
4,x,11,x,0.5,m1,0,100000,77285,706,1283,0,0.77285,0.009135019732160132,0,14.862955599994166
4,x,11,z,0.5,m1,0,100000,77285,706,1283,0,0.77285,0.009135019732160132,0,14.862955599994166
4,x,13,z,0.5,m1,0,100000,53577,3085,5028,0,0.53577,0.057580678276125896,0,14.678464917000383
4,x,13,z,0.5,m1,0,100000,53577,3085,5028,0,0.53577,0.057580678276125896,0,14.678464917000383
4,x,13,x,0.5,m1,0,100000,53577,3085,5028,0,0.53577,0.057580678276125896,0,14.678464917000383
4,x,13,z,0.5,m1,0,100000,53577,3085,5028,0,0.53577,0.057580678276125896,0,14.678464917000383
4,x,4,x,0.3,m1,0,100000,70217,48,91,0,0.70217,0.0006835951407778706,0,8.957109184993897
4,x,4,z,0.3,m1,0,100000,70217,48,91,0,0.70217,0.0006835951407778706,0,8.957109184993897
4,x,4,x,0.3,m1,0,100000,70217,48,91,0,0.70217,0.0006835951407778706,0,8.957109184993897
4,x,4,x,0.3,m1,0,100000,70217,48,91,0,0.70217,0.0006835951407778706,0,8.957109184993897
4,x,15,z,0.5,m1,0,100000,77307,7806,14003,0,0.77307,0.10097403857347975,0,14.523314680991462
4,x,15,x,0.5,m1,0,100000,77307,7806,14003,0,0.77307,0.10097403857347975,0,14.523314680991462
4,x,15,z,0.5,m1,0,100000,77307,7806,14003,0,0.77307,0.10097403857347975,0,14.523314680991462
4,x,15,z,0.5,m1,0,100000,77307,7806,14003,0,0.77307,0.10097403857347975,0,14.523314680991462
4,x,2,x,0.1,m1,0,100000,89331,0,0,0,0.89331,0.0,0,1.0511039840057492
4,x,2,x,0.1,m1,0,100000,89331,0,0,0,0.89331,0.0,0,1.0511039840057492
4,x,2,x,0.1,m1,0,100000,89331,0,0,0,0.89331,0.0,0,1.0511039840057492
4,x,2,x,0.1,m1,0,100000,89331,0,0,0,0.89331,0.0,0,1.0511039840057492
4,x,7,z,0.3,m1,0,100000,85782,363,680,0,0.85782,0.004231656990977162,0,10.077812958013965
4,x,7,x,0.3,m1,0,100000,85782,363,680,0,0.85782,0.004231656990977162,0,10.077812958013965
4,x,7,z,0.3,m1,0,100000,85782,363,680,0,0.85782,0.004231656990977162,0,10.077812958013965
4,x,7,x,0.3,m1,0,100000,85782,363,680,0,0.85782,0.004231656990977162,0,10.077812958013965
4,x,6,x,0.3,m1,0,100000,78017,166,319,0,0.78017,0.0021277413896970687,0,12.442606185999466
4,x,6,x,0.3,m1,0,100000,78017,166,319,0,0.78017,0.0021277413896970687,0,12.442606185999466
4,x,6,z,0.3,m1,0,100000,78017,166,319,0,0.78017,0.0021277413896970687,0,12.442606185999466
4,x,6,x,0.3,m1,0,100000,78017,166,319,0,0.78017,0.0021277413896970687,0,12.442606185999466
4,x,8,x,0.3,m1,0,100000,74063,4336,7793,0,0.74063,0.058544752440489845,0,13.02662131699617
4,x,8,z,0.3,m1,0,100000,74063,4336,7793,0,0.74063,0.058544752440489845,0,13.02662131699617
4,x,8,z,0.3,m1,0,100000,74063,4336,7793,0,0.74063,0.058544752440489845,0,13.02662131699617
4,x,8,x,0.3,m1,0,100000,74063,4336,7793,0,0.74063,0.058544752440489845,0,13.02662131699617
4,x,3,z,0.1,m1,0,100000,94317,0,0,0,0.94317,0.0,0,0.9061569549958222
4,x,3,x,0.1,m1,0,100000,94317,0,0,0,0.94317,0.0,0,0.9061569549958222
4,x,3,x,0.1,m1,0,100000,94317,0,0,0,0.94317,0.0,0,0.9061569549958222
4,x,3,x,0.1,m1,0,100000,94317,0,0,0,0.94317,0.0,0,0.9061569549958222
4,x,5,z,0.1,m1,0,100000,87812,0,0,0,0.87812,0.0,0,1.336293553991709
4,x,5,z,0.1,m1,0,100000,87812,0,0,0,0.87812,0.0,0,1.336293553991709
4,x,5,x,0.1,m1,0,100000,87812,0,0,0,0.87812,0.0,0,1.336293553991709
4,x,5,x,0.1,m1,0,100000,87812,0,0,0,0.87812,0.0,0,1.336293553991709
4,x,10,x,0.3,m1,0,100000,73784,438,830,0,0.73784,0.005936246340670026,0,12.32114772699424
4,x,10,x,0.3,m1,0,100000,73784,438,830,0,0.73784,0.005936246340670026,0,12.32114772699424
4,x,10,x,0.3,m1,0,100000,73784,438,830,0,0.73784,0.005936246340670026,0,12.32114772699424
4,x,10,z,0.3,m1,0,100000,73784,438,830,0,0.73784,0.005936246340670026,0,12.32114772699424
4,x,12,x,0.3,m1,0,100000,73596,4876,9162,0,0.73596,0.06625360073917064,0,13.061851979000494
4,x,12,z,0.3,m1,0,100000,73596,4876,9162,0,0.73596,0.06625360073917064,0,13.061851979000494
4,x,12,x,0.3,m1,0,100000,73596,4876,9162,0,0.73596,0.06625360073917064,0,13.061851979000494
4,x,12,z,0.3,m1,0,100000,73596,4876,9162,0,0.73596,0.06625360073917064,0,13.061851979000494
4,x,14,x,0.3,m1,0,100000,67975,4088,7769,0,0.67975,0.06013975726369991,0,12.307220057002269
4,x,14,x,0.3,m1,0,100000,67975,4088,7769,0,0.67975,0.06013975726369991,0,12.307220057002269
4,x,14,z,0.3,m1,0,100000,67975,4088,7769,0,0.67975,0.06013975726369991,0,12.307220057002269
4,x,14,z,0.3,m1,0,100000,67975,4088,7769,0,0.67975,0.06013975726369991,0,12.307220057002269
4,x,9,z,0.1,m1,0,100000,100000,0,0,0,1.0,0.0,0,0.2986568429914769
4,x,9,z,0.1,m1,0,100000,100000,0,0,0,1.0,0.0,0,0.2986568429914769
4,x,9,z,0.1,m1,0,100000,100000,0,0,0,1.0,0.0,0,0.2986568429914769
4,x,9,x,0.1,m1,0,100000,100000,0,0,0,1.0,0.0,0,0.2986568429914769
4,x,13,z,0.3,m1,0,100000,67005,1552,2757,0,0.67005,0.023162450563390835,0,12.213527865998913
4,x,13,z,0.3,m1,0,100000,67005,1552,2757,0,0.67005,0.023162450563390835,0,12.213527865998913
4,x,13,x,0.3,m1,0,100000,67005,1552,2757,0,0.67005,0.023162450563390835,0,12.213527865998913
4,x,13,z,0.3,m1,0,100000,67005,1552,2757,0,0.67005,0.023162450563390835,0,12.213527865998913
4,x,11,z,0.3,m1,0,100000,85686,324,604,0,0.85686,0.0037812478117779103,0,14.473791727010394
4,x,11,x,0.3,m1,0,100000,85686,324,604,0,0.85686,0.0037812478117779103,0,14.473791727010394
4,x,11,x,0.3,m1,0,100000,85686,324,604,0,0.85686,0.0037812478117779103,0,14.473791727010394
4,x,11,z,0.3,m1,0,100000,85686,324,604,0,0.85686,0.0037812478117779103,0,14.473791727010394
4,x,4,x,0.1,m1,0,100000,88938,7,14,0,0.88938,7.870651465069489e-05,0,8.721675547974883
4,x,4,z,0.1,m1,0,100000,88938,7,14,0,0.88938,7.870651465069489e-05,0,8.721675547974883
4,x,4,x,0.1,m1,0,100000,88938,7,14,0,0.88938,7.870651465069489e-05,0,8.721675547974883
4,x,4,x,0.1,m1,0,100000,88938,7,14,0,0.88938,7.870651465069489e-05,0,8.721675547974883
4,x,7,z,0.1,m1,0,100000,94996,82,161,0,0.94996,0.0008631942397574477,0,9.444376078987261
4,x,7,x,0.1,m1,0,100000,94996,82,161,0,0.94996,0.0008631942397574477,0,9.444376078987261
4,x,7,z,0.1,m1,0,100000,94996,82,161,0,0.94996,0.0008631942397574477,0,9.444376078987261
4,x,7,x,0.1,m1,0,100000,94996,82,161,0,0.94996,0.0008631942397574477,0,9.444376078987261
4,x,15,z,0.3,m1,0,100000,85748,5326,9965,0,0.85748,0.06211223585389747,0,17.29903900399222
4,x,15,x,0.3,m1,0,100000,85748,5326,9965,0,0.85748,0.06211223585389747,0,17.29903900399222
4,x,15,z,0.3,m1,0,100000,85748,5326,9965,0,0.85748,0.06211223585389747,0,17.29903900399222
4,x,15,z,0.3,m1,0,100000,85748,5326,9965,0,0.85748,0.06211223585389747,0,17.29903900399222
4,x,6,x,0.1,m1,0,100000,92010,44,86,0,0.9201,0.0004782088903380055,0,13.71882802300388
4,x,6,x,0.1,m1,0,100000,92010,44,86,0,0.9201,0.0004782088903380055,0,13.71882802300388
4,x,6,z,0.1,m1,0,100000,92010,44,86,0,0.9201,0.0004782088903380055,0,13.71882802300388
4,x,6,x,0.1,m1,0,100000,92010,44,86,0,0.9201,0.0004782088903380055,0,13.71882802300388
4,x,8,x,0.1,m1,0,100000,90299,1815,3234,0,0.90299,0.02009989036423443,0,13.166312150016893
4,x,8,z,0.1,m1,0,100000,90299,1815,3234,0,0.90299,0.02009989036423443,0,13.166312150016893
4,x,8,z,0.1,m1,0,100000,90299,1815,3234,0,0.90299,0.02009989036423443,0,13.166312150016893
4,x,8,x,0.1,m1,0,100000,90299,1815,3234,0,0.90299,0.02009989036423443,0,13.166312150016893
4,x,10,x,0.1,m1,0,100000,90316,83,166,0,0.90316,0.000918995526816957,0,13.515231272991514
4,x,10,x,0.1,m1,0,100000,90316,83,166,0,0.90316,0.000918995526816957,0,13.515231272991514
4,x,10,x,0.1,m1,0,100000,90316,83,166,0,0.90316,0.000918995526816957,0,13.515231272991514
4,x,10,z,0.1,m1,0,100000,90316,83,166,0,0.90316,0.000918995526816957,0,13.515231272991514
4,x,13,z,0.1,m1,0,100000,86636,240,461,0,0.86636,0.0027702109977376654,0,10.943363600003067
4,x,13,z,0.1,m1,0,100000,86636,240,461,0,0.86636,0.0027702109977376654,0,10.943363600003067
4,x,13,x,0.1,m1,0,100000,86636,240,461,0,0.86636,0.0027702109977376654,0,10.943363600003067
4,x,13,z,0.1,m1,0,100000,86636,240,461,0,0.86636,0.0027702109977376654,0,10.943363600003067
4,x,12,x,0.1,m1,0,100000,90217,2040,3883,0,0.90217,0.022612146269550104,0,13.668733425001847
4,x,12,z,0.1,m1,0,100000,90217,2040,3883,0,0.90217,0.022612146269550104,0,13.668733425001847
4,x,12,x,0.1,m1,0,100000,90217,2040,3883,0,0.90217,0.022612146269550104,0,13.668733425001847
4,x,12,z,0.1,m1,0,100000,90217,2040,3883,0,0.90217,0.022612146269550104,0,13.668733425001847
4,x,14,x,0.1,m1,0,100000,87807,1783,3458,0,0.87807,0.020305898163016645,0,14.220492986991303
4,x,14,x,0.1,m1,0,100000,87807,1783,3458,0,0.87807,0.020305898163016645,0,14.220492986991303
4,x,14,z,0.1,m1,0,100000,87807,1783,3458,0,0.87807,0.020305898163016645,0,14.220492986991303
4,x,14,z,0.1,m1,0,100000,87807,1783,3458,0,0.87807,0.020305898163016645,0,14.220492986991303
4,x,11,z,0.1,m1,0,100000,94919,53,104,0,0.94919,0.0005583708214371708,0,16.268690336000873
4,x,11,x,0.1,m1,0,100000,94919,53,104,0,0.94919,0.0005583708214371708,0,16.268690336000873
4,x,11,x,0.1,m1,0,100000,94919,53,104,0,0.94919,0.0005583708214371708,0,16.268690336000873
4,x,11,z,0.1,m1,0,100000,94919,53,104,0,0.94919,0.0005583708214371708,0,16.268690336000873
4,z,3,x,1,normal,0,100000,17511,4041,6900,0,0.17511,0.23076923076923073,0,10.862376703997143
4,z,3,z,1,normal,0,100000,17511,4041,6900,0,0.17511,0.23076923076923073,0,10.862376703997143
4,z,3,x,1,normal,0,100000,17511,4041,6900,0,0.17511,0.23076923076923073,0,10.862376703997143
4,z,3,x,1,normal,0,100000,17511,4041,6900,0,0.17511,0.23076923076923073,0,10.862376703997143
4,x,15,z,0.1,m1,0,100000,95034,2062,4043,0,0.95034,0.02169749773765184,0,16.25856512199971
4,x,15,x,0.1,m1,0,100000,95034,2062,4043,0,0.95034,0.02169749773765184,0,16.25856512199971
4,x,15,z,0.1,m1,0,100000,95034,2062,4043,0,0.95034,0.02169749773765184,0,16.25856512199971
4,x,15,z,0.1,m1,0,100000,95034,2062,4043,0,0.95034,0.02169749773765184,0,16.25856512199971
4,z,2,z,1,normal,0,100000,51626,10622,16793,0,0.51626,0.2057490411808004,0,13.52011278399732
4,z,2,x,1,normal,0,100000,51626,10622,16793,0,0.51626,0.2057490411808004,0,13.52011278399732
4,z,2,x,1,normal,0,100000,51626,10622,16793,0,0.51626,0.2057490411808004,0,13.52011278399732
4,z,2,x,1,normal,0,100000,51626,10622,16793,0,0.51626,0.2057490411808004,0,13.52011278399732
4,z,5,x,1,normal,0,100000,35835,8072,15077,0,0.35835,0.2252546393191014,0,11.376989184005652
4,z,5,x,1,normal,0,100000,35835,8072,15077,0,0.35835,0.2252546393191014,0,11.376989184005652
4,z,5,z,1,normal,0,100000,35835,8072,15077,0,0.35835,0.2252546393191014,0,11.376989184005652
4,z,5,x,1,normal,0,100000,35835,8072,15077,0,0.35835,0.2252546393191014,0,11.376989184005652
4,z,7,x,1,normal,0,100000,27759,770,1365,0,0.27759,0.027738751395943617,0,9.505878249998204
4,z,7,z,1,normal,0,100000,27759,770,1365,0,0.27759,0.027738751395943617,0,9.505878249998204
4,z,7,z,1,normal,0,100000,27759,770,1365,0,0.27759,0.027738751395943617,0,9.505878249998204
4,z,7,x,1,normal,0,100000,27759,770,1365,0,0.27759,0.027738751395943617,0,9.505878249998204
4,z,4,z,1,normal,0,100000,39388,3694,5687,0,0.39388,0.09378490910937343,0,15.129414466995513
4,z,4,z,1,normal,0,100000,39388,3694,5687,0,0.39388,0.09378490910937343,0,15.129414466995513
4,z,4,x,1,normal,0,100000,39388,3694,5687,0,0.39388,0.09378490910937343,0,15.129414466995513
4,z,4,x,1,normal,0,100000,39388,3694,5687,0,0.39388,0.09378490910937343,0,15.129414466995513
4,z,9,x,1,normal,0,100000,29740,6214,11157,0,0.2974,0.20894418291862815,0,10.764343138987897
4,z,9,x,1,normal,0,100000,29740,6214,11157,0,0.2974,0.20894418291862815,0,10.764343138987897
4,z,9,x,1,normal,0,100000,29740,6214,11157,0,0.2974,0.20894418291862815,0,10.764343138987897
4,z,9,z,1,normal,0,100000,29740,6214,11157,0,0.2974,0.20894418291862815,0,10.764343138987897
4,z,8,z,1,normal,0,100000,100000,481,834,0,1.0,0.004809999999999981,0,14.048672606004402
4,z,8,z,1,normal,0,100000,100000,481,834,0,1.0,0.004809999999999981,0,14.048672606004402
4,z,8,z,1,normal,0,100000,100000,481,834,0,1.0,0.004809999999999981,0,14.048672606004402
4,z,8,x,1,normal,0,100000,100000,481,834,0,1.0,0.004809999999999981,0,14.048672606004402
4,z,6,z,1,normal,0,100000,50376,1365,2404,0,0.50376,0.027096236303001398,0,13.930977001000429
4,z,6,x,1,normal,0,100000,50376,1365,2404,0,0.50376,0.027096236303001398,0,13.930977001000429
4,z,6,z,1,normal,0,100000,50376,1365,2404,0,0.50376,0.027096236303001398,0,13.930977001000429
4,z,6,x,1,normal,0,100000,50376,1365,2404,0,0.50376,0.027096236303001398,0,13.930977001000429
4,z,11,x,1,normal,0,100000,29392,2555,4146,0,0.29392,0.08692841589548173,0,11.249207877990557
4,z,11,z,1,normal,0,100000,29392,2555,4146,0,0.29392,0.08692841589548173,0,11.249207877990557
4,z,11,x,1,normal,0,100000,29392,2555,4146,0,0.29392,0.08692841589548173,0,11.249207877990557
4,z,11,z,1,normal,0,100000,29392,2555,4146,0,0.29392,0.08692841589548173,0,11.249207877990557
4,z,13,x,1,normal,0,100000,34315,457,848,0,0.34315,0.013317791053475192,0,10.18892931001028
4,z,13,x,1,normal,0,100000,34315,457,848,0,0.34315,0.013317791053475192,0,10.18892931001028
4,z,13,z,1,normal,0,100000,34315,457,848,0,0.34315,0.013317791053475192,0,10.18892931001028
4,z,13,z,1,normal,0,100000,34315,457,848,0,0.34315,0.013317791053475192,0,10.18892931001028
4,z,10,z,1,normal,0,100000,57742,1647,3018,0,0.57742,0.028523431817394584,0,13.954922664997866
4,z,10,x,1,normal,0,100000,57742,1647,3018,0,0.57742,0.028523431817394584,0,13.954922664997866
4,z,10,x,1,normal,0,100000,57742,1647,3018,0,0.57742,0.028523431817394584,0,13.954922664997866
4,z,10,z,1,normal,0,100000,57742,1647,3018,0,0.57742,0.028523431817394584,0,13.954922664997866
4,z,15,x,1,normal,0,100000,41438,3,2,0,0.41438,7.239731647279424e-05,0,9.862126713996986
4,z,15,z,1,normal,0,100000,41438,3,2,0,0.41438,7.239731647279424e-05,0,9.862126713996986
4,z,15,z,1,normal,0,100000,41438,3,2,0,0.41438,7.239731647279424e-05,0,9.862126713996986
4,z,15,z,1,normal,0,100000,41438,3,2,0,0.41438,7.239731647279424e-05,0,9.862126713996986
4,z,12,z,1,normal,0,100000,46709,70,126,0,0.46709,0.0014986405189577612,0,13.68255477398634
4,z,12,z,1,normal,0,100000,46709,70,126,0,0.46709,0.0014986405189577612,0,13.68255477398634
4,z,12,x,1,normal,0,100000,46709,70,126,0,0.46709,0.0014986405189577612,0,13.68255477398634
4,z,12,z,1,normal,0,100000,46709,70,126,0,0.46709,0.0014986405189577612,0,13.68255477398634
4,z,3,x,0.8,normal,0,100000,24118,4550,7933,0,0.24118,0.18865577576913506,0,9.349945413996466
4,z,3,z,0.8,normal,0,100000,24118,4550,7933,0,0.24118,0.18865577576913506,0,9.349945413996466
4,z,3,x,0.8,normal,0,100000,24118,4550,7933,0,0.24118,0.18865577576913506,0,9.349945413996466
4,z,3,x,0.8,normal,0,100000,24118,4550,7933,0,0.24118,0.18865577576913506,0,9.349945413996466
4,z,14,z,1,normal,0,100000,59880,6,8,0,0.5988,0.00010020040080160886,0,12.363140236004256
4,z,14,x,1,normal,0,100000,59880,6,8,0,0.5988,0.00010020040080160886,0,12.363140236004256
4,z,14,z,1,normal,0,100000,59880,6,8,0,0.5988,0.00010020040080160886,0,12.363140236004256
4,z,14,z,1,normal,0,100000,59880,6,8,0,0.5988,0.00010020040080160886,0,12.363140236004256
4,z,2,z,0.8,normal,0,100000,59100,10216,16885,0,0.591,0.17285956006768188,0,14.172933972004103
4,z,2,x,0.8,normal,0,100000,59100,10216,16885,0,0.591,0.17285956006768188,0,14.172933972004103
4,z,2,x,0.8,normal,0,100000,59100,10216,16885,0,0.591,0.17285956006768188,0,14.172933972004103
4,z,2,x,0.8,normal,0,100000,59100,10216,16885,0,0.591,0.17285956006768188,0,14.172933972004103
4,z,5,x,0.8,normal,0,100000,43671,8158,15145,0,0.43671,0.18680588949188248,0,12.84999671697733
4,z,5,x,0.8,normal,0,100000,43671,8158,15145,0,0.43671,0.18680588949188248,0,12.84999671697733
4,z,5,z,0.8,normal,0,100000,43671,8158,15145,0,0.43671,0.18680588949188248,0,12.84999671697733
4,z,5,x,0.8,normal,0,100000,43671,8158,15145,0,0.43671,0.18680588949188248,0,12.84999671697733
4,z,7,x,0.8,normal,0,100000,34820,601,1074,0,0.3482,0.017260195290063174,0,11.635102320986334
4,z,7,z,0.8,normal,0,100000,34820,601,1074,0,0.3482,0.017260195290063174,0,11.635102320986334
4,z,7,z,0.8,normal,0,100000,34820,601,1074,0,0.3482,0.017260195290063174,0,11.635102320986334
4,z,7,x,0.8,normal,0,100000,34820,601,1074,0,0.3482,0.017260195290063174,0,11.635102320986334
4,z,9,x,0.8,normal,0,100000,37492,6427,11456,0,0.37492,0.1714232369572175,0,10.085842417000094
4,z,9,x,0.8,normal,0,100000,37492,6427,11456,0,0.37492,0.1714232369572175,0,10.085842417000094
4,z,9,x,0.8,normal,0,100000,37492,6427,11456,0,0.37492,0.1714232369572175,0,10.085842417000094
4,z,9,z,0.8,normal,0,100000,37492,6427,11456,0,0.37492,0.1714232369572175,0,10.085842417000094
4,z,4,z,0.8,normal,0,100000,46328,3100,5033,0,0.46328,0.06691417717147297,0,15.125232302991208
4,z,4,z,0.8,normal,0,100000,46328,3100,5033,0,0.46328,0.06691417717147297,0,15.125232302991208
4,z,4,x,0.8,normal,0,100000,46328,3100,5033,0,0.46328,0.06691417717147297,0,15.125232302991208
4,z,4,x,0.8,normal,0,100000,46328,3100,5033,0,0.46328,0.06691417717147297,0,15.125232302991208
4,z,11,x,0.8,normal,0,100000,37014,2415,4134,0,0.37014,0.06524558275247205,0,10.452104446012527
4,z,11,z,0.8,normal,0,100000,37014,2415,4134,0,0.37014,0.06524558275247205,0,10.452104446012527
4,z,11,x,0.8,normal,0,100000,37014,2415,4134,0,0.37014,0.06524558275247205,0,10.452104446012527
4,z,11,z,0.8,normal,0,100000,37014,2415,4134,0,0.37014,0.06524558275247205,0,10.452104446012527
4,z,6,z,0.8,normal,0,100000,56991,1075,1928,0,0.56991,0.018862627432401635,0,14.487744584999746
4,z,6,x,0.8,normal,0,100000,56991,1075,1928,0,0.56991,0.018862627432401635,0,14.487744584999746
4,z,6,z,0.8,normal,0,100000,56991,1075,1928,0,0.56991,0.018862627432401635,0,14.487744584999746
4,z,6,x,0.8,normal,0,100000,56991,1075,1928,0,0.56991,0.018862627432401635,0,14.487744584999746
4,z,8,z,0.8,normal,0,100000,100000,234,390,0,1.0,0.0023400000000000087,0,13.204912151006283
4,z,8,z,0.8,normal,0,100000,100000,234,390,0,1.0,0.0023400000000000087,0,13.204912151006283
4,z,8,z,0.8,normal,0,100000,100000,234,390,0,1.0,0.0023400000000000087,0,13.204912151006283
4,z,8,x,0.8,normal,0,100000,100000,234,390,0,1.0,0.0023400000000000087,0,13.204912151006283
4,z,12,z,0.8,normal,0,100000,53548,38,65,0,0.53548,0.0007096436841712572,0,13.417943392007146
4,z,12,z,0.8,normal,0,100000,53548,38,65,0,0.53548,0.0007096436841712572,0,13.417943392007146
4,z,12,x,0.8,normal,0,100000,53548,38,65,0,0.53548,0.0007096436841712572,0,13.417943392007146
4,z,12,z,0.8,normal,0,100000,53548,38,65,0,0.53548,0.0007096436841712572,0,13.417943392007146
4,z,13,x,0.8,normal,0,100000,42637,374,715,0,0.42637,0.008771724089405963,0,10.45207745899097
4,z,13,x,0.8,normal,0,100000,42637,374,715,0,0.42637,0.008771724089405963,0,10.45207745899097
4,z,13,z,0.8,normal,0,100000,42637,374,715,0,0.42637,0.008771724089405963,0,10.45207745899097
4,z,13,z,0.8,normal,0,100000,42637,374,715,0,0.42637,0.008771724089405963,0,10.45207745899097
4,z,10,z,0.8,normal,0,100000,63886,1248,2298,0,0.63886,0.019534796356009188,0,15.585335333016701
4,z,10,x,0.8,normal,0,100000,63886,1248,2298,0,0.63886,0.019534796356009188,0,15.585335333016701
4,z,10,x,0.8,normal,0,100000,63886,1248,2298,0,0.63886,0.019534796356009188,0,15.585335333016701
4,z,10,z,0.8,normal,0,100000,63886,1248,2298,0,0.63886,0.019534796356009188,0,15.585335333016701
4,z,14,z,0.8,normal,0,100000,66003,1,2,0,0.66003,1.5150826477627888e-05,0,12.417979827005183
4,z,14,x,0.8,normal,0,100000,66003,1,2,0,0.66003,1.5150826477627888e-05,0,12.417979827005183
4,z,14,z,0.8,normal,0,100000,66003,1,2,0,0.66003,1.5150826477627888e-05,0,12.417979827005183
4,z,14,z,0.8,normal,0,100000,66003,1,2,0,0.66003,1.5150826477627888e-05,0,12.417979827005183
4,z,3,x,0.5,normal,0,100000,40761,5016,9011,0,0.40761,0.12305880621182008,0,10.551524693000829
4,z,3,z,0.5,normal,0,100000,40761,5016,9011,0,0.40761,0.12305880621182008,0,10.551524693000829
4,z,3,x,0.5,normal,0,100000,40761,5016,9011,0,0.40761,0.12305880621182008,0,10.551524693000829
4,z,3,x,0.5,normal,0,100000,40761,5016,9011,0,0.40761,0.12305880621182008,0,10.551524693000829
4,z,15,x,0.8,normal,0,100000,49267,3,6,0,0.49267,6.089268678832749e-05,0,11.766650413017487
4,z,15,z,0.8,normal,0,100000,49267,3,6,0,0.49267,6.089268678832749e-05,0,11.766650413017487
4,z,15,z,0.8,normal,0,100000,49267,3,6,0,0.49267,6.089268678832749e-05,0,11.766650413017487
4,z,15,z,0.8,normal,0,100000,49267,3,6,0,0.49267,6.089268678832749e-05,0,11.766650413017487
4,z,5,x,0.5,normal,0,100000,59519,7403,13878,0,0.59519,0.12438044994035513,0,12.317151941999327
4,z,5,x,0.5,normal,0,100000,59519,7403,13878,0,0.59519,0.12438044994035513,0,12.317151941999327
4,z,5,z,0.5,normal,0,100000,59519,7403,13878,0,0.59519,0.12438044994035513,0,12.317151941999327
4,z,5,x,0.5,normal,0,100000,59519,7403,13878,0,0.59519,0.12438044994035513,0,12.317151941999327
4,z,2,z,0.5,normal,0,100000,71811,8264,14670,0,0.71811,0.11507986241662138,0,14.664640169008635
4,z,2,x,0.5,normal,0,100000,71811,8264,14670,0,0.71811,0.11507986241662138,0,14.664640169008635
4,z,2,x,0.5,normal,0,100000,71811,8264,14670,0,0.71811,0.11507986241662138,0,14.664640169008635
4,z,2,x,0.5,normal,0,100000,71811,8264,14670,0,0.71811,0.11507986241662138,0,14.664640169008635
4,z,4,z,0.5,normal,0,100000,60166,1752,3026,0,0.60166,0.0291194362264402,0,14.565866524004377
4,z,4,z,0.5,normal,0,100000,60166,1752,3026,0,0.60166,0.0291194362264402,0,14.565866524004377
4,z,4,x,0.5,normal,0,100000,60166,1752,3026,0,0.60166,0.0291194362264402,0,14.565866524004377
4,z,4,x,0.5,normal,0,100000,60166,1752,3026,0,0.60166,0.0291194362264402,0,14.565866524004377
4,z,6,z,0.5,normal,0,100000,69885,659,1212,0,0.69885,0.00942977749159335,0,14.832807272003265
4,z,6,x,0.5,normal,0,100000,69885,659,1212,0,0.69885,0.00942977749159335,0,14.832807272003265
4,z,6,z,0.5,normal,0,100000,69885,659,1212,0,0.69885,0.00942977749159335,0,14.832807272003265
4,z,6,x,0.5,normal,0,100000,69885,659,1212,0,0.69885,0.00942977749159335,0,14.832807272003265
4,z,9,x,0.5,normal,0,100000,53581,5940,10591,0,0.53581,0.11086019297885441,0,11.240392995998263
4,z,9,x,0.5,normal,0,100000,53581,5940,10591,0,0.53581,0.11086019297885441,0,11.240392995998263
4,z,9,x,0.5,normal,0,100000,53581,5940,10591,0,0.53581,0.11086019297885441,0,11.240392995998263
4,z,9,z,0.5,normal,0,100000,53581,5940,10591,0,0.53581,0.11086019297885441,0,11.240392995998263
4,z,7,x,0.5,normal,0,100000,50863,439,818,0,0.50863,0.00863102844897079,0,12.932972122973297
4,z,7,z,0.5,normal,0,100000,50863,439,818,0,0.50863,0.00863102844897079,0,12.932972122973297
4,z,7,z,0.5,normal,0,100000,50863,439,818,0,0.50863,0.00863102844897079,0,12.932972122973297
4,z,7,x,0.5,normal,0,100000,50863,439,818,0,0.50863,0.00863102844897079,0,12.932972122973297
4,z,8,z,0.5,normal,0,100000,100000,39,74,0,1.0,0.00039000000000000146,0,13.379731005989015
4,z,8,z,0.5,normal,0,100000,100000,39,74,0,1.0,0.00039000000000000146,0,13.379731005989015
4,z,8,z,0.5,normal,0,100000,100000,39,74,0,1.0,0.00039000000000000146,0,13.379731005989015
4,z,8,x,0.5,normal,0,100000,100000,39,74,0,1.0,0.00039000000000000146,0,13.379731005989015
4,z,11,x,0.5,normal,0,100000,53112,2064,3713,0,0.53112,0.038861274288296443,0,13.101355014019646
4,z,11,z,0.5,normal,0,100000,53112,2064,3713,0,0.53112,0.038861274288296443,0,13.101355014019646
4,z,11,x,0.5,normal,0,100000,53112,2064,3713,0,0.53112,0.038861274288296443,0,13.101355014019646
4,z,11,z,0.5,normal,0,100000,53112,2064,3713,0,0.53112,0.038861274288296443,0,13.101355014019646
4,z,12,z,0.5,normal,0,100000,66841,5,10,0,0.66841,7.480438652918142e-05,0,12.067646219977178
4,z,12,z,0.5,normal,0,100000,66841,5,10,0,0.66841,7.480438652918142e-05,0,12.067646219977178
4,z,12,x,0.5,normal,0,100000,66841,5,10,0,0.66841,7.480438652918142e-05,0,12.067646219977178
4,z,12,z,0.5,normal,0,100000,66841,5,10,0,0.66841,7.480438652918142e-05,0,12.067646219977178
4,z,13,x,0.5,normal,0,100000,58446,211,406,0,0.58446,0.003610170071518981,0,12.583556094992673
4,z,13,x,0.5,normal,0,100000,58446,211,406,0,0.58446,0.003610170071518981,0,12.583556094992673
4,z,13,z,0.5,normal,0,100000,58446,211,406,0,0.58446,0.003610170071518981,0,12.583556094992673
4,z,13,z,0.5,normal,0,100000,58446,211,406,0,0.58446,0.003610170071518981,0,12.583556094992673
4,z,14,z,0.5,normal,0,100000,77219,0,0,0,0.77219,0.0,0,11.014677654980915
4,z,14,x,0.5,normal,0,100000,77219,0,0,0,0.77219,0.0,0,11.014677654980915
4,z,14,z,0.5,normal,0,100000,77219,0,0,0,0.77219,0.0,0,11.014677654980915
4,z,14,z,0.5,normal,0,100000,77219,0,0,0,0.77219,0.0,0,11.014677654980915
4,z,10,z,0.5,normal,0,100000,75539,632,1191,0,0.75539,0.008366539138723095,0,15.090075221989537
4,z,10,x,0.5,normal,0,100000,75539,632,1191,0,0.75539,0.008366539138723095,0,15.090075221989537
4,z,10,x,0.5,normal,0,100000,75539,632,1191,0,0.75539,0.008366539138723095,0,15.090075221989537
4,z,10,z,0.5,normal,0,100000,75539,632,1191,0,0.75539,0.008366539138723095,0,15.090075221989537
4,z,15,x,0.5,normal,0,100000,64467,3,6,0,0.64467,4.653543673505123e-05,0,10.862636047007982
4,z,15,z,0.5,normal,0,100000,64467,3,6,0,0.64467,4.653543673505123e-05,0,10.862636047007982
4,z,15,z,0.5,normal,0,100000,64467,3,6,0,0.64467,4.653543673505123e-05,0,10.862636047007982
4,z,15,z,0.5,normal,0,100000,64467,3,6,0,0.64467,4.653543673505123e-05,0,10.862636047007982
4,z,3,x,0.3,normal,0,100000,57881,4304,7935,0,0.57881,0.07435946165408336,0,13.995960663014557
4,z,3,z,0.3,normal,0,100000,57881,4304,7935,0,0.57881,0.07435946165408336,0,13.995960663014557
4,z,3,x,0.3,normal,0,100000,57881,4304,7935,0,0.57881,0.07435946165408336,0,13.995960663014557
4,z,3,x,0.3,normal,0,100000,57881,4304,7935,0,0.57881,0.07435946165408336,0,13.995960663014557
4,z,5,x,0.3,normal,0,100000,73110,5710,10825,0,0.7311,0.07810149090411711,0,12.808520132995909
4,z,5,x,0.3,normal,0,100000,73110,5710,10825,0,0.7311,0.07810149090411711,0,12.808520132995909
4,z,5,z,0.3,normal,0,100000,73110,5710,10825,0,0.7311,0.07810149090411711,0,12.808520132995909
4,z,5,x,0.3,normal,0,100000,73110,5710,10825,0,0.7311,0.07810149090411711,0,12.808520132995909
4,z,2,z,0.3,normal,0,100000,81888,5872,10889,0,0.81888,0.07170769831965607,0,15.706476674007718
4,z,2,x,0.3,normal,0,100000,81888,5872,10889,0,0.81888,0.07170769831965607,0,15.706476674007718
4,z,2,x,0.3,normal,0,100000,81888,5872,10889,0,0.81888,0.07170769831965607,0,15.706476674007718
4,z,2,x,0.3,normal,0,100000,81888,5872,10889,0,0.81888,0.07170769831965607,0,15.706476674007718
4,z,4,z,0.3,normal,0,100000,73031,847,1566,0,0.73031,0.011597814626665426,0,15.558632963016862
4,z,4,z,0.3,normal,0,100000,73031,847,1566,0,0.73031,0.011597814626665426,0,15.558632963016862
4,z,4,x,0.3,normal,0,100000,73031,847,1566,0,0.73031,0.011597814626665426,0,15.558632963016862
4,z,4,x,0.3,normal,0,100000,73031,847,1566,0,0.73031,0.011597814626665426,0,15.558632963016862
4,z,8,z,0.3,normal,0,100000,100000,4,9,0,1.0,4.0000000000040004e-05,0,10.960595584008843
4,z,8,z,0.3,normal,0,100000,100000,4,9,0,1.0,4.0000000000040004e-05,0,10.960595584008843
4,z,8,z,0.3,normal,0,100000,100000,4,9,0,1.0,4.0000000000040004e-05,0,10.960595584008843
4,z,8,x,0.3,normal,0,100000,100000,4,9,0,1.0,4.0000000000040004e-05,0,10.960595584008843
4,z,7,x,0.3,normal,0,100000,66076,244,450,0,0.66076,0.0036927174768448534,0,13.04461671700119
4,z,7,z,0.3,normal,0,100000,66076,244,450,0,0.66076,0.0036927174768448534,0,13.04461671700119
4,z,7,z,0.3,normal,0,100000,66076,244,450,0,0.66076,0.0036927174768448534,0,13.04461671700119
4,z,7,x,0.3,normal,0,100000,66076,244,450,0,0.66076,0.0036927174768448534,0,13.04461671700119
4,z,6,z,0.3,normal,0,100000,80660,335,634,0,0.8066,0.00415323580461191,0,16.691716313012876
4,z,6,x,0.3,normal,0,100000,80660,335,634,0,0.8066,0.00415323580461191,0,16.691716313012876
4,z,6,z,0.3,normal,0,100000,80660,335,634,0,0.8066,0.00415323580461191,0,16.691716313012876
4,z,6,x,0.3,normal,0,100000,80660,335,634,0,0.8066,0.00415323580461191,0,16.691716313012876
4,z,9,x,0.3,normal,0,100000,68569,4535,8182,0,0.68569,0.0661377590456329,0,14.34495401699678
4,z,9,x,0.3,normal,0,100000,68569,4535,8182,0,0.68569,0.0661377590456329,0,14.34495401699678
4,z,9,x,0.3,normal,0,100000,68569,4535,8182,0,0.68569,0.0661377590456329,0,14.34495401699678
4,z,9,z,0.3,normal,0,100000,68569,4535,8182,0,0.68569,0.0661377590456329,0,14.34495401699678
4,z,11,x,0.3,normal,0,100000,68289,1472,2708,0,0.68289,0.02155544816881194,0,13.245189500012202
4,z,11,z,0.3,normal,0,100000,68289,1472,2708,0,0.68289,0.02155544816881194,0,13.245189500012202
4,z,11,x,0.3,normal,0,100000,68289,1472,2708,0,0.68289,0.02155544816881194,0,13.245189500012202
4,z,11,z,0.3,normal,0,100000,68289,1472,2708,0,0.68289,0.02155544816881194,0,13.245189500012202
4,z,15,x,0.3,normal,0,100000,76768,0,0,0,0.76768,0.0,0,9.203364907996729
4,z,15,z,0.3,normal,0,100000,76768,0,0,0,0.76768,0.0,0,9.203364907996729
4,z,15,z,0.3,normal,0,100000,76768,0,0,0,0.76768,0.0,0,9.203364907996729
4,z,15,z,0.3,normal,0,100000,76768,0,0,0,0.76768,0.0,0,9.203364907996729
4,z,12,z,0.3,normal,0,100000,78243,1,2,0,0.78243,1.2780696036718275e-05,0,11.068617607001215
4,z,12,z,0.3,normal,0,100000,78243,1,2,0,0.78243,1.2780696036718275e-05,0,11.068617607001215
4,z,12,x,0.3,normal,0,100000,78243,1,2,0,0.78243,1.2780696036718275e-05,0,11.068617607001215
4,z,12,z,0.3,normal,0,100000,78243,1,2,0,0.78243,1.2780696036718275e-05,0,11.068617607001215
4,z,13,x,0.3,normal,0,100000,72171,91,180,0,0.72171,0.0012608942650095267,0,12.475264520995552
4,z,13,x,0.3,normal,0,100000,72171,91,180,0,0.72171,0.0012608942650095267,0,12.475264520995552
4,z,13,z,0.3,normal,0,100000,72171,91,180,0,0.72171,0.0012608942650095267,0,12.475264520995552
4,z,13,z,0.3,normal,0,100000,72171,91,180,0,0.72171,0.0012608942650095267,0,12.475264520995552
4,z,14,z,0.3,normal,0,100000,85786,0,1,0,0.85786,0.0,0,10.043197187012993
4,z,14,x,0.3,normal,0,100000,85786,0,1,0,0.85786,0.0,0,10.043197187012993
4,z,14,z,0.3,normal,0,100000,85786,0,1,0,0.85786,0.0,0,10.043197187012993
4,z,14,z,0.3,normal,0,100000,85786,0,1,0,0.85786,0.0,0,10.043197187012993
4,z,10,z,0.3,normal,0,100000,84453,298,565,0,0.84453,0.0035285898665530224,0,15.4214129820175
4,z,10,x,0.3,normal,0,100000,84453,298,565,0,0.84453,0.0035285898665530224,0,15.4214129820175
4,z,10,x,0.3,normal,0,100000,84453,298,565,0,0.84453,0.0035285898665530224,0,15.4214129820175
4,z,10,z,0.3,normal,0,100000,84453,298,565,0,0.84453,0.0035285898665530224,0,15.4214129820175
4,z,3,x,0.1,normal,0,100000,83153,2142,4032,0,0.83153,0.02575974408620252,0,14.483977261988912
4,z,3,z,0.1,normal,0,100000,83153,2142,4032,0,0.83153,0.02575974408620252,0,14.483977261988912
4,z,3,x,0.1,normal,0,100000,83153,2142,4032,0,0.83153,0.02575974408620252,0,14.483977261988912
4,z,3,x,0.1,normal,0,100000,83153,2142,4032,0,0.83153,0.02575974408620252,0,14.483977261988912
4,z,2,z,0.1,normal,0,100000,93602,2391,4664,0,0.93602,0.025544325975940696,0,16.582987464003963
4,z,2,x,0.1,normal,0,100000,93602,2391,4664,0,0.93602,0.025544325975940696,0,16.582987464003963
4,z,2,x,0.1,normal,0,100000,93602,2391,4664,0,0.93602,0.025544325975940696,0,16.582987464003963
4,z,2,x,0.1,normal,0,100000,93602,2391,4664,0,0.93602,0.025544325975940696,0,16.582987464003963
4,z,8,z,0.1,normal,0,100000,100000,0,1,0,1.0,0.0,0,9.054748649010435
4,z,8,z,0.1,normal,0,100000,100000,0,1,0,1.0,0.0,0,9.054748649010435
4,z,8,z,0.1,normal,0,100000,100000,0,1,0,1.0,0.0,0,9.054748649010435
4,z,8,x,0.1,normal,0,100000,100000,0,1,0,1.0,0.0,0,9.054748649010435
4,z,5,x,0.1,normal,0,100000,89863,2486,4729,0,0.89863,0.027664333485416637,0,14.548251997010084
4,z,5,x,0.1,normal,0,100000,89863,2486,4729,0,0.89863,0.027664333485416637,0,14.548251997010084
4,z,5,z,0.1,normal,0,100000,89863,2486,4729,0,0.89863,0.027664333485416637,0,14.548251997010084
4,z,5,x,0.1,normal,0,100000,89863,2486,4729,0,0.89863,0.027664333485416637,0,14.548251997010084
4,z,6,z,0.1,normal,0,100000,92764,86,167,0,0.92764,0.0009270837825018363,0,15.253390661004232
4,z,6,x,0.1,normal,0,100000,92764,86,167,0,0.92764,0.0009270837825018363,0,15.253390661004232
4,z,6,z,0.1,normal,0,100000,92764,86,167,0,0.92764,0.0009270837825018363,0,15.253390661004232
4,z,6,x,0.1,normal,0,100000,92764,86,167,0,0.92764,0.0009270837825018363,0,15.253390661004232
4,z,4,z,0.1,normal,0,100000,89873,110,212,0,0.89873,0.0012239493507505417,0,17.548669956013327
4,z,4,z,0.1,normal,0,100000,89873,110,212,0,0.89873,0.0012239493507505417,0,17.548669956013327
4,z,4,x,0.1,normal,0,100000,89873,110,212,0,0.89873,0.0012239493507505417,0,17.548669956013327
4,z,4,x,0.1,normal,0,100000,89873,110,212,0,0.89873,0.0012239493507505417,0,17.548669956013327
4,z,9,x,0.1,normal,0,100000,88025,1972,3548,0,0.88025,0.02240272649815389,0,13.605444810993504
4,z,9,x,0.1,normal,0,100000,88025,1972,3548,0,0.88025,0.02240272649815389,0,13.605444810993504
4,z,9,x,0.1,normal,0,100000,88025,1972,3548,0,0.88025,0.02240272649815389,0,13.605444810993504
4,z,9,z,0.1,normal,0,100000,88025,1972,3548,0,0.88025,0.02240272649815389,0,13.605444810993504
4,z,11,x,0.1,normal,0,100000,87877,598,1166,0,0.87877,0.006804966032067594,0,14.398525907017756
4,z,11,z,0.1,normal,0,100000,87877,598,1166,0,0.87877,0.006804966032067594,0,14.398525907017756
4,z,11,x,0.1,normal,0,100000,87877,598,1166,0,0.87877,0.006804966032067594,0,14.398525907017756
4,z,11,z,0.1,normal,0,100000,87877,598,1166,0,0.87877,0.006804966032067594,0,14.398525907017756
4,z,7,x,0.1,normal,0,100000,86941,76,145,0,0.86941,0.0008741560368525914,0,18.091192523017526
4,z,7,z,0.1,normal,0,100000,86941,76,145,0,0.86941,0.0008741560368525914,0,18.091192523017526
4,z,7,z,0.1,normal,0,100000,86941,76,145,0,0.86941,0.0008741560368525914,0,18.091192523017526
4,z,7,x,0.1,normal,0,100000,86941,76,145,0,0.86941,0.0008741560368525914,0,18.091192523017526
4,z,12,z,0.1,normal,0,100000,91963,0,1,0,0.91963,0.0,0,9.193168868019711
4,z,12,z,0.1,normal,0,100000,91963,0,1,0,0.91963,0.0,0,9.193168868019711
4,z,12,x,0.1,normal,0,100000,91963,0,1,0,0.91963,0.0,0,9.193168868019711
4,z,12,z,0.1,normal,0,100000,91963,0,1,0,0.91963,0.0,0,9.193168868019711
4,z,10,z,0.1,normal,0,100000,94451,55,104,0,0.94451,0.0005823125218367142,0,15.35273206999409
4,z,10,x,0.1,normal,0,100000,94451,55,104,0,0.94451,0.0005823125218367142,0,15.35273206999409
4,z,10,x,0.1,normal,0,100000,94451,55,104,0,0.94451,0.0005823125218367142,0,15.35273206999409
4,z,10,z,0.1,normal,0,100000,94451,55,104,0,0.94451,0.0005823125218367142,0,15.35273206999409
4,z,15,x,0.1,normal,0,100000,91537,0,0,0,0.91537,0.0,0,9.4906532499881
4,z,15,z,0.1,normal,0,100000,91537,0,0,0,0.91537,0.0,0,9.4906532499881
4,z,15,z,0.1,normal,0,100000,91537,0,0,0,0.91537,0.0,0,9.4906532499881
4,z,15,z,0.1,normal,0,100000,91537,0,0,0,0.91537,0.0,0,9.4906532499881
4,z,14,z,0.1,normal,0,100000,94908,0,0,0,0.94908,0.0,0,9.141662295005517
4,z,14,x,0.1,normal,0,100000,94908,0,0,0,0.94908,0.0,0,9.141662295005517
4,z,14,z,0.1,normal,0,100000,94908,0,0,0,0.94908,0.0,0,9.141662295005517
4,z,14,z,0.1,normal,0,100000,94908,0,0,0,0.94908,0.0,0,9.141662295005517
4,z,8,z,1,m1,0,100000,100000,27,54,0,1.0,0.00026999999999999247,0,1.0585961939941626
4,z,8,z,1,m1,0,100000,100000,27,54,0,1.0,0.00026999999999999247,0,1.0585961939941626
4,z,8,z,1,m1,0,100000,100000,27,54,0,1.0,0.00026999999999999247,0,1.0585961939941626
4,z,8,x,1,m1,0,100000,100000,27,54,0,1.0,0.00026999999999999247,0,1.0585961939941626
4,z,13,x,0.1,normal,0,100000,89707,13,26,0,0.89707,0.0001449162272731952,0,13.372108131996356
4,z,13,x,0.1,normal,0,100000,89707,13,26,0,0.89707,0.0001449162272731952,0,13.372108131996356
4,z,13,z,0.1,normal,0,100000,89707,13,26,0,0.89707,0.0001449162272731952,0,13.372108131996356
4,z,13,z,0.1,normal,0,100000,89707,13,26,0,0.89707,0.0001449162272731952,0,13.372108131996356
4,z,3,x,1,m1,0,100000,30634,6274,11030,0,0.30634,0.20480511849578897,0,12.275051555014215
4,z,3,z,1,m1,0,100000,30634,6274,11030,0,0.30634,0.20480511849578897,0,12.275051555014215
4,z,3,x,1,m1,0,100000,30634,6274,11030,0,0.30634,0.20480511849578897,0,12.275051555014215
4,z,3,x,1,m1,0,100000,30634,6274,11030,0,0.30634,0.20480511849578897,0,12.275051555014215
4,z,2,z,1,m1,0,100000,55628,10288,16919,0,0.55628,0.18494283454375493,0,13.488619848998496
4,z,2,x,1,m1,0,100000,55628,10288,16919,0,0.55628,0.18494283454375493,0,13.488619848998496
4,z,2,x,1,m1,0,100000,55628,10288,16919,0,0.55628,0.18494283454375493,0,13.488619848998496
4,z,2,x,1,m1,0,100000,55628,10288,16919,0,0.55628,0.18494283454375493,0,13.488619848998496
4,z,4,z,1,m1,0,100000,35843,4398,6375,0,0.35843,0.12270178277487931,0,12.675579689006554
4,z,4,z,1,m1,0,100000,35843,4398,6375,0,0.35843,0.12270178277487931,0,12.675579689006554
4,z,4,x,1,m1,0,100000,35843,4398,6375,0,0.35843,0.12270178277487931,0,12.675579689006554
4,z,4,x,1,m1,0,100000,35843,4398,6375,0,0.35843,0.12270178277487931,0,12.675579689006554
4,z,5,x,1,m1,0,100000,44440,7770,14501,0,0.4444,0.17484248424842486,0,13.16667142600636
4,z,5,x,1,m1,0,100000,44440,7770,14501,0,0.4444,0.17484248424842486,0,13.16667142600636
4,z,5,z,1,m1,0,100000,44440,7770,14501,0,0.4444,0.17484248424842486,0,13.16667142600636
4,z,5,x,1,m1,0,100000,44440,7770,14501,0,0.4444,0.17484248424842486,0,13.16667142600636
4,z,6,z,1,m1,0,100000,60835,1899,3320,0,0.60835,0.031215583134708624,0,13.584057857020525
4,z,6,x,1,m1,0,100000,60835,1899,3320,0,0.60835,0.031215583134708624,0,13.584057857020525
4,z,6,z,1,m1,0,100000,60835,1899,3320,0,0.60835,0.031215583134708624,0,13.584057857020525
4,z,6,x,1,m1,0,100000,60835,1899,3320,0,0.60835,0.031215583134708624,0,13.584057857020525
4,z,9,x,1,m1,0,100000,37737,11516,21704,0,0.37737,0.3051646924768795,0,10.785074946004897
4,z,9,x,1,m1,0,100000,37737,11516,21704,0,0.37737,0.3051646924768795,0,10.785074946004897
4,z,9,x,1,m1,0,100000,37737,11516,21704,0,0.37737,0.3051646924768795,0,10.785074946004897
4,z,9,z,1,m1,0,100000,37737,11516,21704,0,0.37737,0.3051646924768795,0,10.785074946004897
4,z,12,z,1,m1,0,100000,34799,292,469,0,0.34799,0.008391045719704615,0,6.783903751987964
4,z,12,z,1,m1,0,100000,34799,292,469,0,0.34799,0.008391045719704615,0,6.783903751987964
4,z,12,x,1,m1,0,100000,34799,292,469,0,0.34799,0.008391045719704615,0,6.783903751987964
4,z,12,z,1,m1,0,100000,34799,292,469,0,0.34799,0.008391045719704615,0,6.783903751987964
4,z,11,x,1,m1,0,100000,36329,544,1006,0,0.36329,0.014974262985493647,0,10.146993625996402
4,z,11,z,1,m1,0,100000,36329,544,1006,0,0.36329,0.014974262985493647,0,10.146993625996402
4,z,11,x,1,m1,0,100000,36329,544,1006,0,0.36329,0.014974262985493647,0,10.146993625996402
4,z,11,z,1,m1,0,100000,36329,544,1006,0,0.36329,0.014974262985493647,0,10.146993625996402
4,z,7,x,1,m1,0,100000,37798,495,914,0,0.37798,0.013095931001640304,0,14.616387765010586
4,z,7,z,1,m1,0,100000,37798,495,914,0,0.37798,0.013095931001640304,0,14.616387765010586
4,z,7,z,1,m1,0,100000,37798,495,914,0,0.37798,0.013095931001640304,0,14.616387765010586
4,z,7,x,1,m1,0,100000,37798,495,914,0,0.37798,0.013095931001640304,0,14.616387765010586
4,z,14,z,1,m1,0,100000,61228,2,4,0,0.61228,3.266479388519539e-05,0,4.084869373997208
4,z,14,x,1,m1,0,100000,61228,2,4,0,0.61228,3.266479388519539e-05,0,4.084869373997208
4,z,14,z,1,m1,0,100000,61228,2,4,0,0.61228,3.266479388519539e-05,0,4.084869373997208
4,z,14,z,1,m1,0,100000,61228,2,4,0,0.61228,3.266479388519539e-05,0,4.084869373997208
4,z,10,z,1,m1,0,100000,61021,1846,3199,0,0.61021,0.030251880500155703,0,12.649834101990564
4,z,10,x,1,m1,0,100000,61021,1846,3199,0,0.61021,0.030251880500155703,0,12.649834101990564
4,z,10,x,1,m1,0,100000,61021,1846,3199,0,0.61021,0.030251880500155703,0,12.649834101990564
4,z,10,z,1,m1,0,100000,61021,1846,3199,0,0.61021,0.030251880500155703,0,12.649834101990564
4,z,15,x,1,m1,0,100000,28420,2,2,0,0.2842,7.037297677692234e-05,0,4.956974785018247
4,z,15,z,1,m1,0,100000,28420,2,2,0,0.2842,7.037297677692234e-05,0,4.956974785018247
4,z,15,z,1,m1,0,100000,28420,2,2,0,0.2842,7.037297677692234e-05,0,4.956974785018247
4,z,15,z,1,m1,0,100000,28420,2,2,0,0.2842,7.037297677692234e-05,0,4.956974785018247
4,z,13,x,1,m1,0,100000,27263,156,291,0,0.27263,0.005722040861240507,0,9.177439283987042
4,z,13,x,1,m1,0,100000,27263,156,291,0,0.27263,0.005722040861240507,0,9.177439283987042
4,z,13,z,1,m1,0,100000,27263,156,291,0,0.27263,0.005722040861240507,0,9.177439283987042
4,z,13,z,1,m1,0,100000,27263,156,291,0,0.27263,0.005722040861240507,0,9.177439283987042
4,z,8,z,0.8,m1,0,100000,100000,16,27,0,1.0,0.000160000000000049,0,0.9097947739937808
4,z,8,z,0.8,m1,0,100000,100000,16,27,0,1.0,0.000160000000000049,0,0.9097947739937808
4,z,8,z,0.8,m1,0,100000,100000,16,27,0,1.0,0.000160000000000049,0,0.9097947739937808
4,z,8,x,0.8,m1,0,100000,100000,16,27,0,1.0,0.000160000000000049,0,0.9097947739937808
4,z,3,x,0.8,m1,0,100000,38771,6582,11834,0,0.38771,0.1697660622630316,0,10.323479048995068
4,z,3,z,0.8,m1,0,100000,38771,6582,11834,0,0.38771,0.1697660622630316,0,10.323479048995068
4,z,3,x,0.8,m1,0,100000,38771,6582,11834,0,0.38771,0.1697660622630316,0,10.323479048995068
4,z,3,x,0.8,m1,0,100000,38771,6582,11834,0,0.38771,0.1697660622630316,0,10.323479048995068
4,z,7,x,0.8,m1,0,100000,45681,404,756,0,0.45681,0.008843939493443642,0,10.655072885012487
4,z,7,z,0.8,m1,0,100000,45681,404,756,0,0.45681,0.008843939493443642,0,10.655072885012487
4,z,7,z,0.8,m1,0,100000,45681,404,756,0,0.45681,0.008843939493443642,0,10.655072885012487
4,z,7,x,0.8,m1,0,100000,45681,404,756,0,0.45681,0.008843939493443642,0,10.655072885012487
4,z,2,z,0.8,m1,0,100000,62456,9544,16257,0,0.62456,0.15281157935186374,0,13.601552971987985
4,z,2,x,0.8,m1,0,100000,62456,9544,16257,0,0.62456,0.15281157935186374,0,13.601552971987985
4,z,2,x,0.8,m1,0,100000,62456,9544,16257,0,0.62456,0.15281157935186374,0,13.601552971987985
4,z,2,x,0.8,m1,0,100000,62456,9544,16257,0,0.62456,0.15281157935186374,0,13.601552971987985
4,z,12,z,0.8,m1,0,100000,40409,162,269,0,0.40409,0.004009007894280936,0,5.968784035998397
4,z,12,z,0.8,m1,0,100000,40409,162,269,0,0.40409,0.004009007894280936,0,5.968784035998397
4,z,12,x,0.8,m1,0,100000,40409,162,269,0,0.40409,0.004009007894280936,0,5.968784035998397
4,z,12,z,0.8,m1,0,100000,40409,162,269,0,0.40409,0.004009007894280936,0,5.968784035998397
4,z,9,x,0.8,m1,0,100000,45463,11888,22504,0,0.45463,0.2614873633504168,0,10.698169448995031
4,z,9,x,0.8,m1,0,100000,45463,11888,22504,0,0.45463,0.2614873633504168,0,10.698169448995031
4,z,9,x,0.8,m1,0,100000,45463,11888,22504,0,0.45463,0.2614873633504168,0,10.698169448995031
4,z,9,z,0.8,m1,0,100000,45463,11888,22504,0,0.45463,0.2614873633504168,0,10.698169448995031
4,z,5,x,0.8,m1,0,100000,52325,7549,14162,0,0.52325,0.14427138079311996,0,13.851106796995737
4,z,5,x,0.8,m1,0,100000,52325,7549,14162,0,0.52325,0.14427138079311996,0,13.851106796995737
4,z,5,z,0.8,m1,0,100000,52325,7549,14162,0,0.52325,0.14427138079311996,0,13.851106796995737
4,z,5,x,0.8,m1,0,100000,52325,7549,14162,0,0.52325,0.14427138079311996,0,13.851106796995737
4,z,4,z,0.8,m1,0,100000,41776,3648,5717,0,0.41776,0.08732286480275753,0,12.729404804005753
4,z,4,z,0.8,m1,0,100000,41776,3648,5717,0,0.41776,0.08732286480275753,0,12.729404804005753
4,z,4,x,0.8,m1,0,100000,41776,3648,5717,0,0.41776,0.08732286480275753,0,12.729404804005753
4,z,4,x,0.8,m1,0,100000,41776,3648,5717,0,0.41776,0.08732286480275753,0,12.729404804005753
4,z,10,z,0.8,m1,0,100000,66998,1335,2382,0,0.66998,0.019925967939341427,0,11.840526546002366
4,z,10,x,0.8,m1,0,100000,66998,1335,2382,0,0.66998,0.019925967939341427,0,11.840526546002366
4,z,10,x,0.8,m1,0,100000,66998,1335,2382,0,0.66998,0.019925967939341427,0,11.840526546002366
4,z,10,z,0.8,m1,0,100000,66998,1335,2382,0,0.66998,0.019925967939341427,0,11.840526546002366
4,z,6,z,0.8,m1,0,100000,66784,1408,2488,0,0.66784,0.021082894106372763,0,14.151590228022542
4,z,6,x,0.8,m1,0,100000,66784,1408,2488,0,0.66784,0.021082894106372763,0,14.151590228022542
4,z,6,z,0.8,m1,0,100000,66784,1408,2488,0,0.66784,0.021082894106372763,0,14.151590228022542
4,z,6,x,0.8,m1,0,100000,66784,1408,2488,0,0.66784,0.021082894106372763,0,14.151590228022542
4,z,15,x,0.8,m1,0,100000,36267,1,2,0,0.36267,2.7573275980907752e-05,0,4.375346215994796
4,z,15,z,0.8,m1,0,100000,36267,1,2,0,0.36267,2.7573275980907752e-05,0,4.375346215994796
4,z,15,z,0.8,m1,0,100000,36267,1,2,0,0.36267,2.7573275980907752e-05,0,4.375346215994796
4,z,15,z,0.8,m1,0,100000,36267,1,2,0,0.36267,2.7573275980907752e-05,0,4.375346215994796
4,z,14,z,0.8,m1,0,100000,67778,2,4,0,0.67778,2.9508099973485358e-05,0,3.3729082780191675
4,z,14,x,0.8,m1,0,100000,67778,2,4,0,0.67778,2.9508099973485358e-05,0,3.3729082780191675
4,z,14,z,0.8,m1,0,100000,67778,2,4,0,0.67778,2.9508099973485358e-05,0,3.3729082780191675
4,z,14,z,0.8,m1,0,100000,67778,2,4,0,0.67778,2.9508099973485358e-05,0,3.3729082780191675
4,z,11,x,0.8,m1,0,100000,44155,455,868,0,0.44155,0.010304608764579282,0,14.688107065012446
4,z,11,z,0.8,m1,0,100000,44155,455,868,0,0.44155,0.010304608764579282,0,14.688107065012446
4,z,11,x,0.8,m1,0,100000,44155,455,868,0,0.44155,0.010304608764579282,0,14.688107065012446
4,z,11,z,0.8,m1,0,100000,44155,455,868,0,0.44155,0.010304608764579282,0,14.688107065012446
4,z,8,z,0.5,m1,0,100000,100000,3,6,0,1.0,2.999999999997449e-05,0,0.6189334880036768
4,z,8,z,0.5,m1,0,100000,100000,3,6,0,1.0,2.999999999997449e-05,0,0.6189334880036768
4,z,8,z,0.5,m1,0,100000,100000,3,6,0,1.0,2.999999999997449e-05,0,0.6189334880036768
4,z,8,x,0.5,m1,0,100000,100000,3,6,0,1.0,2.999999999997449e-05,0,0.6189334880036768
4,z,13,x,0.8,m1,0,100000,35239,110,208,0,0.35239,0.0031215414739351743,0,9.424652673013043
4,z,13,x,0.8,m1,0,100000,35239,110,208,0,0.35239,0.0031215414739351743,0,9.424652673013043
4,z,13,z,0.8,m1,0,100000,35239,110,208,0,0.35239,0.0031215414739351743,0,9.424652673013043
4,z,13,z,0.8,m1,0,100000,35239,110,208,0,0.35239,0.0031215414739351743,0,9.424652673013043
4,z,3,x,0.5,m1,0,100000,55152,6174,11426,0,0.55152,0.11194516971279378,0,11.311377944017295
4,z,3,z,0.5,m1,0,100000,55152,6174,11426,0,0.55152,0.11194516971279378,0,11.311377944017295
4,z,3,x,0.5,m1,0,100000,55152,6174,11426,0,0.55152,0.11194516971279378,0,11.311377944017295
4,z,3,x,0.5,m1,0,100000,55152,6174,11426,0,0.55152,0.11194516971279378,0,11.311377944017295
4,z,5,x,0.5,m1,0,100000,66321,6084,11546,0,0.66321,0.09173564934183742,0,12.863889141997788
4,z,5,x,0.5,m1,0,100000,66321,6084,11546,0,0.66321,0.09173564934183742,0,12.863889141997788
4,z,5,z,0.5,m1,0,100000,66321,6084,11546,0,0.66321,0.09173564934183742,0,12.863889141997788
4,z,5,x,0.5,m1,0,100000,66321,6084,11546,0,0.66321,0.09173564934183742,0,12.863889141997788
4,z,12,z,0.5,m1,0,100000,53413,40,74,0,0.53413,0.0007488813584707321,0,3.7901056349801365
4,z,12,z,0.5,m1,0,100000,53413,40,74,0,0.53413,0.0007488813584707321,0,3.7901056349801365
4,z,12,x,0.5,m1,0,100000,53413,40,74,0,0.53413,0.0007488813584707321,0,3.7901056349801365
4,z,12,z,0.5,m1,0,100000,53413,40,74,0,0.53413,0.0007488813584707321,0,3.7901056349801365
4,z,2,z,0.5,m1,0,100000,74620,7598,13682,0,0.7462,0.10182256767622622,0,14.424039903999073
4,z,2,x,0.5,m1,0,100000,74620,7598,13682,0,0.7462,0.10182256767622622,0,14.424039903999073
4,z,2,x,0.5,m1,0,100000,74620,7598,13682,0,0.7462,0.10182256767622622,0,14.424039903999073
4,z,2,x,0.5,m1,0,100000,74620,7598,13682,0,0.7462,0.10182256767622622,0,14.424039903999073
4,z,4,z,0.5,m1,0,100000,55119,2218,3740,0,0.55119,0.04024020755093527,0,12.528396970010363
4,z,4,z,0.5,m1,0,100000,55119,2218,3740,0,0.55119,0.04024020755093527,0,12.528396970010363
4,z,4,x,0.5,m1,0,100000,55119,2218,3740,0,0.55119,0.04024020755093527,0,12.528396970010363
4,z,4,x,0.5,m1,0,100000,55119,2218,3740,0,0.55119,0.04024020755093527,0,12.528396970010363
4,z,7,x,0.5,m1,0,100000,61022,246,476,0,0.61022,0.004031332961882628,0,12.989065863017458
4,z,7,z,0.5,m1,0,100000,61022,246,476,0,0.61022,0.004031332961882628,0,12.989065863017458
4,z,7,z,0.5,m1,0,100000,61022,246,476,0,0.61022,0.004031332961882628,0,12.989065863017458
4,z,7,x,0.5,m1,0,100000,61022,246,476,0,0.61022,0.004031332961882628,0,12.989065863017458
4,z,10,z,0.5,m1,0,100000,77506,702,1309,0,0.77506,0.009057363300905785,0,11.05869019497186
4,z,10,x,0.5,m1,0,100000,77506,702,1309,0,0.77506,0.009057363300905785,0,11.05869019497186
4,z,10,x,0.5,m1,0,100000,77506,702,1309,0,0.77506,0.009057363300905785,0,11.05869019497186
4,z,10,z,0.5,m1,0,100000,77506,702,1309,0,0.77506,0.009057363300905785,0,11.05869019497186
4,z,9,x,0.5,m1,0,100000,60637,10776,20595,0,0.60637,0.17771327737190168,0,13.14687017200049
4,z,9,x,0.5,m1,0,100000,60637,10776,20595,0,0.60637,0.17771327737190168,0,13.14687017200049
4,z,9,x,0.5,m1,0,100000,60637,10776,20595,0,0.60637,0.17771327737190168,0,13.14687017200049
4,z,9,z,0.5,m1,0,100000,60637,10776,20595,0,0.60637,0.17771327737190168,0,13.14687017200049
4,z,14,z,0.5,m1,0,100000,78510,0,1,0,0.7851,0.0,0,2.145009913976537
4,z,14,x,0.5,m1,0,100000,78510,0,1,0,0.7851,0.0,0,2.145009913976537
4,z,14,z,0.5,m1,0,100000,78510,0,1,0,0.7851,0.0,0,2.145009913976537
4,z,14,z,0.5,m1,0,100000,78510,0,1,0,0.7851,0.0,0,2.145009913976537
4,z,11,x,0.5,m1,0,100000,60038,262,507,0,0.60038,0.004363902861520996,0,12.203336662001675
4,z,11,z,0.5,m1,0,100000,60038,262,507,0,0.60038,0.004363902861520996,0,12.203336662001675
4,z,11,x,0.5,m1,0,100000,60038,262,507,0,0.60038,0.004363902861520996,0,12.203336662001675
4,z,11,z,0.5,m1,0,100000,60038,262,507,0,0.60038,0.004363902861520996,0,12.203336662001675
4,z,15,x,0.5,m1,0,100000,53338,0,1,0,0.53338,0.0,0,2.9325863819976803
4,z,15,z,0.5,m1,0,100000,53338,0,1,0,0.53338,0.0,0,2.9325863819976803
4,z,15,z,0.5,m1,0,100000,53338,0,1,0,0.53338,0.0,0,2.9325863819976803
4,z,15,z,0.5,m1,0,100000,53338,0,1,0,0.53338,0.0,0,2.9325863819976803
4,z,6,z,0.5,m1,0,100000,77734,732,1337,0,0.77734,0.00941672884452105,0,17.659632105001947
4,z,6,x,0.5,m1,0,100000,77734,732,1337,0,0.77734,0.00941672884452105,0,17.659632105001947
4,z,6,z,0.5,m1,0,100000,77734,732,1337,0,0.77734,0.00941672884452105,0,17.659632105001947
4,z,6,x,0.5,m1,0,100000,77734,732,1337,0,0.77734,0.00941672884452105,0,17.659632105001947
4,z,8,z,0.3,m1,0,100000,100000,0,0,0,1.0,0.0,0,0.458406202000333
4,z,8,z,0.3,m1,0,100000,100000,0,0,0,1.0,0.0,0,0.458406202000333
4,z,8,z,0.3,m1,0,100000,100000,0,0,0,1.0,0.0,0,0.458406202000333
4,z,8,x,0.3,m1,0,100000,100000,0,0,0,1.0,0.0,0,0.458406202000333
4,z,13,x,0.5,m1,0,100000,52372,62,121,0,0.52372,0.001183838692431105,0,9.534711740008788
4,z,13,x,0.5,m1,0,100000,52372,62,121,0,0.52372,0.001183838692431105,0,9.534711740008788
4,z,13,z,0.5,m1,0,100000,52372,62,121,0,0.52372,0.001183838692431105,0,9.534711740008788
4,z,13,z,0.5,m1,0,100000,52372,62,121,0,0.52372,0.001183838692431105,0,9.534711740008788
4,z,12,z,0.3,m1,0,100000,67070,8,15,0,0.6707,0.0001192783658864327,0,2.7760630499979015
4,z,12,z,0.3,m1,0,100000,67070,8,15,0,0.6707,0.0001192783658864327,0,2.7760630499979015
4,z,12,x,0.3,m1,0,100000,67070,8,15,0,0.6707,0.0001192783658864327,0,2.7760630499979015
4,z,12,z,0.3,m1,0,100000,67070,8,15,0,0.6707,0.0001192783658864327,0,2.7760630499979015
4,z,3,x,0.3,m1,0,100000,70459,4977,9402,0,0.70459,0.07063682425240214,0,13.17183828598354
4,z,3,z,0.3,m1,0,100000,70459,4977,9402,0,0.70459,0.07063682425240214,0,13.17183828598354
4,z,3,x,0.3,m1,0,100000,70459,4977,9402,0,0.70459,0.07063682425240214,0,13.17183828598354
4,z,3,x,0.3,m1,0,100000,70459,4977,9402,0,0.70459,0.07063682425240214,0,13.17183828598354
4,z,5,x,0.3,m1,0,100000,78084,4502,8585,0,0.78084,0.05765585779417037,0,12.871086521976395
4,z,5,x,0.3,m1,0,100000,78084,4502,8585,0,0.78084,0.05765585779417037,0,12.871086521976395
4,z,5,z,0.3,m1,0,100000,78084,4502,8585,0,0.78084,0.05765585779417037,0,12.871086521976395
4,z,5,x,0.3,m1,0,100000,78084,4502,8585,0,0.78084,0.05765585779417037,0,12.871086521976395
4,z,2,z,0.3,m1,0,100000,84018,5316,9982,0,0.84018,0.06327215596657854,0,15.37689197997679
4,z,2,x,0.3,m1,0,100000,84018,5316,9982,0,0.84018,0.06327215596657854,0,15.37689197997679
4,z,2,x,0.3,m1,0,100000,84018,5316,9982,0,0.84018,0.06327215596657854,0,15.37689197997679
4,z,2,x,0.3,m1,0,100000,84018,5316,9982,0,0.84018,0.06327215596657854,0,15.37689197997679
4,z,9,x,0.3,m1,0,100000,73834,8441,16200,0,0.73834,0.11432402416231002,0,12.770570426015183
4,z,9,x,0.3,m1,0,100000,73834,8441,16200,0,0.73834,0.11432402416231002,0,12.770570426015183
4,z,9,x,0.3,m1,0,100000,73834,8441,16200,0,0.73834,0.11432402416231002,0,12.770570426015183
4,z,9,z,0.3,m1,0,100000,73834,8441,16200,0,0.73834,0.11432402416231002,0,12.770570426015183
4,z,7,x,0.3,m1,0,100000,74122,115,230,0,0.74122,0.0015514961819702577,0,13.591416509996634
4,z,7,z,0.3,m1,0,100000,74122,115,230,0,0.74122,0.0015514961819702577,0,13.591416509996634
4,z,7,z,0.3,m1,0,100000,74122,115,230,0,0.74122,0.0015514961819702577,0,13.591416509996634
4,z,7,x,0.3,m1,0,100000,74122,115,230,0,0.74122,0.0015514961819702577,0,13.591416509996634
4,z,10,z,0.3,m1,0,100000,85703,354,660,0,0.85703,0.004130543854940938,0,10.531681171996752
4,z,10,x,0.3,m1,0,100000,85703,354,660,0,0.85703,0.004130543854940938,0,10.531681171996752
4,z,10,x,0.3,m1,0,100000,85703,354,660,0,0.85703,0.004130543854940938,0,10.531681171996752
4,z,10,z,0.3,m1,0,100000,85703,354,660,0,0.85703,0.004130543854940938,0,10.531681171996752
4,z,14,z,0.3,m1,0,100000,86487,0,0,0,0.86487,0.0,0,1.4530220380111132
4,z,14,x,0.3,m1,0,100000,86487,0,0,0,0.86487,0.0,0,1.4530220380111132
4,z,14,z,0.3,m1,0,100000,86487,0,0,0,0.86487,0.0,0,1.4530220380111132
4,z,14,z,0.3,m1,0,100000,86487,0,0,0,0.86487,0.0,0,1.4530220380111132
4,z,6,z,0.3,m1,0,100000,85798,348,655,0,0.85798,0.004056038602298417,0,14.37653955098358
4,z,6,x,0.3,m1,0,100000,85798,348,655,0,0.85798,0.004056038602298417,0,14.37653955098358
4,z,6,z,0.3,m1,0,100000,85798,348,655,0,0.85798,0.004056038602298417,0,14.37653955098358
4,z,6,x,0.3,m1,0,100000,85798,348,655,0,0.85798,0.004056038602298417,0,14.37653955098358
4,z,15,x,0.3,m1,0,100000,68487,0,0,0,0.68487,0.0,0,1.9611872689856682
4,z,15,z,0.3,m1,0,100000,68487,0,0,0,0.68487,0.0,0,1.9611872689856682
4,z,15,z,0.3,m1,0,100000,68487,0,0,0,0.68487,0.0,0,1.9611872689856682
4,z,15,z,0.3,m1,0,100000,68487,0,0,0,0.68487,0.0,0,1.9611872689856682
4,z,11,x,0.3,m1,0,100000,73707,148,285,0,0.73707,0.0020079503981982327,0,12.905568671994843
4,z,11,z,0.3,m1,0,100000,73707,148,285,0,0.73707,0.0020079503981982327,0,12.905568671994843
4,z,11,x,0.3,m1,0,100000,73707,148,285,0,0.73707,0.0020079503981982327,0,12.905568671994843
4,z,11,z,0.3,m1,0,100000,73707,148,285,0,0.73707,0.0020079503981982327,0,12.905568671994843
4,z,4,z,0.3,m1,0,100000,68666,1118,2039,0,0.68666,0.016281711472926896,0,16.98475648398744
4,z,4,z,0.3,m1,0,100000,68666,1118,2039,0,0.68666,0.016281711472926896,0,16.98475648398744
4,z,4,x,0.3,m1,0,100000,68666,1118,2039,0,0.68666,0.016281711472926896,0,16.98475648398744
4,z,4,x,0.3,m1,0,100000,68666,1118,2039,0,0.68666,0.016281711472926896,0,16.98475648398744
4,z,8,z,0.1,m1,0,100000,100000,0,0,0,1.0,0.0,0,0.2990459289867431
4,z,8,z,0.1,m1,0,100000,100000,0,0,0,1.0,0.0,0,0.2990459289867431
4,z,8,z,0.1,m1,0,100000,100000,0,0,0,1.0,0.0,0,0.2990459289867431
4,z,8,x,0.1,m1,0,100000,100000,0,0,0,1.0,0.0,0,0.2990459289867431
4,z,13,x,0.3,m1,0,100000,67735,23,46,0,0.67735,0.0003395585738540374,0,9.038864611997269
4,z,13,x,0.3,m1,0,100000,67735,23,46,0,0.67735,0.0003395585738540374,0,9.038864611997269
4,z,13,z,0.3,m1,0,100000,67735,23,46,0,0.67735,0.0003395585738540374,0,9.038864611997269
4,z,13,z,0.3,m1,0,100000,67735,23,46,0,0.67735,0.0003395585738540374,0,9.038864611997269
4,z,12,z,0.1,m1,0,100000,86747,0,0,0,0.86747,0.0,0,1.6022168619965669
4,z,12,z,0.1,m1,0,100000,86747,0,0,0,0.86747,0.0,0,1.6022168619965669
4,z,12,x,0.1,m1,0,100000,86747,0,0,0,0.86747,0.0,0,1.6022168619965669
4,z,12,z,0.1,m1,0,100000,86747,0,0,0,0.86747,0.0,0,1.6022168619965669
4,z,4,z,0.1,m1,0,100000,87875,164,321,0,0.87875,0.0018662873399715174,0,9.906953694997355
4,z,4,z,0.1,m1,0,100000,87875,164,321,0,0.87875,0.0018662873399715174,0,9.906953694997355
4,z,4,x,0.1,m1,0,100000,87875,164,321,0,0.87875,0.0018662873399715174,0,9.906953694997355
4,z,4,x,0.1,m1,0,100000,87875,164,321,0,0.87875,0.0018662873399715174,0,9.906953694997355
4,z,3,x,0.1,m1,0,100000,88900,2108,4088,0,0.889,0.023712035995500536,0,13.38158342699171
4,z,3,z,0.1,m1,0,100000,88900,2108,4088,0,0.889,0.023712035995500536,0,13.38158342699171
4,z,3,x,0.1,m1,0,100000,88900,2108,4088,0,0.889,0.023712035995500536,0,13.38158342699171
4,z,3,x,0.1,m1,0,100000,88900,2108,4088,0,0.889,0.023712035995500536,0,13.38158342699171
4,z,5,x,0.1,m1,0,100000,92044,1842,3525,0,0.92044,0.020012168093520466,0,13.60034411601373
4,z,5,x,0.1,m1,0,100000,92044,1842,3525,0,0.92044,0.020012168093520466,0,13.60034411601373
4,z,5,z,0.1,m1,0,100000,92044,1842,3525,0,0.92044,0.020012168093520466,0,13.60034411601373
4,z,5,x,0.1,m1,0,100000,92044,1842,3525,0,0.92044,0.020012168093520466,0,13.60034411601373
4,z,2,z,0.1,m1,0,100000,94371,2050,4009,0,0.94371,0.02172277500503328,0,14.909785119991284
4,z,2,x,0.1,m1,0,100000,94371,2050,4009,0,0.94371,0.02172277500503328,0,14.909785119991284
4,z,2,x,0.1,m1,0,100000,94371,2050,4009,0,0.94371,0.02172277500503328,0,14.909785119991284
4,z,2,x,0.1,m1,0,100000,94371,2050,4009,0,0.94371,0.02172277500503328,0,14.909785119991284
4,z,10,z,0.1,m1,0,100000,94960,74,146,0,0.9496,0.0007792754844144767,0,9.68120118699153
4,z,10,x,0.1,m1,0,100000,94960,74,146,0,0.9496,0.0007792754844144767,0,9.68120118699153
4,z,10,x,0.1,m1,0,100000,94960,74,146,0,0.9496,0.0007792754844144767,0,9.68120118699153
4,z,10,z,0.1,m1,0,100000,94960,74,146,0,0.9496,0.0007792754844144767,0,9.68120118699153
4,z,14,z,0.1,m1,0,100000,95264,0,0,0,0.95264,0.0,0,0.713829401996918
4,z,14,x,0.1,m1,0,100000,95264,0,0,0,0.95264,0.0,0,0.713829401996918
4,z,14,z,0.1,m1,0,100000,95264,0,0,0,0.95264,0.0,0,0.713829401996918
4,z,14,z,0.1,m1,0,100000,95264,0,0,0,0.95264,0.0,0,0.713829401996918
4,z,15,x,0.1,m1,0,100000,88097,0,0,0,0.88097,0.0,0,0.8768380459805485
4,z,15,z,0.1,m1,0,100000,88097,0,0,0,0.88097,0.0,0,0.8768380459805485
4,z,15,z,0.1,m1,0,100000,88097,0,0,0,0.88097,0.0,0,0.8768380459805485
4,z,15,z,0.1,m1,0,100000,88097,0,0,0,0.88097,0.0,0,0.8768380459805485
4,z,9,x,0.1,m1,0,100000,90113,3617,7034,0,0.90113,0.04013849278128567,0,13.72269194398541
4,z,9,x,0.1,m1,0,100000,90113,3617,7034,0,0.90113,0.04013849278128567,0,13.72269194398541
4,z,9,x,0.1,m1,0,100000,90113,3617,7034,0,0.90113,0.04013849278128567,0,13.72269194398541
4,z,9,z,0.1,m1,0,100000,90113,3617,7034,0,0.90113,0.04013849278128567,0,13.72269194398541
4,z,11,x,0.1,m1,0,100000,90325,30,59,0,0.90325,0.00033213396069753376,0,12.772643697011517
4,z,11,z,0.1,m1,0,100000,90325,30,59,0,0.90325,0.00033213396069753376,0,12.772643697011517
4,z,11,x,0.1,m1,0,100000,90325,30,59,0,0.90325,0.00033213396069753376,0,12.772643697011517
4,z,11,z,0.1,m1,0,100000,90325,30,59,0,0.90325,0.00033213396069753376,0,12.772643697011517
4,z,6,z,0.1,m1,0,100000,94992,72,137,0,0.94992,0.000757958564931771,0,15.730826832994353
4,z,6,x,0.1,m1,0,100000,94992,72,137,0,0.94992,0.000757958564931771,0,15.730826832994353
4,z,6,z,0.1,m1,0,100000,94992,72,137,0,0.94992,0.000757958564931771,0,15.730826832994353
4,z,6,x,0.1,m1,0,100000,94992,72,137,0,0.94992,0.000757958564931771,0,15.730826832994353
4,z,7,x,0.1,m1,0,100000,90375,24,45,0,0.90375,0.00026556016597512055,0,16.744045003986685
4,z,7,z,0.1,m1,0,100000,90375,24,45,0,0.90375,0.00026556016597512055,0,16.744045003986685
4,z,7,z,0.1,m1,0,100000,90375,24,45,0,0.90375,0.00026556016597512055,0,16.744045003986685
4,z,7,x,0.1,m1,0,100000,90375,24,45,0,0.90375,0.00026556016597512055,0,16.744045003986685
4,z,13,x,0.1,m1,0,100000,87970,3,6,0,0.8797,3.410253495506055e-05,0,7.01772356897709
4,z,13,x,0.1,m1,0,100000,87970,3,6,0,0.8797,3.410253495506055e-05,0,7.01772356897709
4,z,13,z,0.1,m1,0,100000,87970,3,6,0,0.8797,3.410253495506055e-05,0,7.01772356897709
4,z,13,z,0.1,m1,0,100000,87970,3,6,0,0.8797,3.410253495506055e-05,0,7.01772356897709
