n,lstate,i,meas_type,p_error,sim_type,total_meta_shots,shots,count_accept,count_logerror,count_undecided,count_detect_discard,prep_rate,LER,detect_normal,decoding_normal
4,x,2,x,1,normal,0,100000,33516,0,0,0,0.33516,0.0,0,8.851782133016968
4,x,2,x,1,normal,0,100000,33516,0,0,0,0.33516,0.0,0,8.851782133016968
4,x,2,x,1,normal,0,100000,33516,0,0,0,0.33516,0.0,0,8.851782133016968
4,x,2,x,1,normal,0,100000,33516,0,0,0,0.33516,0.0,0,8.851782133016968
4,x,10,x,1,normal,0,100000,25755,572,1026,0,0.25755,0.02220927975150455,0,9.474889546982013
4,x,10,x,1,normal,0,100000,25755,572,1026,0,0.25755,0.02220927975150455,0,9.474889546982013
4,x,10,x,1,normal,0,100000,25755,572,1026,0,0.25755,0.02220927975150455,0,9.474889546982013
4,x,10,z,1,normal,0,100000,25755,572,1026,0,0.25755,0.02220927975150455,0,9.474889546982013
4,x,6,x,1,normal,0,100000,28942,364,691,0,0.28942,0.012576877893718419,0,9.972359264007537
4,x,6,x,1,normal,0,100000,28942,364,691,0,0.28942,0.012576877893718419,0,9.972359264007537
4,x,6,z,1,normal,0,100000,28942,364,691,0,0.28942,0.012576877893718419,0,9.972359264007537
4,x,6,x,1,normal,0,100000,28942,364,691,0,0.28942,0.012576877893718419,0,9.972359264007537
4,x,8,x,1,normal,0,100000,32959,6657,11528,0,0.32959,0.2019782153584757,0,10.547936518996721
4,x,8,z,1,normal,0,100000,32959,6657,11528,0,0.32959,0.2019782153584757,0,10.547936518996721
4,x,8,z,1,normal,0,100000,32959,6657,11528,0,0.32959,0.2019782153584757,0,10.547936518996721
4,x,8,x,1,normal,0,100000,32959,6657,11528,0,0.32959,0.2019782153584757,0,10.547936518996721
4,x,11,z,1,normal,0,100000,44956,1610,2791,0,0.44956,0.03581279473262744,0,12.539189222006826
4,x,11,x,1,normal,0,100000,44956,1610,2791,0,0.44956,0.03581279473262744,0,12.539189222006826
4,x,11,x,1,normal,0,100000,44956,1610,2791,0,0.44956,0.03581279473262744,0,12.539189222006826
4,x,11,z,1,normal,0,100000,44956,1610,2791,0,0.44956,0.03581279473262744,0,12.539189222006826
4,x,7,z,1,normal,0,100000,41036,1776,2995,0,0.41036,0.04327907203431136,0,12.65764802598278
4,x,7,x,1,normal,0,100000,41036,1776,2995,0,0.41036,0.04327907203431136,0,12.65764802598278
4,x,7,z,1,normal,0,100000,41036,1776,2995,0,0.41036,0.04327907203431136,0,12.65764802598278
4,x,7,x,1,normal,0,100000,41036,1776,2995,0,0.41036,0.04327907203431136,0,12.65764802598278
4,x,4,x,1,normal,0,100000,22470,181,348,0,0.2247,0.008055184690698658,0,14.30543776100967
4,x,4,z,1,normal,0,100000,22470,181,348,0,0.2247,0.008055184690698658,0,14.30543776100967
4,x,4,x,1,normal,0,100000,22470,181,348,0,0.2247,0.008055184690698658,0,14.30543776100967
4,x,4,x,1,normal,0,100000,22470,181,348,0,0.2247,0.008055184690698658,0,14.30543776100967
4,x,9,z,1,normal,0,100000,100000,2074,3171,0,1.0,0.02073999999999998,0,14.85133339400636
4,x,9,z,1,normal,0,100000,100000,2074,3171,0,1.0,0.02073999999999998,0,14.85133339400636
4,x,9,z,1,normal,0,100000,100000,2074,3171,0,1.0,0.02073999999999998,0,14.85133339400636
4,x,9,x,1,normal,0,100000,100000,2074,3171,0,1.0,0.02073999999999998,0,14.85133339400636
4,x,5,z,1,normal,0,100000,55114,37,68,0,0.55114,0.000671335776753601,0,13.772318734001601
4,x,5,z,1,normal,0,100000,55114,37,68,0,0.55114,0.000671335776753601,0,13.772318734001601
4,x,5,x,1,normal,0,100000,55114,37,68,0,0.55114,0.000671335776753601,0,13.772318734001601
4,x,5,x,1,normal,0,100000,55114,37,68,0,0.55114,0.000671335776753601,0,13.772318734001601
4,x,3,z,1,normal,0,100000,51031,8,15,0,0.51031,0.00015676745507631207,0,13.781411884003319
4,x,3,x,1,normal,0,100000,51031,8,15,0,0.51031,0.00015676745507631207,0,13.781411884003319
4,x,3,x,1,normal,0,100000,51031,8,15,0,0.51031,0.00015676745507631207,0,13.781411884003319
4,x,3,x,1,normal,0,100000,51031,8,15,0,0.51031,0.00015676745507631207,0,13.781411884003319
4,x,14,x,1,normal,0,100000,19969,5502,9213,0,0.19969,0.2755270669537784,0,9.089710978005314
4,x,14,x,1,normal,0,100000,19969,5502,9213,0,0.19969,0.2755270669537784,0,9.089710978005314
4,x,14,z,1,normal,0,100000,19969,5502,9213,0,0.19969,0.2755270669537784,0,9.089710978005314
4,x,14,z,1,normal,0,100000,19969,5502,9213,0,0.19969,0.2755270669537784,0,9.089710978005314
4,x,12,x,1,normal,0,100000,25061,4596,8323,0,0.25061,0.18339252224572045,0,10.955895305000013
4,x,12,z,1,normal,0,100000,25061,4596,8323,0,0.25061,0.18339252224572045,0,10.955895305000013
4,x,12,x,1,normal,0,100000,25061,4596,8323,0,0.25061,0.18339252224572045,0,10.955895305000013
4,x,12,z,1,normal,0,100000,25061,4596,8323,0,0.25061,0.18339252224572045,0,10.955895305000013
4,x,4,x,0.8,normal,0,100000,30361,154,296,0,0.30361,0.005072296696419731,0,9.764045001007617
4,x,4,z,0.8,normal,0,100000,30361,154,296,0,0.30361,0.005072296696419731,0,9.764045001007617
4,x,4,x,0.8,normal,0,100000,30361,154,296,0,0.30361,0.005072296696419731,0,9.764045001007617
4,x,4,x,0.8,normal,0,100000,30361,154,296,0,0.30361,0.005072296696419731,0,9.764045001007617
4,x,2,x,0.8,normal,0,100000,41952,0,1,0,0.41952,0.0,0,11.030603573977714
4,x,2,x,0.8,normal,0,100000,41952,0,1,0,0.41952,0.0,0,11.030603573977714
4,x,2,x,0.8,normal,0,100000,41952,0,1,0,0.41952,0.0,0,11.030603573977714
4,x,2,x,0.8,normal,0,100000,41952,0,1,0,0.41952,0.0,0,11.030603573977714
4,x,13,z,1,normal,0,100000,66348,5428,8387,0,0.66348,0.08181105685175138,0,14.185108568985015
4,x,13,z,1,normal,0,100000,66348,5428,8387,0,0.66348,0.08181105685175138,0,14.185108568985015
4,x,13,x,1,normal,0,100000,66348,5428,8387,0,0.66348,0.08181105685175138,0,14.185108568985015
4,x,13,z,1,normal,0,100000,66348,5428,8387,0,0.66348,0.08181105685175138,0,14.185108568985015
4,x,15,z,1,normal,0,100000,56383,14412,21375,0,0.56383,0.2556089601475622,0,14.014252857974498
4,x,15,x,1,normal,0,100000,56383,14412,21375,0,0.56383,0.2556089601475622,0,14.014252857974498
4,x,15,z,1,normal,0,100000,56383,14412,21375,0,0.56383,0.2556089601475622,0,14.014252857974498
4,x,15,z,1,normal,0,100000,56383,14412,21375,0,0.56383,0.2556089601475622,0,14.014252857974498
4,x,6,x,0.8,normal,0,100000,36924,284,539,0,0.36924,0.007691474379807217,0,12.166311754990602
4,x,6,x,0.8,normal,0,100000,36924,284,539,0,0.36924,0.007691474379807217,0,12.166311754990602
4,x,6,z,0.8,normal,0,100000,36924,284,539,0,0.36924,0.007691474379807217,0,12.166311754990602
4,x,6,x,0.8,normal,0,100000,36924,284,539,0,0.36924,0.007691474379807217,0,12.166311754990602
4,x,3,z,0.8,normal,0,100000,58274,4,6,0,0.58274,6.864124652505854e-05,0,13.162248503998853
4,x,3,x,0.8,normal,0,100000,58274,4,6,0,0.58274,6.864124652505854e-05,0,13.162248503998853
4,x,3,x,0.8,normal,0,100000,58274,4,6,0,0.58274,6.864124652505854e-05,0,13.162248503998853
4,x,3,x,0.8,normal,0,100000,58274,4,6,0,0.58274,6.864124652505854e-05,0,13.162248503998853
4,x,7,z,0.8,normal,0,100000,48247,1304,2291,0,0.48247,0.027027587207494763,0,14.039132331003202
4,x,7,x,0.8,normal,0,100000,48247,1304,2291,0,0.48247,0.027027587207494763,0,14.039132331003202
4,x,7,z,0.8,normal,0,100000,48247,1304,2291,0,0.48247,0.027027587207494763,0,14.039132331003202
4,x,7,x,0.8,normal,0,100000,48247,1304,2291,0,0.48247,0.027027587207494763,0,14.039132331003202
4,x,5,z,0.8,normal,0,100000,61841,16,27,0,0.61841,0.0002587280283307125,0,13.035578796989284
4,x,5,z,0.8,normal,0,100000,61841,16,27,0,0.61841,0.0002587280283307125,0,13.035578796989284
4,x,5,x,0.8,normal,0,100000,61841,16,27,0,0.61841,0.0002587280283307125,0,13.035578796989284
4,x,5,x,0.8,normal,0,100000,61841,16,27,0,0.61841,0.0002587280283307125,0,13.035578796989284
4,x,8,x,0.8,normal,0,100000,39841,6470,11179,0,0.39841,0.16239552220074793,0,11.2316823299916
4,x,8,z,0.8,normal,0,100000,39841,6470,11179,0,0.39841,0.16239552220074793,0,11.2316823299916
4,x,8,z,0.8,normal,0,100000,39841,6470,11179,0,0.39841,0.16239552220074793,0,11.2316823299916
4,x,8,x,0.8,normal,0,100000,39841,6470,11179,0,0.39841,0.16239552220074793,0,11.2316823299916
4,x,10,x,0.8,normal,0,100000,33390,510,921,0,0.3339,0.015274034141958714,0,9.644496761000482
4,x,10,x,0.8,normal,0,100000,33390,510,921,0,0.3339,0.015274034141958714,0,9.644496761000482
4,x,10,x,0.8,normal,0,100000,33390,510,921,0,0.3339,0.015274034141958714,0,9.644496761000482
4,x,10,z,0.8,normal,0,100000,33390,510,921,0,0.3339,0.015274034141958714,0,9.644496761000482
4,x,9,z,0.8,normal,0,100000,100000,1026,1658,0,1.0,0.010260000000000047,0,14.242771856981562
4,x,9,z,0.8,normal,0,100000,100000,1026,1658,0,1.0,0.010260000000000047,0,14.242771856981562
4,x,9,z,0.8,normal,0,100000,100000,1026,1658,0,1.0,0.010260000000000047,0,14.242771856981562
4,x,9,x,0.8,normal,0,100000,100000,1026,1658,0,1.0,0.010260000000000047,0,14.242771856981562
4,x,12,x,0.8,normal,0,100000,32741,4958,8963,0,0.32741,0.15143092758315257,0,10.027180546021555
4,x,12,z,0.8,normal,0,100000,32741,4958,8963,0,0.32741,0.15143092758315257,0,10.027180546021555
4,x,12,x,0.8,normal,0,100000,32741,4958,8963,0,0.32741,0.15143092758315257,0,10.027180546021555
4,x,12,z,0.8,normal,0,100000,32741,4958,8963,0,0.32741,0.15143092758315257,0,10.027180546021555
4,x,14,x,0.8,normal,0,100000,27330,6387,11076,0,0.2733,0.2336992316136114,0,10.601812815992162
4,x,14,x,0.8,normal,0,100000,27330,6387,11076,0,0.2733,0.2336992316136114,0,10.601812815992162
4,x,14,z,0.8,normal,0,100000,27330,6387,11076,0,0.2733,0.2336992316136114,0,10.601812815992162
4,x,14,z,0.8,normal,0,100000,27330,6387,11076,0,0.2733,0.2336992316136114,0,10.601812815992162
4,x,11,z,0.8,normal,0,100000,52698,1296,2271,0,0.52698,0.0245929636798361,0,15.46387561300071
4,x,11,x,0.8,normal,0,100000,52698,1296,2271,0,0.52698,0.0245929636798361,0,15.46387561300071
4,x,11,x,0.8,normal,0,100000,52698,1296,2271,0,0.52698,0.0245929636798361,0,15.46387561300071
4,x,11,z,0.8,normal,0,100000,52698,1296,2271,0,0.52698,0.0245929636798361,0,15.46387561300071
4,x,2,x,0.5,normal,0,100000,58353,0,0,0,0.58353,0.0,0,10.076353363983799
4,x,2,x,0.5,normal,0,100000,58353,0,0,0,0.58353,0.0,0,10.076353363983799
4,x,2,x,0.5,normal,0,100000,58353,0,0,0,0.58353,0.0,0,10.076353363983799
4,x,2,x,0.5,normal,0,100000,58353,0,0,0,0.58353,0.0,0,10.076353363983799
4,x,13,z,0.8,normal,0,100000,72020,4199,6792,0,0.7202,0.058303249097472976,0,15.459024643001612
4,x,13,z,0.8,normal,0,100000,72020,4199,6792,0,0.7202,0.058303249097472976,0,15.459024643001612
4,x,13,x,0.8,normal,0,100000,72020,4199,6792,0,0.7202,0.058303249097472976,0,15.459024643001612
4,x,13,z,0.8,normal,0,100000,72020,4199,6792,0,0.7202,0.058303249097472976,0,15.459024643001612
4,x,4,x,0.5,normal,0,100000,47264,93,180,0,0.47264,0.00196767095463779,0,11.434258074994432
4,x,4,z,0.5,normal,0,100000,47264,93,180,0,0.47264,0.00196767095463779,0,11.434258074994432
4,x,4,x,0.5,normal,0,100000,47264,93,180,0,0.47264,0.00196767095463779,0,11.434258074994432
4,x,4,x,0.5,normal,0,100000,47264,93,180,0,0.47264,0.00196767095463779,0,11.434258074994432
4,x,3,z,0.5,normal,0,100000,71214,1,2,0,0.71214,1.4042182716833551e-05,0,11.385300041991286
4,x,3,x,0.5,normal,0,100000,71214,1,2,0,0.71214,1.4042182716833551e-05,0,11.385300041991286
4,x,3,x,0.5,normal,0,100000,71214,1,2,0,0.71214,1.4042182716833551e-05,0,11.385300041991286
4,x,3,x,0.5,normal,0,100000,71214,1,2,0,0.71214,1.4042182716833551e-05,0,11.385300041991286
4,x,15,z,0.8,normal,0,100000,63323,13796,21640,0,0.63323,0.2178671256889282,0,16.45137353701284
4,x,15,x,0.8,normal,0,100000,63323,13796,21640,0,0.63323,0.2178671256889282,0,16.45137353701284
4,x,15,z,0.8,normal,0,100000,63323,13796,21640,0,0.63323,0.2178671256889282,0,16.45137353701284
4,x,15,z,0.8,normal,0,100000,63323,13796,21640,0,0.63323,0.2178671256889282,0,16.45137353701284
4,x,6,x,0.5,normal,0,100000,53904,192,362,0,0.53904,0.003561887800534236,0,12.076856622996274
4,x,6,x,0.5,normal,0,100000,53904,192,362,0,0.53904,0.003561887800534236,0,12.076856622996274
4,x,6,z,0.5,normal,0,100000,53904,192,362,0,0.53904,0.003561887800534236,0,12.076856622996274
4,x,6,x,0.5,normal,0,100000,53904,192,362,0,0.53904,0.003561887800534236,0,12.076856622996274
4,x,5,z,0.5,normal,0,100000,73691,6,12,0,0.73691,8.142106905861812e-05,0,11.831842440995388
4,x,5,z,0.5,normal,0,100000,73691,6,12,0,0.73691,8.142106905861812e-05,0,11.831842440995388
4,x,5,x,0.5,normal,0,100000,73691,6,12,0,0.73691,8.142106905861812e-05,0,11.831842440995388
4,x,5,x,0.5,normal,0,100000,73691,6,12,0,0.73691,8.142106905861812e-05,0,11.831842440995388
4,x,8,x,0.5,normal,0,100000,54925,5330,9231,0,0.54925,0.09704142011834316,0,12.05273262798437
4,x,8,z,0.5,normal,0,100000,54925,5330,9231,0,0.54925,0.09704142011834316,0,12.05273262798437
4,x,8,z,0.5,normal,0,100000,54925,5330,9231,0,0.54925,0.09704142011834316,0,12.05273262798437
4,x,8,x,0.5,normal,0,100000,54925,5330,9231,0,0.54925,0.09704142011834316,0,12.05273262798437
4,x,10,x,0.5,normal,0,100000,49853,316,598,0,0.49853,0.00633863558863057,0,11.265278559003491
4,x,10,x,0.5,normal,0,100000,49853,316,598,0,0.49853,0.00633863558863057,0,11.265278559003491
4,x,10,x,0.5,normal,0,100000,49853,316,598,0,0.49853,0.00633863558863057,0,11.265278559003491
4,x,10,z,0.5,normal,0,100000,49853,316,598,0,0.49853,0.00633863558863057,0,11.265278559003491
4,x,7,z,0.5,normal,0,100000,62502,736,1321,0,0.62502,0.011775623180058203,0,16.399521940998966
4,x,7,x,0.5,normal,0,100000,62502,736,1321,0,0.62502,0.011775623180058203,0,16.399521940998966
4,x,7,z,0.5,normal,0,100000,62502,736,1321,0,0.62502,0.011775623180058203,0,16.399521940998966
4,x,7,x,0.5,normal,0,100000,62502,736,1321,0,0.62502,0.011775623180058203,0,16.399521940998966
4,x,9,z,0.5,normal,0,100000,100000,208,372,0,1.0,0.0020799999999999708,0,13.777274938998744
4,x,9,z,0.5,normal,0,100000,100000,208,372,0,1.0,0.0020799999999999708,0,13.777274938998744
4,x,9,z,0.5,normal,0,100000,100000,208,372,0,1.0,0.0020799999999999708,0,13.777274938998744
4,x,9,x,0.5,normal,0,100000,100000,208,372,0,1.0,0.0020799999999999708,0,13.777274938998744
4,x,12,x,0.5,normal,0,100000,49187,4681,8652,0,0.49187,0.09516742228637654,0,11.723882899997989
4,x,12,z,0.5,normal,0,100000,49187,4681,8652,0,0.49187,0.09516742228637654,0,11.723882899997989
4,x,12,x,0.5,normal,0,100000,49187,4681,8652,0,0.49187,0.09516742228637654,0,11.723882899997989
4,x,12,z,0.5,normal,0,100000,49187,4681,8652,0,0.49187,0.09516742228637654,0,11.723882899997989
4,x,11,z,0.5,normal,0,100000,66876,730,1331,0,0.66876,0.010915724624678491,0,14.144503375020577
4,x,11,x,0.5,normal,0,100000,66876,730,1331,0,0.66876,0.010915724624678491,0,14.144503375020577
4,x,11,x,0.5,normal,0,100000,66876,730,1331,0,0.66876,0.010915724624678491,0,14.144503375020577
4,x,11,z,0.5,normal,0,100000,66876,730,1331,0,0.66876,0.010915724624678491,0,14.144503375020577
4,x,2,x,0.3,normal,0,100000,72470,0,0,0,0.7247,0.0,0,8.804082677001134
4,x,2,x,0.3,normal,0,100000,72470,0,0,0,0.7247,0.0,0,8.804082677001134
4,x,2,x,0.3,normal,0,100000,72470,0,0,0,0.7247,0.0,0,8.804082677001134
4,x,2,x,0.3,normal,0,100000,72470,0,0,0,0.7247,0.0,0,8.804082677001134
4,x,14,x,0.5,normal,0,100000,44215,7005,12660,0,0.44215,0.15843039692412075,0,12.515974883019226
4,x,14,x,0.5,normal,0,100000,44215,7005,12660,0,0.44215,0.15843039692412075,0,12.515974883019226
4,x,14,z,0.5,normal,0,100000,44215,7005,12660,0,0.44215,0.15843039692412075,0,12.515974883019226
4,x,14,z,0.5,normal,0,100000,44215,7005,12660,0,0.44215,0.15843039692412075,0,12.515974883019226
4,x,13,z,0.5,normal,0,100000,81132,2064,3636,0,0.81132,0.02544002366513831,0,15.013277663994813
4,x,13,z,0.5,normal,0,100000,81132,2064,3636,0,0.81132,0.02544002366513831,0,15.013277663994813
4,x,13,x,0.5,normal,0,100000,81132,2064,3636,0,0.81132,0.02544002366513831,0,15.013277663994813
4,x,13,z,0.5,normal,0,100000,81132,2064,3636,0,0.81132,0.02544002366513831,0,15.013277663994813
4,x,15,z,0.5,normal,0,100000,75281,11273,19142,0,0.75281,0.14974561974468992,0,16.64265335901291
4,x,15,x,0.5,normal,0,100000,75281,11273,19142,0,0.75281,0.14974561974468992,0,16.64265335901291
4,x,15,z,0.5,normal,0,100000,75281,11273,19142,0,0.75281,0.14974561974468992,0,16.64265335901291
4,x,15,z,0.5,normal,0,100000,75281,11273,19142,0,0.75281,0.14974561974468992,0,16.64265335901291
4,x,4,x,0.3,normal,0,100000,63911,44,83,0,0.63911,0.000688457386052499,0,12.606643334991531
4,x,4,z,0.3,normal,0,100000,63911,44,83,0,0.63911,0.000688457386052499,0,12.606643334991531
4,x,4,x,0.3,normal,0,100000,63911,44,83,0,0.63911,0.000688457386052499,0,12.606643334991531
4,x,4,x,0.3,normal,0,100000,63911,44,83,0,0.63911,0.000688457386052499,0,12.606643334991531
4,x,5,z,0.3,normal,0,100000,83058,1,2,0,0.83058,1.2039779431205488e-05,0,10.714528726006392
4,x,5,z,0.3,normal,0,100000,83058,1,2,0,0.83058,1.2039779431205488e-05,0,10.714528726006392
4,x,5,x,0.3,normal,0,100000,83058,1,2,0,0.83058,1.2039779431205488e-05,0,10.714528726006392
4,x,5,x,0.3,normal,0,100000,83058,1,2,0,0.83058,1.2039779431205488e-05,0,10.714528726006392
4,x,3,z,0.3,normal,0,100000,81616,0,0,0,0.81616,0.0,0,13.649864348990377
4,x,3,x,0.3,normal,0,100000,81616,0,0,0,0.81616,0.0,0,13.649864348990377
4,x,3,x,0.3,normal,0,100000,81616,0,0,0,0.81616,0.0,0,13.649864348990377
4,x,3,x,0.3,normal,0,100000,81616,0,0,0,0.81616,0.0,0,13.649864348990377
4,x,6,x,0.3,normal,0,100000,68830,82,163,0,0.6883,0.0011913409850355938,0,13.983085296989884
4,x,6,x,0.3,normal,0,100000,68830,82,163,0,0.6883,0.0011913409850355938,0,13.983085296989884
4,x,6,z,0.3,normal,0,100000,68830,82,163,0,0.6883,0.0011913409850355938,0,13.983085296989884
4,x,6,x,0.3,normal,0,100000,68830,82,163,0,0.6883,0.0011913409850355938,0,13.983085296989884
4,x,7,z,0.3,normal,0,100000,75262,337,622,0,0.75262,0.0044776912651802725,0,14.435413202998461
4,x,7,x,0.3,normal,0,100000,75262,337,622,0,0.75262,0.0044776912651802725,0,14.435413202998461
4,x,7,z,0.3,normal,0,100000,75262,337,622,0,0.75262,0.0044776912651802725,0,14.435413202998461
4,x,7,x,0.3,normal,0,100000,75262,337,622,0,0.75262,0.0044776912651802725,0,14.435413202998461
4,x,10,x,0.3,normal,0,100000,65551,192,361,0,0.65551,0.0029290171011884247,0,11.839329909009393
4,x,10,x,0.3,normal,0,100000,65551,192,361,0,0.65551,0.0029290171011884247,0,11.839329909009393
4,x,10,x,0.3,normal,0,100000,65551,192,361,0,0.65551,0.0029290171011884247,0,11.839329909009393
4,x,10,z,0.3,normal,0,100000,65551,192,361,0,0.65551,0.0029290171011884247,0,11.839329909009393
4,x,8,x,0.3,normal,0,100000,69360,3966,6967,0,0.6936,0.05717993079584771,0,13.359089757985203
4,x,8,z,0.3,normal,0,100000,69360,3966,6967,0,0.6936,0.05717993079584771,0,13.359089757985203
4,x,8,z,0.3,normal,0,100000,69360,3966,6967,0,0.6936,0.05717993079584771,0,13.359089757985203
4,x,8,x,0.3,normal,0,100000,69360,3966,6967,0,0.6936,0.05717993079584771,0,13.359089757985203
4,x,9,z,0.3,normal,0,100000,100000,36,67,0,1.0,0.00036000000000002697,0,12.621585575980134
4,x,9,z,0.3,normal,0,100000,100000,36,67,0,1.0,0.00036000000000002697,0,12.621585575980134
4,x,9,z,0.3,normal,0,100000,100000,36,67,0,1.0,0.00036000000000002697,0,12.621585575980134
4,x,9,x,0.3,normal,0,100000,100000,36,67,0,1.0,0.00036000000000002697,0,12.621585575980134
4,x,11,z,0.3,normal,0,100000,78307,351,652,0,0.78307,0.004482357899038392,0,15.768616725981701
4,x,11,x,0.3,normal,0,100000,78307,351,652,0,0.78307,0.004482357899038392,0,15.768616725981701
4,x,11,x,0.3,normal,0,100000,78307,351,652,0,0.78307,0.004482357899038392,0,15.768616725981701
4,x,11,z,0.3,normal,0,100000,78307,351,652,0,0.78307,0.004482357899038392,0,15.768616725981701
4,x,2,x,0.1,normal,0,100000,89618,0,0,0,0.89618,0.0,0,8.080072095996002
4,x,2,x,0.1,normal,0,100000,89618,0,0,0,0.89618,0.0,0,8.080072095996002
4,x,2,x,0.1,normal,0,100000,89618,0,0,0,0.89618,0.0,0,8.080072095996002
4,x,2,x,0.1,normal,0,100000,89618,0,0,0,0.89618,0.0,0,8.080072095996002
4,x,14,x,0.3,normal,0,100000,61045,6203,11542,0,0.61045,0.10161356376443609,0,11.710883289022604
4,x,14,x,0.3,normal,0,100000,61045,6203,11542,0,0.61045,0.10161356376443609,0,11.710883289022604
4,x,14,z,0.3,normal,0,100000,61045,6203,11542,0,0.61045,0.10161356376443609,0,11.710883289022604
4,x,14,z,0.3,normal,0,100000,61045,6203,11542,0,0.61045,0.10161356376443609,0,11.710883289022604
4,x,12,x,0.3,normal,0,100000,65290,3798,7115,0,0.6529,0.0581712360238934,0,13.700919563008938
4,x,12,z,0.3,normal,0,100000,65290,3798,7115,0,0.6529,0.0581712360238934,0,13.700919563008938
4,x,12,x,0.3,normal,0,100000,65290,3798,7115,0,0.6529,0.0581712360238934,0,13.700919563008938
4,x,12,z,0.3,normal,0,100000,65290,3798,7115,0,0.6529,0.0581712360238934,0,13.700919563008938
4,x,5,z,0.1,normal,0,100000,93850,0,0,0,0.9385,0.0,0,9.451436328003183
4,x,5,z,0.1,normal,0,100000,93850,0,0,0,0.9385,0.0,0,9.451436328003183
4,x,5,x,0.1,normal,0,100000,93850,0,0,0,0.9385,0.0,0,9.451436328003183
4,x,5,x,0.1,normal,0,100000,93850,0,0,0,0.9385,0.0,0,9.451436328003183
4,x,15,z,0.3,normal,0,100000,84408,8028,14481,0,0.84408,0.09510946829684386,0,15.092634008004097
4,x,15,x,0.3,normal,0,100000,84408,8028,14481,0,0.84408,0.09510946829684386,0,15.092634008004097
4,x,15,z,0.3,normal,0,100000,84408,8028,14481,0,0.84408,0.09510946829684386,0,15.092634008004097
4,x,15,z,0.3,normal,0,100000,84408,8028,14481,0,0.84408,0.09510946829684386,0,15.092634008004097
4,x,3,z,0.1,normal,0,100000,93424,0,0,0,0.93424,0.0,0,11.06697984301718
4,x,3,x,0.1,normal,0,100000,93424,0,0,0,0.93424,0.0,0,11.06697984301718
4,x,3,x,0.1,normal,0,100000,93424,0,0,0,0.93424,0.0,0,11.06697984301718
4,x,3,x,0.1,normal,0,100000,93424,0,0,0,0.93424,0.0,0,11.06697984301718
4,x,6,x,0.1,normal,0,100000,88320,22,43,0,0.8832,0.00024909420289853657,0,13.442490920017008
4,x,6,x,0.1,normal,0,100000,88320,22,43,0,0.8832,0.00024909420289853657,0,13.442490920017008
4,x,6,z,0.1,normal,0,100000,88320,22,43,0,0.8832,0.00024909420289853657,0,13.442490920017008
4,x,6,x,0.1,normal,0,100000,88320,22,43,0,0.8832,0.00024909420289853657,0,13.442490920017008
4,x,4,x,0.1,normal,0,100000,86063,7,14,0,0.86063,8.133576566005107e-05,0,14.425446113978978
4,x,4,z,0.1,normal,0,100000,86063,7,14,0,0.86063,8.133576566005107e-05,0,14.425446113978978
4,x,4,x,0.1,normal,0,100000,86063,7,14,0,0.86063,8.133576566005107e-05,0,14.425446113978978
4,x,4,x,0.1,normal,0,100000,86063,7,14,0,0.86063,8.133576566005107e-05,0,14.425446113978978
4,x,13,z,0.3,normal,0,100000,88292,882,1645,0,0.88292,0.009989580029900802,0,19.24460164300399
4,x,13,z,0.3,normal,0,100000,88292,882,1645,0,0.88292,0.009989580029900802,0,19.24460164300399
4,x,13,x,0.3,normal,0,100000,88292,882,1645,0,0.88292,0.009989580029900802,0,19.24460164300399
4,x,13,z,0.3,normal,0,100000,88292,882,1645,0,0.88292,0.009989580029900802,0,19.24460164300399
4,x,9,z,0.1,normal,0,100000,100000,0,0,0,1.0,0.0,0,10.192611170001328
4,x,9,z,0.1,normal,0,100000,100000,0,0,0,1.0,0.0,0,10.192611170001328
4,x,9,z,0.1,normal,0,100000,100000,0,0,0,1.0,0.0,0,10.192611170001328
4,x,9,x,0.1,normal,0,100000,100000,0,0,0,1.0,0.0,0,10.192611170001328
4,x,8,x,0.1,normal,0,100000,88523,1620,2885,0,0.88523,0.018300328728127147,0,13.70642714801943
4,x,8,z,0.1,normal,0,100000,88523,1620,2885,0,0.88523,0.018300328728127147,0,13.70642714801943
4,x,8,z,0.1,normal,0,100000,88523,1620,2885,0,0.88523,0.018300328728127147,0,13.70642714801943
4,x,8,x,0.1,normal,0,100000,88523,1620,2885,0,0.88523,0.018300328728127147,0,13.70642714801943
4,x,7,z,0.1,normal,0,100000,90745,78,152,0,0.90745,0.0008595514904402579,0,15.418178191001061
4,x,7,x,0.1,normal,0,100000,90745,78,152,0,0.90745,0.0008595514904402579,0,15.418178191001061
4,x,7,z,0.1,normal,0,100000,90745,78,152,0,0.90745,0.0008595514904402579,0,15.418178191001061
4,x,7,x,0.1,normal,0,100000,90745,78,152,0,0.90745,0.0008595514904402579,0,15.418178191001061
4,x,2,x,1,m1,0,100000,29967,1,2,0,0.29967,3.337004037773372e-05,0,5.187555438984418
4,x,2,x,1,m1,0,100000,29967,1,2,0,0.29967,3.337004037773372e-05,0,5.187555438984418
4,x,2,x,1,m1,0,100000,29967,1,2,0,0.29967,3.337004037773372e-05,0,5.187555438984418
4,x,2,x,1,m1,0,100000,29967,1,2,0,0.29967,3.337004037773372e-05,0,5.187555438984418
4,x,10,x,0.1,normal,0,100000,86846,33,62,0,0.86846,0.0003799829583400749,0,13.712797495012637
4,x,10,x,0.1,normal,0,100000,86846,33,62,0,0.86846,0.0003799829583400749,0,13.712797495012637
4,x,10,x,0.1,normal,0,100000,86846,33,62,0,0.86846,0.0003799829583400749,0,13.712797495012637
4,x,10,z,0.1,normal,0,100000,86846,33,62,0,0.86846,0.0003799829583400749,0,13.712797495012637
4,x,3,z,1,m1,0,100000,56186,2,2,0,0.56186,3.5596055957043404e-05,0,4.3920491310127545
4,x,3,x,1,m1,0,100000,56186,2,2,0,0.56186,3.5596055957043404e-05,0,4.3920491310127545
4,x,3,x,1,m1,0,100000,56186,2,2,0,0.56186,3.5596055957043404e-05,0,4.3920491310127545
4,x,3,x,1,m1,0,100000,56186,2,2,0,0.56186,3.5596055957043404e-05,0,4.3920491310127545
4,x,12,x,0.1,normal,0,100000,86812,1669,3188,0,0.86812,0.0192254527023914,0,14.076416777999839
4,x,12,z,0.1,normal,0,100000,86812,1669,3188,0,0.86812,0.0192254527023914,0,14.076416777999839
4,x,12,x,0.1,normal,0,100000,86812,1669,3188,0,0.86812,0.0192254527023914,0,14.076416777999839
4,x,12,z,0.1,normal,0,100000,86812,1669,3188,0,0.86812,0.0192254527023914,0,14.076416777999839
4,x,11,z,0.1,normal,0,100000,92273,72,133,0,0.92273,0.0007802932602170021,0,15.551390645996435
4,x,11,x,0.1,normal,0,100000,92273,72,133,0,0.92273,0.0007802932602170021,0,15.551390645996435
4,x,11,x,0.1,normal,0,100000,92273,72,133,0,0.92273,0.0007802932602170021,0,15.551390645996435
4,x,11,z,0.1,normal,0,100000,92273,72,133,0,0.92273,0.0007802932602170021,0,15.551390645996435
4,x,14,x,0.1,normal,0,100000,84809,2966,5787,0,0.84809,0.03497270336874625,0,13.219967206008732
4,x,14,x,0.1,normal,0,100000,84809,2966,5787,0,0.84809,0.03497270336874625,0,13.219967206008732
4,x,14,z,0.1,normal,0,100000,84809,2966,5787,0,0.84809,0.03497270336874625,0,13.219967206008732
4,x,14,z,0.1,normal,0,100000,84809,2966,5787,0,0.84809,0.03497270336874625,0,13.219967206008732
4,x,5,z,1,m1,0,100000,69704,42,74,0,0.69704,0.0006025479169057268,0,4.439652344997739
4,x,5,z,1,m1,0,100000,69704,42,74,0,0.69704,0.0006025479169057268,0,4.439652344997739
4,x,5,x,1,m1,0,100000,69704,42,74,0,0.69704,0.0006025479169057268,0,4.439652344997739
4,x,5,x,1,m1,0,100000,69704,42,74,0,0.69704,0.0006025479169057268,0,4.439652344997739
4,x,9,z,1,m1,0,100000,100000,68,119,0,1.0,0.0006800000000000139,0,1.179239533987129
4,x,9,z,1,m1,0,100000,100000,68,119,0,1.0,0.0006800000000000139,0,1.179239533987129
4,x,9,z,1,m1,0,100000,100000,68,119,0,1.0,0.0006800000000000139,0,1.179239533987129
4,x,9,x,1,m1,0,100000,100000,68,119,0,1.0,0.0006800000000000139,0,1.179239533987129
4,x,15,z,0.1,normal,0,100000,94419,3192,6185,0,0.94419,0.03380675499634611,0,15.5525720930018
4,x,15,x,0.1,normal,0,100000,94419,3192,6185,0,0.94419,0.03380675499634611,0,15.5525720930018
4,x,15,z,0.1,normal,0,100000,94419,3192,6185,0,0.94419,0.03380675499634611,0,15.5525720930018
4,x,15,z,0.1,normal,0,100000,94419,3192,6185,0,0.94419,0.03380675499634611,0,15.5525720930018
4,x,4,x,1,m1,0,100000,35365,354,680,0,0.35365,0.01000989679061215,0,9.675891794991912
4,x,4,z,1,m1,0,100000,35365,354,680,0,0.35365,0.01000989679061215,0,9.675891794991912
4,x,4,x,1,m1,0,100000,35365,354,680,0,0.35365,0.01000989679061215,0,9.675891794991912
4,x,4,x,1,m1,0,100000,35365,354,680,0,0.35365,0.01000989679061215,0,9.675891794991912
4,x,13,z,0.1,normal,0,100000,95939,121,234,0,0.95939,0.0012612180656458305,0,17.44702890800545
4,x,13,z,0.1,normal,0,100000,95939,121,234,0,0.95939,0.0012612180656458305,0,17.44702890800545
4,x,13,x,0.1,normal,0,100000,95939,121,234,0,0.95939,0.0012612180656458305,0,17.44702890800545
4,x,13,z,0.1,normal,0,100000,95939,121,234,0,0.95939,0.0012612180656458305,0,17.44702890800545
4,x,6,x,1,m1,0,100000,35431,550,998,0,0.35431,0.015523129462899687,0,11.592361625982448
4,x,6,x,1,m1,0,100000,35431,550,998,0,0.35431,0.015523129462899687,0,11.592361625982448
4,x,6,z,1,m1,0,100000,35431,550,998,0,0.35431,0.015523129462899687,0,11.592361625982448
4,x,6,x,1,m1,0,100000,35431,550,998,0,0.35431,0.015523129462899687,0,11.592361625982448
4,x,8,x,1,m1,0,100000,29866,6652,12323,0,0.29866,0.2227281858970066,0,10.454272135015344
4,x,8,z,1,m1,0,100000,29866,6652,12323,0,0.29866,0.2227281858970066,0,10.454272135015344
4,x,8,z,1,m1,0,100000,29866,6652,12323,0,0.29866,0.2227281858970066,0,10.454272135015344
4,x,8,x,1,m1,0,100000,29866,6652,12323,0,0.29866,0.2227281858970066,0,10.454272135015344
4,x,7,z,1,m1,0,100000,59472,2036,3631,0,0.59472,0.034234597793919797,0,12.669815882021794
4,x,7,x,1,m1,0,100000,59472,2036,3631,0,0.59472,0.034234597793919797,0,12.669815882021794
4,x,7,z,1,m1,0,100000,59472,2036,3631,0,0.59472,0.034234597793919797,0,12.669815882021794
4,x,7,x,1,m1,0,100000,59472,2036,3631,0,0.59472,0.034234597793919797,0,12.669815882021794
4,x,10,x,1,m1,0,100000,28644,740,1315,0,0.28644,0.025834380673090296,0,10.441805073991418
4,x,10,x,1,m1,0,100000,28644,740,1315,0,0.28644,0.025834380673090296,0,10.441805073991418
4,x,10,x,1,m1,0,100000,28644,740,1315,0,0.28644,0.025834380673090296,0,10.441805073991418
4,x,10,z,1,m1,0,100000,28644,740,1315,0,0.28644,0.025834380673090296,0,10.441805073991418
4,x,2,x,0.8,m1,0,100000,38584,1,2,0,0.38584,2.5917478747694567e-05,0,4.755518357997062
4,x,2,x,0.8,m1,0,100000,38584,1,2,0,0.38584,2.5917478747694567e-05,0,4.755518357997062
4,x,2,x,0.8,m1,0,100000,38584,1,2,0,0.38584,2.5917478747694567e-05,0,4.755518357997062
4,x,2,x,0.8,m1,0,100000,38584,1,2,0,0.38584,2.5917478747694567e-05,0,4.755518357997062
4,x,3,z,0.8,m1,0,100000,62978,0,1,0,0.62978,0.0,0,3.4637517950031906
4,x,3,x,0.8,m1,0,100000,62978,0,1,0,0.62978,0.0,0,3.4637517950031906
4,x,3,x,0.8,m1,0,100000,62978,0,1,0,0.62978,0.0,0,3.4637517950031906
4,x,3,x,0.8,m1,0,100000,62978,0,1,0,0.62978,0.0,0,3.4637517950031906
4,x,14,x,1,m1,0,100000,33237,7199,12632,0,0.33237,0.21659596233113698,0,10.130937975016423
4,x,14,x,1,m1,0,100000,33237,7199,12632,0,0.33237,0.21659596233113698,0,10.130937975016423
4,x,14,z,1,m1,0,100000,33237,7199,12632,0,0.33237,0.21659596233113698,0,10.130937975016423
4,x,14,z,1,m1,0,100000,33237,7199,12632,0,0.33237,0.21659596233113698,0,10.130937975016423
4,x,11,z,1,m1,0,100000,58684,1792,3160,0,0.58684,0.03053643241769477,0,13.672591317998013
4,x,11,x,1,m1,0,100000,58684,1792,3160,0,0.58684,0.03053643241769477,0,13.672591317998013
4,x,11,x,1,m1,0,100000,58684,1792,3160,0,0.58684,0.03053643241769477,0,13.672591317998013
4,x,11,z,1,m1,0,100000,58684,1792,3160,0,0.58684,0.03053643241769477,0,13.672591317998013
4,x,12,x,1,m1,0,100000,35853,6844,12625,0,0.35853,0.19089058098346023,0,12.618781041004695
4,x,12,z,1,m1,0,100000,35853,6844,12625,0,0.35853,0.19089058098346023,0,12.618781041004695
4,x,12,x,1,m1,0,100000,35853,6844,12625,0,0.35853,0.19089058098346023,0,12.618781041004695
4,x,12,z,1,m1,0,100000,35853,6844,12625,0,0.35853,0.19089058098346023,0,12.618781041004695
4,x,5,z,0.8,m1,0,100000,74750,20,38,0,0.7475,0.00026755852842808014,0,3.085916994983563
4,x,5,z,0.8,m1,0,100000,74750,20,38,0,0.7475,0.00026755852842808014,0,3.085916994983563
4,x,5,x,0.8,m1,0,100000,74750,20,38,0,0.7475,0.00026755852842808014,0,3.085916994983563
4,x,5,x,0.8,m1,0,100000,74750,20,38,0,0.7475,0.00026755852842808014,0,3.085916994983563
4,x,13,z,1,m1,0,100000,22574,4582,6332,0,0.22574,0.20297687605209536,0,12.668473700992763
4,x,13,z,1,m1,0,100000,22574,4582,6332,0,0.22574,0.20297687605209536,0,12.668473700992763
4,x,13,x,1,m1,0,100000,22574,4582,6332,0,0.22574,0.20297687605209536,0,12.668473700992763
4,x,13,z,1,m1,0,100000,22574,4582,6332,0,0.22574,0.20297687605209536,0,12.668473700992763
4,x,9,z,0.8,m1,0,100000,100000,26,48,0,1.0,0.000260000000000038,0,1.1102548640046734
4,x,9,z,0.8,m1,0,100000,100000,26,48,0,1.0,0.000260000000000038,0,1.1102548640046734
4,x,9,z,0.8,m1,0,100000,100000,26,48,0,1.0,0.000260000000000038,0,1.1102548640046734
4,x,9,x,0.8,m1,0,100000,100000,26,48,0,1.0,0.000260000000000038,0,1.1102548640046734
4,x,15,z,1,m1,0,100000,58206,13558,20849,0,0.58206,0.23293131292306635,0,14.103876560984645
4,x,15,x,1,m1,0,100000,58206,13558,20849,0,0.58206,0.23293131292306635,0,14.103876560984645
4,x,15,z,1,m1,0,100000,58206,13558,20849,0,0.58206,0.23293131292306635,0,14.103876560984645
4,x,15,z,1,m1,0,100000,58206,13558,20849,0,0.58206,0.23293131292306635,0,14.103876560984645
4,x,4,x,0.8,m1,0,100000,43441,258,491,0,0.43441,0.005939089799958608,0,10.512751636997564
4,x,4,z,0.8,m1,0,100000,43441,258,491,0,0.43441,0.005939089799958608,0,10.512751636997564
4,x,4,x,0.8,m1,0,100000,43441,258,491,0,0.43441,0.005939089799958608,0,10.512751636997564
4,x,4,x,0.8,m1,0,100000,43441,258,491,0,0.43441,0.005939089799958608,0,10.512751636997564
4,x,6,x,0.8,m1,0,100000,42992,473,882,0,0.42992,0.011002046892445105,0,10.681441104010446
4,x,6,x,0.8,m1,0,100000,42992,473,882,0,0.42992,0.011002046892445105,0,10.681441104010446
4,x,6,z,0.8,m1,0,100000,42992,473,882,0,0.42992,0.011002046892445105,0,10.681441104010446
4,x,6,x,0.8,m1,0,100000,42992,473,882,0,0.42992,0.011002046892445105,0,10.681441104010446
4,x,8,x,0.8,m1,0,100000,37064,6838,12701,0,0.37064,0.18449169004964383,0,10.306511386006605
4,x,8,z,0.8,m1,0,100000,37064,6838,12701,0,0.37064,0.18449169004964383,0,10.306511386006605
4,x,8,z,0.8,m1,0,100000,37064,6838,12701,0,0.37064,0.18449169004964383,0,10.306511386006605
4,x,8,x,0.8,m1,0,100000,37064,6838,12701,0,0.37064,0.18449169004964383,0,10.306511386006605
4,x,2,x,0.5,m1,0,100000,55226,0,0,0,0.55226,0.0,0,3.1626582799945027
4,x,2,x,0.5,m1,0,100000,55226,0,0,0,0.55226,0.0,0,3.1626582799945027
4,x,2,x,0.5,m1,0,100000,55226,0,0,0,0.55226,0.0,0,3.1626582799945027
4,x,2,x,0.5,m1,0,100000,55226,0,0,0,0.55226,0.0,0,3.1626582799945027
4,x,7,z,0.8,m1,0,100000,65800,1573,2830,0,0.658,0.02390577507598779,0,13.914765452995198
4,x,7,x,0.8,m1,0,100000,65800,1573,2830,0,0.658,0.02390577507598779,0,13.914765452995198
4,x,7,z,0.8,m1,0,100000,65800,1573,2830,0,0.658,0.02390577507598779,0,13.914765452995198
4,x,7,x,0.8,m1,0,100000,65800,1573,2830,0,0.658,0.02390577507598779,0,13.914765452995198
4,x,10,x,0.8,m1,0,100000,35909,629,1112,0,0.35909,0.017516500041772298,0,11.9767044520122
4,x,10,x,0.8,m1,0,100000,35909,629,1112,0,0.35909,0.017516500041772298,0,11.9767044520122
4,x,10,x,0.8,m1,0,100000,35909,629,1112,0,0.35909,0.017516500041772298,0,11.9767044520122
4,x,10,z,0.8,m1,0,100000,35909,629,1112,0,0.35909,0.017516500041772298,0,11.9767044520122
4,x,12,x,0.8,m1,0,100000,44173,6921,12954,0,0.44173,0.1566794195549317,0,11.268375615996774
4,x,12,z,0.8,m1,0,100000,44173,6921,12954,0,0.44173,0.1566794195549317,0,11.268375615996774
4,x,12,x,0.8,m1,0,100000,44173,6921,12954,0,0.44173,0.1566794195549317,0,11.268375615996774
4,x,12,z,0.8,m1,0,100000,44173,6921,12954,0,0.44173,0.1566794195549317,0,11.268375615996774
4,x,3,z,0.5,m1,0,100000,75089,0,0,0,0.75089,0.0,0,2.214278468018165
4,x,3,x,0.5,m1,0,100000,75089,0,0,0,0.75089,0.0,0,2.214278468018165
4,x,3,x,0.5,m1,0,100000,75089,0,0,0,0.75089,0.0,0,2.214278468018165
4,x,3,x,0.5,m1,0,100000,75089,0,0,0,0.75089,0.0,0,2.214278468018165
4,x,14,x,0.8,m1,0,100000,41463,7595,13566,0,0.41463,0.18317536116537636,0,10.83204115301487
4,x,14,x,0.8,m1,0,100000,41463,7595,13566,0,0.41463,0.18317536116537636,0,10.83204115301487
4,x,14,z,0.8,m1,0,100000,41463,7595,13566,0,0.41463,0.18317536116537636,0,10.83204115301487
4,x,14,z,0.8,m1,0,100000,41463,7595,13566,0,0.41463,0.18317536116537636,0,10.83204115301487
4,x,11,z,0.8,m1,0,100000,65197,1373,2516,0,0.65197,0.021059251192539485,0,13.513894823001465
4,x,11,x,0.8,m1,0,100000,65197,1373,2516,0,0.65197,0.021059251192539485,0,13.513894823001465
4,x,11,x,0.8,m1,0,100000,65197,1373,2516,0,0.65197,0.021059251192539485,0,13.513894823001465
4,x,11,z,0.8,m1,0,100000,65197,1373,2516,0,0.65197,0.021059251192539485,0,13.513894823001465
4,x,5,z,0.5,m1,0,100000,83078,6,9,0,0.83078,7.222128602035749e-05,0,1.9277191370201763
4,x,5,z,0.5,m1,0,100000,83078,6,9,0,0.83078,7.222128602035749e-05,0,1.9277191370201763
4,x,5,x,0.5,m1,0,100000,83078,6,9,0,0.83078,7.222128602035749e-05,0,1.9277191370201763
4,x,5,x,0.5,m1,0,100000,83078,6,9,0,0.83078,7.222128602035749e-05,0,1.9277191370201763
4,x,9,z,0.5,m1,0,100000,100000,3,6,0,1.0,2.999999999997449e-05,0,0.6815005610114895
4,x,9,z,0.5,m1,0,100000,100000,3,6,0,1.0,2.999999999997449e-05,0,0.6815005610114895
4,x,9,z,0.5,m1,0,100000,100000,3,6,0,1.0,2.999999999997449e-05,0,0.6815005610114895
4,x,9,x,0.5,m1,0,100000,100000,3,6,0,1.0,2.999999999997449e-05,0,0.6815005610114895
4,x,13,z,0.8,m1,0,100000,25429,4386,6343,0,0.25429,0.17248023909709387,0,12.611776447010925
4,x,13,z,0.8,m1,0,100000,25429,4386,6343,0,0.25429,0.17248023909709387,0,12.611776447010925
4,x,13,x,0.8,m1,0,100000,25429,4386,6343,0,0.25429,0.17248023909709387,0,12.611776447010925
4,x,13,z,0.8,m1,0,100000,25429,4386,6343,0,0.25429,0.17248023909709387,0,12.611776447010925
4,x,15,z,0.8,m1,0,100000,65517,12808,20532,0,0.65517,0.1954912465466978,0,14.87374069201178
4,x,15,x,0.8,m1,0,100000,65517,12808,20532,0,0.65517,0.1954912465466978,0,14.87374069201178
4,x,15,z,0.8,m1,0,100000,65517,12808,20532,0,0.65517,0.1954912465466978,0,14.87374069201178
4,x,15,z,0.8,m1,0,100000,65517,12808,20532,0,0.65517,0.1954912465466978,0,14.87374069201178
4,x,4,x,0.5,m1,0,100000,59796,141,270,0,0.59796,0.0023580172586794568,0,9.783839773008367
4,x,4,z,0.5,m1,0,100000,59796,141,270,0,0.59796,0.0023580172586794568,0,9.783839773008367
4,x,4,x,0.5,m1,0,100000,59796,141,270,0,0.59796,0.0023580172586794568,0,9.783839773008367
4,x,4,x,0.5,m1,0,100000,59796,141,270,0,0.59796,0.0023580172586794568,0,9.783839773008367
4,x,2,x,0.3,m1,0,100000,69855,0,0,0,0.69855,0.0,0,2.0845568630029447
4,x,2,x,0.3,m1,0,100000,69855,0,0,0,0.69855,0.0,0,2.0845568630029447
4,x,2,x,0.3,m1,0,100000,69855,0,0,0,0.69855,0.0,0,2.0845568630029447
4,x,2,x,0.3,m1,0,100000,69855,0,0,0,0.69855,0.0,0,2.0845568630029447
4,x,6,x,0.5,m1,0,100000,58899,274,527,0,0.58899,0.004652031443657778,0,11.289722537010675
4,x,6,x,0.5,m1,0,100000,58899,274,527,0,0.58899,0.004652031443657778,0,11.289722537010675
4,x,6,z,0.5,m1,0,100000,58899,274,527,0,0.58899,0.004652031443657778,0,11.289722537010675
4,x,6,x,0.5,m1,0,100000,58899,274,527,0,0.58899,0.004652031443657778,0,11.289722537010675
4,x,8,x,0.5,m1,0,100000,53260,6346,11766,0,0.5326,0.11915133308298909,0,11.638300169986906
4,x,8,z,0.5,m1,0,100000,53260,6346,11766,0,0.5326,0.11915133308298909,0,11.638300169986906
4,x,8,z,0.5,m1,0,100000,53260,6346,11766,0,0.5326,0.11915133308298909,0,11.638300169986906
4,x,8,x,0.5,m1,0,100000,53260,6346,11766,0,0.5326,0.11915133308298909,0,11.638300169986906
4,x,7,z,0.5,m1,0,100000,76877,813,1486,0,0.76877,0.010575334625440691,0,11.22385962199769
4,x,7,x,0.5,m1,0,100000,76877,813,1486,0,0.76877,0.010575334625440691,0,11.22385962199769
4,x,7,z,0.5,m1,0,100000,76877,813,1486,0,0.76877,0.010575334625440691,0,11.22385962199769
4,x,7,x,0.5,m1,0,100000,76877,813,1486,0,0.76877,0.010575334625440691,0,11.22385962199769
4,x,10,x,0.5,m1,0,100000,51552,442,805,0,0.51552,0.008573867163252591,0,11.637117872975068
4,x,10,x,0.5,m1,0,100000,51552,442,805,0,0.51552,0.008573867163252591,0,11.637117872975068
4,x,10,x,0.5,m1,0,100000,51552,442,805,0,0.51552,0.008573867163252591,0,11.637117872975068
4,x,10,z,0.5,m1,0,100000,51552,442,805,0,0.51552,0.008573867163252591,0,11.637117872975068
4,x,12,x,0.5,m1,0,100000,59716,6106,11545,0,0.59716,0.10225065309129877,0,12.510576869011857
4,x,12,z,0.5,m1,0,100000,59716,6106,11545,0,0.59716,0.10225065309129877,0,12.510576869011857
4,x,12,x,0.5,m1,0,100000,59716,6106,11545,0,0.59716,0.10225065309129877,0,12.510576869011857
4,x,12,z,0.5,m1,0,100000,59716,6106,11545,0,0.59716,0.10225065309129877,0,12.510576869011857
4,x,3,z,0.3,m1,0,100000,84204,0,0,0,0.84204,0.0,0,1.595615425001597
4,x,3,x,0.3,m1,0,100000,84204,0,0,0,0.84204,0.0,0,1.595615425001597
4,x,3,x,0.3,m1,0,100000,84204,0,0,0,0.84204,0.0,0,1.595615425001597
4,x,3,x,0.3,m1,0,100000,84204,0,0,0,0.84204,0.0,0,1.595615425001597
4,x,14,x,0.5,m1,0,100000,57495,7026,12731,0,0.57495,0.12220193060266105,0,12.587911137001356
4,x,14,x,0.5,m1,0,100000,57495,7026,12731,0,0.57495,0.12220193060266105,0,12.587911137001356
4,x,14,z,0.5,m1,0,100000,57495,7026,12731,0,0.57495,0.12220193060266105,0,12.587911137001356
4,x,14,z,0.5,m1,0,100000,57495,7026,12731,0,0.57495,0.12220193060266105,0,12.587911137001356
4,x,5,z,0.3,m1,0,100000,89591,2,3,0,0.89591,2.232367090448939e-05,0,1.3600256890058517
4,x,5,z,0.3,m1,0,100000,89591,2,3,0,0.89591,2.232367090448939e-05,0,1.3600256890058517
4,x,5,x,0.3,m1,0,100000,89591,2,3,0,0.89591,2.232367090448939e-05,0,1.3600256890058517
4,x,5,x,0.3,m1,0,100000,89591,2,3,0,0.89591,2.232367090448939e-05,0,1.3600256890058517
4,x,9,z,0.3,m1,0,100000,100000,1,2,0,1.0,9.99999999995449e-06,0,0.49430759000824764
4,x,9,z,0.3,m1,0,100000,100000,1,2,0,1.0,9.99999999995449e-06,0,0.49430759000824764
4,x,9,z,0.3,m1,0,100000,100000,1,2,0,1.0,9.99999999995449e-06,0,0.49430759000824764
4,x,9,x,0.3,m1,0,100000,100000,1,2,0,1.0,9.99999999995449e-06,0,0.49430759000824764
4,x,13,z,0.5,m1,0,100000,36829,3346,5542,0,0.36829,0.09085231746721334,0,13.78445117501542
4,x,13,z,0.5,m1,0,100000,36829,3346,5542,0,0.36829,0.09085231746721334,0,13.78445117501542
4,x,13,x,0.5,m1,0,100000,36829,3346,5542,0,0.36829,0.09085231746721334,0,13.78445117501542
4,x,13,z,0.5,m1,0,100000,36829,3346,5542,0,0.36829,0.09085231746721334,0,13.78445117501542
4,x,15,z,0.5,m1,0,100000,76482,10138,17595,0,0.76482,0.1325540650087602,0,14.237096327997278
4,x,15,x,0.5,m1,0,100000,76482,10138,17595,0,0.76482,0.1325540650087602,0,14.237096327997278
4,x,15,z,0.5,m1,0,100000,76482,10138,17595,0,0.76482,0.1325540650087602,0,14.237096327997278
4,x,15,z,0.5,m1,0,100000,76482,10138,17595,0,0.76482,0.1325540650087602,0,14.237096327997278
4,x,11,z,0.5,m1,0,100000,76133,670,1250,0,0.76133,0.008800388793295921,0,16.177786538988585
4,x,11,x,0.5,m1,0,100000,76133,670,1250,0,0.76133,0.008800388793295921,0,16.177786538988585
4,x,11,x,0.5,m1,0,100000,76133,670,1250,0,0.76133,0.008800388793295921,0,16.177786538988585
4,x,11,z,0.5,m1,0,100000,76133,670,1250,0,0.76133,0.008800388793295921,0,16.177786538988585
4,x,4,x,0.3,m1,0,100000,73298,70,132,0,0.73298,0.0009550055936041746,0,10.096731258003274
4,x,4,z,0.3,m1,0,100000,73298,70,132,0,0.73298,0.0009550055936041746,0,10.096731258003274
4,x,4,x,0.3,m1,0,100000,73298,70,132,0,0.73298,0.0009550055936041746,0,10.096731258003274
4,x,4,x,0.3,m1,0,100000,73298,70,132,0,0.73298,0.0009550055936041746,0,10.096731258003274
4,x,7,z,0.3,m1,0,100000,85126,386,729,0,0.85126,0.004534454808166721,0,10.31973836000543
4,x,7,x,0.3,m1,0,100000,85126,386,729,0,0.85126,0.004534454808166721,0,10.31973836000543
4,x,7,z,0.3,m1,0,100000,85126,386,729,0,0.85126,0.004534454808166721,0,10.31973836000543
4,x,7,x,0.3,m1,0,100000,85126,386,729,0,0.85126,0.004534454808166721,0,10.31973836000543
4,x,2,x,0.1,m1,0,100000,88489,0,0,0,0.88489,0.0,0,2.2527910299832
4,x,2,x,0.1,m1,0,100000,88489,0,0,0,0.88489,0.0,0,2.2527910299832
4,x,2,x,0.1,m1,0,100000,88489,0,0,0,0.88489,0.0,0,2.2527910299832
4,x,2,x,0.1,m1,0,100000,88489,0,0,0,0.88489,0.0,0,2.2527910299832
4,x,6,x,0.3,m1,0,100000,72518,142,273,0,0.72518,0.001958134532116129,0,12.779416122008115
4,x,6,x,0.3,m1,0,100000,72518,142,273,0,0.72518,0.001958134532116129,0,12.779416122008115
4,x,6,z,0.3,m1,0,100000,72518,142,273,0,0.72518,0.001958134532116129,0,12.779416122008115
4,x,6,x,0.3,m1,0,100000,72518,142,273,0,0.72518,0.001958134532116129,0,12.779416122008115
4,x,8,x,0.3,m1,0,100000,68249,4925,9212,0,0.68249,0.07216222948321582,0,12.379433179012267
4,x,8,z,0.3,m1,0,100000,68249,4925,9212,0,0.68249,0.07216222948321582,0,12.379433179012267
4,x,8,z,0.3,m1,0,100000,68249,4925,9212,0,0.68249,0.07216222948321582,0,12.379433179012267
4,x,8,x,0.3,m1,0,100000,68249,4925,9212,0,0.68249,0.07216222948321582,0,12.379433179012267
4,x,10,x,0.3,m1,0,100000,66822,266,504,0,0.66822,0.003980724910957467,0,11.983764718024759
4,x,10,x,0.3,m1,0,100000,66822,266,504,0,0.66822,0.003980724910957467,0,11.983764718024759
4,x,10,x,0.3,m1,0,100000,66822,266,504,0,0.66822,0.003980724910957467,0,11.983764718024759
4,x,10,z,0.3,m1,0,100000,66822,266,504,0,0.66822,0.003980724910957467,0,11.983764718024759
4,x,3,z,0.1,m1,0,100000,94450,0,0,0,0.9445,0.0,0,0.8006538730114698
4,x,3,x,0.1,m1,0,100000,94450,0,0,0,0.9445,0.0,0,0.8006538730114698
4,x,3,x,0.1,m1,0,100000,94450,0,0,0,0.9445,0.0,0,0.8006538730114698
4,x,3,x,0.1,m1,0,100000,94450,0,0,0,0.9445,0.0,0,0.8006538730114698
4,x,5,z,0.1,m1,0,100000,96441,0,0,0,0.96441,0.0,0,0.7009450579935219
4,x,5,z,0.1,m1,0,100000,96441,0,0,0,0.96441,0.0,0,0.7009450579935219
4,x,5,x,0.1,m1,0,100000,96441,0,0,0,0.96441,0.0,0,0.7009450579935219
4,x,5,x,0.1,m1,0,100000,96441,0,0,0,0.96441,0.0,0,0.7009450579935219
4,x,12,x,0.3,m1,0,100000,73147,4560,8730,0,0.73147,0.062340219011032594,0,12.927033059007954
4,x,12,z,0.3,m1,0,100000,73147,4560,8730,0,0.73147,0.062340219011032594,0,12.927033059007954
4,x,12,x,0.3,m1,0,100000,73147,4560,8730,0,0.73147,0.062340219011032594,0,12.927033059007954
4,x,12,z,0.3,m1,0,100000,73147,4560,8730,0,0.73147,0.062340219011032594,0,12.927033059007954
4,x,9,z,0.1,m1,0,100000,100000,0,0,0,1.0,0.0,0,0.3845080489991233
4,x,9,z,0.1,m1,0,100000,100000,0,0,0,1.0,0.0,0,0.3845080489991233
4,x,9,z,0.1,m1,0,100000,100000,0,0,0,1.0,0.0,0,0.3845080489991233
4,x,9,x,0.1,m1,0,100000,100000,0,0,0,1.0,0.0,0,0.3845080489991233
4,x,14,x,0.3,m1,0,100000,71720,5552,10279,0,0.7172,0.07741215839375348,0,12.520770544011611
4,x,14,x,0.3,m1,0,100000,71720,5552,10279,0,0.7172,0.07741215839375348,0,12.520770544011611
4,x,14,z,0.3,m1,0,100000,71720,5552,10279,0,0.7172,0.07741215839375348,0,12.520770544011611
4,x,14,z,0.3,m1,0,100000,71720,5552,10279,0,0.7172,0.07741215839375348,0,12.520770544011611
4,x,13,z,0.3,m1,0,100000,52187,1982,3470,0,0.52187,0.037978806982581825,0,12.7174110779888
4,x,13,z,0.3,m1,0,100000,52187,1982,3470,0,0.52187,0.037978806982581825,0,12.7174110779888
4,x,13,x,0.3,m1,0,100000,52187,1982,3470,0,0.52187,0.037978806982581825,0,12.7174110779888
4,x,13,z,0.3,m1,0,100000,52187,1982,3470,0,0.52187,0.037978806982581825,0,12.7174110779888
4,x,15,z,0.3,m1,0,100000,85202,7004,12823,0,0.85202,0.08220464308349573,0,15.650565315008862
4,x,15,x,0.3,m1,0,100000,85202,7004,12823,0,0.85202,0.08220464308349573,0,15.650565315008862
4,x,15,z,0.3,m1,0,100000,85202,7004,12823,0,0.85202,0.08220464308349573,0,15.650565315008862
4,x,15,z,0.3,m1,0,100000,85202,7004,12823,0,0.85202,0.08220464308349573,0,15.650565315008862
4,x,11,z,0.3,m1,0,100000,84995,291,566,0,0.84995,0.003423730807694536,0,17.3747594729939
4,x,11,x,0.3,m1,0,100000,84995,291,566,0,0.84995,0.003423730807694536,0,17.3747594729939
4,x,11,x,0.3,m1,0,100000,84995,291,566,0,0.84995,0.003423730807694536,0,17.3747594729939
4,x,11,z,0.3,m1,0,100000,84995,291,566,0,0.84995,0.003423730807694536,0,17.3747594729939
4,x,4,x,0.1,m1,0,100000,90097,7,14,0,0.90097,7.769404086710452e-05,0,9.481328716996359
4,x,4,z,0.1,m1,0,100000,90097,7,14,0,0.90097,7.769404086710452e-05,0,9.481328716996359
4,x,4,x,0.1,m1,0,100000,90097,7,14,0,0.90097,7.769404086710452e-05,0,9.481328716996359
4,x,4,x,0.1,m1,0,100000,90097,7,14,0,0.90097,7.769404086710452e-05,0,9.481328716996359
4,x,7,z,0.1,m1,0,100000,94828,78,149,0,0.94828,0.0008225418652718641,0,8.812112009996781
4,x,7,x,0.1,m1,0,100000,94828,78,149,0,0.94828,0.0008225418652718641,0,8.812112009996781
4,x,7,z,0.1,m1,0,100000,94828,78,149,0,0.94828,0.0008225418652718641,0,8.812112009996781
4,x,7,x,0.1,m1,0,100000,94828,78,149,0,0.94828,0.0008225418652718641,0,8.812112009996781
4,x,6,x,0.1,m1,0,100000,89907,36,70,0,0.89907,0.0004004137608862868,0,13.160043824987952
4,x,6,x,0.1,m1,0,100000,89907,36,70,0,0.89907,0.0004004137608862868,0,13.160043824987952
4,x,6,z,0.1,m1,0,100000,89907,36,70,0,0.89907,0.0004004137608862868,0,13.160043824987952
4,x,6,x,0.1,m1,0,100000,89907,36,70,0,0.89907,0.0004004137608862868,0,13.160043824987952
4,x,8,x,0.1,m1,0,100000,87951,2120,3984,0,0.87951,0.024104330820570508,0,12.957850216975203
4,x,8,z,0.1,m1,0,100000,87951,2120,3984,0,0.87951,0.024104330820570508,0,12.957850216975203
4,x,8,z,0.1,m1,0,100000,87951,2120,3984,0,0.87951,0.024104330820570508,0,12.957850216975203
4,x,8,x,0.1,m1,0,100000,87951,2120,3984,0,0.87951,0.024104330820570508,0,12.957850216975203
4,x,12,x,0.1,m1,0,100000,90174,1926,3685,0,0.90174,0.021358706500765212,0,13.576483003998874
4,x,12,z,0.1,m1,0,100000,90174,1926,3685,0,0.90174,0.021358706500765212,0,13.576483003998874
4,x,12,x,0.1,m1,0,100000,90174,1926,3685,0,0.90174,0.021358706500765212,0,13.576483003998874
4,x,12,z,0.1,m1,0,100000,90174,1926,3685,0,0.90174,0.021358706500765212,0,13.576483003998874
4,x,13,z,0.1,m1,0,100000,79514,362,713,0,0.79514,0.004552657393666504,0,10.913732676999643
4,x,13,z,0.1,m1,0,100000,79514,362,713,0,0.79514,0.004552657393666504,0,10.913732676999643
4,x,13,x,0.1,m1,0,100000,79514,362,713,0,0.79514,0.004552657393666504,0,10.913732676999643
4,x,13,z,0.1,m1,0,100000,79514,362,713,0,0.79514,0.004552657393666504,0,10.913732676999643
4,x,10,x,0.1,m1,0,100000,87267,78,153,0,0.87267,0.0008938086561930403,0,16.400595562998205
4,x,10,x,0.1,m1,0,100000,87267,78,153,0,0.87267,0.0008938086561930403,0,16.400595562998205
4,x,10,x,0.1,m1,0,100000,87267,78,153,0,0.87267,0.0008938086561930403,0,16.400595562998205
4,x,10,z,0.1,m1,0,100000,87267,78,153,0,0.87267,0.0008938086561930403,0,16.400595562998205
4,x,11,z,0.1,m1,0,100000,94645,60,113,0,0.94645,0.0006339479106133306,0,14.849760937999235
4,x,11,x,0.1,m1,0,100000,94645,60,113,0,0.94645,0.0006339479106133306,0,14.849760937999235
4,x,11,x,0.1,m1,0,100000,94645,60,113,0,0.94645,0.0006339479106133306,0,14.849760937999235
4,x,11,z,0.1,m1,0,100000,94645,60,113,0,0.94645,0.0006339479106133306,0,14.849760937999235
4,x,14,x,0.1,m1,0,100000,89444,2402,4523,0,0.89444,0.02685479182505257,0,13.50192588797654
4,x,14,x,0.1,m1,0,100000,89444,2402,4523,0,0.89444,0.02685479182505257,0,13.50192588797654
4,x,14,z,0.1,m1,0,100000,89444,2402,4523,0,0.89444,0.02685479182505257,0,13.50192588797654
4,x,14,z,0.1,m1,0,100000,89444,2402,4523,0,0.89444,0.02685479182505257,0,13.50192588797654
4,z,3,x,1,normal,0,100000,22526,4314,7570,0,0.22526,0.19151203054248422,0,9.48869776702486
4,z,3,z,1,normal,0,100000,22526,4314,7570,0,0.22526,0.19151203054248422,0,9.48869776702486
4,z,3,x,1,normal,0,100000,22526,4314,7570,0,0.22526,0.19151203054248422,0,9.48869776702486
4,z,3,x,1,normal,0,100000,22526,4314,7570,0,0.22526,0.19151203054248422,0,9.48869776702486
4,x,15,z,0.1,m1,0,100000,94879,2695,5264,0,0.94879,0.028404599542575237,0,15.623454222019063
4,x,15,x,0.1,m1,0,100000,94879,2695,5264,0,0.94879,0.028404599542575237,0,15.623454222019063
4,x,15,z,0.1,m1,0,100000,94879,2695,5264,0,0.94879,0.028404599542575237,0,15.623454222019063
4,x,15,z,0.1,m1,0,100000,94879,2695,5264,0,0.94879,0.028404599542575237,0,15.623454222019063
4,z,2,z,1,normal,0,100000,49864,11097,17462,0,0.49864,0.22254532327931975,0,14.689334893977502
4,z,2,x,1,normal,0,100000,49864,11097,17462,0,0.49864,0.22254532327931975,0,14.689334893977502
4,z,2,x,1,normal,0,100000,49864,11097,17462,0,0.49864,0.22254532327931975,0,14.689334893977502
4,z,2,x,1,normal,0,100000,49864,11097,17462,0,0.49864,0.22254532327931975,0,14.689334893977502
4,z,5,x,1,normal,0,100000,29037,5086,9405,0,0.29037,0.17515583565795367,0,13.882245587999932
4,z,5,x,1,normal,0,100000,29037,5086,9405,0,0.29037,0.17515583565795367,0,13.882245587999932
4,z,5,z,1,normal,0,100000,29037,5086,9405,0,0.29037,0.17515583565795367,0,13.882245587999932
4,z,5,x,1,normal,0,100000,29037,5086,9405,0,0.29037,0.17515583565795367,0,13.882245587999932
4,z,4,z,1,normal,0,100000,55606,2412,4080,0,0.55606,0.043376614034456695,0,14.382059897994623
4,z,4,z,1,normal,0,100000,55606,2412,4080,0,0.55606,0.043376614034456695,0,14.382059897994623
4,z,4,x,1,normal,0,100000,55606,2412,4080,0,0.55606,0.043376614034456695,0,14.382059897994623
4,z,4,x,1,normal,0,100000,55606,2412,4080,0,0.55606,0.043376614034456695,0,14.382059897994623
4,z,9,x,1,normal,0,100000,25902,5477,10096,0,0.25902,0.2114508532159679,0,9.16648682000232
4,z,9,x,1,normal,0,100000,25902,5477,10096,0,0.25902,0.2114508532159679,0,9.16648682000232
4,z,9,x,1,normal,0,100000,25902,5477,10096,0,0.25902,0.2114508532159679,0,9.16648682000232
4,z,9,z,1,normal,0,100000,25902,5477,10096,0,0.25902,0.2114508532159679,0,9.16648682000232
4,z,7,x,1,normal,0,100000,32924,740,1293,0,0.32924,0.022476005345644534,0,10.888631078996696
4,z,7,z,1,normal,0,100000,32924,740,1293,0,0.32924,0.022476005345644534,0,10.888631078996696
4,z,7,z,1,normal,0,100000,32924,740,1293,0,0.32924,0.022476005345644534,0,10.888631078996696
4,z,7,x,1,normal,0,100000,32924,740,1293,0,0.32924,0.022476005345644534,0,10.888631078996696
4,z,6,z,1,normal,0,100000,41028,1504,2596,0,0.41028,0.03665789217120019,0,13.560602670011576
4,z,6,x,1,normal,0,100000,41028,1504,2596,0,0.41028,0.03665789217120019,0,13.560602670011576
4,z,6,z,1,normal,0,100000,41028,1504,2596,0,0.41028,0.03665789217120019,0,13.560602670011576
4,z,6,x,1,normal,0,100000,41028,1504,2596,0,0.41028,0.03665789217120019,0,13.560602670011576
4,z,11,x,1,normal,0,100000,25179,300,547,0,0.25179,0.011914690813773388,0,10.333999182999833
4,z,11,z,1,normal,0,100000,25179,300,547,0,0.25179,0.011914690813773388,0,10.333999182999833
4,z,11,x,1,normal,0,100000,25179,300,547,0,0.25179,0.011914690813773388,0,10.333999182999833
4,z,11,z,1,normal,0,100000,25179,300,547,0,0.25179,0.011914690813773388,0,10.333999182999833
4,z,8,z,1,normal,0,100000,100000,587,1012,0,1.0,0.005870000000000042,0,13.5082755649928
4,z,8,z,1,normal,0,100000,100000,587,1012,0,1.0,0.005870000000000042,0,13.5082755649928
4,z,8,z,1,normal,0,100000,100000,587,1012,0,1.0,0.005870000000000042,0,13.5082755649928
4,z,8,x,1,normal,0,100000,100000,587,1012,0,1.0,0.005870000000000042,0,13.5082755649928
4,z,10,z,1,normal,0,100000,44894,1442,2571,0,0.44894,0.03212010513654384,0,12.952084558986826
4,z,10,x,1,normal,0,100000,44894,1442,2571,0,0.44894,0.03212010513654384,0,12.952084558986826
4,z,10,x,1,normal,0,100000,44894,1442,2571,0,0.44894,0.03212010513654384,0,12.952084558986826
4,z,10,z,1,normal,0,100000,44894,1442,2571,0,0.44894,0.03212010513654384,0,12.952084558986826
4,z,13,x,1,normal,0,100000,19859,399,750,0,0.19859,0.02009164610504055,0,9.16464279399952
4,z,13,x,1,normal,0,100000,19859,399,750,0,0.19859,0.02009164610504055,0,9.16464279399952
4,z,13,z,1,normal,0,100000,19859,399,750,0,0.19859,0.02009164610504055,0,9.16464279399952
4,z,13,z,1,normal,0,100000,19859,399,750,0,0.19859,0.02009164610504055,0,9.16464279399952
4,z,12,z,1,normal,0,100000,66275,48,87,0,0.66275,0.0007242549981139046,0,14.064557978999801
4,z,12,z,1,normal,0,100000,66275,48,87,0,0.66275,0.0007242549981139046,0,14.064557978999801
4,z,12,x,1,normal,0,100000,66275,48,87,0,0.66275,0.0007242549981139046,0,14.064557978999801
4,z,12,z,1,normal,0,100000,66275,48,87,0,0.66275,0.0007242549981139046,0,14.064557978999801
4,z,3,x,0.8,normal,0,100000,30390,4840,8653,0,0.3039,0.1592629154327081,0,9.82081330800429
4,z,3,z,0.8,normal,0,100000,30390,4840,8653,0,0.3039,0.1592629154327081,0,9.82081330800429
4,z,3,x,0.8,normal,0,100000,30390,4840,8653,0,0.3039,0.1592629154327081,0,9.82081330800429
4,z,3,x,0.8,normal,0,100000,30390,4840,8653,0,0.3039,0.1592629154327081,0,9.82081330800429
4,z,15,x,1,normal,0,100000,36010,1,2,0,0.3601,2.7770063871113138e-05,0,10.43064001298626
4,z,15,z,1,normal,0,100000,36010,1,2,0,0.3601,2.7770063871113138e-05,0,10.43064001298626
4,z,15,z,1,normal,0,100000,36010,1,2,0,0.3601,2.7770063871113138e-05,0,10.43064001298626
4,z,15,z,1,normal,0,100000,36010,1,2,0,0.3601,2.7770063871113138e-05,0,10.43064001298626
4,z,14,z,1,normal,0,100000,53135,2,4,0,0.53135,3.763997365202609e-05,0,12.485983135993592
4,z,14,x,1,normal,0,100000,53135,2,4,0,0.53135,3.763997365202609e-05,0,12.485983135993592
4,z,14,z,1,normal,0,100000,53135,2,4,0,0.53135,3.763997365202609e-05,0,12.485983135993592
4,z,14,z,1,normal,0,100000,53135,2,4,0,0.53135,3.763997365202609e-05,0,12.485983135993592
4,z,5,x,0.8,normal,0,100000,37233,5331,9912,0,0.37233,0.1431794375956813,0,10.152858699002536
4,z,5,x,0.8,normal,0,100000,37233,5331,9912,0,0.37233,0.1431794375956813,0,10.152858699002536
4,z,5,z,0.8,normal,0,100000,37233,5331,9912,0,0.37233,0.1431794375956813,0,10.152858699002536
4,z,5,x,0.8,normal,0,100000,37233,5331,9912,0,0.37233,0.1431794375956813,0,10.152858699002536
4,z,6,z,0.8,normal,0,100000,48051,1173,2082,0,0.48051,0.024411562714615753,0,14.515197347995127
4,z,6,x,0.8,normal,0,100000,48051,1173,2082,0,0.48051,0.024411562714615753,0,14.515197347995127
4,z,6,z,0.8,normal,0,100000,48051,1173,2082,0,0.48051,0.024411562714615753,0,14.515197347995127
4,z,6,x,0.8,normal,0,100000,48051,1173,2082,0,0.48051,0.024411562714615753,0,14.515197347995127
4,z,4,z,0.8,normal,0,100000,62354,1854,3232,0,0.62354,0.02973345735638455,0,14.423015943000792
4,z,4,z,0.8,normal,0,100000,62354,1854,3232,0,0.62354,0.02973345735638455,0,14.423015943000792
4,z,4,x,0.8,normal,0,100000,62354,1854,3232,0,0.62354,0.02973345735638455,0,14.423015943000792
4,z,4,x,0.8,normal,0,100000,62354,1854,3232,0,0.62354,0.02973345735638455,0,14.423015943000792
4,z,7,x,0.8,normal,0,100000,40130,631,1132,0,0.4013,0.015723897333665637,0,13.057402184989769
4,z,7,z,0.8,normal,0,100000,40130,631,1132,0,0.4013,0.015723897333665637,0,13.057402184989769
4,z,7,z,0.8,normal,0,100000,40130,631,1132,0,0.4013,0.015723897333665637,0,13.057402184989769
4,z,7,x,0.8,normal,0,100000,40130,631,1132,0,0.4013,0.015723897333665637,0,13.057402184989769
4,z,2,z,0.8,normal,0,100000,57350,10681,17546,0,0.5735,0.18624237140366173,0,16.412761921994388
4,z,2,x,0.8,normal,0,100000,57350,10681,17546,0,0.5735,0.18624237140366173,0,16.412761921994388
4,z,2,x,0.8,normal,0,100000,57350,10681,17546,0,0.5735,0.18624237140366173,0,16.412761921994388
4,z,2,x,0.8,normal,0,100000,57350,10681,17546,0,0.5735,0.18624237140366173,0,16.412761921994388
4,z,8,z,0.8,normal,0,100000,100000,254,445,0,1.0,0.0025399999999999867,0,13.285540010983823
4,z,8,z,0.8,normal,0,100000,100000,254,445,0,1.0,0.0025399999999999867,0,13.285540010983823
4,z,8,z,0.8,normal,0,100000,100000,254,445,0,1.0,0.0025399999999999867,0,13.285540010983823
4,z,8,x,0.8,normal,0,100000,100000,254,445,0,1.0,0.0025399999999999867,0,13.285540010983823
4,z,11,x,0.8,normal,0,100000,32833,275,514,0,0.32833,0.008375719550452243,0,9.99935764700058
4,z,11,z,0.8,normal,0,100000,32833,275,514,0,0.32833,0.008375719550452243,0,9.99935764700058
4,z,11,x,0.8,normal,0,100000,32833,275,514,0,0.32833,0.008375719550452243,0,9.99935764700058
4,z,11,z,0.8,normal,0,100000,32833,275,514,0,0.32833,0.008375719550452243,0,9.99935764700058
4,z,9,x,0.8,normal,0,100000,33487,5671,10476,0,0.33487,0.16934929972825274,0,12.764111282012891
4,z,9,x,0.8,normal,0,100000,33487,5671,10476,0,0.33487,0.16934929972825274,0,12.764111282012891
4,z,9,x,0.8,normal,0,100000,33487,5671,10476,0,0.33487,0.16934929972825274,0,12.764111282012891
4,z,9,z,0.8,normal,0,100000,33487,5671,10476,0,0.33487,0.16934929972825274,0,12.764111282012891
4,z,10,z,0.8,normal,0,100000,52641,1142,2050,0,0.52641,0.021694116753101178,0,13.146563943999354
4,z,10,x,0.8,normal,0,100000,52641,1142,2050,0,0.52641,0.021694116753101178,0,13.146563943999354
4,z,10,x,0.8,normal,0,100000,52641,1142,2050,0,0.52641,0.021694116753101178,0,13.146563943999354
4,z,10,z,0.8,normal,0,100000,52641,1142,2050,0,0.52641,0.021694116753101178,0,13.146563943999354
4,z,13,x,0.8,normal,0,100000,27320,342,645,0,0.2732,0.012518301610541682,0,9.956729933997849
4,z,13,x,0.8,normal,0,100000,27320,342,645,0,0.2732,0.012518301610541682,0,9.956729933997849
4,z,13,z,0.8,normal,0,100000,27320,342,645,0,0.2732,0.012518301610541682,0,9.956729933997849
4,z,13,z,0.8,normal,0,100000,27320,342,645,0,0.2732,0.012518301610541682,0,9.956729933997849
4,z,12,z,0.8,normal,0,100000,72104,26,43,0,0.72104,0.00036059025851542525,0,12.476655195001513
4,z,12,z,0.8,normal,0,100000,72104,26,43,0,0.72104,0.00036059025851542525,0,12.476655195001513
4,z,12,x,0.8,normal,0,100000,72104,26,43,0,0.72104,0.00036059025851542525,0,12.476655195001513
4,z,12,z,0.8,normal,0,100000,72104,26,43,0,0.72104,0.00036059025851542525,0,12.476655195001513
4,z,15,x,0.8,normal,0,100000,43937,1,2,0,0.43937,2.2759860709653523e-05,0,10.090192689996911
4,z,15,z,0.8,normal,0,100000,43937,1,2,0,0.43937,2.2759860709653523e-05,0,10.090192689996911
4,z,15,z,0.8,normal,0,100000,43937,1,2,0,0.43937,2.2759860709653523e-05,0,10.090192689996911
4,z,15,z,0.8,normal,0,100000,43937,1,2,0,0.43937,2.2759860709653523e-05,0,10.090192689996911
4,z,3,x,0.5,normal,0,100000,47156,4924,9103,0,0.47156,0.10441937399270507,0,11.134306307008956
4,z,3,z,0.5,normal,0,100000,47156,4924,9103,0,0.47156,0.10441937399270507,0,11.134306307008956
4,z,3,x,0.5,normal,0,100000,47156,4924,9103,0,0.47156,0.10441937399270507,0,11.134306307008956
4,z,3,x,0.5,normal,0,100000,47156,4924,9103,0,0.47156,0.10441937399270507,0,11.134306307008956
4,z,14,z,0.8,normal,0,100000,60132,2,4,0,0.60132,3.326016097915385e-05,0,11.95779425301589
4,z,14,x,0.8,normal,0,100000,60132,2,4,0,0.60132,3.326016097915385e-05,0,11.95779425301589
4,z,14,z,0.8,normal,0,100000,60132,2,4,0,0.60132,3.326016097915385e-05,0,11.95779425301589
4,z,14,z,0.8,normal,0,100000,60132,2,4,0,0.60132,3.326016097915385e-05,0,11.95779425301589
4,z,5,x,0.5,normal,0,100000,53991,5114,9653,0,0.53991,0.09471949028541793,0,11.39093568798853
4,z,5,x,0.5,normal,0,100000,53991,5114,9653,0,0.53991,0.09471949028541793,0,11.39093568798853
4,z,5,z,0.5,normal,0,100000,53991,5114,9653,0,0.53991,0.09471949028541793,0,11.39093568798853
4,z,5,x,0.5,normal,0,100000,53991,5114,9653,0,0.53991,0.09471949028541793,0,11.39093568798853
4,z,2,z,0.5,normal,0,100000,70612,8884,15697,0,0.70612,0.1258143091825752,0,14.371671161992708
4,z,2,x,0.5,normal,0,100000,70612,8884,15697,0,0.70612,0.1258143091825752,0,14.371671161992708
4,z,2,x,0.5,normal,0,100000,70612,8884,15697,0,0.70612,0.1258143091825752,0,14.371671161992708
4,z,2,x,0.5,normal,0,100000,70612,8884,15697,0,0.70612,0.1258143091825752,0,14.371671161992708
4,z,7,x,0.5,normal,0,100000,55273,370,685,0,0.55273,0.00669404591753664,0,11.87998170100036
4,z,7,z,0.5,normal,0,100000,55273,370,685,0,0.55273,0.00669404591753664,0,11.87998170100036
4,z,7,z,0.5,normal,0,100000,55273,370,685,0,0.55273,0.00669404591753664,0,11.87998170100036
4,z,7,x,0.5,normal,0,100000,55273,370,685,0,0.55273,0.00669404591753664,0,11.87998170100036
4,z,6,z,0.5,normal,0,100000,62681,667,1224,0,0.62681,0.010641183133644927,0,14.982340143003967
4,z,6,x,0.5,normal,0,100000,62681,667,1224,0,0.62681,0.010641183133644927,0,14.982340143003967
4,z,6,z,0.5,normal,0,100000,62681,667,1224,0,0.62681,0.010641183133644927,0,14.982340143003967
4,z,6,x,0.5,normal,0,100000,62681,667,1224,0,0.62681,0.010641183133644927,0,14.982340143003967
4,z,4,z,0.5,normal,0,100000,73993,918,1658,0,0.73993,0.012406579000716289,0,16.572132661996875
4,z,4,z,0.5,normal,0,100000,73993,918,1658,0,0.73993,0.012406579000716289,0,16.572132661996875
4,z,4,x,0.5,normal,0,100000,73993,918,1658,0,0.73993,0.012406579000716289,0,16.572132661996875
4,z,4,x,0.5,normal,0,100000,73993,918,1658,0,0.73993,0.012406579000716289,0,16.572132661996875
4,z,8,z,0.5,normal,0,100000,100000,51,100,0,1.0,0.0005100000000000104,0,13.706450587982545
4,z,8,z,0.5,normal,0,100000,100000,51,100,0,1.0,0.0005100000000000104,0,13.706450587982545
4,z,8,z,0.5,normal,0,100000,100000,51,100,0,1.0,0.0005100000000000104,0,13.706450587982545
4,z,8,x,0.5,normal,0,100000,100000,51,100,0,1.0,0.0005100000000000104,0,13.706450587982545
4,z,9,x,0.5,normal,0,100000,49794,5389,9968,0,0.49794,0.10822589066955857,0,12.188412446004804
4,z,9,x,0.5,normal,0,100000,49794,5389,9968,0,0.49794,0.10822589066955857,0,12.188412446004804
4,z,9,x,0.5,normal,0,100000,49794,5389,9968,0,0.49794,0.10822589066955857,0,12.188412446004804
4,z,9,z,0.5,normal,0,100000,49794,5389,9968,0,0.49794,0.10822589066955857,0,12.188412446004804
4,z,11,x,0.5,normal,0,100000,49374,156,300,0,0.49374,0.003159557661927326,0,12.851785495004151
4,z,11,z,0.5,normal,0,100000,49374,156,300,0,0.49374,0.003159557661927326,0,12.851785495004151
4,z,11,x,0.5,normal,0,100000,49374,156,300,0,0.49374,0.003159557661927326,0,12.851785495004151
4,z,11,z,0.5,normal,0,100000,49374,156,300,0,0.49374,0.003159557661927326,0,12.851785495004151
4,z,12,z,0.5,normal,0,100000,81327,5,10,0,0.81327,6.148019722851394e-05,0,11.491328178992262
4,z,12,z,0.5,normal,0,100000,81327,5,10,0,0.81327,6.148019722851394e-05,0,11.491328178992262
4,z,12,x,0.5,normal,0,100000,81327,5,10,0,0.81327,6.148019722851394e-05,0,11.491328178992262
4,z,12,z,0.5,normal,0,100000,81327,5,10,0,0.81327,6.148019722851394e-05,0,11.491328178992262
4,z,13,x,0.5,normal,0,100000,44090,207,396,0,0.4409,0.0046949421637559885,0,11.809884724993026
4,z,13,x,0.5,normal,0,100000,44090,207,396,0,0.4409,0.0046949421637559885,0,11.809884724993026
4,z,13,z,0.5,normal,0,100000,44090,207,396,0,0.4409,0.0046949421637559885,0,11.809884724993026
4,z,13,z,0.5,normal,0,100000,44090,207,396,0,0.4409,0.0046949421637559885,0,11.809884724993026
4,z,15,x,0.5,normal,0,100000,59866,0,0,0,0.59866,0.0,0,9.843278758984525
4,z,15,z,0.5,normal,0,100000,59866,0,0,0,0.59866,0.0,0,9.843278758984525
4,z,15,z,0.5,normal,0,100000,59866,0,0,0,0.59866,0.0,0,9.843278758984525
4,z,15,z,0.5,normal,0,100000,59866,0,0,0,0.59866,0.0,0,9.843278758984525
4,z,10,z,0.5,normal,0,100000,66648,652,1207,0,0.66648,0.009782739166966703,0,18.66167136200238
4,z,10,x,0.5,normal,0,100000,66648,652,1207,0,0.66648,0.009782739166966703,0,18.66167136200238
4,z,10,x,0.5,normal,0,100000,66648,652,1207,0,0.66648,0.009782739166966703,0,18.66167136200238
4,z,10,z,0.5,normal,0,100000,66648,652,1207,0,0.66648,0.009782739166966703,0,18.66167136200238
4,z,14,z,0.5,normal,0,100000,73199,0,0,0,0.73199,0.0,0,11.632065811980283
4,z,14,x,0.5,normal,0,100000,73199,0,0,0,0.73199,0.0,0,11.632065811980283
4,z,14,z,0.5,normal,0,100000,73199,0,0,0,0.73199,0.0,0,11.632065811980283
4,z,14,z,0.5,normal,0,100000,73199,0,0,0,0.73199,0.0,0,11.632065811980283
4,z,3,x,0.3,normal,0,100000,63837,4088,7678,0,0.63837,0.06403809702836916,0,11.97927280201111
4,z,3,z,0.3,normal,0,100000,63837,4088,7678,0,0.63837,0.06403809702836916,0,11.97927280201111
4,z,3,x,0.3,normal,0,100000,63837,4088,7678,0,0.63837,0.06403809702836916,0,11.97927280201111
4,z,3,x,0.3,normal,0,100000,63837,4088,7678,0,0.63837,0.06403809702836916,0,11.97927280201111
4,z,5,x,0.3,normal,0,100000,68843,4029,7698,0,0.68843,0.05852446871867878,0,13.951649940980133
4,z,5,x,0.3,normal,0,100000,68843,4029,7698,0,0.68843,0.05852446871867878,0,13.951649940980133
4,z,5,z,0.3,normal,0,100000,68843,4029,7698,0,0.68843,0.05852446871867878,0,13.951649940980133
4,z,5,x,0.3,normal,0,100000,68843,4029,7698,0,0.68843,0.05852446871867878,0,13.951649940980133
4,z,2,z,0.3,normal,0,100000,81138,6376,11797,0,0.81138,0.07858216865094036,0,14.852998724003555
4,z,2,x,0.3,normal,0,100000,81138,6376,11797,0,0.81138,0.07858216865094036,0,14.852998724003555
4,z,2,x,0.3,normal,0,100000,81138,6376,11797,0,0.81138,0.07858216865094036,0,14.852998724003555
4,z,2,x,0.3,normal,0,100000,81138,6376,11797,0,0.81138,0.07858216865094036,0,14.852998724003555
4,z,4,z,0.3,normal,0,100000,83403,402,760,0,0.83403,0.0048199705046581,0,14.833914653980173
4,z,4,z,0.3,normal,0,100000,83403,402,760,0,0.83403,0.0048199705046581,0,14.833914653980173
4,z,4,x,0.3,normal,0,100000,83403,402,760,0,0.83403,0.0048199705046581,0,14.833914653980173
4,z,4,x,0.3,normal,0,100000,83403,402,760,0,0.83403,0.0048199705046581,0,14.833914653980173
4,z,9,x,0.3,normal,0,100000,65587,4237,7918,0,0.65587,0.0646012167045299,0,12.070554038014961
4,z,9,x,0.3,normal,0,100000,65587,4237,7918,0,0.65587,0.0646012167045299,0,12.070554038014961
4,z,9,x,0.3,normal,0,100000,65587,4237,7918,0,0.65587,0.0646012167045299,0,12.070554038014961
4,z,9,z,0.3,normal,0,100000,65587,4237,7918,0,0.65587,0.0646012167045299,0,12.070554038014961
4,z,8,z,0.3,normal,0,100000,100000,8,16,0,1.0,7.999999999996898e-05,0,13.396514020016184
4,z,8,z,0.3,normal,0,100000,100000,8,16,0,1.0,7.999999999996898e-05,0,13.396514020016184
4,z,8,z,0.3,normal,0,100000,100000,8,16,0,1.0,7.999999999996898e-05,0,13.396514020016184
4,z,8,x,0.3,normal,0,100000,100000,8,16,0,1.0,7.999999999996898e-05,0,13.396514020016184
4,z,7,x,0.3,normal,0,100000,69518,216,415,0,0.69518,0.003107108950199944,0,14.940439125988632
4,z,7,z,0.3,normal,0,100000,69518,216,415,0,0.69518,0.003107108950199944,0,14.940439125988632
4,z,7,z,0.3,normal,0,100000,69518,216,415,0,0.69518,0.003107108950199944,0,14.940439125988632
4,z,7,x,0.3,normal,0,100000,69518,216,415,0,0.69518,0.003107108950199944,0,14.940439125988632
4,z,6,z,0.3,normal,0,100000,75179,304,583,0,0.75179,0.0040436824113117,0,15.700291976012522
4,z,6,x,0.3,normal,0,100000,75179,304,583,0,0.75179,0.0040436824113117,0,15.700291976012522
4,z,6,z,0.3,normal,0,100000,75179,304,583,0,0.75179,0.0040436824113117,0,15.700291976012522
4,z,6,x,0.3,normal,0,100000,75179,304,583,0,0.75179,0.0040436824113117,0,15.700291976012522
4,z,11,x,0.3,normal,0,100000,65266,95,184,0,0.65266,0.0014555817730518283,0,12.84909695701208
4,z,11,z,0.3,normal,0,100000,65266,95,184,0,0.65266,0.0014555817730518283,0,12.84909695701208
4,z,11,x,0.3,normal,0,100000,65266,95,184,0,0.65266,0.0014555817730518283,0,12.84909695701208
4,z,11,z,0.3,normal,0,100000,65266,95,184,0,0.65266,0.0014555817730518283,0,12.84909695701208
4,z,10,z,0.3,normal,0,100000,78188,308,585,0,0.78188,0.003939223410241999,0,14.509317210002337
4,z,10,x,0.3,normal,0,100000,78188,308,585,0,0.78188,0.003939223410241999,0,14.509317210002337
4,z,10,x,0.3,normal,0,100000,78188,308,585,0,0.78188,0.003939223410241999,0,14.509317210002337
4,z,10,z,0.3,normal,0,100000,78188,308,585,0,0.78188,0.003939223410241999,0,14.509317210002337
4,z,12,z,0.3,normal,0,100000,88375,1,2,0,0.88375,1.1315417255963744e-05,0,10.413386745989555
4,z,12,z,0.3,normal,0,100000,88375,1,2,0,0.88375,1.1315417255963744e-05,0,10.413386745989555
4,z,12,x,0.3,normal,0,100000,88375,1,2,0,0.88375,1.1315417255963744e-05,0,10.413386745989555
4,z,12,z,0.3,normal,0,100000,88375,1,2,0,0.88375,1.1315417255963744e-05,0,10.413386745989555
4,z,14,z,0.3,normal,0,100000,83048,0,0,0,0.83048,0.0,0,10.252401843987172
4,z,14,x,0.3,normal,0,100000,83048,0,0,0,0.83048,0.0,0,10.252401843987172
4,z,14,z,0.3,normal,0,100000,83048,0,0,0,0.83048,0.0,0,10.252401843987172
4,z,14,z,0.3,normal,0,100000,83048,0,0,0,0.83048,0.0,0,10.252401843987172
4,z,13,x,0.3,normal,0,100000,60921,110,219,0,0.60921,0.0018056171106842767,0,13.065069012984168
4,z,13,x,0.3,normal,0,100000,60921,110,219,0,0.60921,0.0018056171106842767,0,13.065069012984168
4,z,13,z,0.3,normal,0,100000,60921,110,219,0,0.60921,0.0018056171106842767,0,13.065069012984168
4,z,13,z,0.3,normal,0,100000,60921,110,219,0,0.60921,0.0018056171106842767,0,13.065069012984168
4,z,15,x,0.3,normal,0,100000,73342,0,0,0,0.73342,0.0,0,11.26248537999345
4,z,15,z,0.3,normal,0,100000,73342,0,0,0,0.73342,0.0,0,11.26248537999345
4,z,15,z,0.3,normal,0,100000,73342,0,0,0,0.73342,0.0,0,11.26248537999345
4,z,15,z,0.3,normal,0,100000,73342,0,0,0,0.73342,0.0,0,11.26248537999345
4,z,3,x,0.1,normal,0,100000,86094,1912,3668,0,0.86094,0.02220828396868535,0,13.347613271005685
4,z,3,z,0.1,normal,0,100000,86094,1912,3668,0,0.86094,0.02220828396868535,0,13.347613271005685
4,z,3,x,0.1,normal,0,100000,86094,1912,3668,0,0.86094,0.02220828396868535,0,13.347613271005685
4,z,3,x,0.1,normal,0,100000,86094,1912,3668,0,0.86094,0.02220828396868535,0,13.347613271005685
4,z,8,z,0.1,normal,0,100000,100000,0,0,0,1.0,0.0,0,9.72393626399571
4,z,8,z,0.1,normal,0,100000,100000,0,0,0,1.0,0.0,0,9.72393626399571
4,z,8,z,0.1,normal,0,100000,100000,0,0,0,1.0,0.0,0,9.72393626399571
4,z,8,x,0.1,normal,0,100000,100000,0,0,0,1.0,0.0,0,9.72393626399571
4,z,5,x,0.1,normal,0,100000,88428,1713,3268,0,0.88428,0.019371692224182335,0,14.928782699018484
4,z,5,x,0.1,normal,0,100000,88428,1713,3268,0,0.88428,0.019371692224182335,0,14.928782699018484
4,z,5,z,0.1,normal,0,100000,88428,1713,3268,0,0.88428,0.019371692224182335,0,14.928782699018484
4,z,5,x,0.1,normal,0,100000,88428,1713,3268,0,0.88428,0.019371692224182335,0,14.928782699018484
4,z,4,z,0.1,normal,0,100000,94055,57,112,0,0.94055,0.000606028387645563,0,15.646288168994943
4,z,4,z,0.1,normal,0,100000,94055,57,112,0,0.94055,0.000606028387645563,0,15.646288168994943
4,z,4,x,0.1,normal,0,100000,94055,57,112,0,0.94055,0.000606028387645563,0,15.646288168994943
4,z,4,x,0.1,normal,0,100000,94055,57,112,0,0.94055,0.000606028387645563,0,15.646288168994943
4,z,6,z,0.1,normal,0,100000,90880,66,128,0,0.9088,0.0007262323943661997,0,15.57572849400458
4,z,6,x,0.1,normal,0,100000,90880,66,128,0,0.9088,0.0007262323943661997,0,15.57572849400458
4,z,6,z,0.1,normal,0,100000,90880,66,128,0,0.9088,0.0007262323943661997,0,15.57572849400458
4,z,6,x,0.1,normal,0,100000,90880,66,128,0,0.9088,0.0007262323943661997,0,15.57572849400458
4,z,2,z,0.1,normal,0,100000,93178,2560,4975,0,0.93178,0.027474296507759344,0,16.347547676006798
4,z,2,x,0.1,normal,0,100000,93178,2560,4975,0,0.93178,0.027474296507759344,0,16.347547676006798
4,z,2,x,0.1,normal,0,100000,93178,2560,4975,0,0.93178,0.027474296507759344,0,16.347547676006798
4,z,2,x,0.1,normal,0,100000,93178,2560,4975,0,0.93178,0.027474296507759344,0,16.347547676006798
4,z,7,x,0.1,normal,0,100000,88424,62,119,0,0.88424,0.000701167103953626,0,16.051122973993188
4,z,7,z,0.1,normal,0,100000,88424,62,119,0,0.88424,0.000701167103953626,0,16.051122973993188
4,z,7,z,0.1,normal,0,100000,88424,62,119,0,0.88424,0.000701167103953626,0,16.051122973993188
4,z,7,x,0.1,normal,0,100000,88424,62,119,0,0.88424,0.000701167103953626,0,16.051122973993188
4,z,9,x,0.1,normal,0,100000,86868,1894,3566,0,0.86868,0.0218031956531749,0,13.24599034700077
4,z,9,x,0.1,normal,0,100000,86868,1894,3566,0,0.86868,0.0218031956531749,0,13.24599034700077
4,z,9,x,0.1,normal,0,100000,86868,1894,3566,0,0.86868,0.0218031956531749,0,13.24599034700077
4,z,9,z,0.1,normal,0,100000,86868,1894,3566,0,0.86868,0.0218031956531749,0,13.24599034700077
4,z,10,z,0.1,normal,0,100000,92240,71,132,0,0.9224,0.0007697311361665182,0,15.64162282901816
4,z,10,x,0.1,normal,0,100000,92240,71,132,0,0.9224,0.0007697311361665182,0,15.64162282901816
4,z,10,x,0.1,normal,0,100000,92240,71,132,0,0.9224,0.0007697311361665182,0,15.64162282901816
4,z,10,z,0.1,normal,0,100000,92240,71,132,0,0.9224,0.0007697311361665182,0,15.64162282901816
4,z,12,z,0.1,normal,0,100000,95953,0,0,0,0.95953,0.0,0,8.622526513005141
4,z,12,z,0.1,normal,0,100000,95953,0,0,0,0.95953,0.0,0,8.622526513005141
4,z,12,x,0.1,normal,0,100000,95953,0,0,0,0.95953,0.0,0,8.622526513005141
4,z,12,z,0.1,normal,0,100000,95953,0,0,0,0.95953,0.0,0,8.622526513005141
4,z,11,x,0.1,normal,0,100000,86815,22,45,0,0.86815,0.0002534124287277839,0,17.590308209997602
4,z,11,z,0.1,normal,0,100000,86815,22,45,0,0.86815,0.0002534124287277839,0,17.590308209997602
4,z,11,x,0.1,normal,0,100000,86815,22,45,0,0.86815,0.0002534124287277839,0,17.590308209997602
4,z,11,z,0.1,normal,0,100000,86815,22,45,0,0.86815,0.0002534124287277839,0,17.590308209997602
4,z,14,z,0.1,normal,0,100000,93818,0,0,0,0.93818,0.0,0,8.78691693698056
4,z,14,x,0.1,normal,0,100000,93818,0,0,0,0.93818,0.0,0,8.78691693698056
4,z,14,z,0.1,normal,0,100000,93818,0,0,0,0.93818,0.0,0,8.78691693698056
4,z,14,z,0.1,normal,0,100000,93818,0,0,0,0.93818,0.0,0,8.78691693698056
4,z,15,x,0.1,normal,0,100000,90317,0,0,0,0.90317,0.0,0,8.75616509700194
4,z,15,z,0.1,normal,0,100000,90317,0,0,0,0.90317,0.0,0,8.75616509700194
4,z,15,z,0.1,normal,0,100000,90317,0,0,0,0.90317,0.0,0,8.75616509700194
4,z,15,z,0.1,normal,0,100000,90317,0,0,0,0.90317,0.0,0,8.75616509700194
4,z,8,z,1,m1,0,100000,100000,65,114,0,1.0,0.0006500000000000394,0,1.2442365780007094
4,z,8,z,1,m1,0,100000,100000,65,114,0,1.0,0.0006500000000000394,0,1.2442365780007094
4,z,8,z,1,m1,0,100000,100000,65,114,0,1.0,0.0006500000000000394,0,1.2442365780007094
4,z,8,x,1,m1,0,100000,100000,65,114,0,1.0,0.0006500000000000394,0,1.2442365780007094
4,z,3,x,1,m1,0,100000,35373,7194,12686,0,0.35373,0.20337545585616146,0,11.266890962986508
4,z,3,z,1,m1,0,100000,35373,7194,12686,0,0.35373,0.20337545585616146,0,11.266890962986508
4,z,3,x,1,m1,0,100000,35373,7194,12686,0,0.35373,0.20337545585616146,0,11.266890962986508
4,z,3,x,1,m1,0,100000,35373,7194,12686,0,0.35373,0.20337545585616146,0,11.266890962986508
4,z,13,x,0.1,normal,0,100000,84848,18,35,0,0.84848,0.0002121440693947374,0,14.802209679008229
4,z,13,x,0.1,normal,0,100000,84848,18,35,0,0.84848,0.0002121440693947374,0,14.802209679008229
4,z,13,z,0.1,normal,0,100000,84848,18,35,0,0.84848,0.0002121440693947374,0,14.802209679008229
4,z,13,z,0.1,normal,0,100000,84848,18,35,0,0.84848,0.0002121440693947374,0,14.802209679008229
4,z,5,x,1,m1,0,100000,35182,6564,12393,0,0.35182,0.1865726792109601,0,11.176505451003322
4,z,5,x,1,m1,0,100000,35182,6564,12393,0,0.35182,0.1865726792109601,0,11.176505451003322
4,z,5,z,1,m1,0,100000,35182,6564,12393,0,0.35182,0.1865726792109601,0,11.176505451003322
4,z,5,x,1,m1,0,100000,35182,6564,12393,0,0.35182,0.1865726792109601,0,11.176505451003322
4,z,2,z,1,m1,0,100000,56306,9852,16555,0,0.56306,0.1749724718502469,0,13.499644983996404
4,z,2,x,1,m1,0,100000,56306,9852,16555,0,0.56306,0.1749724718502469,0,13.499644983996404
4,z,2,x,1,m1,0,100000,56306,9852,16555,0,0.56306,0.1749724718502469,0,13.499644983996404
4,z,2,x,1,m1,0,100000,56306,9852,16555,0,0.56306,0.1749724718502469,0,13.499644983996404
4,z,4,z,1,m1,0,100000,63586,3517,5786,0,0.63586,0.05531091749756234,0,13.693077809002716
4,z,4,z,1,m1,0,100000,63586,3517,5786,0,0.63586,0.05531091749756234,0,13.693077809002716
4,z,4,x,1,m1,0,100000,63586,3517,5786,0,0.63586,0.05531091749756234,0,13.693077809002716
4,z,4,x,1,m1,0,100000,63586,3517,5786,0,0.63586,0.05531091749756234,0,13.693077809002716
4,z,7,x,1,m1,0,100000,29690,734,1318,0,0.2969,0.024722128662849396,0,9.745432155003073
4,z,7,z,1,m1,0,100000,29690,734,1318,0,0.2969,0.024722128662849396,0,9.745432155003073
4,z,7,z,1,m1,0,100000,29690,734,1318,0,0.2969,0.024722128662849396,0,9.745432155003073
4,z,7,x,1,m1,0,100000,29690,734,1318,0,0.2969,0.024722128662849396,0,9.745432155003073
4,z,9,x,1,m1,0,100000,28300,6214,11479,0,0.283,0.21957597173144872,0,9.668477478990098
4,z,9,x,1,m1,0,100000,28300,6214,11479,0,0.283,0.21957597173144872,0,9.668477478990098
4,z,9,x,1,m1,0,100000,28300,6214,11479,0,0.283,0.21957597173144872,0,9.668477478990098
4,z,9,z,1,m1,0,100000,28300,6214,11479,0,0.283,0.21957597173144872,0,9.668477478990098
4,z,14,z,1,m1,0,100000,58161,10,18,0,0.58161,0.00017193652103641988,0,4.488461769011337
4,z,14,x,1,m1,0,100000,58161,10,18,0,0.58161,0.00017193652103641988,0,4.488461769011337
4,z,14,z,1,m1,0,100000,58161,10,18,0,0.58161,0.00017193652103641988,0,4.488461769011337
4,z,14,z,1,m1,0,100000,58161,10,18,0,0.58161,0.00017193652103641988,0,4.488461769011337
4,z,6,z,1,m1,0,100000,59483,2151,3818,0,0.59483,0.03616159238774108,0,13.4876740440086
4,z,6,x,1,m1,0,100000,59483,2151,3818,0,0.59483,0.03616159238774108,0,13.4876740440086
4,z,6,z,1,m1,0,100000,59483,2151,3818,0,0.59483,0.03616159238774108,0,13.4876740440086
4,z,6,x,1,m1,0,100000,59483,2151,3818,0,0.59483,0.03616159238774108,0,13.4876740440086
4,z,12,z,1,m1,0,100000,22430,296,463,0,0.2243,0.013196611680784676,0,8.183354851003969
4,z,12,z,1,m1,0,100000,22430,296,463,0,0.2243,0.013196611680784676,0,8.183354851003969
4,z,12,x,1,m1,0,100000,22430,296,463,0,0.2243,0.013196611680784676,0,8.183354851003969
4,z,12,z,1,m1,0,100000,22430,296,463,0,0.2243,0.013196611680784676,0,8.183354851003969
4,z,11,x,1,m1,0,100000,35956,507,914,0,0.35956,0.014100567360106786,0,10.783956855011638
4,z,11,z,1,m1,0,100000,35956,507,914,0,0.35956,0.014100567360106786,0,10.783956855011638
4,z,11,x,1,m1,0,100000,35956,507,914,0,0.35956,0.014100567360106786,0,10.783956855011638
4,z,11,z,1,m1,0,100000,35956,507,914,0,0.35956,0.014100567360106786,0,10.783956855011638
4,z,15,x,1,m1,0,100000,41112,5,10,0,0.41112,0.00012161899202178805,0,5.635098478989676
4,z,15,z,1,m1,0,100000,41112,5,10,0,0.41112,0.00012161899202178805,0,5.635098478989676
4,z,15,z,1,m1,0,100000,41112,5,10,0,0.41112,0.00012161899202178805,0,5.635098478989676
4,z,15,z,1,m1,0,100000,41112,5,10,0,0.41112,0.00012161899202178805,0,5.635098478989676
4,z,10,z,1,m1,0,100000,59573,2386,4181,0,0.59573,0.0400517012740671,0,12.372309898986714
4,z,10,x,1,m1,0,100000,59573,2386,4181,0,0.59573,0.0400517012740671,0,12.372309898986714
4,z,10,x,1,m1,0,100000,59573,2386,4181,0,0.59573,0.0400517012740671,0,12.372309898986714
4,z,10,z,1,m1,0,100000,59573,2386,4181,0,0.59573,0.0400517012740671,0,12.372309898986714
4,z,13,x,1,m1,0,100000,33113,400,763,0,0.33113,0.012079847793917797,0,10.434276707004756
4,z,13,x,1,m1,0,100000,33113,400,763,0,0.33113,0.012079847793917797,0,10.434276707004756
4,z,13,z,1,m1,0,100000,33113,400,763,0,0.33113,0.012079847793917797,0,10.434276707004756
4,z,13,z,1,m1,0,100000,33113,400,763,0,0.33113,0.012079847793917797,0,10.434276707004756
4,z,8,z,0.8,m1,0,100000,100000,25,48,0,1.0,0.00024999999999997247,0,1.0509641359967645
4,z,8,z,0.8,m1,0,100000,100000,25,48,0,1.0,0.00024999999999997247,0,1.0509641359967645
4,z,8,z,0.8,m1,0,100000,100000,25,48,0,1.0,0.00024999999999997247,0,1.0509641359967645
4,z,8,x,0.8,m1,0,100000,100000,25,48,0,1.0,0.00024999999999997247,0,1.0509641359967645
4,z,3,x,0.8,m1,0,100000,43720,7506,13410,0,0.4372,0.17168344007319303,0,11.381770533975214
4,z,3,z,0.8,m1,0,100000,43720,7506,13410,0,0.4372,0.17168344007319303,0,11.381770533975214
4,z,3,x,0.8,m1,0,100000,43720,7506,13410,0,0.4372,0.17168344007319303,0,11.381770533975214
4,z,3,x,0.8,m1,0,100000,43720,7506,13410,0,0.4372,0.17168344007319303,0,11.381770533975214
4,z,5,x,0.8,m1,0,100000,42896,6676,12645,0,0.42896,0.15563222678105182,0,11.252307079994353
4,z,5,x,0.8,m1,0,100000,42896,6676,12645,0,0.42896,0.15563222678105182,0,11.252307079994353
4,z,5,z,0.8,m1,0,100000,42896,6676,12645,0,0.42896,0.15563222678105182,0,11.252307079994353
4,z,5,x,0.8,m1,0,100000,42896,6676,12645,0,0.42896,0.15563222678105182,0,11.252307079994353
4,z,4,z,0.8,m1,0,100000,69716,2663,4576,0,0.69716,0.03819783120087206,0,12.450754255987704
4,z,4,z,0.8,m1,0,100000,69716,2663,4576,0,0.69716,0.03819783120087206,0,12.450754255987704
4,z,4,x,0.8,m1,0,100000,69716,2663,4576,0,0.69716,0.03819783120087206,0,12.450754255987704
4,z,4,x,0.8,m1,0,100000,69716,2663,4576,0,0.69716,0.03819783120087206,0,12.450754255987704
4,z,2,z,0.8,m1,0,100000,63039,9075,15738,0,0.63039,0.14395850187978865,0,15.014748721994692
4,z,2,x,0.8,m1,0,100000,63039,9075,15738,0,0.63039,0.14395850187978865,0,15.014748721994692
4,z,2,x,0.8,m1,0,100000,63039,9075,15738,0,0.63039,0.14395850187978865,0,15.014748721994692
4,z,2,x,0.8,m1,0,100000,63039,9075,15738,0,0.63039,0.14395850187978865,0,15.014748721994692
4,z,7,x,0.8,m1,0,100000,37299,624,1147,0,0.37299,0.016729671036757043,0,11.361422854999546
4,z,7,z,0.8,m1,0,100000,37299,624,1147,0,0.37299,0.016729671036757043,0,11.361422854999546
4,z,7,z,0.8,m1,0,100000,37299,624,1147,0,0.37299,0.016729671036757043,0,11.361422854999546
4,z,7,x,0.8,m1,0,100000,37299,624,1147,0,0.37299,0.016729671036757043,0,11.361422854999546
4,z,6,z,0.8,m1,0,100000,65570,1680,2997,0,0.6557,0.02562147323471098,0,14.117932306980947
4,z,6,x,0.8,m1,0,100000,65570,1680,2997,0,0.6557,0.02562147323471098,0,14.117932306980947
4,z,6,z,0.8,m1,0,100000,65570,1680,2997,0,0.6557,0.02562147323471098,0,14.117932306980947
4,z,6,x,0.8,m1,0,100000,65570,1680,2997,0,0.6557,0.02562147323471098,0,14.117932306980947
4,z,12,z,0.8,m1,0,100000,25509,162,267,0,0.25509,0.006350699753028377,0,7.86148074400262
4,z,12,z,0.8,m1,0,100000,25509,162,267,0,0.25509,0.006350699753028377,0,7.86148074400262
4,z,12,x,0.8,m1,0,100000,25509,162,267,0,0.25509,0.006350699753028377,0,7.86148074400262
4,z,12,z,0.8,m1,0,100000,25509,162,267,0,0.25509,0.006350699753028377,0,7.86148074400262
4,z,9,x,0.8,m1,0,100000,35961,6315,11562,0,0.35961,0.1756069074831067,0,12.464061125996523
4,z,9,x,0.8,m1,0,100000,35961,6315,11562,0,0.35961,0.1756069074831067,0,12.464061125996523
4,z,9,x,0.8,m1,0,100000,35961,6315,11562,0,0.35961,0.1756069074831067,0,12.464061125996523
4,z,9,z,0.8,m1,0,100000,35961,6315,11562,0,0.35961,0.1756069074831067,0,12.464061125996523
4,z,14,z,0.8,m1,0,100000,65464,2,3,0,0.65464,3.055114261274472e-05,0,3.6051173569867387
4,z,14,x,0.8,m1,0,100000,65464,2,3,0,0.65464,3.055114261274472e-05,0,3.6051173569867387
4,z,14,z,0.8,m1,0,100000,65464,2,3,0,0.65464,3.055114261274472e-05,0,3.6051173569867387
4,z,14,z,0.8,m1,0,100000,65464,2,3,0,0.65464,3.055114261274472e-05,0,3.6051173569867387
4,z,10,z,0.8,m1,0,100000,65523,1809,3170,0,0.65523,0.02760862597866398,0,12.150433293019887
4,z,10,x,0.8,m1,0,100000,65523,1809,3170,0,0.65523,0.02760862597866398,0,12.150433293019887
4,z,10,x,0.8,m1,0,100000,65523,1809,3170,0,0.65523,0.02760862597866398,0,12.150433293019887
4,z,10,z,0.8,m1,0,100000,65523,1809,3170,0,0.65523,0.02760862597866398,0,12.150433293019887
4,z,15,x,0.8,m1,0,100000,49473,6,9,0,0.49473,0.00012127827299734939,0,4.021125345025212
4,z,15,z,0.8,m1,0,100000,49473,6,9,0,0.49473,0.00012127827299734939,0,4.021125345025212
4,z,15,z,0.8,m1,0,100000,49473,6,9,0,0.49473,0.00012127827299734939,0,4.021125345025212
4,z,15,z,0.8,m1,0,100000,49473,6,9,0,0.49473,0.00012127827299734939,0,4.021125345025212
4,z,11,x,0.8,m1,0,100000,44040,428,805,0,0.4404,0.009718437783832856,0,13.671899589011446
4,z,11,z,0.8,m1,0,100000,44040,428,805,0,0.4404,0.009718437783832856,0,13.671899589011446
4,z,11,x,0.8,m1,0,100000,44040,428,805,0,0.4404,0.009718437783832856,0,13.671899589011446
4,z,11,z,0.8,m1,0,100000,44040,428,805,0,0.4404,0.009718437783832856,0,13.671899589011446
4,z,8,z,0.5,m1,0,100000,100000,4,7,0,1.0,4.0000000000040004e-05,0,0.9169600560271647
4,z,8,z,0.5,m1,0,100000,100000,4,7,0,1.0,4.0000000000040004e-05,0,0.9169600560271647
4,z,8,z,0.5,m1,0,100000,100000,4,7,0,1.0,4.0000000000040004e-05,0,0.9169600560271647
4,z,8,x,0.5,m1,0,100000,100000,4,7,0,1.0,4.0000000000040004e-05,0,0.9169600560271647
4,z,13,x,0.8,m1,0,100000,41226,320,620,0,0.41226,0.007762091883762645,0,9.769001971988473
4,z,13,x,0.8,m1,0,100000,41226,320,620,0,0.41226,0.007762091883762645,0,9.769001971988473
4,z,13,z,0.8,m1,0,100000,41226,320,620,0,0.41226,0.007762091883762645,0,9.769001971988473
4,z,13,z,0.8,m1,0,100000,41226,320,620,0,0.41226,0.007762091883762645,0,9.769001971988473
4,z,3,x,0.5,m1,0,100000,59650,6792,12431,0,0.5965,0.11386420787929585,0,11.64389412800665
4,z,3,z,0.5,m1,0,100000,59650,6792,12431,0,0.5965,0.11386420787929585,0,11.64389412800665
4,z,3,x,0.5,m1,0,100000,59650,6792,12431,0,0.5965,0.11386420787929585,0,11.64389412800665
4,z,3,x,0.5,m1,0,100000,59650,6792,12431,0,0.5965,0.11386420787929585,0,11.64389412800665
4,z,5,x,0.5,m1,0,100000,58870,5990,11421,0,0.5887,0.10174961780193648,0,12.24180117098149
4,z,5,x,0.5,m1,0,100000,58870,5990,11421,0,0.5887,0.10174961780193648,0,12.24180117098149
4,z,5,z,0.5,m1,0,100000,58870,5990,11421,0,0.5887,0.10174961780193648,0,12.24180117098149
4,z,5,x,0.5,m1,0,100000,58870,5990,11421,0,0.5887,0.10174961780193648,0,12.24180117098149
4,z,7,x,0.5,m1,0,100000,53160,363,694,0,0.5316,0.006828442437923243,0,11.370927158015547
4,z,7,z,0.5,m1,0,100000,53160,363,694,0,0.5316,0.006828442437923243,0,11.370927158015547
4,z,7,z,0.5,m1,0,100000,53160,363,694,0,0.5316,0.006828442437923243,0,11.370927158015547
4,z,7,x,0.5,m1,0,100000,53160,363,694,0,0.5316,0.006828442437923243,0,11.370927158015547
4,z,12,z,0.5,m1,0,100000,36772,37,66,0,0.36772,0.001006200369846666,0,6.234856098977616
4,z,12,z,0.5,m1,0,100000,36772,37,66,0,0.36772,0.001006200369846666,0,6.234856098977616
4,z,12,x,0.5,m1,0,100000,36772,37,66,0,0.36772,0.001006200369846666,0,6.234856098977616
4,z,12,z,0.5,m1,0,100000,36772,37,66,0,0.36772,0.001006200369846666,0,6.234856098977616
4,z,4,z,0.5,m1,0,100000,79637,1312,2363,0,0.79637,0.016474754197169705,0,11.507791801006533
4,z,4,z,0.5,m1,0,100000,79637,1312,2363,0,0.79637,0.016474754197169705,0,11.507791801006533
4,z,4,x,0.5,m1,0,100000,79637,1312,2363,0,0.79637,0.016474754197169705,0,11.507791801006533
4,z,4,x,0.5,m1,0,100000,79637,1312,2363,0,0.79637,0.016474754197169705,0,11.507791801006533
4,z,2,z,0.5,m1,0,100000,75045,7054,12960,0,0.75045,0.09399693517222996,0,14.281807334016776
4,z,2,x,0.5,m1,0,100000,75045,7054,12960,0,0.75045,0.09399693517222996,0,14.281807334016776
4,z,2,x,0.5,m1,0,100000,75045,7054,12960,0,0.75045,0.09399693517222996,0,14.281807334016776
4,z,2,x,0.5,m1,0,100000,75045,7054,12960,0,0.75045,0.09399693517222996,0,14.281807334016776
4,z,6,z,0.5,m1,0,100000,76827,876,1638,0,0.76827,0.011402241399507962,0,14.550886949000414
4,z,6,x,0.5,m1,0,100000,76827,876,1638,0,0.76827,0.011402241399507962,0,14.550886949000414
4,z,6,z,0.5,m1,0,100000,76827,876,1638,0,0.76827,0.011402241399507962,0,14.550886949000414
4,z,6,x,0.5,m1,0,100000,76827,876,1638,0,0.76827,0.011402241399507962,0,14.550886949000414
4,z,14,z,0.5,m1,0,100000,76535,1,2,0,0.76535,1.3065917554011541e-05,0,2.6448188109789044
4,z,14,x,0.5,m1,0,100000,76535,1,2,0,0.76535,1.3065917554011541e-05,0,2.6448188109789044
4,z,14,z,0.5,m1,0,100000,76535,1,2,0,0.76535,1.3065917554011541e-05,0,2.6448188109789044
4,z,14,z,0.5,m1,0,100000,76535,1,2,0,0.76535,1.3065917554011541e-05,0,2.6448188109789044
4,z,11,x,0.5,m1,0,100000,59609,266,503,0,0.59609,0.004462413393950593,0,13.211194641975453
4,z,11,z,0.5,m1,0,100000,59609,266,503,0,0.59609,0.004462413393950593,0,13.211194641975453
4,z,11,x,0.5,m1,0,100000,59609,266,503,0,0.59609,0.004462413393950593,0,13.211194641975453
4,z,11,z,0.5,m1,0,100000,59609,266,503,0,0.59609,0.004462413393950593,0,13.211194641975453
4,z,15,x,0.5,m1,0,100000,64694,2,3,0,0.64694,3.0914767984668856e-05,0,2.7347640070074704
4,z,15,z,0.5,m1,0,100000,64694,2,3,0,0.64694,3.0914767984668856e-05,0,2.7347640070074704
4,z,15,z,0.5,m1,0,100000,64694,2,3,0,0.64694,3.0914767984668856e-05,0,2.7347640070074704
4,z,15,z,0.5,m1,0,100000,64694,2,3,0,0.64694,3.0914767984668856e-05,0,2.7347640070074704
4,z,10,z,0.5,m1,0,100000,76752,936,1692,0,0.76752,0.012195121951219523,0,12.6125141060038
4,z,10,x,0.5,m1,0,100000,76752,936,1692,0,0.76752,0.012195121951219523,0,12.6125141060038
4,z,10,x,0.5,m1,0,100000,76752,936,1692,0,0.76752,0.012195121951219523,0,12.6125141060038
4,z,10,z,0.5,m1,0,100000,76752,936,1692,0,0.76752,0.012195121951219523,0,12.6125141060038
4,z,9,x,0.5,m1,0,100000,51796,5606,10323,0,0.51796,0.10823229593018768,0,14.24297694300185
4,z,9,x,0.5,m1,0,100000,51796,5606,10323,0,0.51796,0.10823229593018768,0,14.24297694300185
4,z,9,x,0.5,m1,0,100000,51796,5606,10323,0,0.51796,0.10823229593018768,0,14.24297694300185
4,z,9,z,0.5,m1,0,100000,51796,5606,10323,0,0.51796,0.10823229593018768,0,14.24297694300185
4,z,8,z,0.3,m1,0,100000,100000,0,1,0,1.0,0.0,0,0.5020425780094229
4,z,8,z,0.3,m1,0,100000,100000,0,1,0,1.0,0.0,0,0.5020425780094229
4,z,8,z,0.3,m1,0,100000,100000,0,1,0,1.0,0.0,0,0.5020425780094229
4,z,8,x,0.3,m1,0,100000,100000,0,1,0,1.0,0.0,0,0.5020425780094229
4,z,13,x,0.5,m1,0,100000,57555,191,362,0,0.57555,0.003318564851012118,0,10.501876096997876
4,z,13,x,0.5,m1,0,100000,57555,191,362,0,0.57555,0.003318564851012118,0,10.501876096997876
4,z,13,z,0.5,m1,0,100000,57555,191,362,0,0.57555,0.003318564851012118,0,10.501876096997876
4,z,13,z,0.5,m1,0,100000,57555,191,362,0,0.57555,0.003318564851012118,0,10.501876096997876
4,z,3,x,0.3,m1,0,100000,73137,5212,9641,0,0.73137,0.07126351914899431,0,12.398154549009632
4,z,3,z,0.3,m1,0,100000,73137,5212,9641,0,0.73137,0.07126351914899431,0,12.398154549009632
4,z,3,x,0.3,m1,0,100000,73137,5212,9641,0,0.73137,0.07126351914899431,0,12.398154549009632
4,z,3,x,0.3,m1,0,100000,73137,5212,9641,0,0.73137,0.07126351914899431,0,12.398154549009632
4,z,4,z,0.3,m1,0,100000,87103,552,1041,0,0.87103,0.006337324776414133,0,10.634328246989753
4,z,4,z,0.3,m1,0,100000,87103,552,1041,0,0.87103,0.006337324776414133,0,10.634328246989753
4,z,4,x,0.3,m1,0,100000,87103,552,1041,0,0.87103,0.006337324776414133,0,10.634328246989753
4,z,4,x,0.3,m1,0,100000,87103,552,1041,0,0.87103,0.006337324776414133,0,10.634328246989753
4,z,12,z,0.3,m1,0,100000,52172,8,17,0,0.52172,0.00015333895576175038,0,3.249122890003491
4,z,12,z,0.3,m1,0,100000,52172,8,17,0,0.52172,0.00015333895576175038,0,3.249122890003491
4,z,12,x,0.3,m1,0,100000,52172,8,17,0,0.52172,0.00015333895576175038,0,3.249122890003491
4,z,12,z,0.3,m1,0,100000,52172,8,17,0,0.52172,0.00015333895576175038,0,3.249122890003491
4,z,5,x,0.3,m1,0,100000,72564,4516,8686,0,0.72564,0.0622347169395292,0,13.11892113200156
4,z,5,x,0.3,m1,0,100000,72564,4516,8686,0,0.72564,0.0622347169395292,0,13.11892113200156
4,z,5,z,0.3,m1,0,100000,72564,4516,8686,0,0.72564,0.0622347169395292,0,13.11892113200156
4,z,5,x,0.3,m1,0,100000,72564,4516,8686,0,0.72564,0.0622347169395292,0,13.11892113200156
4,z,2,z,0.3,m1,0,100000,84264,4950,9431,0,0.84264,0.05874394759327828,0,14.549191629019333
4,z,2,x,0.3,m1,0,100000,84264,4950,9431,0,0.84264,0.05874394759327828,0,14.549191629019333
4,z,2,x,0.3,m1,0,100000,84264,4950,9431,0,0.84264,0.05874394759327828,0,14.549191629019333
4,z,2,x,0.3,m1,0,100000,84264,4950,9431,0,0.84264,0.05874394759327828,0,14.549191629019333
4,z,7,x,0.3,m1,0,100000,68102,196,375,0,0.68102,0.002878035887345476,0,13.019777545996476
4,z,7,z,0.3,m1,0,100000,68102,196,375,0,0.68102,0.002878035887345476,0,13.019777545996476
4,z,7,z,0.3,m1,0,100000,68102,196,375,0,0.68102,0.002878035887345476,0,13.019777545996476
4,z,7,x,0.3,m1,0,100000,68102,196,375,0,0.68102,0.002878035887345476,0,13.019777545996476
4,z,10,z,0.3,m1,0,100000,85028,406,776,0,0.85028,0.004774897680764001,0,11.8368355279963
4,z,10,x,0.3,m1,0,100000,85028,406,776,0,0.85028,0.004774897680764001,0,11.8368355279963
4,z,10,x,0.3,m1,0,100000,85028,406,776,0,0.85028,0.004774897680764001,0,11.8368355279963
4,z,10,z,0.3,m1,0,100000,85028,406,776,0,0.85028,0.004774897680764001,0,11.8368355279963
4,z,14,z,0.3,m1,0,100000,84973,0,0,0,0.84973,0.0,0,1.5917749750078656
4,z,14,x,0.3,m1,0,100000,84973,0,0,0,0.84973,0.0,0,1.5917749750078656
4,z,14,z,0.3,m1,0,100000,84973,0,0,0,0.84973,0.0,0,1.5917749750078656
4,z,14,z,0.3,m1,0,100000,84973,0,0,0,0.84973,0.0,0,1.5917749750078656
4,z,6,z,0.3,m1,0,100000,85287,418,777,0,0.85287,0.004901098643404045,0,14.651931456988677
4,z,6,x,0.3,m1,0,100000,85287,418,777,0,0.85287,0.004901098643404045,0,14.651931456988677
4,z,6,z,0.3,m1,0,100000,85287,418,777,0,0.85287,0.004901098643404045,0,14.651931456988677
4,z,6,x,0.3,m1,0,100000,85287,418,777,0,0.85287,0.004901098643404045,0,14.651931456988677
4,z,15,x,0.3,m1,0,100000,77162,0,0,0,0.77162,0.0,0,1.8399664500029758
4,z,15,z,0.3,m1,0,100000,77162,0,0,0,0.77162,0.0,0,1.8399664500029758
4,z,15,z,0.3,m1,0,100000,77162,0,0,0,0.77162,0.0,0,1.8399664500029758
4,z,15,z,0.3,m1,0,100000,77162,0,0,0,0.77162,0.0,0,1.8399664500029758
4,z,9,x,0.3,m1,0,100000,66793,4286,7920,0,0.66793,0.06416840088033182,0,14.771673539013136
4,z,9,x,0.3,m1,0,100000,66793,4286,7920,0,0.66793,0.06416840088033182,0,14.771673539013136
4,z,9,x,0.3,m1,0,100000,66793,4286,7920,0,0.66793,0.06416840088033182,0,14.771673539013136
4,z,9,z,0.3,m1,0,100000,66793,4286,7920,0,0.66793,0.06416840088033182,0,14.771673539013136
4,z,8,z,0.1,m1,0,100000,100000,0,0,0,1.0,0.0,0,0.31333216800703667
4,z,8,z,0.1,m1,0,100000,100000,0,0,0,1.0,0.0,0,0.31333216800703667
4,z,8,z,0.1,m1,0,100000,100000,0,0,0,1.0,0.0,0,0.31333216800703667
4,z,8,x,0.1,m1,0,100000,100000,0,0,0,1.0,0.0,0,0.31333216800703667
4,z,11,x,0.3,m1,0,100000,73177,144,270,0,0.73177,0.0019678314224415017,0,15.034840817010263
4,z,11,z,0.3,m1,0,100000,73177,144,270,0,0.73177,0.0019678314224415017,0,15.034840817010263
4,z,11,x,0.3,m1,0,100000,73177,144,270,0,0.73177,0.0019678314224415017,0,15.034840817010263
4,z,11,z,0.3,m1,0,100000,73177,144,270,0,0.73177,0.0019678314224415017,0,15.034840817010263
4,z,13,x,0.3,m1,0,100000,71701,73,144,0,0.71701,0.0010181169021352687,0,9.219650120008737
4,z,13,x,0.3,m1,0,100000,71701,73,144,0,0.71701,0.0010181169021352687,0,9.219650120008737
4,z,13,z,0.3,m1,0,100000,71701,73,144,0,0.71701,0.0010181169021352687,0,9.219650120008737
4,z,13,z,0.3,m1,0,100000,71701,73,144,0,0.71701,0.0010181169021352687,0,9.219650120008737
4,z,12,z,0.1,m1,0,100000,79430,0,0,0,0.7943,0.0,0,1.7940593189850915
4,z,12,z,0.1,m1,0,100000,79430,0,0,0,0.7943,0.0,0,1.7940593189850915
4,z,12,x,0.1,m1,0,100000,79430,0,0,0,0.7943,0.0,0,1.7940593189850915
4,z,12,z,0.1,m1,0,100000,79430,0,0,0,0.7943,0.0,0,1.7940593189850915
4,z,3,x,0.1,m1,0,100000,90006,2270,4239,0,0.90006,0.025220540852831985,0,13.580084222980076
4,z,3,z,0.1,m1,0,100000,90006,2270,4239,0,0.90006,0.025220540852831985,0,13.580084222980076
4,z,3,x,0.1,m1,0,100000,90006,2270,4239,0,0.90006,0.025220540852831985,0,13.580084222980076
4,z,3,x,0.1,m1,0,100000,90006,2270,4239,0,0.90006,0.025220540852831985,0,13.580084222980076
4,z,4,z,0.1,m1,0,100000,95645,69,134,0,0.95645,0.0007214177426942969,0,12.586603770992951
4,z,4,z,0.1,m1,0,100000,95645,69,134,0,0.95645,0.0007214177426942969,0,12.586603770992951
4,z,4,x,0.1,m1,0,100000,95645,69,134,0,0.95645,0.0007214177426942969,0,12.586603770992951
4,z,4,x,0.1,m1,0,100000,95645,69,134,0,0.95645,0.0007214177426942969,0,12.586603770992951
4,z,5,x,0.1,m1,0,100000,89905,1946,3741,0,0.89905,0.021645069795895644,0,13.594250961992657
4,z,5,x,0.1,m1,0,100000,89905,1946,3741,0,0.89905,0.021645069795895644,0,13.594250961992657
4,z,5,z,0.1,m1,0,100000,89905,1946,3741,0,0.89905,0.021645069795895644,0,13.594250961992657
4,z,5,x,0.1,m1,0,100000,89905,1946,3741,0,0.89905,0.021645069795895644,0,13.594250961992657
4,z,10,z,0.1,m1,0,100000,94702,110,212,0,0.94702,0.0011615382990856071,0,10.05602403098601
4,z,10,x,0.1,m1,0,100000,94702,110,212,0,0.94702,0.0011615382990856071,0,10.05602403098601
4,z,10,x,0.1,m1,0,100000,94702,110,212,0,0.94702,0.0011615382990856071,0,10.05602403098601
4,z,10,z,0.1,m1,0,100000,94702,110,212,0,0.94702,0.0011615382990856071,0,10.05602403098601
4,z,7,x,0.1,m1,0,100000,87829,42,82,0,0.87829,0.0004782019606280885,0,14.088455591001548
4,z,7,z,0.1,m1,0,100000,87829,42,82,0,0.87829,0.0004782019606280885,0,14.088455591001548
4,z,7,z,0.1,m1,0,100000,87829,42,82,0,0.87829,0.0004782019606280885,0,14.088455591001548
4,z,7,x,0.1,m1,0,100000,87829,42,82,0,0.87829,0.0004782019606280885,0,14.088455591001548
4,z,2,z,0.1,m1,0,100000,94490,1906,3722,0,0.9449,0.020171446713938,0,14.766879810980754
4,z,2,x,0.1,m1,0,100000,94490,1906,3722,0,0.9449,0.020171446713938,0,14.766879810980754
4,z,2,x,0.1,m1,0,100000,94490,1906,3722,0,0.9449,0.020171446713938,0,14.766879810980754
4,z,2,x,0.1,m1,0,100000,94490,1906,3722,0,0.9449,0.020171446713938,0,14.766879810980754
4,z,14,z,0.1,m1,0,100000,94887,0,0,0,0.94887,0.0,0,0.8281123820052017
4,z,14,x,0.1,m1,0,100000,94887,0,0,0,0.94887,0.0,0,0.8281123820052017
4,z,14,z,0.1,m1,0,100000,94887,0,0,0,0.94887,0.0,0,0.8281123820052017
4,z,14,z,0.1,m1,0,100000,94887,0,0,0,0.94887,0.0,0,0.8281123820052017
4,z,9,x,0.1,m1,0,100000,87188,1786,3272,0,0.87188,0.02048447033995504,0,12.903941199008841
4,z,9,x,0.1,m1,0,100000,87188,1786,3272,0,0.87188,0.02048447033995504,0,12.903941199008841
4,z,9,x,0.1,m1,0,100000,87188,1786,3272,0,0.87188,0.02048447033995504,0,12.903941199008841
4,z,9,z,0.1,m1,0,100000,87188,1786,3272,0,0.87188,0.02048447033995504,0,12.903941199008841
4,z,15,x,0.1,m1,0,100000,91652,0,0,0,0.91652,0.0,0,0.7077880870201625
4,z,15,z,0.1,m1,0,100000,91652,0,0,0,0.91652,0.0,0,0.7077880870201625
4,z,15,z,0.1,m1,0,100000,91652,0,0,0,0.91652,0.0,0,0.7077880870201625
4,z,15,z,0.1,m1,0,100000,91652,0,0,0,0.91652,0.0,0,0.7077880870201625
4,z,6,z,0.1,m1,0,100000,94748,96,180,0,0.94748,0.0010132139992400369,0,15.23364095701254
4,z,6,x,0.1,m1,0,100000,94748,96,180,0,0.94748,0.0010132139992400369,0,15.23364095701254
4,z,6,z,0.1,m1,0,100000,94748,96,180,0,0.94748,0.0010132139992400369,0,15.23364095701254
4,z,6,x,0.1,m1,0,100000,94748,96,180,0,0.94748,0.0010132139992400369,0,15.23364095701254
4,z,11,x,0.1,m1,0,100000,90135,44,84,0,0.90135,0.00048815665390800067,0,12.926669235021109
4,z,11,z,0.1,m1,0,100000,90135,44,84,0,0.90135,0.00048815665390800067,0,12.926669235021109
4,z,11,x,0.1,m1,0,100000,90135,44,84,0,0.90135,0.00048815665390800067,0,12.926669235021109
4,z,11,z,0.1,m1,0,100000,90135,44,84,0,0.90135,0.00048815665390800067,0,12.926669235021109
4,z,13,x,0.1,m1,0,100000,89642,12,25,0,0.89642,0.00013386582182461915,0,6.570566815993516
4,z,13,x,0.1,m1,0,100000,89642,12,25,0,0.89642,0.00013386582182461915,0,6.570566815993516
4,z,13,z,0.1,m1,0,100000,89642,12,25,0,0.89642,0.00013386582182461915,0,6.570566815993516
4,z,13,z,0.1,m1,0,100000,89642,12,25,0,0.89642,0.00013386582182461915,0,6.570566815993516
