n,lstate,i,p_error,sim_type,shots,prep_rate,count_accept,LER,eff,N_samples,prep_rate_SEM,prep_rate_SD,LER_SEM,LER_SD,eff_SEM,eff_SD,skip,s_l,CNOT,hadamard,meas,cost,cost_SEM,count_logerror,count_undecided,count_detect_discard,total_meta_shots,detect_normal,decoding_normal
3,x,2,0.1,m1,112500000,0.9839473777777779,110694080,8.499088422975232e-06,0.9839390133333333,1125,0.0001109518296722651,0.0018986926023609409,4.2179957432730377e-07,7.218157049053517e-06,0.00011089762400311917,0.0018977649934759195,0,1,20,20,16,1.0,0.0,1.0,1880,0,0,0,67.30864660495348
3,x,2,0.1,normal,112500000,0.9809906488888889,110361448,8.968769569241446e-06,0.9809818488888888,1125,0.00015614687218661448,0.002672104750126846,5.139025445098518e-07,8.79429354592454e-06,0.00015610921270134764,0.0026714602922004098,0,1,24,24,24,1.0,0.0,11.0,1958,0,0,0,485.9854483749077
3,x,2,0.3,m1,112500000,0.9526053422222223,107168101,7.848588078688623e-05,0.9525305244444444,1125,0.00031812753646930753,0.005444041814234044,2.150096462872775e-06,3.679409578442892e-05,0.0003175840248644905,0.005434740827793246,0,1,20,20,16,1.0,0.0,48.0,16738,0,0,0,137.94163850506806
3,x,2,0.3,normal,112500000,0.9441297066666666,106214592,7.901429404313774e-05,0.9440550622222221,1125,0.0004462085865674909,0.007635862742670988,2.6995536305399785e-06,4.619682724587049e-05,0.00044586135350704436,0.0076299206248608325,0,1,24,24,24,1.0,0.0,106.0,16583,0,0,0,1212.6516696519466
3,x,2,0.5,m1,112500000,0.9223137866666667,103760301,0.00021958590380835837,0.9221110088888889,1125,0.000514047921150098,0.008796781342225033,5.3944363574307985e-06,9.231372241462973e-05,0.0005124424758213486,0.008769307733378784,0,1,20,20,16,1.0,0.0,238.0,45149,0,0,0,211.2240228858827
3,x,2,0.5,normal,112500000,0.9086760711111111,102226058,0.0002233728757417178,0.9084728755555556,1125,0.0007165095409106995,0.012261459489822633,7.0593067718645034e-06,0.00012080425879525736,0.0007154317147666155,0.012243014904163716,0,1,24,24,24,1.0,0.0,426.0,44867,0,0,0,1622.5684278577755
3,x,2,0.8,m1,112500000,0.8787084711111111,98854703,0.0005611133705751735,0.87821444,1125,0.0007752115830088067,0.013266013749129434,1.3202981488774367e-05,0.0002259395212849811,0.0007711618486932157,0.013196711596931919,0,1,20,20,16,1.0,0.0,887.0,109383,0,0,0,342.3305842969093
3,x,2,0.8,normal,112500000,0.8580787022222222,96533854,0.0005687425672780689,0.8575899644444445,1125,0.001083115392864307,0.018535099331027916,1.7192778253597066e-05,0.00029421597625349353,0.00108071563597874,0.018494032855066685,0,1,24,24,24,1.0,0.0,1347.0,107272,0,0,0,2034.3620570741805
3,x,2,1.0,m1,112500000,0.8508679288888888,95722642,0.0008787555199815181,0.8501183288888888,1125,0.0009423072290677985,0.016125482295038747,2.0345072414393596e-05,0.00034816044586025396,0.000935934320838982,0.016016424213298942,0,1,20,20,16,1.0,0.0,1547.0,165566,0,0,0,444.26332168599396
3,x,2,1.0,normal,112500000,0.8259956266666667,92924508,0.0008891749690756842,0.8252598844444444,1125,0.0013013647295206118,0.02226994896986262,2.6851145379391327e-05,0.0004594973444544519,0.0012976935908188055,0.022207125635484538,0,1,24,24,24,1.0,0.0,2179.0,161184,0,0,0,2363.264337653971
3,x,3,0.1,m1,112500000,0.9937671288888889,111798802,7.418316753760847e-05,0.9936934,1125,3.930523012150619e-05,0.000672621171604287,4.008725536624574e-06,6.860037859463167e-05,3.880170312095274e-05,0.000664004432305225,1,0,12,12,8,1.0,0.0,71.0,16447,0,0,0,90.95159264393801
3,x,3,0.1,normal,112500000,0.9931436177777777,111728657,0.00019944892954412407,0.9929455377777778,1125,2.0415591127565148e-05,0.0003493672160363055,1.9481656011581015e-06,3.333850037461422e-05,2.0738471686403495e-05,0.0003548925952060172,1,0,16,16,16,1.0,0.0,132.0,44304,0,0,0,488.49721684502583
3,x,3,0.3,m1,112500000,0.9814128355555555,110408944,0.000272798867767708,0.9811450266666666,1125,0.00010830842155189716,0.001853456580043969,1.1692061771827297e-05,0.00020008350703264646,0.00010637759806731198,0.0018204148512371925,1,0,12,12,8,1.0,0.0,487.0,59283,0,0,0,128.97385280593875
3,x,3,0.3,normal,112500000,0.9796229244444445,110207579,0.0006563519434384862,0.97897996,1125,4.469711558559638e-05,0.000764891241180297,3.872279295751043e-06,6.62654061211557e-05,4.578512470679561e-05,0.0007835100857349498,1,0,16,16,16,1.0,0.0,1395.0,141877,0,0,0,914.1659436468763
3,x,3,0.5,m1,112500000,0.9692975911111112,109045979,0.0005410389167044481,0.9687729111111112,1125,0.0001745346532886435,0.0029867705294599296,1.9735791629750982e-05,0.0003377339668920502,0.00017066861278994253,0.0029206118864074093,1,0,12,12,8,1.0,0.0,1557.0,114939,0,0,0,149.0061951989191
3,x,3,0.5,normal,112500000,0.9663870666666666,108718545,0.0011730633871445074,0.9652534844444446,1125,6.924504432589092e-05,0.001184974180237333,5.869038317007947e-06,0.00010043547428097496,7.17794862814894e-05,0.0012283454901690606,1,0,16,16,16,1.0,0.0,3599.0,247858,0,0,0,1265.1833433640677
3,x,3,0.8,m1,112500000,0.9515097422222223,107044846,0.0010696822253998298,0.9504912488888888,1125,0.00027120853803443373,0.004641128013698962,3.201741954511007e-05,0.0005479065808698711,0.00026441893087240654,0.004524939060983562,1,0,12,12,8,1.0,0.0,3942.0,221277,0,0,0,192.01527987373623
3,x,3,0.8,normal,112500000,0.9469404622222222,106530802,0.0020840677958342815,0.9449671244444445,1125,0.00010280708137404012,0.0017593134376584657,9.302986654432255e-06,0.0001591998256613561,0.00010757285714299286,0.0018408690390735141,1,0,16,16,16,1.0,0.0,9779.0,424443,0,0,0,1263.279471983904
3,x,3,1.0,m1,112500000,0.9399323466666667,105742389,0.0015027388723720821,0.9385187155555555,1125,0.00033160224563629225,0.005674631347456626,4.037884636063773e-05,0.0006909937141485148,0.000321969527738043,0.005509788908462512,1,0,12,12,8,1.0,0.0,6403.0,305261,0,0,0,202.2426494570645
3,x,3,1.0,normal,112500000,0.9342727377777778,105105683,0.0027707524591562963,0.9316843600000001,1125,0.0001237974158027883,0.0021185161008202146,1.182008272773147e-05,0.0002022742995832554,0.0001304578666655398,0.0022324948321205415,1,0,16,16,16,1.0,0.0,14776.0,552833,0,0,0,921.7514068427736
3,x,4,0.1,m1,112500000,0.9835172,110645685,0.005265297863265126,0.9783378888888888,1125,0.00010378429600542225,0.0017760362821307451,5.851437167093351e-05,0.0010013426993639944,9.289462732140882e-05,0.0015896839395549436,0,1,20,12,16,1.0,0.0,47297.0,1070751,0,0,0,557.7289525090782
3,x,4,0.1,normal,112500000,0.980322951111111,110286332,0.005145992118297044,0.975277568888889,1125,0.000159510200488594,0.002729660597426911,9.5004500502419e-05,0.0016257897037639422,0.00017186869572800574,0.0029411486238677185,0,1,24,16,24,1.0,0.0,34158.0,1066895,0,0,0,2429.3529847148748
3,x,4,0.3,m1,112500000,0.9515399644444444,107048246,0.015701734371442084,0.9365924888888888,1125,0.00029400148077447655,0.00503117828952036,0.00017029900768204093,0.00291428692100359,0.0002601197287850654,0.004451367825399604,0,1,20,12,16,1.0,0.0,138915.0,3085352,0,0,0,1253.841993100992
3,x,4,0.3,normal,112500000,0.9425645244444444,106038509,0.015536569781869717,0.9279152311111112,1125,0.00044995743484419897,0.00770001590275302,0.00027938570938946774,0.004781062026557534,0.00048309326846361807,0.00826706164099902,0,1,24,16,24,1.0,0.0,108060.0,3079971,0,0,0,3622.626016780079
3,x,4,0.5,m1,112500000,0.9209058933333333,103601913,0.026151549532997895,0.8968053688888888,1125,0.00047100797187543485,0.008060248798911592,0.0002780014673380705,0.004757373817443468,0.0004124776712668697,0.007058633511379074,0,1,20,12,16,1.0,0.0,229738.0,4963142,0,0,0,1002.6423089347554
3,x,4,0.5,normal,112500000,0.9067619288888888,102010717,0.026022430585744508,0.8831543377777777,1125,0.0007056430395379894,0.012075503604003947,0.0004581237308493382,0.007839763808303094,0.0007585706535788965,0.012981241432185127,0,1,24,16,24,1.0,0.0,190449.0,4930810,0,0,0,5112.884258757236
3,x,4,0.8,m1,112500000,0.8773151555555556,98697955,0.04166868935007822,0.840718568888889,1125,0.0007063397004259606,0.012087425398157792,0.00043179840650988055,0.007389264715807505,0.0006122127127736892,0.010476652365700431,0,1,20,12,16,1.0,0.0,362140.0,7509952,0,0,0,1472.8595829047918
3,x,4,0.8,normal,112500000,0.8566343644444444,96371366,0.04190357699041194,0.8207179066666667,1125,0.001040666835512312,0.0178086871387892,0.0007130918047117857,0.0122029725729609,0.0011179571374802999,0.019131337923497665,0,1,24,16,24,1.0,0.0,319900.0,7441403,0,0,0,4442.576742189209
3,x,4,1.0,m1,112500000,0.8497636000000001,95598405,0.051907543603496684,0.8055969644444445,1125,0.0008453787075063987,0.014466767270779737,0.000529494113999247,0.009061108412665862,0.0007304101234328462,0.012499336893748898,0,1,20,12,16,1.0,0.0,446798.0,9043897,0,0,0,1511.5640186410965
3,x,4,1.0,normal,112500000,0.8254953688888889,92868229,0.05262081654783984,0.7820311066666666,1125,0.00122773991145961,0.02101002475035659,0.0008734115107442268,0.014946486048634279,0.0013141575804917892,0.022488870023925703,0,1,24,16,24,1.0,0.0,410665.0,8958129,0,0,0,4902.564900954494
3,x,5,0.1,m1,112500000,1.0,112500000,7.053333333333334e-06,0.9999929466666666,1125,0.0,0.0,3.5231313007209106e-07,6.0290518485223545e-06,3.523131300719509e-07,6.029051848519956e-06,2,-1,4,4,0,1.0,0.0,2.0,1583,0,0,0,25.72275284791607
3,x,5,0.1,normal,112500000,1.0,112500000,2.3302222222222223e-05,0.9999766977777776,1125,0.0,0.0,6.393669703557979e-07,1.0941336798089212e-05,6.393669703527214e-07,1.0941336798036563e-05,2,-1,8,8,8,1.0,0.0,3.0,5237,0,0,0,295.26354317501676
3,x,5,0.3,m1,112500000,1.0,112500000,6.363555555555556e-05,0.9999363644444444,1125,0.0,0.0,1.1349314625764143e-06,1.9421815562174394e-05,1.1349314625764564e-06,1.9421815562175115e-05,2,-1,4,4,0,1.0,0.0,27.0,14264,0,0,0,31.80671163188521
3,x,5,0.3,normal,112500000,1.0,112500000,0.00021251111111111111,0.9997874888888889,1125,0.0,0.0,2.4727416577568064e-06,4.231544722606943e-05,2.4727416577567234e-06,4.231544722606801e-05,2,-1,8,8,8,1.0,0.0,251.0,47313,0,0,0,406.58818811505625
3,x,5,0.5,m1,112500000,1.0,112500000,0.00017393777777777777,0.9998260622222221,1125,0.0,0.0,2.311792165393105e-06,3.9561156364824635e-05,2.3117921653921236e-06,3.9561156364807844e-05,2,-1,4,4,0,1.0,0.0,159.0,38818,0,0,0,37.8388533560464
3,x,5,0.5,normal,112500000,1.0,112500000,0.0005842488888888889,0.9994157511111113,1125,0.0,0.0,5.2410882014257395e-06,8.968951143719435e-05,5.241088201426014e-06,8.968951143719906e-05,2,-1,8,8,8,1.0,0.0,1145.0,129166,0,0,0,431.65235096596734
3,x,5,0.8,m1,112500000,1.0,112500000,0.00043979555555555554,0.9995602044444444,1125,0.0,0.0,4.5391113829299036e-06,7.767674701281385e-05,4.5391113829304406e-06,7.767674701282304e-05,2,-1,4,4,0,1.0,0.0,681.0,97592,0,0,0,45.416036606853545
3,x,5,0.8,normal,112500000,1.0,112500000,0.0014651555555555557,0.9985348444444444,1125,0.0,0.0,1.1743978386631976e-05,0.00020097194386834748,1.174397838663191e-05,0.00020097194386834634,2,-1,8,8,8,1.0,0.0,4238.0,321184,0,0,0,481.9696929458987
3,x,5,1.0,m1,112500000,1.0,112500000,0.00068196,0.9993180399999999,1125,0.0,0.0,6.456116919069295e-06,0.000110482012513205,6.456116919069428e-06,0.00011048201251320726,2,-1,4,4,0,1.0,0.0,1375.0,150691,0,0,0,48.20751411084343
3,x,5,1.0,normal,112500000,1.0,112500000,0.002261777777777778,0.9977382222222222,1125,0.0,0.0,1.7336398884353246e-05,0.0002966737223760105,1.7336398884349563e-05,0.0002966737223759475,2,-1,8,8,8,1.0,0.0,8355.0,492190,0,0,0,570.3194806738684
3,x,6,0.1,m1,112500000,0.9833836533333334,110630661,0.005444333169337484,0.9780288666666667,1125,0.00010823605434141202,0.0018522181769675397,6.008186918860429e-05,0.0010281669162319081,9.45985072127809e-05,0.0016188420359524152,0,1,20,12,16,1.0,0.0,27277.0,1150273,0,0,0,931.4912603240409
3,x,6,0.1,normal,112500000,0.9805073866666666,110307081,0.005755160395320928,0.9748638533333334,1125,0.0001472609303909071,0.0025200417151831603,9.153544406337962e-05,0.0015664245556863245,0.00016058120972017886,0.0027479885268632902,0,1,24,16,24,1.0,0.0,46893.0,1176009,0,0,0,5849.327618184037
3,x,6,0.3,m1,112500000,0.9511882666666667,107008680,0.016255347285108638,0.9357184933333333,1125,0.00030924707569005163,0.005292072574637588,0.00017483758132372408,0.002991954465776745,0.0002647033335404806,0.004529805977045775,0,1,20,12,16,1.0,0.0,88124.0,3304451,0,0,0,1613.6311453951967
3,x,6,0.3,normal,112500000,0.9428757244444446,106073519,0.01722852712686228,0.9266270533333334,1125,0.0004127294147675606,0.00706294153878039,0.00026857200273947815,0.004596009604429078,0.00044869513508151925,0.007678414463385671,0,1,24,16,24,1.0,0.0,145352.0,3365247,0,0,0,6725.45580827304
3,x,6,0.5,m1,112500000,0.9203465155555556,103538983,0.026926855661075194,0.895543808888889,1125,0.0004905213023076929,0.008394175839579535,0.00028759956561754047,0.004921623819032385,0.0004151764187324784,0.007104816542913816,0,1,20,12,16,1.0,0.0,155700.0,5269209,0,0,0,2209.416417045817
3,x,6,0.5,normal,112500000,0.9070522844444444,102043382,0.028628174933857414,0.8810738933333333,1125,0.0006552428189672483,0.011213016466678742,0.00044079248728411574,0.00754317830769256,0.0007055880199616882,0.012074562066916938,0,1,24,16,24,1.0,0.0,249504.0,5346130,0,0,0,9947.690208205135
3,x,6,0.8,m1,112500000,0.8763478222222222,98589130,0.042765655896768444,0.8388228577777778,1125,0.0007353331553184987,0.012583583582154903,0.0004443117304330137,0.007603402289148832,0.0006154619570384358,0.010532255919665797,0,1,20,12,16,1.0,0.0,266241.0,7910635,0,0,0,3154.438224729849
3,x,6,0.8,normal,112500000,0.8566447644444445,96372536,0.04558145950948523,0.8175743466666666,1125,0.0009718556076242819,0.016631136757364214,0.000681889945714135,0.011669022488192198,0.0010348166042969194,0.017708573506021015,0,1,24,16,24,1.0,0.0,411560.0,7967724,0,0,0,9624.839737202026
3,x,6,1.0,m1,112500000,0.8485960977777778,95467061,0.053165913563474824,0.803409911111111,1125,0.0008823445840090025,0.015099355633338547,0.0005443814031121661,0.009315871094736115,0.0007306606819731428,0.012503624643201296,0,1,20,12,16,1.0,0.0,344863.0,9477166,0,0,0,2840.0023921910433
3,x,6,1.0,normal,112500000,0.8251072355555555,92824564,0.05678858675783145,0.7782180666666666,1125,0.0011530162594500248,0.01973129644356727,0.0008354957969034808,0.014297643342792408,0.0012181667780679487,0.020846201967029337,0,1,24,16,24,1.0,0.0,522453.0,9505157,0,0,0,8856.235427215957
3,x,7,0.1,m1,112500000,0.9939636977777778,111820916,0.003964234892114782,0.9900232355555555,1125,3.6796646079629634e-05,0.0006296923620769362,2.732402551260119e-05,0.00046758963111057246,3.1953850911435175e-05,0.0005468187457719081,1,0,12,4,8,1.0,0.0,1758.0,883088,0,0,0,327.253706270254
3,x,7,0.1,normal,112500000,0.9951892444444445,111958790,0.005081360471280306,0.9901323377777778,1125,1.482226681110667e-05,0.000253649970690869,1.9952500427850374e-05,0.00034144245365638065,2.5884932483848514e-05,0.0004429627701036562,1,0,16,8,16,1.0,0.0,2835.0,1132134,0,0,0,1724.5211591989973
3,x,7,0.3,m1,112500000,0.9820556977777778,110481266,0.011804456238143938,0.9704616977777779,1125,0.00010208751452143555,0.0017469996591116847,7.835628938604161e-05,0.0013408927770293443,8.390925534385893e-05,0.0014359193792621637,1,0,12,4,8,1.0,0.0,14934.0,2578782,0,0,0,427.9283871446896
3,x,7,0.3,normal,112500000,0.9856365688888888,110884114,0.015104284024582866,0.9707492755555555,1125,2.9626364344697686e-05,0.0005069890148029594,5.34454487301322e-05,0.0009145994115960873,6.244598483714275e-05,0.0010686234720747882,1,0,16,8,16,1.0,0.0,24748.0,3300145,0,0,0,2535.922533985082
3,x,7,0.5,m1,112500000,0.9703665333333333,109166235,0.01956909158123491,0.9513737288888888,1125,0.00016452048958861805,0.0028154004980486965,0.00012686729186240508,0.002171050168818701,0.00013307421199925263,0.0022772677353256154,1,0,12,4,8,1.0,0.0,41251.0,4190879,0,0,0,490.04533376917243
3,x,7,0.5,normal,112500000,0.9762520888888889,109828360,0.02501907978094347,0.9518272711111111,1125,4.488493900809941e-05,0.0007681054192962419,8.644622593797253e-05,0.001479333961190909,9.876275802141758e-05,0.00169010388199938,1,0,16,8,16,1.0,0.0,67483.0,5360618,0,0,0,3137.18609738498
3,x,7,0.8,m1,112500000,0.9531861600000001,107233443,0.03105408911394528,0.9235767866666668,1125,0.00025630077229804376,0.004386014919980516,0.00020058296715781815,0.003432529206837927,0.00020305905654416695,0.0034749019429571237,1,0,12,4,8,1.0,0.0,102081.0,6457947,0,0,0,612.6728821919496
3,x,7,0.8,normal,112500000,0.9624035733333333,108270402,0.03953558990512914,0.9243546222222222,1125,6.385628183551771e-05,0.001092757553377061,0.00013281518933425804,0.002272835141295199,0.0001469884809843537,0.002515379352477934,1,0,16,8,16,1.0,0.0,166838.0,8227338,0,0,0,4497.390476552999
3,x,7,1.0,m1,112500000,0.9419435644444445,105968651,0.03857817962342173,0.9055915422222223,1125,0.000313503132085725,0.0053649054681334934,0.00024638770429869265,0.004216374915550973,0.00024697186074475956,0.004226371447613986,1,0,12,4,8,1.0,0.0,155907.0,7867391,0,0,0,753.60253173007
3,x,7,1.0,normal,112500000,0.9532588177777778,107241617,0.04901050114654771,0.9065395555555555,1125,7.519499667928832e-05,0.0012867943174190788,0.00016407135653784895,0.002807714589637001,0.00017943030447805037,0.003070548658441879,1,0,16,8,16,1.0,0.0,253593.0,10004648,0,0,0,4832.704130881826
3,z,2,0.1,m1,112500000,0.9937879377777777,111801143,0.003875099426838907,0.9899367600000001,1125,3.9296595076951336e-05,0.0006724734021148987,2.697517241876524e-05,0.000461619790049514,3.509228687311775e-05,0.0006005260632720522,1,0,12,12,8,1.0,0.0,1631.0,863253,0,0,0,266.01655560798457
3,z,2,0.1,normal,112500000,0.9930808533333333,111721596,0.00406743115901983,0.9890415466666667,1125,2.504052816290352e-05,0.0004285126772812515,1.7305343541132588e-05,0.0002961422795813219,2.8126189433919914e-05,0.0004813168738950096,1,0,16,16,16,1.0,0.0,1778.0,905288,0,0,0,1095.9372902900104
3,z,2,0.3,m1,112500000,0.9815287111111112,110421980,0.011572648812209433,0.9701685511111112,1125,0.0001077195934715686,0.0018433801034010455,7.774664486798213e-05,0.001330460073576606,9.341525768868713e-05,0.0015985933647517678,1,0,12,12,8,1.0,0.0,14491.0,2527054,0,0,0,331.4814573432122
3,z,2,0.3,normal,112500000,0.9794533422222222,110188501,0.012154834676871892,0.9675481155555555,1125,6.283669592112408e-05,0.0010753096190901828,4.637059331461969e-05,0.0007935290725139304,7.094856428895574e-05,0.0012141261172662174,1,0,16,16,16,1.0,0.0,15779.0,2647118,0,0,0,2454.128017025836
3,z,2,0.5,m1,112500000,0.9694536799999999,109063539,0.01917730954060199,0.9508587066666666,1125,0.0001729340369755317,0.002959379558424115,0.00012735334343011776,0.002179367855139945,0.0001468501782375365,0.0025130126100542747,1,0,12,12,8,1.0,0.0,39875.0,4104119,0,0,0,463.57183026409984
3,z,2,0.5,normal,112500000,0.9660700444444444,108682880,0.020119881362765168,0.9466324577777777,1125,9.944865961221487e-05,0.001701841554827681,7.588076464669182e-05,0.0012985297035816253,0.00011161873957621532,0.001910105274912731,1,0,16,16,16,1.0,0.0,42990.0,4287477,0,0,0,2526.81382950021
3,z,2,0.8,m1,112500000,0.9517456977777777,107071391,0.030413845825688884,0.9227909066666666,1125,0.00027193061035440654,0.004653484667720366,0.0001990237081479746,0.003405845973619515,0.00022725364126240306,0.0038889381887531964,1,0,12,12,8,1.0,0.0,97319.0,6320190,0,0,0,473.4394018622879
3,z,2,0.8,normal,112500000,0.9465064711111112,106481978,0.03192897433274225,0.9162844400000001,1125,0.0001511435223599188,0.0025864835996597282,0.00011764725402944277,0.0020132698268572964,0.00016497062489883565,0.002823103557890938,1,0,16,16,16,1.0,0.0,105586.0,6588785,0,0,0,2459.624774884087
3,z,2,1.0,m1,112500000,0.9402362044444446,105776573,0.037820205655501676,0.9046634977777778,1125,0.0003313943679789687,0.005671073985930256,0.0002462210927146838,0.004213523730645239,0.0002766114557964484,0.004733586876398241,1,0,12,12,8,1.0,0.0,149382.0,7705095,0,0,0,619.63362405714
3,z,2,1.0,normal,112500000,0.9337274844444445,105044342,0.0397154671575166,0.8966424755555555,1125,0.0001838268421774854,0.0031457855754947663,0.00014606518733590226,0.0024995792451223383,0.0002000346999443663,0.0034231468387834934,1,0,16,16,16,1.0,0.0,161288.0,8021551,0,0,0,3913.6100301330043
3,z,3,0.1,m1,112500000,0.9835216711111112,110646188,0.005399234556259155,0.9782105644444444,1125,0.0001038340560029536,0.0017768878132815638,6.268223545282524e-05,0.0010726663733737084,9.40389222343507e-05,0.0016092659896440656,0,1,20,12,16,1.0,0.0,27182.0,1140635,0,0,0,1005.0659739379225
3,z,3,0.1,normal,112500000,0.9803303555555556,110287165,0.005678990269707859,0.9747625377777778,1125,0.0001607015580332721,0.0027500480192795187,9.64311080786072e-05,0.001650202904153532,0.00017587509042238196,0.0030097091153063896,0,1,24,16,24,1.0,0.0,50506.0,1151747,0,0,0,6411.37125721604
3,z,3,0.3,m1,112500000,0.9515660444444445,107051180,0.01611004138355325,0.9362290933333334,1125,0.00029444389589662373,0.005038749235597362,0.00018427557234807144,0.003153464589512512,0.0002625879267540705,0.004493605517547225,0,1,20,12,16,1.0,0.0,86960.0,3276894,0,0,0,1856.207614456107
3,z,3,0.3,normal,112500000,0.9426227111111112,106045055,0.016988161453178593,0.9266049066666666,1125,0.00045332365413837996,0.007757621222923634,0.0002818781696316007,0.004823714913286805,0.000491425059839981,0.008409641629967598,0,1,24,16,24,1.0,0.0,153192.0,3297622,0,0,0,6521.606534828032
3,z,3,0.5,m1,112500000,0.9208595466666666,103596699,0.02671641996355821,0.8962387111111111,1125,0.00047286091614940425,0.008091957799078285,0.0003008599791470243,0.005148546161341191,0.0004179035633797035,0.007151485528748027,0,1,20,12,16,1.0,0.0,153202.0,5233284,0,0,0,2418.5750678970144
3,z,3,0.5,normal,112500000,0.9068656355555555,102022384,0.028233184019604743,0.88125096,1125,0.0007123636354392026,0.012190511583221444,0.0004629807326174835,0.007922880538816433,0.0007678869719085892,0.013140669399674057,0,1,24,16,24,1.0,0.0,260637.0,5242028,0,0,0,8408.29763483104
3,z,3,0.8,m1,112500000,0.8773051022222222,98696824,0.04241891979163376,0.8400473199999999,1125,0.0007070046160731145,0.012098803943461411,0.00046802538451175355,0.008009208481865496,0.0006172144123380762,0.010562245275616248,0,1,20,12,16,1.0,0.0,261980.0,7859041,0,0,0,2816.0262829368985
3,z,3,0.8,normal,112500000,0.8567046755555556,96379276,0.0449405726726652,0.8181808266666667,1125,0.0010485723961118712,0.01794397314058148,0.0007182981269330317,0.012292067142344628,0.0011194842389941223,0.019157470853039375,0,1,24,16,24,1.0,0.0,424449.0,7818968,0,0,0,6522.555810818896
3,z,3,1.0,m1,112500000,0.8497409511111111,95595857,0.05279760918513469,0.8048133333333333,1125,0.0008482914810950032,0.014516612881089831,0.0005729525297200342,0.009804802073988251,0.0007350230183631671,0.012578276281278963,0,1,20,12,16,1.0,0.0,340842.0,9427030,0,0,0,3080.41433871094
3,z,3,1.0,normal,112500000,0.8255383111111111,92873060,0.055968537907891025,0.7793019022222223,1125,0.0012388885499837084,0.021200808782982535,0.0008814862933043935,0.015084667906093939,0.001313841675621355,0.0224834640180733,0,1,24,16,24,1.0,0.0,534685.0,9333822,0,0,0,6682.5758254881475
3,z,4,0.1,m1,112500000,1.0,112500000,6.4133333333333335e-06,0.9999935866666666,1125,0.0,0.0,3.343775299368819e-07,5.722124135872491e-06,3.343775299366975e-07,5.722124135869336e-06,2,-1,4,4,0,1.0,0.0,4.0,1435,0,0,0,24.915854647351754
3,z,4,0.1,normal,112500000,1.0,112500000,9.555555555555556e-06,0.9999904444444445,1125,0.0,0.0,4.2899607959481365e-07,7.341309153481482e-06,4.289960795939575e-07,7.341309153466831e-06,2,-1,8,8,8,1.0,0.0,3.0,2144,0,0,0,222.21334296393613
3,z,4,0.3,m1,112500000,1.0,112500000,5.838222222222222e-05,0.9999416177777778,1125,0.0,0.0,1.1642328532445578e-06,1.992324337877577e-05,1.1642328532456314e-06,1.9923243378794144e-05,2,-1,4,4,0,1.0,0.0,45.0,13046,0,0,0,28.812211427135427
3,z,4,0.3,normal,112500000,1.0,112500000,8.498222222222221e-05,0.9999150177777778,1125,0.0,0.0,1.560444481014816e-06,2.670351990813909e-05,1.560444481015368e-06,2.670351990814854e-05,2,-1,8,8,8,1.0,0.0,68.0,18985,0,0,0,338.77619018082254
3,z,4,0.5,m1,112500000,1.0,112500000,0.00016246666666666667,0.9998375333333334,1125,0.0,0.0,2.3353103652779802e-06,3.9963617795827256e-05,2.3353103652779747e-06,3.996361779582717e-05,2,-1,4,4,0,1.0,0.0,152.0,36251,0,0,0,33.79734045706568
3,z,4,0.5,normal,112500000,1.0,112500000,0.00023695999999999998,0.99976304,1125,0.0,0.0,3.262526978885496e-06,5.5830857932767776e-05,3.2625269788851765e-06,5.5830857932762314e-05,2,-1,8,8,8,1.0,0.0,307.0,52702,0,0,0,396.5594032802401
3,z,4,0.8,m1,112500000,1.0,112500000,0.00041294222222222225,0.9995870577777779,1125,0.0,0.0,4.642400355103413e-06,7.944430693454383e-05,4.642400355102315e-06,7.944430693452504e-05,2,-1,4,4,0,1.0,0.0,622.0,91668,0,0,0,44.137505402948534
3,z,4,0.8,normal,112500000,1.0,112500000,0.0005992533333333333,0.9994007466666667,1125,0.0,0.0,7.12361913188545e-06,0.00012190482110750437,7.123619131885686e-06,0.00012190482110750842,2,-1,8,8,8,1.0,0.0,1076.0,132680,0,0,0,429.66647899961026
3,z,4,1.0,m1,112500000,1.0,112500000,0.0006408622222222222,0.9993591377777777,1125,0.0,0.0,7.284385654710103e-06,0.00012465598085400077,7.284385654710431e-06,0.00012465598085400638,2,-1,4,4,0,1.0,0.0,1220.0,141754,0,0,0,47.49529231989067
3,z,4,1.0,normal,112500000,1.0,112500000,0.0009311155555555555,0.9990688844444444,1125,0.0,0.0,1.0830854557719773e-05,0.00018534587024598086,1.0830854557719367e-05,0.0001853458702459739,2,-1,8,8,8,1.0,0.0,2320.0,204861,0,0,0,522.8708567468711
3,z,5,0.1,m1,112500000,0.9834055466666667,110633124,0.005121524352569449,0.9783681422222222,1125,0.00010768785394246214,0.001842836952293985,5.5115481527471126e-05,0.0009431782906229034,9.280759364224487e-05,0.0015881945526446694,0,1,20,12,16,1.0,0.0,47017.0,1039382,0,0,0,498.85536999422766
3,z,5,0.1,normal,112500000,0.9804886844444445,110304977,0.005074763770392512,0.9755122622222223,1125,0.0001472613609054369,0.0025200490824771955,9.047778954285286e-05,0.0015483251622837137,0.00015761261346281932,0.002697187636333642,0,1,24,16,24,1.0,0.0,34252.0,1051191,0,0,0,1527.4920883489685
3,z,5,0.3,m1,112500000,0.9512397333333333,107014470,0.015308673351834294,0.936670168888889,1125,0.00030466135800680017,0.005213598264953609,0.00016037840766424424,0.0027445180229114033,0.0002577896900987468,0.0044114944206076695,0,1,20,12,16,1.0,0.0,138382.0,3001388,0,0,0,814.310648138915
3,z,5,0.3,normal,112500000,0.9428951377777778,106075703,0.015223103421895735,0.92853616,1125,0.000411710023057332,0.007045496927863776,0.0002662278164225335,0.004555894094557039,0.0004409197013594976,0.007545355292286299,0,1,24,16,24,1.0,0.0,102337.0,3026096,0,0,0,2786.069220665813
3,z,5,0.5,m1,112500000,0.9204152000000001,103546710,0.025490036793515535,0.89693488,1125,0.00048362778410660406,0.00827620868165785,0.000263688330642196,0.004512436470837176,0.00040744764453881145,0.006972555845364439,0,1,20,12,16,1.0,0.0,229518.0,4824036,0,0,0,1346.453211268028
3,z,5,0.5,normal,112500000,0.9071352177777777,102052712,0.025325642671370975,0.8841484755555556,1125,0.0006563837208244698,0.011232540452202237,0.0004345407436336273,0.007436193686924232,0.0006971044511530156,0.011929384746396616,0,1,24,16,24,1.0,0.0,170773.0,4830471,0,0,0,4292.934819565162
3,z,5,0.8,m1,112500000,0.8765024,98606520,0.04058854981636672,0.8408833066666667,1125,0.000723125458372774,0.01237467613149656,0.0004076971489142746,0.006976825555141627,0.0006033119502236227,0.010324335706668289,0,1,20,12,16,1.0,0.0,359114.0,7296068,0,0,0,1680.855036825138
3,z,5,0.8,normal,112500000,0.8567284444444444,96381950,0.04047680169466537,0.8220225822222222,1125,0.000970901664862088,0.01661481215892358,0.0006793312243363249,0.011625235690210576,0.001022828456418831,0.017503423146992502,0,1,24,16,24,1.0,0.0,274583.0,7259653,0,0,0,4555.275989537906
3,z,5,1.0,m1,112500000,0.8487446755555555,95483776,0.05054365641217902,0.8057833644444445,1125,0.0008676161647638049,0.01484731165400147,0.0004987076709963014,0.008534267244247424,0.0007195051700379815,0.01231272298750616,0,1,20,12,16,1.0,0.0,442304.0,8781687,0,0,0,1497.355627085879
3,z,5,1.0,normal,112500000,0.8251751555555555,92832205,0.050555297575496344,0.7834197644444444,1125,0.001155297408063264,0.01977033320402121,0.0008339540849273502,0.014271260387840722,0.0012111549590098066,0.020726210354325755,0,1,24,16,24,1.0,0.0,343748.0,8707467,0,0,0,4058.191700834843
3,z,6,0.1,m1,112500000,0.9940500800000001,111830634,7.840616723888235e-05,0.9939721333333333,1125,3.410121487489068e-05,0.0005835660809355806,4.0399452802396315e-06,6.913463473465755e-05,3.3633698402627575e-05,0.0005755655813495001,1,0,12,4,8,1.0,0.0,39.0,17460,0,0,0,59.32570472813308
3,z,6,0.1,normal,112500000,0.9951853333333333,111958350,0.00020613549117283006,0.9949801911111111,1125,1.4518631927855157e-05,0.00024845393824731853,2.162021211081723e-06,3.6998161199809855e-05,1.485737420283862e-05,0.0002542507552400426,1,0,16,8,16,1.0,0.0,144.0,45869,0,0,0,290.39196143699513
3,z,6,0.3,m1,112500000,0.98230192,110508966,0.00028242755823854775,0.9820244311111112,1125,9.486896910514067e-05,0.0016234703867940455,1.1694135497402798e-05,0.00020011899421137222,9.341502918325332e-05,0.0015985894543919471,1,0,12,4,8,1.0,0.0,492.0,61451,0,0,0,89.99956712092893
3,z,6,0.3,normal,112500000,0.9856430577777777,110884844,0.0006639918681886365,0.9849886044444445,1125,2.9307783231874315e-05,0.000501537211043108,4.503689778206362e-06,7.707058541051308e-05,3.0257357587344445e-05,0.0005177870539654684,1,0,16,8,16,1.0,0.0,1426.0,144400,0,0,0,606.8597168752749
3,z,6,0.5,m1,112500000,0.9707083822222222,109204693,0.000557228419000808,0.9701672800000001,1125,0.00015558013094785718,0.0026624062404162815,1.9633860378589442e-05,0.0003359896413311154,0.00015246005272225775,0.002609013074542119,1,0,12,4,8,1.0,0.0,1427.0,118894,0,0,0,119.2515093351903
3,z,6,0.5,normal,112500000,0.9762327111111111,109826180,0.0011837784880156432,0.9750770844444444,1125,4.4396165179779834e-05,0.0007597411475685985,6.9565227600166685e-06,0.0001190453401409826,4.6078512815036395e-05,0.0007885307675243615,1,0,16,8,16,1.0,0.0,3872.0,252272,0,0,0,744.356423342113
3,z,6,0.8,m1,112500000,0.9537449333333334,107296305,0.001084174924397552,0.9527103422222222,1125,0.00023998016808774543,0.004106724253285902,3.169945190907217e-05,0.0005424652753941646,0.0002339011226585519,0.00400269497661764,1,0,12,4,8,1.0,0.0,3974.0,224835,0,0,0,160.10506191786766
3,z,6,0.8,normal,112500000,0.96239328,108269244,0.002077216178757949,0.9603942266666666,1125,6.285062260226378e-05,0.0010755479431136215,1.0761593761776916e-05,0.0001841606265120219,6.587926365301566e-05,0.0011273763660901081,1,0,16,8,16,1.0,0.0,9913.0,429961,0,0,0,865.9847069800089
3,z,6,1.0,m1,112500000,0.9426661866666667,106049946,0.0015145907435834723,0.9412375066666666,1125,0.00029316896214533883,0.005016931593750307,3.996433634192527e-05,0.000683900301552629,0.00028489243317564815,0.004875297297367849,1,0,12,4,8,1.0,0.0,6354.0,308745,0,0,0,171.30510360410332
3,z,6,1.0,normal,112500000,0.9532693333333334,107242800,0.0027441096276077975,0.9506535333333332,1125,7.540144843689716e-05,0.0012903272778585252,1.3331580305419555e-05,0.00022814020263073112,7.941190495517957e-05,0.0013589572783357189,1,0,16,8,16,1.0,0.0,15104.0,558347,0,0,0,1105.33110364815
3,z,7,0.1,m1,112500000,0.9844336266666667,110748783,8.363949654985523e-06,0.984425391111111,1125,0.00010186792396411303,0.0017432418574785963,4.2442825586494316e-07,7.2631410588190305e-06,0.00010180838855400506,0.0017422230419882666,0,1,20,4,16,1.0,0.0,2.0,1849,0,0,0,107.47870214283098
3,z,7,0.1,normal,112500000,0.9843296977777779,110737091,8.514477713028825e-06,0.9843213155555556,1125,0.00014782171038942477,0.0025296382115895973,4.838793085271701e-07,8.280512959992444e-06,0.000147794660451851,0.0025291753123610097,0,1,24,8,24,1.0,0.0,10.0,1866,0,0,0,361.0898616529885
3,z,7,0.3,m1,112500000,0.9540452711111113,107330093,7.572576462808251e-05,0.9539729688888888,1125,0.00029065214733527714,0.004973861933020133,2.1562884188088323e-06,3.690005727208229e-05,0.0002900075447232704,0.004962830999916145,0,1,20,4,16,1.0,0.0,59.0,16150,0,0,0,129.32258025290497
3,z,7,0.3,normal,112500000,0.9537777333333333,107299995,7.624387841913381e-05,0.9537049777777779,1125,0.00042576975301629867,0.00728609778449801,2.798630359165841e-06,4.789230403308269e-05,0.0004254728399325536,0.00728101678063069,0,1,24,8,24,1.0,0.0,143.0,16084,0,0,0,667.9116234990215
3,z,7,0.5,m1,112500000,0.9246438133333335,104022429,0.00021231562330346814,0.9244472533333333,1125,0.00046965095313556554,0.008037026455933871,5.331806173209449e-06,9.12419467817552e-05,0.0004679529964189974,0.008007969721435667,0,1,20,4,16,1.0,0.0,197.0,43832,0,0,0,192.5415950326387
3,z,7,0.5,normal,112500000,0.9241313777777778,103964780,0.00021053239684248016,0.9239366888888889,1125,0.0006856314093842126,0.011733049277235357,7.052877308622863e-06,0.00012069423290086596,0.0006849214139016805,0.011720899291296636,0,1,24,8,24,1.0,0.0,405.0,42995,0,0,0,876.5466288981297
3,z,7,0.8,m1,112500000,0.8822594666666668,99254190,0.0005397874840030358,0.8817822755555556,1125,0.0007145701948525966,0.012228271916216909,1.2971998003107628e-05,0.0002219867551449504,0.0007102845995836279,0.01215493353091998,0,1,20,4,16,1.0,0.0,804.0,105760,0,0,0,359.970133347866
3,z,7,0.8,normal,112500000,0.8815646044444444,99176018,0.0005382155243950198,0.881089671111111,1125,0.0010425738679818108,0.0178413217375425,1.7814878929902478e-05,0.0003048618390167652,0.0010407931254216203,0.017810848308345978,0,1,24,8,24,1.0,0.0,1323.0,104214,0,0,0,852.0430237271175
3,z,7,1.0,m1,112500000,0.8552033600000001,96210378,0.0008445031892973598,0.8544793199999999,1125,0.0008655947446318818,0.014812719566046878,2.012416420543183e-05,0.00034438009556413476,0.0008590052478114022,0.014699955054607252,0,1,20,4,16,1.0,0.0,1603.0,159703,0,0,0,247.99294188503697
3,z,7,1.0,normal,112500000,0.8543368622222222,96112897,0.000845012117113347,0.8536140266666666,1125,0.001264107575459403,0.021632376042854617,2.7683102733710044e-05,0.0004737344352603514,0.0012611578005799918,0.021581897238145294,0,1,24,8,24,1.0,0.0,2367.0,157904,0,0,0,974.5502761322314
4,x,2,0.1,m1,168000200000,0.9355057422835856,157004353328,2.404511084158303e-09,0.9355057400323913,12349,0.00018605621653253028,0.010548823095860457,5.538116306321942e-10,3.139943952879209e-08,0.00018605621361606747,0.010548822930505863,0,2,56,56,48,1.0,0.0,4.0,812,0,0,0,83405.52455695884
4,x,2,0.1,m2,8550000,0.9583187801809887,7999019,0.0,0.9355577777777777,171,0.000799721997321245,0.005335572503953795,0.0,0.0,0.0010631083427603148,0.00709282933488859,0,2,56,56,48,0.9890352496626181,0.0002549471647870251,0.0,0,203122,0,0,100.10176869196584
4,x,2,0.1,normal,6279300000,0.9245566401606425,5800842674,3.695621424356046e-09,0.924556636746988,1494,0.00043894006692503693,0.008656143608230882,1.1643557890519008e-09,2.296174735588565e-08,0.0004389400831177853,0.008656143927560936,0,2,64,64,64,1.0,0.0,0.0,51,0,0,0,130146.56430901747
4,x,2,0.3,m1,8950200000,0.8200521441972076,7339361105,7.229414111132426e-08,0.8200520855693717,9168,0.0004916388361929829,0.024017478626870117,5.5710494888235996e-09,2.721562093490413e-07,0.0004916390901822923,0.024017491034723927,0,2,56,56,48,1.0,0.0,18.0,1012,0,0,0,73727.16041071917
4,x,2,0.3,m2,8550000,0.8826733027520975,7018271,7.526710791256009e-08,0.8208503508771929,171,0.0022414959514459407,0.014954777042921032,1.4752353150861778e-07,9.842451514902602e-07,0.0026759394377451227,0.01785329018596843,0,2,56,56,48,0.9676545748987855,0.0006391684199369925,0.0,1,599199,0,0,228.5324107350025
4,x,2,0.3,normal,6279300000,0.7913746008032129,4956822084,7.51038145247392e-08,0.7913745414993306,1494,0.0009257154561712789,0.018255626525764505,7.115366311687843e-09,1.403190031172452e-07,0.0009257157009548929,0.018255631353034273,0,2,64,64,64,1.0,0.0,13.0,860,0,0,0,289255.2348768811
4,x,2,0.5,m1,8951200000,0.7198111996946231,6442779559,3.8926878714596605e-07,0.7198109217471916,9169,0.0005950535676392863,0.029071067422574027,1.576934547197448e-08,7.704040952889939e-07,0.0005950541434745757,0.029071095554741334,0,2,56,56,48,1.0,0.0,79.0,4813,0,0,0,138489.46105747684
4,x,2,0.5,m2,8550000,0.8091084931044297,6132926,4.166180331484464e-07,0.7173009941520467,171,0.0034659021385224625,0.02312375077044019,3.617117995171341e-07,2.413263031808314e-06,0.004038043601234963,0.02694095508274631,0,2,56,56,48,0.9475663157894737,0.001040084889324285,0.0,5,971334,0,0,328.22341991608846
4,x,2,0.5,normal,6279300000,0.6768333397590361,4230753100,4.781056345120687e-07,0.6768330167336011,1494,0.0012556322293666993,0.02476176980757937,4.0212903537134386e-08,7.930209478480308e-07,0.0012556324897107422,0.024761774941709502,0,2,64,64,64,1.0,0.0,70.0,4049,0,0,0,441382.95784288
4,x,2,0.8,m1,8952300000,0.5914487176970886,5294148249,2.1013000619355786e-06,0.5914474951477483,9171,0.0007387119322225227,0.03609336633648165,7.737560062588533e-08,3.780561511295742e-06,0.0007387126618773376,0.03609340198731845,0,2,56,56,48,1.0,0.0,380.0,21160,0,0,0,227852.84697679395
4,x,2,0.8,m2,8550000,0.7130482751841629,5019754,1.9294918952772947e-06,0.587104619883041,171,0.004918695246923767,0.03281647272767532,1.0304596956343016e-06,6.875004610196329e-06,0.005361907181526864,0.035773487064674384,0,2,56,56,48,0.9183395951417005,0.001696637797219572,1.0,17,1512759,0,0,459.2128273859562
4,x,2,0.8,normal,6279300000,0.5371510805890228,3348576265,2.5879273263071994e-06,0.53714969437751,1494,0.0015089785413014993,0.029757900769344158,1.1687658614013614e-07,2.304871644906287e-06,0.0015089784099345238,0.02975789817871393,0,2,64,64,64,1.0,0.0,292.0,17921,0,0,0,587798.1425825843
4,x,2,1.0,m1,8952300000,0.518061944171846,4636743328,4.645730840903628e-06,0.5180595512485007,9171,0.0008188592193662224,0.04000935208081554,8.291126024270268e-08,4.051033100759212e-06,0.0008188589716245977,0.040009339976192854,0,2,56,56,48,1.0,0.0,796.0,41390,0,0,0,275240.3800156659
4,x,2,1.0,m2,8550000,0.6563009679657366,4426296,4.839733669321081e-06,0.5176929824561403,171,0.005542758389672304,0.03698008727914869,1.5101387473826243e-06,1.0075319679437689e-05,0.005617417322105074,0.03747819555727177,0,2,56,56,48,0.9022971659919028,0.0016348887692713375,1.0,40,1809945,0,0,566.9042028450349
4,x,2,1.0,normal,6279300000,0.4604881808567604,2865353414,6.0615094481060094e-06,0.4604854002677376,1494,0.0016138025330953531,0.03182508851301983,2.4107830155793945e-07,4.75419893593424e-06,0.0016138012336440915,0.031825062887114196,0,2,64,64,64,1.0,0.0,650.0,35097,0,0,0,656912.9318400115
4,x,3,0.1,m1,91900200000,0.9647780307379699,88549418789,1.0746940965597598e-08,0.9647780203990025,10827,0.00020850651402862312,0.011069235430412227,1.6576963050351324e-09,8.800411228418202e-08,0.0002085065499700384,0.011069237338477256,1,1,40,40,32,1.0,0.0,13.0,1506,0,0,0,37086.890511046775
4,x,3,0.1,m2,8600000,0.9833330634237484,8290091,0.0,0.9639640697674419,172,0.0004131871412552181,0.002764744161033857,0.0,0.0,0.00076123963883958,0.005093655238726943,1,1,40,40,32,0.9934328682170542,0.0001666454116614788,0.0,0,169432,0,0,180.93023943340813
4,x,3,0.1,normal,6274300000,0.9554061561955793,5989127174,3.88036458321438e-08,0.955406119223041,1493,0.0003679346621218946,0.007253448568310112,4.189147695463277e-09,8.258468277726735e-08,0.00036793532281697677,0.007253461593225379,1,1,48,48,48,1.0,0.0,9.0,534,0,0,0,113693.11353793298
4,x,3,0.3,m1,8951200000,0.8991360085069257,8047630635,1.3328716337319666e-07,0.8991358899007525,9169,0.0005020755410263066,0.02452866884288461,8.087512167041474e-09,3.9511167443579245e-07,0.0005020760110856445,0.02452869180741663,1,1,40,40,32,1.0,0.0,46.0,2047,0,0,0,44894.74037602081
4,x,3,0.3,m2,8600000,0.9510369675781714,7711278,0.0,0.8966602325581395,172,0.0011616409943793304,0.007772846334644394,0.0,0.0,0.002068977821611934,0.013844076401392374,1,1,40,40,32,0.9809303488372093,0.0004760531084963132,0.0,0,491997,0,0,366.43931263993727
4,x,3,0.3,normal,6274300000,0.871941320964501,5454655600,5.537611237380621e-07,0.871940840790355,1493,0.0009539736828523456,0.018806597356675378,4.720208692158456e-08,9.305399709505738e-07,0.0009539793588329118,0.018806709252719295,1,1,48,48,48,1.0,0.0,192.0,5854,0,0,0,256103.45474629724
4,x,3,0.5,m1,8950200000,0.837498134816754,7494586437,5.960643817202598e-07,0.8374976426701571,9168,0.0006692865284906228,0.03269590136074173,2.3239237815850634e-08,1.1352803246158825e-06,0.0006692881000137549,0.032695978132592236,1,1,40,40,32,1.0,0.0,329.0,8186,0,0,0,91369.66972605602
4,x,3,0.5,m2,8600000,0.9190705086330229,7158180,1.1965474869177432e-06,0.832345523255814,172,0.0019736517827917428,0.01320622472860806,6.403232826124176e-07,4.284572001438964e-06,0.0032792681008295805,0.021942447934586273,1,1,40,40,32,0.9685091472868217,0.0007027928111873412,2.0,13,812464,0,0,501.38086078237393
4,x,3,0.5,normal,6279300000,0.7969266066934405,4980075261,1.9584788590638015e-06,0.7969250599732263,1494,0.0013512710935967725,0.02664782169867956,1.1606449419020029e-07,2.2888567374703395e-06,0.0013512892160962475,0.02664817908450468,1,1,48,48,48,1.0,0.0,885.0,18839,0,0,0,407341.7447403915
4,x,3,0.8,m1,8952300000,0.7544837456111657,6752922703,2.6239103440937117e-06,0.7544817974048631,9171,0.0008009104470302113,0.039132377461948,6.126442954906728e-08,2.993371844498599e-06,0.0008009148009733833,0.039132590195029814,1,1,40,40,32,1.0,0.0,1060.0,32759,0,0,0,148777.04996352972
4,x,3,0.8,m2,8600000,0.8729903293511101,6425865,3.6491510009522707e-06,0.7471908720930233,172,0.003116637334708893,0.020854242576426534,1.1620898233040847e-06,7.775849567381134e-06,0.004631649916823916,0.030991591424144187,1,1,40,40,32,0.9518993798449613,0.0011283591927828637,2.0,43,1240996,0,0,722.3932878208434
4,x,3,0.8,normal,6279300000,0.6966000258366801,4340242185,7.246620018391365e-06,0.6965950324631861,1494,0.0017616553719606131,0.03474082918592788,2.910796241037919e-07,5.7402529810581026e-06,0.0017616971659964926,0.03474165338768981,1,1,48,48,48,1.0,0.0,3352.0,59812,0,0,0,558023.2801170266
4,x,3,1.0,m1,8950300000,0.7038489778601811,6298094795,5.810757477102124e-06,0.7038449795506598,9169,0.0008630404039407941,0.04216344063090683,1.253541933761865e-07,6.124121264911994e-06,0.000863051654558836,0.04216399027465897,1,1,40,40,32,1.0,0.0,2414.0,66702,0,0,0,189904.7034667511
4,x,3,1.0,m2,8600000,0.8456203294076259,5981297,6.088079555745125e-06,0.695495465116279,172,0.0036124269784937424,0.024171701872451774,1.5730844045959747e-06,1.0525922731302367e-05,0.005347118871440016,0.03577898294041122,1,1,40,40,32,0.9407131007751938,0.0013396572828710423,2.0,68,1529602,0,0,765.0898337334365
4,x,3,1.0,normal,6274300000,0.637389767983925,3960369236,1.494537736619569e-05,0.6373803704621568,1493,0.0019023916378428686,0.0375036693262267,5.220862116339724e-07,1.0292385779778207e-05,0.0019024728386090035,0.037505270114740266,1,1,48,48,48,1.0,0.0,6693.0,112611,0,0,0,636762.887936923
4,x,4,0.1,m1,50200000,0.9351287649253731,46924448,2.724701533077898e-05,0.9351032854477611,268,0.0007914108023844809,0.006610180209171032,1.8132135761003338e-06,1.5144686501152679e-05,0.000791389108202379,0.006609999010667357,0,2,56,40,48,1.0,0.0,22.0,2525,0,0,0,7850.921745224041
4,x,4,0.1,normal,24300000,0.9263020164609053,22509139,2.796601474498933e-05,0.9262761111111111,243,0.0007706322082930105,0.006129064922659421,2.066883144551838e-06,1.643853039645082e-05,0.0007706044323216891,0.006128844012178797,0,2,64,48,64,1.0,0.0,6.0,1247,0,0,0,12589.881690035661
4,x,4,0.3,m1,50200000,0.8180383320895522,40988760,0.00024102897890830043,0.8178412052238806,268,0.002014842782877832,0.016828774446649254,1.1130948636296944e-05,9.297014415681946e-05,0.0020146077732970972,0.01682681155244202,0,2,56,40,48,1.0,0.0,160.0,20695,0,0,0,9540.41133698533
4,x,4,0.3,normal,24300000,0.7950931687242798,19320764,0.0002474012847195954,0.7948965637860083,243,0.0019718710333248585,0.015682871092463257,1.1530595356904302e-05,9.17062209168798e-05,0.0019720528068901955,0.015684316791165158,0,2,64,48,64,1.0,0.0,79.0,9397,0,0,0,11658.494519890257
4,x,4,0.5,m1,50200000,0.7155593731343284,35726211,0.0006710902499879856,0.7150793097014926,268,0.0030241680265091376,0.02525906340652511,2.953471073483285e-05,0.0002466857412038929,0.003022560103044115,0.025245633385309416,0,2,56,40,48,1.0,0.0,637.0,50075,0,0,0,10806.330163624953
4,x,4,0.5,normal,24300000,0.6829382716049383,16595400,0.0007055294975313918,0.6824573045267489,243,0.002826175525266563,0.02247740633052251,3.283316657359446e-05,0.00026113184393343865,0.0028274921549359872,0.022487877874063204,0,2,64,48,64,1.0,0.0,303.0,22769,0,0,0,11296.964025753783
4,x,4,0.8,m1,50200000,0.5857833694029851,29084913,0.0017334843057941344,0.5847685317164178,268,0.00393265091219318,0.032847076576456295,7.322502230180848e-05,0.0006116047339474797,0.003927060890869621,0.032800386477950555,0,2,56,40,48,1.0,0.0,1766.0,105739,0,0,0,11844.400054666883
4,x,4,0.8,normal,24300000,0.5444038683127572,13229014,0.0018318114250780667,0.5434089300411523,243,0.0035662056328585995,0.028363083733237118,7.779780759889294e-05,0.0006187488771983449,0.0035652610364189058,0.02835557107954539,0,2,64,48,64,1.0,0.0,918.0,46518,0,0,0,11632.410595221736
4,x,4,1.0,m1,50300000,0.5130536096654276,25472001,0.0026993410047203717,0.5116722118959108,269,0.004324047668776317,0.03618349734732172,0.00011305044071785069,0.0009460025964481353,0.0043180763312841205,0.03613352937960734,0,2,56,40,48,1.0,0.0,2795.0,140290,0,0,0,11993.310864785744
4,x,4,1.0,normal,24300000,0.46855950617283953,11385996,0.002880883763394861,0.4672133333333333,243,0.003812042065892233,0.030318293290018655,0.00012153858758349338,0.000966632183149456,0.003808327015893508,0.030288746403205367,0,2,64,48,64,1.0,0.0,1453.0,62518,0,0,0,11327.989645226538
4,x,5,0.1,m1,8950200000,0.9824403800174519,8793383662,2.627763781401558e-08,0.9824403542212041,9168,9.480938219975926e-05,0.004631616021716509,2.962286708886123e-09,1.4471325794410328e-07,9.480946633279304e-05,0.004631620131772899,2,0,24,24,16,1.0,0.0,5.0,445,0,0,0,10782.783809613757
4,x,5,0.1,normal,6269300000,0.9602072394101876,6007125805,2.733108974913463e-07,0.9602069774798928,1492,0.0006113837903785567,0.012048757408110254,3.826318299650284e-08,7.540661313600332e-07,0.0006113856788403456,0.012048794624697162,2,0,32,32,32,1.0,0.0,19.0,2743,0,0,0,100346.07280725945
4,x,5,0.3,m1,8951200000,0.9484948689060967,8491116958,5.178268277311826e-07,0.9484943783400589,9169,0.0002697728905307107,0.013179630063414804,1.7949305705369098e-08,8.769050464133832e-07,0.0002697736309271795,0.013179666235142584,2,0,24,24,16,1.0,0.0,119.0,8407,0,0,0,24627.616920040688
4,x,5,0.3,normal,6269300000,0.8872984522788204,5528407425,3.870532839037417e-06,0.8872950262064343,1492,0.0016718353624531957,0.03294745301642059,2.153862030493675e-07,4.244692369074668e-06,0.001671840441889789,0.03294755311868082,2,0,32,32,32,1.0,0.0,875.0,37607,0,0,0,224527.2697483808
4,x,5,0.5,m1,8949200000,0.9157105281989747,8196287434,2.2869699070407767e-06,0.9157084374386386,9167,0.00043584444034772466,0.021290656579728746,5.52888058132112e-08,2.7008144840238186e-06,0.000435846511162535,0.021290757737396217,2,0,24,24,16,1.0,0.0,598.0,35741,0,0,0,45069.113307565916
4,x,5,0.5,normal,6274300000,0.8206395411922304,5094824291,1.5736020377419885e-05,0.8206267354989953,1493,0.0024659046687907377,0.04861274169244692,7.028146371563582e-07,1.3855258415365866e-05,0.0024659580083459653,0.04861379322621183,2,0,32,32,32,1.0,0.0,4624.0,145877,0,0,0,347722.52473953844
4,x,5,0.8,m1,8953200000,0.8696757203140334,7788405312,9.91127340543819e-06,0.8696671222331261,9171,0.0006550191350567424,0.032004147446053045,1.909911007055045e-07,9.331799669231682e-06,0.0006550249246056105,0.03200443032263741,2,0,24,24,16,1.0,0.0,3450.0,145550,0,0,0,75676.01288209856
4,x,5,0.8,normal,6279300000,0.7338428767068272,4531464960,6.656367505067762e-05,0.7337949172690762,1494,0.0033990472487505307,0.06703111274954886,2.8365107860428885e-06,5.593757909203663e-05,0.0033993131495921526,0.0670363564628575,2,0,32,32,32,1.0,0.0,25027.0,558366,0,0,0,483096.9139900151
4,x,5,1.0,m1,8951300000,0.8407927528898582,7528555186,1.9858734295781276e-05,0.8407761077971647,9170,0.0007769135786916549,0.03795782406252174,3.750468467101816e-07,1.8323739747994117e-05,0.0007769227141524612,0.03795827039558056,2,0,24,24,16,1.0,0.0,7586.0,280136,0,0,0,99449.85957952734
4,x,5,1.0,normal,6274300000,0.6831797103817816,4197980259,0.00013060908216482064,0.6830927446751507,1493,0.003885198984071065,0.07659265057031767,5.340767472660592e-06,0.00010528766698640964,0.0038856994020928758,0.07660251579030788,2,0,32,32,32,1.0,0.0,51732.0,1001384,0,0,0,555817.0569557897
4,x,6,0.1,m1,50200000,0.9332721828358208,46827123,0.0003024303605944595,0.9329899496268657,268,0.0007134965814448762,0.005959409408827892,1.3904300857831855e-05,0.00011613429343632904,0.0007137156444831508,0.005961239111121317,0,2,56,40,48,1.0,0.0,177.0,28181,0,0,0,17202.32940103399
4,x,6,0.1,normal,24300000,0.9247614814814815,22471704,0.0003032813677011506,0.9244810493827161,243,0.0007929689631881644,0.0063067157130632856,1.5552450103089728e-05,0.00012369321624825568,0.0007934291078736062,0.006310375379270511,0,2,64,48,64,1.0,0.0,87.0,13455,0,0,0,12828.858764299745
4,x,6,0.3,m1,50200000,0.8133423731343283,40742509,0.0011966707102707577,0.8123696268656716,268,0.0018899185757737115,0.015785357400839372,4.491182573942692e-05,0.00037512156867966387,0.001891508306094381,0.01579863546562184,0,2,56,40,48,1.0,0.0,1545.0,95455,0,0,0,17626.40108094047
4,x,6,0.3,normal,24300000,0.7916271604938271,19236540,0.0012096062681727037,0.7906705349794239,243,0.0020401929089386615,0.016226255091689564,5.1083518051857e-05,0.0004062822644166348,0.002043268653524939,0.016250717394266524,0,2,64,48,64,1.0,0.0,789.0,44914,0,0,0,11565.97123009988
4,x,6,0.5,m1,50200000,0.7101546865671642,35649724,0.0024501903698887443,0.708415317164179,268,0.002639921843956614,0.022049685288731535,8.416537250681412e-05,0.0007029829236166616,0.002636872368031688,0.02202421484361434,0,2,56,40,48,1.0,0.0,3879.0,166519,0,0,0,17636.16296971406
4,x,6,0.5,normal,24300000,0.6783552263374485,16484032,0.002525926643018879,0.6766456790123457,243,0.0029267773948962864,0.02327752262940818,0.00010574333274295205,0.0008410078693122916,0.0029318885586593992,0.023318173220179428,0,2,64,48,64,1.0,0.0,1985.0,79114,0,0,0,10787.975624357729
4,x,6,0.8,m1,50200000,0.5790642276119403,28890161,0.00508170664039431,0.5761246585820896,268,0.003414256746343955,0.028517240737317047,0.00015592843289835126,0.0013023767657533132,0.0034061067818247403,0.028449168967247643,0,2,56,40,48,1.0,0.0,8605.0,272398,0,0,0,16513.883599807858
4,x,6,0.8,normal,24300000,0.540074938271605,13123821,0.005214912082996684,0.5372609259259259,243,0.003284376336440062,0.02612161233317351,0.00020133021513504105,0.0016012384976601902,0.0032752063241960156,0.026048680525002872,0,2,64,48,64,1.0,0.0,4536.0,127689,0,0,0,10713.649092163221
4,x,6,1.0,m1,50300000,0.5069498289962826,25394806,0.0073637736483472055,0.5032224944237919,269,0.0037086006858532746,0.031033456001844355,0.00022946606063806415,0.0019201649085305837,0.0036952372105118164,0.030921630852908038,0,2,56,40,48,1.0,0.0,13798.0,359006,0,0,0,15254.653015816148
4,x,6,1.0,normal,24300000,0.46422790123456786,11280738,0.007570496095519346,0.46071703703703704,243,0.0034994825612616274,0.0278324154932437,0.00029814369193458147,0.0023712245925927174,0.0034830458022109116,0.027701689107484277,0,2,64,48,64,1.0,0.0,6452.0,157724,0,0,0,10574.258576123655
4,x,7,0.1,m1,50200000,0.9638801156716417,48374846,0.0004947537171616054,0.9634037686567164,268,0.001793150438438127,0.014977111134340635,1.6600668687313197e-05,0.00013865543821901558,0.0017956501072174567,0.01499798936982191,1,1,40,24,32,1.0,0.0,441.0,45721,0,0,0,8541.238971929793
4,x,7,0.1,normal,24300000,0.9559393827160494,23229327,0.0004030605017376802,0.9555575102880659,243,0.004605225622479057,0.03662671572758451,2.2243219286082877e-05,0.00017690687415638942,0.0046090868198419045,0.03665742496742865,1,1,48,32,48,1.0,0.0,165.0,18229,0,0,0,14583.822325363784
4,x,7,0.3,m1,50200000,0.8966255895522388,44949209,0.0018879050433729552,0.894938729477612,268,0.0033071054697940273,0.027622270330666412,5.7701962283684595e-05,0.0004819499152257523,0.0033159539259576855,0.027696176182897016,1,1,40,24,32,1.0,0.0,3829.0,160947,0,0,0,10106.975199237466
4,x,7,0.3,normal,24300000,0.8784450617283951,21346215,0.001690438659377904,0.8769871810699589,243,0.006142523887256096,0.04885330159943743,9.553835951605063e-05,0.0007598447116235874,0.006158549222078512,0.04898075580713465,1,1,48,32,48,1.0,0.0,1518.0,67817,0,0,0,13857.915208043472
4,x,7,0.5,m1,50200000,0.8358381156716418,41918604,0.0037681901767451075,0.8327043134328359,268,0.003860621351976978,0.032245456820974204,0.00011925509377866301,0.0009960663392051922,0.0038766027621480108,0.0323789399638741,1,1,40,24,32,1.0,0.0,9569.0,282014,0,0,0,11393.011542501394
4,x,7,0.5,normal,24300000,0.8095050205761317,19670972,0.0035921829294450563,0.806650329218107,243,0.0063583513802756295,0.05056984121791725,0.0001951434146244959,0.0015520330510351826,0.006386848940332167,0.05079649070627797,1,1,48,32,48,1.0,0.0,4480.0,129778,0,0,0,13538.997649250145
4,x,7,0.8,m1,50200000,0.751891130597015,37374858,0.007610878326464482,0.7462132257462686,268,0.004970217581845882,0.04151324924527692,0.0002504784223813675,0.0020920961723811886,0.004996260253711275,0.04173076807827728,1,1,40,24,32,1.0,0.0,25434.0,530287,0,0,0,12859.242920878896
4,x,7,0.8,normal,24300000,0.7185747325102881,17461366,0.007600285550067801,0.7132027366255145,243,0.006498638869127415,0.05168558893486516,0.0003537314058146751,0.0028133300530275717,0.006539659057957932,0.05201183457808695,1,1,48,32,48,1.0,0.0,11082.0,238915,0,0,0,13139.906226829858
4,x,7,1.0,m1,50300000,0.7036465278810409,35383778,0.010629685240995891,0.6962203680297397,269,0.004631591726314464,0.0387570165225313,0.00035897564108207684,0.003003897077878945,0.004665986076211094,0.039044827380222365,1,1,40,24,32,1.0,0.0,34795.0,660061,0,0,0,13492.85600089538
4,x,7,1.0,normal,24300000,0.6648143209876544,16154988,0.01097291863984987,0.6576275514403292,243,0.006583482801089268,0.05236037771437874,0.00047085239803882397,0.0037448277991938713,0.006628991735251348,0.05272232367126817,1,1,48,32,48,1.0,0.0,17080.0,315117,0,0,0,13755.590918158065
4,x,8,0.1,m1,50200000,0.9353273843283583,46941921,0.013433657820429342,0.9227621753731343,268,0.0007815945995709624,0.006528191349059914,0.0003129042551499206,0.0026135017471653945,0.0008188749881152018,0.006839572095699783,0,2,56,24,48,1.0,0.0,53471.0,1196312,0,0,0,18116.637494167633
4,x,8,0.1,normal,24300000,0.9263984362139918,22511482,0.013115761778545369,0.9142492181069959,243,0.0008297177838200237,0.006598989906978358,0.0002704436141574312,0.0021509177156780724,0.00087599022538387,0.0069670082631057015,0,2,64,32,64,1.0,0.0,23373.0,543706,0,0,0,13121.192888518242
4,x,8,0.3,m1,50200000,0.8200951044776119,41167159,0.04011409825993983,0.7871962723880598,268,0.001976281314146756,0.016506693604847834,0.0008835663950348873,0.0073799006538083295,0.0020193750257722866,0.0168666295557706,0,2,56,24,48,1.0,0.0,145804.0,3119655,0,0,0,17694.969099409092
4,x,8,0.3,normal,24300000,0.7980687242798354,19393070,0.04009069895253679,0.7660857818930041,243,0.002033893620803205,0.016176154997853274,0.0007709284652586889,0.006131421141562411,0.0021152763099946603,0.016823415494192907,0,2,64,32,64,1.0,0.0,71719.0,1410933,0,0,0,12477.0663533576
4,x,8,0.5,m1,50200000,0.7213356156716418,36346047,0.06586953879727,0.673823078358209,268,0.00284736550705603,0.0237823379037909,0.0013638704487627972,0.011391592610464782,0.0028341792459509814,0.023672200966151264,0,2,56,24,48,1.0,0.0,219605.0,4331326,0,0,0,17478.953722959035
4,x,8,0.5,normal,24300000,0.6906123456790124,16781880,0.06781295683773705,0.6438196296296297,243,0.002840748364293424,0.022593308411362006,0.0012330288702495544,0.009806641762369046,0.002917856260310095,0.02320657021855104,0,2,64,32,64,1.0,0.0,117026.0,2040074,0,0,0,11353.142592377553
4,x,8,0.8,m1,50200000,0.5963106156716418,29896785,0.10554232273526075,0.533388348880597,268,0.003556326089199268,0.029703860828479124,0.002070001902771166,0.017289485523091033,0.0034302069320561843,0.028650463081022638,0,2,56,24,48,1.0,0.0,304528.0,5958546,0,0,0,16884.784868855524
4,x,8,0.8,normal,24300000,0.561297366255144,13639526,0.11013600851932889,0.4995741358024691,243,0.003512901221933992,0.027939138053696026,0.0018136738240933591,0.014424682094483129,0.003500322509108118,0.027839095845852098,0,2,64,32,64,1.0,0.0,173525.0,2652699,0,0,0,10393.765944246872
4,x,8,1.0,m1,50300000,0.5274139144981413,26493137,0.1294554806925863,0.45918060408921935,269,0.0039652347261125405,0.03318096172478229,0.0024042177008965137,0.020118419468625217,0.0037366233290190196,0.0312679486143968,0,2,56,24,48,1.0,0.0,334101.0,6159618,0,0,0,16518.072972702503
4,x,8,1.0,normal,24300000,0.4915907407407407,11945655,0.13831731209436143,0.4237246913580247,243,0.0037630981832017713,0.02992902817580634,0.002148673511531341,0.017089033274309915,0.003645311923494994,0.02899223936141309,0,2,64,32,64,1.0,0.0,202431.0,2893428,0,0,0,11649.82683091017
4,x,9,0.1,m1,234730200000,1.0,234730200000,6.841385117356068e-10,0.9999999993158615,19002,0.0,0.0,1.7182736852763863e-10,1.2084701418995221e-08,1.718273686493805e-10,1.2084701427557384e-08,3,-1,8,8,0,1.0,0.0,1.0,420,0,0,0,18900.44120140704
4,x,9,0.1,normal,72734300000,1.0,72734300000,1.0848998648482614e-08,0.9999999891510013,8139,0.0,0.0,5.990360172665724e-10,2.757289634488519e-08,5.990360169364654e-10,2.7572896329690764e-08,3,-1,16,16,16,1.0,0.0,3.0,1492,0,0,0,887155.3492463848
4,x,9,0.3,m1,8951200000,1.0,8951200000,3.8390227941978403e-08,0.9999999616097721,9169,0.0,0.0,3.0867175952071264e-09,1.508001635562122e-07,3.08671759478213e-09,1.508001635354492e-07,3,-1,8,8,0,1.0,0.0,7.0,681,0,0,0,8010.565042001428
4,x,9,0.3,normal,6274300000,1.0,6274300000,1.3967849966510381e-06,0.9999986032150033,1493,0.0,0.0,5.526892552533844e-08,1.0895692904056745e-06,5.526892552530696e-08,1.0895692904050538e-06,3,-1,16,16,16,1.0,0.0,193.0,18606,0,0,0,149452.34369585905
4,x,9,0.5,m1,8953200000,1.0,8953200000,3.061825318940137e-07,0.9999996938174682,9171,0.0,0.0,9.762142291775195e-09,4.769769684182718e-07,9.76214229199595e-09,4.769769684290578e-07,3,-1,8,8,0,1.0,0.0,39.0,5412,0,0,0,11674.172888167319
4,x,9,0.5,normal,6279300000,1.0,6279300000,1.0068273092369477e-05,0.9999899317269076,1494,0.0,0.0,2.8236591193223985e-07,5.568413703668496e-06,2.823659119322596e-07,5.568413703668884e-06,3,-1,16,16,16,1.0,0.0,2212.0,133942,0,0,0,195466.9528265836
4,x,9,0.8,m1,8951200000,1.0,8951200000,1.9603555458610538e-06,0.9999980396444541,9169,0.0,0.0,3.2645642063855225e-08,1.5948877766696322e-06,3.2645642063775604e-08,1.5948877766657424e-06,3,-1,8,8,0,1.0,0.0,445.0,34321,0,0,0,15454.221270680893
4,x,9,0.8,normal,6279300000,1.0,6279300000,6.092710843373494e-05,0.9999390728915662,1494,0.0,0.0,1.5810341008094774e-06,3.1178876701757745e-05,1.5810341008094804e-06,3.11788767017578e-05,3,-1,16,16,16,1.0,0.0,21606.0,795205,0,0,0,256466.66320592287
4,x,9,1.0,m1,8955300000,1.0,8955300000,4.719751471550033e-06,0.9999952802485284,9174,0.0,0.0,6.82085716908092e-08,3.333206744389766e-06,6.820857169094855e-08,3.3332067443965758e-06,3,-1,8,8,0,1.0,0.0,1092.0,82308,0,0,0,18712.88231740138
4,x,9,1.0,normal,6279300000,1.0,6279300000,0.0001412214859437751,0.9998587785140561,1494,0.0,0.0,3.6171376714716974e-06,7.133197785826222e-05,3.617137671471555e-06,7.133197785825941e-05,3,-1,16,16,16,1.0,0.0,62365.0,1821557,0,0,0,292588.19532198954
4,x,10,0.1,m1,50200000,0.9344282052238806,46711984,0.0004856343007395391,0.9339745223880597,268,0.0017787498350591404,0.014856831523335712,2.2985880074478982e-05,0.0001919872828383309,0.0017784579650518208,0.014854393708056694,0,2,56,40,48,1.0,0.0,352.0,44065,0,0,0,19641.277178919874
4,x,10,0.1,normal,24300000,0.9259462139917696,22500493,0.00047582239485556707,0.9255055761316872,243,0.0007113693095188594,0.005657729634329947,2.3480830615839258e-05,0.0001867499615688631,0.0007102829444772166,0.005649089453192586,0,2,64,48,64,1.0,0.0,182.0,21051,0,0,0,12952.781179642188
4,x,10,0.3,m1,50200000,0.8201376417910448,41186011,0.0019040280245765965,0.8185751828358209,268,0.0017291114320355171,0.014442231686824757,7.287836083312701e-05,0.0006087092784234253,0.001720746040753421,0.014372360586091388,0,2,56,40,48,1.0,0.0,2837.0,146013,0,0,0,18587.133124035987
4,x,10,0.3,normal,24300000,0.7956951028806585,19335391,0.0019417634690748703,0.7941496296296296,243,0.0017426712686338882,0.013859977858918193,7.69337839526479e-05,0.0006118770426635817,0.0017372122637292191,0.01381656078510039,0,2,64,48,64,1.0,0.0,1440.0,72230,0,0,0,12079.379843421746
4,x,10,0.5,m1,50200000,0.7203871791044776,36087024,0.004003937279848036,0.7175024029850747,268,0.0025010470697202193,0.02088974751501823,0.00013923119145943955,0.0011629147132077831,0.0024909427209927806,0.020805351944748734,0,2,56,40,48,1.0,0.0,8323.0,282023,0,0,0,17826.532003315107
4,x,10,0.5,normal,24300000,0.6857432098765432,16663560,0.004083927624110826,0.6829425308641975,243,0.002455509496984037,0.019529390237346043,0.00014704643457396968,0.0011695036029518951,0.0024465529748423655,0.019458156378837667,0,2,64,48,64,1.0,0.0,3911.0,128291,0,0,0,11809.434462374513
4,x,10,0.8,m1,50200000,0.5947059664179105,29489563,0.008336549146298102,0.5897663880597015,268,0.003561400273304178,0.029746242447793527,0.000309093796695377,0.002581675270968453,0.0035608940099037417,0.029742013932968978,0,2,56,40,48,1.0,0.0,19175.0,459128,0,0,0,17101.760213241214
4,x,10,0.8,normal,24300000,0.551927037037037,13411827,0.008582732268364224,0.5471909053497942,243,0.0031064463243579204,0.024706482542327327,0.0002775620674445265,0.0022075328712295988,0.0030849537210114308,0.024535545537813345,0,2,64,48,64,1.0,0.0,8899.0,212378,0,0,0,9997.212425188132
4,x,10,1.0,m1,50300000,0.526452996282528,26307271,0.011904926277291554,0.5201852843866172,269,0.003509567440744737,0.02936795195376996,0.00037656882354039807,0.0031511162853378122,0.00347099860433511,0.029045209121864052,0,2,56,40,48,1.0,0.0,28176.0,575096,0,0,0,16619.94985117964
4,x,10,1.0,normal,24300000,0.47890580246913583,11637411,0.012365910374844783,0.4729851028806584,243,0.003335893162584707,0.02653134082447196,0.00038314523584051974,0.003047266906318195,0.00330127262012791,0.026255993453713333,0,2,64,48,64,1.0,0.0,12971.0,261804,0,0,0,11120.009680424468
4,x,11,0.1,m1,50200000,0.963043406716418,48102980,0.00033049352620786234,0.9627258936567163,268,0.0022056529738733637,0.018422497636207194,1.2975465878815662e-05,0.0001083762914260206,0.0022084064252598985,0.018445495565736776,1,1,40,24,32,1.0,0.0,279.0,31299,0,0,0,18949.51149851657
4,x,11,0.1,normal,24300000,0.9565503703703704,23244174,0.00048023839204103025,0.9560957818930041,243,0.0039691870556538686,0.03156811367665049,2.8272125507719746e-05,0.0002248565409979652,0.003980939058494247,0.031661580816493375,1,1,48,32,48,1.0,0.0,192.0,21709,0,0,0,14339.210809677432
4,x,11,0.3,m1,50200000,0.8970566380597015,45089039,0.0014348063647247813,0.8957701473880597,268,0.0014262233841916454,0.01191238931745142,4.484246570084348e-05,0.00037454224583876987,0.001430254384916571,0.011946057851081207,1,1,40,24,32,1.0,0.0,2608.0,127414,0,0,0,19539.58153765989
4,x,11,0.3,normal,24300000,0.8797455144032922,21377816,0.0019868758696833144,0.878052633744856,243,0.006413766822253052,0.05101057654917185,0.00015846617577134798,0.0012603281680887931,0.006467120196419432,0.05143491164779564,1,1,48,32,48,1.0,0.0,1883.0,78508,0,0,0,14527.514853772736
4,x,11,0.5,m1,50200000,0.8355027649253731,42121869,0.00313886022694662,0.8328831119402985,268,0.0022360538113139726,0.018676417614790598,9.739172508855113e-05,0.0008134547213377671,0.0022458301356917446,0.018758073394223574,1,1,40,24,32,1.0,0.0,6964.0,248232,0,0,0,19354.610649630806
4,x,11,0.5,normal,24300000,0.8117248559670782,19724914,0.004125235977350096,0.8084950205761318,243,0.006869698056816416,0.05463673194059642,0.00031513797576244014,0.0025063851371094907,0.006954925664382433,0.0553145722051918,1,1,48,32,48,1.0,0.0,5115.0,146740,0,0,0,14550.133553968859
4,x,11,0.8,m1,50200000,0.75195025,38062849,0.006720245878797542,0.7469063059701493,268,0.0031315933568114873,0.026156322819953323,0.00020876070572450097,0.0017436530829184622,0.003146528959419228,0.026281070958937874,1,1,40,24,32,1.0,0.0,17891.0,460387,0,0,0,19257.19681061298
4,x,11,0.8,normal,24300000,0.7212836213991769,17527192,0.008346685610359207,0.7154475514403292,243,0.00685431493186526,0.05451438541715191,0.0005242646338873645,0.004169631042112093,0.006967860934528881,0.055417450218421135,1,1,48,32,48,1.0,0.0,12495.0,258643,0,0,0,12983.444753825985
4,x,11,1.0,m1,50200000,0.6998891716417911,35118425,0.009914834980332243,0.6929692686567165,268,0.00368849702148222,0.030807805427380375,0.0003213981315138543,0.002684446006797504,0.003710717593737944,0.03099340055259056,1,1,40,24,32,1.0,0.0,31303.0,664204,0,0,0,19057.214806329546
4,x,11,1.0,normal,24300000,0.6675288065843621,16220950,0.011896997988716336,0.6598084773662551,243,0.006792421714041804,0.05402213042672977,0.0006747348357359496,0.005366364874582525,0.006920979049611189,0.05504458477980463,1,1,48,32,48,1.0,0.0,18879.0,337450,0,0,0,13623.954967348487
4,x,12,0.1,m1,50200000,0.9305517835820896,46816949,0.014202966081556676,0.9174644160447761,268,0.004264021405514446,0.0356148157458685,0.0009222470750774303,0.007702977196261535,0.0045221409400458745,0.03777073354939019,0,2,56,24,48,1.0,0.0,35924.0,1265340,0,0,0,21306.760945950577
4,x,12,0.1,normal,24300000,0.9254117283950617,22487505,0.014038646575801733,0.9124208024691358,243,0.0008893388960021744,0.007073174172044296,0.00026063207609003006,0.0020728836636891876,0.0009187290662226898,0.007306922851934743,0,2,64,32,64,1.0,0.0,16471.0,598417,0,0,0,13664.453689820599
4,x,12,0.3,m1,50200000,0.8100979626865672,40756888,0.041600624120937624,0.7768772779850747,268,0.006653136197152933,0.05556966001327622,0.0024278367162998034,0.02027826530144725,0.006908345184614999,0.05770126776116335,0,2,56,24,48,1.0,0.0,103682.0,3197573,0,0,0,19422.803873672092
4,x,12,0.3,normal,24300000,0.7934123456790124,19279920,0.0415858368609028,0.7604233950617284,243,0.002235959120908309,0.017783241433439848,0.0007417306943351188,0.005899202669946888,0.002251588338738574,0.017907545206032313,0,2,64,32,64,1.0,0.0,48623.0,1506017,0,0,0,12950.76830502163
4,x,12,0.5,m1,50200000,0.7074862537313432,35553739,0.06807615339412754,0.6598620820895522,268,0.0065375272931098944,0.054604048112090686,0.003076522422824473,0.025696348307544945,0.006655194014207496,0.055586847726063544,0,2,56,24,48,1.0,0.0,159454.0,4697962,0,0,0,18213.5362437944
4,x,12,0.5,normal,24300000,0.681774279835391,16567115,0.06840170813851391,0.635155925925926,243,0.003116990176855137,0.024790340906661112,0.0011756063272591025,0.009349943365617293,0.003060001971775472,0.024337096927237022,0,2,64,32,64,1.0,0.0,76554.0,2112544,0,0,0,12290.557425243576
4,x,12,0.8,m1,50200000,0.5782252947761194,28779735,0.1044504612438727,0.5183347201492537,268,0.005936426847044391,0.04958341627293147,0.003353440638800907,0.02800928023277421,0.005846946953064837,0.048836044335980044,0,2,56,24,48,1.0,0.0,221515.0,5654132,0,0,0,16851.971960603114
4,x,12,0.8,normal,24300000,0.5442906995884774,13226264,0.10715186432981018,0.4860050411522634,243,0.0039002722184922345,0.03102001367959254,0.001729933796770186,0.013758672993687986,0.0036708110446919476,0.029195041382409682,0,2,64,32,64,1.0,0.0,111203.0,2610277,0,0,0,10748.672742862283
4,x,12,1.0,m1,50200000,0.5076236940298507,25462031,0.12758968049117417,0.44329221641791045,268,0.00574590608485107,0.04799211050872906,0.0034375713020558404,0.028711973250808123,0.0054636741436022655,0.04563479622034964,0,2,56,24,48,1.0,0.0,251791.0,6077451,0,0,0,16258.35564722633
4,x,12,1.0,normal,24300000,0.46970374485596705,11413801,0.13194929473434477,0.40778465020576127,243,0.004109942629421533,0.032687584210796886,0.0020332008537714374,0.016170645217612724,0.003778627775715018,0.030052539598910456,0,2,64,32,64,1.0,0.0,126979.0,2755310,0,0,0,8302.85856799499
4,x,13,0.1,m1,50200000,0.9820108134328358,49274854,8.944863434790437e-05,0.9819230503731343,268,0.0006820831895906178,0.005697032169962414,5.825916091246902e-06,4.866038614916749e-05,0.0006836249735642483,0.005709909767638112,2,0,24,8,16,1.0,0.0,33.0,8113,0,0,0,7964.098450060439
4,x,13,0.1,normal,24300000,0.9806709465020577,23830304,0.0001542982775534819,0.9805198559670781,243,0.0008179422155614075,0.0065053353444236295,8.142104813155926e-06,6.47565576287931e-05,0.0008221093100992321,0.006538477474594596,2,0,32,16,32,1.0,0.0,24.0,7295,0,0,0,14551.44710321183
4,x,13,0.3,m1,50200000,0.947341223880597,47482339,0.0007680106832174544,0.9466154029850746,268,0.0019467029290266833,0.016259643077674267,4.276819916568677e-05,0.0003572171403967829,0.001957711794652713,0.016351593535599975,2,0,24,8,16,1.0,0.0,687.0,69588,0,0,0,9261.535616065783
4,x,13,0.3,normal,24300000,0.943589341563786,22929221,0.0013427382738002162,0.9423275308641975,243,0.0023042870571389163,0.018326673634536605,6.157969235979756e-05,0.0004897614300687109,0.002334948014301942,0.01857052925725879,2,0,32,16,32,1.0,0.0,811.0,59702,0,0,0,14875.680341565982
4,x,13,0.5,m1,50200000,0.9150689067164178,45979835,0.0020468095764452736,0.9132042873134328,268,0.003014514277072867,0.02517843142213007,0.00011170631015110615,0.000933015872888776,0.0030457849694704936,0.02543961677794158,2,0,24,8,16,1.0,0.0,2873.0,173007,0,0,0,9672.843354151992
4,x,13,0.5,normal,24300000,0.9084789711934157,22076039,0.003565067491431595,0.9052620370370371,243,0.0036250366427737634,0.028830984082269195,0.00015978465974129377,0.0012708144594276711,0.003699235605867247,0.029421110289167954,2,0,32,16,32,1.0,0.0,3345.0,149653,0,0,0,14299.953511203523
4,x,13,0.8,m1,50200000,0.866447567164179,43064335,0.0050251069560785944,0.8621193787313433,268,0.00460125535460944,0.0384315288479034,0.0002679259110735106,0.002237824590675522,0.0046522672000970655,0.03885760022633245,2,0,24,8,16,1.0,0.0,10761.0,393564,0,0,0,11322.473650478409
4,x,13,0.8,normal,24300000,0.8590593004115226,20875141,0.008668249464516399,0.851687901234568,243,0.005296372776515402,0.042123612603440753,0.0003747274573052364,0.002980317834384643,0.005445035548114166,0.04330597141080177,2,0,32,16,32,1.0,0.0,11878.0,334494,0,0,0,14330.045957681432
4,x,13,1.0,m1,50200000,0.8391850186567165,42101244,0.0077166582570362486,0.8327659981343284,268,0.005347493741199253,0.04466441093581213,0.00040068857220525617,0.003346711546079498,0.005438899707294898,0.04542787019902301,2,0,24,8,16,1.0,0.0,20127.0,599064,0,0,0,12014.969993309292
4,x,13,1.0,normal,24300000,0.8281640329218107,20124386,0.0131316923040601,0.8174237037037038,243,0.0062348331927814275,0.04958746469363715,0.0005600241696104529,0.0044540371617790165,0.00643891806175117,0.05121061176455791,2,0,32,16,32,1.0,0.0,21672.0,478636,0,0,0,12414.657966812461
4,x,14,0.1,m1,50200000,0.9351190820895523,46922816,0.014389000601118961,0.9216647238805971,268,0.0008250457849302751,0.006891113063878275,0.0002326787295535976,0.0019434260039870412,0.0008583289554554877,0.007169107443587715,0,2,56,24,48,1.0,0.0,35922.0,1295263,0,0,0,21079.270014161448
4,x,14,0.1,normal,24300000,0.9249263374485597,22475710,0.014855657548272864,0.911238353909465,243,0.0017734699935867879,0.01410492918944924,0.0005802794865982655,0.0046151336634712315,0.0021129504568113636,0.016804917298805285,0,2,64,32,64,1.0,0.0,23629.0,617978,0,0,0,12727.826950171933
4,x,14,0.3,m1,50200000,0.8178683582089552,40998746,0.04215162215081627,0.7834013470149254,268,0.0021193293610019294,0.0177014882240692,0.0006455653400298561,0.005392020454528738,0.002137053886842611,0.01784953056766118,0,2,56,24,48,1.0,0.0,115965.0,3285612,0,0,0,18881.211166044144
4,x,14,0.3,normal,24300000,0.792617037037037,19260594,0.04352735750871038,0.7583567283950617,243,0.0034141676344462317,0.027153880752940344,0.0015386793009155902,0.012237569659011873,0.003864327626569932,0.030734135753469675,0,2,64,32,64,1.0,0.0,69543.0,1525965,0,0,0,12363.249460960244
4,x,14,0.5,m1,50300000,0.715917375464684,35918738,0.0685550248034959,0.6668514646840149,269,0.0031363370002648228,0.0262447711547788,0.0010294896466943918,0.008614737568516077,0.0030556778811530495,0.025569818137148426,0,2,56,24,48,1.0,0.0,191887.0,4599140,0,0,0,17833.775743761595
4,x,14,0.5,normal,24300000,0.6803118518518518,16531578,0.07070193448374133,0.632520987654321,243,0.0039971794158965195,0.03179074516209762,0.0020622243702258704,0.01640147779211298,0.004287670931725287,0.03410110974436707,0,2,64,32,64,1.0,0.0,109429.0,2103778,0,0,0,11444.5536954173
4,x,14,0.8,m1,50200000,0.5877217014925372,29592020,0.10535601019417853,0.5258217164179104,268,0.0038857999196601645,0.03245575830952253,0.0015059936371812127,0.012578662441350523,0.0036254989776945685,0.03028162051682956,0,2,56,24,48,1.0,0.0,281856.0,5627694,0,0,0,17008.569202558516
4,x,14,0.8,normal,24300000,0.5417494238683127,13164511,0.10903956235172176,0.4829488683127572,243,0.004355089470570047,0.034637309240214326,0.0023813560460145,0.018939626001773468,0.004344218653670204,0.034550850431687416,0,2,64,32,64,1.0,0.0,157556.0,2542595,0,0,0,11106.75083743714
4,x,14,1.0,m1,50200000,0.514557328358209,25761139,0.1293610900533674,0.448041098880597,268,0.004309045192541102,0.0359908724600918,0.0018146110787856948,0.015156359003682597,0.003933483417137713,0.03285402999141072,0,2,56,24,48,1.0,0.0,343628.0,6055580,0,0,0,16265.830649617215
4,x,14,1.0,normal,24300000,0.46595144032921815,11322620,0.13327255231238924,0.40411341563786013,243,0.004451703929679425,0.0354057124888414,0.002588502132123415,0.020587119834205664,0.004284685345158102,0.034077364495069706,0,2,64,32,64,1.0,0.0,180837.0,2643654,0,0,0,9237.944871543965
4,x,15,0.1,m1,50200000,0.9639379141791043,48473235,0.013272426444478753,0.9513873619402985,268,0.003043908875895029,0.025423946892484214,0.0011775235791127183,0.009835148869628017,0.00385268047965975,0.032179131472777366,1,1,40,8,32,1.0,0.0,9827.0,1236675,0,0,0,19324.807474829664
4,x,15,0.1,normal,24200000,0.9662064049586776,23382195,0.01546788690045275,0.9513382438016529,242,0.0019616077654131224,0.015569109880071326,0.000683473563341424,0.005424670107556119,0.0024130458178856767,0.01915213435974368,1,1,48,16,48,1.0,0.0,6421.0,706777,0,0,0,14443.060290932364
4,x,15,0.3,m1,50200000,0.8972352985074626,45099579,0.03798994060855354,0.8641995317164178,268,0.0062812317149277845,0.052463364723017644,0.0025136617612574533,0.02099511047454947,0.007095798971444542,0.059266956917921707,1,1,40,8,32,1.0,0.0,66698.0,3213339,0,0,0,19423.626283723424
4,x,15,0.3,normal,24300000,0.903200658436214,21947776,0.04489061430397287,0.8629804526748971,243,0.0035310201239628332,0.02808324301799288,0.001683276088615006,0.013387590498889297,0.004231056302411325,0.033650836923034846,1,1,48,16,48,1.0,0.0,45396.0,1863910,0,0,0,13671.402164484694
4,x,15,0.5,m1,50200000,0.8375395335820895,42211684,0.06050257865221866,0.7882548619402986,268,0.007433085880631902,0.062084112363873796,0.0029106418078305974,0.024310846928218388,0.007829402223524603,0.06539430529839943,1,1,40,8,32,1.0,0.0,145814.0,4595219,0,0,0,19098.597606702766
4,x,15,0.5,normal,24300000,0.8450923868312757,20535745,0.0724858740664154,0.7842356995884774,243,0.0040017166013873555,0.03182683073461876,0.0020772322140283498,0.01652083959405256,0.004652632797707154,0.03700375895475056,1,1,48,16,48,1.0,0.0,109074.0,2739487,0,0,0,14293.389026212302
4,x,15,0.8,m1,50200000,0.7566028208955223,38269914,0.09282732196110029,0.6876761473880597,268,0.007751029302948195,0.06473970325484857,0.002902888048076052,0.024246084419137472,0.007685846899526018,0.06419527369716589,1,1,40,8,32,1.0,0.0,331913.0,6410465,0,0,0,19330.546603512048
4,x,15,0.8,normal,24300000,0.7651733744855967,18593713,0.11064957177021938,0.6809294444444445,243,0.004469808190058183,0.03554970100378282,0.0024066880738456108,0.019141099080018414,0.004970029213673586,0.03952810613196848,1,1,48,16,48,1.0,0.0,227906.0,3638443,0,0,0,14378.794990822673
4,x,15,1.0,m1,50200000,0.7051961119402985,35225785,0.11328509371071743,0.6265054757462687,268,0.007625592911512517,0.06369200824022438,0.0029909389125423566,0.02498152052885689,0.007409524314403276,0.061887316719548134,1,1,40,8,32,1.0,0.0,475265.0,7158673,0,0,0,18770.895118537475
4,x,15,1.0,normal,24300000,0.7160123868312757,17399101,0.13416794335538787,0.6203810699588478,243,0.004765873795985496,0.037904397966312384,0.0026307624512391303,0.020923228598834456,0.00514335070818338,0.040906583025240216,1,1,48,16,48,1.0,0.0,313097.0,4021488,0,0,0,13848.856082733313
4,z,2,0.1,m1,50200000,0.9664294962686567,48504562,0.012336578522581805,0.9545082388059701,268,0.0005457684679732863,0.004558476981760939,0.00023633445886967486,0.0019739601204059884,0.0006124369197561343,0.0051153186109417345,1,1,40,40,32,1.0,0.0,8527.0,1141733,0,0,0,17665.29904041937
4,z,2,0.1,normal,24200000,0.9601244628099174,23235012,0.01239434287282498,0.9482718801652893,242,0.0015399958899718952,0.01222281316814687,0.0005635311458281273,0.004472697592728402,0.0019352267852770634,0.015359726339832446,1,1,48,48,48,1.0,0.0,4995.0,563675,0,0,0,14778.301901889732
4,z,2,0.3,m1,50200000,0.9021166828358209,45089038,0.036390049121796934,0.8693012742537314,268,0.0016108592302944975,0.013454541903864681,0.0006755531377828613,0.005642490560100077,0.0017597783894824025,0.014698374406358185,1,1,40,40,32,1.0,0.0,63259.0,3115821,0,0,0,19365.323648392252
4,z,2,0.3,normal,24200000,0.8859720661157025,21440524,0.03626939345463707,0.8540960123966942,242,0.0033490978083221515,0.026581497430956707,0.001488216353129853,0.011811843496815468,0.004021120320029101,0.031915281539648545,1,1,48,48,48,1.0,0.0,31302.0,1480197,0,0,0,14356.542057738203
4,z,2,0.5,m1,50200000,0.8434305634328358,42284267,0.059662047955833096,0.7931344253731343,268,0.0022905935447911046,0.019131955327641847,0.0011217804215405362,0.009369559676417422,0.0024704339424989363,0.020634054407103523,1,1,40,40,32,1.0,0.0,158881.0,4776008,0,0,0,19831.211350357917
4,z,2,0.5,normal,24200000,0.8177545867768595,19789661,0.058762631933957386,0.7701075000000001,242,0.004297327331150536,0.034107512515493016,0.002016332268998301,0.016003453495789306,0.004935965477442063,0.039176327825328316,1,1,48,48,48,1.0,0.0,71882.0,2162355,0,0,0,13920.170956057322
4,z,2,0.8,m1,50200000,0.7620268917910448,38190847,0.09206798465516026,0.6919387798507463,268,0.003330122445115394,0.027814517333469336,0.001679656534714538,0.0140291645634891,0.003489143234768241,0.02914272270221452,1,1,40,40,32,1.0,0.0,334803.0,6386362,0,0,0,19706.02641459304
4,z,2,0.8,normal,24200000,0.725959173553719,17568212,0.09058507523517395,0.6606711776859505,242,0.005111365174098063,0.04056845993161274,0.0023717901274347302,0.01882469154006575,0.005569586099114068,0.04420531947953548,1,1,48,48,48,1.0,0.0,147975.0,2863989,0,0,0,13569.77991087368
4,z,2,1.0,m1,50200000,0.7090450447761194,34849627,0.11350850478932327,0.6289851679104478,268,0.005497964440432138,0.045921202522599354,0.002320998654294188,0.019385910988203223,0.005362031837982801,0.0447858389468376,1,1,40,40,32,1.0,0.0,460436.0,7046121,0,0,0,19412.961149406474
4,z,2,1.0,normal,24200000,0.6707958677685951,16233260,0.11064194416608193,0.5970920661157025,242,0.005546136219857264,0.04401919983152995,0.0026062239921703467,0.020685372693573473,0.0058695919193263515,0.04658643952906907,1,1,48,48,48,1.0,0.0,202601.0,3162062,0,0,0,13105.751918605558
4,z,3,0.1,m1,50200000,0.9352745559701493,46936781,0.013995881475573145,0.9221858675373135,268,0.000800093879282569,0.006682704747493631,0.00025900598388859953,0.002163321783830714,0.0008455535433750131,0.0070624020816645264,0,2,56,40,48,1.0,0.0,37969.0,1265504,0,0,0,18229.88198370661
4,z,3,0.1,normal,24200000,0.9263593388429752,22417896,0.014618207737473327,0.9128188223140495,242,0.0007638557464470611,0.00606265648956257,0.00027927761158656007,0.0022166020641335026,0.0008173801684368425,0.0064874751622449305,0,2,64,48,64,1.0,0.0,23029.0,609303,0,0,0,13404.846396205015
4,z,3,0.3,m1,50200000,0.8183010970149254,40996595,0.04120369642771143,0.7845942649253731,268,0.002044273225075058,0.017074589295237513,0.0007419788701080717,0.006197304899091728,0.00210494815870752,0.017581370658698376,0,2,56,40,48,1.0,0.0,116953.0,3275591,0,0,0,19340.266452152864
4,z,3,0.3,normal,24200000,0.7950754132231406,19240825,0.042792284034013486,0.761060805785124,242,0.0019570046432586074,0.015532575300692793,0.0007801676854374168,0.006192122927744406,0.0020249422645676634,0.01607179028026268,0,2,64,48,64,1.0,0.0,66738.0,1512831,0,0,0,12112.327937558905
4,z,3,0.5,m1,50200000,0.7163836753731343,35893673,0.06717701045786144,0.6682880932835822,268,0.002900808265103418,0.02422871323819875,0.0012100586364919787,0.010106894708507974,0.002930456567207629,0.024476347740045708,0,2,56,40,48,1.0,0.0,189657.0,4623832,0,0,0,18455.60274382378
4,z,3,0.5,normal,24200000,0.6826990082644627,16521316,0.0698041126427847,0.6350652272727273,242,0.0028664300246013215,0.022750605296036206,0.0012491154391240484,0.009914120379983361,0.002874444981511603,0.022814219310530046,0,2,64,48,64,1.0,0.0,105979.0,2093517,0,0,0,11811.301360912243
4,z,3,0.8,m1,50200000,0.5844965634328358,28704670,0.1036855945836052,0.5243467630597015,268,0.005608020341426913,0.046840433516750886,0.002187767086782939,0.01827310753878576,0.005232680280721987,0.04370544289809187,0,2,56,40,48,1.0,0.0,267818.0,5401770,0,0,0,17534.17348494992
4,z,3,0.8,normal,24200000,0.5443585950413223,13173478,0.10783300435688212,0.48569576446280993,242,0.0036175798473585493,0.028712415976593145,0.0018194730491775375,0.014440999024342465,0.0034583549883539584,0.027448662147111717,0,2,64,48,64,1.0,0.0,150728.0,2537825,0,0,0,10980.533608373284
4,z,3,1.0,m1,50200000,0.5144785671641792,25681432,0.12605821207740084,0.4496680223880597,268,0.004293674058125628,0.03586248658489331,0.00202280587088222,0.016895285349169023,0.003948746204670333,0.03298151091001952,0,2,56,40,48,1.0,0.0,327766.0,5933035,0,0,0,16413.438535544235
4,z,3,1.0,normal,24200000,0.4684628925619835,11336802,0.13166490859912766,0.40683840909090907,242,0.0038302923287232868,0.030400696403303604,0.0021527275028522712,0.01708601058005088,0.003577488018796507,0.028394210627296947,0,2,64,48,64,1.0,0.0,172042.0,2638541,0,0,0,10055.397927593556
4,z,4,0.1,m1,50200000,0.9814132164179104,49333731,8.533028932402794e-05,0.9813295690298508,268,0.0007495141879745865,0.00626024289397501,5.513156551589848e-06,4.6048093123798695e-05,0.0007512819083800606,0.006275007603281994,2,0,24,24,16,1.0,0.0,26.0,8189,0,0,0,8273.758937688923
4,z,4,0.1,normal,24200000,0.9710100826446282,23498444,7.853788681471477e-05,0.9709338842975207,242,0.0011891134003208339,0.009437889427176743,6.610220445746106e-06,5.246474359752589e-05,0.0011898461526311434,0.009443705218404345,2,0,32,32,32,1.0,0.0,14.0,3660,0,0,0,14864.72976681465
4,z,4,0.3,m1,50200000,0.9449016679104477,47460077,0.0007331861246188807,0.9442106958955223,268,0.002120108908297323,0.017707999315513232,4.202662125098844e-05,0.0003510231844379713,0.002130404532114547,0.017793992491993305,2,0,24,24,16,1.0,0.0,691.0,65571,0,0,0,9911.341817847715
4,z,4,0.3,normal,24200000,0.9164421074380165,22177899,0.0006734240791582002,0.9158267768595041,242,0.0032452551528529016,0.02575730732437918,5.174303613466474e-05,0.00041067996839798165,0.0032514575665676783,0.025806535341493336,2,0,32,32,32,1.0,0.0,305.0,29172,0,0,0,14787.884660651092
4,z,4,0.5,m1,50200000,0.9093078992537313,45438449,0.001968561946090425,0.9075260615671642,268,0.0033973946137980564,0.028376401448159647,0.00010890552464713253,0.0009096225898394181,0.0034230774070924627,0.028590914431100255,2,0,24,24,16,1.0,0.0,2709.0,163299,0,0,0,10817.424712781416
4,z,4,0.5,normal,24200000,0.8670229338842975,20981955,0.001834968889989315,0.8654403719008265,242,0.00488105328081646,0.03874049450630593,0.0001331843686753529,0.001057072727165616,0.0048965203160636,0.03886325501711118,2,0,32,32,32,1.0,0.0,1300.0,73996,0,0,0,14708.52255532067
4,z,4,0.8,m1,50200000,0.8618386791044776,43259838,0.004875664875659546,0.8576672257462686,268,0.004993442974742218,0.04170723703519717,0.00026649754526755824,0.002225894306992869,0.005047998173400391,0.04216290391943873,2,0,24,24,16,1.0,0.0,10247.0,382060,0,0,0,12213.877970728849
4,z,4,0.8,normal,24200000,0.7992973140495867,19342995,0.004571557586524481,0.7956743388429752,242,0.006791930868840114,0.05390696338956931,0.00032151135729345173,0.0025518076231404053,0.0068217479395261005,0.05414361888104786,2,0,32,32,32,1.0,0.0,4566.0,166220,0,0,0,13912.551702590077
4,z,4,1.0,m1,50200000,0.8316008171641791,41717361,0.007422957030677972,0.8254829813432837,268,0.005803296672627471,0.04847145969927494,0.00040315439205415094,0.003367307061727548,0.0058792629593691385,0.049105960572488984,2,0,24,24,16,1.0,0.0,18199.0,550817,0,0,0,12319.918241547653
4,z,4,1.0,normal,24200000,0.7592304545454546,18373377,0.006984797759377431,0.7539861570247934,242,0.007739577246333942,0.061428350100406336,0.00047453708729770555,0.003766359505999921,0.007781714380983119,0.0617627888658678,2,0,32,32,32,1.0,0.0,8039.0,237746,0,0,0,12769.809371307667
4,z,5,0.1,m1,50200000,0.9334759552238806,46889141,0.013475559180368085,0.9208971138059701,268,0.0006894499726643569,0.005758562494709774,0.0002519427034706315,0.002104326434904462,0.0007249354305882094,0.006054951261422192,0,2,56,40,48,1.0,0.0,32754.0,1233092,0,0,0,17399.534161566262
4,z,5,0.1,normal,24200000,0.9249188429752067,22383036,0.01409832548751814,0.9118827066115702,242,0.000788937853967865,0.006261730991050852,0.00039272539035939007,0.0031170271972855565,0.0009140367070582951,0.007254629685671189,0,2,64,48,64,1.0,0.0,18610.0,593729,0,0,0,14033.870742396859
4,z,5,0.3,m1,50200000,0.8136159888059701,40842739,0.03950561987036605,0.7814740764925373,268,0.0018424241477049226,0.015388664902429822,0.0006887619377589144,0.0057528157514236435,0.001861765692382677,0.01555021323543018,0,2,56,40,48,1.0,0.0,93232.0,3056429,0,0,0,19980.3356101689
4,z,5,0.3,normal,24200000,0.7918522727272728,19162825,0.04145864513995861,0.7590539669421488,242,0.002044851406292831,0.01622980740305469,0.0011354540180937996,0.009011999586853085,0.0022892806008279177,0.018169820618088344,0,2,64,48,64,1.0,0.0,50943.0,1485552,0,0,0,12792.390024122142
4,z,5,0.5,m1,50200000,0.7099464179104478,35698677,0.06487198580115366,0.6639053059701493,268,0.002640211413503282,0.022052103889641194,0.0011152388676308942,0.009314921996390238,0.0026522001244629087,0.022152238408502986,0,2,56,40,48,1.0,0.0,153813.0,4416960,0,0,0,19115.671126077097
4,z,5,0.5,normal,24200000,0.6784010330578512,16417305,0.06798576886493693,0.6323476033057851,242,0.002921804501370183,0.02319010769226795,0.0017910570748005691,0.014215463912163126,0.0031314465172334527,0.024854018101884166,0,2,64,48,64,1.0,0.0,77604.0,2073778,0,0,0,11918.296906597243
4,z,5,0.8,m1,50200000,0.5793793917910447,29068585,0.10130463334300227,0.5207059664179104,268,0.0033665607492318335,0.028118864653471205,0.0017768873091352799,0.014841274960342288,0.003252150988424545,0.02716326847719243,0,2,56,40,48,1.0,0.0,214196.0,5669355,0,0,0,18100.63315335207
4,z,5,0.8,normal,24200000,0.539421652892562,13054004,0.10543901533140648,0.4826751652892562,242,0.0036611697175673594,0.0290583849775856,0.0026460407723476083,0.02100139500781012,0.0037160100348508926,0.02949364779653426,0,2,64,48,64,1.0,0.0,105287.0,2535956,0,0,0,10956.74812141541
4,z,5,1.0,m1,50200000,0.5068239850746268,25361568,0.12469787506614624,0.44366011007462686,268,0.0037599120438169854,0.03140429231617752,0.002082248599513817,0.017391774842610154,0.003533141961468439,0.029510217701759753,0,2,56,40,48,1.0,0.0,252390.0,6067899,0,0,0,16898.292935477017
4,z,5,1.0,normal,24200000,0.46344933884297523,11215474,0.12949336588184307,0.40359991735537193,242,0.0038596551390818745,0.030633746470152358,0.00313308763081042,0.024867043477321597,0.003789280914979244,0.030075192386559674,0,2,64,48,64,1.0,0.0,117505.0,2661702,0,0,0,9717.09255328076
4,z,6,0.1,m1,50200000,0.9651547052238805,48458802,0.00033222982806592683,0.964834093283582,268,0.0006076530156003454,0.005075361526103001,1.2506445380567715e-05,0.0001044588442470422,0.0006085161050462973,0.0050825703950711605,1,1,40,24,32,1.0,0.0,278.0,31135,0,0,0,15625.291415010812
4,z,6,0.1,normal,24200000,0.9557192975206611,23128407,0.0005162700030775203,0.9552365495867768,242,0.0048203914122466164,0.038259026542145705,3.92658676047841e-05,0.0003116497691608941,0.004834818915846048,0.03837353638085822,1,1,48,32,48,1.0,0.0,224.0,22917,0,0,0,14364.688009202451
4,z,6,0.3,m1,50200000,0.8992524104477613,45117931,0.0014906884959572835,0.8979125298507462,268,0.0016722580783854145,0.01396736969101852,4.7421783315796686e-05,0.0003960857403174399,0.0016751576008869698,0.013991587665044247,1,1,40,24,32,1.0,0.0,2708.0,128759,0,0,0,19578.896795540903
4,z,6,0.3,normal,24200000,0.8782837603305785,21254467,0.002176033816350027,0.8764685950413224,242,0.006719564396375523,0.053332597004352084,0.00025130450095804826,0.001994581922930111,0.006781188410833974,0.053821701436579224,1,1,48,32,48,1.0,0.0,2104.0,83646,0,0,0,14381.15109925074
4,z,6,0.5,m1,50200000,0.8386155970149254,42070796,0.003233935873344162,0.8359055167910449,268,0.002472683237407196,0.020652841419666876,0.00010166049123989594,0.0008491091671024462,0.0024757413844750504,0.020678384289645094,1,1,40,24,32,1.0,0.0,7134.0,246411,0,0,0,19581.562716521963
4,z,6,0.5,normal,24200000,0.8112054958677687,19631173,0.004424028350438488,0.8077722520661157,242,0.006412359889385159,0.05089434160522604,0.0004603831360795354,0.0036540208286974024,0.006499148759188529,0.051583177301209995,1,1,48,32,48,1.0,0.0,5651.0,154867,0,0,0,13761.257579276396
4,z,6,0.8,m1,50200000,0.7567808917910448,38004068,0.007051141820433771,0.7514524347014925,268,0.0035100341273079914,0.02931721180951772,0.00022417729253652714,0.0018724185947497178,0.0035133428450777804,0.029344847546424135,1,1,40,24,32,1.0,0.0,19681.0,495339,0,0,0,19408.33050504254
4,z,6,0.8,normal,24200000,0.7206892975206611,17440681,0.008984708492844022,0.7144443388429752,242,0.00653022602006709,0.05182983481242149,0.0007710840102175646,0.006120026589166253,0.0066455966331156495,0.05274552131364511,1,1,48,32,48,1.0,0.0,13749.0,274758,0,0,0,12860.236461159628
4,z,6,1.0,m1,50200000,0.7060243992537314,35162745,0.010375107548647565,0.6987163843283581,268,0.0042453375215963885,0.035458760459115425,0.0003278843112319524,0.002738621179383623,0.004248031376042963,0.035481260611116734,1,1,40,24,32,1.0,0.0,32710.0,689553,0,0,0,19636.820129954867
4,z,6,1.0,normal,24200000,0.6673558677685951,16150012,0.012787748945369782,0.6590848347107437,242,0.006639591382618875,0.05269785816380947,0.0009614146146508588,0.007630664009251235,0.00675574313274982,0.053619744481979925,1,1,48,32,48,1.0,0.0,20759.0,358800,0,0,0,12546.40322129181
4,z,7,0.1,m1,49200000,0.9354459325842697,46027572,0.00045802011850574554,0.9350173239700375,267,0.000770042168519753,0.00641969015858866,2.4010523510571436e-05,0.00020017101372471537,0.0007672882511602631,0.006396731291018759,0,2,56,24,48,1.0,0.0,286.0,41105,0,0,0,15207.625711235334
4,z,7,0.1,normal,24200000,0.9264282644628099,22419564,0.000481491100157573,0.9259821280991735,242,0.0008135926203895011,0.006457413723477792,2.2239290187398083e-05,0.0001765113080644193,0.0008121850721437501,0.006446242135719021,0,2,64,32,64,1.0,0.0,183.0,21227,0,0,0,13178.000309323776
4,z,7,0.3,m1,50200000,0.8198671604477612,41053987,0.0018484499199714435,0.8183504253731343,268,0.001971453981752835,0.016466373789958723,7.773642804520616e-05,0.0006492858028319302,0.0019613322390618707,0.016381832938334572,0,2,56,24,48,1.0,0.0,2789.0,148331,0,0,0,19086.993300370785
4,z,7,0.3,normal,24200000,0.798032520661157,19312387,0.001953606211207695,0.796473326446281,242,0.002036071171335802,0.01616011944339776,7.355043049141103e-05,0.0005837633568942164,0.002031858733862181,0.016126685694283337,0,2,64,32,64,1.0,0.0,1413.0,72639,0,0,0,12301.560568321991
4,z,7,0.5,m1,50200000,0.7197890111940298,35889914,0.003791106728496725,0.7170566996268657,268,0.0028557138028193416,0.02385206621589971,0.00014444077719424374,0.0012064272612023613,0.0028338703007691145,0.023669620532170903,0,2,56,24,48,1.0,0.0,6757.0,247057,0,0,0,18032.323190354975
4,z,7,0.5,normal,24200000,0.6906770661157026,16714385,0.004105603921524433,0.6878414876033058,242,0.0028395484172603915,0.0225372483213019,0.00013980816754492403,0.0011096452415296824,0.002829433001518737,0.022456963148118333,0,2,64,32,64,1.0,0.0,3752.0,129738,0,0,0,11404.43520018016
4,z,7,0.8,m1,50200000,0.5968619813432836,29981821,0.008072583863168078,0.5920383805970149,268,0.0036389871228304956,0.030394278910886478,0.0002853094818582334,0.0023830191409895747,0.0036004620431342427,0.030072502004888185,0,2,56,24,48,1.0,0.0,18996.0,465713,0,0,0,17789.065653184196
4,z,7,0.8,normal,24200000,0.5614638429752066,13587425,0.008668571068803218,0.5566001033057851,242,0.0035272682084522135,0.027995620369248093,0.00027574979009677614,0.0021886020524185435,0.0035077334842212944,0.027840574965477472,0,2,64,32,64,1.0,0.0,9102.0,217201,0,0,0,10779.126431407669
4,z,7,1.0,m1,50200000,0.5285245074626865,26636817,0.011522818378809776,0.5224260111940299,268,0.003947543702512294,0.032971467130047595,0.0003905801703007638,0.0032622821220507866,0.0038907262455657766,0.03249690495789666,0,2,56,24,48,1.0,0.0,27193.0,570154,0,0,0,16461.39696109199
4,z,7,1.0,normal,24200000,0.4917961157024794,11901466,0.01254153558509473,0.4856323347107438,242,0.0037680542392212117,0.02990671811097183,0.0003877118856211702,0.0030772354471049774,0.0037332872853378723,0.029630775827937952,0,2,64,32,64,1.0,0.0,13392.0,271543,0,0,0,10352.23629419849
4,z,8,0.1,m1,57758200000,1.0,57758200000,8.459743290548424e-10,0.9999999991540257,6856,0.0,0.0,1.5661924366335223e-10,6.616441172134402e-09,1.5661924353196208e-10,6.616441166583775e-09,3,-1,8,8,0,1.0,0.0,0.0,116,0,0,0,13756.080119459584
4,z,8,0.1,normal,57713200000,1.0,57713200000,2.452774930443696e-09,0.999999997547225,6829,0.0,0.0,1.471062646881776e-09,6.202312627337767e-08,1.4710626469673076e-09,6.202312627698387e-08,3,-1,16,16,16,1.0,0.0,0.0,209,0,0,0,670490.5519530824
4,z,8,0.3,m1,7605200000,1.0,7605200000,4.672120669819762e-08,0.9999999532787933,7823,0.0,0.0,3.813718079139865e-09,1.7209932992237387e-07,3.813718079060187e-09,1.720993299187783e-07,3,-1,8,8,0,1.0,0.0,2.0,709,0,0,0,15881.284206810875
4,z,8,0.3,normal,7580200000,1.0,7580200000,1.229802513464991e-07,0.9999998770197487,7798,0.0,0.0,6.274314731763786e-09,2.8268440098510256e-07,6.274314731669789e-09,2.826844009808676e-07,3,-1,16,16,16,1.0,0.0,12.0,1849,0,0,0,470874.9390095218
4,z,8,0.5,m1,957200000,1.0,957200000,2.612765957446808e-07,0.9999997387234042,1175,0.0,0.0,3.2543139579665724e-08,5.691441953337465e-07,3.254313957994241e-08,5.691441953385855e-07,3,-1,8,8,0,1.0,0.0,4.0,525,0,0,0,2144.4105325220444
4,z,8,0.5,normal,931200000,1.0,931200000,9.203655352480419e-07,0.9999990796344649,1149,0.0,0.0,6.992713475109198e-08,1.209343504946997e-06,6.992713475110428e-08,1.20934350494721e-06,3,-1,16,16,16,1.0,0.0,17.0,1757,0,0,0,95364.86253224796
4,z,8,0.8,m1,958200000,1.0,958200000,1.7355442176870747e-06,0.9999982644557823,1176,0.0,0.0,1.0939121240870253e-07,1.913947519612377e-06,1.0939121240922269e-07,1.913947519621478e-06,3,-1,8,8,0,1.0,0.0,37.0,3315,0,0,0,2857.605889321043
4,z,8,0.8,normal,931200000,1.0,931200000,5.672758920800696e-06,0.9999943272410793,1149,0.0,0.0,2.1291490052684246e-07,3.682222258571119e-06,2.1291490052625517e-07,3.682222258560963e-06,3,-1,16,16,16,1.0,0.0,146.0,10521,0,0,0,120165.95302812255
4,z,8,1.0,m1,958200000,1.0,958200000,3.975340136054422e-06,0.999996024659864,1176,0.0,0.0,1.8608828200551372e-07,3.2558667001760667e-06,1.8608828200441435e-07,3.2558667001568315e-06,3,-1,8,8,0,1.0,0.0,109.0,7764,0,0,0,3409.0829506750742
4,z,8,1.0,normal,932200000,1.0,932200000,1.3483478260869567e-05,0.9999865165217392,1150,0.0,0.0,4.115281266235299e-07,7.120202939025865e-06,4.1152812662346264e-07,7.120202939024701e-06,3,-1,16,16,16,1.0,0.0,461.0,24897,0,0,0,131884.4671519185
4,z,9,0.1,m1,50200000,0.9351520223880597,46916083,0.012945599945924254,0.9230462257462686,268,0.0006641930892985527,0.005547606882192279,0.0002537144466147199,0.0021191247437366144,0.0007027556617650721,0.005869696942834481,0,2,56,40,48,1.0,0.0,53146.0,1138736,0,0,0,13277.097947598551
4,z,9,0.1,normal,24200000,0.9259372727272727,22407682,0.013040935193215445,0.9138629958677685,242,0.0007057751149633127,0.0056016755792000095,0.00026716986855704507,0.0021205039628974043,0.0007545956509095919,0.005989159918298512,0,2,64,48,64,1.0,0.0,24529.0,535337,0,0,0,12974.001275684335
4,z,9,0.3,m1,50200000,0.8198551940298507,41163073,0.038710419236587995,0.7881236231343284,268,0.0017458954837266999,0.01458241881338973,0.000719698287936977,0.0060112085470171335,0.0018101564085292708,0.015119151812324231,0,2,56,40,48,1.0,0.0,148631.0,2933777,0,0,0,17174.68690848502
4,z,9,0.3,normal,24200000,0.7958806611570247,19260312,0.039209517443026025,0.764681694214876,242,0.001752279179027701,0.01390768713290543,0.000774352364296612,0.006145967230654767,0.0018377586121457422,0.014586129944035265,0,2,64,48,64,1.0,0.0,65555.0,1378920,0,0,0,12153.621870524192
4,z,9,0.5,m1,50200000,0.720172447761194,36112924,0.06414661700360805,0.6739882070895522,268,0.0025715002448229544,0.021478200670236994,0.0011229205366183246,0.009379082374491124,0.002579429317435802,0.02154442746257368,0,2,56,40,48,1.0,0.0,216945.0,4242700,0,0,0,17390.327042819
4,z,9,0.5,normal,24200000,0.6859721487603305,16600526,0.0652488651382136,0.6412362603305785,242,0.002478717603656881,0.01967336560011709,0.0012260487158341868,0.00973104180749544,0.002551601718351388,0.020251840466600664,0,2,64,48,64,1.0,0.0,98316.0,1968585,0,0,0,11396.029327320954
4,z,9,0.8,m1,50200000,0.5955320597014925,29828460,0.10199858371123265,0.5348251063432835,268,0.0031119694542507846,0.025992416120749037,0.0016542141519743298,0.01381665958585073,0.0030464737058149955,0.025445369379927866,0,2,56,40,48,1.0,0.0,297195.0,5608485,0,0,0,16001.630195949372
4,z,9,0.8,normal,24200000,0.5516020247933884,13348769,0.10393159329125069,0.49432460743801654,242,0.003145689804855332,0.024967065834437262,0.0017953988401302314,0.014249924125200035,0.003107503342436261,0.024663983210165268,0,2,64,48,64,1.0,0.0,132787.0,2506653,0,0,0,10635.816895874334
4,z,9,1.0,m1,50200000,0.5263976082089552,26348373,0.12676858711318945,0.4597255186567164,268,0.003458161207984712,0.028883948397305553,0.0019871395899788997,0.016597386276460478,0.0032988275999188328,0.027553130243800978,0,2,56,40,48,1.0,0.0,330076.0,6186718,0,0,0,15466.613637166098
4,z,9,1.0,normal,24200000,0.47849942148760327,11579686,0.12910777632588424,0.41679756198347107,242,0.003342601113880103,0.026529933733356742,0.002151811039832589,0.017078736692933364,0.003232185808487597,0.025653577077144427,0,2,64,48,64,1.0,0.0,147181.0,2692008,0,0,0,9779.097137874604
4,z,10,0.1,m1,50200000,0.963350697761194,48388293,0.0004975397713755294,0.9628715335820897,268,0.0026683366390778283,0.022287017045882165,1.6671973939008493e-05,0.00013925100825943715,0.0026676349310500638,0.022281156099198382,1,1,40,24,32,1.0,0.0,473.0,47023,0,0,0,7279.96025459544
4,z,10,0.1,normal,24200000,0.9569133471074379,23157303,0.0004285560696374137,0.9565048760330578,242,0.003987306513078301,0.03164690430075152,2.248366151641617e-05,0.00017845086200588751,0.003990100518022095,0.03166908007449303,1,1,48,32,48,1.0,0.0,177.0,19416,0,0,0,13628.191492199316
4,z,10,0.3,m1,50200000,0.895369828358209,44832139,0.00188826624795202,0.8936842611940299,268,0.004668134046607687,0.03899012648762489,5.595531751375068e-05,0.0004673612380736553,0.004665646253797891,0.0389693474450009,1,1,40,24,32,1.0,0.0,3906.0,160154,0,0,0,10020.157383565209
4,z,10,0.3,normal,24200000,0.8808689256198347,21317028,0.0016838156739982931,0.8794092561983471,242,0.006444620819593718,0.05115039379675302,9.478779409974673e-05,0.0007523224610184657,0.0064602952886417256,0.05127480069155791,1,1,48,32,48,1.0,0.0,1527.0,67594,0,0,0,13454.655266016955
4,z,10,0.5,m1,50200000,0.8350938470149254,42034941,0.0037192905167586616,0.8320008526119402,268,0.005036086891782319,0.042063416121470326,0.00011173691678181007,0.0009332715117351738,0.005030539403355113,0.042017081274761586,1,1,40,24,32,1.0,0.0,9514.0,277558,0,0,0,10704.734666775417
4,z,10,0.5,normal,24200000,0.8131911570247934,19679226,0.0034332123160329556,0.8104612603305785,242,0.00696240924253877,0.055260035384434324,0.0002107373176897749,0.0016726037247576935,0.006992170547855026,0.05549624827103327,1,1,48,32,48,1.0,0.0,3912.0,124303,0,0,0,13289.314933624759
4,z,10,0.8,m1,50200000,0.7504985186567164,37365652,0.007493271334869073,0.7449220354477611,268,0.006562717960026555,0.0548144506582862,0.00023994139114298527,0.0020040866643664963,0.006544564757254238,0.05466282783315278,1,1,40,24,32,1.0,0.0,23084.0,496825,0,0,0,11768.51867429589
4,z,10,0.8,normal,24200000,0.7231987603305786,17501410,0.006906079281035186,0.7183178719008264,242,0.006929585351223901,0.0549995150196686,0.00041835022008093417,0.0033204092375829024,0.00697806612341286,0.05538430268343564,1,1,48,32,48,1.0,0.0,9370.0,217495,0,0,0,13075.06020071439
4,z,10,1.0,m1,50200000,0.7025118768656716,35341862,0.01057841293436438,0.6951164645522389,268,0.0054071482209173015,0.04516266905919451,0.0003221195034434874,0.0026904711942707417,0.00539124623673634,0.04502984931399666,1,1,40,24,32,1.0,0.0,35087.0,667996,0,0,0,12789.438017755892
4,z,10,1.0,normal,24200000,0.6699392561983472,16212530,0.009798370230796017,0.6635189462809917,242,0.00689142905473515,0.05469667181975659,0.0005608705735614198,0.004451580862516276,0.006947276851006159,0.05513993091162711,1,1,48,32,48,1.0,0.0,14039.0,282665,0,0,0,13401.846234522032
4,z,11,0.1,m1,50200000,0.9307381604477611,46815049,0.0003102626966414582,0.9304511268656717,268,0.004290808898485562,0.035838555623258946,1.566813575864046e-05,0.0001308665494510832,0.0042930749338291815,0.03585748245864778,0,2,56,24,48,1.0,0.0,213.0,29332,0,0,0,11765.92877582708
4,z,11,0.1,normal,24200000,0.9255884710743802,22399241,0.0002957785401805332,0.9253146280991735,242,0.0008941195375299122,0.00709654884690468,1.5641943489970553e-05,0.0001241487422853515,0.0008927959869745356,0.0070860439414940175,0,2,64,32,64,1.0,0.0,99.0,13056,0,0,0,12111.814516257815
4,z,11,0.3,m1,50200000,0.8107619067164179,40774823,0.001233287295480273,0.8097792126865672,268,0.006632600793768179,0.0553981400938712,8.036999903375652e-05,0.0006712824432309643,0.006639495715988339,0.05545572924765348,0,2,56,24,48,1.0,0.0,1570.0,97074,0,0,0,16362.353194289404
4,z,11,0.3,normal,24200000,0.7938511570247934,19211198,0.0011673820813841488,0.792924173553719,242,0.002241094848337686,0.01778737449995915,4.8850838288949204e-05,0.00038772484615142615,0.002237475042801285,0.017758644418882596,0,2,64,32,64,1.0,0.0,737.0,43392,0,0,0,11479.200308512576
4,z,11,0.5,m1,50200000,0.7080195373134328,35454586,0.002559694905251307,0.7062465671641791,268,0.006691299651878891,0.05588841648258779,0.00019545959538933128,0.0016325568784787043,0.006703378795283565,0.05598930632947483,0,2,56,24,48,1.0,0.0,4089.0,175469,0,0,0,16349.982534110779
4,z,11,0.5,normal,24200000,0.6823998760330579,16514077,0.002420603102321408,0.68074826446281,242,0.003137606435345119,0.024902908835099928,8.779260200406895e-05,0.000696802230985691,0.003131140614816277,0.024851590181058425,0,2,64,32,64,1.0,0.0,1900.0,76138,0,0,0,11031.159842608933
4,z,11,0.8,m1,50200000,0.5803992649253731,29127306,0.005244780829114735,0.5774226212686567,268,0.0059265173351929195,0.04950064805833826,0.00044231129968016987,0.003694361247824066,0.0059448249298080695,0.04965356042602135,0,2,56,24,48,1.0,0.0,9204.0,284484,0,0,0,15290.152695092285
4,z,11,0.8,normal,24200000,0.5450437603305784,13190059,0.005047117828676242,0.5422946280991735,242,0.003909900413925355,0.031032538837712023,0.0001623031794790138,0.0012881861908114567,0.0038940262482662817,0.030906546968308655,0,2,64,32,64,1.0,0.0,4383.0,124292,0,0,0,10671.867781966954
4,z,11,1.0,m1,50200000,0.5088450149253732,25523017,0.007637288871951971,0.5050447798507463,268,0.00578561954133393,0.048323813213935814,0.0006575007592028846,0.005491709859030175,0.005800699798029987,0.04844976956184155,0,2,56,24,48,1.0,0.0,13914.0,375310,0,0,0,14644.872930565267
4,z,11,1.0,normal,24200000,0.47017888429752064,11378329,0.007319983078516345,0.4667418595041323,242,0.0041349554736909025,0.03281878123353466,0.00023302317695781432,0.0018494846475566704,0.004111706634814641,0.03263425722550884,0,2,64,32,64,1.0,0.0,6196.0,153960,0,0,0,10198.493493475835
4,z,12,0.1,m1,20868200000,0.9777560228291758,20354499286,5.205160148262064e-08,0.9777559719924218,3167,0.00024260757324982032,0.0069658210607130636,6.787442968263103e-09,1.9488308853421551e-07,0.00024260784029576983,0.006965828728216078,2,0,24,8,16,1.0,0.0,26.0,2466,0,0,0,25162.19960039287
4,z,12,0.1,normal,20842200000,0.976803876663483,20304569408,1.8897285754881064e-07,0.9768036925660617,3141,0.00024403360948760104,0.006977944974424913,1.5440937156728054e-08,4.4152119070580654e-07,0.00024403595951663865,0.006978012171616918,2,0,32,16,32,1.0,0.0,70.0,8194,0,0,0,440095.9997672656
4,z,12,0.3,m1,957200000,0.9488013344680851,908291424,5.302090067620952e-07,0.9488008323404254,1175,0.0010031233440029198,0.017543538694090043,5.993418079629824e-08,1.048183781370944e-06,0.0010031259227702672,0.01754358379393246,2,0,24,8,16,1.0,0.0,20.0,924,0,0,0,6310.6684585559415
4,z,12,0.3,normal,932200000,0.9472516243478261,883834475,2.0806155917219545e-06,0.9472496739130435,1150,0.0007681851630911886,0.013291033837309547,2.2189264442071962e-07,3.83915595737143e-06,0.000768265333115391,0.013292420928021019,2,0,32,16,32,1.0,0.0,50.0,2433,0,0,0,77277.0924719346
4,z,12,0.5,m1,957200000,0.9176332868085106,878721773,2.618896610587889e-06,0.9176308893617021,1175,0.001190188641596836,0.020815107745174536,1.9445160584309548e-07,3.400747566718337e-06,0.0011901996262390746,0.020815299854646724,2,0,24,8,16,1.0,0.0,77.0,4265,0,0,0,9797.582734097581
4,z,12,0.5,normal,932200000,0.9134127286956522,852526221,7.5783779813241e-06,0.9134059026086957,1150,0.0012247475154347457,0.021190412744110338,6.403115752060167e-07,1.1078582640464126e-05,0.001224967110502569,0.021194212147714026,2,0,32,16,32,1.0,0.0,230.0,8895,0,0,0,108293.0543885917
4,z,12,0.8,m1,957200000,0.8694079778723405,832079093,1.0352604142863156e-05,0.869399000425532,1175,0.002131512698187406,0.03727784396719829,6.01470407899212e-07,1.0519064716630931e-05,0.002131523582666972,0.03727803432493404,2,0,24,8,16,1.0,0.0,382.0,16418,0,0,0,15144.88166751599
4,z,12,0.8,normal,932200000,0.8661538860869565,808893088,2.5088589586070023e-05,0.8661325717391304,1150,0.0018626739658849719,0.032227728284715554,1.7796280755767735e-06,3.0790879734173145e-05,0.0018632358685985383,0.03223745024803653,2,0,32,16,32,1.0,0.0,953.0,29396,0,0,0,144480.38144425873
4,z,12,1.0,m1,958200000,0.8425064804421768,807657007,2.148624096843065e-05,0.8424884494047619,1176,0.0022667551108679087,0.03965995281051635,1.1081419290456483e-06,1.9388444919609142e-05,0.0022667931866739823,0.039660618998347955,2,0,24,8,16,1.0,0.0,888.0,32596,0,0,0,17614.528870475333
4,z,12,1.0,normal,932200000,0.8355447269565217,780302119,4.5295549203696666e-05,0.8355077169565217,1150,0.002186277836198371,0.03782667785686338,3.1090256621599697e-06,5.3791933588707786e-05,0.0021871762414493214,0.03784222194071674,2,0,32,16,32,1.0,0.0,2024.0,51411,0,0,0,165050.5817516475
4,z,13,0.1,m1,50200000,0.9353500820895523,46992941,2.6444111648024152e-05,0.9353253470149253,268,0.0007968049055574372,0.006655233920761362,1.6647094096879107e-06,1.390432018464397e-05,0.0007967746312844227,0.00665498105789959,0,2,56,24,48,1.0,0.0,15.0,2698,0,0,0,5611.137653856975
4,z,13,0.1,normal,24200000,0.9250438016528926,22386060,2.818547316066665e-05,0.9250178925619835,242,0.0017679178095101485,0.014031809580138799,2.539280234438652e-06,2.0154045922601947e-05,0.00176896056356492,0.01404008582819556,0,2,64,32,64,1.0,0.0,15.0,1224,0,0,0,12442.525695886085
4,z,13,0.3,m1,50200000,0.8181930820895522,41088400,0.00023907004413232944,0.8179974906716418,268,0.0020900719938074714,0.017457118967270372,1.0283386724103835e-05,8.589096737385683e-05,0.0020896802184089736,0.01745384670212339,0,2,56,24,48,1.0,0.0,170.0,19789,0,0,0,9069.228565041034
4,z,13,0.3,normal,24200000,0.7928544628099173,19187078,0.00025216056092876586,0.7926588429752066,242,0.0033737807554394383,0.02677740383110908,2.7283294002827396e-05,0.00021654512676281702,0.003382609674721117,0.02684747819400792,0,2,64,32,64,1.0,0.0,107.0,9254,0,0,0,12038.32030748154
4,z,13,0.5,m1,50200000,0.7161084253731343,35968415,0.0006799238030081183,0.7156218246268657,268,0.0030624906253503125,0.025579149111269975,3.0433788560655147e-05,0.00025419519954442723,0.003061405293848937,0.025570083987583054,0,2,56,24,48,1.0,0.0,711.0,52801,0,0,0,9733.081329000037
4,z,13,0.5,normal,24200000,0.6805121900826446,16468395,0.000707507847627119,0.6800444421487603,242,0.0039745672803626715,0.031545794120911026,8.510420134221752e-05,0.0006754646292265511,0.003991990802174535,0.03168408309507279,0,2,64,32,64,1.0,0.0,325.0,21989,0,0,0,10894.385839054361
4,z,13,0.8,m1,50200000,0.5857477649253732,29143888,0.0017293505985135525,0.584735796641791,268,0.003784045400405125,0.03160586378275233,7.018785159337474e-05,0.0005862370669302063,0.003779752513162448,0.03157000786796541,0,2,56,24,48,1.0,0.0,1821.0,103155,0,0,0,11061.376859627926
4,z,13,0.8,normal,24200000,0.5418703719008264,13113263,0.0018253551259564966,0.5409118181818181,242,0.004332680876687269,0.03438811052535845,0.00022493247717795666,0.0017852694685079964,0.004358857989251693,0.03459587598644832,0,2,64,32,64,1.0,0.0,864.0,44666,0,0,0,10456.879760872107
4,z,13,1.0,m1,50200000,0.5136583320895522,25623267,0.0027150656683818885,0.5122661865671642,268,0.004237210505301968,0.03539088036181687,0.00010591660870526117,0.000884657965972387,0.004230187063813592,0.03533221776359752,0,2,56,24,48,1.0,0.0,2728.0,142306,0,0,0,11759.273931658361
4,z,13,1.0,normal,24200000,0.46614995867768594,11280829,0.0028657149126685016,0.4648532231404959,242,0.004442102675331375,0.03525658180509277,0.0003281405916446778,0.0026044232784486645,0.004467692443491205,0.03545968556483041,0,2,64,32,64,1.0,0.0,1364.0,60034,0,0,0,10134.684413228038
4,z,14,0.1,m1,20879200000,0.9634147994004417,20096111419,9.728693968133668e-09,0.9634147900284,3169,0.0003337721616569188,0.009586391465356212,1.7845577708637158e-09,5.125493180473103e-08,0.00033377216319980716,0.00958639150967007,1,1,40,8,32,1.0,0.0,17.0,371,0,0,0,37014.12403330845
4,z,14,0.1,normal,20842200000,0.9638876470232409,20064540016,5.378053497096526e-08,0.9638875952881247,3141,0.000295225279468756,0.008441729643378753,6.072955512551969e-09,1.7365128306587287e-07,0.00029522567384334953,0.008441740920203363,1,1,48,16,48,1.0,0.0,29.0,2247,0,0,0,506448.72566382214
4,z,14,0.3,m1,957200000,0.9007623668085106,862346279,1.3297572297183707e-07,0.9007622523404256,1175,0.0014869486188806723,0.026005117703033827,3.734314930897412e-08,6.530911565141109e-07,0.0014869537947641445,0.026005208223618872,1,1,40,8,32,1.0,0.0,7.0,183,0,0,0,9223.01544034711
4,z,14,0.3,normal,931200000,0.9019391087902525,839666543,5.157555327673542e-07,0.9019386444734552,1149,0.0015920130855560895,0.027532812429123872,6.185661141615862e-08,1.0697691464184228e-06,0.0015920136833544754,0.02753282276765122,1,1,48,16,48,1.0,0.0,21.0,800,0,0,0,91643.31906542886
4,z,14,0.5,m1,957200000,0.8396788995744681,803477477,5.898614952891451e-07,0.8396784085106382,1175,0.0022258144849434604,0.038927079880974276,6.92451156114684e-08,1.2110219270333305e-06,0.0022258167471025246,0.03892711944368141,1,1,40,8,32,1.0,0.0,13.0,930,0,0,0,16906.26094140738
4,z,14,0.5,normal,932200000,0.8441818730434782,786688432,1.6935161480079902e-06,0.84418045,1150,0.0015849676383774478,0.027422891673598498,1.2952150086490187e-07,2.2409631601413503e-06,0.0015849739532099976,0.027423000931961105,1,1,48,16,48,1.0,0.0,100.0,2362,0,0,0,117929.3621942205
4,z,14,0.8,m1,958200000,0.7563623214285714,723878805,2.8312141810028793e-06,0.756360256802721,1176,0.002696783257318154,0.047183878052215904,2.422788242003503e-07,4.238996391230906e-06,0.0026967965198714822,0.047184110098561195,1,1,40,8,32,1.0,0.0,112.0,3705,0,0,0,29204.51325761259
4,z,14,0.8,normal,932200000,0.76162462,708948940,5.387445399672479e-06,0.7616205930434783,1150,0.0028691127952233143,0.04964099422451897,2.754082235555193e-07,4.7650751332139425e-06,0.0028691198802863463,0.049641116809303235,1,1,48,16,48,1.0,0.0,375.0,6793,0,0,0,176600.07402927143
4,z,14,1.0,m1,957200000,0.7063950119148936,675066656,1.2269229601602686e-05,0.7063908872340425,1175,0.002735062239136643,0.047833270464592625,1.1554671893565292e-05,0.0002020786722531774,0.002735104473992868,0.0478340091063946,1,1,40,8,32,1.0,0.0,233.0,7670,0,0,0,37486.90255210764
4,z,14,1.0,normal,931200000,0.7110741053089643,660662251,1.907069376313061e-05,0.711066998694517,1149,0.003322174267814491,0.057454804739025304,9.797093329796383e-06,0.00016943424362977758,0.0033221929213174987,0.05745512733901152,1,1,48,16,48,1.0,0.0,700.0,12069,0,0,0,203915.09342601703
4,z,15,0.1,m1,57748200000,0.9374862660539752,54123828715,3.004920462941186e-09,0.937486263238512,6855,0.00017400082043308353,0.007350196577533283,4.573083329915376e-10,1.9317760316679236e-08,0.0001740008248015419,0.007350196762067055,0,2,56,8,48,1.0,0.0,1.0,348,0,0,0,114768.86841329798
4,z,15,0.1,normal,57621200000,0.9360349935758288,53921243059,3.252593530976862e-09,0.9360349905324141,6818,0.00021802908079197666,0.00918516264462503,4.940338636971608e-10,2.0812734583513973e-08,0.0002180290828285701,0.009185162730422951,0,2,64,16,64,1.0,0.0,5.0,360,0,0,0,1296250.8009593412
4,z,15,0.3,m1,7607200000,0.8295504871565496,6310771546,5.984587739485801e-08,0.8295504374440895,7825,0.000451286586284926,0.020367537604084687,5.4585929405928665e-09,2.4635808012410675e-07,0.00045128650715700553,0.020367534032870865,0,2,56,8,48,1.0,0.0,8.0,726,0,0,0,123599.44137553508
4,z,15,0.3,normal,7580200000,0.8264970498845857,6265980965,7.394223286758314e-08,0.8264969889074121,7798,0.0005454335414708208,0.02457408665958308,6.411978361235337e-09,2.888867294143079e-07,0.0005454335865903524,0.024574088692408708,0,2,64,16,64,1.0,0.0,11.0,866,0,0,0,740829.1184549403
4,z,15,0.5,m1,957200000,0.7309612714893617,699649928,3.515065153974875e-07,0.7309610144680851,1175,0.001675201020524626,0.02929744791570453,5.1776056132977024e-08,9.055070342312924e-07,0.0016752004074509605,0.02929743719371143,0,2,56,8,48,1.0,0.0,8.0,462,0,0,0,23577.99222786608
4,z,15,0.5,normal,932200000,0.7222375878260869,673039206,4.1087215022937175e-07,0.7222372986956521,1150,0.002692643153180802,0.04658774079508959,7.036792330338588e-08,1.2174961124255441e-06,0.0026926459366680322,0.04658778895460209,0,2,64,16,64,1.0,0.0,9.0,503,0,0,0,133961.2408851393
4,z,15,0.8,m1,957200000,0.60673508,580905616,1.8251807524671092e-06,0.6067339680851064,1175,0.0020937122587006926,0.03661675530172823,1.5201557357855399e-07,2.6585874141235128e-06,0.002093704529624116,0.036616620128566514,0,2,56,8,48,1.0,0.0,25.0,2032,0,0,0,39860.076631670614
4,z,15,0.8,normal,932200000,0.5983951643478261,558093153,2.00852244610645e-06,0.598393962173913,1150,0.0025006457990843093,0.043265829031392235,1.5464390010118476e-07,2.675627449907383e-06,0.0025006413438686077,0.04326575194786409,0,2,64,16,64,1.0,0.0,26.0,2110,0,0,0,202311.68436546315
4,z,15,1.0,m1,957200000,0.5332385557446808,510054668,5.21528529491645e-06,0.5332362378723404,1175,0.0028567361947250914,0.049961215906885834,2.005620897571683e-06,3.5076132992596374e-05,0.002856755491273051,0.04996155338256898,0,2,56,8,48,1.0,0.0,82.0,4311,0,0,0,52945.97921770101
4,z,15,1.0,normal,932200000,0.5241641156521739,488312180,4.7125676309968e-06,0.524161712173913,1150,0.003341145150717088,0.05780803299408698,3.6543205150091007e-07,6.322654999208162e-06,0.0033411318814497424,0.05780780341105186,0,2,64,16,64,1.0,0.0,87.0,4328,0,0,0,222007.63658251695
5,x,2,0.1,m2,8350000,0.8051859102052907,6177857,0.0,0.7398631137724551,167,0.002911215552328632,0.01919448777011231,0.0,0.0,0.0034552781418425217,0.022781650085265105,0,3,144,144,128,0.9570037125748502,0.0010199889585757941,0.0,0,678147,0,0,1221.5487080786843
5,x,2,0.3,m2,8350000,0.5124066805613321,3336966,0.0,0.3996366467065869,167,0.006470683996910769,0.042663094714377486,0.0,0.0,0.006388749122374074,0.04212287434286213,0,3,144,144,128,0.8829161183515322,0.002721896148334245,0.0,0,1846673,0,0,1118.4931462351233
5,x,2,0.5,m2,8350000,0.33345027812254635,1848518,0.0,0.2213794011976048,167,0.006418571695112692,0.042319503207133895,0.0,0.0,0.005028801055655278,0.03315634264315956,0,3,144,144,128,0.8215269249735822,0.003153123465993439,0.0,0,2814917,0,0,956.0661072884686
5,x,2,0.8,m2,8350000,0.17003043613386198,742384,0.0,0.08890826347305389,167,0.005146235426885108,0.033930621483679896,0.0,0.0,0.00334287138702445,0.022040519776687414,0,3,144,144,128,0.7457095808383234,0.0042522912070544205,0.0,0,4010725,0,0,749.1807975973934
5,x,2,1.0,m1,368000000,0.03736738885793872,13699595,0.0,0.03736738885793872,359,0.0013061333021671586,0.012626374186429831,0.0,0.0,0.0013061333021671586,0.012626374186429831,0,3,144,144,128,1.0,0.0,0.0,0,0,0,0,200264.49605275225
5,x,2,1.0,m2,8350000,0.1097125140329777,407113,0.0,0.04875604790419162,167,0.004256985310082818,0.028067537770115808,0.0,0.0,0.0022774128378628,0.015015642805593142,0,3,144,144,128,0.7041394082423389,0.004348630370965759,0.0,0,4666379,0,0,633.0590941137634
5,x,2,1.0,normal,368000000,0.029109498328690808,10636141,0.0,0.029109498328690808,359,0.0011054002988441748,0.010685890770750496,0.0,0.0,0.0011054002988441748,0.010685890770750496,0,3,160,160,160,1.0,0.0,0.0,0,0,0,0,193431.338069789
5,x,3,0.1,m2,8400000,0.8953642890096241,7072009,0.0,0.8419058333333334,168,0.0025042188126515345,0.016560400792723886,0.0,0.0,0.003100590356998088,0.020504206240498438,1,2,112,112,96,0.9724082417582418,0.0006150920492150311,0.0,0,502170,0,0,1782.5348916486837
5,x,3,0.3,m2,8400000,0.7159555702774891,5020835,0.0,0.5977184523809524,168,0.006208483127125581,0.041056703344225766,0.0,0.0,0.007365124788889968,0.04870557547776716,1,2,112,112,96,0.9233115384615386,0.001941422492105188,0.0,0,1395730,0,0,1810.5761655336246
5,x,3,0.5,m2,8400000,0.5742658238120406,3562923,0.0,0.4241575,168,0.008253273733918673,0.05457890508419117,0.0,0.0,0.008527097061419566,0.056389698944097816,1,2,112,112,96,0.8782326923076924,0.002660884120811311,0.0,0,2216165,0,0,1725.447533368133
5,x,3,0.8,m2,8400000,0.41174370382865,2142924,0.0,0.25511,168,0.00910499704593338,0.060211351953534484,0.0,0.0,0.007839100455380126,0.051839976898050595,1,2,112,112,96,0.8222883516483516,0.0034213272552046483,0.0,0,3234352,0,0,1532.4639939665794
5,x,3,1.0,m1,358000000,0.17124070111731843,61304171,0.0,0.17124070111731843,358,0.006233150277729111,0.06017180502343907,0.0,0.0,0.006233150277729111,0.06017180502343907,1,2,112,112,96,1.0,0.0,0.0,0,0,0,0,228829.4889179361
5,x,3,1.0,m2,8400000,0.33767707172476263,1574989,0.0,0.18749869047619047,168,0.00899853772428918,0.05950733638363198,0.0,0.0,0.007010853120600662,0.046362776682894354,1,2,112,112,96,0.7920746703296703,0.004014558305596578,0.0,0,3784241,0,0,1440.8582368930802
5,x,3,1.0,normal,358000000,0.14012192737430168,50163650,1.6117339388295395e-08,0.14012192597765363,358,0.005308634867696784,0.05124698233909055,3.158998520105897e-08,3.049543722703191e-07,0.005308635019065208,0.051246983800327786,1,2,128,128,128,1.0,0.0,0.0,1,0,0,0,235670.29155200603
5,x,5,0.1,m2,8400000,0.9534140006330398,7589908,0.0,0.9035604761904762,168,0.0015876649441752344,0.010499229407297842,0.0,0.0,0.0026263712414389562,0.017368194891348387,2,1,80,80,64,0.9825465476190477,0.00048509028106870366,0.0,0,439827,0,0,2529.1449748279992
5,x,5,0.3,m2,8400000,0.8694123826220848,6241858,0.0,0.7430783333333333,168,0.003699896754011829,0.024467419871052647,0.0,0.0,0.005554082554015531,0.036729151887883185,2,1,80,80,64,0.9514132142857143,0.0011229854574828198,0.0,0,1224387,0,0,2768.4446436120197
5,x,5,0.5,m2,8400000,0.7847613411027503,5067646,0.0,0.6032911904761905,168,0.0061749420068715226,0.04083489589208223,0.0,0.0,0.00805964910200181,0.05329846525533622,2,1,80,80,64,0.922493373015873,0.0018381664039652048,0.0,0,1953167,0,0,2588.109771906631
5,x,5,0.8,m2,8400000,0.6831220459531715,3779627,0.0,0.44995559523809525,168,0.00816890783853228,0.05402099335787667,0.0,0.0,0.008902689645462572,0.05887349297004443,2,1,80,80,64,0.8854337698412698,0.0023143326612220174,0.0,0,2887069,0,0,2251.641339965863
5,x,5,1.0,m1,358000000,0.3774280837988827,135119254,8.017517331322914e-09,0.37742808100558656,358,0.006148332638511241,0.05935301673466618,1.1403763928466539e-08,1.1008639757792109e-07,0.006148332679576458,0.059353017131089834,2,1,80,80,64,1.0,0.0,0.0,2,0,0,0,223215.03947193664
5,x,5,1.0,m2,8400000,0.6201739659326047,3133166,0.0,0.3729959523809524,168,0.009356474407277495,0.06187437192332125,0.0,0.0,0.008852709145076364,0.058542971885371275,2,1,80,80,64,0.866030119047619,0.002419052110831645,0.0,0,3376041,0,0,2112.151584581705
5,x,5,1.0,normal,358000000,0.3068791787709497,109862746,2.489862497449612e-08,0.30687917597765363,358,0.006363002287742209,0.061425333252387276,4.122927389037856e-08,3.980073829847812e-07,0.006363002809109349,0.06142533828541239,2,1,96,96,96,1.0,0.0,0.0,2,0,0,0,246371.5610596392
5,x,9,1.0,m1,358000000,0.5376067067039106,192463201,3.6724614506608353e-06,0.5376061885474861,358,0.011884184903442944,0.11472414830546854,3.14046070075797e-06,3.0316482123807666e-05,0.011884324864662251,0.11472549942309346,3,0,48,48,32,1.0,0.0,23.0,325,0,0,0,219773.64675574464
5,x,9,1.0,normal,358000000,0.48609877374301674,174023361,4.694202041142258e-07,0.4860986201117318,358,0.008754350109184897,0.08451024352146849,2.0473637089138516e-07,1.9764254737286997e-06,0.008754369905867697,0.08451043462902798,3,0,64,64,64,1.0,0.0,7.0,96,0,0,0,262566.70383724704
5,x,17,1.0,m1,4838000000,1.0,4838000000,3.163771712158809e-09,0.9999999968362283,806,0.0,0.0,1.4889403888876035e-09,2.1566951429334503e-08,1.4889403886808526e-09,2.1566951426339765e-08,4,-1,16,16,0,1.0,0.0,2.0,38,0,0,0,547234.1962206754
5,x,17,1.0,normal,4808000000,1.0,4808000000,6.12640099626401e-07,0.9999993873599005,803,0.0,0.0,4.917259156996702e-08,7.10926657227101e-07,4.917259157076476e-08,7.109266572386346e-07,4,-1,32,32,32,1.0,0.0,253.0,5400,0,0,0,2463192.2736936808
5,z,16,1.0,m1,20663000000,1.0,20663000000,1.9842230073077483e-09,0.999999998015777,20663,0.0,0.0,4.3385039687837244e-10,3.181856692372083e-08,4.3385039693317776e-10,3.181856692774025e-08,4,-1,16,16,0,1.0,0.0,1.0,80,0,0,0,3728257.5220763385
5,z,16,1.0,normal,1384000000,1.0,1384000000,1.7702312138728322e-08,0.9999999822976878,1384,0.0,0.0,5.071753714632728e-09,9.626538003383873e-08,5.0717537144213455e-09,9.626538002982654e-08,4,-1,32,32,32,1.0,0.0,1.0,47,0,0,0,727299.898002833
5,z,18,1.0,m1,124000000,0.17492125,21690235,0.07968667049905002,0.16208070967741936,124,0.010446241629175622,0.05934919578411781,0.004506884357139061,0.0256053776643622,0.010169408572676819,0.05777639861429398,1,2,112,80,96,1.0,0.0,232635.0,2719184,0,0,0,84021.97077272506
5,z,18,1.0,normal,124000000,0.153066,18980184,0.0758531587634979,0.14256975,124,0.009072068815644464,0.051541981070292654,0.005354655484910838,0.030421897942978438,0.008895836352319273,0.05054073532654191,1,2,128,96,128,1.0,0.0,197859.0,2207352,0,0,0,84362.56866979122
5,z,24,1.0,m1,400000000,0.5554581625,222183265,3.1579803638433837e-07,0.555458085,400,0.008993779017758361,0.09177325528324858,4.5061550399876343e-07,4.598117387742484e-06,0.008993798298299733,0.09177345202346666,3,0,48,16,32,1.0,0.0,5.0,52,0,0,0,259929.8406067551
5,z,24,1.0,normal,399000000,0.5887617518796993,234915939,5.457209212321459e-07,0.5887615964912281,399,0.007428022567538868,0.07570134417266867,7.899007214413565e-07,8.050129874051237e-06,0.007428062454752059,0.07570175067596432,3,0,64,32,64,1.0,0.0,9.0,106,0,0,0,313229.62945218093
5,z,28,1.0,m1,400000000,0.3752269275,150090771,6.731767346481876e-09,0.375226925,400,0.006131472098048154,0.0625660418168179,9.377759232234955e-09,9.569142073709137e-08,0.006131472094286082,0.06256604177842941,2,1,80,16,64,1.0,0.0,0.0,2,0,0,0,263704.6448266886
5,z,28,1.0,normal,400000000,0.3690276675,147611067,1.1871074903856336e-08,0.36902766375,400,0.007094554135474951,0.07239340954566277,1.3475762125204213e-08,1.3750777678779808e-07,0.00709455438630524,0.07239341210515551,2,1,96,32,96,1.0,0.0,0.0,3,0,0,0,289438.412219867
5,z,30,1.0,m1,400000000,0.16434021999999998,65736088,0.0,0.16434021999999998,400,0.00590440803375084,0.060249061568886125,0.0,0.0,0.00590440803375084,0.060249061568886125,1,2,112,16,96,1.0,0.0,0.0,0,0,0,0,272014.98597350356
5,z,30,1.0,normal,399000000,0.16846645363408522,67218115,0.0,0.16846645363408522,399,0.005825158252243501,0.05936604334516098,0.0,0.0,0.005825158252243501,0.05936604334516098,1,2,128,32,128,1.0,0.0,0.0,0,0,0,0,282457.39254235884
5,z,31,1.0,m1,400000000,0.033668052500000004,13467221,0.0,0.033668052500000004,400,0.001141152617644349,0.011644414465758663,0.0,0.0,0.001141152617644349,0.011644414465758663,0,3,144,16,128,1.0,0.0,0.0,0,0,0,0,229970.69378637627
5,z,31,1.0,normal,400000000,0.033234805,13293922,0.0,0.033234805,400,0.0011236757379378193,0.011466078958549177,0.0,0.0,0.0011236757379378193,0.011466078958549177,0,3,160,32,160,1.0,0.0,0.0,0,0,0,0,227448.63598492625
6,x,2,1.0,m1,10021000,0.0,0,0.0,0.0,4,0.0,0.0,0.0,0.0,0.0,0.0,0,4,352,352,320,1.0,0.0,0.0,0,0,0,0,3001.8868935950745
6,x,2,1.0,normal,10021000,0.0,0,0.0,0.0,4,0.0,0.0,0.0,0.0,0.0,0.0,0,4,384,384,384,1.0,0.0,0.0,0,0,0,0,3881.9415621549697
6,x,3,1.0,m1,21000,0.0,0,0.0,0.0,3,0.0,0.0,0.0,0.0,0.0,0.0,1,3,288,288,256,1.0,0.0,0.0,0,0,0,0,6.8443663919752
6,x,3,1.0,normal,21000,0.0,0,0.0,0.0,3,0.0,0.0,0.0,0.0,0.0,0.0,1,3,320,320,320,1.0,0.0,0.0,0,0,0,0,6.53782656401745
6,x,5,1.0,m1,21000,3.3333333333333335e-05,1,0.0,3.3333333333333335e-05,3,6.533333333333334e-05,5.773502691896258e-05,0.0,0.0,6.533333333333334e-05,5.773502691896258e-05,2,2,224,224,192,1.0,0.0,0.0,0,0,0,0,8.358118218020536
6,x,5,1.0,normal,21000,6.666666666666667e-05,2,0.0,6.666666666666667e-05,3,0.00013066666666666668,0.00011547005383792516,0.0,0.0,0.00013066666666666668,0.00011547005383792516,2,2,256,256,256,1.0,0.0,0.0,0,0,0,0,8.108062954997877
6,x,9,1.0,m1,21000,0.038933333333333334,133,0.0,0.038933333333333334,3,0.0745508300631932,0.06588052317136935,0.0,0.0,0.0745508300631932,0.06588052317136935,3,1,160,160,128,1.0,0.0,0.0,0,0,0,0,7.617022526013898
6,x,9,1.0,normal,21000,0.0317,753,0.0,0.0317,3,0.0410061792416704,0.036237135648392524,0.0,0.0,0.0410061792416704,0.036237135648392524,3,1,192,192,192,1.0,0.0,0.0,0,0,0,0,7.706171726982575
6,x,17,1.0,m1,21000,0.0629,1500,0.0,0.0629,3,0.03238708491564706,0.028620447236198106,0.0,0.0,0.03238708491564706,0.028620447236198106,4,0,96,96,64,1.0,0.0,0.0,0,0,0,0,8.11631807097001
6,x,17,1.0,normal,21000,0.0222,522,0.0,0.0222,3,0.01254604150054245,0.011086929241228163,0.0,0.0,0.01254604150054245,0.011086929241228163,4,0,128,128,128,1.0,0.0,0.0,0,0,0,0,8.034414626017679
6,x,33,1.0,m1,1769021000,1.0,1769021000,0.0,1.0,1772,0.0,0.0,0.0,0.0,0.0,0.0,5,-1,32,32,0,1.0,0.0,0.0,0,0,0,0,1609255.3501766047
6,x,33,1.0,normal,1769021000,1.0,1769021000,2.821670428893905e-10,0.999999999717833,1772,0.0,0.0,5.530474040632058e-10,1.1877858453639505e-08,5.53047403500125e-10,1.1877858441546157e-08,5,-1,64,64,64,1.0,0.0,0.0,1,0,0,0,1602402.1546832335
6,z,32,1.0,m1,2782000000,1.0,2782000000,0.0,1.0,670,0.0,0.0,0.0,0.0,0.0,0.0,5,-1,32,32,0,1.0,0.0,0.0,0,0,0,0,2640221.7560710376
