n,lstate,i,p_error,sim_type,decoder_type,shots,prep_rate,count_accept,LER,prep_rate_SEM,N_samples,prep_rate_SD,LER_SEM,LER_SD,eff,eff_SEM,eff_SD,skip,s_l,CNOT,hadamard,meas,cost,cost_SEM,count_accept,count_logerror,count_undecided,count_detect_discard,total_meta_shots,detect_normal,decoding_normal
3,x,2,0.0,m2,val,100,1.0,100,0.0,0.0,1,,0.0,,1.0,0.0,,0,1,20,20,16,1.0,0.0,100,0.0,0,0,0,0.0,0.0029173819984862
3,x,3,0.0,m2,val,100,1.0,100,0.0,0.0,1,,0.0,,1.0,0.0,,1,0,12,12,8,1.0,0.0,100,0.0,0,0,0,0.0,0.0025587050004105
3,x,4,0.0,m2,val,100,1.0,100,0.0,0.0,1,,0.0,,1.0,0.0,,0,1,20,12,16,1.0,0.0,100,0.0,0,0,0,0.0,0.011574637999729
3,x,5,0.0,m2,val,100,1.0,100,0.0,0.0,1,,0.0,,1.0,0.0,,2,-1,4,4,0,1.0,0.0,100,0.0,0,0,0,0.0,0.0028557699988596
3,x,6,0.0,m2,val,100,1.0,100,0.0,0.0,1,,0.0,,1.0,0.0,,0,1,20,12,16,1.0,0.0,100,0.0,0,0,0,0.0,0.013047701000687
3,x,7,0.0,m2,val,100,1.0,100,0.0,0.0,1,,0.0,,1.0,0.0,,1,0,12,4,8,1.0,0.0,100,0.0,0,0,0,0.0,0.0126453289994969
3,x,8,0.0,m2,val,100,1.0,100,0.0,0.0,1,,0.0,,1.0,0.0,,0,1,20,4,16,1.0,0.0,100,0.0,0,0,0,0.0,0.0123206570006004
3,z,2,0.0,m2,val,100,1.0,100,0.0,0.0,1,,0.0,,1.0,0.0,,1,0,12,12,8,1.0,0.0,100,0.0,0,0,0,0.0,0.0131842209993919
3,z,3,0.0,m2,val,100,1.0,100,0.0,0.0,1,,0.0,,1.0,0.0,,0,1,20,12,16,1.0,0.0,100,0.0,0,0,0,0.0,0.0133388480007852
3,z,4,0.0,m2,val,100,1.0,100,0.0,0.0,1,,0.0,,1.0,0.0,,2,-1,4,4,0,1.0,0.0,100,0.0,0,0,0,0.0,0.0032675489983375
3,z,5,0.0,m2,val,100,1.0,100,0.0,0.0,1,,0.0,,1.0,0.0,,0,1,20,12,16,1.0,0.0,100,0.0,0,0,0,0.0,0.0111506140001438
3,z,6,0.0,m2,val,100,1.0,100,0.0,0.0,1,,0.0,,1.0,0.0,,1,0,12,4,8,1.0,0.0,100,0.0,0,0,0,0.0,0.0033077759999287
3,z,7,0.0,m2,val,100,1.0,100,0.0,0.0,1,,0.0,,1.0,0.0,,0,1,20,4,16,1.0,0.0,100,0.0,0,0,0,0.0,0.0020633200001611
3,z,8,0.0,m2,val,100,1.0,100,0.0,0.0,1,,0.0,,1.0,0.0,,0,1,20,-4,16,1.0,0.0,100,0.0,0,0,0,0.0,0.0001806780001061
4,x,2,0.0,m2,val,200,1.0,200,0.0,0.0,1,,0.0,,1.0,0.0,,0,2,56,56,48,1.0,0.0,200,0.0,0,0,0,0.0,0.0458126669982447
4,x,2,0.0001,m1,anqi,125000000,0.988216304,123527038,0.0,0.0,1,,0.0,,0.988216304,0.0,,0,2,56,56,48,1.0,0.0,123527038,0.0,0,0,0,0.0,589.5564024670748
4,x,2,0.0001,m1,val,771900000,0.98821696473568,762820006,0.0,3.9130881932746274e-05,2,2.8234399967811273e-05,0.0,0.0,0.98821696473568,3.9130881932746274e-05,2.8234399967811273e-05,0,2,56,56,48,1.0,0.0,762820006,0.0,0,0,0,2.047767397947609,1651.4150116722512
4,x,2,0.0001,m2,val,1052400000,0.9921359690916355,1038636368,0.0,0.0,1,,0.0,,0.9869216723679209,0.0,,0,2,56,56,48,0.9975743259363213,0.0,1038636368,0.0,0,5531022,0,0.0,594.5037473256234
4,x,2,0.0001,normal,anqi,126000000,0.986223261904762,124264131,0.0,0.0,1,,0.0,,0.986223261904762,0.0,,0,2,64,64,64,1.0,0.0,124264131,0.0,0,0,0,0.0,6986.212239325279
4,x,2,0.0001,normal,val,772900000,0.9861972222150064,762256033,0.0,6.184887474569467e-05,2,4.4626284430038884e-05,0.0,0.0,0.9861972222150064,6.184887474569467e-05,4.4626284430038884e-05,0,2,64,64,64,1.0,0.0,762256033,0.0,0,0,0,14.848790252115576,32028.395172694098
4,x,2,0.0005,m1,val,769900000,0.9425547265878685,725672884,0.0,0.0,1,,0.0,,0.9425547265878685,0.0,,0,2,56,56,48,1.0,0.0,725672884,0.0,0,0,0,3.002606811001897,3442.161929685056
4,x,2,0.0005,m2,val,1052400000,0.9612628236691685,985341177,0.0,0.0,1,,0.0,,0.9362800997719498,0.0,,0,2,56,56,48,0.9880048539601789,0.0,985341177,0.0,0,27351332,0,0.0,1220.329233828932
4,x,2,0.0005,normal,val,770000000,0.9330547012987013,718452120,0.0,0.0,1,,0.0,,0.9330547012987013,0.0,,0,2,64,64,64,1.0,0.0,718452120,0.0,0,0,0,93.44471625518054,42971.08681187001
4,x,2,0.001,m1,anqi,92419000000,0.8884291753572814,82108025725,6.229952434211492e-12,6.435414145680163e-06,2,4.643392838932935e-06,1.2210706771054524e-11,8.81048322540117e-12,0.8884291753517466,6.4354032973190644e-06,4.643385011433243e-06,0,2,56,56,48,1.0,0.0,82108025725,1.0,0,0,0,0.0,1200248.4876047135
4,x,2,0.001,m1,val,33579900000,0.8884329434870265,29833489399,2.027922352322217e-09,0.0,1,,0.0,,0.8884329416853535,0.0,,0,2,56,56,48,1.0,0.0,29833489399,0.0,121,0,0,5.826127861626446,139979.5391090476
4,x,2,0.001,m2,val,1052400000,0.9239416096123598,922630858,0.0,0.0,1,,0.0,,0.8766921873812239,0.0,,0,2,56,56,48,0.9763973984738181,0.0,922630858,0.0,0,53818652,0,0.0,1688.6169216330163
4,x,2,0.001,normal,anqi,152631000000,0.8706471764608705,132888360918,2.942631470454869e-09,8.07566628541756e-06,2,5.826896319406463e-06,1.8049878003717775e-09,1.302366442450892e-09,0.8706471738988805,8.077237769219536e-06,5.828030203950241e-06,0,2,64,64,64,1.0,0.0,132888360918,272.0,0,0,0,0.0,1284100.3563507735
4,x,2,0.001,normal,val,45480000000,0.8706538837950748,39597338635,1.7046600182451883e-09,0.0,1,,0.0,,0.8706538823109059,0.0,,0,2,64,64,64,1.0,0.0,39597338635,0.0,135,0,0,72.08889524219558,1630492.9273209618
4,x,2,0.0025,m1,anqi,174438000000,0.7442695482384195,129829335816,7.332373391806587e-10,6.434201309843955e-06,2,4.642517732357171e-06,3.150842991696601e-10,2.273451475390587e-10,0.7442695476926938,6.43443581266112e-06,4.642686934941074e-06,0,2,56,56,48,1.0,0.0,129829335816,79.0,0,0,0,0.0,1067444.0893256615
4,x,2,0.0025,normal,anqi,2523000000,0.7076897531975044,1785552520,7.774262868390435e-08,4.8384428543521974e-05,2,3.491118114995953e-05,9.08513726611831e-09,6.555267519268234e-09,0.7076896981799571,4.8390854240589746e-05,3.4915817531562053e-05,0,2,64,64,64,1.0,0.0,1785552520,132.0,0,0,0,0.0,81817.66943636243
4,x,2,0.005,m1,anqi,2141000000,0.5545799621385902,1187564390,1.2931874842712441e-08,0.00015718109252995185,4,0.0001603888699285223,8.899232051235026e-09,9.080849031872477e-09,0.5545799549658955,0.0001571768627793076,0.00016038455385643634,0,2,56,56,48,1.0,0.0,1187564390,20.0,0,0,0,0.0,114481.54875883076
4,x,2,0.005,m1,val,759900000,0.554662896820161,421498084,1.2029567575987146e-06,2.5277767515573532e-05,2,1.8238857983182728e-05,2.059404791165295e-06,1.4859378500418838e-06,0.554662229598232,2.6420012534615897e-05,1.906303063495968e-05,0,2,56,56,48,1.0,0.0,421498084,2.0,129,0,0,44.33491790527478,19505.430788380556
4,x,2,0.005,m2,val,1052400000,0.6712318470551951,546710582,5.871479546375416e-07,0.0,1,,0.0,,0.5194890355378183,0.0,,0,2,56,56,48,0.8956619783352338,0.0,546710582,0.0,642,237911557,0,0.0,7247.386611904018
4,x,2,0.005,normal,anqi,2138000000,0.5018431248010984,1072965925,1.1239900734434237e-06,3.963568265216547e-05,3,3.502602864603415e-05,7.133014721062415e-08,6.30344076939635e-08,0.5018425607350809,3.965202192969875e-05,3.504046765564977e-05,0,2,64,64,64,1.0,0.0,1072965925,1238.0,0,0,0,0.0,421453.2913602554
4,x,2,0.005,normal,val,9484000000,0.6596785630209338,8849378063,5.193319149516053e-07,0.3092720328082115,3,0.27330350723669955,7.944998902921725e-07,7.020990696907865e-07,0.6596782915188388,0.30927223313245356,0.2733036842631103,0,2,64,64,64,1.0,0.0,8849378063,8.0,1283,0,0,207.8804706661031,283058.16057398764
4,x,2,0.01,m1,anqi,20253000000,0.309367990690779,6265681417,6.536576975645815e-07,5.0463939268841074e-06,2,3.6411626186105745e-06,1.40591268811738e-08,1.0144187709428645e-08,0.309367788469992,5.042041184393775e-06,3.638021951537439e-06,0,2,56,56,48,1.0,0.0,6265681417,4140.0,0,0,0,0.0,2695180.0422658
4,x,2,0.01,m1,val,618900000,0.2955756278165019,174336455,1.1125947513720617e-05,0.027397609479656318,2,0.01976840352180186,5.102825836338562e-06,3.6818803592744013e-06,0.29557230286513214,0.027395796384341052,0.019767095305483123,0,2,56,56,48,1.0,0.0,174336455,51.0,2876,0,0,98.79311243677512,28582.688645829166
4,x,2,0.01,m2,val,458400000,0.44699996834046185,124670477,1.0692186571163917e-05,0.0,1,,0.0,,0.27196584642233856,0.0,,0,2,56,56,48,0.8192759665726943,0.0,124670477,46.0,2574,179495110,0,0.0,11239.16824135976
4,x,2,0.01,normal,anqi,127000000,0.25387758267716537,32242453,1.7399420571381463e-05,0.0,1,,0.0,,0.2538731653543307,0.0,,0,2,64,64,64,1.0,0.0,32242453,561.0,0,0,0,0.0,49056.995547160215
4,x,2,0.01,normal,val,652100000,0.245425743645047,154318808,1.2240323653194263e-05,0.01736218245570792,2,0.012527466276152218,8.125287023179281e-06,5.862699544058293e-06,0.24542270283212653,0.017359975782365304,0.01252587407851505,0,2,64,64,64,1.0,0.0,154318808,16.0,2479,0,0,320.8766591362655,71937.83090006323
4,x,2,0.05,m1,anqi,3000000,0.003736,11208,0.0014275517487508922,0.0,1,,0.0,,0.003730666666666667,0.0,,0,2,56,56,48,1.0,0.0,11208,16.0,0,0,0,0.0,1077.9529795520357
4,x,2,0.05,m1,val,3000000,0.003736,11208,0.009145253390435404,0.0,1,,0.0,,0.0037018333333333335,0.0,,0,2,56,56,48,1.0,0.0,11208,15.0,175,0,0,0.0,1228.2560596499245
4,x,2,0.05,normal,anqi,8000000,0.0015832666666666666,12664,0.008253720388107939,2.0906666666668946e-06,2,1.5084944665314658e-06,0.0021566734039905285,0.0015561208048636504,0.0015702,5.488000000000026e-06,3.9597979746446855e-06,0,2,64,64,64,1.0,0.0,12664,108.0,0,0,0,0.0,2602.434212538181
4,x,2,0.05,normal,val,8000000,0.0015832666666666666,12664,0.008664115244008381,2.0906666666668946e-06,2,1.5084944665314658e-06,0.0017239339194935414,0.0012438830252973336,0.00156955,4.801999999999957e-06,3.464823227814052e-06,0,2,64,64,64,1.0,0.0,12664,19.0,187,0,0,0.0,2207.461266113911
4,x,2,0.1,m1,anqi,372000000,5.2937908496732025e-05,18621,0.0507688124816577,4.157576111518869e-06,3,3.6740474803496575e-06,0.015730346422472914,0.013900897563460413,5.028006535947713e-05,4.723697009392271e-06,4.174328173381925e-06,0,2,56,56,48,1.0,0.0,18621,1043.0,0,0,0,0.0,139386.57210262702
4,x,2,0.1,m1,val,373000000,5.238235294117647e-05,18673,0.1406119178615899,3.130768624546285e-06,3,2.7666583288044367e-06,0.0033480424007583305,0.0029586630326573003,4.5018137254901965e-05,2.744998336588079e-06,2.4257533600319424e-06,0,2,56,56,48,1.0,0.0,18673,1062.0,3092,0,0,0.0,141214.4931022033
4,x,2,0.1,normal,anqi,373000000,1.8965032679738563e-05,7671,0.20753185152528078,2.614832088171524e-06,3,2.3107255254971947e-06,0.009931254610827497,0.00877624365757954,1.5022549019607843e-05,1.9878745865320807e-06,1.7566835627288457e-06,0,2,64,64,64,1.0,0.0,7671,1658.0,0,0,0,0.0,139070.5566868303
4,x,2,0.1,normal,val,373000000,1.8965032679738563e-05,7671,0.2049188656786892,2.614832088171524e-06,3,2.3107255254971947e-06,0.012511522214754475,0.011056424569378285,1.507483660130719e-05,2.0353002166384284e-06,1.7985935632008678e-06,0,2,64,64,64,1.0,0.0,7671,803.0,1686,0,0,0.0,139175.33183185713
4,x,3,0.0,m2,val,200,1.0,200,0.0,0.0,1,,0.0,,1.0,0.0,,1,1,40,40,32,1.0,0.0,200,0.0,0,0,0,0.0,0.048288728999978
4,x,3,0.0001,m1,anqi,125000000,0.9918646,123983075,0.0,0.0,1,,0.0,,0.9918646,0.0,,1,1,40,40,32,1.0,0.0,123983075,0.0,0,0,0,0.0,561.9040063959546
4,x,3,0.0001,m1,val,771900000,0.9918668933627743,765630420,0.0,2.1350991037835107e-05,2,1.54055413754147e-05,0.0,0.0,0.9918668933627743,2.1350991037835107e-05,1.54055413754147e-05,1,1,40,40,32,1.0,0.0,765630420,0.0,0,0,0,1.5442187767475843,1496.5655349527467
4,x,3,0.0001,m2,val,1052400000,0.9960619989868249,1042744865,0.0,0.0,1,,0.0,,0.9908256033827442,0.0,,1,1,40,40,32,0.9982476339794755,0.0,1042744865,0.0,0,5532570,0,0.0,636.4922232872341
4,x,3,0.0001,normal,anqi,126000000,0.9898722142857143,124723899,0.0,0.0,1,,0.0,,0.9898722142857143,0.0,,1,1,48,48,48,1.0,0.0,124723899,0.0,0,0,0,0.0,7483.309048213123
4,x,3,0.0001,normal,val,772900000,0.9898724730051522,765068707,0.0,9.52624323509732e-06,2,6.873542031397745e-06,0.0,0.0,0.9898724730051522,9.52624323509732e-06,6.873542031397745e-06,1,1,48,48,48,1.0,0.0,765068707,0.0,0,0,0,15.052663489244878,33746.26312683299
4,x,3,0.0005,m1,val,769900000,0.9600477425639693,739140757,6.76461141216706e-10,0.0,1,,0.0,,0.9600477419145343,0.0,,1,1,40,40,32,1.0,0.0,739140757,0.0,1,0,0,2.392997558694333,3157.668563956904
4,x,3,0.0005,m2,val,1052400000,0.9804003338127226,1004947816,0.0,0.0,1,,0.0,,0.9549105055112125,0.0,,1,1,40,40,32,0.9913335306600786,0.0,1004947816,0.0,0,27361777,0,0.0,1243.1087059876882
4,x,3,0.0005,normal,val,770000000,0.9503685805194805,731783807,0.0,0.0,1,,0.0,,0.9503685805194805,0.0,,1,1,48,48,48,1.0,0.0,731783807,0.0,0,0,0,40.80304932920262,43510.401318905046
4,x,3,0.001,m1,anqi,735620000000,0.9217145348790141,678032993672,2.5016889074956395e-12,4.286331431517012e-06,3,3.7878284782994394e-06,4.9033102586914534e-12,4.333052292513925e-12,0.9217145348767083,4.286329530803731e-06,3.7878267986402696e-06,1,1,40,40,32,1.0,0.0,678032993672,5.0,0,0,0,0.0,586014.7012703927
4,x,3,0.001,m1,val,11659900000,0.9217215075319447,10747137593,3.174492681903548e-09,8.584926485037946e-06,2,6.19434666689625e-06,1.5987952087131564e-09,1.1535907487853415e-09,0.9217215046059501,8.586400101570078e-06,6.1954099365316975e-06,1,1,40,40,32,1.0,0.0,10747137593,0.0,83,0,0,4.640975493006408,126681.91607355535
4,x,3,0.001,m2,val,1052400000,0.9610896518960073,959708049,0.0,0.0,1,,0.0,,0.9119232696693272,0.0,,1,1,40,40,32,0.9829476947928544,0.0,959708049,0.0,0,53837538,0,0.0,1591.4831373090856
4,x,3,0.001,normal,anqi,12828000000,0.9032672154720871,11587149908,3.71625328703318e-09,8.609869740551223e-06,2,6.21234416191493e-06,1.5219725154874748e-11,1.098160292327287e-11,0.9032672121153174,8.60988345595004e-06,6.21235405808994e-06,1,1,48,48,48,1.0,0.0,11587149908,43.0,0,0,0,0.0,1217623.3337976679
4,x,3,0.001,normal,val,11668000000,0.9032669504906878,10539364697,4.32047864183598e-09,9.1575704437874e-06,2,6.607530775505686e-06,2.1303669228428926e-10,1.5371396913854367e-10,0.9032669465881418,9.157377975261838e-06,6.607391902240798e-06,1,1,48,48,48,1.0,0.0,10539364697,0.0,93,0,0,75.87616891320795,1104271.494583979
4,x,3,0.0025,m1,anqi,174588000000,0.8158855280336899,142444314302,1.4526281599945057e-09,7.112270220736016e-06,2,5.131769900728144e-06,1.9170085643007567e-11,1.3831936279691354e-11,0.8158855268485115,7.112254569915376e-06,5.131758608073648e-06,1,1,40,40,32,1.0,0.0,142444314302,208.0,0,0,0,0.0,806188.1353249765
4,x,3,0.0025,normal,anqi,2523000000,0.7758072643185806,1957402634,1.6432192651717445e-07,3.860183123414184e-05,2,2.7852670032530995e-05,1.781218329440735e-08,1.285215877062569e-08,0.7758071368366153,3.8615643712230914e-05,2.786263625387974e-05,1,1,48,48,48,1.0,0.0,1957402634,307.0,0,0,0,0.0,78216.21241523339
4,x,3,0.005,m1,anqi,2141000000,0.6663766633878571,1426754490,4.4207910073834365e-08,2.247101778441649e-05,4,2.292960998409846e-05,3.027449516156071e-08,3.089234200159256e-08,0.6663766339283155,2.2454993886018667e-05,2.2913259067365988e-05,1,1,40,40,32,1.0,0.0,1426754490,76.0,0,0,0,0.0,98175.028311776
4,x,3,0.005,m1,val,759900000,0.6663462369046049,506390700,2.390822703718962e-06,8.866433302553987e-05,2,6.397464401198123e-05,4.138827925683931e-06,2.986319686138123e-06,0.6663446438844174,9.142201345823886e-05,6.596441394494746e-05,1,1,40,40,32,1.0,0.0,506390700,0.0,294,0,0,27.675632807891816,15059.735180264117
4,x,3,0.005,m2,val,1052400000,0.8170930593044143,665504820,1.3718908902868652e-06,0.0,1,,0.0,,0.6323678325731661,0.0,,1,1,40,40,32,0.9246416479792221,0.0,665504820,34.0,1758,237921389,0,0.0,5825.162490482209
4,x,3,0.005,normal,anqi,2136000000,0.6029571238606425,1287960573,2.529779445180448e-06,3.056022260543446e-05,3,2.7006050124095618e-05,1.3732845577402573e-07,1.2135707281917762e-07,0.6029555985109175,3.051525363118032e-05,2.6966311068905605e-05,1,1,48,48,48,1.0,0.0,1287960573,3301.0,0,0,0,0.0,443064.1723554498
4,x,3,0.005,normal,val,9493000000,0.7287279646319352,8987602920,7.112911362722634e-07,0.2465903512895538,3,0.21791174341314531,7.012415543614319e-07,6.196867349655984e-07,0.7287275155916245,0.24659063710206544,0.21791199598548797,1,1,48,48,48,1.0,0.0,8987602920,44.0,3241,0,0,236.15081583801657,297804.95432108984
4,x,3,0.01,m1,anqi,125000000,0.446183024,55772878,1.434388951561725e-06,0.0,1,,0.0,,0.446182384,0.0,,1,1,40,40,32,1.0,0.0,55772878,80.0,0,0,0,0.0,15318.27332824166
4,x,3,0.01,m1,val,618900000,0.43005576969525044,256136967,2.990343534415101e-05,0.0319533513973091,2,0.023055542300687668,2.591773431373667e-05,1.8700618047178032e-05,0.43004269397390177,0.031941249811152574,0.02304681055208114,1,1,40,40,32,1.0,0.0,256136967,167.0,8258,0,0,69.81479557417333,27271.5454496752
4,x,3,0.01,m2,val,458400000,0.6616142200132773,184514598,2.0781553554911683e-05,0.0,1,,0.0,,0.40251039157940666,0.0,,1,1,40,40,32,0.8694629712041885,0.0,184514598,155.0,7359,179514522,0,0.0,8029.06828956306
4,x,3,0.01,normal,anqi,126000000,0.3663419365079365,46159084,4.174692894685692e-05,0.0,1,,0.0,,0.36632664285714284,0.0,,1,1,48,48,48,1.0,0.0,46159084,1927.0,0,0,0,0.0,58038.12214754039
4,x,3,0.01,normal,val,652100000,0.35699395794176547,226697841,3.379255954943161e-05,0.01849856243413961,2,0.013347407081002903,1.9348628519337953e-05,1.3960761666003363e-05,0.35698180103219845,0.018491029976891095,0.013341972130391249,1,1,48,48,48,1.0,0.0,226697841,494.0,9901,0,0,362.9285886227153,85488.69556468415
4,x,3,0.05,m1,anqi,3000000,0.023839,71517,0.004013031866549212,0.0,1,,0.0,,0.023743333333333335,0.0,,1,1,40,40,32,1.0,0.0,71517,287.0,0,0,0,0.0,1555.3169373849523
4,x,3,0.05,m1,val,3000000,0.023839,71517,0.01914929317504929,0.0,1,,0.0,,0.0233825,0.0,,1,1,40,40,32,1.0,0.0,71517,287.0,2165,0,0,0.0,1571.5579705399578
4,x,3,0.05,normal,anqi,3000000,0.011145666666666667,33437,0.0314023387265604,0.0,1,,0.0,,0.010795666666666667,0.0,,1,1,48,48,48,1.0,0.0,33437,1050.0,0,0,0,0.0,1697.5136368889944
4,x,3,0.05,normal,val,3000000,0.011145666666666667,33437,0.0313873852319287,0.0,1,,0.0,,0.010795833333333333,0.0,,1,1,48,48,48,1.0,0.0,33437,336.0,1427,0,0,0.0,1514.261752409977
4,x,3,0.1,m1,anqi,2000000,0.0023095,4619,0.087248322147651,0.0,1,,0.0,,0.002108,0.0,,1,1,40,40,32,1.0,0.0,4619,403.0,0,0,0,0.0,805.685943714052
4,x,3,0.1,m1,val,2000000,0.0023095,4619,0.20458973803853647,0.0,1,,0.0,,0.001837,0.0,,1,1,40,40,32,1.0,0.0,4619,404.0,1082,0,0,0.0,770.9053905020119
4,x,3,0.1,normal,anqi,3000000,0.0013946666666666667,4184,0.3030592734225621,0.0,1,,0.0,,0.000972,0.0,,1,1,48,48,48,1.0,0.0,4184,1268.0,0,0,0,0.0,1192.7648285999894
4,x,3,0.1,normal,val,3000000,0.0013946666666666667,4184,0.3027007648183556,0.0,1,,0.0,,0.0009725,0.0,,1,1,48,48,48,1.0,0.0,4184,650.0,1233,0,0,0.0,1569.6097612179583
4,x,4,0.0,m2,val,200,1.0,200,0.0,0.0,1,,0.0,,1.0,0.0,,0,2,56,40,48,1.0,0.0,200,0.0,0,0,0,0.0,0.0540539309986342
4,x,4,0.0001,m1,anqi,125000000,0.988022344,123502793,0.0,0.0,1,,0.0,,0.988022344,0.0,,0,2,56,40,48,1.0,0.0,123502793,0.0,0,0,0,0.0,6106.822985713836
4,x,4,0.0001,m1,val,114900000,0.9880082984942427,113525070,4.938610078373974e-07,5.1545048715603276e-05,2,3.719168722795308e-05,5.199137828010967e-07,3.7513730760306663e-07,0.9880078105624446,5.205870239136101e-05,3.756230763337113e-05,0,2,56,40,48,1.0,0.0,113525070,0.0,54,0,0,15.352423401083795,2751.5249671790953
4,x,4,0.0001,normal,anqi,125000000,0.985027128,123128391,7.390659397149111e-07,0.0,1,,0.0,,0.9850264,0.0,,0,2,64,48,64,1.0,0.0,123128391,91.0,0,0,0,0.0,75668.02918642422
4,x,4,0.0001,normal,val,114900000,0.9850458472099203,113180531,1.0074169855951471e-06,2.185946855617793e-05,2,1.577242698898727e-05,1.50749471247286e-06,1.0877140140739021e-06,0.9850448548494243,2.0374495128510083e-05,1.470096292716506e-05,0,2,64,48,64,1.0,0.0,113180531,0.0,60,0,0,523.3268667091615,15299.151390124971
4,x,4,0.0005,m1,val,112900000,0.9415355358724535,106299362,5.865510274652448e-06,0.0,1,,0.0,,0.9415300132860939,0.0,,0,2,56,40,48,1.0,0.0,106299362,0.0,1247,0,0,44.68321815924719,3376.025878250017
4,x,4,0.0005,normal,val,112900000,0.9273661027457928,104699633,5.9312528822331215e-06,0.0,1,,0.0,,0.9273606023029229,0.0,,0,2,64,48,64,1.0,0.0,104699633,2.0,1238,0,0,527.3433895618655,14155.163958898702
4,x,4,0.001,m1,val,1122900000,0.8866494797829738,995588713,4.445656829054016e-05,5.894712934580437e-05,2,4.253256621622327e-05,3.584367729800464e-05,2.586255844906264e-05,0.8866100629398266,9.072528658837452e-05,6.546169935891078e-05,0,2,56,40,48,1.0,0.0,995588713,191.0,120473,0,0,66.91125023271888,94294.87735044808
4,x,4,0.001,normal,val,1120000000,0.860266828655524,963488864,4.425549789891483e-05,1.968694628390666e-05,2,1.4204870630822144e-05,3.650888579067448e-05,2.6342531343011344e-05,0.8602287573057921,5.109345842534196e-05,3.68658478845227e-05,0,2,64,48,64,1.0,0.0,963488864,215.0,116705,0,0,540.2880013687536,505524.23072803207
4,x,4,0.005,m1,anqi,126000000,0.550574976,69327308,3.0132889936470337e-05,0.0007134870399999815,2,0.0005148076778292902,8.533225770058579e-06,6.157042660616551e-06,0.5505583839999999,0.0007087673599999632,0.0005114022515710826,0,2,56,40,48,1.0,0.0,69327308,1792.0,0,0,0,0.0,30298.345661807984
4,x,4,0.005,m1,val,44900000,0.5503411182983683,24706456,0.001141667242678765,0.00018498813519808086,2,0.00013347588248736411,0.0008370975492447085,0.0006039972995771156,0.5497127715617716,0.0002759122610723619,0.00019908105185385732,0,2,56,40,48,1.0,0.0,24706456,244.0,36702,0,0,210.5591811342165,4200.67022634676
4,x,4,0.005,normal,anqi,126000000,0.4750156428571429,59851971,0.0015814850942836953,0.0,1,,0.0,,0.4742644126984127,0.0,,0,2,64,48,64,1.0,0.0,59851971,94655.0,0,0,0,0.0,68997.34836759407
4,x,4,0.005,normal,val,46000000,0.47482701937984495,21849897,0.0011648323311073809,0.0003848513178294776,2,0.0002776846699855132,0.0008402273081763957,0.0006062555381118862,0.4742740096899225,0.0007833656589147314,0.0005652277240482394,0,2,64,48,64,1.0,0.0,21849897,380.0,33851,0,0,494.8313205973245,9405.291604114012
4,x,4,0.01,m1,anqi,125000000,0.30613068,38266335,0.00021481022418269217,0.0,1,,0.0,,0.30606492,0.0,,0,2,56,40,48,1.0,0.0,38266335,8220.0,0,0,0,0.0,45103.37640667049
4,x,4,0.01,m1,val,34900000,0.3061461261398176,10687810,0.004750221353600896,0.0002099672340425251,2,0.0001514992398147474,0.003053284496564351,0.0022030593596044966,0.3046920311550152,0.0011437210638297788,0.0008252376734897233,0,2,56,40,48,1.0,0.0,10687810,1134.0,69786,0,0,310.0642046011053,4122.819202534782
4,x,4,0.01,normal,anqi,127000000,0.23081746456692914,29313818,0.006540328523565234,0.0,1,,0.0,,0.22930784251968503,0.0,,0,2,64,48,64,1.0,0.0,29313818,191722.0,0,0,0,0.0,61762.56764736248
4,x,4,0.01,normal,val,36100000,0.23055800704934543,8329987,0.005022704790043489,0.0004455871500503757,2,0.0003215078524593963,0.002987832415668789,0.002155833226702433,0.22940032880161126,0.0011322177844914094,0.0008169376257080457,0,2,64,48,64,1.0,0.0,8329987,1954.0,58587,0,0,481.4540725499392,6890.204888272012
4,x,4,0.05,m1,anqi,2000000,0.0061815,12363,0.048370136698212406,0.0,1,,0.0,,0.0058825,0.0,,0,2,56,40,48,1.0,0.0,12363,598.0,0,0,0,0.0,756.872009120998
4,x,4,0.05,m1,val,3000000,0.006144,18432,0.2041558159722222,0.0,1,,0.0,,0.004889666666666666,0.0,,0,2,56,40,48,1.0,0.0,18432,883.0,5760,0,0,0.0,1104.206499303982
4,x,4,0.05,normal,anqi,3000000,0.0031623333333333334,9487,0.27827553494255297,0.0,1,,0.0,,0.0022823333333333333,0.0,,0,2,64,48,64,1.0,0.0,9487,2640.0,0,0,0,0.0,904.2060833649012
4,x,4,0.05,normal,val,3000000,0.0031623333333333334,9487,0.2785390534415516,0.0,1,,0.0,,0.0022815,0.0,,0,2,64,48,64,1.0,0.0,9487,913.0,3459,0,0,0.0,923.6429475009792
4,x,4,0.1,m1,anqi,2000000,0.0009405,1881,0.1111111111111111,0.0,1,,0.0,,0.000836,0.0,,0,2,56,40,48,1.0,0.0,1881,209.0,0,0,0,0.0,604.225713288004
4,x,4,0.1,m1,val,2000000,0.0009405,1881,0.4784688995215311,0.0,1,,0.0,,0.0004905,0.0,,0,2,56,40,48,1.0,0.0,1881,209.0,1382,0,0,0.0,708.0148509229766
4,x,4,0.1,normal,anqi,3000000,0.000707,2121,0.47901933050447904,0.0,1,,0.0,,0.00036833333333333336,0.0,,0,2,64,48,64,1.0,0.0,2121,1016.0,0,0,0,0.0,869.6970398100093
4,x,4,0.1,normal,val,3000000,0.000707,2121,0.4867986798679868,0.0,1,,0.0,,0.00036283333333333333,0.0,,0,2,64,48,64,1.0,0.0,2121,269.0,1527,0,0,0.0,862.6331359719625
4,x,5,0.0,m2,val,200,1.0,200,0.0,0.0,1,,0.0,,1.0,0.0,,2,0,24,24,16,1.0,0.0,200,0.0,0,0,0,0.0,0.0469999850010935
4,x,5,0.0001,m1,anqi,125000000,0.995524712,124440589,0.0,0.0,1,,0.0,,0.995524712,0.0,,2,0,24,24,16,1.0,0.0,124440589,0.0,0,0,0,0.0,447.3580173497321
4,x,5,0.0001,m1,val,771900000,0.9955372670476685,768451582,0.0,9.27658656973751e-06,2,6.693405377270865e-06,0.0,0.0,0.9955372670476685,9.27658656973751e-06,6.693405377270865e-06,2,0,24,24,16,1.0,0.0,768451582,0.0,0,0,0,0.997900917660445,1200.3151901714234
4,x,5,0.0001,normal,anqi,126000000,0.9935171587301588,125183162,0.0,0.0,1,,0.0,,0.9935171587301588,0.0,,2,0,32,32,32,1.0,0.0,125183162,0.0,0,0,0,0.0,6978.948127163283
4,x,5,0.0001,normal,val,772900000,0.9935153309737196,767891832,0.0,9.795375156942399e-06,2,7.067730814020625e-06,0.0,0.0,0.9935153309737196,9.795375156942399e-06,7.067730814020625e-06,2,0,32,32,32,1.0,0.0,767891832,0.0,0,0,0,13.108147181104869,32513.494074112703
4,x,5,0.0005,m1,val,769900000,0.9779063293934277,752890083,0.0,0.0,1,,0.0,,0.9779063293934277,0.0,,2,0,24,24,16,1.0,0.0,752890083,0.0,0,0,0,1.3431222150102258,2257.3685871226853
4,x,5,0.0005,normal,val,769900000,0.9680994051175478,745339732,3.3541751400957114e-09,0.0,1,,0.0,,0.9680994018703728,0.0,,2,0,32,32,32,1.0,0.0,745339732,0.0,5,0,0,36.05707584694028,41651.69852472826
4,x,5,0.001,m1,anqi,2083000000,0.9563806053768603,1992140801,0.0,0.0,1,,0.0,,0.9563806053768603,0.0,,2,0,24,24,16,1.0,0.0,1992140801,0.0,0,0,0,0.0,12609.386848288355
4,x,5,0.001,m1,val,919900000,0.9563899923904772,879783154,6.819862340760392e-09,0.0,1,,0.0,,0.9563899858680291,0.0,,2,0,24,24,16,1.0,0.0,879783154,0.0,12,0,0,2.1258829766884446,2877.74612549873
4,x,5,0.001,normal,anqi,36919000000,0.9374435302726722,34609683358,2.31991981790138e-08,1.2305802481867854e-05,2,8.879098349868374e-06,3.760481592134655e-09,2.713328606454693e-09,0.9374435085247461,1.2309327435381377e-05,8.881641736126313e-06,2,0,32,32,32,1.0,0.0,34609683358,744.0,0,0,0,0.0,3559328.046498065
4,x,5,0.001,normal,val,919000000,0.9374499640914037,861516517,1.567004199409911e-08,0.0,1,,0.0,,0.9374499494015234,0.0,,2,0,32,32,32,1.0,0.0,861516517,0.0,27,0,0,57.26324455207214,54359.47460075075
4,x,5,0.0025,m1,anqi,174688000000,0.8952326373019004,156386709563,6.3114671808051865e-09,4.489361494711686e-06,2,3.239242812355518e-06,4.040864239984274e-10,2.915635210150107e-10,0.8952326316516694,4.48972321758112e-06,3.2395038089819343e-06,2,0,24,24,16,1.0,0.0,156386709563,962.0,0,0,0,0.0,421505.5049643498
4,x,5,0.0025,normal,anqi,2523000000,0.8523691029957107,2150569215,8.267775879500141e-07,3.960402405921215e-05,2,2.857578976994295e-05,5.309291310370883e-08,3.8308529478143496e-08,0.8523683982754923,3.9558736556850596e-05,2.8543113137266568e-05,2,0,32,32,32,1.0,0.0,2150569215,1826.0,0,0,0,0.0,62820.68562724066
4,x,5,0.005,m1,anqi,54781000000,0.803719709265026,44021971265,1.1674473781026938e-07,0.0002286658706107566,3,0.0002020718907422456,1.1807349291592869e-07,1.0434147385587367e-07,0.8037196154486628,0.00022875823902889894,0.00020215351665716258,2,0,24,24,16,1.0,0.0,44021971265,8839.0,0,0,0,0.0,1601045.1772962955
4,x,5,0.005,m1,val,759900000,0.803680641212561,610656554,3.859856983274603e-06,0.00015652322338042255,2,0.00011293738027089139,5.2370014022107806e-06,3.7786930659047973e-06,0.8036775389068479,0.00015231374257818064,0.00010990008188258542,2,0,24,24,16,1.0,0.0,610656554,18.0,1432,0,0,13.527002392802387,7648.501801119066
4,x,5,0.005,normal,anqi,126000000,0.730903126984127,92093794,1.2975901503200097e-05,0.0,1,,0.0,,0.7308936428571429,0.0,,2,0,32,32,32,1.0,0.0,92093794,1195.0,0,0,0,0.0,34453.86165997974
4,x,5,0.005,normal,val,761000000,0.7308412128408092,556250857,8.407833571726734e-06,0.00020948383465254402,2,0.00015115044901201568,8.107785255424557e-06,5.850071361750009e-06,0.7308350684916447,0.00021540757695693078,0.00015542465141347842,2,0,32,32,32,1.0,0.0,556250857,103.0,4582,0,0,177.33351277699694,70545.38449641742
4,x,5,0.01,m1,anqi,126000000,0.6528588959999999,82249668,4.699544252242799e-06,0.00016680383999995052,2,0.00012035523101216419,3.207529092209114e-06,2.3143526244430566e-06,0.6528558280000001,0.0001688971200000455,0.0001218656110968472,2,0,24,24,16,1.0,0.0,82249668,519.0,0,0,0,0.0,9394.013741960225
4,x,5,0.01,m1,val,594900000,0.6355196715719346,368019545,7.768013847237461e-05,0.03333926371900822,2,0.024055530056609542,2.346312226814823e-05,1.6929523330221125e-05,0.6354701006915162,0.0333217626446282,0.024042902374597133,2,0,24,24,16,1.0,0.0,368019545,1414.0,45599,0,0,23.281860786955804,15675.962890179297
4,x,5,0.01,m2,val,458000000,1.0,278645262,7.89749656679969e-05,0.0,1,,0.0,,0.6083477205240174,0.0,,2,0,24,24,16,1.0,0.0,278645262,1313.0,41386,179354738,0,0.0,1939.7300162662289
4,x,5,0.01,normal,anqi,127000000,0.547150125984252,69488066,0.00021727471879847684,0.0,1,,0.0,,0.5470312440944882,0.0,,2,0,32,32,32,1.0,0.0,69488066,15098.0,0,0,0,0.0,54269.801806010655
4,x,5,0.01,normal,val,596100000,0.5382135126454224,315382361,0.0001945366441942568,0.018091101881638833,2,0.013053408999636253,7.877377925853677e-05,5.6838238258575054e-05,0.5381084394284269,0.01804518538694998,0.013020278525388496,2,0,32,32,32,1.0,0.0,315382361,4349.0,88922,0,0,303.4024525987916,73717.29858421367
4,x,5,0.05,m1,anqi,2000000,0.1843205,368641,0.00998803714182633,0.0,1,,0.0,,0.1824795,0.0,,2,0,24,24,16,1.0,0.0,368641,3682.0,0,0,0,0.0,798.5397104070289
4,x,5,0.05,m1,val,2000000,0.1843205,368641,0.03867719542861483,0.0,1,,0.0,,0.1771915,0.0,,2,0,24,24,16,1.0,0.0,368641,3682.0,21152,0,0,0.0,702.5380814290256
4,x,5,0.05,normal,anqi,3000000,0.122075,366225,0.07765444740255308,0.0,1,,0.0,,0.11259533333333334,0.0,,2,0,32,32,32,1.0,0.0,366225,28439.0,0,0,0,0.0,1682.167911463941
4,x,5,0.05,normal,val,3000000,0.122075,366225,0.07765717796436616,0.0,1,,0.0,,0.112595,0.0,,2,0,32,32,32,1.0,0.0,366225,10346.0,36188,0,0,0.0,1710.954074993031
4,x,5,0.1,m1,anqi,2000000,0.0867075,173415,0.09881498140299282,0.0,1,,0.0,,0.0781395,0.0,,2,0,24,24,16,1.0,0.0,173415,17136.0,0,0,0,0.0,1159.0505225030356
4,x,5,0.1,m1,val,2000000,0.0867075,173415,0.22744283943142174,0.0,1,,0.0,,0.0669865,0.0,,2,0,24,24,16,1.0,0.0,173415,17136.0,44612,0,0,0.0,1224.4890909289825
4,x,5,0.1,normal,anqi,3000000,0.069609,208827,0.3270601981544532,0.0,1,,0.0,,0.046842666666666664,0.0,,2,0,32,32,32,1.0,0.0,208827,68299.0,0,0,0,0.0,1822.2737710479407
4,x,5,0.1,normal,val,3000000,0.069609,208827,0.3282669386621462,0.0,1,,0.0,,0.046758666666666664,0.0,,2,0,32,32,32,1.0,0.0,208827,35893.0,65316,0,0,0.0,1741.2185879469616
4,x,6,0.0,m2,val,200,1.0,200,0.0,0.0,1,,0.0,,1.0,0.0,,0,2,56,40,48,1.0,0.0,200,0.0,0,0,0,0.0,0.054371202000766
4,x,6,0.0001,m1,val,112900000,0.9878202125775022,111524902,3.9901402468840544e-07,0.0,1,,0.0,,0.9878198184233835,0.0,,0,2,56,40,48,1.0,0.0,111524902,0.0,89,0,0,148.04332602210343,6452.612332914388
4,x,6,0.0001,normal,val,112900000,0.984813091231178,111185398,5.126572465927585e-07,0.0,1,,0.0,,0.9848125863596102,0.0,,0,2,64,48,64,1.0,0.0,111185398,0.0,114,0,0,595.2727699070238,15659.40050264704
4,x,6,0.0005,m1,val,112900000,0.9405985916740478,106193581,1.0151272702631621e-05,0.0,1,,0.0,,0.94058904340124,0.0,,0,2,56,40,48,1.0,0.0,106193581,6.0,2144,0,0,162.57185133872554,6331.869968508778
4,x,6,0.0005,normal,val,112900000,0.9264480070859168,104595980,1.036846731585669e-05,0.0,1,,0.0,,0.9264384012400354,0.0,,0,2,64,48,64,1.0,0.0,104595980,4.0,2161,0,0,597.1346607510932,15364.182868164062
4,x,6,0.001,m1,val,62900000,0.8849664705882353,55664391,4.5495871858186684e-05,0.0,1,,0.0,,0.8849262082670907,0.0,,0,2,56,40,48,1.0,0.0,55664391,9.0,5047,0,0,202.2719522328116,5738.0533975530125
4,x,6,0.001,normal,val,63000000,0.8586575238095238,54095424,4.4495445677623306e-05,0.0,1,,0.0,,0.8586193174603175,0.0,,0,2,64,48,64,1.0,0.0,54095424,14.0,4786,0,0,1299.2005306109786,10683.693562861125
4,x,6,0.005,m1,val,42900000,0.5472545687645688,23477221,0.0012597104231373893,0.0,1,,0.0,,0.5465651864801865,0.0,,0,2,56,40,48,1.0,0.0,23477221,529.0,58091,0,0,774.3190049491823,4894.413678696496
4,x,6,0.005,normal,val,43000000,0.47281809302325584,20331178,0.0012793159353580003,0.0,1,,0.0,,0.4722132093023256,0.0,,0,2,64,48,64,1.0,0.0,20331178,511.0,50998,0,0,545.5417096642777,6899.987927910406
4,x,6,0.01,m1,val,32900000,0.30639629179331307,10080438,0.005625648409325071,0.0,1,,0.0,,0.30467261398176293,0.0,,0,2,56,40,48,1.0,0.0,10080438,2160.0,109098,0,0,943.6393186519854,3779.1864891666046
4,x,6,0.01,normal,val,33100000,0.23166800604229607,7668211,0.005923024288194469,0.0,1,,0.0,,0.23029583081570998,0.0,,0,2,64,48,64,1.0,0.0,7668211,2195.0,86448,0,0,423.40503273019567,5437.653804646136
4,x,7,0.0,m2,val,200,1.0,200,0.0,0.0,1,,0.0,,1.0,0.0,,1,1,40,24,32,1.0,0.0,200,0.0,0,0,0,0.0,0.0591332460007833
4,x,7,0.0001,m1,anqi,2000000,0.991597,1983194,0.0,0.0,1,,0.0,,0.991597,0.0,,1,1,40,24,32,1.0,0.0,1983194,0.0,0,0,0,0.0,124.0496850219788
4,x,7,0.0001,m1,val,14900000,0.9916417945736433,14775951,2.392115182088163e-06,8.7797364341059e-05,2,6.334909356721307e-05,1.2412825907121243e-06,8.95631976797295e-07,0.9916394224806202,8.902806201559144e-05,6.423708812971551e-05,1,1,40,24,32,1.0,0.0,14775951,0.0,57,0,0,14.092699985019864,2578.927264927828
4,x,7,0.0001,normal,anqi,2000000,0.98869,1977380,3.540037827832789e-06,0.0,1,,0.0,,0.9886865,0.0,,1,1,48,32,48,1.0,0.0,1977380,7.0,0,0,0,0.0,1445.7709208710005
4,x,7,0.0001,normal,val,14900000,0.9886967054263566,14731654,2.185559030938632e-06,1.3142635658960343e-05,2,9.482904895015295e-06,6.723572583261856e-07,4.851309966759604e-07,0.9886945445736435,1.3807364341053006e-05,9.962531587624396e-06,1,1,48,32,48,1.0,0.0,14731654,0.0,57,0,0,575.5789481373504,5846.588348474979
4,x,7,0.0005,m1,val,12900000,0.9591452713178295,12372974,3.79860169430567e-05,0.0,1,,0.0,,0.9591088372093023,0.0,,1,1,40,24,32,1.0,0.0,12372974,1.0,938,0,0,85.03885613800958,2836.0845412178896
4,x,7,0.0005,normal,val,12900000,0.9447587596899225,12187388,5.673898295516644e-05,0.0,1,,0.0,,0.9447051550387597,0.0,,1,1,48,32,48,1.0,0.0,12187388,6.0,1371,0,0,582.6888915360905,4633.014612181083
4,x,7,0.001,m1,val,12900000,0.9202606976744186,11871363,0.00015718498372933252,0.0,1,,0.0,,0.9201160465116279,0.0,,1,1,40,24,32,1.0,0.0,11871363,19.0,3694,0,0,63.21975257014856,2735.5022639958624
4,x,7,0.001,normal,val,13000000,0.8931395384615385,11610814,0.00022435980802035067,0.0,1,,0.0,,0.8929391538461539,0.0,,1,1,48,32,48,1.0,0.0,11610814,33.0,5144,0,0,800.6461556171998,5106.200425870047
4,x,7,0.005,m1,anqi,2000000,0.66863,1337260,0.0001764802656177557,0.0,1,,0.0,,0.668512,0.0,,1,1,40,24,32,1.0,0.0,1337260,236.0,0,0,0,0.0,533.7159179760492
4,x,7,0.005,m1,val,14900000,0.6684224806201551,9957233,0.004665125745539896,0.00040673798449599396,2,0.00029347672143190427,0.0011557119282846007,0.0008338895322328797,0.6653040833333334,0.00036766333333337003,0.0002652828940751796,1,1,40,24,32,1.0,0.0,9957233,1474.0,81367,0,0,188.0606329110451,3835.0939685398334
4,x,7,0.005,normal,anqi,3000000,0.5819826666666666,1745948,0.007092421996531397,0.0,1,,0.0,,0.577855,0.0,,1,1,48,32,48,1.0,0.0,1745948,12383.0,0,0,0,0.0,2102.3844868990127
4,x,7,0.005,normal,val,16000000,0.5821754102564103,9316734,0.006540666721531389,0.0003777774358974761,2,0.00027258059867588943,0.001185842073759585,0.0008556295630323679,0.5783677115384616,0.0010656746153846486,0.0007689242317110724,1,1,48,32,48,1.0,0.0,9316734,3858.0,107111,0,0,1380.9030737690628,6711.475536168131
4,x,7,0.01,m1,anqi,2000000,0.4604475,920895,0.001457277974144718,0.0,1,,0.0,,0.4597765,0.0,,1,1,40,24,32,1.0,0.0,920895,1342.0,0,0,0,0.0,1003.5022597080095
4,x,7,0.01,m1,val,14900000,0.4605031298449612,6862103,0.01875236483226385,0.00010903449612400582,2,7.867248121688047e-05,0.004418571428961029,0.003188165123036201,0.4518677325581395,0.0021417558139534857,0.001545357203767575,1,1,40,24,32,1.0,0.0,6862103,7931.0,218864,0,0,295.5866680890322,4136.383384490982
4,x,7,0.01,normal,anqi,3000000,0.35989,1079670,0.029193179397408467,0.0,1,,0.0,,0.34938366666666665,0.0,,1,1,48,32,48,1.0,0.0,1079670,31519.0,0,0,0,0.0,2033.126574685972
4,x,7,0.01,normal,val,16100000,0.36006057251908397,5798698,0.027006930158736613,0.00033432213740459683,2,0.00024122596985670522,0.004236033530998368,0.0030564571786760625,0.35033681043257,0.0018505217811704555,0.0013352209185704465,1,1,48,32,48,1.0,0.0,5798698,18450.0,260579,0,0,588.3423881330527,6432.995846064834
4,x,7,0.05,m1,anqi,2000000,0.0662805,132561,0.0630577620868883,0.0,1,,0.0,,0.062101,0.0,,1,1,40,24,32,1.0,0.0,132561,8359.0,0,0,0,0.0,966.407264887006
4,x,7,0.05,m1,val,2000000,0.0662805,132561,0.31970941679679543,0.0,1,,0.0,,0.04509,0.0,,1,1,40,24,32,1.0,0.0,132561,8358.0,68046,0,0,0.0,914.1430001370028
4,x,7,0.05,normal,anqi,3000000,0.04393166666666667,131795,0.38673697788231726,0.0,1,,0.0,,0.026941666666666666,0.0,,1,1,48,32,48,1.0,0.0,131795,50970.0,0,0,0,0.0,1237.332859732036
4,x,7,0.05,normal,val,3000000,0.04393166666666667,131795,0.38623620015933835,0.0,1,,0.0,,0.026963666666666667,0.0,,1,1,48,32,48,1.0,0.0,131795,14390.0,73028,0,0,0.0,1601.9241272750078
4,x,7,0.1,m1,anqi,2000000,0.0256205,51241,0.08785933139478153,0.0,1,,0.0,,0.0233695,0.0,,1,1,40,24,32,1.0,0.0,51241,4502.0,0,0,0,0.0,853.1348548320238
4,x,7,0.1,m1,val,2000000,0.0256205,51241,0.48028922152182824,0.0,1,,0.0,,0.01331525,0.0,,1,1,40,24,32,1.0,0.0,51241,4502.0,40217,0,0,0.0,1014.5108616270008
4,x,7,0.1,normal,anqi,3000000,0.020452666666666668,61358,0.490530982105023,0.0,1,,0.0,,0.01042,0.0,,1,1,48,32,48,1.0,0.0,61358,30098.0,0,0,0,0.0,1503.5643218870391
4,x,7,0.1,normal,val,3000000,0.020452666666666668,61358,0.4925845040581505,0.0,1,,0.0,,0.010378,0.0,,1,1,48,32,48,1.0,0.0,61358,6064.0,48320,0,0,0.0,1676.185510091018
4,x,8,0.0,m2,val,200,1.0,200,0.0,0.0,1,,0.0,,1.0,0.0,,0,2,56,24,48,1.0,0.0,200,0.0,0,0,0,0.0,0.0541114619991276
4,x,8,0.0001,m1,val,12900000,0.9886343410852714,12753383,0.0015032089916847946,0.0,1,,0.0,,0.9871482170542636,0.0,,0,2,56,24,48,1.0,0.0,12753383,24.0,38294,0,0,294.9415054009296,4511.510172663155
4,x,8,0.0001,normal,val,12900000,0.9856585271317829,12714995,0.0015015342121644563,0.0,1,,0.0,,0.984178527131783,0.0,,0,2,64,32,64,1.0,0.0,12714995,43.0,38098,0,0,587.4139465838671,4900.855803634986
4,x,8,0.0005,m1,val,12900000,0.9445896124031008,12185206,0.007602128351379534,0.0,1,,0.0,,0.9374087209302325,0.0,,0,2,56,24,48,1.0,0.0,12185206,412.0,184443,0,0,158.35299576586112,3942.151670456471
4,x,8,0.0005,normal,val,12900000,0.9305151937984496,12003646,0.007712406713760136,0.0,1,,0.0,,0.9233386821705426,0.0,,0,2,64,32,64,1.0,0.0,12003646,1227.0,182700,0,0,1331.12947901804,4978.12613154664
4,x,8,0.001,m1,val,12900000,0.8927988372093023,11517105,0.015357982756951508,0.0,1,,0.0,,0.8790872480620155,0.0,,0,2,56,24,48,1.0,0.0,11517105,1521.0,350717,0,0,194.8895211839117,4300.971317872929
4,x,8,0.001,normal,val,13000000,0.8668501538461538,11269052,0.01585741196331333,0.0,1,,0.0,,0.8531041538461539,0.0,,0,2,64,32,64,1.0,0.0,11269052,4543.0,348310,0,0,571.4189947107807,4728.054375606283
4,x,8,0.005,m1,val,12900000,0.5806938759689922,7490951,0.08201602173075222,0.0,1,,0.0,,0.5330676744186047,0.0,,0,2,56,24,48,1.0,0.0,7490951,22978.0,1182800,0,0,780.2364793499,3906.498305713496
4,x,8,0.005,normal,val,13000000,0.511767,6652971,0.09283446448210882,0.0,1,,0.0,,0.4642573846153846,0.0,,0,2,64,32,64,1.0,0.0,6652971,58234.0,1118782,0,0,695.6399038909003,4201.3644254062965
4,x,8,0.01,m1,val,12900000,0.35708131782945735,4606349,0.16950159442977508,0.0,1,,0.0,,0.29655546511627906,0.0,,0,2,56,24,48,1.0,0.0,4606349,46931.0,1467705,0,0,408.2955202623271,2974.878823062667
4,x,8,0.01,normal,val,13100000,0.29020297709923665,3801659,0.20049851919911807,0.0,1,,0.0,,0.23201770992366413,0.0,,0,2,64,32,64,1.0,0.0,3801659,102990.0,1318474,0,0,485.5853312248364,3941.0495053438935
4,x,9,0.0,m2,val,100,1.0,100,0.0,0.0,1,,0.0,,1.0,0.0,,3,-1,8,8,0,1.0,0.0,100,0.0,0,0,0,0.0,0.0253136379997158
4,x,9,0.0001,m1,anqi,125000000,1.0,125000000,0.0,0.0,1,,0.0,,1.0,0.0,,3,-1,8,8,0,1.0,0.0,125000000,0.0,0,0,0,0.0,194.5976349152625
4,x,9,0.0001,m1,val,114900000,1.0,114900000,0.0,0.0,2,0.0,0.0,0.0,1.0,0.0,0.0,3,-1,8,8,0,1.0,0.0,114900000,0.0,0,0,0,0.7444181870669127,36.648430416724295
4,x,9,0.0001,normal,anqi,126000000,1.0,126000000,0.0,0.0,1,,0.0,,1.0,0.0,,3,-1,16,16,16,1.0,0.0,126000000,0.0,0,0,0,0.0,6778.261605167703
4,x,9,0.0001,normal,val,115900000,1.0,115900000,0.0,0.0,2,0.0,0.0,0.0,1.0,0.0,0.0,3,-1,16,16,16,1.0,0.0,115900000,0.0,0,0,0,26.699848641175777,2893.792372556869
4,x,9,0.0005,m1,val,112900000,1.0,112900000,0.0,0.0,1,,0.0,,1.0,0.0,,3,-1,8,8,0,1.0,0.0,112900000,0.0,0,0,0,0.3504417622461915,70.32015241272165
4,x,9,0.0005,normal,val,112900000,1.0,112900000,8.857395925597875e-09,0.0,1,,0.0,,0.9999999911426041,0.0,,3,-1,16,16,16,1.0,0.0,112900000,0.0,2,0,0,50.994012497831136,3270.211246622697
4,x,9,0.001,m1,anqi,2083000000,1.0,2083000000,0.0,0.0,1,,0.0,,1.0,0.0,,3,-1,8,8,0,1.0,0.0,2083000000,0.0,0,0,0,0.0,4390.555184855592
4,x,9,0.001,m1,val,6432900000,1.0,6432900000,3.0079746304155205e-08,0.0,1,,0.0,,0.9999999699202538,0.0,,3,-1,8,8,0,1.0,0.0,6432900000,1.0,385,0,0,0.462824213784188,2647.380617864438
4,x,9,0.001,normal,anqi,12063000000,1.0,12063000000,1.3755450918705194e-07,0.0,2,0.0,5.75678804137084e-10,4.153738634598923e-10,0.9999998624454909,5.756788368227435e-10,4.153738870438224e-10,3,-1,16,16,16,1.0,0.0,12063000000,1657.0,0,0,0,0.0,954132.8451761822
4,x,9,0.001,normal,val,6383000000,1.0,6383000000,1.427228575904747e-07,0.0,1,,0.0,,0.9999998572771424,0.0,,3,-1,16,16,16,1.0,0.0,6383000000,15.0,1792,0,0,76.02592352312058,144176.2579101301
4,x,9,0.0025,m1,anqi,174839000000,1.0,174839000000,2.563852597609938e-08,0.0,2,0.0,1.4092700889435826e-09,1.0168412616483433e-09,0.999999974361474,1.4092700262313672e-09,1.016841216399126e-09,3,-1,8,8,0,1.0,0.0,174839000000,4385.0,0,0,0,0.0,105395.31890127798
4,x,9,0.0025,normal,anqi,2623000000,1.0,2623000000,5.0854288116591924e-06,0.0,2,0.0,5.2290470852017886e-08,3.7729537276427914e-08,0.9999949145711884,5.229047079891025e-08,3.772953723810876e-08,3,-1,16,16,16,1.0,0.0,2623000000,13281.0,0,0,0,0.0,40325.643346045304
4,x,9,0.005,m1,anqi,125000000,1.0,125000000,8.56e-07,0.0,1,,0.0,,0.999999144,0.0,,3,-1,8,8,0,1.0,0.0,125000000,107.0,0,0,0,0.0,874.3780177332228
4,x,9,0.005,m1,val,44900000,1.0,44900000,1.3413752913752913e-05,0.0,2,0.0,1.4869044289044286e-05,1.0728573516884003e-05,0.9999865862470863,1.4869044289093078e-05,1.0728573516919209e-05,3,-1,8,8,0,1.0,0.0,44900000,14.0,556,0,0,3.166123070754111,234.50491846317897
4,x,9,0.005,normal,anqi,126000000,1.0,126000000,7.43015873015873e-05,0.0,1,,0.0,,0.9999256984126984,0.0,,3,-1,16,16,16,1.0,0.0,126000000,9362.0,0,0,0,0.0,25564.07363301207
4,x,9,0.005,normal,val,46000000,1.0,46000000,5.225387596899225e-05,0.0,2,0.0,3.347573643410851e-05,2.415400024262419e-05,0.9999477461240309,3.347573643405987e-05,2.4154000242589094e-05,3,-1,16,16,16,1.0,0.0,46000000,96.0,3249,0,0,180.647294015158,5102.183851184804
4,x,9,0.01,m1,anqi,126000000,1.0,126000000,2.2308e-05,0.0,2,0.0,3.3163199999999996e-06,2.3928493475352767e-06,0.999977692,3.316319999995265e-06,2.3928493475318606e-06,3,-1,8,8,0,1.0,0.0,126000000,2601.0,0,0,0,0.0,1295.9682958760532
4,x,9,0.01,m1,val,492900000,1.0,492900000,0.00023200259727031982,0.0,2,0.0,2.9349093501731664e-06,2.117647248648214e-06,0.9997679974027297,2.9349093502117895e-06,2.117647248676082e-06,3,-1,8,8,0,1.0,0.0,492900000,9443.0,208358,0,0,4.986749824136496,2250.7861597679585
4,x,9,0.01,m2,val,458000000,1.0,458000000,0.00024033515283842794,0.0,1,,0.0,,0.9997596648471616,0.0,,3,-1,8,8,0,1.0,0.0,458000000,9187.0,201773,0,0,0.0,1168.7800557711162
4,x,9,0.01,normal,anqi,127000000,1.0,127000000,0.0009286141732283464,0.0,1,,0.0,,0.9990713858267717,0.0,,3,-1,16,16,16,1.0,0.0,127000000,117934.0,0,0,0,0.0,39916.64447307418
4,x,9,0.01,normal,val,494100000,1.0,494100000,0.0008548330788026878,0.0,2,0.0,0.00015157383221339843,0.00010936620878421021,0.9991451669211973,0.00015157383221326201,0.00010936620878411178,3,-1,16,16,16,1.0,0.0,494100000,44317.0,680619,0,0,266.66611262317747,51500.59611108266
4,x,9,0.05,m1,anqi,2000000,1.0,2000000,0.015973,0.0,1,,0.0,,0.984027,0.0,,3,-1,8,8,0,1.0,0.0,2000000,31946.0,0,0,0,0.0,91.20621666195802
4,x,9,0.05,m1,val,2000000,1.0,2000000,0.046582,0.0,1,,0.0,,0.953418,0.0,,3,-1,8,8,0,1.0,0.0,2000000,31946.0,122436,0,0,0.0,81.82686058495892
4,x,9,0.05,normal,anqi,3000000,1.0,3000000,0.108184,0.0,1,,0.0,,0.891816,0.0,,3,-1,16,16,16,1.0,0.0,3000000,324552.0,0,0,0,0.0,2088.250414841983
4,x,9,0.05,normal,val,3000000,1.0,3000000,0.10806533333333333,0.0,1,,0.0,,0.8919346666666667,0.0,,3,-1,16,16,16,1.0,0.0,3000000,142147.0,364098,0,0,0.0,2027.90499835409
4,x,9,0.1,m1,anqi,3000000,1.0,3000000,0.11040166666666666,0.0,1,,0.0,,0.8895983333333334,0.0,,3,-1,8,8,0,1.0,0.0,3000000,331205.0,0,0,0,0.0,95.55486982193544
4,x,9,0.1,m1,val,3000000,1.0,3000000,0.2060305,0.0,1,,0.0,,0.7939695,0.0,,3,-1,8,8,0,1.0,0.0,3000000,331205.0,573773,0,0,0.0,133.782621006947
4,x,9,0.1,normal,anqi,3000000,1.0,3000000,0.32208166666666666,0.0,1,,0.0,,0.6779183333333333,0.0,,3,-1,16,16,16,1.0,0.0,3000000,966245.0,0,0,0,0.0,2343.345022153051
4,x,9,0.1,normal,val,3000000,1.0,3000000,0.3218958333333333,0.0,1,,0.0,,0.6781041666666666,0.0,,3,-1,16,16,16,1.0,0.0,3000000,599242.0,732891,0,0,0.0,2013.9138735808665
4,x,10,0.0,m2,val,100,1.0,100,0.0,0.0,1,,0.0,,1.0,0.0,,0,2,56,40,48,1.0,0.0,100,0.0,0,0,0,0.0,0.026652725000531
4,x,10,0.0001,m1,val,12900000,0.9877754263565891,12742303,8.632662400195632e-07,0.0,1,,0.0,,0.9877745736434108,0.0,,0,2,56,40,48,1.0,0.0,12742303,0.0,22,0,0,735.0761388642713,3676.637272500971
4,x,10,0.0001,normal,val,12900000,0.9848503100775193,12704569,1.4168131166039555e-06,0.0,1,,0.0,,0.9848489147286822,0.0,,0,2,64,48,64,1.0,0.0,12704569,0.0,36,0,0,1060.7926572342403,4376.859629932806
4,x,10,0.0005,m1,val,12900000,0.9407799224806201,12136061,2.768608364773381e-05,0.0,1,,0.0,,0.9407538759689923,0.0,,0,2,56,40,48,1.0,0.0,12136061,1.0,670,0,0,449.45237453700975,3479.0215409210214
4,x,10,0.0005,normal,val,12900000,0.9265923255813954,11953041,2.5600179904009366e-05,0.0,1,,0.0,,0.9265686046511628,0.0,,0,2,64,48,64,1.0,0.0,11953041,1.0,610,0,0,573.5718363141641,4293.311946221889
4,x,10,0.001,m1,val,12900000,0.8852826356589147,11420146,0.00010608445811463356,0.0,1,,0.0,,0.8851887209302326,0.0,,0,2,56,40,48,1.0,0.0,11420146,1.0,2421,0,0,405.0245976317674,3553.5183626944345
4,x,10,0.001,normal,val,13000000,0.8593056153846154,11170973,0.0001056756649577436,0.0,1,,0.0,,0.8592148076923077,0.0,,0,2,64,48,64,1.0,0.0,11170973,7.0,2347,0,0,546.6078412663192,3943.1368284828495
4,x,10,0.005,m1,val,12900000,0.5533812403100775,7138618,0.00273960590131031,0.0,1,,0.0,,0.5518651937984496,0.0,,0,2,56,40,48,1.0,0.0,7138618,610.0,37894,0,0,1016.1506890449672,3604.845381031235
4,x,10,0.005,normal,val,13000000,0.481457,6258941,0.002788570782181842,0.0,1,,0.0,,0.4801144230769231,0.0,,0,2,64,48,64,1.0,0.0,6258941,600.0,33707,0,0,1157.5054591512308,4078.216620666499
4,x,10,0.01,m1,val,12900000,0.3197911627906977,4125306,0.011108266877657076,0.0,1,,0.0,,0.31623883720930235,0.0,,0,2,56,40,48,1.0,0.0,4125306,2944.0,85762,0,0,831.6050140019506,3423.075674745094
4,x,10,0.01,normal,val,13100000,0.24771748091603055,3245099,0.011469603854920914,0.0,1,,0.0,,0.24487625954198472,0.0,,0,2,64,48,64,1.0,0.0,3245099,2499.0,69442,0,0,1033.1188637139276,2947.832104844012
4,x,11,0.0,m2,val,100,1.0,100,0.0,0.0,1,,0.0,,1.0,0.0,,1,1,40,24,32,1.0,0.0,100,0.0,0,0,0,0.0,0.0291925410001567
4,x,11,0.0001,m1,val,12900000,0.9916527131782946,12792320,2.3842430458274963e-06,0.0,1,,0.0,,0.9916503488372093,0.0,,1,1,40,24,32,1.0,0.0,12792320,0.0,61,0,0,138.92366645205766,4230.067544641308
4,x,11,0.0001,normal,val,12900000,0.9886548837209302,12753648,1.7642011132814704e-06,0.0,1,,0.0,,0.9886531395348838,0.0,,1,1,48,32,48,1.0,0.0,12753648,0.0,45,0,0,627.7495556557551,5311.651353271125
4,x,11,0.0005,m1,val,12900000,0.9591471317829457,12372998,4.509820497829225e-05,0.0,1,,0.0,,0.9591038759689923,0.0,,1,1,40,24,32,1.0,0.0,12372998,3.0,1110,0,0,276.35617590975016,4420.846017426229
4,x,11,0.0005,normal,val,12900000,0.9447066666666667,12186716,4.984936056604585e-05,0.0,1,,0.0,,0.9446595736434108,0.0,,1,1,48,32,48,1.0,0.0,12186716,6.0,1203,0,0,661.1102833249606,4720.505393004845
4,x,11,0.001,m1,val,12900000,0.920124031007752,11869600,0.00017249949450697582,0.0,1,,0.0,,0.9199653100775194,0.0,,1,1,40,24,32,1.0,0.0,11869600,6.0,4083,0,0,460.9403368006461,4437.914317635717
4,x,11,0.001,normal,val,13000000,0.8929983076923077,11608978,0.000206650404540348,0.0,1,,0.0,,0.8928137692307693,0.0,,1,1,48,32,48,1.0,0.0,11608978,29.0,4740,0,0,637.7289385288022,4059.1849630780334
4,x,11,0.005,m1,val,12900000,0.666356976744186,8596005,0.004347077508679904,0.0,1,,0.0,,0.6634602713178295,0.0,,1,1,40,24,32,1.0,0.0,8596005,1435.0,71865,0,0,349.75326924258843,4376.416144392468
4,x,11,0.005,normal,val,13000000,0.578763,7523919,0.005144327045519761,0.0,1,,0.0,,0.5757856538461539,0.0,,1,1,48,32,48,1.0,0.0,7523919,2095.0,73221,0,0,614.7932765320875,2993.2927957305656
4,x,11,0.01,m1,val,12900000,0.4558732558139535,5880765,0.016705989781941634,0.0,1,,0.0,,0.4482574418604651,0.0,,1,1,40,24,32,1.0,0.0,5880765,7446.0,181596,0,0,1089.3915140838362,3951.569465602006
4,x,11,0.01,normal,val,13100000,0.3514297709923664,4603730,0.02071646252060829,0.0,1,,0.0,,0.3441493893129771,0.0,,1,1,48,32,48,1.0,0.0,4603730,10081.0,170584,0,0,1214.8438976872712,2941.443511942649
4,x,12,0.0,m2,val,100,1.0,100,0.0,0.0,1,,0.0,,1.0,0.0,,0,2,56,24,48,1.0,0.0,100,0.0,0,0,0,0.0,0.0265701079988502
4,x,12,0.0001,m1,val,12900000,0.9885888372093024,12752796,0.001611842610828245,0.0,1,,0.0,,0.9869953875968992,0.0,,0,2,56,24,48,1.0,0.0,12752796,13.0,41085,0,0,631.9795110598207,4724.684168439184
4,x,12,0.0001,normal,val,12900000,0.9856622480620155,12715043,0.001611948933243875,0.0,1,,0.0,,0.9840734108527132,0.0,,0,2,64,32,64,1.0,0.0,12715043,25.0,40942,0,0,632.2692192872055,4654.868208630869
4,x,12,0.0005,m1,val,12900000,0.9444103100775194,12182893,0.008064504875812338,0.0,1,,0.0,,0.9367941085271317,0.0,,0,2,56,24,48,1.0,0.0,12182893,307.0,195884,0,0,837.3164439941756,4023.21013231184
4,x,12,0.0005,normal,val,12900000,0.9302262015503876,11999918,0.008045971647472925,0.0,1,,0.0,,0.9227416279069768,0.0,,0,2,64,32,64,1.0,0.0,11999918,567.0,191968,0,0,608.5646672379225,4217.370231693523
4,x,12,0.001,m1,val,12900000,0.8921812403100775,11509138,0.016027655589845216,0.0,1,,0.0,,0.8778816666666667,0.0,,0,2,56,24,48,1.0,0.0,11509138,1076.0,366777,0,0,1037.3437872165814,3785.024865265892
4,x,12,0.001,normal,val,13000000,0.8656563846153846,11253533,0.016265114253452673,0.0,1,,0.0,,0.8515763846153847,0.0,,0,2,64,32,64,1.0,0.0,11253533,2309.0,361462,0,0,607.5525918500498,4320.069511599926
4,x,12,0.005,m1,val,12900000,0.5706627906976744,7361550,0.07879339269583172,0.0,1,,0.0,,0.5256983333333334,0.0,,0,2,56,24,48,1.0,0.0,7361550,15817.0,1128449,0,0,521.8880401537754,3981.797254961173
4,x,12,0.005,normal,val,13000000,0.4957694615384615,6445003,0.08371927833082467,0.0,1,,0.0,,0.454264,0.0,,0,2,64,32,64,1.0,0.0,6445003,29609.0,1019924,0,0,620.3556373212487,2783.5402359219443
4,x,12,0.01,m1,val,12900000,0.3338979069767442,4307283,0.152922967912719,0.0,1,,0.0,,0.2828372480620155,0.0,,0,2,56,24,48,1.0,0.0,4307283,32877.0,1251611,0,0,568.850165608339,3006.5879568838864
4,x,12,0.01,normal,val,13100000,0.2578064885496183,3377265,0.16877266071806624,0.0,1,,0.0,,0.21429580152671757,0.0,,0,2,64,32,64,1.0,0.0,3377265,52645.0,1034690,0,0,505.6629730039276,2080.1296426269546
4,x,13,0.0,m2,val,100,1.0,100,0.0,0.0,1,,0.0,,1.0,0.0,,2,0,24,8,16,1.0,0.0,100,0.0,0,0,0,0.0,0.0292569440007355
4,x,13,0.0001,m1,val,12900000,0.9963270542635659,12852619,3.112206158137886e-06,0.0,1,,0.0,,0.9963239534883721,0.0,,2,0,24,8,16,1.0,0.0,12852619,0.0,80,0,0,12.016652720980346,2455.549875992976
4,x,13,0.0001,normal,val,12900000,0.9950834108527131,12836576,6.816459467072839e-06,0.0,1,,0.0,,0.9950766279069767,0.0,,2,0,32,16,32,1.0,0.0,12836576,2.0,171,0,0,562.4780085347593,4721.809756415241
4,x,13,0.0005,m1,val,12900000,0.9818158139534884,12665424,7.536265663115581e-05,0.0,1,,0.0,,0.9817418217054263,0.0,,2,0,24,8,16,1.0,0.0,12665424,7.0,1895,0,0,25.497798681724817,2619.9044393701624
4,x,13,0.0005,normal,val,12900000,0.9757939534883721,12587742,0.00015801086485566672,0.0,1,,0.0,,0.9756397674418604,0.0,,2,0,32,16,32,1.0,0.0,12587742,16.0,3946,0,0,568.5008397656493,4545.412662848132
4,x,13,0.001,m1,val,12900000,0.9640851162790698,12436698,0.0003027732923964223,0.0,1,,0.0,,0.9637932170542636,0.0,,2,0,24,8,16,1.0,0.0,12436698,55.0,7421,0,0,39.040661089122295,2922.4075264312705
4,x,13,0.001,normal,val,13000000,0.9523195384615385,12380154,0.0006254364848773287,0.0,1,,0.0,,0.9517239230769231,0.0,,2,0,32,16,32,1.0,0.0,12380154,159.0,15168,0,0,567.2783849919215,5092.881385628934
4,x,13,0.005,m1,val,12900000,0.8348456589147287,10769509,0.006935181538916956,0.0,1,,0.0,,0.8290558527131783,0.0,,2,0,24,8,16,1.0,0.0,10769509,4976.0,139425,0,0,101.63749171374366,3200.5909781851806
4,x,13,0.005,normal,val,13000000,0.7876734615384615,10239755,0.013698423448607902,0.0,1,,0.0,,0.776883576923077,0.0,,2,0,32,16,32,1.0,0.0,10239755,13138.0,254261,0,0,609.2359794732183,3528.8543357097224
4,x,13,0.01,m1,val,12900000,0.7020210852713178,9056072,0.02471855347439817,0.0,1,,0.0,,0.6846681395348837,0.0,,2,0,24,8,16,1.0,0.0,9056072,29052.0,389602,0,0,159.78277599904686,3762.248163783559
4,x,13,0.01,normal,val,13100000,0.6286313740458015,8235071,0.04613439276965554,0.0,1,,0.0,,0.5996298473282443,0.0,,2,0,32,16,32,1.0,0.0,8235071,66207.0,627426,0,0,792.9845435046591,3780.298370535136
4,x,14,0.0,m2,val,100,1.0,100,0.0,0.0,1,,0.0,,1.0,0.0,,0,2,56,24,48,1.0,0.0,100,0.0,0,0,0,0.0,0.0273784630007867
4,x,14,0.0001,m1,val,12900000,0.9887921705426357,12755419,0.0017095087193921266,0.0,1,,0.0,,0.9871018217054264,0.0,,0,2,56,24,48,1.0,0.0,12755419,25.0,43561,0,0,559.5199871938676,4822.485434631468
4,x,14,0.0001,normal,val,12900000,0.9858261240310078,12717157,0.0017120965008138218,0.0,1,,0.0,,0.9841382945736434,0.0,,0,2,64,32,64,1.0,0.0,12717157,34.0,43478,0,0,607.576071228832,4854.175525295592
4,x,14,0.0005,m1,val,12900000,0.9453755813953488,12195345,0.008531000967992296,0.0,1,,0.0,,0.9373105813953488,0.0,,0,2,56,24,48,1.0,0.0,12195345,515.0,207047,0,0,569.0107513866387,4288.223688146725
4,x,14,0.0005,normal,val,12900000,0.9311318604651163,12011601,0.008560599040877232,0.0,1,,0.0,,0.9231608139534884,0.0,,0,2,64,32,64,1.0,0.0,12011601,643.0,204367,0,0,1334.0992822702974,4817.067323504598
4,x,14,0.001,m1,val,12900000,0.8938182170542636,11530255,0.016974602903405,0.0,1,,0.0,,0.878646007751938,0.0,,0,2,56,24,48,1.0,0.0,11530255,1846.0,387751,0,0,561.376352970954,4761.463010490057
4,x,14,0.001,normal,val,13000000,0.8672036923076923,11273648,0.017069541287789012,0.0,1,,0.0,,0.8524009230769231,0.0,,0,2,64,32,64,1.0,0.0,11273648,2307.0,380258,0,0,996.5432969038376,5559.7564831265045
4,x,14,0.005,m1,val,12900000,0.5730091472868217,7391818,0.08085061076990803,0.0,1,,0.0,,0.5266810077519379,0.0,,0,2,56,24,48,1.0,0.0,7391818,26644.0,1141978,0,0,536.770462017972,3560.959460074024
4,x,14,0.005,normal,val,13000000,0.4954982307692308,6441477,0.08337257122861728,0.0,1,,0.0,,0.45418726923076924,0.0,,0,2,64,32,64,1.0,0.0,6441477,30757.0,1012571,0,0,477.2574382061139,3116.970647272989
4,x,14,0.01,m1,val,12900000,0.33233542635658914,4287127,0.1522130088518488,0.0,1,,0.0,,0.2817496511627907,0.0,,0,2,56,24,48,1.0,0.0,4287127,53620.0,1197873,0,0,495.2340441700071,2959.199809128462
4,x,14,0.01,normal,val,13100000,0.2517373282442748,3297759,0.16070079711707252,0.0,1,,0.0,,0.2112829389312977,0.0,,0,2,64,32,64,1.0,0.0,3297759,55157.0,949591,0,0,451.45061927381903,2121.253904348836
4,x,15,0.0,m2,val,100,1.0,100,0.0,0.0,1,,0.0,,1.0,0.0,,1,1,40,8,32,1.0,0.0,100,0.0,0,0,0,0.0,0.0293318050007656
4,x,15,0.0001,m1,val,12900000,0.9934733333333333,12815806,0.0021154736580750364,0.0,1,,0.0,,0.9913716666666667,0.0,,1,1,40,8,32,1.0,0.0,12815806,70.0,54083,0,0,143.23746583098546,4443.229816525214
4,x,15,0.0001,normal,val,12900000,0.9922246511627907,12799698,0.0029888205174840843,0.0,1,,0.0,,0.9892590697674418,0.0,,1,1,48,16,48,1.0,0.0,12799698,117.0,76278,0,0,1533.3274084231816,4875.20808680878
4,x,15,0.0005,m1,val,12900000,0.9677593023255814,12484095,0.010487063739902653,0.0,1,,0.0,,0.9576103488372093,0.0,,1,1,40,8,32,1.0,0.0,12484095,1416.0,259011,0,0,162.37702120188624,4405.276668683538
4,x,15,0.0005,normal,val,12900000,0.9618017054263566,12407242,0.014869743009768005,0.0,1,,0.0,,0.9474999612403101,0.0,,1,1,48,16,48,1.0,0.0,12407242,2828.0,363329,0,0,1477.3103115214035,5370.751293713562
4,x,15,0.001,m1,val,12900000,0.9365731007751938,12081793,0.020716958153479372,0.0,1,,0.0,,0.9171701550387596,0.0,,1,1,40,8,32,1.0,0.0,12081793,5423.0,489750,0,0,188.63112223800272,5026.9311064344365
4,x,15,0.001,normal,val,13000000,0.9251290769230769,12026678,0.029352827106537648,0.0,1,,0.0,,0.897973923076923,0.0,,1,1,48,16,48,1.0,0.0,12026678,10587.0,684860,0,0,1475.5565559878014,4563.086238946868
4,x,15,0.005,m1,val,12900000,0.7212031007751938,9303520,0.09573220673465527,0.0,1,,0.0,,0.6521607364341085,0.0,,1,1,40,8,32,1.0,0.0,9303520,87647.0,1605999,0,0,362.5231808573008,4009.987392214796
4,x,15,0.005,normal,val,13000000,0.6787324615384616,8823522,0.1311953435374219,0.0,1,,0.0,,0.589685923076923,0.0,,1,1,48,16,48,1.0,0.0,8823522,154134.0,2006942,0,0,619.516607219819,4472.178906883593
4,x,15,0.01,m1,val,12900000,0.5214436434108527,6726623,0.17377813503150094,0.0,1,,0.0,,0.43082813953488375,0.0,,1,1,40,8,32,1.0,0.0,6726623,208016.0,1921848,0,0,482.781647273805,4043.5826597961423
4,x,15,0.01,normal,val,13000000,0.46240376923076926,6011249,0.22901056003502765,0.0,1,,0.0,,0.3565084230769231,0.0,,1,1,48,16,48,1.0,0.0,6011249,317913.0,2117453,0,0,618.0573720331304,4277.438030134901
4,x,16,0.0,m2,val,100,1.0,100,0.0,0.0,1,,0.0,,1.0,0.0,,0,2,56,8,48,1.0,0.0,100,0.0,0,0,0,0.0,0.0284494160005124
4,z,2,0.0,m2,val,200,1.0,200,0.0,0.0,1,,0.0,,1.0,0.0,,1,1,40,40,32,1.0,0.0,200,0.0,0,0,0,0.0,0.0710307299996202
4,z,2,0.0001,m1,val,12900000,0.9918606201550387,12795002,0.0013194995983587966,0.0,1,,0.0,,0.9905518604651162,0.0,,1,1,40,40,32,1.0,0.0,12795002,25.0,33716,0,0,223.3158396421932,3999.2240770676144
4,z,2,0.0001,normal,val,12900000,0.9898913953488372,12769599,0.0018331037646522807,0.0,1,,0.0,,0.9880768217054263,0.0,,1,1,48,48,48,1.0,0.0,12769599,35.0,46746,0,0,652.4044889952056,4500.561984918706
4,z,2,0.0005,m1,val,12900000,0.9600679069767442,12384876,0.006547098251125001,0.0,1,,0.0,,0.9537822480620155,0.0,,1,1,40,40,32,1.0,0.0,12384876,560.0,161050,0,0,195.00762999616563,4958.236212039745
4,z,2,0.0005,normal,val,12900000,0.9503556589147287,12259588,0.009052384142109833,0.0,1,,0.0,,0.9417526744186047,0.0,,1,1,48,48,48,1.0,0.0,12259588,1022.0,219913,0,0,652.1584746143781,4069.4642161062657
4,z,2,0.001,m1,val,12900000,0.9216913178294573,11889818,0.01297820538548193,0.0,1,,0.0,,0.9097294186046512,0.0,,1,1,40,40,32,1.0,0.0,11889818,2195.0,304227,0,0,181.4841785929165,3929.8787352728095
4,z,2,0.001,normal,val,12900000,0.903281007751938,11652325,0.017943114357006004,0.0,1,,0.0,,0.8870733333333334,0.0,,1,1,48,48,48,1.0,0.0,11652325,3943.0,410272,0,0,658.2596597447991,4330.534356415505
4,z,2,0.005,m1,val,12900000,0.6663996124031007,8596555,0.062017401156626115,0.0,1,,0.0,,0.6250712403100775,0.0,,1,1,40,40,32,1.0,0.0,8596555,35684.0,994904,0,0,368.4632205190137,3749.55366116314
4,z,2,0.005,normal,val,12900000,0.6031924031007752,7781182,0.08382331887366212,0.0,1,,0.0,,0.5526308139534883,0.0,,1,1,48,48,48,1.0,0.0,7781182,56701.0,1191087,0,0,622.0007603038102,4486.488091901236
4,z,2,0.01,m1,val,12900000,0.4463131782945736,5757440,0.11702180135615829,0.0,1,,0.0,,0.3940848062015504,0.0,,1,1,40,40,32,1.0,0.0,5757440,84004.0,1179484,0,0,472.67129571409896,3452.5404915005056
4,z,2,0.01,normal,val,12900000,0.3663449612403101,4725850,0.1545930361733868,0.0,1,,0.0,,0.30971058139534885,0.0,,1,1,48,48,48,1.0,0.0,4725850,116516.0,1228135,0,0,615.2380062541924,3517.227142001881
4,z,3,0.0,m2,val,200,1.0,200,0.0,0.0,1,,0.0,,1.0,0.0,,0,2,56,40,48,1.0,0.0,200,0.0,0,0,0,0.0,0.0545034549995761
4,z,3,0.0001,m1,val,12900000,0.9880136434108527,12745376,0.0009252767435028986,0.0,1,,0.0,,0.9870994573643411,0.0,,0,2,56,40,48,1.0,0.0,12745376,15.0,23556,0,0,636.0170072708279,4263.084041093258
4,z,3,0.0001,normal,val,12900000,0.9850665891472868,12707359,0.000917185073625448,0.0,1,,0.0,,0.9841631007751938,0.0,,0,2,64,48,64,1.0,0.0,12707359,7.0,23296,0,0,587.0357232578099,3968.138855955884
4,z,3,0.0005,m1,val,12900000,0.94157,12146253,0.004592198104221935,0.0,1,,0.0,,0.9372461240310077,0.0,,0,2,56,40,48,1.0,0.0,12146253,185.0,111186,0,0,631.5360073992051,4612.936601192021
4,z,3,0.0005,normal,val,12900000,0.9273662790697674,11963025,0.0045838322665045,0.0,1,,0.0,,0.9231153875968993,0.0,,0,2,64,48,64,1.0,0.0,11963025,222.0,109229,0,0,663.8178757210262,4027.118219696029
4,z,3,0.001,m1,val,12900000,0.8866394573643411,11437649,0.009159749525448804,0.0,1,,0.0,,0.8785180620155039,0.0,,0,2,56,40,48,1.0,0.0,11437649,734.0,208064,0,0,725.7996436376125,3652.78662054152
4,z,3,0.001,normal,val,12900000,0.8602005426356589,11096587,0.009168629958022229,0.0,1,,0.0,,0.8523136821705426,0.0,,0,2,64,48,64,1.0,0.0,11096587,962.0,201557,0,0,565.8141081859358,4221.645918698006
4,z,3,0.005,m1,val,12900000,0.5502813953488372,7098630,0.045322336845278595,0.0,1,,0.0,,0.5253413565891473,0.0,,0,2,56,40,48,1.0,0.0,7098630,10296.0,622861,0,0,525.9526981390081,3393.28636487569
4,z,3,0.005,normal,val,12900000,0.4750168992248062,6127718,0.046728325291731765,0.0,1,,0.0,,0.45282015503875966,0.0,,0,2,64,48,64,1.0,0.0,6127718,12481.0,547714,0,0,525.3126116539352,3315.088150743046
4,z,3,0.01,m1,val,12900000,0.30629387596899227,3951191,0.089707255356676,0.0,1,,0.0,,0.2788170930232558,0.0,,0,2,56,40,48,1.0,0.0,3951191,20990.0,666921,0,0,504.3321668040008,2686.209818975214
4,z,3,0.01,normal,val,12900000,0.23085162790697675,2977986,0.09466750347382426,0.0,1,,0.0,,0.20899748062015505,0.0,,0,2,64,48,64,1.0,0.0,2977986,22854.0,518129,0,0,470.6144971419126,2960.3582174979383
4,z,4,0.0,m2,val,200,1.0,200,0.0,0.0,1,,0.0,,1.0,0.0,,2,0,24,24,16,1.0,0.0,200,0.0,0,0,0,0.0,0.0586299189999407
4,z,4,0.0001,m1,val,12900000,0.995554031007752,12842647,1.2458490839154887e-06,0.0,1,,0.0,,0.9955527906976744,0.0,,2,0,24,24,16,1.0,0.0,12842647,0.0,32,0,0,13.22999743418768,2441.762305827069
4,z,4,0.0001,normal,val,12900000,0.9935286046511628,12816519,1.989619802381598e-06,0.0,1,,0.0,,0.9935266279069768,0.0,,2,0,32,32,32,1.0,0.0,12816519,0.0,51,0,0,569.1467572147958,4433.218419941128
4,z,4,0.0005,m1,val,12900000,0.9779756589147287,12615886,2.631602726911134e-05,0.0,1,,0.0,,0.9779499224806202,0.0,,2,0,24,24,16,1.0,0.0,12615886,1.0,662,0,0,57.32350527308881,2760.189335060786
4,z,4,0.0005,normal,val,12900000,0.9681233333333333,12488791,5.8092092341044064e-05,0.0,1,,0.0,,0.9680670930232558,0.0,,2,0,32,32,32,1.0,0.0,12488791,0.0,1451,0,0,564.1988346059807,4705.109074777996
4,z,4,0.001,m1,val,12900000,0.9563179069767442,12336501,0.00012114456116851934,0.0,1,,0.0,,0.9562020542635659,0.0,,2,0,24,24,16,1.0,0.0,12336501,22.0,2945,0,0,35.370310141239315,2412.7962561558816
4,z,4,0.001,normal,val,12900000,0.9374743410852713,12093419,0.00022681757739477975,0.0,1,,0.0,,0.9372617054263566,0.0,,2,0,32,32,32,1.0,0.0,12093419,48.0,5390,0,0,590.8253936115652,4701.038162687255
4,z,4,0.005,m1,val,12900000,0.8035594573643411,10365917,0.002843356743064796,0.0,1,,0.0,,0.8012746511627907,0.0,,2,0,24,24,16,1.0,0.0,10365917,1333.0,56282,0,0,94.03051000414416,2875.1987168801134
4,z,4,0.005,normal,val,12900000,0.7311399224806202,9431705,0.005350835294360882,0.0,1,,0.0,,0.7272277131782946,0.0,,2,0,32,32,32,1.0,0.0,9431705,3093.0,94749,0,0,975.042212577071,4036.729982188961
4,z,4,0.01,m1,val,12900000,0.652982015503876,8423468,0.010682892129464966,0.0,1,,0.0,,0.6460062790697675,0.0,,2,0,24,24,16,1.0,0.0,8423468,8111.0,163752,0,0,141.1798080499284,3115.054113903549
4,z,4,0.01,normal,val,12900000,0.5471609302325582,7058376,0.019621085643496464,0.0,1,,0.0,,0.5364250387596899,0.0,,2,0,32,32,32,1.0,0.0,7058376,16044.0,244898,0,0,647.4568363940343,4396.914487545364
4,z,5,0.0,m2,val,200,1.0,200,0.0,0.0,1,,0.0,,1.0,0.0,,0,2,56,40,48,1.0,0.0,200,0.0,0,0,0,0.0,0.054472486999657
4,z,5,0.0001,m1,val,12900000,0.9877793798449612,12742354,0.0008092696216099474,0.0,1,,0.0,,0.98698,0.0,,0,2,56,40,48,1.0,0.0,12742354,5.0,20614,0,0,621.2440495952033,3273.1329629285465
4,z,5,0.0001,normal,val,12900000,0.9848093798449612,12704041,0.0008104901424672669,0.0,1,,0.0,,0.9840112015503876,0.0,,0,2,64,48,64,1.0,0.0,12704041,11.0,20571,0,0,580.4049383681267,5059.974599403082
4,z,5,0.0005,m1,val,12900000,0.94066,12134514,0.004078408084575946,0.0,1,,0.0,,0.9368236046511628,0.0,,0,2,56,40,48,1.0,0.0,12134514,127.0,98725,0,0,835.1514850780368,3277.0314548007154
4,z,5,0.0005,normal,val,12900000,0.9264656589147287,11951407,0.004104328469442971,0.0,1,,0.0,,0.9226631395348838,0.0,,0,2,64,48,64,1.0,0.0,11951407,280.0,97545,0,0,580.9437536890619,4928.458330719353
4,z,5,0.001,m1,val,12900000,0.8849145736434109,11415398,0.008206240378127859,0.0,1,,0.0,,0.8776527519379845,0.0,,0,2,56,40,48,1.0,0.0,11415398,556.0,186243,0,0,592.8944800640456,4279.542139015684
4,z,5,0.001,normal,val,12900000,0.8587014728682171,11077249,0.008237920805066311,0.0,1,,0.0,,0.8516275581395348,0.0,,0,2,64,48,64,1.0,0.0,11077249,1106.0,180295,0,0,598.3461777917109,4889.371764349227
4,z,5,0.005,m1,val,12900000,0.5473601550387597,7060946,0.04227280593846774,0.0,1,,0.0,,0.5242217054263566,0.0,,0,2,56,40,48,1.0,0.0,7060946,8467.0,580038,0,0,543.2407580972649,3917.36673533138
4,z,5,0.005,normal,val,12900000,0.47285007751937985,6099766,0.04449596918963777,0.0,1,,0.0,,0.4518101550387597,0.0,,0,2,64,48,64,1.0,0.0,6099766,14558.0,513714,0,0,685.8845150060952,3400.669121426821
4,z,5,0.01,m1,val,12900000,0.3064858139534884,3953667,0.08749851719934937,0.0,1,,0.0,,0.2796687596899225,0.0,,0,2,56,40,48,1.0,0.0,3953667,18148.0,655584,0,0,506.18014965578914,3130.9168980942777
4,z,5,0.01,normal,val,12900000,0.23173201550387598,2989343,0.095753816139533,0.0,1,,0.0,,0.20954279069767442,0.0,,0,2,64,48,64,1.0,0.0,2989343,27193.0,518096,0,0,472.0515776933171,2770.6023738866643
4,z,6,0.0,m2,val,200,1.0,200,0.0,0.0,1,,0.0,,1.0,0.0,,1,1,40,24,32,1.0,0.0,200,0.0,0,0,0,0.0,0.0580248559999744
4,z,6,0.0001,m1,val,12900000,0.9916865891472868,12792757,8.598615607253386e-07,0.0,1,,0.0,,0.9916857364341085,0.0,,1,1,40,24,32,1.0,0.0,12792757,0.0,22,0,0,206.859672695864,3291.1948465492314
4,z,6,0.0001,normal,val,12900000,0.9887034108527132,12754274,1.019266169128874e-06,0.0,1,,0.0,,0.9887024031007752,0.0,,1,1,48,32,48,1.0,0.0,12754274,0.0,26,0,0,666.0397296817973,5970.405489531055
4,z,6,0.0005,m1,val,12900000,0.9591452713178295,12372974,1.4467014963419466e-05,0.0,1,,0.0,,0.9591313953488372,0.0,,1,1,40,24,32,1.0,0.0,12372974,0.0,358,0,0,154.18547708075494,3764.682060935083
4,z,6,0.0005,normal,val,12900000,0.9447587596899225,12187388,1.6861693416177444e-05,0.0,1,,0.0,,0.9447428294573643,0.0,,1,1,48,32,48,1.0,0.0,12187388,1.0,409,0,0,658.6194796604104,5207.121255948339
4,z,6,0.001,m1,val,12900000,0.9202606976744186,11871363,5.723858330336626e-05,0.0,1,,0.0,,0.920208023255814,0.0,,1,1,40,24,32,1.0,0.0,11871363,0.0,1359,0,0,184.60695669380948,4640.519810883954
4,z,6,0.001,normal,val,12900000,0.8931431007751938,11521546,6.965211092330838e-05,0.0,1,,0.0,,0.8930808914728682,0.0,,1,1,48,32,48,1.0,0.0,11521546,2.0,1601,0,0,632.5174866537564,5201.197452643435
4,z,6,0.005,m1,val,12900000,0.6682149612403101,8619973,0.001504239050400738,0.0,1,,0.0,,0.6672098062015503,0.0,,1,1,40,24,32,1.0,0.0,8619973,395.0,25143,0,0,323.0980795603245,4725.805602422901
4,z,6,0.005,normal,val,12900000,0.5823752713178295,7512641,0.001896803001767288,0.0,1,,0.0,,0.5812706201550387,0.0,,1,1,48,32,48,1.0,0.0,7512641,561.0,27378,0,0,647.2321281968616,4533.628363957352
4,z,6,0.01,m1,val,12900000,0.4605587596899225,5941208,0.006249991584203078,0.0,1,,0.0,,0.45768027131782946,0.0,,1,1,40,24,32,1.0,0.0,5941208,2148.0,69969,0,0,436.4931845278479,3858.51134712527
4,z,6,0.01,normal,val,12900000,0.36024077519379843,4647106,0.00815658175217006,0.0,1,,0.0,,0.3573024418604651,0.0,,1,1,48,32,48,1.0,0.0,4647106,2789.0,70231,0,0,621.550767974928,3495.592857408148
4,z,7,0.0,m2,val,200,1.0,200,0.0,0.0,1,,0.0,,1.0,0.0,,0,2,56,24,48,1.0,0.0,200,0.0,0,0,0,0.0,0.0965789890015001
4,z,7,0.0001,m1,anqi,3000000,0.9887703333333333,2966311,0.0,0.0,1,,0.0,,0.9887703333333333,0.0,,0,2,56,24,48,1.0,0.0,2966311,0.0,0,0,0,0.0,1274.0556496559293
4,z,7,0.0001,m1,val,15900000,0.9887023372093023,15719694,6.370278960510753e-07,0.00013327240310069487,2,9.616104079339635e-05,4.0330875740547893e-07,2.910024053809535e-07,0.988701707364341,0.00013287356589149367,9.587326477787013e-05,0,2,56,24,48,1.0,0.0,15719694,0.0,16,0,0,362.410262638703,4634.093469187181
4,z,7,0.0001,normal,anqi,4000000,0.9857645,3943058,0.0,0.0,1,,0.0,,0.9857645,0.0,,0,2,64,32,64,1.0,0.0,3943058,0.0,0,0,0,0.0,2858.2824038619874
4,z,7,0.0001,normal,val,16900000,0.9857115135658915,16658053,4.6989033830385194e-07,0.00010385341085277666,2,7.493413373811323e-05,7.316719134221436e-08,5.27928746514831e-08,0.9857110503875969,0.00010378124031007017,7.488205998285848e-05,0,2,64,32,64,1.0,0.0,16658053,0.0,15,0,0,628.0036811181344,8536.574458896983
4,z,7,0.0005,m1,val,12900000,0.9445896124031008,12185206,9.971107587348134e-06,0.0,1,,0.0,,0.9445801937984496,0.0,,0,2,56,24,48,1.0,0.0,12185206,0.0,243,0,0,356.1353429667652,3742.327569848145
4,z,7,0.0005,normal,val,12900000,0.9305151937984496,12003646,8.70568825505184e-06,0.0,1,,0.0,,0.9305070930232558,0.0,,0,2,64,32,64,1.0,0.0,12003646,0.0,209,0,0,595.7824445748702,4834.542585771807
4,z,7,0.001,m1,val,976900000,0.8927581509697964,872096741,4.443945569451667e-05,7.974502943161709e-05,2,5.7539031711242104e-05,1.6050491825691353e-05,1.15810322564547e-05,0.8927184776166812,9.407069301046955e-05,6.787553565165406e-05,0,2,56,24,48,1.0,0.0,872096741,191.0,91035,0,0,392.71795786498114,427200.32612214674
4,z,7,0.001,normal,val,975900000,0.8668713286000629,845997858,4.481629349242003e-05,3.739785457261058e-05,2,2.6983955683797218e-05,1.6152244755968938e-05,1.165445081462295e-05,0.8668324784829384,2.3394260668067047e-05,1.6879837101261164e-05,0,2,64,32,64,1.0,0.0,845997858,207.0,88990,0,0,623.026790693868,456713.6618651778
4,z,7,0.005,m1,anqi,3000000,0.580971,1742913,3.155636569352572e-05,0.0,1,,0.0,,0.5809526666666667,0.0,,0,2,56,24,48,1.0,0.0,1742913,55.0,0,0,0,0.0,1610.790284608025
4,z,7,0.005,m1,val,15900000,0.5808324379844961,9233864,0.0012012748774851685,0.00027158155038761397,2,0.0001959562815553448,0.0004512637767559695,0.000325603751681631,0.5801346666666667,9.146666666639546e-06,6.5996632910548755e-06,0,2,56,24,48,1.0,0.0,9233864,202.0,19134,0,0,695.6546530192718,5046.178710414635
4,z,7,0.005,normal,anqi,3000000,0.5118216666666666,1535465,3.126088839537209e-05,0.0,1,,0.0,,0.5118056666666667,0.0,,0,2,64,32,64,1.0,0.0,1535465,48.0,0,0,0,0.0,1842.0005275460423
4,z,7,0.005,normal,val,15900000,0.5117959883720931,8137302,0.0012403918511124476,5.032945736423433e-05,2,3.631459244458094e-05,0.00043964960686826844,0.00031722369220668606,0.5111611550387597,0.00017474387596906114,0.00012608426496790216,0,2,64,32,64,1.0,0.0,8137302,197.0,17520,0,0,547.7893347833306,5718.737022767497
4,z,7,0.01,m1,anqi,3000000,0.3569676666666667,1070903,0.0002782698339625531,0.0,1,,0.0,,0.35686833333333334,0.0,,0,2,56,24,48,1.0,0.0,1070903,298.0,0,0,0,0.0,1472.2411786730518
4,z,7,0.01,m1,val,15900000,0.357024492248062,5677252,0.005091031058753199,0.00011137813953482177,2,8.036350789899386e-05,0.0017615966614460184,0.0012710581071674106,0.3552069205426357,0.0007397442635658974,0.0005337532501135661,0,2,56,24,48,1.0,0.0,5677252,1102.0,49247,0,0,474.85811027605087,4867.123082999329
4,z,7,0.01,normal,anqi,4000000,0.290713,1162852,0.0002975443134637942,0.0,1,,0.0,,0.2906265,0.0,,0,2,64,32,64,1.0,0.0,1162852,346.0,0,0,0,0.0,2161.89851078199
4,z,7,0.01,normal,val,15900000,0.29053128294573644,4616038,0.005383195653775324,0.0006749920930232079,2,0.0004870321288000114,0.0018181618577200562,0.001311872019274064,0.28896697674418603,0.00014312558139538634,0.00010327047874076005,0,2,64,32,64,1.0,0.0,4616038,1041.0,42290,0,0,490.7443930385634,4445.962831548575
4,z,7,0.05,m1,anqi,3000000,0.022530666666666668,67592,0.03157178364303468,0.0,1,,0.0,,0.021819333333333333,0.0,,0,2,56,24,48,1.0,0.0,67592,2134.0,0,0,0,0.0,1052.4677852989407
4,z,7,0.05,m1,val,3000000,0.022530666666666668,67592,0.14264262042845308,0.0,1,,0.0,,0.01931683333333333,0.0,,0,2,56,24,48,1.0,0.0,67592,2134.0,15015,0,0,0.0,952.4831681690412
4,z,7,0.05,normal,anqi,4000000,0.01347925,53917,0.036964222786876125,0.0,1,,0.0,,0.012981,0.0,,0,2,64,32,64,1.0,0.0,53917,1993.0,0,0,0,0.0,1259.750664766936
4,z,7,0.05,normal,val,4000000,0.01347925,53917,0.15193723686406885,0.0,1,,0.0,,0.01143125,0.0,,0,2,64,32,64,1.0,0.0,53917,1993.0,12398,0,0,0.0,1324.64661766903
4,z,7,0.1,m1,anqi,3000000,0.0021523333333333334,6457,0.1308657271178566,0.0,1,,0.0,,0.0018706666666666667,0.0,,0,2,56,24,48,1.0,0.0,6457,845.0,0,0,0,0.0,970.291037167015
4,z,7,0.1,m1,val,3000000,0.0021523333333333334,6457,0.37501935883537246,0.0,1,,0.0,,0.0013451666666666666,0.0,,0,2,56,24,48,1.0,0.0,6457,844.0,3155,0,0,0.0,870.2049149459926
4,z,7,0.1,normal,anqi,4000000,0.00130075,5203,0.15990774553142417,0.0,1,,0.0,,0.00109275,0.0,,0,2,64,32,64,1.0,0.0,5203,832.0,0,0,0,0.0,1237.523704814026
4,z,7,0.1,normal,val,4000000,0.00130075,5203,0.4256198347107438,0.0,1,,0.0,,0.000747125,0.0,,0,2,64,32,64,1.0,0.0,5203,833.0,2763,0,0,0.0,1348.71497941704
4,z,8,0.0,m2,val,200,1.0,200,0.0,0.0,1,,0.0,,1.0,0.0,,3,-1,8,8,0,1.0,0.0,200,0.0,0,0,0,0.0,0.0484312609987682
4,z,8,0.0001,m1,anqi,296000000,1.0,296000000,0.0,0.0,1,,0.0,,1.0,0.0,,3,-1,8,8,0,1.0,0.0,296000000,0.0,0,0,0,0.0,362.3099423297099
4,z,8,0.0001,m1,val,1085900000,1.0,1085900000,0.0,0.0,3,0.0,0.0,0.0,1.0,0.0,0.0,3,-1,8,8,0,1.0,0.0,1085900000,0.0,0,0,0,0.267826140858233,74.30986146183568
4,z,8,0.0001,normal,anqi,296000000,1.0,296000000,0.0,0.0,1,,0.0,,1.0,0.0,,3,-1,16,16,16,1.0,0.0,296000000,0.0,0,0,0,0.0,14019.314929895629
4,z,8,0.0001,normal,val,1085900000,1.0,1085900000,0.0,0.0,3,0.0,0.0,0.0,1.0,0.0,0.0,3,-1,16,16,16,1.0,0.0,1085900000,0.0,0,0,0,9.717763046268374,5485.937431066399
4,z,8,0.0005,m1,val,1082900000,1.0,1082900000,0.0,0.0,2,0.0,0.0,0.0,1.0,0.0,0.0,3,-1,8,8,0,1.0,0.0,1082900000,0.0,0,0,0,0.2843434461392462,140.0276998070185
4,z,8,0.0005,normal,val,1082900000,1.0,1082900000,4.840739665020816e-10,0.0,2,0.0,9.487849743440797e-10,6.84583968618983e-10,0.9999999995159261,9.487849916833808e-10,6.845839811299394e-10,3,-1,16,16,16,1.0,0.0,1082900000,0.0,2,0,0,14.800973825156689,7568.096153516846
4,z,8,0.001,m1,anqi,4345000000,1.0,4345000000,0.0,0.0,1,,0.0,,1.0,0.0,,3,-1,8,8,0,1.0,0.0,4345000000,0.0,0,0,0,0.0,8323.191797657986
4,z,8,0.001,m1,val,74932900000,1.0,74932900000,4.9958209645570476e-09,0.0,3,0.0,1.5781722514735656e-09,1.3946298584936646e-09,0.999999995004179,1.5781722368043883e-09,1.3946298455305214e-09,3,-1,8,8,0,1.0,0.0,74932900000,2.0,791,0,0,0.3120833788998425,9543.829112697997
4,z,8,0.001,normal,anqi,4344000000,1.0,4344000000,0.0,0.0,1,,0.0,,1.0,0.0,,3,-1,16,16,16,1.0,0.0,4344000000,0.0,0,0,0,0.0,256590.46581560723
4,z,8,0.001,normal,val,74902900000,1.0,74902900000,2.2019206339747946e-08,0.0,3,0.0,1.4034477046182975e-09,1.2402258827371475e-09,0.9999999779807937,1.4034477261747047e-09,1.2402259017865316e-09,3,-1,16,16,16,1.0,0.0,74902900000,14.0,3367,0,0,20.96207025693729,472485.52275852876
4,z,8,0.005,m1,anqi,2838000000,1.0,2838000000,5.486995259722533e-08,0.0,3,0.0,5.528752337362964e-08,4.885755076927469e-08,0.9999999451300474,5.5287523340711825e-08,4.8857550740185235e-08,3,-1,8,8,0,1.0,0.0,2838000000,259.0,0,0,0,0.0,14758.981005218753
4,z,8,0.005,m1,val,2445900000,1.0,2445900000,3.3968531703016638e-06,0.0,3,0.0,7.617656252180241e-07,6.731718195597395e-07,0.9999966031468297,7.617656252589863e-07,6.731718195959377e-07,3,-1,8,8,0,1.0,0.0,2445900000,213.0,14359,0,0,0.8532820320688188,1499.1396763940684
4,z,8,0.005,normal,anqi,2835000000,1.0,2835000000,4.688221847290378e-07,0.0,2,0.0,5.145904963648166e-08,3.7129635664664625e-08,0.9999995311778153,5.145904960812685e-08,3.712963564420556e-08,3,-1,16,16,16,1.0,0.0,2835000000,1388.0,0,0,0,0.0,382265.8458688805
4,z,8,0.005,normal,val,2425900000,1.0,2425900000,1.1826086157382659e-05,0.0,3,0.0,7.752315594904241e-07,6.850716574838107e-07,0.9999881739138425,7.752315594436517e-07,6.850716574424782e-07,3,-1,16,16,16,1.0,0.0,2425900000,1185.0,56781,0,0,59.13912171218544,69329.1700330331
4,z,8,0.01,m1,anqi,296000000,1.0,296000000,2.4054054054054055e-06,0.0,1,,0.0,,0.9999975945945946,0.0,,3,-1,8,8,0,1.0,0.0,296000000,712.0,0,0,0,0.0,2209.893365695025
4,z,8,0.01,m1,val,1127900000,1.0,1127900000,4.454287313548547e-05,0.0,3,0.0,1.0358958202265584e-06,9.154205061125689e-07,0.9999554571268646,1.035895820248825e-06,9.15420506132246e-07,3,-1,8,8,0,1.0,0.0,1127900000,2590.0,93087,0,0,1.2302132179029286,918.0918703622156
4,z,8,0.01,normal,anqi,297000000,1.0,297000000,1.3195286195286196e-05,0.0,1,,0.0,,0.9999868047138047,0.0,,3,-1,16,16,16,1.0,0.0,297000000,3919.0,0,0,0,0.0,73877.93590792967
4,z,8,0.01,normal,val,1118900000,1.0,1118900000,0.00016990839405891007,0.0,3,0.0,2.7786528029184267e-06,2.4554937914532576e-06,0.9998300916059412,2.7786528030052755e-06,2.455493791530006e-06,3,-1,16,16,16,1.0,0.0,1118900000,14462.0,347374,0,0,85.27656216314062,32780.30901674232
4,z,8,0.05,m1,anqi,3000000,1.0,3000000,0.003357666666666667,0.0,1,,0.0,,0.9966423333333333,0.0,,3,-1,8,8,0,1.0,0.0,3000000,10073.0,0,0,0,0.0,80.31207481189631
4,z,8,0.05,m1,val,3000000,1.0,3000000,0.013647666666666667,0.0,1,,0.0,,0.9863523333333334,0.0,,3,-1,8,8,0,1.0,0.0,3000000,10073.0,61740,0,0,0.0,90.35869946697494
4,z,8,0.05,normal,anqi,4000000,1.0,4000000,0.0118685,0.0,1,,0.0,,0.9881315,0.0,,3,-1,16,16,16,1.0,0.0,4000000,47474.0,0,0,0,0.0,2732.1693220279994
4,z,8,0.05,normal,val,4000000,1.0,4000000,0.036946375,0.0,1,,0.0,,0.963053625,0.0,,3,-1,16,16,16,1.0,0.0,4000000,47475.0,200621,0,0,0.0,2175.016166430898
4,z,8,0.1,m1,anqi,3000000,1.0,3000000,0.038664333333333335,0.0,1,,0.0,,0.9613356666666667,0.0,,3,-1,8,8,0,1.0,0.0,3000000,115993.0,0,0,0,0.0,153.3879787439364
4,z,8,0.1,m1,val,3000000,1.0,3000000,0.09212766666666666,0.0,1,,0.0,,0.9078723333333333,0.0,,3,-1,8,8,0,1.0,0.0,3000000,115993.0,320780,0,0,0.0,135.1002703869599
4,z,8,0.1,normal,anqi,4000000,1.0,4000000,0.09096025,0.0,1,,0.0,,0.90903975,0.0,,3,-1,16,16,16,1.0,0.0,4000000,363841.0,0,0,0,0.0,2632.6572006580536
4,z,8,0.1,normal,val,4000000,1.0,4000000,0.17802375,0.0,1,,0.0,,0.82197625,0.0,,3,-1,16,16,16,1.0,0.0,4000000,363841.0,696508,0,0,0.0,2894.1422714859946
4,z,9,0.0,m2,val,100,1.0,100,0.0,0.0,1,,0.0,,1.0,0.0,,0,2,56,40,48,1.0,0.0,100,0.0,0,0,0,0.0,0.0268951640009618
4,z,9,0.0001,m1,val,12900000,0.9877754263565891,12742303,0.0007067796143287442,0.0,1,,0.0,,0.9870772868217055,0.0,,0,2,56,40,48,1.0,0.0,12742303,13.0,17986,0,0,120.03410310018808,3090.8649598059856
4,z,9,0.0001,normal,val,12900000,0.9848503100775193,12704569,0.00071238150621245,0.0,1,,0.0,,0.9841487209302325,0.0,,0,2,64,48,64,1.0,0.0,12704569,27.0,18047,0,0,605.639933323022,4405.471586236978
4,z,9,0.0005,m1,val,12900000,0.9407799224806201,12136061,0.003598943677029969,0.0,1,,0.0,,0.9373941085271318,0.0,,0,2,56,40,48,1.0,0.0,12136061,349.0,86656,0,0,281.22835372015834,3897.937909521788
4,z,9,0.0005,normal,val,12900000,0.9265923255813954,11953041,0.0036713251464627287,0.0,1,,0.0,,0.923190503875969,0.0,,0,2,64,48,64,1.0,0.0,11953041,777.0,86213,0,0,579.8822564468719,4667.881284081901
4,z,9,0.001,m1,val,12900000,0.8852826356589147,11420146,0.007393206706814431,0.0,1,,0.0,,0.8787375581395349,0.0,,0,2,56,40,48,1.0,0.0,11420146,1343.0,166177,0,0,183.0162549102679,3656.0887994398217
4,z,9,0.001,normal,val,12900000,0.8593064341085271,11085053,0.007593062477915081,0.0,1,,0.0,,0.8527816666666667,0.0,,0,2,64,48,64,1.0,0.0,11085053,2683.0,162973,0,0,541.6899773259647,4377.307885382383
4,z,9,0.005,m1,val,12900000,0.5533812403100775,7138618,0.043216418079802,0.0,1,,0.0,,0.5294660852713178,0.0,,0,2,56,40,48,1.0,0.0,7138618,19948.0,577115,0,0,325.44921971904114,3406.4622189277
4,z,9,0.005,normal,val,12900000,0.4814589147286822,6210820,0.048644864929268596,0.0,1,,0.0,,0.4580384108527132,0.0,,0,2,64,48,64,1.0,0.0,6210820,35945.0,532359,0,0,540.7037049122155,3080.986011919653
4,z,9,0.01,m1,val,12900000,0.3197911627906977,4125306,0.09913543383205997,0.0,1,,0.0,,0.28808852713178296,0.0,,0,2,56,40,48,1.0,0.0,4125306,41814.0,734300,0,0,385.988029031083,2724.321716857041
4,z,9,0.01,normal,val,12900000,0.2477196899224806,3195584,0.11685391465222006,0.0,1,,0.0,,0.21877267441860465,0.0,,0,2,64,48,64,1.0,0.0,3195584,65233.0,616367,0,0,484.29878466483206,2740.1487506380363
4,z,10,0.0,m2,val,100,1.0,100,0.0,0.0,1,,0.0,,1.0,0.0,,1,1,40,24,32,1.0,0.0,100,0.0,0,0,0,0.0,0.0301178480003727
4,z,10,0.0001,m1,val,12900000,0.9916527131782946,12792320,6.25375225135081e-07,0.0,1,,0.0,,0.9916520930232559,0.0,,1,1,40,24,32,1.0,0.0,12792320,0.0,16,0,0,13.192119415849447,2200.2088134982623
4,z,10,0.0001,normal,val,12900000,0.9886548837209302,12753648,8.62498322048719e-07,0.0,1,,0.0,,0.988654031007752,0.0,,1,1,48,32,48,1.0,0.0,12753648,0.0,22,0,0,576.1011276720092,5004.616009940233
4,z,10,0.0005,m1,val,12900000,0.9591471317829457,12372998,1.4911503258951468e-05,0.0,1,,0.0,,0.9591328294573643,0.0,,1,1,40,24,32,1.0,0.0,12372998,0.0,369,0,0,30.843994447030127,2596.957238349816
4,z,10,0.0005,normal,val,12900000,0.9447066666666667,12186716,2.100647951425142e-05,0.0,1,,0.0,,0.9446868217054264,0.0,,1,1,48,32,48,1.0,0.0,12186716,0.0,512,0,0,531.1590398652479,4181.336155874669
4,z,10,0.001,m1,val,12900000,0.920124031007752,11869600,5.695221405944598e-05,0.0,1,,0.0,,0.9200716279069767,0.0,,1,1,40,24,32,1.0,0.0,11869600,2.0,1348,0,0,50.01482053287327,2670.264237346986
4,z,10,0.001,normal,val,12900000,0.8929894573643411,11519564,8.7893951541916e-05,0.0,1,,0.0,,0.8929109689922481,0.0,,1,1,48,32,48,1.0,0.0,11519564,17.0,1991,0,0,534.679998147767,4514.698398573601
4,z,10,0.005,m1,val,12900000,0.666356976744186,8596005,0.0015611321770985474,0.0,1,,0.0,,0.6653167054263566,0.0,,1,1,40,24,32,1.0,0.0,8596005,478.0,25883,0,0,152.70232552057132,3117.260926636649
4,z,10,0.005,normal,val,12900000,0.5787696124031008,7466128,0.0024175181566670166,0.0,1,,0.0,,0.5773704263565892,0.0,,1,1,48,32,48,1.0,0.0,7466128,804.0,34491,0,0,581.8380423011258,4212.388489389734
4,z,10,0.01,m1,val,12900000,0.4558732558139535,5880765,0.006603307562876599,0.0,1,,0.0,,0.45286298449612405,0.0,,1,1,40,24,32,1.0,0.0,5880765,2547.0,72571,0,0,231.83876131288707,3890.284429840991
4,z,10,0.01,normal,val,12900000,0.3514303875968992,4533452,0.01036274344583333,0.0,1,,0.0,,0.3477886046511628,0.0,,1,1,48,32,48,1.0,0.0,4533452,4537.0,84884,0,0,605.0771669978276,3382.9857203719585
4,z,11,0.0,m2,val,100,1.0,100,0.0,0.0,1,,0.0,,1.0,0.0,,0,2,56,24,48,1.0,0.0,100,0.0,0,0,0,0.0,0.0271834539998963
4,z,11,0.0001,m1,val,12900000,0.9885888372093024,12752796,3.136567071252453e-07,0.0,1,,0.0,,0.9885885271317829,0.0,,0,2,56,24,48,1.0,0.0,12752796,0.0,8,0,0,119.89136812323704,2763.9371832858888
4,z,11,0.0001,normal,val,12900000,0.9856622480620155,12715043,1.9661750259122208e-07,0.0,1,,0.0,,0.9856620542635659,0.0,,0,2,64,32,64,1.0,0.0,12715043,0.0,5,0,0,602.5221026968211,4108.795984169061
4,z,11,0.0005,m1,val,12900000,0.9444103100775194,12182893,6.8128317305257465e-06,0.0,1,,0.0,,0.9444038759689922,0.0,,0,2,56,24,48,1.0,0.0,12182893,0.0,166,0,0,145.4796258280985,4375.235449666943
4,z,11,0.0005,normal,val,12900000,0.9302262015503876,11999918,5.5000375835901545e-06,0.0,1,,0.0,,0.9302210852713179,0.0,,0,2,64,32,64,1.0,0.0,11999918,0.0,132,0,0,503.5649901269935,4613.430090935071
4,z,11,0.001,m1,val,12900000,0.8921812403100775,11509138,2.1200545166805715e-05,0.0,1,,0.0,,0.8921623255813953,0.0,,0,2,56,24,48,1.0,0.0,11509138,0.0,488,0,0,172.74074628995731,4507.937936565853
4,z,11,0.001,normal,val,12900000,0.8656606976744186,11167023,2.3999234173691592e-05,0.0,1,,0.0,,0.8656399224806202,0.0,,0,2,64,32,64,1.0,0.0,11167023,1.0,534,0,0,528.9052122500725,4364.145808879068
4,z,11,0.005,m1,val,12900000,0.5706627906976744,7361550,0.0006202498115206716,0.0,1,,0.0,,0.5703088372093024,0.0,,0,2,56,24,48,1.0,0.0,7361550,70.0,8992,0,0,328.08257713215426,3684.0339664590138
4,z,11,0.005,normal,val,12900000,0.49576465116279067,6395364,0.0006467184666893081,0.0,1,,0.0,,0.4954440310077519,0.0,,0,2,64,32,64,1.0,0.0,6395364,69.0,8134,0,0,511.9528900017031,3387.181117166474
4,z,11,0.01,m1,val,12900000,0.3338979069767442,4307283,0.002666181906320063,0.0,1,,0.0,,0.3330076744186046,0.0,,0,2,56,24,48,1.0,0.0,4307283,392.0,22184,0,0,391.6186177888885,3457.495680086868
4,z,11,0.01,normal,val,12900000,0.25782302325581397,3325917,0.002802685695403704,0.0,1,,0.0,,0.25710042635658914,0.0,,0,2,64,32,64,1.0,0.0,3325917,398.0,17847,0,0,810.6223700847477,2058.0209311892104
4,z,12,0.0,m2,val,100,1.0,100,0.0,0.0,1,,0.0,,1.0,0.0,,2,0,24,8,16,1.0,0.0,100,0.0,0,0,0,0.0,0.0258880040000804
4,z,12,0.0001,m1,anqi,296000000,0.9963301283783784,294913718,0.0,0.0,1,,0.0,,0.9963301283783784,0.0,,2,0,24,8,16,1.0,0.0,294913718,0.0,0,0,0,0.0,757.2148030013777
4,z,12,0.0001,m1,val,1085900000,0.996324924245006,1081909717,0.0,8.51453242897248e-06,3,7.524287127384273e-06,0.0,0.0,0.996324924245006,8.51453242897248e-06,7.524287127384273e-06,2,0,24,8,16,1.0,0.0,1081909717,0.0,0,0,0,0.7256833920255303,187.045371014392
4,z,12,0.0001,normal,anqi,296000000,0.9951107094594595,294552770,0.0,0.0,1,,0.0,,0.9951107094594595,0.0,,2,0,32,16,32,1.0,0.0,294552770,0.0,0,0,0,0.0,14301.323793138785
4,z,12,0.0001,normal,val,1085900000,0.9951326922548165,1080586466,0.0,5.257551001643912e-05,3,4.6460946215468865e-05,0.0,0.0,0.9951326922548165,5.257551001643912e-05,4.6460946215468865e-05,2,0,32,16,32,1.0,0.0,1080586466,0.0,0,0,0,11.297871095128356,5605.832574435539
4,z,12,0.0005,m1,val,1082900000,0.9817952532655629,1063193956,0.0,1.5706000503459272e-05,2,1.133246883807692e-05,0.0,0.0,0.9817952532655629,1.5706000503459272e-05,1.133246883807692e-05,2,0,24,8,16,1.0,0.0,1063193956,0.0,0,0,0,1.0810980293899777,353.57689970583306
4,z,12,0.0005,normal,val,1082900000,0.9758092296011232,1056720848,0.0,3.396601820112477e-05,2,2.450775693869492e-05,0.0,0.0,0.9758092296011232,3.396601820112477e-05,2.450775693869492e-05,2,0,32,16,32,1.0,0.0,1056720848,0.0,0,0,0,23.239711075089872,12228.047860942243
4,z,12,0.001,m1,anqi,4344000000,0.9640010101289135,4187620388,0.0,0.0,1,,0.0,,0.9640010101289135,0.0,,2,0,24,8,16,1.0,0.0,4187620388,0.0,0,0,0,0.0,26971.14549009106
4,z,12,0.001,m1,val,74922900000,0.9640031198886584,72225851952,1.2999418988388224e-09,9.395660754545444e-07,3,8.302939692629409e-07,3.7745509605837824e-10,3.335568387494399e-10,0.9640031186355104,9.395978899161989e-07,8.303220836833497e-07,2,0,24,8,16,1.0,0.0,72225851952,0.0,220,0,0,1.422994300723076,30798.132133562205
4,z,12,0.001,normal,anqi,4344000000,0.952366394106814,4137079616,0.0,0.0,1,,0.0,,0.952366394106814,0.0,,2,0,32,16,32,1.0,0.0,4137079616,0.0,0,0,0,0.0,279265.5687529702
4,z,12,0.001,normal,val,74882900000,0.9523654348293173,71315957703,2.8536914053569618e-09,2.4708406630603506e-06,3,2.1834803907284184e-06,1.0056950520583434e-09,8.88732105655958e-10,0.952365432111559,2.4699018699314124e-06,2.182650779811522e-06,2,0,32,16,32,1.0,0.0,71315957703,1.0,485,0,0,40.73414437985048,696602.4798037626
4,z,12,0.005,m1,anqi,2838000000,0.8348241735887304,2369262194,1.365847426637178e-08,3.124488297606004e-05,3,2.7611084077081557e-05,1.3388394298434048e-08,1.1831315896251656e-08,0.834824162186094,3.123400730274144e-05,2.7601473251186488e-05,2,0,24,8,16,1.0,0.0,2369262194,49.0,0,0,0,0.0,55762.203371141455
4,z,12,0.005,m1,val,2595900000,0.8349074477403535,2167115381,1.0202671160119353e-06,0.00016705728684587653,3,0.00014762842275085,2.538372900826177e-08,2.2431585881565986e-08,0.8349065959137025,0.00016707596045282942,0.00014764492460595357,2,0,24,8,16,1.0,0.0,2167115381,48.0,4376,0,0,6.047938824631274,12715.088543774596
4,z,12,0.005,normal,anqi,2835000000,0.7875757766611137,2232780933,7.082302696370767e-08,3.1511747016299545e-06,2,2.2736908165571805e-06,4.291267954066094e-09,3.096310887968018e-09,0.7875757208826096,3.1477947797942102e-06,2.2712520760980627e-06,2,0,32,16,32,1.0,0.0,2232780933,162.0,0,0,0,0.0,471160.3771128341
4,z,12,0.005,normal,val,2585900000,0.7875725430703958,2036550676,2.228157635473146e-06,2.723119862679341e-05,3,2.406419365949287e-05,1.3903186099404077e-07,1.2286237097578174e-07,0.7875707882365443,2.733802465182268e-05,2.4158595752820074e-05,2,0,32,16,32,1.0,0.0,2036550676,175.0,8962,0,0,118.20674390066416,122864.44243575944
4,z,12,0.01,m1,anqi,297000000,0.7021796570945946,208476457,3.217894243968959e-06,0.0004710720945946267,2,0.00033989619644450136,4.8543406812115184e-06,3.5025889937493767e-06,0.7021773969594595,0.00046766195945952655,0.0003374356559559383,2,0,24,8,16,1.0,0.0,208476457,158.0,0,0,0,0.0,12239.007345279968
4,z,12,0.01,m1,val,1143900000,0.7020481815385868,802920670,1.6758276140208492e-05,0.00025985600050312807,3,0.00022963458955258242,1.9689257765047876e-07,1.739938510835865e-07,0.7020364164090811,0.0002597882710320781,0.00022957473706022098,2,0,24,8,16,1.0,0.0,802920670,563.0,25486,0,0,13.583791560027748,6843.925932081387
4,z,12,0.01,normal,anqi,296000000,0.6285548445945945,186052234,2.6229193249031346e-06,0.0,1,,0.0,,0.6285531959459459,0.0,,2,0,32,16,32,1.0,0.0,186052234,488.0,0,0,0,0.0,100436.30150375812
4,z,12,0.01,normal,val,1143900000,0.6288494123657328,719026452,3.866747300331914e-05,0.0005272563410432374,3,0.0004659361078059952,1.2933811399206724e-06,1.142960126476508e-06,0.6288250959937258,0.0005264238694267606,0.00046520045314497644,2,0,32,16,32,1.0,0.0,719026452,1780.0,51171,0,0,179.12304112827405,63758.980878952425
4,z,12,0.05,m1,anqi,3000000,0.228046,684138,0.0021355340589179375,0.0,1,,0.0,,0.227559,0.0,,2,0,24,8,16,1.0,0.0,684138,1461.0,0,0,0,0.0,689.8603412699886
4,z,12,0.05,m1,val,3000000,0.228046,684138,0.010382408227579815,0.0,1,,0.0,,0.22567833333333334,0.0,,2,0,24,8,16,1.0,0.0,684138,1461.0,11284,0,0,0.0,929.0871766039636
4,z,12,0.05,normal,anqi,4000000,0.1662735,665094,0.006626131043130745,0.0,1,,0.0,,0.16517175,0.0,,2,0,32,16,32,1.0,0.0,665094,4407.0,0,0,0,0.0,1943.60352086497
4,z,12,0.05,normal,val,4000000,0.1662735,665094,0.023036593323650493,0.0,1,,0.0,,0.162443125,0.0,,2,0,32,16,32,1.0,0.0,665094,4408.0,21827,0,0,0.0,2536.006712665898
4,z,12,0.1,m1,anqi,3000000,0.10280066666666667,308402,0.03847575566954819,0.0,1,,0.0,,0.09884533333333333,0.0,,2,0,24,8,16,1.0,0.0,308402,11866.0,0,0,0,0.0,1548.2277278249385
4,z,12,0.1,m1,val,3000000,0.10280066666666667,308402,0.10548569723931751,0.0,1,,0.0,,0.09195666666666667,0.0,,2,0,24,8,16,1.0,0.0,308402,11866.0,41332,0,0,0.0,1557.625220055983
4,z,12,0.1,normal,anqi,4000000,0.081364,325456,0.08299739442505284,0.0,1,,0.0,,0.074611,0.0,,2,0,32,16,32,1.0,0.0,325456,27012.0,0,0,0,0.0,2294.2699148979736
4,z,12,0.1,normal,val,4000000,0.081364,325456,0.17996595545941693,0.0,1,,0.0,,0.06672125,0.0,,2,0,32,16,32,1.0,0.0,325456,27012.0,63118,0,0,0.0,2486.631038902968
4,z,13,0.0,m2,val,100,1.0,100,0.0,0.0,1,,0.0,,1.0,0.0,,0,2,56,24,48,1.0,0.0,100,0.0,0,0,0,0.0,0.0291583390007872
4,z,13,0.0001,m1,val,12900000,0.9887921705426357,12755419,7.8398051839771e-08,0.0,1,,0.0,,0.9887920930232558,0.0,,0,2,56,24,48,1.0,0.0,12755419,0.0,2,0,0,13.904136368073525,1655.5712084858387
4,z,13,0.0001,normal,val,12900000,0.9858261240310078,12717157,1.9658481844644995e-07,0.0,1,,0.0,,0.9858259302325582,0.0,,0,2,64,32,64,1.0,0.0,12717157,0.0,5,0,0,481.3586934269406,4912.389398409054
4,z,13,0.0005,m1,val,12900000,0.9453755813953488,12195345,3.8129302615055172e-06,0.0,1,,0.0,,0.945371976744186,0.0,,0,2,56,24,48,1.0,0.0,12195345,0.0,93,0,0,35.966938987374306,2490.2664780154155
4,z,13,0.0005,normal,val,12900000,0.9311318604651163,12011601,3.0803553997506244e-06,0.0,1,,0.0,,0.931128992248062,0.0,,0,2,64,32,64,1.0,0.0,12011601,0.0,74,0,0,438.60538006713614,4627.286299722808
4,z,13,0.001,m1,val,12900000,0.8938182170542636,11530255,1.3182709315622248e-05,0.0,1,,0.0,,0.8938064341085271,0.0,,0,2,56,24,48,1.0,0.0,11530255,2.0,300,0,0,48.05402080481872,2855.95298213698
4,z,13,0.001,normal,val,12900000,0.8671982170542636,11186857,1.242529514768983e-05,0.0,1,,0.0,,0.8671874418604651,0.0,,0,2,64,32,64,1.0,0.0,11186857,0.0,278,0,0,446.5019818427973,4240.854762955321
4,z,13,0.005,m1,val,12900000,0.5730091472868217,7391818,0.0003401734187719449,0.0,1,,0.0,,0.5728142248062016,0.0,,0,2,56,24,48,1.0,0.0,7391818,25.0,4979,0,0,157.9260573098436,3118.0134223851346
4,z,13,0.005,normal,val,12900000,0.49551069767441863,6392088,0.00035919405364882336,0.0,1,,0.0,,0.4953327131782946,0.0,,0,2,64,32,64,1.0,0.0,6392088,50.0,4492,0,0,686.0090842270292,3108.4516525311483
4,z,13,0.01,m1,val,12900000,0.33233542635658914,4287127,0.0014200652324971945,0.0,1,,0.0,,0.331863488372093,0.0,,0,2,56,24,48,1.0,0.0,4287127,158.0,11860,0,0,242.3368972348981,2719.810591580317
4,z,13,0.01,normal,val,12900000,0.2517301550387597,3247319,0.0015069354134903284,0.0,1,,0.0,,0.25135081395348835,0.0,,0,2,64,32,64,1.0,0.0,3247319,265.0,9257,0,0,460.670967116952,2698.2696520120226
4,z,14,0.0,m2,val,100,1.0,100,0.0,0.0,1,,0.0,,1.0,0.0,,1,1,40,8,32,1.0,0.0,100,0.0,0,0,0,0.0,0.0240063090004696
4,z,14,0.0001,m1,anqi,296000000,0.9934720304054054,294067721,0.0,0.0,1,,0.0,,0.9934720304054054,0.0,,1,1,40,8,32,1.0,0.0,294067721,0.0,0,0,0,0.0,952.6109961676412
4,z,14,0.0001,m1,val,1085900000,0.9934677601071417,1078794847,0.0,2.3799224592504324e-05,3,2.103136029334704e-05,0.0,0.0,0.9934677601071417,2.3799224592504324e-05,2.103136029334704e-05,1,1,40,8,32,1.0,0.0,1078794847,0.0,0,0,0,1.2422463507391512,264.9535686427553
4,z,14,0.0001,normal,anqi,296000000,0.9922475304054054,293705269,0.0,0.0,1,,0.0,,0.9922475304054054,0.0,,1,1,48,16,48,1.0,0.0,293705269,0.0,0,0,0,0.0,14401.626128576812
4,z,14,0.0001,normal,val,1085900000,0.9922812577100074,1077475661,0.0,7.393496806021339e-05,3,6.533628629401619e-05,0.0,0.0,0.9922812577100074,7.393496806021339e-05,6.533628629401619e-05,1,1,48,16,48,1.0,0.0,1077475661,0.0,0,0,0,14.61488527012989,5600.300443674336
4,z,14,0.0005,m1,val,1082900000,0.9677368086097395,1047961078,0.0,2.217524910373969e-06,2,1.6000274505872702e-06,0.0,0.0,0.9677368086097395,2.217524910373969e-06,1.6000274505872702e-06,1,1,40,8,32,1.0,0.0,1047961078,0.0,0,0,0,2.2319793538190424,541.0439939881762
4,z,14,0.0005,normal,val,1082900000,0.9618121085322877,1041560062,2.5164319103274923e-10,2.737832328397971e-05,2,1.9754487807775104e-05,4.932206544241885e-10,3.558772136373576e-10,0.9618121082902507,2.7377848891511066e-05,1.9754145515804163e-05,1,1,48,16,48,1.0,0.0,1041560062,0.0,1,0,0,33.208712563384324,14222.696156370395
4,z,14,0.001,m1,anqi,4344000000,0.9365454436003683,4068353407,0.0,0.0,1,,0.0,,0.9365454436003683,0.0,,1,1,40,8,32,1.0,0.0,4068353407,0.0,0,0,0,0.0,39612.85746047925
4,z,14,0.001,m1,val,550622900000,0.9365450683232849,515682508901,2.9796493573339015e-10,7.240454779318086e-06,4,7.388219162569476e-06,1.9562800260073258e-10,1.9962041081707406e-10,0.9365450680442267,7.2403451179086606e-06,7.388107263172103e-06,1,1,40,8,32,1.0,0.0,515682508901,0.0,430,0,0,2.7881021262146533,193706.501494037
4,z,14,0.001,normal,anqi,13104000000,0.9251499213946492,12123166257,0.0,7.487788163118569e-07,2,5.402720190030105e-07,0.0,0.0,0.9251499213946492,7.487788163118569e-07,5.402720190030105e-07,1,1,48,16,48,1.0,0.0,12123166257,0.0,0,0,0,0.0,1064357.14505547
4,z,14,0.001,normal,val,178382900000,0.9251470181431373,165030860302,8.398151083725372e-10,3.065365181664555e-06,4,3.1279236547597502e-06,7.161725027530901e-10,7.307882681153981e-10,0.9251470173661854,3.0655921204036715e-06,3.1281552249017057e-06,1,1,48,16,48,1.0,0.0,165030860302,0.0,178,0,0,75.58532518800348,1448322.753774562
4,z,14,0.005,m1,anqi,13929000000,0.7211309862945879,10044653176,2.670095505411184e-09,1.3303915971286014e-05,5,1.5177785958541158e-05,1.7606867202271598e-09,2.008681221178104e-09,0.7211309843690846,1.3303151296270848e-05,1.5176913578278605e-05,1,1,40,8,32,1.0,0.0,10044653176,30.0,0,0,0,0.0,248752.01146870098
4,z,14,0.005,m1,val,2595900000,0.7212119632563564,1871936571,2.538135070839558e-07,0.00019486111415333398,3,0.00017219864802706802,2.3326896237921537e-08,2.061396401375888e-08,0.7212117802052571,0.00019487698107167003,0.0001722126696131484,1,1,40,8,32,1.0,0.0,1871936571,6.0,980,0,0,17.587488904129714,25486.37566396562
4,z,14,0.005,normal,anqi,13840000000,0.6786667917605044,9392808111,1.2500401121687708e-08,7.96178017872941e-06,5,9.083204949770094e-06,4.160373887981025e-09,4.74636674762279e-09,0.6786667832768792,7.960302315863666e-06,9.081518928428653e-06,1,1,48,16,48,1.0,0.0,9392808111,145.0,0,0,0,0.0,1459082.0750686843
4,z,14,0.005,normal,val,2585900000,0.6786797442747262,1754949765,4.0784310120246994e-07,3.660989890719025e-05,3,3.2352145391435624e-05,8.256353475609116e-08,7.296134543368814e-08,0.6786794674783407,3.6555268672526696e-05,3.230386868629956e-05,1,1,48,16,48,1.0,0.0,1754949765,16.0,1255,0,0,156.35582135990262,144628.4938050306
4,z,14,0.01,m1,anqi,9786000000,0.5215262175771076,5101178300,1.0455177971914803e-07,0.00048661412108740666,4,0.0004965450215177619,7.403963348627328e-08,7.555064641456457e-08,0.5215261630766521,0.0004866498400463188,0.0004965814694350192,1,1,40,8,32,1.0,0.0,5101178300,761.0,0,0,0,0.0,127060.54998868155
4,z,14,0.01,m1,val,1484900000,0.521306841148457,774050843,4.278908806474616e-06,5.0017506306430564e-05,4,5.103827174125568e-05,2.80543131115547e-07,2.862685011383133e-07,0.521304610526738,5.005372650793133e-05,5.107523113054218e-05,1,1,40,8,32,1.0,0.0,774050843,111.0,6502,0,0,40.3921690848656,55008.31780127151
4,z,14,0.01,normal,anqi,9775000000,0.46236928813420813,4519505769,4.256219314221485e-07,3.6001348092897466e-05,3,3.18143694070772e-05,4.434507852233502e-08,3.918771891138554e-08,0.46236909134049964,3.602109222694664e-05,3.183181728632446e-05,1,1,48,16,48,1.0,0.0,4519505769,2052.0,0,0,0,0.0,644569.9308868196
4,z,14,0.01,normal,val,1474900000,0.46254453314121635,681938535,5.895941967090844e-06,0.00034669495469697717,4,0.000353770361935691,1.1162112112576616e-06,1.138991031895573e-06,0.4625418062896395,0.0003471787552453762,0.0003542640359646696,1,1,48,16,48,1.0,0.0,681938535,293.0,7877,0,0,241.10034505603835,219894.43301390266
4,z,14,0.05,m1,anqi,3000000,0.04476366666666667,134291,0.0006255072938618374,0.0,1,,0.0,,0.04473566666666667,0.0,,1,1,40,8,32,1.0,0.0,134291,84.0,0,0,0,0.0,1332.1114450679745
4,z,14,0.05,m1,val,15000000,0.044699125,669906,0.0036062246346439215,0.00012650166666666848,2,9.127570033816483e-05,0.00023036304983576692,0.0001662155864017198,0.0445379375,0.00013634250000000374,9.837623093258113e-05,1,1,40,8,32,1.0,0.0,669906,413.0,4100,0,0,0.0,6107.73158439601
4,z,14,0.05,normal,anqi,4000000,0.02696475,107859,0.0016132172558618197,0.0,1,,0.0,,0.02692125,0.0,,1,1,48,16,48,1.0,0.0,107859,174.0,0,0,0,0.0,2136.7335917089367
4,z,14,0.05,normal,val,16000000,0.02696529166666667,431449,0.006302084402081893,1.0616666666705618e-06,2,7.66032346288237e-07,0.00015924881384645002,0.00011490399608850915,0.026795354166666667,5.349166666666349e-06,3.859624513976343e-06,1,1,48,16,48,1.0,0.0,431449,671.0,4061,0,0,0.0,7511.912386260985
4,z,14,0.1,m1,anqi,3000000,0.004258666666666667,12776,0.025751408891671886,0.0,1,,0.0,,0.004149,0.0,,1,1,40,8,32,1.0,0.0,12776,329.0,0,0,0,0.0,1372.631086546986
4,z,14,0.1,m1,val,3000000,0.004258666666666667,12776,0.07482780212899186,0.0,1,,0.0,,0.00394,0.0,,1,1,40,8,32,1.0,0.0,12776,330.0,1252,0,0,0.0,1326.5510073479963
4,z,14,0.1,normal,anqi,4000000,0.0025615,10246,0.05836423970329885,0.0,1,,0.0,,0.002412,0.0,,1,1,48,16,48,1.0,0.0,10246,598.0,0,0,0,0.0,2022.7458421370247
4,z,14,0.1,normal,val,4000000,0.0025615,10246,0.12848916650400155,0.0,1,,0.0,,0.002232375,0.0,,1,1,48,16,48,1.0,0.0,10246,598.0,1437,0,0,0.0,2109.76448606106
4,z,15,0.0,m2,val,100,1.0,100,0.0,0.0,1,,0.0,,1.0,0.0,,0,2,56,8,48,1.0,0.0,100,0.0,0,0,0,0.0,0.0216716450013336
4,z,15,0.0001,m1,anqi,296000000,0.9906135337837838,293221606,0.0,0.0,1,,0.0,,0.9906135337837838,0.0,,0,2,56,8,48,1.0,0.0,293221606,0.0,0,0,0,0.0,966.8857423356968
4,z,15,0.0001,m1,val,4655900000,0.9906373006120995,4612158011,0.0,6.745143696053349e-05,3,5.960679380570064e-05,0.0,0.0,0.9906373006120995,6.745143696053349e-05,5.960679380570064e-05,0,2,56,8,48,1.0,0.0,4612158011,0.0,0,0,0,1.6687993658706546,1460.1317349684105
4,z,15,0.0001,normal,anqi,296000000,0.9893913817567568,292859849,0.0,0.0,1,,0.0,,0.9893913817567568,0.0,,0,2,64,16,64,1.0,0.0,292859849,0.0,0,0,0,0.0,14092.39936507569
4,z,15,0.0001,normal,val,4645900000,0.9894286936683124,4596602539,0.0,7.870489777562631e-05,3,6.955147028158136e-05,0.0,0.0,0.9894286936683124,7.870489777562631e-05,6.955147028158136e-05,0,2,64,16,64,1.0,0.0,4596602539,0.0,0,0,0,15.755511031020433,15339.511771216014
4,z,15,0.0005,m1,val,4652900000,0.9539003590982371,4438428516,0.0,1.9345559720579386e-05,2,1.3958547412521444e-05,0.0,0.0,0.9539003590982371,1.9345559720579386e-05,1.3958547412521444e-05,0,2,56,8,48,1.0,0.0,4438428516,0.0,0,0,0,2.60246623493731,2504.298180241225
4,z,15,0.0005,normal,val,4642900000,0.9480819745960932,4401860435,0.0,8.088506338754795e-06,2,5.836160899799889e-06,0.0,0.0,0.9480819745960932,8.088506338754795e-06,5.836160899799889e-06,0,2,64,16,64,1.0,0.0,4401860435,0.0,0,0,0,33.41309503791854,41523.04848855638
4,z,15,0.001,m1,anqi,4344000000,0.9099648982504605,3952887518,0.0,0.0,1,,0.0,,0.9099648982504605,0.0,,0,2,56,8,48,1.0,0.0,3952887518,0.0,0,0,0,0.0,44884.23359483655
4,z,15,0.001,m1,val,680112900000,0.9099630407965197,618876282490,1.4161079942272643e-10,3.4751331769990856e-06,3,3.0709730743013594e-06,1.4046108034877644e-10,1.2412537125004857e-10,0.9099630406676593,3.4752575506481644e-06,3.071082983219383e-06,0,2,56,8,48,1.0,0.0,618876282490,1.0,242,0,0,3.5170613639056683,236253.8357729976
4,z,15,0.001,normal,anqi,4344000000,0.8988881213167588,3904769999,0.0,0.0,1,,0.0,,0.8988881213167588,0.0,,0,2,64,16,64,1.0,0.0,3904769999,0.0,0,0,0,0.0,291172.5806955069
4,z,15,0.001,normal,val,126962900000,0.8988881367583285,114125688702,2.766687111788501e-10,3.832397396446566e-06,3,3.386687247673539e-06,1.4311267336912247e-10,1.2646858238894363e-10,0.8988881365096345,3.832499764656162e-06,3.3867777103980802e-06,0,2,64,16,64,1.0,0.0,114125688702,0.0,47,0,0,55.442004851065576,1339406.0063604787
4,z,15,0.005,m1,anqi,379896000000,0.6244899023369636,237241926414,9.799488582843538e-10,6.251765611477143e-06,7,8.439090338282741e-06,5.630182880987841e-10,7.600032519850507e-10,0.624489901724992,6.251548289807887e-06,8.438796981603477e-06,0,2,56,8,48,1.0,0.0,237241926414,333.0,0,0,0,0.0,1852944.243386045
4,z,15,0.005,m1,val,6155900000,0.6246413610583211,3844306794,1.7223243803982334e-07,0.0003052599285894449,3,0.00026975801317947237,9.334140566090962e-08,8.248574339520034e-08,0.6246412534600488,0.0003052018179177569,0.00026970666081425524,0,2,56,8,48,1.0,0.0,3844306794,9.0,992,0,0,25.210822592955083,55923.886048889966
4,z,15,0.005,normal,anqi,37082000000,0.5876989493413323,21793167266,1.7192077109014313e-09,9.921181783476488e-06,6,1.2398894395363763e-05,9.147432255213703e-10,1.1431908919362223e-09,0.5876989483309578,9.921278130520866e-06,1.2399014804086697e-05,0,2,64,16,64,1.0,0.0,21793167266,35.0,0,0,0,0.0,2199228.9431836815
4,z,15,0.005,normal,val,6136900000,0.587757880446539,3606675071,1.638910778092205e-07,0.00011090244797609748,3,9.800442580528828e-05,4.7779073751042066e-08,4.2222338405808854e-08,0.5877577841155078,0.00011087434492946715,9.797959116007848e-05,0,2,64,16,64,1.0,0.0,3606675071,9.0,993,0,0,163.5093712550588,249096.17186777253
4,z,15,0.01,m1,anqi,9786000000,0.3910587994282449,3825889034,4.6451545812513524e-08,0.00019068569393155272,4,0.00019457723870566605,3.233165629293966e-08,3.299148601320373e-08,0.39105878126737725,0.00019069729341192595,0.00019458907491012853,0,2,56,8,48,1.0,0.0,3825889034,181.0,0,0,0,0.0,167578.69607307835
4,z,15,0.01,m1,val,5044900000,0.3909688232666392,1972415829,2.108994569330242e-06,2.5097138961822525e-05,4,2.5609325471247475e-05,6.084811667862279e-08,6.208991497818652e-08,0.39096799871531057,2.5093035604020016e-05,2.5605138371448996e-05,0,2,56,8,48,1.0,0.0,1972415829,95.0,8062,0,0,53.41656154720113,112752.19112208305
4,z,15,0.01,normal,anqi,9775000000,0.34672743669812656,3389032783,5.356372212125982e-08,2.973135779664866e-05,3,2.627358279683905e-05,6.472421032203857e-09,5.719674528446161e-09,0.3467274181260433,2.9729762517988085e-05,2.6272173050057243e-05,0,2,64,16,64,1.0,0.0,3389032783,177.0,0,0,0,0.0,603262.5302005197
4,z,15,0.01,normal,val,5024900000,0.3468650797101843,1742136405,2.0783897121080647e-06,0.0002958907255914631,4,0.00030192931182802357,1.5833687717227028e-07,1.615682420125207e-07,0.34686435881078553,0.000295922293779443,0.00030196152426473775,0,2,64,16,64,1.0,0.0,1742136405,90.0,7117,0,0,262.110937688034,356816.44734702935
4,z,15,0.05,m1,anqi,325000000,0.010383784027777778,3377541,0.00013894859397798882,4.3752292020393785e-05,3,3.866387384026143e-05,8.92185928144496e-05,7.88424161910338e-05,0.010382339236111112,4.284579902437691e-05,3.786280653117645e-05,0,2,56,8,48,1.0,0.0,3377541,594.0,0,0,0,0.0,132319.55413599894
4,z,15,0.05,m1,val,337000000,0.010377108854166667,3501826,0.0013526220085310356,3.359025634530095e-05,4,3.427577178091934e-05,0.00017018219117311443,0.00017365529711542289,0.010363068098958334,3.178398076330506e-05,3.243263343194394e-05,0,2,56,8,48,1.0,0.0,3501826,608.0,8651,0,0,0.0,134589.46866271645
4,z,15,0.05,normal,anqi,326000000,0.00609424375,1979292,9.126803972804593e-05,0.00012409351236424853,3,0.00010966136137987505,0.00010802932206696437,9.546544618734896e-05,0.006093691666666667,0.00012447937449812507,0.00011000234751282972,0,2,64,16,64,1.0,0.0,1979292,372.0,0,0,0,0.0,131242.0553060624
4,z,15,0.05,normal,val,338000000,0.006087911979166667,2052119,0.0014274753881437213,8.862062247357915e-05,4,9.042920660569301e-05,8.560616619125147e-05,8.735323080739945e-05,0.006079216276041667,8.801999979877193e-05,8.981632632527748e-05,0,2,64,16,64,1.0,0.0,2052119,373.0,5258,0,0,0.0,135854.13514125923
4,z,15,0.1,m1,anqi,350000000,0.00019426164874551972,67354,0.010408573927286155,1.0895624093442578e-05,3,9.628456382660272e-06,0.0006259415996021998,0.0005531442107560943,0.0001922430759204953,1.0901609718392385e-05,9.633745875786863e-06,0,2,56,8,48,1.0,0.0,67354,719.0,0,0,0,0.0,133012.95389637956
4,z,15,0.1,m1,val,346000000,0.00019453942652329748,66613,0.03462941696857849,1.0480421902888634e-05,3,9.2615424594698e-06,0.002855940935165238,0.0025237932668989616,0.00018781345715216682,1.0506994164991349e-05,9.28502435132385e-06,0,2,56,8,48,1.0,0.0,66613,712.0,2972,0,0,0.0,131631.9331757521
4,z,15,0.1,normal,anqi,351000000,9.121114369501466e-05,31136,0.016007761161004542,7.777146609256555e-06,3,6.872659727114476e-06,0.006038526559138031,0.00533624224657201,8.977272727272728e-05,8.168718199619405e-06,7.218691303292539e-06,0,2,64,16,64,1.0,0.0,31136,632.0,0,0,0,0.0,131798.28293275213
4,z,15,0.1,normal,val,347000000,8.921114369501466e-05,30780,0.0403516370694772,1.0765159943977024e-05,3,9.513165293149763e-06,0.009136058276304473,0.008073529140545656,8.562475562072336e-05,1.0623949332662189e-05,9.38837756184101e-06,0,2,64,16,64,1.0,0.0,30780,626.0,1777,0,0,0.0,130742.70368717214
4,z,16,0.0,m2,val,100,1.0,100,0.0,0.0,1,,0.0,,1.0,0.0,,0,2,56,-8,48,1.0,0.0,100,0.0,0,0,0,0.0,0.0003124879985989
4,z,16,0.0005,normal,val,1000000,0.938155,938155,0.0,0.0,1,,0.0,,0.938155,0.0,,0,2,64,0,64,1.0,0.0,938155,0.0,0,0,0,0.0,0.1159314959950279
4,z,16,0.001,normal,val,1000000,0.88118,881180,0.0,0.0,1,,0.0,,0.88118,0.0,,0,2,64,0,64,1.0,0.0,881180,0.0,0,0,0,0.0,0.2130727760086301
4,z,16,0.005,normal,val,1000000,0.531268,531268,0.0,0.0,1,,0.0,,0.531268,0.0,,0,2,64,0,64,1.0,0.0,531268,0.0,0,0,0,0.0,1.470707415996003
4,z,16,0.01,normal,val,2756000000,0.28226131894049344,777912195,0.0,0.0,1,,0.0,,0.28226131894049344,0.0,,0,2,64,0,64,1.0,0.0,777912195,0.0,0,0,0,0.0,22028.8528368834
5,x,2,0.0001,m2,val,4000000,0.9765820980903848,3864976,0.0,0.0,1,,0.0,,0.966244,0.0,,0,3,144,144,128,0.9943956470588236,0.0,3864976,0.0,0,42344,0,0.0,79.33066642377526
5,x,2,0.0005,m2,val,4000000,0.8882203433378,3370623,0.0,0.0,1,,0.0,,0.84265575,0.0,,0,3,144,144,128,0.9728418382352941,0.0,3370623,0.0,0,205195,0,0.0,151.13393470994197
5,x,2,0.001,m2,val,4000000,0.7889083519148313,2841412,0.0,0.0,1,,0.0,,0.710353,0.0,,0,3,144,144,128,0.9472839558823529,0.0,2841412,0.0,0,398299,0,0.0,214.34539156313983
5,x,2,0.005,m2,val,4000000,0.30419761263805245,729301,0.0,0.0,1,,0.0,,0.18232525,0.0,,0,3,144,144,128,0.7878988529411765,0.0,729301,0.0,0,1602542,0,0.0,498.5388512725476
5,x,2,0.01,m2,val,4000000,0.09134039479564879,135499,0.0,0.0,1,,0.0,,0.03387475,0.0,,0,3,144,144,128,0.6669273382352942,0.0,135499,0.0,0,2516549,0,0.0,309.8537313810084
5,x,3,0.0001,m2,val,4000000,0.9842698735662474,3895625,0.0,0.0,1,,0.0,,0.97390625,0.0,,1,2,112,112,96,0.9951403461538462,0.0,3895625,0.0,0,42117,0,0.0,98.86480254982598
5,x,3,0.0005,m2,val,4000000,0.9238941150179413,3505816,0.0,0.0,1,,0.0,,0.876454,0.0,,1,2,112,112,96,0.9763009230769231,0.0,3505816,0.0,0,205392,0,0.0,150.5366314700805
5,x,3,0.001,m2,val,4000000,0.8537148242538612,3074461,0.0,0.0,1,,0.0,,0.76861525,0.0,,1,2,112,112,96,0.9539931538461538,0.0,3074461,0.0,0,398726,0,0.0,264.344906109618
5,x,3,0.005,m2,val,4000000,0.4507532556814342,1080543,0.0,0.0,1,,0.0,,0.27013575,0.0,,1,2,112,112,96,0.8150608461538461,0.0,1080543,0.0,0,1602806,0,0.0,580.3228811719455
5,x,3,0.01,m2,val,4000000,0.2001470409691214,296734,0.0,0.0,1,,0.0,,0.0741835,0.0,,1,2,112,112,96,0.7095284615384615,0.0,296734,0.0,0,2517420,0,0.0,538.8167022601701
5,x,5,0.0001,m2,val,4000000,0.9921139042086465,3926640,0.0,0.0,1,,0.0,,0.98166,0.0,,2,1,80,80,64,0.9964876666666667,0.0,3926640,0.0,0,42148,0,0.0,98.65471037197858
5,x,5,0.0005,m2,val,4000000,0.9612109607437309,3647513,0.0,0.0,1,,0.0,,0.91187825,0.0,,2,1,80,80,64,0.9828921666666667,0.0,3647513,0.0,0,205294,0,0.0,166.79482464608736
5,x,5,0.001,m2,val,4000000,0.9238459398328809,3327233,0.0,0.0,1,,0.0,,0.83180825,0.0,,2,1,80,80,64,0.9667918333333333,0.0,3327233,0.0,0,398498,0,0.0,247.3414764362388
5,x,5,0.005,m2,val,4000000,0.667433005814082,1599911,0.0,0.0,1,,0.0,,0.39997775,0.0,,2,1,80,80,64,0.8664259166666667,0.0,1599911,0.0,0,1602889,0,0.0,590.1957904451992
5,x,5,0.01,m2,val,4000000,0.43846483256734564,650171,0.0,0.0,1,,0.0,,0.16254275,0.0,,2,1,80,80,64,0.79023625,0.0,650171,0.0,0,2517165,0,0.0,529.5119245748501
