n,lstate,i,meas_type,p_error,sim_type,shots,count_accept,count_logerror,count_undecided,count_detect_discard,prep_rate,LER,detect_normal,decoding_normal
3,x,2,"['x', 'x', 'x']",1.0,normal,100000,65897,242,473,0,0.65897,0.0036723978329817886,3.565533628978301,0.3840550120221451
3,x,2,"['x', 'x', 'x']",0.1,normal,100000,95953,4,8,0,0.95953,4.168707596430288e-05,0.822075693984516,0.2029598510125652
3,x,2,"['x', 'x', 'x']",0.01,normal,100000,99589,0,0,0,0.99589,0.0,0.1528792199678719,0.06320683006197214
3,x,3,"['z', 'x', 'x']",1.0,normal,100000,84135,450,851,0,0.84135,0.005348546978070967,2.2108423390309326,0.3904558699578047
3,x,3,"['z', 'x', 'x']",0.1,normal,100000,98216,6,12,0,0.98216,6.108984279551422e-05,0.6854783790186048,0.20078565698349848
3,x,3,"['z', 'x', 'x']",0.01,normal,100000,99837,0,0,0,0.99837,0.0,0.12960361602017656,0.05683066800702363
3,x,4,"['x', 'z', 'x']",1.0,normal,100000,73914,8988,17070,0,0.73914,0.12160077928403279,9.048450055997819,1.714896305988077
3,x,4,"['x', 'z', 'x']",0.1,normal,100000,96895,1173,2336,0,0.96895,0.012105887816708849,2.1750447190133855,0.7035105669638142
3,x,4,"['x', 'z', 'x']",0.01,normal,100000,99679,120,239,0,0.99679,0.0012038644047391855,0.3484207399887964,0.20475290005560964
3,x,5,"['z', 'z', 'x']",1.0,normal,100000,100000,1456,2656,0,1.0,0.014560000000000017,0.21804833400528878,0.1437934519490227
3,x,5,"['z', 'z', 'x']",0.1,normal,100000,100000,17,34,0,1.0,0.00017000000000000348,0.3512482570367865,0.12242135696578771
3,x,5,"['z', 'z', 'x']",0.01,normal,100000,100000,0,0,0,1.0,0.0,0.14906690100906417,0.0491891719866544
3,x,6,"['x', 'x', 'z']",1.0,normal,100000,68127,7976,14973,0,0.68127,0.11707546200478514,4.698280512995552,1.0843661720282398
3,x,6,"['x', 'x', 'z']",0.1,normal,100000,96079,1136,2263,0,0.96079,0.011823603492958967,5.422921808960382,1.8382974890409969
3,x,6,"['x', 'x', 'z']",0.01,normal,100000,99615,126,251,0,0.99615,0.001264869748531794,1.4469007709994912,0.5959807339822873
3,x,7,"['z', 'x', 'z']",1.0,normal,100000,89750,10218,18186,0,0.8975,0.11384958217270191,5.851406069996301,1.2619949990184978
3,x,7,"['z', 'x', 'z']",0.1,normal,100000,98985,1212,2391,0,0.98985,0.01224427943627826,2.0805319259525277,0.6315961540094577
3,x,7,"['z', 'x', 'z']",0.01,normal,100000,99871,122,243,0,0.99871,0.0012215758328243398,1.2930961049860343,0.44748854299541563
3,x,8,"['x', 'z', 'z']",1.0,normal,100000,75335,19117,0,0,0.75335,0.25375987256919097,4.03264783002669,1.121764823968988
3,x,8,"['x', 'z', 'z']",0.1,normal,100000,97247,3215,0,0,0.97247,0.03306014581426675,5.393970024946611,2.0646730240550824
3,x,8,"['x', 'z', 'z']",0.01,normal,100000,99711,324,0,0,0.99711,0.0032493907392363575,4.196408212999813,1.7975170469726436
3,z,2,"['z', 'x', 'x']",1.0,normal,100000,85457,8942,16037,0,0.85457,0.10463741998900034,6.311263011011761,1.2210161979892291
3,z,2,"['z', 'x', 'x']",0.1,normal,100000,98391,1079,2146,0,0.98391,0.01096645018345177,2.173085701011587,0.6016045529977418
3,z,2,"['z', 'x', 'x']",0.01,normal,100000,99853,116,231,0,0.99853,0.0011617077103341922,1.315301458002068,0.44065146800130606
3,z,3,"['x', 'z', 'x']",1.0,normal,100000,73914,8706,16403,0,0.73914,0.11778553454014129,9.432188646984287,-5.89768982300302
3,z,3,"['x', 'z', 'x']",0.1,normal,100000,96895,1179,2342,0,0.96895,0.01216781051653848,1.8288071540300734,0.6799212869955227
3,z,3,"['x', 'z', 'x']",0.01,normal,100000,99679,116,230,0,0.99679,0.0011637355912479386,4.2033934610080905,0.9490711680264212
3,z,4,"['z', 'z', 'x']",1.0,normal,100000,100000,850,1602,0,1.0,0.008499999999999952,0.6594750040094368,0.21054628700949252
3,z,4,"['z', 'z', 'x']",0.1,normal,100000,100000,10,17,0,1.0,9.999999999998899e-05,0.11271381698315963,0.04745750204892829
3,z,4,"['z', 'z', 'x']",0.01,normal,100000,100000,0,1,0,1.0,0.0,0.04660551901906729,0.0216870519798249
3,z,5,"['x', 'x', 'z']",1.0,normal,100000,68127,7572,14564,0,0.68127,0.1111453608701396,3.1629019899992272,0.21579825598746538
3,z,5,"['x', 'x', 'z']",0.1,normal,100000,96079,1082,2155,0,0.96079,0.011261566002976675,2.3037180840037763,0.5653469099779613
3,z,5,"['x', 'x', 'z']",0.01,normal,100000,99615,113,226,0,0.99615,0.0011343673141595012,1.1557019510073587,0.42256071500014514
3,z,6,"['z', 'x', 'z']",1.0,normal,100000,89751,437,840,0,0.89751,0.004869026528952269,1.95419076399412,0.040996185038238764
3,z,6,"['z', 'x', 'z']",0.1,normal,100000,98965,3,6,0,0.98965,3.0313747284349546e-05,0.22130528901470825,0.051461438997648656
3,z,6,"['z', 'x', 'z']",0.01,normal,100000,99873,0,0,0,0.99873,0.0,0.05994339700555429,0.014279686962254345
3,z,7,"['x', 'z', 'z']",1.0,normal,100000,75335,434,826,0,0.75335,0.005760934492599734,1.1456514810561202,0.12848042591940612
3,z,7,"['x', 'z', 'z']",0.1,normal,100000,97247,4,7,0,0.97247,4.113237426350835e-05,0.8357005720026791,0.07064136699773371
3,z,7,"['x', 'z', 'z']",0.01,normal,100000,99711,0,0,0,0.99711,0.0,0.1744533510063775,0.04391652799677104
3,z,8,"['z', 'z', 'z']",1.0,normal,100000,64245,1,2,0,0.64245,1.5565413650886484e-05,0.31391826597973704,0.0021605270449072123
3,z,8,"['z', 'z', 'z']",0.1,normal,100000,95704,0,0,0,0.95704,0.0,0.010709783004131168,0.0008291240083053708
3,z,8,"['z', 'z', 'z']",0.01,normal,100000,99568,0,0,0,0.99568,0.0,0.002889128983952105,0.0008929489995352924
3,x,2,"['x', 'x', 'x']",1.0,m1,100000,72338,349,666,0,0.72338,0.0048245735298183545,0.83760638901731,0.24250084697268903
3,x,2,"['x', 'x', 'x']",0.1,m1,100000,96774,6,11,0,0.96774,6.2000124000261e-05,0.09062668203841895,0.014565291930921376
3,x,2,"['x', 'x', 'x']",0.01,m1,100000,99680,0,0,0,0.9968,0.0,0.046298036002554,0.009138430992607027
3,x,3,"['z', 'x', 'x']",1.0,m1,100000,87110,280,539,0,0.8711,0.003214326713350979,0.270785080967471,0.11567096906946972
3,x,3,"['z', 'x', 'x']",0.1,m1,100000,98600,2,5,0,0.986,2.0283975659229903e-05,0.060741827997844666,0.013100481010042131
3,x,3,"['z', 'x', 'x']",0.01,m1,100000,99853,0,0,0,0.99853,0.0,0.034751333005260676,0.007429547957144678
3,x,4,"['x', 'z', 'x']",1.0,m1,100000,77367,8856,17163,0,0.77367,0.11446740858505566,0.6996929130400531,0.273096059972886
3,x,4,"['x', 'z', 'x']",0.1,m1,100000,97470,1180,2358,0,0.9747,0.012106289114599322,0.5690891479607671,0.32495712803211063
3,x,4,"['x', 'z', 'x']",0.01,m1,100000,99730,126,253,0,0.9973,0.0012634112102677397,0.1214681250276044,0.040788082929793745
3,x,5,"['z', 'z', 'x']",1.0,m1,100000,100000,552,1054,0,1.0,0.005519999999999969,0.014312212006188929,0.0036847650189884007
3,x,5,"['z', 'z', 'x']",0.1,m1,100000,100000,6,12,0,1.0,5.999999999994898e-05,0.006887910014484078,0.0018274489557370543
3,x,5,"['z', 'z', 'x']",0.01,m1,100000,100000,0,1,0,1.0,0.0,0.00521341001149267,0.00160879798932001
3,x,6,"['x', 'x', 'z']",1.0,m1,100000,68022,6937,13088,0,0.68022,0.10198171179912385,1.418757425970398,0.3522722430061549
3,x,6,"['x', 'x', 'z']",0.1,m1,100000,96085,1008,2011,0,0.96085,0.01049071134932611,1.1110309300129302,0.4158394569531083
3,x,6,"['x', 'x', 'z']",0.01,m1,100000,99585,102,204,0,0.99585,0.0010242506401566542,0.2862884809728712,0.20052521699108183
3,x,7,"['z', 'x', 'z']",1.0,m1,100000,87872,6772,12535,0,0.87872,0.07706664238892935,0.7058692969731055,0.21553338400553912
3,x,7,"['z', 'x', 'z']",0.1,m1,100000,98695,804,1597,0,0.98695,0.008146309336845792,0.32361956604290754,0.14563726395135745
3,x,7,"['z', 'x', 'z']",0.01,m1,100000,99892,82,165,0,0.99892,0.0008208865574820257,0.1153572199982591,0.051961460965685546
3,x,8,"['x', 'z', 'z']",1.0,m1,100000,72606,13770,0,0,0.72606,0.18965374762416332,3.6574805440031923,-2.505219272978138
3,x,8,"['x', 'z', 'z']",0.1,m1,100000,96851,2110,0,0,0.96851,0.021786042477620282,1.0950870389933698,0.2190195369767025
3,x,8,"['x', 'z', 'z']",0.01,m1,100000,99680,236,0,0,0.9968,0.0023675762439807624,0.3751543979742564,0.13685075100511312
3,z,2,"['z', 'x', 'x']",1.0,m1,100000,89571,7675,14028,0,0.89571,0.08568621540453947,0.8234990080236457,0.1055276999832131
3,z,2,"['z', 'x', 'x']",0.1,m1,100000,98910,893,1776,0,0.9891,0.009028409665352344,0.4029905530042015,0.07508541300194338
3,z,2,"['z', 'x', 'x']",0.01,m1,100000,99891,97,194,0,0.99891,0.0009710584537145905,0.05626120499800891,0.018513280025217682
3,z,3,"['x', 'z', 'x']",1.0,m1,100000,77367,8936,16829,0,0.77367,0.11550144118293326,2.2170223009889014,-0.9770302340039052
3,z,3,"['x', 'z', 'x']",0.1,m1,100000,97470,1193,2370,0,0.9747,0.012239663486200869,1.1426327159861103,0.09054859599564224
3,z,3,"['x', 'z', 'x']",0.01,m1,100000,99730,124,245,0,0.9973,0.0012433570640729696,0.1292848740122281,0.048478778975550085
3,z,4,"['z', 'z', 'x']",1.0,m1,100000,100000,571,1080,0,1.0,0.005709999999999993,0.059093408985063434,0.018222870014142245
3,z,4,"['z', 'z', 'x']",0.1,m1,100000,100000,10,20,0,1.0,9.999999999998899e-05,0.029289709986187518,0.009585634048562497
3,z,4,"['z', 'z', 'x']",0.01,m1,100000,100000,0,0,0,1.0,0.0,0.007270388014148921,0.0032557660015299916
3,z,5,"['x', 'x', 'z']",1.0,m1,100000,68022,6537,12712,0,0.68022,0.0961012613566199,1.4433446420007385,-0.6111258119926788
3,z,5,"['x', 'x', 'z']",0.1,m1,100000,96085,897,1790,0,0.96085,0.009335484206691946,0.2653872190276161,0.04583735595224425
3,z,5,"['x', 'x', 'z']",0.01,m1,100000,99585,94,187,0,0.99585,0.0009439172566149123,0.1901282810140401,0.04251556599047035
3,z,6,"['z', 'x', 'z']",1.0,m1,100000,87872,342,648,0,0.87872,0.00389202476329209,0.383464764978271,0.006277166015934199
3,z,6,"['z', 'x', 'z']",0.1,m1,100000,98695,4,8,0,0.98695,4.052890217332017e-05,0.0299845400149934,0.006998358992859721
3,z,6,"['z', 'x', 'z']",0.01,m1,100000,99892,0,1,0,0.99892,0.0,0.051529745978768915,0.009074487024918199
3,z,7,"['x', 'z', 'z']",1.0,m1,100000,69741,208,400,0,0.69741,0.00298246368707078,0.8595841460046358,-0.08345767605351284
3,z,7,"['x', 'z', 'z']",0.1,m1,100000,96431,2,4,0,0.96431,2.0740218394488252e-05,0.04389704600907862,0.0019708899781107903
3,z,7,"['x', 'z', 'z']",0.01,m1,100000,99640,0,0,0,0.9964,0.0,0.07022562297061086,0.010494536021724343
3,z,8,"['z', 'z', 'z']",1.0,m1,100000,69466,2,4,0,0.69466,2.8791063253930105e-05,0.09135531896026805,0.0030855120276100934
3,z,8,"['z', 'z', 'z']",0.1,m1,100000,96334,0,0,0,0.96334,0.0,0.029627815005369484,0.0019118590280413628
3,z,8,"['z', 'z', 'z']",0.01,m1,100000,99632,0,0,0,0.99632,0.0,0.002760620031040162,0.0006742749828845263
3,x,2,"['x', 'x', 'x']",1.0,m2,100000,72338,349,666,14335,0.8444288799392984,0.0048245735298183545,0.16690505796577781,0.047621827048715204
3,x,2,"['x', 'x', 'x']",0.1,m2,100000,96774,6,11,1582,0.9832957385844053,6.2000124000261e-05,0.07207850902341306,0.02121115697082132
3,x,2,"['x', 'x', 'x']",0.01,m2,100000,99680,0,0,165,0.9984474382731507,0.0,0.03816062002442777,0.009653099987190217
3,x,3,"['z', 'x', 'x']",1.0,m2,100000,87110,280,539,12890,1.0,0.003214326713350979,0.10222053300822154,0.05425046302843839
3,x,3,"['z', 'x', 'x']",0.1,m2,100000,98600,2,5,1400,1.0,2.0283975659229903e-05,0.011726636963430792,0.0035594370565377176
3,x,3,"['z', 'x', 'x']",0.01,m2,100000,99853,0,0,147,1.0,0.0,0.02162614103872329,0.007154631952289492
3,x,4,"['x', 'z', 'x']",1.0,m2,100000,77367,8856,17163,10987,0.8691651781200499,0.11446740858505566,1.6189895599964075,-0.39296868501696736
3,x,4,"['x', 'z', 'x']",0.1,m2,100000,97470,1180,2358,1178,0.9863188358867458,0.012106289114599322,0.5479354420094751,0.2356129179825075
3,x,4,"['x', 'z', 'x']",0.01,m2,100000,99730,126,253,117,0.9984682078031296,0.0012634112102677397,0.11782522895373404,0.06493143906118348
3,x,5,"['z', 'z', 'x']",1.0,m2,100000,100000,552,1054,0,1.0,0.005519999999999969,0.041296663985121995,0.01709118002327159
3,x,5,"['z', 'z', 'x']",0.1,m2,100000,100000,6,12,0,1.0,5.999999999994898e-05,0.006799339957069606,0.002402323065325618
3,x,5,"['z', 'z', 'x']",0.01,m2,100000,100000,0,1,0,1.0,0.0,0.00541766599053517,0.0018983710324391723
3,x,6,"['x', 'x', 'z']",1.0,m2,100000,68022,6937,13088,17006,0.8196014169699014,0.10198171179912385,0.8414099670480937,0.27213842794299126
3,x,6,"['x', 'x', 'z']",0.1,m2,100000,96085,1008,2011,1933,0.9797893277045285,0.01049071134932611,0.9041121449554339,0.3277051470358856
3,x,6,"['x', 'x', 'z']",0.01,m2,100000,99585,102,204,185,0.9976957371136602,0.0010242506401566542,0.3191259870072827,0.1569685959839262
3,x,7,"['z', 'x', 'z']",1.0,m2,100000,87872,6772,12535,12128,1.0,0.07706664238892935,0.25685782195068896,0.12814635602990165
3,x,7,"['z', 'x', 'z']",0.1,m2,100000,98695,804,1597,1305,1.0,0.008146309336845792,0.19940465199761093,0.09247223002603278
3,x,7,"['z', 'x', 'z']",0.01,m2,100000,99892,82,165,108,1.0,0.0008208865574820257,0.11004019097890705,0.04316790006123483
3,x,8,"['x', 'z', 'z']",1.0,m2,100000,72606,13770,0,13684,0.841165021548728,0.18965374762416332,2.220726371044293,-1.272110843041446
3,x,8,"['x', 'z', 'z']",0.1,m2,100000,96851,2110,0,1492,0.9831790311446786,0.021786042477620282,0.296018925961107,0.07525277999229729
3,x,8,"['x', 'z', 'z']",0.01,m2,100000,99680,236,0,148,0.9982774506269279,0.0023675762439807624,0.3449466720339842,0.14167119096964598
3,z,2,"['z', 'x', 'x']",1.0,m2,100000,89571,7675,14028,10429,1.0,0.08568621540453947,0.29167410102672875,0.1100557169993408
3,z,2,"['z', 'x', 'x']",0.1,m2,100000,98910,893,1776,1090,1.0,0.009028409665352344,0.22256833600113168,0.08134788199095055
3,z,2,"['z', 'x', 'x']",0.01,m2,100000,99891,97,194,109,1.0,0.0009710584537145905,0.12272584502352402,0.040742244978901
3,z,3,"['x', 'z', 'x']",1.0,m2,100000,77367,8936,16829,10987,0.8691651781200499,0.11550144118293326,0.929891139967367,0.13578068400966004
3,z,3,"['x', 'z', 'x']",0.1,m2,100000,97470,1193,2370,1178,0.9863188358867458,0.012239663486200869,0.9567628990043886,-0.10497875296277925
3,z,3,"['x', 'z', 'x']",0.01,m2,100000,99730,124,245,117,0.9984682078031296,0.0012433570640729696,0.3603807740146294,0.1256261559901759
3,z,4,"['z', 'z', 'x']",1.0,m2,100000,100000,571,1080,0,1.0,0.005709999999999993,0.059743895020801574,0.019523502967786044
3,z,4,"['z', 'z', 'x']",0.1,m2,100000,100000,10,20,0,1.0,9.999999999998899e-05,0.02996571798576042,0.008453841030132025
3,z,4,"['z', 'z', 'x']",0.01,m2,100000,100000,0,0,0,1.0,0.0,0.022045446967240423,0.006193250068463385
3,z,5,"['x', 'x', 'z']",1.0,m2,100000,68022,6537,12712,17006,0.8196014169699014,0.0961012613566199,1.5415989459725097,-0.9557657929835841
3,z,5,"['x', 'x', 'z']",0.1,m2,100000,96085,897,1790,1933,0.9797893277045285,0.009335484206691946,0.6229090659762733,0.10443749203113839
3,z,5,"['x', 'x', 'z']",0.01,m2,100000,99585,94,187,185,0.9976957371136602,0.0009439172566149123,0.1625879270141013,0.04148966498905793
3,z,6,"['z', 'x', 'z']",1.0,m2,100000,87872,342,648,12128,1.0,0.00389202476329209,0.1415228649857454,0.046680493047460914
3,z,6,"['z', 'x', 'z']",0.1,m2,100000,98695,4,8,1305,1.0,4.052890217332017e-05,0.015491676982492208,0.00650196400238201
3,z,6,"['z', 'x', 'z']",0.01,m2,100000,99892,0,1,108,1.0,0.0,0.010069907002616674,0.005375557986553758
3,z,7,"['x', 'z', 'z']",1.0,m2,100000,69741,208,400,15390,0.8242642713627231,0.00298246368707078,0.1818338220473379,0.015670933935325593
3,z,7,"['x', 'z', 'z']",0.1,m2,100000,96431,2,4,1718,0.9811664394293971,2.0740218394488252e-05,0.09344124898780137,0.014411769050639123
3,z,7,"['x', 'z', 'z']",0.01,m2,100000,99640,0,0,166,0.9980567742452471,0.0,0.05568364995997399,0.010100213054101914
3,z,8,"['z', 'z', 'z']",1.0,m2,100000,69466,2,4,16529,0.8322171772232272,2.8791063253930105e-05,0.12127679598052055,0.0027818590169772506
3,z,8,"['z', 'z', 'z']",0.1,m2,100000,96334,0,0,1924,0.982238264203271,0.0,0.018442379019688815,0.0015733590116724372
3,z,8,"['z', 'z', 'z']",0.01,m2,100000,99632,0,0,180,0.998116609897816,0.0,0.006369310023728758,0.0006664259708486497
4,x,2,"['x', 'x', 'x', 'x']",1.0,normal,100000,26308,2,4,0,0.26308,7.602250266081079e-05,41.993792813969776,4.278864770021755
4,x,2,"['x', 'x', 'x', 'x']",0.1,normal,100000,87553,0,0,0,0.87553,0.0,34.37972151802387,-1.9690846730372868
4,x,2,"['x', 'x', 'x', 'x']",0.01,normal,100000,98725,0,0,0,0.98725,0.0,28.92294433101779,8.737762598029803
4,x,3,"['z', 'x', 'x', 'x']",1.0,normal,100000,39800,1,2,0,0.398,2.5125628140720835e-05,52.801165227021556,6.387727761990391
4,x,3,"['z', 'x', 'x', 'x']",0.1,normal,100000,91145,0,0,0,0.91145,0.0,36.02607117895968,9.008963843050878
4,x,3,"['z', 'x', 'x', 'x']",0.01,normal,100000,99122,0,0,0,0.99122,0.0,31.22810407099314,8.86379334598314
4,x,4,"['x', 'z', 'x', 'x']",1.0,normal,100000,19398,222,426,0,0.19398,0.011444478812248637,15.248921173042618,1.695041044964455
4,x,4,"['x', 'z', 'x', 'x']",0.1,normal,100000,84685,10,21,0,0.84685,0.00011808466670604201,54.31388556398451,14.486722489993554
4,x,4,"['x', 'z', 'x', 'x']",0.01,normal,100000,98351,0,0,0,0.98351,0.0,55.715871266962495,17.053864940069616
4,x,5,"['z', 'z', 'x', 'x']",1.0,normal,100000,63823,31,52,0,0.63823,0.000485718314714112,18.44795703300042,4.209202183992602
4,x,5,"['z', 'z', 'x', 'x']",0.1,normal,100000,95513,0,0,0,0.95513,0.0,12.328436822979711,3.3204734840546735
4,x,5,"['z', 'z', 'x', 'x']",0.01,normal,100000,99538,0,0,0,0.99538,0.0,14.714503968018107,-0.47401139297289774
4,x,6,"['x', 'x', 'z', 'x']",1.0,normal,100000,22515,438,831,0,0.22515,0.01945369753497672,15.284115177986678,1.363948875979986
4,x,6,"['x', 'x', 'z', 'x']",0.1,normal,100000,85745,18,35,0,0.85745,0.0002099247769549173,54.75055802700808,14.215906820027158
4,x,6,"['x', 'x', 'z', 'x']",0.01,normal,100000,98483,0,0,0,0.98483,0.0,57.041350149025675,16.74808057298651
4,x,7,"['z', 'x', 'z', 'x']",1.0,normal,100000,41034,1320,2277,0,0.41034,0.03216844567919286,19.968081239028834,3.040302183944732
4,x,7,"['z', 'x', 'z', 'x']",0.1,normal,100000,90935,30,59,0,0.90935,0.00032990597679660727,60.33750336198136,15.282816821010783
4,x,7,"['z', 'x', 'z', 'x']",0.01,normal,100000,98978,2,3,0,0.98978,2.0206510537690292e-05,60.885655598016456,16.594328067963943
4,x,8,"['x', 'z', 'z', 'x']",1.0,normal,100000,27325,7581,13270,0,0.27325,0.27743824336688017,45.959258963994216,4.628920043993276
4,x,8,"['x', 'z', 'z', 'x']",0.1,normal,100000,85696,2292,4493,0,0.85696,0.026745705750560123,19.29609621898271,5.389682459062897
4,x,8,"['x', 'z', 'z', 'x']",0.01,normal,100000,98487,254,509,0,0.98487,0.002579020581396585,56.41044825600693,16.9902881589951
4,x,9,"['z', 'z', 'z', 'x']",1.0,normal,100000,100000,208,348,0,1.0,0.0020799999999999708,18.028351391025353,5.5326268779463135
4,x,9,"['z', 'z', 'z', 'x']",0.1,normal,100000,100000,0,0,0,1.0,0.0,34.535227670974564,9.418920158059336
4,x,9,"['z', 'z', 'z', 'x']",0.01,normal,100000,100000,0,0,0,1.0,0.0,31.20716504199663,8.445359994017053
4,x,10,"['x', 'x', 'x', 'z']",1.0,normal,100000,22209,578,1051,0,0.22209,0.026025485163672424,14.776008775981609,1.400706346030347
4,x,10,"['x', 'x', 'x', 'z']",0.1,normal,100000,84946,26,51,0,0.84946,0.00030607680173289076,19.11115955101559,5.222164567036089
4,x,10,"['x', 'x', 'x', 'z']",0.01,normal,100000,98425,0,1,0,0.98425,0.0,19.58837054099422,5.954089267994277
4,x,11,"['z', 'x', 'x', 'z']",1.0,normal,100000,41896,1622,2879,0,0.41896,0.038714913118197414,55.57205034600338,7.00196992396377
4,x,11,"['z', 'x', 'x', 'z']",0.1,normal,100000,91237,52,103,0,0.91237,0.0005699442112301334,59.78864198195515,15.099928236042615
4,x,11,"['z', 'x', 'x', 'z']",0.01,normal,100000,99114,0,1,0,0.99114,0.0,35.3381329489639,-7.459523808967788
4,x,12,"['x', 'z', 'x', 'z']",1.0,normal,100000,22991,5218,9529,0,0.22991,0.22695837501631078,15.809384440013673,1.30713689600816
4,x,12,"['x', 'z', 'x', 'z']",0.1,normal,100000,85631,2138,4230,0,0.85631,0.02496759351169553,54.678320951003116,14.670303223014344
4,x,12,"['x', 'z', 'x', 'z']",0.01,normal,100000,98474,256,513,0,0.98474,0.0025996709791417105,56.1802796649863,16.96697096497519
4,x,13,"['z', 'z', 'x', 'z']",1.0,normal,100000,75683,4120,6728,0,0.75683,0.054437588361983535,59.98393740301253,12.69978861301206
4,x,13,"['z', 'z', 'x', 'z']",0.1,normal,100000,97241,70,134,0,0.97241,0.0007198609639966769,47.399892382964026,27.468919771083165
4,x,13,"['z', 'z', 'x', 'z']",0.01,normal,100000,99705,2,3,0,0.99705,2.005917456493478e-05,60.1750080579659,16.587667580985
4,x,14,"['x', 'x', 'z', 'z']",1.0,normal,100000,25270,5623,9866,0,0.2527,0.22251681836169368,15.605101777007803,1.57779671496246
4,x,14,"['x', 'x', 'z', 'z']",0.1,normal,100000,86980,2349,4634,0,0.8698,0.027006208323752556,54.622369795979466,14.977694830973633
4,x,14,"['x', 'x', 'z', 'z']",0.01,normal,100000,98645,264,525,0,0.98645,0.0026762633686451265,19.766954493999947,6.239435187948402
4,x,15,"['z', 'x', 'z', 'z']",1.0,normal,100000,46502,11699,17500,0,0.46502,0.25158057717947613,19.586127850983758,3.5965854030218907
4,x,15,"['z', 'x', 'z', 'z']",0.1,normal,100000,92655,3000,5817,0,0.92655,0.03237817710862878,59.70872234000126,16.475005455024075
4,x,15,"['z', 'x', 'z', 'z']",0.01,normal,100000,99270,324,649,0,0.9927,0.003263825929283759,21.168959970993455,37.95721224998124
4,x,16,"['x', 'z', 'z', 'z']",1.0,normal,100000,24163,9804,0,0,0.24163,0.405744319827836,15.57654244499281,1.7397452360019088
4,x,16,"['x', 'z', 'z', 'z']",0.1,normal,100000,86801,6591,0,0,0.86801,0.07593230492736258,54.67837040498853,15.761008421017323
4,x,16,"['x', 'z', 'z', 'z']",0.01,normal,100000,98659,808,0,0,0.98659,0.00818982556076997,55.92433589097345,18.00794688501628
4,z,2,"['z', 'x', 'x', 'x']",1.0,normal,100000,40426,8128,13049,0,0.40426,0.20105872458318907,55.5720099430182,7.154980166989844
4,z,2,"['z', 'x', 'x', 'x']",0.1,normal,100000,91319,2200,4321,0,0.91319,0.024091372003635647,20.884173864964396,6.456647705053911
4,z,2,"['z', 'x', 'x', 'x']",0.01,normal,100000,99115,236,471,0,0.99115,0.0023810724915501735,21.13877694797702,20.15602557704551
4,z,3,"['x', 'z', 'x', 'x']",1.0,normal,100000,19398,4302,7641,0,0.19398,0.22177544076708944,44.32140330498805,3.3538557550054975
4,z,3,"['x', 'z', 'x', 'x']",0.1,normal,100000,84685,2234,4412,0,0.84685,0.026380114542126742,54.72386363794794,14.85200044605881
4,z,3,"['x', 'z', 'x', 'x']",0.01,normal,100000,98311,270,540,0,0.98311,0.002746386467434969,56.16488891100744,17.367875262978487
4,z,4,"['z', 'z', 'x', 'x']",1.0,normal,100000,64809,3040,5026,0,0.64809,0.0469070653767224,20.93306384998141,4.4090837690164335
4,z,4,"['z', 'z', 'x', 'x']",0.1,normal,100000,95651,58,113,0,0.95651,0.0006063710781905041,32.09345570899313,10.933832312060986
4,z,4,"['z', 'z', 'x', 'x']",0.01,normal,100000,99539,0,0,0,0.99539,0.0,20.77007655496709,19.1014253370231
4,z,5,"['x', 'x', 'z', 'x']",1.0,normal,100000,22515,4958,9269,0,0.22515,0.22020874972240734,15.410611931991298,1.5166207299917005
4,z,5,"['x', 'x', 'z', 'x']",0.1,normal,100000,85745,2190,4356,0,0.85745,0.02554084786284916,54.6758845919976,14.751682645000983
4,z,5,"['x', 'x', 'z', 'x']",0.01,normal,100000,98478,260,521,0,0.98478,0.00264018359430529,56.23046092799632,16.935212199983653
4,z,6,"['z', 'x', 'z', 'x']",1.0,normal,100000,40838,1192,2194,0,0.40838,0.029188500906018877,56.84926445502788,6.6327964819502085
4,z,6,"['z', 'x', 'z', 'x']",0.1,normal,100000,90889,35,68,0,0.90889,0.00038508510380796945,60.345954668009654,14.936140851001255
4,z,6,"['z', 'x', 'z', 'x']",0.01,normal,100000,98975,0,0,0,0.98975,0.0,60.429276678012684,16.420744373986963
4,z,7,"['x', 'z', 'z', 'x']",1.0,normal,100000,27325,962,1706,0,0.27325,0.03520585544373289,16.077874282025732,1.6796975869801827
4,z,7,"['x', 'z', 'z', 'x']",0.1,normal,100000,85696,28,56,0,0.85696,0.00032673637042568426,48.63209605199518,6.498096313036513
4,z,7,"['x', 'z', 'z', 'x']",0.01,normal,100000,98430,1,2,0,0.9843,1.0159504216233906e-05,21.55434463598067,4.096163386013359
4,z,8,"['z', 'z', 'z', 'x']",1.0,normal,100000,100000,56,100,0,1.0,0.0005600000000000049,47.85376416501822,12.73754033894511
4,z,8,"['z', 'z', 'z', 'x']",0.1,normal,100000,100000,0,0,0,1.0,0.0,11.401268891000655,3.3480374829960056
4,z,8,"['z', 'z', 'z', 'x']",0.01,normal,100000,100000,0,0,0,1.0,0.0,30.903915049973875,8.275742278026883
4,z,9,"['x', 'x', 'x', 'z']",1.0,normal,100000,22209,5070,9553,0,0.22209,0.22828583006889103,14.846936753951013,1.35696928499965
4,z,9,"['x', 'x', 'x', 'z']",0.1,normal,100000,84946,1867,3714,0,0.84946,0.021978668801356127,18.85666324099293,18.587207396049052
4,z,9,"['x', 'x', 'x', 'z']",0.01,normal,100000,98425,224,449,0,0.98425,0.0022758445516890546,19.691194952989463,6.1267738490132615
4,z,10,"['z', 'x', 'x', 'z']",1.0,normal,100000,41896,1359,2568,0,0.41896,0.032437464197059396,55.679008371022064,7.33863609097898
4,z,10,"['z', 'x', 'x', 'z']",0.1,normal,100000,91237,46,90,0,0.91237,0.0005041814176266479,59.9495773340459,13.910753007978201
4,z,10,"['z', 'x', 'x', 'z']",0.01,normal,100000,99114,0,1,0,0.99114,0.0,21.02061417303048,6.706024223938584
4,z,11,"['x', 'z', 'x', 'z']",1.0,normal,100000,22991,422,781,0,0.22991,0.018355008481579782,44.49676738498965,4.0417328320327215
4,z,11,"['x', 'z', 'x', 'z']",0.1,normal,100000,85631,16,32,0,0.85631,0.0001868482208545741,54.698141943023074,14.618699614948127
4,z,11,"['x', 'z', 'x', 'z']",0.01,normal,100000,98474,0,0,0,0.98474,0.0,57.10251612699358,6.737991228001192
4,z,12,"['z', 'z', 'x', 'z']",1.0,normal,100000,75665,22,37,0,0.75665,0.0002907553029802834,51.838994483987335,9.979931159003172
4,z,12,"['z', 'z', 'x', 'z']",0.1,normal,100000,97244,0,0,0,0.97244,0.0,11.84908735199133,3.4668386440025643
4,z,12,"['z', 'z', 'x', 'z']",0.01,normal,100000,99750,0,0,0,0.9975,0.0,31.31121318001533,8.465502725972328
4,z,13,"['x', 'x', 'z', 'z']",1.0,normal,100000,25270,314,608,0,0.2527,0.01242580134546889,44.13246065302519,4.502357873949222
4,z,13,"['x', 'x', 'z', 'z']",0.1,normal,100000,86980,10,21,0,0.8698,0.00011496895838125631,19.117871492984705,5.534967975981999
4,z,13,"['x', 'x', 'z', 'z']",0.01,normal,100000,98637,0,0,0,0.98637,0.0,19.664294912014157,5.839212098973803
4,z,14,"['z', 'x', 'z', 'z']",1.0,normal,100000,50166,6,9,0,0.50166,0.0001196029183112568,18.54108950396767,2.7060755130369216
4,z,14,"['z', 'x', 'z', 'z']",0.1,normal,100000,93434,0,0,0,0.93434,0.0,12.444903296011034,3.5839672859874554
4,z,14,"['z', 'x', 'z', 'z']",0.01,normal,100000,99349,0,0,0,0.99349,0.0,31.50726930302335,-11.349220275995322
4,z,15,"['x', 'z', 'z', 'z']",1.0,normal,100000,24163,3,6,0,0.24163,0.000124156768613215,42.026846048014704,-23.399800199025776
4,z,15,"['x', 'z', 'z', 'z']",0.1,normal,100000,86801,0,0,0,0.86801,0.0,28.67026826995425,-14.990211850963533
4,z,15,"['x', 'z', 'z', 'z']",0.01,normal,100000,98659,0,0,0,0.98659,0.0,18.803107818006538,-8.34785063500749
4,z,16,"['z', 'z', 'z', 'z']",1.0,normal,100000,25395,0,0,0,0.25395,0.0,2.8705614890204743,0.4677788179833442
4,z,16,"['z', 'z', 'z', 'z']",0.1,normal,100000,87253,0,0,0,0.87253,0.0,0.43624363496201113,0.01064423203933984
4,z,16,"['z', 'z', 'z', 'z']",0.01,normal,100000,98667,0,0,0,0.98667,0.0,0.048531993001233786,0.0016424269997514784
4,x,2,"['x', 'x', 'x', 'x']",1.0,m1,100000,23441,4,7,0,0.23441,0.000170641184249809,30.312018021999393,1.1813026869785972
4,x,2,"['x', 'x', 'x', 'x']",0.1,m1,100000,86570,0,0,0,0.8657,0.0,5.340182789019309,0.9854955729679205
4,x,2,"['x', 'x', 'x', 'x']",0.01,m1,100000,98528,0,0,0,0.98528,0.0,0.7356553960125893,0.19073416094761342
4,x,3,"['z', 'x', 'x', 'x']",1.0,m1,100000,48729,3,6,0,0.48729,6.156498183829129e-05,23.876573354995344,1.6419683389831334
4,x,3,"['z', 'x', 'x', 'x']",0.1,m1,100000,93130,0,0,0,0.9313,0.0,3.908631559985224,0.9869639559765346
4,x,3,"['z', 'x', 'x', 'x']",0.01,m1,100000,99242,0,0,0,0.99242,0.0,0.5831068059778772,0.07892403600271791
4,x,4,"['x', 'z', 'x', 'x']",1.0,m1,100000,26597,336,633,0,0.26597,0.012633003722224312,15.668228049995378,1.9229803530033678
4,x,4,"['x', 'z', 'x', 'x']",0.1,m1,100000,87543,11,22,0,0.87543,0.00012565253646779073,11.815476057003252,3.447970887005795
4,x,4,"['x', 'z', 'x', 'x']",0.01,m1,100000,98703,0,1,0,0.98703,0.0,29.247530877008103,8.863505507993978
4,x,5,"['z', 'z', 'x', 'x']",1.0,m1,100000,71484,12,24,0,0.71484,0.0001678697330871337,14.341500884969719,2.0032255179830827
4,x,5,"['z', 'z', 'x', 'x']",0.1,m1,100000,96635,0,0,0,0.96635,0.0,3.072855909005739,0.4767332780174911
4,x,5,"['z', 'z', 'x', 'x']",0.01,m1,100000,99627,0,0,0,0.99627,0.0,0.6510806959704496,0.11432887002592906
4,x,6,"['x', 'x', 'z', 'x']",1.0,m1,100000,28734,547,1026,0,0.28734,0.019036681283496892,46.92370014998596,4.348622736055404
4,x,6,"['x', 'x', 'z', 'x']",0.1,m1,100000,88053,18,37,0,0.88053,0.00020442233654727193,53.42575922998367,14.07913973100949
4,x,6,"['x', 'x', 'z', 'x']",0.01,m1,100000,98721,0,0,0,0.98721,0.0,53.90753146703355,15.759277650970034
4,x,7,"['z', 'x', 'z', 'x']",1.0,m1,100000,50346,2002,3692,0,0.50346,0.039764827394430546,54.37908593000611,7.778961016971152
4,x,7,"['z', 'x', 'z', 'x']",0.1,m1,100000,93106,52,103,0,0.93106,0.0005585032113935018,12.513047239976004,3.7602562670363113
4,x,7,"['z', 'x', 'z', 'x']",0.01,m1,100000,99272,1,2,0,0.99272,1.0073333870597168e-05,31.658365828974638,8.840362504997756
4,x,8,"['x', 'z', 'z', 'x']",1.0,m1,100000,24407,6208,11441,0,0.24407,0.2543532593108534,15.528876591008157,1.5575813089963049
4,x,8,"['x', 'z', 'z', 'x']",0.1,m1,100000,85682,2283,4510,0,0.85682,0.02664503629700521,53.019505948992446,14.252749077044427
4,x,8,"['x', 'z', 'z', 'x']",0.01,m1,100000,98459,256,512,0,0.98459,0.002600067032978215,18.872776222997345,5.966139019001275
4,x,9,"['z', 'z', 'z', 'x']",1.0,m1,100000,100000,20,39,0,1.0,0.00019999999999997797,3.971540726022795,1.0816830130061135
4,x,9,"['z', 'z', 'z', 'x']",0.1,m1,100000,100000,0,0,0,1.0,0.0,0.4127049290109426,0.12384185794508085
4,x,9,"['z', 'z', 'z', 'x']",0.01,m1,100000,100000,0,0,0,1.0,0.0,0.13601190503686666,0.03856833896134049
4,x,10,"['x', 'x', 'x', 'z']",1.0,m1,100000,29695,894,1607,0,0.29695,0.030106078464387953,15.930939048004802,1.9342724009766243
4,x,10,"['x', 'x', 'x', 'z']",0.1,m1,100000,87588,33,66,0,0.87588,0.0003767639402657563,54.38326729403343,14.725644577934872
4,x,10,"['x', 'x', 'x', 'z']",0.01,m1,100000,98664,0,1,0,0.98664,0.0,56.96557747601764,16.92372057394823
4,x,11,"['z', 'x', 'x', 'z']",1.0,m1,100000,48788,1572,2814,0,0.48788,0.032221037960154186,19.72070982697187,9.332952936994843
4,x,11,"['z', 'x', 'x', 'z']",0.1,m1,100000,92709,30,61,0,0.92709,0.00032359317865582327,34.67832584597636,-8.522513757983688
4,x,11,"['z', 'x', 'x', 'z']",0.01,m1,100000,99221,0,1,0,0.99221,0.0,19.876563751953654,16.9673835390131
4,x,12,"['x', 'z', 'x', 'z']",1.0,m1,100000,20390,4613,8636,0,0.2039,0.2262383521333987,43.89083274098812,3.7405984129873104
4,x,12,"['x', 'z', 'x', 'z']",0.1,m1,100000,84670,2158,4275,0,0.8467,0.02548718554387619,54.58731132699177,14.800742827006616
4,x,12,"['x', 'z', 'x', 'z']",0.01,m1,100000,98344,252,504,0,0.98344,0.002562433905474615,56.16154905501753,17.117190352990292
4,x,13,"['z', 'z', 'x', 'z']",1.0,m1,100000,69613,1566,2734,0,0.69613,0.02249579819861236,51.194303892960306,9.315680875035468
4,x,13,"['z', 'z', 'x', 'z']",0.1,m1,100000,96342,21,42,0,0.96342,0.00021797346951479835,34.62662842305144,6.750448588980362
4,x,13,"['z', 'z', 'x', 'z']",0.01,m1,100000,99630,0,0,0,0.9963,0.0,10.838131782016717,3.523155727016274
4,x,14,"['x', 'x', 'z', 'z']",1.0,m1,100000,28241,6310,11267,0,0.28241,0.22343401437626143,16.113195273966994,1.8963907710276544
4,x,14,"['x', 'x', 'z', 'z']",0.1,m1,100000,88006,2367,4656,0,0.88006,0.026895893461809428,55.08273054601159,15.156244757992681
4,x,14,"['x', 'x', 'z', 'z']",0.01,m1,100000,98743,278,556,0,0.98743,0.002815389445327776,19.795841565006413,6.24436454300303
4,x,15,"['z', 'x', 'z', 'z']",1.0,m1,100000,45929,8905,14334,0,0.45929,0.19388621568072462,56.44741615501698,7.940380788990296
4,x,15,"['z', 'x', 'z', 'z']",0.1,m1,100000,92641,2130,4159,0,0.92641,0.02299197979296419,57.9230412869947,15.589719587005675
4,x,15,"['z', 'x', 'z', 'z']",0.01,m1,100000,99184,236,472,0,0.99184,0.0023794160348443727,19.934983793995343,9.269913766998798
4,x,16,"['x', 'z', 'z', 'z']",1.0,m1,100000,22962,7734,0,0,0.22962,0.33681735040501704,45.33739376097219,4.215622755000368
4,x,16,"['x', 'z', 'z', 'z']",0.1,m1,100000,86522,4551,0,0,0.86522,0.05259933889646562,49.85498732398264,20.651256160985213
4,x,16,"['x', 'z', 'z', 'z']",0.01,m1,100000,98544,509,0,0,0.98544,0.005165205390485483,19.369848647969775,7.622113725054078
4,z,2,"['z', 'x', 'x', 'x']",1.0,m1,100000,48729,10712,16917,0,0.48729,0.2198280284840649,56.7245866379817,8.724970235023648
4,z,2,"['z', 'x', 'x', 'x']",0.1,m1,100000,93130,2566,4995,0,0.9313,0.027552883066681022,20.707870473968796,5.727494740043767
4,z,2,"['z', 'x', 'x', 'x']",0.01,m1,100000,99242,282,562,0,0.99242,0.0028415388645935957,57.57445372501388,16.723198873980436
4,z,3,"['x', 'z', 'x', 'x']",1.0,m1,100000,26597,5980,10663,0,0.26597,0.2248373876753017,45.956346998980734,4.880117078020703
4,z,3,"['x', 'z', 'x', 'x']",0.1,m1,100000,87543,2471,4894,0,0.87543,0.028226128873810596,19.20005195401609,5.605392667988781
4,z,3,"['x', 'z', 'x', 'x']",0.01,m1,100000,98707,293,586,0,0.98707,0.002968381168508838,19.735006436996628,6.318595524993725
4,z,4,"['z', 'z', 'x', 'x']",1.0,m1,100000,71484,2407,4150,0,0.71484,0.033671870628392386,51.87529810896376,9.771195343055297
4,z,4,"['z', 'z', 'x', 'x']",0.1,m1,100000,96635,38,75,0,0.96635,0.00039323226574217163,34.78724349098047,9.220612894045189
4,z,4,"['z', 'z', 'x', 'x']",0.01,m1,100000,99644,0,0,0,0.99644,0.0,31.43613013997674,8.599788241030183
4,z,5,"['x', 'x', 'z', 'x']",1.0,m1,100000,28734,6198,11668,0,0.28734,0.21570265191062854,16.234420387947466,1.8081528140464798
4,z,5,"['x', 'x', 'z', 'x']",0.1,m1,100000,88053,2279,4526,0,0.88053,0.02588213916618398,55.19617185200332,15.470624903973658
4,z,5,"['x', 'x', 'z', 'x']",0.01,m1,100000,98719,252,505,0,0.98719,0.002552700088128912,19.88613701000577,40.950956573011354
4,z,6,"['z', 'x', 'z', 'x']",1.0,m1,100000,50346,2108,3762,0,0.50346,0.041870257815913914,33.359323608048726,-9.99748821608955
4,z,6,"['z', 'x', 'z', 'x']",0.1,m1,100000,93106,40,81,0,0.93106,0.0004296178549180185,20.274366630997974,6.300333597988356
4,z,6,"['z', 'x', 'z', 'x']",0.01,m1,100000,99272,0,1,0,0.99272,0.0,57.58726966503309,16.195443901990075
4,z,7,"['x', 'z', 'z', 'x']",1.0,m1,100000,24407,875,1556,0,0.24407,0.03585037079526365,44.06322109798202,4.33257153298473
4,z,7,"['x', 'z', 'z', 'x']",0.1,m1,100000,85682,30,59,0,0.85682,0.0003501318830092526,55.628850663022604,14.870142377971206
4,z,7,"['x', 'z', 'z', 'x']",0.01,m1,100000,98418,0,0,0,0.98418,0.0,55.60903671599226,16.393481122970115
4,z,8,"['z', 'z', 'z', 'x']",1.0,m1,100000,100000,14,25,0,1.0,0.000140000000000029,3.844812961993739,1.0390667199972086
4,z,8,"['z', 'z', 'z', 'x']",0.1,m1,100000,100000,0,0,0,1.0,0.0,1.2123186209937558,0.32422697701258585
4,z,8,"['z', 'z', 'z', 'x']",0.01,m1,100000,100000,0,0,0,1.0,0.0,0.392813760030549,0.10384446999523789
4,z,9,"['x', 'x', 'x', 'z']",1.0,m1,100000,29695,6881,12796,0,0.29695,0.23172251220744233,45.258576455002185,5.2515415829839185
4,z,9,"['x', 'x', 'x', 'z']",0.1,m1,100000,87588,2142,4243,0,0.87588,0.024455404849979434,18.587932936963625,5.516900869028177
4,z,9,"['x', 'x', 'x', 'z']",0.01,m1,100000,98664,243,486,0,0.98664,0.0024629044028217084,18.785551739973016,6.137023593008053
4,z,10,"['z', 'x', 'x', 'z']",1.0,m1,100000,48594,1411,2656,0,0.48594,0.029036506564596443,53.62540518102469,6.29119371494744
4,z,10,"['z', 'x', 'x', 'z']",0.1,m1,100000,92694,28,55,0,0.92694,0.000302069173840791,36.59437161299866,0.9367667330079712
4,z,10,"['z', 'x', 'x', 'z']",0.01,m1,100000,99237,0,0,0,0.99237,0.0,11.016995337966364,3.455243174044881
4,z,11,"['x', 'z', 'x', 'z']",1.0,m1,100000,20390,406,755,0,0.2039,0.019911721432074536,15.303660798992496,1.3126118819927797
4,z,11,"['x', 'z', 'x', 'z']",0.1,m1,100000,84670,9,18,0,0.8467,0.00010629502775483246,53.0153381130076,-17.66772301698802
4,z,11,"['x', 'z', 'x', 'z']",0.01,m1,100000,98344,0,0,0,0.98344,0.0,53.97061533998931,-29.28988059097901
4,z,12,"['z', 'z', 'x', 'z']",1.0,m1,100000,66940,4,7,0,0.6694,5.975500448163196e-05,4.762634937011171,0.5812798799597658
4,z,12,"['z', 'z', 'x', 'z']",0.1,m1,100000,95936,0,0,0,0.95936,0.0,1.0027777809882537,0.17231523100053892
4,z,12,"['z', 'z', 'x', 'z']",0.01,m1,100000,99598,0,0,0,0.99598,0.0,0.20971094199921936,0.03886261599836871
4,z,13,"['x', 'x', 'z', 'z']",1.0,m1,100000,28241,320,623,0,0.28241,0.011331043518289063,24.879898227984086,6.018385858973488
4,z,13,"['x', 'x', 'z', 'z']",0.1,m1,100000,88006,15,30,0,0.88006,0.00017044292434609254,12.087826413975563,3.100394074979704
4,z,13,"['x', 'x', 'z', 'z']",0.01,m1,100000,98775,0,0,0,0.98775,0.0,28.751828496984672,-13.625166919955518
4,z,14,"['z', 'x', 'z', 'z']",1.0,m1,100000,45929,4,6,0,0.45929,8.709094471903711e-05,23.27076073299395,-14.029095866018906
4,z,14,"['z', 'x', 'z', 'z']",0.1,m1,100000,92641,0,0,0,0.92641,0.0,1.4883881529676728,0.1699208440259099
4,z,14,"['z', 'x', 'z', 'z']",0.01,m1,100000,99184,0,0,0,0.99184,0.0,0.29033056600019336,0.04094164603156969
4,z,15,"['x', 'z', 'z', 'z']",1.0,m1,100000,21916,2,4,0,0.21916,9.125752874616921e-05,15.918886466999538,1.257746279006824
4,z,15,"['x', 'z', 'z', 'z']",0.1,m1,100000,86114,0,0,0,0.86114,0.0,5.6160847649443895,0.39124478405574337
4,z,15,"['x', 'z', 'z', 'z']",0.01,m1,100000,98497,0,0,0,0.98497,0.0,0.344584743026644,0.034460612980183214
4,z,16,"['z', 'z', 'z', 'z']",1.0,m1,100000,21852,0,0,0,0.21852,0.0,3.9824350620037876,-0.14608029695227742
4,z,16,"['z', 'z', 'z', 'z']",0.1,m1,100000,86000,0,0,0,0.86,0.0,0.555688591033686,0.011320434976369143
4,z,16,"['z', 'z', 'z', 'z']",0.01,m1,100000,98498,0,0,0,0.98498,0.0,0.05099217896349728,0.0016386620700359344
4,x,2,"['x', 'x', 'x', 'x']",1.0,m2,100000,23441,4,7,31995,0.34469524299683846,0.000170641184249809,20.94389329099795,1.0134164940100163
4,x,2,"['x', 'x', 'x', 'x']",0.1,m2,100000,86570,0,0,3802,0.8999147591426018,0.0,4.774301404017024,0.6451170859509148
4,x,2,"['x', 'x', 'x', 'x']",0.01,m2,100000,98528,0,0,414,0.989376016709176,0.0,0.7243998170015402,0.2938068730290979
4,x,3,"['z', 'x', 'x', 'x']",1.0,m2,100000,48729,3,6,29088,0.68717565433213,6.156498183829129e-05,13.56007949297782,1.4654539430048317
4,x,3,"['z', 'x', 'x', 'x']",0.1,m2,100000,93130,0,0,3460,0.9646778537393826,0.0,3.021340975014027,0.6319985599839129
4,x,3,"['z', 'x', 'x', 'x']",0.01,m2,100000,99242,0,0,369,0.9960955927372003,0.0,0.474326417024713,0.25718869897536933
4,x,4,"['x', 'z', 'x', 'x']",1.0,m2,100000,26597,336,633,30330,0.38175685373905555,0.012633003722224312,35.480795875017066,4.142319044971373
4,x,4,"['x', 'z', 'x', 'x']",0.1,m2,100000,87543,11,22,3653,0.9086219602063376,0.00012565253646779073,11.808958989975508,3.1515484130359255
4,x,4,"['x', 'z', 'x', 'x']",0.01,m2,100000,98703,0,1,403,0.991023826018856,0.0,10.32982504699612,3.268666142015718
4,x,5,"['z', 'z', 'x', 'x']",1.0,m2,100000,71484,12,24,28516,1.0,0.0001678697330871337,5.740816760982852,1.7409138010116294
4,x,5,"['z', 'z', 'x', 'x']",0.1,m2,100000,96635,0,0,3365,1.0,0.0,1.7771486709825695,0.4466238290187903
4,x,5,"['z', 'z', 'x', 'x']",0.01,m2,100000,99627,0,0,373,1.0,0.0,0.4227093569934368,0.11253003700403497
4,x,6,"['x', 'x', 'z', 'x']",1.0,m2,100000,28734,547,1026,29056,0.4050236806495264,0.019036681283496892,37.3003467489616,4.800013225059956
4,x,6,"['x', 'x', 'z', 'x']",0.1,m2,100000,88053,18,37,3413,0.9116444241978734,0.00020442233654727193,52.40344567899592,14.168807597015984
4,x,6,"['x', 'x', 'z', 'x']",0.01,m2,100000,98721,0,0,350,0.9906773707977923,0.0,53.78146990801906,15.748469154001214
4,x,7,"['z', 'x', 'z', 'x']",1.0,m2,100000,50346,2002,3692,26883,0.688567638168962,0.039764827394430546,41.30110833898652,7.581994547974318
4,x,7,"['z', 'x', 'z', 'x']",0.1,m2,100000,93106,52,103,3179,0.9616302248479153,0.0005585032113935018,34.85797677899245,8.989336950995494
4,x,7,"['z', 'x', 'z', 'x']",0.01,m2,100000,99272,1,2,337,0.9960767787443685,1.0073333870597168e-05,11.097967278037686,3.4820437959278934
4,x,8,"['x', 'z', 'z', 'x']",1.0,m2,100000,24407,6208,11441,35206,0.37668611291168935,0.2543532593108534,11.558575693983585,1.6634087670245208
4,x,8,"['x', 'z', 'z', 'x']",0.1,m2,100000,85682,2283,4510,4364,0.8959178552009703,0.02664503629700521,51.7775582120521,14.55900185595965
4,x,8,"['x', 'z', 'z', 'x']",0.01,m2,100000,98459,256,512,440,0.9889413419043793,0.002600067032978215,54.39375487703364,10.946289411978796
4,x,9,"['z', 'z', 'z', 'x']",1.0,m2,100000,100000,20,39,0,1.0,0.00019999999999997797,1.3413318219827488,0.4093074930133298
4,x,9,"['z', 'z', 'z', 'x']",0.1,m2,100000,100000,0,0,0,1.0,0.0,0.4263171969796531,0.12440703599713743
4,x,9,"['z', 'z', 'z', 'x']",0.01,m2,100000,100000,0,0,0,1.0,0.0,0.14107011101441458,0.0429549110122025
4,x,10,"['x', 'x', 'x', 'z']",1.0,m2,100000,29695,894,1607,31139,0.4312310306269151,0.030106078464387953,12.387954924022779,2.013987969025038
4,x,10,"['x', 'x', 'x', 'z']",0.1,m2,100000,87588,33,66,3727,0.9097877909694306,0.0003767639402657563,18.758204676036257,5.214748692989815
4,x,10,"['x', 'x', 'x', 'z']",0.01,m2,100000,98664,0,1,406,0.990662088077595,0.0,55.53112881799461,16.256632849981543
4,x,11,"['z', 'x', 'x', 'z']",1.0,m2,100000,48788,1572,2814,27472,0.6726781380983896,0.032221037960154186,15.076381099992432,3.3107291550259106
4,x,11,"['z', 'x', 'x', 'z']",0.1,m2,100000,92709,30,61,3229,0.9580246148122888,0.00032359317865582327,56.33550165902125,15.240530091978144
4,x,11,"['z', 'x', 'x', 'z']",0.01,m2,100000,99221,0,1,341,0.9956050130946528,0.0,57.78027153003495,15.929937092005275
4,x,12,"['x', 'z', 'x', 'z']",1.0,m2,100000,20390,4613,8636,36675,0.32198973549151205,0.2262383521333987,11.529935613973066,1.4096605400554836
4,x,12,"['x', 'z', 'x', 'z']",0.1,m2,100000,84670,2158,4275,4681,0.8882804057952769,0.02548718554387619,53.380405022006016,1.4400459669413976
4,x,12,"['x', 'z', 'x', 'z']",0.01,m2,100000,98344,252,504,469,0.9880740673759935,0.002562433905474615,19.528534196026158,6.272934141976293
4,x,13,"['z', 'z', 'x', 'z']",1.0,m2,100000,69613,1566,2734,30387,1.0,0.02249579819861236,11.540800064976793,3.7782634629984386
4,x,13,"['z', 'z', 'x', 'z']",0.1,m2,100000,96342,21,42,3658,1.0,0.00021797346951479835,32.15577450301498,8.867372284992598
4,x,13,"['z', 'z', 'x', 'z']",0.01,m2,100000,99630,0,0,370,1.0,0.0,31.10390686802566,8.625770181010012
4,x,14,"['x', 'x', 'z', 'z']",1.0,m2,100000,28241,6310,11267,30699,0.40751215711173,0.22343401437626143,36.23461609100923,5.0883849679958075
4,x,14,"['x', 'x', 'z', 'z']",0.1,m2,100000,88006,2367,4656,3723,0.9140916314384536,0.026895893461809428,18.892825515998993,6.841080933983903
4,x,14,"['x', 'x', 'z', 'z']",0.01,m2,100000,98743,278,556,395,0.9913458159730937,0.002815389445327776,26.9757594219991,-0.8500416509923525
4,x,15,"['z', 'x', 'z', 'z']",1.0,m2,100000,45929,8905,14334,29933,0.6555011631723922,0.19388621568072462,22.926155592955183,27.837061585043557
4,x,15,"['z', 'x', 'z', 'z']",0.1,m2,100000,92641,2130,4159,3577,0.9607769930410794,0.02299197979296419,38.40273425303167,33.37583379592979
4,x,15,"['z', 'x', 'z', 'z']",0.01,m2,100000,99184,236,472,382,0.9956433576261319,0.0023794160348443727,57.686142152000684,16.56471100298222
4,x,16,"['x', 'z', 'z', 'z']",1.0,m2,100000,22962,7734,0,35280,0.3547898640296663,0.33681735040501704,33.646544875984546,4.083154394989833
4,x,16,"['x', 'z', 'z', 'z']",0.1,m2,100000,86522,4551,0,4346,0.9045309135007422,0.05259933889646562,53.18894107697997,15.3694752890151
4,x,16,"['x', 'z', 'z', 'z']",0.01,m2,100000,98544,509,0,429,0.9896857518755461,0.005165205390485483,19.341820392000955,6.567529744002968
4,z,2,"['z', 'x', 'x', 'x']",1.0,m2,100000,48729,10712,16917,29088,0.68717565433213,0.2198280284840649,42.60638355300762,8.485954681003932
4,z,2,"['z', 'x', 'x', 'x']",0.1,m2,100000,93130,2566,4995,3460,0.9646778537393826,0.027552883066681022,19.593472320004366,6.306829494016711
4,z,2,"['z', 'x', 'x', 'x']",0.01,m2,100000,99242,282,562,369,0.9960955927372003,0.0028415388645935957,57.80615961999865,16.676043895015027
4,z,3,"['x', 'z', 'x', 'x']",1.0,m2,100000,26597,5980,10663,30330,0.38175685373905555,0.2248373876753017,36.44123509404017,4.658071337966248
4,z,3,"['x', 'z', 'x', 'x']",0.1,m2,100000,87543,2471,4894,3653,0.9086219602063376,0.028226128873810596,54.484681995003484,15.62104504997842
4,z,3,"['x', 'z', 'x', 'x']",0.01,m2,100000,98707,293,586,361,0.9906462329007718,0.002968381168508838,19.52787171897944,6.27683759003412
4,z,4,"['z', 'z', 'x', 'x']",1.0,m2,100000,71484,2407,4150,28516,1.0,0.033671870628392386,12.222569187986664,3.8833235889906064
4,z,4,"['z', 'z', 'x', 'x']",0.1,m2,100000,96635,38,75,3365,1.0,0.00039323226574217163,32.46539552102331,9.166438025946263
4,z,4,"['z', 'z', 'x', 'x']",0.01,m2,100000,99644,0,0,356,1.0,0.0,10.818141847965308,3.418263817031402
4,z,5,"['x', 'x', 'z', 'x']",1.0,m2,100000,28734,6198,11668,29056,0.4050236806495264,0.21570265191062854,13.005335746973287,1.835300909995567
4,z,5,"['x', 'x', 'z', 'x']",0.1,m2,100000,88053,2279,4526,3413,0.9116444241978734,0.02588213916618398,54.13119284098502,15.275701728998683
4,z,5,"['x', 'x', 'z', 'x']",0.01,m2,100000,98719,252,505,357,0.9907268950152043,0.002552700088128912,56.43085973005509,17.13219831493916
4,z,6,"['z', 'x', 'z', 'x']",1.0,m2,100000,50346,2108,3762,26883,0.688567638168962,0.041870257815913914,44.107571466010995,8.495257613016292
4,z,6,"['z', 'x', 'z', 'x']",0.1,m2,100000,93106,40,81,3179,0.9616302248479153,0.0004296178549180185,19.771821572969202,6.012021186063066
4,z,6,"['z', 'x', 'z', 'x']",0.01,m2,100000,99272,0,1,337,0.9960767787443685,0.0,57.77361768204719,15.790564411960077
4,z,7,"['x', 'z', 'z', 'x']",1.0,m2,100000,24407,875,1556,35206,0.37668611291168935,0.03585037079526365,11.578563629998825,1.5683836769894697
4,z,7,"['x', 'z', 'z', 'x']",0.1,m2,100000,85682,30,59,4364,0.8959178552009703,0.0003501318830092526,53.1609637280344,14.191512716934085
4,z,7,"['x', 'z', 'z', 'x']",0.01,m2,100000,98418,0,0,470,0.9888274891992365,0.0,55.507271754031535,15.744881641992833
4,z,8,"['z', 'z', 'z', 'x']",1.0,m2,100000,100000,14,25,0,1.0,0.000140000000000029,1.321479381993413,0.3942869029706344
4,z,8,"['z', 'z', 'z', 'x']",0.1,m2,100000,100000,0,0,0,1.0,0.0,0.41765853203833103,0.13167187792714685
4,z,8,"['z', 'z', 'z', 'x']",0.01,m2,100000,100000,0,0,0,1.0,0.0,0.39462887996342033,0.10657827404793352
4,z,9,"['x', 'x', 'x', 'z']",1.0,m2,100000,29695,6881,12796,31139,0.4312310306269151,0.23172251220744233,12.46017346199369,1.8865793090080842
4,z,9,"['x', 'x', 'x', 'z']",0.1,m2,100000,87588,2142,4243,3727,0.9097877909694306,0.024455404849979434,18.423491863999516,5.35346340900287
4,z,9,"['x', 'x', 'x', 'z']",0.01,m2,100000,98664,243,486,406,0.990662088077595,0.0024629044028217084,53.76093144802144,14.665717711963225
4,z,10,"['z', 'x', 'x', 'z']",1.0,m2,100000,48594,1411,2656,28439,0.6790570282695881,0.029036506564596443,40.156808171013836,-16.184519974980503
4,z,10,"['z', 'x', 'x', 'z']",0.1,m2,100000,92694,28,55,3378,0.9593467326281799,0.000302069173840791,11.82149737002328,3.562840503989719
4,z,10,"['z', 'x', 'x', 'z']",0.01,m2,100000,99237,0,0,364,0.9959954233409611,0.0,10.889369856042322,3.4053928919602185
4,z,11,"['x', 'z', 'x', 'z']",1.0,m2,100000,20390,406,755,36675,0.32198973549151205,0.019911721432074536,32.57601649395656,3.1625956800417043
4,z,11,"['x', 'z', 'x', 'z']",0.1,m2,100000,84670,9,18,4681,0.8882804057952769,0.00010629502775483246,48.01919619803084,-20.881483846053015
4,z,11,"['x', 'z', 'x', 'z']",0.01,m2,100000,98344,0,0,469,0.9880740673759935,0.0,18.65728276700247,5.6867448320263065
4,z,12,"['z', 'z', 'x', 'z']",1.0,m2,100000,66940,4,7,33060,1.0,5.975500448163196e-05,1.6563245540019125,0.48752280802000314
4,z,12,"['z', 'z', 'x', 'z']",0.1,m2,100000,95936,0,0,4064,1.0,0.0,1.5212066670064814,0.4081295700161718
4,z,12,"['z', 'z', 'x', 'z']",0.01,m2,100000,99598,0,0,402,1.0,0.0,0.3672567320172675,0.0953069250099361
4,z,13,"['x', 'x', 'z', 'z']",1.0,m2,100000,28241,320,623,30699,0.40751215711173,0.011331043518289063,12.249538307019975,1.6691464110044762
4,z,13,"['x', 'x', 'z', 'z']",0.1,m2,100000,88006,15,30,3723,0.9140916314384536,0.00017044292434609254,33.21132859401405,-11.223982488038018
4,z,13,"['x', 'x', 'z', 'z']",0.01,m2,100000,98775,0,0,377,0.9914879094185077,0.0,29.525897654995788,-14.037292016029824
4,z,14,"['z', 'x', 'z', 'z']",1.0,m2,100000,45929,4,6,29933,0.6555011631723922,8.709094471903711e-05,13.30466989002889,-0.1580434400239028
4,z,14,"['z', 'x', 'z', 'z']",0.1,m2,100000,92641,0,0,3577,0.9607769930410794,0.0,1.092940828006249,0.2126272739842534
4,z,14,"['z', 'x', 'z', 'z']",0.01,m2,100000,99184,0,0,382,0.9956433576261319,0.0,0.6519897399703041,0.11148005101131275
4,z,15,"['x', 'z', 'z', 'z']",1.0,m2,100000,21916,2,4,36173,0.3433656603004998,9.125752874616921e-05,16.052392580953892,-10.3253178379382
4,z,15,"['x', 'z', 'z', 'z']",0.1,m2,100000,86114,0,0,4475,0.9014812876210416,0.0,1.6071760519989766,0.16261338599724695
4,z,15,"['x', 'z', 'z', 'z']",0.01,m2,100000,98497,0,0,442,0.9893428955985456,0.0,0.30510366504313424,0.031338626984506845
4,z,16,"['z', 'z', 'z', 'z']",1.0,m2,100000,21852,0,0,40878,0.36960860593349343,0.0,1.8520461250445805,0.012733071926049888
4,z,16,"['z', 'z', 'z', 'z']",0.1,m2,100000,86000,0,0,5448,0.9095524156019967,0.0,0.13009395700646564,-0.002306176000274718
4,z,16,"['z', 'z', 'z', 'z']",0.01,m2,100000,98498,0,0,563,0.9905568349809427,0.0,0.01377716800197959,0.001228388980962336
5,x,2,"['x', 'x', 'x', 'x', 'x']",1.0,normal,100000,53,0,0,0,0.00053,0.0,60.601999838021584,0.8137226739781909
5,x,2,"['x', 'x', 'x', 'x', 'x']",0.1,normal,100000,47618,0,0,0,0.47618,0.0,105.23676439101109,14.645712303987239
5,x,2,"['x', 'x', 'x', 'x', 'x']",0.01,normal,100000,92871,0,0,0,0.92871,0.0,122.78015830199001,-39.601234297966585
5,x,3,"['z', 'x', 'x', 'x', 'x']",1.0,normal,100000,4048,0,0,0,0.04048,0.0,97.264355383988,1.5770560770179145
5,x,3,"['z', 'x', 'x', 'x', 'x']",0.1,normal,100000,72571,0,0,0,0.72571,0.0,124.49445161904441,22.52757297892822
5,x,3,"['z', 'x', 'x', 'x', 'x']",0.01,normal,100000,96804,0,0,0,0.96804,0.0,44.663871783996,11.026019329961855
5,x,4,"['x', 'z', 'x', 'x', 'x']",1.0,normal,100000,97,0,1,0,0.00097,0.0,67.18277844798286,0.7928525960305706
5,x,4,"['x', 'z', 'x', 'x', 'x']",0.1,normal,100000,49359,0,0,0,0.49359,0.0,108.11046748899389,15.551394796988461
5,x,4,"['x', 'z', 'x', 'x', 'x']",0.01,normal,100000,93076,0,0,0,0.93076,0.0,42.74548657296691,11.186702614009846
5,x,5,"['z', 'z', 'x', 'x', 'x']",1.0,normal,100000,856,0,0,0,0.00856,0.0,112.63776656799018,0.5737562249996699
5,x,5,"['z', 'z', 'x', 'x', 'x']",0.1,normal,100000,63763,0,0,0,0.63763,0.0,44.09499324898934,48.44851878902409
5,x,5,"['z', 'z', 'x', 'x', 'x']",0.01,normal,100000,95695,0,0,0,0.95695,0.0,44.778799936990254,10.562642669014167
5,x,6,"['x', 'x', 'z', 'x', 'x']",1.0,normal,100000,6,0,0,0,6e-05,0.0,57.62743839295581,0.12080786208389327
5,x,6,"['x', 'x', 'z', 'x', 'x']",0.1,normal,100000,37847,0,0,0,0.37847,0.0,100.87640990299406,11.152978435042314
5,x,6,"['x', 'x', 'z', 'x', 'x']",0.01,normal,100000,90713,0,0,0,0.90713,0.0,57.81238866801141,-5.171554957982153
5,x,7,"['z', 'x', 'z', 'x', 'x']",1.0,normal,100000,2068,2,3,0,0.02068,0.0009671179883945502,62.46785578597337,34.51470184704522
5,x,7,"['z', 'x', 'z', 'x', 'x']",0.1,normal,100000,66964,0,0,0,0.66964,0.0,43.22338171699084,7.633838549023494
5,x,7,"['z', 'x', 'z', 'x', 'x']",0.01,normal,100000,95986,0,0,0,0.95986,0.0,128.60371142299846,28.91218820103677
5,x,8,"['x', 'z', 'z', 'x', 'x']",1.0,normal,100000,38,6,7,0,0.00038,0.1578947368421053,65.10577349801315,-0.1971940950024873
5,x,8,"['x', 'z', 'z', 'x', 'x']",0.1,normal,100000,41788,40,79,0,0.41788,0.0009572125969177225,107.2099760210258,13.110914301942103
5,x,8,"['x', 'z', 'z', 'x', 'x']",0.01,normal,100000,91624,0,0,0,0.91624,0.0,123.4597034130129,27.813318339991383
5,x,9,"['z', 'z', 'z', 'x', 'x']",1.0,normal,100000,25336,0,0,0,0.25336,0.0,128.092424138973,7.405281642044429
5,x,9,"['z', 'z', 'z', 'x', 'x']",0.1,normal,100000,86109,0,0,0,0.86109,0.0,104.50672394101275,-50.64555015799124
5,x,9,"['z', 'z', 'z', 'x', 'x']",0.01,normal,100000,98517,0,0,0,0.98517,0.0,44.64576460100943,43.562155915016774
5,x,10,"['x', 'x', 'x', 'z', 'x']",1.0,normal,100000,63,1,2,0,0.00063,0.015873015873015928,22.055440656025894,0.20347385993227363
5,x,10,"['x', 'x', 'x', 'z', 'x']",0.1,normal,100000,44082,0,0,0,0.44082,0.0,106.05549164902186,13.15176628192421
5,x,10,"['x', 'x', 'x', 'z', 'x']",0.01,normal,100000,92120,0,0,0,0.9212,0.0,43.40351681597531,75.39271834201645
5,x,11,"['z', 'x', 'x', 'z', 'x']",1.0,normal,100000,3324,8,15,0,0.03324,0.002406738868832692,95.66697224701056,0.7300883050193079
5,x,11,"['z', 'x', 'x', 'z', 'x']",0.1,normal,100000,70523,0,0,0,0.70523,0.0,123.2317865009536,21.237715555063915
5,x,11,"['z', 'x', 'x', 'z', 'x']",0.01,normal,100000,96476,0,0,0,0.96476,0.0,45.00049939996097,11.081591419060715
5,x,12,"['x', 'z', 'x', 'z', 'x']",1.0,normal,100000,194,22,40,0,0.00194,0.11340206185567014,23.73251858103322,0.1545758429565467
5,x,12,"['x', 'z', 'x', 'z', 'x']",0.1,normal,100000,52849,55,108,0,0.52849,0.0010407008647278504,109.21596055297414,16.62278432806488
5,x,12,"['x', 'z', 'x', 'z', 'x']",0.01,normal,100000,93843,2,3,0,0.93843,2.1312191639255573e-05,43.52506776404334,58.289322574972175
5,x,13,"['z', 'z', 'x', 'z', 'x']",1.0,normal,100000,12193,74,128,0,0.12193,0.006069056015746699,117.53767334501026,3.5800989430281334
5,x,13,"['z', 'z', 'x', 'z', 'x']",0.1,normal,100000,79238,0,0,0,0.79238,0.0,127.44018528901506,23.82873202400515
5,x,13,"['z', 'z', 'x', 'z', 'x']",0.01,normal,100000,97650,0,0,0,0.9765,0.0,129.28304013301386,29.283492251939606
5,x,14,"['x', 'x', 'z', 'z', 'x']",1.0,normal,100000,135,32,56,0,0.00135,0.23703703703703705,48.05700489599258,-25.01611863798462
5,x,14,"['x', 'x', 'z', 'z', 'x']",0.1,normal,100000,48275,124,242,0,0.48275,0.0025686172967374077,38.090470446972176,5.430813313985709
5,x,14,"['x', 'x', 'z', 'z', 'x']",0.01,normal,100000,92889,2,3,0,0.92889,2.1531074723579735e-05,123.89901344000828,28.54167798999697
5,x,15,"['z', 'x', 'z', 'z', 'x']",1.0,normal,100000,3248,796,1218,0,0.03248,0.24507389162561577,97.61611188895768,0.928544900030829
5,x,15,"['z', 'x', 'z', 'z', 'x']",0.1,normal,100000,65754,215,404,0,0.65754,0.0032697630562399382,43.342937489040196,7.751512263959739
5,x,15,"['z', 'x', 'z', 'z', 'x']",0.01,normal,100000,95792,2,3,0,0.95792,2.0878570235471905e-05,45.27398883999558,11.194437621044926
5,x,16,"['x', 'z', 'z', 'z', 'x']",1.0,normal,100000,212,112,189,0,0.00212,0.5283018867924528,65.61666165699717,-18.592469580995385
5,x,16,"['x', 'z', 'z', 'z', 'x']",0.1,normal,100000,43411,4272,7575,0,0.43411,0.09840823754347972,107.7704180579749,13.82219731202349
5,x,16,"['x', 'z', 'z', 'z', 'x']",0.01,normal,100000,91464,748,1471,0,0.91464,0.008178080993614945,43.426743963966146,10.414834431081545
5,x,17,"['z', 'z', 'z', 'z', 'x']",1.0,normal,100000,100000,2,2,0,1.0,2.0000000000020002e-05,127.54929387301672,29.642517298983876
5,x,17,"['z', 'z', 'z', 'z', 'x']",0.1,normal,100000,100000,0,0,0,1.0,0.0,101.61924595903838,-32.62020802608458
5,x,17,"['z', 'z', 'z', 'z', 'x']",0.01,normal,100000,100000,0,0,0,1.0,0.0,44.10066703701159,11.116111562994774
5,x,18,"['x', 'x', 'x', 'x', 'z']",1.0,normal,100000,67,2,3,0,0.00067,0.02985074626865669,56.84145125100622,0.3068023619707674
5,x,18,"['x', 'x', 'x', 'x', 'z']",0.1,normal,100000,41584,0,0,0,0.41584,0.0,102.13426637003431,12.327179359970614
5,x,18,"['x', 'x', 'x', 'x', 'z']",0.01,normal,100000,91470,0,0,0,0.9147,0.0,45.07000292604789,73.07493471592898
5,x,19,"['z', 'x', 'x', 'x', 'z']",1.0,normal,100000,2839,22,38,0,0.02839,0.00774920746741814,94.13590500399005,0.5285661939997226
5,x,19,"['z', 'x', 'x', 'x', 'z']",0.1,normal,100000,67427,0,0,0,0.67427,0.0,122.4472049229662,20.093248102988582
5,x,19,"['z', 'x', 'x', 'x', 'z']",0.01,normal,100000,96043,0,0,0,0.96043,0.0,129.06329554098193,28.232213417009916
5,x,20,"['x', 'z', 'x', 'x', 'z']",1.0,normal,100000,49,11,20,0,0.00049,0.22448979591836737,21.995202736987267,-0.03697165701305494
5,x,20,"['x', 'z', 'x', 'x', 'z']",0.1,normal,100000,41962,87,166,0,0.41962,0.0020733044182832394,104.62455254897941,12.528239633014891
5,x,20,"['x', 'z', 'x', 'x', 'z']",0.01,normal,100000,91532,2,5,0,0.91532,2.1850281868629473e-05,123.03522824496031,27.811069671006408
5,x,21,"['z', 'z', 'x', 'x', 'z']",1.0,normal,100000,12114,69,120,0,0.12114,0.005695889053987102,39.7732871149783,1.9441618140554056
5,x,21,"['z', 'z', 'x', 'x', 'z']",0.1,normal,100000,79634,0,0,0,0.79634,0.0,44.03595818200847,9.170655157940928
5,x,21,"['z', 'z', 'x', 'x', 'z']",0.01,normal,100000,97714,0,0,0,0.97714,0.0,111.34830144402804,-55.44326755305519
5,x,22,"['x', 'x', 'z', 'x', 'z']",1.0,normal,100000,146,28,46,0,0.00146,0.1917808219178082,23.1959802719648,0.03200358705362305
5,x,22,"['x', 'x', 'z', 'x', 'z']",0.1,normal,100000,50462,130,251,0,0.50462,0.0025761959494272624,108.21172524697613,15.706077036971692
5,x,22,"['x', 'x', 'z', 'x', 'z']",0.01,normal,100000,93459,1,2,0,0.93459,1.0699879091413678e-05,123.5788150880253,28.80440850695595
5,x,23,"['z', 'x', 'z', 'x', 'z']",1.0,normal,100000,1962,326,537,0,0.01962,0.1661569826707442,33.708885150030255,13.089898598962463
5,x,23,"['z', 'x', 'z', 'x', 'z']",0.1,normal,100000,65395,157,310,0,0.65395,0.0024007951678263195,122.6322783639771,20.385822230018675
5,x,23,"['z', 'x', 'z', 'x', 'z']",0.01,normal,100000,95749,0,1,0,0.95749,0.0,44.95481403497979,93.64363461901667
5,x,24,"['x', 'z', 'z', 'x', 'z']",1.0,normal,100000,129,63,116,0,0.00129,0.4883720930232558,23.679875158006325,0.0004135349881835282
5,x,24,"['x', 'z', 'z', 'x', 'z']",0.1,normal,100000,47523,3763,7300,0,0.47523,0.07918271152915435,108.12590762897162,15.195739580027293
5,x,24,"['x', 'z', 'z', 'x', 'z']",0.01,normal,100000,92743,742,1478,0,0.92743,0.008000603819156127,123.66173598403111,29.1627882719622
5,x,25,"['z', 'z', 'z', 'x', 'z']",1.0,normal,100000,47673,775,1174,0,0.47673,0.01625658129339458,48.39848100900417,1.7820897310157306
5,x,25,"['z', 'z', 'z', 'x', 'z']",0.1,normal,100000,92743,2,3,0,0.92743,2.1564969862941652e-05,44.52609808399575,10.533420496969484
5,x,25,"['z', 'z', 'z', 'x', 'z']",0.01,normal,100000,99238,0,0,0,0.99238,0.0,128.15026315796422,30.119415597058833
5,x,26,"['x', 'x', 'x', 'z', 'z']",1.0,normal,100000,115,26,38,0,0.00115,0.22608695652173916,64.3198114859988,-0.14967909397091717
5,x,26,"['x', 'x', 'x', 'z', 'z']",0.1,normal,100000,48791,154,298,0,0.48791,0.0031563198130802883,81.09945413505193,-37.68449779506773
5,x,26,"['x', 'x', 'x', 'z', 'z']",0.01,normal,100000,93175,2,4,0,0.93175,2.1464985242802825e-05,43.50007618998643,90.36571508203633
5,x,27,"['z', 'x', 'x', 'z', 'z']",1.0,normal,100000,2936,459,702,0,0.02936,0.15633514986376018,96.52283574896865,0.9558097820263356
5,x,27,"['z', 'x', 'x', 'z', 'z']",0.1,normal,100000,69718,176,340,0,0.69718,0.002524455664247416,42.827365475008264,8.90118922200054
5,x,27,"['z', 'x', 'x', 'z', 'z']",0.01,normal,100000,96466,1,2,0,0.96466,1.0366346692047834e-05,129.71434687101282,29.2238506419817
5,x,28,"['x', 'z', 'x', 'z', 'z']",1.0,normal,100000,96,47,78,0,0.00096,0.48958333333333337,63.3762999449973,-0.2185424769995734
5,x,28,"['x', 'z', 'x', 'z', 'z']",0.1,normal,100000,47462,4354,8479,0,0.47462,0.09173654713244284,106.54933462501504,14.857165720954072
5,x,28,"['x', 'z', 'x', 'z', 'z']",0.01,normal,100000,92808,881,1746,0,0.92808,0.009492716145159896,123.63541311299196,28.737773982051294
5,x,29,"['z', 'z', 'x', 'z', 'z']",1.0,normal,100000,15617,3446,4173,0,0.15617,0.2206569763719024,40.750921245955396,2.3272023400641046
5,x,29,"['z', 'z', 'x', 'z', 'z']",0.1,normal,100000,82887,470,864,0,0.82887,0.005670370504421651,44.302026573976036,9.779791883018333
5,x,29,"['z', 'z', 'x', 'z', 'z']",0.01,normal,100000,98167,12,24,0,0.98167,0.0001222406715087887,128.81103063496994,30.039153551042546
5,x,30,"['x', 'x', 'z', 'z', 'z']",1.0,normal,100000,393,166,270,0,0.00393,0.4223918575063613,66.47013855300611,-0.08440563705516979
5,x,30,"['x', 'x', 'z', 'z', 'z']",0.1,normal,100000,56850,4538,8690,0,0.5685,0.0798240985048373,111.85638940503122,18.06551753997337
5,x,30,"['x', 'x', 'z', 'z', 'z']",0.01,normal,100000,94582,786,1559,0,0.94582,0.008310249307479256,43.52447329700226,84.48903707996942
5,x,31,"['z', 'x', 'z', 'z', 'z']",1.0,normal,100000,6262,2718,3036,0,0.06262,0.43404663046949854,66.99007392203202,-30.49100843007909
5,x,31,"['z', 'x', 'z', 'z', 'z']",0.1,normal,100000,75843,6584,12042,0,0.75843,0.0868109120156112,124.63219867000589,24.108171209983993
5,x,31,"['z', 'x', 'z', 'z', 'z']",0.01,normal,100000,97267,904,1793,0,0.97267,0.0092940051610515,45.3026613839902,11.318420691008214
5,x,32,"['x', 'z', 'z', 'z', 'z']",1.0,normal,100000,51,33,0,0,0.00051,0.6470588235294117,64.66470305301482,0.10216223198221996
5,x,32,"['x', 'z', 'z', 'z', 'z']",0.1,normal,100000,47634,10875,0,0,0.47634,0.22830331275979343,38.460332469956484,5.60680145904189
5,x,32,"['x', 'z', 'z', 'z', 'z']",0.01,normal,100000,92909,2752,0,0,0.92909,0.029620381233249726,123.60235713003203,29.889989250979852
5,z,2,"['z', 'x', 'x', 'x', 'x']",1.0,normal,100000,4048,1648,1911,0,0.04048,0.40711462450592883,34.09582345094532,0.9628571590874344
5,z,2,"['z', 'x', 'x', 'x', 'x']",0.1,normal,100000,72571,5444,10153,0,0.72571,0.07501619104049828,124.53627898101695,22.29145073494874
5,z,2,"['z', 'x', 'x', 'x', 'x']",0.01,normal,100000,96804,757,1506,0,0.96804,0.007819924796495958,129.4666244420223,30.304238313925453
5,z,3,"['x', 'z', 'x', 'x', 'x']",1.0,normal,100000,97,42,70,0,0.00097,0.4329896907216495,67.38665429898538,0.14915402402402833
5,z,3,"['x', 'z', 'x', 'x', 'x']",0.1,normal,100000,49359,5033,9648,0,0.49359,0.1019672197572884,38.50493566400837,5.7651993469917215
5,z,3,"['x', 'z', 'x', 'x', 'x']",0.01,normal,100000,93076,1050,2086,0,0.93076,0.01128110361425072,43.37991144001717,10.618606364005245
5,z,4,"['z', 'z', 'x', 'x', 'x']",1.0,normal,100000,856,221,274,0,0.00856,0.258177570093458,112.77570264000678,0.4412743630236946
5,z,4,"['z', 'z', 'x', 'x', 'x']",0.1,normal,100000,63763,565,1050,0,0.63763,0.008860938161629806,90.66098152700579,-39.25574836001033
5,z,4,"['z', 'z', 'x', 'x', 'x']",0.01,normal,100000,95695,8,15,0,0.95695,8.359893411358232e-05,128.5454539039638,29.57482274301583
5,z,5,"['x', 'x', 'z', 'x', 'x']",1.0,normal,100000,6,2,5,0,6e-05,0.33333333333333337,21.10149285499938,-0.17497045401250944
5,z,5,"['x', 'x', 'z', 'x', 'x']",0.1,normal,100000,37847,3836,7483,0,0.37847,0.10135545749993391,100.68890767794801,12.097061652049888
5,z,5,"['x', 'x', 'z', 'x', 'x']",0.01,normal,100000,90713,1012,2017,0,0.90713,0.011156063629248258,68.97098881204147,32.37056577694602
5,z,6,"['z', 'x', 'z', 'x', 'x']",1.0,normal,100000,2068,378,589,0,0.02068,0.18278529980657643,96.03575083200121,0.9729607430053875
5,z,6,"['z', 'x', 'z', 'x', 'x']",0.1,normal,100000,66964,232,449,0,0.66964,0.003464548115405308,69.99532921198988,-18.942519124015234
5,z,6,"['z', 'x', 'z', 'x', 'x']",0.01,normal,100000,95986,2,3,0,0.95986,2.0836371970922585e-05,45.21733200602466,11.35635871993145
5,z,7,"['x', 'z', 'z', 'x', 'x']",1.0,normal,100000,38,7,8,0,0.00038,0.1842105263157895,65.1670063790516,-0.24108676507603377
5,z,7,"['x', 'z', 'z', 'x', 'x']",0.1,normal,100000,41788,229,444,0,0.41788,0.005480042117354311,108.05766801803838,12.601395265955944
5,z,7,"['x', 'z', 'z', 'x', 'x']",0.01,normal,100000,91624,4,8,0,0.91624,4.365668383832233e-05,85.06218061601976,-23.6594072120497
5,z,8,"['z', 'z', 'z', 'x', 'x']",1.0,normal,100000,25336,180,301,0,0.25336,0.00710451531417744,128.51357866899343,7.715709631040227
5,z,8,"['z', 'z', 'z', 'x', 'x']",0.1,normal,100000,86109,0,0,0,0.86109,0.0,128.74599979701452,25.678477314999327
5,z,8,"['z', 'z', 'z', 'x', 'x']",0.01,normal,100000,98517,0,0,0,0.98517,0.0,44.61423222295707,48.398635027057026
5,z,9,"['x', 'x', 'x', 'z', 'x']",1.0,normal,100000,63,30,57,0,0.00063,0.47619047619047616,22.248850656033028,-0.004469835024792701
5,z,9,"['x', 'x', 'x', 'z', 'x']",0.1,normal,100000,44082,3940,7714,0,0.44082,0.08937888480558953,105.49689239897998,13.971588534011971
5,z,9,"['x', 'x', 'x', 'z', 'x']",0.01,normal,100000,92120,886,1770,0,0.9212,0.009617889709075067,123.06042784900637,29.20276355103124
5,z,10,"['z', 'x', 'x', 'z', 'x']",1.0,normal,100000,3324,449,812,0,0.03324,0.13507821901323702,33.554369334015064,0.5128204840002581
5,z,10,"['z', 'x', 'x', 'z', 'x']",0.1,normal,100000,70523,151,296,0,0.70523,0.002141145441912573,122.79264052800136,21.756814853986725
5,z,10,"['z', 'x', 'x', 'z', 'x']",0.01,normal,100000,96476,2,4,0,0.96476,2.07305443841177e-05,128.84436484600883,29.67436758900294
5,z,11,"['x', 'z', 'x', 'z', 'x']",1.0,normal,100000,194,28,42,0,0.00194,0.14432989690721654,51.95960191305494,3.4970024709473364
5,z,11,"['x', 'z', 'x', 'z', 'x']",0.1,normal,100000,52849,108,207,0,0.52849,0.0020435580616473548,38.62317885301309,6.091613450960722
5,z,11,"['x', 'z', 'x', 'z', 'x']",0.01,normal,100000,93843,2,4,0,0.93843,2.1312191639255573e-05,43.50220970000373,10.531293512962293
5,z,12,"['z', 'z', 'x', 'z', 'x']",1.0,normal,100000,13080,92,161,0,0.1308,0.0070336391437308965,117.77311365801143,4.120854532986414
5,z,12,"['z', 'z', 'x', 'z', 'x']",0.1,normal,100000,79740,0,0,0,0.7974,0.0,97.88900187198306,-44.082329878991004
5,z,12,"['z', 'z', 'x', 'z', 'x']",0.01,normal,100000,97727,0,0,0,0.97727,0.0,44.995025464042556,59.663112973910756
5,z,13,"['x', 'x', 'z', 'z', 'x']",1.0,normal,100000,135,25,40,0,0.00135,0.18518518518518523,23.003243872022722,-0.013241160020697862
5,z,13,"['x', 'x', 'z', 'z', 'x']",0.1,normal,100000,48275,98,194,0,0.48275,0.002030036250647349,108.26411706197541,15.273632053984329
5,z,13,"['x', 'x', 'z', 'z', 'x']",0.01,normal,100000,92889,2,5,0,0.92889,2.1531074723579735e-05,123.59309934295015,28.438708499015775
5,z,14,"['z', 'x', 'z', 'z', 'x']",1.0,normal,100000,3248,26,45,0,0.03248,0.008004926108374333,97.51872100395849,1.0833648970583454
5,z,14,"['z', 'x', 'z', 'z', 'x']",0.1,normal,100000,65754,0,0,0,0.65754,0.0,43.19824587699259,7.631984915060457
5,z,14,"['z', 'x', 'z', 'z', 'x']",0.01,normal,100000,95792,0,0,0,0.95792,0.0,129.22298259404488,28.26245842699427
5,z,15,"['x', 'z', 'z', 'z', 'x']",1.0,normal,100000,212,3,6,0,0.00212,0.014150943396226467,65.07915401097853,0.12349631200777367
5,z,15,"['x', 'z', 'z', 'z', 'x']",0.1,normal,100000,43411,0,1,0,0.43411,0.0,107.54643470101291,12.82708487502532
5,z,15,"['x', 'z', 'z', 'z', 'x']",0.01,normal,100000,91464,0,0,0,0.91464,0.0,43.37144170101965,9.98585881094914
5,z,16,"['z', 'z', 'z', 'z', 'x']",1.0,normal,100000,100000,0,0,0,1.0,0.0,43.90355832199566,11.089390823035501
5,z,16,"['z', 'z', 'z', 'z', 'x']",0.1,normal,100000,100000,0,0,0,1.0,0.0,128.93526227999246,-6.601985537970904
5,z,16,"['z', 'z', 'z', 'z', 'x']",0.01,normal,100000,100000,0,0,0,1.0,0.0,128.0218091259594,28.98113120906055
5,z,17,"['x', 'x', 'x', 'x', 'z']",1.0,normal,100000,67,33,64,0,0.00067,0.4925373134328358,20.7104492780054,0.005075781024061143
5,z,17,"['x', 'x', 'x', 'x', 'z']",0.1,normal,100000,41584,3552,6683,0,0.41584,0.0854174682570219,101.604399235046,13.081270007998683
5,z,17,"['x', 'x', 'x', 'x', 'z']",0.01,normal,100000,91470,723,1438,0,0.9147,0.007904230895375508,122.95982513698982,28.497186155989766
5,z,18,"['z', 'x', 'x', 'x', 'z']",1.0,normal,100000,2839,514,901,0,0.02839,0.18104966537513212,32.84634519403335,0.4358860289212316
5,z,18,"['z', 'x', 'x', 'x', 'z']",0.1,normal,100000,67427,133,264,0,0.67427,0.001972503596482156,122.31832719797967,20.89133615704486
5,z,18,"['z', 'x', 'x', 'x', 'z']",0.01,normal,100000,96043,0,0,0,0.96043,0.0,45.12576187698869,11.203416887030471
5,z,19,"['x', 'z', 'x', 'x', 'z']",1.0,normal,100000,49,12,17,0,0.00049,0.24489795918367352,60.502105524996296,-0.03274361998774111
5,z,19,"['x', 'z', 'x', 'x', 'z']",0.1,normal,100000,41962,113,220,0,0.41962,0.0026929126352414068,36.94879261002643,4.638719187991228
5,z,19,"['x', 'z', 'x', 'x', 'z']",0.01,normal,100000,91532,4,8,0,0.91532,4.3700563737258946e-05,122.84654711000621,28.33085635898169
5,z,20,"['z', 'z', 'x', 'x', 'z']",1.0,normal,100000,12114,46,78,0,0.12114,0.0037972593693247347,82.2130159859662,-38.313006775977556
5,z,20,"['z', 'z', 'x', 'x', 'z']",0.1,normal,100000,79634,0,1,0,0.79634,0.0,126.23378534702351,24.310525751963723
5,z,20,"['z', 'z', 'x', 'x', 'z']",0.01,normal,100000,97714,0,0,0,0.97714,0.0,44.91559732297901,42.610506977071054
5,z,21,"['x', 'x', 'z', 'x', 'z']",1.0,normal,100000,146,20,25,0,0.00146,0.136986301369863,23.020288228988647,0.14586085599148646
5,z,21,"['x', 'x', 'z', 'x', 'z']",0.1,normal,100000,50462,54,109,0,0.50462,0.0010701121636083055,108.40187473298283,15.694513540016487
5,z,21,"['x', 'x', 'z', 'x', 'z']",0.01,normal,100000,93459,0,1,0,0.93459,0.0,43.51142295001773,10.44870607595658
5,z,22,"['z', 'x', 'z', 'x', 'z']",1.0,normal,100000,1962,6,9,0,0.01962,0.003058103975535187,96.7907710900181,0.6043164769653231
5,z,22,"['z', 'x', 'z', 'x', 'z']",0.1,normal,100000,65395,0,0,0,0.65395,0.0,123.17989718302852,19.611418127955403
5,z,22,"['z', 'x', 'z', 'x', 'z']",0.01,normal,100000,95749,0,0,0,0.95749,0.0,130.52059309900505,28.707841768977232
5,z,23,"['x', 'z', 'z', 'x', 'z']",1.0,normal,100000,129,2,2,0,0.00129,0.015503875968992276,65.88145207602065,0.16118563199415803
5,z,23,"['x', 'z', 'z', 'x', 'z']",0.1,normal,100000,47523,0,0,0,0.47523,0.0,78.2037515839911,-34.82706760696601
5,z,23,"['x', 'z', 'z', 'x', 'z']",0.01,normal,100000,92743,0,0,0,0.92743,0.0,43.50988787401002,78.12683837697841
5,z,24,"['z', 'z', 'z', 'x', 'z']",1.0,normal,100000,47673,0,0,0,0.47673,0.0,44.542572562990244,5.683392514998559
5,z,24,"['z', 'z', 'z', 'x', 'z']",0.1,normal,100000,92743,0,0,0,0.92743,0.0,127.92217308998806,27.36653335596202
5,z,24,"['z', 'z', 'z', 'x', 'z']",0.01,normal,100000,99238,0,0,0,0.99238,0.0,44.54347904102178,10.875360967009328
5,z,25,"['x', 'x', 'x', 'z', 'z']",1.0,normal,100000,115,12,23,0,0.00115,0.10434782608695647,23.143880888004787,-0.06797549000475556
5,z,25,"['x', 'x', 'x', 'z', 'z']",0.1,normal,100000,48791,34,68,0,0.48791,0.0006968498288618674,107.66965052101295,14.975184352952056
5,z,25,"['x', 'x', 'x', 'z', 'z']",0.01,normal,100000,93175,0,0,0,0.93175,0.0,123.79518174601253,28.826228177989833
5,z,26,"['z', 'x', 'x', 'z', 'z']",1.0,normal,100000,2936,4,6,0,0.02936,0.0013623978201634523,96.43491454300238,0.9414045159937814
5,z,26,"['z', 'x', 'x', 'z', 'z']",0.1,normal,100000,69718,0,0,0,0.69718,0.0,122.79929821297992,21.189758161024656
5,z,26,"['z', 'x', 'x', 'z', 'z']",0.01,normal,100000,96466,0,0,0,0.96466,0.0,129.22641540697077,28.642576885060407
5,z,27,"['x', 'z', 'x', 'z', 'z']",1.0,normal,100000,96,0,1,0,0.00096,0.0,22.824994847993366,-0.00829913595225662
5,z,27,"['x', 'z', 'x', 'z', 'z']",0.1,normal,100000,47462,0,0,0,0.47462,0.0,37.53857109800447,5.207750068977475
5,z,27,"['x', 'z', 'x', 'z', 'z']",0.01,normal,100000,92808,0,0,0,0.92808,0.0,43.502549430006184,9.761970024032053
5,z,28,"['z', 'z', 'x', 'z', 'z']",1.0,normal,100000,15617,0,0,0,0.15617,0.0,116.94452737900428,4.902956482023001
5,z,28,"['z', 'z', 'x', 'z', 'z']",0.1,normal,100000,82887,0,0,0,0.82887,0.0,128.57191736000823,-61.472186723025516
5,z,28,"['z', 'z', 'x', 'z', 'z']",0.01,normal,100000,98167,0,0,0,0.98167,0.0,44.82057154097129,10.6073181470274
5,z,29,"['x', 'x', 'z', 'z', 'z']",1.0,normal,100000,393,0,0,0,0.00393,0.0,23.853237569972407,0.09336777206044644
5,z,29,"['x', 'x', 'z', 'z', 'z']",0.1,normal,100000,56850,0,0,0,0.5685,0.0,111.03810408600839,-7.730387633026112
5,z,29,"['x', 'x', 'z', 'z', 'z']",0.01,normal,100000,94582,0,0,0,0.94582,0.0,123.3433698299923,-35.87437142501585
5,z,30,"['z', 'x', 'z', 'z', 'z']",1.0,normal,100000,6262,0,0,0,0.06262,0.0,35.63489673502045,0.8560556630254723
5,z,30,"['z', 'x', 'z', 'z', 'z']",0.1,normal,100000,75843,0,0,0,0.75843,0.0,97.8996144150151,-34.88876318605617
5,z,30,"['z', 'x', 'z', 'z', 'z']",0.01,normal,100000,97267,0,0,0,0.97267,0.0,78.45941098203184,-8.03836039302405
5,z,31,"['x', 'z', 'z', 'z', 'z']",1.0,normal,100000,51,0,0,0,0.00051,0.0,64.58181611000327,-4.347307104035281
5,z,31,"['x', 'z', 'z', 'z', 'z']",0.1,normal,100000,47634,0,0,0,0.47634,0.0,105.5036084469757,-47.41861587099265
5,z,31,"['x', 'z', 'z', 'z', 'z']",0.01,normal,100000,92909,0,0,0,0.92909,0.0,46.14190309296828,7.486635012028273
5,z,32,"['z', 'z', 'z', 'z', 'z']",1.0,normal,100000,31,0,0,0,0.00031,0.0,40.699421413009986,-1.0612676090095192
5,z,32,"['z', 'z', 'z', 'z', 'z']",0.1,normal,100000,46723,0,0,0,0.46723,0.0,4.13585898297606,-0.1519156559370458
5,z,32,"['z', 'z', 'z', 'z', 'z']",0.01,normal,100000,92636,0,0,0,0.92636,0.0,0.530476764019113,0.011532837932463735
5,x,2,"['x', 'x', 'x', 'x', 'x']",1.0,m1,100000,49,0,0,0,0.00049,0.0,61.16065337596228,-0.07748147798702121
5,x,2,"['x', 'x', 'x', 'x', 'x']",0.1,m1,100000,46964,0,0,0,0.46964,0.0,93.38118722097715,10.322347131033894
5,x,2,"['x', 'x', 'x', 'x', 'x']",0.01,m1,100000,92675,0,0,0,0.92675,0.0,72.32191599096404,14.99407651805086
5,x,3,"['z', 'x', 'x', 'x', 'x']",1.0,m1,100000,897,0,0,0,0.00897,0.0,94.23117366194492,-0.2758068779367022
5,x,3,"['z', 'x', 'x', 'x', 'x']",0.1,m1,100000,62797,0,0,0,0.62797,0.0,99.53847941901768,12.99447070597671
5,x,3,"['z', 'x', 'x', 'x', 'x']",0.01,m1,100000,95459,0,0,0,0.95459,0.0,71.65025226399302,14.747325620031916
5,x,4,"['x', 'z', 'x', 'x', 'x']",1.0,m1,100000,58,0,0,0,0.00058,0.0,64.15581866801949,-12.456518903025426
5,x,4,"['x', 'z', 'x', 'x', 'x']",0.1,m1,100000,47366,0,0,0,0.47366,0.0,37.85420791897923,5.285052801016718
5,x,4,"['x', 'z', 'x', 'x', 'x']",0.01,m1,100000,92806,0,0,0,0.92806,0.0,123.43073151702993,27.57953012298094
5,x,5,"['z', 'z', 'x', 'x', 'x']",1.0,m1,100000,14637,0,0,0,0.14637,0.0,41.12014779401943,1.9610831989557482
5,x,5,"['z', 'z', 'x', 'x', 'x']",0.1,m1,100000,82434,0,0,0,0.82434,0.0,30.797300841950346,5.688696453056764
5,x,5,"['z', 'z', 'x', 'x', 'x']",0.01,m1,100000,98110,0,0,0,0.9811,0.0,24.16833591001341,42.22622592095286
5,x,6,"['x', 'x', 'z', 'x', 'x']",1.0,m1,100000,89,0,0,0,0.00089,0.0,24.291441467998084,-0.044408812012989074
5,x,6,"['x', 'x', 'z', 'x', 'x']",0.1,m1,100000,48198,0,0,0,0.48198,0.0,108.96997565898346,14.985377168981358
5,x,6,"['x', 'x', 'z', 'x', 'x']",0.01,m1,100000,92982,0,0,0,0.92982,0.0,75.16807436296949,58.13611870101886
5,x,7,"['z', 'x', 'z', 'x', 'x']",1.0,m1,100000,4423,7,10,0,0.04423,0.0015826362197602917,99.35629522899399,1.4147917490336113
5,x,7,"['z', 'x', 'z', 'x', 'x']",0.1,m1,100000,73028,0,0,0,0.73028,0.0,124.28812416997971,22.320354692987166
5,x,7,"['z', 'x', 'z', 'x', 'x']",0.01,m1,100000,96867,0,0,0,0.96867,0.0,44.92997936002212,11.69165490695741
5,x,8,"['x', 'z', 'z', 'x', 'x']",1.0,m1,100000,113,8,9,0,0.00113,0.07079646017699115,23.775149633002002,14.788966469001025
5,x,8,"['x', 'z', 'z', 'x', 'x']",0.1,m1,100000,49440,24,48,0,0.4944,0.0004854368932039055,109.31383780302713,15.698538571014069
5,x,8,"['x', 'z', 'z', 'x', 'x']",0.01,m1,100000,93151,0,1,0,0.93151,0.0,68.98119446303463,-15.169073149038013
5,x,9,"['z', 'z', 'z', 'x', 'x']",1.0,m1,100000,49455,0,1,0,0.49455,0.0,126.0495665090275,14.003945105941966
5,x,9,"['z', 'z', 'z', 'x', 'x']",0.1,m1,100000,93038,0,0,0,0.93038,0.0,52.06915444001788,-16.860878865991253
5,x,9,"['z', 'z', 'z', 'x', 'x']",0.01,m1,100000,99310,0,0,0,0.9931,0.0,56.135781208984554,28.006884814007208
5,x,10,"['x', 'x', 'x', 'z', 'x']",1.0,m1,100000,64,0,0,0,0.00064,0.0,64.46764275297755,0.1847568249795586
5,x,10,"['x', 'x', 'x', 'z', 'x']",0.1,m1,100000,43112,0,0,0,0.43112,0.0,37.62603262800258,4.8770570019842125
5,x,10,"['x', 'x', 'x', 'z', 'x']",0.01,m1,100000,91753,0,0,0,0.91753,0.0,43.307022403983865,10.009913276997395
5,x,11,"['z', 'x', 'x', 'z', 'x']",1.0,m1,100000,1338,6,11,0,0.01338,0.004484304932735439,97.99928897497011,0.0840418710722588
5,x,11,"['z', 'x', 'x', 'z', 'x']",0.1,m1,100000,65345,0,0,0,0.65345,0.0,122.91012051899452,19.422639383003116
5,x,11,"['z', 'x', 'x', 'z', 'x']",0.01,m1,100000,95968,0,0,0,0.95968,0.0,128.76748322095955,28.466978155018296
5,x,12,"['x', 'z', 'x', 'z', 'x']",1.0,m1,100000,129,16,27,0,0.00129,0.12403100775193798,24.054302425996866,-0.17112246598117054
5,x,12,"['x', 'z', 'x', 'z', 'x']",0.1,m1,100000,49489,40,75,0,0.49489,0.0008082604215078337,109.4236022180412,15.132083815988153
5,x,12,"['x', 'z', 'x', 'z', 'x']",0.01,m1,100000,93148,0,0,0,0.93148,0.0,56.30078649101779,-2.6775715749827214
5,x,13,"['z', 'z', 'x', 'z', 'x']",1.0,m1,100000,18397,64,117,0,0.18397,0.0034788280697939378,109.45579167100368,15.298259022994898
5,x,13,"['z', 'z', 'x', 'z', 'x']",0.1,m1,100000,83716,0,0,0,0.83716,0.0,127.43297550303396,24.888432866951916
5,x,13,"['z', 'z', 'x', 'z', 'x']",0.01,m1,100000,98206,0,0,0,0.98206,0.0,128.70228820102056,29.31470799393719
5,x,14,"['x', 'x', 'z', 'z', 'x']",1.0,m1,100000,20,7,10,0,0.0002,0.35,21.6370149779832,0.08870552503503859
5,x,14,"['x', 'x', 'z', 'z', 'x']",0.1,m1,100000,36602,133,262,0,0.36602,0.0036336812196055,103.42403469700366,11.07885992800584
5,x,14,"['x', 'x', 'z', 'z', 'x']",0.01,m1,100000,90339,6,12,0,0.90339,6.641649785810166e-05,43.0839316949714,9.791534061019775
5,x,15,"['z', 'x', 'z', 'z', 'x']",1.0,m1,100000,4841,760,1362,0,0.04841,0.1569923569510432,34.78374561201781,0.8826690459973179
5,x,15,"['z', 'x', 'z', 'z', 'x']",0.1,m1,100000,70963,148,287,0,0.70963,0.0020855939010470115,123.83074019203195,21.723762372974306
5,x,15,"['z', 'x', 'z', 'z', 'x']",0.01,m1,100000,96532,2,4,0,0.96532,2.071851821161541e-05,44.98565268999664,11.547240791027434
5,x,16,"['x', 'z', 'z', 'z', 'x']",1.0,m1,100000,343,168,320,0,0.00343,0.4897959183673469,24.37375573796453,0.09316945803584531
5,x,16,"['x', 'z', 'z', 'z', 'x']",0.1,m1,100000,48634,4297,8132,0,0.48634,0.08835382654110291,110.03869503800524,14.804073278966825
5,x,16,"['x', 'z', 'z', 'z', 'x']",0.01,m1,100000,92829,760,1513,0,0.92829,0.00818709670469353,43.36291478801286,56.08159900899045
5,x,17,"['z', 'z', 'z', 'z', 'x']",1.0,m1,100000,100000,0,0,0,1.0,0.0,116.92068099795142,27.251399679051246
5,x,17,"['z', 'z', 'z', 'z', 'x']",0.1,m1,100000,100000,0,0,0,1.0,0.0,75.34075896802824,17.423741335980594
5,x,17,"['z', 'z', 'z', 'z', 'x']",0.01,m1,100000,100000,0,0,0,1.0,0.0,42.139213151996955,-13.361623167991638
5,x,18,"['x', 'x', 'x', 'x', 'z']",1.0,m1,100000,172,5,6,0,0.00172,0.029069767441860517,22.42752443900099,0.06096985598560423
5,x,18,"['x', 'x', 'x', 'x', 'z']",0.1,m1,100000,43291,0,1,0,0.43291,0.0,106.57665929303039,12.7941575209843
5,x,18,"['x', 'x', 'x', 'x', 'z']",0.01,m1,100000,91466,0,0,0,0.91466,0.0,123.15782447799575,27.197735154011752
5,x,19,"['z', 'x', 'x', 'x', 'z']",1.0,m1,100000,4199,32,49,0,0.04199,0.007620862110026216,97.15251628996339,1.3363697580061853
5,x,19,"['z', 'x', 'x', 'x', 'z']",0.1,m1,100000,70012,0,0,0,0.70012,0.0,72.03328272898216,73.31438539299415
5,x,19,"['z', 'x', 'x', 'x', 'z']",0.01,m1,100000,96506,0,0,0,0.96506,0.0,45.00252789299702,11.427694771962706
5,x,20,"['x', 'z', 'x', 'x', 'z']",1.0,m1,100000,124,19,34,0,0.00124,0.15322580645161288,23.216791829967406,-0.0007773039978928864
5,x,20,"['x', 'z', 'x', 'x', 'z']",0.1,m1,100000,46713,66,127,0,0.46713,0.001412882923383263,107.63701337698149,14.570851460041013
5,x,20,"['x', 'z', 'x', 'x', 'z']",0.01,m1,100000,92531,2,3,0,0.92531,2.1614377884171532e-05,123.22341676102951,28.696184577944223
5,x,21,"['z', 'z', 'x', 'x', 'z']",1.0,m1,100000,20329,86,161,0,0.20329,0.004230409759456988,40.76330156699987,2.9261085230391473
5,x,21,"['z', 'z', 'x', 'x', 'z']",0.1,m1,100000,84587,0,0,0,0.84587,0.0,44.463488490029704,9.861805654945783
5,x,21,"['z', 'z', 'x', 'x', 'z']",0.01,m1,100000,98292,0,0,0,0.98292,0.0,128.33050708501833,29.60152427799767
5,x,22,"['x', 'x', 'z', 'x', 'z']",1.0,m1,100000,183,28,50,0,0.00183,0.15300546448087426,66.57227752002655,0.21596965700155124
5,x,22,"['x', 'x', 'z', 'x', 'z']",0.1,m1,100000,51597,74,145,0,0.51597,0.0014341919103824097,38.458674629975576,5.822029809060041
5,x,22,"['x', 'x', 'z', 'x', 'z']",0.01,m1,100000,93608,2,3,0,0.93608,2.136569523969456e-05,123.99449171498418,28.771097744000144
5,x,23,"['z', 'x', 'z', 'x', 'z']",1.0,m1,100000,1853,341,602,0,0.01853,0.18402590393955742,98.12315036699874,0.5977550250245258
5,x,23,"['z', 'x', 'z', 'x', 'z']",0.1,m1,100000,65428,190,372,0,0.65428,0.0029039554930611056,43.31472484098049,7.852542043023277
5,x,23,"['z', 'x', 'z', 'x', 'z']",0.01,m1,100000,95713,2,5,0,0.95713,2.089580307795824e-05,96.64318025502143,-40.373081978061236
5,x,24,"['x', 'z', 'z', 'x', 'z']",1.0,m1,100000,37,17,34,0,0.00037,0.45945945945945943,61.476847058977,0.013031519018113613
5,x,24,"['x', 'z', 'z', 'x', 'z']",0.1,m1,100000,39136,3318,6478,0,0.39136,0.0847812755519215,51.38552452402655,-4.136796231032349
5,x,24,"['x', 'z', 'z', 'x', 'z']",0.01,m1,100000,90967,790,1578,0,0.90967,0.00868446799388789,77.31450810603565,-6.859049446997233
5,x,25,"['z', 'z', 'z', 'x', 'z']",1.0,m1,100000,46131,312,506,0,0.46131,0.00676334785718935,127.72911103599472,13.065499424003065
5,x,25,"['z', 'z', 'z', 'x', 'z']",0.1,m1,100000,92456,0,0,0,0.92456,0.0,128.002560539986,27.418000960024074
5,x,25,"['z', 'z', 'z', 'x', 'z']",0.01,m1,100000,99209,0,0,0,0.99209,0.0,55.22463367198361,102.03193927701795
5,x,26,"['x', 'x', 'x', 'z', 'z']",1.0,m1,100000,27,10,11,0,0.00027,0.37037037037037035,64.50250043196138,-14.464765959943179
5,x,26,"['x', 'x', 'x', 'z', 'z']",0.1,m1,100000,41984,170,329,0,0.41984,0.004049161585365835,37.715954470972065,5.661656891054008
5,x,26,"['x', 'x', 'x', 'z', 'z']",0.01,m1,100000,91783,5,10,0,0.91783,5.447631914401452e-05,123.09352277300786,28.18226431700168
5,x,27,"['z', 'x', 'x', 'z', 'z']",1.0,m1,100000,865,194,296,0,0.00865,0.22427745664739884,95.58209144405555,0.17776468093506992
5,x,27,"['z', 'x', 'x', 'z', 'z']",0.1,m1,100000,61912,288,555,0,0.61912,0.004651763793771857,121.2398097680416,19.293595297960564
5,x,27,"['z', 'x', 'x', 'z', 'z']",0.01,m1,100000,95334,6,11,0,0.95334,6.293662282086387e-05,79.64168145495933,-1.4991013479302637
5,x,28,"['x', 'z', 'x', 'z', 'z']",1.0,m1,100000,152,66,121,0,0.00152,0.4342105263157895,23.763418020971585,-0.09538694994989783
5,x,28,"['x', 'z', 'x', 'z', 'z']",0.1,m1,100000,51831,4350,8513,0,0.51831,0.08392660762863924,109.10763263498666,16.514684948022477
5,x,28,"['x', 'z', 'x', 'z', 'z']",0.01,m1,100000,93579,802,1602,0,0.93579,0.008570298891845352,43.23056380904745,10.735202568932436
5,x,29,"['z', 'z', 'x', 'z', 'z']",1.0,m1,100000,11205,1795,2450,0,0.11205,0.16019634091923252,40.10068346100161,35.63481873704586
5,x,29,"['z', 'z', 'x', 'z', 'z']",0.1,m1,100000,80510,238,454,0,0.8051,0.002956154514967113,126.40656555898022,24.741006058990024
5,x,29,"['z', 'z', 'x', 'z', 'z']",0.01,m1,100000,97856,3,6,0,0.97856,3.0657292347968657e-05,128.44519452995155,30.333104707067832
5,x,30,"['x', 'x', 'z', 'z', 'z']",1.0,m1,100000,114,50,80,0,0.00114,0.4385964912280702,22.423316610977054,-0.035807544947601855
5,x,30,"['x', 'x', 'z', 'z', 'z']",0.1,m1,100000,50534,5075,9642,0,0.50534,0.10042743499426132,106.4314190390287,16.190831154002808
5,x,30,"['x', 'x', 'z', 'z', 'z']",0.01,m1,100000,93518,1008,2004,0,0.93518,0.01077867362432905,123.24517472396838,29.491262101044413
5,x,31,"['z', 'x', 'z', 'z', 'z']",1.0,m1,100000,1657,616,775,0,0.01657,0.3717561858780929,33.29471579100937,5.4731017089798115
5,x,31,"['z', 'x', 'z', 'z', 'z']",0.1,m1,100000,66337,4524,8474,0,0.66337,0.06819723532870048,107.87268345500343,-20.787726944021415
5,x,31,"['z', 'x', 'z', 'z', 'z']",0.01,m1,100000,95921,675,1338,0,0.95921,0.0070370408982392,44.897518903017044,11.695607920992188
5,x,32,"['x', 'z', 'z', 'z', 'z']",1.0,m1,100000,28,11,0,0,0.00028,0.3928571428571429,64.28565358603373,0.20172279194230214
5,x,32,"['x', 'z', 'z', 'z', 'z']",0.1,m1,100000,44509,8573,0,0,0.44509,0.19261273000966095,106.7764384400216,14.073031000967603
5,x,32,"['x', 'z', 'z', 'z', 'z']",0.01,m1,100000,92302,2209,0,0,0.92302,0.023932309159064857,43.20532261900371,10.794630813004915
5,z,2,"['z', 'x', 'x', 'x', 'x']",1.0,m1,100000,897,384,445,0,0.00897,0.4280936454849499,93.98331128800055,0.22207543603144586
5,z,2,"['z', 'x', 'x', 'x', 'x']",0.1,m1,100000,62797,5288,9678,0,0.62797,0.08420784432377348,42.73327213001903,68.33590330393054
5,z,2,"['z', 'x', 'x', 'x', 'x']",0.01,m1,100000,95459,877,1740,0,0.95459,0.009187190312071158,128.81946299399715,29.933870784007013
5,z,3,"['x', 'z', 'x', 'x', 'x']",1.0,m1,100000,58,27,44,0,0.00058,0.4655172413793104,22.84491041098954,-0.024575771996751428
5,z,3,"['x', 'z', 'x', 'x', 'x']",0.1,m1,100000,47366,4960,9409,0,0.47366,0.10471646328590123,38.16416315600509,5.222681347979233
5,z,3,"['x', 'z', 'x', 'x', 'x']",0.01,m1,100000,92806,1080,2149,0,0.92806,0.011637178630692024,122.90273462398909,28.96822731202701
5,z,4,"['z', 'z', 'x', 'x', 'x']",1.0,m1,100000,14637,1758,2559,0,0.14637,0.1201065792170527,40.73408605903387,65.71137209696462
5,z,4,"['z', 'z', 'x', 'x', 'x']",0.1,m1,100000,82434,166,329,0,0.82434,0.002013732197879481,126.72914819099242,25.25719014898641
5,z,4,"['z', 'z', 'x', 'x', 'x']",0.01,m1,100000,98110,4,8,0,0.9811,4.077056365303644e-05,128.84658820799086,30.087733110995032
5,z,5,"['x', 'x', 'z', 'x', 'x']",1.0,m1,100000,89,38,71,0,0.00089,0.4269662921348315,67.46504474402172,0.02354892692528665
5,z,5,"['x', 'x', 'z', 'x', 'x']",0.1,m1,100000,48198,3930,7700,0,0.48198,0.08153865305614338,38.367946772952564,5.525217938062269
5,z,5,"['x', 'x', 'z', 'x', 'x']",0.01,m1,100000,92982,764,1519,0,0.92982,0.008216644081650237,123.24410353798885,29.547368639032356
5,z,6,"['z', 'x', 'z', 'x', 'x']",1.0,m1,100000,3919,649,1002,0,0.03919,0.1656034702730288,34.86243040300906,0.6088685540016741
5,z,6,"['z', 'x', 'z', 'x', 'x']",0.1,m1,100000,72107,212,417,0,0.72107,0.002940075166072642,123.61261495703366,22.271869218966458
5,z,6,"['z', 'x', 'z', 'x', 'x']",0.01,m1,100000,96751,4,9,0,0.96751,4.1343241930280605e-05,45.099154117982835,11.134415487002116
5,z,7,"['x', 'z', 'z', 'x', 'x']",1.0,m1,100000,113,23,38,0,0.00113,0.20353982300884954,45.79066445300123,-19.526869975961745
5,z,7,"['x', 'z', 'z', 'x', 'x']",0.1,m1,100000,49440,154,300,0,0.4944,0.0031148867313915973,41.99819539999589,60.507506421010476
5,z,7,"['x', 'z', 'z', 'x', 'x']",0.01,m1,100000,93151,2,5,0,0.93151,2.1470515614407937e-05,123.27414263103856,28.541985363990534
5,z,8,"['z', 'z', 'z', 'x', 'x']",1.0,m1,100000,50007,463,716,0,0.50007,0.009258703781470645,44.23304159898544,5.962998069997411
5,z,8,"['z', 'z', 'z', 'x', 'x']",0.1,m1,100000,93116,0,0,0,0.93116,0.0,51.36898743000347,16.132581437006593
5,z,8,"['z', 'z', 'z', 'x', 'x']",0.01,m1,100000,99329,0,0,0,0.99329,0.0,128.2583943780046,29.892163579992484
5,z,9,"['x', 'x', 'x', 'z', 'x']",1.0,m1,100000,64,32,57,0,0.00064,0.5,64.6097149879788,-0.17940373095916584
5,z,9,"['x', 'x', 'x', 'z', 'x']",0.1,m1,100000,43112,3512,6846,0,0.43112,0.08146223789200224,71.63615655200556,-12.496562229003757
5,z,9,"['x', 'x', 'x', 'z', 'x']",0.01,m1,100000,91753,765,1526,0,0.91753,0.008337602040260239,122.83189978601877,28.668700434966013
5,z,10,"['z', 'x', 'x', 'z', 'x']",1.0,m1,100000,1338,279,470,0,0.01338,0.20852017937219736,34.25722874898929,0.18811904301401228
5,z,10,"['z', 'x', 'x', 'z', 'x']",0.1,m1,100000,65345,168,335,0,0.65345,0.0025709694697375607,123.07371468900237,20.061778686009347
5,z,10,"['z', 'x', 'x', 'z', 'x']",0.01,m1,100000,95968,3,6,0,0.95968,3.126042014001129e-05,128.8814437740366,29.40702116698958
5,z,11,"['x', 'z', 'x', 'z', 'x']",1.0,m1,100000,129,20,37,0,0.00129,0.15503875968992253,66.43566222500522,0.02412482799263671
5,z,11,"['x', 'z', 'x', 'z', 'x']",0.1,m1,100000,49489,83,164,0,0.49489,0.0016771403746287383,38.69031366799027,21.272162735986058
5,z,11,"['x', 'z', 'x', 'z', 'x']",0.01,m1,100000,93148,4,7,0,0.93148,4.294241422253542e-05,62.85949502699077,7.657178786990698
5,z,12,"['z', 'z', 'x', 'z', 'x']",1.0,m1,100000,18459,110,187,0,0.18459,0.005959152716831895,117.99114275595639,5.463090545090381
5,z,12,"['z', 'z', 'x', 'z', 'x']",0.1,m1,100000,83861,0,0,0,0.83861,0.0,65.41512076801155,-11.626603657961823
5,z,12,"['z', 'z', 'x', 'z', 'x']",0.01,m1,100000,98265,0,0,0,0.98265,0.0,50.766762650047895,5.144324271939695
5,z,13,"['x', 'x', 'z', 'z', 'x']",1.0,m1,100000,20,6,11,0,0.0002,0.30000000000000004,59.878108061966486,-0.21627794293453917
5,z,13,"['x', 'x', 'z', 'z', 'x']",0.1,m1,100000,36602,102,192,0,0.36602,0.0027867329654117645,103.42100693896646,11.773174398054834
5,z,13,"['x', 'x', 'z', 'z', 'x']",0.01,m1,100000,90339,2,4,0,0.90339,2.213883261936722e-05,124.10660079296213,-22.190436256991234
5,z,14,"['z', 'x', 'z', 'z', 'x']",1.0,m1,100000,4841,30,54,0,0.04841,0.006197066721751687,99.29961908102268,1.8040926109533757
5,z,14,"['z', 'x', 'z', 'z', 'x']",0.1,m1,100000,70963,0,0,0,0.70963,0.0,43.269480806950014,8.429190769034903
5,z,14,"['z', 'x', 'z', 'z', 'x']",0.01,m1,100000,96532,0,0,0,0.96532,0.0,44.980996638012584,10.978743585001212
5,z,15,"['x', 'z', 'z', 'z', 'x']",1.0,m1,100000,343,9,16,0,0.00343,0.026239067055393583,68.321680536028,0.13416411000071093
5,z,15,"['x', 'z', 'z', 'z', 'x']",0.1,m1,100000,48634,0,0,0,0.48634,0.0,110.31722385803005,14.232566129940096
5,z,15,"['x', 'z', 'z', 'z', 'x']",0.01,m1,100000,92829,0,0,0,0.92829,0.0,123.95904906903161,27.06727049598703
5,z,16,"['z', 'z', 'z', 'z', 'x']",1.0,m1,100000,100000,0,0,0,1.0,0.0,118.30637151701376,26.201050366973504
5,z,16,"['z', 'z', 'z', 'z', 'x']",0.1,m1,100000,100000,0,0,0,1.0,0.0,75.49055246601347,17.080666263995226
5,z,16,"['z', 'z', 'z', 'z', 'x']",0.01,m1,100000,100000,0,0,0,1.0,0.0,22.931249681976624,5.634366060025059
5,z,17,"['x', 'x', 'x', 'x', 'z']",1.0,m1,100000,172,85,158,0,0.00172,0.4941860465116279,22.55667674203869,3.2427590749575756
5,z,17,"['x', 'x', 'x', 'x', 'z']",0.1,m1,100000,43291,3977,7288,0,0.43291,0.09186666974659863,37.72038244904252,4.727667317958549
5,z,17,"['x', 'x', 'x', 'x', 'z']",0.01,m1,100000,91466,722,1419,0,0.91466,0.00789364353967592,122.48647787398659,29.199972221045755
5,z,18,"['z', 'x', 'x', 'x', 'z']",1.0,m1,100000,4199,684,1200,0,0.04199,0.16289592760180993,90.26993269100785,-55.612072371004615
5,z,18,"['z', 'x', 'x', 'x', 'z']",0.1,m1,100000,70012,149,290,0,0.70012,0.0021282065931554905,122.6391593600274,21.85403603297891
5,z,18,"['z', 'x', 'x', 'x', 'z']",0.01,m1,100000,96506,2,3,0,0.96506,2.07241000559355e-05,128.5556151929777,29.91541988903191
5,z,19,"['x', 'z', 'x', 'x', 'z']",1.0,m1,100000,124,23,38,0,0.00124,0.18548387096774188,23.252269943011925,-0.07597305095987394
5,z,19,"['x', 'z', 'x', 'x', 'z']",0.1,m1,100000,46713,88,167,0,0.46713,0.0018838438978442396,37.83079508302035,5.2686461780103855
5,z,19,"['x', 'z', 'x', 'x', 'z']",0.01,m1,100000,92531,2,5,0,0.92531,2.1614377884171532e-05,86.73726323799929,-33.20584076002706
5,z,20,"['z', 'z', 'x', 'x', 'z']",1.0,m1,100000,20329,58,103,0,0.20329,0.0028530670470755526,117.6017902920139,6.336406901013106
5,z,20,"['z', 'z', 'x', 'x', 'z']",0.1,m1,100000,84587,0,0,0,0.84587,0.0,126.99224773299647,25.519968534994405
5,z,20,"['z', 'z', 'x', 'x', 'z']",0.01,m1,100000,98292,0,0,0,0.98292,0.0,68.70418712502578,-12.77047897002194
5,z,21,"['x', 'x', 'z', 'x', 'z']",1.0,m1,100000,183,16,27,0,0.00183,0.08743169398907102,23.850653449015226,0.17379135999362916
5,z,21,"['x', 'x', 'z', 'x', 'z']",0.1,m1,100000,51597,25,44,0,0.51597,0.0004845242940481054,109.91210914595285,16.181941512040794
5,z,21,"['x', 'x', 'z', 'x', 'z']",0.01,m1,100000,93608,1,2,0,0.93608,1.068284761984728e-05,123.75191026600078,28.798187165986747
5,z,22,"['z', 'x', 'z', 'x', 'z']",1.0,m1,100000,1853,12,21,0,0.01853,0.0064759848893686245,59.650062364991754,-24.694318110938184
5,z,22,"['z', 'x', 'z', 'x', 'z']",0.1,m1,100000,65428,0,0,0,0.65428,0.0,82.19656699197367,-31.439928601961583
5,z,22,"['z', 'x', 'z', 'x', 'z']",0.01,m1,100000,95713,0,0,0,0.95713,0.0,44.97498222300783,73.37643051100895
5,z,23,"['x', 'z', 'z', 'x', 'z']",1.0,m1,100000,37,0,1,0,0.00037,0.0,61.22166539396858,0.06500736402813345
5,z,23,"['x', 'z', 'z', 'x', 'z']",0.1,m1,100000,39136,0,0,0,0.39136,0.0,104.75350045697996,12.057474378030747
5,z,23,"['x', 'z', 'z', 'x', 'z']",0.01,m1,100000,90967,0,0,0,0.90967,0.0,62.111305533966515,-9.274393487954512
5,z,24,"['z', 'z', 'z', 'x', 'z']",1.0,m1,100000,43928,0,0,0,0.43928,0.0,126.2807169490261,12.925221375946421
5,z,24,"['z', 'z', 'z', 'x', 'z']",0.1,m1,100000,92019,0,0,0,0.92019,0.0,82.48875829402823,16.85397054895293
5,z,24,"['z', 'z', 'z', 'x', 'z']",0.01,m1,100000,99183,0,0,0,0.99183,0.0,23.37819594296161,5.725590969028417
5,z,25,"['x', 'x', 'x', 'z', 'z']",1.0,m1,100000,27,6,9,0,0.00027,0.2222222222222222,63.956715360982344,0.4143644050345756
5,z,25,"['x', 'x', 'x', 'z', 'z']",0.1,m1,100000,41984,27,52,0,0.41984,0.0006431021341463117,106.78678874700563,13.357912975014187
5,z,25,"['x', 'x', 'x', 'z', 'z']",0.01,m1,100000,91783,0,1,0,0.91783,0.0,43.27517976303352,10.136949892970733
5,z,26,"['z', 'x', 'x', 'z', 'z']",1.0,m1,100000,865,2,3,0,0.00865,0.0023121387283236983,95.95364269701531,0.5563979999860749
5,z,26,"['z', 'x', 'x', 'z', 'z']",0.1,m1,100000,61912,0,0,0,0.61912,0.0,56.588290642015636,86.54624675400555
5,z,26,"['z', 'x', 'x', 'z', 'z']",0.01,m1,100000,95334,0,0,0,0.95334,0.0,55.80570389499189,0.18071818602038547
5,z,27,"['x', 'z', 'x', 'z', 'z']",1.0,m1,100000,152,0,0,0,0.00152,0.0,66.63836231001187,-0.051982064032927155
5,z,27,"['x', 'z', 'x', 'z', 'z']",0.1,m1,100000,51831,0,0,0,0.51831,0.0,38.48332582396688,5.757449432043359
5,z,27,"['x', 'z', 'x', 'z', 'z']",0.01,m1,100000,93579,0,0,0,0.93579,0.0,124.12541103898548,4.538890983036254
5,z,28,"['z', 'z', 'x', 'z', 'z']",1.0,m1,100000,11205,0,0,0,0.11205,0.0,115.61834590602666,1.2416842019883916
5,z,28,"['z', 'z', 'x', 'z', 'z']",0.1,m1,100000,80510,0,0,0,0.8051,0.0,90.81145590503002,15.746445661934558
5,z,28,"['z', 'z', 'x', 'z', 'z']",0.01,m1,100000,97856,0,0,0,0.97856,0.0,24.246158251015004,5.639809731976129
5,z,29,"['x', 'x', 'z', 'z', 'z']",1.0,m1,100000,114,0,0,0,0.00114,0.0,62.29570198699366,0.08553775300970301
5,z,29,"['x', 'x', 'z', 'z', 'z']",0.1,m1,100000,50534,0,0,0,0.50534,0.0,37.89489006798249,5.397298694064375
5,z,29,"['x', 'x', 'z', 'z', 'z']",0.01,m1,100000,93518,0,0,0,0.93518,0.0,43.41217093198793,67.5351687889779
5,z,30,"['z', 'x', 'z', 'z', 'z']",1.0,m1,100000,1657,0,0,0,0.01657,0.0,95.74914948601509,-24.69062752497848
5,z,30,"['z', 'x', 'z', 'z', 'z']",0.1,m1,100000,66337,0,0,0,0.66337,0.0,96.24258831201587,-18.074570110009518
5,z,30,"['z', 'x', 'z', 'z', 'z']",0.01,m1,100000,95921,0,0,0,0.95921,0.0,52.72405831498327,-22.32672538998304
5,z,31,"['x', 'z', 'z', 'z', 'z']",1.0,m1,100000,28,0,0,0,0.00028,0.0,64.37454622500809,-1.801879888982512
5,z,31,"['x', 'z', 'z', 'z', 'z']",0.1,m1,100000,44509,0,0,0,0.44509,0.0,33.50871556199854,3.8799908380024135
5,z,31,"['x', 'z', 'z', 'z', 'z']",0.01,m1,100000,92302,0,0,0,0.92302,0.0,24.90730367199285,4.902004479023162
5,z,32,"['z', 'z', 'z', 'z', 'z']",1.0,m1,100000,182,0,0,0,0.00182,0.0,48.44508052099263,-31.037626769044437
5,z,32,"['z', 'z', 'z', 'z', 'z']",0.1,m1,100000,53501,0,0,0,0.53501,0.0,10.561702247010544,-0.16488575603580102
5,z,32,"['z', 'z', 'z', 'z', 'z']",0.01,m1,100000,93897,0,0,0,0.93897,0.0,0.1567030239966698,0.008288223994895816
5,x,2,"['x', 'x', 'x', 'x', 'x']",1.0,m2,100000,49,0,0,77920,0.0022192028985507247,0.0,18.463597616995685,0.15879986103391275
5,x,2,"['x', 'x', 'x', 'x', 'x']",0.1,m2,100000,46964,0,0,14917,0.5519786561357733,0.0,29.72062725399155,3.876683914975729
5,x,2,"['x', 'x', 'x', 'x', 'x']",0.01,m2,100000,92675,0,0,1593,0.9417521111303058,0.0,69.45968863100279,14.917862984992098
5,x,3,"['z', 'x', 'x', 'x', 'x']",1.0,m2,100000,897,0,0,71353,0.03131217928578909,0.0,31.99642760603456,0.5181222169776447
5,x,3,"['z', 'x', 'x', 'x', 'x']",0.1,m2,100000,62797,0,0,12126,0.7146254864920226,0.0,90.1120351239806,-34.05969192500925
5,x,3,"['z', 'x', 'x', 'x', 'x']",0.01,m2,100000,95459,0,0,1301,0.9671729196851032,0.0,70.55033587903017,15.01916818897007
5,x,4,"['x', 'z', 'x', 'x', 'x']",1.0,m2,100000,58,0,0,73506,0.0021891749075262324,0.0,23.087944721977692,0.15630139101995155
5,x,4,"['x', 'z', 'x', 'x', 'x']",0.1,m2,100000,47366,0,0,13211,0.5457604074249041,0.0,102.74021155800438,14.943289173999801
5,x,4,"['x', 'z', 'x', 'x', 'x']",0.01,m2,100000,92806,0,0,1391,0.9411514161993327,0.0,43.33614511199994,9.85332534799818
5,x,5,"['z', 'z', 'x', 'x', 'x']",1.0,m2,100000,14637,0,0,58246,0.3505532404081046,0.0,53.561873192025814,4.328046300972346
5,x,5,"['z', 'z', 'x', 'x', 'x']",0.1,m2,100000,82434,0,0,8627,0.9021702253400895,0.0,79.1834684839705,15.319544087047689
5,x,5,"['z', 'z', 'x', 'x', 'x']",0.01,m2,100000,98110,0,0,885,0.9898602633304747,0.0,68.9457733790041,15.176672384957783
5,x,6,"['x', 'x', 'z', 'x', 'x']",1.0,m2,100000,89,0,0,74642,0.0035097405158135498,0.0,8.103893357969355,0.07251548301428556
5,x,6,"['x', 'x', 'z', 'x', 'x']",0.1,m2,100000,48198,0,0,13641,0.5581120670688637,0.0,100.81350713502616,14.824494359956589
5,x,6,"['x', 'x', 'z', 'x', 'x']",0.01,m2,100000,92982,0,0,1424,0.943251907157929,0.0,42.94493124698056,50.35297194600571
5,x,7,"['z', 'x', 'z', 'x', 'x']",1.0,m2,100000,4423,7,10,57855,0.10494720607426741,0.0015826362197602917,17.213069388002623,21.24255050299689
5,x,7,"['z', 'x', 'z', 'x', 'x']",0.1,m2,100000,73028,0,0,8412,0.7973533650696598,0.0,117.17214243300259,22.024749114003498
5,x,7,"['z', 'x', 'z', 'x', 'x']",0.01,m2,100000,96867,0,0,892,0.977388303668725,0.0,44.87200584303355,11.090746747970115
5,x,8,"['x', 'z', 'z', 'x', 'x']",1.0,m2,100000,113,8,9,68103,0.003542652914067154,0.07079646017699115,10.928442749020178,-1.1632693840074353
5,x,8,"['x', 'z', 'z', 'x', 'x']",0.1,m2,100000,49440,24,48,11137,0.5563620404442794,0.0004854368932039055,102.7742491310346,15.420243190950714
5,x,8,"['x', 'z', 'z', 'x', 'x']",0.01,m2,100000,93151,0,1,1160,0.9424423310400647,0.0,123.16683705698233,29.11890262097586
5,x,9,"['z', 'z', 'z', 'x', 'x']",1.0,m2,100000,49455,0,1,50545,1.0,0.0,21.382863278035074,5.236486308975145
5,x,9,"['z', 'z', 'z', 'x', 'x']",0.1,m2,100000,93038,0,0,6962,1.0,0.0,75.30843977199402,17.172955100017134
5,x,9,"['z', 'z', 'z', 'x', 'x']",0.01,m2,100000,99310,0,0,690,1.0,0.0,67.18830224103294,15.318563879991416
5,x,10,"['x', 'x', 'x', 'z', 'x']",1.0,m2,100000,64,0,0,79424,0.003110419906687403,0.0,18.02851793303853,-0.053547681076452136
5,x,10,"['x', 'x', 'x', 'z', 'x']",0.1,m2,100000,43112,0,0,15555,0.5105334833323465,0.0,97.07833380898228,13.278870744048618
5,x,10,"['x', 'x', 'x', 'z', 'x']",0.01,m2,100000,91753,0,0,1669,0.9331034973711241,0.0,42.80418420000933,9.445240948989522
5,x,11,"['z', 'x', 'x', 'z', 'x']",1.0,m2,100000,1338,6,11,62599,0.03577444453356862,0.004484304932735439,14.877812127000652,0.24183710594661534
5,x,11,"['z', 'x', 'x', 'z', 'x']",0.1,m2,100000,65345,0,0,9619,0.7229948772418981,0.0,115.6298404620029,20.36189006001223
5,x,11,"['z', 'x', 'x', 'z', 'x']",0.01,m2,100000,95968,0,0,972,0.9690996485842388,0.0,44.82810670201434,11.162627398967743
5,x,12,"['x', 'z', 'x', 'z', 'x']",1.0,m2,100000,129,16,27,70333,0.004348265749823036,0.12403100775193798,26.288007194991224,0.07729941699653864
5,x,12,"['x', 'z', 'x', 'z', 'x']",0.1,m2,100000,49489,40,75,11722,0.5606040009968508,0.0008082604215078337,35.82208085496677,5.77936559607042
5,x,12,"['x', 'z', 'x', 'z', 'x']",0.01,m2,100000,93148,0,0,1222,0.9430035028042681,0.0,123.55189840099774,28.35779319202993
5,x,13,"['z', 'z', 'x', 'z', 'x']",1.0,m2,100000,18397,64,117,53363,0.39447220018440293,0.0034788280697939378,60.24102815199876,5.670386245008558
5,x,13,"['z', 'z', 'x', 'z', 'x']",0.1,m2,100000,83716,0,0,7447,0.9045195725692307,0.0,120.03073699795641,24.5629991790629
5,x,13,"['z', 'z', 'x', 'z', 'x']",0.01,m2,100000,98206,0,0,808,0.9900596822324381,0.0,94.94547472900013,-39.261916243995074
5,x,14,"['x', 'x', 'z', 'z', 'x']",1.0,m2,100000,20,7,10,83228,0.0011924636298592892,0.35,14.408653952006716,-0.07143872801680118
5,x,14,"['x', 'x', 'z', 'z', 'x']",0.1,m2,100000,36602,133,262,17219,0.44215460069339585,0.0036336812196055,32.975850605987944,10.89135015202919
5,x,14,"['x', 'x', 'z', 'z', 'x']",0.01,m2,100000,90339,6,12,1862,0.9205302736962236,6.641649785810166e-05,42.63082486996427,10.00959827407496
5,x,15,"['z', 'x', 'z', 'z', 'x']",1.0,m2,100000,4841,760,1362,60211,0.12166679232953831,0.1569923569510432,46.13574353698641,1.4816724020056427
5,x,15,"['z', 'x', 'z', 'z', 'x']",0.1,m2,100000,70963,148,287,8972,0.7795733180999252,0.0020855939010470115,116.46778722305316,21.378328473947477
5,x,15,"['z', 'x', 'z', 'z', 'x']",0.01,m2,100000,96532,2,4,963,0.9747064228520654,2.071851821161541e-05,128.8194940519752,29.162611595063936
5,x,16,"['x', 'z', 'z', 'z', 'x']",1.0,m2,100000,343,168,320,69806,0.01135987282241505,0.4897959183673469,26.947373227973003,0.14524877001531422
5,x,16,"['x', 'z', 'z', 'z', 'x']",0.1,m2,100000,48634,4297,8132,11757,0.5511372006844736,0.08835382654110291,103.21753760305,15.033429929928388
5,x,16,"['x', 'z', 'z', 'z', 'x']",0.01,m2,100000,92829,760,1513,1266,0.9401928413717666,0.00818709670469353,43.03498799999943,10.570494093000889
5,x,17,"['z', 'z', 'z', 'z', 'x']",1.0,m2,100000,100000,0,0,0,1.0,0.0,117.49940728896763,27.313621086999774
5,x,17,"['z', 'z', 'z', 'z', 'x']",0.1,m2,100000,100000,0,0,0,1.0,0.0,76.57743894599844,17.38625757198315
5,x,17,"['z', 'z', 'z', 'z', 'x']",0.01,m2,100000,100000,0,0,0,1.0,0.0,66.93844199797604,14.922088457038626
5,x,18,"['x', 'x', 'x', 'x', 'z']",1.0,m2,100000,172,5,6,77152,0.007528011204481793,0.029069767441860517,6.79669017100241,0.042513322026934475
5,x,18,"['x', 'x', 'x', 'x', 'z']",0.1,m2,100000,43291,0,1,14580,0.5068016857878717,0.0,34.34927596402122,4.677612894971389
5,x,18,"['x', 'x', 'x', 'x', 'z']",0.01,m2,100000,91466,0,0,1593,0.9294663997479854,0.0,42.65581325197127,9.83895266102627
5,x,19,"['z', 'x', 'x', 'x', 'z']",1.0,m2,100000,4199,32,49,63941,0.11644804348428964,0.007620862110026216,14.322035410034005,0.5819279589341022
5,x,19,"['z', 'x', 'x', 'x', 'z']",0.1,m2,100000,70012,0,0,9965,0.7776087077247738,0.0,114.71931181300897,21.319581732037477
5,x,19,"['z', 'x', 'x', 'x', 'z']",0.01,m2,100000,96506,0,0,1001,0.9748179274538127,0.0,128.2211278009927,28.811158657015767
5,x,20,"['x', 'z', 'x', 'x', 'z']",1.0,m2,100000,124,19,34,73012,0.00459463465243812,0.15322580645161288,8.314777405001223,0.033531965978909284
5,x,20,"['x', 'z', 'x', 'x', 'z']",0.1,m2,100000,46713,66,127,12877,0.536172996797631,0.001412882923383263,35.21744745102478,5.278357874951325
5,x,20,"['x', 'z', 'x', 'x', 'z']",0.01,m2,100000,92531,2,3,1403,0.9384768299238313,2.1614377884171532e-05,122.60972930700518,28.368256531015504
5,x,21,"['z', 'z', 'x', 'x', 'z']",1.0,m2,100000,20329,86,161,52419,0.4272503730480654,0.004230409759456988,50.394776573986746,-26.560280553996563
5,x,21,"['z', 'z', 'x', 'x', 'z']",0.1,m2,100000,84587,0,0,7305,0.9125303414423648,0.0,49.67909461999079,96.8213380400557
5,x,21,"['z', 'z', 'x', 'x', 'z']",0.01,m2,100000,98292,0,0,797,0.9908168099755048,0.0,128.01359783502994,29.307003452966455
5,x,22,"['x', 'x', 'z', 'x', 'z']",1.0,m2,100000,183,28,50,71110,0.006334371754932503,0.15300546448087426,26.168048913008533,-0.009714588988572359
5,x,22,"['x', 'x', 'z', 'x', 'z']",0.1,m2,100000,51597,74,145,12280,0.5882010943912449,0.0014341919103824097,102.6606543000089,15.605258537980262
5,x,22,"['x', 'x', 'z', 'x', 'z']",0.01,m2,100000,93608,2,3,1276,0.9481787609902355,2.136569523969456e-05,43.299492730002385,10.30164620198775
5,x,23,"['z', 'x', 'z', 'x', 'z']",1.0,m2,100000,1853,341,602,63070,0.050176008665041974,0.18402590393955742,14.825974290957674,0.33020392508478835
5,x,23,"['z', 'x', 'z', 'x', 'z']",0.1,m2,100000,65428,190,372,9748,0.724947923591721,0.0029039554930611056,114.49260307702934,20.283291533007286
5,x,23,"['z', 'x', 'z', 'x', 'z']",0.01,m2,100000,95713,2,5,1086,0.9676385547040863,2.089580307795824e-05,72.6607695040293,-16.70577023504302
5,x,24,"['x', 'z', 'z', 'x', 'z']",1.0,m2,100000,37,17,34,79578,0.0018117716188424248,0.45945945945945943,6.0582443730090745,0.022134599974378943
5,x,24,"['x', 'z', 'z', 'x', 'z']",0.1,m2,100000,39136,3318,6478,15395,0.46257313397553335,0.0847812755519215,72.42145806900226,36.15177327301353
5,x,24,"['x', 'z', 'z', 'x', 'z']",0.01,m2,100000,90967,790,1578,1677,0.9251853584613976,0.00868446799388789,42.77665775001515,10.253173726028763
5,x,25,"['z', 'z', 'z', 'x', 'z']",1.0,m2,100000,46131,312,506,53869,1.0,0.00676334785718935,59.371365206025075,13.878826960921288
5,x,25,"['z', 'z', 'z', 'x', 'z']",0.1,m2,100000,92456,0,0,7544,1.0,0.0,119.46526443201583,-59.76552079006797
5,x,25,"['z', 'z', 'z', 'x', 'z']",0.01,m2,100000,99209,0,0,791,1.0,0.0,43.98214858700521,11.244398271024693
5,x,26,"['x', 'x', 'x', 'z', 'z']",1.0,m2,100000,27,10,11,78658,0.0012651110486364915,0.37037037037037035,18.544762877980247,0.0672028610133566
5,x,26,"['x', 'x', 'x', 'z', 'z']",0.1,m2,100000,41984,170,329,15164,0.4948842472535244,0.004049161585365835,34.3056180489948,4.913058966980316
5,x,26,"['x', 'x', 'x', 'z', 'z']",0.01,m2,100000,91783,5,10,1602,0.932773023841948,5.447631914401452e-05,122.3232402530266,27.336242450983264
5,x,27,"['z', 'x', 'x', 'z', 'z']",1.0,m2,100000,865,194,296,70563,0.029384787852022965,0.22427745664739884,33.48742691898951,0.13166647200705484
5,x,27,"['z', 'x', 'x', 'z', 'z']",0.1,m2,100000,61912,288,555,11995,0.7035054826430317,0.004651763793771857,111.33971989498241,18.494174074032344
5,x,27,"['z', 'x', 'x', 'z', 'z']",0.01,m2,100000,95334,6,11,1258,0.9654858115087804,6.293662282086387e-05,127.31120888103032,29.16133652999997
5,x,28,"['x', 'z', 'x', 'z', 'z']",1.0,m2,100000,152,66,121,70672,0.005182760501909438,0.4342105263157895,26.207982604042627,-0.05142860201885924
5,x,28,"['x', 'z', 'x', 'z', 'z']",0.1,m2,100000,51831,4350,8513,12103,0.5896788286289635,0.08392660762863924,63.991347736970056,19.958305409003515
5,x,28,"['x', 'z', 'x', 'z', 'z']",0.01,m2,100000,93579,802,1602,1284,0.9479618298958629,0.008570298891845352,122.79662181402091,29.385231732972898
5,x,29,"['z', 'z', 'x', 'z', 'z']",1.0,m2,100000,11205,1795,2450,62560,0.29927884615384615,0.16019634091923252,16.77298826398328,1.4332598190521821
5,x,29,"['z', 'z', 'x', 'z', 'z']",0.1,m2,100000,80510,238,454,9537,0.8899771177166356,0.002956154514967113,116.02082579903072,24.670683566946536
5,x,29,"['z', 'z', 'x', 'z', 'z']",0.01,m2,100000,97856,3,6,987,0.9883146657509619,3.0657292347968657e-05,127.23121842299588,29.84179061400937
5,x,30,"['x', 'x', 'z', 'z', 'z']",1.0,m2,100000,114,50,80,76500,0.004851063829787234,0.4385964912280702,20.53382897702977,-1.2716006340342574
5,x,30,"['x', 'x', 'z', 'z', 'z']",0.1,m2,100000,50534,5075,9642,14429,0.5905505369809866,0.10042743499426132,35.57538193202345,78.86191405798309
5,x,30,"['x', 'x', 'z', 'z', 'z']",0.01,m2,100000,93518,1008,2004,1527,0.9496816386217541,0.01077867362432905,42.72307732695481,12.040022883040365
5,x,31,"['z', 'x', 'z', 'z', 'z']",1.0,m2,100000,1657,616,775,68553,0.05269183069927179,0.3717561858780929,12.339046897017397,0.22679180197883397
5,x,31,"['z', 'x', 'z', 'z', 'z']",0.1,m2,100000,66337,4524,8474,11517,0.7497146344495553,0.06819723532870048,56.01368229801301,77.8549465489923
5,x,31,"['z', 'x', 'z', 'z', 'z']",0.01,m2,100000,95921,675,1338,1254,0.9713912462276953,0.0070370408982392,44.45850239897845,11.685029545042198
5,x,32,"['x', 'z', 'z', 'z', 'z']",1.0,m2,100000,28,11,0,79760,0.001383399209486166,0.3928571428571429,6.120753952011,0.03076610097195953
5,x,32,"['x', 'z', 'z', 'z', 'z']",0.1,m2,100000,44509,8573,0,15602,0.5273703168321524,0.19261273000966095,34.02893795201089,5.112166299019009
5,x,32,"['x', 'z', 'z', 'z', 'z']",0.01,m2,100000,92302,2209,0,1711,0.9390877921232285,0.023932309159064857,122.29373597900849,29.597732633992564
5,z,2,"['z', 'x', 'x', 'x', 'x']",1.0,m2,100000,897,384,445,71353,0.03131217928578909,0.4280936454849499,32.15673461498227,0.0985281040193513
5,z,2,"['z', 'x', 'x', 'x', 'x']",0.1,m2,100000,62797,5288,9678,12126,0.7146254864920226,0.08420784432377348,110.7347355960519,19.696917122928426
5,z,2,"['z', 'x', 'x', 'x', 'x']",0.01,m2,100000,95459,877,1740,1301,0.9671729196851032,0.009187190312071158,44.43452949001221,26.460667698003817
5,z,3,"['x', 'z', 'x', 'x', 'x']",1.0,m2,100000,58,27,44,73506,0.0021891749075262324,0.4655172413793104,8.171537160000298,-0.07634362496901304
5,z,3,"['x', 'z', 'x', 'x', 'x']",0.1,m2,100000,47366,4960,9409,13211,0.5457604074249041,0.10471646328590123,99.93149732396705,14.948388440010604
5,z,3,"['x', 'z', 'x', 'x', 'x']",0.01,m2,100000,92806,1080,2149,1391,0.9411514161993327,0.011637178630692024,42.86595867504366,10.471724109956995
5,z,4,"['z', 'z', 'x', 'x', 'x']",1.0,m2,100000,14637,1758,2559,58246,0.3505532404081046,0.1201065792170527,53.692412859003525,4.633996810996905
5,z,4,"['z', 'z', 'x', 'x', 'x']",0.1,m2,100000,82434,166,329,8627,0.9021702253400895,0.002013732197879481,117.55537549703149,25.20575631596148
5,z,4,"['z', 'z', 'x', 'x', 'x']",0.01,m2,100000,98110,4,8,885,0.9898602633304747,4.077056365303644e-05,128.1423599749687,30.03137514606351
5,z,5,"['x', 'x', 'z', 'x', 'x']",1.0,m2,100000,89,38,71,74642,0.0035097405158135498,0.4269662921348315,23.27843106497312,0.05229353706818074
5,z,5,"['x', 'x', 'z', 'x', 'x']",0.1,m2,100000,48198,3930,7700,13641,0.5581120670688637,0.08153865305614338,100.67354260798311,14.841150134045165
5,z,5,"['x', 'x', 'z', 'x', 'x']",0.01,m2,100000,92982,764,1519,1424,0.943251907157929,0.008216644081650237,45.8225097740069,70.58201820700197
5,z,6,"['z', 'x', 'z', 'x', 'x']",1.0,m2,100000,3919,649,1002,59871,0.09766004635051957,0.1656034702730288,16.30617890303256,0.5671048620133661
5,z,6,"['z', 'x', 'z', 'x', 'x']",0.1,m2,100000,72107,212,417,8839,0.790985180066037,0.002940075166072642,64.72864855901571,-14.545458637061529
5,z,6,"['z', 'x', 'z', 'x', 'x']",0.01,m2,100000,96751,4,9,954,0.9768289481654988,4.1343241930280605e-05,127.9384490159573,29.882147781027015
5,z,7,"['x', 'z', 'z', 'x', 'x']",1.0,m2,100000,113,23,38,68103,0.003542652914067154,0.20353982300884954,9.758771639957558,0.0063990100752562284
5,z,7,"['x', 'z', 'z', 'x', 'x']",0.1,m2,100000,49440,154,300,11137,0.5563620404442794,0.0031148867313915973,35.97580131498398,5.503545232990291
5,z,7,"['x', 'z', 'z', 'x', 'x']",0.01,m2,100000,93151,2,5,1160,0.9424423310400647,2.1470515614407937e-05,122.50256704800995,28.762416913989
5,z,8,"['z', 'z', 'z', 'x', 'x']",1.0,m2,100000,50007,463,716,49993,1.0,0.009258703781470645,63.96823689900339,15.330677239981014
5,z,8,"['z', 'z', 'z', 'x', 'x']",0.1,m2,100000,93116,0,0,6884,1.0,0.0,119.26147768698866,27.901896373019554
5,z,8,"['z', 'z', 'z', 'x', 'x']",0.01,m2,100000,99329,0,0,671,1.0,0.0,44.04533624398755,19.099018156994134
5,z,9,"['x', 'x', 'x', 'z', 'x']",1.0,m2,100000,64,32,57,79424,0.003110419906687403,0.5,6.271087928966153,-0.019436940958257765
5,z,9,"['x', 'x', 'x', 'z', 'x']",0.1,m2,100000,43112,3512,6846,15555,0.5105334833323465,0.08146223789200224,75.14591401198413,9.279390272975434
5,z,9,"['x', 'x', 'x', 'z', 'x']",0.01,m2,100000,91753,765,1526,1669,0.9331034973711241,0.008337602040260239,42.88224723399617,10.346436574007384
5,z,10,"['z', 'x', 'x', 'z', 'x']",1.0,m2,100000,1338,279,470,62599,0.03577444453356862,0.20852017937219736,42.70911845797673,0.41989925201050937
5,z,10,"['z', 'x', 'x', 'z', 'x']",0.1,m2,100000,65345,168,335,9619,0.7229948772418981,0.0025709694697375607,114.17934645200148,20.370346872950904
5,z,10,"['z', 'x', 'x', 'z', 'x']",0.01,m2,100000,95968,3,6,972,0.9690996485842388,3.126042014001129e-05,128.14477256301325,29.402513590001035
5,z,11,"['x', 'z', 'x', 'z', 'x']",1.0,m2,100000,129,20,37,70333,0.004348265749823036,0.15503875968992253,9.32131196296541,0.007221910986118019
5,z,11,"['x', 'z', 'x', 'z', 'x']",0.1,m2,100000,49489,83,164,11722,0.5606040009968508,0.0016771403746287383,35.925910715945065,5.669724835082889
5,z,11,"['x', 'z', 'x', 'z', 'x']",0.01,m2,100000,93148,4,7,1222,0.9430035028042681,4.294241422253542e-05,50.186912017990835,53.893042090989184
5,z,12,"['z', 'z', 'x', 'z', 'x']",1.0,m2,100000,18459,110,187,53632,0.39809782608695654,0.005959152716831895,59.59538656100631,5.604091903020162
5,z,12,"['z', 'z', 'x', 'z', 'x']",0.1,m2,100000,83861,0,0,7449,0.9061058227355728,0.0,119.26438962202519,9.569355316984002
5,z,12,"['z', 'z', 'x', 'z', 'x']",0.01,m2,100000,98265,0,0,771,0.9902850981064003,0.0,44.65394082403509,11.068217933992855
5,z,13,"['x', 'x', 'z', 'z', 'x']",1.0,m2,100000,20,6,11,83228,0.0011924636298592892,0.30000000000000004,14.334780679957476,-0.08124684594804421
5,z,13,"['x', 'x', 'z', 'z', 'x']",0.1,m2,100000,36602,102,192,17219,0.44215460069339585,0.0027867329654117645,32.80109252996044,30.44976414303528
5,z,13,"['x', 'x', 'z', 'z', 'x']",0.01,m2,100000,90339,2,4,1862,0.9205302736962236,2.213883261936722e-05,121.62840477505233,28.104932996968273
5,z,14,"['z', 'x', 'z', 'z', 'x']",1.0,m2,100000,4841,30,54,60211,0.12166679232953831,0.006197066721751687,45.93436934001511,1.4060573779861443
5,z,14,"['z', 'x', 'z', 'z', 'x']",0.1,m2,100000,70963,0,0,8972,0.7795733180999252,0.0,115.67635967198294,21.254363075015135
5,z,14,"['z', 'x', 'z', 'z', 'x']",0.01,m2,100000,96532,0,0,963,0.9747064228520654,0.0,127.62139121204382,29.262500047916546
5,z,15,"['x', 'z', 'z', 'z', 'x']",1.0,m2,100000,343,9,16,69806,0.01135987282241505,0.026239067055393583,9.419386762019712,3.183182973996736
5,z,15,"['x', 'z', 'z', 'z', 'x']",0.1,m2,100000,48634,0,0,11757,0.5511372006844736,0.0,37.52458268601913,3.7990576029988006
5,z,15,"['x', 'z', 'z', 'z', 'x']",0.01,m2,100000,92829,0,0,1266,0.9401928413717666,0.0,116.4151729909936,36.182569363038056
5,z,16,"['z', 'z', 'z', 'z', 'x']",1.0,m2,100000,100000,0,0,0,1.0,0.0,40.59432705701329,57.52804354799446
5,z,16,"['z', 'z', 'z', 'z', 'x']",0.1,m2,100000,100000,0,0,0,1.0,0.0,75.55346668802667,17.3642524809693
5,z,16,"['z', 'z', 'z', 'z', 'x']",0.01,m2,100000,100000,0,0,0,1.0,0.0,66.10853107599542,15.737877394014504
5,z,17,"['x', 'x', 'x', 'x', 'z']",1.0,m2,100000,172,85,158,77152,0.007528011204481793,0.4941860465116279,6.877752387023065,-0.0377461010357365
5,z,17,"['x', 'x', 'x', 'x', 'z']",0.1,m2,100000,43291,3977,7288,14580,0.5068016857878717,0.09186666974659863,97.8491723149782,13.922007038025185
5,z,17,"['x', 'x', 'x', 'x', 'z']",0.01,m2,100000,91466,722,1419,1593,0.9294663997479854,0.00789364353967592,42.6554289360065,10.415622838947456
5,z,18,"['z', 'x', 'x', 'x', 'z']",1.0,m2,100000,4199,684,1200,63941,0.11644804348428964,0.16289592760180993,14.244095942995045,0.6049722890020348
5,z,18,"['z', 'x', 'x', 'x', 'z']",0.1,m2,100000,70012,149,290,9965,0.7776087077247738,0.0021282065931554905,39.90331918396987,8.232689609052613
5,z,18,"['z', 'x', 'x', 'x', 'z']",0.01,m2,100000,96506,2,3,1001,0.9748179274538127,2.07241000559355e-05,128.33797289198264,29.732481472019572
5,z,19,"['x', 'z', 'x', 'x', 'z']",1.0,m2,100000,124,23,38,73012,0.00459463465243812,0.18548387096774188,8.352211665012874,-0.006050224998034537
5,z,19,"['x', 'z', 'x', 'x', 'z']",0.1,m2,100000,46713,88,167,12877,0.536172996797631,0.0018838438978442396,100.56329355202615,14.319189784000628
5,z,19,"['x', 'z', 'x', 'x', 'z']",0.01,m2,100000,92531,2,5,1403,0.9384768299238313,2.1614377884171532e-05,43.17880442098249,10.160927750053816
5,z,20,"['z', 'z', 'x', 'x', 'z']",1.0,m2,100000,20329,58,103,52419,0.4272503730480654,0.0028530670470755526,61.34434961801162,6.167732990987133
5,z,20,"['z', 'z', 'x', 'x', 'z']",0.1,m2,100000,84587,0,0,7305,0.9125303414423648,0.0,119.63278340903344,25.648117494944017
5,z,20,"['z', 'z', 'x', 'x', 'z']",0.01,m2,100000,98292,0,0,797,0.9908168099755048,0.0,44.47507610497996,11.178981379023753
5,z,21,"['x', 'x', 'z', 'x', 'z']",1.0,m2,100000,183,16,27,71110,0.006334371754932503,0.08743169398907102,25.844503054046072,0.2903989879996516
5,z,21,"['x', 'x', 'z', 'x', 'z']",0.1,m2,100000,51597,25,44,12280,0.5882010943912449,0.0004845242940481054,102.55861690902384,15.93523198494222
5,z,21,"['x', 'x', 'z', 'x', 'z']",0.01,m2,100000,93608,1,2,1276,0.9481787609902355,1.068284761984728e-05,123.1018932419829,28.741393194010016
5,z,22,"['z', 'x', 'z', 'x', 'z']",1.0,m2,100000,1853,12,21,63070,0.050176008665041974,0.0064759848893686245,42.78730669297511,0.5454842160106637
5,z,22,"['z', 'x', 'z', 'x', 'z']",0.1,m2,100000,65428,0,0,9748,0.724947923591721,0.0,114.58047228096984,19.736648356018122
5,z,22,"['z', 'x', 'z', 'x', 'z']",0.01,m2,100000,95713,0,0,1086,0.9676385547040863,0.0,44.74544262699783,11.046144698979333
5,z,23,"['x', 'z', 'z', 'x', 'z']",1.0,m2,100000,37,0,1,79578,0.0018117716188424248,0.0,6.015690358995926,0.030846498033497483
5,z,23,"['x', 'z', 'z', 'x', 'z']",0.1,m2,100000,39136,0,0,15395,0.46257313397553335,0.0,33.51999971200712,4.389998038997874
5,z,23,"['x', 'z', 'z', 'x', 'z']",0.01,m2,100000,90967,0,0,1677,0.9251853584613976,0.0,122.20863849797752,27.284950947971083
5,z,24,"['z', 'z', 'z', 'x', 'z']",1.0,m2,100000,43928,0,0,56072,1.0,0.0,55.27450208499795,12.551413445034996
5,z,24,"['z', 'z', 'z', 'x', 'z']",0.1,m2,100000,92019,0,0,7981,1.0,0.0,24.913326783978846,6.240760547050741
5,z,24,"['z', 'z', 'z', 'x', 'z']",0.01,m2,100000,99183,0,0,817,1.0,0.0,23.103386062954087,5.7582331010489725
5,z,25,"['x', 'x', 'x', 'z', 'z']",1.0,m2,100000,27,6,9,78658,0.0012651110486364915,0.2222222222222222,18.573190009978134,0.09803984803147614
5,z,25,"['x', 'x', 'x', 'z', 'z']",0.1,m2,100000,41984,27,52,15164,0.4948842472535244,0.0006431021341463117,97.86225860798731,13.086513810034376
5,z,25,"['x', 'x', 'x', 'z', 'z']",0.01,m2,100000,91783,0,1,1602,0.932773023841948,0.0,123.08777837199159,8.846166113042273
5,z,26,"['z', 'x', 'x', 'z', 'z']",1.0,m2,100000,865,2,3,70563,0.029384787852022965,0.0023121387283236983,11.568746149947401,0.17938469402724877
5,z,26,"['z', 'x', 'x', 'z', 'z']",0.1,m2,100000,61912,0,0,11995,0.7035054826430317,0.0,38.96701095002936,7.2840400009881705
5,z,26,"['z', 'x', 'x', 'z', 'z']",0.01,m2,100000,95334,0,0,1258,0.9654858115087804,0.0,127.86751980503323,-8.152954768040217
5,z,27,"['x', 'z', 'x', 'z', 'z']",1.0,m2,100000,152,0,0,70672,0.005182760501909438,0.0,9.168345502985176,0.05726683104876429
5,z,27,"['x', 'z', 'x', 'z', 'z']",0.1,m2,100000,51831,0,0,12103,0.5896788286289635,0.0,102.49309286801144,5.2689934659865685
5,z,27,"['x', 'z', 'x', 'z', 'z']",0.01,m2,100000,93579,0,0,1284,0.9479618298958629,0.0,124.39184761198703,-32.11068510299083
5,z,28,"['z', 'z', 'x', 'z', 'z']",1.0,m2,100000,11205,0,0,62560,0.29927884615384615,0.0,16.69146053097211,1.4051376840216108
5,z,28,"['z', 'z', 'x', 'z', 'z']",0.1,m2,100000,80510,0,0,9537,0.8899771177166356,0.0,28.021686352964025,5.846967835037503
5,z,28,"['z', 'z', 'x', 'z', 'z']",0.01,m2,100000,97856,0,0,987,0.9883146657509619,0.0,23.72443664300954,5.621247590985149
5,z,29,"['x', 'x', 'z', 'z', 'z']",1.0,m2,100000,114,0,0,76500,0.004851063829787234,0.0,20.492885432962794,0.059688786044716835
5,z,29,"['x', 'x', 'z', 'z', 'z']",0.1,m2,100000,50534,0,0,14429,0.5905505369809866,0.0,98.98859700799221,-29.895473998971283
5,z,29,"['x', 'x', 'z', 'z', 'z']",0.01,m2,100000,93518,0,0,1527,0.9496816386217541,0.0,119.70113563601626,-73.26872050203383
5,z,30,"['z', 'x', 'z', 'z', 'z']",1.0,m2,100000,1657,0,0,68553,0.05269183069927179,0.0,12.353467320033815,0.19454363192198798
5,z,30,"['z', 'x', 'z', 'z', 'z']",0.1,m2,100000,66337,0,0,11517,0.7497146344495553,0.0,29.851750280009583,5.178223884955514
5,z,30,"['z', 'x', 'z', 'z', 'z']",0.01,m2,100000,95921,0,0,1254,0.9713912462276953,0.0,69.48967708298005,-17.832938617968466
5,z,31,"['x', 'z', 'z', 'z', 'z']",1.0,m2,100000,28,0,0,79760,0.001383399209486166,0.0,6.166340414027218,0.008285747026093304
5,z,31,"['x', 'z', 'z', 'z', 'z']",0.1,m2,100000,44509,0,0,15602,0.5273703168321524,0.0,30.05731714796275,2.876647898054216
5,z,31,"['x', 'z', 'z', 'z', 'z']",0.01,m2,100000,92302,0,0,1711,0.9390877921232285,0.0,64.73035057296511,-35.56398277299013
5,z,32,"['z', 'z', 'z', 'z', 'z']",1.0,m2,100000,182,0,0,80153,0.009170151660200535,0.0,5.881004233029671,-0.0013670860207639635
5,z,32,"['z', 'z', 'z', 'z', 'z']",0.1,m2,100000,53501,0,0,15735,0.634913665222809,0.0,2.5100522990105674,0.04285996698308736
5,z,32,"['z', 'z', 'z', 'z', 'z']",0.01,m2,100000,93897,0,0,1690,0.9551113823619164,0.0,0.12552571500418708,0.005781826970633119
6,x,2,"['x', 'x', 'x', 'x', 'x', 'x']",1.0,normal,100000,0,0,0,0,0.0,1.0,37.59172245900845,29.391912663006224
6,x,2,"['x', 'x', 'x', 'x', 'x', 'x']",0.1,normal,100000,1398,0,0,0,0.01398,0.0,150.96905732696177,1.722902107052505
6,x,2,"['x', 'x', 'x', 'x', 'x', 'x']",0.01,normal,100000,65513,0,0,0,0.65513,0.0,250.69202249799855,36.487943049985915
6,x,3,"['z', 'x', 'x', 'x', 'x', 'x']",1.0,normal,100000,0,0,0,0,0.0,1.0,160.13545598898781,1.4115293190116063
6,x,3,"['z', 'x', 'x', 'x', 'x', 'x']",0.1,normal,100000,7922,0,0,0,0.07922,0.0,204.53572357801022,-129.2088401300134
6,x,3,"['z', 'x', 'x', 'x', 'x', 'x']",0.01,normal,100000,77950,0,0,0,0.7795,0.0,227.15103239298332,87.89458824903704
6,x,4,"['x', 'z', 'x', 'x', 'x', 'x']",1.0,normal,100000,0,0,0,0,0.0,1.0,39.495375050988514,0.9372768660541624
6,x,4,"['x', 'z', 'x', 'x', 'x', 'x']",0.1,normal,100000,2042,0,0,0,0.02042,0.0,149.14811366802314,2.5132581160287373
6,x,4,"['x', 'z', 'x', 'x', 'x', 'x']",0.01,normal,100000,67986,0,0,0,0.67986,0.0,126.73445552401245,-24.18254591396544
6,x,5,"['z', 'z', 'x', 'x', 'x', 'x']",1.0,normal,100000,0,0,0,0,0.0,1.0,200.91154356097104,0.741322131070774
6,x,5,"['z', 'z', 'x', 'x', 'x', 'x']",0.1,normal,100000,16861,0,0,0,0.16861,0.0,102.17021207202924,109.47320292395307
6,x,5,"['z', 'z', 'x', 'x', 'x', 'x']",0.01,normal,100000,83773,0,0,0,0.83773,0.0,177.27659441600554,108.9836851870059
6,x,6,"['x', 'x', 'z', 'x', 'x', 'x']",1.0,normal,100000,0,0,0,0,0.0,1.0,70.12321873899782,-31.579250070033595
6,x,6,"['x', 'x', 'z', 'x', 'x', 'x']",0.1,normal,100000,4196,0,0,0,0.04196,0.0,96.55676565301837,40.433315748989116
6,x,6,"['x', 'x', 'z', 'x', 'x', 'x']",0.01,normal,100000,73009,0,0,0,0.73009,0.0,126.55224800499855,-21.274289382970892
6,x,7,"['z', 'x', 'z', 'x', 'x', 'x']",1.0,normal,100000,0,0,0,0,0.0,1.0,158.2981427179766,0.6248601350234821
6,x,7,"['z', 'x', 'z', 'x', 'x', 'x']",0.1,normal,100000,7708,0,0,0,0.07708,0.0,203.39210866799112,5.133937688020524
6,x,7,"['z', 'x', 'z', 'x', 'x', 'x']",0.01,normal,100000,77707,0,0,0,0.77707,0.0,150.43480611400446,160.84113485901617
6,x,8,"['x', 'z', 'z', 'x', 'x', 'x']",1.0,normal,100000,0,0,0,0,0.0,1.0,112.56326617999002,-51.22782973200083
6,x,8,"['x', 'z', 'z', 'x', 'x', 'x']",0.1,normal,100000,4609,0,0,0,0.04609,0.0,63.20336901303381,1.0764829429099336
6,x,8,"['x', 'z', 'z', 'x', 'x', 'x']",0.01,normal,100000,73534,0,0,0,0.73534,0.0,259.16624128998956,41.33072737901239
6,x,9,"['z', 'z', 'z', 'x', 'x', 'x']",1.0,normal,100000,41,0,0,0,0.00041,0.0,224.34743912197882,12.573208463029005
6,x,9,"['z', 'z', 'z', 'x', 'x', 'x']",0.1,normal,100000,45573,0,0,0,0.45573,0.0,157.50776276999386,131.74315842997748
6,x,9,"['z', 'z', 'z', 'x', 'x', 'x']",0.01,normal,100000,92494,0,0,0,0.92494,0.0,119.71682583499933,-4.247177687997464
6,x,10,"['x', 'x', 'x', 'z', 'x', 'x']",1.0,normal,100000,0,0,0,0,0.0,1.0,101.42219161603134,0.6955863149487413
6,x,10,"['x', 'x', 'x', 'z', 'x', 'x']",0.1,normal,100000,2622,0,0,0,0.02622,0.0,164.20127999602119,0.6102256619487889
6,x,10,"['x', 'x', 'x', 'z', 'x', 'x']",0.01,normal,100000,69685,0,0,0,0.69685,0.0,100.6908962209709,76.07389561698074
6,x,11,"['z', 'x', 'x', 'z', 'x', 'x']",1.0,normal,100000,0,0,0,0,0.0,1.0,131.37798250303604,-53.09371208207449
6,x,11,"['z', 'x', 'x', 'z', 'x', 'x']",0.1,normal,100000,6193,0,0,0,0.06193,0.0,128.764087966003,-52.76271896297112
6,x,11,"['z', 'x', 'x', 'z', 'x', 'x']",0.01,normal,100000,75813,0,0,0,0.75813,0.0,271.61978675599676,43.3715309050167
6,x,12,"['x', 'z', 'x', 'z', 'x', 'x']",1.0,normal,100000,0,0,0,0,0.0,1.0,39.598452765028924,0.04601704195374623
6,x,12,"['x', 'z', 'x', 'z', 'x', 'x']",0.1,normal,100000,2969,0,0,0,0.02969,0.0,127.95327318500495,32.604845024005044
6,x,12,"['x', 'z', 'x', 'z', 'x', 'x']",0.01,normal,100000,70167,0,0,0,0.70167,0.0,103.52948477200698,1.276871615962591
6,x,13,"['z', 'z', 'x', 'z', 'x', 'x']",1.0,normal,100000,0,0,0,0,0.0,1.0,202.29537551203975,-0.21679834107635543
6,x,13,"['z', 'z', 'x', 'z', 'x', 'x']",0.1,normal,100000,11135,0,0,0,0.11135,0.0,226.6109083740157,-2.6990444030379876
6,x,13,"['z', 'z', 'x', 'z', 'x', 'x']",0.01,normal,100000,80416,0,0,0,0.80416,0.0,274.3714388150256,-159.06092196702957
6,x,14,"['x', 'x', 'z', 'z', 'x', 'x']",1.0,normal,100000,0,0,0,0,0.0,1.0,38.25335979805095,-0.0791710740304552
6,x,14,"['x', 'x', 'z', 'z', 'x', 'x']",0.1,normal,100000,1465,0,0,0,0.01465,0.0,154.17544517101487,0.9645207819994539
6,x,14,"['x', 'x', 'z', 'z', 'x', 'x']",0.01,normal,100000,65724,0,0,0,0.65724,0.0,250.63508337497478,38.27406196703669
6,x,15,"['z', 'x', 'z', 'z', 'x', 'x']",1.0,normal,100000,0,0,0,0,0.0,1.0,58.134039419994224,39.02169351500925
6,x,15,"['z', 'x', 'z', 'z', 'x', 'x']",0.1,normal,100000,3002,0,0,0,0.03002,0.0,142.35804233304225,62.572101999947336
6,x,15,"['z', 'x', 'z', 'z', 'x', 'x']",0.01,normal,100000,70371,0,0,0,0.70371,0.0,103.83817498298595,5.264992471027654
6,x,16,"['x', 'z', 'z', 'z', 'x', 'x']",1.0,normal,100000,0,0,0,0,0.0,1.0,51.22447649395326,-1.2440488879801705
6,x,16,"['x', 'z', 'z', 'z', 'x', 'x']",0.1,normal,100000,667,10,10,0,0.00667,0.014992503748125885,150.26756164000835,0.2749968029675074
6,x,16,"['x', 'z', 'z', 'z', 'x', 'x']",0.01,normal,100000,60049,4,9,0,0.60049,6.66122666489466e-05,150.20952387299621,-49.42960110103013
6,x,17,"['z', 'z', 'z', 'z', 'x', 'x']",1.0,normal,100000,2235,0,0,0,0.02235,0.0,276.7358361079823,0.0706707569770515
6,x,17,"['z', 'z', 'z', 'z', 'x', 'x']",0.1,normal,100000,59925,0,0,0,0.59925,0.0,190.2852278559585,118.76912666804856
6,x,17,"['z', 'z', 'z', 'z', 'x', 'x']",0.01,normal,100000,94867,0,0,0,0.94867,0.0,109.38334571302403,9.143735726946034
6,x,18,"['x', 'x', 'x', 'x', 'z', 'x']",1.0,normal,100000,0,0,0,0,0.0,1.0,104.64642238500528,0.3029236000147648
6,x,18,"['x', 'x', 'x', 'x', 'z', 'x']",0.1,normal,100000,1455,0,0,0,0.01455,0.0,158.24054940999486,0.8224521880038083
6,x,18,"['x', 'x', 'x', 'x', 'z', 'x']",0.01,normal,100000,64884,0,0,0,0.64884,0.0,252.51991559000453,35.63851912197424
6,x,19,"['z', 'x', 'x', 'x', 'z', 'x']",1.0,normal,100000,0,0,0,0,0.0,1.0,160.73146735003684,-0.5487393770017661
6,x,19,"['z', 'x', 'x', 'x', 'z', 'x']",0.1,normal,100000,4766,0,0,0,0.04766,0.0,97.1788971380447,109.31971246696776
6,x,19,"['z', 'x', 'x', 'x', 'z', 'x']",0.01,normal,100000,73864,0,0,0,0.73864,0.0,121.84207275504014,-12.336403255991172
6,x,20,"['x', 'z', 'x', 'x', 'z', 'x']",1.0,normal,100000,0,0,0,0,0.0,1.0,105.69177976803621,0.13949629297712818
6,x,20,"['x', 'z', 'x', 'x', 'z', 'x']",0.1,normal,100000,3086,0,0,0,0.03086,0.0,170.76811612199526,-84.49466212902917
6,x,20,"['x', 'z', 'x', 'x', 'z', 'x']",0.01,normal,100000,70756,0,0,0,0.70756,0.0,91.84676306298934,91.67973932699533
6,x,21,"['z', 'z', 'x', 'x', 'z', 'x']",1.0,normal,100000,0,0,0,0,0.0,1.0,71.89898590097437,102.35986953607062
6,x,21,"['z', 'z', 'x', 'x', 'z', 'x']",0.1,normal,100000,20618,0,0,0,0.20618,0.0,118.08673298096983,-27.962810639932286
6,x,21,"['z', 'z', 'x', 'x', 'z', 'x']",0.01,normal,100000,85480,0,0,0,0.8548,0.0,269.76708758901805,27.65064937900752
6,x,22,"['x', 'x', 'z', 'x', 'z', 'x']",1.0,normal,100000,0,0,0,0,0.0,1.0,102.13153590197908,0.42836529202759266
6,x,22,"['x', 'x', 'z', 'x', 'z', 'x']",0.1,normal,100000,2484,0,0,0,0.02484,0.0,157.8492429170292,1.7521334440098144
6,x,22,"['x', 'x', 'z', 'x', 'z', 'x']",0.01,normal,100000,69054,0,0,0,0.69054,0.0,94.02665135101415,195.16537626995705
6,x,23,"['z', 'x', 'z', 'x', 'z', 'x']",1.0,normal,100000,0,0,0,0,0.0,1.0,164.3840241630096,0.1659707619692199
6,x,23,"['z', 'x', 'z', 'x', 'z', 'x']",0.1,normal,100000,8960,2,1,0,0.0896,0.00022321428571425717,218.61116964899702,5.942352863959968
6,x,23,"['z', 'x', 'z', 'x', 'z', 'x']",0.01,normal,100000,78603,0,0,0,0.78603,0.0,163.84946099302033,-16.982121571025345
6,x,24,"['x', 'z', 'z', 'x', 'z', 'x']",1.0,normal,100000,0,0,0,0,0.0,1.0,108.31831793498714,-0.34280659299110994
6,x,24,"['x', 'z', 'z', 'x', 'z', 'x']",0.1,normal,100000,1485,12,25,0,0.01485,0.008080808080808133,59.1587893050164,0.29162443499080837
6,x,24,"['x', 'z', 'z', 'x', 'z', 'x']",0.01,normal,100000,65495,2,5,0,0.65495,3.05366821894415e-05,187.71233868895797,29.24180169904139
6,x,25,"['z', 'z', 'z', 'x', 'z', 'x']",1.0,normal,100000,584,0,1,0,0.00584,0.0,241.60121778596658,8.189317766053136
6,x,25,"['z', 'z', 'z', 'x', 'z', 'x']",0.1,normal,100000,54186,0,0,0,0.54186,0.0,97.15284056996461,90.74874290404841
6,x,25,"['z', 'z', 'z', 'x', 'z', 'x']",0.01,normal,100000,93883,0,0,0,0.93883,0.0,201.61638136999682,134.53803454100853
6,x,26,"['x', 'x', 'x', 'z', 'z', 'x']",1.0,normal,100000,0,0,0,0,0.0,1.0,104.77967382996576,3.88941603602143
6,x,26,"['x', 'x', 'x', 'z', 'z', 'x']",0.1,normal,100000,1969,0,1,0,0.01969,0.0,57.428079320990946,37.636307824985124
6,x,26,"['x', 'x', 'x', 'z', 'z', 'x']",0.01,normal,100000,67481,0,0,0,0.67481,0.0,259.9934614030062,33.92059235199122
6,x,27,"['z', 'x', 'x', 'z', 'z', 'x']",1.0,normal,100000,0,0,0,0,0.0,1.0,66.73294752603397,3.046400683990214
6,x,27,"['z', 'x', 'x', 'z', 'z', 'x']",0.1,normal,100000,7962,0,0,0,0.07962,0.0,135.78000145498663,76.89016574405832
6,x,27,"['z', 'x', 'x', 'z', 'z', 'x']",0.01,normal,100000,77477,0,0,0,0.77477,0.0,271.2866568469908,41.075932980980724
6,x,28,"['x', 'z', 'x', 'z', 'z', 'x']",1.0,normal,100000,0,0,0,0,0.0,1.0,40.18872351502068,64.10584203299368
6,x,28,"['x', 'z', 'x', 'z', 'z', 'x']",0.1,normal,100000,1567,30,56,0,0.01567,0.01914486279514993,107.16314693901222,-48.25147748802556
6,x,28,"['x', 'z', 'x', 'z', 'z', 'x']",0.01,normal,100000,65771,10,19,0,0.65771,0.0001520426935883723,121.10681852599373,175.93690366798546
6,x,29,"['z', 'z', 'x', 'z', 'z', 'x']",1.0,normal,100000,8,2,3,0,8e-05,0.25,209.19591856497573,-3.7879723699879833
6,x,29,"['z', 'z', 'x', 'z', 'z', 'x']",0.1,normal,100000,25335,11,20,0,0.25335,0.000434181961713076,128.23279430199182,-10.38190931401914
6,x,29,"['z', 'z', 'x', 'z', 'z', 'x']",0.01,normal,100000,86691,0,0,0,0.86691,0.0,131.6472173689981,75.18043717497494
6,x,30,"['x', 'x', 'z', 'z', 'z', 'x']",1.0,normal,100000,0,0,0,0,0.0,1.0,108.31810331100132,0.15830865898169577
6,x,30,"['x', 'x', 'z', 'z', 'z', 'x']",0.1,normal,100000,5627,169,296,0,0.05627,0.030033765772169874,109.40145859098993,-8.414755065983627
6,x,30,"['x', 'x', 'z', 'z', 'z', 'x']",0.01,normal,100000,74367,16,29,0,0.74367,0.00021514919251819364,146.2669224019628,158.51583731803112
6,x,31,"['z', 'x', 'z', 'z', 'z', 'x']",1.0,normal,100000,0,0,0,0,0.0,1.0,159.45640244201059,-0.06331336102448404
6,x,31,"['z', 'x', 'z', 'z', 'z', 'x']",0.1,normal,100000,6340,400,637,0,0.0634,0.06309148264984232,72.62254702998325,25.823036716028582
6,x,31,"['z', 'x', 'z', 'z', 'z', 'x']",0.01,normal,100000,73847,45,88,0,0.73847,0.0006093680176580962,266.7114534499706,41.6259729390149
6,x,32,"['x', 'z', 'z', 'z', 'z', 'x']",1.0,normal,100000,0,0,0,0,0.0,1.0,39.74022724997485,38.17606903699925
6,x,32,"['x', 'z', 'z', 'z', 'z', 'x']",0.1,normal,100000,6606,2115,3470,0,0.06606,0.3201634877384196,170.0923822799814,4.043817900004797
6,x,32,"['x', 'z', 'z', 'z', 'z', 'x']",0.01,normal,100000,72921,1994,3765,0,0.72921,0.027344660660166498,264.3981989590102,42.85980438400293
6,x,33,"['z', 'z', 'z', 'z', 'z', 'x']",1.0,normal,100000,100000,0,0,0,1.0,0.0,95.33591027196962,157.75185326201608
6,x,33,"['z', 'z', 'z', 'z', 'z', 'x']",0.1,normal,100000,100000,0,0,0,1.0,0.0,193.1346548179863,136.2033345810487
6,x,33,"['z', 'z', 'z', 'z', 'z', 'x']",0.01,normal,100000,100000,0,0,0,1.0,0.0,97.92508030199679,20.697243919014
6,x,34,"['x', 'x', 'x', 'x', 'x', 'z']",1.0,normal,100000,0,0,0,0,0.0,1.0,108.19894119701348,0.3035269289393909
6,x,34,"['x', 'x', 'x', 'x', 'x', 'z']",0.1,normal,100000,4163,0,0,0,0.04163,0.0,60.7156233919668,1.029654061072506
6,x,34,"['x', 'x', 'x', 'x', 'x', 'z']",0.01,normal,100000,70293,0,0,0,0.70293,0.0,255.95140444103163,39.339441459975205
6,x,35,"['z', 'x', 'x', 'x', 'x', 'z']",1.0,normal,100000,0,0,0,0,0.0,1.0,155.03571991802892,-96.83122749300674
6,x,35,"['z', 'x', 'x', 'x', 'x', 'z']",0.1,normal,100000,8031,0,0,0,0.08031,0.0,75.84632354904898,2.103392904973589
6,x,35,"['z', 'x', 'x', 'x', 'x', 'z']",0.01,normal,100000,76565,0,0,0,0.76565,0.0,95.00070840399712,56.30187811498763
6,x,36,"['x', 'z', 'x', 'x', 'x', 'z']",1.0,normal,100000,0,0,0,0,0.0,1.0,108.42315409600269,-0.2680361879756674
6,x,36,"['x', 'z', 'x', 'x', 'x', 'z']",0.1,normal,100000,3465,0,0,0,0.03465,0.0,169.15340771898627,2.0614476990303956
6,x,36,"['x', 'z', 'x', 'x', 'x', 'z']",0.01,normal,100000,70765,0,0,0,0.70765,0.0,256.63346975599416,40.23449738899944
6,x,37,"['z', 'z', 'x', 'x', 'x', 'z']",1.0,normal,100000,2,0,0,0,2e-05,0.0,71.99741401796928,0.27296895399922505
6,x,37,"['z', 'z', 'x', 'x', 'x', 'z']",0.1,normal,100000,21475,0,0,0,0.21475,0.0,191.6409396950039,-48.77376697695581
6,x,37,"['z', 'z', 'x', 'x', 'x', 'z']",0.01,normal,100000,85322,0,0,0,0.85322,0.0,273.3034306180198,47.41762867098441
6,x,38,"['x', 'x', 'z', 'x', 'x', 'z']",1.0,normal,100000,0,0,0,0,0.0,1.0,104.59992696903646,0.1277154939598404
6,x,38,"['x', 'x', 'z', 'x', 'x', 'z']",0.1,normal,100000,3407,0,0,0,0.03407,0.0,82.51969487499446,83.7229470500024
6,x,38,"['x', 'x', 'z', 'x', 'x', 'z']",0.01,normal,100000,71397,0,0,0,0.71397,0.0,255.5521393059753,40.471900654025376
6,x,39,"['z', 'x', 'z', 'x', 'x', 'z']",1.0,normal,100000,0,0,0,0,0.0,1.0,61.54178572399542,-2.7337972599780187
6,x,39,"['z', 'x', 'z', 'x', 'x', 'z']",0.1,normal,100000,12274,0,0,0,0.12274,0.0,95.48391504498431,129.78905296197627
6,x,39,"['z', 'x', 'z', 'x', 'x', 'z']",0.01,normal,100000,81044,0,0,0,0.81044,0.0,188.72362082096515,126.42125800804934
6,x,40,"['x', 'z', 'z', 'x', 'x', 'z']",1.0,normal,100000,0,0,0,0,0.0,1.0,39.301799091976136,26.361753804027103
6,x,40,"['x', 'z', 'z', 'x', 'x', 'z']",0.1,normal,100000,1505,24,45,0,0.01505,0.015946843853820614,58.373954186972696,-1.3873969509731978
6,x,40,"['x', 'z', 'z', 'x', 'x', 'z']",0.01,normal,100000,65506,9,18,0,0.65506,0.000137391994626479,116.31918888899963,-13.270335701992735
6,x,41,"['z', 'z', 'z', 'x', 'x', 'z']",1.0,normal,100000,871,1,0,0,0.00871,0.0011481056257175437,238.7899098439957,0.8640819520223886
6,x,41,"['z', 'z', 'z', 'x', 'x', 'z']",0.1,normal,100000,58006,0,0,0,0.58006,0.0,127.15694865497062,-18.336070436926093
6,x,41,"['z', 'z', 'z', 'x', 'x', 'z']",0.01,normal,100000,94719,0,0,0,0.94719,0.0,275.92900482501136,52.57066708500497
6,x,42,"['x', 'x', 'x', 'z', 'x', 'z']",1.0,normal,100000,0,0,0,0,0.0,1.0,104.66486340505071,-50.58785783307394
6,x,42,"['x', 'x', 'x', 'z', 'x', 'z']",0.1,normal,100000,785,0,0,0,0.00785,0.0,148.69066241697874,0.48340131901204586
6,x,42,"['x', 'x', 'x', 'z', 'x', 'z']",0.01,normal,100000,61817,0,0,0,0.61817,0.0,246.63342244300293,35.78861104696989
6,x,43,"['z', 'x', 'x', 'z', 'x', 'z']",1.0,normal,100000,0,0,0,0,0.0,1.0,79.5490814379882,-22.548251655010972
6,x,43,"['z', 'x', 'x', 'z', 'x', 'z']",0.1,normal,100000,4437,0,1,0,0.04437,0.0,113.1560668220045,-22.05418248899514
6,x,43,"['z', 'x', 'x', 'z', 'x', 'z']",0.01,normal,100000,73381,0,0,0,0.73381,0.0,154.01233346696245,-25.067864833923522
6,x,44,"['x', 'z', 'x', 'z', 'x', 'z']",1.0,normal,100000,0,0,0,0,0.0,1.0,103.184309586999,-0.18579395598499104
6,x,44,"['x', 'z', 'x', 'z', 'x', 'z']",0.1,normal,100000,969,24,42,0,0.00969,0.024767801857585092,150.80872034101048,0.38034991797758266
6,x,44,"['x', 'z', 'x', 'z', 'x', 'z']",0.01,normal,100000,62939,11,20,0,0.62939,0.00017477239867169647,95.58532810496399,187.85733831505058
6,x,45,"['z', 'z', 'x', 'z', 'x', 'z']",1.0,normal,100000,2,1,2,0,2e-05,0.5,203.66044138098368,-0.305218901950866
6,x,45,"['z', 'z', 'x', 'z', 'x', 'z']",0.1,normal,100000,30883,3,6,0,0.30883,9.714082181133676e-05,89.88795564702014,7.35855238098884
6,x,45,"['z', 'z', 'x', 'z', 'x', 'z']",0.01,normal,100000,88744,0,0,0,0.88744,0.0,201.18731539300643,120.89183412998682
6,x,46,"['x', 'x', 'z', 'z', 'x', 'z']",1.0,normal,100000,0,0,0,0,0.0,1.0,104.15852419898147,-0.3122657729545608
6,x,46,"['x', 'x', 'z', 'z', 'x', 'z']",0.1,normal,100000,1631,32,58,0,0.01631,0.019619865113427393,154.73980445496272,1.395628572034184
6,x,46,"['x', 'x', 'z', 'z', 'x', 'z']",0.01,normal,100000,66672,14,27,0,0.66672,0.00020998320134391069,92.64337043801788,60.84474739502184
6,x,47,"['z', 'x', 'z', 'z', 'x', 'z']",1.0,normal,100000,0,0,0,0,0.0,1.0,77.02400307601783,-17.869783909991384
6,x,47,"['z', 'x', 'z', 'z', 'x', 'z']",0.1,normal,100000,4467,214,387,0,0.04467,0.047906872621446106,124.85183356300695,46.32108883699402
6,x,47,"['z', 'x', 'z', 'z', 'x', 'z']",0.01,normal,100000,73163,36,73,0,0.73163,0.0004920519934940026,266.54638915898977,41.39400667999871
6,x,48,"['x', 'z', 'z', 'z', 'x', 'z']",1.0,normal,100000,0,0,0,0,0.0,1.0,100.10427522001555,0.12361799395876005
6,x,48,"['x', 'z', 'z', 'z', 'x', 'z']",0.1,normal,100000,3294,934,1708,0,0.03294,0.28354584092289015,162.24343334703008,1.6038021249696612
6,x,48,"['x', 'z', 'z', 'z', 'x', 'z']",0.01,normal,100000,70188,2152,4253,0,0.70188,0.03066051176839346,151.25448107201373,144.10558950295672
6,x,49,"['z', 'z', 'z', 'z', 'x', 'z']",1.0,normal,100000,7935,46,63,0,0.07935,0.005797101449275366,122.41149153397419,-22.34762424294604
6,x,49,"['z', 'z', 'z', 'z', 'x', 'z']",0.1,normal,100000,73323,0,0,0,0.73323,0.0,171.36118219298078,144.31591999501688
6,x,49,"['z', 'z', 'z', 'z', 'x', 'z']",0.01,normal,100000,96883,0,0,0,0.96883,0.0,279.0623783839983,54.019118215946946
6,x,50,"['x', 'x', 'x', 'x', 'z', 'z']",1.0,normal,100000,0,0,0,0,0.0,1.0,101.2459117200342,-0.2703299880377017
6,x,50,"['x', 'x', 'x', 'x', 'z', 'z']",0.1,normal,100000,1824,0,0,0,0.01824,0.0,56.38737442600541,0.5964248760137707
6,x,50,"['x', 'x', 'x', 'x', 'z', 'z']",0.01,normal,100000,66457,0,0,0,0.66457,0.0,251.81507396599045,37.27911684900755
6,x,51,"['z', 'x', 'x', 'x', 'z', 'z']",1.0,normal,100000,0,0,0,0,0.0,1.0,62.7793733329745,-5.765730687940959
6,x,51,"['z', 'x', 'x', 'x', 'z', 'z']",0.1,normal,100000,3365,3,6,0,0.03365,0.0008915304606240682,91.7186529590399,107.36501652095467
6,x,51,"['z', 'x', 'x', 'x', 'z', 'z']",0.01,normal,100000,71112,0,0,0,0.71112,0.0,246.00863556197146,56.42979070398724
6,x,52,"['x', 'z', 'x', 'x', 'z', 'z']",1.0,normal,100000,0,0,0,0,0.0,1.0,58.192229707026854,-17.779907040006947
6,x,52,"['x', 'z', 'x', 'x', 'z', 'z']",0.1,normal,100000,2204,58,111,0,0.02204,0.02631578947368418,83.42050049098907,-22.97764533996815
6,x,52,"['x', 'z', 'x', 'x', 'z', 'z']",0.01,normal,100000,68484,18,37,0,0.68484,0.0002628351147713204,160.1631832079729,133.69457308005076
6,x,53,"['z', 'z', 'x', 'x', 'z', 'z']",1.0,normal,100000,0,0,0,0,0.0,1.0,143.53508843301097,55.27684498898452
6,x,53,"['z', 'z', 'x', 'x', 'z', 'z']",0.1,normal,100000,10132,3,6,0,0.10132,0.0002960915909988593,82.09846176503925,2.2573303649551235
6,x,53,"['z', 'z', 'x', 'x', 'z', 'z']",0.01,normal,100000,79506,0,0,0,0.79506,0.0,172.94457158900332,142.4288927190355
6,x,54,"['x', 'x', 'z', 'x', 'z', 'z']",1.0,normal,100000,0,0,0,0,0.0,1.0,71.11844356596703,-33.2438101079897
6,x,54,"['x', 'x', 'z', 'x', 'z', 'z']",0.1,normal,100000,2768,100,190,0,0.02768,0.036127167630057855,159.57737077202182,1.8242820909363218
6,x,54,"['x', 'x', 'z', 'x', 'z', 'z']",0.01,normal,100000,70087,28,53,0,0.70087,0.0003995034742534376,174.42584584502038,38.95973641297314
6,x,55,"['z', 'x', 'z', 'x', 'z', 'z']",1.0,normal,100000,0,0,0,0,0.0,1.0,58.04071131395176,73.71740296005737
6,x,55,"['z', 'x', 'z', 'x', 'z', 'z']",0.1,normal,100000,9312,316,589,0,0.09312,0.03393470790378006,75.76341317099286,19.88057293195743
6,x,55,"['z', 'x', 'z', 'x', 'z', 'z']",0.01,normal,100000,78829,36,71,0,0.78829,0.0004566847226274984,131.5146655049757,104.29707211104687
6,x,56,"['x', 'z', 'z', 'x', 'z', 'z']",1.0,normal,100000,0,0,0,0,0.0,1.0,56.65477645699866,47.01015450997511
6,x,56,"['x', 'z', 'z', 'x', 'z', 'z']",0.1,normal,100000,2215,654,1235,0,0.02215,0.2952595936794582,107.8343309959746,53.21589248202508
6,x,56,"['x', 'z', 'z', 'x', 'z', 'z']",0.01,normal,100000,68324,2599,5152,0,0.68324,0.038039341958901685,228.8566571599804,64.0308246560162
6,x,57,"['z', 'z', 'z', 'x', 'z', 'z']",1.0,normal,100000,43,12,11,0,0.00043,0.2790697674418605,109.60270692402264,127.43268435797654
6,x,57,"['z', 'z', 'z', 'x', 'z', 'z']",0.1,normal,100000,45418,16,33,0,0.45418,0.00035228323572156217,264.15745230502216,25.633512913947925
6,x,57,"['z', 'z', 'z', 'x', 'z', 'z']",0.01,normal,100000,92322,0,0,0,0.92322,0.0,225.9733501499868,7.628910796018317
6,x,58,"['x', 'x', 'x', 'z', 'z', 'z']",1.0,normal,100000,0,0,0,0,0.0,1.0,60.38220160501078,-21.79670490004355
6,x,58,"['x', 'x', 'x', 'z', 'z', 'z']",0.1,normal,100000,1882,99,184,0,0.01882,0.052603613177470754,58.088369309029076,0.3336470269714482
6,x,58,"['x', 'x', 'x', 'z', 'z', 'z']",0.01,normal,100000,67316,50,99,0,0.67316,0.0007427654643770154,161.25079064205056,-57.482123775058426
6,x,59,"['z', 'x', 'x', 'z', 'z', 'z']",1.0,normal,100000,0,0,0,0,0.0,1.0,157.55515421699965,-43.69836897798814
6,x,59,"['z', 'x', 'x', 'z', 'z', 'z']",0.1,normal,100000,3258,206,351,0,0.03258,0.06322897483118473,70.4485516360146,94.34779201599304
6,x,59,"['z', 'x', 'x', 'z', 'z', 'z']",0.01,normal,100000,71077,58,111,0,0.71077,0.0008160164328826491,263.220231209998,40.294841869035736
6,x,60,"['x', 'z', 'x', 'z', 'z', 'z']",1.0,normal,100000,0,0,0,0,0.0,1.0,110.64362882898422,0.3393131190096028
6,x,60,"['x', 'z', 'x', 'z', 'z', 'z']",0.1,normal,100000,4022,1129,2108,0,0.04022,0.28070611636001985,66.17791407101322,69.72615424101241
6,x,60,"['x', 'z', 'x', 'z', 'z', 'z']",0.01,normal,100000,72577,2639,5224,0,0.72577,0.03636138170494785,151.76132256299024,148.41680587502196
6,x,61,"['z', 'z', 'x', 'z', 'z', 'z']",1.0,normal,100000,0,0,0,0,0.0,1.0,200.641937176988,-0.1355567339924164
6,x,61,"['z', 'z', 'x', 'z', 'z', 'z']",0.1,normal,100000,18024,1296,2042,0,0.18024,0.07190412782956057,189.4864553840016,55.9731429030071
6,x,61,"['z', 'z', 'x', 'z', 'z', 'z']",0.01,normal,100000,84155,84,161,0,0.84155,0.0009981581605370549,108.56937501498032,4.946473953023087
6,x,62,"['x', 'x', 'z', 'z', 'z', 'z']",1.0,normal,100000,0,0,0,0,0.0,1.0,41.89836912800092,-3.242960893025156
6,x,62,"['x', 'x', 'z', 'z', 'z', 'z']",0.1,normal,100000,7514,1740,3120,0,0.07514,0.2315677402182592,112.73608813999454,-46.030870324990246
6,x,62,"['x', 'x', 'z', 'z', 'z', 'z']",0.01,normal,100000,77383,2360,4651,0,0.77383,0.030497654523603424,259.2835919560166,45.618059557978995
6,x,63,"['z', 'x', 'z', 'z', 'z', 'z']",1.0,normal,100000,0,0,0,0,0.0,1.0,163.37331598700257,0.47946559998672456
6,x,63,"['z', 'x', 'z', 'z', 'z', 'z']",0.1,normal,100000,12707,3766,5365,0,0.12707,0.2963720783819942,144.64884464500938,-63.85158173600212
6,x,63,"['z', 'x', 'z', 'z', 'z', 'z']",0.01,normal,100000,81329,3444,6621,0,0.81329,0.042346518462049176,270.17645711801015,47.56330502498895
6,x,64,"['x', 'z', 'z', 'z', 'z', 'z']",1.0,normal,100000,0,0,0,0,0.0,1.0,109.69439627596876,-44.13883356493898
6,x,64,"['x', 'z', 'z', 'z', 'z', 'z']",0.1,normal,100000,2558,1137,0,0,0.02558,0.444487881157154,58.06584760401165,0.5373950839857571
6,x,64,"['x', 'z', 'z', 'z', 'z', 'z']",0.01,normal,100000,69800,7209,0,0,0.698,0.10328080229226366,98.55369602300925,34.923023890994955
6,z,2,"['z', 'x', 'x', 'x', 'x', 'x']",1.0,normal,100000,0,0,0,0,0.0,1.0,144.40376689500408,16.19053806498414
6,z,2,"['z', 'x', 'x', 'x', 'x', 'x']",0.1,normal,100000,7922,1957,2956,0,0.07922,0.24703357737944964,114.9133780549746,94.31493400305044
6,z,2,"['z', 'x', 'x', 'x', 'x', 'x']",0.01,normal,100000,77950,2612,5089,0,0.7795,0.03350865939704939,268.1705134639633,44.87622410105541
6,z,3,"['x', 'z', 'x', 'x', 'x', 'x']",1.0,normal,100000,0,0,0,0,0.0,1.0,103.96343927097041,0.05656842904863879
6,z,3,"['x', 'z', 'x', 'x', 'x', 'x']",0.1,normal,100000,2042,601,1034,0,0.02042,0.29431929480901076,153.7627972170012,1.2754807399469428
6,z,3,"['x', 'z', 'x', 'x', 'x', 'x']",0.01,normal,100000,67986,2802,5477,0,0.67986,0.04121436766393083,159.13737539597787,105.58458248898387
6,z,4,"['z', 'z', 'x', 'x', 'x', 'x']",1.0,normal,100000,0,0,0,0,0.0,1.0,71.27987744298298,-0.1408903009723872
6,z,4,"['z', 'z', 'x', 'x', 'x', 'x']",0.1,normal,100000,16861,723,1242,0,0.16861,0.0428800189787083,99.08837521600071,-10.724156321026385
6,z,4,"['z', 'z', 'x', 'x', 'x', 'x']",0.01,normal,100000,83773,42,85,0,0.83773,0.0005013548518019162,214.47057970403694,106.44746329297777
6,z,5,"['x', 'x', 'z', 'x', 'x', 'x']",1.0,normal,100000,0,0,0,0,0.0,1.0,65.73420951899607,-17.31996068096487
6,z,5,"['x', 'x', 'z', 'x', 'x', 'x']",0.1,normal,100000,4196,1033,1968,0,0.04196,0.24618684461391804,106.181591244007,61.421233442029916
6,z,5,"['x', 'x', 'z', 'x', 'x', 'x']",0.01,normal,100000,73009,2462,4871,0,0.73009,0.033721869906449875,112.06650513701607,37.32396711100591
6,z,6,"['z', 'x', 'z', 'x', 'x', 'x']",1.0,normal,100000,0,0,0,0,0.0,1.0,98.82016755302902,-35.38541306403931
6,z,6,"['z', 'x', 'z', 'x', 'x', 'x']",0.1,normal,100000,7708,444,772,0,0.07708,0.057602490918526206,205.90755492798053,4.240261665021535
6,z,6,"['z', 'x', 'z', 'x', 'x', 'x']",0.01,normal,100000,77707,54,105,0,0.77707,0.0006949180897474205,270.1993496309733,43.97006793000037
6,z,7,"['x', 'z', 'z', 'x', 'x', 'x']",1.0,normal,100000,0,0,0,0,0.0,1.0,109.04999008402228,0.10375685297185555
6,z,7,"['x', 'z', 'z', 'x', 'x', 'x']",0.1,normal,100000,4609,174,317,0,0.04609,0.037752223909741756,119.02405992499553,-20.054405634989962
6,z,7,"['x', 'z', 'z', 'x', 'x', 'x']",0.01,normal,100000,73534,40,79,0,0.73534,0.0005439660565180748,117.2056981449714,182.07446836901363
6,z,8,"['z', 'z', 'z', 'x', 'x', 'x']",1.0,normal,100000,41,8,5,0,0.00041,0.19512195121951215,114.99783083400689,-31.809036656981334
6,z,8,"['z', 'z', 'z', 'x', 'x', 'x']",0.1,normal,100000,45573,4,9,0,0.45573,8.777126807535396e-05,263.97742892598035,24.53914256003918
6,z,8,"['z', 'z', 'z', 'x', 'x', 'x']",0.01,normal,100000,92494,0,0,0,0.92494,0.0,249.28311416099314,78.5010303449817
6,z,9,"['x', 'x', 'x', 'z', 'x', 'x']",1.0,normal,100000,0,0,0,0,0.0,1.0,46.41214499803027,-8.782426706049591
6,z,9,"['x', 'x', 'x', 'z', 'x', 'x']",0.1,normal,100000,2622,660,1268,0,0.02622,0.25171624713958807,102.36805705801817,-44.22863100800896
6,z,9,"['x', 'x', 'x', 'z', 'x', 'x']",0.01,normal,100000,69685,2257,4490,0,0.69685,0.03238860586926884,252.9756836279994,41.0175075919833
6,z,10,"['z', 'x', 'x', 'z', 'x', 'x']",1.0,normal,100000,0,0,0,0,0.0,1.0,69.99836251395755,65.35527061705943
6,z,10,"['z', 'x', 'x', 'z', 'x', 'x']",0.1,normal,100000,6193,298,569,0,0.06193,0.04811884385596643,179.1720913409954,18.01654274802422
6,z,10,"['z', 'x', 'x', 'z', 'x', 'x']",0.01,normal,100000,75813,48,95,0,0.75813,0.0006331367971191826,266.81463887699647,44.688555743021425
6,z,11,"['x', 'z', 'x', 'z', 'x', 'x']",1.0,normal,100000,0,0,0,0,0.0,1.0,41.20519585598959,-0.13772030000109226
6,z,11,"['x', 'z', 'x', 'z', 'x', 'x']",0.1,normal,100000,2969,80,153,0,0.02969,0.026945099360053848,57.19344004901359,0.6033408779767342
6,z,11,"['x', 'z', 'x', 'z', 'x', 'x']",0.01,normal,100000,70167,21,42,0,0.70167,0.00029928598914019666,109.75944278301904,-0.6425276510417461
6,z,12,"['z', 'z', 'x', 'z', 'x', 'x']",1.0,normal,100000,0,0,0,0,0.0,1.0,71.45118346996605,-0.15140760695794597
6,z,12,"['z', 'z', 'x', 'z', 'x', 'x']",0.1,normal,100000,11135,2,3,0,0.11135,0.00017961383026487976,235.74087565299124,-138.1914548340137
6,z,12,"['z', 'z', 'x', 'z', 'x', 'x']",0.01,normal,100000,80416,0,0,0,0.80416,0.0,271.23575630399864,46.55886774597457
6,z,13,"['x', 'x', 'z', 'z', 'x', 'x']",1.0,normal,100000,0,0,0,0,0.0,1.0,101.93210984900361,-0.025395091040991247
6,z,13,"['x', 'x', 'z', 'z', 'x', 'x']",0.1,normal,100000,1465,40,79,0,0.01465,0.027303754266211566,55.55027338897344,0.5212160280789249
6,z,13,"['x', 'x', 'z', 'z', 'x', 'x']",0.01,normal,100000,65724,30,59,0,0.65724,0.0004564542632827795,93.09631801198702,139.7111017749994
6,z,14,"['z', 'x', 'z', 'z', 'x', 'x']",1.0,normal,100000,0,0,0,0,0.0,1.0,162.53522121201968,0.10939134401269257
6,z,14,"['z', 'x', 'z', 'z', 'x', 'x']",0.1,normal,100000,3002,1,2,0,0.03002,0.00033311125916057893,202.07358297903556,1.8212115609785542
6,z,14,"['z', 'x', 'z', 'z', 'x', 'x']",0.01,normal,100000,70371,0,0,0,0.70371,0.0,108.18711631704355,0.7251435089856386
6,z,15,"['x', 'z', 'z', 'z', 'x', 'x']",1.0,normal,100000,0,0,0,0,0.0,1.0,101.49959124199813,-0.17097222001757473
6,z,15,"['x', 'z', 'z', 'z', 'x', 'x']",0.1,normal,100000,667,1,2,0,0.00667,0.0014992503748125774,150.05983154999558,0.19631818000925705
6,z,15,"['x', 'z', 'z', 'z', 'x', 'x']",0.01,normal,100000,60049,0,0,0,0.60049,0.0,247.25252231000923,34.03586802602513
6,z,16,"['z', 'z', 'z', 'z', 'x', 'x']",1.0,normal,100000,2235,8,8,0,0.02235,0.0035794183445190253,96.17250983201666,149.78611090395134
6,z,16,"['z', 'z', 'z', 'z', 'x', 'x']",0.1,normal,100000,59925,0,0,0,0.59925,0.0,95.99689481599489,12.688569026999176
6,z,16,"['z', 'z', 'z', 'z', 'x', 'x']",0.01,normal,100000,94867,0,0,0,0.94867,0.0,278.88746872299816,53.67888155102264
6,z,17,"['x', 'x', 'x', 'x', 'z', 'x']",1.0,normal,100000,0,0,0,0,0.0,1.0,75.07312540803105,29.466536784020718
6,z,17,"['x', 'x', 'x', 'x', 'z', 'x']",0.1,normal,100000,1455,424,785,0,0.01455,0.29140893470790374,151.15763202798553,11.257799073064234
6,z,17,"['x', 'x', 'x', 'x', 'z', 'x']",0.01,normal,100000,64884,2050,4046,0,0.64884,0.03159484618704145,110.29292610898847,179.2239523260505
6,z,18,"['z', 'x', 'x', 'x', 'z', 'x']",1.0,normal,100000,0,0,0,0,0.0,1.0,160.62846451898804,-0.08141741098370403
6,z,18,"['z', 'x', 'x', 'x', 'z', 'x']",0.1,normal,100000,4766,170,314,0,0.04766,0.03566932438103232,84.18882421101443,121.84721134102438
6,z,18,"['z', 'x', 'x', 'x', 'z', 'x']",0.01,normal,100000,73864,25,50,0,0.73864,0.0003384598721976051,265.850578528014,43.24241567502031
6,z,19,"['x', 'z', 'x', 'x', 'z', 'x']",1.0,normal,100000,0,0,0,0,0.0,1.0,39.27216571895406,-0.049661122960969806
6,z,19,"['x', 'z', 'x', 'x', 'z', 'x']",0.1,normal,100000,3086,78,148,0,0.03086,0.025275437459494454,166.10020981100388,-70.00833688903367
6,z,19,"['x', 'z', 'x', 'x', 'z', 'x']",0.01,normal,100000,70756,24,47,0,0.70756,0.00033919384928482454,90.87999411602505,126.05726795300143
6,z,20,"['z', 'z', 'x', 'x', 'z', 'x']",1.0,normal,100000,0,0,0,0,0.0,1.0,71.7607134230202,0.04520512599265203
6,z,20,"['z', 'z', 'x', 'x', 'z', 'x']",0.1,normal,100000,20618,3,6,0,0.20618,0.0001455039286061277,115.72123854700476,138.9772003289545
6,z,20,"['z', 'z', 'x', 'x', 'z', 'x']",0.01,normal,100000,85480,0,0,0,0.8548,0.0,277.2136775800027,-97.36486896203132
6,z,21,"['x', 'x', 'z', 'x', 'z', 'x']",1.0,normal,100000,0,0,0,0,0.0,1.0,54.22064788499847,-16.19016575801652
6,z,21,"['x', 'x', 'z', 'x', 'z', 'x']",0.1,normal,100000,2484,36,68,0,0.02484,0.01449275362318836,122.554960279027,37.39627056597965
6,z,21,"['x', 'x', 'z', 'x', 'z', 'x']",0.01,normal,100000,69054,10,20,0,0.69054,0.00014481420337708606,200.71679794200463,-58.98940021399176
6,z,22,"['z', 'x', 'z', 'x', 'z', 'x']",1.0,normal,100000,0,0,0,0,0.0,1.0,163.50272828899324,1.2740989610319957
6,z,22,"['z', 'x', 'z', 'x', 'z', 'x']",0.1,normal,100000,8960,2,3,0,0.0896,0.00022321428571425717,77.25881573400693,2.0796117389691062
6,z,22,"['z', 'x', 'z', 'x', 'z', 'x']",0.01,normal,100000,78603,0,0,0,0.78603,0.0,95.67078235698864,16.764070721983444
6,z,23,"['x', 'z', 'z', 'x', 'z', 'x']",1.0,normal,100000,0,0,0,0,0.0,1.0,107.81666011898778,0.824181250995025
6,z,23,"['x', 'z', 'z', 'x', 'z', 'x']",0.1,normal,100000,1485,0,0,0,0.01485,0.0,164.16736965003656,0.5913668609573506
6,z,23,"['x', 'z', 'z', 'x', 'z', 'x']",0.01,normal,100000,65495,0,0,0,0.65495,0.0,233.90244644199265,-129.7941192240105
6,z,24,"['z', 'z', 'z', 'x', 'z', 'x']",1.0,normal,100000,584,0,1,0,0.00584,0.0,242.1510001620045,-1.0718357510049827
6,z,24,"['z', 'z', 'z', 'x', 'z', 'x']",0.1,normal,100000,54186,0,0,0,0.54186,0.0,94.6925084979739,80.74600680707954
6,z,24,"['z', 'z', 'z', 'x', 'z', 'x']",0.01,normal,100000,93883,0,0,0,0.93883,0.0,277.12731633899966,51.68220513901906
6,z,25,"['x', 'x', 'x', 'z', 'z', 'x']",1.0,normal,100000,0,0,0,0,0.0,1.0,105.07450551801594,0.08083211095072329
6,z,25,"['x', 'x', 'x', 'z', 'z', 'x']",0.1,normal,100000,1969,36,67,0,0.01969,0.018283392585068614,160.01346919097705,0.8113898660521954
6,z,25,"['x', 'x', 'x', 'z', 'z', 'x']",0.01,normal,100000,67481,8,17,0,0.67481,0.0001185518886798187,253.6982092250255,38.463522682955954
6,z,26,"['z', 'x', 'x', 'z', 'z', 'x']",1.0,normal,100000,0,0,0,0,0.0,1.0,159.6205449649715,-0.46684810798615217
6,z,26,"['z', 'x', 'x', 'z', 'z', 'x']",0.1,normal,100000,7962,0,1,0,0.07962,0.0,95.43571686197538,-18.25074055592995
6,z,26,"['z', 'x', 'x', 'z', 'z', 'x']",0.01,normal,100000,77477,0,0,0,0.77477,0.0,269.9842968439916,45.15725615603151
6,z,27,"['x', 'z', 'x', 'z', 'z', 'x']",1.0,normal,100000,0,0,0,0,0.0,1.0,101.35494245000882,-0.2629319630214013
6,z,27,"['x', 'z', 'x', 'z', 'z', 'x']",0.1,normal,100000,1567,1,2,0,0.01567,0.0006381620931716903,76.7805814500316,26.22797582898056
6,z,27,"['x', 'z', 'x', 'z', 'z', 'x']",0.01,normal,100000,65771,0,0,0,0.65771,0.0,92.68990792200202,150.95416538900463
6,z,28,"['z', 'z', 'x', 'z', 'z', 'x']",1.0,normal,100000,8,0,0,0,8e-05,0.0,73.9105071980157,0.18328411696711555
6,z,28,"['z', 'z', 'x', 'z', 'z', 'x']",0.1,normal,100000,25335,0,0,0,0.25335,0.0,242.70018649002304,-19.49430531001417
6,z,28,"['z', 'z', 'x', 'z', 'z', 'x']",0.01,normal,100000,86691,0,0,0,0.86691,0.0,263.1073919729679,62.080112227995414
6,z,29,"['x', 'x', 'z', 'z', 'z', 'x']",1.0,normal,100000,0,0,0,0,0.0,1.0,65.10271143895807,41.68389581202064
6,z,29,"['x', 'x', 'z', 'z', 'z', 'x']",0.1,normal,100000,5627,0,1,0,0.05627,0.0,132.6621717919479,56.80865782103501
6,z,29,"['x', 'x', 'z', 'z', 'z', 'x']",0.01,normal,100000,74367,0,0,0,0.74367,0.0,92.11368763702922,97.12319957098225
6,z,30,"['z', 'x', 'z', 'z', 'z', 'x']",1.0,normal,100000,0,0,0,0,0.0,1.0,57.38743423996493,-0.075644897937309
6,z,30,"['z', 'x', 'z', 'z', 'z', 'x']",0.1,normal,100000,6340,0,0,0,0.0634,0.0,154.7248210249818,-25.68358591897413
6,z,30,"['z', 'x', 'z', 'z', 'z', 'x']",0.01,normal,100000,73847,0,0,0,0.73847,0.0,94.02819229301531,15.420705259952229
6,z,31,"['x', 'z', 'z', 'z', 'z', 'x']",1.0,normal,100000,0,0,0,0,0.0,1.0,106.53113465302158,0.6467455559759401
6,z,31,"['x', 'z', 'z', 'z', 'z', 'x']",0.1,normal,100000,6606,0,0,0,0.06606,0.0,170.28390741103794,3.934145580918994
6,z,31,"['x', 'z', 'z', 'z', 'z', 'x']",0.01,normal,100000,72921,0,0,0,0.72921,0.0,107.76967073202832,-1.835863108979538
6,z,32,"['z', 'z', 'z', 'z', 'z', 'x']",1.0,normal,100000,100000,0,0,0,1.0,0.0,276.75280404102523,55.2712784439791
6,z,32,"['z', 'z', 'z', 'z', 'z', 'x']",0.1,normal,100000,100000,0,0,0,1.0,0.0,279.28531878400827,55.60515449795639
6,z,32,"['z', 'z', 'z', 'z', 'z', 'x']",0.01,normal,100000,100000,0,0,0,1.0,0.0,122.96448414202314,-6.440053670026828
6,z,33,"['x', 'x', 'x', 'x', 'x', 'z']",1.0,normal,100000,0,0,0,0,0.0,1.0,108.10038017301122,1.0332176169613376
6,z,33,"['x', 'x', 'x', 'x', 'x', 'z']",0.1,normal,100000,4163,1264,2031,0,0.04163,0.3036271919288974,169.07373221003218,2.804370001947973
6,z,33,"['x', 'x', 'x', 'x', 'x', 'z']",0.01,normal,100000,70293,1770,3364,0,0.70293,0.025180316674491054,256.6997549199732,40.977954107976984
6,z,34,"['z', 'x', 'x', 'x', 'x', 'z']",1.0,normal,100000,0,0,0,0,0.0,1.0,58.269067774992436,0.25825089297723025
6,z,34,"['z', 'x', 'x', 'x', 'x', 'z']",0.1,normal,100000,8031,404,658,0,0.08031,0.05030506786203459,176.81960311502917,-100.28557894704863
6,z,34,"['z', 'x', 'x', 'x', 'x', 'z']",0.01,normal,100000,76565,36,69,0,0.76565,0.00047018872853132887,114.92538094799966,198.09332104900386
6,z,35,"['x', 'z', 'x', 'x', 'x', 'z']",1.0,normal,100000,0,0,0,0,0.0,1.0,109.09541220299434,-0.17153181397588924
6,z,35,"['x', 'z', 'x', 'x', 'x', 'z']",0.1,normal,100000,3465,146,251,0,0.03465,0.04213564213564214,170.61493919603527,1.4245578479603864
6,z,35,"['x', 'z', 'x', 'x', 'x', 'z']",0.01,normal,100000,70765,26,51,0,0.70765,0.0003674132692714771,92.67812307097483,13.531993328011595
6,z,36,"['z', 'z', 'x', 'x', 'x', 'z']",1.0,normal,100000,2,0,0,0,2e-05,0.0,165.28959605796263,-77.65341214300133
6,z,36,"['z', 'z', 'x', 'x', 'x', 'z']",0.1,normal,100000,21475,4,8,0,0.21475,0.0001862630966239509,147.08994118095143,11.177529420005158
6,z,36,"['z', 'z', 'x', 'x', 'x', 'z']",0.01,normal,100000,85322,0,0,0,0.85322,0.0,274.5267506269738,49.23212089802837
6,z,37,"['x', 'x', 'z', 'x', 'x', 'z']",1.0,normal,100000,0,0,0,0,0.0,1.0,55.76160679501481,-3.3301520259701647
6,z,37,"['x', 'x', 'z', 'x', 'x', 'z']",0.1,normal,100000,3407,60,114,0,0.03407,0.017610801291458755,80.83106692699948,-20.481947183026932
6,z,37,"['x', 'x', 'z', 'x', 'x', 'z']",0.01,normal,100000,71397,10,21,0,0.71397,0.0001400619073630427,116.41400993801653,182.06137589697028
6,z,38,"['z', 'x', 'z', 'x', 'x', 'z']",1.0,normal,100000,0,0,0,0,0.0,1.0,157.3032095709932,5.12047889403766
6,z,38,"['z', 'x', 'z', 'x', 'x', 'z']",0.1,normal,100000,12274,0,1,0,0.12274,0.0,216.2655849540024,7.669743798964191
6,z,38,"['z', 'x', 'z', 'x', 'x', 'z']",0.01,normal,100000,81044,0,0,0,0.81044,0.0,271.86668275500415,45.591112783993594
6,z,39,"['x', 'z', 'z', 'x', 'x', 'z']",1.0,normal,100000,0,0,0,0,0.0,1.0,86.13901306199841,19.189516799000558
6,z,39,"['x', 'z', 'z', 'x', 'x', 'z']",0.1,normal,100000,1505,0,0,0,0.01505,0.0,56.58682744897669,0.38855352299287915
6,z,39,"['x', 'z', 'z', 'x', 'x', 'z']",0.01,normal,100000,65506,0,0,0,0.65506,0.0,159.95042116899276,-56.94504339399282
6,z,40,"['z', 'z', 'z', 'x', 'x', 'z']",1.0,normal,100000,871,0,0,0,0.00871,0.0,241.22908468398964,-0.08515135798370466
6,z,40,"['z', 'z', 'z', 'x', 'x', 'z']",0.1,normal,100000,58006,0,0,0,0.58006,0.0,95.65021836699452,11.825768813025206
6,z,40,"['z', 'z', 'z', 'x', 'x', 'z']",0.01,normal,100000,94719,0,0,0,0.94719,0.0,280.71662716701394,53.329787815979216
6,z,41,"['x', 'x', 'x', 'z', 'x', 'z']",1.0,normal,100000,0,0,0,0,0.0,1.0,101.07209635002073,-31.862439093005378
6,z,41,"['x', 'x', 'x', 'z', 'x', 'z']",0.1,normal,100000,785,6,9,0,0.00785,0.007643312101910826,148.8991152039962,0.8323236529831775
6,z,41,"['x', 'x', 'x', 'z', 'x', 'z']",0.01,normal,100000,61817,6,13,0,0.61817,9.706067910120186e-05,107.24605299398536,-6.447183565993328
6,z,42,"['z', 'x', 'x', 'z', 'x', 'z']",1.0,normal,100000,0,0,0,0,0.0,1.0,57.09531042701565,-0.30405678699025884
6,z,42,"['z', 'x', 'x', 'z', 'x', 'z']",0.1,normal,100000,4437,0,0,0,0.04437,0.0,198.7955003430252,2.565420448954683
6,z,42,"['z', 'x', 'x', 'z', 'x', 'z']",0.01,normal,100000,73381,0,0,0,0.73381,0.0,259.04964056797326,-70.75774016801734
6,z,43,"['x', 'z', 'x', 'z', 'x', 'z']",1.0,normal,100000,0,0,0,0,0.0,1.0,39.769504928030074,-1.0992580630118027
6,z,43,"['x', 'z', 'x', 'z', 'x', 'z']",0.1,normal,100000,969,0,0,0,0.00969,0.0,110.70176789700054,18.12668109900551
6,z,43,"['x', 'z', 'x', 'z', 'x', 'z']",0.01,normal,100000,62939,0,0,0,0.62939,0.0,248.1071316569578,35.464404730068054
6,z,44,"['z', 'z', 'x', 'z', 'x', 'z']",1.0,normal,100000,3,0,0,0,3e-05,0.0,87.20111972599989,-14.830788986000698
6,z,44,"['z', 'z', 'x', 'z', 'x', 'z']",0.1,normal,100000,32651,0,0,0,0.32651,0.0,88.80210947000887,83.6588059149799
6,z,44,"['z', 'z', 'x', 'z', 'x', 'z']",0.01,normal,100000,89276,0,0,0,0.89276,0.0,275.53408457600744,48.7776951569831
6,z,45,"['x', 'x', 'z', 'z', 'x', 'z']",1.0,normal,100000,0,0,0,0,0.0,1.0,104.36247792001814,0.01136056799441576
6,z,45,"['x', 'x', 'z', 'z', 'x', 'z']",0.1,normal,100000,1631,0,0,0,0.01631,0.0,155.52261124900542,0.7732397880172357
6,z,45,"['x', 'x', 'z', 'z', 'x', 'z']",0.01,normal,100000,66672,0,0,0,0.66672,0.0,88.59593573899474,164.23630488000344
6,z,46,"['z', 'x', 'z', 'z', 'x', 'z']",1.0,normal,100000,0,0,0,0,0.0,1.0,58.31433459697291,0.10151030903216451
6,z,46,"['z', 'x', 'z', 'z', 'x', 'z']",0.1,normal,100000,4467,0,0,0,0.04467,0.0,208.58238099102164,-0.47172404400771484
6,z,46,"['z', 'x', 'z', 'z', 'x', 'z']",0.01,normal,100000,73163,0,0,0,0.73163,0.0,265.9894716080162,41.785551597015
6,z,47,"['x', 'z', 'z', 'z', 'x', 'z']",1.0,normal,100000,0,0,0,0,0.0,1.0,42.19268455699785,-4.485773167980369
6,z,47,"['x', 'z', 'z', 'z', 'x', 'z']",0.1,normal,100000,3294,0,0,0,0.03294,0.0,105.01554143399699,45.51200943504227
6,z,47,"['x', 'z', 'z', 'z', 'x', 'z']",0.01,normal,100000,70188,0,0,0,0.70188,0.0,253.7857104499708,40.51156648801407
6,z,48,"['z', 'z', 'z', 'z', 'x', 'z']",1.0,normal,100000,7935,0,0,0,0.07935,0.0,133.12635939900065,149.59099592501298
6,z,48,"['z', 'z', 'z', 'z', 'x', 'z']",0.1,normal,100000,73323,0,0,0,0.73323,0.0,140.60150802799035,-29.552412744029425
6,z,48,"['z', 'z', 'z', 'z', 'x', 'z']",0.01,normal,100000,96883,0,0,0,0.96883,0.0,150.74634361697827,178.83176518202526
6,z,49,"['x', 'x', 'x', 'x', 'z', 'z']",1.0,normal,100000,0,0,0,0,0.0,1.0,37.64627508103149,1.1247395499958657
6,z,49,"['x', 'x', 'x', 'x', 'z', 'z']",0.1,normal,100000,1824,12,22,0,0.01824,0.006578947368421018,156.3855911490391,0.9667348339571618
6,z,49,"['x', 'x', 'x', 'x', 'z', 'z']",0.01,normal,100000,66457,4,7,0,0.66457,6.018929533380124e-05,90.44035943702329,30.004451678018086
6,z,50,"['z', 'x', 'x', 'x', 'z', 'z']",1.0,normal,100000,0,0,0,0,0.0,1.0,99.57056386896875,-25.21202654897934
6,z,50,"['z', 'x', 'x', 'x', 'z', 'z']",0.1,normal,100000,3365,0,0,0,0.03365,0.0,121.86765085795196,-50.84054613095941
6,z,50,"['z', 'x', 'x', 'x', 'z', 'z']",0.01,normal,100000,71112,0,0,0,0.71112,0.0,263.6280283029773,-121.14224707195535
6,z,51,"['x', 'z', 'x', 'x', 'z', 'z']",1.0,normal,100000,0,0,0,0,0.0,1.0,62.88369538198458,45.65882110001985
6,z,51,"['x', 'z', 'x', 'x', 'z', 'z']",0.1,normal,100000,2204,0,0,0,0.02204,0.0,82.41192878497532,-21.81081129796803
6,z,51,"['x', 'z', 'x', 'x', 'z', 'z']",0.01,normal,100000,68484,0,0,0,0.68484,0.0,144.81522345001576,0.5995746259577572
6,z,52,"['z', 'z', 'x', 'x', 'z', 'z']",1.0,normal,100000,0,0,0,0,0.0,1.0,202.10308555403026,0.2611837239819579
6,z,52,"['z', 'z', 'x', 'x', 'z', 'z']",0.1,normal,100000,10132,0,0,0,0.10132,0.0,172.25798123999266,66.53740171302343
6,z,52,"['z', 'z', 'x', 'x', 'z', 'z']",0.01,normal,100000,79506,0,0,0,0.79506,0.0,272.48063755000476,44.17557373299496
6,z,53,"['x', 'x', 'z', 'x', 'z', 'z']",1.0,normal,100000,0,0,0,0,0.0,1.0,102.53181064198725,-0.07526727899676189
6,z,53,"['x', 'x', 'z', 'x', 'z', 'z']",0.1,normal,100000,2768,0,0,0,0.02768,0.0,160.68126262701117,1.486090438964311
6,z,53,"['x', 'x', 'z', 'x', 'z', 'z']",0.01,normal,100000,70087,0,0,0,0.70087,0.0,221.00506397901336,73.5898570640129
6,z,54,"['z', 'x', 'z', 'x', 'z', 'z']",1.0,normal,100000,0,0,0,0,0.0,1.0,165.2568853009725,-0.1597308649797924
6,z,54,"['z', 'x', 'z', 'x', 'z', 'z']",0.1,normal,100000,9312,0,0,0,0.09312,0.0,75.69099070603261,19.76578839495778
6,z,54,"['z', 'x', 'z', 'x', 'z', 'z']",0.01,normal,100000,78829,0,0,0,0.78829,0.0,102.30638227297459,81.0127768550301
6,z,55,"['x', 'z', 'z', 'x', 'z', 'z']",1.0,normal,100000,0,0,0,0,0.0,1.0,103.75437324197264,-0.5239158819313161
6,z,55,"['x', 'z', 'z', 'x', 'z', 'z']",0.1,normal,100000,2215,0,0,0,0.02215,0.0,57.81248316797428,0.44268520700279623
6,z,55,"['x', 'z', 'z', 'x', 'z', 'z']",0.01,normal,100000,68324,0,0,0,0.68324,0.0,218.14936782995937,-71.6614865999436
6,z,56,"['z', 'z', 'z', 'x', 'z', 'z']",1.0,normal,100000,43,0,0,0,0.00043,0.0,83.64408784400439,144.25741269794526
6,z,56,"['z', 'z', 'z', 'x', 'z', 'z']",0.1,normal,100000,45418,0,0,0,0.45418,0.0,255.2311387329828,-148.35398727998836
6,z,56,"['z', 'z', 'z', 'x', 'z', 'z']",0.01,normal,100000,92322,0,0,0,0.92322,0.0,276.87877696804935,51.410695272905286
6,z,57,"['x', 'x', 'x', 'z', 'z', 'z']",1.0,normal,100000,0,0,0,0,0.0,1.0,103.6844295039773,0.7762782700592652
6,z,57,"['x', 'x', 'x', 'z', 'z', 'z']",0.1,normal,100000,1882,0,0,0,0.01882,0.0,84.98941272497177,-26.424635218980256
6,z,57,"['x', 'x', 'x', 'z', 'z', 'z']",0.01,normal,100000,67316,0,0,0,0.67316,0.0,90.97266089596087,13.59225815802347
6,z,58,"['z', 'x', 'x', 'z', 'z', 'z']",1.0,normal,100000,0,0,0,0,0.0,1.0,158.63335791201098,-0.15362936002202332
6,z,58,"['z', 'x', 'x', 'z', 'z', 'z']",0.1,normal,100000,3258,0,0,0,0.03258,0.0,125.39822406100575,-20.45083570497809
6,z,58,"['z', 'x', 'x', 'z', 'z', 'z']",0.01,normal,100000,71077,0,0,0,0.71077,0.0,264.38473117601825,39.40302124194568
6,z,59,"['x', 'z', 'x', 'z', 'z', 'z']",1.0,normal,100000,0,0,0,0,0.0,1.0,111.5680629099952,0.6875172560103238
6,z,59,"['x', 'z', 'x', 'z', 'z', 'z']",0.1,normal,100000,4022,0,0,0,0.04022,0.0,177.20724509702995,1.3051955229602754
6,z,59,"['x', 'z', 'x', 'z', 'z', 'z']",0.01,normal,100000,72577,0,0,0,0.72577,0.0,259.7780433280277,39.257168807962444
6,z,60,"['z', 'z', 'x', 'z', 'z', 'z']",1.0,normal,100000,0,0,0,0,0.0,1.0,129.64774624002166,-54.31185194698628
6,z,60,"['z', 'z', 'x', 'z', 'z', 'z']",0.1,normal,100000,18024,0,0,0,0.18024,0.0,236.36762600200018,10.33995405602036
6,z,60,"['z', 'z', 'x', 'z', 'z', 'z']",0.01,normal,100000,84155,0,0,0,0.84155,0.0,104.40190635604085,92.01835118094459
6,z,61,"['x', 'x', 'z', 'z', 'z', 'z']",1.0,normal,100000,0,0,0,0,0.0,1.0,93.0689089189982,10.534626341017429
6,z,61,"['x', 'x', 'z', 'z', 'z', 'z']",0.1,normal,100000,7514,0,0,0,0.07514,0.0,173.69144357199548,-3.1473840069957078
6,z,61,"['x', 'x', 'z', 'z', 'z', 'z']",0.01,normal,100000,77383,0,0,0,0.77383,0.0,91.59286267799325,15.755304633988999
6,z,62,"['z', 'x', 'z', 'z', 'z', 'z']",1.0,normal,100000,0,0,0,0,0.0,1.0,59.00342482299311,-0.19353909499477595
6,z,62,"['z', 'x', 'z', 'z', 'z', 'z']",0.1,normal,100000,12707,0,0,0,0.12707,0.0,208.61564051703317,-123.26560001901817
6,z,62,"['z', 'x', 'z', 'z', 'z', 'z']",0.01,normal,100000,81329,0,0,0,0.81329,0.0,144.2739833489759,-15.194118348998018
6,z,63,"['x', 'z', 'z', 'z', 'z', 'z']",1.0,normal,100000,0,0,0,0,0.0,1.0,107.19669655500911,-3.885584916046355
6,z,63,"['x', 'z', 'z', 'z', 'z', 'z']",0.1,normal,100000,2558,0,0,0,0.02558,0.0,162.3251102140057,-50.09973296802491
6,z,63,"['x', 'z', 'z', 'z', 'z', 'z']",0.01,normal,100000,69800,0,0,0,0.698,0.0,94.86322179000126,28.987832308979705
6,z,64,"['z', 'z', 'z', 'z', 'z', 'z']",1.0,normal,100000,0,0,0,0,0.0,1.0,32.15406947705196,0.054974106955341995
6,z,64,"['z', 'z', 'z', 'z', 'z', 'z']",0.1,normal,100000,1196,0,0,0,0.01196,0.0,69.87879445799626,-22.26884058304131
6,z,64,"['z', 'z', 'z', 'z', 'z', 'z']",0.01,normal,100000,64549,0,0,0,0.64549,0.0,12.770877519040368,-0.38462719606468454
6,x,2,"['x', 'x', 'x', 'x', 'x', 'x']",1.0,m1,100000,0,0,0,0,0.0,1.0,108.37016559299082,0.38067082402994856
6,x,2,"['x', 'x', 'x', 'x', 'x', 'x']",0.1,m1,100000,3729,0,0,0,0.03729,0.0,170.03876152198063,2.014198397984728
6,x,2,"['x', 'x', 'x', 'x', 'x', 'x']",0.01,m1,100000,72236,0,0,0,0.72236,0.0,212.93989261501702,84.57430005999049
6,x,3,"['z', 'x', 'x', 'x', 'x', 'x']",1.0,m1,100000,0,0,0,0,0.0,1.0,161.534805089992,-0.0925823199795559
6,x,3,"['z', 'x', 'x', 'x', 'x', 'x']",0.1,m1,100000,8087,0,0,0,0.08087,0.0,216.3654983190354,3.5663102499675006
6,x,3,"['z', 'x', 'x', 'x', 'x', 'x']",0.01,m1,100000,77717,0,0,0,0.77717,0.0,130.4407168609905,-18.75159622495994
6,x,4,"['x', 'z', 'x', 'x', 'x', 'x']",1.0,m1,100000,0,0,0,0,0.0,1.0,39.610902179032564,-0.2668954260298051
6,x,4,"['x', 'z', 'x', 'x', 'x', 'x']",0.1,m1,100000,1358,0,0,0,0.01358,0.0,160.05192246596562,-65.45032093999907
6,x,4,"['x', 'z', 'x', 'x', 'x', 'x']",0.01,m1,100000,65276,0,0,0,0.65276,0.0,143.733095922973,12.36663080699509
6,x,5,"['z', 'z', 'x', 'x', 'x', 'x']",1.0,m1,100000,0,0,0,0,0.0,1.0,203.66891441401094,-0.580483830999583
6,x,5,"['z', 'z', 'x', 'x', 'x', 'x']",0.1,m1,100000,27265,0,0,0,0.27265,0.0,186.17657349002548,75.76850686199032
6,x,5,"['z', 'z', 'x', 'x', 'x', 'x']",0.01,m1,100000,87924,0,0,0,0.87924,0.0,150.29953884897986,172.56646716501564
6,x,6,"['x', 'x', 'z', 'x', 'x', 'x']",1.0,m1,100000,0,0,0,0,0.0,1.0,39.53588148398558,19.60994929500157
6,x,6,"['x', 'x', 'z', 'x', 'x', 'x']",0.1,m1,100000,3260,0,0,0,0.0326,0.0,95.73691675701411,-25.72375651000766
6,x,6,"['x', 'x', 'z', 'x', 'x', 'x']",0.01,m1,100000,71434,0,0,0,0.71434,0.0,256.1093251379789,39.94466861698311
6,x,7,"['z', 'x', 'z', 'x', 'x', 'x']",1.0,m1,100000,0,0,0,0,0.0,1.0,129.3250014599762,33.617996607034
6,x,7,"['z', 'x', 'z', 'x', 'x', 'x']",0.1,m1,100000,8273,0,0,0,0.08273,0.0,105.29166608100059,-26.494830819952767
6,x,7,"['z', 'x', 'z', 'x', 'x', 'x']",0.01,m1,100000,78148,0,0,0,0.78148,0.0,117.89526296500117,-6.362423426005989
6,x,8,"['x', 'z', 'z', 'x', 'x', 'x']",1.0,m1,100000,0,0,0,0,0.0,1.0,78.27416851103771,23.48858742293669
6,x,8,"['x', 'z', 'z', 'x', 'x', 'x']",0.1,m1,100000,1621,0,0,0,0.01621,0.0,155.61354974203277,-96.56233760499163
6,x,8,"['x', 'z', 'z', 'x', 'x', 'x']",0.01,m1,100000,66772,0,0,0,0.66772,0.0,253.31443868600763,38.20516886893893
6,x,9,"['z', 'z', 'z', 'x', 'x', 'x']",1.0,m1,100000,2,0,0,0,2e-05,0.0,238.36233803100185,0.2189485959825106
6,x,9,"['z', 'z', 'z', 'x', 'x', 'x']",0.1,m1,100000,28860,0,0,0,0.2886,0.0,92.06575928797247,6.071661207010038
6,x,9,"['z', 'z', 'z', 'x', 'x', 'x']",0.01,m1,100000,88216,0,0,0,0.88216,0.0,255.67885572399246,-93.26830836298177
6,x,10,"['x', 'x', 'x', 'z', 'x', 'x']",1.0,m1,100000,0,0,0,0,0.0,1.0,104.79047346103471,-41.49247739603743
6,x,10,"['x', 'x', 'x', 'z', 'x', 'x']",0.1,m1,100000,140,0,0,0,0.0014,0.0,141.54160829097964,0.730927417986095
6,x,10,"['x', 'x', 'x', 'z', 'x', 'x']",0.01,m1,100000,50874,0,0,0,0.50874,0.0,239.6101930490113,29.08107196795754
6,x,11,"['z', 'x', 'x', 'z', 'x', 'x']",1.0,m1,100000,0,0,0,0,0.0,1.0,58.500641688006,18.97615743300412
6,x,11,"['z', 'x', 'x', 'z', 'x', 'x']",0.1,m1,100000,8330,0,0,0,0.0833,0.0,215.0099301500013,-59.28771552100079
6,x,11,"['z', 'x', 'x', 'z', 'x', 'x']",0.01,m1,100000,78197,0,0,0,0.78197,0.0,112.64300081098918,-0.7170605529681779
6,x,12,"['x', 'z', 'x', 'z', 'x', 'x']",1.0,m1,100000,0,0,0,0,0.0,1.0,51.25618336600019,53.86993180698482
6,x,12,"['x', 'z', 'x', 'z', 'x', 'x']",0.1,m1,100000,2591,0,0,0,0.02591,0.0,169.83058116602479,-108.05412338901078
6,x,12,"['x', 'z', 'x', 'z', 'x', 'x']",0.01,m1,100000,69741,0,0,0,0.69741,0.0,257.23215645801974,40.298087114002556
6,x,13,"['z', 'z', 'x', 'z', 'x', 'x']",1.0,m1,100000,9,0,0,0,9e-05,0.0,74.37262323999312,133.6424663689686
6,x,13,"['z', 'z', 'x', 'z', 'x', 'x']",0.1,m1,100000,38421,0,0,0,0.38421,0.0,255.61949002405163,7.436048977950122
6,x,13,"['z', 'z', 'x', 'z', 'x', 'x']",0.01,m1,100000,90889,0,0,0,0.90889,0.0,142.47762940300163,-10.2365274670301
6,x,14,"['x', 'x', 'z', 'z', 'x', 'x']",1.0,m1,100000,0,0,0,0,0.0,1.0,40.137837234011386,65.11308734194608
6,x,14,"['x', 'x', 'z', 'z', 'x', 'x']",0.1,m1,100000,3738,0,1,0,0.03738,0.0,181.47999311599415,1.766879936971236
6,x,14,"['x', 'x', 'z', 'z', 'x', 'x']",0.01,m1,100000,72231,0,0,0,0.72231,0.0,139.91391748498427,-15.75360658596037
6,x,15,"['z', 'x', 'z', 'z', 'x', 'x']",1.0,m1,100000,0,0,0,0,0.0,1.0,161.41316139203263,-0.1788753640721552
6,x,15,"['z', 'x', 'z', 'z', 'x', 'x']",0.1,m1,100000,5208,0,1,0,0.05208,0.0,180.2718669429887,28.993334558035713
6,x,15,"['z', 'x', 'z', 'z', 'x', 'x']",0.01,m1,100000,74248,0,0,0,0.74248,0.0,207.3146497880225,102.05889820394805
6,x,16,"['x', 'z', 'z', 'z', 'x', 'x']",1.0,m1,100000,0,0,0,0,0.0,1.0,51.99485764099518,49.6971178399981
6,x,16,"['x', 'z', 'z', 'z', 'x', 'x']",0.1,m1,100000,954,10,13,0,0.00954,0.010482180293501009,82.89274833496893,-1.7606505149742588
6,x,16,"['x', 'z', 'z', 'z', 'x', 'x']",0.01,m1,100000,62540,3,6,0,0.6254,4.796929964823171e-05,128.01445304398658,157.11991226195823
6,x,17,"['z', 'z', 'z', 'z', 'x', 'x']",1.0,m1,100000,6131,0,0,0,0.06131,0.0,144.26830788201187,114.2493408129667
6,x,17,"['z', 'z', 'z', 'z', 'x', 'x']",0.1,m1,100000,74914,0,0,0,0.74914,0.0,188.53990285895998,129.39065488806227
6,x,17,"['z', 'z', 'z', 'z', 'x', 'x']",0.01,m1,100000,97120,0,0,0,0.9712,0.0,96.26218647899805,19.34389907703735
6,x,18,"['x', 'x', 'x', 'x', 'z', 'x']",1.0,m1,100000,0,0,0,0,0.0,1.0,106.04975112900138,0.18319324898766354
6,x,18,"['x', 'x', 'x', 'x', 'z', 'x']",0.1,m1,100000,1132,0,0,0,0.01132,0.0,155.70179523195839,0.9019588790251873
6,x,18,"['x', 'x', 'x', 'x', 'z', 'x']",0.01,m1,100000,63525,0,0,0,0.63525,0.0,142.59147721796762,-31.86388530198019
6,x,19,"['z', 'x', 'x', 'x', 'z', 'x']",1.0,m1,100000,0,0,0,0,0.0,1.0,96.08712564699817,63.950382602983154
6,x,19,"['z', 'x', 'x', 'x', 'z', 'x']",0.1,m1,100000,7038,0,0,0,0.07038,0.0,100.07731084001716,-23.5792732660193
6,x,19,"['z', 'x', 'x', 'x', 'z', 'x']",0.01,m1,100000,76501,0,0,0,0.76501,0.0,214.13105812604772,96.56934822292533
6,x,20,"['x', 'z', 'x', 'x', 'z', 'x']",1.0,m1,100000,0,0,0,0,0.0,1.0,106.6968265590258,0.27960986498510465
6,x,20,"['x', 'z', 'x', 'x', 'z', 'x']",0.1,m1,100000,3377,0,0,0,0.03377,0.0,169.1686021659989,1.0853773740236647
6,x,20,"['x', 'z', 'x', 'x', 'z', 'x']",0.01,m1,100000,71460,0,0,0,0.7146,0.0,154.8636154460255,139.06425374397077
6,x,21,"['z', 'z', 'x', 'x', 'z', 'x']",1.0,m1,100000,0,0,0,0,0.0,1.0,202.10773592599435,-0.8788740949821658
6,x,21,"['z', 'z', 'x', 'x', 'z', 'x']",0.1,m1,100000,20073,0,0,0,0.20073,0.0,242.99116515100468,10.9392012389726
6,x,21,"['z', 'z', 'x', 'x', 'z', 'x']",0.01,m1,100000,85079,0,0,0,0.85079,0.0,124.89907268603565,195.66704320098506
6,x,22,"['x', 'x', 'z', 'x', 'z', 'x']",1.0,m1,100000,0,0,0,0,0.0,1.0,89.79609073296888,18.003470032010227
6,x,22,"['x', 'x', 'z', 'x', 'z', 'x']",0.1,m1,100000,1271,0,0,0,0.01271,0.0,59.251949743018486,0.31386182899586856
6,x,22,"['x', 'x', 'z', 'x', 'z', 'x']",0.01,m1,100000,64789,0,0,0,0.64789,0.0,129.28258671896765,160.99030156206572
6,x,23,"['z', 'x', 'z', 'x', 'z', 'x']",1.0,m1,100000,0,0,0,0,0.0,1.0,57.27450330404099,-0.1612414660048671
6,x,23,"['z', 'x', 'z', 'x', 'z', 'x']",0.1,m1,100000,3281,2,2,0,0.03281,0.0006095702529717029,143.27543194498867,-69.11906406999333
6,x,23,"['z', 'x', 'z', 'x', 'z', 'x']",0.01,m1,100000,71351,0,0,0,0.71351,0.0,125.23730902804527,-16.165716415038332
6,x,24,"['x', 'z', 'z', 'x', 'z', 'x']",1.0,m1,100000,0,0,0,0,0.0,1.0,37.39267580700107,46.12449250003556
6,x,24,"['x', 'z', 'z', 'x', 'z', 'x']",0.1,m1,100000,1744,21,40,0,0.01744,0.012041284403669694,97.59824410197325,-20.095034809957724
6,x,24,"['x', 'z', 'z', 'x', 'z', 'x']",0.01,m1,100000,66783,7,14,0,0.66783,0.00010481709417065055,144.2999529770459,-40.60622249607695
6,x,25,"['z', 'z', 'z', 'x', 'z', 'x']",1.0,m1,100000,182,0,1,0,0.00182,0.0,237.91370461398037,0.0833353369962424
6,x,25,"['z', 'z', 'z', 'x', 'z', 'x']",0.1,m1,100000,45641,0,0,0,0.45641,0.0,267.2431016819901,24.952154770027846
6,x,25,"['z', 'z', 'z', 'x', 'z', 'x']",0.01,m1,100000,92431,0,0,0,0.92431,0.0,276.6260372629622,51.0457915100269
6,x,26,"['x', 'x', 'x', 'z', 'z', 'x']",1.0,m1,100000,0,0,0,0,0.0,1.0,105.0626225649612,0.5622818700503558
6,x,26,"['x', 'x', 'x', 'z', 'z', 'x']",0.1,m1,100000,833,0,1,0,0.00833,0.0,56.8542674210039,60.90500066097593
6,x,26,"['x', 'x', 'x', 'z', 'z', 'x']",0.01,m1,100000,61524,0,0,0,0.61524,0.0,251.12407356704352,-75.31882130203303
6,x,27,"['z', 'x', 'x', 'z', 'z', 'x']",1.0,m1,100000,0,0,0,0,0.0,1.0,91.23756192397559,-32.028978979971725
6,x,27,"['z', 'x', 'x', 'z', 'z', 'x']",0.1,m1,100000,8303,2,5,0,0.08303,0.0002408767915211829,220.86909631895833,4.967118375003338
6,x,27,"['z', 'x', 'x', 'z', 'z', 'x']",0.01,m1,100000,77841,0,0,0,0.77841,0.0,197.4938455579686,-57.8990590859903
6,x,28,"['x', 'z', 'x', 'z', 'z', 'x']",1.0,m1,100000,0,0,0,0,0.0,1.0,49.966484257020056,-10.51153861603234
6,x,28,"['x', 'z', 'x', 'z', 'z', 'x']",0.1,m1,100000,3050,53,100,0,0.0305,0.017377049180327897,171.218414071016,1.849199101969134
6,x,28,"['x', 'z', 'x', 'z', 'z', 'x']",0.01,m1,100000,70464,12,23,0,0.70464,0.00017029972752047318,90.4764452399686,15.04227436502697
6,x,29,"['z', 'z', 'x', 'z', 'z', 'x']",1.0,m1,100000,1,0,1,0,1e-05,0.0,204.17887991998577,-0.4400969689595513
6,x,29,"['z', 'z', 'x', 'z', 'z', 'x']",0.1,m1,100000,23222,6,11,0,0.23222,0.0002583756782361668,167.81634765001945,89.94849291897845
6,x,29,"['z', 'z', 'x', 'z', 'z', 'x']",0.01,m1,100000,86123,0,0,0,0.86123,0.0,124.35594205500092,190.69660086301155
6,x,30,"['x', 'x', 'z', 'z', 'z', 'x']",1.0,m1,100000,0,0,0,0,0.0,1.0,104.63490218104562,-0.038486194040160626
6,x,30,"['x', 'x', 'z', 'z', 'z', 'x']",0.1,m1,100000,1044,74,119,0,0.01044,0.07088122605363989,70.54236856097123,-13.031435340992175
6,x,30,"['x', 'x', 'z', 'z', 'z', 'x']",0.01,m1,100000,61738,32,63,0,0.61738,0.0005183193495091887,248.76081569696544,37.799576781049836
6,x,31,"['z', 'x', 'z', 'z', 'z', 'x']",1.0,m1,100000,0,0,0,0,0.0,1.0,62.14953986502951,-3.8904791900422424
6,x,31,"['z', 'x', 'z', 'z', 'z', 'x']",0.1,m1,100000,6276,373,586,0,0.06276,0.05943275971956663,148.53022438602056,-73.12093550199643
6,x,31,"['z', 'x', 'z', 'z', 'z', 'x']",0.01,m1,100000,74161,48,97,0,0.74161,0.0006472404633163231,267.5392292619799,42.483360389014706
6,x,32,"['x', 'z', 'z', 'z', 'z', 'x']",1.0,m1,100000,0,0,0,0,0.0,1.0,37.526998755987734,-0.16218412294983864
6,x,32,"['x', 'z', 'z', 'z', 'z', 'x']",0.1,m1,100000,2896,1000,1604,0,0.02896,0.34530386740331487,154.27653085096972,1.7916391890030354
6,x,32,"['x', 'z', 'z', 'z', 'z', 'x']",0.01,m1,100000,66736,1880,3535,0,0.66736,0.028170702469431763,251.98507845401764,39.24331870797323
6,x,33,"['z', 'z', 'z', 'z', 'z', 'x']",1.0,m1,100000,100000,0,0,0,1.0,0.0,274.3917006920092,56.23504605697235
6,x,33,"['z', 'z', 'z', 'z', 'z', 'x']",0.1,m1,100000,100000,0,0,0,1.0,0.0,160.9429522199789,168.11537771101575
6,x,33,"['z', 'z', 'z', 'z', 'z', 'x']",0.01,m1,100000,100000,0,0,0,1.0,0.0,165.9244068179978,-46.830619462998584
6,x,34,"['x', 'x', 'x', 'x', 'x', 'z']",1.0,m1,100000,0,0,0,0,0.0,1.0,38.35600456799148,0.0632857860182412
6,x,34,"['x', 'x', 'x', 'x', 'x', 'z']",0.1,m1,100000,7245,0,0,0,0.07245,0.0,90.76616932300385,0.07562110503204167
6,x,34,"['x', 'x', 'x', 'x', 'x', 'z']",0.01,m1,100000,75175,0,0,0,0.75175,0.0,145.66262748400914,10.717864490987267
6,x,35,"['z', 'x', 'x', 'x', 'x', 'z']",1.0,m1,100000,0,0,0,0,0.0,1.0,159.04911809804616,0.41237851296318695
6,x,35,"['z', 'x', 'x', 'x', 'x', 'z']",0.1,m1,100000,5316,0,0,0,0.05316,0.0,203.0204947940074,2.7538142199628055
6,x,35,"['z', 'x', 'x', 'x', 'x', 'z']",0.01,m1,100000,72911,0,0,0,0.72911,0.0,97.287394554005,73.34428422100609
6,x,36,"['x', 'z', 'x', 'x', 'x', 'z']",1.0,m1,100000,0,0,0,0,0.0,1.0,48.81136556703132,-9.783056398038752
6,x,36,"['x', 'z', 'x', 'x', 'x', 'z']",0.1,m1,100000,772,0,0,0,0.00772,0.0,154.57517314900178,0.6903850300004706
6,x,36,"['x', 'z', 'x', 'x', 'x', 'z']",0.01,m1,100000,60557,0,0,0,0.60557,0.0,125.2101519840071,159.13703473698115
6,x,37,"['z', 'z', 'x', 'x', 'x', 'z']",1.0,m1,100000,0,0,0,0,0.0,1.0,95.70982216199627,47.06740884296596
6,x,37,"['z', 'z', 'x', 'x', 'x', 'z']",0.1,m1,100000,16166,0,0,0,0.16166,0.0,191.88332873600302,56.720056931022555
6,x,37,"['z', 'z', 'x', 'x', 'x', 'z']",0.01,m1,100000,82926,0,0,0,0.82926,0.0,124.66481946501881,107.92070834996412
6,x,38,"['x', 'x', 'z', 'x', 'x', 'z']",1.0,m1,100000,0,0,0,0,0.0,1.0,49.33302325801924,2.550724057946354
6,x,38,"['x', 'x', 'z', 'x', 'x', 'z']",0.1,m1,100000,3357,0,0,0,0.03357,0.0,173.41898335400037,1.9571609150152653
6,x,38,"['x', 'x', 'z', 'x', 'x', 'z']",0.01,m1,100000,71163,0,0,0,0.71163,0.0,258.303965308005,40.35964268294629
6,x,39,"['z', 'x', 'z', 'x', 'x', 'z']",1.0,m1,100000,0,0,0,0,0.0,1.0,100.28289412503364,-40.92400210001506
6,x,39,"['z', 'x', 'z', 'x', 'x', 'z']",0.1,m1,100000,16659,0,1,0,0.16659,0.0,138.56714619498234,-32.38572481699521
6,x,39,"['z', 'x', 'z', 'x', 'x', 'z']",0.01,m1,100000,83598,0,0,0,0.83598,0.0,212.58451871899888,106.72318311798153
6,x,40,"['x', 'z', 'z', 'x', 'x', 'z']",1.0,m1,100000,0,0,0,0,0.0,1.0,86.01538894197438,20.20961402199464
6,x,40,"['x', 'z', 'z', 'x', 'x', 'z']",0.1,m1,100000,2628,58,112,0,0.02628,0.02207001522070018,60.46412727603456,0.9030792669509538
6,x,40,"['x', 'z', 'z', 'x', 'x', 'z']",0.01,m1,100000,69353,15,30,0,0.69353,0.00021628480382973603,256.0703591040219,40.533728467999026
6,x,41,"['z', 'z', 'z', 'x', 'x', 'z']",1.0,m1,100000,285,2,0,0,0.00285,0.007017543859649145,154.50210223702015,86.84122388996184
6,x,41,"['z', 'z', 'z', 'x', 'x', 'z']",0.1,m1,100000,45944,0,0,0,0.45944,0.0,132.11142193397973,-27.99181369500002
6,x,41,"['z', 'z', 'z', 'x', 'x', 'z']",0.01,m1,100000,92368,0,0,0,0.92368,0.0,255.52143188298214,72.98961793503258
6,x,42,"['x', 'x', 'x', 'z', 'x', 'z']",1.0,m1,100000,0,0,0,0,0.0,1.0,43.078164838952944,-1.7017777399742045
6,x,42,"['x', 'x', 'x', 'z', 'x', 'z']",0.1,m1,100000,3491,1,2,0,0.03491,0.0002864508736751814,115.73511823295848,-51.45064338896191
6,x,42,"['x', 'x', 'x', 'z', 'x', 'z']",0.01,m1,100000,71804,0,0,0,0.71804,0.0,258.6361743049929,42.13774977705907
6,x,43,"['z', 'x', 'x', 'z', 'x', 'z']",1.0,m1,100000,0,0,0,0,0.0,1.0,162.24478994501987,0.1869894179981202
6,x,43,"['z', 'x', 'x', 'z', 'x', 'z']",0.1,m1,100000,4405,3,6,0,0.04405,0.0006810442678774065,138.9309508249862,-63.424870107963216
6,x,43,"['z', 'x', 'x', 'z', 'x', 'z']",0.01,m1,100000,73311,0,0,0,0.73311,0.0,95.04424881597515,116.0532561330474
6,x,44,"['x', 'z', 'x', 'z', 'x', 'z']",1.0,m1,100000,0,0,0,0,0.0,1.0,107.11910163599532,-62.36161781504052
6,x,44,"['x', 'z', 'x', 'z', 'x', 'z']",0.1,m1,100000,1296,22,44,0,0.01296,0.016975308641975273,157.50183207698865,0.8097174760187045
6,x,44,"['x', 'z', 'x', 'z', 'x', 'z']",0.01,m1,100000,65257,9,18,0,0.65257,0.00013791623887093873,231.77654961700318,58.05870202998631
6,x,45,"['z', 'z', 'x', 'z', 'x', 'z']",1.0,m1,100000,1,0,0,0,1e-05,0.0,153.0764727340429,-80.42241287906654
6,x,45,"['z', 'z', 'x', 'z', 'x', 'z']",0.1,m1,100000,22899,3,6,0,0.22899,0.0001310100877767173,87.24792865797644,121.00359559903154
6,x,45,"['z', 'z', 'x', 'z', 'x', 'z']",0.01,m1,100000,86381,0,0,0,0.86381,0.0,96.3301389850094,18.037098493019585
6,x,46,"['x', 'x', 'z', 'z', 'x', 'z']",1.0,m1,100000,0,0,0,0,0.0,1.0,105.72753854101757,0.37542447698069736
6,x,46,"['x', 'x', 'z', 'z', 'x', 'z']",0.1,m1,100000,324,18,33,0,0.00324,0.05555555555555558,115.7157948599779,31.62244217400439
6,x,46,"['x', 'x', 'z', 'z', 'x', 'z']",0.01,m1,100000,55728,23,46,0,0.55728,0.0004127189204709003,244.75833199202316,33.045048631960526
6,x,47,"['z', 'x', 'z', 'z', 'x', 'z']",1.0,m1,100000,0,0,0,0,0.0,1.0,128.50572202604963,34.87829200492706
6,x,47,"['z', 'x', 'z', 'z', 'x', 'z']",0.1,m1,100000,6798,204,377,0,0.06798,0.030008826125330956,84.85706026200205,-8.330369844043162
6,x,47,"['z', 'x', 'z', 'z', 'x', 'z']",0.01,m1,100000,76446,28,55,0,0.76446,0.00036627161656599405,189.3278480640147,-77.99978739803191
6,x,48,"['x', 'z', 'z', 'z', 'x', 'z']",1.0,m1,100000,0,0,0,0,0.0,1.0,39.18521614500787,0.8025313429534435
6,x,48,"['x', 'z', 'z', 'z', 'x', 'z']",0.1,m1,100000,2801,696,1338,0,0.02801,0.24848268475544444,167.13287693198072,2.31902081501903
6,x,48,"['x', 'z', 'z', 'z', 'x', 'z']",0.01,m1,100000,69315,1950,3867,0,0.69315,0.028132438866046328,255.54371772200102,40.23485463601537
6,x,49,"['z', 'z', 'z', 'z', 'x', 'z']",1.0,m1,100000,3208,10,17,0,0.03208,0.0031172069825435855,276.20823426003335,1.8702304259641096
6,x,49,"['z', 'z', 'z', 'z', 'x', 'z']",0.1,m1,100000,66789,0,0,0,0.66789,0.0,96.28935597999953,83.76376068399986
6,x,49,"['z', 'z', 'z', 'z', 'x', 'z']",0.01,m1,100000,96029,0,0,0,0.96029,0.0,241.11358034500154,-15.799764872004744
6,x,50,"['x', 'x', 'x', 'x', 'z', 'z']",1.0,m1,100000,0,0,0,0,0.0,1.0,99.19032922497718,-0.26896621799096465
6,x,50,"['x', 'x', 'x', 'x', 'z', 'z']",0.1,m1,100000,1711,0,1,0,0.01711,0.0,154.9725266029709,1.5280841769999824
6,x,50,"['x', 'x', 'x', 'x', 'z', 'z']",0.01,m1,100000,66063,0,0,0,0.66063,0.0,89.2454404309974,61.544304848997854
6,x,51,"['z', 'x', 'x', 'x', 'z', 'z']",1.0,m1,100000,0,0,0,0,0.0,1.0,84.83955655898899,79.40172581898514
6,x,51,"['z', 'x', 'x', 'x', 'z', 'z']",0.1,m1,100000,5603,2,3,0,0.05603,0.0003569516330537148,135.02912823099177,20.048954841971863
6,x,51,"['z', 'x', 'x', 'x', 'z', 'z']",0.01,m1,100000,75104,0,0,0,0.75104,0.0,94.83608711697161,16.495698342041578
6,x,52,"['x', 'z', 'x', 'x', 'z', 'z']",1.0,m1,100000,0,0,0,0,0.0,1.0,103.09960486495402,0.6205843650386669
6,x,52,"['x', 'z', 'x', 'x', 'z', 'z']",0.1,m1,100000,1882,51,96,0,0.01882,0.027098831030818227,131.24267586501082,15.896497288020328
6,x,52,"['x', 'z', 'x', 'x', 'z', 'z']",0.01,m1,100000,67733,16,33,0,0.67733,0.0002362216349489632,186.5103561130236,107.07150911196368
6,x,53,"['z', 'z', 'x', 'x', 'z', 'z']",1.0,m1,100000,0,0,0,0,0.0,1.0,192.89710653899238,8.539807054039557
6,x,53,"['z', 'z', 'x', 'x', 'z', 'z']",0.1,m1,100000,9290,4,7,0,0.0929,0.00043057050592032464,111.55108523200033,32.125120215991046
6,x,53,"['z', 'z', 'x', 'x', 'z', 'z']",0.01,m1,100000,78822,0,0,0,0.78822,0.0,273.13839715201175,44.27209698094521
6,x,54,"['x', 'x', 'z', 'x', 'z', 'z']",1.0,m1,100000,0,0,0,0,0.0,1.0,102.17403078498319,-0.02136409597005695
6,x,54,"['x', 'x', 'z', 'x', 'z', 'z']",0.1,m1,100000,2884,82,155,0,0.02884,0.02843273231622745,97.90877285599709,68.3868289910024
6,x,54,"['x', 'x', 'z', 'x', 'z', 'z']",0.01,m1,100000,70505,22,41,0,0.70505,0.00031203460747464273,244.28669051802717,-139.26043183903676
6,x,55,"['z', 'x', 'z', 'x', 'z', 'z']",1.0,m1,100000,0,0,0,0,0.0,1.0,160.91033670504112,-0.614918927079998
6,x,55,"['z', 'x', 'z', 'x', 'z', 'z']",0.1,m1,100000,6597,321,594,0,0.06597,0.04865848112778537,74.69806183798937,28.044331674987916
6,x,55,"['z', 'x', 'z', 'x', 'z', 'z']",0.01,m1,100000,76084,54,107,0,0.76084,0.0007097418642553199,104.93082054902334,207.6771828130004
6,x,56,"['x', 'z', 'z', 'x', 'z', 'z']",1.0,m1,100000,0,0,0,0,0.0,1.0,38.93364386097528,0.01120001106755808
6,x,56,"['x', 'z', 'z', 'x', 'z', 'z']",0.1,m1,100000,1966,516,979,0,0.01966,0.2624618514750763,94.09983858198393,66.52708790102042
6,x,56,"['x', 'z', 'z', 'x', 'z', 'z']",0.01,m1,100000,67699,2188,4347,0,0.67699,0.03231953204626359,252.85777286201483,40.08538243995281
6,x,57,"['z', 'z', 'z', 'x', 'z', 'z']",1.0,m1,100000,59,7,8,0,0.00059,0.11864406779661019,147.75170813099248,-5.005237567005679
6,x,57,"['z', 'z', 'z', 'x', 'z', 'z']",0.1,m1,100000,43197,10,19,0,0.43197,0.00023149755770079938,132.94968989002518,159.7081633999478
6,x,57,"['z', 'z', 'z', 'x', 'z', 'z']",0.01,m1,100000,91903,0,0,0,0.91903,0.0,96.93595421302598,40.621349225984886
6,x,58,"['x', 'x', 'x', 'z', 'z', 'z']",1.0,m1,100000,0,0,0,0,0.0,1.0,97.19853767403401,0.2164971519378014
6,x,58,"['x', 'x', 'x', 'z', 'z', 'z']",0.1,m1,100000,815,60,107,0,0.00815,0.07361963190184051,83.14164735696977,-30.138822990003973
6,x,58,"['x', 'x', 'x', 'z', 'z', 'z']",0.01,m1,100000,61667,54,107,0,0.61667,0.0008756709423192177,246.52601452003,-33.35758370900294
6,x,59,"['z', 'x', 'x', 'z', 'z', 'z']",1.0,m1,100000,0,0,0,0,0.0,1.0,163.04413348797243,0.09007292805472389
6,x,59,"['z', 'x', 'x', 'z', 'z', 'z']",0.1,m1,100000,5949,333,590,0,0.05949,0.055975794251134636,145.27942178602098,-69.31631348002702
6,x,59,"['z', 'x', 'x', 'z', 'z', 'z']",0.01,m1,100000,75516,62,123,0,0.75516,0.0008210180623974273,268.90468537795823,43.08420643303543
6,x,60,"['x', 'z', 'x', 'z', 'z', 'z']",1.0,m1,100000,0,0,0,0,0.0,1.0,40.61303341499297,-3.0333674360299483
6,x,60,"['x', 'z', 'x', 'z', 'z', 'z']",0.1,m1,100000,565,190,342,0,0.00565,0.33628318584070793,53.7836160309962,0.10428531299112365
6,x,60,"['x', 'z', 'x', 'z', 'z', 'z']",0.01,m1,100000,59586,2978,5881,0,0.59586,0.04997818279461619,247.94189283903688,34.627402461948805
6,x,61,"['z', 'z', 'x', 'z', 'z', 'z']",1.0,m1,100000,0,0,0,0,0.0,1.0,201.21249094197992,0.33645467803580686
6,x,61,"['z', 'z', 'x', 'z', 'z', 'z']",0.1,m1,100000,20350,916,1562,0,0.2035,0.04501228501228505,106.75477419997333,-16.96668512193719
6,x,61,"['z', 'z', 'x', 'z', 'z', 'z']",0.01,m1,100000,85366,53,104,0,0.85366,0.0006208560785324613,275.1237814920023,48.71729162102565
6,x,62,"['x', 'x', 'z', 'z', 'z', 'z']",1.0,m1,100000,0,0,0,0,0.0,1.0,100.49659117299598,0.08442835201276466
6,x,62,"['x', 'x', 'z', 'z', 'z', 'z']",0.1,m1,100000,783,275,478,0,0.00783,0.35121328224776505,97.8651951450156,52.47909705195343
6,x,62,"['x', 'x', 'z', 'z', 'z', 'z']",0.01,m1,100000,61920,3334,6538,0,0.6192,0.05384366925064599,107.02678481198382,-5.3948473099735565
6,x,63,"['z', 'x', 'z', 'z', 'z', 'z']",1.0,m1,100000,0,0,0,0,0.0,1.0,71.21947297500446,-13.703842551039997
6,x,63,"['z', 'x', 'z', 'z', 'z', 'z']",0.1,m1,100000,5970,1690,2497,0,0.0597,0.28308207705192634,193.6697720499942,16.70048358401982
6,x,63,"['z', 'x', 'z', 'z', 'z', 'z']",0.01,m1,100000,75679,3008,5803,0,0.75679,0.03974682540731245,269.2793154210085,43.911215298983734
6,x,64,"['x', 'z', 'z', 'z', 'z', 'z']",1.0,m1,100000,0,0,0,0,0.0,1.0,106.82337133400142,-0.3407374150119722
6,x,64,"['x', 'z', 'z', 'z', 'z', 'z']",0.1,m1,100000,2728,1148,0,0,0.02728,0.4208211143695014,59.18701953999698,0.42213306395569816
6,x,64,"['x', 'z', 'z', 'z', 'z', 'z']",0.01,m1,100000,70141,5549,0,0,0.70141,0.07911207425043842,145.5001448370167,-3.640134845045395
6,z,2,"['z', 'x', 'x', 'x', 'x', 'x']",1.0,m1,100000,0,0,0,0,0.0,1.0,160.50505072402302,0.9988509839749895
6,z,2,"['z', 'x', 'x', 'x', 'x', 'x']",0.1,m1,100000,8087,2172,3285,0,0.08087,0.26857920118709044,115.16983084601816,-36.79132899700198
6,z,2,"['z', 'x', 'x', 'x', 'x', 'x']",0.01,m1,100000,77717,2952,5705,0,0.77717,0.03798396747172428,95.50982728000963,71.19879376795143
6,z,3,"['x', 'z', 'x', 'x', 'x', 'x']",1.0,m1,100000,0,0,0,0,0.0,1.0,106.19609680701979,0.28777495899703354
6,z,3,"['x', 'z', 'x', 'x', 'x', 'x']",0.1,m1,100000,1358,462,778,0,0.01358,0.3402061855670103,159.8620066420408,0.38468828197801486
6,z,3,"['x', 'z', 'x', 'x', 'x', 'x']",0.01,m1,100000,65276,3280,6392,0,0.65276,0.0502481769716282,253.7023820800241,36.58407243399415
6,z,4,"['z', 'z', 'x', 'x', 'x', 'x']",1.0,m1,100000,0,0,0,0,0.0,1.0,146.91720076999627,55.77248156600399
6,z,4,"['z', 'z', 'x', 'x', 'x', 'x']",0.1,m1,100000,27265,896,1570,0,0.27265,0.0328626444159178,108.33200682594907,-15.21174641395919
6,z,4,"['z', 'z', 'x', 'x', 'x', 'x']",0.01,m1,100000,87924,34,68,0,0.87924,0.0003866976024748947,209.53820385801373,115.53137797798263
6,z,5,"['x', 'x', 'z', 'x', 'x', 'x']",1.0,m1,100000,0,0,0,0,0.0,1.0,108.3508882370079,-38.07259916799376
6,z,5,"['x', 'x', 'z', 'x', 'x', 'x']",0.1,m1,100000,3260,865,1582,0,0.0326,0.26533742331288346,60.432511222024914,0.48925782594596967
6,z,5,"['x', 'x', 'z', 'x', 'x', 'x']",0.01,m1,100000,71434,2500,4962,0,0.71434,0.03499734020214462,255.77167546201963,41.71291147900047
6,z,6,"['z', 'x', 'z', 'x', 'x', 'x']",1.0,m1,100000,0,0,0,0,0.0,1.0,162.32482347096084,-0.21763251995434985
6,z,6,"['z', 'x', 'z', 'x', 'x', 'x']",0.1,m1,100000,8273,414,757,0,0.08273,0.05004230629759454,215.71320465602912,4.89017176895868
6,z,6,"['z', 'x', 'z', 'x', 'x', 'x']",0.01,m1,100000,78148,56,113,0,0.78148,0.0007165890361877647,109.72754513699329,2.9330243680160493
6,z,7,"['x', 'z', 'z', 'x', 'x', 'x']",1.0,m1,100000,0,0,0,0,0.0,1.0,37.715676016989164,0.020454859011806548
6,z,7,"['x', 'z', 'z', 'x', 'x', 'x']",0.1,m1,100000,1621,114,189,0,0.01621,0.07032695866748917,96.3664926479687,-37.4929368449375
6,z,7,"['x', 'z', 'z', 'x', 'x', 'x']",0.01,m1,100000,66772,62,124,0,0.66772,0.0009285329179895552,253.01108023000415,38.999568219005596
6,z,8,"['z', 'z', 'z', 'x', 'x', 'x']",1.0,m1,100000,2,1,0,0,2e-05,0.5,147.67368614498992,51.72107611602405
6,z,8,"['z', 'z', 'z', 'x', 'x', 'x']",0.1,m1,100000,28860,12,21,0,0.2886,0.0004158004158003603,263.03088080201996,16.554328956000973
6,z,8,"['z', 'z', 'z', 'x', 'x', 'x']",0.01,m1,100000,88216,0,0,0,0.88216,0.0,125.48874038702343,-11.055267475021537
6,z,9,"['x', 'x', 'x', 'z', 'x', 'x']",1.0,m1,100000,0,0,0,0,0.0,1.0,103.54222942597698,0.5985345200169832
6,z,9,"['x', 'x', 'x', 'z', 'x', 'x']",0.1,m1,100000,140,53,90,0,0.0014,0.37857142857142856,67.88368461601203,-16.20972881099442
6,z,9,"['x', 'x', 'x', 'z', 'x', 'x']",0.01,m1,100000,50874,2717,5372,0,0.50874,0.053406455163737876,239.58007212600205,29.865129967976827
6,z,10,"['z', 'x', 'x', 'z', 'x', 'x']",1.0,m1,100000,0,0,0,0,0.0,1.0,58.72330716397846,0.24503172107506543
6,z,10,"['z', 'x', 'x', 'z', 'x', 'x']",0.1,m1,100000,8330,281,518,0,0.0833,0.03373349339735898,215.61920048098546,5.466751260042656
6,z,10,"['z', 'x', 'x', 'z', 'x', 'x']",0.01,m1,100000,78197,38,75,0,0.78197,0.0004859521465018224,117.49180485401303,2.029229512962047
6,z,11,"['x', 'z', 'x', 'z', 'x', 'x']",1.0,m1,100000,0,0,0,0,0.0,1.0,104.54530030605383,0.3441432409454137
6,z,11,"['x', 'z', 'x', 'z', 'x', 'x']",0.1,m1,100000,2591,110,194,0,0.02591,0.04245465071401,61.05150770302862,0.3502566269598901
6,z,11,"['x', 'z', 'x', 'z', 'x', 'x']",0.01,m1,100000,69741,35,70,0,0.69741,0.0005018568704205917,257.17584858695045,40.531554639106616
6,z,12,"['z', 'z', 'x', 'z', 'x', 'x']",1.0,m1,100000,9,1,2,0,9e-05,0.11111111111111116,207.72532030002913,0.5259997039684094
6,z,12,"['z', 'z', 'x', 'z', 'x', 'x']",0.1,m1,100000,38421,4,7,0,0.38421,0.00010410973165719817,147.0393876930466,-48.23059719108278
6,z,12,"['z', 'z', 'x', 'z', 'x', 'x']",0.01,m1,100000,90889,0,0,0,0.90889,0.0,256.6791838769568,71.38632064900594
6,z,13,"['x', 'x', 'z', 'z', 'x', 'x']",1.0,m1,100000,0,0,0,0,0.0,1.0,108.65085878799437,-0.6077031890163198
6,z,13,"['x', 'x', 'z', 'z', 'x', 'x']",0.1,m1,100000,3738,90,163,0,0.03738,0.024077046548956704,181.07471651496598,-61.55717750097392
6,z,13,"['x', 'x', 'z', 'z', 'x', 'x']",0.01,m1,100000,72231,20,39,0,0.72231,0.00027688942420844853,94.95216533599887,11.873046436987352
6,z,14,"['z', 'x', 'z', 'z', 'x', 'x']",1.0,m1,100000,0,0,0,0,0.0,1.0,90.85636672703549,51.949399069999345
6,z,14,"['z', 'x', 'z', 'z', 'x', 'x']",0.1,m1,100000,5208,2,5,0,0.05208,0.00038402457757291675,124.25574026297545,-24.817978642997332
6,z,14,"['z', 'x', 'z', 'z', 'x', 'x']",0.01,m1,100000,74248,0,0,0,0.74248,0.0,215.1041682609939,94.11268075200496
6,z,15,"['x', 'z', 'z', 'z', 'x', 'x']",1.0,m1,100000,0,0,0,0,0.0,1.0,79.51924159494229,-41.85388414893532
6,z,15,"['x', 'z', 'z', 'z', 'x', 'x']",0.1,m1,100000,954,1,2,0,0.00954,0.0010482180293500676,152.3720265480224,0.808284108992666
6,z,15,"['x', 'z', 'z', 'z', 'x', 'x']",0.01,m1,100000,62540,0,0,0,0.6254,0.0,120.39068966999184,133.45792817202164
6,z,16,"['z', 'z', 'z', 'z', 'x', 'x']",1.0,m1,100000,6131,8,15,0,0.06131,0.0013048442342195044,275.53449452202767,3.4296112110023387
6,z,16,"['z', 'z', 'z', 'z', 'x', 'x']",0.1,m1,100000,74914,0,0,0,0.74914,0.0,275.52426095696865,41.33362081204541
6,z,16,"['z', 'z', 'z', 'z', 'x', 'x']",0.01,m1,100000,97120,0,0,0,0.9712,0.0,118.65568450995488,26.731159147049766
6,z,17,"['x', 'x', 'x', 'x', 'z', 'x']",1.0,m1,100000,0,0,0,0,0.0,1.0,104.55810192401987,1.326852671976667
6,z,17,"['x', 'x', 'x', 'x', 'z', 'x']",0.1,m1,100000,1132,341,636,0,0.01132,0.3012367491166078,99.87163514498388,-43.20023045799462
6,z,17,"['x', 'x', 'x', 'x', 'z', 'x']",0.01,m1,100000,63525,2184,4319,0,0.63525,0.03438016528925625,112.62784744100645,-10.394927999004722
6,z,18,"['z', 'x', 'x', 'x', 'z', 'x']",1.0,m1,100000,0,0,0,0,0.0,1.0,108.38936225499492,36.007083202013746
6,z,18,"['z', 'x', 'x', 'x', 'z', 'x']",0.1,m1,100000,7038,256,484,0,0.07038,0.03637396987780617,210.71831708797254,3.359143320005387
6,z,18,"['z', 'x', 'x', 'x', 'z', 'x']",0.01,m1,100000,76501,29,58,0,0.76501,0.00037908001202602293,268.8354851810145,43.66165440296754
6,z,19,"['x', 'z', 'x', 'x', 'z', 'x']",1.0,m1,100000,0,0,0,0,0.0,1.0,106.57238203997258,-0.049568628950510174
6,z,19,"['x', 'z', 'x', 'x', 'z', 'x']",0.1,m1,100000,3377,74,127,0,0.03377,0.021912940479715703,84.97861323005054,-23.30172530800337
6,z,19,"['x', 'z', 'x', 'x', 'z', 'x']",0.01,m1,100000,71460,16,31,0,0.7146,0.00022390148334727744,90.41072652500588,14.868325756979175
6,z,20,"['z', 'z', 'x', 'x', 'z', 'x']",1.0,m1,100000,0,0,0,0,0.0,1.0,201.31141683500027,-0.5222516580251977
6,z,20,"['z', 'z', 'x', 'x', 'z', 'x']",0.1,m1,100000,20073,2,4,0,0.20073,9.963632740495054e-05,243.004443118989,11.626765786029864
6,z,20,"['z', 'z', 'x', 'x', 'z', 'x']",0.01,m1,100000,85079,0,0,0,0.85079,0.0,200.64466226799414,121.69685830903472
6,z,21,"['x', 'x', 'z', 'x', 'z', 'x']",1.0,m1,100000,0,0,0,0,0.0,1.0,48.23512548604049,-8.316787350049708
6,z,21,"['x', 'x', 'z', 'x', 'z', 'x']",0.1,m1,100000,1271,22,41,0,0.01271,0.01730920535011804,107.15782632899936,-47.72809380601393
6,z,21,"['x', 'x', 'z', 'x', 'z', 'x']",0.01,m1,100000,64789,12,23,0,0.64789,0.00018521662627912772,104.7680321240332,1.4786670479807071
6,z,22,"['z', 'x', 'z', 'x', 'z', 'x']",1.0,m1,100000,0,0,0,0,0.0,1.0,159.47319982101908,0.047585197957232594
6,z,22,"['z', 'x', 'z', 'x', 'z', 'x']",0.1,m1,100000,3281,0,1,0,0.03281,0.0,135.30414904496865,72.2037333730259
6,z,22,"['z', 'x', 'z', 'x', 'z', 'x']",0.01,m1,100000,71351,0,0,0,0.71351,0.0,265.8581673579756,41.757528830028605
6,z,23,"['x', 'z', 'z', 'x', 'z', 'x']",1.0,m1,100000,0,0,0,0,0.0,1.0,47.6180231939652,-8.850463212002069
6,z,23,"['x', 'z', 'z', 'x', 'z', 'x']",0.1,m1,100000,1744,0,0,0,0.01744,0.0,103.9826859270106,-45.23887785500847
6,z,23,"['x', 'z', 'z', 'x', 'z', 'x']",0.01,m1,100000,66783,0,0,0,0.66783,0.0,215.0332060030196,76.86883425095584
6,z,24,"['z', 'z', 'z', 'x', 'z', 'x']",1.0,m1,100000,182,0,0,0,0.00182,0.0,210.17247374303406,28.321941925911233
6,z,24,"['z', 'z', 'z', 'x', 'z', 'x']",0.1,m1,100000,45641,0,0,0,0.45641,0.0,93.14077887596795,10.007140761008486
6,z,24,"['z', 'z', 'z', 'x', 'z', 'x']",0.01,m1,100000,92431,0,0,0,0.92431,0.0,171.2294385950081,157.5176136639784
6,z,25,"['x', 'x', 'x', 'z', 'z', 'x']",1.0,m1,100000,0,0,0,0,0.0,1.0,95.57866311696125,9.670997962064575
6,z,25,"['x', 'x', 'x', 'z', 'z', 'x']",0.1,m1,100000,833,20,37,0,0.00833,0.02400960384153661,157.81079466099618,0.39854561601532623
6,z,25,"['x', 'x', 'x', 'z', 'z', 'x']",0.01,m1,100000,61524,12,23,0,0.61524,0.00019504583577145684,114.93282247998286,36.27087351703085
6,z,26,"['z', 'x', 'x', 'z', 'z', 'x']",1.0,m1,100000,0,0,0,0,0.0,1.0,67.05941366101615,-7.938069831056055
6,z,26,"['z', 'x', 'x', 'z', 'z', 'x']",0.1,m1,100000,8303,2,2,0,0.08303,0.0002408767915211829,130.03001116105588,-49.34440030809492
6,z,26,"['z', 'x', 'x', 'z', 'z', 'x']",0.01,m1,100000,77841,0,0,0,0.77841,0.0,270.5510921969544,-5.46167304192204
6,z,27,"['x', 'z', 'x', 'z', 'z', 'x']",1.0,m1,100000,0,0,0,0,0.0,1.0,43.44138418399962,-4.153382487013005
6,z,27,"['x', 'z', 'x', 'z', 'z', 'x']",0.1,m1,100000,3050,0,1,0,0.0305,0.0,171.04997747199377,2.8571888700244017
6,z,27,"['x', 'z', 'x', 'z', 'z', 'x']",0.01,m1,100000,70464,0,0,0,0.70464,0.0,212.82780560397077,84.40272800001549
6,z,28,"['z', 'z', 'x', 'z', 'z', 'x']",1.0,m1,100000,1,0,0,0,1e-05,0.0,189.85839740396477,13.533609933045227
6,z,28,"['z', 'z', 'x', 'z', 'z', 'x']",0.1,m1,100000,23222,0,0,0,0.23222,0.0,91.42690956103615,16.06620961392764
6,z,28,"['z', 'z', 'x', 'z', 'z', 'x']",0.01,m1,100000,86123,0,0,0,0.86123,0.0,141.90611921803793,167.64014620595844
6,z,29,"['x', 'x', 'z', 'z', 'z', 'x']",1.0,m1,100000,0,0,0,0,0.0,1.0,104.81241721601691,0.8644738459843211
6,z,29,"['x', 'x', 'z', 'z', 'z', 'x']",0.1,m1,100000,1044,0,1,0,0.01044,0.0,64.07141487603076,52.701261170965154
6,z,29,"['x', 'x', 'z', 'z', 'z', 'x']",0.01,m1,100000,61738,0,0,0,0.61738,0.0,225.6505779849831,61.59362678503385
6,z,30,"['z', 'x', 'z', 'z', 'z', 'x']",1.0,m1,100000,0,0,0,0,0.0,1.0,149.27254283201182,12.775794887973461
6,z,30,"['z', 'x', 'z', 'z', 'z', 'x']",0.1,m1,100000,6276,0,0,0,0.06276,0.0,73.94351363996975,1.3740411340259016
6,z,30,"['z', 'x', 'z', 'z', 'z', 'x']",0.01,m1,100000,74161,0,0,0,0.74161,0.0,267.0630197710125,42.04094457399333
6,z,31,"['x', 'z', 'z', 'z', 'z', 'x']",1.0,m1,100000,0,0,0,0,0.0,1.0,39.91790579300141,-2.324857275991235
6,z,31,"['x', 'z', 'z', 'z', 'z', 'x']",0.1,m1,100000,2896,0,0,0,0.02896,0.0,102.98966880800435,46.81970052403631
6,z,31,"['x', 'z', 'z', 'z', 'z', 'x']",0.01,m1,100000,66736,0,0,0,0.66736,0.0,137.79163716401672,117.00861367798643
6,z,32,"['z', 'z', 'z', 'z', 'z', 'x']",1.0,m1,100000,100000,0,0,0,1.0,0.0,193.96768931602128,135.8311707219691
6,z,32,"['z', 'z', 'z', 'z', 'z', 'x']",0.1,m1,100000,100000,0,0,0,1.0,0.0,157.9966144139762,18.856605473032687
6,z,32,"['z', 'z', 'z', 'z', 'z', 'x']",0.01,m1,100000,100000,0,0,0,1.0,0.0,146.1085565649555,183.9005832860712
6,z,33,"['x', 'x', 'x', 'x', 'x', 'z']",1.0,m1,100000,0,0,0,0,0.0,1.0,56.28103524399921,29.197957338998094
6,z,33,"['x', 'x', 'x', 'x', 'x', 'z']",0.1,m1,100000,7245,1878,3222,0,0.07245,0.25921325051759836,153.78844794799807,26.37553060904611
6,z,33,"['x', 'x', 'x', 'x', 'x', 'z']",0.01,m1,100000,75175,1595,3076,0,0.75175,0.0212171599600931,91.95320778497262,54.5992564400658
6,z,34,"['z', 'x', 'x', 'x', 'x', 'z']",1.0,m1,100000,0,0,0,0,0.0,1.0,159.73971847299254,-0.6767787970020436
6,z,34,"['z', 'x', 'x', 'x', 'x', 'z']",0.1,m1,100000,5316,342,578,0,0.05316,0.06433408577878108,79.30065044900402,61.30477919999976
6,z,34,"['z', 'x', 'x', 'x', 'x', 'z']",0.01,m1,100000,72911,42,83,0,0.72911,0.0005760447669076463,175.4223542799591,134.41317572502885
6,z,35,"['x', 'z', 'x', 'x', 'x', 'z']",1.0,m1,100000,0,0,0,0,0.0,1.0,105.81692444300279,-23.43854406400351
6,z,35,"['x', 'z', 'x', 'x', 'x', 'z']",0.1,m1,100000,772,50,78,0,0.00772,0.06476683937823835,55.9297507799929,0.1921441110316664
6,z,35,"['x', 'z', 'x', 'x', 'x', 'z']",0.01,m1,100000,60557,32,63,0,0.60557,0.0005284277622735756,88.39144301600754,74.339453242952
6,z,36,"['z', 'z', 'x', 'x', 'x', 'z']",1.0,m1,100000,0,0,0,0,0.0,1.0,200.0688411279698,0.3280461100512184
6,z,36,"['z', 'z', 'x', 'x', 'x', 'z']",0.1,m1,100000,16166,7,14,0,0.16166,0.00043300754670294594,239.3109929219936,9.392289393988904
6,z,36,"['z', 'z', 'x', 'x', 'x', 'z']",0.01,m1,100000,82926,0,0,0,0.82926,0.0,273.0387526570121,47.55432445195038
6,z,37,"['x', 'x', 'z', 'x', 'x', 'z']",1.0,m1,100000,0,0,0,0,0.0,1.0,40.590381565038115,50.542060465959366
6,z,37,"['x', 'x', 'z', 'x', 'x', 'z']",0.1,m1,100000,3357,52,100,0,0.03357,0.01549002085195117,173.16969378001522,2.7649414680199698
6,z,37,"['x', 'x', 'z', 'x', 'x', 'z']",0.01,m1,100000,71163,11,22,0,0.71163,0.00015457470876723,170.71325440501096,128.8068299079896
6,z,38,"['z', 'x', 'z', 'x', 'x', 'z']",1.0,m1,100000,0,0,0,0,0.0,1.0,61.91648548503872,86.91515158995753
6,z,38,"['z', 'x', 'z', 'x', 'x', 'z']",0.1,m1,100000,16659,0,0,0,0.16659,0.0,91.25878900900716,-7.4666143610375
6,z,38,"['z', 'x', 'z', 'x', 'x', 'z']",0.01,m1,100000,83598,0,0,0,0.83598,0.0,112.11065670201788,11.590199436992407
6,z,39,"['x', 'z', 'z', 'x', 'x', 'z']",1.0,m1,100000,0,0,0,0,0.0,1.0,107.07095150602981,-4.481329667032696
6,z,39,"['x', 'z', 'z', 'x', 'x', 'z']",0.1,m1,100000,2628,0,0,0,0.02628,0.0,60.87468914297642,0.46238343202276155
6,z,39,"['x', 'z', 'z', 'x', 'x', 'z']",0.01,m1,100000,69353,0,0,0,0.69353,0.0,256.62662012001965,-63.791949878039304
6,z,40,"['z', 'z', 'z', 'x', 'x', 'z']",1.0,m1,100000,285,1,2,0,0.00285,0.0035087719298245723,241.45686656504404,-0.3175138090737164
6,z,40,"['z', 'z', 'z', 'x', 'x', 'z']",0.1,m1,100000,45944,0,0,0,0.45944,0.0,240.4882760180044,21.38768808200257
6,z,40,"['z', 'z', 'z', 'x', 'x', 'z']",0.01,m1,100000,92368,0,0,0,0.92368,0.0,263.1015123309917,66.05185385898221
6,z,41,"['x', 'x', 'x', 'z', 'x', 'z']",1.0,m1,100000,0,0,0,0,0.0,1.0,102.68627817597007,-42.16777284099953
6,z,41,"['x', 'x', 'x', 'z', 'x', 'z']",0.1,m1,100000,3491,16,31,0,0.03491,0.0045832139788026804,66.93977760104463,-2.8520064640324563
6,z,41,"['x', 'x', 'x', 'z', 'x', 'z']",0.01,m1,100000,71804,2,4,0,0.71804,2.785360147061766e-05,91.69451615400612,107.3415945310262
6,z,42,"['z', 'x', 'x', 'z', 'x', 'z']",1.0,m1,100000,0,0,0,0,0.0,1.0,162.5639821830555,-0.02073474001372233
6,z,42,"['z', 'x', 'x', 'z', 'x', 'z']",0.1,m1,100000,4405,0,0,0,0.04405,0.0,193.95524845900945,18.163438298041
6,z,42,"['z', 'x', 'x', 'z', 'x', 'z']",0.01,m1,100000,73311,0,0,0,0.73311,0.0,210.27224476297852,-74.16661307000322
6,z,43,"['x', 'z', 'x', 'z', 'x', 'z']",1.0,m1,100000,0,0,0,0,0.0,1.0,39.51393235794967,-0.1126748489914462
6,z,43,"['x', 'z', 'x', 'z', 'x', 'z']",0.1,m1,100000,1296,0,0,0,0.01296,0.0,56.54618979000952,0.22008578601526096
6,z,43,"['x', 'z', 'x', 'z', 'x', 'z']",0.01,m1,100000,65257,0,0,0,0.65257,0.0,89.16025722399354,159.11403323500417
6,z,44,"['z', 'z', 'x', 'z', 'x', 'z']",1.0,m1,100000,1,0,0,0,1e-05,0.0,204.20186947198818,-0.3791378770256415
6,z,44,"['z', 'z', 'x', 'z', 'x', 'z']",0.1,m1,100000,22899,0,0,0,0.22899,0.0,119.86043784103822,21.07039678498404
6,z,44,"['z', 'z', 'x', 'z', 'x', 'z']",0.01,m1,100000,86381,0,0,0,0.86381,0.0,210.83492801903049,69.67285016097594
6,z,45,"['x', 'x', 'z', 'z', 'x', 'z']",1.0,m1,100000,0,0,0,0,0.0,1.0,56.96387317904737,-16.54698859708151
6,z,45,"['x', 'x', 'z', 'z', 'x', 'z']",0.1,m1,100000,324,0,0,0,0.00324,0.0,148.67714870203054,-0.3953858290333301
6,z,45,"['x', 'x', 'z', 'z', 'x', 'z']",0.01,m1,100000,55728,0,0,0,0.55728,0.0,243.82072895899182,31.74270061199786
6,z,46,"['z', 'x', 'z', 'z', 'x', 'z']",1.0,m1,100000,0,0,0,0,0.0,1.0,63.289180172025226,-4.979121645039413
6,z,46,"['z', 'x', 'z', 'z', 'x', 'z']",0.1,m1,100000,6798,0,0,0,0.06798,0.0,210.16859433200443,-131.6209998220438
6,z,46,"['z', 'x', 'z', 'z', 'x', 'z']",0.01,m1,100000,76446,0,0,0,0.76446,0.0,267.2160337389796,19.265208562021144
6,z,47,"['x', 'z', 'z', 'z', 'x', 'z']",1.0,m1,100000,0,0,0,0,0.0,1.0,104.5090696499683,0.055057063000276685
6,z,47,"['x', 'z', 'z', 'z', 'x', 'z']",0.1,m1,100000,2801,0,0,0,0.02801,0.0,63.42632249800954,-2.571350002021063
6,z,47,"['x', 'z', 'z', 'z', 'x', 'z']",0.01,m1,100000,69315,0,0,0,0.69315,0.0,256.20454252301715,38.04151292599272
6,z,48,"['z', 'z', 'z', 'z', 'x', 'z']",1.0,m1,100000,3208,0,0,0,0.03208,0.0,95.83668322797166,0.8103408330352977
6,z,48,"['z', 'z', 'z', 'z', 'x', 'z']",0.1,m1,100000,66789,0,0,0,0.66789,0.0,275.02886117005255,37.62991738994606
6,z,48,"['z', 'z', 'z', 'z', 'x', 'z']",0.01,m1,100000,96029,0,0,0,0.96029,0.0,272.8224848950049,55.96276979398681
6,z,49,"['x', 'x', 'x', 'x', 'z', 'z']",1.0,m1,100000,0,0,0,0,0.0,1.0,98.28665160003584,-0.10320836503524333
6,z,49,"['x', 'x', 'x', 'x', 'z', 'z']",0.1,m1,100000,1711,18,33,0,0.01711,0.010520163646990044,92.00823289097752,-18.697705444996245
6,z,49,"['x', 'x', 'x', 'x', 'z', 'z']",0.01,m1,100000,66063,4,8,0,0.66063,6.05482645353872e-05,149.38920690998202,140.31536421203054
6,z,50,"['z', 'x', 'x', 'x', 'z', 'z']",1.0,m1,100000,0,0,0,0,0.0,1.0,58.34600641101133,-0.11303509306162596
6,z,50,"['z', 'x', 'x', 'x', 'z', 'z']",0.1,m1,100000,5603,2,1,0,0.05603,0.0003569516330537148,155.03355589398416,58.39013937400887
6,z,50,"['z', 'x', 'x', 'x', 'z', 'z']",0.01,m1,100000,75104,0,0,0,0.75104,0.0,114.08794033603044,-3.0557899240520783
6,z,51,"['x', 'z', 'x', 'x', 'z', 'z']",1.0,m1,100000,0,0,0,0,0.0,1.0,56.9504620640073,37.16467242903309
6,z,51,"['x', 'z', 'x', 'x', 'z', 'z']",0.1,m1,100000,1882,0,0,0,0.01882,0.0,58.663023707980756,0.6320962570025586
6,z,51,"['x', 'z', 'x', 'x', 'z', 'z']",0.01,m1,100000,67733,0,0,0,0.67733,0.0,253.77313489600783,39.77391483297106
6,z,52,"['z', 'z', 'x', 'x', 'z', 'z']",1.0,m1,100000,0,0,0,0,0.0,1.0,199.99403519299813,0.7769572510151193
6,z,52,"['z', 'z', 'x', 'x', 'z', 'z']",0.1,m1,100000,9290,0,0,0,0.0929,0.0,128.75162581703626,-13.854225853050593
6,z,52,"['z', 'z', 'x', 'x', 'z', 'z']",0.01,m1,100000,78822,0,0,0,0.78822,0.0,95.4462569449679,172.68127110303612
6,z,53,"['x', 'x', 'z', 'x', 'z', 'z']",1.0,m1,100000,0,0,0,0,0.0,1.0,101.68993099802174,0.23903718398651108
6,z,53,"['x', 'x', 'z', 'x', 'z', 'z']",0.1,m1,100000,2884,0,0,0,0.02884,0.0,123.49681712500751,-53.49242952896748
6,z,53,"['x', 'x', 'z', 'x', 'z', 'z']",0.01,m1,100000,70505,0,0,0,0.70505,0.0,97.77808477997314,7.821192730043549
6,z,54,"['z', 'x', 'z', 'x', 'z', 'z']",1.0,m1,100000,0,0,0,0,0.0,1.0,130.79164321400458,-73.31434638396604
6,z,54,"['z', 'x', 'z', 'x', 'z', 'z']",0.1,m1,100000,6597,0,0,0,0.06597,0.0,210.3324092029943,3.2317020160262473
6,z,54,"['z', 'x', 'z', 'x', 'z', 'z']",0.01,m1,100000,76084,0,0,0,0.76084,0.0,269.6962077100179,42.41715520393336
6,z,55,"['x', 'z', 'z', 'x', 'z', 'z']",1.0,m1,100000,0,0,0,0,0.0,1.0,105.5120634320192,-0.618618292035535
6,z,55,"['x', 'z', 'z', 'x', 'z', 'z']",0.1,m1,100000,1966,0,0,0,0.01966,0.0,104.87655077100499,-32.16087904502638
6,z,55,"['x', 'z', 'z', 'x', 'z', 'z']",0.01,m1,100000,67699,0,0,0,0.67699,0.0,253.27869383903453,39.02561142295599
6,z,56,"['z', 'z', 'z', 'x', 'z', 'z']",1.0,m1,100000,59,0,0,0,0.00059,0.0,137.2251266950043,103.89493671699893
6,z,56,"['z', 'z', 'z', 'x', 'z', 'z']",0.1,m1,100000,43197,0,0,0,0.43197,0.0,115.37030573899392,-1.553791752026882
6,z,56,"['z', 'z', 'z', 'x', 'z', 'z']",0.01,m1,100000,91903,0,0,0,0.91903,0.0,276.56746481498703,50.37149770598626
6,z,57,"['x', 'x', 'x', 'z', 'z', 'z']",1.0,m1,100000,0,0,0,0,0.0,1.0,76.45269731199369,-40.072797471948434
6,z,57,"['x', 'x', 'x', 'z', 'z', 'z']",0.1,m1,100000,815,0,0,0,0.00815,0.0,88.57784245500807,58.201262723014224
6,z,57,"['x', 'x', 'x', 'z', 'z', 'z']",0.01,m1,100000,61667,0,0,0,0.61667,0.0,229.8273131280439,-129.75933130603516
6,z,58,"['z', 'x', 'x', 'z', 'z', 'z']",1.0,m1,100000,0,0,0,0,0.0,1.0,117.71206549095223,-59.36514178896323
6,z,58,"['z', 'x', 'x', 'z', 'z', 'z']",0.1,m1,100000,5949,0,0,0,0.05949,0.0,74.03577769501135,1.4818614399409853
6,z,58,"['z', 'x', 'x', 'z', 'z', 'z']",0.01,m1,100000,75516,0,0,0,0.75516,0.0,217.77922415098874,41.20148664701264
6,z,59,"['x', 'z', 'x', 'z', 'z', 'z']",1.0,m1,100000,0,0,0,0,0.0,1.0,100.73391196999,-0.1880084719741717
6,z,59,"['x', 'z', 'x', 'z', 'z', 'z']",0.1,m1,100000,565,0,0,0,0.00565,0.0,117.71569890301907,30.89458541799104
6,z,59,"['x', 'z', 'x', 'z', 'z', 'z']",0.01,m1,100000,59586,0,0,0,0.59586,0.0,243.14431829500245,34.57805713801645
6,z,60,"['z', 'z', 'x', 'z', 'z', 'z']",1.0,m1,100000,0,0,0,0,0.0,1.0,129.88729040400358,70.80839763401309
6,z,60,"['z', 'z', 'x', 'z', 'z', 'z']",0.1,m1,100000,20350,0,0,0,0.2035,0.0,87.02458019199548,42.84854207205353
6,z,60,"['z', 'z', 'x', 'z', 'z', 'z']",0.01,m1,100000,85366,0,0,0,0.85366,0.0,122.39659686898813,-8.096365788020194
6,z,61,"['x', 'x', 'z', 'z', 'z', 'z']",1.0,m1,100000,0,0,0,0,0.0,1.0,40.92460195499007,-3.707863498944789
6,z,61,"['x', 'x', 'z', 'z', 'z', 'z']",0.1,m1,100000,783,0,0,0,0.00783,0.0,149.17971784999827,0.6404257829999551
6,z,61,"['x', 'x', 'z', 'z', 'z', 'z']",0.01,m1,100000,61920,0,0,0,0.6192,0.0,248.40214273298625,-63.521934718010016
6,z,62,"['z', 'x', 'z', 'z', 'z', 'z']",1.0,m1,100000,0,0,0,0,0.0,1.0,113.0751797099947,33.438086358015426
6,z,62,"['z', 'x', 'z', 'z', 'z', 'z']",0.1,m1,100000,5970,0,0,0,0.0597,0.0,206.75425714696757,-116.33816171396757
6,z,62,"['z', 'x', 'z', 'z', 'z', 'z']",0.01,m1,100000,75679,0,0,0,0.75679,0.0,185.46974872995634,-40.95756896195235
6,z,63,"['x', 'z', 'z', 'z', 'z', 'z']",1.0,m1,100000,0,0,0,0,0.0,1.0,65.51546597102424,-25.90572828502627
6,z,63,"['x', 'z', 'z', 'z', 'z', 'z']",0.1,m1,100000,2728,0,0,0,0.02728,0.0,99.70924470201135,2.9108575559803285
6,z,63,"['x', 'z', 'z', 'z', 'z', 'z']",0.01,m1,100000,70141,0,0,0,0.70141,0.0,124.13733485201374,10.40013372496469
6,z,64,"['z', 'z', 'z', 'z', 'z', 'z']",1.0,m1,100000,0,0,0,0,0.0,1.0,62.40019112697337,-25.69765233801445
6,z,64,"['z', 'z', 'z', 'z', 'z', 'z']",0.1,m1,100000,763,0,0,0,0.00763,0.0,67.87890818202868,-27.298412915028166
6,z,64,"['z', 'z', 'z', 'z', 'z', 'z']",0.01,m1,100000,61928,0,0,0,0.61928,0.0,15.115138833003584,-1.6337068409775384
6,x,2,"['x', 'x', 'x', 'x', 'x', 'x']",1.0,m2,100000,0,0,0,97876,0.0,1.0,3.366810137988068,0.0033054870436899364
6,x,2,"['x', 'x', 'x', 'x', 'x', 'x']",0.1,m2,100000,3729,0,0,36966,0.05915854935431672,0.0,126.26108420296805,2.590577455062885
6,x,2,"['x', 'x', 'x', 'x', 'x', 'x']",0.01,m2,100000,72236,0,0,4531,0.7566435177911155,0.0,250.52044199500233,40.05574609502219
6,x,3,"['z', 'x', 'x', 'x', 'x', 'x']",1.0,m2,100000,0,0,0,98485,0.0,1.0,3.085454927000683,-0.02119810599833727
6,x,3,"['z', 'x', 'x', 'x', 'x', 'x']",0.1,m2,100000,8087,0,0,34549,0.12355808161830988,0.0,156.63385786203435,3.961187416978646
6,x,3,"['z', 'x', 'x', 'x', 'x', 'x']",0.01,m2,100000,77717,0,0,4204,0.811276044928807,0.0,245.6112761250115,59.08594690897735
6,x,4,"['x', 'z', 'x', 'x', 'x', 'x']",1.0,m2,100000,0,0,0,99773,0.0,1.0,0.2994419650058262,0.06480276997899637
6,x,4,"['x', 'z', 'x', 'x', 'x', 'x']",0.1,m2,100000,1358,0,0,47088,0.025665255518596917,0.0,101.24148033600068,1.9810456850100309
6,x,4,"['x', 'z', 'x', 'x', 'x', 'x']",0.01,m2,100000,65276,0,0,6117,0.6952909472428448,0.0,244.53100719995564,-103.08593233692227
6,x,5,"['z', 'z', 'x', 'x', 'x', 'x']",1.0,m2,100000,0,0,0,97530,0.0,1.0,2.137994174961932,-0.025804814998991787
6,x,5,"['z', 'z', 'x', 'x', 'x', 'x']",0.1,m2,100000,27265,0,0,35347,0.42171283621796357,0.0,113.51181291998364,-47.19225365493912
6,x,5,"['z', 'z', 'x', 'x', 'x', 'x']",0.01,m2,100000,87924,0,0,4207,0.9178541229526166,0.0,265.88453530694824,47.90156440803548
6,x,6,"['x', 'x', 'z', 'x', 'x', 'x']",1.0,m2,100000,0,0,0,98904,0.0,1.0,1.7496612060349435,-0.02235541498521343
6,x,6,"['x', 'x', 'z', 'x', 'x', 'x']",0.1,m2,100000,3260,0,0,38360,0.05288773523685918,0.0,59.37737996998476,-15.589480875991285
6,x,6,"['x', 'x', 'z', 'x', 'x', 'x']",0.01,m2,100000,71434,0,0,4696,0.7495383194829178,0.0,88.33360830898164,14.375638880999759
6,x,7,"['z', 'x', 'z', 'x', 'x', 'x']",1.0,m2,100000,0,0,0,98449,0.0,1.0,3.184363777982071,0.002026433066930622
6,x,7,"['z', 'x', 'z', 'x', 'x', 'x']",0.1,m2,100000,8273,0,0,34509,0.12632270082912156,0.0,112.57685832504649,48.79302966099931
6,x,7,"['z', 'x', 'z', 'x', 'x', 'x']",0.01,m2,100000,78148,0,0,4029,0.8142876493940878,0.0,259.86541788099566,45.749238103977405
6,x,8,"['x', 'z', 'z', 'x', 'x', 'x']",1.0,m2,100000,0,0,0,98197,0.0,1.0,0.9743463869672269,0.0031676380313001573
6,x,8,"['x', 'z', 'z', 'x', 'x', 'x']",0.1,m2,100000,1621,0,0,37179,0.025803473360818834,0.0,43.79977386095561,-0.23903037997661158
6,x,8,"['x', 'z', 'z', 'x', 'x', 'x']",0.01,m2,100000,66772,0,0,4475,0.6990002617115938,0.0,87.79301960399607,167.10003994201543
6,x,9,"['z', 'z', 'z', 'x', 'x', 'x']",1.0,m2,100000,2,0,0,97948,0.0009746588693957114,0.0,5.70072300999891,-0.009202729968819767
6,x,9,"['z', 'z', 'z', 'x', 'x', 'x']",0.1,m2,100000,28860,0,0,42168,0.4990316779637571,0.0,71.69313618500018,-1.799998016038444
6,x,9,"['z', 'z', 'z', 'x', 'x', 'x']",0.01,m2,100000,88216,0,0,5508,0.9335816788722855,0.0,255.71628246898763,7.288970676017925
6,x,10,"['x', 'x', 'x', 'z', 'x', 'x']",1.0,m2,100000,0,0,0,99877,0.0,1.0,0.193792216014117,-0.0020471340394578874
6,x,10,"['x', 'x', 'x', 'z', 'x', 'x']",0.1,m2,100000,140,0,0,60192,0.0035168810289389067,0.0,71.35215148696443,-0.19260360795306042
6,x,10,"['x', 'x', 'x', 'z', 'x', 'x']",0.01,m2,100000,50874,0,0,8917,0.5585455024538059,0.0,83.5528220339911,44.98637893301202
6,x,11,"['z', 'x', 'x', 'z', 'x', 'x']",1.0,m2,100000,0,0,0,98699,0.0,1.0,2.6690633459948003,-0.0003327560261823237
6,x,11,"['z', 'x', 'x', 'z', 'x', 'x']",0.1,m2,100000,8330,0,0,37530,0.13334400512245878,0.0,53.18333116802387,2.180446032958571
6,x,11,"['z', 'x', 'x', 'z', 'x', 'x']",0.01,m2,100000,78197,0,0,4615,0.8198039524034177,0.0,261.4198013970163,43.993399398983456
6,x,12,"['x', 'z', 'x', 'z', 'x', 'x']",1.0,m2,100000,0,0,0,98644,0.0,1.0,2.14088920596987,-0.001882439013570547
6,x,12,"['x', 'z', 'x', 'z', 'x', 'x']",0.1,m2,100000,2591,0,0,35810,0.04036454276367035,0.0,128.81665552797494,0.7920785680180416
6,x,12,"['x', 'z', 'x', 'z', 'x', 'x']",0.01,m2,100000,69741,0,0,4347,0.7291041577368196,0.0,170.18680888495874,-31.021038287959527
6,x,13,"['z', 'z', 'x', 'z', 'x', 'x']",1.0,m2,100000,9,0,0,91822,0.0011005135730007337,0.0,6.969163344998378,0.052159706014208496
6,x,13,"['z', 'z', 'x', 'z', 'x', 'x']",0.1,m2,100000,38421,0,0,23599,0.5028860878784309,0.0,205.19601426500594,22.344416853040457
6,x,13,"['z', 'z', 'x', 'z', 'x', 'x']",0.01,m2,100000,90889,0,0,2634,0.9334778053940801,0.0,171.36351546499645,149.97287986904848
6,x,14,"['x', 'x', 'z', 'z', 'x', 'x']",1.0,m2,100000,0,0,0,97355,0.0,1.0,1.499741551000625,-0.0003609249833971262
6,x,14,"['x', 'x', 'z', 'z', 'x', 'x']",0.1,m2,100000,3738,0,1,31840,0.05484154929577465,0.0,67.36037772899726,-15.838742364023346
6,x,14,"['x', 'x', 'z', 'z', 'x', 'x']",0.01,m2,100000,72231,0,0,3762,0.7505455225586567,0.0,114.63842496403959,118.4377550619538
6,x,15,"['z', 'x', 'z', 'z', 'x', 'x']",1.0,m2,100000,0,0,0,98724,0.0,1.0,2.519692237023264,-0.004417571995873004
6,x,15,"['z', 'x', 'z', 'z', 'x', 'x']",0.1,m2,100000,5208,0,1,38971,0.08533647937865604,0.0,85.80158188403584,-34.39639617304783
6,x,15,"['z', 'x', 'z', 'z', 'x', 'x']",0.01,m2,100000,74248,0,0,4665,0.7788115592384749,0.0,128.9384723759722,-22.09338095696876
6,x,16,"['x', 'z', 'z', 'z', 'x', 'x']",1.0,m2,100000,0,0,0,99826,0.0,1.0,0.2704206859925762,-0.0020362859941087663
6,x,16,"['x', 'z', 'z', 'z', 'x', 'x']",0.1,m2,100000,954,10,13,48330,0.018463324946777628,0.010482180293501009,97.26906307798345,0.37672760704299435
6,x,16,"['x', 'z', 'z', 'z', 'x', 'x']",0.01,m2,100000,62540,3,6,6362,0.6678912407355988,4.796929964823171e-05,133.56286962598097,62.772680894006044
6,x,17,"['z', 'z', 'z', 'z', 'x', 'x']",1.0,m2,100000,6131,0,0,93869,1.0,0.0,16.929061857052147,3.3400575969717465
6,x,17,"['z', 'z', 'z', 'z', 'x', 'x']",0.1,m2,100000,74914,0,0,25086,1.0,0.0,207.10893704602495,40.26399768103147
6,x,17,"['z', 'z', 'z', 'z', 'x', 'x']",0.01,m2,100000,97120,0,0,2880,1.0,0.0,268.0680571559933,52.31233137997333
6,x,18,"['x', 'x', 'x', 'x', 'z', 'x']",1.0,m2,100000,0,0,0,98747,0.0,1.0,0.6952974830055609,-0.0008228530059568584
6,x,18,"['x', 'x', 'x', 'x', 'z', 'x']",0.1,m2,100000,1132,0,0,45939,0.02093930929875511,0.0,99.42896473500878,-36.57329580100486
6,x,18,"['x', 'x', 'x', 'x', 'z', 'x']",0.01,m2,100000,63525,0,0,6019,0.6759344973984103,0.0,97.75826218497241,123.46242941904347
6,x,19,"['z', 'x', 'x', 'x', 'z', 'x']",1.0,m2,100000,0,0,0,99048,0.0,1.0,0.6778944520046934,-0.005193415971007198
6,x,19,"['z', 'x', 'x', 'x', 'z', 'x']",0.1,m2,100000,7038,0,0,39476,0.11628444914414117,0.0,144.4290020620101,3.0246580940438434
6,x,19,"['z', 'x', 'x', 'x', 'z', 'x']",0.01,m2,100000,76501,0,0,4919,0.8045876673573059,0.0,103.43751025001984,53.73485673300456
6,x,20,"['x', 'z', 'x', 'x', 'z', 'x']",1.0,m2,100000,0,0,0,98901,0.0,1.0,1.7368423310108483,0.0024630819680169225
6,x,20,"['x', 'z', 'x', 'x', 'z', 'x']",0.1,m2,100000,3377,0,0,38357,0.05478318706098016,0.0,85.47313788201427,26.887945226975717
6,x,20,"['x', 'z', 'x', 'x', 'z', 'x']",0.01,m2,100000,71460,0,0,4726,0.750047232193463,0.0,250.25938147201668,40.62579487403855
6,x,21,"['z', 'z', 'x', 'x', 'z', 'x']",1.0,m2,100000,0,0,0,98190,0.0,1.0,4.301838226965629,-0.0004980919766239822
6,x,21,"['z', 'z', 'x', 'x', 'z', 'x']",0.1,m2,100000,20073,0,0,37147,0.3193642308243043,0.0,165.6491535870009,11.413675523013808
6,x,21,"['z', 'z', 'x', 'x', 'z', 'x']",0.01,m2,100000,85079,0,0,4576,0.8915891180415828,0.0,110.82639047905104,56.90889833797701
6,x,22,"['x', 'x', 'z', 'x', 'z', 'x']",1.0,m2,100000,0,0,0,99425,0.0,1.0,0.9276540610007942,-0.0038193350192159414
6,x,22,"['x', 'x', 'z', 'x', 'z', 'x']",0.1,m2,100000,1271,0,0,45422,0.02328777162959434,0.0,38.16238071699627,0.5753695880412124
6,x,22,"['x', 'x', 'z', 'x', 'z', 'x']",0.01,m2,100000,64789,0,0,5905,0.688548807056698,0.0,172.23010216100374,-64.26805249496829
6,x,23,"['z', 'x', 'z', 'x', 'z', 'x']",1.0,m2,100000,0,0,0,98984,0.0,1.0,2.0471277340548113,-0.0009947040816769004
6,x,23,"['z', 'x', 'z', 'x', 'z', 'x']",0.1,m2,100000,3281,2,2,40271,0.054931440338863866,0.0006095702529717029,136.56421813898487,2.0033940519788302
6,x,23,"['z', 'x', 'z', 'x', 'z', 'x']",0.01,m2,100000,71351,0,0,4962,0.7507628527536354,0.0,116.47388546098955,69.39999726798851
6,x,24,"['x', 'z', 'z', 'x', 'z', 'x']",1.0,m2,100000,0,0,0,99360,0.0,1.0,0.986855267023202,-0.0009193200385197997
6,x,24,"['x', 'z', 'z', 'x', 'z', 'x']",0.1,m2,100000,1744,21,40,40842,0.0294803745900808,0.012041284403669694,114.76108765503159,1.3318972809938714
6,x,24,"['x', 'z', 'z', 'x', 'z', 'x']",0.01,m2,100000,66783,7,14,5042,0.7032898755239159,0.00010481709417065055,237.75454328302294,47.884970792976674
6,x,25,"['z', 'z', 'z', 'x', 'z', 'x']",1.0,m2,100000,182,0,1,96086,0.04649974450689831,0.0,3.772991122037638,0.067094225960318
6,x,25,"['z', 'z', 'z', 'x', 'z', 'x']",0.1,m2,100000,45641,0,0,29028,0.6430845967423773,0.0,68.64168851898285,139.27623575000325
6,x,25,"['z', 'z', 'z', 'x', 'z', 'x']",0.01,m2,100000,92431,0,0,3338,0.9562289213962053,0.0,199.65648763399804,118.88218512298772
6,x,26,"['x', 'x', 'x', 'z', 'z', 'x']",1.0,m2,100000,0,0,0,99439,0.0,1.0,0.8716968520311639,-0.002877884020563215
6,x,26,"['x', 'x', 'x', 'z', 'z', 'x']",0.1,m2,100000,833,0,1,45521,0.01529029534315975,0.0,37.22793745301897,0.21518211998045444
6,x,26,"['x', 'x', 'x', 'z', 'z', 'x']",0.01,m2,100000,61524,0,0,5945,0.6541279038860242,0.0,243.00269725103863,35.36641392396996
6,x,27,"['z', 'x', 'x', 'z', 'z', 'x']",1.0,m2,100000,0,0,0,95355,0.0,1.0,3.314609651977662,0.009474470047280192
6,x,27,"['z', 'x', 'x', 'z', 'z', 'x']",0.1,m2,100000,8303,2,5,28083,0.11545253556182822,0.0002408767915211829,104.26387735200115,73.10110168001847
6,x,27,"['z', 'x', 'x', 'z', 'z', 'x']",0.01,m2,100000,77841,0,0,3301,0.8049824713802625,0.0,179.3931848249631,-40.572105886996724
6,x,28,"['x', 'z', 'x', 'z', 'z', 'x']",1.0,m2,100000,0,0,0,97998,0.0,1.0,3.163467562000733,-0.009884318977128714
6,x,28,"['x', 'z', 'x', 'z', 'z', 'x']",0.1,m2,100000,3050,53,100,37272,0.04862262466522127,0.017377049180327897,48.453144318948034,3.845802402065601
6,x,28,"['x', 'z', 'x', 'z', 'z', 'x']",0.01,m2,100000,70464,12,23,4570,0.7383841559258095,0.00017029972752047318,250.86797947599553,40.04930959804915
6,x,29,"['z', 'z', 'x', 'z', 'z', 'x']",1.0,m2,100000,1,0,1,96055,0.00025348542458808617,0.0,3.2986876310314983,-0.004869467054959387
6,x,29,"['z', 'z', 'x', 'z', 'z', 'x']",0.1,m2,100000,23222,6,11,32036,0.34168088988287915,0.0002583756782361668,83.02691662096186,-14.891619097965304
6,x,29,"['z', 'z', 'x', 'z', 'z', 'x']",0.01,m2,100000,86123,0,0,3850,0.895715028601144,0.0,265.94850684999255,48.60031164303655
6,x,30,"['x', 'x', 'z', 'z', 'z', 'x']",1.0,m2,100000,0,0,0,99600,0.0,1.0,0.6323174629942514,-0.005848341039381921
6,x,30,"['x', 'x', 'z', 'z', 'z', 'x']",0.1,m2,100000,1044,74,119,47682,0.019954891242019955,0.07088122605363989,101.22121838398743,0.7273128179949708
6,x,30,"['x', 'x', 'z', 'z', 'z', 'x']",0.01,m2,100000,61738,32,63,6235,0.6584333173358929,0.0005183193495091887,86.00456999102607,89.1695020859479
6,x,31,"['z', 'x', 'z', 'z', 'z', 'x']",1.0,m2,100000,0,0,0,98578,0.0,1.0,1.008456900017336,0.014215810981113464
6,x,31,"['z', 'x', 'z', 'z', 'z', 'x']",0.1,m2,100000,6276,373,586,40469,0.10542406477297542,0.05943275971956663,84.80133983801352,57.86309163196711
6,x,31,"['z', 'x', 'z', 'z', 'z', 'x']",0.01,m2,100000,74161,48,97,5117,0.7816047131730658,0.0006472404633163231,110.84159054397605,86.22977739700582
6,x,32,"['x', 'z', 'z', 'z', 'z', 'x']",1.0,m2,100000,0,0,0,99679,0.0,1.0,0.17840923299081624,-0.003215970005840063
6,x,32,"['x', 'z', 'z', 'z', 'z', 'x']",0.1,m2,100000,2896,1000,1604,49831,0.05772488987223186,0.34530386740331487,86.30523317604093,13.67959458695259
6,x,32,"['x', 'z', 'z', 'z', 'z', 'x']",0.01,m2,100000,66736,1880,3535,6708,0.7153453672340608,0.028170702469431763,89.93195680697681,10.749529999040533
6,x,33,"['z', 'z', 'z', 'z', 'z', 'x']",1.0,m2,100000,100000,0,0,0,1.0,0.0,183.333420837007,144.6134659399977
6,x,33,"['z', 'z', 'z', 'z', 'z', 'x']",0.1,m2,100000,100000,0,0,0,1.0,0.0,274.5098806170281,55.01340950792655
6,x,33,"['z', 'z', 'z', 'z', 'z', 'x']",0.01,m2,100000,100000,0,0,0,1.0,0.0,274.0051685330109,54.76873648399487
6,x,34,"['x', 'x', 'x', 'x', 'x', 'z']",1.0,m2,100000,0,0,0,97318,0.0,1.0,4.117382268013898,-0.010935443046037108
6,x,34,"['x', 'x', 'x', 'x', 'x', 'z']",0.1,m2,100000,7245,0,0,31795,0.10622388387948098,0.0,120.88988835999044,23.237938514037523
6,x,34,"['x', 'x', 'x', 'x', 'x', 'z']",0.01,m2,100000,75175,0,0,3682,0.78048755165182,0.0,121.84450721100438,173.88204152596882
6,x,35,"['z', 'x', 'x', 'x', 'x', 'z']",1.0,m2,100000,0,0,0,98609,0.0,1.0,2.7526933609624393,0.00014174205716699362
6,x,35,"['z', 'x', 'x', 'x', 'x', 'z']",0.1,m2,100000,5316,0,0,42017,0.09168204473725057,0.0,56.55937786400318,-8.295570613001473
6,x,35,"['z', 'x', 'x', 'x', 'x', 'z']",0.01,m2,100000,72911,0,0,5378,0.770550189173765,0.0,128.56549241003813,102.67341673996998
6,x,36,"['x', 'z', 'x', 'x', 'x', 'z']",1.0,m2,100000,0,0,0,99586,0.0,1.0,0.23534376203315333,0.006531779945362359
6,x,36,"['x', 'z', 'x', 'x', 'x', 'z']",0.1,m2,100000,772,0,0,51239,0.01583232501384303,0.0,52.9606012069853,-19.906162486993708
6,x,36,"['x', 'z', 'x', 'x', 'x', 'z']",0.01,m2,100000,60557,0,0,6907,0.6505000375968117,0.0,239.49104610201903,34.09592257702025
6,x,37,"['z', 'z', 'x', 'x', 'x', 'z']",1.0,m2,100000,0,0,0,98722,0.0,1.0,3.0380834589595906,-0.012139358965214342
6,x,37,"['z', 'z', 'x', 'x', 'x', 'z']",0.1,m2,100000,16166,0,0,44238,0.28991069186901475,0.0,145.8803822879563,-82.15481874195393
6,x,37,"['z', 'z', 'x', 'x', 'x', 'z']",0.01,m2,100000,82926,0,0,5706,0.8794408976180881,0.0,91.8134078119765,17.107819363009185
6,x,38,"['x', 'x', 'z', 'x', 'x', 'z']",1.0,m2,100000,0,0,0,98558,0.0,1.0,2.2969690919853747,-0.003799642960075289
6,x,38,"['x', 'x', 'z', 'x', 'x', 'z']",0.1,m2,100000,3357,0,0,38961,0.0549976244696014,0.0,44.924273078970145,0.30962086404906586
6,x,38,"['x', 'x', 'z', 'x', 'x', 'z']",0.01,m2,100000,71163,0,0,4818,0.7476518669496334,0.0,251.17124870797852,40.350791528006084
6,x,39,"['z', 'x', 'z', 'x', 'x', 'z']",1.0,m2,100000,0,0,0,94876,0.0,1.0,10.508179572003428,0.0038100119563750923
6,x,39,"['z', 'x', 'z', 'x', 'x', 'z']",0.1,m2,100000,16659,0,1,27540,0.22990615512006624,0.0,98.23282632802147,-29.031648739997763
6,x,39,"['z', 'x', 'z', 'x', 'x', 'z']",0.01,m2,100000,83598,0,0,3115,0.8628580275584455,0.0,193.5489745400264,119.58327448996715
6,x,40,"['x', 'z', 'z', 'x', 'x', 'z']",1.0,m2,100000,0,0,0,97910,0.0,1.0,3.221115679014474,0.0041336159920319915
6,x,40,"['x', 'z', 'z', 'x', 'x', 'z']",0.1,m2,100000,2628,58,112,36579,0.041437378786206465,0.02207001522070018,125.88243859895738,1.470835367043037
6,x,40,"['x', 'z', 'z', 'x', 'x', 'z']",0.01,m2,100000,69353,15,30,4430,0.7256775138641833,0.00021628480382973603,211.84692238399293,79.05931610096013
6,x,41,"['z', 'z', 'z', 'x', 'x', 'z']",1.0,m2,100000,285,2,0,94633,0.05310229178311906,0.007017543859649145,5.151600369019434,0.0973693709820509
6,x,41,"['z', 'z', 'z', 'x', 'x', 'z']",0.1,m2,100000,45944,0,0,26016,0.6209991349480969,0.0,86.62483242800226,103.54780542402295
6,x,41,"['z', 'z', 'z', 'x', 'x', 'z']",0.01,m2,100000,92368,0,0,3013,0.9523750605751287,0.0,180.0765487899771,139.35921128903283
6,x,42,"['x', 'x', 'x', 'z', 'x', 'z']",1.0,m2,100000,0,0,0,97168,0.0,1.0,4.451886137016118,0.007579999975860119
6,x,42,"['x', 'x', 'x', 'z', 'x', 'z']",0.1,m2,100000,3491,1,2,31314,0.05082549573421075,0.0002864508736751814,49.413353840005584,0.7172996019944549
6,x,42,"['x', 'x', 'x', 'z', 'x', 'z']",0.01,m2,100000,71804,0,0,3632,0.7451021085837622,0.0,111.7817564040306,-7.018016670073848
6,x,43,"['z', 'x', 'x', 'z', 'x', 'z']",1.0,m2,100000,0,0,0,97269,0.0,1.0,5.497320230992045,-0.010003053001128137
6,x,43,"['z', 'x', 'x', 'z', 'x', 'z']",0.1,m2,100000,4405,3,6,38254,0.07134065364558027,0.0006810442678774065,76.71596832096111,-24.891837869945448
6,x,43,"['z', 'x', 'x', 'z', 'x', 'z']",0.01,m2,100000,73311,0,0,4715,0.769386577110773,0.0,149.23363387800055,-6.6906156170298345
6,x,44,"['x', 'z', 'x', 'z', 'x', 'z']",1.0,m2,100000,0,0,0,99718,0.0,1.0,0.4450379830086604,-0.0027597900480031967
6,x,44,"['x', 'z', 'x', 'z', 'x', 'z']",0.1,m2,100000,1296,22,44,47377,0.024628014366341714,0.016975308641975273,100.46906527900137,0.7640006629517302
6,x,44,"['x', 'z', 'x', 'z', 'x', 'z']",0.01,m2,100000,65257,9,18,6166,0.6954515420849585,0.00013791623887093873,243.56379526900128,37.04203685699031
6,x,45,"['z', 'z', 'x', 'z', 'x', 'z']",1.0,m2,100000,1,0,0,95953,0.00024709661477637757,0.0,9.744609530025627,-0.013733635016251355
6,x,45,"['z', 'z', 'x', 'z', 'x', 'z']",0.1,m2,100000,22899,3,6,31738,0.33545750197767427,0.0001310100877767173,180.46365025400883,12.41072650096612
6,x,45,"['z', 'z', 'x', 'z', 'x', 'z']",0.01,m2,100000,86381,0,0,3679,0.8968033969746991,0.0,151.9528308979934,163.66962101997342
6,x,46,"['x', 'x', 'z', 'z', 'x', 'z']",1.0,m2,100000,0,0,0,99756,0.0,1.0,0.1463830989669077,-0.010019815934356302
6,x,46,"['x', 'x', 'z', 'z', 'x', 'z']",0.1,m2,100000,324,18,33,55268,0.007243136904229635,0.05555555555555558,70.16458063799655,-12.989754849986639
6,x,46,"['x', 'x', 'z', 'z', 'x', 'z']",0.01,m2,100000,55728,23,46,7948,0.6053969495502542,0.0004127189204709003,83.11937401699834,177.86026182200294
6,x,47,"['z', 'x', 'z', 'z', 'x', 'z']",1.0,m2,100000,0,0,0,99393,0.0,1.0,1.248980666976422,-0.003898360999301076
6,x,47,"['z', 'x', 'z', 'z', 'x', 'z']",0.1,m2,100000,6798,204,377,43490,0.12029729251459918,0.030008826125330956,76.24138038401725,48.0847184319864
6,x,47,"['z', 'x', 'z', 'z', 'x', 'z']",0.01,m2,100000,76446,28,55,5468,0.8086785427156942,0.00036627161656599405,237.9133915490238,63.912033859000076
6,x,48,"['x', 'z', 'z', 'z', 'x', 'z']",1.0,m2,100000,0,0,0,97346,0.0,1.0,1.536361982987728,-0.0682808409910649
6,x,48,"['x', 'z', 'z', 'z', 'x', 'z']",0.1,m2,100000,2801,696,1338,36298,0.04397036199805344,0.24848268475544444,56.771000770968385,-11.407609039975796
6,x,48,"['x', 'z', 'z', 'z', 'x', 'z']",0.01,m2,100000,69315,1950,3867,4371,0.7248324253103138,0.028132438866046328,120.75418026099214,-4.801798437954858
6,x,49,"['z', 'z', 'z', 'z', 'x', 'z']",1.0,m2,100000,3208,10,17,96792,1.0,0.0031172069825435855,8.796405175991822,1.7990378949907608
6,x,49,"['z', 'z', 'z', 'z', 'x', 'z']",0.1,m2,100000,66789,0,0,33211,1.0,0.0,141.35549305198947,79.8667349939933
6,x,49,"['z', 'z', 'z', 'z', 'x', 'z']",0.01,m2,100000,96029,0,0,3971,1.0,0.0,140.885241993994,44.940830839041155
6,x,50,"['x', 'x', 'x', 'x', 'z', 'z']",1.0,m2,100000,0,0,0,99190,0.0,1.0,1.249688696989324,-0.010128222987987101
6,x,50,"['x', 'x', 'x', 'x', 'z', 'z']",0.1,m2,100000,1711,0,1,42568,0.029791753726145703,0.0,69.1498447029735,40.350697397079784
6,x,50,"['x', 'x', 'x', 'x', 'z', 'z']",0.01,m2,100000,66063,0,0,5414,0.6984437443173408,0.0,179.48465785797453,103.4954398230766
6,x,51,"['z', 'x', 'x', 'x', 'z', 'z']",1.0,m2,100000,0,0,0,99072,0.0,1.0,0.6636022800230421,0.004577843996230513
6,x,51,"['z', 'x', 'x', 'x', 'z', 'z']",0.1,m2,100000,5603,2,3,38799,0.09155079165373115,0.0003569516330537148,92.21372127498034,54.35522118600784
6,x,51,"['z', 'x', 'x', 'x', 'z', 'z']",0.01,m2,100000,75104,0,0,4859,0.789396790027433,0.0,105.25947308499599,2.09544135798933
6,x,52,"['x', 'z', 'x', 'x', 'z', 'z']",1.0,m2,100000,0,0,0,99081,0.0,1.0,1.449295472993981,-0.0054125949973240495
6,x,52,"['x', 'z', 'x', 'x', 'z', 'z']",0.1,m2,100000,1882,51,96,39054,0.03087979522856299,0.027098831030818227,44.814687439007685,-2.550313569023274
6,x,52,"['x', 'z', 'x', 'x', 'z', 'z']",0.01,m2,100000,67733,16,33,4764,0.7112121466672267,0.0002362216349489632,247.5302119429689,38.63816407206468
6,x,53,"['z', 'z', 'x', 'x', 'z', 'z']",1.0,m2,100000,0,0,0,98809,0.0,1.0,2.8870544959791005,-0.022899214993231
6,x,53,"['z', 'z', 'x', 'x', 'z', 'z']",0.1,m2,100000,9290,4,7,45629,0.1708631439554174,0.00043057050592032464,100.03426895104349,-48.082416406075936
6,x,53,"['z', 'z', 'x', 'x', 'z', 'z']",0.01,m2,100000,78822,0,0,5977,0.8383267923805877,0.0,258.92899555299664,44.24875308101764
6,x,54,"['x', 'x', 'z', 'x', 'z', 'z']",1.0,m2,100000,0,0,0,99093,0.0,1.0,0.504193225002382,0.0005345290410332382
6,x,54,"['x', 'x', 'z', 'x', 'z', 'z']",0.1,m2,100000,2884,82,155,39525,0.047689127738735015,0.02843273231622745,90.48150830704253,-47.228752799041104
6,x,54,"['x', 'x', 'z', 'x', 'z', 'z']",0.01,m2,100000,70505,22,41,4880,0.7412216148023549,0.00031203460747464273,236.92510144400876,-134.23667852004291
6,x,55,"['z', 'x', 'z', 'x', 'z', 'z']",1.0,m2,100000,0,0,0,99041,0.0,1.0,1.9343112439964898,0.00430973299080506
6,x,55,"['z', 'x', 'z', 'x', 'z', 'z']",0.1,m2,100000,6597,321,594,41012,0.11183630568929273,0.04865848112778537,140.50563863897696,3.5464268350042403
6,x,55,"['z', 'x', 'z', 'x', 'z', 'z']",0.01,m2,100000,76084,54,107,5164,0.8022691804799865,0.0007097418642553199,259.7415089660208,43.51777298696106
6,x,56,"['x', 'z', 'z', 'x', 'z', 'z']",1.0,m2,100000,0,0,0,98143,0.0,1.0,2.903159007022623,-0.00281915400410071
6,x,56,"['x', 'z', 'z', 'x', 'z', 'z']",0.1,m2,100000,1966,516,979,43823,0.03499652882852413,0.2624618514750763,51.506796227011364,-12.30159424606245
6,x,56,"['x', 'z', 'z', 'x', 'z', 'z']",0.01,m2,100000,67699,2188,4347,5671,0.717690211917862,0.03231953204626359,111.66188739403151,101.73118445102591
6,x,57,"['z', 'z', 'z', 'x', 'z', 'z']",1.0,m2,100000,59,7,8,95314,0.012590695689287239,0.11864406779661019,13.070787594013382,-7.162219015008304
6,x,57,"['z', 'z', 'z', 'x', 'z', 'z']",0.1,m2,100000,43197,10,19,30526,0.6217721737628465,0.00023149755770079938,78.61416449199896,100.23021986300591
6,x,57,"['z', 'z', 'z', 'x', 'z', 'z']",0.01,m2,100000,91903,0,0,3636,0.953706778464987,0.0,266.23169830604456,52.28950975893531
6,x,58,"['x', 'x', 'x', 'z', 'z', 'z']",1.0,m2,100000,0,0,0,99682,0.0,1.0,0.17571208497975022,-0.004757509974297136
6,x,58,"['x', 'x', 'x', 'z', 'z', 'z']",0.1,m2,100000,815,60,107,46888,0.015344931465582166,0.07361963190184051,85.66395010403357,-51.50026986305602
6,x,58,"['x', 'x', 'x', 'z', 'z', 'z']",0.01,m2,100000,61667,54,107,6152,0.6570944506009718,0.0008756709423192177,179.89750432199799,94.18783310300205
6,x,59,"['z', 'x', 'x', 'z', 'z', 'z']",1.0,m2,100000,0,0,0,98883,0.0,1.0,2.280034411000088,-0.003858198004309088
6,x,59,"['z', 'x', 'x', 'z', 'z', 'z']",0.1,m2,100000,5949,333,590,40315,0.09967328474491079,0.055975794251134636,67.53105158597464,-16.706888570974115
6,x,59,"['z', 'x', 'x', 'z', 'z', 'z']",0.01,m2,100000,75516,62,123,5126,0.7959609587452832,0.0008210180623974273,115.73382553999545,-8.302113890007604
6,x,60,"['x', 'z', 'x', 'z', 'z', 'z']",1.0,m2,100000,0,0,0,99528,0.0,1.0,0.7345166039885953,-0.00498682598117739
6,x,60,"['x', 'z', 'x', 'z', 'z', 'z']",0.1,m2,100000,565,190,342,48260,0.01091998453807499,0.33628318584070793,70.01498435705435,-35.91309248300968
6,x,60,"['x', 'z', 'x', 'z', 'z', 'z']",0.01,m2,100000,59586,2978,5881,6371,0.6364053872197717,0.04997818279461619,239.26949101500213,34.61713188100839
6,x,61,"['z', 'z', 'x', 'z', 'z', 'z']",1.0,m2,100000,0,0,0,96959,0.0,1.0,2.539850425964687,-0.013549519004300237
6,x,61,"['z', 'z', 'x', 'z', 'z', 'z']",0.1,m2,100000,20350,916,1562,36733,0.3216526783315156,0.04501228501228505,89.51281387900235,-26.757855403993744
6,x,61,"['z', 'z', 'x', 'z', 'z', 'z']",0.01,m2,100000,85366,53,104,4497,0.8938567374846863,0.0006208560785324613,264.4694766890025,49.13456671900349
6,x,62,"['x', 'x', 'z', 'z', 'z', 'z']",1.0,m2,100000,0,0,0,99792,0.0,1.0,0.33058606600388885,-0.006323328008875251
6,x,62,"['x', 'x', 'z', 'z', 'z', 'z']",0.1,m2,100000,783,275,478,50641,0.015863368382665777,0.35121328224776505,91.15983289497672,0.1279556460212916
6,x,62,"['x', 'x', 'z', 'z', 'z', 'z']",0.01,m2,100000,61920,3334,6538,6910,0.6651627457299387,0.05384366925064599,182.26380065397825,26.50380683905678
6,x,63,"['z', 'x', 'z', 'z', 'z', 'z']",1.0,m2,100000,0,0,0,98727,0.0,1.0,2.535630605998449,-0.005790720984805375
6,x,63,"['z', 'x', 'z', 'z', 'z', 'z']",0.1,m2,100000,5970,1690,2497,42469,0.10377014131511707,0.28308207705192634,134.43521726399194,3.2922125019831583
6,x,63,"['z', 'x', 'z', 'z', 'z', 'z']",0.01,m2,100000,75679,3008,5803,5415,0.800116297510176,0.03974682540731245,121.33867038798053,180.77822902798653
6,x,64,"['x', 'z', 'z', 'z', 'z', 'z']",1.0,m2,100000,0,0,0,99122,0.0,1.0,1.3937942420016043,-0.011390415951609612
6,x,64,"['x', 'z', 'z', 'z', 'z', 'z']",0.1,m2,100000,2728,1148,0,43170,0.04800281541439381,0.4208211143695014,39.991804377990775,0.7323659540270455
6,x,64,"['x', 'z', 'z', 'z', 'z', 'z']",0.01,m2,100000,70141,5549,0,5277,0.7404854153690233,0.07911207425043842,105.51424898899859,-2.9776502840104513
6,z,2,"['z', 'x', 'x', 'x', 'x', 'x']",1.0,m2,100000,0,0,0,98485,0.0,1.0,3.040127123007551,-0.02001940697664395
6,z,2,"['z', 'x', 'x', 'x', 'x', 'x']",0.1,m2,100000,8087,2172,3285,34549,0.12355808161830988,0.26857920118709044,156.26961627899436,4.921289414982311
6,z,2,"['z', 'x', 'x', 'x', 'x', 'x']",0.01,m2,100000,77717,2952,5705,4204,0.811276044928807,0.03798396747172428,138.86291262501618,169.05040436499985
6,z,3,"['x', 'z', 'x', 'x', 'x', 'x']",1.0,m2,100000,0,0,0,99773,0.0,1.0,0.3583252420066856,-0.00353555497713387
6,z,3,"['x', 'z', 'x', 'x', 'x', 'x']",0.1,m2,100000,1358,462,778,47088,0.025665255518596917,0.3402061855670103,102.47498412599089,0.6810216380399652
6,z,3,"['x', 'z', 'x', 'x', 'x', 'x']",0.01,m2,100000,65276,3280,6392,6117,0.6952909472428448,0.0502481769716282,140.14564147399506,6.5800978720071726
6,z,4,"['z', 'z', 'x', 'x', 'x', 'x']",1.0,m2,100000,0,0,0,97530,0.0,1.0,2.048319010005798,0.0008373829768970609
6,z,4,"['z', 'z', 'x', 'x', 'x', 'x']",0.1,m2,100000,27265,896,1570,35347,0.42171283621796357,0.0328626444159178,63.88347640901338,2.7420226549729705
6,z,4,"['z', 'z', 'x', 'x', 'x', 'x']",0.01,m2,100000,87924,34,68,4207,0.9178541229526166,0.0003866976024748947,250.9799738220172,65.38390258001164
6,z,5,"['x', 'x', 'z', 'x', 'x', 'x']",1.0,m2,100000,0,0,0,98904,0.0,1.0,0.6162607229780406,0.0018065980402752757
6,z,5,"['x', 'x', 'z', 'x', 'x', 'x']",0.1,m2,100000,3260,865,1582,38360,0.05288773523685918,0.26533742331288346,122.3477181509952,-74.83826826501172
6,z,5,"['x', 'x', 'z', 'x', 'x', 'x']",0.01,m2,100000,71434,2500,4962,4696,0.7495383194829178,0.03499734020214462,104.46199148101732,57.536724243022036
6,z,6,"['z', 'x', 'z', 'x', 'x', 'x']",1.0,m2,100000,0,0,0,98449,0.0,1.0,3.1714824570226483,-0.02024677803274244
6,z,6,"['z', 'x', 'z', 'x', 'x', 'x']",0.1,m2,100000,8273,414,757,34509,0.12632270082912156,0.05004230629759454,157.23606313898927,4.794713059964124
6,z,6,"['z', 'x', 'z', 'x', 'x', 'x']",0.01,m2,100000,78148,56,113,4029,0.8142876493940878,0.0007165890361877647,262.8053225289914,-46.11526898096781
6,z,7,"['x', 'z', 'z', 'x', 'x', 'x']",1.0,m2,100000,0,0,0,98197,0.0,1.0,0.9860175799694844,-0.007945870980620384
6,z,7,"['x', 'z', 'z', 'x', 'x', 'x']",0.1,m2,100000,1621,114,189,37179,0.025803473360818834,0.07032695866748917,43.54986576596275,32.3691146899946
6,z,7,"['x', 'z', 'z', 'x', 'x', 'x']",0.01,m2,100000,66772,62,124,4475,0.6990002617115938,0.0009285329179895552,248.28142544598086,38.48197892704047
6,z,8,"['z', 'z', 'z', 'x', 'x', 'x']",1.0,m2,100000,2,1,0,97948,0.0009746588693957114,0.5,5.682839012995828,-0.0017200810252688825
6,z,8,"['z', 'z', 'z', 'x', 'x', 'x']",0.1,m2,100000,28860,12,21,42168,0.4990316779637571,0.0004158004158003603,160.20817624399206,16.018832445028238
6,z,8,"['z', 'z', 'z', 'x', 'x', 'x']",0.01,m2,100000,88216,0,0,5508,0.9335816788722855,0.0,114.74057962599909,137.97080079396255
6,z,9,"['x', 'x', 'x', 'z', 'x', 'x']",1.0,m2,100000,0,0,0,99877,0.0,1.0,0.06768709805328399,0.004612251941580325
6,z,9,"['x', 'x', 'x', 'z', 'x', 'x']",0.1,m2,100000,140,53,90,60192,0.0035168810289389067,0.37857142857142856,50.444153457006905,-24.702999102009926
6,z,9,"['x', 'x', 'x', 'z', 'x', 'x']",0.01,m2,100000,50874,2717,5372,8917,0.5585455024538059,0.053406455163737876,228.61039233702468,29.992301249993034
6,z,10,"['z', 'x', 'x', 'z', 'x', 'x']",1.0,m2,100000,0,0,0,98699,0.0,1.0,2.6699095939984545,-0.11012766003841534
6,z,10,"['z', 'x', 'x', 'z', 'x', 'x']",0.1,m2,100000,8330,281,518,37530,0.13334400512245878,0.03373349339735898,53.37153606303036,2.0207126999739558
6,z,10,"['z', 'x', 'x', 'z', 'x', 'x']",0.01,m2,100000,78197,38,75,4615,0.8198039524034177,0.0004859521465018224,158.96336864802288,-10.823852610017639
6,z,11,"['x', 'z', 'x', 'z', 'x', 'x']",1.0,m2,100000,0,0,0,98644,0.0,1.0,2.158297507034149,-0.006371712021064013
6,z,11,"['x', 'z', 'x', 'z', 'x', 'x']",0.1,m2,100000,2591,110,194,35810,0.04036454276367035,0.04245465071401,46.10777539201081,0.3473367589758709
6,z,11,"['x', 'z', 'x', 'z', 'x', 'x']",0.01,m2,100000,69741,35,70,4347,0.7291041577368196,0.0005018568704205917,242.95852808799827,49.22952372697182
6,z,12,"['z', 'z', 'x', 'z', 'x', 'x']",1.0,m2,100000,9,1,2,91822,0.0011005135730007337,0.11111111111111116,19.798845581011847,0.008179066993761808
6,z,12,"['z', 'z', 'x', 'z', 'x', 'x']",0.1,m2,100000,38421,4,7,23599,0.5028860878784309,0.00010410973165719817,72.50723717804067,79.78341143392026
6,z,12,"['z', 'z', 'x', 'z', 'x', 'x']",0.01,m2,100000,90889,0,0,2634,0.9334778053940801,0.0,250.3275611809804,70.92798651603516
6,z,13,"['x', 'x', 'z', 'z', 'x', 'x']",1.0,m2,100000,0,0,0,97355,0.0,1.0,4.209858194983099,-0.015457473986316472
6,z,13,"['x', 'x', 'z', 'z', 'x', 'x']",0.1,m2,100000,3738,90,163,31840,0.05484154929577465,0.024077046548956704,78.92125336499885,-18.77447690704139
6,z,13,"['x', 'x', 'z', 'z', 'x', 'x']",0.01,m2,100000,72231,20,39,3762,0.7505455225586567,0.00027688942420844853,255.1869548210525,-112.76762089907425
6,z,14,"['z', 'x', 'z', 'z', 'x', 'x']",1.0,m2,100000,0,0,0,98724,0.0,1.0,2.539972084981855,-0.0012846259633079171
6,z,14,"['z', 'x', 'z', 'z', 'x', 'x']",0.1,m2,100000,5208,2,5,38971,0.08533647937865604,0.00038402457757291675,50.18338438303908,5.2821434059296735
6,z,14,"['z', 'x', 'z', 'z', 'x', 'x']",0.01,m2,100000,74248,0,0,4665,0.7788115592384749,0.0,212.20297030499205,88.9990734239691
6,z,15,"['x', 'z', 'z', 'z', 'x', 'x']",1.0,m2,100000,0,0,0,99826,0.0,1.0,0.2700596849899739,-0.0017741619958542287
6,z,15,"['x', 'z', 'z', 'z', 'x', 'x']",0.1,m2,100000,954,1,2,48330,0.018463324946777628,0.0010482180293500676,96.86975062603597,0.4999344369280152
6,z,15,"['x', 'z', 'z', 'z', 'x', 'x']",0.01,m2,100000,62540,0,0,6362,0.6678912407355988,0.0,99.28633785701822,175.3699226169265
6,z,16,"['z', 'z', 'z', 'z', 'x', 'x']",1.0,m2,100000,6131,8,15,93869,1.0,0.0013048442342195044,16.886514621030074,3.3605750609422103
6,z,16,"['z', 'z', 'z', 'z', 'x', 'x']",0.1,m2,100000,74914,0,0,25086,1.0,0.0,78.79782075801631,8.258072122989688
6,z,16,"['z', 'z', 'z', 'z', 'x', 'x']",0.01,m2,100000,97120,0,0,2880,1.0,0.0,137.3768686450203,4.514870111946948
6,z,17,"['x', 'x', 'x', 'x', 'z', 'x']",1.0,m2,100000,0,0,0,98747,0.0,1.0,1.9504348420305178,-0.010949476039968431
6,z,17,"['x', 'x', 'x', 'x', 'z', 'x']",0.1,m2,100000,1132,341,636,45939,0.02093930929875511,0.3012367491166078,103.12626141199144,0.8343011170509271
6,z,17,"['x', 'x', 'x', 'x', 'z', 'x']",0.01,m2,100000,63525,2184,4319,6019,0.6759344973984103,0.03438016528925625,243.0027773239999,37.24605790601345
6,z,18,"['z', 'x', 'x', 'x', 'z', 'x']",1.0,m2,100000,0,0,0,99048,0.0,1.0,1.8979524599853903,-0.004799287999048829
6,z,18,"['z', 'x', 'x', 'x', 'z', 'x']",0.1,m2,100000,7038,256,484,39476,0.11628444914414117,0.03637396987780617,143.6452522299951,4.071604568976909
6,z,18,"['z', 'x', 'x', 'x', 'z', 'x']",0.01,m2,100000,76501,29,58,4919,0.8045876673573059,0.00037908001202602293,143.4037420359673,-35.695371927984525
6,z,19,"['x', 'z', 'x', 'x', 'z', 'x']",1.0,m2,100000,0,0,0,98901,0.0,1.0,1.7411461800220422,-0.0027656970196403563
6,z,19,"['x', 'z', 'x', 'x', 'z', 'x']",0.1,m2,100000,3377,74,127,38357,0.05478318706098016,0.021912940479715703,48.493718404031824,76.96789330395404
6,z,19,"['x', 'z', 'x', 'x', 'z', 'x']",0.01,m2,100000,71460,16,31,4726,0.750047232193463,0.00022390148334727744,249.76742579595884,41.57902846200159
6,z,20,"['z', 'z', 'x', 'x', 'z', 'x']",1.0,m2,100000,0,0,0,98190,0.0,1.0,4.301738232956268,0.01000777306035161
6,z,20,"['z', 'z', 'x', 'x', 'z', 'x']",0.1,m2,100000,20073,2,4,37147,0.3193642308243043,9.963632740495054e-05,60.447027429996524,117.31903764099116
6,z,20,"['z', 'z', 'x', 'x', 'z', 'x']",0.01,m2,100000,85079,0,0,4576,0.8915891180415828,0.0,228.8522251130198,83.9393638339825
6,z,21,"['x', 'x', 'z', 'x', 'z', 'x']",1.0,m2,100000,0,0,0,99425,0.0,1.0,0.91954611701658,-0.0007560200174339116
6,z,21,"['x', 'x', 'z', 'x', 'z', 'x']",0.1,m2,100000,1271,22,41,45422,0.02328777162959434,0.01730920535011804,51.695589684997685,-12.793289954948705
6,z,21,"['x', 'x', 'z', 'x', 'z', 'x']",0.01,m2,100000,64789,12,23,5905,0.688548807056698,0.00018521662627912772,128.2887834639987,-4.767266263952479
6,z,22,"['z', 'x', 'z', 'x', 'z', 'x']",1.0,m2,100000,0,0,0,98984,0.0,1.0,2.0461526379804127,-0.002421359997242689
6,z,22,"['z', 'x', 'z', 'x', 'z', 'x']",0.1,m2,100000,3281,0,1,40271,0.054931440338863866,0.0,136.76257845998043,1.7442604479729198
6,z,22,"['z', 'x', 'z', 'x', 'z', 'x']",0.01,m2,100000,71351,0,0,4962,0.7507628527536354,0.0,257.601486529049,40.134185427974444
6,z,23,"['x', 'z', 'z', 'x', 'z', 'x']",1.0,m2,100000,0,0,0,99360,0.0,1.0,0.9960957680013962,-0.004156173032242805
6,z,23,"['x', 'z', 'z', 'x', 'z', 'x']",0.1,m2,100000,1744,0,0,40842,0.0294803745900808,0.0,115.14398572302889,0.9652876280015334
6,z,23,"['x', 'z', 'z', 'x', 'z', 'x']",0.01,m2,100000,66783,0,0,5042,0.7032898755239159,0.0,90.07702024304308,10.804055319924373
6,z,24,"['z', 'z', 'z', 'x', 'z', 'x']",1.0,m2,100000,182,0,0,96086,0.04649974450689831,0.0,11.006173220986966,0.038059767044615
6,z,24,"['z', 'z', 'z', 'x', 'z', 'x']",0.1,m2,100000,45641,0,0,29028,0.6430845967423773,0.0,150.15421566698933,-59.27850348397624
6,z,24,"['z', 'z', 'z', 'x', 'z', 'x']",0.01,m2,100000,92431,0,0,3338,0.9562289213962053,0.0,267.39625547704054,-106.25882434903178
6,z,25,"['x', 'x', 'x', 'z', 'z', 'x']",1.0,m2,100000,0,0,0,99439,0.0,1.0,0.876257207011804,0.0003959150053560734
6,z,25,"['x', 'x', 'x', 'z', 'z', 'x']",0.1,m2,100000,833,20,37,45521,0.01529029534315975,0.02400960384153661,77.05046283104457,-4.917376830067951
6,z,25,"['x', 'x', 'x', 'z', 'z', 'x']",0.01,m2,100000,61524,12,23,5945,0.6541279038860242,0.00019504583577145684,110.91314019297715,115.33107182203094
6,z,26,"['z', 'x', 'x', 'z', 'z', 'x']",1.0,m2,100000,0,0,0,95355,0.0,1.0,9.35934369295137,-0.03296496393159032
6,z,26,"['z', 'x', 'x', 'z', 'z', 'x']",0.1,m2,100000,8303,2,2,28083,0.11545253556182822,0.0002408767915211829,172.449185229023,4.871468402969185
6,z,26,"['z', 'x', 'x', 'z', 'z', 'x']",0.01,m2,100000,77841,0,0,3301,0.8049824713802625,0.0,264.7999958510045,43.87676592799835
6,z,27,"['x', 'z', 'x', 'z', 'z', 'x']",1.0,m2,100000,0,0,0,97998,0.0,1.0,3.1974965179688297,-1.0648490890162066
6,z,27,"['x', 'z', 'x', 'z', 'z', 'x']",0.1,m2,100000,3050,0,1,37272,0.04862262466522127,0.0,71.83928230596939,-26.064189696975518
6,z,27,"['x', 'z', 'x', 'z', 'z', 'x']",0.01,m2,100000,70464,0,0,4570,0.7383841559258095,0.0,89.51137850998202,55.44805811002152
6,z,28,"['z', 'z', 'x', 'z', 'z', 'x']",1.0,m2,100000,1,0,0,96055,0.00025348542458808617,0.0,9.339372890011873,-0.0225383440265432
6,z,28,"['z', 'z', 'x', 'z', 'z', 'x']",0.1,m2,100000,23222,0,0,32036,0.34168088988287915,0.0,96.25575640500756,62.24811657296959
6,z,28,"['z', 'z', 'x', 'z', 'z', 'x']",0.01,m2,100000,86123,0,0,3850,0.895715028601144,0.0,266.2999267089763,47.8450494009885
6,z,29,"['x', 'x', 'z', 'z', 'z', 'x']",1.0,m2,100000,0,0,0,99600,0.0,1.0,0.22413440298987553,0.00012640998465940356
6,z,29,"['x', 'x', 'z', 'z', 'z', 'x']",0.1,m2,100000,1044,0,1,47682,0.019954891242019955,0.0,36.33396093000192,14.457613467995543
6,z,29,"['x', 'x', 'z', 'z', 'z', 'x']",0.01,m2,100000,61738,0,0,6235,0.6584333173358929,0.0,243.84889068297343,35.01847256702604
6,z,30,"['z', 'x', 'z', 'z', 'z', 'x']",1.0,m2,100000,0,0,0,98578,0.0,1.0,2.892550894001033,-0.006669130991213024
6,z,30,"['z', 'x', 'z', 'z', 'z', 'x']",0.1,m2,100000,6276,0,0,40469,0.10542406477297542,0.0,72.83898172795307,69.1957589550293
6,z,30,"['z', 'x', 'z', 'z', 'z', 'x']",0.01,m2,100000,74161,0,0,5117,0.7816047131730658,0.0,104.45202231605072,47.598423624935094
6,z,31,"['x', 'z', 'z', 'z', 'z', 'x']",1.0,m2,100000,0,0,0,99679,0.0,1.0,0.49302848998922855,-0.0013564739492721856
6,z,31,"['x', 'z', 'z', 'z', 'z', 'x']",0.1,m2,100000,2896,0,0,49831,0.05772488987223186,0.0,98.06206753000151,1.6295394530170597
6,z,31,"['x', 'z', 'z', 'z', 'z', 'x']",0.01,m2,100000,66736,0,0,6708,0.7153453672340608,0.0,96.89697289798642,17.28619019105099
6,z,32,"['z', 'z', 'z', 'z', 'z', 'x']",1.0,m2,100000,100000,0,0,0,1.0,0.0,163.09548946697032,7.733079353987705
6,z,32,"['z', 'z', 'z', 'z', 'z', 'x']",0.1,m2,100000,100000,0,0,0,1.0,0.0,273.99162708199583,54.72217470000032
6,z,32,"['z', 'z', 'z', 'z', 'z', 'x']",0.01,m2,100000,100000,0,0,0,1.0,0.0,273.4391323319869,55.55212405999191
6,z,33,"['x', 'x', 'x', 'x', 'x', 'z']",1.0,m2,100000,0,0,0,97318,0.0,1.0,4.108284586982336,0.0025387280038557947
6,z,33,"['x', 'x', 'x', 'x', 'x', 'z']",0.1,m2,100000,7245,1878,3222,31795,0.10622388387948098,0.25921325051759836,140.17097208299674,4.035729790979531
6,z,33,"['x', 'x', 'x', 'x', 'x', 'z']",0.01,m2,100000,75175,1595,3076,3682,0.78048755165182,0.0212171599600931,255.3419965559733,44.397660908987746
6,z,34,"['z', 'x', 'x', 'x', 'x', 'z']",1.0,m2,100000,0,0,0,98609,0.0,1.0,0.9751685740193352,0.0010574429761618376
6,z,34,"['z', 'x', 'x', 'x', 'x', 'z']",0.1,m2,100000,5316,342,578,42017,0.09168204473725057,0.06433408577878108,47.30888266896363,68.7249879760202
6,z,34,"['z', 'x', 'x', 'x', 'x', 'z']",0.01,m2,100000,72911,42,83,5378,0.770550189173765,0.0005760447669076463,113.48740624403581,136.01469881396042
6,z,35,"['x', 'z', 'x', 'x', 'x', 'z']",1.0,m2,100000,0,0,0,99586,0.0,1.0,0.6557723139994778,-0.00316196505445987
6,z,35,"['x', 'z', 'x', 'x', 'x', 'z']",0.1,m2,100000,772,50,78,51239,0.01583232501384303,0.06476683937823835,40.094046248006634,-7.030059629003517
6,z,35,"['x', 'z', 'x', 'x', 'x', 'z']",0.01,m2,100000,60557,32,63,6907,0.6505000375968117,0.0005284277622735756,126.60770939401118,148.30718926602276
6,z,36,"['z', 'z', 'x', 'x', 'x', 'z']",1.0,m2,100000,0,0,0,98722,0.0,1.0,3.0600151249673218,-0.0018781499820761383
6,z,36,"['z', 'z', 'x', 'x', 'x', 'z']",0.1,m2,100000,16166,7,14,44238,0.28991069186901475,0.00043300754670294594,84.10668474604608,-28.896021576074418
6,z,36,"['z', 'z', 'x', 'x', 'x', 'z']",0.01,m2,100000,82926,0,0,5706,0.8794408976180881,0.0,205.02780900301877,-70.68370892404346
6,z,37,"['x', 'x', 'z', 'x', 'x', 'z']",1.0,m2,100000,0,0,0,98558,0.0,1.0,2.2898940960294567,-0.011792071047239006
6,z,37,"['x', 'x', 'z', 'x', 'x', 'z']",0.1,m2,100000,3357,52,100,38961,0.0549976244696014,0.01549002085195117,48.12523708603112,47.9162246339838
6,z,37,"['x', 'x', 'z', 'x', 'x', 'z']",0.01,m2,100000,71163,11,22,4818,0.7476518669496334,0.00015457470876723,142.89090281695826,29.78423983202083
6,z,38,"['z', 'x', 'z', 'x', 'x', 'z']",1.0,m2,100000,0,0,0,94876,0.0,1.0,10.394651037990116,0.008823596057482064
6,z,38,"['z', 'x', 'z', 'x', 'x', 'z']",0.1,m2,100000,16659,0,0,27540,0.22990615512006624,0.0,78.03162094100844,-11.191536589991301
6,z,38,"['z', 'x', 'z', 'x', 'x', 'z']",0.01,m2,100000,83598,0,0,3115,0.8628580275584455,0.0,223.3890018229722,90.61247265100246
6,z,39,"['x', 'z', 'z', 'x', 'x', 'z']",1.0,m2,100000,0,0,0,97910,0.0,1.0,3.2779509800020605,-0.010481650999281555
6,z,39,"['x', 'z', 'z', 'x', 'x', 'z']",0.1,m2,100000,2628,0,0,36579,0.041437378786206465,0.0,83.27646779397037,-37.46745648095384
6,z,39,"['x', 'z', 'z', 'x', 'x', 'z']",0.01,m2,100000,69353,0,0,4430,0.7256775138641833,0.0,251.40060243394691,39.13271431607427
6,z,40,"['z', 'z', 'z', 'x', 'x', 'z']",1.0,m2,100000,285,1,2,94633,0.05310229178311906,0.0035087719298245723,15.032289344992023,0.17358689504908398
6,z,40,"['z', 'z', 'z', 'x', 'x', 'z']",0.1,m2,100000,45944,0,0,26016,0.6209991349480969,0.0,204.8691753789899,25.760902994021308
6,z,40,"['z', 'z', 'z', 'x', 'x', 'z']",0.01,m2,100000,92368,0,0,3013,0.9523750605751287,0.0,121.5780324350344,-8.81476029305486
6,z,41,"['x', 'x', 'x', 'z', 'x', 'z']",1.0,m2,100000,0,0,0,97168,0.0,1.0,4.545241856016219,-0.09311130899004638
6,z,41,"['x', 'x', 'x', 'z', 'x', 'z']",0.1,m2,100000,3491,16,31,31314,0.05082549573421075,0.0045832139788026804,138.62053454696434,1.949908115027938
6,z,41,"['x', 'x', 'x', 'z', 'x', 'z']",0.01,m2,100000,71804,2,4,3632,0.7451021085837622,2.785360147061766e-05,187.84921177499928,-83.20613217697246
6,z,42,"['z', 'x', 'x', 'z', 'x', 'z']",1.0,m2,100000,0,0,0,97269,0.0,1.0,5.561331917007919,0.03214586997637525
6,z,42,"['z', 'x', 'x', 'z', 'x', 'z']",0.1,m2,100000,4405,0,0,38254,0.07134065364558027,0.0,111.06697771901963,35.0927591699874
6,z,42,"['z', 'x', 'x', 'z', 'x', 'z']",0.01,m2,100000,73311,0,0,4715,0.769386577110773,0.0,260.22544089797884,40.74842481606174
6,z,43,"['x', 'z', 'x', 'z', 'x', 'z']",1.0,m2,100000,0,0,0,99718,0.0,1.0,0.15903846704168245,-0.0015541930333711207
6,z,43,"['x', 'z', 'x', 'z', 'x', 'z']",0.1,m2,100000,1296,0,0,47377,0.024628014366341714,0.0,74.68168694298947,26.472278105968144
6,z,43,"['x', 'z', 'x', 'z', 'x', 'z']",0.01,m2,100000,65257,0,0,6166,0.6954515420849585,0.0,104.99214477196801,34.95689797506202
6,z,44,"['z', 'z', 'x', 'z', 'x', 'z']",1.0,m2,100000,1,0,0,95953,0.00024709661477637757,0.0,9.778986441961024,0.03900562704075128
6,z,44,"['z', 'z', 'x', 'z', 'x', 'z']",0.1,m2,100000,22899,0,0,31738,0.33545750197767427,0.0,91.7394453670131,-23.30225499800872
6,z,44,"['z', 'z', 'x', 'z', 'x', 'z']",0.01,m2,100000,86381,0,0,3679,0.8968033969746991,0.0,266.36915669200243,47.624802729988005
6,z,45,"['x', 'x', 'z', 'z', 'x', 'z']",1.0,m2,100000,0,0,0,99756,0.0,1.0,0.3926002290099859,-0.0018796850345097482
6,z,45,"['x', 'x', 'z', 'z', 'x', 'z']",0.1,m2,100000,324,0,0,55268,0.007243136904229635,0.0,59.56292836001376,-29.806032651045825
6,z,45,"['x', 'x', 'z', 'z', 'x', 'z']",0.01,m2,100000,55728,0,0,7948,0.6053969495502542,0.0,211.81567223998718,53.93443069601199
6,z,46,"['z', 'x', 'z', 'z', 'x', 'z']",1.0,m2,100000,0,0,0,99393,0.0,1.0,1.2288157980074175,-0.0008376379846595228
6,z,46,"['z', 'x', 'z', 'z', 'x', 'z']",0.1,m2,100000,6798,0,0,43490,0.12029729251459918,0.0,134.94395336398156,3.808378530025948
6,z,46,"['z', 'x', 'z', 'z', 'x', 'z']",0.01,m2,100000,76446,0,0,5468,0.8086785427156942,0.0,246.64123577898135,54.42835725401528
6,z,47,"['x', 'z', 'z', 'z', 'x', 'z']",1.0,m2,100000,0,0,0,97346,0.0,1.0,4.121351087989751,-0.0476490129949525
6,z,47,"['x', 'z', 'z', 'z', 'x', 'z']",0.1,m2,100000,2801,0,0,36298,0.04397036199805344,0.0,75.36935965897283,51.57960468303645
6,z,47,"['x', 'z', 'z', 'z', 'x', 'z']",0.01,m2,100000,69315,0,0,4371,0.7248324253103138,0.0,143.26025008998113,53.98668597696815
6,z,48,"['z', 'z', 'z', 'z', 'x', 'z']",1.0,m2,100000,3208,0,0,96792,1.0,0.0,3.1059529859921895,0.6372459700214677
6,z,48,"['z', 'z', 'z', 'z', 'x', 'z']",0.1,m2,100000,66789,0,0,33211,1.0,0.0,64.05233315197984,13.296876439009793
6,z,48,"['z', 'z', 'z', 'z', 'x', 'z']",0.01,m2,100000,96029,0,0,3971,1.0,0.0,161.18711447395617,155.96219706605189
6,z,49,"['x', 'x', 'x', 'x', 'z', 'z']",1.0,m2,100000,0,0,0,99190,0.0,1.0,0.4392240230226889,0.0065551199950277805
6,z,49,"['x', 'x', 'x', 'x', 'z', 'z']",0.1,m2,100000,1711,18,33,42568,0.029791753726145703,0.010520163646990044,83.17290347500239,-43.90965151001001
6,z,49,"['x', 'x', 'x', 'x', 'z', 'z']",0.01,m2,100000,66063,4,8,5414,0.6984437443173408,6.05482645353872e-05,198.38259075500537,84.09119198494591
6,z,50,"['z', 'x', 'x', 'x', 'z', 'z']",1.0,m2,100000,0,0,0,99072,0.0,1.0,1.8825870649889112,-0.005709088989533484
6,z,50,"['z', 'x', 'x', 'x', 'z', 'z']",0.1,m2,100000,5603,2,1,38799,0.09155079165373115,0.0003569516330537148,92.36744860099861,54.17913917999249
6,z,50,"['z', 'x', 'x', 'x', 'z', 'z']",0.01,m2,100000,75104,0,0,4859,0.789396790027433,0.0,94.42030849301955,36.88871633098461
6,z,51,"['x', 'z', 'x', 'x', 'z', 'z']",1.0,m2,100000,0,0,0,99081,0.0,1.0,0.5203333949903026,-0.010464936960488558
6,z,51,"['x', 'z', 'x', 'x', 'z', 'z']",0.1,m2,100000,1882,0,0,39054,0.03087979522856299,0.0,56.942131708026864,-14.711442628060468
6,z,51,"['x', 'z', 'x', 'x', 'z', 'z']",0.01,m2,100000,67733,0,0,4764,0.7112121466672267,0.0,167.6739517330425,37.26015024498338
6,z,52,"['z', 'z', 'x', 'x', 'z', 'z']",1.0,m2,100000,0,0,0,98809,0.0,1.0,2.866454619972501,0.002485478005837649
6,z,52,"['z', 'z', 'x', 'x', 'z', 'z']",0.1,m2,100000,9290,0,0,45629,0.1708631439554174,0.0,49.35262285399949,31.371434438973665
6,z,52,"['z', 'z', 'x', 'x', 'z', 'z']",0.01,m2,100000,78822,0,0,5977,0.8383267923805877,0.0,258.6604506250005,44.32798635301879
6,z,53,"['x', 'x', 'z', 'x', 'z', 'z']",1.0,m2,100000,0,0,0,99093,0.0,1.0,1.4137525780242868,-0.004963691055309027
6,z,53,"['x', 'x', 'z', 'x', 'z', 'z']",0.1,m2,100000,2884,0,0,39525,0.047689127738735015,0.0,60.46499736100668,25.937793695018627
6,z,53,"['x', 'x', 'z', 'x', 'z', 'z']",0.01,m2,100000,70505,0,0,4880,0.7412216148023549,0.0,249.30693770304788,40.65337551495759
6,z,54,"['z', 'x', 'z', 'x', 'z', 'z']",1.0,m2,100000,0,0,0,99041,0.0,1.0,0.6876715599792078,-0.0030254869488999248
6,z,54,"['z', 'x', 'z', 'x', 'z', 'z']",0.1,m2,100000,6597,0,0,41012,0.11183630568929273,0.0,138.15747749397997,5.696873324050102
6,z,54,"['z', 'x', 'z', 'x', 'z', 'z']",0.01,m2,100000,76084,0,0,5164,0.8022691804799865,0.0,104.20428398897639,2.8963605820317753
6,z,55,"['x', 'z', 'z', 'x', 'z', 'z']",1.0,m2,100000,0,0,0,98143,0.0,1.0,1.039836319978349,0.001937174005433917
6,z,55,"['x', 'z', 'z', 'x', 'z', 'z']",0.1,m2,100000,1966,0,0,43823,0.03499652882852413,0.0,94.98552058899077,14.439880007994361
6,z,55,"['x', 'z', 'z', 'x', 'z', 'z']",0.01,m2,100000,67699,0,0,5671,0.717690211917862,0.0,153.81838167802198,130.3820682130172
6,z,56,"['z', 'z', 'z', 'x', 'z', 'z']",1.0,m2,100000,59,0,0,95314,0.012590695689287239,0.0,4.607555801980197,-0.08510278793983161
6,z,56,"['z', 'z', 'z', 'x', 'z', 'z']",0.1,m2,100000,43197,0,0,30526,0.6217721737628465,0.0,89.63874785898952,-13.244376864982769
6,z,56,"['z', 'z', 'z', 'x', 'z', 'z']",0.01,m2,100000,91903,0,0,3636,0.953706778464987,0.0,165.4723240470048,151.57090197800426
6,z,57,"['x', 'x', 'x', 'z', 'z', 'z']",1.0,m2,100000,0,0,0,99682,0.0,1.0,0.47844668000470847,-0.0003255900228396058
6,z,57,"['x', 'x', 'x', 'z', 'z', 'z']",0.1,m2,100000,815,0,0,46888,0.015344931465582166,0.0,94.59811642899876,0.31922847602982074
6,z,57,"['x', 'x', 'x', 'z', 'z', 'z']",0.01,m2,100000,61667,0,0,6152,0.6570944506009718,0.0,238.60170011495939,18.775722384045366
6,z,58,"['z', 'x', 'x', 'z', 'z', 'z']",1.0,m2,100000,0,0,0,98883,0.0,1.0,2.2675605160184205,0.0045367510174401104
6,z,58,"['z', 'x', 'x', 'z', 'z', 'z']",0.1,m2,100000,5949,0,0,40315,0.09967328474491079,0.0,85.46192090399563,-34.33447833999526
6,z,58,"['z', 'x', 'x', 'z', 'z', 'z']",0.01,m2,100000,75516,0,0,5126,0.7959609587452832,0.0,258.2763997740112,-28.447419363015797
6,z,59,"['x', 'z', 'x', 'z', 'z', 'z']",1.0,m2,100000,0,0,0,99528,0.0,1.0,0.26269754697568715,-0.003655714972410351
6,z,59,"['x', 'z', 'x', 'z', 'z', 'z']",0.1,m2,100000,565,0,0,48260,0.01091998453807499,0.0,33.806673704995774,37.88102482800605
6,z,59,"['x', 'z', 'x', 'z', 'z', 'z']",0.01,m2,100000,59586,0,0,6371,0.6364053872197717,0.0,86.56941786402604,127.70661893597571
6,z,60,"['z', 'z', 'x', 'z', 'z', 'z']",1.0,m2,100000,0,0,0,96959,0.0,1.0,7.225815054029226,-0.0057827450218610466
6,z,60,"['z', 'z', 'x', 'z', 'z', 'z']",0.1,m2,100000,20350,0,0,36733,0.3216526783315156,0.0,65.03411403897917,-2.62661111401394
6,z,60,"['z', 'z', 'x', 'z', 'z', 'z']",0.01,m2,100000,85366,0,0,4497,0.8938567374846863,0.0,112.04820925201057,68.21477031998802
6,z,61,"['x', 'x', 'z', 'z', 'z', 'z']",1.0,m2,100000,0,0,0,99792,0.0,1.0,0.3220753619680181,-0.0021993209957145154
6,z,61,"['x', 'x', 'z', 'z', 'z', 'z']",0.1,m2,100000,783,0,0,50641,0.015863368382665777,0.0,90.60922705498524,0.47977112501394004
6,z,61,"['x', 'x', 'z', 'z', 'z', 'z']",0.01,m2,100000,61920,0,0,6910,0.6651627457299387,0.0,210.28186137595912,-123.30694409395801
6,z,62,"['z', 'x', 'z', 'z', 'z', 'z']",1.0,m2,100000,0,0,0,98727,0.0,1.0,0.8865327589446679,0.004281536035705358
6,z,62,"['z', 'x', 'z', 'z', 'z', 'z']",0.1,m2,100000,5970,0,0,42469,0.10377014131511707,0.0,50.698342963005416,65.35438955097925
6,z,62,"['z', 'x', 'z', 'z', 'z', 'z']",0.01,m2,100000,75679,0,0,5415,0.800116297510176,0.0,97.8850811609882,8.905438484041952
6,z,63,"['x', 'z', 'z', 'z', 'z', 'z']",1.0,m2,100000,0,0,0,99122,0.0,1.0,1.3693095030030236,-0.0002683509956113994
6,z,63,"['x', 'z', 'z', 'z', 'z', 'z']",0.1,m2,100000,2728,0,0,43170,0.04800281541439381,0.0,110.96496179600945,-22.502298120991327
6,z,63,"['x', 'z', 'z', 'z', 'z', 'z']",0.01,m2,100000,70141,0,0,5277,0.7404854153690233,0.0,141.49397457798477,-55.55460044502979
6,z,64,"['z', 'z', 'z', 'z', 'z', 'z']",1.0,m2,100000,0,0,0,99868,0.0,1.0,0.14412666496355087,-0.0027596759609878063
6,z,64,"['z', 'z', 'z', 'z', 'z', 'z']",0.1,m2,100000,763,0,0,64849,0.021706352593098346,0.0,54.69656995800324,-25.84964743599994
6,z,64,"['z', 'z', 'z', 'z', 'z', 'z']",0.01,m2,100000,61928,0,0,10152,0.689252960555605,0.0,3.8786520299618132,0.0478141630301252
