n,lstate,i,meas_type,p_error,sim_type,shots,count_accept,count_logerror,count_undecided,count_detect_discard,prep_rate,LER,detect_normal,decoding_normal
3,x,2,"['x', 'x', 'x']",1.0,normal,100000,71343,316,616,0,0.71343,0.004429306308958103,2.9881965680106077,0.551567526999861
3,x,2,"['x', 'x', 'x']",0.5,normal,100000,84485,85,168,0,0.84485,0.0010060957566432327,0.43781044500065036,0.2879591519886162
3,x,3,"['z', 'x', 'x']",1.0,normal,100000,88925,574,1101,0,0.88925,0.006454877705932005,1.913760730996728,0.5997123020060826
3,x,3,"['z', 'x', 'x']",0.5,normal,100000,94219,152,302,0,0.94219,0.001613262717710895,0.32675104899681173,0.21528920900891535
3,x,4,"['x', 'z', 'x']",1.0,normal,100000,72512,8139,15514,0,0.72512,0.11224349073256845,8.697428940999089,0.660927253018599
3,x,4,"['x', 'z', 'x']",0.5,normal,100000,84656,4716,9170,0,0.84656,0.05570780570780576,5.5186432609916665,1.461433124030009
3,x,5,"['z', 'z', 'x']",1.0,normal,100000,100000,1141,2114,0,1.0,0.011410000000000031,0.45952208500239067,0.42456814300385304
3,x,5,"['z', 'z', 'x']",0.5,normal,100000,100000,303,590,0,1.0,0.003029999999999977,0.33378267401712947,0.24856543797068298
3,x,6,"['x', 'x', 'z']",1.0,normal,100000,73999,11704,21541,0,0.73999,0.15816429951756106,13.456798727012938,-4.427773676026845
3,x,6,"['x', 'x', 'z']",0.5,normal,100000,85958,7119,13666,0,0.85958,0.08281951650806207,9.75329848297406,0.043148520024260506
3,x,7,"['z', 'x', 'z']",1.0,normal,100000,93247,11418,20099,0,0.93247,0.12244897959183676,1.7712363699974958,0.5832834439934231
3,x,7,"['z', 'x', 'z']",0.5,normal,100000,96579,6245,11660,0,0.96579,0.0646620901024032,4.036289960989961,1.08490299602272
3,x,8,"['x', 'z', 'z']",1.0,normal,100000,75471,18164,0,0,0.75471,0.2406752262458428,3.9954041719902307,1.0166454530262854
3,x,8,"['x', 'z', 'z']",0.5,normal,100000,86917,11890,0,0,0.86917,0.13679717431572647,8.898543096001958,0.01852732800762169
3,z,2,"['z', 'x', 'x']",1.0,normal,100000,88925,9274,16698,0,0.88925,0.10429013213382066,5.840733401011676,1.2223748249816708
3,z,2,"['z', 'x', 'x']",0.5,normal,100000,94219,5128,9760,0,0.94219,0.05442638958171919,1.401157569984207,0.46474558900808915
3,z,3,"['x', 'z', 'x']",1.0,normal,100000,72512,7696,14570,0,0.72512,0.10613415710503094,12.225746712996624,-7.887756288982928
3,z,3,"['x', 'z', 'x']",0.5,normal,100000,84656,4621,9002,0,0.84656,0.054585617085617044,3.108679425989976,0.8675065780116711
3,z,4,"['z', 'z', 'x']",1.0,normal,100000,100000,646,1231,0,1.0,0.006460000000000021,0.6220436319999862,0.20367863200954162
3,z,4,"['z', 'z', 'x']",0.5,normal,100000,100000,182,357,0,1.0,0.0018200000000000438,0.15243921399815008,0.05819954801700078
3,z,5,"['x', 'x', 'z']",1.0,normal,100000,68934,8416,16120,0,0.68934,0.12208779412191373,3.095671145012602,0.5947127819817979
3,z,5,"['x', 'x', 'z']",0.5,normal,100000,82812,5223,10210,0,0.82812,0.06307056948268364,5.972635162004735,-0.7878098560031503
3,z,6,"['z', 'x', 'z']",1.0,normal,100000,93247,588,1134,0,0.93247,0.006305832895428298,1.855752219009446,0.3365202339773532
3,z,6,"['z', 'x', 'z']",0.5,normal,100000,96579,164,329,0,0.96579,0.001698091717661221,0.40874248900217935,0.10187292599584907
3,z,7,"['x', 'z', 'z']",1.0,normal,100000,75471,294,549,0,0.75471,0.003895536033708291,0.9761036839918233,0.04723784900852479
3,z,7,"['x', 'z', 'z']",0.5,normal,100000,86917,79,152,0,0.86917,0.0009089131010043827,1.6658127199916635,-0.19689973900676705
3,z,8,"['z', 'z', 'z']",1.0,normal,100000,78573,0,1,0,0.78573,0.0,0.1932582310109865,0.000539214990567416
3,z,8,"['z', 'z', 'z']",0.5,normal,100000,88493,0,0,0,0.88493,0.0,0.03246607098844834,0.000590714014833793
3,x,2,"['x', 'x', 'x']",1.0,m1,100000,72625,711,1332,0,0.72625,0.009790017211703916,0.8034398619784042,0.1904305900388863
3,x,2,"['x', 'x', 'x']",0.5,m1,100000,85493,220,424,0,0.85493,0.002573310095563386,0.12008675001561642,0.04106514298473485
3,x,3,"['z', 'x', 'x']",1.0,m1,100000,92205,394,744,0,0.92205,0.00427308714277963,0.24676038697361946,0.10954916605260223
3,x,3,"['z', 'x', 'x']",0.5,m1,100000,96044,112,221,0,0.96044,0.0011661321894131937,0.13403807699796744,0.054919460002565756
3,x,4,"['x', 'z', 'x']",1.0,m1,100000,73115,6441,12456,0,0.73115,0.08809409833823434,0.7504670920025092,0.155148256017128
3,x,4,"['x', 'z', 'x']",0.5,m1,100000,85372,3776,7451,0,0.85372,0.0442299583001452,1.329345818987349,0.3554882660100702
3,x,5,"['z', 'z', 'x']",1.0,m1,100000,100000,416,799,0,1.0,0.0041600000000000525,0.03691994200926274,0.015646115003619343
3,x,5,"['z', 'z', 'x']",0.5,m1,100000,100000,122,235,0,1.0,0.0012199999999999989,0.035452765005175024,0.010280898015480489
3,x,6,"['x', 'x', 'z']",1.0,m1,100000,69232,7698,14543,0,0.69232,0.11119135659810497,4.071280310978182,-2.318479203968309
3,x,6,"['x', 'x', 'z']",0.5,m1,100000,83005,4830,9371,0,0.83005,0.058189265706885096,2.7842434310005046,-0.11726647600880824
3,x,7,"['z', 'x', 'z']",1.0,m1,100000,89745,7274,13357,0,0.89745,0.0810518691849128,0.7288419910182711,0.17561158299213275
3,x,7,"['z', 'x', 'z']",0.5,m1,100000,94760,3960,7566,0,0.9476,0.041789784719290846,0.5422874600044452,0.1572754559747409
3,x,8,"['x', 'z', 'z']",1.0,m1,100000,68161,13802,0,0,0.68161,0.20249116063438033,1.4253169280127622,0.05359859799500555
3,x,8,"['x', 'z', 'z']",0.5,m1,100000,82555,9291,0,0,0.82555,0.11254315304948215,2.776799877989106,-1.0740583609731402
3,z,2,"['z', 'x', 'x']",1.0,m1,100000,91300,7528,13835,0,0.913,0.0824534501642935,0.7942024380026851,0.14627894200384617
3,z,2,"['z', 'x', 'x']",0.5,m1,100000,95576,4088,7828,0,0.95576,0.04277224407801117,0.6296215530019253,0.05916969300596975
3,z,3,"['x', 'z', 'x']",1.0,m1,100000,73115,6342,12245,0,0.73115,0.08674006701771186,1.2504540810186882,0.10466007198556326
3,z,3,"['x', 'z', 'x']",0.5,m1,100000,85372,3768,7403,0,0.85372,0.04413625076137373,2.401099148002686,-0.7677460980194155
3,z,4,"['z', 'z', 'x']",1.0,m1,100000,100000,418,804,0,1.0,0.0041799999999999615,0.06137342800502665,0.01931859497562982
3,z,4,"['z', 'z', 'x']",0.5,m1,100000,100000,104,208,0,1.0,0.001040000000000041,0.04813959001330659,0.01520619197981432
3,z,5,"['x', 'x', 'z']",1.0,m1,100000,69232,7772,14911,0,0.69232,0.11226022648486245,2.4151838830148336,-1.5821222609956749
3,z,5,"['x', 'x', 'z']",0.5,m1,100000,83005,4636,9088,0,0.83005,0.055852057104993635,1.5266004310105927,-0.8110466940270271
3,z,6,"['z', 'x', 'z']",1.0,m1,100000,87542,286,558,0,0.87542,0.0032670032670032434,0.32531805700273253,0.045305125997401774
3,z,6,"['z', 'x', 'z']",0.5,m1,100000,93541,78,157,0,0.93541,0.0008338589495515691,0.20032129200990312,0.03075948398327455
3,z,7,"['x', 'z', 'z']",1.0,m1,100000,68161,328,641,0,0.68161,0.004812135972183551,0.3119503240159247,0.010187574982410297
3,z,7,"['x', 'z', 'z']",0.5,m1,100000,82555,92,179,0,0.82555,0.0011144085761007894,0.4762926080147736,0.011462895985459909
3,z,8,"['z', 'z', 'z']",1.0,m1,100000,83649,3,2,0,0.83649,3.5864146612607506e-05,0.18450011798995547,0.005301824014168233
3,z,8,"['z', 'z', 'z']",0.5,m1,100000,91430,0,1,0,0.9143,0.0,0.08476229102234356,0.004036925965920091
3,x,2,"['x', 'x', 'x']",1.0,m2,100000,72625,711,1332,14217,0.8466129652728396,0.009790017211703916,0.4686423639941495,0.12425185900065117
3,x,2,"['x', 'x', 'x']",0.5,m2,100000,85493,220,424,7318,0.9224336980211907,0.002573310095563386,0.23659810001845472,0.09129091197974049
3,x,3,"['z', 'x', 'x']",1.0,m2,100000,92205,394,744,7795,1.0,0.00427308714277963,0.10630293100257404,0.05718616399099119
3,x,3,"['z', 'x', 'x']",0.5,m2,100000,96044,112,221,3956,1.0,0.0011661321894131937,0.06766686702030711,0.03037979395594448
3,x,4,"['x', 'z', 'x']",1.0,m2,100000,73115,6441,12456,13816,0.8483593242365172,0.08809409833823434,0.459106968017295,0.18416555496514775
3,x,4,"['x', 'z', 'x']",0.5,m2,100000,85372,3776,7451,7197,0.9199271575272351,0.0442299583001452,0.3262875000073109,0.13985953899100423
3,x,5,"['z', 'z', 'x']",1.0,m2,100000,100000,416,799,0,1.0,0.0041600000000000525,0.041363585012732074,0.015342723985668272
3,x,5,"['z', 'z', 'x']",0.5,m2,100000,100000,122,235,0,1.0,0.0012199999999999989,0.037997631006874144,0.011385626014089212
3,x,6,"['x', 'x', 'z']",1.0,m2,100000,69232,7698,14543,16109,0.825261351038848,0.11119135659810497,2.3607760629965924,-0.9261512340162881
3,x,6,"['x', 'x', 'z']",0.5,m2,100000,83005,4830,9371,8358,0.9057528207590406,0.058189265706885096,1.7755880969925784,-0.41912831499939784
3,x,7,"['z', 'x', 'z']",1.0,m2,100000,89745,7274,13357,10255,1.0,0.0810518691849128,0.259700916998554,0.12853435502620414
3,x,7,"['z', 'x', 'z']",0.5,m2,100000,94760,3960,7566,5240,1.0,0.041789784719290846,0.23485891698510386,0.11116515498724766
3,x,8,"['x', 'z', 'z']",1.0,m2,100000,68161,13802,0,16924,0.8204655977659011,0.20249116063438033,2.23038791998988,-0.9743034149869345
3,x,8,"['x', 'z', 'z']",0.5,m2,100000,82555,9291,0,8935,0.9065502662933069,0.11254315304948215,1.724479208001867,-0.9637216059782077
3,z,2,"['z', 'x', 'x']",1.0,m2,100000,91300,7528,13835,8700,1.0,0.0824534501642935,0.29714037699159235,0.10060195199912414
3,z,2,"['z', 'x', 'x']",0.5,m2,100000,95576,4088,7828,4424,1.0,0.04277224407801117,0.26595746201928705,0.09083638997981325
3,z,3,"['x', 'z', 'x']",1.0,m2,100000,73115,6342,12245,13816,0.8483593242365172,0.08674006701771186,1.984884361998411,-1.196213056013221
3,z,3,"['x', 'z', 'x']",0.5,m2,100000,85372,3768,7403,7197,0.9199271575272351,0.04413625076137373,0.5832658389990684,0.13616287798504345
3,z,4,"['z', 'z', 'x']",1.0,m2,100000,100000,418,804,0,1.0,0.0041799999999999615,0.05598724802257493,0.01773223897907883
3,z,4,"['z', 'z', 'x']",0.5,m2,100000,100000,104,208,0,1.0,0.001040000000000041,0.016329908015904948,0.005056234978837892
3,z,5,"['x', 'x', 'z']",1.0,m2,100000,69232,7772,14911,16109,0.825261351038848,0.11226022648486245,0.5607633820036426,0.12171854102052748
3,z,5,"['x', 'x', 'z']",0.5,m2,100000,83005,4636,9088,8358,0.9057528207590406,0.055852057104993635,1.1726013430161402,-0.25005430102464743
3,z,6,"['z', 'x', 'z']",1.0,m2,100000,87542,286,558,12458,1.0,0.0032670032670032434,0.13010412600124255,0.040664137981366366
3,z,6,"['z', 'x', 'z']",0.5,m2,100000,93541,78,157,6459,1.0,0.0008338589495515691,0.0893376599997282,0.02664831100264564
3,z,7,"['x', 'z', 'z']",1.0,m2,100000,68161,328,641,16924,0.8204655977659011,0.004812135972183551,0.5043860549922101,0.03228675000718795
3,z,7,"['x', 'z', 'z']",0.5,m2,100000,82555,92,179,8935,0.9065502662933069,0.0011144085761007894,0.2859494579897728,0.03682556198327802
3,z,8,"['z', 'z', 'z']",1.0,m2,100000,83649,3,2,8672,0.9159184477925718,3.5864146612607506e-05,0.03424489000462927,0.002173148008296266
3,z,8,"['z', 'z', 'z']",0.5,m2,100000,91430,0,1,4556,0.9579439252336449,0.0,0.04758291601319797,0.004148945998167619
4,x,2,"['x', 'x', 'x', 'x']",1.0,normal,100000,27233,1,2,0,0.27233,3.672015569344822e-05,41.087646244995994,-12.248334095987957
4,x,2,"['x', 'x', 'x', 'x']",0.5,normal,100000,52659,0,0,0,0.52659,0.0,42.065813048015116,6.627804093965096
4,x,3,"['z', 'x', 'x', 'x']",1.0,normal,100000,54756,6,11,0,0.54756,0.00010957703265390695,22.324689661996672,39.055824720009696
4,x,3,"['z', 'x', 'x', 'x']",0.5,normal,100000,74163,0,0,0,0.74163,0.0,47.32837142498465,8.445299796003383
4,x,4,"['x', 'z', 'x', 'x']",1.0,normal,100000,38635,608,1164,0,0.38635,0.015737026012682787,47.54339298402192,6.22264231799636
4,x,4,"['x', 'z', 'x', 'x']",0.5,normal,100000,62029,230,450,0,0.62029,0.0037079430588917717,17.911907481000526,3.7825525410007685
4,x,5,"['z', 'z', 'x', 'x']",1.0,normal,100000,58460,60,109,0,0.5846,0.0010263427984946727,56.58950003198697,8.33755962899886
4,x,5,"['z', 'z', 'x', 'x']",0.5,normal,100000,75965,4,9,0,0.75965,5.265582834201865e-05,27.71679563599173,11.73401125302189
4,x,6,"['x', 'x', 'z', 'x']",1.0,normal,100000,33354,845,1564,0,0.33354,0.025334292738502073,40.95446547798929,-22.897292291978374
4,x,6,"['x', 'x', 'z', 'x']",0.5,normal,100000,57386,406,787,0,0.57386,0.007074896316174639,49.46442293500877,-14.12462338298792
4,x,7,"['z', 'x', 'z', 'x']",1.0,normal,100000,63677,3026,5657,0,0.63677,0.04752108296559199,20.246706134988926,45.99774875599542
4,x,7,"['z', 'x', 'z', 'x']",0.5,normal,100000,79459,1064,2047,0,0.79459,0.013390553618847445,34.73282814200502,37.370779496006435
4,x,8,"['x', 'z', 'z', 'x']",1.0,normal,100000,29161,8228,14867,0,0.29161,0.2821576763485477,45.673305155010894,5.267286661983235
4,x,8,"['x', 'z', 'z', 'x']",0.5,normal,100000,51629,7632,14205,0,0.51629,0.14782389742199153,17.484782818995882,3.310436166008003
4,x,9,"['z', 'z', 'z', 'x']",1.0,normal,100000,100000,1336,2111,0,1.0,0.013360000000000039,50.71745684501366,-25.49590973102022
4,x,9,"['z', 'z', 'z', 'x']",0.5,normal,100000,100000,130,228,0,1.0,0.0012999999999999678,17.29880091600353,5.309742245997768
4,x,10,"['x', 'x', 'x', 'z']",1.0,normal,100000,32899,1155,2102,0,0.32899,0.03510745007447036,44.8960270290263,6.166658470960101
4,x,10,"['x', 'x', 'x', 'z']",0.5,normal,100000,56596,504,955,0,0.56596,0.008905222983956462,49.537767411995446,10.494065918988781
4,x,11,"['z', 'x', 'x', 'z']",1.0,normal,100000,44470,1270,2323,0,0.4447,0.028558578817180158,55.3093730469991,-1.823758306010859
4,x,11,"['z', 'x', 'x', 'z']",0.5,normal,100000,66131,499,958,0,0.66131,0.007545629130060072,19.853419210005086,4.891850412008353
4,x,12,"['x', 'z', 'x', 'z']",1.0,normal,100000,45118,11725,21912,0,0.45118,0.25987410789485355,49.361856442992575,8.08336091201636
4,x,12,"['x', 'z', 'x', 'z']",0.5,normal,100000,66682,9998,19275,0,0.66682,0.14993551483158873,39.94150918000378,-0.8784731560153887
4,x,13,"['z', 'z', 'x', 'z']",1.0,normal,100000,72856,8336,12255,0,0.72856,0.11441748105852645,59.83043288299814,11.880342635995476
4,x,13,"['z', 'z', 'x', 'z']",0.5,normal,100000,85221,3196,5447,0,0.85221,0.037502493516856195,21.01421090500662,40.07169602299109
4,x,14,"['x', 'x', 'z', 'z']",1.0,normal,100000,36330,9475,16476,0,0.3633,0.26080374346270296,16.281264644989278,3.846676162997028
4,x,14,"['x', 'x', 'z', 'z']",0.5,normal,100000,60156,8912,16459,0,0.60156,0.14814814814814814,50.651576907985145,9.921496079012286
4,x,15,"['z', 'x', 'z', 'z']",1.0,normal,100000,53815,13524,20323,0,0.53815,0.25130539812319985,57.22426443299628,8.93713712898898
4,x,15,"['z', 'x', 'z', 'z']",0.5,normal,100000,73276,10613,18206,0,0.73276,0.1448359626617174,58.646608209004626,12.430577230989002
4,x,16,"['x', 'z', 'z', 'z']",1.0,normal,100000,27380,11276,0,0,0.2738,0.41183345507669833,15.61399634598638,1.905015247000847
4,x,16,"['x', 'z', 'z', 'z']",0.5,normal,100000,52631,14913,0,0,0.52631,0.2833501168512854,17.2435822620173,3.537615877983626
4,z,2,"['z', 'x', 'x', 'x']",1.0,normal,100000,54756,12574,19300,0,0.54756,0.2296369347651399,56.670428324025124,1.147124206967419
4,z,2,"['z', 'x', 'x', 'x']",0.5,normal,100000,74163,9623,16748,0,0.74163,0.1297547294472985,59.314213493984425,-30.182298628991703
4,z,3,"['x', 'z', 'x', 'x']",1.0,normal,100000,38635,9529,16864,0,0.38635,0.24664164617574735,47.905070528999204,6.560931815998629
4,z,3,"['x', 'z', 'x', 'x']",0.5,normal,100000,62029,8679,16284,0,0.62029,0.13991842525270437,17.933073694002815,3.8644914829928894
4,z,4,"['z', 'z', 'x', 'x']",1.0,normal,100000,58460,3866,6267,0,0.5846,0.066130687649675,59.66906863701297,9.965140487009194
4,z,4,"['z', 'z', 'x', 'x']",0.5,normal,100000,75965,1490,2671,0,0.75965,0.019614296057394842,20.45339853799669,5.063097481004661
4,z,5,"['x', 'x', 'z', 'x']",1.0,normal,100000,33354,7636,14147,0,0.33354,0.22893805840378967,44.89813956501894,6.013508939999156
4,z,5,"['x', 'x', 'z', 'x']",0.5,normal,100000,57386,7235,13918,0,0.57386,0.1260760464224724,28.79256548100966,-7.880612045002636
4,z,6,"['z', 'x', 'z', 'x']",1.0,normal,100000,66672,3554,6268,0,0.66672,0.053305735541156696,58.43586235499242,11.371279045008123
4,z,6,"['z', 'x', 'z', 'x']",0.5,normal,100000,81411,1210,2317,0,0.81411,0.01486285637076068,50.613406601012684,22.357006179983728
4,z,7,"['x', 'z', 'z', 'x']",1.0,normal,100000,24720,792,1419,0,0.2472,0.03203883495145632,44.68979703099467,4.257602662983118
4,z,7,"['x', 'z', 'z', 'x']",0.5,normal,100000,46470,382,736,0,0.4647,0.008220357219711594,17.36123682098696,32.32932973501738
4,z,8,"['z', 'z', 'z', 'x']",1.0,normal,100000,100000,431,758,0,1.0,0.004310000000000036,53.04715743800625,14.134726855001645
4,z,8,"['z', 'z', 'z', 'x']",0.5,normal,100000,100000,40,77,0,1.0,0.00039999999999995595,16.59452246100409,4.7316944869817235
4,z,9,"['x', 'x', 'x', 'z']",1.0,normal,100000,32899,8326,16073,0,0.32899,0.2530776011428919,16.20383609898272,1.7814590310154017
4,z,9,"['x', 'x', 'x', 'z']",0.5,normal,100000,56596,7984,15653,0,0.56596,0.1410700402855325,50.06092949601589,9.585988465958508
4,z,10,"['z', 'x', 'x', 'z']",1.0,normal,100000,41790,1910,3499,0,0.4179,0.04570471404642262,54.74206216499442,4.371906653017504
4,z,10,"['z', 'x', 'x', 'z']",0.5,normal,100000,63878,787,1500,0,0.63878,0.012320360687560705,19.73765430500498,4.2575461420055944
4,z,11,"['x', 'z', 'x', 'z']",1.0,normal,100000,45118,1379,2602,0,0.45118,0.03056429806285743,17.10548432500218,2.781141748011578
4,z,11,"['x', 'z', 'x', 'z']",0.5,normal,100000,66682,557,1076,0,0.66682,0.008353078791877855,52.05622853100067,0.6921883840113878
4,z,12,"['z', 'z', 'x', 'z']",1.0,normal,100000,72856,92,173,0,0.72856,0.0012627649061162094,56.23349898899323,-21.555679953016806
4,z,12,"['z', 'z', 'x', 'z']",0.5,normal,100000,85221,12,21,0,0.85221,0.00014081036364277377,48.18872087498312,2.1053972660156433
4,z,13,"['x', 'x', 'z', 'z']",1.0,normal,100000,36330,602,1151,0,0.3633,0.016570327552986486,16.010095954989083,2.252958816010505
4,z,13,"['x', 'x', 'z', 'z']",0.5,normal,100000,60156,240,472,0,0.60156,0.003989626969878368,17.499046357988846,3.5952803720138036
4,z,14,"['z', 'x', 'z', 'z']",1.0,normal,100000,53558,10,18,0,0.53558,0.0001867134695097139,46.26167848301702,-20.806239397003083
4,z,14,"['z', 'x', 'z', 'z']",0.5,normal,100000,73223,0,0,0,0.73223,0.0,46.09093520900933,-22.887669014016865
4,z,15,"['x', 'z', 'z', 'z']",1.0,normal,100000,27380,2,3,0,0.2738,7.304601899194019e-05,15.020579379983246,3.621410760009894
4,z,15,"['x', 'z', 'z', 'z']",0.5,normal,100000,52631,0,0,0,0.52631,0.0,35.868768137996085,-23.397316988994135
4,z,16,"['z', 'z', 'z', 'z']",1.0,normal,100000,42267,0,0,0,0.42267,0.0,1.722534683009144,0.03850812400924042
4,z,16,"['z', 'z', 'z', 'z']",0.5,normal,100000,65163,0,0,0,0.65163,0.0,1.8156655060010962,0.005511322990059853
4,x,2,"['x', 'x', 'x', 'x']",1.0,m1,100000,29430,2,4,0,0.2943,6.795786612301402e-05,25.590300410985947,-7.674209656979656
4,x,2,"['x', 'x', 'x', 'x']",0.5,m1,100000,54457,0,1,0,0.54457,0.0,14.269111809990136,0.8202781410363968
4,x,3,"['z', 'x', 'x', 'x']",1.0,m1,100000,57068,4,7,0,0.57068,7.009182028461236e-05,20.453312947007362,1.4389652920071967
4,x,3,"['z', 'x', 'x', 'x']",0.5,m1,100000,75612,0,1,0,0.75612,0.0,10.75630392099265,0.9722592410107609
4,x,4,"['x', 'z', 'x', 'x']",1.0,m1,100000,30319,332,641,0,0.30319,0.010950229229196196,44.28443659399636,4.498484958021436
4,x,4,"['x', 'z', 'x', 'x']",0.5,m1,100000,55242,140,272,0,0.55242,0.002534303609572408,43.54520918999333,7.319618782988982
4,x,5,"['z', 'z', 'x', 'x']",1.0,m1,100000,35587,290,516,0,0.35587,0.008149043189928928,30.68264865700621,2.362324012996396
4,x,5,"['z', 'z', 'x', 'x']",0.5,m1,100000,45548,52,99,0,0.45548,0.0011416527619214634,6.30481223098468,0.8163393750146497
4,x,6,"['x', 'x', 'z', 'x']",1.0,m1,100000,33366,836,1599,0,0.33366,0.02505544566325002,46.26786767601152,5.416289829008747
4,x,6,"['x', 'x', 'z', 'x']",0.5,m1,100000,57579,379,724,0,0.57579,0.006582260893728598,17.413763217977248,3.4342976760235615
4,x,7,"['z', 'x', 'z', 'x']",1.0,m1,100000,52673,2374,4524,0,0.52673,0.045070529493288825,18.460984848003136,7.652481780998642
4,x,7,"['z', 'x', 'z', 'x']",0.5,m1,100000,72133,902,1757,0,0.72133,0.012504678857111151,41.86435491399607,6.799344949016813
4,x,8,"['x', 'z', 'z', 'x']",1.0,m1,100000,35609,8965,17396,0,0.35609,0.2517621949507147,46.70246154401684,6.144994743983261
4,x,8,"['x', 'z', 'z', 'x']",0.5,m1,100000,58700,8128,15961,0,0.587,0.1384667802385009,43.29389070000616,16.95337076400756
4,x,9,"['z', 'z', 'z', 'x']",1.0,m1,100000,100000,61,110,0,1.0,0.0006099999999999994,4.664353846979793,1.227170741010923
4,x,9,"['z', 'z', 'z', 'x']",0.5,m1,100000,100000,5,8,0,1.0,4.999999999999449e-05,0.9576663610059768,0.2574019969906658
4,x,10,"['x', 'x', 'x', 'z']",1.0,m1,100000,31623,852,1572,0,0.31623,0.02694241533061381,15.641606960998615,1.8425254260073416
4,x,10,"['x', 'x', 'x', 'z']",0.5,m1,100000,55218,394,756,0,0.55218,0.007135354413415951,49.53784605200053,9.36815016399487
4,x,11,"['z', 'x', 'x', 'z']",1.0,m1,100000,60268,2376,4195,0,0.60268,0.03942390655074002,19.656167692010058,4.102492745994823
4,x,11,"['z', 'x', 'x', 'z']",0.5,m1,100000,77314,823,1544,0,0.77314,0.010644902604961537,57.735643680993235,12.538313329016091
4,x,12,"['x', 'z', 'x', 'z']",1.0,m1,100000,35068,8743,16290,0,0.35068,0.24931561537584124,16.21840073398198,2.5719430900353473
4,x,12,"['x', 'z', 'x', 'z']",0.5,m1,100000,58671,8191,15754,0,0.58671,0.13960900615295457,50.535407459014095,9.878398217988433
4,x,13,"['z', 'z', 'x', 'z']",1.0,m1,100000,76067,2524,4361,0,0.76067,0.03318127440282903,50.39564570598304,10.12065815902315
4,x,13,"['z', 'z', 'x', 'z']",0.5,m1,100000,87241,823,1512,0,0.87241,0.00943363785376139,43.54387518300791,10.027107640984468
4,x,14,"['x', 'x', 'z', 'z']",1.0,m1,100000,43617,10900,19289,0,0.43617,0.2499025609280785,37.65625109701068,17.924171272985404
4,x,14,"['x', 'x', 'z', 'z']",0.5,m1,100000,66084,9466,17658,0,0.66084,0.14324193450759637,17.955583139992086,4.319056353007909
4,x,15,"['z', 'x', 'z', 'z']",1.0,m1,100000,55022,12911,19814,0,0.55022,0.23465159390789136,19.439626534993295,4.135754340997664
4,x,15,"['z', 'x', 'z', 'z']",0.5,m1,100000,74307,9836,17109,0,0.74307,0.132369763279368,57.154909507982666,12.763200277026044
4,x,16,"['x', 'z', 'z', 'z']",1.0,m1,100000,36343,12847,0,0,0.36343,0.35349310733841455,47.6248689009808,-15.72961468397989
4,x,16,"['x', 'z', 'z', 'z']",0.5,m1,100000,60659,13684,0,0,0.60659,0.22558894805387497,17.800928668992128,3.9209034130035434
4,z,2,"['z', 'x', 'x', 'x']",1.0,m1,100000,57068,12876,19869,0,0.57068,0.22562556949603985,19.421296232001623,4.088904759002617
4,z,2,"['z', 'x', 'x', 'x']",0.5,m1,100000,75612,9566,16657,0,0.75612,0.1265143098978998,57.37144698298653,13.063111230003415
4,z,3,"['x', 'z', 'x', 'x']",1.0,m1,100000,30319,6975,12386,0,0.30319,0.23005376166760116,45.550667029980104,5.410031725012232
4,z,3,"['x', 'z', 'x', 'x']",0.5,m1,100000,55242,7142,13372,0,0.55242,0.1292856884254734,19.442462123988662,39.5714610190189
4,z,4,"['z', 'z', 'x', 'x']",1.0,m1,100000,35587,4704,6963,0,0.35587,0.13218310057043303,56.92799841001397,5.862421582976822
4,z,4,"['z', 'z', 'x', 'x']",0.5,m1,100000,45548,2646,4544,0,0.45548,0.058092561693158906,54.591220968985,7.168283283011988
4,z,5,"['x', 'x', 'z', 'x']",1.0,m1,100000,33366,7780,14842,0,0.33366,0.23317149193790088,16.250505731994053,2.057792589010205
4,z,5,"['x', 'x', 'z', 'x']",0.5,m1,100000,57579,7492,14615,0,0.57579,0.13011688289133194,50.45477951300563,10.234528967004735
4,z,6,"['z', 'x', 'z', 'x']",1.0,m1,100000,52673,2626,4619,0,0.52673,0.04985476430049551,56.67801797998254,8.980513114016503
4,z,6,"['z', 'x', 'z', 'x']",0.5,m1,100000,72133,1031,1952,0,0.72133,0.014293042019602686,19.859593175002374,4.774782609980321
4,z,7,"['x', 'z', 'z', 'x']",1.0,m1,100000,35609,1160,2090,0,0.35609,0.032576034148670274,16.726656546001323,2.0651067070139106
4,z,7,"['x', 'z', 'z', 'x']",0.5,m1,100000,58700,514,971,0,0.587,0.008756388415672944,50.85471024501021,-1.0208551000105217
4,z,8,"['z', 'z', 'z', 'x']",1.0,m1,100000,100000,52,99,0,1.0,0.0005199999999999649,1.5981637969962321,0.4769950149930082
4,z,8,"['z', 'z', 'z', 'x']",0.5,m1,100000,100000,3,6,0,1.0,2.999999999997449e-05,0.9775361840147525,2.529082669992931
4,z,9,"['x', 'x', 'x', 'z']",1.0,m1,100000,31623,7564,14599,0,0.31623,0.23919299244220982,15.57871543301735,2.103623788978439
4,z,9,"['x', 'x', 'x', 'z']",0.5,m1,100000,55218,7050,13837,0,0.55218,0.12767575790503094,17.185785034002038,3.3975785929942504
4,z,10,"['z', 'x', 'x', 'z']",1.0,m1,100000,60268,1996,3810,0,0.60268,0.03311873631114359,53.65250499799731,-7.68533791298978
4,z,10,"['z', 'x', 'x', 'z']",0.5,m1,100000,77314,674,1312,0,0.77314,0.008717696665545671,46.85868692700751,-7.816401986026904
4,z,11,"['x', 'z', 'x', 'z']",1.0,m1,100000,35068,815,1544,0,0.35068,0.023240561195391862,46.52410231201793,-18.926801151013933
4,z,11,"['x', 'z', 'x', 'z']",0.5,m1,100000,58671,364,693,0,0.58671,0.006204087198104724,17.429160298983334,3.5242170410056133
4,z,12,"['z', 'z', 'x', 'z']",1.0,m1,100000,76067,12,22,0,0.76067,0.0001577556627709864,4.4679493510047905,0.6383744580089115
4,z,12,"['z', 'z', 'x', 'z']",0.5,m1,100000,87241,0,0,0,0.87241,0.0,6.916570414992748,0.9607632300176192
4,z,13,"['x', 'x', 'z', 'z']",1.0,m1,100000,43617,679,1284,0,0.43617,0.015567324666987625,37.45197939002537,-16.677431833028095
4,z,13,"['x', 'x', 'z', 'z']",0.5,m1,100000,66084,270,531,0,0.66084,0.004085709097512269,42.31243257899769,-24.35082686698297
4,z,14,"['z', 'x', 'z', 'z']",1.0,m1,100000,55022,8,13,0,0.55022,0.00014539638689980983,7.338691440003458,0.6916773339908104
4,z,14,"['z', 'x', 'z', 'z']",0.5,m1,100000,74307,0,0,0,0.74307,0.0,11.238037931005238,0.7404401510138996
4,z,15,"['x', 'z', 'z', 'z']",1.0,m1,100000,36343,3,6,0,0.36343,8.25468453347078e-05,23.112040012987563,-2.488548355991952
4,z,15,"['x', 'z', 'z', 'z']",0.5,m1,100000,60659,0,0,0,0.60659,0.0,4.564686010009609,0.32073750099516474
4,z,16,"['z', 'z', 'z', 'z']",1.0,m1,100000,28841,0,0,0,0.28841,0.0,2.7429968570068013,-0.03534766202210449
4,z,16,"['z', 'z', 'z', 'z']",0.5,m1,100000,54013,0,0,0,0.54013,0.0,0.9695301409810781,-0.010678569000447169
4,x,2,"['x', 'x', 'x', 'x']",1.0,m2,100000,29430,2,4,30388,0.42277193587312534,6.795786612301402e-05,17.501145673013525,0.9813780759868678
4,x,2,"['x', 'x', 'x', 'x']",0.5,m2,100000,54457,0,1,16708,0.6538082889113,0.0,10.864948595990427,0.8689889849920291
4,x,3,"['z', 'x', 'x', 'x']",1.0,m2,100000,57068,4,7,23676,0.7477071432314868,7.009182028461236e-05,12.344031111017102,1.4313991099770647
4,x,3,"['z', 'x', 'x', 'x']",0.5,m2,100000,75612,0,1,12781,0.8669211983627421,0.0,2.455429770023329,0.37598912697285414
4,x,4,"['x', 'z', 'x', 'x']",1.0,m2,100000,30319,332,641,31531,0.4428135360528122,0.010950229229196196,34.61633057202562,4.868969274975825
4,x,4,"['x', 'z', 'x', 'x']",0.5,m2,100000,55242,140,272,17394,0.6687407694356342,0.002534303609572408,38.17889924600604,7.391432728996733
4,x,5,"['z', 'z', 'x', 'x']",1.0,m2,100000,35587,290,516,64413,1.0,0.008149043189928928,8.268740116007393,2.2360042729997076
4,x,5,"['z', 'z', 'x', 'x']",0.5,m2,100000,45548,52,99,54452,1.0,0.0011416527619214634,5.908130507013993,1.588090425968403
4,x,6,"['x', 'x', 'z', 'x']",1.0,m2,100000,33366,836,1599,28112,0.46413866013799243,0.02505544566325002,13.134883513994282,2.044702066021273
4,x,6,"['x', 'x', 'z', 'x']",0.5,m2,100000,57579,379,724,15267,0.6795345379014079,0.006582260893728598,45.077985033014556,9.270496754994383
4,x,7,"['z', 'x', 'z', 'x']",1.0,m2,100000,52673,2374,4524,27246,0.7239876845259368,0.045070529493288825,13.973656878981274,3.2693587240064517
4,x,7,"['z', 'x', 'z', 'x']",0.5,m2,100000,72133,902,1757,14868,0.8473077103791758,0.012504678857111151,41.322646858985536,9.20551184398937
4,x,8,"['x', 'z', 'z', 'x']",1.0,m2,100000,35609,8965,17396,27116,0.4885708797541298,0.2517621949507147,38.01773513999069,6.07506399002159
4,x,8,"['x', 'z', 'z', 'x']",0.5,m2,100000,58700,8128,15961,14816,0.6890965439519159,0.1384667802385009,45.61435844498919,9.78719425899908
4,x,9,"['z', 'z', 'z', 'x']",1.0,m2,100000,100000,61,110,0,1.0,0.0006099999999999994,4.6665052530006506,1.250334001990268
4,x,9,"['z', 'z', 'z', 'x']",0.5,m2,100000,100000,5,8,0,1.0,4.999999999999449e-05,0.9272958940127864,0.319151214993326
4,x,10,"['x', 'x', 'x', 'z']",1.0,m2,100000,31623,852,1572,30567,0.45544625754324314,0.02694241533061381,12.489710984023986,1.8536279629915953
4,x,10,"['x', 'x', 'x', 'z']",0.5,m2,100000,55218,394,756,16780,0.6635183850036049,0.007135354413415951,44.493293812993215,-12.064707613986684
4,x,11,"['z', 'x', 'x', 'z']",1.0,m2,100000,60268,2376,4195,21472,0.7674714751426243,0.03942390655074002,16.052994104014942,4.085001991974423
4,x,11,"['z', 'x', 'x', 'z']",0.5,m2,100000,77314,823,1544,11411,0.8727268622515211,0.010644902604961537,52.05506437999429,-21.494551491981838
4,x,12,"['x', 'z', 'x', 'z']",1.0,m2,100000,35068,8743,16290,27256,0.4820741229517211,0.24931561537584124,13.182741986995097,2.394226650998462
4,x,12,"['x', 'z', 'x', 'z']",0.5,m2,100000,58671,8191,15754,14951,0.6898493809451023,0.13960900615295457,16.077848714980064,22.048405836016173
4,x,13,"['z', 'z', 'x', 'z']",1.0,m2,100000,76067,2524,4361,23933,1.0,0.03318127440282903,36.4307398450037,10.25722586599295
4,x,13,"['z', 'z', 'x', 'z']",0.5,m2,100000,87241,823,1512,12759,1.0,0.00943363785376139,35.99419770800159,10.017875321995234
4,x,14,"['x', 'x', 'z', 'z']",1.0,m2,100000,43617,10900,19289,21976,0.559020301445709,0.2499025609280785,17.433272468013456,31.626397034997353
4,x,14,"['x', 'x', 'z', 'z']",0.5,m2,100000,66084,9466,17658,11716,0.7485388065787685,0.14324193450759637,47.94831439200789,-2.9782990789972246
4,x,15,"['z', 'x', 'z', 'z']",1.0,m2,100000,55022,12911,19814,24927,0.7329132977235491,0.23465159390789136,44.25295712699881,9.374741816980531
4,x,15,"['z', 'x', 'z', 'z']",0.5,m2,100000,74307,9836,17109,13292,0.8569797481201273,0.132369763279368,51.02039750802214,12.544584884977667
4,x,16,"['x', 'z', 'z', 'z']",1.0,m2,100000,36343,12847,0,27197,0.49919646168427123,0.35349310733841455,13.472850357997231,15.43735885800561
4,x,16,"['x', 'z', 'z', 'z']",0.5,m2,100000,60659,13684,0,14735,0.7114173459215387,0.22558894805387497,16.036674741015304,3.9778112399799284
4,z,2,"['z', 'x', 'x', 'x']",1.0,m2,100000,57068,12876,19869,23676,0.7477071432314868,0.22562556949603985,45.27688964601839,9.807196686975658
4,z,2,"['z', 'x', 'x', 'x']",0.5,m2,100000,75612,9566,16657,12781,0.8669211983627421,0.1265143098978998,23.101859367016004,-0.22842917902744375
4,z,3,"['x', 'z', 'x', 'x']",1.0,m2,100000,30319,6975,12386,31531,0.4428135360528122,0.23005376166760116,35.49608576699393,5.3982113460078835
4,z,3,"['x', 'z', 'x', 'x']",0.5,m2,100000,55242,7142,13372,17394,0.6687407694356342,0.1292856884254734,44.961131418007426,1.751027566002449
4,z,4,"['z', 'z', 'x', 'x']",1.0,m2,100000,35587,4704,6963,64413,1.0,0.13218310057043303,6.892031154013239,2.2619055759860203
4,z,4,"['z', 'z', 'x', 'x']",0.5,m2,100000,45548,2646,4544,54452,1.0,0.058092561693158906,24.39233636201243,6.933726729999762
4,z,5,"['x', 'x', 'z', 'x']",1.0,m2,100000,33366,7780,14842,28112,0.46413866013799243,0.23317149193790088,37.585117499984335,5.794511633022921
4,z,5,"['x', 'x', 'z', 'x']",0.5,m2,100000,57579,7492,14615,15267,0.6795345379014079,0.13011688289133194,15.883869743003743,3.678015676996438
4,z,6,"['z', 'x', 'z', 'x']",1.0,m2,100000,52673,2626,4619,27246,0.7239876845259368,0.04985476430049551,21.631648933980614,30.360865273018135
4,z,6,"['z', 'x', 'z', 'x']",0.5,m2,100000,72133,1031,1952,14868,0.8473077103791758,0.014293042019602686,17.53323224899941,4.48355859000003
4,z,7,"['x', 'z', 'z', 'x']",1.0,m2,100000,35609,1160,2090,27116,0.4885708797541298,0.032576034148670274,37.87211114002275,5.762161496997578
4,z,7,"['x', 'z', 'z', 'x']",0.5,m2,100000,58700,514,971,14816,0.6890965439519159,0.008756388415672944,15.989339246996678,20.664572614012286
4,z,8,"['z', 'z', 'z', 'x']",1.0,m2,100000,100000,52,99,0,1.0,0.0005199999999999649,4.604862690001028,1.241082918975735
4,z,8,"['z', 'z', 'z', 'x']",0.5,m2,100000,100000,3,6,0,1.0,2.999999999997449e-05,2.6983768439968117,0.7621284229971934
4,z,9,"['x', 'x', 'x', 'z']",1.0,m2,100000,31623,7564,14599,30567,0.45544625754324314,0.23919299244220982,19.4900259639835,-5.056647649995284
4,z,9,"['x', 'x', 'x', 'z']",0.5,m2,100000,55218,7050,13837,16780,0.6635183850036049,0.12767575790503094,44.21151240999461,-8.498310087976279
4,z,10,"['z', 'x', 'x', 'z']",1.0,m2,100000,60268,1996,3810,21472,0.7674714751426243,0.03311873631114359,42.481071389018325,-17.54756714400719
4,z,10,"['z', 'x', 'x', 'z']",0.5,m2,100000,77314,674,1312,11411,0.8727268622515211,0.008717696665545671,40.904562488984084,-3.5463191070011817
4,z,11,"['x', 'z', 'x', 'z']",1.0,m2,100000,35068,815,1544,27256,0.4820741229517211,0.023240561195391862,13.21323317202041,10.191086935985368
4,z,11,"['x', 'z', 'x', 'z']",0.5,m2,100000,58671,364,693,14951,0.6898493809451023,0.006204087198104724,36.65561891399557,-10.549397576018237
4,z,12,"['z', 'z', 'x', 'z']",1.0,m2,100000,76067,12,22,23933,1.0,0.0001577556627709864,5.718060695013264,1.5545350019820035
4,z,12,"['z', 'z', 'x', 'z']",0.5,m2,100000,87241,0,0,12759,1.0,0.0,3.5326020529901143,0.9659972469962668
4,z,13,"['x', 'x', 'z', 'z']",1.0,m2,100000,43617,679,1284,21976,0.559020301445709,0.015567324666987625,31.840978455002187,-16.230244968028273
4,z,13,"['x', 'x', 'z', 'z']",0.5,m2,100000,66084,270,531,11716,0.7485388065787685,0.004085709097512269,30.920369972998742,-13.20312108899816
4,z,14,"['z', 'x', 'z', 'z']",1.0,m2,100000,55022,8,13,24927,0.7329132977235491,0.00014539638689980983,4.441653526999289,0.6135616689862218
4,z,14,"['z', 'x', 'z', 'z']",0.5,m2,100000,74307,0,0,13292,0.8569797481201273,0.0,3.5294903830217663,-0.5147303480189294
4,z,15,"['x', 'z', 'z', 'z']",1.0,m2,100000,36343,3,6,27197,0.49919646168427123,8.25468453347078e-05,5.763875227974495,0.2552349970501382
4,z,15,"['x', 'z', 'z', 'z']",0.5,m2,100000,60659,0,0,14735,0.7114173459215387,0.0,6.427293450018624,-2.1738512740121223
4,z,16,"['z', 'z', 'z', 'z']",1.0,m2,100000,28841,0,0,34176,0.43815325717063686,0.0,1.3927633359853644,0.013642059988342226
4,z,16,"['z', 'z', 'z', 'z']",0.5,m2,100000,54013,0,0,19231,0.6687342916217855,0.0,0.5392645239771809,0.011308028042549267
3,x,2,"['x', 'x', 'x']",0.1,normal,100000,95668,3,6,0,0.95668,3.135844796586795e-05,0.7302607129968237,0.2278424350079149
3,x,3,"['z', 'x', 'x']",0.1,normal,100000,98686,6,13,0,0.98686,6.0798897513314465e-05,0.6471520409977529,0.1970613349985797
3,x,4,"['x', 'z', 'x']",0.1,normal,100000,95484,912,1821,0,0.95484,0.009551338444137247,2.1941056179930456,0.3123516820196528
3,x,5,"['z', 'z', 'x']",0.1,normal,100000,100000,14,27,0,1.0,0.000140000000000029,0.2657447899982799,0.18209695600671694
3,x,6,"['x', 'x', 'z']",0.1,normal,100000,96441,1626,3230,0,0.96441,0.01686004914922079,1.8974029080127366,0.41633574999286793
3,x,7,"['z', 'x', 'z']",0.1,normal,100000,99291,1283,2540,0,0.99291,0.012921614244997048,1.9589056609838735,-0.3840436889731791
3,x,8,"['x', 'z', 'z']",0.1,normal,100000,97304,2782,0,0,0.97304,0.028590808188769246,3.2074795390071813,-0.9682665209984407
3,z,2,"['z', 'x', 'x']",0.1,normal,100000,98686,1010,2011,0,0.98686,0.010234481081409674,1.987170285981847,0.2869789550313726
3,z,3,"['x', 'z', 'x']",0.1,normal,100000,95484,946,1881,0,0.95484,0.009907419044028365,4.4940657220140565,-2.7248089910135604
3,z,4,"['z', 'z', 'x']",0.1,normal,100000,100000,6,11,0,1.0,5.999999999994898e-05,0.0791875850118231,0.03892116298084147
3,z,5,"['x', 'x', 'z']",0.1,normal,100000,96441,1578,3153,0,0.96441,0.016362335521199478,0.8492826239962596,0.21343615499790758
3,z,6,"['z', 'x', 'z']",0.1,normal,100000,99291,6,12,0,0.99291,6.042843762277261e-05,0.585892568982672,0.13033887703204527
3,z,7,"['x', 'z', 'z']",0.1,normal,100000,97304,2,5,0,0.97304,2.055413960366792e-05,0.6826171530119609,0.04957202298101038
3,z,8,"['z', 'z', 'z']",0.1,normal,100000,96042,0,0,0,0.96042,0.0,0.02490926900645718,0.0018844939768314362
3,x,2,"['x', 'x', 'x']",0.1,m1,100000,96305,4,9,0,0.96305,4.153470743994969e-05,0.09073158397222869,0.026119543035747483
3,x,3,"['z', 'x', 'x']",0.1,m1,100000,98751,2,5,0,0.98751,2.025295946372907e-05,0.022207656991668046,0.0025000580062624067
3,x,4,"['x', 'z', 'x']",0.1,m1,100000,97538,1318,2625,0,0.97538,0.013512682236666684,0.4203826629964169,-0.13812644098652527
3,x,5,"['z', 'z', 'x']",0.1,m1,100000,100000,6,12,0,1.0,5.999999999994898e-05,0.01897509497939609,0.004998595017241314
3,x,6,"['x', 'x', 'z']",0.1,m1,100000,96658,1714,3411,0,0.96658,0.017732624304247935,0.7896222829876933,-0.3481369559885934
3,x,7,"['z', 'x', 'z']",0.1,m1,100000,98490,772,1531,0,0.9849,0.007838359224286773,0.2540363680163864,-0.10593851702287793
3,x,8,"['x', 'z', 'z']",0.1,m1,100000,96303,2327,0,0,0.96303,0.024163317861333522,0.6357005729805678,-0.25710294299642555
3,z,2,"['z', 'x', 'x']",0.1,m1,100000,98841,808,1606,0,0.98841,0.008174745298003883,0.1992384530021809,-0.05511847502202727
3,z,3,"['x', 'z', 'x']",0.1,m1,100000,97538,1325,2636,0,0.97538,0.013584449137771903,0.8989145740051754,-0.4448830870096572
3,z,4,"['z', 'z', 'x']",0.1,m1,100000,100000,7,14,0,1.0,7.00000000000145e-05,0.00795288200606592,0.0016931779973674566
3,z,5,"['x', 'x', 'z']",0.1,m1,100000,96658,1620,3235,0,0.96658,0.0167601233214012,0.23802058599540032,0.497790196997812
3,z,6,"['z', 'x', 'z']",0.1,m1,100000,99001,6,11,0,0.99001,6.060544842978466e-05,0.06297937800991349,0.017577805992914364
3,z,7,"['x', 'z', 'z']",0.1,m1,100000,96303,6,11,0,0.96303,6.230335503565332e-05,0.03289223898900673,0.015300234023015946
3,z,8,"['z', 'z', 'z']",0.1,m1,100000,96178,0,0,0,0.96178,0.0,0.005949186015641317,0.00112021598033607
3,x,2,"['x', 'x', 'x']",0.1,m2,100000,96305,4,9,1817,0.9808724524612203,4.153470743994969e-05,0.06898323801578954,0.021729212981881574
3,x,3,"['z', 'x', 'x']",0.1,m2,100000,98751,2,5,1249,1.0,2.025295946372907e-05,0.03298049597651698,0.012366276030661538
3,x,4,"['x', 'z', 'x']",0.1,m2,100000,97538,1318,2625,1209,0.9873166584000567,0.013512682236666684,0.18307711600209586,0.06055063201347366
3,x,5,"['z', 'z', 'x']",0.1,m2,100000,100000,6,12,0,1.0,5.999999999994898e-05,0.020166846021311358,0.005388437974033877
3,x,6,"['x', 'x', 'z']",0.1,m2,100000,96658,1714,3411,1697,0.9832660244346562,0.017732624304247935,0.603067440999439,-0.21876254500239156
3,x,7,"['z', 'x', 'z']",0.1,m2,100000,98490,772,1531,1510,1.0,0.007838359224286773,0.1744301919825375,0.0840362340095453
3,x,8,"['x', 'z', 'z']",0.1,m2,100000,96303,2327,0,1794,0.9806223652322669,0.024163317861333522,0.46736046398291364,-0.14780312197399326
3,z,2,"['z', 'x', 'x']",0.1,m2,100000,98841,808,1606,1159,1.0,0.008174745298003883,0.1741310150246136,0.08294475797447376
3,z,3,"['x', 'z', 'x']",0.1,m2,100000,97538,1325,2636,1209,0.9873166584000567,0.013584449137771903,0.4937832549912855,0.09441100899130106
3,z,4,"['z', 'z', 'x']",0.1,m2,100000,100000,7,14,0,1.0,7.00000000000145e-05,0.020846542000072077,0.005698867986211553
3,z,5,"['x', 'x', 'z']",0.1,m2,100000,96658,1620,3235,1697,0.9832660244346562,0.0167601233214012,0.4308495339937508,-0.017642946972046047
3,z,6,"['z', 'x', 'z']",0.1,m2,100000,99001,6,11,999,1.0,6.060544842978466e-05,0.03580153299844824,0.013762106013018638
3,z,7,"['x', 'z', 'z']",0.1,m2,100000,96303,6,11,1794,0.9806223652322669,6.230335503565332e-05,0.07689860201207921,-0.038291878008749336
3,z,8,"['z', 'z', 'z']",0.1,m2,100000,96178,0,0,1974,0.981147858731357,0.0,0.010335758997825906,0.0012318530061747879
4,x,2,"['x', 'x', 'x', 'x']",0.1,normal,100000,91524,0,0,0,0.91524,0.0,33.79343734498252,8.677788911008975
4,x,3,"['z', 'x', 'x', 'x']",0.1,normal,100000,92607,0,0,0,0.92607,0.0,23.52580479098833,20.445173529995373
4,x,4,"['x', 'z', 'x', 'x']",0.1,normal,100000,90842,15,30,0,0.90842,0.00016512185993267092,26.362486424011877,32.437989338999614
4,x,5,"['z', 'z', 'x', 'x']",0.1,normal,100000,82454,0,0,0,0.82454,0.0,22.62500213700696,-0.39403830701485276
4,x,6,"['x', 'x', 'z', 'x']",0.1,normal,100000,88807,20,40,0,0.88807,0.00022520747238397032,54.72938393702498,14.761704699980328
4,x,7,"['z', 'x', 'z', 'x']",0.1,normal,100000,94832,67,134,0,0.94832,0.0007065125695967511,33.31580890598707,-5.525043597997865
4,x,8,"['x', 'z', 'z', 'x']",0.1,normal,100000,91133,2636,5207,0,0.91133,0.028924758320257205,55.33643378599663,15.8634111629799
4,x,9,"['z', 'z', 'z', 'x']",0.1,normal,100000,100000,0,0,0,1.0,0.0,33.359599514020374,2.448591887980001
4,x,10,"['x', 'x', 'x', 'z']",0.1,normal,100000,88959,33,64,0,0.88959,0.00037095740734494065,42.057196627982194,27.482736872014357
4,x,11,"['z', 'x', 'x', 'z']",0.1,normal,100000,94242,47,94,0,0.94242,0.0004987160713906258,56.033391409000615,19.560858258977532
4,x,12,"['x', 'z', 'x', 'z']",0.1,normal,100000,88169,2510,4998,0,0.88169,0.028468055665823555,19.539045668992912,6.65922299399972
4,x,13,"['z', 'z', 'x', 'z']",0.1,normal,100000,85908,366,702,0,0.85908,0.004260371560273812,31.092698437016224,-4.044992241018917
4,x,14,"['x', 'x', 'z', 'z']",0.1,normal,100000,89923,2453,4856,0,0.89923,0.02727889416500784,54.861860434000846,15.676060825004242
4,x,15,"['z', 'x', 'z', 'z']",0.1,normal,100000,95307,3221,6230,0,0.95307,0.03379604855886764,48.31525154100382,28.379235211992636
4,x,16,"['x', 'z', 'z', 'z']",0.1,normal,100000,86901,7090,0,0,0.86901,0.08158709335910974,47.822238711989485,-21.09481578398845
4,z,2,"['z', 'x', 'x', 'x']",0.1,normal,100000,93670,2584,5051,0,0.9367,0.02758620689655178,55.78020157798892,-27.971042421006132
4,z,3,"['x', 'z', 'x', 'x']",0.1,normal,100000,90842,2934,5799,0,0.90842,0.03229783580282253,19.67387845600024,33.510174989001825
4,z,4,"['z', 'z', 'x', 'x']",0.1,normal,100000,82454,206,397,0,0.82454,0.0024983627234579364,59.79038384501473,-3.3009401870076545
4,z,5,"['x', 'x', 'z', 'x']",0.1,normal,100000,88807,2472,4919,0,0.88807,0.027835643586654246,20.16949749700143,11.058963895018678
4,z,6,"['z', 'x', 'z', 'x']",0.1,normal,100000,94832,74,147,0,0.94832,0.000780327315674012,60.00661976300762,-2.889365954004461
4,z,7,"['x', 'z', 'z', 'x']",0.1,normal,100000,91133,32,63,0,0.91133,0.00035113515411544505,55.485626804002095,-8.013431843020953
4,z,8,"['z', 'z', 'z', 'x']",0.1,normal,100000,100000,0,0,0,1.0,0.0,35.39988000199082,9.567827065009624
4,z,9,"['x', 'x', 'x', 'z']",0.1,normal,100000,88959,2602,5185,0,0.88959,0.029249429512472003,55.024195320991566,-4.337126439990243
4,z,10,"['z', 'x', 'x', 'z']",0.1,normal,100000,94242,53,106,0,0.94242,0.0005623819528448593,59.060508291004226,-24.69087973498972
4,z,11,"['x', 'z', 'x', 'z']",0.1,normal,100000,88169,26,53,0,0.88169,0.0002948882260205288,19.486797432997264,6.683980292989872
4,z,12,"['z', 'z', 'x', 'z']",0.1,normal,100000,85908,0,0,0,0.85908,0.0,14.239609220006969,3.6587654929899145
4,z,13,"['x', 'x', 'z', 'z']",0.1,normal,100000,89923,15,30,0,0.89923,0.00016680938135960055,42.79960350698093,-18.152044390997617
4,z,14,"['z', 'x', 'z', 'z']",0.1,normal,100000,95307,0,0,0,0.95307,0.0,33.92217025102582,-18.093952011025976
4,z,15,"['x', 'z', 'z', 'z']",0.1,normal,100000,86901,0,0,0,0.86901,0.0,12.223704656993505,5.198642363015097
4,z,16,"['z', 'z', 'z', 'z']",0.1,normal,100000,85414,0,0,0,0.85414,0.0,0.4300318360037636,0.008902284986106679
4,x,2,"['x', 'x', 'x', 'x']",0.1,m1,100000,88903,0,0,0,0.88903,0.0,1.7002271579985972,0.2199570910015609
4,x,3,"['z', 'x', 'x', 'x']",0.1,m1,100000,92707,0,0,0,0.92707,0.0,3.674361178011168,0.5025616209895816
4,x,4,"['x', 'z', 'x', 'x']",0.1,m1,100000,89552,14,27,0,0.89552,0.0001563337502232809,34.728282208001474,8.553665676008677
4,x,5,"['z', 'z', 'x', 'x']",0.1,m1,100000,97447,0,0,0,0.97447,0.0,2.6392548409930896,0.5895972370053641
4,x,6,"['x', 'x', 'z', 'x']",0.1,m1,100000,87804,16,33,0,0.87804,0.00018222404446266438,19.07082345400704,5.06207659401116
4,x,7,"['z', 'x', 'z', 'x']",0.1,m1,100000,94788,33,66,0,0.94788,0.000348145334852501,35.257541817001766,8.97590348898666
4,x,8,"['x', 'z', 'z', 'x']",0.1,m1,100000,89915,2993,5944,0,0.89915,0.03328699327142304,53.31280854999204,14.590334998007165
4,x,9,"['z', 'z', 'z', 'x']",0.1,m1,100000,100000,0,0,0,1.0,0.0,1.1734211619768757,0.4857989950105548
4,x,10,"['x', 'x', 'x', 'z']",0.1,m1,100000,86981,44,88,0,0.86981,0.0005058576010853466,54.0189111350046,14.128005131002283
4,x,11,"['z', 'x', 'x', 'z']",0.1,m1,100000,94234,38,75,0,0.94234,0.00040325148035735836,57.57755280000856,14.98169145200518
4,x,12,"['x', 'z', 'x', 'z']",0.1,m1,100000,84256,2434,4839,0,0.84256,0.028888150398784673,54.26783445698675,14.341601149004418
4,x,13,"['z', 'z', 'x', 'z']",0.1,m1,100000,94533,121,238,0,0.94533,0.0012799763045708845,24.42727457001456,-7.65797947201645
4,x,14,"['x', 'x', 'z', 'z']",0.1,m1,100000,91054,2486,4924,0,0.91054,0.02730247984712364,54.93727800800116,15.816023833001964
4,x,15,"['z', 'x', 'z', 'z']",0.1,m1,100000,95148,3204,6202,0,0.95148,0.033673855467272085,26.67612641499727,40.122722991975024
4,x,16,"['x', 'z', 'z', 'z']",0.1,m1,100000,90135,5582,0,0,0.90135,0.0619293282298774,19.52955373498844,5.957552922016475
4,z,2,"['z', 'x', 'x', 'x']",0.1,m1,100000,92707,2182,4279,0,0.92707,0.023536518278015728,23.33388040200225,3.2187584149942268
4,z,3,"['x', 'z', 'x', 'x']",0.1,m1,100000,89552,2947,5828,0,0.89552,0.03290825442201184,55.60190101599437,-10.302551719010808
4,z,4,"['z', 'z', 'x', 'x']",0.1,m1,100000,97279,52,105,0,0.97279,0.0005345449685955073,34.14668504099245,-3.016973762976704
4,z,5,"['x', 'x', 'z', 'x']",0.1,m1,100000,87804,2468,4900,0,0.87804,0.028108058858366314,19.517851973010693,19.135358800995164
4,z,6,"['z', 'x', 'z', 'x']",0.1,m1,100000,94788,48,95,0,0.94788,0.0005063932143308802,20.966966249980032,17.541482260014163
4,z,7,"['x', 'z', 'z', 'x']",0.1,m1,100000,89915,40,77,0,0.89915,0.00044486459433912273,31.46667914002319,11.86019740899792
4,z,8,"['z', 'z', 'z', 'x']",0.1,m1,100000,100000,0,0,0,1.0,0.0,1.286671623995062,0.3236337209818885
4,z,9,"['x', 'x', 'x', 'z']",0.1,m1,100000,86981,2691,5358,0,0.86981,0.03093779101183014,33.24750550999306,-9.218164018995594
4,z,10,"['z', 'x', 'x', 'z']",0.1,m1,100000,94234,30,59,0,0.94234,0.00031835643186106655,33.463164816988865,-6.9657071639667265
4,z,11,"['x', 'z', 'x', 'z']",0.1,m1,100000,84256,20,40,0,0.84256,0.0002373718192175689,37.13308816499193,-10.096292050991906
4,z,12,"['z', 'z', 'x', 'z']",0.1,m1,100000,94533,0,0,0,0.94533,0.0,3.560115387022961,-0.1696760120394174
4,z,13,"['x', 'x', 'z', 'z']",0.1,m1,100000,91054,15,30,0,0.91054,0.00016473740857070318,22.87350907101063,-9.933234203024767
4,z,14,"['z', 'x', 'z', 'z']",0.1,m1,100000,95148,0,0,0,0.95148,0.0,1.2467631479958072,0.21166773702134378
4,z,15,"['x', 'z', 'z', 'z']",0.1,m1,100000,90135,0,0,0,0.90135,0.0,1.6358248869946692,0.1594925100216642
4,z,16,"['z', 'z', 'z', 'z']",0.1,m1,100000,88743,0,0,0,0.88743,0.0,0.12248362597892992,0.0018522680329624563
4,x,2,"['x', 'x', 'x', 'x']",0.1,m2,100000,88903,0,0,3482,0.9211027994778176,0.0,3.8380949170095846,0.7130941479699686
4,x,3,"['z', 'x', 'x', 'x']",0.1,m2,100000,92707,0,0,3531,0.9610030165130767,0.0,2.494283826003084,0.7280033889983315
4,x,4,"['x', 'z', 'x', 'x']",0.1,m2,100000,89552,14,27,3359,0.9266460405004088,0.0001563337502232809,33.29194141901098,8.547679265000625
4,x,5,"['z', 'z', 'x', 'x']",0.1,m2,100000,97447,0,0,2553,1.0,0.0,1.4615140389942098,0.7720934450044297
4,x,6,"['x', 'x', 'z', 'x']",0.1,m2,100000,87804,16,33,3918,0.9138444245540268,0.00018222404446266438,51.475022513011936,-5.7726467630127445
4,x,7,"['z', 'x', 'z', 'x']",0.1,m2,100000,94788,33,66,2616,0.9733426435554096,0.000348145334852501,34.034928387991386,9.097047352988739
4,x,8,"['x', 'z', 'z', 'x']",0.1,m2,100000,89915,2993,5944,3022,0.9271690486502093,0.03328699327142304,18.711175227013882,5.5746662429883145
4,x,9,"['z', 'z', 'z', 'x']",0.1,m2,100000,100000,0,0,0,1.0,0.0,0.35228814199217595,0.10675298201385885
4,x,10,"['x', 'x', 'x', 'z']",0.1,m2,100000,86981,44,88,4162,0.9075836307101567,0.0005058576010853466,53.0623148670129,6.310394000960514
4,x,11,"['z', 'x', 'x', 'z']",0.1,m2,100000,94234,38,75,2760,0.9690867955573838,0.00040325148035735836,56.27348412098945,13.771378161007306
4,x,12,"['x', 'z', 'x', 'z']",0.1,m2,100000,84256,2434,4839,5222,0.8889826753043956,0.028888150398784673,19.033314984000754,5.484215988020878
4,x,13,"['z', 'z', 'x', 'z']",0.1,m2,100000,94533,121,238,5467,1.0,0.0012799763045708845,33.642822567984695,9.203819096001098
4,x,14,"['x', 'x', 'z', 'z']",0.1,m2,100000,91054,2486,4924,2910,0.9378308785662787,0.02730247984712364,54.125007780996384,15.91450445202645
4,x,15,"['z', 'x', 'z', 'z']",0.1,m2,100000,95148,3204,6202,2363,0.9745076149410572,0.033673855467272085,57.09170105797239,15.617533513024682
4,x,16,"['x', 'z', 'z', 'z']",0.1,m2,100000,90135,5582,0,3064,0.9298403070066849,0.0619293282298774,18.973796918988228,6.168738302018028
4,z,2,"['z', 'x', 'x', 'x']",0.1,m2,100000,92707,2182,4279,3531,0.9610030165130767,0.023536518278015728,19.636171447025845,17.351823449949734
4,z,3,"['x', 'z', 'x', 'x']",0.1,m2,100000,89552,2947,5828,3359,0.9266460405004088,0.03290825442201184,53.99741810100386,-1.8624838819960132
4,z,4,"['z', 'z', 'x', 'x']",0.1,m2,100000,97279,52,105,2721,1.0,0.0005345449685955073,32.83333925198531,5.973902630037628
4,z,5,"['x', 'x', 'z', 'x']",0.1,m2,100000,87804,2468,4900,3918,0.9138444245540268,0.028108058858366314,26.759608507010853,9.62776627697167
4,z,6,"['z', 'x', 'z', 'x']",0.1,m2,100000,94788,48,95,2616,0.9733426435554096,0.0005063932143308802,27.541042657016078,10.10634199596825
4,z,7,"['x', 'z', 'z', 'x']",0.1,m2,100000,89915,40,77,3022,0.9271690486502093,0.00044486459433912273,47.56123199898866,-15.881964589993004
4,z,8,"['z', 'z', 'z', 'x']",0.1,m2,100000,100000,0,0,0,1.0,0.0,1.267770954000298,0.34956941098789684
4,z,9,"['x', 'x', 'x', 'z']",0.1,m2,100000,86981,2691,5358,4162,0.9075836307101567,0.03093779101183014,48.98548828298226,-18.065045694966102
4,z,10,"['z', 'x', 'x', 'z']",0.1,m2,100000,94234,30,59,2760,0.9690867955573838,0.00031835643186106655,15.69742701901123,0.07836097199469805
4,z,11,"['x', 'z', 'x', 'z']",0.1,m2,100000,84256,20,40,5222,0.8889826753043956,0.0002373718192175689,26.48748343999614,-4.138828822004143
4,z,12,"['z', 'z', 'x', 'z']",0.1,m2,100000,94533,0,0,5467,1.0,0.0,2.0297211820143275,0.5331300619873218
4,z,13,"['x', 'x', 'z', 'z']",0.1,m2,100000,91054,15,30,2910,0.9378308785662787,0.00016473740857070318,23.881749688996933,-8.72975511601544
4,z,14,"['z', 'x', 'z', 'z']",0.1,m2,100000,95148,0,0,2363,0.9745076149410572,0.0,2.741933644982055,0.47225681104464456
4,z,15,"['x', 'z', 'z', 'z']",0.1,m2,100000,90135,0,0,3064,0.9298403070066849,0.0,3.72708522999892,-0.4992427320103161
4,z,16,"['z', 'z', 'z', 'z']",0.1,m2,100000,88743,0,0,4206,0.9263941374198802,0.0,0.0923961729859002,-0.002786243974696845
5,x,2,"['x', 'x', 'x', 'x', 'x']",0.1,normal,100000,49992,0,0,0,0.49992,0.0,37.90918622800382,51.36395197600359
5,x,3,"['z', 'x', 'x', 'x', 'x']",0.1,normal,100000,68482,0,0,0,0.68482,0.0,120.56704519398045,20.194493520015385
5,x,4,"['x', 'z', 'x', 'x', 'x']",0.1,normal,100000,55205,0,0,0,0.55205,0.0,47.82956185299554,67.68409603802138
5,x,5,"['z', 'z', 'x', 'x', 'x']",0.1,normal,100000,60389,0,0,0,0.60389,0.0,122.80235814198386,18.0308444010152
5,x,6,"['x', 'x', 'z', 'x', 'x']",0.1,normal,100000,57126,0,0,0,0.57126,0.0,107.79200661199866,17.971962621988496
5,x,7,"['z', 'x', 'z', 'x', 'x']",0.1,normal,100000,73380,0,0,0,0.7338,0.0,67.8015037360019,-4.637625433009816
5,x,8,"['x', 'z', 'z', 'x', 'x']",0.1,normal,100000,61328,20,41,0,0.61328,0.00032611531437520824,66.57567578699673,-18.926487616990926
5,x,9,"['z', 'z', 'z', 'x', 'x']",0.1,normal,100000,83528,0,0,0,0.83528,0.0,126.5558716620144,24.700095945969224
5,x,10,"['x', 'x', 'x', 'z', 'x']",0.1,normal,100000,69419,0,0,0,0.69419,0.0,113.05744587501977,21.365785471978597
5,x,11,"['z', 'x', 'x', 'z', 'x']",0.1,normal,100000,75232,0,0,0,0.75232,0.0,122.86988269299036,22.715563398989616
5,x,12,"['x', 'z', 'x', 'z', 'x']",0.1,normal,100000,56175,56,112,0,0.56175,0.0009968847352025412,39.3909236319887,6.499845315993298
5,x,13,"['z', 'z', 'x', 'z', 'x']",0.1,normal,100000,68036,0,0,0,0.68036,0.0,70.99787946799188,58.082727681001415
5,x,14,"['x', 'x', 'z', 'z', 'x']",0.1,normal,100000,55720,70,139,0,0.5572,0.0012562814070351536,106.94623132798006,16.63897415800602
5,x,15,"['z', 'x', 'z', 'z', 'x']",0.1,normal,100000,67754,139,262,0,0.67754,0.0020515393925082392,43.94598534301622,37.62817805199302
5,x,16,"['x', 'z', 'z', 'z', 'x']",0.1,normal,100000,60165,4169,7960,0,0.60165,0.06929277819330171,40.49486300800345,24.860951554990606
5,x,17,"['z', 'z', 'z', 'z', 'x']",0.1,normal,100000,100000,0,0,0,1.0,0.0,49.31996978400275,6.117927552986657
5,x,18,"['x', 'x', 'x', 'x', 'z']",0.1,normal,100000,55220,0,0,0,0.5522,0.0,107.75190373300575,16.75870275698253
5,x,19,"['z', 'x', 'x', 'x', 'z']",0.1,normal,100000,75155,0,0,0,0.75155,0.0,122.57418077701004,22.567537433991674
5,x,20,"['x', 'z', 'x', 'x', 'z']",0.1,normal,100000,63439,76,152,0,0.63439,0.0011980012295276232,111.83082547198865,19.588560404023156
5,x,21,"['z', 'z', 'x', 'x', 'z']",0.1,normal,100000,81576,0,1,0,0.81576,0.0,125.60869178501889,24.56907320796745
5,x,22,"['x', 'x', 'z', 'x', 'z']",0.1,normal,100000,55934,75,150,0,0.55934,0.0013408660206671863,78.18144192601903,-33.021281644003466
5,x,23,"['z', 'x', 'z', 'x', 'z']",0.1,normal,100000,73144,252,499,0,0.73144,0.0034452586678332953,46.92953909697826,98.30866976603284
5,x,24,"['x', 'z', 'z', 'x', 'z']",0.1,normal,100000,57677,3976,7769,0,0.57677,0.0689356242523016,111.01460952698835,18.215277153998613
5,x,25,"['z', 'z', 'z', 'x', 'z']",0.1,normal,100000,92477,2,4,0,0.92477,2.1626999145762937e-05,104.81214650999755,-48.95947972399881
5,x,26,"['x', 'x', 'x', 'z', 'z']",0.1,normal,100000,59551,186,356,0,0.59551,0.003123373243102523,39.58987146499567,6.728756764001446
5,x,27,"['z', 'x', 'x', 'z', 'z']",0.1,normal,100000,74096,162,322,0,0.74096,0.00218635283955948,122.9855507260072,22.936060702981194
5,x,28,"['x', 'z', 'x', 'z', 'z']",0.1,normal,100000,59442,4374,8572,0,0.59442,0.0735843343090744,66.61894532499718,-12.62338507900131
5,x,29,"['z', 'z', 'x', 'z', 'z']",0.1,normal,100000,86422,418,789,0,0.86422,0.00483673138784102,45.016430504998425,64.17973545301356
5,x,30,"['x', 'x', 'z', 'z', 'z']",0.1,normal,100000,62208,4850,9310,0,0.62208,0.07796424897119336,110.06999722399632,19.10552223099512
5,x,31,"['z', 'x', 'z', 'z', 'z']",0.1,normal,100000,73648,6590,12087,0,0.73648,0.08947968716054744,123.85186783398967,22.701887811999768
5,x,32,"['x', 'z', 'z', 'z', 'z']",0.1,normal,100000,66666,12772,0,0,0.66666,0.19158191581915818,49.751380394998705,19.488654588989448
5,z,2,"['z', 'x', 'x', 'x', 'x']",0.1,normal,100000,68482,4948,9204,0,0.68482,0.07225256271721037,121.30024035397219,21.458324180042837
5,z,3,"['x', 'z', 'x', 'x', 'x']",0.1,normal,100000,55205,3415,6602,0,0.55205,0.06186033873743324,39.3211429239891,6.604397818038706
5,z,4,"['z', 'z', 'x', 'x', 'x']",0.1,normal,100000,60389,499,942,0,0.60389,0.008263094272135674,123.84905247599818,18.68017240500194
5,z,5,"['x', 'x', 'z', 'x', 'x']",0.1,normal,100000,57126,4148,8113,0,0.57126,0.0726114203690088,108.43790915398858,17.867418980022194
5,z,6,"['z', 'x', 'z', 'x', 'x']",0.1,normal,100000,73380,176,339,0,0.7338,0.0023984736985555033,123.27679559899843,22.364517140988028
5,z,7,"['x', 'z', 'z', 'x', 'x']",0.1,normal,100000,61328,90,173,0,0.61328,0.001467518914688215,40.61290460001328,6.860300592990825
5,z,8,"['z', 'z', 'z', 'x', 'x']",0.1,normal,100000,82712,1,2,0,0.82712,1.2090144114518253e-05,64.53362758801086,-9.878556746989489
5,z,9,"['x', 'x', 'x', 'z', 'x']",0.1,normal,100000,67440,4580,9115,0,0.6744,0.06791221826809013,61.0661301020009,74.46586260999902
5,z,10,"['z', 'x', 'x', 'z', 'x']",0.1,normal,100000,74939,176,346,0,0.74939,0.002348576842498562,123.7891893699998,23.00174818999949
5,z,11,"['x', 'z', 'x', 'z', 'x']",0.1,normal,100000,55961,122,239,0,0.55961,0.002180089705330457,39.638260262989206,6.237163140031043
5,z,12,"['z', 'z', 'x', 'z', 'x']",0.1,normal,100000,67132,0,0,0,0.67132,0.0,125.4709774729854,20.026927751023322
5,z,13,"['x', 'x', 'z', 'z', 'x']",0.1,normal,100000,55599,68,133,0,0.55599,0.0012230435799205353,38.36985995899886,6.321891053987201
5,z,14,"['z', 'x', 'z', 'z', 'x']",0.1,normal,100000,68611,0,0,0,0.68611,0.0,85.92630301401368,-34.09745873202337
5,z,15,"['x', 'z', 'z', 'z', 'x']",0.1,normal,100000,60512,0,0,0,0.60512,0.0,40.66011687598075,48.40792383500957
5,z,16,"['z', 'z', 'z', 'z', 'x']",0.1,normal,100000,100000,0,0,0,1.0,0.0,126.83738036599243,28.843432140012737
5,z,17,"['x', 'x', 'x', 'x', 'z']",0.1,normal,100000,55723,4364,8569,0,0.55723,0.07831595570949157,108.39407375498558,17.21194268501131
5,z,18,"['z', 'x', 'x', 'x', 'z']",0.1,normal,100000,70955,82,164,0,0.70955,0.001155662039320715,121.60781794300419,21.630106847005663
5,z,19,"['x', 'z', 'x', 'x', 'z']",0.1,normal,100000,64124,134,267,0,0.64124,0.0020897012039173823,113.35813308999059,-21.333342861995334
5,z,20,"['z', 'z', 'x', 'x', 'z']",0.1,normal,100000,79896,0,1,0,0.79896,0.0,44.67436205499689,9.107836014998611
5,z,21,"['x', 'x', 'z', 'x', 'z']",0.1,normal,100000,55271,35,68,0,0.55271,0.000633243473069034,107.23883482301608,16.5901566259854
5,z,22,"['z', 'x', 'z', 'x', 'z']",0.1,normal,100000,71768,0,0,0,0.71768,0.0,122.6083473500039,1.7574481809861027
5,z,23,"['x', 'z', 'z', 'x', 'z']",0.1,normal,100000,57766,0,0,0,0.57766,0.0,39.89380745700328,6.238792729971465
5,z,24,"['z', 'z', 'z', 'x', 'z']",0.1,normal,100000,92074,0,0,0,0.92074,0.0,127.7300193120027,-39.51697300700471
5,z,25,"['x', 'x', 'x', 'z', 'z']",0.1,normal,100000,59062,35,70,0,0.59062,0.0005925976092919782,39.50521117600147,6.793280309997499
5,z,26,"['z', 'x', 'x', 'z', 'z']",0.1,normal,100000,75355,0,0,0,0.75355,0.0,64.85553517501103,-6.495375767990481
5,z,27,"['x', 'z', 'x', 'z', 'z']",0.1,normal,100000,58913,0,0,0,0.58913,0.0,108.97679021800286,-64.39335148999817
5,z,28,"['z', 'z', 'x', 'z', 'z']",0.1,normal,100000,86314,0,0,0,0.86314,0.0,66.31714495099732,33.61903180798981
5,z,29,"['x', 'x', 'z', 'z', 'z']",0.1,normal,100000,62371,0,0,0,0.62371,0.0,39.5481285280257,56.46671373498975
5,z,30,"['z', 'x', 'z', 'z', 'z']",0.1,normal,100000,72762,0,0,0,0.72762,0.0,85.60718749198713,-36.83720793199609
5,z,31,"['x', 'z', 'z', 'z', 'z']",0.1,normal,100000,64726,0,0,0,0.64726,0.0,100.27215738999075,-68.66722006400232
5,z,32,"['z', 'z', 'z', 'z', 'z']",0.1,normal,100000,55546,0,0,0,0.55546,0.0,7.851624233997427,-0.14125296799466014
5,x,2,"['x', 'x', 'x', 'x', 'x']",0.1,m1,100000,53587,0,0,0,0.53587,0.0,56.84588944999268,13.204929587023798
5,x,3,"['z', 'x', 'x', 'x', 'x']",0.1,m1,100000,79223,0,0,0,0.79223,0.0,87.68217074900167,15.400229885010049
5,x,4,"['x', 'z', 'x', 'x', 'x']",0.1,m1,100000,56833,0,0,0,0.56833,0.0,108.84148701600498,17.327563779981574
5,x,5,"['z', 'z', 'x', 'x', 'x']",0.1,m1,100000,59431,0,0,0,0.59431,0.0,105.60004656101228,13.914378432993544
5,x,6,"['x', 'x', 'z', 'x', 'x']",0.1,m1,100000,56284,0,0,0,0.56284,0.0,109.6145881159755,17.29168129901518
5,x,7,"['z', 'x', 'z', 'x', 'x']",0.1,m1,100000,75678,0,0,0,0.75678,0.0,122.78267924601096,22.959142896987032
5,x,8,"['x', 'z', 'z', 'x', 'x']",0.1,m1,100000,55037,116,227,0,0.55037,0.0021076730199683924,112.60146049401374,17.10099923799862
5,x,9,"['z', 'z', 'z', 'x', 'x']",0.1,m1,100000,90491,0,0,0,0.90491,0.0,85.54532672499772,17.39108634000877
5,x,10,"['x', 'x', 'x', 'z', 'x']",0.1,m1,100000,57945,0,0,0,0.57945,0.0,38.88828771398403,6.94881356501719
5,x,11,"['z', 'x', 'x', 'z', 'x']",0.1,m1,100000,67917,0,0,0,0.67917,0.0,53.118179185985355,13.576545063988306
5,x,12,"['x', 'z', 'x', 'z', 'x']",0.1,m1,100000,60153,59,116,0,0.60153,0.0009808322111948264,39.94403949700063,6.808249758003512
5,x,13,"['z', 'z', 'x', 'z', 'x']",0.1,m1,100000,85926,0,0,0,0.85926,0.0,67.81364278699039,-13.233790330006741
5,x,14,"['x', 'x', 'z', 'z', 'x']",0.1,m1,100000,63002,119,232,0,0.63002,0.0018888289260657887,47.88167047902243,85.17816314098309
5,x,15,"['z', 'x', 'z', 'z', 'x']",0.1,m1,100000,75119,196,390,0,0.75119,0.0026091934131178274,43.980149450013414,8.974407471978338
5,x,16,"['x', 'z', 'z', 'z', 'x']",0.1,m1,100000,56700,4681,9160,0,0.567,0.0825573192239859,111.0411019330204,17.335141487972578
5,x,17,"['z', 'z', 'z', 'z', 'x']",0.1,m1,100000,100000,0,0,0,1.0,0.0,80.61032935799449,18.225812435004627
5,x,18,"['x', 'x', 'x', 'x', 'z']",0.1,m1,100000,69427,0,0,0,0.69427,0.0,114.70084702598979,19.809153988026083
5,x,19,"['z', 'x', 'x', 'x', 'z']",0.1,m1,100000,73105,0,0,0,0.73105,0.0,122.71812307499931,21.39418071898399
5,x,20,"['x', 'z', 'x', 'x', 'z']",0.1,m1,100000,57950,72,143,0,0.5795,0.001242450388265759,110.41960875800578,17.05185892499867
5,x,21,"['z', 'z', 'x', 'x', 'z']",0.1,m1,100000,88780,0,0,0,0.8878,0.0,44.76514215298812,10.117490017990349
5,x,22,"['x', 'x', 'z', 'x', 'z']",0.1,m1,100000,55926,137,272,0,0.55926,0.002449665629581932,110.36705097000231,16.67655597999692
5,x,23,"['z', 'x', 'z', 'x', 'z']",0.1,m1,100000,74436,176,351,0,0.74436,0.0023644473104411645,123.15475008799694,23.077946332021384
5,x,24,"['x', 'z', 'z', 'x', 'z']",0.1,m1,100000,54232,4828,9487,0,0.54232,0.08902492993066824,39.010261868010275,11.381985513988184
5,x,25,"['z', 'z', 'z', 'x', 'z']",0.1,m1,100000,82065,0,0,0,0.82065,0.0,112.32512008299818,13.731459300004644
5,x,26,"['x', 'x', 'x', 'z', 'z']",0.1,m1,100000,62676,162,316,0,0.62676,0.00258472142446875,40.13934368902119,7.033910981961526
5,x,27,"['z', 'x', 'x', 'z', 'z']",0.1,m1,100000,82196,158,311,0,0.82196,0.0019222346586208472,44.217624729993986,9.766793493006844
5,x,28,"['x', 'z', 'x', 'z', 'z']",0.1,m1,100000,70154,5504,10826,0,0.70154,0.07845596829831514,114.78961052099476,22.573244600003818
5,x,29,"['z', 'z', 'x', 'z', 'z']",0.1,m1,100000,86748,197,376,0,0.86748,0.0022709457278553558,126.3452352109889,26.604080607998185
5,x,30,"['x', 'x', 'z', 'z', 'z']",0.1,m1,100000,60280,4981,9554,0,0.6028,0.08263105507631052,39.93017427998711,7.085272475029342
5,x,31,"['z', 'x', 'z', 'z', 'z']",0.1,m1,100000,74810,4700,8807,0,0.7481,0.06282582542440851,43.736884276004275,9.356829701981042
5,x,32,"['x', 'z', 'z', 'z', 'z']",0.1,m1,100000,59717,8551,0,0,0.59717,0.1431920558634895,111.05086176897748,19.099102463020245
5,z,2,"['z', 'x', 'x', 'x', 'x']",0.1,m1,100000,77427,4406,8285,0,0.77427,0.05690521394345638,123.73462417701376,24.240496381011326
5,z,3,"['x', 'z', 'x', 'x', 'x']",0.1,m1,100000,56886,4902,9399,0,0.56886,0.08617234468937873,109.41296953498386,17.928099561017007
5,z,4,"['z', 'z', 'x', 'x', 'x']",0.1,m1,100000,58975,474,899,0,0.58975,0.008037303942348473,124.12799483499839,17.979928274988197
5,z,5,"['x', 'x', 'z', 'x', 'x']",0.1,m1,100000,56173,4179,8216,0,0.56173,0.07439517205775015,70.34860027299146,-24.359262079990003
5,z,6,"['z', 'x', 'z', 'x', 'x']",0.1,m1,100000,76080,274,533,0,0.7608,0.003601472134595163,122.13612428298802,-68.81032451000647
5,z,7,"['x', 'z', 'z', 'x', 'x']",0.1,m1,100000,53429,194,375,0,0.53429,0.003630986917217194,40.463929300021846,6.165546551987063
5,z,8,"['z', 'z', 'z', 'x', 'x']",0.1,m1,100000,90228,0,0,0,0.90228,0.0,79.46828419400845,46.0414351990039
5,z,9,"['x', 'x', 'x', 'z', 'x']",0.1,m1,100000,59195,4363,8658,0,0.59195,0.07370554945519048,110.76928985599079,18.78256251401035
5,z,10,"['z', 'x', 'x', 'z', 'x']",0.1,m1,100000,67091,180,357,0,0.67091,0.0026829231938709786,43.291629143001046,8.07798126002308
5,z,11,"['x', 'z', 'x', 'z', 'x']",0.1,m1,100000,59594,140,274,0,0.59594,0.0023492297882337088,65.84442587700323,64.04814515300677
5,z,12,"['z', 'z', 'x', 'z', 'x']",0.1,m1,100000,86695,0,1,0,0.86695,0.0,126.70098880300066,25.856809366989182
5,z,13,"['x', 'x', 'z', 'z', 'x']",0.1,m1,100000,63204,94,188,0,0.63204,0.001487247642554257,40.54907960598939,6.819347879005363
5,z,14,"['z', 'x', 'z', 'z', 'x']",0.1,m1,100000,74418,0,0,0,0.74418,0.0,122.8836940510082,22.161216518987203
5,z,15,"['x', 'z', 'z', 'z', 'x']",0.1,m1,100000,56767,0,0,0,0.56767,0.0,111.0517802760005,16.659573045995785
5,z,16,"['z', 'z', 'z', 'z', 'x']",0.1,m1,100000,100000,0,0,0,1.0,0.0,55.49954629398417,-13.035939981986303
5,z,17,"['x', 'x', 'x', 'x', 'z']",0.1,m1,100000,69010,4735,9404,0,0.6901,0.06861324445732497,114.4985633350152,21.585191136982758
5,z,18,"['z', 'x', 'x', 'x', 'z']",0.1,m1,100000,72818,236,472,0,0.72818,0.0032409569062594734,59.8026532229851,10.543281763995765
5,z,19,"['x', 'z', 'x', 'x', 'z']",0.1,m1,100000,57761,98,191,0,0.57761,0.0016966465262028274,110.4142132459965,17.750553298013983
5,z,20,"['z', 'z', 'x', 'x', 'z']",0.1,m1,100000,87542,0,0,0,0.87542,0.0,64.43603963797796,-2.1819492409704253
5,z,21,"['x', 'x', 'z', 'x', 'z']",0.1,m1,100000,55246,59,114,0,0.55246,0.0010679506208594036,39.599954729987076,30.70776775700506
5,z,22,"['z', 'x', 'z', 'x', 'z']",0.1,m1,100000,73653,0,0,0,0.73653,0.0,123.06731709698215,-1.0754008409858216
5,z,23,"['x', 'z', 'z', 'x', 'z']",0.1,m1,100000,54643,0,0,0,0.54643,0.0,108.60750626598019,-27.939290824957425
5,z,24,"['z', 'z', 'z', 'x', 'z']",0.1,m1,100000,81218,0,0,0,0.81218,0.0,39.33269048601505,0.26846876298077404
5,z,25,"['x', 'x', 'x', 'z', 'z']",0.1,m1,100000,62403,28,55,0,0.62403,0.00044869637677680263,40.218627937021665,6.994416365982033
5,z,26,"['z', 'x', 'x', 'z', 'z']",0.1,m1,100000,81128,0,0,0,0.81128,0.0,95.07918034298928,-43.411860842985334
5,z,27,"['x', 'z', 'x', 'z', 'z']",0.1,m1,100000,69914,0,0,0,0.69914,0.0,110.29951480100863,-58.202450600016164
5,z,28,"['z', 'z', 'x', 'z', 'z']",0.1,m1,100000,86677,0,0,0,0.86677,0.0,30.41309930899297,28.897877331997734
5,z,29,"['x', 'x', 'z', 'z', 'z']",0.1,m1,100000,60870,0,0,0,0.6087,0.0,102.41663671599235,-56.41527717499412
5,z,30,"['z', 'x', 'z', 'z', 'z']",0.1,m1,100000,75761,0,0,0,0.75761,0.0,85.52551578599378,-48.29163335901103
5,z,31,"['x', 'z', 'z', 'z', 'z']",0.1,m1,100000,59074,0,0,0,0.59074,0.0,55.28198707199772,-18.31882539598155
5,z,32,"['z', 'z', 'z', 'z', 'z']",0.1,m1,100000,61640,0,0,0,0.6164,0.0,6.351010635989951,-0.1134336719987914
5,x,2,"['x', 'x', 'x', 'x', 'x']",0.1,m2,100000,53587,0,0,12688,0.6137415246472421,0.0,84.8228851610038,12.422067288978724
5,x,3,"['z', 'x', 'x', 'x', 'x']",0.1,m2,100000,79223,0,0,7025,0.8520892713094917,0.0,81.68604998098454,15.646792384999571
5,x,4,"['x', 'z', 'x', 'x', 'x']",0.1,m2,100000,56833,0,0,11103,0.6393129126967164,0.0,102.95221459597815,17.9245745310036
5,x,5,"['z', 'z', 'x', 'x', 'x']",0.1,m2,100000,59431,0,0,22123,0.763139309423835,0.0,82.076162612997,14.08963252598187
5,x,6,"['x', 'x', 'z', 'x', 'x']",0.1,m2,100000,56284,0,0,10148,0.6264078707207408,0.0,103.85140845400747,17.593377501994837
5,x,7,"['z', 'x', 'z', 'x', 'x']",0.1,m2,100000,75678,0,0,7281,0.8162081126845631,0.0,116.91566916299053,23.611326807003934
5,x,8,"['x', 'z', 'z', 'x', 'x']",0.1,m2,100000,55037,116,227,8551,0.6018327155026298,0.0021076730199683924,102.03430065099383,-57.14107266400242
5,x,9,"['z', 'z', 'z', 'x', 'x']",0.1,m2,100000,90491,0,0,9509,1.0,0.0,25.753339279006468,7.067929949000245
5,x,10,"['x', 'x', 'x', 'z', 'x']",0.1,m2,100000,57945,0,0,10932,0.6505703507432523,0.0,103.28812713900697,18.09096942297765
5,x,11,"['z', 'x', 'x', 'z', 'x']",0.1,m2,100000,67917,0,0,10502,0.7588661199132941,0.0,39.7654163390107,8.203546648990596
5,x,12,"['x', 'z', 'x', 'z', 'x']",0.1,m2,100000,60153,59,116,9358,0.6636327530283974,0.0009808322111948264,38.15034994800226,6.933382029994391
5,x,13,"['z', 'z', 'x', 'z', 'x']",0.1,m2,100000,85926,0,0,6938,0.923319937246137,0.0,73.69294053700287,-21.483068011992145
5,x,14,"['x', 'x', 'z', 'z', 'x']",0.1,m2,100000,63002,119,232,8696,0.690024533426794,0.0018888289260657887,38.521495088993106,7.343041431013262
5,x,15,"['z', 'x', 'z', 'z', 'x']",0.1,m2,100000,75119,196,390,8622,0.8220687692880124,0.0026091934131178274,117.0188294420077,9.820721747004427
5,x,16,"['x', 'z', 'z', 'z', 'x']",0.1,m2,100000,56700,4681,9160,10600,0.6342281879194631,0.0825573192239859,104.832187041,17.428344639978604
5,x,17,"['z', 'z', 'z', 'z', 'x']",0.1,m2,100000,100000,0,0,0,1.0,0.0,80.80277567100711,18.452007735002553
5,x,18,"['x', 'x', 'x', 'x', 'z']",0.1,m2,100000,69427,0,0,7526,0.750773190302139,0.0,110.60378227799083,20.37885063502472
5,x,19,"['z', 'x', 'x', 'x', 'z']",0.1,m2,100000,73105,0,0,9222,0.8053162660556522,0.0,40.59907572899829,8.809338446008042
5,x,20,"['x', 'z', 'x', 'x', 'z']",0.1,m2,100000,57950,72,143,10621,0.6483625907651686,0.001242450388265759,104.60449378300109,17.722248665988445
5,x,21,"['z', 'z', 'x', 'x', 'z']",0.1,m2,100000,88780,0,0,5509,0.9395603814119863,0.0,120.47815797798103,26.550689315015916
5,x,22,"['x', 'x', 'z', 'x', 'z']",0.1,m2,100000,55926,137,272,10751,0.6266288697912582,0.002449665629581932,104.36224485799903,17.18395771199721
5,x,23,"['z', 'x', 'z', 'x', 'z']",0.1,m2,100000,74436,176,351,7975,0.8088671556642216,0.0023644473104411645,41.497467395995045,8.849603120994288
5,x,24,"['x', 'z', 'z', 'x', 'z']",0.1,m2,100000,54232,4828,9487,12179,0.6175288370663053,0.08902492993066824,101.88603869601502,16.97954843597836
5,x,25,"['z', 'z', 'z', 'x', 'z']",0.1,m2,100000,82065,0,0,17935,1.0,0.0,36.72525320699788,9.623273561999667
5,x,26,"['x', 'x', 'x', 'z', 'z']",0.1,m2,100000,62676,162,316,9210,0.6903403458530675,0.00258472142446875,43.03750443001627,11.3047348279797
5,x,27,"['z', 'x', 'x', 'z', 'z']",0.1,m2,100000,82196,158,311,5780,0.8723837826363829,0.0019222346586208472,120.04151269199792,24.629285325005185
5,x,28,"['x', 'z', 'x', 'z', 'z']",0.1,m2,100000,70154,5504,10826,6996,0.7543116425099996,0.07845596829831514,39.69544196600327,8.102577866986394
5,x,29,"['z', 'z', 'x', 'z', 'z']",0.1,m2,100000,86748,197,376,6464,0.9274290112897707,0.0022709457278553558,49.09587954997551,4.051263551024022
5,x,30,"['x', 'x', 'z', 'z', 'z']",0.1,m2,100000,60280,4981,9554,10549,0.6738884976132185,0.08263105507631052,105.33197852098965,18.628304048994323
5,x,31,"['z', 'x', 'z', 'z', 'z']",0.1,m2,100000,74810,4700,8807,8562,0.8181500032809117,0.06282582542440851,116.93684531698818,-59.137283175979974
5,x,32,"['x', 'z', 'z', 'z', 'z']",0.1,m2,100000,59717,8551,0,11060,0.6714301776478525,0.1431920558634895,104.17080736299977,19.12559870199766
5,z,2,"['z', 'x', 'x', 'x', 'x']",0.1,m2,100000,77427,4406,8285,7716,0.8390078453469724,0.05690521394345638,117.22823460301151,24.969258724013343
5,z,3,"['x', 'z', 'x', 'x', 'x']",0.1,m2,100000,56886,4902,9399,11082,0.6397579792617918,0.08617234468937873,103.49231426400365,18.202436259016395
5,z,4,"['z', 'z', 'x', 'x', 'x']",0.1,m2,100000,58975,474,899,22405,0.7600360847992783,0.008037303942348473,36.14715336699737,20.52017036799225
5,z,5,"['x', 'x', 'z', 'x', 'x']",0.1,m2,100000,56173,4179,8216,10162,0.6252699303190187,0.07439517205775015,104.33205234000343,18.557492558000376
5,z,6,"['z', 'x', 'z', 'x', 'x']",0.1,m2,100000,76080,274,533,7160,0.8194743644980612,0.003601472134595163,117.1047469380137,24.03481349197682
5,z,7,"['x', 'z', 'z', 'x', 'x']",0.1,m2,100000,53429,194,375,9182,0.5883084851020722,0.003630986917217194,38.32986021300894,6.149031225999352
5,z,8,"['z', 'z', 'z', 'x', 'x']",0.1,m2,100000,90228,0,0,9772,1.0,0.0,80.42015999302384,-17.696449302020483
5,z,9,"['x', 'x', 'x', 'z', 'x']",0.1,m2,100000,59195,4363,8658,10429,0.660872380569604,0.07370554945519048,37.52028540702304,33.2581010729773
5,z,10,"['z', 'x', 'x', 'z', 'x']",0.1,m2,100000,67091,180,357,10889,0.7528924599656608,0.0026829231938709786,39.79970363600296,30.036568178009475
5,z,11,"['x', 'z', 'x', 'z', 'x']",0.1,m2,100000,59594,140,274,9577,0.6590579830352897,0.0023492297882337088,69.76385748598841,-25.759576308977557
5,z,12,"['z', 'z', 'x', 'z', 'x']",0.1,m2,100000,86695,0,1,6553,0.9277451389557717,0.0,119.91720903100213,24.678434306988493
5,z,13,"['x', 'x', 'z', 'z', 'x']",0.1,m2,100000,63204,94,188,8574,0.6913131931835583,0.001487247642554257,109.3895949209982,17.06038359197555
5,z,14,"['z', 'x', 'z', 'z', 'x']",0.1,m2,100000,74418,0,0,8932,0.8171695875609435,0.0,115.28322514501633,21.683953432977432
5,z,15,"['x', 'z', 'z', 'z', 'x']",0.1,m2,100000,56767,0,0,10567,0.6347433274071093,0.0,102.18255566901644,11.802959494991228
5,z,16,"['z', 'z', 'z', 'z', 'x']",0.1,m2,100000,100000,0,0,0,1.0,0.0,81.02500744297868,18.519653142022435
5,z,17,"['x', 'x', 'x', 'x', 'z']",0.1,m2,100000,69010,4735,9404,7680,0.7475086655112652,0.06861324445732497,109.67097619301057,21.438810466002906
5,z,18,"['z', 'x', 'x', 'x', 'z']",0.1,m2,100000,72818,236,472,9314,0.802968484661359,0.0032409569062594734,114.00005273800343,22.35730308899656
5,z,19,"['x', 'z', 'x', 'x', 'z']",0.1,m2,100000,57761,98,191,10692,0.6467617682626416,0.0016966465262028274,37.08159188597347,6.522783857042668
5,z,20,"['z', 'z', 'x', 'x', 'z']",0.1,m2,100000,87542,0,0,6159,0.9328758218689059,0.0,42.05181875100243,9.840599885996198
5,z,21,"['x', 'x', 'z', 'x', 'z']",0.1,m2,100000,55246,59,114,11036,0.6209927611168563,0.0010679506208594036,103.02566058302182,16.38772436598083
5,z,22,"['z', 'x', 'z', 'x', 'z']",0.1,m2,100000,73653,0,0,8336,0.8035106475824751,0.0,40.91863032098627,8.316040299017914
5,z,23,"['x', 'z', 'z', 'x', 'z']",0.1,m2,100000,54643,0,0,12018,0.6210702189084131,0.0,36.166847184998915,31.501462093990995
5,z,24,"['z', 'z', 'z', 'x', 'z']",0.1,m2,100000,81218,0,0,18782,1.0,0.0,70.85890770700644,-25.81776863100822
5,z,25,"['x', 'x', 'x', 'z', 'z']",0.1,m2,100000,62403,28,55,9293,0.6879623402824478,0.00044869637677680263,37.85067202098435,6.965647836012067
5,z,26,"['z', 'x', 'x', 'z', 'z']",0.1,m2,100000,81128,0,0,6041,0.8634404367862578,0.0,109.44650162599282,-50.42625605000649
5,z,27,"['x', 'z', 'x', 'z', 'z']",0.1,m2,100000,69914,0,0,7095,0.7525321565039557,0.0,103.93599486598396,-43.757593661983265
5,z,28,"['z', 'z', 'x', 'z', 'z']",0.1,m2,100000,86677,0,0,6490,0.9269276013260613,0.0,27.726723187981406,10.78235755302012
5,z,29,"['x', 'x', 'z', 'z', 'z']",0.1,m2,100000,60870,0,0,10340,0.6788980593352666,0.0,71.71489573598956,-28.311676576995524
5,z,30,"['z', 'x', 'z', 'z', 'z']",0.1,m2,100000,75761,0,0,8138,0.8247262197644293,0.0,42.02678416101844,-11.896656967001036
5,z,31,"['x', 'z', 'z', 'z', 'z']",0.1,m2,100000,59074,0,0,11241,0.6655550423055691,0.0,65.5606798499939,-38.06821524500265
5,z,32,"['z', 'z', 'z', 'z', 'z']",0.1,m2,100000,61640,0,0,8827,0.6760773474603227,0.0,4.718169950006995,-0.1609793190145865
5,x,2,"['x', 'x', 'x', 'x', 'x']",0.01,normal,100000,95123,0,0,0,0.95123,0.0,122.15905792298145,27.70482040400384
5,x,3,"['z', 'x', 'x', 'x', 'x']",0.01,normal,100000,97261,0,0,0,0.97261,0.0,105.92673472300521,50.815703578991815
5,x,4,"['x', 'z', 'x', 'x', 'x']",0.01,normal,100000,94305,0,0,0,0.94305,0.0,121.96561355699669,28.861001860001124
5,x,5,"['z', 'z', 'x', 'x', 'x']",0.01,normal,100000,98331,0,0,0,0.98331,0.0,126.9349336999876,28.94757021800615
5,x,6,"['x', 'x', 'z', 'x', 'x']",0.01,normal,100000,94797,0,0,0,0.94797,0.0,122.46895812600269,28.44241813098779
5,x,7,"['z', 'x', 'z', 'x', 'x']",0.01,normal,100000,96938,0,0,0,0.96938,0.0,85.68110499798786,71.55044173900387
5,x,8,"['x', 'z', 'z', 'x', 'x']",0.01,normal,100000,94911,0,0,0,0.94911,0.0,74.09591253098915,-19.368040336994454
5,x,9,"['z', 'z', 'z', 'x', 'x']",0.01,normal,100000,98415,0,0,0,0.98415,0.0,126.84184448700398,29.16587823998998
5,x,10,"['x', 'x', 'x', 'z', 'x']",0.01,normal,100000,95699,0,0,0,0.95699,0.0,71.902083664987,7.046162218000973
5,x,11,"['z', 'x', 'x', 'z', 'x']",0.01,normal,100000,96633,0,0,0,0.96633,0.0,44.840838801988866,47.835417281021364
5,x,12,"['x', 'z', 'x', 'z', 'x']",0.01,normal,100000,95310,0,1,0,0.9531,0.0,43.971128982986556,10.546976347017335
5,x,13,"['z', 'z', 'x', 'z', 'x']",0.01,normal,100000,98231,0,0,0,0.98231,0.0,45.12589964500512,11.216380640980788
5,x,14,"['x', 'x', 'z', 'z', 'x']",0.01,normal,100000,94913,2,4,0,0.94913,2.1071929029781167e-05,124.65801103398553,-54.59428040200146
5,x,15,"['z', 'x', 'z', 'z', 'x']",0.01,normal,100000,96803,2,4,0,0.96803,2.0660516719561706e-05,45.653263777989196,11.73976172399125
5,x,16,"['x', 'z', 'z', 'z', 'x']",0.01,normal,100000,94729,888,1771,0,0.94729,0.009374109301269917,43.81338246600353,56.34282113201334
5,x,17,"['z', 'z', 'z', 'z', 'x']",0.01,normal,100000,100000,0,0,0,1.0,0.0,127.0674021889863,29.264500117016723
5,x,18,"['x', 'x', 'x', 'x', 'z']",0.01,normal,100000,94930,0,0,0,0.9493,0.0,123.59031771399896,28.04524679700262
5,x,19,"['z', 'x', 'x', 'x', 'z']",0.01,normal,100000,97373,0,0,0,0.97373,0.0,128.29413521799142,28.90819230300258
5,x,20,"['x', 'z', 'x', 'x', 'z']",0.01,normal,100000,96320,0,0,0,0.9632,0.0,124.11162566600251,28.994432239996968
5,x,21,"['z', 'z', 'x', 'x', 'z']",0.01,normal,100000,98181,0,0,0,0.98181,0.0,128.52213524800027,28.7744589910144
5,x,22,"['x', 'x', 'z', 'x', 'z']",0.01,normal,100000,96098,2,5,0,0.96098,2.0812087660471157e-05,123.53782236398547,28.96977493201848
5,x,23,"['z', 'x', 'z', 'x', 'z']",0.01,normal,100000,96302,4,7,0,0.96302,4.153600132916768e-05,128.54116014300962,28.930686225008685
5,x,24,"['x', 'z', 'z', 'x', 'z']",0.01,normal,100000,95733,789,1572,0,0.95733,0.008241672150669066,53.662526200001594,16.222100896993652
5,x,25,"['z', 'z', 'z', 'x', 'z']",0.01,normal,100000,99019,0,0,0,0.99019,0.0,44.88091781898402,11.311805838020518
5,x,26,"['x', 'x', 'x', 'z', 'z']",0.01,normal,100000,95600,2,4,0,0.956,2.092050209201446e-05,80.59053825598676,64.69664036601898
5,x,27,"['z', 'x', 'x', 'z', 'z']",0.01,normal,100000,97480,4,5,0,0.9748,4.1034058268385465e-05,45.4748076099786,11.61977485002717
5,x,28,"['x', 'z', 'x', 'z', 'z']",0.01,normal,100000,95496,796,1589,0,0.95496,0.008335427661891548,44.055766133998986,10.965507654007524
5,x,29,"['z', 'z', 'x', 'z', 'z']",0.01,normal,100000,98644,6,13,0,0.98644,6.082478407198888e-05,128.10544690900133,29.49671774401213
5,x,30,"['x', 'x', 'z', 'z', 'z']",0.01,normal,100000,94549,865,1718,0,0.94549,0.00914869538546148,123.17039011401357,29.186435038980562
5,x,31,"['z', 'x', 'z', 'z', 'z']",0.01,normal,100000,97494,861,1702,0,0.97494,0.008831312696165883,45.49084967499948,11.838021657982608
5,x,32,"['x', 'z', 'z', 'z', 'z']",0.01,normal,100000,96213,2010,0,0,0.96213,0.020891147765894402,123.72821744097746,30.817317677021492
5,z,2,"['z', 'x', 'x', 'x', 'x']",0.01,normal,100000,97261,625,1240,0,0.97261,0.006426008369233349,45.53930406400468,84.99386632599635
5,z,3,"['x', 'z', 'x', 'x', 'x']",0.01,normal,100000,94305,648,1285,0,0.94305,0.006871321775091421,122.38718589299242,-65.85123678998207
5,z,4,"['z', 'z', 'x', 'x', 'x']",0.01,normal,100000,98331,3,6,0,0.98331,3.050919852332079e-05,127.25349890600774,30.29349462199025
5,z,5,"['x', 'x', 'z', 'x', 'x']",0.01,normal,100000,94797,845,1688,0,0.94797,0.00891378419148281,122.99225855400437,29.63389976398321
5,z,6,"['z', 'x', 'z', 'x', 'x']",0.01,normal,100000,96820,2,5,0,0.9682,2.065688907249008e-05,128.41375212700223,29.833165911986725
5,z,7,"['x', 'z', 'z', 'x', 'x']",0.01,normal,100000,94911,2,3,0,0.94911,2.1072373065256222e-05,44.00967805899563,49.41997743002139
5,z,8,"['z', 'z', 'z', 'x', 'x']",0.01,normal,100000,98415,0,0,0,0.98415,0.0,44.85804610600462,49.15753978298744
5,z,9,"['x', 'x', 'x', 'z', 'x']",0.01,normal,100000,95699,741,1480,0,0.95699,0.007743027617843401,122.91922345000785,29.816548093018355
5,z,10,"['z', 'x', 'x', 'z', 'x']",0.01,normal,100000,96633,1,2,0,0.96633,1.0348431695228477e-05,45.32075960401562,11.41415535096894
5,z,11,"['x', 'z', 'x', 'z', 'x']",0.01,normal,100000,95310,0,1,0,0.9531,0.0,43.91186672501499,10.901181672990788
5,z,12,"['z', 'z', 'x', 'z', 'x']",0.01,normal,100000,98231,0,0,0,0.98231,0.0,129.61540679301834,-53.58845913899131
5,z,13,"['x', 'x', 'z', 'z', 'x']",0.01,normal,100000,94913,2,4,0,0.94913,2.1071929029781167e-05,123.5928938119905,29.917839367990382
5,z,14,"['z', 'x', 'z', 'z', 'x']",0.01,normal,100000,96803,0,0,0,0.96803,0.0,129.09237124599167,28.539060920011252
5,z,15,"['x', 'z', 'z', 'z', 'x']",0.01,normal,100000,94729,0,0,0,0.94729,0.0,123.7360411429836,27.785165495006368
5,z,16,"['z', 'z', 'z', 'z', 'x']",0.01,normal,100000,100000,0,0,0,1.0,0.0,127.10858375899261,28.87037749501178
5,z,17,"['x', 'x', 'x', 'x', 'z']",0.01,normal,100000,94930,818,1635,0,0.9493,0.008616875592541873,43.750049781025155,11.184745727980044
5,z,18,"['z', 'x', 'x', 'x', 'z']",0.01,normal,100000,97373,2,3,0,0.97373,2.0539574625444423e-05,127.92736800102284,29.493968611001037
5,z,19,"['x', 'z', 'x', 'x', 'z']",0.01,normal,100000,96320,2,4,0,0.9632,2.0764119601279774e-05,44.129979168006685,27.77335904899519
5,z,20,"['z', 'z', 'x', 'x', 'z']",0.01,normal,100000,98181,0,0,0,0.98181,0.0,128.3363380159717,29.272793853015173
5,z,21,"['x', 'x', 'z', 'x', 'z']",0.01,normal,100000,96098,1,2,0,0.96098,1.040604383029109e-05,51.045122088020435,101.57233753899345
5,z,22,"['z', 'x', 'z', 'x', 'z']",0.01,normal,100000,96302,0,0,0,0.96302,0.0,45.4522879459837,10.856169870006852
5,z,23,"['x', 'z', 'z', 'x', 'z']",0.01,normal,100000,95733,0,0,0,0.95733,0.0,44.13113166499534,10.269349996990059
5,z,24,"['z', 'z', 'z', 'x', 'z']",0.01,normal,100000,99035,0,0,0,0.99035,0.0,127.2312258380116,-56.50158494000789
5,z,25,"['x', 'x', 'x', 'z', 'z']",0.01,normal,100000,95593,0,0,0,0.95593,0.0,46.45850545799476,40.729288305999944
5,z,26,"['z', 'x', 'x', 'z', 'z']",0.01,normal,100000,97480,0,0,0,0.9748,0.0,116.36740258798818,-35.53758896398358
5,z,27,"['x', 'z', 'x', 'z', 'z']",0.01,normal,100000,95495,0,0,0,0.95495,0.0,44.12145251999027,20.15160362201277
5,z,28,"['z', 'z', 'x', 'z', 'z']",0.01,normal,100000,98813,0,0,0,0.98813,0.0,82.67602964298567,-26.723226509988308
5,z,29,"['x', 'x', 'z', 'z', 'z']",0.01,normal,100000,94542,0,0,0,0.94542,0.0,114.51096380400122,-45.077645173005294
5,z,30,"['z', 'x', 'z', 'z', 'z']",0.01,normal,100000,97494,0,0,0,0.97494,0.0,98.0263476120017,-51.75036351400195
5,z,31,"['x', 'z', 'z', 'z', 'z']",0.01,normal,100000,96214,0,0,0,0.96214,0.0,95.42611136898631,-29.88088917901041
5,z,32,"['z', 'z', 'z', 'z', 'z']",0.01,normal,100000,94441,0,0,0,0.94441,0.0,0.3861599550000392,-0.0006394909869413823
5,x,2,"['x', 'x', 'x', 'x', 'x']",0.01,m1,100000,94844,0,0,0,0.94844,0.0,68.36396740499185,15.086336778011173
5,x,3,"['z', 'x', 'x', 'x', 'x']",0.01,m1,100000,96568,0,0,0,0.96568,0.0,70.61134693300119,15.104702401004033
5,x,4,"['x', 'z', 'x', 'x', 'x']",0.01,m1,100000,94306,0,0,0,0.94306,0.0,123.1058364539931,28.269661926024128
5,x,5,"['z', 'z', 'x', 'x', 'x']",0.01,m1,100000,98776,0,0,0,0.98776,0.0,68.01550023100572,15.288006179005606
5,x,6,"['x', 'x', 'z', 'x', 'x']",0.01,m1,100000,95294,0,0,0,0.95294,0.0,123.72378274399671,28.557289471005788
5,x,7,"['z', 'x', 'z', 'x', 'x']",0.01,m1,100000,97296,0,0,0,0.97296,0.0,128.01045023600454,29.173774859984405
5,x,8,"['x', 'z', 'z', 'x', 'x']",0.01,m1,100000,96198,0,1,0,0.96198,0.0,123.54132008799934,29.3773101340048
5,x,9,"['z', 'z', 'z', 'x', 'x']",0.01,m1,100000,99290,0,0,0,0.9929,0.0,23.76900972999283,5.978138227015734
5,x,10,"['x', 'x', 'x', 'z', 'x']",0.01,m1,100000,95118,0,0,0,0.95118,0.0,123.50947975399322,28.3881143250037
5,x,11,"['z', 'x', 'x', 'z', 'x']",0.01,m1,100000,96968,0,0,0,0.96968,0.0,45.61854718500399,11.371086409984855
5,x,12,"['x', 'z', 'x', 'z', 'x']",0.01,m1,100000,95933,0,1,0,0.95933,0.0,44.17978192199371,10.39538721102872
5,x,13,"['z', 'z', 'x', 'z', 'x']",0.01,m1,100000,98413,0,0,0,0.98413,0.0,45.54254945201683,10.914981327980058
5,x,14,"['x', 'x', 'z', 'z', 'x']",0.01,m1,100000,94410,2,4,0,0.9441,2.1184196589363324e-05,123.06132084899582,29.169188005005708
5,x,15,"['z', 'x', 'z', 'z', 'x']",0.01,m1,100000,96759,4,8,0,0.96759,4.1339823685704324e-05,128.19594989300822,29.803737401001854
5,x,16,"['x', 'z', 'z', 'z', 'x']",0.01,m1,100000,95096,774,1545,0,0.95096,0.00813914360225454,43.92074769700412,10.877297408995219
5,x,17,"['z', 'z', 'z', 'z', 'x']",0.01,m1,100000,100000,0,0,0,1.0,0.0,67.61823868600186,-9.335565457004122
5,x,18,"['x', 'x', 'x', 'x', 'z']",0.01,m1,100000,94775,0,0,0,0.94775,0.0,44.03298004899989,10.007807574991602
5,x,19,"['z', 'x', 'x', 'x', 'z']",0.01,m1,100000,96801,0,0,0,0.96801,0.0,84.58515782101313,-27.99398855000618
5,x,20,"['x', 'z', 'x', 'x', 'z']",0.01,m1,100000,95575,0,1,0,0.95575,0.0,123.7987133259885,29.11504732898902
5,x,21,"['z', 'z', 'x', 'x', 'z']",0.01,m1,100000,98064,0,0,0,0.98064,0.0,128.3394640669867,28.83694433301571
5,x,22,"['x', 'x', 'z', 'x', 'z']",0.01,m1,100000,94240,3,6,0,0.9424,3.1833616298770906e-05,107.8295095420035,-53.434342174004996
5,x,23,"['z', 'x', 'z', 'x', 'z']",0.01,m1,100000,97411,2,4,0,0.97411,2.0531562143877302e-05,128.68430440101656,29.550688635004917
5,x,24,"['x', 'z', 'z', 'x', 'z']",0.01,m1,100000,93256,812,1625,0,0.93256,0.008707214549197873,44.073818886012305,20.715299943985883
5,x,25,"['z', 'z', 'z', 'x', 'z']",0.01,m1,100000,98085,0,0,0,0.98085,0.0,127.21342585998354,29.198349621001398
5,x,26,"['x', 'x', 'x', 'z', 'z']",0.01,m1,100000,95515,2,5,0,0.95515,2.0939119510066106e-05,77.36170794101781,77.0243286829791
5,x,27,"['z', 'x', 'x', 'z', 'z']",0.01,m1,100000,98084,3,6,0,0.98084,3.058602830230406e-05,112.74580300500384,-55.68861189400195
5,x,28,"['x', 'z', 'x', 'z', 'z']",0.01,m1,100000,94365,744,1489,0,0.94365,0.007884279128914318,43.96954647099483,10.841012144985143
5,x,29,"['z', 'z', 'x', 'z', 'z']",0.01,m1,100000,98397,2,3,0,0.98397,2.0325822941758e-05,127.92367752699647,29.69401381802163
5,x,30,"['x', 'x', 'z', 'z', 'z']",0.01,m1,100000,95574,887,1770,0,0.95574,0.00928076673572309,123.54316660697805,29.71124515502015
5,x,31,"['z', 'x', 'z', 'z', 'z']",0.01,m1,100000,97887,708,1403,0,0.97887,0.007232829691378839,45.52195837901672,88.55711735697696
5,x,32,"['x', 'z', 'z', 'z', 'z']",0.01,m1,100000,95577,1515,0,0,0.95577,0.015851093882419454,43.989360212988686,11.197810562007362
5,z,2,"['z', 'x', 'x', 'x', 'x']",0.01,m1,100000,96571,593,1182,0,0.96571,0.006140559795383749,84.49542503498378,4.3068800780165475
5,z,3,"['x', 'z', 'x', 'x', 'x']",0.01,m1,100000,94295,822,1641,0,0.94295,0.008717323293918056,123.09089492002386,29.413106147985673
5,z,4,"['z', 'z', 'x', 'x', 'x']",0.01,m1,100000,98770,3,6,0,0.9877,3.0373595221178107e-05,128.03960929397726,29.944347951037344
5,z,5,"['x', 'x', 'z', 'x', 'x']",0.01,m1,100000,95271,793,1584,0,0.95271,0.008323624187843048,62.704800908017205,1.4541512549913023
5,z,6,"['z', 'x', 'z', 'x', 'x']",0.01,m1,100000,97293,2,4,0,0.97293,2.0556463465992714e-05,128.15067793399794,29.688066612987313
5,z,7,"['x', 'z', 'z', 'x', 'x']",0.01,m1,100000,96203,2,4,0,0.96203,2.0789372472740375e-05,123.28538469600608,29.344802353007253
5,z,8,"['z', 'z', 'z', 'x', 'x']",0.01,m1,100000,99294,0,0,0,0.99294,0.0,81.95021563299815,75.59220102100517
5,z,9,"['x', 'x', 'x', 'z', 'x']",0.01,m1,100000,95106,667,1334,0,0.95106,0.007013227346329365,44.13246155300294,10.794412091985578
5,z,10,"['z', 'x', 'x', 'z', 'x']",0.01,m1,100000,96971,0,1,0,0.96971,0.0,94.34219684900017,-37.49512712599244
5,z,11,"['x', 'z', 'x', 'z', 'x']",0.01,m1,100000,95920,2,3,0,0.9592,2.085070892410279e-05,43.86573055697954,10.665537310007494
5,z,12,"['z', 'z', 'x', 'z', 'x']",0.01,m1,100000,98416,0,0,0,0.98416,0.0,127.78781100400374,29.609227738983463
5,z,13,"['x', 'x', 'z', 'z', 'x']",0.01,m1,100000,94411,2,4,0,0.94411,2.118397220662871e-05,122.94912433699938,29.174011459981557
5,z,14,"['z', 'x', 'z', 'z', 'x']",0.01,m1,100000,96744,0,0,0,0.96744,0.0,45.456263378000585,112.06312193899066
5,z,15,"['x', 'z', 'z', 'z', 'x']",0.01,m1,100000,95101,0,0,0,0.95101,0.0,43.80095718201483,10.324833960970864
5,z,16,"['z', 'z', 'z', 'z', 'x']",0.01,m1,100000,100000,0,0,0,1.0,0.0,67.057559932,15.16651122001349
5,z,17,"['x', 'x', 'x', 'x', 'z']",0.01,m1,100000,94779,737,1470,0,0.94779,0.007775984131505931,123.53793496702565,29.74922984300065
5,z,18,"['z', 'x', 'x', 'x', 'z']",0.01,m1,100000,96671,2,4,0,0.96671,2.0688727746742686e-05,45.35144115498406,11.328958983009215
5,z,19,"['x', 'z', 'x', 'x', 'z']",0.01,m1,100000,95575,2,3,0,0.95575,2.0925974365648692e-05,123.73345116502605,28.632722995971562
5,z,20,"['z', 'z', 'x', 'x', 'z']",0.01,m1,100000,98063,0,0,0,0.98063,0.0,127.8672493060003,27.739735292008845
5,z,21,"['x', 'x', 'z', 'x', 'z']",0.01,m1,100000,94236,0,1,0,0.94236,0.0,123.27672990399878,27.456416468019597
5,z,22,"['z', 'x', 'z', 'x', 'z']",0.01,m1,100000,97412,0,0,0,0.97412,0.0,45.64393737600767,10.796716848009964
5,z,23,"['x', 'z', 'z', 'x', 'z']",0.01,m1,100000,93258,0,0,0,0.93258,0.0,102.49889155899291,-48.68715722099296
5,z,24,"['z', 'z', 'z', 'x', 'z']",0.01,m1,100000,98085,0,0,0,0.98085,0.0,24.10530457700952,5.8186861949798185
5,z,25,"['x', 'x', 'x', 'z', 'z']",0.01,m1,100000,95521,0,1,0,0.95521,0.0,123.27540254598716,-55.47306998298154
5,z,26,"['z', 'x', 'x', 'z', 'z']",0.01,m1,100000,98081,0,0,0,0.98081,0.0,127.93418233899865,-67.47784076700918
5,z,27,"['x', 'z', 'x', 'z', 'z']",0.01,m1,100000,94374,0,0,0,0.94374,0.0,43.723756895022234,10.359865133970743
5,z,28,"['z', 'z', 'x', 'z', 'z']",0.01,m1,100000,98398,0,0,0,0.98398,0.0,68.15380915399874,10.958733115025098
5,z,29,"['x', 'x', 'z', 'z', 'z']",0.01,m1,100000,95567,0,0,0,0.95567,0.0,106.98129063099623,-36.03067414899124
5,z,30,"['z', 'x', 'z', 'z', 'z']",0.01,m1,100000,97857,0,0,0,0.97857,0.0,24.488770708005177,18.448838963988237
5,z,31,"['x', 'z', 'z', 'z', 'z']",0.01,m1,100000,95634,0,0,0,0.95634,0.0,23.676090305001708,2.6035980279848445
5,z,32,"['z', 'z', 'z', 'z', 'z']",0.01,m1,100000,94400,0,0,0,0.944,0.0,0.39482836399110965,0.007602605997817591
5,x,2,"['x', 'x', 'x', 'x', 'x']",0.01,m2,100000,94844,0,0,1175,0.9597166708828737,0.0,67.78888354697847,15.230360867019044
5,x,3,"['z', 'x', 'x', 'x', 'x']",0.01,m2,100000,96568,0,0,1002,0.9754540495767591,0.0,68.68653823202476,15.43424502297421
5,x,4,"['x', 'z', 'x', 'x', 'x']",0.01,m2,100000,94306,0,0,1157,0.954098924557126,0.0,122.55107940299786,28.111899484007154
5,x,5,"['z', 'z', 'x', 'x', 'x']",0.01,m2,100000,98776,0,0,601,0.9937323313111802,0.0,67.26091938599711,15.607042990013724
5,x,6,"['x', 'x', 'z', 'x', 'x']",0.01,m2,100000,95294,0,0,1052,0.963071512309496,0.0,66.07086729400908,-12.165955368021969
5,x,7,"['z', 'x', 'z', 'x', 'x']",0.01,m2,100000,97296,0,0,837,0.9811724130976271,0.0,127.49142329199822,28.64976912998827
5,x,8,"['x', 'z', 'z', 'x', 'x']",0.01,m2,100000,96198,0,1,819,0.9699236748974098,0.0,123.04388384797494,28.89872474502772
5,x,9,"['z', 'z', 'z', 'x', 'x']",0.01,m2,100000,99290,0,0,710,1.0,0.0,23.209924117982155,6.1772056740301196
5,x,10,"['x', 'x', 'x', 'z', 'x']",0.01,m2,100000,95118,0,0,1061,0.9613802443930098,0.0,59.50733998499345,7.052487537002889
5,x,11,"['z', 'x', 'x', 'z', 'x']",0.01,m2,100000,96968,0,0,947,0.9789506627764933,0.0,127.58966937102377,28.538803890987765
5,x,12,"['x', 'z', 'x', 'z', 'x']",0.01,m2,100000,95933,0,1,856,0.9676127652707174,0.0,76.78527353398385,3.6927073410188314
5,x,13,"['z', 'z', 'x', 'z', 'x']",0.01,m2,100000,98413,0,0,791,0.9919765343870012,0.0,44.77690764400177,12.526611133973347
5,x,14,"['x', 'x', 'z', 'z', 'x']",0.01,m2,100000,94410,2,4,1104,0.9546392169551853,2.1184196589363324e-05,44.785666240000864,108.50024435599335
5,x,15,"['z', 'x', 'z', 'z', 'x']",0.01,m2,100000,96759,4,8,996,0.9773241485192518,4.1339823685704324e-05,127.54688458400778,30.03211759001715
5,x,16,"['x', 'z', 'z', 'z', 'x']",0.01,m2,100000,95096,774,1545,1091,0.961449413096887,0.00813914360225454,122.63571032500477,30.085441691975575
5,x,17,"['z', 'z', 'z', 'z', 'x']",0.01,m2,100000,100000,0,0,0,1.0,0.0,66.76359715597937,15.465231165027944
5,x,18,"['x', 'x', 'x', 'x', 'z']",0.01,m2,100000,94775,0,0,990,0.9572265427734572,0.0,43.76628005999373,10.26916254599928
5,x,19,"['z', 'x', 'x', 'x', 'z']",0.01,m2,100000,96801,0,0,945,0.9772449649184797,0.0,45.12622166698566,11.212268460018095
5,x,20,"['x', 'z', 'x', 'x', 'z']",0.01,m2,100000,95575,0,1,951,0.96492645054468,0.0,119.16855783297797,-30.66079911898123
5,x,21,"['z', 'z', 'x', 'x', 'z']",0.01,m2,100000,98064,0,0,912,0.9896657516550945,0.0,127.18058858299628,28.584988344984595
5,x,22,"['x', 'x', 'z', 'x', 'z']",0.01,m2,100000,94240,3,6,1210,0.9539427067516956,3.1833616298770906e-05,122.44581547399866,28.431923611991806
5,x,23,"['z', 'x', 'z', 'x', 'z']",0.01,m2,100000,97411,2,4,716,0.981134926070666,2.0531562143877302e-05,127.95217894698726,29.504369968024548
5,x,24,"['x', 'z', 'z', 'x', 'z']",0.01,m2,100000,93256,812,1625,1204,0.9439248552572979,0.008707214549197873,122.91877569200005,28.389039923000382
5,x,25,"['z', 'z', 'z', 'x', 'z']",0.01,m2,100000,98085,0,0,1915,1.0,0.0,43.87109715800034,41.411017236998305
5,x,26,"['x', 'x', 'x', 'z', 'z']",0.01,m2,100000,95515,2,5,975,0.9645544054531684,2.0939119510066106e-05,43.84447725798236,10.578928170027211
5,x,27,"['z', 'x', 'x', 'z', 'z']",0.01,m2,100000,98084,3,6,601,0.9867704906487993,3.058602830230406e-05,111.1402643499896,-49.8555539890076
5,x,28,"['x', 'z', 'x', 'z', 'z']",0.01,m2,100000,94365,744,1489,1172,0.954840733395394,0.007884279128914318,43.554002777993446,13.136239172017667
5,x,29,"['z', 'z', 'x', 'z', 'z']",0.01,m2,100000,98397,2,3,772,0.9916253476841215,2.0325822941758e-05,127.43700345401885,-6.33088221802609
5,x,30,"['x', 'x', 'z', 'z', 'z']",0.01,m2,100000,95574,887,1770,963,0.9650332703938932,0.00928076673572309,123.08003225299763,30.096354181994684
5,x,31,"['z', 'x', 'z', 'z', 'z']",0.01,m2,100000,97887,708,1403,703,0.9858001752318801,0.007232829691378839,127.96879425499355,30.43447082702187
5,x,32,"['x', 'z', 'z', 'z', 'z']",0.01,m2,100000,95577,1515,0,1036,0.9657754334909664,0.015851093882419454,111.07342199402046,-22.140573771030176
5,z,2,"['z', 'x', 'x', 'x', 'x']",0.01,m2,100000,96589,590,1175,1017,0.9758140286715901,0.006108356023977857,45.242959369003074,11.698944565985585
5,z,3,"['x', 'z', 'x', 'x', 'x']",0.01,m2,100000,94235,834,1668,1179,0.9535928598172453,0.00885021488831117,43.515057476994116,10.77542235000874
5,z,4,"['z', 'z', 'x', 'x', 'x']",0.01,m2,100000,98768,2,5,601,0.9936518476041006,2.0249473513644922e-05,127.87648334700498,29.64300529198954
5,z,5,"['x', 'x', 'z', 'x', 'x']",0.01,m2,100000,95311,784,1567,1048,0.9632043819225483,0.008225703224181924,122.97736001000158,29.306404922012007
5,z,6,"['z', 'x', 'z', 'x', 'x']",0.01,m2,100000,97269,2,4,845,0.9809792748726741,2.0561535535423836e-05,127.95873755399953,29.4144642809988
5,z,7,"['x', 'z', 'z', 'x', 'x']",0.01,m2,100000,96139,2,4,836,0.9694949780162155,2.0803212015918504e-05,123.43017471398343,29.117026847990928
5,z,8,"['z', 'z', 'z', 'x', 'x']",0.01,m2,100000,99284,0,0,716,1.0,0.0,44.65624701799243,110.80493404800654
5,z,9,"['x', 'x', 'x', 'z', 'x']",0.01,m2,100000,95084,669,1338,1073,0.9611531735522153,0.0070358840604097805,62.35204420000082,32.95155393698951
5,z,10,"['z', 'x', 'x', 'z', 'x']",0.01,m2,100000,97001,0,1,932,0.9791355432632132,0.0,45.11928131300374,11.52277832699474
5,z,11,"['x', 'z', 'x', 'z', 'x']",0.01,m2,100000,95937,2,3,863,0.9677214359926163,2.084701418636481e-05,44.008504778990755,72.0751477930171
5,z,12,"['z', 'z', 'x', 'z', 'x']",0.01,m2,100000,98421,0,0,789,0.9920371732973158,0.0,127.53410353002255,29.853631109988783
5,z,13,"['x', 'x', 'z', 'z', 'x']",0.01,m2,100000,94481,2,3,1100,0.9553185035389282,2.1168277219763e-05,123.0367912639922,29.149781198007986
5,z,14,"['z', 'x', 'z', 'z', 'x']",0.01,m2,100000,96400,0,0,1096,0.9746825204238454,0.0,45.13235537701985,11.260163895000005
5,z,15,"['x', 'z', 'z', 'z', 'x']",0.01,m2,100000,95152,0,0,1080,0.9619086130206227,0.0,43.49954527299269,10.583659069001442
5,z,16,"['z', 'z', 'z', 'z', 'x']",0.01,m2,100000,100000,0,0,0,1.0,0.0,67.38873632601462,15.18668188698939
5,z,17,"['x', 'x', 'x', 'x', 'z']",0.01,m2,100000,94876,760,1521,922,0.9575889703062234,0.008010455752772039,123.22154533700086,29.326569787983317
5,z,18,"['z', 'x', 'x', 'x', 'z']",0.01,m2,100000,96762,2,4,906,0.9764667891093305,2.0669270994866373e-05,129.23308581497986,-58.91886995898676
5,z,19,"['x', 'z', 'x', 'x', 'z']",0.01,m2,100000,95507,2,3,963,0.9643567555560043,2.09408734438421e-05,123.31612102501094,27.928761610004585
5,z,20,"['z', 'z', 'x', 'x', 'z']",0.01,m2,100000,98015,0,0,931,0.9893609504486772,0.0,127.2526104169956,16.46890653698938
5,z,21,"['x', 'x', 'z', 'x', 'z']",0.01,m2,100000,94322,0,1,1202,0.9546954391789307,0.0,122.59696082299342,27.519219167006668
5,z,22,"['z', 'x', 'z', 'x', 'z']",0.01,m2,100000,97480,0,0,703,0.9817013605647703,0.0,45.33057824301068,11.363055490975967
5,z,23,"['x', 'z', 'z', 'x', 'z']",0.01,m2,100000,93159,0,0,1220,0.9430957683741648,0.0,43.52051747098449,10.495170089008752
5,z,24,"['z', 'z', 'z', 'x', 'z']",0.01,m2,100000,98078,0,0,1922,1.0,0.0,66.76594670501072,15.559938986989437
5,z,25,"['x', 'x', 'x', 'z', 'z']",0.01,m2,100000,95596,0,1,949,0.9651189791117707,0.0,95.3974706850131,-9.735086284024874
5,z,26,"['z', 'x', 'x', 'z', 'z']",0.01,m2,100000,98057,0,0,606,0.9865484838119001,0.0,45.41539223000291,11.868216053000651
5,z,27,"['x', 'z', 'x', 'z', 'z']",0.01,m2,100000,94431,0,0,1171,0.95549889202562,0.0,121.43631850898964,-74.74453085599816
5,z,28,"['z', 'z', 'x', 'z', 'z']",0.01,m2,100000,98412,0,0,766,0.9917165487635287,0.0,67.51817517000018,10.569505444000242
5,z,29,"['x', 'x', 'z', 'z', 'z']",0.01,m2,100000,95600,0,0,966,0.965325039885292,0.0,54.32441190001555,13.004523926007096
5,z,30,"['z', 'x', 'z', 'z', 'z']",0.01,m2,100000,97857,0,0,716,0.9856270899641433,0.0,24.326222701987717,6.544775565038435
5,z,31,"['x', 'z', 'z', 'z', 'z']",0.01,m2,100000,95634,0,0,1020,0.9661951909476661,0.0,59.35091753298184,-37.15263191200211
5,z,32,"['z', 'z', 'z', 'z', 'z']",0.01,m2,100000,94747,0,0,1430,0.9612153799330425,0.0,0.30839977401774377,0.008665728993946686
4,x,2,"['x', 'x', 'x', 'x']",0.01,normal,100000,99085,0,0,0,0.99085,0.0,29.78616222902201,8.425925063987961
4,x,3,"['z', 'x', 'x', 'x']",0.01,normal,100000,99321,0,0,0,0.99321,0.0,11.321203219005838,24.635431424016133
4,x,4,"['x', 'z', 'x', 'x']",0.01,normal,100000,98700,0,1,0,0.987,0.0,29.067368552990956,-2.6698446919908747
4,x,5,"['z', 'z', 'x', 'x']",0.01,normal,100000,99448,0,0,0,0.99448,0.0,31.4963414259837,8.815974008000921
4,x,6,"['x', 'x', 'z', 'x']",0.01,normal,100000,98539,0,0,0,0.98539,0.0,22.4315155170043,3.8926592350180726
4,x,7,"['z', 'x', 'z', 'x']",0.01,normal,100000,99337,0,1,0,0.99337,0.0,60.62331599899335,16.649139419023413
4,x,8,"['x', 'z', 'z', 'x']",0.01,normal,100000,98851,311,620,0,0.98851,0.003146149254939279,51.5205682819942,22.524153358011972
4,x,9,"['z', 'z', 'z', 'x']",0.01,normal,100000,100000,0,0,0,1.0,0.0,31.617010607995326,8.743371765012853
4,x,10,"['x', 'x', 'x', 'z']",0.01,normal,100000,98542,0,0,0,0.98542,0.0,56.47675745701417,16.394394305010792
4,x,11,"['z', 'x', 'x', 'z']",0.01,normal,100000,99389,0,1,0,0.99389,0.0,61.42196087099728,-21.33091088902438
4,x,12,"['x', 'z', 'x', 'z']",0.01,normal,100000,98707,312,621,0,0.98707,0.003160870049743192,56.436463667982025,16.953586437011836
4,x,13,"['z', 'z', 'x', 'z']",0.01,normal,100000,99337,4,7,0,0.99337,4.026697001113799e-05,21.290212399995653,10.676294065022375
4,x,14,"['x', 'x', 'z', 'z']",0.01,normal,100000,98844,297,592,0,0.98844,0.0030047347335194763,20.158826950995717,17.131185359990923
4,x,15,"['z', 'x', 'z', 'z']",0.01,normal,100000,99448,343,686,0,0.99448,0.003449038693588591,60.71678914700169,17.532248963980237
4,x,16,"['x', 'z', 'z', 'z']",0.01,normal,100000,99058,905,0,0,0.99058,0.009136061701225495,56.465370908001205,18.031497373012826
4,z,2,"['z', 'x', 'x', 'x']",0.01,normal,100000,99321,250,498,0,0.99321,0.0025170910482174014,60.541066028003115,17.43157577898819
4,z,3,"['x', 'z', 'x', 'x']",0.01,normal,100000,98703,271,542,0,0.98703,0.0027456105690809585,20.123074631002964,6.3236738159903325
4,z,4,"['z', 'z', 'x', 'x']",0.01,normal,100000,99442,0,1,0,0.99442,0.0,59.61568175398861,-0.7636456729960628
4,z,5,"['x', 'x', 'z', 'x']",0.01,normal,100000,98567,232,465,0,0.98567,0.002353728935647781,20.056474657991203,6.479961682023713
4,z,6,"['z', 'x', 'z', 'x']",0.01,normal,100000,99220,0,0,0,0.9922,0.0,60.688813813991146,0.1911073430092074
4,z,7,"['x', 'z', 'z', 'x']",0.01,normal,100000,98839,2,3,0,0.98839,2.023492750835576e-05,56.17514399299398,7.2457346330047585
4,z,8,"['z', 'z', 'z', 'x']",0.01,normal,100000,100000,0,0,0,1.0,0.0,31.16152415200486,8.512791791989002
4,z,9,"['x', 'x', 'x', 'z']",0.01,normal,100000,98542,222,443,0,0.98542,0.002252846501999195,19.999754566000775,6.367999554000562
4,z,10,"['z', 'x', 'x', 'z']",0.01,normal,100000,99389,1,2,0,0.99389,1.0061475615996684e-05,21.29858656198485,40.171127506007906
4,z,11,"['x', 'z', 'x', 'z']",0.01,normal,100000,98707,0,1,0,0.98707,0.0,27.127368557994487,-0.798613649996696
4,z,12,"['z', 'z', 'x', 'z']",0.01,normal,100000,99376,0,0,0,0.99376,0.0,11.080262295989087,18.663639278005576
4,z,13,"['x', 'x', 'z', 'z']",0.01,normal,100000,98847,0,0,0,0.98847,0.0,41.95446148799965,-25.40706917399075
4,z,14,"['z', 'x', 'z', 'z']",0.01,normal,100000,99500,0,0,0,0.995,0.0,22.305292585020652,-8.562525172019377
4,z,15,"['x', 'z', 'z', 'z']",0.01,normal,100000,99058,0,0,0,0.99058,0.0,18.513480012014043,-5.365079960029107
4,z,16,"['z', 'z', 'z', 'z']",0.01,normal,100000,98696,0,0,0,0.98696,0.0,0.04889027401804924,0.0009176669700536877
4,x,2,"['x', 'x', 'x', 'x']",0.01,m1,100000,99067,0,0,0,0.99067,0.0,0.5573312060150784,0.17254653299460188
4,x,3,"['z', 'x', 'x', 'x']",0.01,m1,100000,99251,0,0,0,0.99251,0.0,0.5434677160228603,0.16258596300031058
4,x,4,"['x', 'z', 'x', 'x']",0.01,m1,100000,99048,1,2,0,0.99048,1.0096115014901486e-05,29.36576893599704,8.865830902010202
4,x,5,"['z', 'z', 'x', 'x']",0.01,m1,100000,99546,0,0,0,0.99546,0.0,0.6132657499983907,0.3049748930206988
4,x,6,"['x', 'x', 'z', 'x']",0.01,m1,100000,98819,0,0,0,0.98819,0.0,53.90392243000679,15.862699236982735
4,x,7,"['z', 'x', 'z', 'x']",0.01,m1,100000,99431,0,0,0,0.99431,0.0,31.559907231014222,8.931183457985753
4,x,8,"['x', 'z', 'z', 'x']",0.01,m1,100000,98685,288,577,0,0.98685,0.002918376652986776,54.019548829004634,-6.446379725006409
4,x,9,"['z', 'z', 'z', 'x']",0.01,m1,100000,100000,0,0,0,1.0,0.0,0.32490016499650665,0.08739336198777892
4,x,10,"['x', 'x', 'x', 'z']",0.01,m1,100000,98848,1,2,0,0.98848,1.0116542570437481e-05,19.733538600004977,6.012487240979681
4,x,11,"['z', 'x', 'x', 'z']",0.01,m1,100000,99292,0,0,0,0.99292,0.0,20.216454575012904,22.18733045196859
4,x,12,"['x', 'z', 'x', 'z']",0.01,m1,100000,98910,235,470,0,0.9891,0.002375897280355921,56.902773386012996,13.81730910699116
4,x,13,"['z', 'z', 'x', 'z']",0.01,m1,100000,99641,0,0,0,0.99641,0.0,31.73517799799447,8.513799882028252
4,x,14,"['x', 'x', 'z', 'z']",0.01,m1,100000,98505,243,486,0,0.98505,0.002466879853814552,44.138183056988055,-17.92388732000836
4,x,15,"['z', 'x', 'z', 'z']",0.01,m1,100000,99246,214,427,0,0.99246,0.002156258186727933,59.24698483699467,16.124829522013897
4,x,16,"['x', 'z', 'z', 'z']",0.01,m1,100000,99184,687,0,0,0.99184,0.0069265204065172,19.819955192011548,6.6153427609824575
4,z,2,"['z', 'x', 'x', 'x']",0.01,m1,100000,99251,238,473,0,0.99251,0.0023979607258365343,58.02787550500943,-6.070651299029123
4,z,3,"['x', 'z', 'x', 'x']",0.01,m1,100000,99094,318,635,0,0.99094,0.003209074212364049,56.76579877600307,-8.36552625297918
4,z,4,"['z', 'z', 'x', 'x']",0.01,m1,100000,99496,1,2,0,0.99496,1.0050655302684675e-05,11.108590026997263,19.171281842020107
4,z,5,"['x', 'x', 'z', 'x']",0.01,m1,100000,98794,244,489,0,0.98794,0.0024697856145110553,56.58879136198084,-19.27371249796124
4,z,6,"['z', 'x', 'z', 'x']",0.01,m1,100000,99431,0,0,0,0.99431,0.0,58.1687352360168,-15.001128761010477
4,z,7,"['x', 'z', 'z', 'x']",0.01,m1,100000,98701,0,1,0,0.98701,0.0,19.787584231991787,6.021393975999672
4,z,8,"['z', 'z', 'z', 'x']",0.01,m1,100000,100000,0,0,0,1.0,0.0,0.1668332580011338,0.041223869018722326
4,z,9,"['x', 'x', 'x', 'z']",0.01,m1,100000,98818,236,471,0,0.98818,0.0023882288651865258,19.092676818982,12.4681321750395
4,z,10,"['z', 'x', 'x', 'z']",0.01,m1,100000,99292,0,1,0,0.99292,0.0,27.712634927011095,-11.687771860015346
4,z,11,"['x', 'z', 'x', 'z']",0.01,m1,100000,98910,0,0,0,0.9891,0.0,49.08421387601993,-33.195151904044906
4,z,12,"['z', 'z', 'x', 'z']",0.01,m1,100000,99725,0,0,0,0.99725,0.0,0.18440280799404718,0.03695441098534502
4,z,13,"['x', 'x', 'z', 'z']",0.01,m1,100000,98544,0,0,0,0.98544,0.0,22.495361620996846,3.7084096939943265
4,z,14,"['z', 'x', 'z', 'z']",0.01,m1,100000,99246,0,0,0,0.99246,0.0,0.8012653369805776,0.1034518150263466
4,z,15,"['x', 'z', 'z', 'z']",0.01,m1,100000,99184,0,0,0,0.99184,0.0,0.2788050640083384,0.04218327099806629
4,z,16,"['z', 'z', 'z', 'z']",0.01,m1,100000,99071,0,0,0,0.99071,0.0,0.04820857601589523,0.0019112130103167146
4,x,2,"['x', 'x', 'x', 'x']",0.01,m2,100000,99067,0,0,295,0.9936011233137756,0.0,0.4950148119824007,0.1526015470153652
4,x,3,"['z', 'x', 'x', 'x']",0.01,m2,100000,99251,0,0,381,0.9963059255764463,0.0,0.42736336099915206,0.08835290500428528
4,x,4,"['x', 'z', 'x', 'x']",0.01,m2,100000,99048,1,2,310,0.993560036111947,1.0096115014901486e-05,29.34659793798346,8.742844411026454
4,x,5,"['z', 'z', 'x', 'x']",0.01,m2,100000,99546,0,0,454,1.0,0.0,0.4457185269857291,0.16218008901341818
4,x,6,"['x', 'x', 'z', 'x']",0.01,m2,100000,98819,0,0,336,0.9915215122812651,0.0,53.793180406006286,15.889817403978668
4,x,7,"['z', 'x', 'z', 'x']",0.01,m2,100000,99431,0,0,268,0.9969819115228813,0.0,31.43452587601496,8.706279469974106
4,x,8,"['x', 'z', 'z', 'x']",0.01,m2,100000,98685,288,577,412,0.9909326424870466,0.002918376652986776,19.229107074002968,6.2669502059870865
4,x,9,"['z', 'z', 'z', 'x']",0.01,m2,100000,100000,0,0,0,1.0,0.0,0.32730948500102386,0.08143824699800462
4,x,10,"['x', 'x', 'x', 'z']",0.01,m2,100000,98848,1,2,338,0.9918323934899962,1.0116542570437481e-05,55.43987924902467,-19.090205882006558
4,x,11,"['z', 'x', 'x', 'z']",0.01,m2,100000,99292,0,0,338,0.9962874515863619,0.0,20.345759048999753,6.605040779017145
4,x,12,"['x', 'z', 'x', 'z']",0.01,m2,100000,98910,235,470,339,0.9924644545007576,0.002375897280355921,56.5579603369988,17.04262034900603
4,x,13,"['z', 'z', 'x', 'z']",0.01,m2,100000,99641,0,0,359,1.0,0.0,31.354870465002023,8.308433112979401
4,x,14,"['x', 'x', 'z', 'z']",0.01,m2,100000,98505,243,486,514,0.9901393160846752,0.002466879853814552,57.385652046999894,5.46057181499782
4,x,15,"['z', 'x', 'z', 'z']",0.01,m2,100000,99246,214,427,361,0.9960557612982868,0.002156258186727933,57.80932880900218,16.3819278459996
4,x,16,"['x', 'z', 'z', 'z']",0.01,m2,100000,99184,687,0,248,0.9943058785788756,0.0069265204065172,19.698827843007166,40.142642417980824
4,z,2,"['z', 'x', 'x', 'x']",0.01,m2,100000,99251,238,473,381,0.9963059255764463,0.0023979607258365343,20.130219101003604,6.785002076008823
4,z,3,"['x', 'z', 'x', 'x']",0.01,m2,100000,99094,318,635,273,0.9936526717939976,0.003209074212364049,56.306748363014776,-7.212671729997965
4,z,4,"['z', 'z', 'x', 'x']",0.01,m2,100000,99496,1,2,504,1.0,1.0050655302684675e-05,31.440975212986814,7.892436578986235
4,z,5,"['x', 'x', 'z', 'x']",0.01,m2,100000,98794,244,489,360,0.9915094339622641,0.0024697856145110553,56.21719153400045,-3.5677402930159587
4,z,6,"['z', 'x', 'z', 'x']",0.01,m2,100000,99431,0,0,268,0.9969819115228813,0.0,20.415260771027533,8.72347085995716
4,z,7,"['x', 'z', 'z', 'x']",0.01,m2,100000,98701,0,1,413,0.9911032564491349,0.0,19.602113066008314,27.40384949298459
4,z,8,"['z', 'z', 'z', 'x']",0.01,m2,100000,100000,0,0,0,1.0,0.0,0.15879319398663938,0.046122089988784865
4,z,9,"['x', 'x', 'x', 'z']",0.01,m2,100000,98818,236,471,353,0.9916806326331952,0.0023882288651865258,18.943309344991576,8.470227031008108
4,z,10,"['z', 'x', 'x', 'z']",0.01,m2,100000,99292,0,1,338,0.9962874515863619,0.0,29.83839381998405,-7.58562737799366
4,z,11,"['x', 'z', 'x', 'z']",0.01,m2,100000,98910,0,0,339,0.9924644545007576,0.0,41.518163393979194,-21.7652877959772
4,z,12,"['z', 'z', 'x', 'z']",0.01,m2,100000,99725,0,0,275,1.0,0.0,0.36799626500578597,0.09762008901452646
4,z,13,"['x', 'x', 'z', 'z']",0.01,m2,100000,98544,0,0,492,0.9903123366965471,0.0,16.770594947010977,-3.3534563560097013
4,z,14,"['z', 'x', 'z', 'z']",0.01,m2,100000,99246,0,0,361,0.9960557612982868,0.0,0.6222763599944301,0.10980505400220864
4,z,15,"['x', 'z', 'z', 'z']",0.01,m2,100000,99184,0,0,248,0.9943058785788756,0.0,0.7238683070172556,0.12140210496727377
4,z,16,"['z', 'z', 'z', 'z']",0.01,m2,100000,99071,0,0,343,0.9941198310204,0.0,0.03963377999025397,0.001692910009296611
3,x,2,"['x', 'x', 'x']",0.01,normal,100000,99666,0,0,0,0.99666,0.0,0.18318692699540406,0.0957188910106197
3,x,3,"['z', 'x', 'x']",0.01,normal,100000,99867,0,0,0,0.99867,0.0,0.15051218000007793,0.07172755501233041
3,x,4,"['x', 'z', 'x']",0.01,normal,100000,99693,117,234,0,0.99693,0.0011736029610905918,1.1905324889812618,0.47822285201982595
3,x,5,"['z', 'z', 'x']",0.01,normal,100000,100000,0,0,0,1.0,0.0,0.0817465239961166,0.032675438007572666
3,x,6,"['x', 'x', 'z']",0.01,normal,100000,99529,134,267,0,0.99529,0.001346341267369322,2.0359124599781353,0.615731907018926
3,x,7,"['z', 'x', 'z']",0.01,normal,100000,99928,144,285,0,0.99928,0.001441037547033841,1.3580133729847148,0.4531363880087156
3,x,8,"['x', 'z', 'z']",0.01,normal,100000,99779,333,0,0,0.99779,0.0033373756000761867,2.3108190079801716,1.6511243559943978
3,z,2,"['z', 'x', 'x']",0.01,normal,100000,99871,114,229,0,0.99871,0.001141472499524343,1.325956643995596,0.1380491610034369
3,z,3,"['x', 'z', 'x']",0.01,normal,100000,99658,106,211,0,0.99658,0.001063637640731252,3.3699990400054958,-1.139032993989531
3,z,4,"['z', 'z', 'x']",0.01,normal,100000,100000,0,0,0,1.0,0.0,0.10364862301503308,0.051916417985921726
3,z,5,"['x', 'x', 'z']",0.01,normal,100000,99561,114,228,0,0.99561,0.001145026667068394,0.6953968680172693,0.8225938449904788
3,z,6,"['z', 'x', 'z']",0.01,normal,100000,99928,0,1,0,0.99928,0.0,0.16116811500978656,0.058468904986511916
3,z,7,"['x', 'z', 'z']",0.01,normal,100000,99779,0,0,0,0.99779,0.0,0.19053406600141898,0.03750188599224202
3,z,8,"['z', 'z', 'z']",0.01,normal,100000,99587,0,0,0,0.99587,0.0,0.01084427599562332,-0.000487578974571079
3,x,2,"['x', 'x', 'x']",0.01,m1,100000,99725,0,0,0,0.99725,0.0,0.0514571139938198,0.02116937903338112
3,x,3,"['z', 'x', 'x']",0.01,m1,100000,99925,0,0,0,0.99925,0.0,0.03731635902659036,0.01073384698247537
3,x,4,"['x', 'z', 'x']",0.01,m1,100000,99719,143,286,0,0.99719,0.0014340296232413507,0.13946786802262068,0.008417771983658895
3,x,5,"['z', 'z', 'x']",0.01,m1,100000,100000,0,0,0,1.0,0.0,0.017139164003310725,0.0051209589873906225
3,x,6,"['x', 'x', 'z']",0.01,m1,100000,99736,152,304,0,0.99736,0.0015240234218336646,0.3520904180186335,-0.00794639703235589
3,x,7,"['z', 'x', 'z']",0.01,m1,100000,99925,85,170,0,0.99925,0.0008506379784838369,0.11653224399196915,0.050464662024751306
3,x,8,"['x', 'z', 'z']",0.01,m1,100000,99732,304,0,0,0.99732,0.003048169093169739,0.34118209601729177,-0.17503937901346944
3,z,2,"['z', 'x', 'x']",0.01,m1,100000,99925,99,198,0,0.99925,0.0009907430572929643,0.04613365500699729,0.019921108993003145
3,z,3,"['x', 'z', 'x']",0.01,m1,100000,99735,160,320,0,0.99735,0.001604251265854506,0.20308917801594362,0.14911822296562605
3,z,4,"['z', 'z', 'x']",0.01,m1,100000,100000,0,0,0,1.0,0.0,0.02090215601492673,0.013970031985081732
3,z,5,"['x', 'x', 'z']",0.01,m1,100000,99737,135,270,0,0.99737,0.0013535598624382361,0.16264222902827896,-0.0325323180295527
3,z,6,"['z', 'x', 'z']",0.01,m1,100000,99925,0,0,0,0.99925,0.0,0.06907392598805018,-0.0180849059834145
3,z,7,"['x', 'z', 'z']",0.01,m1,100000,99732,0,1,0,0.99732,0.0,0.05248499498702586,0.011905346007551998
3,z,8,"['z', 'z', 'z']",0.01,m1,100000,99715,0,0,0,0.99715,0.0,0.0030853310017846525,-0.00017186300829052925
3,x,2,"['x', 'x', 'x']",0.01,m2,100000,99725,0,0,133,0.9985781088848168,0.0,0.040706052008317783,0.014489758992567658
3,x,3,"['z', 'x', 'x']",0.01,m2,100000,99925,0,0,75,1.0,0.0,0.027895444014575332,0.008359865983948112
3,x,4,"['x', 'z', 'x']",0.01,m2,100000,99719,143,286,148,0.99866802868245,0.0014340296232413507,0.14489654899807647,-0.03239899399341084
3,x,5,"['z', 'z', 'x']",0.01,m2,100000,100000,0,0,0,1.0,0.0,0.019662325008539483,0.006682843988528475
3,x,6,"['x', 'x', 'z']",0.01,m2,100000,99736,152,304,133,0.9986882553796549,0.0015240234218336646,0.34088493397575803,-0.020944569958373904
3,x,7,"['z', 'x', 'z']",0.01,m2,100000,99925,85,170,75,1.0,0.0008506379784838369,0.10329105198616162,0.04917776200454682
3,x,8,"['x', 'z', 'z']",0.01,m2,100000,99732,304,0,127,0.9985882070229191,0.003048169093169739,0.3400460109987762,-0.07613428399781696
3,z,2,"['z', 'x', 'x']",0.01,m2,100000,99925,99,198,75,1.0,0.0009907430572929643,0.113629225990735,0.0002086180029436946
3,z,3,"['x', 'z', 'x']",0.01,m2,100000,99735,160,320,127,0.9986182451713677,0.001604251265854506,0.18681997299427167,0.06126991502242163
3,z,4,"['z', 'z', 'x']",0.01,m2,100000,100000,0,0,0,1.0,0.0,0.013541154999984428,0.004300314991269261
3,z,5,"['x', 'x', 'z']",0.01,m2,100000,99737,135,270,126,0.998628271622244,0.0013535598624382361,0.11302161699859425,0.08720192898181267
3,z,6,"['z', 'x', 'z']",0.01,m2,100000,99925,0,0,75,1.0,0.0,0.03035612902021967,0.01398437298485078
3,z,7,"['x', 'z', 'z']",0.01,m2,100000,99732,0,1,127,0.9985882070229191,0.0,0.04353823699057102,0.01289076401735656
3,z,8,"['z', 'z', 'z']",0.01,m2,100000,99715,0,0,145,0.9985979670522257,0.0,0.0051759189809672534,0.0007067880069371313
