n,lstate,i,meas_type,p_error,sim_type,shots,count_accept,count_logerror,count_undecided,count_detect_discard,prep_rate,LER,detect_normal,decoding_normal
5,x,2,"['x', 'x', 'x', 'x', 'x']",0.01,normal,100000,2732,0,0,0,0.02732,0.0,50.85882380100065,8.805687318998935
5,x,3,"['z', 'x', 'x', 'x', 'x']",0.01,normal,100000,6016,0,0,0,0.06016,0.0,72.15929351100021,18.8869592179999
5,x,4,"['x', 'z', 'x', 'x', 'x']",0.01,normal,100000,3213,0,0,0,0.03213,0.0,56.25640908400055,11.4272650289995
5,x,5,"['z', 'z', 'x', 'x', 'x']",0.01,normal,100000,13345,0,0,0,0.13345,0.0,86.50708557300004,26.198497144000612
5,x,6,"['x', 'x', 'z', 'x', 'x']",0.01,normal,100000,3105,0,0,0,0.03105,0.0,51.46630400600043,9.051560873998824
5,x,7,"['z', 'x', 'z', 'x', 'x']",0.01,normal,100000,7061,1,2,0,0.07061,0.00014162299957509727,76.92305016899991,21.037238986000375
5,x,8,"['x', 'z', 'z', 'x', 'x']",0.01,normal,100000,3938,48,82,0,0.03938,0.012188928390045706,20.57519646200035,3.197567808999338
5,x,9,"['z', 'z', 'z', 'x', 'x']",0.01,normal,100000,31275,0,0,0,0.31275,0.0,98.48173125899939,33.01177365100102
5,x,10,"['x', 'x', 'x', 'z', 'x']",0.01,normal,100000,3192,0,0,0,0.03192,0.0,17.824799977999646,2.8709656600003655
5,x,11,"['z', 'x', 'x', 'z', 'x']",0.01,normal,100000,6942,3,6,0,0.06942,0.0004321521175453258,72.88178382600017,19.59063147100005
5,x,12,"['x', 'z', 'x', 'z', 'x']",0.01,normal,100000,3712,72,134,0,0.03712,0.0193965517241379,23.411749547,1.609219889999622
5,x,13,"['z', 'z', 'x', 'z', 'x']",0.01,normal,100000,18026,32,57,0,0.18026,0.0017752135803839053,35.97257847600031,5.350136093999936
5,x,14,"['x', 'x', 'z', 'z', 'x']",0.01,normal,100000,3872,128,241,0,0.03872,0.03305785123966942,24.007375699000477,1.8017013749995385
5,x,15,"['z', 'x', 'z', 'z', 'x']",0.01,normal,100000,11876,1132,1915,0,0.11876,0.09531828898619066,102.1599053050004,3.955893140999251
5,x,16,"['x', 'z', 'z', 'z', 'x']",0.01,normal,100000,8763,3193,5660,0,0.08763,0.364372931644414,79.17662739700063,2.907779465999738
5,x,17,"['z', 'z', 'z', 'z', 'x']",0.01,normal,100000,100000,0,0,0,1.0,0.0,44.11122773100033,11.04662944699976
5,x,18,"['x', 'x', 'x', 'x', 'z']",0.01,normal,100000,3661,0,1,0,0.03661,0.0,68.04880283700004,-8.976540180000484
5,x,19,"['z', 'x', 'x', 'x', 'z']",0.01,normal,100000,7334,4,6,0,0.07334,0.0005454049631851143,33.866404250000414,1.6072550760000013
5,x,20,"['x', 'z', 'x', 'x', 'z']",0.01,normal,100000,3734,81,152,0,0.03734,0.0216925549009106,75.08032087999982,1.1786838940006419
5,x,21,"['z', 'z', 'x', 'x', 'z']",0.01,normal,100000,16745,18,31,0,0.16745,0.001074947745595689,111.62190698799986,4.443437171000369
5,x,22,"['x', 'x', 'z', 'x', 'z']",0.01,normal,100000,3654,122,212,0,0.03654,0.03338806787082649,68.69517978799922,1.1202116010008467
5,x,23,"['z', 'x', 'z', 'x', 'z']",0.01,normal,100000,9381,602,1051,0,0.09381,0.06417226308495894,100.00452669199967,-26.50635658399915
5,x,24,"['x', 'z', 'z', 'x', 'z']",0.01,normal,100000,6088,1889,3462,0,0.06088,0.31028252299605785,28.669690052000078,2.328347947000111
5,x,25,"['z', 'z', 'z', 'x', 'z']",0.01,normal,100000,52931,286,489,0,0.52931,0.005403260849029867,58.4023422249993,-7.6544622489991525
5,x,26,"['x', 'x', 'x', 'z', 'z']",0.01,normal,100000,3763,136,242,0,0.03763,0.03614137656125427,68.07587078899996,-9.575277095999809
5,x,27,"['z', 'x', 'x', 'z', 'z']",0.01,normal,100000,8958,571,972,0,0.08958,0.0637419066755972,63.121149044999584,30.526089695001247
5,x,28,"['x', 'z', 'x', 'z', 'z']",0.01,normal,100000,5173,1486,2689,0,0.05173,0.2872607771119273,27.74688316299944,12.358621549000418
5,x,29,"['z', 'z', 'x', 'z', 'z']",0.01,normal,100000,29290,3560,5163,0,0.2929,0.12154318880163884,115.81391713799985,-47.35687601100017
5,x,30,"['x', 'x', 'z', 'z', 'z']",0.01,normal,100000,5048,1402,2357,0,0.05048,0.2777337559429477,69.13753255099982,1.493390501000249
5,x,31,"['z', 'x', 'z', 'z', 'z']",0.01,normal,100000,16486,5738,7589,0,0.16486,0.34805289336406653,102.1339295380003,4.9045284009998795
5,x,32,"['x', 'z', 'z', 'z', 'z']",0.01,normal,100000,9254,4251,0,0,0.09254,0.4593689215474389,79.44046357099978,2.662363323000136
5,z,2,"['z', 'x', 'x', 'x', 'x']",0.01,normal,100000,6016,1352,2053,0,0.06016,0.22473404255319152,37.808666967000136,20.154370290999395
5,z,3,"['x', 'z', 'x', 'x', 'x']",0.01,normal,100000,3213,717,1270,0,0.03213,0.22315592903828196,27.980060787000184,-0.06554003800010832
5,z,4,"['z', 'z', 'x', 'x', 'x']",0.01,normal,100000,13345,532,897,0,0.13345,0.03986511802173098,110.81785039500028,4.117692272000568
5,z,5,"['x', 'x', 'z', 'x', 'x']",0.01,normal,100000,3105,649,1226,0,0.03105,0.20901771336553943,33.84178210899972,8.775702330999593
5,z,6,"['z', 'x', 'z', 'x', 'x']",0.01,normal,100000,7061,234,437,0,0.07061,0.033139781900580645,43.67333310699996,57.88371889799964
5,z,7,"['x', 'z', 'z', 'x', 'x']",0.01,normal,100000,3938,100,182,0,0.03938,0.02539360081259523,78.27011563199994,1.317842240000573
5,z,8,"['z', 'z', 'z', 'x', 'x']",0.01,normal,100000,31275,13,22,0,0.31275,0.00041566746602716975,55.59444326499943,10.669526210000186
5,z,9,"['x', 'x', 'x', 'z', 'x']",0.01,normal,100000,3192,684,1297,0,0.03192,0.2142857142857143,67.95561381200059,0.9659624930000064
5,z,10,"['z', 'x', 'x', 'z', 'x']",0.01,normal,100000,6942,179,344,0,0.06942,0.025785076346874103,41.28987774500001,-6.156404446000124
5,z,11,"['x', 'z', 'x', 'z', 'x']",0.01,normal,100000,3712,72,125,0,0.03712,0.0193965517241379,75.10397387099965,1.2472304690008968
5,z,12,"['z', 'z', 'x', 'z', 'x']",0.01,normal,100000,18026,5,10,0,0.18026,0.0002773771219349852,55.09075146499981,51.05271420000099
5,z,13,"['x', 'x', 'z', 'z', 'x']",0.01,normal,100000,3872,44,76,0,0.03872,0.011363636363636354,69.18158249799944,-23.95519388499997
5,z,14,"['z', 'x', 'z', 'z', 'x']",0.01,normal,100000,11876,3,6,0,0.11876,0.0002526103065004781,102.37820545299928,3.3289778810003554
5,z,15,"['x', 'z', 'z', 'z', 'x']",0.01,normal,100000,8763,0,1,0,0.08763,0.0,29.073742626999774,22.956982016999973
5,z,16,"['z', 'z', 'z', 'z', 'x']",0.01,normal,100000,100000,0,0,0,1.0,0.0,43.7326601980003,19.83391990399923
5,z,17,"['x', 'x', 'x', 'x', 'z']",0.01,normal,100000,3661,918,1691,0,0.03661,0.25075116088500404,67.78663205200064,-6.883876310001142
5,z,18,"['z', 'x', 'x', 'x', 'z']",0.01,normal,100000,7334,240,440,0,0.07334,0.03272429779110986,94.30563019300007,1.8359987129997535
5,z,19,"['x', 'z', 'x', 'x', 'z']",0.01,normal,100000,3734,55,104,0,0.03734,0.01472951258703803,68.02852369700031,-40.01830133600015
5,z,20,"['z', 'z', 'x', 'x', 'z']",0.01,normal,100000,16745,3,6,0,0.16745,0.000179157957599263,111.21040273899962,-16.60234041199965
5,z,21,"['x', 'x', 'z', 'x', 'z']",0.01,normal,100000,3654,32,63,0,0.03654,0.008757525998905336,25.08209105700007,1.8064350280001236
5,z,22,"['z', 'x', 'z', 'x', 'z']",0.01,normal,100000,9381,0,1,0,0.09381,0.0,99.51727183900039,-4.086014922000686
5,z,23,"['x', 'z', 'z', 'x', 'z']",0.01,normal,100000,6088,0,1,0,0.06088,0.0,68.18713936200038,3.6074076280001464
5,z,24,"['z', 'z', 'z', 'x', 'z']",0.01,normal,100000,52931,0,0,0,0.52931,0.0,125.05395468999996,-44.34489606999978
5,z,25,"['x', 'x', 'x', 'z', 'z']",0.01,normal,100000,3763,16,32,0,0.03763,0.0042519266542652145,67.7986373220001,-7.258513498999491
5,z,26,"['z', 'x', 'x', 'z', 'z']",0.01,normal,100000,8958,0,1,0,0.08958,0.0,76.46499331900031,-12.984144345000459
5,z,27,"['x', 'z', 'x', 'z', 'z']",0.01,normal,100000,5173,0,0,0,0.05173,0.0,28.891675484999723,-0.6282394540003224
5,z,28,"['z', 'z', 'x', 'z', 'z']",0.01,normal,100000,29290,0,0,0,0.2929,0.0,44.331912245999774,0.8491810190007527
5,z,29,"['x', 'x', 'z', 'z', 'z']",0.01,normal,100000,5048,0,0,0,0.05048,0.0,25.585308364999946,6.604283417000261
5,z,30,"['z', 'x', 'z', 'z', 'z']",0.01,normal,100000,16486,0,0,0,0.16486,0.0,68.6130428409997,-37.41895447099978
5,z,31,"['x', 'z', 'z', 'z', 'z']",0.01,normal,100000,9254,0,0,0,0.09254,0.0,55.06645095100066,-28.837636345000647
5,z,32,"['z', 'z', 'z', 'z', 'z']",0.01,normal,100000,7148,0,0,0,0.07148,0.0,16.36434270100017,0.13688904599985108
5,x,2,"['x', 'x', 'x', 'x', 'x']",0.01,m1,100000,4624,0,0,0,0.04624,0.0,74.669181579,2.362087473000429
5,x,3,"['z', 'x', 'x', 'x', 'x']",0.01,m1,100000,10087,0,0,0,0.10087,0.0,98.77523896999992,-23.505474276000314
5,x,4,"['x', 'z', 'x', 'x', 'x']",0.01,m1,100000,5557,0,1,0,0.05557,0.0,33.95782959600001,12.722885377000239
5,x,5,"['z', 'z', 'x', 'x', 'x']",0.01,m1,100000,22077,0,0,0,0.22077,0.0,75.55232894599976,-30.46231839899974
5,x,6,"['x', 'x', 'z', 'x', 'x']",0.01,m1,100000,5365,0,1,0,0.05365,0.0,44.79216391599948,-16.003167727999426
5,x,7,"['z', 'x', 'z', 'x', 'x']",0.01,m1,100000,12081,2,4,0,0.12081,0.0001655492095025135,104.32850686700021,-35.353694673000064
5,x,8,"['x', 'z', 'z', 'x', 'x']",0.01,m1,100000,6619,61,112,0,0.06619,0.009215893639522577,83.81871096000032,3.7524945619998107
5,x,9,"['z', 'z', 'z', 'x', 'x']",0.01,m1,100000,49367,0,0,0,0.49367,0.0,104.59044817299946,27.94595965999997
5,x,10,"['x', 'x', 'x', 'z', 'x']",0.01,m1,100000,5365,0,1,0,0.05365,0.0,34.19584673600002,37.89708063099988
5,x,11,"['z', 'x', 'x', 'z', 'x']",0.01,m1,100000,11999,3,6,0,0.11999,0.000250020835069642,100.41966129899993,6.456221156000538
5,x,12,"['x', 'z', 'x', 'z', 'x']",0.01,m1,100000,6478,98,184,0,0.06478,0.015128125964803951,32.314963828000145,10.579500610999276
5,x,13,"['z', 'z', 'x', 'z', 'x']",0.01,m1,100000,28546,27,48,0,0.28546,0.0009458417992013191,103.26110579099986,4.644737790999898
5,x,14,"['x', 'x', 'z', 'z', 'x']",0.01,m1,100000,6781,212,396,0,0.06781,0.03126382539448458,29.23730424200039,34.12424624800042
5,x,15,"['z', 'x', 'z', 'z', 'x']",0.01,m1,100000,17597,1174,2137,0,0.17597,0.06671591748593508,80.86848364800062,-2.863216361000923
5,x,16,"['x', 'z', 'z', 'z', 'x']",0.01,m1,100000,11839,3894,7345,0,0.11839,0.32891291494214037,86.6266302640006,3.2654729619989666
5,x,17,"['z', 'z', 'z', 'z', 'x']",0.01,m1,100000,100000,0,0,0,1.0,0.0,106.54562715599968,24.459612082000604
5,x,18,"['x', 'x', 'x', 'x', 'z']",0.01,m1,100000,6274,2,3,0,0.06274,0.0003187759005419677,76.5853713890001,-21.468877491000057
5,x,19,"['z', 'x', 'x', 'x', 'z']",0.01,m1,100000,12625,7,12,0,0.12625,0.000554455445544555,69.01036846600073,-28.976027688000613
5,x,20,"['x', 'z', 'x', 'x', 'z']",0.01,m1,100000,6578,136,259,0,0.06578,0.020674977196716293,31.40917385800003,25.490338507999695
5,x,21,"['z', 'z', 'x', 'x', 'z']",0.01,m1,100000,27384,25,46,0,0.27384,0.0009129418638621489,59.766390704000514,-10.855661752000742
5,x,22,"['x', 'x', 'z', 'x', 'z']",0.01,m1,100000,6413,180,341,0,0.06413,0.028067986901606168,78.45131614100046,1.7983551369989073
5,x,23,"['z', 'x', 'z', 'x', 'z']",0.01,m1,100000,15331,828,1538,0,0.15331,0.054008218641967254,106.22947095699965,4.626316833000601
5,x,24,"['x', 'z', 'z', 'x', 'z']",0.01,m1,100000,9098,2600,4954,0,0.09098,0.28577709386678396,86.16043984899989,-31.626140641999882
5,x,25,"['z', 'z', 'z', 'x', 'z']",0.01,m1,100000,66526,114,205,0,0.66526,0.0017136157291886,101.38824320099957,-42.39967264999996
5,x,26,"['x', 'x', 'x', 'z', 'z']",0.01,m1,100000,6439,235,434,0,0.06439,0.03649635036496346,61.687824244000694,-26.81784333900123
5,x,27,"['z', 'x', 'x', 'z', 'z']",0.01,m1,100000,15021,851,1496,0,0.15021,0.05665401770854139,101.56436126600056,-45.31777263800086
5,x,28,"['x', 'z', 'x', 'z', 'z']",0.01,m1,100000,8616,2361,4378,0,0.08616,0.274025069637883,30.46153954500005,18.55763589899925
5,x,29,"['z', 'z', 'x', 'z', 'z']",0.01,m1,100000,37336,2854,4390,0,0.37336,0.0764409685022498,66.48620610499984,42.49038714500057
5,x,30,"['x', 'x', 'z', 'z', 'z']",0.01,m1,100000,8466,2272,3920,0,0.08466,0.268367587999055,78.78399157700005,2.235556970000289
5,x,31,"['z', 'x', 'z', 'z', 'z']",0.01,m1,100000,20951,6020,8613,0,0.20951,0.287337119946542,108.7411919899996,4.879876152000179
5,x,32,"['x', 'z', 'z', 'z', 'z']",0.01,m1,100000,11630,4997,0,0,0.1163,0.42966466036113504,43.33032966100018,46.16438260199902
5,z,2,"['z', 'x', 'x', 'x', 'x']",0.01,m1,100000,10087,2072,3272,0,0.10087,0.20541290770298404,100.88846765199924,2.4153154930008895
5,z,3,"['x', 'z', 'x', 'x', 'x']",0.01,m1,100000,5557,1170,2119,0,0.05557,0.2105452582328594,68.93827550599963,14.497868229000233
5,z,4,"['z', 'z', 'x', 'x', 'x']",0.01,m1,100000,22077,737,1268,0,0.22077,0.03338315894369703,112.3508970869998,9.442626521999955
5,z,5,"['x', 'x', 'z', 'x', 'x']",0.01,m1,100000,5365,1124,2114,0,0.05365,0.20950605778191989,28.362323489999653,25.631596238000384
5,z,6,"['z', 'x', 'z', 'x', 'x']",0.01,m1,100000,12081,354,656,0,0.12081,0.02930221008194689,64.49684345399965,44.15346337500068
5,z,7,"['x', 'z', 'z', 'x', 'x']",0.01,m1,100000,6619,140,259,0,0.06619,0.02115123130382235,42.60037334900062,-10.721951432000424
5,z,8,"['z', 'z', 'z', 'x', 'x']",0.01,m1,100000,49367,18,33,0,0.49367,0.00036461603905446616,57.759697732999484,-7.704413541999202
5,z,9,"['x', 'x', 'x', 'z', 'x']",0.01,m1,100000,5365,1093,2104,0,0.05365,0.20372786579683133,76.2653275319999,1.5847268560000884
5,z,10,"['z', 'x', 'x', 'z', 'x']",0.01,m1,100000,11999,321,614,0,0.11999,0.026752229352446033,101.41102554999998,-29.635464548000527
5,z,11,"['x', 'z', 'x', 'z', 'x']",0.01,m1,100000,6478,88,167,0,0.06478,0.013584439641864732,64.02446641500046,-23.473446473000877
5,z,12,"['z', 'z', 'x', 'z', 'x']",0.01,m1,100000,28546,6,11,0,0.28546,0.00021018706648912033,43.736429851999674,6.505496960000528
5,z,13,"['x', 'x', 'z', 'z', 'x']",0.01,m1,100000,6781,68,129,0,0.06781,0.010028019466155391,77.83848882600068,1.9195122880000781
5,z,14,"['z', 'x', 'z', 'z', 'x']",0.01,m1,100000,17597,4,7,0,0.17597,0.00022731147354659864,107.35443113400015,-33.970351887000106
5,z,15,"['x', 'z', 'z', 'z', 'x']",0.01,m1,100000,11839,1,2,0,0.11839,8.446659346228458e-05,68.72921463500006,-36.154765966000014
5,z,16,"['z', 'z', 'z', 'z', 'x']",0.01,m1,100000,100000,0,0,0,1.0,0.0,42.31418836699959,12.919920806000846
5,z,17,"['x', 'x', 'x', 'x', 'z']",0.01,m1,100000,6274,1484,2777,0,0.06274,0.23653171820210395,75.74510814800033,-23.667361462000372
5,z,18,"['z', 'x', 'x', 'x', 'z']",0.01,m1,100000,12625,368,687,0,0.12625,0.029148514851485174,100.18575009699998,3.6468640630000664
5,z,19,"['x', 'z', 'x', 'x', 'z']",0.01,m1,100000,6578,96,179,0,0.06578,0.01459410155062324,46.52936344600039,37.69898089799972
5,z,20,"['z', 'z', 'x', 'x', 'z']",0.01,m1,100000,27384,4,7,0,0.27384,0.00014607069821792606,115.20254916700014,-53.036841869000455
5,z,21,"['x', 'x', 'z', 'x', 'z']",0.01,m1,100000,6413,48,91,0,0.06413,0.007484796507094993,77.26868457399996,1.8634819849994528
5,z,22,"['z', 'x', 'z', 'x', 'z']",0.01,m1,100000,15331,0,1,0,0.15331,0.0,37.903057749000254,33.06826677299978
5,z,23,"['x', 'z', 'z', 'x', 'z']",0.01,m1,100000,9098,0,0,0,0.09098,0.0,85.05354625400014,0.9906787320005606
5,z,24,"['z', 'z', 'z', 'x', 'z']",0.01,m1,100000,66526,0,0,0,0.66526,0.0,38.814409077000164,6.144368766000298
5,z,25,"['x', 'x', 'x', 'z', 'z']",0.01,m1,100000,6439,24,41,0,0.06439,0.003727286845783495,76.06331844899978,0.8694619670004613
5,z,26,"['z', 'x', 'x', 'z', 'z']",0.01,m1,100000,15021,0,0,0,0.15021,0.0,100.06842207200043,-41.93402094400062
5,z,27,"['x', 'z', 'x', 'z', 'z']",0.01,m1,100000,8616,0,0,0,0.08616,0.0,82.14517876599984,-27.7276901919995
5,z,28,"['z', 'z', 'x', 'z', 'z']",0.01,m1,100000,37336,0,0,0,0.37336,0.0,89.26403990800009,-43.479325161000816
5,z,29,"['x', 'x', 'z', 'z', 'z']",0.01,m1,100000,8466,0,0,0,0.08466,0.0,59.749187856999924,-22.81119539500014
5,z,30,"['z', 'x', 'z', 'z', 'z']",0.01,m1,100000,20951,0,0,0,0.20951,0.0,37.591561686000205,-0.1866836939998393
5,z,31,"['x', 'z', 'z', 'z', 'z']",0.01,m1,100000,11630,0,0,0,0.1163,0.0,70.61625129000004,-41.33740167799988
5,z,32,"['z', 'z', 'z', 'z', 'z']",0.01,m1,100000,9962,0,0,0,0.09962,0.0,22.487090395999985,18.62571993599977
5,x,2,"['x', 'x', 'x', 'x', 'x']",0.01,m2,100000,4624,0,0,50810,0.0940028461069323,0.0,45.93632371200056,1.9045972499989148
5,x,3,"['z', 'x', 'x', 'x', 'x']",0.01,m2,100000,10087,0,0,50751,0.20481634144855734,0.0,55.728555432000576,3.428465511999093
5,x,4,"['x', 'z', 'x', 'x', 'x']",0.01,m2,100000,5557,0,1,33426,0.08347102472436688,0.0,62.222140851000404,2.129866600999776
5,x,5,"['z', 'z', 'x', 'x', 'x']",0.01,m2,100000,22077,0,0,50633,0.4472015719002573,0.0,59.9608461859998,6.575089930000104
5,x,6,"['x', 'x', 'z', 'x', 'x']",0.01,m2,100000,5365,0,1,50810,0.10906688351290912,0.0,47.672810830000344,2.2319443369997316
5,x,7,"['z', 'x', 'z', 'x', 'x']",0.01,m2,100000,12081,2,4,33458,0.18155450692795527,0.0001655492095025135,41.96063998799946,6.2742444910009
5,x,8,"['x', 'z', 'z', 'x', 'x']",0.01,m2,100000,6619,61,112,33426,0.09942319824556133,0.009215893639522577,32.056721818999904,-6.767035666000083
5,x,9,"['z', 'z', 'z', 'x', 'x']",0.01,m2,100000,49367,0,0,50633,1.0,0.0,55.083765907999805,-10.837546443000065
5,x,10,"['x', 'x', 'x', 'z', 'x']",0.01,m2,100000,5365,0,1,50810,0.10906688351290912,0.0,46.549887877999936,-10.696273175999522
5,x,11,"['z', 'x', 'x', 'z', 'x']",0.01,m2,100000,11999,3,6,50751,0.2436394647607058,0.000250020835069642,20.333235879000313,12.175353516999166
5,x,12,"['x', 'z', 'x', 'z', 'x']",0.01,m2,100000,6478,98,184,33426,0.09730525430348184,0.015128125964803951,27.482953192999958,-3.5605850299998565
5,x,13,"['z', 'z', 'x', 'z', 'x']",0.01,m2,100000,28546,27,48,33391,0.4285607050098335,0.0009458417992013191,51.91986691500006,39.897373605999746
5,x,14,"['x', 'x', 'z', 'z', 'x']",0.01,m2,100000,6781,212,396,50810,0.13785322219963408,0.03126382539448458,43.23280593199979,7.610227559000123
5,x,15,"['z', 'x', 'z', 'z', 'x']",0.01,m2,100000,17597,1174,2137,33458,0.2644495206035286,0.06671591748593508,78.03095601600035,5.321479615999124
5,x,16,"['x', 'z', 'z', 'z', 'x']",0.01,m2,100000,11839,3894,7345,33426,0.177832186739568,0.32891291494214037,66.26006551699993,3.6428513330001806
5,x,17,"['z', 'z', 'z', 'z', 'x']",0.01,m2,100000,100000,0,0,0,1.0,0.0,105.2097225589996,-57.421255939998446
5,x,18,"['x', 'x', 'x', 'x', 'z']",0.01,m2,100000,6274,2,3,50810,0.12754624923764993,0.0003187759005419677,16.869918745000177,0.8858708099996875
5,x,19,"['z', 'x', 'x', 'x', 'z']",0.01,m2,100000,12625,7,12,50751,0.25635038274888833,0.000554455445544555,20.41988565400061,1.5971088919995964
5,x,20,"['x', 'z', 'x', 'x', 'z']",0.01,m2,100000,6578,136,259,33426,0.09880734220566588,0.020674977196716293,62.554811588999655,1.9160207550003179
5,x,21,"['z', 'z', 'x', 'x', 'z']",0.01,m2,100000,27384,25,46,50633,0.5547025340814714,0.0009129418638621489,61.76334323800074,8.16967629499868
5,x,22,"['x', 'x', 'z', 'x', 'z']",0.01,m2,100000,6413,180,341,50810,0.13037202683472252,0.028067986901606168,48.0552478489999,2.0497397029994318
5,x,23,"['z', 'x', 'z', 'x', 'z']",0.01,m2,100000,15331,828,1538,33458,0.23039584022121368,0.054008218641967254,27.415422996000416,2.075748489999569
5,x,24,"['x', 'z', 'z', 'x', 'z']",0.01,m2,100000,9098,2600,4954,33426,0.13665995734070358,0.28577709386678396,23.742841970999507,1.2233194979999098
5,x,25,"['z', 'z', 'z', 'x', 'z']",0.01,m2,100000,66526,114,205,33474,1.0,0.0017136157291886,83.06049608499961,-3.7763929779994214
5,x,26,"['x', 'x', 'x', 'z', 'z']",0.01,m2,100000,6439,235,434,50810,0.1309005895507217,0.03649635036496346,16.978108459000396,0.9591502030007177
5,x,27,"['z', 'x', 'x', 'z', 'z']",0.01,m2,100000,15021,851,1496,50751,0.30500111677394465,0.05665401770854139,40.23722797600112,-17.467388171001403
5,x,28,"['x', 'z', 'x', 'z', 'z']",0.01,m2,100000,8616,2361,4378,33426,0.12941989365217652,0.274025069637883,63.49962499100093,-38.17616119000104
5,x,29,"['z', 'z', 'x', 'z', 'z']",0.01,m2,100000,37336,2854,4390,33391,0.5605248539987089,0.0764409685022498,83.42476777000047,10.967878327999642
5,x,30,"['x', 'x', 'z', 'z', 'z']",0.01,m2,100000,8466,2272,3920,50810,0.17210815206342753,0.268367587999055,32.16819971000041,9.012666750999415
5,x,31,"['z', 'x', 'z', 'z', 'z']",0.01,m2,100000,20951,6020,8613,33458,0.3148537765621713,0.287337119946542,78.09956677799892,6.396293593001246
5,x,32,"['x', 'z', 'z', 'z', 'z']",0.01,m2,100000,11630,4997,0,33426,0.17469282302400335,0.42966466036113504,66.22254387800058,3.710492947999228
5,z,2,"['z', 'x', 'x', 'x', 'x']",0.01,m2,100000,10087,2072,3272,50751,0.20481634144855734,0.20541290770298404,28.324637226998675,26.62646018700252
5,z,3,"['x', 'z', 'x', 'x', 'x']",0.01,m2,100000,5557,1170,2119,33426,0.08347102472436688,0.2105452582328594,62.742613870999776,1.7397711840003467
5,z,4,"['z', 'z', 'x', 'x', 'x']",0.01,m2,100000,22077,737,1268,50633,0.4472015719002573,0.03338315894369703,61.83704072399996,6.731195172000298
5,z,5,"['x', 'x', 'z', 'x', 'x']",0.01,m2,100000,5365,1124,2114,50810,0.10906688351290912,0.20950605778191989,17.511704816999554,0.7332913959999132
5,z,6,"['z', 'x', 'z', 'x', 'x']",0.01,m2,100000,12081,354,656,33458,0.18155450692795527,0.02930221008194689,31.265087660000063,45.931000860000495
5,z,7,"['x', 'z', 'z', 'x', 'x']",0.01,m2,100000,6619,140,259,33426,0.09942319824556133,0.02115123130382235,56.61108400299963,10.930951877000552
5,z,8,"['z', 'z', 'z', 'x', 'x']",0.01,m2,100000,49367,18,33,50633,1.0,0.00036461603905446616,21.9643138320007,5.478550850999454
5,z,9,"['x', 'x', 'x', 'z', 'x']",0.01,m2,100000,5365,1093,2104,50810,0.10906688351290912,0.20372786579683133,47.310603240999626,1.5360002610013908
5,z,10,"['z', 'x', 'x', 'z', 'x']",0.01,m2,100000,11999,321,614,50751,0.2436394647607058,0.026752229352446033,20.804122128000017,1.5492803380002442
5,z,11,"['x', 'z', 'x', 'z', 'x']",0.01,m2,100000,6478,88,167,33426,0.09730525430348184,0.013584439641864732,23.01721518100021,0.8164926230001583
5,z,12,"['z', 'z', 'x', 'z', 'x']",0.01,m2,100000,28546,6,11,33391,0.4285607050098335,0.00021018706648912033,69.12627972600058,-35.64662208000118
5,z,13,"['x', 'x', 'z', 'z', 'x']",0.01,m2,100000,6781,68,129,50810,0.13785322219963408,0.010028019466155391,48.867322055999466,2.0205986910004867
5,z,14,"['z', 'x', 'z', 'z', 'x']",0.01,m2,100000,17597,4,7,33458,0.2644495206035286,0.00022731147354659864,28.149580830999184,2.238590279001073
5,z,15,"['x', 'z', 'z', 'z', 'x']",0.01,m2,100000,11839,1,2,33426,0.177832186739568,8.446659346228458e-05,66.0870714850007,3.594056672998704
5,z,16,"['z', 'z', 'z', 'z', 'x']",0.01,m2,100000,100000,0,0,0,1.0,0.0,93.03662960700058,17.220523332000084
5,z,17,"['x', 'x', 'x', 'x', 'z']",0.01,m2,100000,6274,1484,2777,50810,0.12754624923764993,0.23653171820210395,16.93824497300011,0.8520911579998938
5,z,18,"['z', 'x', 'x', 'x', 'z']",0.01,m2,100000,12625,368,687,50751,0.25635038274888833,0.029148514851485174,56.75090841100064,3.8239425939991634
5,z,19,"['x', 'z', 'x', 'x', 'z']",0.01,m2,100000,6578,96,179,33426,0.09880734220566588,0.01459410155062324,62.74339735400099,1.9025051489988982
5,z,20,"['z', 'z', 'x', 'x', 'z']",0.01,m2,100000,27384,4,7,50633,0.5547025340814714,0.00014607069821792606,61.893484725000235,-20.57472069800133
5,z,21,"['x', 'x', 'z', 'x', 'z']",0.01,m2,100000,6413,48,91,50810,0.13037202683472252,0.007484796507094993,48.24908148400027,1.84656085899951
5,z,22,"['z', 'x', 'z', 'x', 'z']",0.01,m2,100000,15331,0,1,33458,0.23039584022121368,0.0,60.09687846399902,20.191834775001553
5,z,23,"['x', 'z', 'z', 'x', 'z']",0.01,m2,100000,9098,0,0,33426,0.13665995734070358,0.0,23.822769664999214,1.1361639080023451
5,z,24,"['z', 'z', 'z', 'x', 'z']",0.01,m2,100000,66526,0,0,33474,1.0,0.0,67.92156043799878,-11.416112736998912
5,z,25,"['x', 'x', 'x', 'z', 'z']",0.01,m2,100000,6439,24,41,50810,0.1309005895507217,0.003727286845783495,20.397211479999896,4.543659868000759
5,z,26,"['z', 'x', 'x', 'z', 'z']",0.01,m2,100000,15021,0,0,50751,0.30500111677394465,0.0,20.75673390100019,17.747499340001013
5,z,27,"['x', 'z', 'x', 'z', 'z']",0.01,m2,100000,8616,0,0,33426,0.12941989365217652,0.0,57.322851025999626,-31.1026173070004
5,z,28,"['z', 'z', 'x', 'z', 'z']",0.01,m2,100000,37336,0,0,33391,0.5605248539987089,0.0,29.378842165000606,12.590928564999558
5,z,29,"['x', 'x', 'z', 'z', 'z']",0.01,m2,100000,8466,0,0,50810,0.17210815206342753,0.0,47.877384047000305,-23.79433580499972
5,z,30,"['z', 'x', 'z', 'z', 'z']",0.01,m2,100000,20951,0,0,33458,0.3148537765621713,0.0,27.59613673000058,6.090093697999691
5,z,31,"['x', 'z', 'z', 'z', 'z']",0.01,m2,100000,11630,0,0,33426,0.17469282302400335,0.0,54.04852935700001,-25.066954814001292
5,z,32,"['z', 'z', 'z', 'z', 'z']",0.01,m2,100000,9962,0,0,38744,0.16262896695833878,0.0,27.45076764699843,-8.129934107999361
4,x,2,"['x', 'x', 'x', 'x']",0.01,normal,100000,24578,0,0,0,0.24578,0.0,28.018834803999198,6.495384411002306
4,x,2,"['x', 'x', 'x', 'x']",0.005,normal,100000,49512,0,0,0,0.49512,0.0,28.028574484000274,8.74890882699765
4,x,3,"['z', 'x', 'x', 'x']",0.01,normal,100000,36521,0,0,0,0.36521,0.0,35.66044543799944,9.827101901999413
4,x,3,"['z', 'x', 'x', 'x']",0.005,normal,100000,60351,0,0,0,0.60351,0.0,32.358559863001574,-12.229158385001938
4,x,4,"['x', 'z', 'x', 'x']",0.01,normal,100000,26760,139,270,0,0.2676,0.005194319880418519,31.58355854600086,7.912571839999146
4,x,4,"['x', 'z', 'x', 'x']",0.005,normal,100000,51336,57,110,0,0.51336,0.0011103319308087833,34.08910493000076,12.31047583399777
4,x,5,"['z', 'z', 'x', 'x']",0.01,normal,100000,55903,8,14,0,0.55903,0.00014310502119740942,11.784720613999525,5.42475743900286
4,x,5,"['z', 'z', 'x', 'x']",0.005,normal,100000,74173,0,0,0,0.74173,0.0,31.332241372998396,11.474119632999646
4,x,6,"['x', 'x', 'z', 'x']",0.01,normal,100000,26416,227,438,0,0.26416,0.008593276801938221,29.07956882399958,7.644899588998669
4,x,6,"['x', 'x', 'z', 'x']",0.005,normal,100000,50983,107,210,0,0.50983,0.0020987387952846603,10.788679627999954,5.246887530000095
4,x,7,"['z', 'x', 'z', 'x']",0.01,normal,100000,42431,960,1683,0,0.42431,0.02262496759444743,21.467492599000252,13.453136395997717
4,x,7,"['z', 'x', 'z', 'x']",0.005,normal,100000,63659,350,658,0,0.63659,0.005498044267110647,16.48187810300078,4.2942112519995135
4,x,8,"['x', 'z', 'z', 'x']",0.01,normal,100000,34475,6892,12287,0,0.34475,0.1999129804205947,14.225669511000888,3.0176878359998227
4,x,8,"['x', 'z', 'z', 'x']",0.005,normal,100000,56227,5340,9932,0,0.56227,0.09497216639692674,42.07144135799899,10.072911957999167
4,x,9,"['z', 'z', 'z', 'x']",0.01,normal,100000,100000,45,80,0,1.0,0.00044999999999995044,38.674202457998035,12.367278286001238
4,x,9,"['z', 'z', 'z', 'x']",0.005,normal,100000,100000,2,3,0,1.0,2.0000000000020002e-05,33.35909011400145,9.689519264997216
4,x,10,"['x', 'x', 'x', 'z']",0.01,normal,100000,27064,305,584,0,0.27064,0.011269583210168466,27.603464038998936,11.541870549001032
4,x,10,"['x', 'x', 'x', 'z']",0.005,normal,100000,51372,146,286,0,0.51372,0.002842015105504969,40.20418893299939,8.836913180002739
4,x,11,"['z', 'x', 'x', 'z']",0.01,normal,100000,40675,790,1442,0,0.40675,0.019422249539028935,44.98440695099998,9.431091155001923
4,x,11,"['z', 'x', 'x', 'z']",0.005,normal,100000,63060,322,622,0,0.6306,0.005106248017760828,47.204779308998695,15.181364244999713
4,x,12,"['x', 'z', 'x', 'z']",0.01,normal,100000,30697,5156,9517,0,0.30697,0.16796429618529496,37.446985136000876,7.162440167998284
4,x,12,"['x', 'z', 'x', 'z']",0.005,normal,100000,54445,4621,8822,0,0.54445,0.08487464413628432,15.165351382001973,3.291918793998775
4,x,13,"['z', 'z', 'x', 'z']",0.01,normal,100000,72820,2907,4886,0,0.7282,0.03992035155177154,17.58927969800061,5.054972309000732
4,x,13,"['z', 'z', 'x', 'z']",0.005,normal,100000,85135,977,1804,0,0.85135,0.011475891231573332,17.902680242001225,11.92253664099917
4,x,14,"['x', 'x', 'z', 'z']",0.01,normal,100000,29939,4785,8704,0,0.29939,0.1598249774541568,13.212993842000287,2.3493454130002647
4,x,14,"['x', 'x', 'z', 'z']",0.005,normal,100000,54347,4694,8940,0,0.54347,0.08637091283787512,29.94427080300011,-10.197789459001797
4,x,15,"['z', 'x', 'z', 'z']",0.01,normal,100000,54129,11782,18318,0,0.54129,0.21766520719023075,54.26092282600075,12.447847452996939
4,x,15,"['z', 'x', 'z', 'z']",0.005,normal,100000,73649,9068,15933,0,0.73649,0.12312455023150348,18.869281395000144,14.959123697997711
4,x,16,"['x', 'z', 'z', 'z']",0.01,normal,100000,40543,13955,0,0,0.40543,0.34420245171792907,45.47265015599987,9.158794217000832
4,x,16,"['x', 'z', 'z', 'z']",0.005,normal,100000,63890,14156,0,0,0.6389,0.221568320550947,49.89431029200205,12.89318032799929
4,z,2,"['z', 'x', 'x', 'x']",0.01,normal,100000,36521,4406,7785,0,0.36521,0.12064291777333591,54.222735549999925,7.551131262000126
4,z,2,"['z', 'x', 'x', 'x']",0.005,normal,100000,60351,3748,7042,0,0.60351,0.062103361998972706,56.69471647500177,11.489611297998636
4,z,3,"['x', 'z', 'x', 'x']",0.01,normal,100000,26760,3034,5745,0,0.2676,0.11337817638266068,34.055286249000346,-16.28852985100093
4,z,3,"['x', 'z', 'x', 'x']",0.005,normal,100000,51336,3016,5863,0,0.51336,0.058750194795075594,50.00965017699855,8.939478820004297
4,z,4,"['z', 'z', 'x', 'x']",0.01,normal,100000,55903,598,1099,0,0.55903,0.010697100334507992,20.66860841900052,3.878323326996906
4,z,4,"['z', 'z', 'x', 'x']",0.005,normal,100000,74173,206,399,0,0.74173,0.0027772909279657476,60.086749326001154,12.67808051999964
4,z,5,"['x', 'x', 'z', 'x']",0.01,normal,100000,26416,2886,5605,0,0.26416,0.10925196850393704,32.4200953920008,1.5580815579996852
4,z,5,"['x', 'x', 'z', 'x']",0.005,normal,100000,50983,2825,5564,0,0.50983,0.055410627071769025,17.04860636900048,3.164705798997602
4,z,6,"['z', 'x', 'z', 'x']",0.01,normal,100000,42431,393,738,0,0.42431,0.00926209610897688,28.598402514002373,-5.848588138000196
4,z,6,"['z', 'x', 'z', 'x']",0.005,normal,100000,63659,146,283,0,0.63659,0.0022934698942804754,20.316282774001593,4.321431873999245
4,z,7,"['x', 'z', 'z', 'x']",0.01,normal,100000,34475,226,438,0,0.34475,0.0065554749818709235,47.362723915997776,7.354414563000319
4,z,7,"['x', 'z', 'z', 'x']",0.005,normal,100000,56227,88,174,0,0.56227,0.001565084390061755,51.13846225499947,12.299626797997917
4,z,8,"['z', 'z', 'z', 'x']",0.01,normal,100000,100000,4,8,0,1.0,4.0000000000040004e-05,40.04866170999958,16.57628185000067
4,z,8,"['z', 'z', 'z', 'x']",0.005,normal,100000,100000,0,0,0,1.0,0.0,33.98989730500034,13.051774197996565
4,z,9,"['x', 'x', 'x', 'z']",0.01,normal,100000,27064,3152,5953,0,0.27064,0.11646467632279045,42.85003531999973,12.038142834997416
4,z,9,"['x', 'x', 'x', 'z']",0.005,normal,100000,51372,2845,5510,0,0.51372,0.055380362843572395,16.87688605600124,3.921925033999287
4,z,10,"['z', 'x', 'x', 'z']",0.01,normal,100000,40675,324,623,0,0.40675,0.00796558082360177,55.24518234099742,-5.6562533090000215
4,z,10,"['z', 'x', 'x', 'z']",0.005,normal,100000,63060,129,254,0,0.6306,0.0020456707897240634,57.05431179300285,12.837558995994186
4,z,11,"['x', 'z', 'x', 'z']",0.01,normal,100000,30697,118,230,0,0.30697,0.0038440238459784837,16.002048279999144,2.129782404997968
4,z,11,"['x', 'z', 'x', 'z']",0.005,normal,100000,54445,50,97,0,0.54445,0.0009183579759389771,17.729773129998648,28.968692338999972
4,z,12,"['z', 'z', 'x', 'z']",0.01,normal,100000,72820,2,5,0,0.7282,2.746498214778459e-05,48.17906502800179,-21.720393085004616
4,z,12,"['z', 'z', 'x', 'z']",0.005,normal,100000,85135,0,1,0,0.85135,0.0,25.42040743400139,4.75568678199852
4,z,13,"['x', 'x', 'z', 'z']",0.01,normal,100000,29939,58,116,0,0.29939,0.00193727245398978,44.4563313969993,-15.252966338000988
4,z,13,"['x', 'x', 'z', 'z']",0.005,normal,100000,54347,28,57,0,0.54347,0.0005152078311589925,48.69605682399924,-23.161497039996902
4,z,14,"['z', 'x', 'z', 'z']",0.01,normal,100000,54129,0,1,0,0.54129,0.0,30.59471200199914,-0.44352891499875113
4,z,14,"['z', 'x', 'z', 'z']",0.005,normal,100000,73649,0,0,0,0.73649,0.0,31.972990715003107,-13.098144902003696
4,z,15,"['x', 'z', 'z', 'z']",0.01,normal,100000,40543,0,1,0,0.40543,0.0,40.76097613800084,-20.619333103000827
4,z,15,"['x', 'z', 'z', 'z']",0.005,normal,100000,63890,0,0,0,0.6389,0.0,36.875328596001054,-22.046915741000703
4,z,16,"['z', 'z', 'z', 'z']",0.01,normal,100000,35703,0,0,0,0.35703,0.0,4.56469331399785,-0.10394321799685713
4,z,16,"['z', 'z', 'z', 'z']",0.005,normal,100000,59963,0,0,0,0.59963,0.0,0.6229032889968948,0.010529174003750086
4,x,2,"['x', 'x', 'x', 'x']",0.01,m1,100000,31909,0,1,0,0.31909,0.0,22.739299469001708,0.956528624996281
4,x,2,"['x', 'x', 'x', 'x']",0.005,m1,100000,56575,0,0,0,0.56575,0.0,13.16461177599922,0.91179732800083
4,x,3,"['z', 'x', 'x', 'x']",0.01,m1,100000,47082,0,1,0,0.47082,0.0,20.912678163000237,1.1606607849971624
4,x,3,"['z', 'x', 'x', 'x']",0.005,m1,100000,68680,0,0,0,0.6868,0.0,4.519126980998408,-0.09030067799903918
4,x,4,"['x', 'z', 'x', 'x']",0.01,m1,100000,34772,164,320,0,0.34772,0.004716438513746701,16.595276344000013,29.72234800899969
4,x,4,"['x', 'z', 'x', 'x']",0.005,m1,100000,59006,70,133,0,0.59006,0.0011863200352506542,43.03348246300084,-9.522176365000632
4,x,5,"['z', 'z', 'x', 'x']",0.01,m1,100000,70247,2,3,0,0.70247,2.8470966731641845e-05,12.337025344997528,-2.845083098000032
4,x,5,"['z', 'z', 'x', 'x']",0.005,m1,100000,83609,0,0,0,0.83609,0.0,6.918629617000988,1.0626536809977551
4,x,6,"['x', 'x', 'z', 'x']",0.01,m1,100000,34649,288,553,0,0.34649,0.008311928194175922,46.342815943997266,6.748276740003348
4,x,6,"['x', 'x', 'z', 'x']",0.005,m1,100000,58641,108,213,0,0.58641,0.0018417148411521422,47.93932064300316,-4.362703851002152
4,x,7,"['z', 'x', 'z', 'x']",0.01,m1,100000,53614,849,1584,0,0.53614,0.01583541612265449,18.594415573999868,7.747186546999728
4,x,7,"['z', 'x', 'z', 'x']",0.005,m1,100000,72426,284,557,0,0.72426,0.003921243752243675,46.580146871998295,9.41555686600259
4,x,8,"['x', 'z', 'z', 'x']",0.01,m1,100000,41785,7247,13752,0,0.41785,0.17343544334091177,17.43937792700308,3.233090588997584
4,x,8,"['x', 'z', 'z', 'x']",0.005,m1,100000,62992,5328,10349,0,0.62992,0.08458216916433836,52.36585108200234,10.03906451599687
4,x,9,"['z', 'z', 'z', 'x']",0.01,m1,100000,100000,12,24,0,1.0,0.00012000000000000899,3.474183231999632,0.9431435039987264
4,x,9,"['z', 'z', 'z', 'x']",0.005,m1,100000,100000,0,1,0,1.0,0.0,2.082082535001973,0.573253061997093
4,x,10,"['x', 'x', 'x', 'z']",0.01,m1,100000,35431,364,693,0,0.35431,0.010273489317264572,37.97244568300084,13.916533772997354
4,x,10,"['x', 'x', 'x', 'z']",0.005,m1,100000,59019,158,309,0,0.59019,0.0026771039834629917,50.982201284998155,8.851226672002667
4,x,11,"['z', 'x', 'x', 'z']",0.01,m1,100000,52377,838,1573,0,0.52377,0.015999389044809798,41.64053714900001,-18.350285174998135
4,x,11,"['z', 'x', 'x', 'z']",0.005,m1,100000,72011,294,573,0,0.72011,0.004082709586035516,22.256533088999277,3.2616134870004316
4,x,12,"['x', 'z', 'x', 'z']",0.01,m1,100000,39276,6164,11753,0,0.39276,0.15694062531826047,48.72551031200055,6.3107140969987086
4,x,12,"['x', 'z', 'x', 'z']",0.005,m1,100000,62093,5024,9767,0,0.62093,0.08091089172692578,33.06154236200018,29.272646260997135
4,x,13,"['z', 'z', 'x', 'z']",0.01,m1,100000,81446,1789,3144,0,0.81446,0.021965474056430012,48.33628789800059,10.474547355999675
4,x,13,"['z', 'z', 'x', 'z']",0.005,m1,100000,90108,530,1001,0,0.90108,0.005881830692058387,41.54046290000042,10.023296294999454
4,x,14,"['x', 'x', 'z', 'z']",0.01,m1,100000,38675,5946,10894,0,0.38675,0.1537427278603749,16.562640875999932,2.540783595999528
4,x,14,"['x', 'x', 'z', 'z']",0.005,m1,100000,62167,5086,9683,0,0.62167,0.08181189377000664,50.61269591300152,10.839466175995767
4,x,15,"['z', 'x', 'z', 'z']",0.01,m1,100000,61133,10348,17256,0,0.61133,0.1692702795544141,19.989156412997545,4.478210948003834
4,x,15,"['z', 'x', 'z', 'z']",0.005,m1,100000,78189,7178,12995,0,0.78189,0.09180319482280119,58.0650063030007,13.249776591997943
4,x,16,"['x', 'z', 'z', 'z']",0.01,m1,100000,45918,13486,0,0,0.45918,0.2936974606907966,49.02307423900129,8.285283941997477
4,x,16,"['x', 'z', 'z', 'z']",0.005,m1,100000,67942,11872,0,0,0.67942,0.1747372759118071,18.26979797400054,4.572484636999434
4,z,2,"['z', 'x', 'x', 'x']",0.01,m1,100000,47082,5289,9376,0,0.47082,0.11233592455715558,56.3148100369981,8.132754051002848
4,z,2,"['z', 'x', 'x', 'x']",0.005,m1,100000,68680,4042,7574,0,0.6868,0.05885264997087947,19.77295447800134,15.445912308998231
4,z,3,"['x', 'z', 'x', 'x']",0.01,m1,100000,34772,3904,7341,0,0.34772,0.11227424364431149,43.3824212340005,-24.07693164599914
4,z,3,"['x', 'z', 'x', 'x']",0.005,m1,100000,59006,3506,6814,0,0.59006,0.059417686336982634,36.27122706799855,-14.293572827999014
4,z,4,"['z', 'z', 'x', 'x']",0.01,m1,100000,70247,588,1093,0,0.70247,0.008370464219112583,16.64931646000332,32.75682073199641
4,z,4,"['z', 'z', 'x', 'x']",0.005,m1,100000,83609,160,310,0,0.83609,0.0019136695810260118,41.596256838001864,8.895650580998335
4,z,5,"['x', 'x', 'z', 'x']",0.01,m1,100000,34649,3812,7398,0,0.34649,0.11001760512568903,46.50618266699894,6.059480340998562
4,z,5,"['x', 'x', 'z', 'x']",0.005,m1,100000,58641,3296,6475,0,0.58641,0.0562064084855306,50.81908091199875,10.088066135002009
4,z,6,"['z', 'x', 'z', 'x']",0.01,m1,100000,53614,422,809,0,0.53614,0.00787107844965862,20.09530886599896,3.6395271420005884
4,z,6,"['z', 'x', 'z', 'x']",0.005,m1,100000,72426,142,278,0,0.72426,0.001960621876121782,57.95115760800036,10.93073670800004
4,z,7,"['x', 'z', 'z', 'x']",0.01,m1,100000,41785,249,462,0,0.41785,0.005959076223525206,17.21661424800186,2.4753092939972703
4,z,7,"['x', 'z', 'z', 'x']",0.005,m1,100000,62992,86,171,0,0.62992,0.001365252730505473,52.113365400000475,6.188540354996803
4,z,8,"['z', 'z', 'z', 'x']",0.01,m1,100000,100000,2,3,0,1.0,2.0000000000020002e-05,2.2853963609995844,0.6199158930030535
4,z,8,"['z', 'z', 'z', 'x']",0.005,m1,100000,100000,0,0,0,1.0,0.0,1.6351606019998144,0.4272734580008546
4,z,9,"['x', 'x', 'x', 'z']",0.01,m1,100000,35431,3972,7618,0,0.35431,0.11210521859388667,45.628285204998974,-2.997671197997988
4,z,9,"['x', 'x', 'x', 'z']",0.005,m1,100000,59019,3194,6249,0,0.59019,0.05411816533658653,17.514003588999913,3.612565925999661
4,z,10,"['z', 'x', 'x', 'z']",0.01,m1,100000,52377,334,643,0,0.52377,0.006376844798289372,49.91172136199748,-12.239482310000312
4,z,10,"['z', 'x', 'x', 'z']",0.005,m1,100000,72011,123,244,0,0.72011,0.0017080723778312157,15.262061905999872,3.3680984909988183
4,z,11,"['x', 'z', 'x', 'z']",0.01,m1,100000,39276,142,275,0,0.39276,0.0036154394541195733,47.84719956299887,-16.351105943998846
4,z,11,"['x', 'z', 'x', 'z']",0.005,m1,100000,62093,54,107,0,0.62093,0.0008696632470648336,50.7328546969984,-18.85214926199842
4,z,12,"['z', 'z', 'x', 'z']",0.01,m1,100000,81446,0,0,0,0.81446,0.0,8.240235322002263,0.9134631159977289
4,z,12,"['z', 'z', 'x', 'z']",0.005,m1,100000,90108,0,0,0,0.90108,0.0,1.8846595659997547,0.27769217400054913
4,z,13,"['x', 'x', 'z', 'z']",0.01,m1,100000,38675,78,150,0,0.38675,0.002016806722689113,15.099242656997376,1.974749362001603
4,z,13,"['x', 'x', 'z', 'z']",0.005,m1,100000,62167,32,58,0,0.62167,0.0005147425482973089,14.237430487999518,2.5952017339986924
4,z,14,"['z', 'x', 'z', 'z']",0.01,m1,100000,61133,0,0,0,0.61133,0.0,14.831020548997913,0.8378004309997777
4,z,14,"['z', 'x', 'z', 'z']",0.005,m1,100000,78189,0,0,0,0.78189,0.0,8.792735175000416,0.6453657669990207
4,z,15,"['x', 'z', 'z', 'z']",0.01,m1,100000,45918,0,1,0,0.45918,0.0,6.180606849000469,1.5378012130022398
4,z,15,"['x', 'z', 'z', 'z']",0.005,m1,100000,67942,0,0,0,0.67942,0.0,6.952373804000672,-1.3928160250034125
4,z,16,"['z', 'z', 'z', 'z']",0.01,m1,100000,42134,0,0,0,0.42134,0.0,4.234374575000402,-0.2589734600005613
4,z,16,"['z', 'z', 'z', 'z']",0.005,m1,100000,65089,0,0,0,0.65089,0.0,0.6006768019979063,-0.001875529000244569
4,x,2,"['x', 'x', 'x', 'x']",0.01,m2,100000,31909,0,1,29716,0.45400091059131525,0.0,15.093115208001109,1.03293072499946
4,x,2,"['x', 'x', 'x', 'x']",0.005,m2,100000,56575,0,0,16428,0.6769611831713971,0.0,9.507064453999192,1.026657967002393
4,x,3,"['z', 'x', 'x', 'x']",0.01,m2,100000,47082,0,1,29793,0.6706168900536984,0.0,10.863782430998981,1.2708390560001135
4,x,3,"['z', 'x', 'x', 'x']",0.005,m2,100000,68680,0,0,16439,0.8219145295053912,0.0,2.110271368001122,0.7272076549998019
4,x,4,"['x', 'z', 'x', 'x']",0.01,m2,100000,34772,164,320,18525,0.4267812212335072,0.004716438513746701,39.58139751899944,5.479943065998668
4,x,4,"['x', 'z', 'x', 'x']",0.005,m2,100000,59006,70,133,9890,0.6548218843635557,0.0011863200352506542,39.712235917002545,-5.5146109700035595
4,x,5,"['z', 'z', 'x', 'x']",0.01,m2,100000,70247,2,3,29753,1.0,2.8470966731641845e-05,3.92537423199974,1.531562481999572
4,x,5,"['z', 'z', 'x', 'x']",0.005,m2,100000,83609,0,0,16391,1.0,0.0,2.651977233999787,1.1983533460006583
4,x,6,"['x', 'x', 'z', 'x']",0.01,m2,100000,34649,288,553,29716,0.4929856012748278,0.008311928194175922,37.1267623269996,6.120419602997572
4,x,6,"['x', 'x', 'z', 'x']",0.005,m2,100000,58641,108,213,16428,0.7016823816589288,0.0018417148411521422,15.607812579000893,3.84663491199899
4,x,7,"['z', 'x', 'z', 'x']",0.01,m2,100000,53614,849,1584,18512,0.6579373650107991,0.01583541612265449,15.218028789000527,3.092234747000475
4,x,7,"['z', 'x', 'z', 'x']",0.005,m2,100000,72426,284,557,9830,0.803216147277365,0.003921243752243675,41.44003572699876,8.439550682000117
4,x,8,"['x', 'z', 'z', 'x']",0.01,m2,100000,41785,7247,13752,18525,0.5128567045105861,0.17343544334091177,43.62005245399996,6.8794918800012965
4,x,8,"['x', 'z', 'z', 'x']",0.005,m2,100000,62992,5328,10349,9890,0.6990567084674287,0.08458216916433836,42.05279150700153,-12.876955125000677
4,x,9,"['z', 'z', 'z', 'x']",0.01,m2,100000,100000,12,24,0,1.0,0.00012000000000000899,3.4653803349974623,0.9225814390010783
4,x,9,"['z', 'z', 'z', 'x']",0.005,m2,100000,100000,0,1,0,1.0,0.0,2.092508239999006,0.5516500640005688
4,x,10,"['x', 'x', 'x', 'z']",0.01,m2,100000,35431,364,693,29716,0.5041118889078595,0.010273489317264572,36.95202296500065,5.812039344997174
4,x,10,"['x', 'x', 'x', 'z']",0.005,m2,100000,59019,158,309,16428,0.7062054276551956,0.0026771039834629917,16.20653473299899,10.257826138000382
4,x,11,"['z', 'x', 'x', 'z']",0.01,m2,100000,52377,838,1573,29793,0.7460367199851866,0.015999389044809798,42.08977223400143,8.657431173996883
4,x,11,"['z', 'x', 'x', 'z']",0.005,m2,100000,72011,294,573,16439,0.8617776235325092,0.004082709586035516,17.607839840999077,16.90176974500355
4,x,12,"['x', 'z', 'x', 'z']",0.01,m2,100000,39276,6164,11753,18525,0.4820619822031298,0.15694062531826047,14.944289670998842,2.512327202999586
4,x,12,"['x', 'z', 'x', 'z']",0.005,m2,100000,62093,5024,9767,9890,0.6890800133170569,0.08091089172692578,48.59127522699782,10.52476923300128
4,x,13,"['z', 'z', 'x', 'z']",0.01,m2,100000,81446,1789,3144,18554,1.0,0.021965474056430012,37.42531427100039,10.36093115300173
4,x,13,"['z', 'z', 'x', 'z']",0.005,m2,100000,90108,530,1001,9892,1.0,0.005881830692058387,35.72538385900043,9.838497548000305
4,x,14,"['x', 'x', 'z', 'z']",0.01,m2,100000,38675,5946,10894,29716,0.5502674861988504,0.1537427278603749,37.54035122099958,6.54746130300191
4,x,14,"['x', 'x', 'z', 'z']",0.005,m2,100000,62167,5086,9683,16428,0.7438735461637869,0.08181189377000664,16.063871789003315,3.884834336997301
4,x,15,"['z', 'x', 'z', 'z']",0.01,m2,100000,61133,10348,17256,18512,0.7502086196740625,0.1692702795544141,48.507067370002915,10.415519841997593
4,x,15,"['z', 'x', 'z', 'z']",0.005,m2,100000,78189,7178,12995,9830,0.8671287567927248,0.09180319482280119,53.48982800700105,13.509739223998622
4,x,16,"['x', 'z', 'z', 'z']",0.01,m2,100000,45918,13486,0,18525,0.563583921448297,0.2936974606907966,15.222141713999008,3.078031490000285
4,x,16,"['x', 'z', 'z', 'z']",0.005,m2,100000,67942,11872,0,9890,0.7539895683054045,0.1747372759118071,48.836928009000985,12.19286162699791
4,z,2,"['z', 'x', 'x', 'x']",0.01,m2,100000,47082,5289,9376,29793,0.6706168900536984,0.11233592455715558,14.630608422998193,3.227783858001203
4,z,2,"['z', 'x', 'x', 'x']",0.005,m2,100000,68680,4042,7574,16439,0.8219145295053912,0.05885264997087947,49.16041446199961,11.704557638997358
4,z,3,"['x', 'z', 'x', 'x']",0.01,m2,100000,34772,3904,7341,18525,0.4267812212335072,0.11227424364431149,14.844400753001537,2.3476592429979064
4,z,3,"['x', 'z', 'x', 'x']",0.005,m2,100000,59006,3506,6814,9890,0.6548218843635557,0.059417686336982634,17.00983668900153,3.784677362997172
4,z,4,"['z', 'z', 'x', 'x']",0.01,m2,100000,70247,588,1093,29753,1.0,0.008370464219112583,30.9221456530031,8.644492580995575
4,z,4,"['z', 'z', 'x', 'x']",0.005,m2,100000,83609,160,310,16391,1.0,0.0019136695810260118,31.873460900998907,8.93720804899931
4,z,5,"['x', 'x', 'z', 'x']",0.01,m2,100000,34649,3812,7398,29716,0.4929856012748278,0.11001760512568903,13.174366800998541,11.279989923001267
4,z,5,"['x', 'x', 'z', 'x']",0.005,m2,100000,58641,3296,6475,16428,0.7016823816589288,0.0562064084855306,29.038758234000852,-9.264691782002046
4,z,6,"['z', 'x', 'z', 'x']",0.01,m2,100000,53614,422,809,18512,0.6579373650107991,0.00787107844965862,48.2077587399981,-5.588351064998278
4,z,6,"['z', 'x', 'z', 'x']",0.005,m2,100000,72426,142,278,9830,0.803216147277365,0.001960621876121782,37.621284141001524,-6.406597915003658
4,z,7,"['x', 'z', 'z', 'x']",0.01,m2,100000,41785,249,462,18525,0.5128567045105861,0.005959076223525206,43.17145172999881,-1.2920059959978971
4,z,7,"['x', 'z', 'z', 'x']",0.005,m2,100000,62992,86,171,9890,0.6990567084674287,0.001365252730505473,17.349330920002103,5.0027768519976235
4,z,8,"['z', 'z', 'z', 'x']",0.01,m2,100000,100000,2,3,0,1.0,2.0000000000020002e-05,2.287356078999437,0.6138127410013112
4,z,8,"['z', 'z', 'z', 'x']",0.005,m2,100000,100000,0,0,0,1.0,0.0,0.5591661639991798,0.16519121199962683
4,z,9,"['x', 'x', 'x', 'z']",0.01,m2,100000,35431,3972,7618,29716,0.5041118889078595,0.11210521859388667,16.20048414500343,1.2558832369977608
4,z,9,"['x', 'x', 'x', 'z']",0.005,m2,100000,59019,3194,6249,16428,0.7062054276551956,0.05411816533658653,44.53042729699882,-5.9962401739976485
4,z,10,"['z', 'x', 'x', 'z']",0.01,m2,100000,52377,334,643,29793,0.7460367199851866,0.006376844798289372,35.73416662599993,0.7266398179999669
4,z,10,"['z', 'x', 'x', 'z']",0.005,m2,100000,72011,123,244,16439,0.8617776235325092,0.0017080723778312157,36.17337166899961,-3.080307090000133
4,z,11,"['x', 'z', 'x', 'z']",0.01,m2,100000,39276,142,275,18525,0.4820619822031298,0.0036154394541195733,42.175508890002675,-11.337509148001118
4,z,11,"['x', 'z', 'x', 'z']",0.005,m2,100000,62093,54,107,9890,0.6890800133170569,0.0008696632470648336,47.555456204998336,-23.740446696996514
4,z,12,"['z', 'z', 'x', 'z']",0.01,m2,100000,81446,0,0,18554,1.0,0.0,3.4037162569984503,0.9130536020020372
4,z,12,"['z', 'z', 'x', 'z']",0.005,m2,100000,90108,0,0,9892,1.0,0.0,0.9357793550007045,0.2443157159978
4,z,13,"['x', 'x', 'z', 'z']",0.01,m2,100000,38675,78,150,29716,0.5502674861988504,0.002016806722689113,31.464139537001756,-18.271058384001662
4,z,13,"['x', 'x', 'z', 'z']",0.005,m2,100000,62167,32,58,16428,0.7438735461637869,0.0005147425482973089,12.403625787999772,2.6152131670023664
4,z,14,"['z', 'x', 'z', 'z']",0.01,m2,100000,61133,0,0,18512,0.7502086196740625,0.0,3.23128699100198,0.3036959509990993
4,z,14,"['z', 'x', 'z', 'z']",0.005,m2,100000,78189,0,0,9830,0.8671287567927248,0.0,2.0914610190011445,0.2750695419999829
4,z,15,"['x', 'z', 'z', 'z']",0.01,m2,100000,45918,0,1,18525,0.563583921448297,0.0,11.431081901002472,-6.256893532001413
4,z,15,"['x', 'z', 'z', 'z']",0.005,m2,100000,67942,0,0,9890,0.7539895683054045,0.0,2.8857250250002835,0.2690725919965189
4,z,16,"['z', 'z', 'z', 'z']",0.01,m2,100000,42134,0,0,21840,0.5390736949846469,0.0,0.8315698159967724,0.010366387003159616
4,z,16,"['z', 'z', 'z', 'z']",0.005,m2,100000,65089,0,0,11755,0.7375941979715565,0.0,0.3734235849988181,-0.013267420999909518
3,x,2,"['x', 'x', 'x']",0.01,normal,100000,60627,137,262,0,0.60627,0.0022597192669931987,2.2904191199995694,-1.247696876000191
3,x,3,"['z', 'x', 'x']",0.01,normal,100000,74882,442,835,0,0.74882,0.005902620122325786,1.6574168550014292,0.29597366499911004
3,x,4,"['x', 'z', 'x']",0.01,normal,100000,65314,5964,11006,0,0.65314,0.09131273540129226,5.956098661001306,-1.5620471420006652
3,x,5,"['z', 'z', 'x']",0.01,normal,100000,100000,1139,2088,0,1.0,0.011390000000000011,0.15899810999871988,0.061483478000809555
3,x,6,"['x', 'x', 'z']",0.01,normal,100000,64006,5458,10290,0,0.64006,0.0852732556322845,3.5730094659993483,1.6025593820013455
3,x,7,"['z', 'x', 'z']",0.01,normal,100000,85155,10187,17878,0,0.85155,0.11962891198402914,4.181539224999142,-0.1702472109991504
3,x,8,"['x', 'z', 'z']",0.01,normal,100000,73619,15984,0,0,0.73619,0.21711786359499585,5.02876101199945,-0.92633325099996
3,z,2,"['z', 'x', 'x']",0.01,normal,100000,74882,4534,8565,0,0.74882,0.06054859645842792,4.028724938998494,-1.871382592997179
3,z,3,"['x', 'z', 'x']",0.01,normal,100000,65314,3816,7363,0,0.65314,0.058425452429800684,6.672795132000829,-2.6881286000007094
3,z,4,"['z', 'z', 'x']",0.01,normal,100000,100000,274,533,0,1.0,0.0027399999999999647,0.3106457699996099,0.09463113899983
3,z,5,"['x', 'x', 'z']",0.01,normal,100000,64006,3448,6706,0,0.64006,0.05386994969221637,1.6856948860004195,0.7784901309987617
3,z,6,"['z', 'x', 'z']",0.01,normal,100000,85155,178,344,0,0.85155,0.002090305912747392,1.1238351930005592,0.2316638009997405
3,z,7,"['x', 'z', 'z']",0.01,normal,100000,73619,74,140,0,0.73619,0.0010051752944212344,1.6202701269994577,0.15339929299989308
3,z,8,"['z', 'z', 'z']",0.01,normal,100000,68880,0,0,0,0.6888,0.0,0.04737788200145587,0.0027618729982350487
3,x,2,"['x', 'x', 'x']",0.01,m1,100000,68554,162,311,0,0.68554,0.0023631006214079875,0.635405240000182,0.024270624000564567
3,x,3,"['z', 'x', 'x']",0.01,m1,100000,83657,319,622,0,0.83657,0.0038131895717035125,0.2993866659999185,0.044112621999374824
3,x,4,"['x', 'z', 'x']",0.01,m1,100000,73118,6036,11695,0,0.73118,0.08255149210864632,1.3846993799998017,-0.7558531629983918
3,x,5,"['z', 'z', 'x']",0.01,m1,100000,100000,574,1065,0,1.0,0.005739999999999967,0.037982270998327294,0.015288297001461615
3,x,6,"['x', 'x', 'z']",0.01,m1,100000,72257,5822,11125,0,0.72257,0.08057350844900835,2.57292942300046,-1.5147477560003608
3,x,7,"['z', 'x', 'z']",0.01,m1,100000,90155,7980,14560,0,0.90155,0.0885142255005269,0.23710676799964858,0.03771097400021972
3,x,8,"['x', 'z', 'z']",0.01,m1,100000,78037,13127,0,0,0.78037,0.1682150774632546,1.6419562700011738,-0.8021902440013946
3,z,2,"['z', 'x', 'x']",0.01,m1,100000,83657,4536,8552,0,0.83657,0.05422140406660525,0.5811060870000802,-0.28895668600125646
3,z,3,"['x', 'z', 'x']",0.01,m1,100000,73118,4176,8104,0,0.73118,0.05711315955031593,1.0743460070007131,0.25743750000037835
3,z,4,"['z', 'z', 'x']",0.01,m1,100000,100000,195,380,0,1.0,0.0019500000000000073,0.03281129700008023,0.013396753000051831
3,z,5,"['x', 'x', 'z']",0.01,m1,100000,72257,3814,7428,0,0.72257,0.052783813332964336,1.3138773880000372,-0.16655275100129074
3,z,6,"['z', 'x', 'z']",0.01,m1,100000,90155,156,303,0,0.90155,0.0017303532804614496,0.22004544899937173,0.031662809999033925
3,z,7,"['x', 'z', 'z']",0.01,m1,100000,78037,80,158,0,0.78037,0.0010251547342926548,0.2582058069983759,0.20296620500084828
3,z,8,"['z', 'z', 'z']",0.01,m1,100000,74555,0,0,0,0.74555,0.0,0.12630393099971116,0.0016992780001601204
3,x,2,"['x', 'x', 'x']",0.01,m2,100000,68554,162,311,16341,0.8194456065695263,0.0023631006214079875,0.3313181250014168,0.03731434599831118
3,x,3,"['z', 'x', 'x']",0.01,m2,100000,83657,319,622,16343,1.0,0.0038131895717035125,0.04649738899934164,0.00438996900084021
3,x,4,"['x', 'z', 'x']",0.01,m2,100000,73118,6036,11695,9791,0.8105399682958463,0.08255149210864632,0.9706605370010948,-0.521049173999927
3,x,5,"['z', 'z', 'x']",0.01,m2,100000,100000,574,1065,0,1.0,0.005739999999999967,0.038077173001511255,0.015452072999323718
3,x,6,"['x', 'x', 'z']",0.01,m2,100000,72257,5822,11125,16341,0.8637086266869075,0.08057350844900835,1.041645459999927,-0.3895720549990074
3,x,7,"['z', 'x', 'z']",0.01,m2,100000,90155,7980,14560,9845,1.0,0.0885142255005269,0.1931608699997014,0.07724600800065673
3,x,8,"['x', 'z', 'z']",0.01,m2,100000,78037,13127,0,9791,0.8650688955647441,0.1682150774632546,0.5335926099996868,0.29964402000041446
3,z,2,"['z', 'x', 'x']",0.01,m2,100000,83657,4536,8552,16343,1.0,0.05422140406660525,0.18090499899881252,0.07074906500201905
3,z,3,"['x', 'z', 'x']",0.01,m2,100000,73118,4176,8104,9791,0.8105399682958463,0.05711315955031593,1.4070436719994177,-0.7757391179984552
3,z,4,"['z', 'z', 'x']",0.01,m2,100000,100000,195,380,0,1.0,0.0019500000000000073,0.037757525000415626,0.008362976999706007
3,z,5,"['x', 'x', 'z']",0.01,m2,100000,72257,3814,7428,16341,0.8637086266869075,0.052783813332964336,0.304592534999756,0.06053237400010403
3,z,6,"['z', 'x', 'z']",0.01,m2,100000,90155,156,303,9845,1.0,0.0017303532804614496,0.07631761800075765,0.026554559999567573
3,z,7,"['x', 'z', 'z']",0.01,m2,100000,78037,80,158,9791,0.8650688955647441,0.0010251547342926548,0.2621035200008919,0.02495975800047745
3,z,8,"['z', 'z', 'z']",0.01,m2,100000,74555,0,0,11766,0.8449690595462067,0.0,0.06280749999859836,0.003421319001063239
6,x,2,"['x', 'x', 'x', 'x', 'x', 'x']",0.01,normal,100000,21,0,0,0,0.00021,0.0,86.35012176099553,19.578641211002832
6,x,3,"['z', 'x', 'x', 'x', 'x', 'x']",0.01,normal,100000,89,0,0,0,0.00089,0.0,131.6898416949989,36.454984504001914
6,x,4,"['x', 'z', 'x', 'x', 'x', 'x']",0.01,normal,100000,18,0,0,0,0.00018,0.0,96.85771648399532,24.01884052600508
6,x,5,"['z', 'z', 'x', 'x', 'x', 'x']",0.01,normal,100000,394,0,0,0,0.00394,0.0,56.12133610500314,8.04542659499566
6,x,6,"['x', 'x', 'z', 'x', 'x', 'x']",0.01,normal,100000,16,0,0,0,0.00016,0.0,30.8904121700034,25.420611641995492
6,x,7,"['z', 'x', 'z', 'x', 'x', 'x']",0.01,normal,100000,98,0,0,0,0.00098,0.0,141.83570181499817,37.915089108006214
6,x,8,"['x', 'z', 'z', 'x', 'x', 'x']",0.01,normal,100000,36,0,0,0,0.00036,0.0,70.51806917400245,-29.110460181000235
6,x,9,"['z', 'z', 'z', 'x', 'x', 'x']",0.01,normal,100000,1789,0,0,0,0.01789,0.0,203.90157765700133,41.302680472996144
6,x,10,"['x', 'x', 'x', 'z', 'x', 'x']",0.01,normal,100000,24,0,0,0,0.00024,0.0,86.35095398699923,19.38048245399841
6,x,11,"['z', 'x', 'x', 'z', 'x', 'x']",0.01,normal,100000,87,0,0,0,0.00087,0.0,132.84458883700427,36.358115005998116
6,x,12,"['x', 'z', 'x', 'z', 'x', 'x']",0.01,normal,100000,23,0,0,0,0.00023,0.0,57.81845727900509,-11.00534087500273
6,x,13,"['z', 'z', 'x', 'z', 'x', 'x']",0.01,normal,100000,518,0,0,0,0.00518,0.0,135.43535628300015,-11.088219201999891
6,x,14,"['x', 'x', 'z', 'z', 'x', 'x']",0.01,normal,100000,26,0,0,0,0.00026,0.0,40.58076021900342,3.0003067399957217
6,x,15,"['z', 'x', 'z', 'z', 'x', 'x']",0.01,normal,100000,178,0,0,0,0.00178,0.0,65.87045283800398,3.8845091399925877
6,x,16,"['x', 'z', 'z', 'z', 'x', 'x']",0.01,normal,100000,61,2,1,0,0.00061,0.032786885245901676,132.57054499800142,-0.008750532004341949
6,x,17,"['z', 'z', 'z', 'z', 'x', 'x']",0.01,normal,100000,9712,0,0,0,0.09712,0.0,258.2326683409992,25.996445937998942
6,x,18,"['x', 'x', 'x', 'x', 'z', 'x']",0.01,normal,100000,32,0,0,0,0.00032,0.0,104.1494570060022,-61.22051769300015
6,x,19,"['z', 'x', 'x', 'x', 'z', 'x']",0.01,normal,100000,118,0,0,0,0.00118,0.0,170.7032933579976,0.5397147330004373
6,x,20,"['x', 'z', 'x', 'x', 'z', 'x']",0.01,normal,100000,33,0,0,0,0.00033,0.0,125.99301945300249,3.6844842779973987
6,x,21,"['z', 'z', 'x', 'x', 'z', 'x']",0.01,normal,100000,536,0,0,0,0.00536,0.0,87.33739991100447,0.7898671949951677
6,x,22,"['x', 'x', 'z', 'x', 'z', 'x']",0.01,normal,100000,30,0,0,0,0.0003,0.0,74.58670508700015,-31.80408266899758
6,x,23,"['z', 'x', 'z', 'x', 'z', 'x']",0.01,normal,100000,138,0,0,0,0.00138,0.0,180.69058031000168,-0.4453783470016788
6,x,24,"['x', 'z', 'z', 'x', 'z', 'x']",0.01,normal,100000,67,4,6,0,0.00067,0.05970149253731338,118.09593000899622,14.3233315030011
6,x,25,"['z', 'z', 'z', 'x', 'z', 'x']",0.01,normal,100000,3268,0,0,0,0.03268,0.0,146.86321590899752,73.6711003790042
6,x,26,"['x', 'x', 'x', 'z', 'z', 'x']",0.01,normal,100000,30,0,0,0,0.0003,0.0,54.633077918995696,-11.717910250990826
6,x,27,"['z', 'x', 'x', 'z', 'z', 'x']",0.01,normal,100000,160,0,1,0,0.0016,0.0,171.1540254230058,-1.0872131980067934
6,x,28,"['x', 'z', 'x', 'z', 'z', 'x']",0.01,normal,100000,54,6,11,0,0.00054,0.11111111111111116,72.42877020000014,-24.98493559900089
6,x,29,"['z', 'z', 'x', 'z', 'z', 'x']",0.01,normal,100000,1400,32,48,0,0.014,0.02285714285714291,202.47173527000268,-124.3498048420006
6,x,30,"['x', 'x', 'z', 'z', 'z', 'x']",0.01,normal,100000,78,13,22,0,0.00078,0.16666666666666663,54.99504106299719,43.8912866620085
6,x,31,"['z', 'x', 'z', 'z', 'z', 'x']",0.01,normal,100000,799,212,365,0,0.00799,0.2653316645807259,96.2668505019974,22.729627321001317
6,x,32,"['x', 'z', 'z', 'z', 'z', 'x']",0.01,normal,100000,420,198,373,0,0.0042,0.4714285714285714,132.67239644499932,0.14101041099638678
6,x,33,"['z', 'z', 'z', 'z', 'z', 'x']",0.01,normal,100000,100000,0,0,0,1.0,0.0,102.05435647899867,221.01035706300172
6,x,34,"['x', 'x', 'x', 'x', 'x', 'z']",0.01,normal,100000,51,0,0,0,0.00051,0.0,111.91357245700056,2.9909865250010625
6,x,35,"['z', 'x', 'x', 'x', 'x', 'z']",0.01,normal,100000,167,0,0,0,0.00167,0.0,158.73253987700446,10.848216730992135
6,x,36,"['x', 'z', 'x', 'x', 'x', 'z']",0.01,normal,100000,28,0,0,0,0.00028,0.0,54.39267063399893,-6.852094668000063
6,x,37,"['z', 'z', 'x', 'x', 'x', 'z']",0.01,normal,100000,580,0,0,0,0.0058,0.0,200.60287003900157,8.494864299995243
6,x,38,"['x', 'x', 'z', 'x', 'x', 'z']",0.01,normal,100000,28,0,0,0,0.00028,0.0,54.972760660006315,1.271913084994594
6,x,39,"['z', 'x', 'z', 'x', 'x', 'z']",0.01,normal,100000,152,0,1,0,0.00152,0.0,146.68883997399826,-67.10774135499378
6,x,40,"['x', 'z', 'z', 'x', 'x', 'z']",0.01,normal,100000,54,2,2,0,0.00054,0.03703703703703709,131.3203579119945,-0.18221575899951858
6,x,41,"['z', 'z', 'z', 'x', 'x', 'z']",0.01,normal,100000,2762,0,0,0,0.02762,0.0,243.05104088199732,2.0067538830044214
6,x,42,"['x', 'x', 'x', 'z', 'x', 'z']",0.01,normal,100000,36,0,1,0,0.00036,0.0,54.635139456004254,55.57970139999816
6,x,43,"['z', 'x', 'x', 'z', 'x', 'z']",0.01,normal,100000,159,0,0,0,0.00159,0.0,169.306997914995,0.33380326000769855
6,x,44,"['x', 'z', 'x', 'z', 'x', 'z']",0.01,normal,100000,45,2,3,0,0.00045,0.0444444444444444,47.233227433003776,0.1311709149958915
6,x,45,"['z', 'z', 'x', 'z', 'x', 'z']",0.01,normal,100000,889,12,20,0,0.00889,0.013498312710911176,77.39659075500094,86.05613291500049
6,x,46,"['x', 'x', 'z', 'z', 'x', 'z']",0.01,normal,100000,43,5,10,0,0.00043,0.11627906976744184,64.97059486800572,28.127966633997858
6,x,47,"['z', 'x', 'z', 'z', 'x', 'z']",0.01,normal,100000,395,84,134,0,0.00395,0.2126582278481013,82.15114280600392,25.291728270996828
6,x,48,"['x', 'z', 'z', 'z', 'x', 'z']",0.01,normal,100000,207,94,181,0,0.00207,0.45410628019323673,116.04142049499933,16.59505070799787
6,x,49,"['z', 'z', 'z', 'z', 'x', 'z']",0.01,normal,100000,27855,6,7,0,0.27855,0.0002154011847065318,96.714187906,76.35511405800207
6,x,50,"['x', 'x', 'x', 'x', 'z', 'z']",0.01,normal,100000,45,0,1,0,0.00045,0.0,115.31385700700048,0.3100154850035324
6,x,51,"['z', 'x', 'x', 'x', 'z', 'z']",0.01,normal,100000,171,0,1,0,0.00171,0.0,168.97991683600412,0.39052269000239903
6,x,52,"['x', 'z', 'x', 'x', 'z', 'z']",0.01,normal,100000,49,4,7,0,0.00049,0.08163265306122447,53.22740093700122,55.706094879002194
6,x,53,"['z', 'z', 'x', 'x', 'z', 'z']",0.01,normal,100000,806,6,11,0,0.00806,0.007444168734491274,110.68367768399912,-35.7429121210007
6,x,54,"['x', 'x', 'z', 'x', 'z', 'z']",0.01,normal,100000,51,4,8,0,0.00051,0.07843137254901966,116.04767737600196,-0.21843070100294426
6,x,55,"['z', 'x', 'z', 'x', 'z', 'z']",0.01,normal,100000,302,52,89,0,0.00302,0.17218543046357615,75.03202424900519,-10.500628427005722
6,x,56,"['x', 'z', 'z', 'x', 'z', 'z']",0.01,normal,100000,121,52,99,0,0.00121,0.4297520661157025,129.75133441500657,1.7988188499948592
6,x,57,"['z', 'z', 'z', 'x', 'z', 'z']",0.01,normal,100000,8556,375,486,0,0.08556,0.04382889200561013,250.45743650899385,-92.2780227399926
6,x,58,"['x', 'x', 'x', 'z', 'z', 'z']",0.01,normal,100000,48,10,13,0,0.00048,0.20833333333333337,115.61418953799875,-0.0286690339926281
6,x,59,"['z', 'x', 'x', 'z', 'z', 'z']",0.01,normal,100000,293,55,74,0,0.00293,0.1877133105802048,169.9934156129966,0.19137027600663714
6,x,60,"['x', 'z', 'x', 'z', 'z', 'z']",0.01,normal,100000,82,32,59,0,0.00082,0.3902439024390244,128.61958733799838,0.08807428400177741
6,x,61,"['z', 'z', 'x', 'z', 'z', 'z']",0.01,normal,100000,2745,750,841,0,0.02745,0.27322404371584696,81.23860123299528,-2.8666834229952656
6,x,62,"['x', 'x', 'z', 'z', 'z', 'z']",0.01,normal,100000,93,40,76,0,0.00093,0.4301075268817204,46.31123256400315,-3.1484305600024527
6,x,63,"['z', 'x', 'z', 'z', 'z', 'z']",0.01,normal,100000,875,394,419,0,0.00875,0.4502857142857143,117.79819355100335,-51.08124415999919
6,x,64,"['x', 'z', 'z', 'z', 'z', 'z']",0.01,normal,100000,286,137,0,0,0.00286,0.47902097902097907,132.4500807489967,-0.045019692995992955
6,z,15,"['x', 'z', 'z', 'z', 'x', 'x']",0.01,normal,100000,61,0,0,0,0.00061,0.0,131.8546469790017,-0.2835944920007023
6,z,17,"['x', 'x', 'x', 'x', 'z', 'x']",0.01,normal,100000,32,12,23,0,0.00032,0.375,116.10821946500073,0.15307538200431736
6,z,18,"['z', 'x', 'x', 'x', 'z', 'x']",0.01,normal,100000,118,12,23,0,0.00118,0.10169491525423724,169.32577309400222,-0.40128674300649436
6,z,19,"['x', 'z', 'x', 'x', 'z', 'x']",0.01,normal,100000,33,2,3,0,0.00033,0.06060606060606055,47.254737370996736,0.026319995005906094
6,z,20,"['z', 'z', 'x', 'x', 'z', 'x']",0.01,normal,100000,536,2,3,0,0.00536,0.003731343283582045,74.48482862799574,58.56024532900483
6,z,21,"['x', 'x', 'z', 'x', 'z', 'x']",0.01,normal,100000,30,0,0,0,0.0003,0.0,115.34224615100538,0.025939258994185366
6,z,22,"['z', 'x', 'z', 'x', 'z', 'x']",0.01,normal,100000,138,0,0,0,0.00138,0.0,180.0271684659965,-0.28860558599990327
6,z,23,"['x', 'z', 'z', 'x', 'z', 'x']",0.01,normal,100000,67,0,0,0,0.00067,0.0,48.255381253999076,0.1325883600002271
6,z,24,"['z', 'z', 'z', 'x', 'z', 'x']",0.01,normal,100000,3268,0,0,0,0.03268,0.0,250.70376975199906,1.0941581630031578
6,z,25,"['x', 'x', 'x', 'z', 'z', 'x']",0.01,normal,100000,30,1,2,0,0.0003,0.033333333333333326,116.02176959799544,-0.44200910199288046
6,z,26,"['z', 'x', 'x', 'z', 'z', 'x']",0.01,normal,100000,160,0,0,0,0.0016,0.0,61.178849395000725,1.284505182004068
6,z,27,"['x', 'z', 'x', 'z', 'z', 'x']",0.01,normal,100000,54,0,0,0,0.00054,0.0,76.64540396699886,9.866081455998938
6,z,28,"['z', 'z', 'x', 'z', 'z', 'x']",0.01,normal,100000,1400,0,0,0,0.014,0.0,218.4332782230049,0.8548615769905155
6,z,29,"['x', 'x', 'z', 'z', 'z', 'x']",0.01,normal,100000,78,0,0,0,0.00078,0.0,53.05111522199877,13.437493126002664
6,z,30,"['z', 'x', 'z', 'z', 'z', 'x']",0.01,normal,100000,799,0,0,0,0.00799,0.0,182.54100346400082,0.2888275680015795
6,z,31,"['x', 'z', 'z', 'z', 'z', 'x']",0.01,normal,100000,420,0,0,0,0.0042,0.0,131.6073158989966,0.4439787660012371
6,z,32,"['z', 'z', 'z', 'z', 'z', 'x']",0.01,normal,100000,100000,0,0,0,1.0,0.0,97.47893943699455,18.7111143620059
6,z,33,"['x', 'x', 'x', 'x', 'x', 'z']",0.01,normal,100000,51,20,37,0,0.00051,0.3921568627450981,42.910829810003634,-0.1073776720004389
6,z,34,"['z', 'x', 'x', 'x', 'x', 'z']",0.01,normal,100000,167,18,31,0,0.00167,0.10778443113772451,168.9512566120029,0.07252098999742884
6,z,35,"['x', 'z', 'x', 'x', 'x', 'z']",0.01,normal,100000,28,2,5,0,0.00028,0.0714285714285714,79.67923295900255,-32.240767303999746
6,z,36,"['z', 'z', 'x', 'x', 'x', 'z']",0.01,normal,100000,580,0,1,0,0.0058,0.0,207.46902012400096,0.6893291180022061
6,z,37,"['x', 'x', 'z', 'x', 'x', 'z']",0.01,normal,100000,28,0,0,0,0.00028,0.0,115.46335253200232,-71.08750941600738
6,z,38,"['z', 'x', 'z', 'x', 'x', 'z']",0.01,normal,100000,152,0,0,0,0.00152,0.0,178.67757731500024,0.5100732220016653
6,z,39,"['x', 'z', 'z', 'x', 'x', 'z']",0.01,normal,100000,54,0,0,0,0.00054,0.0,50.8170734919986,79.84061916400242
6,z,40,"['z', 'z', 'z', 'x', 'x', 'z']",0.01,normal,100000,2762,0,0,0,0.02762,0.0,89.14613597899734,68.95610220000526
6,z,41,"['x', 'x', 'x', 'z', 'x', 'z']",0.01,normal,100000,36,1,2,0,0.00036,0.02777777777777779,65.76957653600402,-23.025301250003395
6,z,42,"['z', 'x', 'x', 'z', 'x', 'z']",0.01,normal,100000,159,0,0,0,0.00159,0.0,148.59843046900642,20.490721063993988
6,z,43,"['x', 'z', 'x', 'z', 'x', 'z']",0.01,normal,100000,45,0,0,0,0.00045,0.0,127.71607660199516,0.250152947002789
6,z,44,"['z', 'z', 'x', 'z', 'x', 'z']",0.01,normal,100000,889,0,0,0,0.00889,0.0,216.2670042710015,-2.273899738000182
6,z,45,"['x', 'x', 'z', 'z', 'x', 'z']",0.01,normal,100000,43,0,0,0,0.00043,0.0,50.20937524300098,-7.233518613000342
6,z,46,"['z', 'x', 'z', 'z', 'x', 'z']",0.01,normal,100000,395,0,0,0,0.00395,0.0,72.83880132900231,-7.051650348003022
6,z,47,"['x', 'z', 'z', 'z', 'x', 'z']",0.01,normal,100000,207,0,0,0,0.00207,0.0,110.24407215000247,21.260048639996967
6,z,48,"['z', 'z', 'z', 'z', 'x', 'z']",0.01,normal,100000,27855,0,0,0,0.27855,0.0,275.74920734999614,-0.10360522699920693
6,z,49,"['x', 'x', 'x', 'x', 'z', 'z']",0.01,normal,100000,45,0,0,0,0.00045,0.0,69.16852543200366,-17.259274648007704
6,z,50,"['z', 'x', 'x', 'x', 'z', 'z']",0.01,normal,100000,171,0,0,0,0.00171,0.0,61.39935608900123,29.82768545599538
6,z,51,"['x', 'z', 'x', 'x', 'z', 'z']",0.01,normal,100000,49,0,0,0,0.00049,0.0,82.69808187200397,45.08540600399283
6,z,52,"['z', 'z', 'x', 'x', 'z', 'z']",0.01,normal,100000,806,0,0,0,0.00806,0.0,208.24005858299643,-19.96341072300129
6,z,53,"['x', 'x', 'z', 'x', 'z', 'z']",0.01,normal,100000,51,0,0,0,0.00051,0.0,66.69189393400302,-7.8947425480000675
6,z,54,"['z', 'x', 'z', 'x', 'z', 'z']",0.01,normal,100000,302,0,0,0,0.00302,0.0,64.85373785199772,-0.15563691400166135
6,z,55,"['x', 'z', 'z', 'x', 'z', 'z']",0.01,normal,100000,121,0,0,0,0.00121,0.0,131.57528103599907,-0.10169348699855618
6,z,56,"['z', 'z', 'z', 'x', 'z', 'z']",0.01,normal,100000,8556,0,0,0,0.08556,0.0,249.57425463300024,-162.0584360590001
6,z,57,"['x', 'x', 'x', 'z', 'z', 'z']",0.01,normal,100000,48,0,0,0,0.00048,0.0,115.72319352500199,-0.77952974200889
6,z,58,"['z', 'x', 'x', 'z', 'z', 'z']",0.01,normal,100000,293,0,0,0,0.00293,0.0,71.69778671699896,14.924257205006143
6,z,59,"['x', 'z', 'x', 'z', 'z', 'z']",0.01,normal,100000,82,0,0,0,0.00082,0.0,99.62185102099465,25.975173707003705
6,z,60,"['z', 'z', 'x', 'z', 'z', 'z']",0.01,normal,100000,2745,0,0,0,0.02745,0.0,108.28216443400015,0.4584746760010603
6,z,61,"['x', 'x', 'z', 'z', 'z', 'z']",0.01,normal,100000,93,0,0,0,0.00093,0.0,57.67525696600205,-14.383868427998095
6,z,62,"['z', 'x', 'z', 'z', 'z', 'z']",0.01,normal,100000,875,0,0,0,0.00875,0.0,108.04247110300639,-27.65839205901284
6,z,63,"['x', 'z', 'z', 'z', 'z', 'z']",0.01,normal,100000,286,0,0,0,0.00286,0.0,106.50064818400278,-60.95588699600194
6,z,64,"['z', 'z', 'z', 'z', 'z', 'z']",0.01,normal,100000,184,0,0,0,0.00184,0.0,33.253674999003124,5.20892487099627
6,x,2,"['x', 'x', 'x', 'x', 'x', 'x']",0.01,m1,100000,54,0,0,0,0.00054,0.0,125.4685599939985,1.2085954549984308
6,x,3,"['z', 'x', 'x', 'x', 'x', 'x']",0.01,m1,100000,214,0,0,0,0.00214,0.0,177.55904085999646,0.9693855520017678
6,x,4,"['x', 'z', 'x', 'x', 'x', 'x']",0.01,m1,100000,78,0,0,0,0.00078,0.0,138.82376188800117,1.3655958360031946
6,x,5,"['z', 'z', 'x', 'x', 'x', 'x']",0.01,m1,100000,959,0,0,0,0.00959,0.0,215.1581158120025,1.2606756989989663
6,x,6,"['x', 'x', 'z', 'x', 'x', 'x']",0.01,m1,100000,67,0,0,0,0.00067,0.0,127.71901144099684,1.2778616120049264
6,x,7,"['z', 'x', 'z', 'x', 'x', 'x']",0.01,m1,100000,314,0,0,0,0.00314,0.0,188.14461921399925,0.885824908997165
6,x,8,"['x', 'z', 'z', 'x', 'x', 'x']",0.01,m1,100000,88,0,0,0,0.00088,0.0,51.05098412600637,1.4288452729961136
6,x,9,"['z', 'z', 'z', 'x', 'x', 'x']",0.01,m1,100000,4861,0,0,0,0.04861,0.0,248.56358218099922,3.166747804003535
6,x,10,"['x', 'x', 'x', 'z', 'x', 'x']",0.01,m1,100000,75,0,0,0,0.00075,0.0,88.57734122499824,-41.6937568659996
6,x,11,"['z', 'x', 'x', 'z', 'x', 'x']",0.01,m1,100000,267,0,0,0,0.00267,0.0,63.93577172100049,24.647156354003528
6,x,12,"['x', 'z', 'x', 'z', 'x', 'x']",0.01,m1,100000,104,0,0,0,0.00104,0.0,71.453981147999,-20.28238431099453
6,x,13,"['z', 'z', 'x', 'z', 'x', 'x']",0.01,m1,100000,1432,0,0,0,0.01432,0.0,91.90725073400245,20.98596177699801
6,x,14,"['x', 'x', 'z', 'z', 'x', 'x']",0.01,m1,100000,86,0,0,0,0.00086,0.0,93.939010959999,17.156959557003574
6,x,15,"['z', 'x', 'z', 'z', 'x', 'x']",0.01,m1,100000,397,0,0,0,0.00397,0.0,68.9724445009997,28.212831250995805
6,x,16,"['x', 'z', 'z', 'z', 'x', 'x']",0.01,m1,100000,140,3,6,0,0.0014,0.021428571428571463,144.1959238060008,0.21184877699852223
6,x,17,"['z', 'z', 'z', 'z', 'x', 'x']",0.01,m1,100000,24240,0,0,0,0.2424,0.0,189.89690918999986,99.58987245399476
6,x,18,"['x', 'x', 'x', 'x', 'z', 'x']",0.01,m1,100000,87,0,0,0,0.00087,0.0,127.05278176299907,-0.16748215400002664
6,x,19,"['z', 'x', 'x', 'x', 'z', 'x']",0.01,m1,100000,304,0,0,0,0.00304,0.0,141.8077252430012,37.45469800700084
6,x,20,"['x', 'z', 'x', 'x', 'z', 'x']",0.01,m1,100000,87,0,0,0,0.00087,0.0,52.09754483500001,-0.4715249350047088
6,x,21,"['z', 'z', 'x', 'x', 'z', 'x']",0.01,m1,100000,1442,0,0,0,0.01442,0.0,89.42934313000296,30.965066812997975
6,x,22,"['x', 'x', 'z', 'x', 'z', 'x']",0.01,m1,100000,87,0,0,0,0.00087,0.0,99.6344601469973,-52.117216812999686
6,x,23,"['z', 'x', 'z', 'x', 'z', 'x']",0.01,m1,100000,438,2,3,0,0.00438,0.004566210045662156,189.3235593510035,-0.31891229900793405
6,x,24,"['x', 'z', 'z', 'x', 'z', 'x']",0.01,m1,100000,125,8,15,0,0.00125,0.06399999999999995,143.3864856049986,-0.5310386629935238
6,x,25,"['z', 'z', 'z', 'x', 'z', 'x']",0.01,m1,100000,8270,0,0,0,0.0827,0.0,132.34800331600127,128.6837411749948
6,x,26,"['x', 'x', 'x', 'z', 'z', 'x']",0.01,m1,100000,95,0,0,0,0.00095,0.0,67.64973873600684,-20.806958146007673
6,x,27,"['z', 'x', 'x', 'z', 'z', 'x']",0.01,m1,100000,455,2,5,0,0.00455,0.00439560439560438,164.7203187480045,15.033546815990121
6,x,28,"['x', 'z', 'x', 'z', 'z', 'x']",0.01,m1,100000,133,6,11,0,0.00133,0.045112781954887216,73.15054830200097,-21.828274437997607
6,x,29,"['z', 'z', 'x', 'z', 'z', 'x']",0.01,m1,100000,3034,40,67,0,0.03034,0.013183915622939968,226.84128045800026,1.84180408300017
6,x,30,"['x', 'x', 'z', 'z', 'z', 'x']",0.01,m1,100000,166,24,45,0,0.00166,0.14457831325301207,77.31629225600045,-29.699342059000628
6,x,31,"['z', 'x', 'z', 'z', 'z', 'x']",0.01,m1,100000,1428,337,596,0,0.01428,0.2359943977591037,95.94576592499652,25.25825636099762
6,x,32,"['x', 'z', 'z', 'z', 'z', 'x']",0.01,m1,100000,716,328,632,0,0.00716,0.45810055865921784,90.21618902100454,-37.78892692600493
6,x,33,"['z', 'z', 'z', 'z', 'z', 'x']",0.01,m1,100000,100000,0,0,0,1.0,0.0,275.0313958400002,54.662972844998876
6,x,34,"['x', 'x', 'x', 'x', 'x', 'z']",0.01,m1,100000,121,0,0,0,0.00121,0.0,54.5311028770011,72.10678628599999
6,x,35,"['z', 'x', 'x', 'x', 'x', 'z']",0.01,m1,100000,382,0,0,0,0.00382,0.0,177.9921375480044,-0.3491782310011331
6,x,36,"['x', 'z', 'x', 'x', 'x', 'z']",0.01,m1,100000,94,0,1,0,0.00094,0.0,73.28678596999816,27.3286841750014
6,x,37,"['z', 'z', 'x', 'x', 'x', 'z']",0.01,m1,100000,1547,0,0,0,0.01547,0.0,177.2357419580003,38.898317707993556
6,x,38,"['x', 'x', 'z', 'x', 'x', 'z']",0.01,m1,100000,89,0,0,0,0.00089,0.0,46.966429195003,35.829590756999096
6,x,39,"['z', 'x', 'z', 'x', 'x', 'z']",0.01,m1,100000,422,0,0,0,0.00422,0.0,151.73915552200197,36.33287401799316
6,x,40,"['x', 'z', 'z', 'x', 'x', 'z']",0.01,m1,100000,129,8,16,0,0.00129,0.06201550387596899,65.59423301500647,-12.859389321012713
6,x,41,"['z', 'z', 'z', 'x', 'x', 'z']",0.01,m1,100000,7533,0,0,0,0.07533,0.0,247.79687400699913,4.669032243000402
6,x,42,"['x', 'x', 'x', 'z', 'x', 'z']",0.01,m1,100000,97,0,0,0,0.00097,0.0,46.62707038799999,-0.11666116299602436
6,x,43,"['z', 'x', 'x', 'z', 'x', 'z']",0.01,m1,100000,387,1,2,0,0.00387,0.0025839793281653423,178.6248639580008,0.47288330100127496
6,x,44,"['x', 'z', 'x', 'z', 'x', 'z']",0.01,m1,100000,123,10,20,0,0.00123,0.08130081300813008,94.1769528779987,-8.403000266996969
6,x,45,"['z', 'z', 'x', 'z', 'x', 'z']",0.01,m1,100000,2334,18,34,0,0.02334,0.007712082262210762,179.51219982600014,46.427190572001564
6,x,46,"['x', 'x', 'z', 'z', 'x', 'z']",0.01,m1,100000,124,14,25,0,0.00124,0.11290322580645162,60.55977913899551,-13.512833351000154
6,x,47,"['z', 'x', 'z', 'z', 'x', 'z']",0.01,m1,100000,816,146,276,0,0.00816,0.178921568627451,69.17907618400204,0.5716868669987889
6,x,48,"['x', 'z', 'z', 'z', 'x', 'z']",0.01,m1,100000,358,150,297,0,0.00358,0.4189944134078212,143.53765159199975,0.35612335299811093
6,x,49,"['z', 'z', 'z', 'z', 'x', 'z']",0.01,m1,100000,44175,0,1,0,0.44175,0.0,116.31141034499888,-10.437905754995882
6,x,50,"['x', 'x', 'x', 'x', 'z', 'z']",0.01,m1,100000,91,0,1,0,0.00091,0.0,77.66010445699794,48.993663179004216
6,x,51,"['z', 'x', 'x', 'x', 'z', 'z']",0.01,m1,100000,429,4,4,0,0.00429,0.009324009324009341,148.14726220099692,-82.98213950899662
6,x,52,"['x', 'z', 'x', 'x', 'z', 'z']",0.01,m1,100000,133,11,20,0,0.00133,0.08270676691729328,51.44212331499875,1.6698102350055706
6,x,53,"['z', 'z', 'x', 'x', 'z', 'z']",0.01,m1,100000,2228,16,30,0,0.02228,0.007181328545781018,216.57224618599867,1.2308990680030547
6,x,54,"['x', 'x', 'z', 'x', 'z', 'z']",0.01,m1,100000,140,16,27,0,0.0014,0.11428571428571432,105.69904019600654,22.585356971998408
6,x,55,"['z', 'x', 'z', 'x', 'z', 'z']",0.01,m1,100000,725,116,215,0,0.00725,0.16000000000000003,189.16916752100224,0.08843268399505178
6,x,56,"['x', 'z', 'z', 'x', 'z', 'z']",0.01,m1,100000,280,116,217,0,0.0028,0.41428571428571426,143.4634017980061,-0.2912184630113188
6,x,57,"['z', 'z', 'z', 'x', 'z', 'z']",0.01,m1,100000,13834,254,369,0,0.13834,0.018360560936822368,234.289148459,29.823932332001277
6,x,58,"['x', 'x', 'x', 'z', 'z', 'z']",0.01,m1,100000,142,12,22,0,0.00142,0.08450704225352113,46.66455016099644,0.43353451900475193
6,x,59,"['z', 'x', 'x', 'z', 'z', 'z']",0.01,m1,100000,719,124,199,0,0.00719,0.17246175243393602,165.42371227599506,14.747564570010582
6,x,60,"['x', 'z', 'x', 'z', 'z', 'z']",0.01,m1,100000,243,97,174,0,0.00243,0.39917695473251025,56.65400344799855,-5.00818853299279
6,x,61,"['z', 'z', 'x', 'z', 'z', 'z']",0.01,m1,100000,4436,916,1134,0,0.04436,0.20649233543733092,213.61899241599895,-68.32189334299619
6,x,62,"['x', 'x', 'z', 'z', 'z', 'z']",0.01,m1,100000,222,78,125,0,0.00222,0.3513513513513513,128.43426388900116,0.028903909005748574
6,x,63,"['z', 'x', 'z', 'z', 'z', 'z']",0.01,m1,100000,1330,544,655,0,0.0133,0.4090225563909774,68.71108242799528,83.42364051999903
6,x,64,"['x', 'z', 'z', 'z', 'z', 'z']",0.01,m1,100000,440,206,0,0,0.0044,0.46818181818181814,53.00647817199933,0.032063347003713716
6,z,2,"['z', 'x', 'x', 'x', 'x', 'x']",0.01,m1,100000,214,70,88,0,0.00214,0.3271028037383178,63.810951612998906,0.25159293899923796
6,z,3,"['x', 'z', 'x', 'x', 'x', 'x']",0.01,m1,100000,78,23,46,0,0.00078,0.2948717948717948,139.58676563000336,0.22084931899735238
6,z,4,"['z', 'z', 'x', 'x', 'x', 'x']",0.01,m1,100000,959,104,153,0,0.00959,0.1084462982273201,111.63498014600191,-34.48739267399651
6,z,5,"['x', 'x', 'z', 'x', 'x', 'x']",0.01,m1,100000,67,22,41,0,0.00067,0.32835820895522383,128.01573894699686,-0.15129616799822543
6,z,6,"['z', 'x', 'z', 'x', 'x', 'x']",0.01,m1,100000,314,29,46,0,0.00314,0.09235668789808915,67.76481785200303,63.95877763900353
6,z,7,"['x', 'z', 'z', 'x', 'x', 'x']",0.01,m1,100000,88,6,12,0,0.00088,0.06818181818181823,135.91167876200052,-61.75700302100449
6,z,8,"['z', 'z', 'z', 'x', 'x', 'x']",0.01,m1,100000,4861,17,24,0,0.04861,0.0034972227936638234,249.34332153199648,2.082807127000706
6,z,9,"['x', 'x', 'x', 'z', 'x', 'x']",0.01,m1,100000,75,21,42,0,0.00075,0.28,126.95980152400443,0.40409927399014123
6,z,10,"['z', 'x', 'x', 'z', 'x', 'x']",0.01,m1,100000,267,26,44,0,0.00267,0.09737827715355807,179.58976452500065,0.3886924460020964
6,z,11,"['x', 'z', 'x', 'z', 'x', 'x']",0.01,m1,100000,104,8,17,0,0.00104,0.07692307692307687,53.86929200300074,8.106041162995098
6,z,12,"['z', 'z', 'x', 'z', 'x', 'x']",0.01,m1,100000,1432,6,13,0,0.01432,0.0041899441340782495,160.11252528100158,65.18252526599827
6,z,13,"['x', 'x', 'z', 'z', 'x', 'x']",0.01,m1,100000,86,4,7,0,0.00086,0.046511627906976716,116.08858268499898,12.638005874003284
6,z,14,"['z', 'x', 'z', 'z', 'x', 'x']",0.01,m1,100000,397,0,0,0,0.00397,0.0,176.15557310299482,-6.532655358991178
6,z,15,"['x', 'z', 'z', 'z', 'x', 'x']",0.01,m1,100000,140,0,0,0,0.0014,0.0,104.8496642070022,38.929580818999966
6,z,16,"['z', 'z', 'z', 'z', 'x', 'x']",0.01,m1,100000,24240,0,0,0,0.2424,0.0,234.0560245680026,55.554772180992586
6,z,17,"['x', 'x', 'x', 'x', 'z', 'x']",0.01,m1,100000,87,32,61,0,0.00087,0.367816091954023,46.98953982200328,63.701764967998315
6,z,18,"['z', 'x', 'x', 'x', 'z', 'x']",0.01,m1,100000,304,22,43,0,0.00304,0.07236842105263153,63.919620943001064,0.32359908900252776
6,z,19,"['x', 'z', 'x', 'x', 'z', 'x']",0.01,m1,100000,87,6,8,0,0.00087,0.06896551724137934,51.47046104799665,13.87108432000241
6,z,20,"['z', 'z', 'x', 'x', 'z', 'x']",0.01,m1,100000,1442,2,4,0,0.01442,0.001386962552011095,93.16942208499677,-15.500254703998507
6,z,21,"['x', 'x', 'z', 'x', 'z', 'x']",0.01,m1,100000,87,2,5,0,0.00087,0.02298850574712641,74.65830020199792,53.52073976000247
6,z,22,"['z', 'x', 'z', 'x', 'z', 'x']",0.01,m1,100000,438,0,0,0,0.00438,0.0,90.56323696999607,24.147882966004545
6,z,23,"['x', 'z', 'z', 'x', 'z', 'x']",0.01,m1,100000,125,0,0,0,0.00125,0.0,142.48615915299888,0.4355132560012862
6,z,24,"['z', 'z', 'z', 'x', 'z', 'x']",0.01,m1,100000,8270,0,0,0,0.0827,0.0,202.16358725399914,58.46950710600504
6,z,25,"['x', 'x', 'x', 'z', 'z', 'x']",0.01,m1,100000,95,0,1,0,0.00095,0.0,106.99068711199652,19.982122055000218
6,z,26,"['z', 'x', 'x', 'z', 'z', 'x']",0.01,m1,100000,455,0,0,0,0.00455,0.0,180.16775976599456,0.00457758700940758
6,z,27,"['x', 'z', 'x', 'z', 'z', 'x']",0.01,m1,100000,133,0,0,0,0.00133,0.0,77.93882370099891,-26.85020864699618
6,z,28,"['z', 'z', 'x', 'z', 'z', 'x']",0.01,m1,100000,3034,0,0,0,0.03034,0.0,148.73542031000397,79.65298227599123
6,z,29,"['x', 'x', 'z', 'z', 'z', 'x']",0.01,m1,100000,166,0,0,0,0.00166,0.0,67.09830474399496,-19.22495285399782
6,z,30,"['z', 'x', 'z', 'z', 'z', 'x']",0.01,m1,100000,1428,0,0,0,0.01428,0.0,159.6422981729993,32.614541262002604
6,z,31,"['x', 'z', 'z', 'z', 'z', 'x']",0.01,m1,100000,716,0,0,0,0.00716,0.0,97.53831864299718,-44.79649258299469
6,z,32,"['z', 'z', 'z', 'z', 'z', 'x']",0.01,m1,100000,100000,0,0,0,1.0,0.0,201.71411535199877,127.99622809400171
6,z,33,"['x', 'x', 'x', 'x', 'x', 'z']",0.01,m1,100000,121,44,86,0,0.00121,0.36363636363636365,61.791420889996516,43.04853517200536
6,z,34,"['z', 'x', 'x', 'x', 'x', 'z']",0.01,m1,100000,382,51,94,0,0.00382,0.1335078534031413,93.34845002200018,6.660817332995066
6,z,35,"['x', 'z', 'x', 'x', 'x', 'z']",0.01,m1,100000,94,6,13,0,0.00094,0.06382978723404253,139.05940795400238,0.09409117799805244
6,z,36,"['z', 'z', 'x', 'x', 'x', 'z']",0.01,m1,100000,1547,6,11,0,0.01547,0.003878474466709747,143.25146735899762,-17.7594016189978
6,z,37,"['x', 'x', 'z', 'x', 'x', 'z']",0.01,m1,100000,89,3,4,0,0.00089,0.0337078651685393,46.87120015000255,0.1492612649963121
6,z,38,"['z', 'x', 'z', 'x', 'x', 'z']",0.01,m1,100000,422,0,0,0,0.00422,0.0,89.01222999399761,99.48410476600111
6,z,39,"['x', 'z', 'z', 'x', 'x', 'z']",0.01,m1,100000,129,0,0,0,0.00129,0.0,83.50193094000133,16.69906854999863
6,z,40,"['z', 'z', 'z', 'x', 'x', 'z']",0.01,m1,100000,7533,0,0,0,0.07533,0.0,247.78557736900257,-9.353634648003208
6,z,41,"['x', 'x', 'x', 'z', 'x', 'z']",0.01,m1,100000,97,1,2,0,0.00097,0.010309278350515427,118.22471403599775,8.375138961004268
6,z,42,"['z', 'x', 'x', 'z', 'x', 'z']",0.01,m1,100000,387,0,0,0,0.00387,0.0,90.3572047839989,86.65041806100635
6,z,43,"['x', 'z', 'x', 'z', 'x', 'z']",0.01,m1,100000,123,0,0,0,0.00123,0.0,139.7374830530025,0.32075399099994684
6,z,44,"['z', 'z', 'x', 'z', 'x', 'z']",0.01,m1,100000,2334,0,0,0,0.02334,0.0,79.698538138,0.7632642989992746
6,z,45,"['x', 'x', 'z', 'z', 'x', 'z']",0.01,m1,100000,124,0,0,0,0.00124,0.0,88.93818174300395,39.71009205599694
6,z,46,"['z', 'x', 'z', 'z', 'x', 'z']",0.01,m1,100000,816,0,0,0,0.00816,0.0,81.17346520000137,-10.943154956003127
6,z,47,"['x', 'z', 'z', 'z', 'x', 'z']",0.01,m1,100000,358,0,0,0,0.00358,0.0,104.40872934700019,-51.716958753000654
6,z,48,"['z', 'z', 'z', 'z', 'x', 'z']",0.01,m1,100000,44175,0,0,0,0.44175,0.0,246.37978164500237,37.5027127689973
6,z,49,"['x', 'x', 'x', 'x', 'z', 'z']",0.01,m1,100000,91,1,2,0,0.00091,0.01098901098901095,80.76727888500318,46.20774281399645
6,z,50,"['z', 'x', 'x', 'x', 'z', 'z']",0.01,m1,100000,429,0,1,0,0.00429,0.0,178.14233564800088,0.10849816799600376
6,z,51,"['x', 'z', 'x', 'x', 'z', 'z']",0.01,m1,100000,133,0,0,0,0.00133,0.0,73.04485298200598,-21.498920819001796
6,z,52,"['z', 'z', 'x', 'x', 'z', 'z']",0.01,m1,100000,2228,0,0,0,0.02228,0.0,216.17736150699784,-4.308644126998843
6,z,53,"['x', 'x', 'z', 'x', 'z', 'z']",0.01,m1,100000,140,0,0,0,0.0014,0.0,124.13862840199727,3.8601090390075115
6,z,54,"['z', 'x', 'z', 'x', 'z', 'z']",0.01,m1,100000,725,0,0,0,0.00725,0.0,68.12681535899901,42.701244045005296
6,z,55,"['x', 'z', 'z', 'x', 'z', 'z']",0.01,m1,100000,280,0,0,0,0.0028,0.0,109.39032153099834,-40.25830450299691
6,z,56,"['z', 'z', 'z', 'x', 'z', 'z']",0.01,m1,100000,13834,0,0,0,0.13834,0.0,256.4577782780034,-84.47774860000209
6,z,57,"['x', 'x', 'x', 'z', 'z', 'z']",0.01,m1,100000,142,0,0,0,0.00142,0.0,46.60365773400554,0.23369500999251613
6,z,58,"['z', 'x', 'x', 'z', 'z', 'z']",0.01,m1,100000,719,0,0,0,0.00719,0.0,178.74760031299957,-72.32112230100029
6,z,59,"['x', 'z', 'x', 'z', 'z', 'z']",0.01,m1,100000,243,0,0,0,0.00243,0.0,118.33471838499827,-7.799548365001101
6,z,60,"['z', 'z', 'x', 'z', 'z', 'z']",0.01,m1,100000,4436,0,0,0,0.04436,0.0,111.94576439999946,34.91887720500381
6,z,61,"['x', 'x', 'z', 'z', 'z', 'z']",0.01,m1,100000,222,0,0,0,0.00222,0.0,50.002142999997886,-2.8238012500005425
6,z,62,"['z', 'x', 'z', 'z', 'z', 'z']",0.01,m1,100000,1330,0,0,0,0.0133,0.0,106.6038568820004,30.632412958002533
6,z,63,"['x', 'z', 'z', 'z', 'z', 'z']",0.01,m1,100000,440,0,0,0,0.0044,0.0,72.85646611200355,-21.890068423010234
6,z,64,"['z', 'z', 'z', 'z', 'z', 'z']",0.01,m1,100000,313,0,0,0,0.00313,0.0,59.25516923599935,-6.802437425001699
6,x,2,"['x', 'x', 'x', 'x', 'x', 'x']",0.01,m2,100000,54,0,0,75879,0.0022387131545126655,0.0,40.65988866800035,0.7557033959965338
6,x,3,"['z', 'x', 'x', 'x', 'x', 'x']",0.01,m2,100000,214,0,0,75873,0.008869731006755916,0.0,50.76708157399844,-10.385288646000845
6,x,4,"['x', 'z', 'x', 'x', 'x', 'x']",0.01,m2,100000,78,0,0,55824,0.001765664614270192,0.0,26.745697778002068,0.6977236589955282
6,x,5,"['z', 'z', 'x', 'x', 'x', 'x']",0.01,m2,100000,959,0,0,75820,0.039660876757650954,0.0,58.98108914399927,1.3914075549982954
6,x,6,"['x', 'x', 'z', 'x', 'x', 'x']",0.01,m2,100000,67,0,0,75879,0.002777662617636085,0.0,14.651974897999025,0.859841414996481
6,x,7,"['z', 'x', 'z', 'x', 'x', 'x']",0.01,m2,100000,314,0,0,55663,0.007082121027584185,0.0,93.69289360399853,1.2377973479960929
6,x,8,"['x', 'z', 'z', 'x', 'x', 'x']",0.01,m2,100000,88,0,0,55824,0.00199203187250996,0.0,77.98836878499424,0.9029304960058653
6,x,9,"['z', 'z', 'z', 'x', 'x', 'x']",0.01,m2,100000,4861,0,0,75833,0.20114205321305914,0.0,66.1811371119984,3.481608829999459
6,x,10,"['x', 'x', 'x', 'z', 'x', 'x']",0.01,m2,100000,75,0,0,75879,0.003109323825712035,0.0,40.883372636002605,0.8454752909965464
6,x,11,"['z', 'x', 'x', 'z', 'x', 'x']",0.01,m2,100000,267,0,0,75873,0.011066440087868364,0.0,52.10477520600398,0.9025684719963465
6,x,12,"['x', 'z', 'x', 'z', 'x', 'x']",0.01,m2,100000,104,0,0,55824,0.0023542194856935894,0.0,27.310521564002556,-0.023980682002729736
6,x,13,"['z', 'z', 'x', 'z', 'x', 'x']",0.01,m2,100000,1432,0,0,55949,0.03250777507888584,0.0,38.65955873900384,49.44835325599706
6,x,14,"['x', 'x', 'z', 'z', 'x', 'x']",0.01,m2,100000,86,0,0,75879,0.003565357986816467,0.0,43.29440930299461,0.1429021210060455
6,x,15,"['z', 'x', 'z', 'z', 'x', 'x']",0.01,m2,100000,397,0,0,55663,0.008954146649525227,0.0,97.46609646200523,0.4075325849917135
6,x,16,"['x', 'z', 'z', 'z', 'x', 'x']",0.01,m2,100000,140,3,6,55824,0.0031691416153567546,0.021428571428571463,32.47990641299839,6.75877479200426
6,x,17,"['z', 'z', 'z', 'z', 'x', 'x']",0.01,m2,100000,24240,0,0,75760,1.0,0.0,41.824788322999666,-13.27110960400023
6,x,18,"['x', 'x', 'x', 'x', 'z', 'x']",0.01,m2,100000,87,0,0,75879,0.0036068156378259606,0.0,16.494053212001745,24.912126160998014
6,x,19,"['z', 'x', 'x', 'x', 'z', 'x']",0.01,m2,100000,304,0,0,75873,0.01259999171053177,0.0,22.087352458998794,30.079887332998624
6,x,20,"['x', 'z', 'x', 'x', 'z', 'x']",0.01,m2,100000,87,0,0,55824,0.0019693951466859833,0.0,43.672993366999435,29.222494857996935
6,x,21,"['z', 'z', 'x', 'x', 'z', 'x']",0.01,m2,100000,1442,0,0,75820,0.059636062861869316,0.0,21.664523090999865,0.4293549830035772
6,x,22,"['x', 'x', 'z', 'x', 'z', 'x']",0.01,m2,100000,87,0,0,75879,0.0036068156378259606,0.0,42.98013262300083,0.10615442499693017
6,x,23,"['z', 'x', 'z', 'x', 'z', 'x']",0.01,m2,100000,438,2,3,55663,0.009878882197712971,0.004566210045662156,46.4977094249989,6.9145848939951975
6,x,24,"['x', 'z', 'z', 'x', 'z', 'x']",0.01,m2,100000,125,8,15,55824,0.0028295907279971026,0.06399999999999995,78.91314935599803,0.28122884900221834
6,x,25,"['z', 'z', 'z', 'x', 'z', 'x']",0.01,m2,100000,8270,0,0,55955,0.1877625156090362,0.0,122.17948445399816,4.408855346002383
6,x,26,"['x', 'x', 'x', 'z', 'z', 'x']",0.01,m2,100000,95,0,0,75879,0.003938476845901911,0.0,27.519462055002805,-12.275875528008328
6,x,27,"['z', 'x', 'x', 'z', 'z', 'x']",0.01,m2,100000,455,2,5,75873,0.018858540224644588,0.00439560439560438,53.514042896997125,0.25874312100495445
6,x,28,"['x', 'z', 'x', 'z', 'z', 'x']",0.01,m2,100000,133,6,11,55824,0.003010684534588917,0.045112781954887216,75.61566921800113,0.1617409509999561
6,x,29,"['z', 'z', 'x', 'z', 'z', 'x']",0.01,m2,100000,3034,40,67,55949,0.06887471340037683,0.013183915622939968,55.714634114003275,9.942049564000627
6,x,30,"['x', 'x', 'z', 'z', 'z', 'x']",0.01,m2,100000,166,24,45,75879,0.006881970067575971,0.14457831325301207,15.682212255000195,-0.0016217820011661388
6,x,31,"['z', 'x', 'z', 'z', 'z', 'x']",0.01,m2,100000,1428,337,596,55663,0.03220786250761215,0.2359943977591037,97.79031281400239,0.6295991980005056
6,x,32,"['x', 'z', 'z', 'z', 'z', 'x']",0.01,m2,100000,716,328,632,55824,0.016207895689967403,0.45810055865921784,79.62013879900042,0.25298002199997427
6,x,33,"['z', 'z', 'z', 'z', 'z', 'x']",0.01,m2,100000,100000,0,0,0,1.0,0.0,163.03365676500107,165.68713171999843
6,x,34,"['x', 'x', 'x', 'x', 'x', 'z']",0.01,m2,100000,121,0,0,75879,0.00501637577214875,0.0,27.932069117996434,-12.973977786990872
6,x,35,"['z', 'x', 'x', 'x', 'x', 'z']",0.01,m2,100000,382,0,0,75873,0.015832884320470843,0.0,51.531977035003365,0.1580125019972911
6,x,36,"['x', 'z', 'x', 'x', 'x', 'z']",0.01,m2,100000,94,0,1,55824,0.002127852227453821,0.0,75.18047355800081,-0.017412035005690996
6,x,37,"['z', 'z', 'x', 'x', 'x', 'z']",0.01,m2,100000,1547,0,0,75820,0.06397849462365592,0.0,21.165812709994498,0.4537750400049845
6,x,38,"['x', 'x', 'z', 'x', 'x', 'z']",0.01,m2,100000,89,0,0,75879,0.0036897309398449484,0.0,15.910775286996795,-0.42779089100076817
6,x,39,"['z', 'x', 'z', 'x', 'x', 'z']",0.01,m2,100000,422,0,0,55663,0.009518009788664095,0.0,53.50729737799702,-19.729018311998516
6,x,40,"['x', 'z', 'z', 'x', 'x', 'z']",0.01,m2,100000,129,8,16,55824,0.00292013763129301,0.06201550387596899,78.39669819200208,-0.09702908100007335
6,x,41,"['z', 'z', 'z', 'x', 'x', 'z']",0.01,m2,100000,7533,0,0,75833,0.3117060454338561,0.0,27.404261986994243,15.847053356003016
6,x,42,"['x', 'x', 'x', 'z', 'x', 'z']",0.01,m2,100000,97,0,0,75879,0.004021392147920899,0.0,31.28149385699362,-12.207696231998852
6,x,43,"['z', 'x', 'x', 'z', 'x', 'z']",0.01,m2,100000,387,1,2,75873,0.016040121026236167,0.0025839793281653423,52.806152420002036,0.2384699059984996
6,x,44,"['x', 'z', 'x', 'z', 'x', 'z']",0.01,m2,100000,123,10,20,55824,0.002784317276349149,0.08130081300813008,59.66719916099828,15.795956406000187
6,x,45,"['z', 'z', 'x', 'z', 'x', 'z']",0.01,m2,100000,2334,18,34,55949,0.052984041224943816,0.007712082262210762,76.2007758930049,30.84270168299554
6,x,46,"['x', 'x', 'z', 'z', 'x', 'z']",0.01,m2,100000,124,14,25,75879,0.005140748725177231,0.11290322580645162,33.35725653499685,9.910946919000708
6,x,47,"['z', 'x', 'z', 'z', 'x', 'z']",0.01,m2,100000,816,146,276,55663,0.01840449286149266,0.178921568627451,45.92440815200098,51.82169996599987
6,x,48,"['x', 'z', 'z', 'z', 'x', 'z']",0.01,m2,100000,358,150,297,55824,0.008103947844983701,0.4189944134078212,28.5967413210019,0.05901554100273643
6,x,49,"['z', 'z', 'z', 'z', 'x', 'z']",0.01,m2,100000,44175,0,1,55825,1.0,0.0,121.51888383299956,24.490537528996356
6,x,50,"['x', 'x', 'x', 'x', 'z', 'z']",0.01,m2,100000,91,0,1,75879,0.003772646241863936,0.0,15.019596675003413,0.029475365998223424
6,x,51,"['z', 'x', 'x', 'x', 'z', 'z']",0.01,m2,100000,429,4,4,75873,0.0177809093546649,0.009324009324009341,18.540886601003876,0.020487293993937783
6,x,52,"['x', 'z', 'x', 'x', 'z', 'z']",0.01,m2,100000,133,11,20,55824,0.003010684534588917,0.08270676691729328,33.98017355900083,-6.596078704998945
6,x,53,"['z', 'z', 'x', 'x', 'z', 'z']",0.01,m2,100000,2228,16,30,75820,0.09214226633581472,0.007181328545781018,60.87103549599851,-28.50141379100387
6,x,54,"['x', 'x', 'z', 'x', 'z', 'z']",0.01,m2,100000,140,16,27,75879,0.0058040711413291325,0.11428571428571432,42.88769735399546,-0.08631516999594169
6,x,55,"['z', 'x', 'z', 'x', 'z', 'z']",0.01,m2,100000,725,116,215,55663,0.01635203103502718,0.16000000000000003,57.085007538000355,-22.939429051002662
6,x,56,"['x', 'z', 'z', 'x', 'z', 'z']",0.01,m2,100000,280,116,217,55824,0.006338283230713509,0.41428571428571426,28.450943731993902,9.997566480007663
6,x,57,"['z', 'z', 'z', 'x', 'z', 'z']",0.01,m2,100000,13834,254,369,55955,0.3140878646838461,0.018360560936822368,121.35398186100065,8.53815951699653
6,x,58,"['x', 'x', 'x', 'z', 'z', 'z']",0.01,m2,100000,142,12,22,75879,0.00588698644334812,0.08450704225352113,41.57773625099799,0.0859796219956479
6,x,59,"['z', 'x', 'x', 'z', 'z', 'z']",0.01,m2,100000,719,124,199,75873,0.029800638289053757,0.17246175243393602,53.07380285399995,0.3970683720035595
6,x,60,"['x', 'z', 'x', 'z', 'z', 'z']",0.01,m2,100000,243,97,174,55824,0.005500724375226368,0.39917695473251025,75.44873655699485,0.30137570000078995
6,x,61,"['z', 'z', 'x', 'z', 'z', 'z']",0.01,m2,100000,4436,916,1134,55949,0.10070145967174411,0.20649233543733092,39.74479870600044,0.575676458000089
6,x,62,"['x', 'x', 'z', 'z', 'z', 'z']",0.01,m2,100000,222,78,125,75879,0.009203598524107624,0.3513513513513513,23.858204440002737,-8.176772216000245
6,x,63,"['z', 'x', 'z', 'z', 'z', 'z']",0.01,m2,100000,1330,544,655,55663,0.02999751900218779,0.4090225563909774,54.027038385997,-18.57128204399487
6,x,64,"['x', 'z', 'z', 'z', 'z', 'z']",0.01,m2,100000,440,206,0,55824,0.0099601593625498,0.46818181818181814,79.34218340299412,0.4133939200110035
6,z,2,"['z', 'x', 'x', 'x', 'x', 'x']",0.01,m2,100000,416,138,175,51694,0.00861176665424585,0.3317307692307693,59.93612726099673,4.276536104000115
6,z,3,"['x', 'z', 'x', 'x', 'x', 'x']",0.01,m2,100000,141,42,83,11672,0.0015963227968481116,0.2978723404255319,108.12585108599887,0.41369557000143686
6,z,4,"['z', 'z', 'x', 'x', 'x', 'x']",0.01,m2,100000,959,104,153,75820,0.039660876757650954,0.1084462982273201,21.19111378299567,0.24244403900229372
6,z,5,"['x', 'x', 'z', 'x', 'x', 'x']",0.01,m2,100000,67,22,41,75879,0.002777662617636085,0.32835820895522383,42.72206697100046,0.09365389300364768
6,z,6,"['z', 'x', 'z', 'x', 'x', 'x']",0.01,m2,100000,314,29,46,55663,0.007082121027584185,0.09235668789808915,33.81959221800207,0.0925325329953921
6,z,7,"['x', 'z', 'z', 'x', 'x', 'x']",0.01,m2,100000,88,6,12,55824,0.00199203187250996,0.06818181818181823,28.365515600002254,0.0226588189980248
6,z,8,"['z', 'z', 'z', 'x', 'x', 'x']",0.01,m2,100000,4861,17,24,75833,0.20114205321305914,0.0034972227936638234,66.98100053999951,2.786465441000473
6,z,9,"['x', 'x', 'x', 'z', 'x', 'x']",0.01,m2,100000,75,21,42,75879,0.003109323825712035,0.28,41.66836116500053,-0.01682414099923335
6,z,10,"['z', 'x', 'x', 'z', 'x', 'x']",0.01,m2,100000,267,26,44,75873,0.011066440087868364,0.09737827715355807,52.94993507199979,0.10457999600475887
6,z,11,"['x', 'z', 'x', 'z', 'x', 'x']",0.01,m2,100000,104,8,17,55824,0.0023542194856935894,0.07692307692307687,75.38685722700029,0.12688733499817317
6,z,12,"['z', 'z', 'x', 'z', 'x', 'x']",0.01,m2,100000,1432,6,13,55949,0.03250777507888584,0.0041899441340782495,42.62363355499838,66.80838107500313
6,z,13,"['x', 'x', 'z', 'z', 'x', 'x']",0.01,m2,100000,86,4,7,75879,0.003565357986816467,0.046511627906976716,37.37679141699482,-21.813774545989872
6,z,14,"['z', 'x', 'z', 'z', 'x', 'x']",0.01,m2,100000,397,0,0,55663,0.008954146649525227,0.0,97.71102439200331,0.00627179099683417
6,z,15,"['x', 'z', 'z', 'z', 'x', 'x']",0.01,m2,100000,140,0,0,55824,0.0031691416153567546,0.0,28.678029740003694,0.220154556001944
6,z,16,"['z', 'z', 'z', 'z', 'x', 'x']",0.01,m2,100000,24240,0,0,75760,1.0,0.0,66.86016488499445,13.444559105002554
6,z,17,"['x', 'x', 'x', 'x', 'z', 'x']",0.01,m2,100000,87,32,61,75879,0.0036068156378259606,0.367816091954023,14.879415251001774,0.03368377999868244
6,z,18,"['z', 'x', 'x', 'x', 'z', 'x']",0.01,m2,100000,304,22,43,75873,0.01259999171053177,0.07236842105263153,51.8554678090004,0.017977680996409617
6,z,19,"['x', 'z', 'x', 'x', 'z', 'x']",0.01,m2,100000,87,6,8,55824,0.0019693951466859833,0.06896551724137934,27.44353417599632,0.015073107999342028
6,z,20,"['z', 'z', 'x', 'x', 'z', 'x']",0.01,m2,100000,1442,2,4,75820,0.059636062861869316,0.001386962552011095,21.531718049998744,0.3290984359991853
6,z,21,"['x', 'x', 'z', 'x', 'z', 'x']",0.01,m2,100000,87,2,5,75879,0.0036068156378259606,0.02298850574712641,42.87976403100038,0.031126191999646835
6,z,22,"['z', 'x', 'z', 'x', 'z', 'x']",0.01,m2,100000,438,0,0,55663,0.009878882197712971,0.0,94.96336893099942,0.26274312900204677
6,z,23,"['x', 'z', 'z', 'x', 'z', 'x']",0.01,m2,100000,125,0,0,55824,0.0028295907279971026,0.0,78.65596021000238,0.18831583699648036
6,z,24,"['z', 'z', 'z', 'x', 'z', 'x']",0.01,m2,100000,8270,0,0,55955,0.1877625156090362,0.0,43.26047399199888,1.894092513997748
6,z,25,"['x', 'x', 'x', 'z', 'z', 'x']",0.01,m2,100000,95,0,1,75879,0.003938476845901911,0.0,15.03841578700667,-0.07102662800753023
6,z,26,"['z', 'x', 'x', 'z', 'z', 'x']",0.01,m2,100000,455,0,0,75873,0.018858540224644588,0.0,53.15600454999367,0.3111789860049612
6,z,27,"['x', 'z', 'x', 'z', 'z', 'x']",0.01,m2,100000,133,0,0,55824,0.003010684534588917,0.0,75.49800880999828,-34.10169795499678
6,z,28,"['z', 'z', 'x', 'z', 'z', 'x']",0.01,m2,100000,3034,0,0,55949,0.06887471340037683,0.0,39.26692226299929,0.8345905370006221
6,z,29,"['x', 'x', 'z', 'z', 'z', 'x']",0.01,m2,100000,166,0,0,75879,0.006881970067575971,0.0,43.324912923999364,0.05768427000293741
6,z,30,"['z', 'x', 'z', 'z', 'z', 'x']",0.01,m2,100000,1428,0,0,55663,0.03220786250761215,0.0,98.07189248200302,0.7592703799964511
6,z,31,"['x', 'z', 'z', 'z', 'z', 'x']",0.01,m2,100000,716,0,0,55824,0.016207895689967403,0.0,79.32621894300246,0.37782582199724857
6,z,32,"['z', 'z', 'z', 'z', 'z', 'x']",0.01,m2,100000,100000,0,0,0,1.0,0.0,274.08212166200246,-74.38972479800577
6,z,33,"['x', 'x', 'x', 'x', 'x', 'z']",0.01,m2,100000,121,44,86,75879,0.00501637577214875,0.36363636363636365,15.009977622001315,0.064220482003293
6,z,34,"['z', 'x', 'x', 'x', 'x', 'z']",0.01,m2,100000,382,51,94,75873,0.015832884320470843,0.1335078534031413,18.383389569004066,0.1255456389990286
6,z,35,"['x', 'z', 'x', 'x', 'x', 'z']",0.01,m2,100000,94,6,13,55824,0.002127852227453821,0.06382978723404253,59.29181437899388,-1.7776248829904944
6,z,36,"['z', 'z', 'x', 'x', 'x', 'z']",0.01,m2,100000,1547,6,11,75820,0.06397849462365592,0.003878474466709747,59.98249447099806,0.6220195300047635
6,z,37,"['x', 'x', 'z', 'x', 'x', 'z']",0.01,m2,100000,89,3,4,75879,0.0036897309398449484,0.0337078651685393,42.858837296000274,0.05137949100026162
6,z,38,"['z', 'x', 'z', 'x', 'x', 'z']",0.01,m2,100000,422,0,0,55663,0.009518009788664095,0.0,94.3074576479994,-0.0010244520017295144
6,z,39,"['x', 'z', 'z', 'x', 'x', 'z']",0.01,m2,100000,129,0,0,55824,0.00292013763129301,0.0,28.440478459000587,-0.039613811000890564
6,z,40,"['z', 'z', 'z', 'x', 'x', 'z']",0.01,m2,100000,7533,0,0,75833,0.3117060454338561,0.0,23.587734713997634,1.6789437839979655
6,z,41,"['x', 'x', 'x', 'z', 'x', 'z']",0.01,m2,100000,97,1,2,75879,0.004021392147920899,0.010309278350515427,41.535073938001005,-0.06942202400387032
6,z,42,"['z', 'x', 'x', 'z', 'x', 'z']",0.01,m2,100000,387,0,0,75873,0.016040121026236167,0.0,18.874444925000716,28.175825254998927
6,z,43,"['x', 'z', 'x', 'z', 'x', 'z']",0.01,m2,100000,123,0,0,55824,0.002784317276349149,0.0,27.99567619300069,-0.7864126710046548
6,z,44,"['z', 'z', 'x', 'z', 'x', 'z']",0.01,m2,100000,2334,0,0,55949,0.052984041224943816,0.0,108.35540443499485,1.404355985003349
6,z,45,"['x', 'x', 'z', 'z', 'x', 'z']",0.01,m2,100000,124,0,0,75879,0.005140748725177231,0.0,42.90500740699645,0.23993114600307308
6,z,46,"['z', 'x', 'z', 'z', 'x', 'z']",0.01,m2,100000,816,0,0,55663,0.01840449286149266,0.0,34.81573238000419,0.12548567099292995
6,z,47,"['x', 'z', 'z', 'z', 'x', 'z']",0.01,m2,100000,358,0,0,55824,0.008103947844983701,0.0,79.35237666500325,0.2575954739950248
6,z,48,"['z', 'z', 'z', 'z', 'x', 'z']",0.01,m2,100000,44175,0,0,55825,1.0,0.0,121.48894897900027,8.102177245003986
6,z,49,"['x', 'x', 'x', 'x', 'z', 'z']",0.01,m2,100000,91,1,2,75879,0.003772646241863936,0.01098901098901095,41.45819234100054,0.05643754500488285
6,z,50,"['z', 'x', 'x', 'x', 'z', 'z']",0.01,m2,100000,429,0,1,75873,0.0177809093546649,0.0,18.494006810004066,0.0914799249949283
6,z,51,"['x', 'z', 'x', 'x', 'z', 'z']",0.01,m2,100000,133,0,0,55824,0.003010684534588917,0.0,65.60840672499762,-38.406463421997614
6,z,52,"['z', 'z', 'x', 'x', 'z', 'z']",0.01,m2,100000,2228,0,0,75820,0.09214226633581472,0.0,21.601555578999978,0.5716890999974567
6,z,53,"['x', 'x', 'z', 'x', 'z', 'z']",0.01,m2,100000,140,0,0,75879,0.0058040711413291325,0.0,15.453999614001077,13.501229033994605
6,z,54,"['z', 'x', 'z', 'x', 'z', 'z']",0.01,m2,100000,725,0,0,55663,0.01635203103502718,0.0,94.68763744000171,-3.0125164530036272
6,z,55,"['x', 'z', 'z', 'x', 'z', 'z']",0.01,m2,100000,280,0,0,55824,0.006338283230713509,0.0,78.4475570450013,-0.8517908790017827
6,z,56,"['z', 'z', 'z', 'x', 'z', 'z']",0.01,m2,100000,13834,0,0,55955,0.3140878646838461,0.0,121.60040568699333,-58.55812751099438
6,z,57,"['x', 'x', 'x', 'z', 'z', 'z']",0.01,m2,100000,142,0,0,75879,0.00588698644334812,0.0,15.044113694995758,0.11006098000507336
6,z,58,"['z', 'x', 'x', 'z', 'z', 'z']",0.01,m2,100000,719,0,0,75873,0.029800638289053757,0.0,48.46068035400094,-29.359215829994355
6,z,59,"['x', 'z', 'x', 'z', 'z', 'z']",0.01,m2,100000,243,0,0,55824,0.005500724375226368,0.0,27.35798816899478,35.27139755200187
6,z,60,"['z', 'z', 'x', 'z', 'z', 'z']",0.01,m2,100000,4436,0,0,55949,0.10070145967174411,0.0,39.37333223899623,1.0743387020047521
6,z,61,"['x', 'x', 'z', 'z', 'z', 'z']",0.01,m2,100000,222,0,0,75879,0.009203598524107624,0.0,43.14632341599645,-1.5849384579923935
6,z,62,"['z', 'x', 'z', 'z', 'z', 'z']",0.01,m2,100000,1330,0,0,55663,0.02999751900218779,0.0,34.84613633400295,-1.3107037780064275
6,z,63,"['x', 'z', 'z', 'z', 'z', 'z']",0.01,m2,100000,440,0,0,55824,0.0099601593625498,0.0,63.29062412799976,-41.81351965100475
6,z,64,"['z', 'z', 'z', 'z', 'z', 'z']",0.01,m2,100000,313,0,0,62527,0.008352680596696287,0.0,22.078960414000903,-0.22231558399653295
6,z,2,"['z', 'x', 'x', 'x', 'x', 'x']",0.01,normal,100000,89,36,41,0,0.00089,0.4044943820224719,142.13919895100116,4.948923283998738
6,z,3,"['x', 'z', 'x', 'x', 'x', 'x']",0.01,normal,100000,18,6,13,0,0.00018,0.33333333333333337,60.23297872500552,40.742070291991695
6,z,4,"['z', 'z', 'x', 'x', 'x', 'x']",0.01,normal,100000,394,43,60,0,0.00394,0.1091370558375635,182.2163745059952,-58.23333057999844
6,z,5,"['x', 'x', 'z', 'x', 'x', 'x']",0.01,normal,100000,16,6,11,0,0.00016,0.375,40.93376600299962,69.24261226099043
6,z,6,"['z', 'x', 'z', 'x', 'x', 'x']",0.01,normal,100000,98,8,13,0,0.00098,0.08163265306122447,128.35439173600753,39.40081016298791
6,z,7,"['x', 'z', 'z', 'x', 'x', 'x']",0.01,normal,100000,36,4,7,0,0.00036,0.11111111111111116,80.30015897500562,12.170594431983773
6,z,8,"['z', 'z', 'z', 'x', 'x', 'x']",0.01,normal,100000,1789,12,23,0,0.01789,0.006707657909446607,212.8440722959931,-47.94247948798875
6,z,9,"['x', 'x', 'x', 'z', 'x', 'x']",0.01,normal,100000,24,8,16,0,0.00024,0.33333333333333337,85.03884834400378,-22.923982273001457
6,z,10,"['z', 'x', 'x', 'z', 'x', 'x']",0.01,normal,100000,87,7,14,0,0.00087,0.08045977011494254,119.01064797199797,39.89146196600632
6,z,11,"['x', 'z', 'x', 'z', 'x', 'x']",0.01,normal,100000,23,2,4,0,0.00023,0.08695652173913049,48.552752996998606,79.15863311900466
6,z,12,"['z', 'z', 'x', 'z', 'x', 'x']",0.01,normal,100000,518,0,0,0,0.00518,0.0,179.0266109050135,-101.8726780420111
6,z,13,"['x', 'x', 'z', 'z', 'x', 'x']",0.01,normal,100000,26,0,0,0,0.00026,0.0,116.35809108999092,-48.67158852898865
6,z,14,"['z', 'x', 'z', 'z', 'x', 'x']",0.01,normal,100000,178,2,1,0,0.00178,0.011235955056179803,150.21851893998974,-81.0530753639905
6,z,16,"['z', 'z', 'z', 'z', 'x', 'x']",0.01,normal,100000,9712,0,0,0,0.09712,0.0,165.2623368420027,-80.59257332600828
6,x,8,"['x', 'z', 'z', 'x', 'x', 'x']",0.001,normal,100000,44069,0,0,0,0.44069,0.0,117.96083152400024,51.408361906999744
6,x,12,"['x', 'z', 'x', 'z', 'x', 'x']",0.001,normal,100000,43557,0,0,0,0.43557,0.0,112.93684727900018,10.510778256999401
6,x,14,"['x', 'x', 'z', 'z', 'x', 'x']",0.001,normal,100000,43755,0,0,0,0.43755,0.0,197.31483628600017,8.284927333999804
6,x,15,"['z', 'x', 'z', 'z', 'x', 'x']",0.001,normal,100000,51543,0,0,0,0.51543,0.0,218.5276133719999,26.089921023999523
6,x,20,"['x', 'z', 'x', 'x', 'z', 'x']",0.001,normal,100000,43315,0,0,0,0.43315,0.0,157.39925310299986,76.66853439100032
6,x,22,"['x', 'x', 'z', 'x', 'z', 'x']",0.001,normal,100000,43264,0,0,0,0.43264,0.0,168.4219144710005,-8.617497680999804
6,x,23,"['z', 'x', 'z', 'x', 'z', 'x']",0.001,normal,100000,51070,0,0,0,0.5107,0.0,167.4730172190002,42.530525879999914
6,x,25,"['z', 'z', 'z', 'x', 'z', 'x']",0.001,normal,100000,68422,0,0,0,0.68422,0.0,145.99610945200038,74.52428859700012
6,x,26,"['x', 'x', 'x', 'z', 'z', 'x']",0.001,normal,100000,43321,0,0,0,0.43321,0.0,192.80502286000046,-43.787908240000434
6,x,27,"['z', 'x', 'x', 'z', 'z', 'x']",0.001,normal,100000,51160,0,0,0,0.5116,0.0,216.10182110300047,57.711603627999466
6,x,36,"['x', 'z', 'x', 'x', 'x', 'z']",0.001,normal,100000,43332,0,0,0,0.43332,0.0,97.34747560999949,28.450553489999947
6,x,38,"['x', 'x', 'z', 'x', 'x', 'z']",0.001,normal,100000,43315,0,0,0,0.43315,0.0,217.05276986399986,23.937534431999666
6,x,39,"['z', 'x', 'z', 'x', 'x', 'z']",0.001,normal,100000,50999,0,0,0,0.50999,0.0,223.4716518919995,-25.372369291999348
6,x,42,"['x', 'x', 'x', 'z', 'x', 'z']",0.001,normal,100000,43195,0,0,0,0.43195,0.0,213.45973155000047,27.222894731999077
6,x,43,"['z', 'x', 'x', 'z', 'x', 'z']",0.001,normal,100000,51060,0,0,0,0.5106,0.0,124.77945424500012,145.96462737300044
6,x,45,"['z', 'z', 'x', 'z', 'x', 'z']",0.001,normal,100000,60408,0,0,0,0.60408,0.0,92.0938751599997,150.9391727860002
6,x,50,"['x', 'x', 'x', 'x', 'z', 'z']",0.001,normal,100000,43489,0,0,0,0.43489,0.0,215.85342637200029,24.311975890999747
6,x,51,"['z', 'x', 'x', 'x', 'z', 'z']",0.001,normal,100000,51466,0,0,0,0.51466,0.0,137.09905854600038,-39.81193507500029
6,x,53,"['z', 'z', 'x', 'x', 'z', 'z']",0.001,normal,100000,60896,0,0,0,0.60896,0.0,217.970640687,8.679807110999718
6,z,8,"['z', 'z', 'z', 'x', 'x', 'x']",0.001,normal,100000,66491,0,0,0,0.66491,0.0,128.5673673429992,-20.773985591999008
6,z,12,"['z', 'z', 'x', 'z', 'x', 'x']",0.001,normal,100000,58305,0,0,0,0.58305,0.0,259.9454365399997,31.5988432740005
6,z,14,"['z', 'x', 'z', 'z', 'x', 'x']",0.001,normal,100000,51543,0,0,0,0.51543,0.0,116.504069738,161.71167823399992
6,z,15,"['x', 'z', 'z', 'z', 'x', 'x']",0.001,normal,100000,45749,0,0,0,0.45749,0.0,82.80507366999973,9.938917479999873
6,z,20,"['z', 'z', 'x', 'x', 'z', 'x']",0.001,normal,100000,57869,0,0,0,0.57869,0.0,256.16761281899926,-91.59157425399917
6,z,22,"['z', 'x', 'z', 'x', 'z', 'x']",0.001,normal,100000,51070,0,0,0,0.5107,0.0,245.18123213000035,1.9794212400001925
6,z,23,"['x', 'z', 'z', 'x', 'z', 'x']",0.001,normal,100000,45326,0,0,0,0.45326,0.0,81.75202341299973,80.16426471900104
6,z,25,"['x', 'x', 'x', 'z', 'z', 'x']",0.001,normal,100000,43321,10,19,0,0.43321,0.00023083492994158128,217.30620793300022,25.100469114999214
6,z,26,"['z', 'x', 'x', 'z', 'z', 'x']",0.001,normal,100000,51160,0,0,0,0.5116,0.0,243.34738893599933,-113.04339764799897
6,z,27,"['x', 'z', 'x', 'z', 'z', 'x']",0.001,normal,100000,45335,0,0,0,0.45335,0.0,224.0437901690002,9.374870909999117
6,z,36,"['z', 'z', 'x', 'x', 'x', 'z']",0.001,normal,100000,57834,0,0,0,0.57834,0.0,90.24411075700027,29.405477440999675
6,z,38,"['z', 'x', 'z', 'x', 'x', 'z']",0.001,normal,100000,50999,0,0,0,0.50999,0.0,86.9827223300008,51.74054812899885
6,z,39,"['x', 'z', 'z', 'x', 'x', 'z']",0.001,normal,100000,45154,0,0,0,0.45154,0.0,216.95875835100014,-43.76267450500018
6,z,42,"['z', 'x', 'x', 'z', 'x', 'z']",0.001,normal,100000,51060,0,0,0,0.5106,0.0,239.08592041200063,-85.91658201000064
6,z,43,"['x', 'z', 'x', 'z', 'x', 'z']",0.001,normal,100000,45097,0,0,0,0.45097,0.0,220.98270828800014,-58.610935040000186
6,z,45,"['x', 'x', 'z', 'z', 'x', 'z']",0.001,normal,100000,45296,0,0,0,0.45296,0.0,184.6181270879997,-94.15389492699887
6,z,50,"['z', 'x', 'x', 'x', 'z', 'z']",0.001,normal,100000,51466,0,0,0,0.51466,0.0,127.46759120699971,8.230320816999665
6,z,51,"['x', 'z', 'x', 'x', 'z', 'z']",0.001,normal,100000,45537,0,0,0,0.45537,0.0,107.29233861800003,-2.652632557999823
6,z,53,"['x', 'x', 'z', 'x', 'z', 'z']",0.001,normal,100000,45568,0,0,0,0.45568,0.0,123.2005786460004,-14.664778506000403
6,x,8,"['x', 'z', 'z', 'x', 'x', 'x']",0.001,m1,100000,49289,0,0,0,0.49289,0.0,233.2207498529997,27.252772485000605
6,x,12,"['x', 'z', 'x', 'z', 'x', 'x']",0.001,m1,100000,48910,0,0,0,0.4891,0.0,159.24050267000075,-64.99035503100095
6,x,14,"['x', 'x', 'z', 'z', 'x', 'x']",0.001,m1,100000,48959,0,0,0,0.48959,0.0,189.63288945299973,-28.67687994300013
6,x,15,"['z', 'x', 'z', 'z', 'x', 'x']",0.001,m1,100000,57636,0,0,0,0.57636,0.0,92.66422964599951,18.2475935500006
6,x,20,"['x', 'z', 'x', 'x', 'z', 'x']",0.001,m1,100000,48457,0,0,0,0.48457,0.0,231.18421517499974,25.819284619000427
6,x,22,"['x', 'x', 'z', 'x', 'z', 'x']",0.001,m1,100000,48516,0,0,0,0.48516,0.0,228.0503258710005,-67.05907014600052
6,x,23,"['z', 'x', 'z', 'x', 'z', 'x']",0.001,m1,100000,57251,0,0,0,0.57251,0.0,222.9302792110002,60.946636851999756
6,x,25,"['z', 'z', 'z', 'x', 'z', 'x']",0.001,m1,100000,76499,0,0,0,0.76499,0.0,270.11566725800003,40.91836460800005
6,x,26,"['x', 'x', 'x', 'z', 'z', 'x']",0.001,m1,100000,48497,0,0,0,0.48497,0.0,205.10701487500046,49.38946193099946
6,x,27,"['z', 'x', 'x', 'z', 'z', 'x']",0.001,m1,100000,57260,0,0,0,0.5726,0.0,118.78125332299987,105.16443518600045
6,x,36,"['x', 'z', 'x', 'x', 'x', 'z']",0.001,m1,100000,48454,0,0,0,0.48454,0.0,115.72019414399983,132.36887819899948
6,x,38,"['x', 'x', 'z', 'x', 'x', 'z']",0.001,m1,100000,48435,0,0,0,0.48435,0.0,130.75384122800006,123.03797245399983
6,x,39,"['z', 'x', 'z', 'x', 'x', 'z']",0.001,m1,100000,57220,0,0,0,0.5722,0.0,111.1293693839998,-8.488290545000382
6,x,42,"['x', 'x', 'x', 'z', 'x', 'z']",0.001,m1,100000,48362,0,0,0,0.48362,0.0,82.7392828130005,95.67705609199948
6,x,43,"['z', 'x', 'x', 'z', 'x', 'z']",0.001,m1,100000,57242,0,0,0,0.57242,0.0,123.04424405400005,16.422228243000063
6,x,45,"['z', 'z', 'x', 'z', 'x', 'z']",0.001,m1,100000,67685,0,0,0,0.67685,0.0,262.65088012400065,37.8005951289997
6,x,50,"['x', 'x', 'x', 'x', 'z', 'z']",0.001,m1,100000,48749,0,0,0,0.48749,0.0,225.57303152700024,10.516396556999098
6,x,51,"['z', 'x', 'x', 'x', 'z', 'z']",0.001,m1,100000,57676,0,0,0,0.57676,0.0,209.68401913200069,12.410077917000308
6,x,53,"['z', 'z', 'x', 'x', 'z', 'z']",0.001,m1,100000,68131,0,0,0,0.68131,0.0,255.15122252500078,-68.78046038800039
6,z,8,"['z', 'z', 'z', 'x', 'x', 'x']",0.001,m1,100000,73851,0,0,0,0.73851,0.0,95.08979782400002,96.15784609599905
6,z,12,"['z', 'z', 'x', 'z', 'x', 'x']",0.001,m1,100000,65153,0,0,0,0.65153,0.0,255.91223943299974,40.483840230998794
6,z,14,"['z', 'x', 'z', 'z', 'x', 'x']",0.001,m1,100000,57636,0,0,0,0.57636,0.0,201.54882509599975,84.0426958729995
6,z,15,"['x', 'z', 'z', 'z', 'x', 'x']",0.001,m1,100000,50959,0,0,0,0.50959,0.0,127.8843245800008,55.719037662998744
6,z,20,"['z', 'z', 'x', 'x', 'z', 'x']",0.001,m1,100000,64667,0,0,0,0.64667,0.0,178.49386011099978,-55.16606030599996
6,z,22,"['z', 'x', 'z', 'x', 'z', 'x']",0.001,m1,100000,57251,0,0,0,0.57251,0.0,207.08584797399908,76.05611080100152
6,z,23,"['x', 'z', 'z', 'x', 'z', 'x']",0.001,m1,100000,50523,0,0,0,0.50523,0.0,194.15371618300014,65.50962899099977
6,z,25,"['x', 'x', 'x', 'z', 'z', 'x']",0.001,m1,100000,48497,7,14,0,0.48497,0.0001443388250819133,82.01067870599945,161.42333477300053
6,z,26,"['z', 'x', 'x', 'z', 'z', 'x']",0.001,m1,100000,57260,0,0,0,0.5726,0.0,247.9820588980001,17.998596617000658
6,z,27,"['x', 'z', 'x', 'z', 'z', 'x']",0.001,m1,100000,50712,0,0,0,0.50712,0.0,83.8230514679999,74.62826425700041
6,z,36,"['z', 'z', 'x', 'x', 'x', 'z']",0.001,m1,100000,64907,0,1,0,0.64907,0.0,132.9002415670002,10.938112259000263
6,z,38,"['z', 'x', 'z', 'x', 'x', 'z']",0.001,m1,100000,57220,0,0,0,0.5722,0.0,140.24671909300014,-30.949114338000072
6,z,39,"['x', 'z', 'z', 'x', 'x', 'z']",0.001,m1,100000,50554,0,0,0,0.50554,0.0,232.48639285199897,-34.46351611799764
6,z,42,"['z', 'x', 'x', 'z', 'x', 'z']",0.001,m1,100000,57242,0,0,0,0.57242,0.0,208.34470864899959,-70.80399661400043
6,z,43,"['x', 'z', 'x', 'z', 'x', 'z']",0.001,m1,100000,50574,0,0,0,0.50574,0.0,224.54171353799939,-73.95889844999874
6,z,45,"['x', 'x', 'z', 'z', 'x', 'z']",0.001,m1,100000,50732,0,0,0,0.50732,0.0,220.84447697299947,-79.60767633199976
6,z,50,"['z', 'x', 'x', 'x', 'z', 'z']",0.001,m1,100000,57676,0,0,0,0.57676,0.0,119.1264009159986,-10.35162827199747
6,z,51,"['x', 'z', 'x', 'x', 'z', 'z']",0.001,m1,100000,51021,0,0,0,0.51021,0.0,112.4352329760004,-4.373466390999965
6,z,53,"['x', 'x', 'z', 'x', 'z', 'z']",0.001,m1,100000,51053,0,0,0,0.51053,0.0,162.64492106500074,-58.072220120000566
6,x,8,"['x', 'z', 'z', 'x', 'x', 'x']",0.001,m2,100000,49289,0,0,7977,0.535616095976006,0.0,163.67087905600056,8.66519815799984
6,x,12,"['x', 'z', 'x', 'z', 'x', 'x']",0.001,m2,100000,48910,0,0,7977,0.5314975603925106,0.0,199.70634936700117,49.07912513299743
6,x,14,"['x', 'x', 'z', 'z', 'x', 'x']",0.001,m2,100000,48959,0,0,13503,0.5660196307386384,0.0,185.10520920400086,47.520084214000235
6,x,15,"['z', 'x', 'z', 'z', 'x', 'x']",0.001,m2,100000,57636,0,0,7930,0.6260019550342131,0.0,128.06232600799922,56.39436446200125
6,x,20,"['x', 'z', 'x', 'x', 'z', 'x']",0.001,m2,100000,48457,0,0,7977,0.5265748780196255,0.0,221.45793399399918,10.907681405000403
6,x,22,"['x', 'x', 'z', 'x', 'z', 'x']",0.001,m2,100000,48516,0,0,13503,0.5608980658288727,0.0,179.94305385999905,15.097619042002407
6,x,23,"['z', 'x', 'z', 'x', 'z', 'x']",0.001,m2,100000,57251,0,0,7930,0.6218203540784186,0.0,150.9931450439999,119.88806826100154
6,x,25,"['z', 'z', 'z', 'x', 'z', 'x']",0.001,m2,100000,76499,0,0,7884,0.8304637630813322,0.0,210.51451571899997,-105.20341846599877
6,x,26,"['x', 'x', 'x', 'z', 'z', 'x']",0.001,m2,100000,48497,0,0,13503,0.5606784050313883,0.0,201.6091412909991,36.38666825300061
6,x,27,"['z', 'x', 'x', 'z', 'z', 'x']",0.001,m2,100000,57260,0,0,13567,0.6624784515173603,0.0,198.31834531300046,-93.84486428399941
6,x,36,"['x', 'z', 'x', 'x', 'x', 'z']",0.001,m2,100000,48454,0,0,7977,0.5265422774741098,0.0,220.52456711000013,-98.42706685099984
6,x,38,"['x', 'x', 'z', 'x', 'x', 'z']",0.001,m2,100000,48435,0,0,13503,0.5599616171659133,0.0,82.49077817699981,32.751630273000046
6,x,39,"['z', 'x', 'z', 'x', 'x', 'z']",0.001,m2,100000,57220,0,0,7930,0.6214836537417182,0.0,144.02567575899957,124.68718666099994
6,x,42,"['x', 'x', 'x', 'z', 'x', 'z']",0.001,m2,100000,48362,0,0,13503,0.5591176572597893,0.0,187.3919501850014,-17.301093344001856
6,x,43,"['z', 'x', 'x', 'z', 'x', 'z']",0.001,m2,100000,57242,0,0,13567,0.6622701977254059,0.0,110.14582648100077,107.1453266869994
6,x,45,"['z', 'z', 'x', 'z', 'x', 'z']",0.001,m2,100000,67685,0,0,7898,0.7348917504505874,0.0,246.1987355830006,36.03152033900005
6,x,50,"['x', 'x', 'x', 'x', 'z', 'z']",0.001,m2,100000,48749,0,0,13503,0.5635918008717066,0.0,210.2794531640011,25.53907996199996
6,x,51,"['z', 'x', 'x', 'x', 'z', 'z']",0.001,m2,100000,57676,0,0,13567,0.66729142804253,0.0,225.323212072999,30.635132340999917
6,x,53,"['z', 'z', 'x', 'x', 'z', 'z']",0.001,m2,100000,68131,0,0,13524,0.7878602155511356,0.0,232.68225623199942,-113.75156616399909
6,z,8,"['z', 'z', 'z', 'x', 'x', 'x']",0.001,m2,100000,73851,0,0,13529,0.854055116744342,0.0,85.68688384099914,21.84171530200001
6,z,12,"['z', 'z', 'x', 'z', 'x', 'x']",0.001,m2,100000,65153,0,0,7898,0.707400490760244,0.0,159.27046505399994,65.61262822400022
6,z,14,"['z', 'x', 'z', 'z', 'x', 'x']",0.001,m2,100000,57636,0,0,7930,0.6260019550342131,0.0,107.15511202800008,121.90665081000043
6,z,15,"['x', 'z', 'z', 'z', 'x', 'x']",0.001,m2,100000,50959,0,0,7977,0.5537637329797985,0.0,181.21183228900009,22.619007433999286
6,z,20,"['z', 'z', 'x', 'x', 'z', 'x']",0.001,m2,100000,64667,0,0,13524,0.7478028585966049,0.0,156.8525351169992,-11.837365960998795
6,z,22,"['z', 'x', 'z', 'x', 'z', 'x']",0.001,m2,100000,57251,0,0,7930,0.6218203540784186,0.0,239.076788235001,-101.38744015500197
6,z,23,"['x', 'z', 'z', 'x', 'z', 'x']",0.001,m2,100000,50523,0,0,7977,0.549025787031503,0.0,133.8580528520015,-20.745274933000474
6,z,25,"['x', 'x', 'x', 'z', 'z', 'x']",0.001,m2,100000,48497,7,14,13503,0.5606784050313883,0.0001443388250819133,90.50824106099935,102.03513376299998
6,z,26,"['z', 'x', 'x', 'z', 'z', 'x']",0.001,m2,100000,57260,0,0,13567,0.6624784515173603,0.0,222.56785382899943,-5.045525075998739
6,z,27,"['x', 'z', 'x', 'z', 'z', 'x']",0.001,m2,100000,50712,0,0,7977,0.5510796213989981,0.0,126.6397335390011,-33.37308177900013
6,z,36,"['z', 'z', 'x', 'x', 'x', 'z']",0.001,m2,100000,64907,0,1,13524,0.7505781951061566,0.0,233.75648550099868,12.42047279200051
6,z,38,"['z', 'x', 'z', 'x', 'x', 'z']",0.001,m2,100000,57220,0,0,7930,0.6214836537417182,0.0,238.62825687800068,-31.135099746001288
6,z,39,"['x', 'z', 'z', 'x', 'x', 'z']",0.001,m2,100000,50554,0,0,7977,0.5493626593351663,0.0,150.68985620700005,-22.966689831999247
6,z,42,"['z', 'x', 'x', 'z', 'x', 'z']",0.001,m2,100000,57242,0,0,13567,0.6622701977254059,0.0,228.11542607000047,-31.498273012000936
6,z,43,"['x', 'z', 'x', 'z', 'x', 'z']",0.001,m2,100000,50574,0,0,7977,0.5495799963052715,0.0,218.05291255200063,-52.68919558000016
6,z,45,"['x', 'x', 'z', 'z', 'x', 'z']",0.001,m2,100000,50732,0,0,13503,0.5865174514723054,0.0,202.37952175800092,-55.8441738420006
6,z,50,"['z', 'x', 'x', 'x', 'z', 'z']",0.001,m2,100000,57676,0,0,13567,0.66729142804253,0.0,82.21374862799894,105.61484049700084
6,z,51,"['x', 'z', 'x', 'x', 'z', 'z']",0.001,m2,100000,51021,0,0,7977,0.5544374775871249,0.0,203.56410555300135,-101.82803067200075
6,z,53,"['x', 'x', 'z', 'x', 'z', 'z']",0.001,m2,100000,51053,0,0,13503,0.5902285628403298,0.0,149.75848050999957,-5.755509688999155
3,x,4,"['x', 'z', 'x']",0.01,normal,300000,195557,17956,33117,0,0.6518566666666666,0.09181977633119753,4.032270904001052,0.47901525999805017
3,x,5,"['z', 'z', 'x']",0.01,normal,300000,300000,3466,6343,0,1.0,0.011553333333333304,0.17859457199847384,0.06877552200057835
3,z,4,"['z', 'z', 'x']",0.01,normal,300000,300000,784,1521,0,1.0,0.0026133333333333564,0.38744799999949464,0.13454969499980507
3,z,5,"['x', 'x', 'z']",0.01,normal,300000,191551,10438,20249,0,0.6385033333333333,0.05449201518133551,3.1352823479992367,0.5338260549997358
3,x,4,"['x', 'z', 'x']",0.01,m1,300000,219592,18149,35096,0,0.7319733333333334,0.08264873037269116,0.7536615560002247,0.23445896499833907
3,x,5,"['z', 'z', 'x']",0.01,m1,300000,300000,1710,3229,0,1.0,0.005700000000000038,0.041339478999361745,0.013251712000055704
3,z,4,"['z', 'z', 'x']",0.01,m1,300000,300000,580,1118,0,1.0,0.0019333333333333425,0.012256689000423648,0.004255742000168539
3,z,5,"['x', 'x', 'z']",0.01,m1,300000,216942,11614,22626,0,0.72314,0.05353504623355554,0.6488733789992693,0.13967165100075363
3,x,4,"['x', 'z', 'x']",0.01,m2,300000,292710,24186,46791,-61107,0.810590766725652,0.0826278569232346,0.6474974530010513,0.00424279299841146
3,x,5,"['z', 'z', 'x']",0.01,m2,300000,300000,1710,3229,0,1.0,0.005700000000000038,0.017200011001477833,0.0035278029972687364
3,z,4,"['z', 'z', 'x']",0.01,m2,300000,300000,580,1118,0,1.0,0.0019333333333333425,0.014124115999948117,0.003439448000790435
3,z,5,"['x', 'x', 'z']",0.01,m2,300000,289199,15428,30054,-35030,0.8632032952272931,0.0533473490572236,0.39210761499998625,0.07720918199993321
6,x,8,"['x', 'z', 'z', 'x', 'x', 'x']",0.01,normal,1100000,343,0,0,0,0.0003118181818181818,0.0,1133.985876285995,262.43486060500436
6,x,8,"['x', 'z', 'z', 'x', 'x', 'x']",0.001,normal,1100000,485011,0,1,0,0.4409190909090909,0.0,2360.702119983005,-446.6820388060005
6,x,12,"['x', 'z', 'x', 'z', 'x', 'x']",0.01,normal,1100000,296,0,0,0,0.0002690909090909091,0.0,1186.952772315999,121.06338020200201
6,x,12,"['x', 'z', 'x', 'z', 'x', 'x']",0.001,normal,1100000,480637,0,0,0,0.43694272727272726,0.0,1827.9102817120001,-8.54547504799848
6,x,14,"['x', 'x', 'z', 'z', 'x', 'x']",0.01,normal,1100000,297,0,0,0,0.00027,0.0,883.8055368509958,-27.044058921994292
6,x,14,"['x', 'x', 'z', 'z', 'x', 'x']",0.001,normal,1100000,480680,0,0,0,0.4369818181818182,0.0,1732.7711581170006,533.2340714849997
6,x,15,"['z', 'x', 'z', 'z', 'x', 'x']",0.01,normal,1100000,1755,0,1,0,0.0015954545454545455,0.0,1577.8536890999967,-31.11057457399147
6,x,15,"['z', 'x', 'z', 'z', 'x', 'x']",0.001,normal,1100000,567828,0,0,0,0.5162072727272727,0.0,2148.5666170009936,773.0357889840088
6,x,20,"['x', 'z', 'x', 'x', 'z', 'x']",0.01,normal,1100000,303,0,0,0,0.00027545454545454547,0.0,1082.294653592995,82.30878022201068
6,x,20,"['x', 'z', 'x', 'x', 'z', 'x']",0.001,normal,1100000,476985,0,0,0,0.43362272727272727,0.0,2137.7007647940045,118.33916201398824
6,x,22,"['x', 'x', 'z', 'x', 'z', 'x']",0.01,normal,1100000,296,0,0,0,0.0002690909090909091,0.0,709.5051922880084,332.65342461899854
6,x,22,"['x', 'x', 'z', 'x', 'z', 'x']",0.001,normal,1100000,476958,0,0,0,0.4335981818181818,0.0,1949.5762134030083,171.73621085898776
6,x,23,"['z', 'x', 'z', 'x', 'z', 'x']",0.01,normal,1100000,1581,2,3,0,0.0014372727272727274,0.0012650221378873727,1393.5111019250035,615.0265838040068
6,x,23,"['z', 'x', 'z', 'x', 'z', 'x']",0.001,normal,1100000,562856,0,0,0,0.5116872727272728,0.0,1782.8010447370034,728.2198295379931
6,x,25,"['z', 'z', 'z', 'x', 'z', 'x']",0.01,normal,1100000,36243,0,1,0,0.03294818181818182,0.0,2260.5660038930073,-386.5435423099989
6,x,25,"['z', 'z', 'z', 'x', 'z', 'x']",0.001,normal,1100000,754207,0,0,0,0.6856427272727272,0.0,2353.303314884004,617.8978155030054
6,x,26,"['x', 'x', 'x', 'z', 'z', 'x']",0.01,normal,1100000,335,0,0,0,0.00030454545454545453,0.0,797.701281140995,153.61470091500087
6,x,26,"['x', 'x', 'x', 'z', 'z', 'x']",0.001,normal,1100000,476851,0,0,0,0.4335009090909091,0.0,1724.620205678002,698.7394603550056
6,x,27,"['z', 'x', 'x', 'z', 'z', 'x']",0.01,normal,1100000,1743,8,13,0,0.0015845454545454546,0.004589787722317884,1103.2034632949944,198.37367032500333
6,x,27,"['z', 'x', 'x', 'z', 'z', 'x']",0.001,normal,1100000,563280,0,0,0,0.5120727272727272,0.0,2390.7091370760027,-207.0567170879949
6,x,36,"['x', 'z', 'x', 'x', 'x', 'z']",0.01,normal,1100000,311,0,1,0,0.0002827272727272727,0.0,917.3136148049962,43.988660846996936
6,x,36,"['x', 'z', 'x', 'x', 'x', 'z']",0.001,normal,1100000,477652,0,0,0,0.4342290909090909,0.0,1971.641582687007,235.6362840429938
6,x,38,"['x', 'x', 'z', 'x', 'x', 'z']",0.01,normal,1100000,290,1,2,0,0.0002636363636363636,0.0034482758620689724,840.549205340998,245.96201681200182
6,x,38,"['x', 'x', 'z', 'x', 'x', 'z']",0.001,normal,1100000,477094,0,0,0,0.4337218181818182,0.0,1624.7240643549885,947.8931571520225
6,x,39,"['z', 'x', 'z', 'x', 'x', 'z']",0.01,normal,1100000,1580,3,6,0,0.0014363636363636364,0.0018987341772152,1444.4442206370004,92.53627680498175
6,x,39,"['z', 'x', 'z', 'x', 'x', 'z']",0.001,normal,1100000,562752,0,1,0,0.5115927272727273,0.0,2616.3317420639796,-219.16290600597858
6,x,42,"['x', 'x', 'x', 'z', 'x', 'z']",0.01,normal,1100000,305,1,2,0,0.0002772727272727273,0.003278688524590123,773.7817476270138,44.38062156297383
6,x,42,"['x', 'x', 'x', 'z', 'x', 'z']",0.001,normal,1100000,476717,0,0,0,0.43337909090909094,0.0,1629.3632219349965,447.43542384100147
6,x,43,"['z', 'x', 'x', 'z', 'x', 'z']",0.01,normal,1100000,1585,6,11,0,0.001440909090909091,0.003785488958990557,1539.0858482939948,-158.93076103797648
6,x,43,"['z', 'x', 'x', 'z', 'x', 'z']",0.001,normal,1100000,562778,1,2,0,0.5116163636363636,1.7768995944633659e-06,1446.559825998993,825.0099675910315
6,x,45,"['z', 'z', 'x', 'z', 'x', 'z']",0.01,normal,1100000,9934,130,225,0,0.009030909090909091,0.013086370042279083,1651.1787486870016,679.4671818859933
6,x,45,"['z', 'z', 'x', 'z', 'x', 'z']",0.001,normal,1100000,665868,0,1,0,0.6053345454545455,0.0,2370.1790680630074,-668.8163412989816
6,x,50,"['x', 'x', 'x', 'x', 'z', 'z']",0.01,normal,1100000,349,1,2,0,0.0003172727272727273,0.002865329512893977,923.2231602259853,-16.42675883299671
6,x,50,"['x', 'x', 'x', 'x', 'z', 'z']",0.001,normal,1100000,480522,0,0,0,0.4368381818181818,0.0,1762.627259105997,-491.11139958398417
6,x,51,"['z', 'x', 'x', 'x', 'z', 'z']",0.01,normal,1100000,1652,8,13,0,0.0015018181818181819,0.004842615012106588,1470.0056576530042,172.36628068398568
6,x,51,"['z', 'x', 'x', 'x', 'z', 'z']",0.001,normal,1100000,567270,0,0,0,0.5157,0.0,1581.1179378810048,-280.31135515501956
6,x,53,"['z', 'z', 'x', 'x', 'z', 'z']",0.01,normal,1100000,9047,111,174,0,0.008224545454545455,0.012269260528351977,1572.7820535619976,-667.7365334279893
6,x,53,"['z', 'z', 'x', 'x', 'z', 'z']",0.001,normal,1100000,670189,2,4,0,0.6092627272727272,2.984232805980369e-06,1877.3773753620044,-877.0293875019997
6,x,8,"['x', 'z', 'z', 'x', 'x', 'x']",0.01,m1,1100000,1019,0,0,0,0.0009263636363636364,0.0,1286.1405081019911,-200.20165933901444
6,x,8,"['x', 'z', 'z', 'x', 'x', 'x']",0.001,m1,1100000,541362,0,0,0,0.4921472727272727,0.0,2318.0282748149766,273.61994601003244
6,x,12,"['x', 'z', 'x', 'z', 'x', 'x']",0.01,m1,1100000,919,0,0,0,0.0008354545454545455,0.0,1244.2090211689938,5.591924430016661
6,x,12,"['x', 'z', 'x', 'z', 'x', 'x']",0.001,m1,1100000,536301,0,0,0,0.4875463636363636,0.0,2014.5645129139884,321.1704088260303
6,x,14,"['x', 'x', 'z', 'z', 'x', 'x']",0.01,m1,1100000,897,0,0,0,0.0008154545454545454,0.0,1391.5220414700161,-477.8269114650029
6,x,14,"['x', 'x', 'z', 'z', 'x', 'x']",0.001,m1,1100000,536464,0,0,0,0.48769454545454544,0.0,2013.1309243150172,82.93846736697014
6,x,15,"['z', 'x', 'z', 'z', 'x', 'x']",0.01,m1,1100000,4709,2,4,0,0.004280909090909091,0.0004247186239116907,1329.5135056249856,134.79798281702097
6,x,15,"['z', 'x', 'z', 'z', 'x', 'x']",0.001,m1,1100000,633998,0,0,0,0.5763618181818182,0.0,2059.3604940689984,1195.1908322639938
6,x,20,"['x', 'z', 'x', 'x', 'z', 'x']",0.01,m1,1100000,921,0,0,0,0.0008372727272727273,0.0,1171.5917828460224,-170.96346456801984
6,x,20,"['x', 'z', 'x', 'x', 'z', 'x']",0.001,m1,1100000,532329,0,0,0,0.48393545454545456,0.0,1961.1913086400018,302.2477906069835
6,x,22,"['x', 'x', 'z', 'x', 'z', 'x']",0.01,m1,1100000,857,0,1,0,0.0007790909090909091,0.0,965.9030887819827,10.8688001500268
6,x,22,"['x', 'x', 'z', 'x', 'z', 'x']",0.001,m1,1100000,531988,0,0,0,0.4836254545454545,0.0,1607.7645972729952,384.43443687001127
6,x,23,"['z', 'x', 'z', 'x', 'z', 'x']",0.01,m1,1100000,4590,4,8,0,0.004172727272727272,0.0008714596949891407,1262.8507298240147,804.390851714008
6,x,23,"['z', 'x', 'z', 'x', 'z', 'x']",0.001,m1,1100000,628859,0,0,0,0.57169,0.0,2341.627999296994,319.0946947670018
6,x,25,"['z', 'z', 'z', 'x', 'z', 'x']",0.01,m1,1100000,90899,0,0,0,0.08263545454545454,0.0,2256.8136813839956,20.551504586008377
6,x,25,"['z', 'z', 'z', 'x', 'z', 'x']",0.001,m1,1100000,841005,0,0,0,0.76455,0.0,1667.956490632001,987.7032300310093
6,x,26,"['x', 'x', 'x', 'z', 'z', 'x']",0.01,m1,1100000,974,2,3,0,0.0008854545454545455,0.002053388090349051,1107.3367956350266,-108.48979376303032
6,x,26,"['x', 'x', 'x', 'z', 'z', 'x']",0.001,m1,1100000,532833,0,0,0,0.48439363636363636,0.0,2009.8105228960048,-104.19135721298517
6,x,27,"['z', 'x', 'x', 'z', 'z', 'x']",0.01,m1,1100000,4887,14,27,0,0.004442727272727273,0.0028647431962348646,1462.592378004978,465.1215785390232
6,x,27,"['z', 'x', 'x', 'z', 'z', 'x']",0.001,m1,1100000,629134,0,1,0,0.57194,0.0,2108.698683723982,503.87459984602174
6,x,36,"['x', 'z', 'x', 'x', 'x', 'z']",0.01,m1,1100000,1029,1,2,0,0.0009354545454545454,0.0009718172983479434,1141.3450163159869,157.815356445004
6,x,36,"['x', 'z', 'x', 'x', 'x', 'z']",0.001,m1,1100000,533150,0,0,0,0.48468181818181816,0.0,2066.3365132890176,245.3900970509858
6,x,38,"['x', 'x', 'z', 'x', 'x', 'z']",0.01,m1,1100000,921,1,2,0,0.0008372727272727273,0.0010857763300760048,1190.6925941740046,-333.0719833789917
6,x,38,"['x', 'x', 'z', 'x', 'x', 'z']",0.001,m1,1100000,532373,0,0,0,0.48397545454545454,0.0,1889.4983400290075,342.5956702239928
6,x,39,"['z', 'x', 'z', 'x', 'x', 'z']",0.01,m1,1100000,4662,6,11,0,0.004238181818181818,0.0012870012870013214,1527.3396282700123,182.98873725597514
6,x,39,"['z', 'x', 'z', 'x', 'x', 'z']",0.001,m1,1100000,629228,0,0,0,0.5720254545454545,0.0,2050.8122588010156,402.04429807298584
6,x,42,"['x', 'x', 'x', 'z', 'x', 'z']",0.01,m1,1100000,901,0,0,0,0.0008190909090909091,0.0,990.5670227399969,-153.96706376501243
6,x,42,"['x', 'x', 'x', 'z', 'x', 'z']",0.001,m1,1100000,532294,0,0,0,0.48390363636363637,0.0,1800.0094244079955,347.07301956100855
6,x,43,"['z', 'x', 'x', 'z', 'x', 'z']",0.01,m1,1100000,4534,12,21,0,0.004121818181818182,0.0026466696074106677,1885.5963311049854,-518.0870601639908
6,x,43,"['z', 'x', 'x', 'z', 'x', 'z']",0.001,m1,1100000,628510,0,1,0,0.5713727272727273,0.0,2102.835145936988,15.008320224005729
6,x,45,"['z', 'z', 'x', 'z', 'x', 'z']",0.01,m1,1100000,25855,194,340,0,0.023504545454545455,0.007503384258363943,1560.5957208200125,179.42823299297015
6,x,45,"['z', 'z', 'x', 'z', 'x', 'z']",0.001,m1,1100000,743514,2,3,0,0.6759218181818182,2.689929174182204e-06,2286.6190442949883,-764.5733229400066
6,x,50,"['x', 'x', 'x', 'x', 'z', 'z']",0.01,m1,1100000,948,4,8,0,0.0008618181818181818,0.00421940928270037,1094.4406392200035,-182.24461588499253
6,x,50,"['x', 'x', 'x', 'x', 'z', 'z']",0.001,m1,1100000,537156,0,0,0,0.48832363636363635,0.0,2085.6231620300096,-320.9359512939991
6,x,51,"['z', 'x', 'x', 'x', 'z', 'z']",0.01,m1,1100000,4636,29,44,0,0.004214545454545454,0.006255392579810226,1427.0312673920125,-330.25601928000106
6,x,51,"['z', 'x', 'x', 'x', 'z', 'z']",0.001,m1,1100000,634042,0,1,0,0.5764018181818181,0.0,2260.7794400500134,-1041.0645551270281
6,x,53,"['z', 'z', 'x', 'x', 'z', 'z']",0.01,m1,1100000,24676,204,347,0,0.022432727272727274,0.008267142162425078,1538.1342100369802,-598.3436081969703
6,x,53,"['z', 'z', 'x', 'x', 'z', 'z']",0.001,m1,1100000,748454,2,5,0,0.6804127272727273,2.672174909901237e-06,1784.8860583149944,-768.7777926189883
6,x,8,"['x', 'z', 'z', 'x', 'x', 'x']",0.01,m2,1100000,1019,0,0,614046,0.002096906291541998,0.0,838.8167552160157,-89.1386195840023
6,x,8,"['x', 'z', 'z', 'x', 'x', 'x']",0.001,m2,1100000,541362,0,0,87707,0.5347878529240052,0.0,1573.389765400003,467.4607713239966
6,x,12,"['x', 'z', 'x', 'z', 'x', 'x']",0.01,m2,1100000,919,0,0,614046,0.0018911254974750696,0.0,624.3022093360196,221.01674267696217
6,x,12,"['x', 'z', 'x', 'z', 'x', 'x']",0.001,m2,1100000,536301,0,0,87707,0.5297883122771767,0.0,2098.605045256001,270.09139488099026
6,x,14,"['x', 'x', 'z', 'z', 'x', 'x']",0.01,m2,1100000,897,0,0,832202,0.003349539578338897,0.0,421.43754591298057,-115.75204746596864
6,x,14,"['x', 'x', 'z', 'z', 'x', 'x']",0.001,m2,1100000,536464,0,0,149986,0.5646906256118331,0.0,1992.3953512659937,-243.98348161400645
6,x,15,"['z', 'x', 'z', 'z', 'x', 'x']",0.01,m2,1100000,4709,2,4,614052,0.00969033723772914,0.0004247186239116907,718.9368542529992,227.55383235399495
6,x,15,"['z', 'x', 'z', 'z', 'x', 'x']",0.001,m2,1100000,633998,0,0,87735,0.6263162314216139,0.0,2086.184213900997,490.5970417599892
6,x,20,"['x', 'z', 'x', 'x', 'z', 'x']",0.01,m2,1100000,921,0,0,614046,0.0018952411133564082,0.0,636.3647368800011,-167.7178506090131
6,x,20,"['x', 'z', 'x', 'x', 'z', 'x']",0.001,m2,1100000,532329,0,0,87707,0.5258645471222265,0.0,1659.9535772250092,463.03576757598785
6,x,22,"['x', 'x', 'z', 'x', 'z', 'x']",0.01,m2,1100000,857,0,1,832202,0.003200173264923562,0.0,447.86226031399565,-37.6778311849921
6,x,22,"['x', 'x', 'z', 'x', 'z', 'x']",0.001,m2,1100000,531988,0,0,149986,0.5599791160972365,0.0,1976.1484451809956,72.27318394900067
6,x,23,"['z', 'x', 'z', 'x', 'z', 'x']",0.01,m2,1100000,4590,4,8,614052,0.00944545506926667,0.0008714596949891407,740.6593929740193,184.27590694397804
6,x,23,"['z', 'x', 'z', 'x', 'z', 'x']",0.001,m2,1100000,628859,0,0,87735,0.6212394975623972,0.0,1926.1766516809876,249.71266073401785
6,x,25,"['z', 'z', 'z', 'x', 'z', 'x']",0.01,m2,1100000,90899,0,0,614212,0.18711660230388563,0.0,1124.5348780869972,28.435973690007813
6,x,25,"['z', 'z', 'z', 'x', 'z', 'x']",0.001,m2,1100000,841005,0,0,87600,0.8307042670881075,0.0,2007.274228009017,711.0997092229954
6,x,26,"['x', 'x', 'x', 'z', 'z', 'x']",0.01,m2,1100000,974,2,3,832202,0.003637069731663418,0.002053388090349051,272.8299807589792,85.87460359701072
6,x,26,"['x', 'x', 'x', 'z', 'z', 'x']",0.001,m2,1100000,532833,0,0,149986,0.5608685766736069,0.0,1412.8865604650055,643.1540037089726
6,x,27,"['z', 'x', 'x', 'z', 'z', 'x']",0.01,m2,1100000,4887,14,27,832555,0.018272915926639124,0.0028647431962348646,461.43067253299523,-0.08366844200645573
6,x,27,"['z', 'x', 'x', 'z', 'z', 'x']",0.001,m2,1100000,629134,0,1,150161,0.6623585681362841,0.0,2323.590870737011,-512.8895096900233
6,x,36,"['x', 'z', 'x', 'x', 'x', 'z']",0.01,m2,1100000,1029,1,2,614046,0.002117484370948691,0.0009718172983479434,730.2599688569899,93.3744840020081
6,x,36,"['x', 'z', 'x', 'x', 'x', 'z']",0.001,m2,1100000,533150,0,0,87707,0.5266755771303367,0.0,1411.0818145950034,933.5794478169992
6,x,38,"['x', 'x', 'z', 'x', 'x', 'z']",0.01,m2,1100000,921,1,2,832202,0.0034391593663880985,0.0010857763300760048,440.55191655800445,37.284775320993504
6,x,38,"['x', 'x', 'z', 'x', 'x', 'z']",0.001,m2,1100000,532373,0,0,149986,0.56038437328292,0.0,1731.688686663023,825.8571353819862
6,x,39,"['z', 'x', 'z', 'x', 'x', 'z']",0.01,m2,1100000,4662,6,11,614052,0.009593619070353207,0.0012870012870013214,1032.7083514670085,-309.0207955969963
6,x,39,"['z', 'x', 'z', 'x', 'x', 'z']",0.001,m2,1100000,629228,0,0,87735,0.6216040266135844,0.0,2642.1086431650037,-269.12713264202466
6,x,42,"['x', 'x', 'x', 'z', 'x', 'z']",0.01,m2,1100000,901,0,0,832202,0.003364476209680431,0.0,194.9394246209995,-28.68077624301077
6,x,42,"['x', 'x', 'x', 'z', 'x', 'z']",0.001,m2,1100000,532294,0,0,149986,0.56030121661365,0.0,1612.4988300969999,165.47979030100396
6,x,43,"['z', 'x', 'x', 'z', 'x', 'z']",0.01,m2,1100000,4534,12,21,832555,0.01695301837761035,0.0026466696074106677,270.05155009101145,-13.761641231016256
6,x,43,"['z', 'x', 'x', 'z', 'x', 'z']",0.001,m2,1100000,628510,0,1,150161,0.6617016146947009,0.0,1274.5101859599818,678.504030689015
6,x,45,"['z', 'z', 'x', 'z', 'x', 'z']",0.01,m2,1100000,25855,194,340,614097,0.05321020862188544,0.007503384258363943,658.7800458990096,521.7323598029907
6,x,45,"['z', 'z', 'x', 'z', 'x', 'z']",0.001,m2,1100000,743514,2,3,87756,0.7345205306230513,2.689929174182204e-06,1320.1873358360026,928.2796067460149
6,x,50,"['x', 'x', 'x', 'x', 'z', 'z']",0.01,m2,1100000,948,4,8,832202,0.00353998162794345,0.00421940928270037,274.16910090699093,185.62870030102204
6,x,50,"['x', 'x', 'x', 'x', 'z', 'z']",0.001,m2,1100000,537156,0,0,149986,0.5654190359299969,0.0,1929.004915633006,-939.7240209340234
6,x,51,"['z', 'x', 'x', 'x', 'z', 'z']",0.01,m2,1100000,4636,29,44,832555,0.017334405204808466,0.006255392579810226,369.202359146002,208.5548491049849
6,x,51,"['z', 'x', 'x', 'x', 'z', 'z']",0.001,m2,1100000,634042,0,1,150161,0.6675257596287371,0.0,1333.5289537479985,-257.8415515079978
6,x,53,"['z', 'z', 'x', 'x', 'z', 'z']",0.01,m2,1100000,24676,204,347,832452,0.09223017925755378,0.008267142162425078,359.5718933750177,68.50908021800569
6,x,53,"['z', 'z', 'x', 'x', 'z', 'z']",0.001,m2,1100000,748454,2,5,150208,0.7880188504430443,2.672174909901237e-06,1273.5742310420028,-301.45985885499977
6,z,8,"['z', 'z', 'z', 'x', 'x', 'x']",0.01,normal,2200000,40062,220,347,0,0.01821,0.0054914881933003645,3967.8008862480056,313.77371258396306
6,z,8,"['z', 'z', 'z', 'x', 'x', 'x']",0.001,normal,1100000,732542,1,2,0,0.6659472727272727,1.3651094408206887e-06,2270.8162193280004,629.6760720119928
6,z,12,"['z', 'z', 'x', 'z', 'x', 'x']",0.01,normal,1100000,5597,12,20,0,0.005088181818181818,0.0021440057173486293,1610.1027535370085,274.6847328649892
6,z,12,"['z', 'z', 'x', 'z', 'x', 'x']",0.001,normal,1100000,642320,0,1,0,0.5839272727272727,0.0,1906.6746390990156,636.0401691709994
6,z,14,"['z', 'x', 'z', 'z', 'x', 'x']",0.01,normal,1100000,1755,4,5,0,0.0015954545454545455,0.002279202279202308,1730.3881787149876,-175.76041773697943
6,z,14,"['z', 'x', 'z', 'z', 'x', 'x']",0.001,normal,1100000,567828,0,1,0,0.5162072727272727,0.0,2174.991968852002,398.1364853879786
6,z,15,"['x', 'z', 'z', 'z', 'x', 'x']",0.01,normal,1100000,603,0,1,0,0.0005481818181818182,0.0,967.3999623670243,330.5609502499865
6,z,15,"['x', 'z', 'z', 'z', 'x', 'x']",0.001,normal,1100000,502704,0,0,0,0.4570036363636364,0.0,1830.451846416021,339.2538669879723
6,z,20,"['z', 'z', 'x', 'x', 'z', 'x']",0.01,normal,1100000,5663,14,23,0,0.005148181818181818,0.0024721878862793423,1677.8768960369925,155.17612103599822
6,z,20,"['z', 'z', 'x', 'x', 'z', 'x']",0.001,normal,1100000,637123,0,0,0,0.5792027272727273,0.0,2672.4647337550123,56.4081426539924
6,z,22,"['z', 'x', 'z', 'x', 'z', 'x']",0.01,normal,1100000,1581,0,0,0,0.0014372727272727274,0.0,1634.805952190014,-145.76674276700942
6,z,22,"['z', 'x', 'z', 'x', 'z', 'x']",0.001,normal,1100000,562856,0,0,0,0.5116872727272728,0.0,2207.2788015280094,11.361920044000726
6,z,23,"['x', 'z', 'z', 'x', 'z', 'x']",0.01,normal,1100000,510,0,1,0,0.00046363636363636366,0.0,937.7198391630081,-23.784230527002364
6,z,23,"['x', 'z', 'z', 'x', 'z', 'x']",0.001,normal,1100000,497945,0,0,0,0.4526772727272727,0.0,1963.7551644040213,-61.40105182203115
6,z,25,"['x', 'x', 'x', 'z', 'z', 'x']",0.01,normal,1100000,335,8,16,0,0.00030454545454545453,0.023880597014925398,1062.6920975560206,-180.71114938301616
6,z,25,"['x', 'x', 'x', 'z', 'z', 'x']",0.001,normal,1100000,476851,105,208,0,0.4335009090909091,0.0002201945681146178,1752.8663697040174,158.2268039289629
6,z,26,"['z', 'x', 'x', 'z', 'z', 'x']",0.01,normal,1100000,1743,2,3,0,0.0015845454545454546,0.0011474469305794432,1222.5461080000096,182.1432885720278
6,z,26,"['z', 'x', 'x', 'z', 'z', 'x']",0.001,normal,1100000,563280,0,0,0,0.5120727272727272,0.0,2296.887629920995,-56.79369556900929
6,z,27,"['x', 'z', 'x', 'z', 'z', 'x']",0.01,normal,1100000,507,0,0,0,0.0004609090909090909,0.0,974.1042072139971,288.96656109104515
6,z,27,"['x', 'z', 'x', 'z', 'z', 'x']",0.001,normal,1100000,498018,0,0,0,0.45274363636363635,0.0,2157.7962653660215,-169.65127425198443
6,z,36,"['z', 'z', 'x', 'x', 'x', 'z']",0.01,normal,1100000,6123,20,31,0,0.005566363636363637,0.003266372693124242,1964.3122023780306,-139.36137332304497
6,z,36,"['z', 'z', 'x', 'x', 'x', 'z']",0.001,normal,1100000,637601,0,0,0,0.5796372727272727,0.0,2080.3046108339913,672.4941405500285
6,z,38,"['z', 'x', 'z', 'x', 'x', 'z']",0.01,normal,1100000,1580,0,1,0,0.0014363636363636364,0.0,1507.7489319160231,-157.05698189802933
6,z,38,"['z', 'x', 'z', 'x', 'x', 'z']",0.001,normal,1100000,562752,0,0,0,0.5115927272727273,0.0,1923.0221459669992,382.24594108597375
6,z,39,"['x', 'z', 'z', 'x', 'x', 'z']",0.01,normal,1100000,501,0,0,0,0.00045545454545454546,0.0,1359.1605191039853,-364.7269256839645
6,z,39,"['x', 'z', 'z', 'x', 'x', 'z']",0.001,normal,1100000,497561,0,0,0,0.4523281818181818,0.0,2128.651003154984,-15.12962039100239
6,z,42,"['z', 'x', 'x', 'z', 'x', 'z']",0.01,normal,1100000,1585,0,0,0,0.001440909090909091,0.0,1310.7388279300067,101.24107558297692
6,z,42,"['z', 'x', 'x', 'z', 'x', 'z']",0.001,normal,1100000,562778,0,0,0,0.5116163636363636,0.0,1494.8698019809672,339.0634763400303
6,z,43,"['x', 'z', 'x', 'z', 'x', 'z']",0.01,normal,1100000,446,0,0,0,0.00040545454545454543,0.0,1242.1359812570154,-219.3647265029722
6,z,43,"['x', 'z', 'x', 'z', 'x', 'z']",0.001,normal,1100000,497419,0,0,0,0.4521990909090909,0.0,1718.913891462027,28.02460002695443
6,z,45,"['x', 'x', 'z', 'z', 'x', 'z']",0.01,normal,1100000,473,0,0,0,0.00043,0.0,1004.8121975639951,-15.629797724017408
6,z,45,"['x', 'x', 'z', 'z', 'x', 'z']",0.001,normal,1100000,497752,0,0,0,0.45250181818181817,0.0,1999.3777841469855,-1.7725978159578517
6,z,50,"['z', 'x', 'x', 'x', 'z', 'z']",0.01,normal,1100000,1652,0,0,0,0.0015018181818181819,0.0,1503.3926552769844,-255.00308669300284
6,z,50,"['z', 'x', 'x', 'x', 'z', 'z']",0.001,normal,1100000,567270,0,0,0,0.5157,0.0,1778.954602523998,-613.1371512620244
6,z,51,"['x', 'z', 'x', 'x', 'z', 'z']",0.01,normal,1100000,441,0,0,0,0.00040090909090909093,0.0,929.3677919729962,35.88401253300253
6,z,51,"['x', 'z', 'x', 'x', 'z', 'z']",0.001,normal,1100000,501209,0,0,0,0.45564454545454547,0.0,1325.2299199750414,-200.67218579200562
6,z,53,"['x', 'x', 'z', 'x', 'z', 'z']",0.01,normal,1100000,477,0,0,0,0.00043363636363636364,0.0,775.5740785960224,85.05210238095606
6,z,53,"['x', 'x', 'z', 'x', 'z', 'z']",0.001,normal,1100000,501590,0,0,0,0.4559909090909091,0.0,1528.9884875129792,-613.2426733499742
6,z,8,"['z', 'z', 'z', 'x', 'x', 'x']",0.01,m1,2200000,53623,216,345,1100000,0.048748181818181816,0.004028122260970157,1400.1191409539897,661.2711469369824
6,z,8,"['z', 'z', 'z', 'x', 'x', 'x']",0.001,m1,1100000,885367,0,0,-100000,0.7378058333333334,0.0,2744.8583887279965,851.054742871027
6,z,12,"['z', 'z', 'x', 'z', 'x', 'x']",0.01,m1,1100000,16039,42,69,0,0.01458090909090909,0.002618617120768163,2042.312943211,-358.2945840699831
6,z,12,"['z', 'z', 'x', 'z', 'x', 'x']",0.001,m1,1100000,782365,0,0,-100000,0.6519708333333334,0.0,2153.8709729450056,553.1202090770239
6,z,14,"['z', 'x', 'z', 'z', 'x', 'x']",0.01,m1,1100000,4734,7,12,0,0.004303636363636364,0.0014786649767638549,1705.641105504008,-19.18332663801266
6,z,14,"['z', 'x', 'z', 'z', 'x', 'x']",0.001,m1,1100000,691671,0,1,-100000,0.5763925,0.0,2253.759802833025,79.38409607700305
6,z,15,"['x', 'z', 'z', 'z', 'x', 'x']",0.01,m1,1100000,1514,4,6,0,0.0013763636363636363,0.0026420079260237594,1304.2694805579958,-238.18810130201746
6,z,15,"['x', 'z', 'z', 'z', 'x', 'x']",0.001,m1,1100000,611957,0,0,-100000,0.5099641666666667,0.0,1860.349604050978,946.7292709250469
6,z,20,"['z', 'z', 'x', 'x', 'z', 'x']",0.01,m1,1100000,15884,30,54,0,0.01444,0.0018886930244270683,2151.523944173008,-500.1066435080138
6,z,20,"['z', 'z', 'x', 'x', 'z', 'x']",0.001,m1,1100000,776150,0,0,-100000,0.6467916666666667,0.0,2809.2142368769855,317.9317176330369
6,z,22,"['z', 'x', 'z', 'x', 'z', 'x']",0.01,m1,1100000,4568,6,11,0,0.004152727272727272,0.0013134851138353332,1501.9624200180406,192.04843158693984
6,z,22,"['z', 'x', 'z', 'x', 'z', 'x']",0.001,m1,1100000,686137,0,0,-100000,0.5717808333333333,0.0,1736.6411553890212,1601.2652278889436
6,z,23,"['x', 'z', 'z', 'x', 'z', 'x']",0.01,m1,1100000,1379,2,3,0,0.0012536363636363637,0.0014503263234227903,1444.1175601049908,-622.8624794330099
6,z,23,"['x', 'z', 'z', 'x', 'z', 'x']",0.001,m1,1100000,606650,0,0,-100000,0.5055416666666667,0.0,1766.9067569539766,868.0875608080532
6,z,25,"['x', 'x', 'x', 'z', 'z', 'x']",0.01,m1,1100000,969,20,39,0,0.0008809090909090909,0.02063983488132093,1045.6285852619912,-323.36761611601105
6,z,25,"['x', 'x', 'x', 'z', 'z', 'x']",0.001,m1,1100000,581204,108,216,-100000,0.4843366666666667,0.0001858211574593538,1285.551289414987,1064.7134647520143
6,z,26,"['z', 'x', 'x', 'z', 'z', 'x']",0.01,m1,1100000,4886,2,3,0,0.004441818181818182,0.00040933278755628244,1686.9461813229718,-281.68440804898273
6,z,26,"['z', 'x', 'x', 'z', 'z', 'x']",0.001,m1,1100000,686417,0,1,-100000,0.5720141666666667,0.0,2829.315652936988,470.29173694201745
6,z,27,"['x', 'z', 'x', 'z', 'z', 'x']",0.01,m1,1100000,1516,0,0,0,0.0013781818181818181,0.0,1131.0794464420178,-120.43266305600991
6,z,27,"['x', 'z', 'x', 'z', 'z', 'x']",0.001,m1,1100000,607240,0,0,-100000,0.5060333333333333,0.0,1733.6893329459708,655.8213552540401
6,z,36,"['z', 'z', 'x', 'x', 'x', 'z']",0.01,m1,1100000,17727,36,59,0,0.016115454545454544,0.0020308004738534002,2060.418536235986,-670.390786450007
6,z,36,"['z', 'z', 'x', 'x', 'x', 'z']",0.001,m1,1100000,777622,0,1,-100000,0.6480183333333334,0.0,1350.9907138790004,1038.8643245809944
6,z,38,"['z', 'x', 'z', 'x', 'x', 'z']",0.01,m1,1100000,4642,4,8,0,0.00422,0.0008616975441619878,1037.66401076701,814.4925227410276
6,z,38,"['z', 'x', 'z', 'x', 'x', 'z']",0.001,m1,1100000,686410,0,0,-100000,0.5720083333333333,0.0,2823.087111069006,-262.15949591598473
6,z,39,"['x', 'z', 'z', 'x', 'x', 'z']",0.01,m1,1100000,1360,0,1,0,0.0012363636363636364,0.0,1134.8128881769953,211.23276803799672
6,z,39,"['x', 'z', 'z', 'x', 'x', 'z']",0.001,m1,1100000,606355,0,0,-100000,0.5052958333333334,0.0,2049.8520154110156,416.4376212679781
6,z,42,"['z', 'x', 'x', 'z', 'x', 'z']",0.01,m1,1100000,4537,2,4,0,0.0041245454545454545,0.0004408199250606204,1201.890608215006,264.8213130980148
6,z,42,"['z', 'x', 'x', 'z', 'x', 'z']",0.001,m1,1100000,685633,0,0,-100000,0.5713608333333333,0.0,2071.012810910004,940.3140758990194
6,z,43,"['x', 'z', 'x', 'z', 'x', 'z']",0.01,m1,1100000,1472,0,1,-100000,0.0012266666666666667,0.0,1163.996467783989,270.4821581229917
6,z,43,"['x', 'z', 'x', 'z', 'x', 'z']",0.001,m1,1100000,606151,0,0,-100000,0.5051258333333334,0.0,1600.5654476190102,227.37282091897214
6,z,45,"['x', 'x', 'z', 'z', 'x', 'z']",0.01,m1,1100000,1529,0,0,-100000,0.0012741666666666667,0.0,1017.7373804770177,139.2760086079361
6,z,45,"['x', 'x', 'z', 'z', 'x', 'z']",0.001,m1,1100000,606682,0,0,-100000,0.5055683333333333,0.0,2114.211403618974,-200.34865733096376
6,z,50,"['z', 'x', 'x', 'x', 'z', 'z']",0.01,m1,1100000,5047,1,2,-100000,0.004205833333333333,0.00019813750743014058,1931.3881709090201,-770.2943799220375
6,z,50,"['z', 'x', 'x', 'x', 'z', 'z']",0.001,m1,1100000,691533,0,0,-100000,0.5762775,0.0,2439.634048359003,-1097.9005028200336
6,z,51,"['x', 'z', 'x', 'x', 'z', 'z']",0.01,m1,1100000,1485,0,0,-100000,0.0012375,0.0,1135.0487188249826,31.820097728981636
6,z,51,"['x', 'z', 'x', 'x', 'z', 'z']",0.001,m1,1100000,611261,0,0,-100000,0.5093841666666666,0.0,1800.1196960589732,-581.3858084299718
6,z,53,"['x', 'x', 'z', 'x', 'z', 'z']",0.01,m1,1100000,1533,0,0,-100000,0.0012775,0.0,1206.7352200320456,-176.76622939301888
6,z,53,"['x', 'x', 'z', 'x', 'z', 'z']",0.001,m1,1100000,610833,0,0,-100000,0.5090275,0.0,1434.282234014012,-542.5687833830016
