n,lstate,i,meas_type,p_error,sim_type,total_meta_shots,shots,count_accept,count_logerror,count_undecided,count_detect_discard,prep_rate,LER,detect_normal,decoding_normal
5,x,2,"['x', 'x', 'x', 'x', 'x']",0.01,normal,0,1000000,31412,0,0,0,0.031412,0.0,167.25477367732674,-4.31313537992537
5,x,3,"['z', 'x', 'x', 'x', 'x']",0.01,normal,0,1000000,64898,0,0,0,0.064898,0.0,202.50375663209707,27.967678227927536
5,x,4,"['x', 'z', 'x', 'x', 'x']",0.01,normal,0,1000000,25683,0,0,0,0.025683,0.0,170.26895927684382,5.234792205039412
5,x,5,"['z', 'z', 'x', 'x', 'x']",0.01,normal,0,1000000,134659,0,0,0,0.134659,0.0,229.7718245801516,23.328530970495194
5,x,6,"['x', 'x', 'z', 'x', 'x']",0.01,normal,0,1000000,24923,0,1,0,0.024923,0.0,151.7553004939109,1.324933058116585
5,x,7,"['z', 'x', 'z', 'x', 'x']",0.01,normal,0,1000000,53461,6,11,0,0.053461,0.00011223134621496378,485.5963234039955,8.061417626682669
5,x,8,"['x', 'z', 'z', 'x', 'x']",0.01,normal,0,1000000,29291,204,277,0,0.029291,0.006964596633778242,169.3241384709254,9.907161727081984
5,x,9,"['z', 'z', 'z', 'x', 'x']",0.01,normal,0,1000000,299771,0,0,0,0.299771,0.0,615.4797713058069,43.526130558457226
5,x,10,"['x', 'x', 'x', 'z', 'x']",0.01,normal,0,1000000,27363,1,2,0,0.027363,3.654570039834937e-05,160.41077926196158,-5.98411934170872
5,x,11,"['z', 'x', 'x', 'z', 'x']",0.01,normal,0,1000000,53573,4,9,0,0.053573,7.466447650872343e-05,464.63123453594744,18.280928227119148
5,x,12,"['x', 'z', 'x', 'z', 'x']",0.01,normal,0,1000000,27487,266,459,0,0.027487,0.009677301997307763,176.50497789913788,-10.692048755008727
5,x,13,"['z', 'z', 'x', 'z', 'x']",0.01,normal,0,1000000,129709,138,242,0,0.129709,0.001063920005550889,244.82976082293317,19.103970683179796
5,x,14,"['x', 'x', 'z', 'z', 'x']",0.01,normal,0,1000000,28430,534,978,0,0.02843,0.018782975729862872,145.30308448104188,12.236688595730811
5,x,15,"['z', 'x', 'z', 'z', 'x']",0.01,normal,0,1000000,84089,6322,9853,0,0.084089,0.0751822473807513,215.55252060387284,15.140484203118831
5,x,16,"['x', 'z', 'z', 'z', 'x']",0.01,normal,0,1000000,63746,22077,36290,0,0.063746,0.34632761271295454,159.70157669531181,6.013218824751675
5,x,17,"['z', 'z', 'z', 'z', 'x']",0.01,normal,0,1000000,1000000,2,3,0,1.0,1.999999999946489e-06,278.9827410490252,61.18838943494484
5,x,18,"['x', 'x', 'x', 'x', 'z']",0.01,normal,0,1000000,36130,4,9,0,0.03613,0.00011071132023254826,166.80957358609885,-14.662834452930838
5,x,19,"['z', 'x', 'x', 'x', 'z']",0.01,normal,0,1000000,61569,7,14,0,0.061569,0.00011369357956114712,216.23515876196325,-0.8161522340960801
5,x,20,"['x', 'z', 'x', 'x', 'z']",0.01,normal,0,1000000,27832,322,599,0,0.027832,0.011569416498994012,170.59466492803767,3.9012648398056626
5,x,21,"['z', 'z', 'x', 'x', 'z']",0.01,normal,0,1000000,123381,72,138,0,0.123381,0.000583558246407434,233.90363168576732,31.66178263956681
5,x,22,"['x', 'x', 'z', 'x', 'z']",0.01,normal,0,1000000,26988,466,875,0,0.026988,0.017266933451904554,153.78430671198294,-2.0836632712744176
5,x,23,"['z', 'x', 'z', 'x', 'z']",0.01,normal,0,1000000,66669,3004,5053,0,0.066669,0.045058422955196575,210.04979322804138,9.59779510088265
5,x,24,"['x', 'z', 'z', 'x', 'z']",0.01,normal,0,1000000,43046,12086,21014,0,0.043046,0.28076940946894025,175.47005990007892,2.7570898877456784
5,x,25,"['z', 'z', 'z', 'x', 'z']",0.01,normal,0,1000000,395679,1592,2670,0,0.395679,0.004023463464070676,380.35973060596734,-72.68432617466897
5,x,26,"['x', 'x', 'x', 'z', 'z']",0.01,normal,0,1000000,28560,596,1103,0,0.02856,0.02086834733893561,343.62816012697294,4.762124215718359
5,x,27,"['z', 'x', 'x', 'z', 'z']",0.01,normal,0,1000000,63449,2607,4482,0,0.063449,0.041088118016044395,205.72524883737788,6.168611021712422
5,x,28,"['x', 'z', 'x', 'z', 'z']",0.01,normal,0,1000000,36988,9001,16072,0,0.036988,0.24334919433329727,167.79491725936532,14.356512133032084
5,x,29,"['z', 'z', 'x', 'z', 'z']",0.01,normal,0,1000000,214393,22758,33271,0,0.214393,0.1061508538058612,245.4038844318129,22.68383645126596
5,x,30,"['x', 'x', 'z', 'z', 'z']",0.01,normal,0,1000000,35613,8250,14307,0,0.035613,0.23165697919299133,163.694148611743,-4.47453625081107
5,x,31,"['z', 'x', 'z', 'z', 'z']",0.01,normal,0,1000000,120259,39568,53251,0,0.120259,0.32902319161143867,215.62337923189625,8.234440252184868
5,z,2,"['z', 'x', 'x', 'x', 'x']",0.01,normal,0,1000000,64898,14396,22696,0,0.064898,0.22182501772011465,211.5092604830861,15.553255178965628
5,z,3,"['x', 'z', 'x', 'x', 'x']",0.01,normal,0,1000000,25683,3013,5396,0,0.025683,0.11731495541798076,166.73218838404864,-8.975468648131937
5,z,4,"['z', 'z', 'x', 'x', 'x']",0.01,normal,0,1000000,134659,5252,8880,0,0.134659,0.039002220423439926,559.2039334988222,15.81642041914165
5,z,5,"['x', 'x', 'z', 'x', 'x']",0.01,normal,0,1000000,24923,2933,5150,0,0.024923,0.11768246198290733,159.61026031989604,4.378197341226041
5,z,6,"['z', 'x', 'z', 'x', 'x']",0.01,normal,0,1000000,53461,514,966,0,0.053461,0.009614485325751487,390.66842067288235,-146.20359983388335
5,z,7,"['x', 'z', 'z', 'x', 'x']",0.01,normal,0,1000000,29291,111,216,0,0.029291,0.0037895599330852736,171.9578379089944,1.697802082169801
5,z,8,"['z', 'z', 'z', 'x', 'x']",0.01,normal,0,1000000,299771,130,231,0,0.299771,0.00043366436379765894,334.720359176863,322.702522279229
5,z,9,"['x', 'x', 'x', 'z', 'x']",0.01,normal,0,1000000,27363,4029,6456,0,0.027363,0.1472426269049446,155.8457144140266,-5.7242609998211265
5,z,10,"['z', 'x', 'x', 'z', 'x']",0.01,normal,0,1000000,53573,707,1250,0,0.053573,0.013196946222910788,218.41296233888716,3.6590167731046677
5,z,11,"['x', 'z', 'x', 'z', 'x']",0.01,normal,0,1000000,27487,63,120,0,0.027487,0.0022919925783096984,162.26503644976765,7.329429242294282
5,z,12,"['z', 'z', 'x', 'z', 'x']",0.01,normal,0,1000000,129709,8,13,0,0.129709,6.167652206090501e-05,269.71465840376914,-19.116549053695053
5,z,13,"['x', 'x', 'z', 'z', 'x']",0.01,normal,0,1000000,28430,62,121,0,0.02843,0.0021807949349278433,337.57691174698994,7.397070806939155
5,z,14,"['z', 'x', 'z', 'z', 'x']",0.01,normal,0,1000000,84089,0,1,0,0.084089,0.0,215.79966491507366,15.284481583163142
5,z,15,"['x', 'z', 'z', 'z', 'x']",0.01,normal,0,1000000,63746,0,1,0,0.063746,0.0,171.18836583802477,5.866158420220017
5,z,16,"['z', 'z', 'z', 'z', 'x']",0.01,normal,0,1000000,1000000,0,0,0,1.0,0.0,272.5984650379978,62.28323050402105
5,z,17,"['x', 'x', 'x', 'x', 'z']",0.01,normal,0,1000000,36130,7895,11070,0,0.03613,0.2185164683088846,150.60889293486252,19.416858608368784
5,z,18,"['z', 'x', 'x', 'x', 'z']",0.01,normal,0,1000000,61569,1914,3189,0,0.061569,0.03108707304000391,210.03585272887722,15.888581012375653
5,z,19,"['x', 'z', 'x', 'x', 'z']",0.01,normal,0,1000000,27832,118,212,0,0.027832,0.004239724058637484,165.33991904789582,-1.9881580392830074
5,z,20,"['z', 'z', 'x', 'x', 'z']",0.01,normal,0,1000000,123381,20,38,0,0.123381,0.00016209951289092306,240.52714822813869,14.102622953709215
5,z,21,"['x', 'x', 'z', 'x', 'z']",0.01,normal,0,1000000,26988,54,85,0,0.026988,0.0020008892841262282,142.68547806190327,8.435142031870782
5,z,22,"['z', 'x', 'z', 'x', 'z']",0.01,normal,0,1000000,66669,0,1,0,0.066669,0.0,263.714855466038,141.6714752628468
5,z,23,"['x', 'z', 'z', 'x', 'z']",0.01,normal,0,1000000,43046,0,0,0,0.043046,0.0,177.39715406717733,0.2540314868092537
5,z,24,"['z', 'z', 'z', 'x', 'z']",0.01,normal,0,1000000,395679,0,0,0,0.395679,0.0,265.3591813109815,6.228233496192843
5,z,25,"['x', 'x', 'x', 'z', 'z']",0.01,normal,0,1000000,28560,47,60,0,0.02856,0.0016456582633053163,153.26238185726106,23.40086797857657
5,z,26,"['z', 'x', 'x', 'z', 'z']",0.01,normal,0,1000000,63449,1,2,0,0.063449,1.576068968778266e-05,367.5540604875423,-174.83070948254317
5,z,27,"['x', 'z', 'x', 'z', 'z']",0.01,normal,0,1000000,36988,0,0,0,0.036988,0.0,167.83457843773067,-14.831911270041019
5,z,28,"['z', 'z', 'x', 'z', 'z']",0.01,normal,0,1000000,214393,0,0,0,0.214393,0.0,276.9114323621616,-58.72907731309533
5,z,29,"['x', 'x', 'z', 'z', 'z']",0.01,normal,0,1000000,35613,0,0,0,0.035613,0.0,167.14036930492148,0.6522834021598101
5,z,30,"['z', 'x', 'z', 'z', 'z']",0.01,normal,0,1000000,120259,0,0,0,0.120259,0.0,228.8691536220722,-41.01186440279707
5,z,31,"['x', 'z', 'z', 'z', 'z']",0.01,normal,0,1000000,67809,0,0,0,0.067809,0.0,152.266553720925,-4.669358066283166
5,x,2,"['x', 'x', 'x', 'x', 'x']",0.005,normal,0,1000000,174936,0,0,0,0.174936,0.0,196.83728674659505,12.964407670777291
5,x,3,"['z', 'x', 'x', 'x', 'x']",0.005,normal,0,1000000,251684,0,0,0,0.251684,0.0,232.4970563449897,24.247644593007863
5,x,4,"['x', 'z', 'x', 'x', 'x']",0.005,normal,0,1000000,155689,0,1,0,0.155689,0.0,194.78820187877864,-1.2057746248319745
5,x,5,"['z', 'z', 'x', 'x', 'x']",0.005,normal,0,1000000,363192,0,0,0,0.363192,0.0,255.13964980328456,32.95207812357694
5,x,6,"['x', 'x', 'z', 'x', 'x']",0.005,normal,0,1000000,154291,0,0,0,0.154291,0.0,193.80238801706582,6.886244119144976
5,x,7,"['z', 'x', 'z', 'x', 'x']",0.005,normal,0,1000000,224980,1,2,0,0.22498,4.444839541317691e-06,229.58362351497635,55.328675204887986
5,x,8,"['x', 'z', 'z', 'x', 'x']",0.005,normal,0,1000000,165413,198,366,0,0.165413,0.0011970038630578772,209.18395448289812,178.43731299135834
5,x,9,"['z', 'z', 'z', 'x', 'x']",0.005,normal,0,1000000,534038,0,0,0,0.534038,0.0,616.100320384372,71.33242582064122
5,x,10,"['x', 'x', 'x', 'z', 'x']",0.005,normal,0,1000000,155820,0,0,0,0.15582,0.0,409.7293657292612,23.219673552550375
5,x,11,"['z', 'x', 'x', 'z', 'x']",0.005,normal,0,1000000,223857,1,2,0,0.223857,4.467137502905949e-06,334.02019794424996,-92.51576156495139
5,x,12,"['x', 'z', 'x', 'z', 'x']",0.005,normal,0,1000000,161756,316,613,0,0.161756,0.0019535596824847845,187.13282810803503,15.950312628876418
5,x,13,"['z', 'z', 'x', 'z', 'x']",0.005,normal,0,1000000,338595,20,39,0,0.338595,5.906761765528401e-05,265.26516596693546,10.532543813344091
5,x,14,"['x', 'x', 'z', 'z', 'x']",0.005,normal,0,1000000,163306,658,1274,0,0.163306,0.004029245710506668,203.66628060722724,-5.152278476394713
5,x,15,"['z', 'x', 'z', 'z', 'x']",0.005,normal,0,1000000,261188,4788,8365,0,0.261188,0.018331623198615588,236.56415467476472,27.53674909705296
5,x,16,"['x', 'z', 'z', 'z', 'x']",0.005,normal,0,1000000,215136,37344,61940,0,0.215136,0.17358322177599284,309.04435816500336,-4.446341761853546
5,x,17,"['z', 'z', 'z', 'z', 'x']",0.005,normal,0,1000000,1000000,0,0,0,1.0,0.0,276.007381984964,64.93003686703742
5,x,18,"['x', 'x', 'x', 'x', 'z']",0.005,normal,0,1000000,169282,0,1,0,0.169282,0.0,190.16114034689963,14.618549509905279
5,x,19,"['z', 'x', 'x', 'x', 'z']",0.005,normal,0,1000000,231482,1,2,0,0.231482,4.319990323242706e-06,267.9158308589831,-12.580345700029284
5,x,20,"['x', 'z', 'x', 'x', 'z']",0.005,normal,0,1000000,161724,440,873,0,0.161724,0.002720684623185199,183.74249132722616,28.8083960628137
5,x,21,"['z', 'z', 'x', 'x', 'z']",0.005,normal,0,1000000,334999,10,18,0,0.334999,2.985083537565547e-05,261.28964507905766,19.73495858395472
5,x,22,"['x', 'x', 'z', 'x', 'z']",0.005,normal,0,1000000,161416,660,1281,0,0.161416,0.004088813996134255,407.07741026813164,-209.17281519481912
5,x,23,"['z', 'x', 'z', 'x', 'z']",0.005,normal,0,1000000,245577,2752,5067,0,0.245577,0.011206261172666876,422.02576608676463,-103.46169937774539
5,x,24,"['x', 'z', 'z', 'x', 'z']",0.005,normal,0,1000000,188651,25678,46445,0,0.188651,0.13611377623230203,193.80683302134275,6.489493653643876
5,x,25,"['z', 'z', 'z', 'x', 'z']",0.005,normal,0,1000000,620241,206,383,0,0.620241,0.0003321289627741253,271.66149318777025,40.09000352025032
5,x,26,"['x', 'x', 'x', 'z', 'z']",0.005,normal,0,1000000,164998,914,1757,0,0.164998,0.005539461084376751,196.6775865321979,0.16076255682855844
5,x,27,"['z', 'x', 'x', 'z', 'z']",0.005,normal,0,1000000,245485,2598,4830,0,0.245485,0.010583131352221109,261.44118637917563,146.21514949481934
5,x,28,"['x', 'z', 'x', 'z', 'z']",0.005,normal,0,1000000,183767,23258,43206,0,0.183767,0.12656244048169696,306.9390750788152,142.61380872502923
5,x,29,"['z', 'z', 'x', 'z', 'z']",0.005,normal,0,1000000,460653,16267,27636,0,0.460653,0.03531291449312168,262.05551121011376,21.934089991729707
5,x,30,"['x', 'x', 'z', 'z', 'z']",0.005,normal,0,1000000,184229,23144,42739,0,0.184229,0.12562625862377796,410.04645307781175,28.39251666236669
5,x,31,"['z', 'x', 'z', 'z', 'z']",0.005,normal,0,1000000,345091,71514,113227,0,0.345091,0.2072322952496588,249.19310338655487,9.457259321585298
5,z,2,"['z', 'x', 'x', 'x', 'x']",0.005,normal,0,1000000,251684,31750,55517,0,0.251684,0.1261502519031802,235.2689323858358,19.002909859176725
5,z,3,"['x', 'z', 'x', 'x', 'x']",0.005,normal,0,1000000,155689,9017,17100,0,0.155689,0.05791674427865812,198.91125689074397,-2.936540240421891
5,z,4,"['z', 'z', 'x', 'x', 'x']",0.005,normal,0,1000000,363192,4101,7540,0,0.363192,0.011291548271988416,294.14209543308243,-20.817368920426816
5,z,5,"['x', 'x', 'z', 'x', 'x']",0.005,normal,0,1000000,154291,8179,14974,0,0.154291,0.05301022094613428,195.52323305327445,-0.27158484421670437
5,z,6,"['z', 'x', 'z', 'x', 'x']",0.005,normal,0,1000000,224980,496,945,0,0.22498,0.0022046404124811403,295.90806282218546,-35.60291935922578
5,z,7,"['x', 'z', 'z', 'x', 'x']",0.005,normal,0,1000000,165413,154,306,0,0.165413,0.0009310030046005835,200.92399741197005,0.08577676909044385
5,z,8,"['z', 'z', 'z', 'x', 'x']",0.005,normal,0,1000000,534038,20,41,0,0.534038,3.745051850245762e-05,272.3893973878585,33.593613585457206
5,z,9,"['x', 'x', 'x', 'z', 'x']",0.005,normal,0,1000000,155820,8636,14516,0,0.15582,0.05542292388653569,190.38605802040547,5.796894853468984
5,z,10,"['z', 'x', 'x', 'z', 'x']",0.005,normal,0,1000000,223857,668,1270,0,0.223857,0.002984047851976923,466.1941241216846,-226.5098185497336
5,z,11,"['x', 'z', 'x', 'z', 'x']",0.005,normal,0,1000000,161756,84,162,0,0.161756,0.0005193006750908724,208.8374355980195,-1.0157575849443674
5,z,12,"['z', 'z', 'x', 'z', 'x']",0.005,normal,0,1000000,338595,0,1,0,0.338595,0.0,588.8462407048792,46.23403032310307
5,z,13,"['x', 'x', 'z', 'z', 'x']",0.005,normal,0,1000000,163306,66,131,0,0.163306,0.0004041492657954615,183.95454307226464,12.376153408549726
5,z,14,"['z', 'x', 'z', 'z', 'x']",0.005,normal,0,1000000,261188,0,1,0,0.261188,0.0,248.30697987787426,17.222751913126558
5,z,15,"['x', 'z', 'z', 'z', 'x']",0.005,normal,0,1000000,215136,0,0,0,0.215136,0.0,197.63978488137946,20.573940723668784
5,z,16,"['z', 'z', 'z', 'z', 'x']",0.005,normal,0,1000000,1000000,0,0,0,1.0,0.0,614.0952855669893,-89.17218300700188
5,z,17,"['x', 'x', 'x', 'x', 'z']",0.005,normal,0,1000000,169282,13887,19942,0,0.169282,0.08203471131012152,330.9889184292406,43.34776553371921
5,z,18,"['z', 'x', 'x', 'x', 'z']",0.005,normal,0,1000000,231482,1568,2877,0,0.231482,0.00677374482681159,225.31830348726362,28.55073301354423
5,z,19,"['x', 'z', 'x', 'x', 'z']",0.005,normal,0,1000000,161724,152,279,0,0.161724,0.0009398728698276626,188.03772438084707,11.849087927024812
5,z,20,"['z', 'z', 'x', 'x', 'z']",0.005,normal,0,1000000,334999,2,3,0,0.334999,5.970167075153299e-06,274.2781274016015,4.874777399003506
5,z,21,"['x', 'x', 'z', 'x', 'z']",0.005,normal,0,1000000,161416,60,112,0,0.161416,0.00037171036328498275,194.3643374890089,6.413756370078772
5,z,22,"['z', 'x', 'z', 'x', 'z']",0.005,normal,0,1000000,245577,0,0,0,0.245577,0.0,228.65352611476555,14.071606457233429
5,z,23,"['x', 'z', 'z', 'x', 'z']",0.005,normal,0,1000000,188651,0,0,0,0.188651,0.0,199.0826073633507,111.22696509538218
5,z,24,"['z', 'z', 'z', 'x', 'z']",0.005,normal,0,1000000,620241,0,0,0,0.620241,0.0,283.81969231180847,30.719707942102104
5,z,25,"['x', 'x', 'x', 'z', 'z']",0.005,normal,0,1000000,164998,38,55,0,0.164998,0.00023030582188876547,199.65441878698766,50.4022313747555
5,z,26,"['z', 'x', 'x', 'z', 'z']",0.005,normal,0,1000000,245485,0,1,0,0.245485,0.0,226.7750223162584,21.46596825448796
5,z,27,"['x', 'z', 'x', 'z', 'z']",0.005,normal,0,1000000,183767,0,0,0,0.183767,0.0,195.14491973584518,3.639118818100542
5,z,28,"['z', 'z', 'x', 'z', 'z']",0.005,normal,0,1000000,460653,0,0,0,0.460653,0.0,254.2304466087371,-11.623558477964252
5,z,29,"['x', 'x', 'z', 'z', 'z']",0.005,normal,0,1000000,184229,0,0,0,0.184229,0.0,183.4418468978256,-3.5267490474507213
5,z,30,"['z', 'x', 'z', 'z', 'z']",0.005,normal,0,1000000,345091,0,0,0,0.345091,0.0,229.86167001118883,-32.11301116505638
5,z,31,"['x', 'z', 'z', 'z', 'z']",0.005,normal,0,1000000,259209,0,0,0,0.259209,0.0,180.76087523112074,-17.572295915335417
5,x,2,"['x', 'x', 'x', 'x', 'x']",0.001,normal,0,1000000,704158,0,0,0,0.704158,0.0,253.02064367802814,27.52740361262113
5,x,3,"['z', 'x', 'x', 'x', 'x']",0.001,normal,0,1000000,758185,0,0,0,0.758185,0.0,263.4659946942702,58.91650360589847
5,x,4,"['x', 'z', 'x', 'x', 'x']",0.001,normal,0,1000000,687180,0,0,0,0.68718,0.0,260.2519069709815,39.30980898020789
5,x,5,"['z', 'z', 'x', 'x', 'x']",0.001,normal,0,1000000,815873,0,0,0,0.815873,0.0,267.83515909826383,49.84896592143923
5,x,6,"['x', 'x', 'z', 'x', 'x']",0.001,normal,0,1000000,684379,0,0,0,0.684379,0.0,227.2150344583206,65.1319642458111
5,x,7,"['z', 'x', 'z', 'x', 'x']",0.001,normal,0,1000000,739461,0,0,0,0.739461,0.0,273.1835910570808,49.203816178720444
5,x,8,"['x', 'z', 'z', 'x', 'x']",0.001,normal,0,1000000,696168,27,54,0,0.696168,3.8783741855397125e-05,551.5551092242822,97.8034228105098
5,x,9,"['z', 'z', 'z', 'x', 'x']",0.001,normal,0,1000000,878724,0,0,0,0.878724,0.0,618.6923208218068,115.53588911611587
5,x,10,"['x', 'x', 'x', 'z', 'x']",0.001,normal,0,1000000,682778,0,0,0,0.682778,0.0,541.7448447267525,-130.9002961339429
5,x,11,"['z', 'x', 'x', 'z', 'x']",0.001,normal,0,1000000,736830,0,0,0,0.73683,0.0,271.1029731291346,40.76356388675049
5,x,12,"['x', 'z', 'x', 'z', 'x']",0.001,normal,0,1000000,692091,50,97,0,0.692091,7.224483485557265e-05,260.81083486787975,21.65256388299167
5,x,13,"['z', 'z', 'x', 'z', 'x']",0.001,normal,0,1000000,797361,0,0,0,0.797361,0.0,257.63875533780083,58.70135364681482
5,x,14,"['x', 'x', 'z', 'z', 'x']",0.001,normal,0,1000000,692460,102,204,0,0.69246,0.00014730092712933462,248.63175191311166,47.95012223813683
5,x,15,"['z', 'x', 'z', 'z', 'x']",0.001,normal,0,1000000,751959,457,886,0,0.751959,0.0006077459010398467,277.5130984499119,51.383835981134325
5,x,16,"['x', 'z', 'z', 'z', 'x']",0.001,normal,0,1000000,710581,17406,32395,0,0.710581,0.024495448091069183,261.95629220595583,23.56387706194073
5,x,17,"['z', 'z', 'z', 'z', 'x']",0.001,normal,0,1000000,1000000,0,0,0,1.0,0.0,270.9177628182806,61.72234569955617
5,x,18,"['x', 'x', 'x', 'x', 'z']",0.001,normal,0,1000000,684825,0,0,0,0.684825,0.0,353.5779692530632,215.31713572097942
5,x,19,"['z', 'x', 'x', 'x', 'z']",0.001,normal,0,1000000,738284,0,0,0,0.738284,0.0,274.1657787626609,47.626661230344325
5,x,20,"['x', 'z', 'x', 'x', 'z']",0.001,normal,0,1000000,692383,76,153,0,0.692383,0.00010976583769384263,248.26595230121166,46.85749099776149
5,x,21,"['z', 'z', 'x', 'x', 'z']",0.001,normal,0,1000000,797185,0,0,0,0.797185,0.0,259.2433049911633,64.48787660663947
5,x,22,"['x', 'x', 'z', 'x', 'z']",0.001,normal,0,1000000,692262,115,230,0,0.692262,0.00016612207516808475,248.26671409979463,50.84333000238985
5,x,23,"['z', 'x', 'z', 'x', 'z']",0.001,normal,0,1000000,749388,319,638,0,0.749388,0.0004256806887753539,281.5307480301708,353.9807823416777
5,x,24,"['x', 'z', 'z', 'x', 'z']",0.001,normal,0,1000000,706231,16644,32446,0,0.706231,0.023567359688260625,538.1251245820895,115.51194795919582
5,x,25,"['z', 'z', 'z', 'x', 'z']",0.001,normal,0,1000000,906820,0,1,0,0.90682,0.0,269.1136326561682,61.07947437604889
5,x,26,"['x', 'x', 'x', 'z', 'z']",0.001,normal,0,1000000,695681,174,343,0,0.695681,0.00025011463587476523,255.51431181794032,42.077329154126346
5,x,27,"['z', 'x', 'x', 'z', 'z']",0.001,normal,0,1000000,752014,326,636,0,0.752014,0.00043350256777130447,597.2933349991217,107.08090211683884
5,x,28,"['x', 'z', 'x', 'z', 'z']",0.001,normal,0,1000000,707405,17420,34262,0,0.707405,0.024625214693139053,254.79710244201124,52.09120496409014
5,x,29,"['z', 'z', 'x', 'z', 'z']",0.001,normal,0,1000000,855904,1496,2907,0,0.855904,0.0017478595730362478,276.99052556976676,198.96862298063934
5,x,30,"['x', 'x', 'z', 'z', 'z']",0.001,normal,0,1000000,710102,18808,36946,0,0.710102,0.02648633576584769,252.33702048799023,50.74920370429754
5,x,31,"['z', 'x', 'z', 'z', 'z']",0.001,normal,0,1000000,808171,40556,76941,0,0.808171,0.05018244901140967,250.1447008550167,77.23264109482989
5,z,2,"['z', 'x', 'x', 'x', 'x']",0.001,normal,0,1000000,758185,21409,41674,0,0.758185,0.028237171666545713,266.92340173665434,49.89457704126835
5,z,3,"['x', 'z', 'x', 'x', 'x']",0.001,normal,0,1000000,687180,7454,14722,0,0.68718,0.010847230711021894,250.1463847658597,49.9437589594163
5,z,4,"['z', 'z', 'x', 'x', 'x']",0.001,normal,0,1000000,815873,414,818,0,0.815873,0.0005074319164870555,267.11495724506676,50.99191924976185
5,z,5,"['x', 'x', 'z', 'x', 'x']",0.001,normal,0,1000000,684379,6053,11866,0,0.684379,0.008844514516079593,237.8429143037647,66.19226938579232
5,z,6,"['z', 'x', 'z', 'x', 'x']",0.001,normal,0,1000000,739461,62,124,0,0.739461,8.384485456303103e-05,263.3193906699307,43.40279795601964
5,z,7,"['x', 'z', 'z', 'x', 'x']",0.001,normal,0,1000000,696168,22,43,0,0.696168,3.160156743775566e-05,260.67619433486834,33.69704831810668
5,z,8,"['z', 'z', 'z', 'x', 'x']",0.001,normal,0,1000000,878724,0,0,0,0.878724,0.0,268.1522681550123,52.140690431930125
5,z,9,"['x', 'x', 'x', 'z', 'x']",0.001,normal,0,1000000,682778,5036,9573,0,0.682778,0.007375750243856727,256.53371565788984,44.280468890443444
5,z,10,"['z', 'x', 'x', 'z', 'x']",0.001,normal,0,1000000,736830,82,162,0,0.73683,0.00011128754258105111,599.3161741700023,-268.1054230951704
5,z,11,"['x', 'z', 'x', 'z', 'x']",0.001,normal,0,1000000,692091,8,16,0,0.692091,1.155917357686942e-05,250.89770307391882,35.07376292720437
5,z,12,"['z', 'z', 'x', 'z', 'x']",0.001,normal,0,1000000,797361,0,0,0,0.797361,0.0,265.34110552305356,66.24391376273707
5,z,13,"['x', 'x', 'z', 'z', 'x']",0.001,normal,0,1000000,692460,18,35,0,0.69246,2.599428125815706e-05,542.214761256706,96.98723707767203
5,z,14,"['z', 'x', 'z', 'z', 'x']",0.001,normal,0,1000000,751959,0,0,0,0.751959,0.0,265.01344340480864,114.92798863584176
5,z,15,"['x', 'z', 'z', 'z', 'x']",0.001,normal,0,1000000,710581,0,0,0,0.710581,0.0,242.3992943847552,29.529427730012685
5,z,16,"['z', 'z', 'z', 'z', 'x']",0.001,normal,0,1000000,1000000,0,0,0,1.0,0.0,615.1972154481336,31.619422474876046
5,z,17,"['x', 'x', 'x', 'x', 'z']",0.001,normal,0,1000000,684825,4784,8143,0,0.684825,0.006985726280436588,253.5871258182451,42.77537819882855
5,z,18,"['z', 'x', 'x', 'x', 'z']",0.001,normal,0,1000000,738284,192,383,0,0.738284,0.0002600625233649678,271.2170150941238,45.652626966591924
5,z,19,"['x', 'z', 'x', 'x', 'z']",0.001,normal,0,1000000,692383,22,43,0,0.692383,3.177432143774972e-05,266.06729546701536,38.38026954000816
5,z,20,"['z', 'z', 'x', 'x', 'z']",0.001,normal,0,1000000,797185,0,0,0,0.797185,0.0,271.1444821096957,34.91589206829667
5,z,21,"['x', 'x', 'z', 'x', 'z']",0.001,normal,0,1000000,692262,8,15,0,0.692262,1.1556318272543109e-05,432.2225076868199,-145.90755243366584
5,z,22,"['z', 'x', 'z', 'x', 'z']",0.001,normal,0,1000000,749388,0,0,0,0.749388,0.0,279.1034964802675,45.09687435766682
5,z,23,"['x', 'z', 'z', 'x', 'z']",0.001,normal,0,1000000,706231,0,0,0,0.706231,0.0,259.2434280421585,53.208286738954484
5,z,24,"['z', 'z', 'z', 'x', 'z']",0.001,normal,0,1000000,906820,0,0,0,0.90682,0.0,269.62369910907,63.77499286085367
5,z,25,"['x', 'x', 'x', 'z', 'z']",0.001,normal,0,1000000,695681,3,6,0,0.695681,4.3123213081530665e-06,438.01206077309325,-116.20608420623466
5,z,26,"['z', 'x', 'x', 'z', 'z']",0.001,normal,0,1000000,752014,0,0,0,0.752014,0.0,263.8324705497362,48.42413466889411
5,z,27,"['x', 'z', 'x', 'z', 'z']",0.001,normal,0,1000000,707405,0,0,0,0.707405,0.0,260.54739139135927,36.89413939556107
5,z,28,"['z', 'z', 'x', 'z', 'z']",0.001,normal,0,1000000,855904,0,0,0,0.855904,0.0,254.31873309612274,52.03540370473638
5,z,29,"['x', 'x', 'z', 'z', 'z']",0.001,normal,0,1000000,710102,0,0,0,0.710102,0.0,432.9282407849096,-220.4042550958693
5,z,30,"['z', 'x', 'z', 'z', 'z']",0.001,normal,0,1000000,808171,0,0,0,0.808171,0.0,256.2402835818939,-7.693445749115199
5,z,31,"['x', 'z', 'z', 'z', 'z']",0.001,normal,0,1000000,763082,0,0,0,0.763082,0.0,242.96672356501222,-28.586652470752597
5,x,2,"['x', 'x', 'x', 'x', 'x']",0.0005,normal,0,1000000,839013,0,0,0,0.839013,0.0,274.47826384194195,32.753630698192865
5,x,3,"['z', 'x', 'x', 'x', 'x']",0.0005,normal,0,1000000,870484,0,0,0,0.870484,0.0,274.83201536303386,125.8454190348275
5,x,4,"['x', 'z', 'x', 'x', 'x']",0.0005,normal,0,1000000,828746,0,0,0,0.828746,0.0,262.8574412530288,48.58152012620121
5,x,5,"['z', 'z', 'x', 'x', 'x']",0.0005,normal,0,1000000,902928,0,0,0,0.902928,0.0,433.84325507702306,-101.77227543201298
5,x,6,"['x', 'x', 'z', 'x', 'x']",0.0005,normal,0,1000000,826859,0,0,0,0.826859,0.0,252.55156420683488,64.49115415010601
5,x,7,"['z', 'x', 'z', 'x', 'x']",0.0005,normal,0,1000000,859642,0,0,0,0.859642,0.0,262.80792128061876,70.83460356062278
5,x,8,"['x', 'z', 'z', 'x', 'x']",0.0005,normal,0,1000000,833773,7,14,0,0.833773,8.395570497032878e-06,252.67784056486562,67.73510728124529
5,x,9,"['z', 'z', 'z', 'x', 'x']",0.0005,normal,0,1000000,937256,0,0,0,0.937256,0.0,623.0834269798361,123.47054309304804
5,x,10,"['x', 'x', 'x', 'z', 'x']",0.0005,normal,0,1000000,825905,0,0,0,0.825905,0.0,275.4068111856468,90.55090206256136
5,x,11,"['z', 'x', 'x', 'z', 'x']",0.0005,normal,0,1000000,857808,0,0,0,0.857808,0.0,605.1885312250815,124.71908867266029
5,x,12,"['x', 'z', 'x', 'z', 'x']",0.0005,normal,0,1000000,831865,10,19,0,0.831865,1.2021181321486551e-05,526.1779072699137,-130.22029088484123
5,x,13,"['z', 'z', 'x', 'z', 'x']",0.0005,normal,0,1000000,892512,0,0,0,0.892512,0.0,268.49198507796973,63.31791640678421
5,x,14,"['x', 'x', 'z', 'z', 'x']",0.0005,normal,0,1000000,832067,22,44,0,0.832067,2.6440178495290567e-05,273.549790752586,26.15520301926881
5,x,15,"['z', 'x', 'z', 'z', 'x']",0.0005,normal,0,1000000,865833,140,277,0,0.865833,0.00016169399872723034,290.61046364484355,45.73585619125515
5,x,16,"['x', 'z', 'z', 'z', 'x']",0.0005,normal,0,1000000,840551,9455,18212,0,0.840551,0.011248573852151722,258.84477466670796,70.96637682244182
5,x,17,"['z', 'z', 'z', 'z', 'x']",0.0005,normal,0,1000000,1000000,0,0,0,1.0,0.0,271.6261867680587,77.22178999893367
5,x,18,"['x', 'x', 'x', 'x', 'z']",0.0005,normal,0,1000000,826477,0,0,0,0.826477,0.0,238.24083048617467,81.53573577292264
5,x,19,"['z', 'x', 'x', 'x', 'z']",0.0005,normal,0,1000000,858437,0,0,0,0.858437,0.0,269.75975410221145,58.702910772524774
5,x,20,"['x', 'z', 'x', 'x', 'z']",0.0005,normal,0,1000000,831584,22,44,0,0.831584,2.6455535459990465e-05,236.8830206436105,193.6881450531073
5,x,21,"['z', 'z', 'x', 'x', 'z']",0.0005,normal,0,1000000,892221,0,0,0,0.892221,0.0,280.4853312680498,48.99818382784724
5,x,22,"['x', 'x', 'z', 'x', 'z']",0.0005,normal,0,1000000,831488,28,56,0,0.831488,3.36745689655249e-05,263.9485762738623,48.16572133125737
5,x,23,"['z', 'x', 'z', 'x', 'z']",0.0005,normal,0,1000000,865116,94,187,0,0.865116,0.00010865594902875753,267.46536928089336,71.35373171791434
5,x,24,"['x', 'z', 'z', 'x', 'z']",0.0005,normal,0,1000000,839171,9726,19167,0,0.839171,0.011590009664299683,566.362077777274,129.21560535160825
5,x,25,"['z', 'z', 'z', 'x', 'z']",0.0005,normal,0,1000000,952182,0,0,0,0.952182,0.0,429.28850653395057,-94.43880720483139
5,x,26,"['x', 'x', 'x', 'z', 'z']",0.0005,normal,0,1000000,833641,37,74,0,0.833641,4.438361356984277e-05,273.9469644050114,41.22422861400992
5,x,27,"['z', 'x', 'x', 'z', 'z']",0.0005,normal,0,1000000,866756,103,204,0,0.866756,0.00011883390481293166,278.82435154682025,52.266494231298566
5,x,28,"['x', 'z', 'x', 'z', 'z']",0.0005,normal,0,1000000,840428,10368,20582,0,0.840428,0.01233657136601829,568.971940133255,121.36873437976465
5,x,29,"['z', 'z', 'x', 'z', 'z']",0.0005,normal,0,1000000,925008,418,812,0,0.925008,0.00045188798367146177,264.13431084528565,246.6422276017256
5,x,30,"['x', 'x', 'z', 'z', 'z']",0.0005,normal,0,1000000,842110,11187,22180,0,0.84211,0.013284487774756215,265.4076894419268,28.425171182956547
5,x,31,"['z', 'x', 'z', 'z', 'z']",0.0005,normal,0,1000000,898643,23161,45140,0,0.898643,0.02577330486077345,262.25680257286876,87.0851050131023
5,z,2,"['z', 'x', 'x', 'x', 'x']",0.0005,normal,0,1000000,870484,12406,24495,0,0.870484,0.014251841504266616,268.4766211649403,68.44901584135368
5,z,3,"['x', 'z', 'x', 'x', 'x']",0.0005,normal,0,1000000,828746,4418,8775,0,0.828746,0.005330945790386954,345.28295621694997,-32.87109605176374
5,z,4,"['z', 'z', 'x', 'x', 'x']",0.0005,normal,0,1000000,902928,100,199,0,0.902928,0.00011075080183575725,274.0750691345893,58.68778927065432
5,z,5,"['x', 'x', 'z', 'x', 'x']",0.0005,normal,0,1000000,826859,3578,7082,0,0.826859,0.0043272190300885915,265.69559626094997,58.55121097434312
5,z,6,"['z', 'x', 'z', 'x', 'x']",0.0005,normal,0,1000000,859642,16,32,0,0.859642,1.861239911493673e-05,280.5627203457989,37.806402219925076
5,z,7,"['x', 'z', 'z', 'x', 'x']",0.0005,normal,0,1000000,833773,6,11,0,0.833773,7.196203283155178e-06,371.2085182000883,-48.179427264258265
5,z,8,"['z', 'z', 'z', 'x', 'x']",0.0005,normal,0,1000000,937256,0,0,0,0.937256,0.0,274.11309912381694,60.78472868958488
5,z,9,"['x', 'x', 'x', 'z', 'x']",0.0005,normal,0,1000000,825905,2841,5562,0,0.825905,0.003439862938231397,251.44209796423092,71.97450447687879
5,z,10,"['z', 'x', 'x', 'z', 'x']",0.0005,normal,0,1000000,857808,16,31,0,0.857808,1.8652192565249415e-05,559.9812663448974,-62.40498226555064
5,z,11,"['x', 'z', 'x', 'z', 'x']",0.0005,normal,0,1000000,831865,4,8,0,0.831865,4.808472528594621e-06,264.76398199191317,54.85830813413486
5,z,12,"['z', 'z', 'x', 'z', 'x']",0.0005,normal,0,1000000,892512,0,0,0,0.892512,0.0,621.0165336197242,120.15182222332805
5,z,13,"['x', 'x', 'z', 'z', 'x']",0.0005,normal,0,1000000,832067,2,4,0,0.832067,2.4036525905213324e-06,265.7747149169445,33.28224418731406
5,z,14,"['z', 'x', 'z', 'z', 'x']",0.0005,normal,0,1000000,865833,0,0,0,0.865833,0.0,275.80707950517535,40.38188476907089
5,z,15,"['x', 'z', 'z', 'z', 'x']",0.0005,normal,0,1000000,840551,0,0,0,0.840551,0.0,265.0164839066565,45.23299351334572
5,z,16,"['z', 'z', 'z', 'z', 'x']",0.0005,normal,0,1000000,1000000,0,0,0,1.0,0.0,614.6355108767748,129.3832060964778
5,z,17,"['x', 'x', 'x', 'x', 'z']",0.0005,normal,0,1000000,826477,2322,4241,0,0.826477,0.002809515570306287,264.8147083488293,63.8518151040189
5,z,18,"['z', 'x', 'x', 'x', 'z']",0.0005,normal,0,1000000,858437,48,97,0,0.858437,5.591557679829329e-05,274.0138224978,369.54434974724427
5,z,19,"['x', 'z', 'x', 'x', 'z']",0.0005,normal,0,1000000,831584,5,10,0,0.831584,6.012621695417053e-06,244.64195157308131,51.07344536203891
5,z,20,"['z', 'z', 'x', 'x', 'z']",0.0005,normal,0,1000000,892221,0,0,0,0.892221,0.0,268.14326203335077,70.90508979652077
5,z,21,"['x', 'x', 'z', 'x', 'z']",0.0005,normal,0,1000000,831488,2,3,0,0.831488,2.405326354648629e-06,279.1226178249344,42.332909571472555
5,z,22,"['z', 'x', 'z', 'x', 'z']",0.0005,normal,0,1000000,865116,0,0,0,0.865116,0.0,275.94401787314564,64.87789381295443
5,z,23,"['x', 'z', 'z', 'x', 'z']",0.0005,normal,0,1000000,839171,0,0,0,0.839171,0.0,260.42754578916356,50.46797483880073
5,z,24,"['z', 'z', 'z', 'x', 'z']",0.0005,normal,0,1000000,952182,0,0,0,0.952182,0.0,263.50679772300646,51.54715810390189
5,z,25,"['x', 'x', 'x', 'z', 'z']",0.0005,normal,0,1000000,833641,2,4,0,0.833641,2.399114247042533e-06,268.61276402371004,29.934606079477817
5,z,26,"['z', 'x', 'x', 'z', 'z']",0.0005,normal,0,1000000,866756,0,0,0,0.866756,0.0,274.2891034516506,64.69785537105054
5,z,27,"['x', 'z', 'x', 'z', 'z']",0.0005,normal,0,1000000,840428,0,0,0,0.840428,0.0,254.028765860945,35.68730929912999
5,z,28,"['z', 'z', 'x', 'z', 'z']",0.0005,normal,0,1000000,925008,0,0,0,0.925008,0.0,283.5877303839661,16.796276424080133
5,z,29,"['x', 'x', 'z', 'z', 'z']",0.0005,normal,0,1000000,842110,0,0,0,0.84211,0.0,271.74487160285935,-17.377149680629373
5,z,30,"['z', 'x', 'z', 'z', 'z']",0.0005,normal,0,1000000,898643,0,0,0,0.898643,0.0,257.09702196205035,19.762183510232717
5,z,31,"['x', 'z', 'z', 'z', 'z']",0.0005,normal,0,1000000,873092,0,0,0,0.873092,0.0,344.19146142620593,-126.60296590533108
5,x,2,"['x', 'x', 'x', 'x', 'x']",0.0001,normal,0,1000000,965783,0,0,0,0.965783,0.0,265.93549021333456,55.94325999869034
5,x,3,"['z', 'x', 'x', 'x', 'x']",0.0001,normal,0,1000000,972788,0,0,0,0.972788,0.0,271.3737243898213,77.4965458442457
5,x,4,"['x', 'z', 'x', 'x', 'x']",0.0001,normal,0,1000000,963293,0,0,0,0.963293,0.0,272.0947595569305,57.05568464519456
5,x,5,"['z', 'z', 'x', 'x', 'x']",0.0001,normal,0,1000000,980054,0,0,0,0.980054,0.0,272.6012809770182,65.81790043693036
5,x,6,"['x', 'x', 'z', 'x', 'x']",0.0001,normal,0,1000000,962889,0,0,0,0.962889,0.0,274.0914697917178,69.13845943938941
5,x,7,"['z', 'x', 'z', 'x', 'x']",0.0001,normal,0,1000000,970385,0,0,0,0.970385,0.0,623.7324482239783,129.826158226002
5,x,8,"['x', 'z', 'z', 'x', 'x']",0.0001,normal,0,1000000,964251,0,1,0,0.964251,0.0,591.3575036358088,134.25902982521802
5,x,9,"['z', 'z', 'z', 'x', 'x']",0.0001,normal,0,1000000,987095,0,0,0,0.987095,0.0,314.713209353853,17.717215036507696
5,x,10,"['x', 'x', 'x', 'z', 'x']",0.0001,normal,0,1000000,962472,0,0,0,0.962472,0.0,517.9951094691642,204.9323828741908
5,x,11,"['z', 'x', 'x', 'z', 'x']",0.0001,normal,0,1000000,969986,0,0,0,0.969986,0.0,280.9799041291699,62.95296664349735
5,x,12,"['x', 'z', 'x', 'z', 'x']",0.0001,normal,0,1000000,963831,0,1,0,0.963831,0.0,277.15204174024984,37.88533366844058
5,x,13,"['z', 'z', 'x', 'z', 'x']",0.0001,normal,0,1000000,977563,0,0,0,0.977563,0.0,269.0191798438318,82.06754649523646
5,x,14,"['x', 'x', 'z', 'z', 'x']",0.0001,normal,0,1000000,963947,2,4,0,0.963947,2.074802867846337e-06,263.71243700711057,64.42831705883145
5,x,15,"['z', 'x', 'z', 'z', 'x']",0.0001,normal,0,1000000,971514,9,18,0,0.971514,9.263891204813746e-06,275.8421892831102,73.0051612178795
5,x,16,"['x', 'z', 'z', 'z', 'x']",0.0001,normal,0,1000000,965499,2024,4003,0,0.965499,0.0020963253198604814,276.18839133996516,51.46687945397571
5,x,17,"['z', 'z', 'z', 'z', 'x']",0.0001,normal,0,1000000,1000000,0,0,0,1.0,0.0,277.2246969868429,61.529405718203634
5,x,18,"['x', 'x', 'x', 'x', 'z']",0.0001,normal,0,1000000,962482,0,0,0,0.962482,0.0,277.15528166107833,64.16479541454464
5,x,19,"['z', 'x', 'x', 'x', 'z']",0.0001,normal,0,1000000,970044,0,0,0,0.970044,0.0,288.67746779695153,84.34480149671435
5,x,20,"['x', 'z', 'x', 'x', 'z']",0.0001,normal,0,1000000,963992,1,2,0,0.963992,1.0373530070495462e-06,286.1556838620454,41.032058871816844
5,x,21,"['z', 'z', 'x', 'x', 'z']",0.0001,normal,0,1000000,977553,0,0,0,0.977553,0.0,263.52125359419733,80.25108444551006
5,x,22,"['x', 'x', 'z', 'x', 'z']",0.0001,normal,0,1000000,964010,2,5,0,0.96401,2.0746672751981166e-06,250.4440174861811,82.09717265283689
5,x,23,"['z', 'x', 'z', 'x', 'z']",0.0001,normal,0,1000000,971543,4,8,0,0.971543,4.117162081374026e-06,371.3150067171082,-32.28935682447627
5,x,24,"['x', 'z', 'z', 'x', 'z']",0.0001,normal,0,1000000,965409,2193,4364,0,0.965409,0.0022715760884765013,282.43167320173234,45.93297843635082
5,x,25,"['z', 'z', 'z', 'x', 'z']",0.0001,normal,0,1000000,990271,0,0,0,0.990271,0.0,387.08442403702065,-46.06992408167571
5,x,26,"['x', 'x', 'x', 'z', 'z']",0.0001,normal,0,1000000,964446,2,5,0,0.964446,2.0737293742190133e-06,273.97389584686607,164.1893029292114
5,x,27,"['z', 'x', 'x', 'z', 'z']",0.0001,normal,0,1000000,971985,6,12,0,0.971985,6.172934767456617e-06,624.1411090339534,133.1036541420035
5,x,28,"['x', 'z', 'x', 'z', 'z']",0.0001,normal,0,1000000,965869,2412,4816,0,0.965869,0.002497233061626414,591.2798321540467,137.35019493987784
5,x,29,"['z', 'z', 'x', 'z', 'z']",0.0001,normal,0,1000000,984549,18,35,0,0.984549,1.828248263924248e-05,277.23682291572914,67.61696644499898
5,x,30,"['x', 'x', 'z', 'z', 'z']",0.0001,normal,0,1000000,966288,2564,5125,0,0.966288,0.002653453214776502,258.12640755204484,66.70220392988995
5,x,31,"['z', 'x', 'z', 'z', 'z']",0.0001,normal,0,1000000,978976,5172,10281,0,0.978976,0.005283071290818175,466.7183956252411,-54.12454507034272
5,z,2,"['z', 'x', 'x', 'x', 'x']",0.0001,normal,0,1000000,972788,2782,5551,0,0.972788,0.0028598214616134543,278.64509397698566,69.71933651575819
5,z,3,"['x', 'z', 'x', 'x', 'x']",0.0001,normal,0,1000000,963293,1038,2075,0,0.963293,0.0010775537660919765,267.1602405048907,121.63621665351093
5,z,4,"['z', 'z', 'x', 'x', 'x']",0.0001,normal,0,1000000,980054,5,10,0,0.980054,5.101759698922237e-06,281.86013081809506,67.60239420691505
5,z,5,"['x', 'x', 'z', 'x', 'x']",0.0001,normal,0,1000000,962889,832,1654,0,0.962889,0.0008640663669436943,286.0907666790299,231.10295379022136
5,z,6,"['z', 'x', 'z', 'x', 'x']",0.0001,normal,0,1000000,970385,0,0,0,0.970385,0.0,285.9199005155824,42.99446446308866
5,z,7,"['x', 'z', 'z', 'x', 'x']",0.0001,normal,0,1000000,964251,0,0,0,0.964251,0.0,252.3906673779711,66.30754232825711
5,z,8,"['z', 'z', 'z', 'x', 'x']",0.0001,normal,0,1000000,987095,0,0,0,0.987095,0.0,278.38331623980775,52.67875304212794
5,z,9,"['x', 'x', 'x', 'z', 'x']",0.0001,normal,0,1000000,962472,628,1255,0,0.962472,0.00065248651389338,283.92248186375946,55.13504596659914
5,z,10,"['z', 'x', 'x', 'z', 'x']",0.0001,normal,0,1000000,969986,1,2,0,0.969986,1.0309427146415473e-06,278.5934865726158,69.47440461302176
5,z,11,"['x', 'z', 'x', 'z', 'x']",0.0001,normal,0,1000000,963831,0,0,0,0.963831,0.0,275.3706845701672,67.92360000498593
5,z,12,"['z', 'z', 'x', 'z', 'x']",0.0001,normal,0,1000000,977563,0,0,0,0.977563,0.0,288.98567100195214,55.765805995091796
5,z,13,"['x', 'x', 'z', 'z', 'x']",0.0001,normal,0,1000000,963947,0,0,0,0.963947,0.0,589.1917685652152,136.38712501572445
5,z,14,"['z', 'x', 'z', 'z', 'x']",0.0001,normal,0,1000000,971514,0,0,0,0.971514,0.0,623.9298574188724,133.4217857271433
5,z,15,"['x', 'z', 'z', 'z', 'x']",0.0001,normal,0,1000000,965499,0,0,0,0.965499,0.0,590.3663602476008,-84.62770299939439
5,z,16,"['z', 'z', 'z', 'z', 'x']",0.0001,normal,0,1000000,1000000,0,0,0,1.0,0.0,269.96233825106174,52.9010105188936
5,z,17,"['x', 'x', 'x', 'x', 'z']",0.0001,normal,0,1000000,962482,435,854,0,0.962482,0.00045195650412166444,280.3894410398789,65.00226378627121
5,z,18,"['z', 'x', 'x', 'x', 'z']",0.0001,normal,0,1000000,970044,2,3,0,0.970044,2.0617621468987934e-06,272.94061365909874,72.65887515200302
5,z,19,"['x', 'z', 'x', 'x', 'z']",0.0001,normal,0,1000000,963992,0,0,0,0.963992,0.0,273.1904817218892,71.65165501413867
5,z,20,"['z', 'z', 'x', 'x', 'z']",0.0001,normal,0,1000000,977553,0,0,0,0.977553,0.0,271.12350362120196,71.71605945471674
5,z,21,"['x', 'x', 'z', 'x', 'z']",0.0001,normal,0,1000000,964010,0,0,0,0.96401,0.0,281.77228935901076,52.68908306211233
5,z,22,"['z', 'x', 'z', 'x', 'z']",0.0001,normal,0,1000000,971543,0,0,0,0.971543,0.0,274.5609613680281,76.83640745701268
5,z,23,"['x', 'z', 'z', 'x', 'z']",0.0001,normal,0,1000000,965409,0,0,0,0.965409,0.0,248.92796874698251,64.85220681596547
5,z,24,"['z', 'z', 'z', 'x', 'z']",0.0001,normal,0,1000000,990271,0,0,0,0.990271,0.0,447.8407607180998,-133.2970169740729
5,z,25,"['x', 'x', 'x', 'z', 'z']",0.0001,normal,0,1000000,964446,0,0,0,0.964446,0.0,271.2310171001591,59.01581263681874
5,z,26,"['z', 'x', 'x', 'z', 'z']",0.0001,normal,0,1000000,971985,0,0,0,0.971985,0.0,288.0891094277613,31.63379857549444
5,z,27,"['x', 'z', 'x', 'z', 'z']",0.0001,normal,0,1000000,965869,0,0,0,0.965869,0.0,275.1499186148867,147.1262369272299
5,z,28,"['z', 'z', 'x', 'z', 'z']",0.0001,normal,0,1000000,984549,0,0,0,0.984549,0.0,282.012061458081,41.30109794577584
5,z,29,"['x', 'x', 'z', 'z', 'z']",0.0001,normal,0,1000000,966288,0,0,0,0.966288,0.0,286.8600816288963,12.876109870150685
5,z,30,"['z', 'x', 'z', 'z', 'z']",0.0001,normal,0,1000000,978976,0,0,0,0.978976,0.0,265.81676332606,49.01457693008706
5,z,31,"['x', 'z', 'z', 'z', 'z']",0.0001,normal,0,1000000,973259,0,0,0,0.973259,0.0,273.16647826321423,10.948166420683265
5,x,2,"['x', 'x', 'x', 'x', 'x']",0.01,m1,0,1000000,46046,0,0,0,0.046046,0.0,151.88667497597635,3.1002981439232826
5,x,3,"['z', 'x', 'x', 'x', 'x']",0.01,m1,0,1000000,95562,0,0,0,0.095562,0.0,233.9463485092856,70.16930673550814
5,x,4,"['x', 'z', 'x', 'x', 'x']",0.01,m1,0,1000000,45241,0,0,0,0.045241,0.0,183.20987044926733,0.6308920090086758
5,x,5,"['z', 'z', 'x', 'x', 'x']",0.01,m1,0,1000000,198394,0,0,0,0.198394,0.0,231.01500800298527,12.01817784877494
5,x,6,"['x', 'x', 'z', 'x', 'x']",0.01,m1,0,1000000,43954,0,1,0,0.043954,0.0,179.19336741184816,-4.639622745569795
5,x,7,"['z', 'x', 'z', 'x', 'x']",0.01,m1,0,1000000,94255,2,3,0,0.094255,2.121903347307441e-05,505.6590865822509,24.938663808163255
5,x,8,"['x', 'z', 'z', 'x', 'x']",0.01,m1,0,1000000,50473,258,477,0,0.050473,0.00511164384918672,176.75290624517947,7.111320876982063
5,x,9,"['z', 'z', 'z', 'x', 'x']",0.01,m1,0,1000000,426081,0,0,0,0.426081,0.0,475.91397688211873,41.13026029057801
5,x,10,"['x', 'x', 'x', 'z', 'x']",0.01,m1,0,1000000,46086,2,3,0,0.046086,4.339712711021182e-05,276.20729190995917,-102.47910833498463
5,x,11,"['z', 'x', 'x', 'z', 'x']",0.01,m1,0,1000000,93758,8,17,0,0.093758,8.532605217692613e-05,226.35295623913407,7.302508215885609
5,x,12,"['x', 'z', 'x', 'z', 'x']",0.01,m1,0,1000000,49291,408,785,0,0.049291,0.008277373151285183,171.0833486560732,7.869672596920282
5,x,13,"['z', 'z', 'x', 'z', 'x']",0.01,m1,0,1000000,211895,81,144,0,0.211895,0.0003822648009627061,253.69415902206674,0.9235898382030427
5,x,14,"['x', 'x', 'z', 'z', 'x']",0.01,m1,0,1000000,51128,881,1666,0,0.051128,0.01723126271319042,176.25383335724473,-15.063299539498985
5,x,15,"['z', 'x', 'z', 'z', 'x']",0.01,m1,0,1000000,127476,5636,9913,0,0.127476,0.04421224387335654,222.65790312737226,35.401215315796435
5,x,16,"['x', 'z', 'z', 'z', 'x']",0.01,m1,0,1000000,85855,24821,45206,0,0.085855,0.28910372139071694,187.0725012756884,2.5765836383216083
5,x,17,"['z', 'z', 'z', 'z', 'x']",0.01,m1,0,1000000,1000000,0,0,0,1.0,0.0,119.2318384507671,28.98735886719078
5,x,18,"['x', 'x', 'x', 'x', 'z']",0.01,m1,0,1000000,56023,6,7,0,0.056023,0.00010709887010695862,171.09007059410214,-2.960960938129574
5,x,19,"['z', 'x', 'x', 'x', 'z']",0.01,m1,0,1000000,101905,12,23,0,0.101905,0.00011775673421321464,214.87430839519948,18.721239311154932
5,x,20,"['x', 'z', 'x', 'x', 'z']",0.01,m1,0,1000000,49992,550,1053,0,0.049992,0.011001760281645012,179.32020426401868,-3.8719291160814464
5,x,21,"['z', 'z', 'x', 'x', 'z']",0.01,m1,0,1000000,207414,63,108,0,0.207414,0.0003037403453961529,249.18574589816853,22.51578259980306
5,x,22,"['x', 'x', 'z', 'x', 'z']",0.01,m1,0,1000000,48724,752,1440,0,0.048724,0.015433872424267303,175.44512274023145,0.45093664806336164
5,x,23,"['z', 'x', 'z', 'x', 'z']",0.01,m1,0,1000000,111991,3615,6650,0,0.111991,0.03227937959300298,223.1999741899781,8.114542811177671
5,x,24,"['x', 'z', 'z', 'x', 'z']",0.01,m1,0,1000000,66206,15592,29319,0,0.066206,0.2355073558287768,172.7468690527603,20.712172036990523
5,x,25,"['z', 'z', 'z', 'x', 'z']",0.01,m1,0,1000000,493249,388,699,0,0.493249,0.0007866209561498971,266.2258734772913,83.82866033865139
5,x,26,"['x', 'x', 'x', 'z', 'z']",0.01,m1,0,1000000,50321,1054,1935,0,0.050321,0.02094552969933028,264.5539293861948,58.7325570685789
5,x,27,"['z', 'x', 'x', 'z', 'z']",0.01,m1,0,1000000,110156,3640,6485,0,0.110156,0.03304404662478666,213.8045981968753,13.056963128969073
5,x,28,"['x', 'z', 'x', 'z', 'z']",0.01,m1,0,1000000,62097,13518,25365,0,0.062097,0.21769167592637328,377.48420778196305,11.22590317716822
5,x,29,"['z', 'z', 'x', 'z', 'z']",0.01,m1,0,1000000,272533,14802,24022,0,0.272533,0.0543126887386115,246.85095965815708,25.364904001820832
5,x,30,"['x', 'x', 'z', 'z', 'z']",0.01,m1,0,1000000,62062,13639,24140,0,0.062062,0.2197641068608811,367.78379591787234,11.169261205941439
5,x,31,"['z', 'x', 'z', 'z', 'z']",0.01,m1,0,1000000,153197,38768,58272,0,0.153197,0.2530597857660398,245.3225387809798,-16.480055335909128
5,z,2,"['z', 'x', 'x', 'x', 'x']",0.01,m1,0,1000000,95562,15162,25553,0,0.095562,0.15866139260375467,232.93553725490347,-4.518830680754036
5,z,3,"['x', 'z', 'x', 'x', 'x']",0.01,m1,0,1000000,45241,4872,9104,0,0.045241,0.10768992727835369,179.9182351049967,4.717286894097924
5,z,4,"['z', 'z', 'x', 'x', 'x']",0.01,m1,0,1000000,198394,3383,6064,0,0.198394,0.01705192697359803,246.88170702802017,22.253117366693914
5,z,5,"['x', 'x', 'z', 'x', 'x']",0.01,m1,0,1000000,43954,4516,8446,0,0.043954,0.10274377758565778,175.97764761932194,5.078985450789332
5,z,6,"['z', 'x', 'z', 'x', 'x']",0.01,m1,0,1000000,94255,614,1145,0,0.094255,0.006514243276218745,502.9507875898853,-56.507422622758895
5,z,7,"['x', 'z', 'z', 'x', 'x']",0.01,m1,0,1000000,50473,197,384,0,0.050473,0.003903076892596058,188.46578753367066,-7.551895100623369
5,z,8,"['z', 'z', 'z', 'x', 'x']",0.01,m1,0,1000000,426081,31,56,0,0.426081,7.275611914170366e-05,272.52561690472066,38.99101260770112
5,z,9,"['x', 'x', 'x', 'z', 'x']",0.01,m1,0,1000000,46086,5288,9307,0,0.046086,0.11474200407933,154.1887202952057,17.61940389079973
5,z,10,"['z', 'x', 'x', 'z', 'x']",0.01,m1,0,1000000,93758,716,1321,0,0.093758,0.0076366816698308915,229.54309072671458,-8.389157535508275
5,z,11,"['x', 'z', 'x', 'z', 'x']",0.01,m1,0,1000000,49291,127,246,0,0.049291,0.0025765352701304645,175.06696134898812,6.063867878634483
5,z,12,"['z', 'z', 'x', 'z', 'x']",0.01,m1,0,1000000,211895,3,6,0,0.211895,1.4157955591231897e-05,573.6780766206793,-140.3034285446629
5,z,13,"['x', 'x', 'z', 'z', 'x']",0.01,m1,0,1000000,51128,128,249,0,0.051128,0.0025035205758097145,368.61134140286595,9.296589573845267
5,z,14,"['z', 'x', 'z', 'z', 'x']",0.01,m1,0,1000000,127476,0,1,0,0.127476,0.0,221.66520446399227,16.244085987098515
5,z,15,"['x', 'z', 'z', 'z', 'x']",0.01,m1,0,1000000,85855,0,0,0,0.085855,0.0,187.65447140997276,1.664168500341475
5,z,16,"['z', 'z', 'z', 'z', 'x']",0.01,m1,0,1000000,1000000,0,0,0,1.0,0.0,66.4145247428678,15.465244610328227
5,z,17,"['x', 'x', 'x', 'x', 'z']",0.01,m1,0,1000000,56023,9702,15265,0,0.056023,0.17317887296289025,175.91235607070848,-3.453471641521901
5,z,18,"['z', 'x', 'x', 'x', 'z']",0.01,m1,0,1000000,101905,1646,2890,0,0.101905,0.016152298709582458,226.48769400501624,3.2258974937722087
5,z,19,"['x', 'z', 'x', 'x', 'z']",0.01,m1,0,1000000,49992,194,366,0,0.049992,0.003880620899343934,173.40085942903534,15.096783384215087
5,z,20,"['z', 'z', 'x', 'x', 'z']",0.01,m1,0,1000000,207414,5,10,0,0.207414,2.4106376618759917e-05,255.60847933311015,11.864780161064118
5,z,21,"['x', 'x', 'z', 'x', 'z']",0.01,m1,0,1000000,48724,84,151,0,0.048724,0.0017239963878170617,175.62777470005676,-3.681352832354605
5,z,22,"['z', 'x', 'z', 'x', 'z']",0.01,m1,0,1000000,111991,0,0,0,0.111991,0.0,222.20686530368403,13.31337467301637
5,z,23,"['x', 'z', 'z', 'x', 'z']",0.01,m1,0,1000000,66206,0,0,0,0.066206,0.0,171.4135274500586,14.631195914931595
5,z,24,"['z', 'z', 'z', 'x', 'z']",0.01,m1,0,1000000,493249,0,0,0,0.493249,0.0,171.74856092501432,-1.4497737968340516
5,z,25,"['x', 'x', 'x', 'z', 'z']",0.01,m1,0,1000000,50321,46,74,0,0.050321,0.000914131277200414,284.76529723312706,-120.81211090506986
5,z,26,"['z', 'x', 'x', 'z', 'z']",0.01,m1,0,1000000,110156,1,2,0,0.110156,9.07803478700231e-06,212.0441393009387,4.382487998809665
5,z,27,"['x', 'z', 'x', 'z', 'z']",0.01,m1,0,1000000,62097,0,0,0,0.062097,0.0,184.960610054899,51.90745961712673
5,z,28,"['z', 'z', 'x', 'z', 'z']",0.01,m1,0,1000000,272533,0,0,0,0.272533,0.0,212.06911900267005,-17.470230963546783
5,z,29,"['x', 'x', 'z', 'z', 'z']",0.01,m1,0,1000000,62062,0,0,0,0.062062,0.0,224.9562564305961,-69.61273079738021
5,z,30,"['z', 'x', 'z', 'z', 'z']",0.01,m1,0,1000000,153197,0,0,0,0.153197,0.0,192.6706259851344,-16.273617919068784
5,z,31,"['x', 'z', 'z', 'z', 'z']",0.01,m1,0,1000000,86399,0,0,0,0.086399,0.0,168.2281697341241,-21.082558032125235
5,x,2,"['x', 'x', 'x', 'x', 'x']",0.005,m1,0,1000000,213876,0,0,0,0.213876,0.0,162.49396202899516,17.331386424135417
5,x,3,"['z', 'x', 'x', 'x', 'x']",0.005,m1,0,1000000,307966,0,0,0,0.307966,0.0,191.08621146762744,7.581234820652753
5,x,4,"['x', 'z', 'x', 'x', 'x']",0.005,m1,0,1000000,209963,0,0,0,0.209963,0.0,189.16905177291483,11.103466869797558
5,x,5,"['z', 'z', 'x', 'x', 'x']",0.005,m1,0,1000000,445089,0,0,0,0.445089,0.0,176.48563092015684,8.958863550797105
5,x,6,"['x', 'x', 'z', 'x', 'x']",0.005,m1,0,1000000,207186,0,0,0,0.207186,0.0,210.63467054301873,-2.7611205661669374
5,x,7,"['z', 'x', 'z', 'x', 'x']",0.005,m1,0,1000000,302626,0,0,0,0.302626,0.0,248.03840926196426,25.757641821168363
5,x,8,"['x', 'z', 'z', 'x', 'x']",0.005,m1,0,1000000,222564,238,454,0,0.222564,0.0010693553315000992,199.81491552107036,39.626744605600834
5,x,9,"['z', 'z', 'z', 'x', 'x']",0.005,m1,0,1000000,646793,0,0,0,0.646793,0.0,324.68210749002174,26.75601619388908
5,x,10,"['x', 'x', 'x', 'z', 'x']",0.005,m1,0,1000000,206942,1,2,0,0.206942,4.83227184433499e-06,439.2746250135824,32.75815979856998
5,x,11,"['z', 'x', 'x', 'z', 'x']",0.005,m1,0,1000000,300209,1,2,0,0.300209,3.3310127277585977e-06,541.4873907589354,-217.60252588195726
5,x,12,"['x', 'z', 'x', 'z', 'x']",0.005,m1,0,1000000,218210,392,763,0,0.21821,0.0017964346271940324,215.60861301561818,5.100056573282927
5,x,13,"['z', 'z', 'x', 'z', 'x']",0.005,m1,0,1000000,446490,10,19,0,0.44649,2.2396918184064418e-05,257.1054721865803,51.42460915166885
5,x,14,"['x', 'x', 'z', 'z', 'x']",0.005,m1,0,1000000,220809,828,1605,0,0.220809,0.0037498471529693322,208.20128595782444,16.381816166918725
5,x,15,"['z', 'x', 'z', 'z', 'x']",0.005,m1,0,1000000,337603,3404,6325,0,0.337603,0.010082848789850773,245.59315966442227,20.203124823980033
5,x,16,"['x', 'z', 'z', 'z', 'x']",0.005,m1,0,1000000,264222,36893,68196,0,0.264222,0.13962879699646513,214.2181723099202,19.528117496985942
5,x,17,"['z', 'z', 'z', 'z', 'x']",0.005,m1,0,1000000,1000000,0,0,0,1.0,0.0,73.31019919877872,25.46084097214043
5,x,18,"['x', 'x', 'x', 'x', 'z']",0.005,m1,0,1000000,218489,0,1,0,0.218489,0.0,300.79714520368725,168.33456145599484
5,x,19,"['z', 'x', 'x', 'x', 'z']",0.005,m1,0,1000000,307064,2,4,0,0.307064,6.513300158883517e-06,230.629234964028,33.530985926277936
5,x,20,"['x', 'z', 'x', 'x', 'z']",0.005,m1,0,1000000,218997,567,1126,0,0.218997,0.0025890765626926937,443.8682929831557,33.956562004983425
5,x,21,"['z', 'z', 'x', 'x', 'z']",0.005,m1,0,1000000,444748,7,14,0,0.444748,1.573925009223931e-05,266.20701237302274,24.57219737675041
5,x,22,"['x', 'x', 'z', 'x', 'z']",0.005,m1,0,1000000,218350,920,1785,0,0.21835,0.004213418822990644,200.2058283048682,38.15100243315101
5,x,23,"['z', 'x', 'z', 'x', 'z']",0.005,m1,0,1000000,325716,2558,4893,0,0.325716,0.007853467437890727,247.28537937393412,65.72209731210023
5,x,24,"['x', 'z', 'z', 'x', 'z']",0.005,m1,0,1000000,244967,28844,55640,0,0.244967,0.11774647197377608,206.85277093667537,18.37917230417952
5,x,25,"['z', 'z', 'z', 'x', 'z']",0.005,m1,0,1000000,696932,42,79,0,0.696932,6.026412906856571e-05,264.03123617591336,41.66724308207631
5,x,26,"['x', 'x', 'x', 'z', 'z']",0.005,m1,0,1000000,222383,1232,2363,0,0.222383,0.00553999181592113,437.8520747781731,-212.18884698301554
5,x,27,"['z', 'x', 'x', 'z', 'z']",0.005,m1,0,1000000,328990,2954,5563,0,0.32899,0.00897899632207666,245.66707555111498,22.023485586047173
5,x,28,"['x', 'z', 'x', 'z', 'z']",0.005,m1,0,1000000,243476,28406,54747,0,0.243476,0.11666858335113117,187.1054924800992,23.233619791921228
5,x,29,"['z', 'z', 'x', 'z', 'z']",0.005,m1,0,1000000,519746,8521,15394,0,0.519746,0.01639454656697692,272.74971688119695,23.456121630966663
5,x,30,"['x', 'x', 'z', 'z', 'z']",0.005,m1,0,1000000,246955,29978,56140,0,0.246955,0.12139053673746225,439.0700923958793,37.74562954204157
5,x,31,"['z', 'x', 'z', 'z', 'z']",0.005,m1,0,1000000,390390,57736,98539,0,0.39039,0.1478931325085171,241.6098925229162,20.351478627882898
5,z,2,"['z', 'x', 'x', 'x', 'x']",0.005,m1,0,1000000,307966,26610,48705,0,0.307966,0.08640564218127977,229.63342107925564,41.23187218187377
5,z,3,"['x', 'z', 'x', 'x', 'x']",0.005,m1,0,1000000,209963,11422,22017,0,0.209963,0.05440006096312211,443.7801849320531,29.776305601000786
5,z,4,"['z', 'z', 'x', 'x', 'x']",0.005,m1,0,1000000,445089,2109,3974,0,0.445089,0.00473837816706324,266.56148313498124,24.416386266238987
5,z,5,"['x', 'x', 'z', 'x', 'x']",0.005,m1,0,1000000,207186,9878,19019,0,0.207186,0.047676966590406655,210.27159531740472,9.62612970173359
5,z,6,"['z', 'x', 'z', 'x', 'x']",0.005,m1,0,1000000,302626,458,903,0,0.302626,0.0015134192039018002,253.2401436767541,18.7429285668768
5,z,7,"['x', 'z', 'z', 'x', 'x']",0.005,m1,0,1000000,222564,200,394,0,0.222564,0.0008986179256303961,199.2052861712873,5.102850910741836
5,z,8,"['z', 'z', 'z', 'x', 'x']",0.005,m1,0,1000000,646793,2,4,0,0.646793,3.09217941441009e-06,614.9070751611143,87.22387755895033
5,z,9,"['x', 'x', 'x', 'z', 'x']",0.005,m1,0,1000000,206942,9592,17698,0,0.206942,0.0463511515303805,205.13154672505334,13.947990397922695
5,z,10,"['z', 'x', 'x', 'z', 'x']",0.005,m1,0,1000000,300209,488,939,0,0.300209,0.0016255342111661797,230.16489183111116,31.10014872578904
5,z,11,"['x', 'z', 'x', 'z', 'x']",0.005,m1,0,1000000,218210,114,225,0,0.21821,0.000522432519132976,218.74437810340896,-3.027468102518469
5,z,12,"['z', 'z', 'x', 'z', 'x']",0.005,m1,0,1000000,446490,1,2,0,0.44649,2.2396918184508507e-06,269.90374549431726,341.50903264060616
5,z,13,"['x', 'x', 'z', 'z', 'x']",0.005,m1,0,1000000,220809,102,199,0,0.220809,0.0004619376927570418,183.06697782780975,14.629604168236256
5,z,14,"['z', 'x', 'z', 'z', 'x']",0.005,m1,0,1000000,337603,0,0,0,0.337603,0.0,240.85761738801375,31.24797994690016
5,z,15,"['x', 'z', 'z', 'z', 'x']",0.005,m1,0,1000000,264222,0,0,0,0.264222,0.0,229.6107286028564,6.437632988207042
5,z,16,"['z', 'z', 'z', 'z', 'x']",0.005,m1,0,1000000,1000000,0,0,0,1.0,0.0,48.21786555694416,16.26602504681796
5,z,17,"['x', 'x', 'x', 'x', 'z']",0.005,m1,0,1000000,218489,13550,21942,0,0.218489,0.062016852106971054,202.4427845478058,-4.893865037709475
5,z,18,"['z', 'x', 'x', 'x', 'z']",0.005,m1,0,1000000,307064,1006,1901,0,0.307064,0.0032761899799390592,235.66904743295163,30.551353752147406
5,z,19,"['x', 'z', 'x', 'x', 'z']",0.005,m1,0,1000000,218997,176,343,0,0.218997,0.000803663977132052,210.16818444104865,-1.2025640332140028
5,z,20,"['z', 'z', 'x', 'x', 'z']",0.005,m1,0,1000000,444748,2,3,0,0.444748,4.496928597719219e-06,271.6983817969449,2.5471217846497893
5,z,21,"['x', 'x', 'z', 'x', 'z']",0.005,m1,0,1000000,218350,62,124,0,0.21835,0.0002839477902449872,436.6010146769695,-140.72157530626282
5,z,22,"['z', 'x', 'z', 'x', 'z']",0.005,m1,0,1000000,325716,0,0,0,0.325716,0.0,251.33034311281517,16.250307583250105
5,z,23,"['x', 'z', 'z', 'x', 'z']",0.005,m1,0,1000000,244967,0,0,0,0.244967,0.0,209.1891458951868,8.208081007935107
5,z,24,"['z', 'z', 'z', 'x', 'z']",0.005,m1,0,1000000,696932,0,0,0,0.696932,0.0,107.88882971694693,7.870937830302864
5,z,25,"['x', 'x', 'x', 'z', 'z']",0.005,m1,0,1000000,222383,35,64,0,0.222383,0.00015738613113414068,229.03521283483133,-23.255068643484265
5,z,26,"['z', 'x', 'x', 'z', 'z']",0.005,m1,0,1000000,328990,0,0,0,0.32899,0.0,231.882674545981,-1.9256396130658686
5,z,27,"['x', 'z', 'x', 'z', 'z']",0.005,m1,0,1000000,243476,0,0,0,0.243476,0.0,201.73159199301153,-9.191847538109869
5,z,28,"['z', 'z', 'x', 'z', 'z']",0.005,m1,0,1000000,519746,0,0,0,0.519746,0.0,148.42031714087352,56.3249523001723
5,z,29,"['x', 'x', 'z', 'z', 'z']",0.005,m1,0,1000000,246955,0,0,0,0.246955,0.0,277.03392921900377,-110.67449732217938
5,z,30,"['z', 'x', 'z', 'z', 'z']",0.005,m1,0,1000000,390390,0,0,0,0.39039,0.0,154.78961365716532,0.2999273566529155
5,z,31,"['x', 'z', 'z', 'z', 'z']",0.005,m1,0,1000000,292537,0,0,0,0.292537,0.0,156.0375125510618,-21.75651142699644
5,x,2,"['x', 'x', 'x', 'x', 'x']",0.001,m1,0,1000000,733204,0,0,0,0.733204,0.0,76.42003932502121,9.567489166278392
5,x,3,"['z', 'x', 'x', 'x', 'x']",0.001,m1,0,1000000,789273,0,0,0,0.789273,0.0,74.66489847470075,12.263026065193117
5,x,4,"['x', 'z', 'x', 'x', 'x']",0.001,m1,0,1000000,729945,0,0,0,0.729945,0.0,369.8803977118805,-93.79834626987576
5,x,5,"['z', 'z', 'x', 'x', 'x']",0.001,m1,0,1000000,849685,0,0,0,0.849685,0.0,59.97382446285337,7.233399227261543
5,x,6,"['x', 'x', 'z', 'x', 'x']",0.001,m1,0,1000000,726896,0,0,0,0.726896,0.0,259.30166907282546,51.105204300023615
5,x,7,"['z', 'x', 'z', 'x', 'x']",0.001,m1,0,1000000,785641,0,0,0,0.785641,0.0,257.1472719288431,67.93245466426015
5,x,8,"['x', 'z', 'z', 'x', 'x']",0.001,m1,0,1000000,739124,36,71,0,0.739124,4.870630638431628e-05,556.9899720088579,101.97882060427219
5,x,9,"['z', 'z', 'z', 'x', 'x']",0.001,m1,0,1000000,914662,0,0,0,0.914662,0.0,63.65359100885689,-10.782884088810533
5,x,10,"['x', 'x', 'x', 'z', 'x']",0.001,m1,0,1000000,724458,0,0,0,0.724458,0.0,550.9298164607026,-116.3458271897398
5,x,11,"['z', 'x', 'x', 'z', 'x']",0.001,m1,0,1000000,782590,0,0,0,0.78259,0.0,272.46842594537884,57.66977471252903
5,x,12,"['x', 'z', 'x', 'z', 'x']",0.001,m1,0,1000000,735575,51,102,0,0.735575,6.933351459736947e-05,266.03217255184427,47.0090676099062
5,x,13,"['z', 'z', 'x', 'z', 'x']",0.001,m1,0,1000000,846683,0,0,0,0.846683,0.0,261.38191495556384,215.71272249845788
5,x,14,"['x', 'x', 'z', 'z', 'x']",0.001,m1,0,1000000,735926,106,209,0,0.735926,0.00014403622103309477,402.560999027919,-86.43468060065061
5,x,15,"['z', 'x', 'z', 'z', 'x']",0.001,m1,0,1000000,797034,297,584,0,0.797034,0.00037263153140265626,266.8066963320598,59.27621567295864
5,x,16,"['x', 'z', 'z', 'z', 'x']",0.001,m1,0,1000000,751626,16910,32998,0,0.751626,0.022497891238461687,266.10915161203593,51.93312583817169
5,x,17,"['z', 'z', 'z', 'z', 'x']",0.001,m1,0,1000000,1000000,0,0,0,1.0,0.0,31.68823533738032,5.720148610882461
5,x,18,"['x', 'x', 'x', 'x', 'z']",0.001,m1,0,1000000,726249,0,0,0,0.726249,0.0,261.08155447337776,45.51994278980419
5,x,19,"['z', 'x', 'x', 'x', 'z']",0.001,m1,0,1000000,783528,0,0,0,0.783528,0.0,251.51515437988564,46.510395953431726
5,x,20,"['x', 'z', 'x', 'x', 'z']",0.001,m1,0,1000000,735594,77,154,0,0.735594,0.00010467730840657552,321.4468945460394,64.69037380022928
5,x,21,"['z', 'z', 'x', 'x', 'z']",0.001,m1,0,1000000,846501,0,0,0,0.846501,0.0,260.647603651043,71.801961844787
5,x,22,"['x', 'x', 'z', 'x', 'z']",0.001,m1,0,1000000,735299,122,244,0,0.735299,0.0001659188982985338,269.19373167399317,217.84266281314194
5,x,23,"['z', 'x', 'z', 'x', 'z']",0.001,m1,0,1000000,795822,268,531,0,0.795822,0.00033675872242788785,604.1331956139766,112.64233287377283
5,x,24,"['x', 'z', 'z', 'x', 'z']",0.001,m1,0,1000000,749246,17200,34104,0,0.749246,0.02295641217971134,272.7951395059936,37.14841387607157
5,x,25,"['z', 'z', 'z', 'x', 'z']",0.001,m1,0,1000000,929535,0,0,0,0.929535,0.0,257.42228792374954,79.24151362199336
5,x,26,"['x', 'x', 'x', 'z', 'z']",0.001,m1,0,1000000,738661,174,347,0,0.738661,0.00023556137389135756,254.10699431365356,50.94172206055373
5,x,27,"['z', 'x', 'x', 'z', 'z']",0.001,m1,0,1000000,798543,327,650,0,0.798543,0.0004094957942152311,274.7247456330806,48.01604703813791
5,x,28,"['x', 'z', 'x', 'z', 'z']",0.001,m1,0,1000000,751324,18340,36356,0,0.751324,0.02441024112100776,229.51347999786958,46.73936124611646
5,x,29,"['z', 'z', 'x', 'z', 'z']",0.001,m1,0,1000000,877426,680,1339,0,0.877426,0.0007749941305591479,615.6251990008168,124.55785677954555
5,x,30,"['x', 'x', 'z', 'z', 'z']",0.001,m1,0,1000000,753888,19795,38982,0,0.753888,0.026257215925973076,268.8816118668765,33.18734249705449
5,x,31,"['z', 'x', 'z', 'z', 'z']",0.001,m1,0,1000000,828173,27779,53626,0,0.828173,0.03354250863044317,262.23453068593517,69.0690019261092
5,z,2,"['z', 'x', 'x', 'x', 'x']",0.001,m1,0,1000000,789273,14652,28815,0,0.789273,0.018563918948196645,275.17846770212054,45.13896534591913
5,z,3,"['x', 'z', 'x', 'x', 'x']",0.001,m1,0,1000000,729945,7734,15344,0,0.729945,0.010595318825390998,554.2774710231461,106.84616988385096
5,z,4,"['z', 'z', 'x', 'x', 'x']",0.001,m1,0,1000000,849685,166,329,0,0.849685,0.0001953665181803066,295.7111430731602,39.62373428978026
5,z,5,"['x', 'x', 'z', 'x', 'x']",0.001,m1,0,1000000,726896,6284,12483,0,0.726896,0.008644978098655054,228.63955471711233,54.3630850110203
5,z,6,"['z', 'x', 'z', 'x', 'x']",0.001,m1,0,1000000,785641,50,99,0,0.785641,6.364229972721791e-05,271.87262483499944,75.31616224301979
5,z,7,"['x', 'z', 'z', 'x', 'x']",0.001,m1,0,1000000,739124,18,36,0,0.739124,2.435315319215814e-05,260.53979324689135,43.74571506911889
5,z,8,"['z', 'z', 'z', 'x', 'x']",0.001,m1,0,1000000,914662,0,0,0,0.914662,0.0,279.94672249117866,63.98769809585065
5,z,9,"['x', 'x', 'x', 'z', 'x']",0.001,m1,0,1000000,724458,5008,9805,0,0.724458,0.00691275408650327,259.0083667789586,49.83448584610596
5,z,10,"['z', 'x', 'x', 'z', 'x']",0.001,m1,0,1000000,782590,42,83,0,0.78259,5.3667948734292814e-05,279.5868877484463,35.298470759764314
5,z,11,"['x', 'z', 'x', 'z', 'x']",0.001,m1,0,1000000,735575,17,34,0,0.735575,2.3111171532419483e-05,554.3993707089685,93.86326485592872
5,z,12,"['z', 'z', 'x', 'z', 'x']",0.001,m1,0,1000000,846683,0,0,0,0.846683,0.0,260.7538588652387,93.12829610938206
5,z,13,"['x', 'x', 'z', 'z', 'x']",0.001,m1,0,1000000,735926,20,40,0,0.735926,2.7176645477910988e-05,241.05598078109324,51.94297990994528
5,z,14,"['z', 'x', 'z', 'z', 'x']",0.001,m1,0,1000000,797034,0,0,0,0.797034,0.0,263.4704882740043,68.9692397871986
5,z,15,"['x', 'z', 'z', 'z', 'x']",0.001,m1,0,1000000,751626,0,0,0,0.751626,0.0,268.61437254492193,20.600773280486465
5,z,16,"['z', 'z', 'z', 'z', 'x']",0.001,m1,0,1000000,1000000,0,0,0,1.0,0.0,24.74817655980587,2.8604184142313898
5,z,17,"['x', 'x', 'x', 'x', 'z']",0.001,m1,0,1000000,726249,4459,8120,0,0.726249,0.006139767490213388,253.90094529185444,42.09518014034256
5,z,18,"['z', 'x', 'x', 'x', 'z']",0.001,m1,0,1000000,783528,111,220,0,0.783528,0.00014166692192241204,275.7246283260174,46.5644575310871
5,z,19,"['x', 'z', 'x', 'x', 'z']",0.001,m1,0,1000000,735594,22,44,0,0.735594,2.990780240186286e-05,551.8776939371601,-128.68872858723626
5,z,20,"['z', 'z', 'x', 'x', 'z']",0.001,m1,0,1000000,846501,0,0,0,0.846501,0.0,265.92926612496376,56.01549139805138
5,z,21,"['x', 'x', 'z', 'x', 'z']",0.001,m1,0,1000000,735299,8,15,0,0.735299,1.0879927757279084e-05,549.3515806980431,-233.45647023012862
5,z,22,"['z', 'x', 'z', 'x', 'z']",0.001,m1,0,1000000,795822,0,0,0,0.795822,0.0,266.71709510311484,37.83732624584809
5,z,23,"['x', 'z', 'z', 'x', 'z']",0.001,m1,0,1000000,749246,0,0,0,0.749246,0.0,257.8125891168602,40.57215668493882
5,z,24,"['z', 'z', 'z', 'x', 'z']",0.001,m1,0,1000000,929535,0,0,0,0.929535,0.0,36.044064028188586,4.388628389686346
5,z,25,"['x', 'x', 'x', 'z', 'z']",0.001,m1,0,1000000,738661,5,10,0,0.738661,6.769004996853845e-06,268.04160132072866,24.192757586482912
5,z,26,"['z', 'x', 'x', 'z', 'z']",0.001,m1,0,1000000,798543,0,0,0,0.798543,0.0,275.31761284312233,18.211291269864887
5,z,27,"['x', 'z', 'x', 'z', 'z']",0.001,m1,0,1000000,751324,0,0,0,0.751324,0.0,254.05357307288796,5.460496518295258
5,z,28,"['z', 'z', 'x', 'z', 'z']",0.001,m1,0,1000000,877426,0,0,0,0.877426,0.0,50.538926435634494,6.0479642590507865
5,z,29,"['x', 'x', 'z', 'z', 'z']",0.001,m1,0,1000000,753888,0,0,0,0.753888,0.0,250.0655538882129,-44.23684807587415
5,z,30,"['z', 'x', 'z', 'z', 'z']",0.001,m1,0,1000000,828173,0,0,0,0.828173,0.0,61.13968490622938,1.867369798477739
5,z,31,"['x', 'z', 'z', 'z', 'z']",0.001,m1,0,1000000,781904,0,0,0,0.781904,0.0,71.26592282112688,-3.0148934782482684
5,x,2,"['x', 'x', 'x', 'x', 'x']",0.0005,m1,0,1000000,856169,0,0,0,0.856169,0.0,59.24253851175308,-7.7659069686196744
5,x,3,"['z', 'x', 'x', 'x', 'x']",0.0005,m1,0,1000000,888285,0,0,0,0.888285,0.0,45.41525973426178,10.492089450825006
5,x,4,"['x', 'z', 'x', 'x', 'x']",0.0005,m1,0,1000000,854312,0,0,0,0.854312,0.0,250.9510172479786,57.0266174771823
5,x,5,"['z', 'z', 'x', 'x', 'x']",0.0005,m1,0,1000000,921752,0,0,0,0.921752,0.0,42.96279744524509,4.433372949715704
5,x,6,"['x', 'x', 'z', 'x', 'x']",0.0005,m1,0,1000000,852439,0,0,0,0.852439,0.0,252.53183404402807,58.899881860706955
5,x,7,"['z', 'x', 'z', 'x', 'x']",0.0005,m1,0,1000000,886461,0,0,0,0.886461,0.0,273.24007863085717,61.69463538331911
5,x,8,"['x', 'z', 'z', 'x', 'x']",0.0005,m1,0,1000000,859435,10,21,0,0.859435,1.1635551263378119e-05,576.645219956059,121.00293272500858
5,x,9,"['z', 'z', 'z', 'x', 'x']",0.0005,m1,0,1000000,956256,0,0,0,0.956256,0.0,78.44612425100058,11.175802780780941
5,x,10,"['x', 'x', 'x', 'z', 'x']",0.0005,m1,0,1000000,851082,0,0,0,0.851082,0.0,263.74312164774165,59.834784562233835
5,x,11,"['z', 'x', 'x', 'z', 'x']",0.0005,m1,0,1000000,884718,0,0,0,0.884718,0.0,610.5016936860047,-262.4291865490377
5,x,12,"['x', 'z', 'x', 'z', 'x']",0.0005,m1,0,1000000,857947,15,30,0,0.857947,1.7483597471668055e-05,259.7518293070607,66.70614529307932
5,x,13,"['z', 'z', 'x', 'z', 'x']",0.0005,m1,0,1000000,920050,0,0,0,0.92005,0.0,277.4634148348123,59.352941466495395
5,x,14,"['x', 'x', 'z', 'z', 'x']",0.0005,m1,0,1000000,857688,30,61,0,0.857688,3.4977754148401985e-05,265.7230238248594,51.03860748000443
5,x,15,"['z', 'x', 'z', 'z', 'x']",0.0005,m1,0,1000000,892236,68,136,0,0.892236,7.621301987370543e-05,616.8996320720762,-282.32696636626497
5,x,16,"['x', 'z', 'z', 'z', 'x']",0.0005,m1,0,1000000,865627,9204,18185,0,0.865627,0.010632755216738898,513.7767369896173,142.14084879448637
5,x,17,"['z', 'z', 'z', 'z', 'x']",0.0005,m1,0,1000000,1000000,0,0,0,1.0,0.0,23.276741995010525,5.453854137100279
5,x,18,"['x', 'x', 'x', 'x', 'z']",0.0005,m1,0,1000000,851743,0,0,0,0.851743,0.0,242.92011058703065,46.206872907001525
5,x,19,"['z', 'x', 'x', 'x', 'z']",0.0005,m1,0,1000000,884901,0,0,0,0.884901,0.0,278.9784391662106,47.3594332667999
5,x,20,"['x', 'z', 'x', 'x', 'z']",0.0005,m1,0,1000000,857708,24,47,0,0.857708,2.7981550830835644e-05,241.66705026989803,96.26485242508352
5,x,21,"['z', 'z', 'x', 'x', 'z']",0.0005,m1,0,1000000,919822,0,0,0,0.919822,0.0,273.15099025703967,95.95704028010368
5,x,22,"['x', 'x', 'z', 'x', 'z']",0.0005,m1,0,1000000,857520,30,60,0,0.85752,3.4984606772980875e-05,489.8320787772536,202.88476980477571
5,x,23,"['z', 'x', 'z', 'x', 'z']",0.0005,m1,0,1000000,892157,64,127,0,0.892157,7.173625269996098e-05,263.3127212058753,66.9937454611063
5,x,24,"['x', 'z', 'z', 'x', 'z']",0.0005,m1,0,1000000,864947,9730,19365,0,0.864947,0.011249244173342388,276.86343555385247,50.08264763886109
5,x,25,"['z', 'z', 'z', 'x', 'z']",0.0005,m1,0,1000000,964064,0,0,0,0.964064,0.0,266.852319939062,62.41643384564668
5,x,26,"['x', 'x', 'x', 'z', 'z']",0.0005,m1,0,1000000,859559,53,106,0,0.859559,6.165952540782005e-05,254.26022884901613,82.32193349581212
5,x,27,"['z', 'x', 'x', 'z', 'z']",0.0005,m1,0,1000000,893642,77,154,0,0.893642,8.616425817054019e-05,261.87547985464334,65.00644353730604
5,x,28,"['x', 'z', 'x', 'z', 'z']",0.0005,m1,0,1000000,866689,10598,21115,0,0.866689,0.012228146428534314,245.7216879138723,70.10285582719371
5,x,29,"['z', 'z', 'x', 'z', 'z']",0.0005,m1,0,1000000,936736,194,386,0,0.936736,0.00020710210774432802,287.75596367334947,55.19497397169471
5,x,30,"['x', 'x', 'z', 'z', 'z']",0.0005,m1,0,1000000,868340,11411,22662,0,0.86834,0.013141165902756935,278.72310611698776,12.347685593180358
5,x,31,"['z', 'x', 'z', 'z', 'z']",0.0005,m1,0,1000000,910106,15631,30732,0,0.910106,0.017174922481557053,616.5054869470187,128.8084907461889
5,z,2,"['z', 'x', 'x', 'x', 'x']",0.0005,m1,0,1000000,888285,8140,16137,0,0.888285,0.009163725606083584,280.6356367650442,62.2319349469617
5,z,3,"['x', 'z', 'x', 'x', 'x']",0.0005,m1,0,1000000,854312,4556,9074,0,0.854312,0.0053329462772382374,575.1069159149192,121.62919032201171
5,z,4,"['z', 'z', 'x', 'x', 'x']",0.0005,m1,0,1000000,921752,54,107,0,0.921752,5.858408769388035e-05,272.749023898039,66.96423277491704
5,z,5,"['x', 'x', 'z', 'x', 'x']",0.0005,m1,0,1000000,852439,3672,7305,0,0.852439,0.004307639608229996,275.3032539449632,37.25989401014522
5,z,6,"['z', 'x', 'z', 'x', 'x']",0.0005,m1,0,1000000,886461,10,20,0,0.886461,1.1280812128200424e-05,279.5520708798431,48.27867950685322
5,z,7,"['x', 'z', 'z', 'x', 'x']",0.0005,m1,0,1000000,859435,6,11,0,0.859435,6.981330758049076e-06,246.71831492194906,80.11561031732708
5,z,8,"['z', 'z', 'z', 'x', 'x']",0.0005,m1,0,1000000,956256,0,0,0,0.956256,0.0,617.279851378873,128.98651050636545
5,z,9,"['x', 'x', 'x', 'z', 'x']",0.0005,m1,0,1000000,851082,2896,5727,0,0.851082,0.003402727351771051,269.5458761411719,51.19756027171388
5,z,10,"['z', 'x', 'x', 'z', 'x']",0.0005,m1,0,1000000,884718,18,36,0,0.884718,2.0345466012927638e-05,262.6303851651028,65.9254467478022
5,z,11,"['x', 'z', 'x', 'z', 'x']",0.0005,m1,0,1000000,857947,4,9,0,0.857947,4.6622926590522695e-06,266.37366855191067,50.82785366894677
5,z,12,"['z', 'z', 'x', 'z', 'x']",0.0005,m1,0,1000000,920050,0,0,0,0.92005,0.0,276.18951439717785,59.58503464469686
5,z,13,"['x', 'x', 'z', 'z', 'x']",0.0005,m1,0,1000000,857688,4,8,0,0.857688,4.663700553075856e-06,260.1626408556476,36.15075397724286
5,z,14,"['z', 'x', 'z', 'z', 'x']",0.0005,m1,0,1000000,892236,0,0,0,0.892236,0.0,256.793121533934,74.43806999595836
5,z,15,"['x', 'z', 'z', 'z', 'x']",0.0005,m1,0,1000000,865627,0,0,0,0.865627,0.0,275.84183129807934,46.234261631034315
5,z,16,"['z', 'z', 'z', 'z', 'x']",0.0005,m1,0,1000000,1000000,0,0,0,1.0,0.0,22.77912126481533,3.0448343213647604
5,z,17,"['x', 'x', 'x', 'x', 'z']",0.0005,m1,0,1000000,851743,2239,4238,0,0.851743,0.002628727209968318,273.7253413312137,62.42535561090335
5,z,18,"['z', 'x', 'x', 'x', 'z']",0.0005,m1,0,1000000,884901,26,52,0,0.884901,2.9381817853058045e-05,271.71066811913624,46.85243332479149
5,z,19,"['x', 'z', 'x', 'x', 'z']",0.0005,m1,0,1000000,857708,10,21,0,0.857708,1.1658979512829681e-05,572.989657131955,-159.78401952097192
5,z,20,"['z', 'z', 'x', 'x', 'z']",0.0005,m1,0,1000000,919822,0,0,0,0.919822,0.0,255.4900405611843,60.414762237574905
5,z,21,"['x', 'x', 'z', 'x', 'z']",0.0005,m1,0,1000000,857520,4,7,0,0.85752,4.664614236427056e-06,273.12655390705913,53.72295060334727
5,z,22,"['z', 'x', 'z', 'x', 'z']",0.0005,m1,0,1000000,892157,0,0,0,0.892157,0.0,338.68955188803375,58.28475290397182
5,z,23,"['x', 'z', 'z', 'x', 'z']",0.0005,m1,0,1000000,864947,0,0,0,0.864947,0.0,271.78982887696475,52.54852820467204
5,z,24,"['z', 'z', 'z', 'x', 'z']",0.0005,m1,0,1000000,964064,0,0,0,0.964064,0.0,28.235098937060684,4.018857338000089
5,z,25,"['x', 'x', 'x', 'z', 'z']",0.0005,m1,0,1000000,859559,2,4,0,0.859559,2.326774543703891e-06,345.99977512983605,-40.140375970862806
5,z,26,"['z', 'x', 'x', 'z', 'z']",0.0005,m1,0,1000000,893642,0,0,0,0.893642,0.0,281.46999596292153,39.69675638806075
5,z,27,"['x', 'z', 'x', 'z', 'z']",0.0005,m1,0,1000000,866689,0,0,0,0.866689,0.0,255.0219739638269,35.07701496593654
5,z,28,"['z', 'z', 'x', 'z', 'z']",0.0005,m1,0,1000000,936736,0,0,0,0.936736,0.0,32.372412586119026,4.52449286589399
5,z,29,"['x', 'x', 'z', 'z', 'z']",0.0005,m1,0,1000000,868340,0,0,0,0.86834,0.0,257.1667759283446,5.049801186658442
5,z,30,"['z', 'x', 'z', 'z', 'z']",0.0005,m1,0,1000000,910106,0,0,0,0.910106,0.0,90.3962964671664,8.851894565857947
5,z,31,"['x', 'z', 'z', 'z', 'z']",0.0005,m1,0,1000000,884435,0,0,0,0.884435,0.0,38.87500389572233,6.106480176560581
5,x,2,"['x', 'x', 'x', 'x', 'x']",0.0001,m1,0,1000000,969385,0,0,0,0.969385,0.0,26.04074869118631,5.578607175964862
5,x,3,"['z', 'x', 'x', 'x', 'x']",0.0001,m1,0,1000000,976683,0,0,0,0.976683,0.0,24.393590963911265,7.499273664318025
5,x,4,"['x', 'z', 'x', 'x', 'x']",0.0001,m1,0,1000000,969081,0,0,0,0.969081,0.0,271.6985821593553,88.00700359372422
5,x,5,"['z', 'z', 'x', 'x', 'x']",0.0001,m1,0,1000000,983844,0,0,0,0.983844,0.0,22.587774803861976,4.454482635483146
5,x,6,"['x', 'x', 'z', 'x', 'x']",0.0001,m1,0,1000000,968639,0,0,0,0.968639,0.0,268.8346637105569,145.05769602861255
5,x,7,"['z', 'x', 'z', 'x', 'x']",0.0001,m1,0,1000000,976147,0,0,0,0.976147,0.0,622.4430407998152,132.1149027282372
5,x,8,"['x', 'z', 'z', 'x', 'x']",0.0001,m1,0,1000000,970171,0,1,0,0.970171,0.0,271.30322677083313,60.430886736139655
5,x,9,"['z', 'z', 'z', 'x', 'x']",0.0001,m1,0,1000000,990983,0,0,0,0.990983,0.0,48.25945885712281,9.088586420752108
5,x,10,"['x', 'x', 'x', 'z', 'x']",0.0001,m1,0,1000000,968330,0,0,0,0.96833,0.0,331.4847266213037,-20.00321633229032
5,x,11,"['z', 'x', 'x', 'z', 'x']",0.0001,m1,0,1000000,975699,0,0,0,0.975699,0.0,273.0663858749904,66.54346441384405
5,x,12,"['x', 'z', 'x', 'z', 'x']",0.0001,m1,0,1000000,969682,0,0,0,0.969682,0.0,250.17062648013234,75.8081952012144
5,x,13,"['z', 'z', 'x', 'z', 'x']",0.0001,m1,0,1000000,983299,0,0,0,0.983299,0.0,480.0371835529804,-140.2363241650164
5,x,14,"['x', 'x', 'z', 'z', 'x']",0.0001,m1,0,1000000,969685,1,2,0,0.969685,1.031262729656035e-06,536.8615140998736,191.3367890729569
5,x,15,"['z', 'x', 'z', 'z', 'x']",0.0001,m1,0,1000000,977407,3,6,0,0.977407,3.0693457280239755e-06,266.87135270703584,203.21839283779263
5,x,16,"['x', 'z', 'z', 'z', 'x']",0.0001,m1,0,1000000,971569,2010,4005,0,0.971569,0.0020688185810786575,271.7832347648218,55.661773019470274
5,x,17,"['z', 'z', 'z', 'z', 'x']",0.0001,m1,0,1000000,1000000,0,0,0,1.0,0.0,17.80833821417764,8.256220242474228
5,x,18,"['x', 'x', 'x', 'x', 'z']",0.0001,m1,0,1000000,968356,0,0,0,0.968356,0.0,254.83873136574402,87.08024441450834
5,x,19,"['z', 'x', 'x', 'x', 'z']",0.0001,m1,0,1000000,975784,0,0,0,0.975784,0.0,274.82209462299943,57.16431129723787
5,x,20,"['x', 'z', 'x', 'x', 'z']",0.0001,m1,0,1000000,969772,0,1,0,0.969772,0.0,268.54609831236303,62.367461218032986
5,x,21,"['z', 'z', 'x', 'x', 'z']",0.0001,m1,0,1000000,983268,0,0,0,0.983268,0.0,280.8070120951161,63.18032745271921
5,x,22,"['x', 'x', 'z', 'x', 'z']",0.0001,m1,0,1000000,969607,1,2,0,0.969607,1.031345689517238e-06,271.2889134408906,45.34098278917372
5,x,23,"['z', 'x', 'z', 'x', 'z']",0.0001,m1,0,1000000,977288,5,10,0,0.977288,5.116199114252318e-06,321.75299992086366,9.526559616904706
5,x,24,"['x', 'z', 'z', 'x', 'z']",0.0001,m1,0,1000000,971419,2197,4392,0,0.971419,0.0022616399308640345,550.0651841419749,180.21969405096024
5,x,25,"['z', 'z', 'z', 'x', 'z']",0.0001,m1,0,1000000,992652,0,0,0,0.992652,0.0,276.26616085041314,59.430476766545326
5,x,26,"['x', 'x', 'x', 'z', 'z']",0.0001,m1,0,1000000,970282,2,5,0,0.970282,2.0612564182176385e-06,257.25930990697816,45.79089756729081
5,x,27,"['z', 'x', 'x', 'z', 'z']",0.0001,m1,0,1000000,977691,4,7,0,0.977691,4.0912721913644035e-06,295.24171561328694,49.05588325159624
5,x,28,"['x', 'z', 'x', 'z', 'z']",0.0001,m1,0,1000000,971684,2384,4763,0,0.971684,0.0024534725281057934,264.16096082376316,71.40800910815597
5,x,29,"['z', 'z', 'x', 'z', 'z']",0.0001,m1,0,1000000,986928,6,12,0,0.986928,6.079470842856871e-06,288.61119912797585,56.54978380119428
5,x,30,"['x', 'x', 'z', 'z', 'z']",0.0001,m1,0,1000000,972070,2614,5225,0,0.97207,0.002689106751571413,262.67239237204194,78.00079525029287
5,x,31,"['z', 'x', 'z', 'z', 'z']",0.0001,m1,0,1000000,981394,3376,6730,0,0.981394,0.003440004727968571,622.3511670050211,137.87750666681677
5,z,2,"['z', 'x', 'x', 'x', 'x']",0.0001,m1,0,1000000,976683,1830,3657,0,0.976683,0.0018736888017913955,622.0403741039336,136.90491591393948
5,z,3,"['x', 'z', 'x', 'x', 'x']",0.0001,m1,0,1000000,969081,1048,2097,0,0.969081,0.0010814369490269593,291.00458852387965,20.436636054888368
5,z,4,"['z', 'z', 'x', 'x', 'x']",0.0001,m1,0,1000000,983844,2,3,0,0.983844,2.032842605137475e-06,279.0528933410533,71.22788437781855
5,z,5,"['x', 'x', 'z', 'x', 'x']",0.0001,m1,0,1000000,968639,856,1709,0,0.968639,0.0008837141597644038,276.1525926939212,49.1578677832149
5,z,6,"['z', 'x', 'z', 'x', 'x']",0.0001,m1,0,1000000,976147,1,2,0,0.976147,1.024435868801632e-06,267.84577113296837,74.05017432989553
5,z,7,"['x', 'z', 'z', 'x', 'x']",0.0001,m1,0,1000000,970171,0,0,0,0.970171,0.0,299.38159423461184,39.3363676071167
5,z,8,"['z', 'z', 'z', 'x', 'x']",0.0001,m1,0,1000000,990983,0,0,0,0.990983,0.0,269.03309218306094,83.38358210679144
5,z,9,"['x', 'x', 'x', 'z', 'x']",0.0001,m1,0,1000000,968330,612,1222,0,0.96833,0.0006320159449774154,254.63355200039223,66.01212408952415
5,z,10,"['z', 'x', 'x', 'z', 'x']",0.0001,m1,0,1000000,975699,0,0,0,0.975699,0.0,279.5996131133288,58.0706324246712
5,z,11,"['x', 'z', 'x', 'z', 'x']",0.0001,m1,0,1000000,969682,0,0,0,0.969682,0.0,589.2652530670166,-5.176791375968605
5,z,12,"['z', 'z', 'x', 'z', 'x']",0.0001,m1,0,1000000,983299,0,0,0,0.983299,0.0,271.15924952179193,71.33094579307362
5,z,13,"['x', 'x', 'z', 'z', 'x']",0.0001,m1,0,1000000,969685,0,0,0,0.969685,0.0,290.2791526345536,58.899042829405516
5,z,14,"['z', 'x', 'z', 'z', 'x']",0.0001,m1,0,1000000,977407,0,0,0,0.977407,0.0,270.58500465378165,68.78063779417425
5,z,15,"['x', 'z', 'z', 'z', 'x']",0.0001,m1,0,1000000,971569,0,0,0,0.971569,0.0,244.37386995228007,74.17277887929231
5,z,16,"['z', 'z', 'z', 'z', 'x']",0.0001,m1,0,1000000,1000000,0,0,0,1.0,0.0,19.216665047686547,2.3356033600866795
5,z,17,"['x', 'x', 'x', 'x', 'z']",0.0001,m1,0,1000000,968356,424,843,0,0.968356,0.0004378554994237671,281.7973612928763,47.3153863362968
5,z,18,"['z', 'x', 'x', 'x', 'z']",0.0001,m1,0,1000000,975784,0,1,0,0.975784,0.0,291.76596765825525,64.6386708826758
5,z,19,"['x', 'z', 'x', 'x', 'z']",0.0001,m1,0,1000000,969772,0,0,0,0.969772,0.0,589.1417570407502,-206.2210058188066
5,z,20,"['z', 'z', 'x', 'x', 'z']",0.0001,m1,0,1000000,983268,0,0,0,0.983268,0.0,266.55654251901433,49.25141940405592
5,z,21,"['x', 'x', 'z', 'x', 'z']",0.0001,m1,0,1000000,969607,0,0,0,0.969607,0.0,587.190295395907,-151.28769549774006
5,z,22,"['z', 'x', 'z', 'x', 'z']",0.0001,m1,0,1000000,977288,0,0,0,0.977288,0.0,273.9583495268598,50.57883627479896
5,z,23,"['x', 'z', 'z', 'x', 'z']",0.0001,m1,0,1000000,971419,0,0,0,0.971419,0.0,283.4938177932054,46.867674314882606
5,z,24,"['z', 'z', 'z', 'x', 'z']",0.0001,m1,0,1000000,992652,0,0,0,0.992652,0.0,20.17636610288173,2.310426304116845
5,z,25,"['x', 'x', 'x', 'z', 'z']",0.0001,m1,0,1000000,970282,0,1,0,0.970282,0.0,289.5518371653743,8.928920154459774
5,z,26,"['z', 'x', 'x', 'z', 'z']",0.0001,m1,0,1000000,977691,0,0,0,0.977691,0.0,271.67177641997114,46.4443931938149
5,z,27,"['x', 'z', 'x', 'z', 'z']",0.0001,m1,0,1000000,971684,0,0,0,0.971684,0.0,360.6345089417882,-78.93912336975336
5,z,28,"['z', 'z', 'x', 'z', 'z']",0.0001,m1,0,1000000,986928,0,0,0,0.986928,0.0,19.986418297048658,3.8953402945771813
5,z,29,"['x', 'x', 'z', 'z', 'z']",0.0001,m1,0,1000000,972070,0,0,0,0.97207,0.0,269.5799655900337,13.432890817057341
5,z,30,"['z', 'x', 'z', 'z', 'z']",0.0001,m1,0,1000000,981394,0,0,0,0.981394,0.0,21.164578365162015,3.9440819416195154
5,z,31,"['x', 'z', 'z', 'z', 'z']",0.0001,m1,0,1000000,975848,0,0,0,0.975848,0.0,23.289219737052917,5.061718390788883
3,x,2,"['x', 'x', 'x']",0.01,normal,0,10000000,6052339,6643,12904,0,0.6052339,0.0010975921870867156,6.394990741275251,0.4775634245015681
3,x,3,"['z', 'x', 'x']",0.01,normal,0,10000000,7397658,30464,56727,0,0.7397658,0.004118060067118567,2.4080207641236484,0.247637583874166
3,x,4,"['x', 'z', 'x']",0.01,normal,0,10000000,6001287,428410,752950,0,0.6001287,0.07138635429367068,15.902421900071204,-2.3026430243626237
3,x,5,"['z', 'z', 'x']",0.01,normal,0,10000000,10000000,95485,176438,0,1.0,0.00954849999999996,0.24726096540689468,0.08437160262838006
3,x,6,"['x', 'x', 'z']",0.01,normal,0,10000000,5925801,387826,717241,0,0.5925801,0.0654470172049314,25.281134711112827,-2.3623154871165752
3,x,7,"['z', 'x', 'z']",0.01,normal,0,10000000,7929352,875716,1558829,0,0.7929352,0.11043979381921754,3.8670844240114093,1.2532813320867717
3,z,2,"['z', 'x', 'x']",0.01,normal,0,10000000,7397658,450302,845091,0,0.7397658,0.06087088643459859,9.510207945946604,-5.3284475496038795
3,z,3,"['x', 'z', 'x']",0.01,normal,0,10000000,6001287,155523,283514,0,0.6001287,0.025914941245102963,24.363144950941205,-4.9426469136960804
3,z,4,"['z', 'z', 'x']",0.01,normal,0,10000000,10000000,26554,51035,0,1.0,0.0026553999999999744,0.5352182667702436,0.13944903621450067
3,z,5,"['x', 'x', 'z']",0.01,normal,0,10000000,5925801,150167,234510,0,0.5925801,0.025341215474498746,11.165668699890375,-0.9759609568864107
3,z,6,"['z', 'x', 'z']",0.01,normal,0,10000000,7929352,11556,22452,0,0.7929352,0.0014573700347770835,1.4963135421276093,0.1404591267928481
3,z,7,"['x', 'z', 'z']",0.01,normal,0,10000000,6800772,940,1822,0,0.6800772,0.000138219602127565,5.644612813834101,-1.8957628589123487
3,x,2,"['x', 'x', 'x']",0.005,normal,0,10000000,7765162,2091,4142,0,0.7765162,0.00026927963640677177,3.3641421371139586,0.4809751911088824
3,x,3,"['z', 'x', 'x']",0.005,normal,0,10000000,8549953,8419,16262,0,0.8549953,0.0009846837754546867,1.6354002547450364,0.1731940540485084
3,x,4,"['x', 'z', 'x']",0.005,normal,0,10000000,7629482,235596,436948,0,0.7629482,0.03087968488555315,10.438489967025816,-1.6031637112610042
3,x,5,"['z', 'z', 'x']",0.005,normal,0,10000000,10000000,25647,49270,0,1.0,0.0025646999999999753,0.2164701223373413,0.06818254571408033
3,x,6,"['x', 'x', 'z']",0.005,normal,0,10000000,7604423,231964,445455,0,0.7604423,0.03050382652306427,19.211583122145385,-2.712133639957756
3,x,7,"['z', 'x', 'z']",0.005,normal,0,10000000,8874487,513162,967287,0,0.8874487,0.057824412836482875,7.673024875577539,-3.9994708197191358
3,z,2,"['z', 'x', 'x']",0.005,normal,0,10000000,8549953,261503,507266,0,0.8549953,0.030585314328628432,5.687812723219395,-1.9104306399822235
3,z,3,"['x', 'z', 'x']",0.005,normal,0,10000000,7629482,79700,151259,0,0.7629482,0.010446318636048946,16.286062893923372,-1.4373036581091583
3,z,4,"['z', 'z', 'x']",0.005,normal,0,10000000,10000000,6810,13330,0,1.0,0.0006810000000000427,0.4407644486054778,0.13117303047329187
3,z,5,"['x', 'x', 'z']",0.005,normal,0,10000000,7604423,68433,116464,0,0.7604423,0.008999104863051444,7.439939386211336,-0.39515027636662126
3,z,6,"['z', 'x', 'z']",0.005,normal,0,10000000,8874487,3101,6124,0,0.8874487,0.00034942864866438494,0.9908439326100051,0.0994452084414661
3,z,7,"['x', 'z', 'z']",0.005,normal,0,10000000,8238062,248,492,0,0.8238062,3.0104167703548512e-05,3.1386255281977355,-1.0828648181632161
3,x,2,"['x', 'x', 'x']",0.001,normal,0,10000000,9504446,86,171,0,0.9504446,9.048396929167701e-06,0.7825761190615594,0.03853962989524007
3,x,3,"['z', 'x', 'x']",0.001,normal,0,10000000,9682212,358,713,0,0.9682212,3.6975021823537624e-05,0.5501386867836118,0.08827898884192109
3,x,4,"['x', 'z', 'x']",0.001,normal,0,10000000,9451004,49802,97876,0,0.9451004,0.005269493061266339,4.061719281133264,-0.09135750215500593
3,x,5,"['z', 'z', 'x']",0.001,normal,0,10000000,10000000,1072,2132,0,1.0,0.00010719999999997398,0.15042920503765345,0.05219950620085001
3,x,6,"['x', 'x', 'z']",0.001,normal,0,10000000,9449715,53626,106365,0,0.9449715,0.005674880141887884,9.469210817012936,-0.47282172413542867
3,x,7,"['z', 'x', 'z']",0.001,normal,0,10000000,9759556,117267,231788,0,0.9759556,0.012015608087089236,1.980231910943985,0.26398409390822053
3,z,2,"['z', 'x', 'x']",0.001,normal,0,10000000,9682212,59026,117397,0,0.9682212,0.0060963341847916075,3.105388500727713,-0.9502717279829085
3,z,3,"['x', 'z', 'x']",0.001,normal,0,10000000,9451004,16059,31812,0,0.9451004,0.0016991845522443816,8.598280441015959,-1.279147199820727
3,z,4,"['z', 'z', 'x']",0.001,normal,0,10000000,10000000,262,522,0,1.0,2.6199999999976242e-05,0.26401700312271714,0.06894893012940884
3,z,5,"['x', 'x', 'z']",0.001,normal,0,10000000,9449715,11408,21776,0,0.9449715,0.0012072321757852222,3.377238060347736,-0.2882581171579659
3,z,6,"['z', 'x', 'z']",0.001,normal,0,10000000,9759556,142,285,0,0.9759556,1.4549842226374565e-05,0.37486950075253844,0.06920216837897897
3,z,7,"['x', 'z', 'z']",0.001,normal,0,10000000,9618019,10,21,0,0.9618019,1.039715142980846e-06,0.9103463278152049,-0.34740513982251287
3,x,2,"['x', 'x', 'x']",0.0005,normal,0,10000000,9748302,27,54,0,0.9748302,2.7697131254056373e-06,0.4641323168762028,0.04594666510820389
3,x,3,"['z', 'x', 'x']",0.0005,normal,0,10000000,9839215,82,162,0,0.9839215,8.333998189891112e-06,0.3559163250029087,0.060376472771167755
3,x,4,"['x', 'z', 'x']",0.0005,normal,0,10000000,9719909,25063,49702,0,0.9719909,0.0025785220828713484,3.590945277828723,-0.35469068959355354
3,x,5,"['z', 'z', 'x']",0.0005,normal,0,10000000,10000000,274,548,0,1.0,2.740000000001075e-05,0.10678281914442778,0.038436477072536945
3,x,6,"['x', 'x', 'z']",0.0005,normal,0,10000000,9719846,27395,54570,0,0.9719846,0.002818460292477898,7.049343592021614,-0.5906589939258993
3,x,7,"['z', 'x', 'z']",0.0005,normal,0,10000000,9878370,59699,118642,0,0.987837,0.006043405946527636,1.8360182782635093,0.19044405687600374
3,z,2,"['z', 'x', 'x']",0.0005,normal,0,10000000,9839215,30054,59929,0,0.9839215,0.003054511970721263,2.5052152378484607,-0.5613740161061287
3,z,3,"['x', 'z', 'x']",0.0005,normal,0,10000000,9719909,8000,15907,0,0.9719909,0.0008230529730267611,5.96070779627189,-0.8855710495263338
3,z,4,"['z', 'z', 'x']",0.0005,normal,0,10000000,10000000,68,137,0,1.0,6.799999999973494e-06,0.2117180833593011,0.059861921705305576
3,z,5,"['x', 'x', 'z']",0.0005,normal,0,10000000,9719846,5476,10705,0,0.9719846,0.0005633834116302028,2.4114570491947234,0.051176289562135935
3,z,6,"['z', 'x', 'z']",0.0005,normal,0,10000000,9878370,30,60,0,0.987837,3.0369382802986067e-06,0.288540817797184,0.05786706926301122
3,z,7,"['x', 'z', 'z']",0.0005,normal,0,10000000,9806929,1,2,0,0.9806929,1.0196872024526016e-07,0.5899511869065464,-0.1764199398458004
3,x,2,"['x', 'x', 'x']",0.0001,normal,0,10000000,9949045,1,2,0,0.9949045,1.0051215970641181e-07,0.4125484577380121,0.09381438884884119
3,x,3,"['z', 'x', 'x']",0.0001,normal,0,10000000,9967526,2,5,0,0.9967526,2.0065159600513027e-07,0.26571544585749507,0.05182839231565595
3,x,4,"['x', 'z', 'x']",0.0001,normal,0,10000000,9943315,5006,9987,0,0.9943315,0.0005034538280241918,1.7565936031751335,0.11790799302980304
3,x,5,"['z', 'z', 'x']",0.0001,normal,0,10000000,10000000,10,19,0,1.0,1.0000000000287557e-06,0.07961033610627055,0.02924593212082982
3,x,6,"['x', 'x', 'z']",0.0001,normal,0,10000000,9943051,5490,10977,0,0.9943051,0.0005521444071844295,2.908580866176635,-0.17406078148633242
3,x,7,"['z', 'x', 'z']",0.0001,normal,0,10000000,9975583,12100,24170,0,0.9975583,0.0012129616885548922,1.8230326538905501,-0.22225471772253513
3,z,2,"['z', 'x', 'x']",0.0001,normal,0,10000000,9967526,6118,12228,0,0.9967526,0.0006137932321420569,1.419864794705063,0.07263066433370113
3,z,3,"['x', 'z', 'x']",0.0001,normal,0,10000000,9943315,1640,3277,0,0.9943315,0.00016493493367153444,3.099586515687406,-0.820364651735872
3,z,4,"['z', 'z', 'x']",0.0001,normal,0,10000000,10000000,3,6,0,1.0,2.9999999995311555e-07,0.19410123769193888,0.0548171941190958
3,z,5,"['x', 'x', 'z']",0.0001,normal,0,10000000,9943051,1066,2120,0,0.9943051,0.0001072105533804768,1.542324366979301,-0.11299054697155952
3,z,6,"['z', 'x', 'z']",0.0001,normal,0,10000000,9975583,2,3,0,0.9975583,2.004895353069358e-07,0.2180467820726335,0.035381732508540154
3,z,7,"['x', 'z', 'z']",0.0001,normal,0,10000000,9961088,0,0,0,0.9961088,0.0,0.41394722973927855,-0.11365427682176232
3,x,2,"['x', 'x', 'x']",0.01,m1,0,10000000,6678822,7107,13918,0,0.6678822,0.0010641098085859557,0.9378387830220163,-0.00998447323217988
3,x,3,"['z', 'x', 'x']",0.01,m1,0,10000000,8080320,17930,34503,0,0.808032,0.0022189715258801312,0.2577158338390291,-0.026983622927218676
3,x,4,"['x', 'z', 'x']",0.01,m1,0,10000000,6785828,408772,779259,0,0.6785828,0.06023907473045298,1.579902206081897,-0.058512927033007145
3,x,5,"['z', 'z', 'x']",0.01,m1,0,10000000,10000000,34692,66177,0,1.0,0.00346919999999995,0.0159218767657876,0.004272241145372391
3,x,6,"['x', 'x', 'z']",0.01,m1,0,10000000,6751248,401617,771804,0,0.6751248,0.05948781617857912,2.2428804230876267,-0.2509222771041095
3,x,7,"['z', 'x', 'z']",0.01,m1,0,10000000,8377429,605442,1123755,0,0.8377429,0.07227062145199914,0.24443122604861856,0.025577689986675978
3,z,2,"['z', 'x', 'x']",0.01,m1,0,10000000,8080320,294339,566736,0,0.808032,0.03642665141974577,0.6069243978708982,-0.257630146574229
3,z,3,"['x', 'z', 'x']",0.01,m1,0,10000000,6785828,148906,285345,0,0.6785828,0.02194367437547784,2.1985773597843945,-0.2230945830233395
3,z,4,"['z', 'z', 'x']",0.01,m1,0,10000000,10000000,6907,13554,0,1.0,0.0006907000000000441,0.03592110797762871,0.011118598282337189
3,z,5,"['x', 'x', 'z']",0.01,m1,0,10000000,6751248,132563,233468,0,0.6751248,0.019635332608134104,1.47751645417884,-0.30216272454708815
3,z,6,"['z', 'x', 'z']",0.01,m1,0,10000000,8377429,4552,8898,0,0.8377429,0.0005433647960489951,0.338500979822129,-0.10718424478545785
3,z,7,"['x', 'z', 'z']",0.01,m1,0,10000000,7218891,846,1657,0,0.7218891,0.00011719251613573345,1.0595910749398172,-0.4875402068719268
3,x,2,"['x', 'x', 'x']",0.005,m1,0,10000000,8164856,2108,4171,0,0.8164856,0.00025817969110542016,0.5630110148340464,-0.09847628185525537
3,x,3,"['z', 'x', 'x']",0.005,m1,0,10000000,8964683,4728,9303,0,0.8964683,0.0005274029209956232,0.15819476824253798,0.011485450435429811
3,x,4,"['x', 'z', 'x']",0.005,m1,0,10000000,8173294,227872,444467,0,0.8173294,0.027880068917134238,1.072391264140606,-0.04794859420508146
3,x,5,"['z', 'z', 'x']",0.005,m1,0,10000000,10000000,9000,17651,0,1.0,0.0009000000000000119,0.014391079545021057,0.005273744463920593
3,x,6,"['x', 'x', 'z']",0.005,m1,0,10000000,8163174,236522,463661,0,0.8163174,0.028974269077199577,2.2435627467930317,-0.5365529269911349
3,x,7,"['z', 'x', 'z']",0.005,m1,0,10000000,9136623,338033,651130,0,0.9136623,0.03699758652622531,0.5424138959497213,-0.28008639393374324
3,z,2,"['z', 'x', 'x']",0.005,m1,0,10000000,8964683,162588,319126,0,0.8964683,0.018136502986218273,0.24259097687900066,0.01558673894032836
3,z,3,"['x', 'z', 'x']",0.005,m1,0,10000000,8173294,77747,151778,0,0.8173294,0.00951232147038883,1.9080161130987108,-0.3551648771390319
3,z,4,"['z', 'z', 'x']",0.005,m1,0,10000000,10000000,1726,3417,0,1.0,0.00017259999999996722,0.030935753136873245,-0.004361207131296396
3,z,5,"['x', 'x', 'z']",0.005,m1,0,10000000,8163174,61588,113905,0,0.8163174,0.007544614386511883,0.8223647121340036,-0.009752282872796059
3,z,6,"['z', 'x', 'z']",0.005,m1,0,10000000,9136623,1153,2290,0,0.9136623,0.00012619542253189397,0.10742104100063443,0.006813326850533485
3,z,7,"['x', 'z', 'z']",0.005,m1,0,10000000,8492254,228,453,0,0.8492254,2.684799583241304e-05,0.36293830210343003,0.08674207609146833
3,x,2,"['x', 'x', 'x']",0.001,m1,0,10000000,9599815,86,173,0,0.9599815,8.958505971157216e-06,0.3758332501165569,-0.1772413682192564
3,x,3,"['z', 'x', 'x']",0.001,m1,0,10000000,9779522,207,414,0,0.9779522,2.1166678698558705e-05,0.11737364111468196,-0.027948837261646986
3,x,4,"['x', 'z', 'x']",0.001,m1,0,10000000,9593310,49723,98926,0,0.959331,0.005183091133300177,0.45232883002609015,0.008326046634465456
3,x,5,"['z', 'z', 'x']",0.001,m1,0,10000000,10000000,354,695,0,1.0,3.540000000001875e-05,0.011053604073822498,0.0028270171023905277
3,x,6,"['x', 'x', 'z']",0.001,m1,0,10000000,9593044,54405,108400,0,0.9593044,0.005671296827159389,1.0560418129898608,-0.09293247712776065
3,x,7,"['z', 'x', 'z']",0.001,m1,0,10000000,9818371,74085,147062,0,0.9818371,0.0075455490528928415,0.20580376032739878,-0.0015119584277272224
3,z,2,"['z', 'x', 'x']",0.001,m1,0,10000000,9779522,35144,70058,0,0.9779522,0.003593631672386466,0.20307798916473985,0.0026769060641527176
3,z,3,"['x', 'z', 'x']",0.001,m1,0,10000000,9593310,15725,31302,0,0.959331,0.0016391631251361227,1.0008969828486443,-0.0896163028664887
3,z,4,"['z', 'z', 'x']",0.001,m1,0,10000000,10000000,59,118,0,1.0,5.900000000003125e-06,0.0223773131147027,0.006867636926472187
3,z,5,"['x', 'x', 'z']",0.001,m1,0,10000000,9593044,11045,21592,0,0.9593044,0.001151355086039474,0.4802931547164917,-0.11879939865320921
3,z,6,"['z', 'x', 'z']",0.001,m1,0,10000000,9818371,52,103,0,0.9818371,5.2961942464957446e-06,0.0483094397932291,0.008934720419347286
3,z,7,"['x', 'z', 'z']",0.001,m1,0,10000000,9678604,12,25,0,0.9678604,1.2398482260866928e-06,0.24039999302476645,-0.07098671002313495
3,x,2,"['x', 'x', 'x']",0.0005,m1,0,10000000,9798134,22,45,0,0.9798134,2.2453254875376416e-06,0.20933688478544354,0.008645439054816961
3,x,3,"['z', 'x', 'x']",0.0005,m1,0,10000000,9889155,42,85,0,0.9889155,4.247076721974885e-06,0.05065223481506109,0.008259649388492107
3,x,4,"['x', 'z', 'x']",0.0005,m1,0,10000000,9793610,25052,49953,0,0.979361,0.0025579944473999028,0.28928173892199993,0.029405818320810795
3,x,5,"['z', 'z', 'x']",0.0005,m1,0,10000000,10000000,91,182,0,1.0,9.09999999998412e-06,0.01065690303221345,0.0018585128709673882
3,x,6,"['x', 'x', 'z']",0.0005,m1,0,10000000,9793949,27541,54976,0,0.9793949,0.0028120424151687473,0.9005331979133189,-0.03124982863664627
3,x,7,"['z', 'x', 'z']",0.0005,m1,0,10000000,9908661,37559,74822,0,0.9908661,0.0037905222511901426,0.16766071505844593,-0.012528876774013042
3,z,2,"['z', 'x', 'x']",0.0005,m1,0,10000000,9889155,17725,35402,0,0.9889155,0.0017923674975263149,0.24029394192621112,-0.07448639953508973
3,z,3,"['x', 'z', 'x']",0.0005,m1,0,10000000,9793610,7996,15961,0,0.979361,0.000816450726545126,0.8812926830723882,-0.0342300720512867
3,z,4,"['z', 'z', 'x']",0.0005,m1,0,10000000,10000000,18,36,0,1.0,1.8000000000517602e-06,0.014883931260555983,0.00871844869107008
3,z,5,"['x', 'x', 'z']",0.0005,m1,0,10000000,9793949,5496,10895,0,0.9793949,0.0005611628159386539,0.2970798211172223,-0.010811630170792341
3,z,6,"['z', 'x', 'z']",0.0005,m1,0,10000000,9908661,12,23,0,0.9908661,1.2110617165772553e-06,0.031631826888769865,0.005113688297569752
3,z,7,"['x', 'z', 'z']",0.0005,m1,0,10000000,9837406,2,5,0,0.9837406,2.0330562755521697e-07,0.11122206132858992,-0.055080436170101166
3,x,2,"['x', 'x', 'x']",0.0001,m1,0,10000000,9959459,2,3,0,0.9959459,2.0081412055450443e-07,0.02124446304515004,0.005959680769592524
3,x,3,"['z', 'x', 'x']",0.0001,m1,0,10000000,9977776,0,1,0,0.9977776,0.0,0.04474169109016657,0.006472767796367407
3,x,4,"['x', 'z', 'x']",0.0001,m1,0,10000000,9958183,5074,10141,0,0.9958183,0.0005095307045471786,0.23807582817971706,-0.007796811871230602
3,x,5,"['z', 'z', 'x']",0.0001,m1,0,10000000,10000000,4,7,0,1.0,4.0000000001150227e-07,0.011583061888813972,0.006887717172503471
3,x,6,"['x', 'x', 'z']",0.0001,m1,0,10000000,9958379,5562,11123,0,0.9958379,0.0005585246353849715,0.62440289510414,-0.01398253533989191
3,x,7,"['z', 'x', 'z']",0.0001,m1,0,10000000,9981602,7574,15141,0,0.9981602,0.0007587960329413779,0.10634004976600409,0.016794797033071518
3,z,2,"['z', 'x', 'x']",0.0001,m1,0,10000000,9977776,3607,7214,0,0.9977776,0.00036150340516760693,0.16511066164821386,-0.043397396337240934
3,z,3,"['x', 'z', 'x']",0.0001,m1,0,10000000,9958183,1640,3278,0,0.9958183,0.00016468867864749548,0.558993446175009,-0.030015103053301573
3,z,4,"['z', 'z', 'x']",0.0001,m1,0,10000000,10000000,1,2,0,1.0,9.999999994736442e-08,0.0041275969706475735,0.003053253050893545
3,z,5,"['x', 'x', 'z']",0.0001,m1,0,10000000,9958379,1056,2108,0,0.9958379,0.00010604135472247478,0.20326471934095025,-0.00866362452507019
3,z,6,"['z', 'x', 'z']",0.0001,m1,0,10000000,9981602,0,1,0,0.9981602,0.0,0.01617944799363613,0.004388723056763411
3,z,7,"['x', 'z', 'z']",0.0001,m1,0,10000000,9967038,0,0,0,0.9967038,0.0,0.03551986487582326,-0.010502681136131287
4,x,2,"['x', 'x', 'x', 'x']",0.01,normal,0,5000000,1270596,6,11,0,0.2541192,4.722193364337102e-06,320.8766591362655,-6.62182898260653
4,x,3,"['z', 'x', 'x', 'x']",0.01,normal,0,5000000,1832306,18,31,0,0.3664612,9.823686654919506e-06,362.9285886227153,16.338490586262196
4,x,4,"['x', 'z', 'x', 'x']",0.01,normal,0,5000000,1155095,2904,5376,0,0.231019,0.002514078928573027,481.45407254993916,33.67471226211637
4,x,5,"['z', 'z', 'x', 'x']",0.01,normal,0,5000000,2737986,200,367,0,0.5475972,7.304639249439138e-05,303.40245259879157,-15.066574579104781
4,x,6,"['x', 'x', 'z', 'x']",0.01,normal,0,5000000,1158609,5005,9516,0,0.2317218,0.004319835250718773,423.40503273019567,88.85634430218488
4,x,7,"['z', 'x', 'z', 'x']",0.01,normal,0,5000000,1801465,31792,55766,0,0.360293,0.017647858826011054,588.3423881330527,73.40725523792207
4,x,8,"['x', 'z', 'z', 'x']",0.01,normal,0,5000000,1451289,246808,411704,0,0.2902578,0.17006123521917416,485.5853312248364,594.3963593859226
4,x,9,"['z', 'z', 'z', 'x']",0.01,normal,0,5000000,5000000,1700,3085,0,1.0,0.00034000000000000696,266.66611262317747,67.89759452082217
4,x,10,"['x', 'x', 'x', 'z']",0.01,normal,0,5000000,1239596,7632,14497,0,0.2479192,0.0061568446493858175,1033.1188637139276,105.63946076808497
4,x,11,"['z', 'x', 'x', 'z']",0.01,normal,0,5000000,1757772,22476,40710,0,0.3515544,0.012786641270881582,1214.8438976872712,-556.6461654822342
4,x,12,"['x', 'z', 'x', 'z']",0.01,normal,0,5000000,1289630,174170,312093,0,0.257926,0.1350542403635151,505.6629730039276,38.32715524500236
4,x,13,"['z', 'z', 'x', 'z']",0.01,normal,0,5000000,3144425,106456,181885,0,0.628885,0.03385547437130798,792.9845435046591,733.2741618743166
4,x,14,"['x', 'x', 'z', 'z']",0.01,normal,0,5000000,1259169,159133,287860,0,0.2518338,0.12637938195746556,451.45061927381903,79.05233364086598
4,x,15,"['z', 'x', 'z', 'z']",0.01,normal,0,5000000,2312802,466391,744622,0,0.4625604,0.2016562593771538,618.0573720331304,679.7482400699519
4,z,2,"['z', 'x', 'x', 'x']",0.01,normal,0,5000000,1832306,219929,386938,0,0.3664612,0.12002853235212896,615.2380062541924,67.20881862286478
4,z,3,"['x', 'z', 'x', 'x']",0.01,normal,0,5000000,1155095,62316,113953,0,0.231019,0.05394880940528701,470.6144971419126,22.491472586989403
4,z,4,"['z', 'z', 'x', 'x']",0.01,normal,0,5000000,2737986,29246,53722,0,0.5475972,0.010681573974446912,647.4568363940343,118.42734550824389
4,z,5,"['x', 'x', 'z', 'x']",0.01,normal,0,5000000,1158609,63794,108832,0,0.2317218,0.05506085314372666,472.0515776933171,13.997784476727247
4,z,6,"['z', 'x', 'z', 'x']",0.01,normal,0,5000000,1801465,6309,11826,0,0.360293,0.0035021496393213836,621.550767974928,52.892667970154434
4,z,7,"['x', 'z', 'z', 'x']",0.01,normal,0,5000000,1451289,1976,3847,0,0.2902578,0.0013615482512442378,490.74439303856343,150.56530439434573
4,z,8,"['z', 'z', 'z', 'x']",0.01,normal,0,5000000,5000000,153,292,0,1.0,3.0599999999991745e-05,85.27656216314062,14.264982759952545
4,z,9,"['x', 'x', 'x', 'z']",0.01,normal,0,5000000,1239596,97420,140940,0,0.2479192,0.07859012129758403,484.29878466483206,-1.192181740887463
4,z,10,"['z', 'x', 'x', 'z']",0.01,normal,0,5000000,1757772,11495,21322,0,0.3515544,0.006539528448513243,605.0771669978276,-29.66486767306924
4,z,11,"['x', 'z', 'x', 'z']",0.01,normal,0,5000000,1289630,1125,2136,0,0.257926,0.0008723432302287781,810.6223700847477,-423.30893744388595
4,z,12,"['z', 'z', 'x', 'z']",0.01,normal,0,5000000,3144425,24,48,0,0.628885,7.632556031755833e-06,179.12304112827405,11.56999421864748
4,z,13,"['x', 'x', 'z', 'z']",0.01,normal,0,5000000,1259169,498,846,0,0.2518338,0.0003954989362031647,460.67096711695194,-88.71755959000438
4,z,14,"['z', 'x', 'z', 'z']",0.01,normal,0,5000000,2312802,6,11,0,0.4625604,2.5942557988489767e-06,241.10034505603835,-2.623299981933087
4,z,15,"['x', 'z', 'z', 'z']",0.01,normal,0,5000000,1733704,0,0,0,0.3467408,0.0,262.110937688034,-48.8360794861801
4,x,2,"['x', 'x', 'x', 'x']",0.005,normal,0,5000000,2510649,0,0,0,0.5021298,0.0,207.88047066610307,12.877995407674462
4,x,3,"['z', 'x', 'x', 'x']",0.005,normal,0,5000000,3015722,1,2,0,0.6031444,3.3159555157258325e-07,236.15081583801657,11.824167649261653
4,x,4,"['x', 'z', 'x', 'x']",0.005,normal,0,5000000,2375716,1291,2514,0,0.4751432,0.0005434151220095051,494.8313205973245,116.78362475568429
4,x,5,"['z', 'z', 'x', 'x']",0.005,normal,0,5000000,3656000,14,27,0,0.7312,3.829321662984775e-06,177.33351277699694,0.4491486409679055
4,x,6,"['x', 'x', 'z', 'x']",0.005,normal,0,5000000,2364960,2248,4423,0,0.472992,0.0009505446180907429,545.5417096642777,367.90235522575676
4,x,7,"['z', 'x', 'z', 'x']",0.005,normal,0,5000000,2912319,11682,21840,0,0.5824638,0.004011236406451402,1380.9030737690628,212.91783499205485
4,x,8,"['x', 'z', 'z', 'x']",0.005,normal,0,5000000,2559675,185941,327396,0,0.511935,0.07264242530790044,695.6399038909003,26.331296085380018
4,x,9,"['z', 'z', 'z', 'x']",0.005,normal,0,5000000,5000000,124,233,0,1.0,2.4800000000047007e-05,180.64729401515797,45.30464102560654
4,x,10,"['x', 'x', 'x', 'z']",0.005,normal,0,5000000,2406675,3476,6781,0,0.481335,0.0014443163285445815,1157.5054591512308,192.884809310548
4,x,11,"['z', 'x', 'x', 'z']",0.005,normal,0,5000000,2893880,8597,16360,0,0.578776,0.002970752069885396,614.7932765320875,116.49987831851467
4,x,12,"['x', 'z', 'x', 'z']",0.005,normal,0,5000000,2479042,155618,292063,0,0.4958084,0.06277344232167104,620.3556373212487,20.320699772797525
4,x,13,"['z', 'z', 'x', 'z']",0.005,normal,0,5000000,3938539,38056,70203,0,0.7877078,0.009662466208916531,609.2359794732183,168.00989590678364
4,x,14,"['x', 'x', 'z', 'z']",0.005,normal,0,5000000,2478239,155255,294684,0,0.4956478,0.06264730722097422,477.2574382061139,166.06000171694905
4,x,15,"['z', 'x', 'z', 'z']",0.005,normal,0,5000000,3394441,382820,678870,0,0.6788882,0.11277851051174548,619.516607219819,145.35802383953705
4,z,2,"['z', 'x', 'x', 'x']",0.005,normal,0,5000000,3015722,190728,357489,0,0.6031444,0.06324455636162751,622.0007603038102,130.01970833120868
4,z,3,"['x', 'z', 'x', 'x']",0.005,normal,0,5000000,2375716,57412,109435,0,0.4751432,0.024166188214416184,525.3126116539352,82.98904034402221
4,z,4,"['z', 'z', 'x', 'x']",0.005,normal,0,5000000,3656000,10075,19292,0,0.7312,0.002755743982494563,975.042212577071,-84.61844566697255
4,z,5,"['x', 'x', 'z', 'x']",0.005,normal,0,5000000,2364960,51940,94146,0,0.472992,0.02196231648738245,685.8845150060952,-45.377248254138976
4,z,6,"['z', 'x', 'z', 'x']",0.005,normal,0,5000000,2912319,2180,4232,0,0.5824638,0.0007485443730580466,647.2321281968616,77.95453728130087
4,z,7,"['x', 'z', 'z', 'x']",0.005,normal,0,5000000,2559675,699,1372,0,0.511935,0.0002730815435553202,547.7893347833306,98.13303136546165
4,z,8,"['z', 'z', 'z', 'x']",0.005,normal,0,5000000,5000000,8,13,0,1.0,1.600000000046009e-06,59.13912171218544,15.025965576991439
4,z,9,"['x', 'x', 'x', 'z']",0.005,normal,0,5000000,2406675,63189,98208,0,0.481335,0.026255726261335655,540.7037049122155,110.85213167360052
4,z,10,"['z', 'x', 'x', 'z']",0.005,normal,0,5000000,2893880,4350,8454,0,0.578776,0.0015031722117019308,581.8380423011258,108.85988146485761
4,z,11,"['x', 'z', 'x', 'z']",0.005,normal,0,5000000,2479042,415,802,0,0.4958084,0.0001674033759815341,511.95289000170305,-45.86825845949352
4,z,12,"['z', 'z', 'x', 'z']",0.005,normal,0,5000000,3938539,0,1,0,0.7877078,0.0,118.20674390066415,-2.2240731129422784
4,z,13,"['x', 'x', 'z', 'z']",0.005,normal,0,5000000,2478239,176,336,0,0.4956478,7.10181705638746e-05,686.0090842270292,-291.90044330991805
4,z,14,"['z', 'x', 'z', 'z']",0.005,normal,0,5000000,3394441,0,0,0,0.6788882,0.0,156.35582135990262,14.290601641871035
4,z,15,"['x', 'z', 'z', 'z']",0.005,normal,0,5000000,2938793,0,0,0,0.5877586,0.0,163.5093712550588,-14.999528359156102
4,x,2,"['x', 'x', 'x', 'x']",0.001,normal,0,5000000,4353590,0,0,0,0.870718,0.0,72.08889524219558,12.575658414047211
4,x,3,"['z', 'x', 'x', 'x']",0.001,normal,0,5000000,4516512,0,0,0,0.9033024,0.0,75.87616891320795,4.226188930682838
4,x,4,"['x', 'z', 'x', 'x']",0.001,normal,0,5000000,4301787,94,188,0,0.8603574,2.1851384087612225e-05,540.2880013687536,142.16656664852053
4,x,5,"['z', 'z', 'x', 'x']",0.001,normal,0,5000000,4687530,0,0,0,0.937506,0.0,57.26324455207214,1.2483352259732783
4,x,6,"['x', 'x', 'z', 'x']",0.001,normal,0,5000000,4293867,153,304,0,0.8587734,3.563221683389184e-05,1299.2005306109786,332.2553554479964
4,x,7,"['z', 'x', 'z', 'x']",0.001,normal,0,5000000,4466273,624,1229,0,0.8932546,0.0001397138061197678,800.6461556171998,-53.68653874704614
4,x,8,"['x', 'z', 'z', 'x']",0.001,normal,0,5000000,4334950,48128,92885,0,0.86699,0.011102319519256332,571.4189947107807,173.67804570728913
4,x,9,"['z', 'z', 'z', 'x']",0.001,normal,0,5000000,5000000,0,1,0,1.0,0.0,76.02592352312058,19.42633268609643
4,x,10,"['x', 'x', 'x', 'z']",0.001,normal,0,5000000,4297489,214,428,0,0.8594978,4.979652071246399e-05,546.6078412663192,186.59563193563372
4,x,11,"['z', 'x', 'x', 'z']",0.001,normal,0,5000000,4465348,506,1002,0,0.8930696,0.00011331703598460585,637.7289385288022,167.96671154210344
4,x,12,"['x', 'z', 'x', 'z']",0.001,normal,0,5000000,4329011,49995,98534,0,0.8658022,0.011548827203257228,607.5525918500498,194.44480812596157
4,x,13,"['z', 'z', 'x', 'z']",0.001,normal,0,5000000,4762088,2042,3996,0,0.9524176,0.00042880349964136144,567.2783849919215,188.89175970992073
4,x,14,"['x', 'x', 'z', 'z']",0.001,normal,0,5000000,4336055,53612,106071,0,0.867211,0.012364234309758526,996.5432969038375,671.0891406764276
4,x,15,"['z', 'x', 'z', 'z']",0.001,normal,0,5000000,4626121,114461,223270,0,0.9252242,0.02474232731915138,1475.5565559878014,17.50310294702649
4,z,2,"['z', 'x', 'x', 'x']",0.001,normal,0,5000000,4516512,59382,117243,0,0.9033024,0.013147756498820273,658.2596597447991,194.50811141449958
4,z,3,"['x', 'z', 'x', 'x']",0.001,normal,0,5000000,4301787,18780,37207,0,0.8603574,0.004365627586860987,565.8141081859358,182.58874549204484
4,z,4,"['z', 'z', 'x', 'x']",0.001,normal,0,5000000,4687530,528,1042,0,0.937506,0.00011263927910865057,590.8253936115652,153.15326197817922
4,z,5,"['x', 'x', 'z', 'x']",0.001,normal,0,5000000,4293867,14718,28743,0,0.8587734,0.0034276795252391468,598.3461777917109,116.73083900427446
4,z,6,"['z', 'x', 'z', 'x']",0.001,normal,0,5000000,4466273,117,232,0,0.8932546,2.619633864742177e-05,632.5174866537564,219.92789910547435
4,z,7,"['x', 'z', 'z', 'x']",0.001,normal,0,5000000,4334950,36,73,0,0.86699,8.30459405531947e-06,623.026790693868,173.17483732197434
4,z,8,"['z', 'z', 'z', 'x']",0.001,normal,0,5000000,5000000,0,0,0,1.0,0.0,20.962070256937295,6.443557761143893
4,z,9,"['x', 'x', 'x', 'z']",0.001,normal,0,5000000,4297489,11790,21520,0,0.8594978,0.002743462519624873,541.6899773259647,178.59878083132207
4,z,10,"['z', 'x', 'x', 'z']",0.001,normal,0,5000000,4465348,258,513,0,0.8930696,5.777825154951177e-05,534.679998147767,10.825832141563296
4,z,11,"['x', 'z', 'x', 'z']",0.001,normal,0,5000000,4329011,20,41,0,0.8658022,4.619992880594559e-06,528.9052122500725,2.4077309500426054
4,z,12,"['z', 'z', 'x', 'z']",0.001,normal,0,5000000,4762088,0,0,0,0.9524176,0.0,40.73414437985048,3.572491771541536
4,z,13,"['x', 'x', 'z', 'z']",0.001,normal,0,5000000,4336055,5,10,0,0.867211,1.1531219046290175e-06,446.50198184279725,34.002306355163455
4,z,14,"['z', 'x', 'z', 'z']",0.001,normal,0,5000000,4626121,0,0,0,0.9252242,0.0,75.58532518800348,-25.304081744048744
4,z,15,"['x', 'z', 'z', 'z']",0.001,normal,0,5000000,4495876,0,0,0,0.8991752,0.0,55.442004851065576,-5.137542154174298
4,x,2,"['x', 'x', 'x', 'x']",0.0005,normal,0,5000000,4664996,0,0,0,0.9329992,0.0,93.44471625518054,8.36576706590131
4,x,3,"['z', 'x', 'x', 'x']",0.0005,normal,0,5000000,4751660,0,0,0,0.950332,0.0,40.80304932920262,5.293701086658984
4,x,4,"['x', 'z', 'x', 'x']",0.0005,normal,0,5000000,4636522,26,52,0,0.9273044,5.6076515975167496e-06,527.3433895618655,160.55284328898415
4,x,5,"['z', 'z', 'x', 'x']",0.0005,normal,0,5000000,4840351,0,0,0,0.9680702,0.0,36.05707584694028,2.1286371150054038
4,x,6,"['x', 'x', 'z', 'x']",0.0005,normal,0,5000000,4632232,40,81,0,0.9264464,8.635146080737677e-06,597.1346607510932,156.72409632988274
4,x,7,"['z', 'x', 'z', 'x']",0.0005,normal,0,5000000,4723709,186,363,0,0.9447418,3.937583792734678e-05,582.6888915360905,158.68663900485262
4,x,8,"['x', 'z', 'z', 'x']",0.0005,normal,0,5000000,4652647,24680,48405,0,0.9305294,0.005304507305196382,1331.12947901804,285.26588732469827
4,x,9,"['z', 'z', 'z', 'x']",0.0005,normal,0,5000000,5000000,0,0,0,1.0,0.0,50.994012497831136,12.955027827061713
4,x,10,"['x', 'x', 'x', 'z']",0.0005,normal,0,5000000,4633053,58,114,0,0.9266106,1.2518743040534908e-05,573.5718363141641,191.0717850998044
4,x,11,"['z', 'x', 'x', 'z']",0.0005,normal,0,5000000,4723665,132,261,0,0.944733,2.7944403339308366e-05,661.1102833249606,187.14686899399385
4,x,12,"['x', 'z', 'x', 'z']",0.0005,normal,0,5000000,4650916,26208,52083,0,0.9301832,0.005635018994107788,608.5646672379225,169.124005951453
4,x,13,"['z', 'z', 'x', 'z']",0.0005,normal,0,5000000,4878882,533,1058,0,0.9757764,0.00010924633963271813,568.5008397656493,165.3023407771252
4,x,14,"['x', 'x', 'z', 'z']",0.0005,normal,0,5000000,4655562,28658,56962,0,0.9311124,0.006155647803637865,1334.0992822702974,192.66712183365598
4,x,15,"['z', 'x', 'z', 'z']",0.0005,normal,0,5000000,4809221,60087,118614,0,0.9618442,0.012494123268612545,1477.3103115214035,-13.061807745601982
4,z,2,"['z', 'x', 'x', 'x']",0.0005,normal,0,5000000,4751660,31372,62315,0,0.950332,0.006602324240370772,652.1584746143781,203.45392685430124
4,z,3,"['x', 'z', 'x', 'x']",0.0005,normal,0,5000000,4636522,9988,19875,0,0.9273044,0.002154200929058492,663.8178757210262,122.13014948600903
4,z,4,"['z', 'z', 'x', 'x']",0.0005,normal,0,5000000,4840351,136,271,0,0.9680702,2.8097135930882366e-05,564.1988346059807,147.96889987913892
4,z,5,"['x', 'x', 'z', 'x']",0.0005,normal,0,5000000,4632232,7696,15194,0,0.9264464,0.001661402105939458,580.9437536890619,188.3785430872813
4,z,6,"['z', 'x', 'z', 'x']",0.0005,normal,0,5000000,4723709,24,46,0,0.9447418,5.080753280983785e-06,658.6194796604104,176.1801083823666
4,z,7,"['x', 'z', 'z', 'x']",0.0005,normal,0,5000000,4652647,8,16,0,0.9305294,1.7194513144414003e-06,595.7824445748702,191.5132171427831
4,z,8,"['z', 'z', 'z', 'x']",0.0005,normal,0,5000000,5000000,0,0,0,1.0,0.0,14.800973825156689,4.111699844710529
4,z,9,"['x', 'x', 'x', 'z']",0.0005,normal,0,5000000,4633053,5709,10818,0,0.9266106,0.0012322328278998596,579.8822564468719,192.82457207888365
4,z,10,"['z', 'x', 'x', 'z']",0.0005,normal,0,5000000,4723665,68,135,0,0.944733,1.4395601720229578e-05,531.1590398652479,13.189874180592597
4,z,11,"['x', 'z', 'x', 'z']",0.0005,normal,0,5000000,4650916,6,11,0,0.9301832,1.2900684510652738e-06,503.5649901269935,38.64147748705
4,z,12,"['z', 'z', 'x', 'z']",0.0005,normal,0,5000000,4878882,0,0,0,0.9757764,0.0,23.239711075089872,2.8471269668079913
4,z,13,"['x', 'x', 'z', 'z']",0.0005,normal,0,5000000,4655562,2,3,0,0.9311124,4.2959367740902366e-07,438.60538006713614,53.794725043699145
4,z,14,"['z', 'x', 'z', 'z']",0.0005,normal,0,5000000,4809221,0,0,0,0.9618442,0.0,33.208712563384324,1.3844199338927865
4,z,15,"['x', 'z', 'z', 'z']",0.0005,normal,0,5000000,4740432,0,0,0,0.9480864,0.0,33.41309503791854,2.5501874070614576
4,x,2,"['x', 'x', 'x', 'x']",0.0001,normal,0,5000000,4931654,0,0,0,0.9863308,0.0,14.848790252115577,5.149210712872446
4,x,3,"['z', 'x', 'x', 'x']",0.0001,normal,0,5000000,4949639,0,0,0,0.9899278,0.0,15.052663489244878,2.4998342939652503
4,x,4,"['x', 'z', 'x', 'x']",0.0001,normal,0,5000000,4925595,1,2,0,0.985119,2.0302115788517483e-07,523.3268667091615,150.72709722677246
4,x,5,"['z', 'z', 'x', 'x']",0.0001,normal,0,5000000,4967742,0,0,0,0.9935484,0.0,13.108147181104869,2.7340848967432976
4,x,6,"['x', 'x', 'z', 'x']",0.0001,normal,0,5000000,4924341,1,2,0,0.9848682,2.0307285786280715e-07,595.2727699070238,179.58189189387485
4,x,7,"['z', 'x', 'z', 'x']",0.0001,normal,0,5000000,4943702,8,15,0,0.9887404,1.6182205156978213e-06,575.5789481373504,184.91851747687906
4,x,8,"['x', 'z', 'z', 'x']",0.0001,normal,0,5000000,4928702,5070,10098,0,0.9857404,0.0010286683999154445,587.4139465838671,918.1702788309194
4,x,9,"['z', 'z', 'z', 'x']",0.0001,normal,0,5000000,5000000,0,0,0,1.0,0.0,26.699848641175777,6.916056581772864
4,x,10,"['x', 'x', 'x', 'z']",0.0001,normal,0,5000000,4924620,2,4,0,0.984924,4.0612270590933974e-07,1060.7926572342403,-287.07648841803893
4,x,11,"['z', 'x', 'x', 'z']",0.0001,normal,0,5000000,4943542,4,8,0,0.9887084,8.091364450679706e-07,627.7495556557551,221.5879191402346
4,x,12,"['x', 'z', 'x', 'z']",0.0001,normal,0,5000000,4928672,5604,11194,0,0.9857344,0.0011370202764557913,632.2692192872055,172.8038485138677
4,x,13,"['z', 'z', 'x', 'z']",0.0001,normal,0,5000000,4975538,24,48,0,0.9951076,4.823598975578491e-06,562.4780085347593,168.0068725971505
4,x,14,"['x', 'x', 'z', 'z']",0.0001,normal,0,5000000,4929543,6110,12208,0,0.9859086,0.001239465808493767,607.576071228832,201.12388597847894
4,x,15,"['z', 'x', 'z', 'z']",0.0001,normal,0,5000000,4961294,12417,24768,0,0.9922588,0.0025027744777874616,1533.3274084231816,-50.17493499722332
4,z,2,"['z', 'x', 'x', 'x']",0.0001,normal,0,5000000,4949639,6618,13221,0,0.9899278,0.0013370672083358182,652.4044889952056,206.32967678876594
4,z,3,"['x', 'z', 'x', 'x']",0.0001,normal,0,5000000,4925595,2047,4094,0,0.985119,0.0004155843101188994,587.0357232578099,224.8640102618374
4,z,4,"['z', 'z', 'x', 'x']",0.0001,normal,0,5000000,4967742,5,10,0,0.9935484,1.0064934934383984e-06,569.1467572147958,156.92814021511003
4,z,5,"['x', 'x', 'z', 'x']",0.0001,normal,0,5000000,4924341,1580,3152,0,0.9848682,0.0003208551154357808,580.4049383681267,560.150219107978
4,z,6,"['z', 'x', 'z', 'x']",0.0001,normal,0,5000000,4943702,3,6,0,0.9887404,6.068326934283164e-07,666.0397296817973,164.25254419399425
4,z,7,"['x', 'z', 'z', 'x']",0.0001,normal,0,5000000,4928702,1,2,0,0.9857404,2.0289317548272123e-07,628.0036811181344,339.3925255369395
4,z,8,"['z', 'z', 'z', 'x']",0.0001,normal,0,5000000,5000000,0,0,0,1.0,0.0,9.717763046268374,2.358911579940468
4,z,9,"['x', 'x', 'x', 'z']",0.0001,normal,0,5000000,4924620,1120,2217,0,0.984924,0.00022742871531200581,605.639933323022,179.17457546200603
4,z,10,"['z', 'x', 'x', 'z']",0.0001,normal,0,5000000,4943542,2,5,0,0.9887084,4.0456822258949643e-07,576.1011276720092,120.78101948928088
4,z,11,"['x', 'z', 'x', 'z']",0.0001,normal,0,5000000,4928672,0,0,0,0.9857344,0.0,602.5221026968211,16.140664893202484
4,z,12,"['z', 'z', 'x', 'z']",0.0001,normal,0,5000000,4975538,0,0,0,0.9951076,0.0,11.297871095128357,2.2716584652662277
4,z,13,"['x', 'x', 'z', 'z']",0.0001,normal,0,5000000,4929543,0,0,0,0.9859086,0.0,481.3586934269406,-40.47618500282988
4,z,14,"['z', 'x', 'z', 'z']",0.0001,normal,0,5000000,4961294,0,0,0,0.9922588,0.0,14.61488527012989,1.4047727528959513
4,z,15,"['x', 'z', 'z', 'z']",0.0001,normal,0,5000000,4947159,0,0,0,0.9894318,0.0,15.755511031020433,0.5264711207710207
4,x,2,"['x', 'x', 'x', 'x']",0.01,m1,0,5000000,1548530,3,6,0,0.309706,1.9373212013507057e-06,98.79311243677512,-4.149709546007216
4,x,3,"['z', 'x', 'x', 'x']",0.01,m1,0,5000000,2232044,8,15,0,0.4464088,3.5841587352480886e-06,69.81479557417333,-4.575870411004871
4,x,4,"['x', 'z', 'x', 'x']",0.01,m1,0,5000000,1532633,3393,6572,0,0.3065266,0.002213837233049243,310.0642046011053,0.5143005000427365
4,x,5,"['z', 'z', 'x', 'x']",0.01,m1,0,5000000,3265797,68,129,0,0.6531594,2.0821869822329475e-05,23.281860786955804,1.711201055906713
4,x,6,"['x', 'x', 'z', 'x']",0.01,m1,0,5000000,1533316,6240,12044,0,0.3066632,0.004069611221692027,943.6393186519854,50.63139721378684
4,x,7,"['z', 'x', 'z', 'x']",0.01,m1,0,5000000,2304051,22127,41264,0,0.4608102,0.009603520060970872,295.5866680890322,24.251686355099082
4,x,8,"['x', 'z', 'z', 'x']",0.01,m1,0,5000000,1786434,243630,452644,0,0.3572868,0.1363778342776727,408.29552026232705,76.12778947455809
4,x,9,"['z', 'z', 'z', 'x']",0.01,m1,0,5000000,5000000,230,435,0,1.0,4.599999999999049e-05,4.986749824136496,1.2952187238261104
4,x,10,"['x', 'x', 'x', 'z']",0.01,m1,0,5000000,1599287,9532,18208,0,0.3198574,0.005960155994515048,831.6050140019506,251.86769071407616
4,x,11,"['z', 'x', 'x', 'z']",0.01,m1,0,5000000,2279610,20692,38983,0,0.455922,0.009076991239729604,1089.3915140838362,-144.53382093692198
4,x,12,"['x', 'z', 'x', 'z']",0.01,m1,0,5000000,1669821,197334,376431,0,0.3339642,0.11817673870432821,568.850165608339,0.0344125428237021
4,x,13,"['z', 'z', 'x', 'z']",0.01,m1,0,5000000,3510865,52033,94044,0,0.702173,0.014820564162962735,159.78277599904686,30.473307283595204
4,x,14,"['x', 'x', 'z', 'z']",0.01,m1,0,5000000,1662511,194987,364942,0,0.3325022,0.11728463751518037,495.2340441700071,44.177367891184986
4,x,15,"['z', 'x', 'z', 'z']",0.01,m1,0,5000000,2607970,367430,631234,0,0.521594,0.1408873568330924,482.781647273805,34.068311212118715
4,z,2,"['z', 'x', 'x', 'x']",0.01,m1,0,5000000,2232044,175280,323397,0,0.4464088,0.07852891788871541,472.67129571409896,59.29527277359739
4,z,3,"['x', 'z', 'x', 'x']",0.01,m1,0,5000000,1532633,74256,142038,0,0.3065266,0.04844995507730809,504.33216680400074,52.18545509222895
4,z,4,"['z', 'z', 'x', 'x']",0.01,m1,0,5000000,3265797,12764,24256,0,0.6531594,0.003908387447229544,141.1798080499284,31.295127186458558
4,z,5,"['x', 'x', 'z', 'x']",0.01,m1,0,5000000,1533316,70760,131187,0,0.3066632,0.046148347763931286,506.18014965578914,37.42922967020422
4,z,6,"['z', 'x', 'z', 'x']",0.01,m1,0,5000000,2304051,4277,8168,0,0.4608102,0.0018562957156764703,436.4931845278479,53.407824722118676
4,z,7,"['x', 'z', 'z', 'x']",0.01,m1,0,5000000,1786434,2249,4392,0,0.3572868,0.0012589325998050294,474.85811027605087,2.328523216303438
4,z,8,"['z', 'z', 'z', 'x']",0.01,m1,0,5000000,5000000,9,18,0,1.0,1.8000000000517602e-06,1.2302132179029286,0.4049112140201032
4,z,9,"['x', 'x', 'x', 'z']",0.01,m1,0,5000000,1599287,94321,155550,0,0.3198574,0.05897690658399646,385.988029031083,47.36663084011525
4,z,10,"['z', 'x', 'x', 'z']",0.01,m1,0,5000000,2279610,6782,12797,0,0.455922,0.0029750702971121923,231.83876131288707,-5.500248677097261
4,z,11,"['x', 'z', 'x', 'z']",0.01,m1,0,5000000,1669821,1282,2465,0,0.3339642,0.0007677469620995803,391.6186177888885,-44.76206197310239
4,z,12,"['z', 'z', 'x', 'z']",0.01,m1,0,5000000,3510865,4,8,0,0.702173,1.1393203669385343e-06,13.583791560027748,0.8016448221169412
4,z,13,"['x', 'x', 'z', 'z']",0.01,m1,0,5000000,1662511,474,898,0,0.3325022,0.0002851108955068682,242.33689723489806,-48.51539902482182
4,z,14,"['z', 'x', 'z', 'z']",0.01,m1,0,5000000,2607970,1,2,0,0.521594,3.834399935342958e-07,40.3921690848656,-0.38657406670972705
4,z,15,"['x', 'z', 'z', 'z']",0.01,m1,0,5000000,1956573,0,1,0,0.3913146,0.0,53.41656154720113,3.675312369130552
4,x,2,"['x', 'x', 'x', 'x']",0.005,m1,0,5000000,2775196,0,0,0,0.5550392,0.0,44.33491790527478,1.1650494947098196
4,x,3,"['z', 'x', 'x', 'x']",0.005,m1,0,5000000,3332473,1,2,0,0.6664946,3.000774499994918e-07,27.675632807891816,2.426476551219821
4,x,4,"['x', 'z', 'x', 'x']",0.005,m1,0,5000000,2751919,1433,2836,0,0.5503838,0.0005207275359485619,210.5591811342165,8.113801452796906
4,x,5,"['z', 'z', 'x', 'x']",0.005,m1,0,5000000,4018154,4,7,0,0.8036308,9.954820049395963e-07,13.527002392802387,-0.5856168819591403
4,x,6,"['x', 'x', 'z', 'x']",0.005,m1,0,5000000,2738274,2605,5152,0,0.5476548,0.0009513291949599934,774.3190049491823,50.583958733826876
4,x,7,"['z', 'x', 'z', 'x']",0.005,m1,0,5000000,3342143,7456,14389,0,0.6684286,0.0022309039439665224,188.0606329110451,5.650135994888842
4,x,8,"['x', 'z', 'z', 'x']",0.005,m1,0,5000000,2904281,178190,340312,0,0.5808562,0.061354256010351604,780.2364793499,-229.45228544948623
4,x,9,"['z', 'z', 'z', 'x']",0.005,m1,0,5000000,5000000,15,30,0,1.0,2.9999999999752447e-06,3.166123070754111,0.9008148373104632
4,x,10,"['x', 'x', 'x', 'z']",0.005,m1,0,5000000,2766896,3864,7557,0,0.5533792,0.0013965107470609306,1016.1506890449673,-241.89330060686916
4,x,11,"['z', 'x', 'x', 'z']",0.005,m1,0,5000000,3332958,7397,14328,0,0.6665916,0.0022193498987985727,349.75326924258843,78.12217856850475
4,x,12,"['x', 'z', 'x', 'z']",0.005,m1,0,5000000,2854930,165472,322802,0,0.570986,0.05796009008977454,521.8880401537754,124.66804807120934
4,x,13,"['z', 'z', 'x', 'z']",0.005,m1,0,5000000,4174378,16752,31875,0,0.8348756,0.004013052962621,101.63749171374366,13.276586522348225
4,x,14,"['x', 'x', 'z', 'z']",0.005,m1,0,5000000,2867128,172576,333467,0,0.5734256,0.060191243641720904,536.770462017972,117.4692959790118
4,x,15,"['z', 'x', 'z', 'z']",0.005,m1,0,5000000,3606515,272776,503857,0,0.721303,0.07563423415679682,362.52318085730076,47.21249895170331
4,z,2,"['z', 'x', 'x', 'x']",0.005,m1,0,5000000,3332473,133917,256714,0,0.6664946,0.04018547187028976,368.4632205190137,30.32780743809417
4,z,3,"['x', 'z', 'x', 'x']",0.005,m1,0,5000000,2751919,62545,122230,0,0.5503838,0.022727776507956765,525.9526981390081,125.04970640968531
4,z,4,"['z', 'z', 'x', 'x']",0.005,m1,0,5000000,4018154,3944,7675,0,0.8036308,0.0009815452568517902,94.03051000414416,20.232956319116056
4,z,5,"['x', 'x', 'z', 'x']",0.005,m1,0,5000000,2738274,53520,102495,0,0.5476548,0.019545158738679902,543.2407580972649,54.549337016418576
4,z,6,"['z', 'x', 'z', 'x']",0.005,m1,0,5000000,3342143,1294,2529,0,0.6684286,0.00038717673061861024,323.09807956032455,39.920001562684774
4,z,7,"['x', 'z', 'z', 'x']",0.005,m1,0,5000000,2904281,737,1462,0,0.5808562,0.00025376332386572997,695.6546530192718,-300.9786782884039
4,z,8,"['z', 'z', 'z', 'x']",0.005,m1,0,5000000,5000000,0,0,0,1.0,0.0,0.8532820320688188,0.24755648896098137
4,z,9,"['x', 'x', 'x', 'z']",0.005,m1,0,5000000,2766896,56907,98648,0,0.5533792,0.020567090342390904,325.44921971904114,22.55559086566791
4,z,10,"['z', 'x', 'x', 'z']",0.005,m1,0,5000000,3332958,2245,4360,0,0.6665916,0.0006735758446401174,152.70232552057132,-5.501502217259258
4,z,11,"['x', 'z', 'x', 'z']",0.005,m1,0,5000000,2854930,430,850,0,0.570986,0.00015061665259741286,328.08257713215426,-50.52554655401036
4,z,12,"['z', 'z', 'x', 'z']",0.005,m1,0,5000000,4174378,0,1,0,0.8348756,0.0,6.047938824631274,0.1844695103354752
4,z,13,"['x', 'x', 'z', 'z']",0.005,m1,0,5000000,2867128,159,314,0,0.5734256,5.545619170121974e-05,157.9260573098436,-7.141589211765677
4,z,14,"['z', 'x', 'z', 'z']",0.005,m1,0,5000000,3606515,0,1,0,0.721303,0.0,17.587488904129714,2.495966374874115
4,z,15,"['x', 'z', 'z', 'z']",0.005,m1,0,5000000,3122081,0,0,0,0.6244162,0.0,25.210822592955083,2.961668523028493
4,x,2,"['x', 'x', 'x', 'x']",0.001,m1,0,5000000,4441691,0,0,0,0.8883382,0.0,5.826127861626446,-0.5964913996867836
4,x,3,"['z', 'x', 'x', 'x']",0.001,m1,0,5000000,4608986,0,0,0,0.9217972,0.0,4.640975493006408,-0.43756937189027667
4,x,4,"['x', 'z', 'x', 'x']",0.001,m1,0,5000000,4433063,104,207,0,0.8866126,2.3460077152037684e-05,66.91125023271888,-0.9554729857482016
4,x,5,"['z', 'z', 'x', 'x']",0.001,m1,0,5000000,4781727,0,0,0,0.9563454,0.0,2.1258829766884446,0.1818782091140747
4,x,6,"['x', 'x', 'z', 'x']",0.001,m1,0,5000000,4424705,142,284,0,0.884941,3.209253498259734e-05,202.2719522328116,28.44589067529887
4,x,7,"['z', 'x', 'z', 'x']",0.001,m1,0,5000000,4601416,378,741,0,0.9202832,8.214862555355751e-05,63.21975257014856,4.474753426853567
4,x,8,"['x', 'z', 'z', 'x']",0.001,m1,0,5000000,4464156,47024,93080,0,0.8928312,0.010533682066666161,194.8895211839117,24.022640517912805
4,x,9,"['z', 'z', 'z', 'x']",0.001,m1,0,5000000,5000000,0,0,0,1.0,0.0,0.46282421378418803,0.44285727199167013
4,x,10,"['x', 'x', 'x', 'z']",0.001,m1,0,5000000,4426762,222,443,0,0.8853524,5.01495223822479e-05,405.0245976317674,66.16758444858715
4,x,11,"['z', 'x', 'x', 'z']",0.001,m1,0,5000000,4601077,384,766,0,0.9202154,8.345872064297044e-05,460.94033680064604,38.379225444514304
4,x,12,"['x', 'z', 'x', 'z']",0.001,m1,0,5000000,4460623,50020,99519,0,0.8921246,0.011213680241526802,1037.3437872165814,-494.89439646014944
4,x,13,"['z', 'z', 'x', 'z']",0.001,m1,0,5000000,4820648,811,1602,0,0.9641296,0.00016823464397319743,39.040661089122295,6.675903459079564
4,x,14,"['x', 'x', 'z', 'z']",0.001,m1,0,5000000,4469226,54427,108070,0,0.8938452,0.012178171343315336,561.376352970954,121.07137179607525
4,x,15,"['z', 'x', 'z', 'z']",0.001,m1,0,5000000,4683179,74888,147339,0,0.9366358,0.01599084724286648,188.63112223800272,54.71330688940361
4,z,2,"['z', 'x', 'x', 'x']",0.001,m1,0,5000000,4608986,37830,75045,0,0.9217972,0.00820787913002985,181.48417859291658,66.43339710589498
4,z,3,"['x', 'z', 'x', 'x']",0.001,m1,0,5000000,4433063,19268,38365,0,0.8866126,0.004346430447751404,725.7996436376125,-128.03315979149193
4,z,4,"['z', 'z', 'x', 'x']",0.001,m1,0,5000000,4781727,179,356,0,0.9563454,3.743417388735182e-05,35.370310141239315,4.782663237769157
4,z,5,"['x', 'x', 'z', 'x']",0.001,m1,0,5000000,4424705,14835,29390,0,0.884941,0.003352765890607401,592.8944800640456,17.855037099681795
4,z,6,"['z', 'x', 'z', 'x']",0.001,m1,0,5000000,4601416,52,105,0,0.9202832,1.1300869123820334e-05,184.60695669380948,44.78398366179317
4,z,7,"['x', 'z', 'z', 'x']",0.001,m1,0,5000000,4464156,36,73,0,0.8928312,8.06423431443104e-06,392.71795786498114,36.09852850995958
4,z,8,"['z', 'z', 'z', 'x']",0.001,m1,0,5000000,5000000,0,0,0,1.0,0.0,0.3120833788998425,0.0880941110663116
4,z,9,"['x', 'x', 'x', 'z']",0.001,m1,0,5000000,4426762,11223,21478,0,0.8853524,0.002535261665298494,183.0162549102679,18.981854090932757
4,z,10,"['z', 'x', 'x', 'z']",0.001,m1,0,5000000,4601077,109,218,0,0.9202154,2.3690105599216693e-05,50.01482053287327,5.454378101974726
4,z,11,"['x', 'z', 'x', 'z']",0.001,m1,0,5000000,4460623,22,44,0,0.8921246,4.932046487660102e-06,172.74074628995731,34.52419399889186
4,z,12,"['z', 'z', 'x', 'z']",0.001,m1,0,5000000,4820648,0,0,0,0.9641296,0.0,1.4229943007230759,0.17748928721994162
4,z,13,"['x', 'x', 'z', 'z']",0.001,m1,0,5000000,4469226,9,18,0,0.8938452,2.0137715120993605e-06,48.05402080481872,1.872889069840312
4,z,14,"['z', 'x', 'z', 'z']",0.001,m1,0,5000000,4683179,0,0,0,0.9366358,0.0,2.7881021262146533,0.1786264474503696
4,z,15,"['x', 'z', 'z', 'z']",0.001,m1,0,5000000,4550915,0,0,0,0.910183,0.0,3.5170613639056683,0.45418098708614707
4,x,2,"['x', 'x', 'x', 'x']",0.0005,m1,0,5000000,4713368,0,0,0,0.9426736,0.0,3.002606811001897,0.19353745179250836
4,x,3,"['z', 'x', 'x', 'x']",0.0005,m1,0,5000000,4800834,0,0,0,0.9601668,0.0,2.392997558694333,0.1506479880772531
4,x,4,"['x', 'z', 'x', 'x']",0.0005,m1,0,5000000,4707835,18,35,0,0.941567,3.82341352234139e-06,44.68321815924719,0.22720161406323314
4,x,5,"['z', 'z', 'x', 'x']",0.0005,m1,0,5000000,4890243,0,0,0,0.9780486,0.0,1.3431222150102258,0.1735391761176288
4,x,6,"['x', 'x', 'z', 'x']",0.0005,m1,0,5000000,4703577,40,80,0,0.9407154,8.50416608466631e-06,162.57185133872554,98.7513606864959
4,x,7,"['z', 'x', 'z', 'x']",0.0005,m1,0,5000000,4795799,97,194,0,0.9591598,2.0226035328030356e-05,85.03885613800958,8.916261586826295
4,x,8,"['x', 'z', 'z', 'x']",0.0005,m1,0,5000000,4723067,24577,48904,0,0.9446134,0.0052036102812007545,158.35299576586112,32.55602419329807
4,x,9,"['z', 'z', 'z', 'x']",0.0005,m1,0,5000000,5000000,0,0,0,1.0,0.0,0.3504417622461915,0.07418244099244475
4,x,10,"['x', 'x', 'x', 'z']",0.0005,m1,0,5000000,4704478,67,134,0,0.9408956,1.4241750094234895e-05,449.45237453700975,23.3928599068895
4,x,11,"['z', 'x', 'x', 'z']",0.0005,m1,0,5000000,4796008,98,196,0,0.9592016,2.0433660661067776e-05,276.35617590975016,2.231446585152298
4,x,12,"['x', 'z', 'x', 'z']",0.0005,m1,0,5000000,4722084,26793,53452,0,0.9444168,0.0056739778453750445,837.3164439941756,-250.52733794227242
4,x,13,"['z', 'z', 'x', 'z']",0.0005,m1,0,5000000,4909141,222,442,0,0.9818282,4.5221760792801824e-05,25.497798681724817,4.8351983721368015
4,x,14,"['x', 'x', 'z', 'z']",0.0005,m1,0,5000000,4727345,29119,58046,0,0.945469,0.006159694289289197,569.0107513866387,80.8584850137122
4,x,15,"['z', 'x', 'z', 'z']",0.0005,m1,0,5000000,4838596,38830,77022,0,0.9677192,0.008025055201963505,162.37702120188624,55.621789848431945
4,z,2,"['z', 'x', 'x', 'x']",0.0005,m1,0,5000000,4800834,19750,39367,0,0.9601668,0.0041138685486730164,195.00762999616563,10.773218333721161
4,z,3,"['x', 'z', 'x', 'x']",0.0005,m1,0,5000000,4707835,10099,20146,0,0.941567,0.0021451473979016145,631.5360073992051,-6.465409704018384
4,z,4,"['z', 'z', 'x', 'x']",0.0005,m1,0,5000000,4890243,42,84,0,0.9780486,8.58853026319828e-06,57.32350527308881,7.657408087980002
4,z,5,"['x', 'x', 'z', 'x']",0.0005,m1,0,5000000,4703577,7652,15227,0,0.9407154,0.0016268469719959988,835.1514850780368,-322.7984917461872
4,z,6,"['z', 'x', 'z', 'x']",0.0005,m1,0,5000000,4795799,18,36,0,0.9591598,3.753284906204968e-06,154.18547708075494,58.228694442193955
4,z,7,"['x', 'z', 'z', 'x']",0.0005,m1,0,5000000,4723067,15,30,0,0.9446134,3.175902437924094e-06,356.13534296676517,50.055059504229575
4,z,8,"['z', 'z', 'z', 'x']",0.0005,m1,0,5000000,5000000,0,0,0,1.0,0.0,0.2843434461392462,0.18725838977843523
4,z,9,"['x', 'x', 'x', 'z']",0.0005,m1,0,5000000,4704478,5484,10719,0,0.9408956,0.0011656978733878276,281.22835372015834,-97.60658089118078
4,z,10,"['z', 'x', 'x', 'z']",0.0005,m1,0,5000000,4796008,31,62,0,0.9592016,6.463708984605354e-06,30.843994447030127,8.136344452854246
4,z,11,"['x', 'z', 'x', 'z']",0.0005,m1,0,5000000,4722084,7,14,0,0.9444168,1.4823963317978084e-06,145.4796258280985,43.825607019942254
4,z,12,"['z', 'z', 'x', 'z']",0.0005,m1,0,5000000,4909141,0,0,0,0.9818282,0.0,1.0810980293899775,0.14368121465668082
4,z,13,"['x', 'x', 'z', 'z']",0.0005,m1,0,5000000,4727345,2,5,0,0.945469,4.23070455002339e-07,35.966938987374306,-1.4124113866128027
4,z,14,"['z', 'x', 'z', 'z']",0.0005,m1,0,5000000,4838596,0,0,0,0.9677192,0.0,2.2319793538190424,0.36283679911866784
4,z,15,"['x', 'z', 'z', 'z']",0.0005,m1,0,5000000,4769461,0,0,0,0.9538922,0.0,2.60246623493731,-0.13659940101206303
4,x,2,"['x', 'x', 'x', 'x']",0.0001,m1,0,5000000,4941241,0,0,0,0.9882482,0.0,2.0477673979476094,0.8325430569238961
4,x,3,"['z', 'x', 'x', 'x']",0.0001,m1,0,5000000,4959225,0,0,0,0.991845,0.0,1.5442187767475843,0.21703150309622288
4,x,4,"['x', 'z', 'x', 'x']",0.0001,m1,0,5000000,4940352,0,1,0,0.9880704,0.0,15.352423401083797,4.958864112850279
4,x,5,"['z', 'z', 'x', 'x']",0.0001,m1,0,5000000,4977795,0,0,0,0.995559,0.0,0.997900917660445,0.1891356366686523
4,x,6,"['x', 'x', 'z', 'x']",0.0001,m1,0,5000000,4939002,1,2,0,0.9878004,2.0247005361184733e-07,148.04332602210343,35.075587674975395
4,x,7,"['z', 'x', 'z', 'x']",0.0001,m1,0,5000000,4958623,6,12,0,0.9917246,1.2100133444103989e-06,14.092699985019863,2.5910459677688777
4,x,8,"['x', 'z', 'z', 'x']",0.0001,m1,0,5000000,4943237,5004,9988,0,0.9886474,0.0010122921478374902,294.9415054009296,87.0026616700925
4,x,9,"['z', 'z', 'z', 'x']",0.0001,m1,0,5000000,5000000,0,0,0,1.0,0.0,0.7444181870669127,0.16579140909016132
4,x,10,"['x', 'x', 'x', 'z']",0.0001,m1,0,5000000,4938981,1,2,0,0.9877962,2.0247091458980293e-07,735.0761388642713,-330.7224457380362
4,x,11,"['z', 'x', 'x', 'z']",0.0001,m1,0,5000000,4958267,8,17,0,0.9916534,1.6134669633682819e-06,138.92366645205766,40.43136156629771
4,x,12,"['x', 'z', 'x', 'z']",0.0001,m1,0,5000000,4943282,5544,11079,0,0.9886564,0.0011215220980717033,631.9795110598207,23.241801163181663
4,x,13,"['z', 'z', 'x', 'z']",0.0001,m1,0,5000000,4981710,10,19,0,0.996342,2.007342860155248e-06,12.016652720980346,2.990720490925014
4,x,14,"['x', 'x', 'z', 'z']",0.0001,m1,0,5000000,4944038,6004,11999,0,0.9888076,0.0012143919605795972,559.5199871938676,109.64235323853791
4,x,15,"['z', 'x', 'z', 'z']",0.0001,m1,0,5000000,4967416,8032,16030,0,0.9934832,0.0016169372567145235,143.23746583098546,39.78644318925217
4,z,2,"['z', 'x', 'x', 'x']",0.0001,m1,0,5000000,4959225,4114,8224,0,0.991845,0.0008295651034183615,223.31583964219317,20.413088213652372
4,z,3,"['x', 'z', 'x', 'x']",0.0001,m1,0,5000000,4940352,2164,4325,0,0.9880704,0.00043802546863058733,636.0170072708279,20.8530865451321
4,z,4,"['z', 'z', 'x', 'x']",0.0001,m1,0,5000000,4977795,0,1,0,0.995559,0.0,13.22999743418768,2.884278499055654
4,z,5,"['x', 'x', 'z', 'x']",0.0001,m1,0,5000000,4939002,1604,3204,0,0.9878004,0.0003247619660814438,621.2440495952033,21.07219415763393
4,z,6,"['z', 'x', 'z', 'x']",0.0001,m1,0,5000000,4958623,1,2,0,0.9917246,2.0166889069805904e-07,206.859672695864,8.285297477152199
4,z,7,"['x', 'z', 'z', 'x']",0.0001,m1,0,5000000,4943237,0,0,0,0.9886474,0.0,362.410262638703,44.894077487289906
4,z,8,"['z', 'z', 'z', 'x']",0.0001,m1,0,5000000,5000000,0,0,0,1.0,0.0,0.267826140858233,0.07476458698511124
4,z,9,"['x', 'x', 'x', 'z']",0.0001,m1,0,5000000,4938981,1080,2155,0,0.9877962,0.00021866858771069086,120.03410310018808,51.82641643099487
4,z,10,"['z', 'x', 'x', 'z']",0.0001,m1,0,5000000,4958267,0,1,0,0.9916534,0.0,13.192119415849447,2.665702660102397
4,z,11,"['x', 'z', 'x', 'z']",0.0001,m1,0,5000000,4943282,0,0,0,0.9886564,0.0,119.89136812323704,45.461800497956574
4,z,12,"['z', 'z', 'x', 'z']",0.0001,m1,0,5000000,4981710,0,0,0,0.996342,0.0,0.7256833920255303,0.07143158791586757
4,z,13,"['x', 'x', 'z', 'z']",0.0001,m1,0,5000000,4944038,0,0,0,0.9888076,0.0,13.904136368073523,4.319575232919306
4,z,14,"['z', 'x', 'z', 'z']",0.0001,m1,0,5000000,4967416,0,0,0,0.9934832,0.0,1.2422463507391512,0.07302473811432719
4,z,15,"['x', 'z', 'z', 'z']",0.0001,m1,0,5000000,4953139,0,0,0,0.9906278,0.0,1.6687993658706546,-0.1757954196073115
