n,lstate,i,p_error,sim_type,shots,prep_rate,prep_rate_SEM,prep_rate_SD,LER,N_samples,LER_SEM,LER_SD,eff,eff_SEM,eff_SD,skip,s_l,CNOT,hadamard,meas,count_accept,count_logerror,count_undecided,count_detect_discard,total_meta_shots,detect_normal,decoding_normal
3,x,2,0.0,m2,100,1.0,0.0,,0.0,1,0.0,,1.0,0.0,,0,2,56,16,48,100,0.0,0,0,0,0.0,0.0029173819984862
3,x,3,0.0,m2,100,1.0,0.0,,0.0,1,0.0,,1.0,0.0,,1,1,40,8,32,100,0.0,0,0,0,0.0,0.0025587050004105
3,x,4,0.0,m2,100,1.0,0.0,,0.0,1,0.0,,1.0,0.0,,0,2,56,8,48,100,0.0,0,0,0,0.0,0.011574637999729
3,x,5,0.0,m2,100,1.0,0.0,,0.0,1,0.0,,1.0,0.0,,2,0,24,0,16,100,0.0,0,0,0,0.0,0.0028557699988596
3,x,6,0.0,m2,100,1.0,0.0,,0.0,1,0.0,,1.0,0.0,,0,2,56,8,48,100,0.0,0,0,0,0.0,0.013047701000687
3,x,7,0.0,m2,100,1.0,0.0,,0.0,1,0.0,,1.0,0.0,,1,1,40,0,32,100,0.0,0,0,0,0.0,0.0126453289994969
3,x,8,0.0,m2,100,1.0,0.0,,0.0,1,0.0,,1.0,0.0,,0,2,56,0,48,100,0.0,0,0,0,0.0,0.0123206570006004
3,z,2,0.0,m2,100,1.0,0.0,,0.0,1,0.0,,1.0,0.0,,1,1,40,8,32,100,0.0,0,0,0,0.0,0.0131842209993919
3,z,3,0.0,m2,100,1.0,0.0,,0.0,1,0.0,,1.0,0.0,,0,2,56,8,48,100,0.0,0,0,0,0.0,0.0133388480007852
3,z,4,0.0,m2,100,1.0,0.0,,0.0,1,0.0,,1.0,0.0,,2,0,24,0,16,100,0.0,0,0,0,0.0,0.0032675489983375
3,z,5,0.0,m2,100,1.0,0.0,,0.0,1,0.0,,1.0,0.0,,0,2,56,8,48,100,0.0,0,0,0,0.0,0.0111506140001438
3,z,6,0.0,m2,100,1.0,0.0,,0.0,1,0.0,,1.0,0.0,,1,1,40,0,32,100,0.0,0,0,0,0.0,0.0033077759999287
3,z,7,0.0,m2,100,1.0,0.0,,0.0,1,0.0,,1.0,0.0,,0,2,56,0,48,100,0.0,0,0,0,0.0,0.0020633200001611
3,z,8,0.0,m2,100,1.0,0.0,,0.0,1,0.0,,1.0,0.0,,0,2,56,-8,48,100,0.0,0,0,0,0.0,0.0001806780001061
4,x,2,0.0,m2,200,1.0,0.0,0.0,0.0,2,0.0,0.0,1.0,0.0,0.0,0,2,56,56,48,200,0.0,0,0,0,0.0,0.0458126669982447
4,x,2,0.0001,m1,7900000,0.9882334177215191,8.91327885450259e-05,0.00040419875180901536,0.0,79,0.0,0.0,0.9882334177215191,8.91327885450259e-05,0.00040419875180901536,0,2,56,-6,48,7807044,0.0,0,0,0,0.0,54.886802308028564
4,x,2,0.0001,m1,762000000,0.9882342600299401,7.959301700052488e-06,0.00010495596522771369,0.0,668,0.0,0.0,0.9882342600299401,7.959301700052488e-06,0.00010495596522771369,0,2,56,56,48,753036568,0.0,0,0,0,2.047767397947609,1584.913659323246
4,x,2,0.0001,m2,1052400000,0.9921355141027665,5.639354777608848e-06,9.349864242992156e-05,0.0,1056,0.0,0.0,0.9869211212121212,7.566408987519637e-06,0.00012544856571386167,0,2,56,56,48,1038636368,0.0,0,5531022,0,0.0,594.5037473256234
4,x,2,0.0001,normal,7900000,0.9862681012658229,8.394972432620705e-05,0.000380694628107845,0.0,79,0.0,0.0,0.9862681012658229,8.394972432620705e-05,0.000380694628107845,0,2,64,2,64,7791518,0.0,0,0,0,0.0,2434.878346466023
4,x,2,0.0001,normal,762000000,0.986226466017964,8.489229296285067e-06,0.0001119438976443258,0.0,668,0.0,0.0,0.986226466017964,8.489229296285067e-06,0.0001119438976443258,0,2,64,64,64,751506018,0.0,0,0,0,14.848790252115576,29451.54413619307
4,x,2,0.0005,m1,7900000,0.9425753164556961,0.00016694413689559927,0.0007570571150811401,0.0,79,0.0,0.0,0.9425753164556961,0.00016694413689559927,0.0007570571150811401,0,2,56,-6,48,7446345,0.0,0,0,0,0.0,193.7070155999536
4,x,2,0.0005,m1,762000000,0.942554102245509,1.7843599991324658e-05,0.00023529605118679609,0.0,668,0.0,0.0,0.942554102245509,1.7843599991324658e-05,0.00023529605118679609,0,2,56,56,48,718226539,0.0,0,0,0,3.002606811001897,3248.4549140851022
4,x,2,0.0005,m2,1052400000,0.9612600230808286,1.193139297360187e-05,0.0001978185606905005,0.0,1056,0.0,0.0,0.9362765028409091,1.5200431671626358e-05,0.00025201814421905576,0,2,56,56,48,985341177,0.0,0,27351332,0,0.0,1220.329233828932
4,x,2,0.0005,normal,8000000,0.9330047499999999,0.000167188556627207,0.0007629489340377711,0.0,80,0.0,0.0,0.9330047499999999,0.000167188556627207,0.0007629489340377711,0,2,64,2,64,7464038,0.0,0,0,0,0.0,2246.067123700006
4,x,2,0.0005,normal,762000000,0.9330558678143713,1.9647069463644482e-05,0.0002590776448942936,0.0,668,0.0,0.0,0.9330558678143713,1.9647069463644482e-05,0.0002590776448942936,0,2,64,64,64,710988082,0.0,0,0,0,93.44471625518054,40725.019688169996
4,x,2,0.001,m1,7900000,0.8881889873417721,0.00021036820695207345,0.0009539762870469947,0.0,79,0.0,0.0,0.8881889873417721,0.00021036820695207345,0.0009539762870469947,0,2,56,-6,48,7016693,0.0,0,0,0,0.0,306.4843559879955
4,x,2,0.001,m1,33572000000,0.8884355054925674,4.7820722675536426e-06,0.00015370946574279568,1.715707140763594e-09,3969,3.061384562175471e-10,9.840164664135442e-09,0.888435503968254,4.78206898233792e-06,0.000153709360146576,0,2,56,56,48,29826472706,0.0,121,0,0,5.826127861626446,139673.0547530596
4,x,2,0.001,m2,1052400000,0.9239384279237312,1.692919418445736e-05,0.0002806804565593293,0.0,1056,0.0,0.0,0.8766877651515151,2.0883503252220244e-05,0.0003462415968252597,0,2,56,56,48,922630858,0.0,0,53818652,0,0.0,1688.6169216330163
4,x,2,0.001,normal,8000000,0.870714625,0.0002504987255273397,0.0011431268950126397,0.0,80,0.0,0.0,0.870714625,0.0002504987255273397,0.0011431268950126397,0,2,64,2,64,6965717,0.0,0,0,0,0.0,2731.090212179013
4,x,2,0.001,normal,45472000000,0.8706535104671449,4.2076147725247445e-06,0.0001541922918953691,1.6029591590378465e-09,5159,3.3379158379075647e-10,1.2232129627494125e-08,0.8706535090715255,4.207615197388693e-06,0.0001541923074649375,0,2,64,64,64,39590372918,0.0,135,0,0,72.08889524219558,1627761.8371087827
4,x,2,0.005,m1,7900000,0.5546582278481013,0.0003477648928843235,0.0015770418262616315,1.2542877155432935e-06,79,7.618144157043228e-07,3.4546707330069895e-06,0.5546575316455696,0.0003477250855574589,0.0015768613082716286,0,2,56,-6,48,4381800,0.0,11,0,0,0.0,869.2966129749693
4,x,2,0.005,m1,750000000,0.5546922134502924,3.933088838909563e-05,0.00026240719568532416,1.391603286085331e-07,171,3.078107452135211e-08,2.0536468348801295e-07,0.55469213625731,3.9330301402639105e-05,0.0002624032794384182,0,2,56,56,48,416006984,2.0,113,0,0,44.33491790527478,18497.01230437953
4,x,2,0.005,m2,1052400000,0.6712280334238675,3.411334331132829e-05,0.0005655879819831884,5.852193586530033e-07,1056,4.49993094706636e-08,7.460737108607547e-07,0.5194879138257577,2.9196967468221156e-05,0.0004840760918586438,0,2,56,56,48,546710582,0.0,642,237911557,0,0.0,7247.386611904018
4,x,2,0.005,normal,8000000,0.502031125,0.00036620768286181826,0.0016711536178810418,1.7434855362226296e-06,80,9.038510294319056e-07,4.124637435393682e-06,0.50203025,0.00036622660149735836,0.0016712399512588156,0,2,64,2,64,4016249,0.0,14,0,0,0.0,3221.5178306860907
4,x,2,0.005,normal,834000000,0.50187773046875,3.671950836600069e-05,0.00025959205762801483,1.4166702627208473e-07,192,2.5573088957297498e-08,1.8079138522660354e-07,0.501877659375,3.672109293785322e-05,0.00025960325990947124,0,2,64,64,64,418565380,0.0,122,0,0,207.8804706661031,88003.64335284983
4,x,2,0.01,m1,7900000,0.309429746835443,0.00034025604343962266,0.0015429907478356861,1.533741620188894e-05,79,3.4207089113470797e-06,1.5512207065865715e-05,0.309425,0.00034020803975631043,0.0015427730610652643,0,2,56,-6,48,2444495,1.0,73,0,0,0.0,1472.0814496640087
4,x,2,0.01,m1,609000000,0.27735425588785045,0.0011148313478265958,0.013156185603468781,9.505163401113693e-06,535,4.4437509600685907e-07,5.244094770050226e-06,0.2773516578504673,0.001114895791730741,0.013156946109500117,0,2,56,56,48,171272852,48.0,2790,0,0,98.79311243677512,26806.970969207203
4,x,2,0.01,m2,458400000,0.4469999047398149,6.401415152187168e-05,0.0007020061388193486,1.0644466646139554e-05,462,4.3280501408166736e-07,4.746322017457578e-06,0.2719709534632035,4.572527545185872e-05,0.0005014426232837451,0,2,56,56,48,124670477,46.0,2574,179495110,0,0.0,11239.16824135976
4,x,2,0.01,normal,8100000,0.25389197530864194,0.00029447397418608397,0.001352176412078957,2.0645304246641142e-05,81,4.383205055621594e-06,2.0126961990099156e-05,0.2538867283950617,0.00029425422430746375,0.0013511673565138641,0,2,64,2,64,2056525,3.0,79,0,0,0.0,3439.2495928909193
4,x,2,0.01,normal,641000000,0.23348829727767698,0.0007697121496701321,0.009218241251229293,9.05117203247044e-06,551,4.6121777950437724e-07,5.523645121945522e-06,0.23348621270417422,0.0007697703833555505,0.009218938670597514,0,2,64,64,64,151499431,12.0,2377,0,0,320.8766591362655,67408.68751111726
4,x,3,0.0,m2,200,1.0,0.0,0.0,0.0,2,0.0,0.0,1.0,0.0,0.0,1,1,40,40,32,200,0.0,0,0,0,0.0,0.048288728999978006
4,x,3,0.0001,m1,7900000,0.991870506329114,6.80659564660679e-05,0.00030866502768926046,0.0,79,0.0,0.0,0.991870506329114,6.80659564660679e-05,0.00030866502768926046,0,2,56,-8,48,7835777,0.0,0,0,0,0.0,53.403876500044134
4,x,3,0.0001,m1,7900000,0.991870506329114,6.80659564660679e-05,0.00030866502768926046,0.0,79,0.0,0.0,0.991870506329114,6.80659564660679e-05,0.00030866502768926046,0,2,56,-6,48,7835777,0.0,0,0,0,0.0,53.403876500044134
4,x,3,0.0001,m1,762000000,0.9918773276946107,6.600848898415289e-06,8.704261926029248e-05,0.0,668,0.0,0.0,0.9918773276946107,6.600848898415289e-06,8.704261926029248e-05,1,1,40,40,32,755810931,0.0,0,0,0,1.5442187767475843,1432.0758823206952
4,x,3,0.0001,m2,1052400000,0.9960618249137204,3.909785044233716e-06,6.482294663923676e-05,0.0,1056,0.0,0.0,0.9908251240530304,6.565651793706709e-06,0.00010885634147661283,1,1,40,40,32,1042744865,0.0,0,5532570,0,0.0,636.4922232872341
4,x,3,0.0001,normal,7900000,0.9898683544303798,7.809918089229555e-05,0.0003541636242876641,0.0,79,0.0,0.0,0.9898683544303798,7.809918089229555e-05,0.0003541636242876641,0,2,64,0,64,7819960,0.0,0,0,0,0.0,2435.730750797942
4,x,3,0.0001,normal,7900000,0.9898683544303798,7.809918089229555e-05,0.0003541636242876641,0.0,79,0.0,0.0,0.9898683544303798,7.809918089229555e-05,0.0003541636242876641,0,2,64,2,64,7819960,0.0,0,0,0,0.0,2435.730750797942
4,x,3,0.0001,normal,762000000,0.9898658669161676,7.2632363700367856e-06,9.577724436419079e-05,0.0,668,0.0,0.0,0.9898658669161676,7.2632363700367856e-06,9.577724436419079e-05,1,1,48,48,48,754279115,0.0,0,0,0,15.052663489244878,31176.943632655013
4,x,3,0.0005,m1,7900000,0.9600053164556961,0.00015154509113075594,0.0006872256290612077,0.0,79,0.0,0.0,0.9600053164556961,0.00015154509113075594,0.0006872256290612077,0,2,56,-8,48,7584042,0.0,0,0,0,0.0,157.70491683497676
4,x,3,0.0005,m1,7900000,0.9600053164556961,0.00015154509113075594,0.0006872256290612077,0.0,79,0.0,0.0,0.9600053164556961,0.00015154509113075594,0.0006872256290612077,0,2,56,-6,48,7584042,0.0,0,0,0,0.0,157.70491683497676
4,x,3,0.0005,m1,762000000,0.9600491673652695,1.4642164505440862e-05,0.00019308006739854835,7.793699405057045e-10,668,1.5275650833911813e-09,2.0143358527848882e-08,0.9600491666167665,1.4642062756837456e-05,0.00019307872568249292,1,1,40,40,32,731556715,0.0,1,0,0,2.392997558694333,2999.9636471219274
4,x,3,0.0005,m2,1052400000,0.9804001139527726,8.018847733320638e-06,0.00013294985091107122,0.0,1056,0.0,0.0,0.9549093958333333,1.2579738696098711e-05,0.00020856791895385927,1,1,40,40,32,1004947816,0.0,0,27361777,0,0.0,1243.1087059876882
4,x,3,0.0005,normal,8000000,0.95035,0.0001504793798061216,0.0006866982090989736,0.0,80,0.0,0.0,0.95035,0.0001504793798061216,0.0006866982090989736,0,2,64,0,64,7602800,0.0,0,0,0,0.0,2724.777653526806
4,x,3,0.0005,normal,8000000,0.95035,0.0001504793798061216,0.0006866982090989736,0.0,80,0.0,0.0,0.95035,0.0001504793798061216,0.0006866982090989736,0,2,64,2,64,7602800,0.0,0,0,0,0.0,2724.777653526806
4,x,3,0.0005,normal,762000000,0.9503709541916168,1.7178096263190487e-05,0.00022652033331841784,0.0,668,0.0,0.0,0.9503709541916168,1.7178096263190487e-05,0.00022652033331841784,1,1,48,48,48,724181007,0.0,0,0,0,40.80304932920262,40785.62366537824
4,x,3,0.001,m1,7900000,0.9216243037974683,0.00021674052873566738,0.0009828734477114224,0.0,79,0.0,0.0,0.9216243037974683,0.00021674052873566738,0.0009828734477114224,0,2,56,-8,48,7280832,0.0,0,0,0,0.0,269.8956773119862
4,x,3,0.001,m1,7900000,0.9216243037974683,0.00021674052873566738,0.0009828734477114224,0.0,79,0.0,0.0,0.9216243037974683,0.00021674052873566738,0.0009828734477114224,0,2,56,-6,48,7280832,0.0,0,0,0,0.0,269.8956773119862
4,x,3,0.001,m1,912000000,0.9217311169274537,1.899265924585985e-05,0.0002569255930305096,3.0859926936362833e-09,703,3.017803916876546e-09,4.082372304775159e-08,0.9217311140825035,1.8992527980444372e-05,0.0002569238173210484,1,1,40,40,32,840614812,0.0,4,0,0,4.640975493006408,6735.34107594677
4,x,3,0.001,m2,1052400000,0.961089258654359,1.182691431907606e-05,0.0001960863390541079,0.0,1056,0.0,0.0,0.9119210852272727,1.7565158627169026e-05,0.00029122453728702827,1,1,40,40,32,959708049,0.0,0,53837538,0,0.0,1591.4831373090856
4,x,3,0.001,normal,8000000,0.9032763750000001,0.00020793565743420698,0.0009488944183040741,0.0,80,0.0,0.0,0.9032763750000001,0.00020793565743420698,0.0009488944183040741,0,2,64,0,64,7226211,0.0,0,0,0,0.0,3218.4278317439166
4,x,3,0.001,normal,8000000,0.9032763750000001,0.00020793565743420698,0.0009488944183040741,0.0,80,0.0,0.0,0.9032763750000001,0.00020793565743420698,0.0009488944183040741,0,2,64,2,64,7226211,0.0,0,0,0,0.0,3218.4278317439166
4,x,3,0.001,normal,912000000,0.9032676544807966,2.107039083308651e-05,0.00028503236909046534,5.511626772639813e-09,703,4.065584043214221e-09,5.4997700837806016e-08,0.9032676495021338,2.1070346742626355e-05,0.00028503177265120554,1,1,48,48,48,823775085,0.0,7,0,0,75.87616891320795,55967.3621574421
4,x,3,0.005,m1,7900000,0.6663394936708861,0.0003504925517063093,0.0015894111945850581,1.6140165635858679e-06,79,7.799503669595006e-07,3.536913519077897e-06,0.666338417721519,0.0003504489232228253,0.0015892133484404975,0,2,56,-8,48,5264082,0.0,17,0,0,0.0,787.4932781517855
4,x,3,0.005,m1,7900000,0.6663394936708861,0.0003504925517063093,0.0015894111945850581,1.6140165635858679e-06,79,7.799503669595006e-07,3.536913519077897e-06,0.666338417721519,0.0003504489232228253,0.0015892133484404975,0,2,56,-6,48,5264082,0.0,17,0,0,0.0,787.4932781517855
4,x,3,0.005,m1,750000000,0.6664090076023391,3.5823720108535395e-05,0.00023900812612468123,2.702656725095962e-07,171,3.1011030373783485e-08,2.0689889928733558e-07,0.6664088274853801,3.5819732836762937e-05,0.00023898152390827829,1,1,40,40,32,499794016,0.0,265,0,0,27.675632807891816,14173.981757753307
4,x,3,0.005,m2,1052400000,0.8170946634724817,2.5966116594380355e-05,0.00043050964986122677,1.373979787589213e-06,1056,6.626047381916533e-08,1.0985768041148465e-06,0.6323707930871212,2.665143586045058e-05,0.0004418720172836583,1,1,40,40,32,665504820,34.0,1758,237921389,0,0.0,5825.162490482209
4,x,3,0.005,normal,8000000,0.60322725,0.00035938794482398713,0.0016400323977966917,2.5881388439638217e-06,80,1.0634414843761726e-06,4.8529131615477605e-06,0.6032256874999999,0.000359283736411651,0.0016395568527072817,0,2,64,0,64,4825818,1.0,23,0,0,0.0,4100.629965924061
4,x,3,0.005,normal,8000000,0.60322725,0.00035938794482398713,0.0016400323977966917,2.5881388439638217e-06,80,1.0634414843761726e-06,4.8529131615477605e-06,0.6032256874999999,0.000359283736411651,0.0016395568527072817,0,2,64,2,64,4825818,1.0,23,0,0,0.0,4100.629965924061
4,x,3,0.005,normal,834000000,0.60299380703125,3.576186437078473e-05,0.00025282190230035246,5.791286898340344e-07,192,5.503739690998954e-08,3.8909211332422943e-07,0.6029934578125,3.575923629768393e-05,0.00025280332288755004,1,1,48,48,48,502895246,22.0,531,0,0,236.15081583801657,89900.99400560647
4,x,3,0.01,m1,7900000,0.4462526582278481,0.00035684673158954173,0.0016182260854854485,3.417418072209148e-05,79,3.930469698357606e-06,1.7823866750188856e-05,0.4462374050632911,0.00035666381192638307,0.001617396582664579,0,2,56,-8,48,3525396,4.0,233,0,0,0.0,1560.4421894121042
4,x,3,0.01,m1,7900000,0.4462526582278481,0.00035684673158954173,0.0016182260854854485,3.417418072209148e-05,79,3.930469698357606e-06,1.7823866750188856e-05,0.4462374050632911,0.00035666381192638307,0.001617396582664579,0,2,56,-6,48,3525396,4.0,233,0,0,0.0,1560.4421894121042
4,x,3,0.01,m1,609000000,0.4087992061682243,0.0012999096681414902,0.015340304966445046,1.843411124170211e-05,535,6.450962397421072e-07,7.6128159462798404e-06,0.4087917576635514,0.0013000983799669004,0.015342531965000034,1,1,40,40,32,251718854,163.0,7948,0,0,69.81479557417333,25417.3629470191
4,x,3,0.01,m2,458400000,0.6616194045263145,5.9379678649882244e-05,0.0006511825579550966,2.083687902029626e-05,462,5.074395421818303e-07,5.564795677555973e-06,0.4025165541125541,4.574987520082118e-05,0.0005017123944886194,1,1,40,40,32,184514598,155.0,7359,179514522,0,0.0,8029.06828956306
4,x,3,0.01,normal,8100000,0.36628925925925926,0.0002812920109589945,0.0012916469890974238,4.398073385914069e-05,81,5.400585957529187e-06,2.479860898865443e-05,0.36627314814814815,0.00028119617094997753,0.001291206907423366,0,2,64,0,64,2966943,15.0,231,0,0,0.0,4219.843700376921
4,x,3,0.01,normal,8100000,0.36628925925925926,0.0002812920109589945,0.0012916469890974238,4.398073385914069e-05,81,5.400585957529187e-06,2.479860898865443e-05,0.36627314814814815,0.00028119617094997753,0.001291206907423366,0,2,64,2,64,2966943,15.0,231,0,0,0.0,4219.843700376921
4,x,3,0.01,normal,641000000,0.3442070488203267,0.0008378468943089828,0.01003423787274683,2.6140459520602966e-05,551,8.295209121213049e-07,9.934524086895398e-06,0.3441981238656987,0.0008380445135714444,0.010036604604307506,1,1,48,48,48,222631602,479.0,9574,0,0,362.9285886227153,79934.66740639826
4,x,4,0.0,m2,200,1.0,0.0,0.0,0.0,2,0.0,0.0,1.0,0.0,0.0,0,2,56,40,48,200,0.0,0,0,0,0.0,0.0540539309986342
4,x,4,0.0001,m1,7900000,0.9879777215189873,8.56602976392531e-05,0.0003884517241136741,5.765380974300369e-07,79,3.5683262746873035e-07,1.6181621262161339e-06,0.9879771518987343,8.565336254890626e-05,0.000388420274914029,0,2,56,-8,48,7805024,0.0,9,0,0,0.0,2204.0325533601426
4,x,4,0.0001,m1,7900000,0.9879777215189873,8.56602976392531e-05,0.0003884517241136741,5.765380974300369e-07,79,3.5683262746873035e-07,1.6181621262161339e-06,0.9879771518987343,8.565336254890626e-05,0.000388420274914029,0,2,56,-6,48,7805024,0.0,9,0,0,0.0,2204.0325533601426
4,x,4,0.0001,m1,105000000,0.9880403090909091,1.742197272089421e-05,2.9480687052557783e-05,1.9782063310601528e-07,11,6.613934558892429e-08,1.1191805775413743e-07,0.9880401136363637,1.7426754340846754e-05,2.948877829708465e-05,0,2,56,40,48,103744082,0.0,42,0,0,15.352423401083795,419.25769095495343
4,x,4,0.0001,normal,7900000,0.985033417721519,7.939160986293955e-05,0.000360024522227284,2.570485659753829e-07,79,2.470157220423588e-07,1.1201651845133022e-06,0.9850331645569621,7.94145034767641e-05,0.00036012834002860416,0,2,64,0,64,7781764,0.0,4,0,0,0.0,4262.070895066936
4,x,4,0.0001,normal,7900000,0.985033417721519,7.939160986293955e-05,0.000360024522227284,2.570485659753829e-07,79,2.470157220423588e-07,1.1201651845133022e-06,0.9850331645569621,7.94145034767641e-05,0.00036012834002860416,0,2,64,2,64,7781764,0.0,4,0,0,0.0,4262.070895066936
4,x,4,0.0001,normal,105000000,0.9850386181818181,2.6612897796912675e-05,4.503316151858938e-05,2.3533955276541564e-07,11,5.5754548530213575e-08,9.434536623998957e-08,0.9850383863636364,2.661815237257458e-05,4.5042053077723606e-05,0,2,64,48,64,103428653,0.0,49,0,0,523.3268667091615,9956.531956512015
4,x,4,0.0005,m1,7900000,0.9415718987341772,0.00016566063884582784,0.0007512367170196025,1.5191606538013502e-05,79,2.0689515602685277e-06,9.382267197793421e-06,0.9415575949367089,0.0001657232446070787,0.0007515206211918687,0,2,56,-8,48,7438418,0.0,226,0,0,0.0,2351.1611547431676
4,x,4,0.0005,m1,7900000,0.9415718987341772,0.00016566063884582784,0.0007512367170196025,1.5191606538013502e-05,79,2.0689515602685277e-06,9.382267197793421e-06,0.9415575949367089,0.0001657232446070787,0.0007515206211918687,0,2,56,-6,48,7438418,0.0,226,0,0,0.0,2351.1611547431676
4,x,4,0.0005,m1,105000000,0.9415343545454546,3.426432842621479e-05,5.798057198125673e-05,5.098071687291667e-06,11,4.0047885805206535e-07,6.776725044023985e-07,0.9415295545454545,3.436777819080096e-05,5.815562506992148e-05,0,2,56,40,48,98860944,0.0,1021,0,0,44.68321815924719,1024.8647235068493
4,x,4,0.0005,normal,7900000,0.9274054430379747,0.00018746385554504607,0.0008501097930122114,1.4603829524184115e-05,79,1.83698385325331e-06,8.330341647543342e-06,0.9273918987341772,0.00018731481790050305,0.0008494339381345599,0,2,64,0,64,7326503,2.0,210,0,0,0.0,3977.9908910230297
4,x,4,0.0005,normal,7900000,0.9274054430379747,0.00018746385554504607,0.0008501097930122114,1.4603829524184115e-05,79,1.83698385325331e-06,8.330341647543342e-06,0.9273918987341772,0.00018731481790050305,0.0008494339381345599,0,2,64,2,64,7326503,2.0,210,0,0,0.0,3977.9908910230297
4,x,4,0.0005,normal,105000000,0.9273604727272727,5.2848593906535536e-05,8.942803912542912e-05,5.293607134893115e-06,11,3.433628967027529e-07,5.810234159656074e-07,0.9273555636363636,5.2789284233759093e-05,8.932767793612391e-05,0,2,64,48,64,97373130,0.0,1028,0,0,527.3433895618655,10177.173067875672
4,x,4,0.001,m1,7900000,0.8866564556962026,0.0002343992094190834,0.0010629519105009616,6.495539347164493e-05,79,4.048829120194738e-06,1.8360602236112068e-05,0.8865988607594936,0.00023407228907586214,0.0010614693943940606,0,2,56,-8,48,7004586,1.0,908,0,0,0.0,2163.752425855826
4,x,4,0.001,m1,7900000,0.8866564556962026,0.0002343992094190834,0.0010629519105009616,6.495539347164493e-05,79,4.048829120194738e-06,1.8360602236112068e-05,0.8865988607594936,0.00023407228907586214,0.0010614693943940606,0,2,56,-6,48,7004586,1.0,908,0,0,0.0,2163.752425855826
4,x,4,0.001,m1,55000000,0.8866770166666668,7.12702539795348e-05,8.906926331041962e-05,2.0826835848619217e-05,6,1.7836138779332986e-06,2.229053009736399e-06,0.8866585499999999,7.138196938345441e-05,8.92088784818543e-05,0,2,56,40,48,48767558,8.0,1993,0,0,66.91125023271888,837.7696264064871
4,x,4,0.001,normal,8000000,0.86009925,0.00024546642677187317,0.0011201624825630258,5.8639145793866995e-05,80,4.133420543387289e-06,1.8862467988996117e-05,0.8600488125,0.0002451344491137996,0.0011186475343784058,0,2,64,0,64,6880794,0.0,807,0,0,0.0,4783.787772665964
4,x,4,0.001,normal,8000000,0.86009925,0.00024546642677187317,0.0011201624825630258,5.8639145793866995e-05,80,4.133420543387289e-06,1.8862467988996117e-05,0.8600488125,0.0002451344491137996,0.0011186475343784058,0,2,64,2,64,6880794,0.0,807,0,0,0.0,4783.787772665964
4,x,4,0.001,normal,55000000,0.8603072666666667,0.00011686214808076048,0.00014604726175685288,2.0913006332598282e-05,6,1.092651803902627e-06,1.3655302990270515e-06,0.860289275,0.00011655006618813446,0.0001456572406370081,0,2,64,48,64,47316649,2.0,1967,0,0,540.2880013687536,5823.4277676153
4,x,4,0.005,m1,7900000,0.550216582278481,0.0004242817962402883,0.0019240301493426333,0.0015375634179274165,79,2.907130286257858e-05,0.00013183234275880695,0.5493706329113924,0.0004267126485798459,0.0019350535616863955,0,2,56,-8,48,4346711,106.0,13154,0,0,0.0,2635.5709740208695
4,x,4,0.005,m1,7900000,0.550216582278481,0.0004242817962402883,0.0019240301493426333,0.0015375634179274165,79,2.907130286257858e-05,0.00013183234275880695,0.5493706329113924,0.0004267126485798459,0.0019350535616863955,0,2,56,-6,48,4346711,106.0,13154,0,0,0.0,2635.5709740208695
4,x,4,0.005,m1,35000000,0.550269825,0.00013901042072568282,0.00014184736808743145,0.0005278311685305362,4,9.262834221922072e-06,9.451871655022522e-06,0.5499793749999999,0.00013680875172908868,0.00013960076707049865,0,2,56,40,48,19258874,108.0,20154,0,0,210.5591811342165,973.9419083618559
4,x,4,0.005,normal,8000000,0.47494875,0.00037358140179326744,0.0017048028766110364,0.0015844631446462064,80,2.9401111315812086e-05,0.00013416915003304923,0.47419618750000003,0.00037176272583402156,0.0016965035233989579,0,2,64,0,64,3799590,108.0,11825,0,0,0.0,4096.985029597956
4,x,4,0.005,normal,8000000,0.47494875,0.00037358140179326744,0.0017048028766110364,0.0015844631446462064,80,2.9401111315812086e-05,0.00013416915003304923,0.47419618750000003,0.00037176272583402156,0.0016965035233989579,0,2,64,2,64,3799590,108.0,11825,0,0,0.0,4096.985029597956
4,x,4,0.005,normal,35000000,0.475053275,8.212413156314634e-05,8.380013424810851e-05,0.0005424125921537671,4,8.887505048962544e-06,9.068882703023004e-06,0.4747956,8.128266553616158e-05,8.294149544506284e-05,0,2,64,48,64,16626415,222.0,17588,0,0,494.8313205973245,3677.7974353539757
4,x,4,0.01,m1,7900000,0.306146582278481,0.0003439472270283739,0.0015597295015942706,0.006267755165323697,79,7.282986900330008e-05,0.00033026838524946806,0.30422772151898736,0.000342099874298549,0.0015513521392371062,0,2,56,-8,48,2418558,533.0,29252,0,0,0.0,2590.07121736485
4,x,4,0.01,m1,7900000,0.306146582278481,0.0003439472270283739,0.0015597295015942706,0.006267755165323697,79,7.282986900330008e-05,0.00033026838524946806,0.30422772151898736,0.000342099874298549,0.0015513521392371062,0,2,56,-6,48,2418558,533.0,29252,0,0,0.0,2590.07121736485
4,x,4,0.01,m1,25000000,0.3063269,0.00019570698964860205,0.00017294614768761994,0.002219852711692127,3,6.677624559106786e-06,5.901012760327896e-06,0.3056469,0.00019707829239165548,0.00017415796708737866,0,2,56,40,48,7657174,475.0,33064,0,0,310.0642046011053,834.651995128952
4,x,4,0.01,normal,8100000,0.23072037037037038,0.00035064393920935247,0.0016100997208592716,0.006615822645499324,81,8.974515368500744e-05,0.0004120950934515648,0.22919401234567902,0.0003504204669424819,0.0016090735726950701,0,2,64,0,64,1868835,650.0,23427,0,0,0.0,3470.744943040976
4,x,4,0.01,normal,8100000,0.23072037037037038,0.00035064393920935247,0.0016100997208592716,0.006615822645499324,81,8.974515368500744e-05,0.0004120950934515648,0.22919401234567902,0.0003504204669424819,0.0016090735726950701,0,2,64,2,64,1868835,650.0,23427,0,0,0.0,3470.744943040976
4,x,4,0.01,normal,25000000,0.23084183333333333,0.0001807626699269417,0.00015973986144146213,0.0024928916009958613,3,4.762375441926634e-05,4.208508280681232e-05,0.23026636666666667,0.000173148300799558,0.0001530110480760476,0,2,64,48,64,5770160,1074.0,26572,0,0,481.4540725499392,1895.090453254059
4,x,5,0.0,m2,200,1.0,0.0,0.0,0.0,2,0.0,0.0,1.0,0.0,0.0,2,0,24,24,16,200,0.0,0,0,0,0.0,0.0469999850010935
4,x,5,0.0001,m1,7900000,0.9955508860759494,4.341990257424449e-05,0.0001969002732963197,0.0,79,0.0,0.0,0.9955508860759494,4.341990257424449e-05,0.0001969002732963197,0,2,56,-8,48,7864852,0.0,0,0,0,0.0,48.60086617487832
4,x,5,0.0001,m1,7900000,0.9955508860759494,4.341990257424449e-05,0.0001969002732963197,0.0,79,0.0,0.0,0.9955508860759494,4.341990257424449e-05,0.0001969002732963197,0,2,56,-6,48,7864852,0.0,0,0,0,0.0,48.60086617487832
4,x,5,0.0001,m1,762000000,0.9955317023952096,4.916170267905433e-06,6.482747044108152e-05,0.0,668,0.0,0.0,0.9955317023952096,4.916170267905433e-06,6.482747044108152e-05,2,0,24,24,16,758595646,0.0,0,0,0,0.997900917660445,1143.4097240735218
4,x,5,0.0001,normal,7900000,0.9935160759493671,6.402639830016718e-05,0.0002903464673124338,0.0,79,0.0,0.0,0.9935160759493671,6.402639830016718e-05,0.0002903464673124338,0,2,64,0,64,7848777,0.0,0,0,0,0.0,2243.7678764840093
4,x,5,0.0001,normal,7900000,0.9935160759493671,6.402639830016718e-05,0.0002903464673124338,0.0,79,0.0,0.0,0.9935160759493671,6.402639830016718e-05,0.0002903464673124338,0,2,64,2,64,7848777,0.0,0,0,0,0.0,2243.7678764840093
4,x,5,0.0001,normal,762000000,0.9935191422155689,5.905200082879019e-06,7.786939079809668e-05,0.0,668,0.0,0.0,0.9935191422155689,5.905200082879019e-06,7.786939079809668e-05,2,0,32,32,32,757062524,0.0,0,0,0,13.108147181104869,30088.012480211717
4,x,5,0.0005,m1,7900000,0.977929493670886,0.00010747254610104235,0.00048736575728060044,0.0,79,0.0,0.0,0.977929493670886,0.00010747254610104235,0.00048736575728060044,0,2,56,-8,48,7725643,0.0,0,0,0,0.0,147.27546198309574
4,x,5,0.0005,m1,7900000,0.977929493670886,0.00010747254610104235,0.00048736575728060044,0.0,79,0.0,0.0,0.977929493670886,0.00010747254610104235,0.00048736575728060044,0,2,56,-6,48,7725643,0.0,0,0,0,0.0,147.27546198309574
4,x,5,0.0005,m1,762000000,0.977905820508982,1.0988578478917012e-05,0.0001449017645263543,0.0,668,0.0,0.0,0.977905820508982,1.0988578478917012e-05,0.0001449017645263543,2,0,24,24,16,745164440,0.0,0,0,0,1.3431222150102258,2110.0931251395896
4,x,5,0.0005,normal,7900000,0.9681569620253164,0.0001263253062982695,0.0005728591235744699,0.0,79,0.0,0.0,0.9681569620253164,0.0001263253062982695,0.0005728591235744699,0,2,64,0,64,7648440,0.0,0,0,0,0.0,2409.779422482912
4,x,5,0.0005,normal,7900000,0.9681569620253164,0.0001263253062982695,0.0005728591235744699,0.0,79,0.0,0.0,0.9681569620253164,0.0001263253062982695,0.0005728591235744699,0,2,64,2,64,7648440,0.0,0,0,0,0.0,2409.779422482912
4,x,5,0.0005,normal,762000000,0.9681021577844311,1.3508438462334892e-05,0.00017813009871508974,3.866115531655829e-09,668,3.3786231134024905e-09,4.455248253819592e-08,0.9681021540419161,1.3508554317348277e-05,0.0001781316264464429,2,0,32,32,32,737691292,0.0,5,0,0,36.05707584694028,39241.919102245345
4,x,5,0.001,m1,7900000,0.956300506329114,0.00014928539834257068,0.0006769783898648831,0.0,79,0.0,0.0,0.956300506329114,0.00014928539834257068,0.0006769783898648831,0,2,56,-8,48,7554774,0.0,0,0,0,0.0,226.27779597396147
4,x,5,0.001,m1,7900000,0.956300506329114,0.00014928539834257068,0.0006769783898648831,0.0,79,0.0,0.0,0.956300506329114,0.00014928539834257068,0.0006769783898648831,0,2,56,-6,48,7554774,0.0,0,0,0,0.0,226.27779597396147
4,x,5,0.001,m1,912000000,0.9563949701280227,1.4925867597888538e-05,0.0002019115561670662,8.923183266181087e-09,703,5.009054218874537e-09,6.77606126159956e-08,0.956394961593172,1.4925600725571128e-05,0.0002019079460181383,2,0,24,24,16,872228380,0.0,12,0,0,2.1258829766884446,2651.4683295247687
4,x,5,0.001,normal,8000000,0.9374724999999999,0.000172645239461915,0.0007878499825072882,0.0,80,0.0,0.0,0.9374724999999999,0.000172645239461915,0.0007878499825072882,0,2,64,0,64,7499780,0.0,0,0,0,0.0,2594.615620485929
4,x,5,0.001,normal,8000000,0.9374724999999999,0.000172645239461915,0.0007878499825072882,0.0,80,0.0,0.0,0.9374724999999999,0.000172645239461915,0.0007878499825072882,0,2,64,2,64,7499780,0.0,0,0,0,0.0,2594.615620485929
4,x,5,0.001,normal,911000000,0.937452994017094,1.78559066425523e-05,0.00024137616967116868,1.9221860453685107e-08,702,7.321372749640209e-09,9.897032653786453e-08,0.937452975997151,1.785580635045116e-05,0.00024137481392241244,2,0,32,32,32,854016737,0.0,27,0,0,57.26324455207214,51764.85898026482
4,x,5,0.005,m1,7900000,0.8035143037974684,0.00027881612848879006,0.0012643734472916376,7.405481301888365e-06,79,1.7030582739112133e-06,7.723016858439168e-06,0.8035083544303797,0.00027896506176354734,0.001265048828873908,0,2,56,-8,48,6347763,4.0,86,0,0,0.0,527.3449921406864
4,x,5,0.005,m1,7900000,0.8035143037974684,0.00027881612848879006,0.0012643734472916376,7.405481301888365e-06,79,1.7030582739112133e-06,7.723016858439168e-06,0.8035083544303797,0.00027896506176354734,0.001265048828873908,0,2,56,-6,48,6347763,4.0,86,0,0,0.0,527.3449921406864
4,x,5,0.005,m1,750000000,0.8036193555555555,3.1492894042683564e-05,0.00021011378965054862,1.115939308242382e-06,171,7.574830832193176e-08,5.053763588563188e-07,0.8036184587719297,3.149684244561235e-05,0.00021014013254241846,2,0,24,24,16,602701270,14.0,1325,0,0,13.527002392802387,7046.500922475327
4,x,5,0.005,normal,8000000,0.731106,0.0003483197891651496,0.0015895239315952435,1.4703128965603548e-05,80,2.1731110867656595e-06,9.916783903400937e-06,0.73109525,0.0003482722104996729,0.0015893068109211932,0,2,64,0,64,5848848,4.0,164,0,0,0.0,3562.252985103958
4,x,5,0.005,normal,8000000,0.731106,0.0003483197891651496,0.0015895239315952435,1.4703128965603548e-05,80,2.1731110867656595e-06,9.916783903400937e-06,0.73109525,0.0003482722104996729,0.0015893068109211932,0,2,64,2,64,5848848,4.0,164,0,0,0.0,3562.252985103958
4,x,5,0.005,normal,750000000,0.7309545988304094,3.309860696911738e-05,0.00022082675961788837,4.1790381652913645e-06,171,1.4231592594541146e-07,9.495011315088778e-07,0.7309515441520468,3.31030196009157e-05,0.00022085619974454747,2,0,32,32,32,548209806,97.0,4367,0,0,177.33351277699694,66176.2605091414
4,x,5,0.01,m1,7900000,0.652869746835443,0.00032870668207601997,0.0014906167839604137,0.00010518869330938822,79,5.665631085997182e-06,2.5692464586290717e-05,0.6528010759493671,0.0003290483606979258,0.0014921662258072196,0,2,56,-8,48,5157671,29.0,1027,0,0,0.0,891.5731489061291
4,x,5,0.01,m1,7900000,0.652869746835443,0.00032870668207601997,0.0014906167839604137,0.00010518869330938822,79,5.665631085997182e-06,2.5692464586290717e-05,0.6528010759493671,0.0003290483606979258,0.0014921662258072196,0,2,56,-6,48,5157671,29.0,1027,0,0,0.0,891.5731489061291
4,x,5,0.01,m1,585000000,0.6139184598470364,0.0012582026870506546,0.014680653265520795,7.145560323078493e-05,523,1.825640972878711e-06,2.1301498070224192e-05,0.6138748847036329,0.0012592212769526408,0.014692538127415243,2,0,24,24,16,361556815,1379.0,44350,0,0,23.281860786955804,14641.57497515114
4,x,5,0.01,m2,458000000,1.0,0.0,0.0,7.897528079078047e-05,458,7.147110812688345e-07,7.803818917780523e-06,0.6083477205240175,4.1456596467969035e-05,0.000452658116352669,2,0,24,24,16,278645262,1313.0,41386,179354738,0,0.0,1939.7300162662286
4,x,5,0.01,normal,8100000,0.5469176543209877,0.0003312138455180983,0.001520879902889227,0.0002180464457831937,81,1.0079316671171915e-05,4.628257655129961e-05,0.5467983950617283,0.0003307302975666823,0.001518659529642929,0,2,64,0,64,4430033,80.0,1772,0,0,0.0,4697.06970893305
4,x,5,0.01,normal,8100000,0.5469176543209877,0.0003312138455180983,0.001520879902889227,0.0002180464457831937,81,1.0079316671171915e-05,4.628257655129961e-05,0.5467983950617283,0.0003307302975666823,0.001518659529642929,0,2,64,2,64,4430033,80.0,1772,0,0,0.0,4697.06970893305
4,x,5,0.01,normal,585000000,0.5265475183556405,0.0006698079345899074,0.007815289335662643,0.00016438442595346963,523,3.2759626915538345e-06,3.822378769371352e-05,0.5264612442638623,0.0006713852628164251,0.00783369353159844,2,0,32,32,32,309309997,4230.0,86457,0,0,303.4024525987916,67651.51430151067
4,x,6,0.0,m2,200,1.0,0.0,0.0,0.0,2,0.0,0.0,1.0,0.0,0.0,0,2,56,40,48,200,0.0,0,0,0,0.0,0.054371202000766006
4,x,6,0.0001,m1,7900000,0.987766075949367,8.764349252799754e-05,0.0003974451025517287,1.153292949364318e-06,79,5.637804498731676e-07,2.556627677119571e-06,0.9877649367088607,8.761358007310601e-05,0.0003973094557585781,0,2,56,-8,48,7803352,0.0,18,0,0,0.0,4540.873347448083
4,x,6,0.0001,m1,7900000,0.987766075949367,8.764349252799754e-05,0.0003974451025517287,1.153292949364318e-06,79,5.637804498731676e-07,2.556627677119571e-06,0.9877649367088607,8.761358007310601e-05,0.0003973094557585781,0,2,56,-6,48,7803352,0.0,18,0,0,0.0,4540.873347448083
4,x,6,0.0001,m1,105000000,0.9878232,2.0059229206636634e-05,3.394333513375109e-05,3.359074215954188e-07,11,4.873249110271119e-08,8.246295310562546e-08,0.9878228681818182,2.0039638639122653e-05,3.391018484708068e-05,0,2,56,40,48,103721550,0.0,71,0,0,148.04332602210343,1911.7389854663052
4,x,6,0.0001,normal,7900000,0.9847721518987341,8.716506474895476e-05,0.0003952755315748018,1.7996847434674408e-06,79,7.18075823151294e-07,3.2563252666033814e-06,0.9847703797468353,8.723871854921021e-05,0.00039560953631778375,0,2,64,0,64,7779700,0.0,28,0,0,0.0,3784.2479402299505
4,x,6,0.0001,normal,7900000,0.9847721518987341,8.716506474895476e-05,0.0003952755315748018,1.7996847434674408e-06,79,7.18075823151294e-07,3.2563252666033814e-06,0.9847703797468353,8.723871854921021e-05,0.00039560953631778375,0,2,64,2,64,7779700,0.0,28,0,0,0.0,3784.2479402299505
4,x,6,0.0001,normal,105000000,0.9848185363636364,2.1558708511276757e-05,3.648068729415635e-05,4.0617051667968026e-07,11,9.583150122682348e-08,1.6216180238053912e-07,0.9848181363636364,2.1633423938267505e-05,3.660711741526834e-05,0,2,64,48,64,103405698,0.0,86,0,0,595.2727699070238,11875.15256241709
4,x,6,0.0005,m1,7900000,0.9406249367088608,0.00015833117852834936,0.0007179991311646289,2.637627426598946e-05,79,2.542694767029554e-06,1.1530594608800838e-05,0.9406001265822785,0.00015836134511801908,0.0007181359304064104,0,2,56,-8,48,7430937,0.0,392,0,0,0.0,4003.1644758330076
4,x,6,0.0005,m1,7900000,0.9406249367088608,0.00015833117852834936,0.0007179991311646289,2.637627426598946e-05,79,2.542694767029554e-06,1.1530594608800838e-05,0.9406001265822785,0.00015836134511801908,0.0007181359304064104,0,2,56,-6,48,7430937,0.0,392,0,0,0.0,4003.1644758330076
4,x,6,0.0005,m1,105000000,0.9406020090909091,5.483236312679952e-05,9.27848851327105e-05,8.911145116535706e-06,11,4.58069960549051e-07,7.751256055480115e-07,0.9405936272727273,5.49837173438636e-05,9.304100000436336e-05,0,2,56,40,48,98762644,6.0,1752,0,0,162.57185133872554,2328.70549267577
4,x,6,0.0005,normal,7900000,0.9264778481012658,0.00018239385054824868,0.0008271183694875703,2.4388082024665496e-05,79,2.5703798145356804e-06,1.1656140570375876e-05,0.926455253164557,0.00018242548329036983,0.0008272618174273282,0,2,64,0,64,7319175,1.0,355,0,0,0.0,3702.7392333299213
4,x,6,0.0005,normal,7900000,0.9264778481012658,0.00018239385054824868,0.0008271183694875703,2.4388082024665496e-05,79,2.5703798145356804e-06,1.1656140570375876e-05,0.926455253164557,0.00018242548329036983,0.0008272618174273282,0,2,64,2,64,7319175,1.0,355,0,0,0.0,3702.7392333299213
4,x,6,0.0005,normal,105000000,0.9264457909090908,4.871522517682772e-05,8.243373647408793e-05,9.287717019520651e-06,11,4.733586602617977e-07,8.009964629355601e-07,0.9264371863636364,4.886908615273665e-05,8.269409317152048e-05,0,2,64,48,64,97276805,3.0,1806,0,0,597.1346607510932,11661.44363483414
4,x,6,0.001,m1,7900000,0.8848978481012658,0.0002557928369833625,0.0011599675845228772,0.00010735551758340703,79,5.874390441223982e-06,2.6639145063683193e-05,0.8848028481012657,0.00025559125698731945,0.0011590534609537584,0,2,56,-8,48,6990693,5.0,1491,0,0,0.0,4134.592215102137
4,x,6,0.001,m1,7900000,0.8848978481012658,0.0002557928369833625,0.0011599675845228772,0.00010735551758340703,79,5.874390441223982e-06,2.6639145063683193e-05,0.8848028481012657,0.00025559125698731945,0.0011590534609537584,0,2,56,-6,48,6990693,5.0,1491,0,0,0.0,4134.592215102137
4,x,6,0.001,m1,55000000,0.8849733833333334,4.252876080858324e-05,5.314987927239992e-05,3.62345670057003e-05,6,1.9819262513958906e-06,2.4768918488504838e-06,0.8849413166666666,4.19306920736846e-05,5.2402449052188945e-05,0,2,56,40,48,48673698,4.0,3556,0,0,202.2719522328116,1603.4611824508756
4,x,6,0.001,normal,8000000,0.858663125,0.0002653541624390561,0.001210918255767859,0.00010925369386134243,80,5.554285472677153e-06,2.5346448741521766e-05,0.8585693125,0.00026530790728442326,0.0012107071748085347,0,2,64,0,64,6869305,6.0,1489,0,0,0.0,4274.784935738018
4,x,6,0.001,normal,8000000,0.858663125,0.0002653541624390561,0.001210918255767859,0.00010925369386134243,80,5.554285472677153e-06,2.5346448741521766e-05,0.8585693125,0.00026530790728442326,0.0012107071748085347,0,2,64,2,64,6869305,6.0,1489,0,0,0.0,4274.784935738018
4,x,6,0.001,normal,55000000,0.8586664333333333,5.744790129191839e-05,7.179492089743601e-05,3.512228088057599e-05,6,8.985662657709776e-07,1.1229739036821391e-06,0.858636275,5.733977543438161e-05,7.165979172449418e-05,0,2,64,48,64,47226119,8.0,3297,0,0,1299.2005306109786,6408.908627123106
4,x,6,0.005,m1,7900000,0.5471736708860759,0.00040639623493884724,0.001842922829898743,0.002654139118592867,79,3.1515416256066554e-05,0.00014291589123803454,0.5457213924050632,0.00040546142795071824,0.0018386836736471331,0,2,56,-8,48,4322672,261.0,22424,0,0,0.0,3276.2031485569896
4,x,6,0.005,m1,7900000,0.5471736708860759,0.00040639623493884724,0.001842922829898743,0.002654139118592867,79,3.1515416256066554e-05,0.00014291589123803454,0.5457213924050632,0.00040546142795071824,0.0018386836736471331,0,2,56,-6,48,4322672,261.0,22424,0,0,0.0,3276.2031485569896
4,x,6,0.005,m1,35000000,0.547320575,0.00021859712807126725,0.0002230582939502727,0.0009458111386482322,4,5.093572083517202e-06,5.197522534201227e-06,0.5468029125,0.0002164631089067581,0.00022088072337424295,0,2,56,40,48,19154549,268.0,35667,0,0,774.3190049491823,1618.2105301395059
4,x,6,0.005,normal,8000000,0.472744125,0.0003538988407772491,0.0016149833982373543,0.0026598306966290454,80,4.3841225529411074e-05,0.00020006522551155586,0.4714866875,0.00035238819341749716,0.0016080897039793217,0,2,64,0,64,3781953,210.0,19699,0,0,0.0,3103.5827829791233
4,x,6,0.005,normal,8000000,0.472744125,0.0003538988407772491,0.0016149833982373543,0.0026598306966290454,80,4.3841225529411074e-05,0.00020006522551155586,0.4714866875,0.00035238819341749716,0.0016080897039793217,0,2,64,2,64,3781953,210.0,19699,0,0,0.0,3103.5827829791233
4,x,6,0.005,normal,35000000,0.472854625,0.00011238118754044446,0.00011467468116371883,0.0009621366391752041,4,8.782420905460774e-06,8.961653985164055e-06,0.472399675,0.00011636872783096598,0.00011874359982751631,0,2,64,48,64,16549225,301.0,31299,0,0,545.5417096642777,3796.405144931283
4,x,6,0.01,m1,7900000,0.3063735443037975,0.0003172134359433577,0.0014384972910455346,0.010544775773482664,79,8.651279849102105e-05,0.0003923176390684907,0.3031427848101266,0.0003093053459429872,0.001402635739314452,0,2,56,-8,48,2420351,1104.0,48838,0,0,0.0,2593.996317014942
4,x,6,0.01,m1,7900000,0.3063735443037975,0.0003172134359433577,0.0014384972910455346,0.010544775773482664,79,8.651279849102105e-05,0.0003923176390684907,0.3031427848101266,0.0003093053459429872,0.001402635739314452,0,2,56,-6,48,2420351,1104.0,48838,0,0,0.0,2593.996317014942
4,x,6,0.01,m1,25000000,0.30644676666666665,0.0002125425281281646,0.00018782370279955016,0.004070962801660914,3,1.3000022017447396e-05,1.1488111547822932e-05,0.3051992333333333,0.00021186578827279463,0.0001872256682010769,0,2,56,40,48,7660087,1056.0,60260,0,0,943.6393186519854,1185.1901721516624
4,x,6,0.01,normal,8100000,0.23172839506172838,0.00027536156206767426,0.001264415336025035,0.01092849553183565,81,0.00010193326369650139,0.00046806090472883294,0.22919592592592591,0.0002723289728962718,0.0012504901816665541,0,2,64,0,64,1877000,1055.0,38916,0,0,0.0,3455.7467179389496
4,x,6,0.01,normal,8100000,0.23172839506172838,0.00027536156206767426,0.001264415336025035,0.01092849553183565,81,0.00010193326369650139,0.00046806090472883294,0.22919592592592591,0.0002723289728962718,0.0012504901816665541,0,2,64,2,64,1877000,1055.0,38916,0,0,0.0,3455.7467179389496
4,x,6,0.01,normal,25000000,0.23166066666666665,0.00014264672693678853,0.00012605682581016413,0.004303840757496982,3,3.65499581619118e-05,3.2299175791300004e-05,0.2306636333333333,0.0001335686113692542,0.00011803450060610728,0,2,64,48,64,5791211,1140.0,47532,0,0,423.40503273019567,1981.907086707186
4,x,7,0.0,m2,200,1.0,0.0,0.0,0.0,2,0.0,0.0,1.0,0.0,0.0,1,1,40,24,32,200,0.0,0,0,0,0.0,0.0591332460007833
4,x,7,0.0001,m1,7900000,0.9916625316455696,6.302642424835388e-05,0.00028581179191203206,2.106243435641952e-06,79,7.680781202723496e-07,3.4830753370749742e-06,0.9916604430379746,6.308903595287711e-05,0.00028609572303580857,0,2,56,-8,48,7834134,0.0,33,0,0,0.0,2446.595535739092
4,x,7,0.0001,m1,7900000,0.9916625316455696,6.302642424835388e-05,0.00028581179191203206,2.106243435641952e-06,79,7.680781202723496e-07,3.4830753370749742e-06,0.9916604430379746,6.308903595287711e-05,0.00028609572303580857,0,2,56,-6,48,7834134,0.0,33,0,0,0.0,2446.595535739092
4,x,7,0.0001,m1,5000000,0.9917246,0.0,,1.2100133444305002e-06,1,0.0,,0.9917234,0.0,,1,1,40,24,32,4958623,0.0,12,0,0,14.092699985019864,2.5910459677688777
4,x,7,0.0001,normal,7900000,0.9886800000000001,7.661188723574058e-05,0.0003474190553207759,2.0484454769538696e-06,79,7.034502323869502e-07,3.1900012389597163e-06,0.9886779746835442,7.657719688827184e-05,0.00034726174177347676,0,2,64,0,64,7810572,0.0,32,0,0,0.0,4167.150079350089
4,x,7,0.0001,normal,7900000,0.9886800000000001,7.661188723574058e-05,0.0003474190553207759,2.0484454769538696e-06,79,7.034502323869502e-07,3.1900012389597163e-06,0.9886779746835442,7.657719688827184e-05,0.00034726174177347676,0,2,64,2,64,7810572,0.0,32,0,0,0.0,4167.150079350089
4,x,7,0.0001,normal,5000000,0.9887404,0.0,,1.517081733486363e-06,1,0.0,,0.9887389,0.0,,1,1,48,32,48,4943702,0.0,15,0,0,575.5789481373504,184.91851747687903
4,x,7,0.0005,m1,7900000,0.959136075949367,0.00015063715220179141,0.0006831083138981026,4.9225246928372264e-05,79,3.248910816142279e-06,1.473313825428165e-05,0.9590888607594936,0.00015019722126792046,0.00068111331814788,0,2,56,-8,48,7577175,1.0,744,0,0,0.0,2827.1682796310633
4,x,7,0.0005,m1,7900000,0.959136075949367,0.00015063715220179141,0.0006831083138981026,4.9225246928372264e-05,79,3.248910816142279e-06,1.473313825428165e-05,0.9590888607594936,0.00015019722126792046,0.00068111331814788,0,2,56,-6,48,7577175,1.0,744,0,0,0.0,2827.1682796310633
4,x,7,0.0005,m1,5000000,0.9591598,0.0,,2.0226035328002695e-05,1,0.0,,0.9591404,0.0,,1,1,40,24,32,4795799,0.0,194,0,0,85.03885613800958,8.916261586826295
4,x,7,0.0005,normal,7900000,0.9447694936708861,0.00016007730522290157,0.0007259174543985292,6.779534190712323e-05,79,4.445960083421334e-06,2.0161508976057883e-05,0.9447054430379748,0.00016021954950212606,0.000726562502770212,0,2,64,0,64,7463679,2.0,1008,0,0,0.0,4474.32797317623
4,x,7,0.0005,normal,7900000,0.9447694936708861,0.00016007730522290157,0.0007259174543985292,6.779534190712323e-05,79,4.445960083421334e-06,2.0161508976057883e-05,0.9447054430379748,0.00016021954950212606,0.000726562502770212,0,2,64,2,64,7463679,2.0,1008,0,0,0.0,4474.32797317623
4,x,7,0.0005,normal,5000000,0.9447418,0.0,,3.926998890067106e-05,1,0.0,,0.9447047,0.0,,1,1,48,32,48,4723709,4.0,363,0,0,582.6888915360905,158.68663900485262
4,x,7,0.001,m1,7900000,0.9202464556962026,0.0002018150607607693,0.0009151895389714672,0.00020460645001594977,79,6.973643366507945e-06,3.162402961150296e-05,0.9200581645569621,0.0002012500412846899,0.0009126272925668942,0,2,56,-8,48,7269947,11.0,2953,0,0,0.0,2731.027510569009
4,x,7,0.001,m1,7900000,0.9202464556962026,0.0002018150607607693,0.0009151895389714672,0.00020460645001594977,79,6.973643366507945e-06,3.162402961150296e-05,0.9200581645569621,0.0002012500412846899,0.0009126272925668942,0,2,56,-6,48,7269947,11.0,2953,0,0,0.0,2731.027510569009
4,x,7,0.001,m1,5000000,0.9202832,0.0,,8.225728775663839e-05,1,0.0,,0.9202075,0.0,,1,1,40,24,32,4601416,8.0,741,0,0,63.21975257014856,4.474753426853567
4,x,7,0.001,normal,8000000,0.8930676249999999,0.00022657762782336515,0.0010339652612116168,0.0002772191855479175,80,8.549589138836925e-06,3.901522957986378e-05,0.8928200625,0.00022911513838932794,0.001045544947168998,0,2,64,0,64,7144541,23.0,3915,0,0,0.0,5159.886964617093
4,x,7,0.001,normal,8000000,0.8930676249999999,0.00022657762782336515,0.0010339652612116168,0.0002772191855479175,80,8.549589138836925e-06,3.901522957986378e-05,0.8928200625,0.00022911513838932794,0.001045544947168998,0,2,64,2,64,7144541,23.0,3915,0,0,0.0,5159.886964617093
4,x,7,0.001,normal,5000000,0.8932546,0.0,,0.00013982575628493824,1,0.0,,0.8931297,0.0,,1,1,48,32,48,4466273,10.0,1229,0,0,800.6461556171998,-53.68653874704614
4,x,7,0.005,m1,7900000,0.668079746835443,0.0003738816380849985,0.0016954758614101482,0.005243466062591431,79,4.16485688801541e-05,0.00018886764153559665,0.6645767088607595,0.00037432287981203135,0.0016974768013361178,0,2,56,-8,48,5277830,976.0,53396,0,0,0.0,3254.842014863898
4,x,7,0.005,m1,7900000,0.668079746835443,0.0003738816380849985,0.0016954758614101482,0.005243466062591431,79,4.16485688801541e-05,0.00018886764153559665,0.6645767088607595,0.00037432287981203135,0.0016974768013361178,0,2,56,-6,48,5277830,976.0,53396,0,0,0.0,3254.842014863898
4,x,7,0.005,m1,5000000,0.6684286,0.0,,0.0022310535485764674,1,0.0,,0.6669373,0.0,,1,1,40,24,32,3342143,262.0,14389,0,0,188.0606329110451,5.650135994888842
4,x,7,0.005,normal,8000000,0.582308375,0.00035388728989117356,0.001614930686877221,0.007138684189101731,80,5.87608271811745e-05,0.0002681493959004562,0.5781514375000001,0.0003512842390212416,0.0016030519140322048,0,2,64,0,64,4658467,2202.0,62107,0,0,0.0,4229.318605526045
4,x,7,0.005,normal,8000000,0.582308375,0.00035388728989117356,0.001614930686877221,0.007138684189101731,80,5.87608271811745e-05,0.0002681493959004562,0.5781514375000001,0.0003512842390212416,0.0016030519140322048,0,2,64,2,64,4658467,2202.0,62107,0,0,0.0,4229.318605526045
4,x,7,0.005,normal,5000000,0.5824638,0.0,,0.004011236406451354,1,0.0,,0.5801274,0.0,,1,1,48,32,48,2912319,762.0,21840,0,0,1380.9030737690628,212.91783499205485
4,x,7,0.01,m1,7900000,0.46039962025316455,0.000351780400188789,0.001595251320958693,0.02086555315680565,79,0.00010383712951008828,0.00047087989531716454,0.450793164556962,0.00035012574356409654,0.0015877477955637104,0,2,56,-8,48,3637157,5094.0,141594,0,0,0.0,3103.514417782906
4,x,7,0.01,m1,7900000,0.46039962025316455,0.000351780400188789,0.001595251320958693,0.02086555315680565,79,0.00010383712951008828,0.00047087989531716454,0.450793164556962,0.00035012574356409654,0.0015877477955637104,0,2,56,-6,48,3637157,5094.0,141594,0,0,0.0,3103.514417782906
4,x,7,0.01,m1,5000000,0.4608102,0.0,,0.009603520060970873,1,0.0,,0.4563848,0.0,,1,1,40,24,32,2304051,1495.0,41264,0,0,295.5866680890322,24.25168635509908
4,x,7,0.01,normal,8100000,0.36019296296296294,0.0003946875180997727,0.001812340644335691,0.029289875930781605,81,0.00016801217090887276,0.0007714844582550279,0.3496429012345679,0.00038549572814622774,0.001770133445569413,0,2,64,0,64,2917563,10579.0,149753,0,0,0.0,4269.142992238878
4,x,7,0.01,normal,8100000,0.36019296296296294,0.0003946875180997727,0.001812340644335691,0.029289875930781605,81,0.00016801217090887276,0.0007714844582550279,0.3496429012345679,0.00038549572814622774,0.001770133445569413,0,2,64,2,64,2917563,10579.0,149753,0,0,0.0,4269.142992238878
4,x,7,0.01,normal,5000000,0.360293,0.0,,0.017647858826011054,1,0.0,,0.3539346,0.0,,1,1,48,32,48,1801465,3909.0,55766,0,0,588.3423881330527,73.40725523792207
4,x,8,0.0,m2,200,1.0,0.0,0.0,0.0,2,0.0,0.0,1.0,0.0,0.0,0,2,56,24,48,200,0.0,0,0,0,0.0,0.0541114619991276
4,x,8,0.0001,m1,7900000,0.9886260759493671,8.498256084711482e-05,0.00038537832800536134,0.001813925557855502,79,1.8986967382549355e-05,8.610196810782059e-05,0.9868327848101266,8.852432919900976e-05,0.0004014395145832887,0,2,56,-8,48,7810146,14.0,28306,0,0,0.0,4424.507510993062
4,x,8,0.0001,m1,7900000,0.9886260759493671,8.498256084711482e-05,0.00038537832800536134,0.001813925557855502,79,1.8986967382549355e-05,8.610196810782059e-05,0.9868327848101266,8.852432919900976e-05,0.0004014395145832887,0,2,56,-6,48,7810146,14.0,28306,0,0,0.0,4424.507510993062
4,x,8,0.0001,m1,5000000,0.9886474,0.0,,0.0010122921478375405,1,0.0,,0.9876466,0.0,,0,2,56,24,48,4943237,10.0,9988,0,0,294.9415054009296,87.0026616700925
4,x,8,0.0001,normal,7900000,0.9856067088607595,8.669319995317968e-05,0.00039313572236891617,0.001800856464196476,79,2.0908832085572526e-05,9.4817226844681e-05,0.9838317721518988,8.868568307256255e-05,0.0004021712210109031,0,2,64,0,64,7786293,22.0,28000,0,0,0.0,3982.6855248040665
4,x,8,0.0001,normal,7900000,0.9856067088607595,8.669319995317968e-05,0.00039313572236891617,0.001800856464196476,79,2.0908832085572526e-05,9.4817226844681e-05,0.9838317721518988,8.868568307256255e-05,0.0004021712210109031,0,2,64,2,64,7786293,22.0,28000,0,0,0.0,3982.6855248040665
4,x,8,0.0001,normal,5000000,0.9857404,0.0,,0.001028668399915434,1,0.0,,0.9847264,0.0,,0,2,64,32,64,4928702,21.0,10098,0,0,587.4139465838671,918.1702788309194
4,x,8,0.0005,m1,7900000,0.9445745569620254,0.00016091435937594611,0.0007297133217710197,0.009120231141700002,79,4.782936828515285e-05,0.0002168962878448096,0.9359598101265824,0.00016332236972394895,0.0007406331504097733,0,2,56,-8,48,7462139,287.0,135539,0,0,0.0,3909.595646263173
4,x,8,0.0005,m1,7900000,0.9445745569620254,0.00016091435937594611,0.0007297133217710197,0.009120231141700002,79,4.782936828515285e-05,0.0002168962878448096,0.9359598101265824,0.00016332236972394895,0.0007406331504097733,0,2,56,-6,48,7462139,287.0,135539,0,0,0.0,3909.595646263173
4,x,8,0.0005,m1,5000000,0.9446134,0.0,,0.005203610281200754,1,0.0,,0.939698,0.0,,0,2,56,24,48,4723067,125.0,48904,0,0,158.35299576586112,32.55602419329807
4,x,8,0.0005,normal,7900000,0.9305062025316456,0.00018593532247459133,0.0008431782118369574,0.009236383209736415,79,4.96053425089584e-05,0.00022494996344752638,0.9219117088607595,0.00019421435450181588,0.0008807219089008116,0,2,64,0,64,7350999,749.0,134295,0,0,0.0,4692.860244221942
4,x,8,0.0005,normal,7900000,0.9305062025316456,0.00018593532247459133,0.0008431782118369574,0.009236383209736415,79,4.96053425089584e-05,0.00022494996344752638,0.9219117088607595,0.00019421435450181588,0.0008807219089008116,0,2,64,2,64,7350999,749.0,134295,0,0,0.0,4692.860244221942
4,x,8,0.0005,normal,5000000,0.9305294,0.0,,0.005304614770903531,1,0.0,,0.9255933,0.0,,0,2,64,32,64,4652647,478.0,48405,0,0,1331.12947901804,285.26588732469827
4,x,8,0.001,m1,7900000,0.8927783544303797,0.00023767499631564365,0.001077806926218473,0.01841154476773609,79,7.196835811604965e-05,0.0003263616116481844,0.8763409493670886,0.000246165471625033,0.0011163094748129986,0,2,56,-8,48,7052949,1037.0,257637,0,0,0.0,4276.948677355016
4,x,8,0.001,m1,7900000,0.8927783544303797,0.00023767499631564365,0.001077806926218473,0.01841154476773609,79,7.196835811604965e-05,0.0003263616116481844,0.8763409493670886,0.000246165471625033,0.0011163094748129986,0,2,56,-6,48,7052949,1037.0,257637,0,0,0.0,4276.948677355016
4,x,8,0.001,m1,5000000,0.8928312,0.0,,0.010533682066666128,1,0.0,,0.8834264,0.0,,0,2,56,24,48,4464156,484.0,93080,0,0,194.8895211839117,24.022640517912805
4,x,8,0.001,normal,8000000,0.86676275,0.00022433549829709162,0.001023733518282827,0.018830132562445,80,7.338534077591071e-05,0.00033488696025902757,0.8504415625,0.00024143468235313624,0.001101764003811595,0,2,64,0,64,6934102,2857.0,255425,0,0,0.0,4554.376329898994
4,x,8,0.001,normal,8000000,0.86676275,0.00022433549829709162,0.001023733518282827,0.018830132562445,80,7.338534077591071e-05,0.00033488696025902757,0.8504415625,0.00024143468235313624,0.001101764003811595,0,2,64,2,64,6934102,2857.0,255425,0,0,0.0,4554.376329898994
4,x,8,0.001,normal,5000000,0.86699,0.0,,0.01110243486084038,1,0.0,,0.8573643,0.0,,0,2,64,32,64,4334950,1686.0,92885,0,0,571.4189947107807,173.67804570728913
4,x,8,0.005,m1,7900000,0.5805911392405063,0.00035525199124803163,0.001610994268036225,0.09509874244689286,79,0.00018862174084386538,0.0008553605632412204,0.5253774683544304,0.0003252440259723734,0.0014749143550576,0,2,56,-8,48,4586670,14944.0,842488,0,0,0.0,4135.950591162982
4,x,8,0.005,m1,7900000,0.5805911392405063,0.00035525199124803163,0.001610994268036225,0.09509874244689286,79,0.00018862174084386538,0.0008553605632412204,0.5253774683544304,0.0003252440259723734,0.0014749143550576,0,2,56,-6,48,4586670,14944.0,842488,0,0,0.0,4135.950591162982
4,x,8,0.005,m1,5000000,0.5808562,0.0,,0.06135425601035162,1,0.0,,0.5452182,0.0,,0,2,56,24,48,2904281,8034.0,340312,0,0,780.2364793499,-229.45228544948623
4,x,8,0.005,normal,8000000,0.5116620000000001,0.0003887529238051969,0.0017740366613881971,0.10546187068854092,80,0.00022514900026954495,0.0010274458564669816,0.45770150000000004,0.0003858824833310933,0.0017609376817443964,0,2,64,0,64,4093296,35991.0,791386,0,0,0.0,4175.0331293209165
4,x,8,0.005,normal,8000000,0.5116620000000001,0.0003887529238051969,0.0017740366613881971,0.10546187068854092,80,0.00022514900026954495,0.0010274458564669816,0.45770150000000004,0.0003858824833310933,0.0017609376817443964,0,2,64,2,64,4093296,35991.0,791386,0,0,0.0,4175.0331293209165
4,x,8,0.005,normal,5000000,0.511935,0.0,,0.07264242530790042,1,0.0,,0.4747468,0.0,,0,2,64,32,64,2559675,22243.0,327396,0,0,695.6399038909003,26.331296085380018
4,x,8,0.01,m1,7900000,0.3569512658227848,0.0003442678112864263,0.0015611832848660566,0.190486096403219,79,0.0002984399856505012,0.0013533635787563924,0.2889571518987342,0.0003049117375377365,0.001382711634365768,0,2,56,-8,48,2819915,29623.0,1015061,0,0,0.0,2898.751033588109
4,x,8,0.01,m1,7900000,0.3569512658227848,0.0003442678112864263,0.0015611832848660566,0.190486096403219,79,0.0002984399856505012,0.0013533635787563924,0.2889571518987342,0.0003049117375377365,0.001382711634365768,0,2,56,-6,48,2819915,29623.0,1015061,0,0,0.0,2898.751033588109
4,x,8,0.01,m1,5000000,0.3572868,0.0,,0.13637783427767272,1,0.0,,0.3085608,0.0,,0,2,56,24,48,1786434,17308.0,452644,0,0,408.2955202623271,76.12778947455809
4,x,8,0.01,normal,8100000,0.2901691358024691,0.00032192281294573556,0.0014782169982202142,0.2192919043220713,81,0.0003605983972230078,0.001655808966840342,0.22653716049382713,0.00026284951954176145,0.0012069620795284964,0,2,64,0,64,2350370,62034.0,906770,0,0,0.0,3346.653145957971
4,x,8,0.01,normal,8100000,0.2901691358024691,0.00032192281294573556,0.0014782169982202142,0.2192919043220713,81,0.0003605983972230078,0.001655808966840342,0.22653716049382713,0.00026284951954176145,0.0012069620795284964,0,2,64,2,64,2350370,62034.0,906770,0,0,0.0,3346.653145957971
4,x,8,0.01,normal,5000000,0.2902578,0.0,,0.17006123521917413,1,0.0,,0.2408962,0.0,,0,2,64,32,64,1451289,40956.0,411704,0,0,485.5853312248364,594.3963593859226
4,x,9,0.0,m2,100,1.0,0.0,,0.0,1,0.0,,1.0,0.0,,3,-1,8,8,0,100,0.0,0,0,0,0.0,0.0253136379997158
4,x,9,0.0001,m1,7900000,1.0,0.0,0.0,0.0,79,0.0,0.0,1.0,0.0,0.0,0,2,56,-8,48,7900000,0.0,0,0,0,0.0,28.749849897940294
4,x,9,0.0001,m1,7900000,1.0,0.0,0.0,0.0,79,0.0,0.0,1.0,0.0,0.0,0,2,56,-6,48,7900000,0.0,0,0,0,0.0,28.749849897940294
4,x,9,0.0001,m1,105000000,1.0,0.0,0.0,0.0,11,0.0,0.0,1.0,0.0,0.0,3,-1,8,8,0,105000000,0.0,0,0,0,0.7444181870669127,4.772502368781716
4,x,9,0.0001,normal,7900000,1.0,0.0,0.0,0.0,79,0.0,0.0,1.0,0.0,0.0,0,2,64,0,64,7900000,0.0,0,0,0,0.0,2459.566781651054
4,x,9,0.0001,normal,7900000,1.0,0.0,0.0,0.0,79,0.0,0.0,1.0,0.0,0.0,0,2,64,2,64,7900000,0.0,0,0,0,0.0,2459.566781651054
4,x,9,0.0001,normal,105000000,1.0,0.0,0.0,0.0,11,0.0,0.0,1.0,0.0,0.0,3,-1,16,16,16,105000000,0.0,0,0,0,26.699848641175777,265.9697761158459
4,x,9,0.0005,m1,7900000,1.0,0.0,0.0,0.0,79,0.0,0.0,1.0,0.0,0.0,0,2,56,-8,48,7900000,0.0,0,0,0,0.0,62.01805851011886
4,x,9,0.0005,m1,7900000,1.0,0.0,0.0,0.0,79,0.0,0.0,1.0,0.0,0.0,0,2,56,-6,48,7900000,0.0,0,0,0,0.0,62.01805851011886
4,x,9,0.0005,m1,105000000,1.0,0.0,0.0,0.0,11,0.0,0.0,1.0,0.0,0.0,3,-1,8,8,0,105000000,0.0,0,0,0,0.3504417622461915,8.302093902602792
4,x,9,0.0005,normal,7900000,1.0,0.0,0.0,0.0,79,0.0,0.0,1.0,0.0,0.0,0,2,64,0,64,7900000,0.0,0,0,0,0.0,2722.8816227470234
4,x,9,0.0005,normal,7900000,1.0,0.0,0.0,0.0,79,0.0,0.0,1.0,0.0,0.0,0,2,64,2,64,7900000,0.0,0,0,0,0.0,2722.8816227470234
4,x,9,0.0005,normal,105000000,1.0,0.0,0.0,9.09090909090909e-09,11,1.1952799734271602e-08,2.0225995873897263e-08,0.999999990909091,1.1952799746804306e-08,2.0225995895104546e-08,3,-1,16,16,16,105000000,0.0,2,0,0,50.994012497831136,547.3296238756739
4,x,9,0.001,m1,7900000,1.0,0.0,0.0,0.0,79,0.0,0.0,1.0,0.0,0.0,0,2,56,-8,48,7900000,0.0,0,0,0,0.0,84.06100148802216
4,x,9,0.001,m1,7900000,1.0,0.0,0.0,0.0,79,0.0,0.0,1.0,0.0,0.0,0,2,56,-6,48,7900000,0.0,0,0,0,0.0,84.06100148802216
4,x,9,0.001,m1,6425000000,1.0,0.0,0.0,3.009331259720062e-08,643,2.9421846914351123e-09,3.806443138308249e-08,0.9999999699066874,2.9421846913664704e-09,3.806443138219444e-08,3,-1,8,8,0,6425000000,1.0,385,0,0,0.462824213784188,2563.319616376416
4,x,9,0.001,normal,8000000,1.0,0.0,0.0,6.250000000000001e-08,80,1.2250000000000002e-07,5.590169943749475e-07,0.9999999374999999,1.2249999999979448e-07,5.590169943740096e-07,0,2,64,0,64,8000000,0.0,1,0,0,0.0,2733.009817816026
4,x,9,0.001,normal,8000000,1.0,0.0,0.0,6.250000000000001e-08,80,1.2250000000000002e-07,5.590169943749475e-07,0.9999999374999999,1.2249999999979448e-07,5.590169943740096e-07,0,2,64,2,64,8000000,0.0,1,0,0,0.0,2733.009817816026
4,x,9,0.001,normal,6375000000,1.0,0.0,0.0,1.427899686520376e-07,638,6.424796113452145e-09,8.279681259269112e-08,0.9999998572100314,6.42479611434699e-09,8.279681260422307e-08,3,-1,16,16,16,6375000000,15.0,1791,0,0,76.02592352312058,141443.24809231408
4,x,9,0.005,m1,7900000,1.0,0.0,0.0,1.7721518987341772e-05,79,2.124519447411018e-06,9.634256067325006e-06,0.9999822784810126,2.124519447413143e-06,9.634256067334642e-06,0,2,56,-8,48,7900000,6.0,268,0,0,0.0,210.83255533489864
4,x,9,0.005,m1,7900000,1.0,0.0,0.0,1.7721518987341772e-05,79,2.124519447411018e-06,9.634256067325006e-06,0.9999822784810126,2.124519447413143e-06,9.634256067334642e-06,0,2,56,-6,48,7900000,6.0,268,0,0,0.0,210.83255533489864
4,x,9,0.005,m1,35000000,1.0,0.0,0.0,3.125e-06,4,4.243524478543749e-07,4.330127018922193e-07,0.999996875,4.2435244779852596e-07,4.330127018352306e-07,3,-1,8,8,0,35000000,4.0,212,0,0,3.166123070754111,6.7756904643028975
4,x,9,0.005,normal,8000000,1.0,0.0,0.0,7.593750000000001e-05,80,4.040243904390182e-06,1.843726533856247e-05,0.9999240625000001,4.040243904389433e-06,1.8437265338559047e-05,0,2,64,0,64,8000000,41.0,1133,0,0,0.0,4053.3600706090365
4,x,9,0.005,normal,8000000,1.0,0.0,0.0,7.593750000000001e-05,80,4.040243904390182e-06,1.843726533856247e-05,0.9999240625000001,4.040243904389433e-06,1.8437265338559047e-05,0,2,64,2,64,8000000,41.0,1133,0,0,0.0,4053.3600706090365
4,x,9,0.005,normal,35000000,1.0,0.0,0.0,2.57375e-05,4,8.66783085129532e-07,8.844725358464613e-07,0.9999742625,8.667830851599653e-07,8.844725358775156e-07,3,-1,16,16,16,35000000,41.0,1728,0,0,180.647294015158,438.27654261374846
4,x,9,0.01,m1,7900000,1.0,0.0,0.0,0.0002448101265822785,79,7.89863133364584e-06,3.581865863476783e-05,0.9997551898734177,7.898631333638464e-06,3.581865863473438e-05,0,2,56,-8,48,7900000,161.0,3546,0,0,0.0,349.7933653710206
4,x,9,0.01,m1,7900000,1.0,0.0,0.0,0.0002448101265822785,79,7.89863133364584e-06,3.581865863476783e-05,0.9997551898734177,7.898631333638464e-06,3.581865863473438e-05,0,2,56,-6,48,7900000,161.0,3546,0,0,0.0,349.7933653710206
4,x,9,0.01,m1,483000000,1.0,0.0,0.0,0.0002390698481561822,461,1.7549188670957658e-06,1.9224339808270387e-05,0.9997609301518439,1.7549188670948394e-06,1.922433980826024e-05,3,-1,8,8,0,483000000,9246.0,203950,0,0,4.986749824136496,1879.7414575079456
4,x,9,0.01,m2,458000000,1.0,0.0,0.0,0.00024033515283842797,458,1.0257516014234198e-06,1.1200021885655917e-05,0.9997596648471616,1.0257516014230342e-06,1.1200021885651705e-05,3,-1,8,8,0,458000000,9187.0,201773,0,0,0.0,1168.7800557711162
4,x,9,0.01,normal,8100000,1.0,0.0,0.0,0.0009404320987654322,81,1.326724932258813e-05,6.092104280780264e-05,0.9990595679012345,1.3267249322587483e-05,6.092104280779967e-05,0,2,64,0,64,8100000,914.0,13407,0,0,0.0,3974.7263944998995
4,x,9,0.01,normal,8100000,1.0,0.0,0.0,0.0009404320987654322,81,1.326724932258813e-05,6.092104280780264e-05,0.9990595679012345,1.3267249322587483e-05,6.092104280779967e-05,0,2,64,2,64,8100000,914.0,13407,0,0,0.0,3974.7263944998995
4,x,9,0.01,normal,483000000,1.0,0.0,0.0,0.0007957544468546638,461,3.9503236194860185e-06,4.327400259780309e-05,0.9992042455531454,3.9503236194882666e-06,4.3274002597827714e-05,3,-1,16,16,16,483000000,43071.0,662283,0,0,266.66611262317747,46655.3111331258
4,x,10,0.0,m2,100,1.0,0.0,,0.0,1,0.0,,1.0,0.0,,0,2,56,40,48,100,0.0,0,0,0,0.0,0.026652725000531
4,x,10,0.0001,m1,7900000,0.9877622784810126,8.939473939573731e-05,0.0004053866447115175,1.2813678999525365e-06,79,4.88420252902974e-07,2.214884778140858e-06,0.9877610126582278,8.932193354763101e-05,0.00040505648525606525,0,2,56,-8,48,7803322,0.0,20,0,0,0.0,4007.3597182390076
4,x,10,0.0001,m1,7900000,0.9877622784810126,8.939473939573731e-05,0.0004053866447115175,1.2813678999525365e-06,79,4.88420252902974e-07,2.214884778140858e-06,0.9877610126582278,8.932193354763101e-05,0.00040505648525606525,0,2,56,-6,48,7803322,0.0,20,0,0,0.0,4007.3597182390076
4,x,10,0.0001,m1,5000000,0.9877962,0.0,,2.0247091454694804e-07,1,0.0,,0.987796,0.0,,0,2,56,40,48,4938981,0.0,2,0,0,735.0761388642713,-330.7224457380362
4,x,10,0.0001,normal,7900000,0.984803670886076,8.858293205616565e-05,0.0004017052664138049,2.0566510932691236e-06,79,9.057594305842393e-07,4.1074315889539705e-06,0.9848016455696202,8.863165803736888e-05,0.0004019262286556972,0,2,64,0,64,7779949,0.0,32,0,0,0.0,4663.9361183508445
4,x,10,0.0001,normal,7900000,0.984803670886076,8.858293205616565e-05,0.0004017052664138049,2.0566510932691236e-06,79,9.057594305842393e-07,4.1074315889539705e-06,0.9848016455696202,8.863165803736888e-05,0.0004019262286556972,0,2,64,2,64,7779949,0.0,32,0,0,0.0,4663.9361183508445
4,x,10,0.0001,normal,5000000,0.984924,0.0,,4.06122705914365e-07,1,0.0,,0.9849236,0.0,,0,2,64,48,64,4924620,0.0,4,0,0,1060.7926572342403,-287.07648841803893
4,x,10,0.0005,m1,7900000,0.9407067088607596,0.00018150608683505733,0.0008230925447531404,3.619657564896485e-05,79,3.135486080214977e-06,1.4218780547825254e-05,0.9406726582278482,0.00018145395217375476,0.0008228561248523556,0,2,56,-8,48,7431583,1.0,536,0,0,0.0,3455.628681014132
4,x,10,0.0005,m1,7900000,0.9407067088607596,0.00018150608683505733,0.0008230925447531404,3.619657564896485e-05,79,3.135486080214977e-06,1.4218780547825254e-05,0.9406726582278482,0.00018145395217375476,0.0008228561248523556,0,2,56,-6,48,7431583,1.0,536,0,0,0.0,3455.628681014132
4,x,10,0.0005,m1,5000000,0.9408956,0.0,,1.4241750094271883e-05,1,0.0,,0.9408822,0.0,,0,2,56,40,48,4704478,0.0,134,0,0,449.45237453700975,23.3928599068895
4,x,10,0.0005,normal,7900000,0.9265807594936708,0.0001852249712659784,0.0008399569160988313,3.387684385458538e-05,79,2.8246306046500458e-06,1.2809115291443517e-05,0.9265493670886076,0.0001845530521569111,0.0008369099019793928,0,2,64,0,64,7319988,0.0,496,0,0,0.0,4102.240161122085
4,x,10,0.0005,normal,7900000,0.9265807594936708,0.0001852249712659784,0.0008399569160988313,3.387684385458538e-05,79,2.8246306046500458e-06,1.2809115291443517e-05,0.9265493670886076,0.0001845530521569111,0.0008369099019793928,0,2,64,2,64,7319988,0.0,496,0,0,0.0,4102.240161122085
4,x,10,0.0005,normal,5000000,0.9266106,0.0,,1.2518743040496191e-05,1,0.0,,0.926599,0.0,,0,2,64,48,64,4633053,1.0,114,0,0,573.5718363141641,191.0717850998044
4,x,10,0.001,m1,7900000,0.8852384810126582,0.00023946912276811527,0.0010859429184219508,0.00014156048278084137,79,7.340054474095585e-06,3.328562816298403e-05,0.8851131645569621,0.0002392186633326078,0.0010848071367094807,0,2,56,-8,48,6993384,1.0,1978,0,0,0.0,3487.3507782458473
4,x,10,0.001,m1,7900000,0.8852384810126582,0.00023946912276811527,0.0010859429184219508,0.00014156048278084137,79,7.340054474095585e-06,3.328562816298403e-05,0.8851131645569621,0.0002392186633326078,0.0010848071367094807,0,2,56,-6,48,6993384,1.0,1978,0,0,0.0,3487.3507782458473
4,x,10,0.001,m1,5000000,0.8853524,0.0,,5.003657300753914e-05,1,0.0,,0.8853081,0.0,,0,2,56,40,48,4426762,0.0,443,0,0,405.0245976317674,66.16758444858715
4,x,10,0.001,normal,8000000,0.8591855,0.0002570364320234388,0.0011729610912212512,0.00014061221249460817,80,6.616060784565187e-06,3.019175848481296e-05,0.8590646875000001,0.00025697799886971587,0.0011726944371317322,0,2,64,0,64,6873484,7.0,1919,0,0,0.0,3756.541196547216
4,x,10,0.001,normal,8000000,0.8591855,0.0002570364320234388,0.0011729610912212512,0.00014061221249460817,80,6.616060784565187e-06,3.019175848481296e-05,0.8590646875000001,0.00025697799886971587,0.0011726944371317322,0,2,64,2,64,6873484,7.0,1919,0,0,0.0,3756.541196547216
4,x,10,0.001,normal,5000000,0.8594978,0.0,,4.979652071244394e-05,1,0.0,,0.859455,0.0,,0,2,64,48,64,4297489,0.0,428,0,0,546.6078412663192,186.5956319356337
4,x,10,0.005,m1,7900000,0.5533825316455696,0.0004151340497489539,0.0018825470119470734,0.0035895000272693225,79,4.139425866358663e-05,0.00018771439732786127,0.5513961392405063,0.00041258807425674943,0.0018710015399284847,0,2,56,-8,48,4371722,524.0,30337,0,0,0.0,3846.738681638104
4,x,10,0.005,m1,7900000,0.5533825316455696,0.0004151340497489539,0.0018825470119470734,0.0035895000272693225,79,4.139425866358663e-05,0.00018771439732786127,0.5513961392405063,0.00041258807425674943,0.0018710015399284847,0,2,56,-6,48,4371722,524.0,30337,0,0,0.0,3846.738681638104
4,x,10,0.005,m1,5000000,0.5533792,0.0,,0.0013966914549733709,1,0.0,,0.5526063,0.0,,0,2,56,40,48,2766896,86.0,7557,0,0,1016.1506890449672,-241.8933006068692
4,x,10,0.005,normal,8000000,0.48153325,0.0003689238693908654,0.001683548674449447,0.0036282096042597202,80,4.1999302393482456e-05,0.00019165978603958447,0.47978612500000006,0.00036677089173624505,0.001673723767531551,0,2,64,0,64,3852266,514.0,26926,0,0,0.0,3885.331811355951
4,x,10,0.005,normal,8000000,0.48153325,0.0003689238693908654,0.001683548674449447,0.0036282096042597202,80,4.1999302393482456e-05,0.00019165978603958447,0.47978612500000006,0.00036677089173624505,0.001673723767531551,0,2,64,2,64,3852266,514.0,26926,0,0,0.0,3885.331811355951
4,x,10,0.005,normal,5000000,0.481335,0.0,,0.0014445240840578806,1,0.0,,0.4806397,0.0,,0,2,64,48,64,2406675,86.0,6781,0,0,1157.5054591512308,192.884809310548
4,x,10,0.01,m1,7900000,0.31974924050632914,0.000377140631239678,0.001710254720983359,0.014367412727603302,79,0.00011646631568233718,0.0005281506412515635,0.31515518987341773,0.00037018487723450673,0.001678711815923673,0,2,56,-8,48,2526019,2516.0,67554,0,0,0.0,3171.207984031018
4,x,10,0.01,m1,7900000,0.31974924050632914,0.000377140631239678,0.001710254720983359,0.014367412727603302,79,0.00011646631568233718,0.0005281506412515635,0.31515518987341773,0.00037018487723450673,0.001678711815923673,0,2,56,-6,48,2526019,2516.0,67554,0,0,0.0,3171.207984031018
4,x,10,0.01,m1,5000000,0.3198574,0.0,,0.005960155994515055,1,0.0,,0.317951,0.0,,0,2,56,40,48,1599287,428.0,18208,0,0,831.6050140019506,251.86769071407616
4,x,10,0.01,normal,8100000,0.24759296296296296,0.00023755663892395418,0.0010908213011814223,0.014753055355957617,81,0.0001231889595009206,0.0005656635895450435,0.24394018518518518,0.0002347783988557561,0.0010780640763784718,0,2,64,0,64,2005503,2115.0,54945,0,0,0.0,2842.192644075927
4,x,10,0.01,normal,8100000,0.24759296296296296,0.00023755663892395418,0.0010908213011814223,0.014753055355957617,81,0.0001231889595009206,0.0005656635895450435,0.24394018518518518,0.0002347783988557561,0.0010780640763784718,0,2,64,2,64,2005503,2115.0,54945,0,0,0.0,2842.192644075927
4,x,10,0.01,normal,5000000,0.2479192,0.0,,0.006157248006608605,1,0.0,,0.2463927,0.0,,0,2,64,48,64,1239596,384.0,14497,0,0,1033.1188637139276,105.63946076808496
4,x,11,0.0,m2,100,1.0,0.0,,0.0,1,0.0,,1.0,0.0,,1,1,40,24,32,100,0.0,0,0,0,0.0,0.0291925410001567
4,x,11,0.0001,m1,7900000,0.9916522784810127,6.862789378625435e-05,0.0003112132971546496,2.8083430355882773e-06,79,8.49162123038996e-07,3.850774510913805e-06,0.9916494936708861,6.869662667573127e-05,0.0003115249865855346,0,2,56,-8,48,7834053,0.0,44,0,0,0.0,4189.63618307501
4,x,11,0.0001,m1,7900000,0.9916522784810127,6.862789378625435e-05,0.0003112132971546496,2.8083430355882773e-06,79,8.49162123038996e-07,3.850774510913805e-06,0.9916494936708861,6.869662667573127e-05,0.0003115249865855346,0,2,56,-6,48,7834053,0.0,44,0,0,0.0,4189.63618307501
4,x,11,0.0001,m1,5000000,0.9916534,0.0,,1.714308648566122e-06,1,0.0,,0.9916517,0.0,,1,1,40,24,32,4958267,0.0,17,0,0,138.92366645205766,40.43136156629771
4,x,11,0.0001,normal,7900000,0.9886210126582279,8.76613999925178e-05,0.0003975263091977375,2.36880363653744e-06,79,7.107452534661061e-07,3.2230826499954066e-06,0.988618670886076,8.770678474639789e-05,0.00039773211966511926,0,2,64,0,64,7810106,0.0,37,0,0,0.0,5090.0634341308905
4,x,11,0.0001,normal,7900000,0.9886210126582279,8.76613999925178e-05,0.0003975263091977375,2.36880363653744e-06,79,7.107452534661061e-07,3.2230826499954066e-06,0.988618670886076,8.770678474639789e-05,0.00039773211966511926,0,2,64,2,64,7810106,0.0,37,0,0,0.0,5090.0634341308905
4,x,11,0.0001,normal,5000000,0.9887084,0.0,,8.091364450833026e-07,1,0.0,,0.9887076,0.0,,1,1,48,32,48,4943542,0.0,8,0,0,627.7495556557551,221.5879191402346
4,x,11,0.0005,m1,7900000,0.959112658227848,0.00014169343889223302,0.000642550424761323,6.070828309233044e-05,79,4.002342092359141e-06,1.8149793184435564e-05,0.9590544303797468,0.00014114703710611714,0.0006400726057281768,0,2,56,-8,48,7576990,3.0,914,0,0,0.0,4418.614570841077
4,x,11,0.0005,m1,7900000,0.959112658227848,0.00014169343889223302,0.000642550424761323,6.070828309233044e-05,79,4.002342092359141e-06,1.8149793184435564e-05,0.9590544303797468,0.00014114703710611714,0.0006400726057281768,0,2,56,-6,48,7576990,3.0,914,0,0,0.0,4418.614570841077
4,x,11,0.0005,m1,5000000,0.9592016,0.0,,2.0433660661116494e-05,1,0.0,,0.959182,0.0,,1,1,40,24,32,4796008,0.0,196,0,0,276.35617590975016,2.231446585152298
4,x,11,0.0005,normal,7900000,0.94469,0.0001528110511220221,0.0006929664956565733,6.364535893753481e-05,79,4.5257068906158395e-06,2.0523144244682855e-05,0.9446298734177215,0.00015242021673493258,0.000691194142586459,0,2,64,0,64,7463051,4.0,942,0,0,0.0,4533.358524010851
4,x,11,0.0005,normal,7900000,0.94469,0.0001528110511220221,0.0006929664956565733,6.364535893753481e-05,79,4.5257068906158395e-06,2.0523144244682855e-05,0.9446298734177215,0.00015242021673493258,0.000691194142586459,0,2,64,2,64,7463051,4.0,942,0,0,0.0,4533.358524010851
4,x,11,0.0005,normal,5000000,0.944733,0.0,,2.8050253352005276e-05,1,0.0,,0.9447065,0.0,,1,1,48,32,48,4723665,2.0,261,0,0,661.1102833249606,187.14686899399385
4,x,11,0.001,m1,7900000,0.9200662025316456,0.00021977280179739952,0.0009966241785782917,0.00022886281445063013,79,7.95626329590459e-06,3.608000765783271e-05,0.9198556329113924,0.00021970046429939318,0.0009962961429936272,0,2,56,-8,48,7268523,5.0,3317,0,0,0.0,4399.535092191203
4,x,11,0.001,m1,7900000,0.9200662025316456,0.00021977280179739952,0.0009966241785782917,0.00022886281445063013,79,7.95626329590459e-06,3.608000765783271e-05,0.9198556329113924,0.00021970046429939318,0.0009962961429936272,0,2,56,-6,48,7268523,5.0,3317,0,0,0.0,4399.535092191203
4,x,11,0.001,m1,5000000,0.9202154,0.0,,8.345872064301466e-05,1,0.0,,0.9201386,0.0,,1,1,40,24,32,4601077,1.0,766,0,0,460.9403368006461,38.379225444514304
4,x,11,0.001,normal,8000000,0.89295375,0.00021650995760127528,0.0009880224142898957,0.0002649905096862747,80,8.47388918315654e-06,3.866978009660855e-05,0.8927171250000001,0.00021643711045465588,0.0009876899833270224,0,2,64,0,64,7143630,24.0,3738,0,0,0.0,3891.218251535931
4,x,11,0.001,normal,8000000,0.89295375,0.00021650995760127528,0.0009880224142898957,0.0002649905096862747,80,8.47388918315654e-06,3.866978009660855e-05,0.8927171250000001,0.00021643711045465588,0.0009876899833270224,0,2,64,2,64,7143630,24.0,3738,0,0,0.0,3891.218251535931
4,x,11,0.001,normal,5000000,0.8930696,0.0,,0.00011331703598465338,1,0.0,,0.8929684,0.0,,1,1,48,32,48,4465348,5.0,1002,0,0,637.7289385288022,167.96671154210344
4,x,11,0.005,m1,7900000,0.6662084810126583,0.0003457963872114196,0.0015681150603777752,0.005694525692129493,79,4.662538815518596e-05,0.00021143648709494707,0.662414746835443,0.00034589889102953295,0.00156857989398181,0,2,56,-8,48,5263047,1202.0,57537,0,0,0.0,4298.293965823963
4,x,11,0.005,m1,7900000,0.6662084810126583,0.0003457963872114196,0.0015681150603777752,0.005694525692129493,79,4.662538815518596e-05,0.00021143648709494707,0.662414746835443,0.00034589889102953295,0.00156857989398181,0,2,56,-6,48,5263047,1202.0,57537,0,0,0.0,4298.293965823963
4,x,11,0.005,m1,5000000,0.6665916,0.0,,0.002219349898798605,1,0.0,,0.6651122,0.0,,1,1,40,24,32,3332958,233.0,14328,0,0,349.75326924258843,78.12217856850475
4,x,11,0.005,normal,8000000,0.578754875,0.00037443718169761386,0.0017087081460802139,0.006502805540449049,80,5.9746043430205694e-05,0.000272645335707336,0.5749913125,0.00037120383630205643,0.0016939530846532703,0,2,64,0,64,4630039,1678.0,56861,0,0,0.0,2876.792917412051
4,x,11,0.005,normal,8000000,0.578754875,0.00037443718169761386,0.0017087081460802139,0.006502805540449049,80,5.9746043430205694e-05,0.000272645335707336,0.5749913125,0.00037120383630205643,0.0016939530846532703,0,2,64,2,64,4630039,1678.0,56861,0,0,0.0,2876.792917412051
4,x,11,0.005,normal,5000000,0.578776,0.0,,0.0029707520698854135,1,0.0,,0.5770566,0.0,,1,1,48,32,48,2893880,417.0,16360,0,0,614.7932765320875,116.49987831851467
4,x,11,0.01,m1,7900000,0.45584240506329116,0.00037461797193527596,0.0016988149830516367,0.021535093214889108,79,0.00011080719576553933,0.0005024877034702359,0.44602563291139236,0.000360216522238505,0.001633507388767917,0,2,56,-8,48,3601155,6246.0,142613,0,0,0.0,4096.103286538928
4,x,11,0.01,m1,7900000,0.45584240506329116,0.00037461797193527596,0.0016988149830516367,0.021535093214889108,79,0.00011080719576553933,0.0005024877034702359,0.44602563291139236,0.000360216522238505,0.001633507388767917,0,2,56,-6,48,3601155,6246.0,142613,0,0,0.0,4096.103286538928
4,x,11,0.01,m1,5000000,0.455922,0.0,,0.00907677190396603,1,0.0,,0.4517837,0.0,,1,1,40,24,32,2279610,1200.0,38983,0,0,1089.3915140838362,-144.53382093692198
4,x,11,0.01,normal,8100000,0.35135283950617285,0.0003689282238866067,0.001694058170907888,0.025613986623501755,81,0.00013195972742514666,0.0006059375238909795,0.3423532098765432,0.0003586824754716726,0.001647011366961762,0,2,64,0,64,2845958,7960.0,129874,0,0,0.0,3498.089677424883
4,x,11,0.01,normal,8100000,0.35135283950617285,0.0003689282238866067,0.001694058170907888,0.025613986623501755,81,0.00013195972742514666,0.0006059375238909795,0.3423532098765432,0.0003586824754716726,0.001647011366961762,0,2,64,2,64,2845958,7960.0,129874,0,0,0.0,3498.089677424883
4,x,11,0.01,normal,5000000,0.3515544,0.0,,0.012786641270881548,1,0.0,,0.3470592,0.0,,1,1,48,32,48,1757772,2121.0,40710,0,0,1214.8438976872712,-556.6461654822342
4,x,12,0.0,m2,100,1.0,0.0,,0.0,1,0.0,,1.0,0.0,,0,2,56,24,48,100,0.0,0,0,0,0.0,0.0265701079988502
4,x,12,0.0001,m1,7900000,0.988546075949367,8.34060997302717e-05,0.0003782294030574837,0.0019222701265259234,79,2.1388574842227295e-05,9.699276097297004e-05,0.9866458227848102,8.556592902298025e-05,0.00038802378196656884,0,2,56,-8,48,7809514,9.0,30006,0,0,0.0,4701.442367276002
4,x,12,0.0001,m1,7900000,0.988546075949367,8.34060997302717e-05,0.0003782294030574837,0.0019222701265259234,79,2.1388574842227295e-05,9.699276097297004e-05,0.9866458227848102,8.556592902298025e-05,0.00038802378196656884,0,2,56,-6,48,7809514,9.0,30006,0,0,0.0,4701.442367276002
4,x,12,0.0001,m1,5000000,0.9886564,0.0,,0.0011214209506963187,1,0.0,,0.9875477,0.0,,0,2,56,24,48,4943282,4.0,11079,0,0,631.9795110598207,23.241801163181663
4,x,12,0.0001,normal,7900000,0.985616582278481,8.060112663427565e-05,0.000365509430500059,0.0019125696196179863,79,2.3580591108336965e-05,0.00010693310114598072,0.9837315189873417,8.200605506315984e-05,0.0003718804902032919,0,2,64,0,64,7786371,18.0,29748,0,0,0.0,4482.064360117001
4,x,12,0.0001,normal,7900000,0.985616582278481,8.060112663427565e-05,0.000365509430500059,0.0019125696196179863,79,2.3580591108336965e-05,0.00010693310114598072,0.9837315189873417,8.200605506315984e-05,0.0003718804902032919,0,2,64,2,64,7786371,18.0,29748,0,0,0.0,4482.064360117001
4,x,12,0.0001,normal,5000000,0.9857344,0.0,,0.001137020276455808,1,0.0,,0.9846136,0.0,,0,2,64,32,64,4928672,7.0,11194,0,0,632.2692192872055,172.8038485138677
4,x,12,0.0005,m1,7900000,0.9444062025316456,0.0001581095098154225,0.0007169939094213992,0.009577502478671422,79,4.6883985373649705e-05,0.00021260917196917298,0.9353611392405063,0.00015970790200267647,0.000724242287235395,0,2,56,-8,48,7460809,240.0,142432,0,0,0.0,4273.737470254113
4,x,12,0.0005,m1,7900000,0.9444062025316456,0.0001581095098154225,0.0007169939094213992,0.009577502478671422,79,4.6883985373649705e-05,0.00021260917196917298,0.9353611392405063,0.00015970790200267647,0.000724242287235395,0,2,56,-6,48,7460809,240.0,142432,0,0,0.0,4273.737470254113
4,x,12,0.0005,m1,5000000,0.9444168,0.0,,0.0056739778453750505,1,0.0,,0.9390582,0.0,,0,2,56,24,48,4722084,67.0,53452,0,0,837.3164439941756,-250.5273379422724
4,x,12,0.0005,normal,7900000,0.930253417721519,0.00018040331943025047,0.0008180917227679352,0.009571887669334271,79,5.103006934464172e-05,0.00023141080482871017,0.9213491772151899,0.00019461427719611425,0.0008825354755634751,0,2,64,0,64,7349002,401.0,139885,0,0,0.0,4048.2462257420702
4,x,12,0.0005,normal,7900000,0.930253417721519,0.00018040331943025047,0.0008180917227679352,0.009571887669334271,79,5.103006934464172e-05,0.00023141080482871017,0.9213491772151899,0.00019461427719611425,0.0008825354755634751,0,2,64,2,64,7349002,401.0,139885,0,0,0.0,4048.2462257420702
4,x,12,0.0005,normal,5000000,0.9301832,0.0,,0.005634911488403575,1,0.0,,0.9249417,0.0,,0,2,64,32,64,4650916,166.0,52083,0,0,608.5646672379225,169.124005951453
4,x,12,0.001,m1,7900000,0.892217088607595,0.0002518537446412992,0.0011421046158677662,0.01907426906447354,79,7.122013387175372e-05,0.00032296856953030115,0.8751987341772152,0.0002608567432271972,0.001182931351464847,0,2,56,-8,48,7048515,816.0,267258,0,0,0.0,4279.919261726041
4,x,12,0.001,m1,7900000,0.892217088607595,0.0002518537446412992,0.0011421046158677662,0.01907426906447354,79,7.122013387175372e-05,0.00032296856953030115,0.8751987341772152,0.0002608567432271972,0.001182931351464847,0,2,56,-6,48,7048515,816.0,267258,0,0,0.0,4279.919261726041
4,x,12,0.001,m1,5000000,0.8921246,0.0,,0.011213568149561171,1,0.0,,0.8821207,0.0,,0,2,56,24,48,4460623,260.0,99519,0,0,1037.3437872165814,-494.89439646014944
4,x,12,0.001,normal,8000000,0.8655652500000001,0.00025109447109893546,0.0011458455227583186,0.019213646947244402,80,7.043014083476983e-05,0.00032140118892128397,0.848934625,0.0002601700176777039,0.0011872609086421794,0,2,64,0,64,6924522,1581.0,262928,0,0,0.0,4125.6247034739645
4,x,12,0.001,normal,8000000,0.8655652500000001,0.00025109447109893546,0.0011458455227583186,0.019213646947244402,80,7.043014083476983e-05,0.00032140118892128397,0.848934625,0.0002601700176777039,0.0011872609086421794,0,2,64,2,64,6924522,1581.0,262928,0,0,0.0,4125.6247034739645
4,x,12,0.001,normal,5000000,0.8658022,0.0,,0.01154882720325728,1,0.0,,0.8558032,0.0,,0,2,64,32,64,4329011,728.0,98534,0,0,607.5525918500498,194.4448081259616
4,x,12,0.005,m1,7900000,0.5704582278481013,0.0003840880684837043,0.0017417599112522389,0.09199136707866415,79,0.00016595990585326908,0.0007525938309710443,0.517981075949367,0.00036706900194407015,0.0016645819662494334,0,2,56,-8,48,4506620,11746.0,805647,0,0,0.0,3857.129206889964
4,x,12,0.005,m1,7900000,0.5704582278481013,0.0003840880684837043,0.0017417599112522389,0.09199136707866415,79,0.00016595990585326908,0.0007525938309710443,0.517981075949367,0.00036706900194407015,0.0016645819662494334,0,2,56,-6,48,4506620,11746.0,805647,0,0,0.0,3857.129206889964
4,x,12,0.005,m1,5000000,0.570986,0.0,,0.05796009008977453,1,0.0,,0.5378916,0.0,,0,2,56,24,48,2854930,4071.0,322802,0,0,521.8880401537754,124.66804807120934
4,x,12,0.005,normal,8000000,0.495745125,0.0003726365993693534,0.0017004913614167949,0.09681302053084953,80,0.00022403165193020128,0.0010223469445459225,0.44775093750000006,0.0003777659128850775,0.001723898491414892,0,2,64,0,64,3965961,20023.0,727861,0,0,0.0,2763.2195361491467
4,x,12,0.005,normal,8000000,0.495745125,0.0003726365993693534,0.0017004913614167949,0.09681302053084953,80,0.00022403165193020128,0.0010223469445459225,0.44775093750000006,0.0003777659128850775,0.001723898491414892,0,2,64,2,64,3965961,20023.0,727861,0,0,0.0,2763.2195361491467
4,x,12,0.005,normal,5000000,0.4958084,0.0,,0.0627732406308566,1,0.0,,0.4646849,0.0,,0,2,64,32,64,2479042,9586.0,292063,0,0,620.3556373212487,20.320699772797525
4,x,12,0.01,m1,7900000,0.3338559493670886,0.00034687974886605415,0.0015730278813015795,0.1749200814545021,79,0.00028298445687301843,0.0012832759539621666,0.2754573417721519,0.0002780286754875518,0.0012608025108786253,0,2,56,-8,48,2637462,23759.0,875180,0,0,0.0,3006.5535443410627
4,x,12,0.01,m1,7900000,0.3338559493670886,0.00034687974886605415,0.0015730278813015795,0.1749200814545021,79,0.00028298445687301843,0.0012832759539621666,0.2754573417721519,0.0002780286754875518,0.0012608025108786253,0,2,56,-6,48,2637462,23759.0,875180,0,0,0.0,3006.5535443410627
4,x,12,0.01,m1,5000000,0.3339642,0.0,,0.11817643927103563,1,0.0,,0.2944975,0.0,,0,2,56,24,48,1669821,9118.0,376431,0,0,568.850165608339,0.0344125428237021
4,x,12,0.01,normal,8100000,0.2577327160493827,0.00035074039280187544,0.0016105426200086117,0.1896022991431075,81,0.00033812462559324635,0.001552613076703682,0.20886611111111109,0.0003011234072315139,0.0013827095230018497,0,2,64,0,64,2087635,34521.0,722597,0,0,0.0,2041.8024873819522
4,x,12,0.01,normal,8100000,0.2577327160493827,0.00035074039280187544,0.0016105426200086117,0.1896022991431075,81,0.00033812462559324635,0.001552613076703682,0.20886611111111109,0.0003011234072315139,0.0013827095230018497,0,2,64,2,64,2087635,34521.0,722597,0,0,0.0,2041.8024873819522
4,x,12,0.01,normal,5000000,0.257926,0.0,,0.13505462807161744,1,0.0,,0.2230919,0.0,,0,2,64,32,64,1289630,18124.0,312093,0,0,505.6629730039276,38.32715524500236
4,x,13,0.0,m2,100,1.0,0.0,,0.0,1,0.0,,1.0,0.0,,2,0,24,8,16,100,0.0,0,0,0,0.0,0.0292569440007355
4,x,13,0.0001,m1,7900000,0.9963175949367089,4.14648402708748e-05,0.0001880344703114653,3.874986545638763e-06,79,1.09161803853967e-06,4.950261916321065e-06,0.9963137341772152,4.142896855455849e-05,0.00018787179950090297,0,2,56,-8,48,7870909,0.0,61,0,0,0.0,2452.559155502051
4,x,13,0.0001,m1,7900000,0.9963175949367089,4.14648402708748e-05,0.0001880344703114653,3.874986545638763e-06,79,1.09161803853967e-06,4.950261916321065e-06,0.9963137341772152,4.142896855455849e-05,0.00018787179950090297,0,2,56,-6,48,7870909,0.0,61,0,0,0.0,2452.559155502051
4,x,13,0.0001,m1,5000000,0.996342,0.0,,1.9069757171734203e-06,1,0.0,,0.9963401,0.0,,2,0,24,8,16,4981710,0.0,19,0,0,12.016652720980346,2.990720490925014
4,x,13,0.0001,normal,7900000,0.9950681012658229,4.6494132405810016e-05,0.00021084126943227163,8.077764121952183e-06,79,1.456840123981806e-06,6.60646849841655e-06,0.9950600632911393,4.646435177389448e-05,0.00021070622042903907,0,2,64,0,64,7861038,2.0,123,0,0,0.0,4553.802883818091
4,x,13,0.0001,normal,7900000,0.9950681012658229,4.6494132405810016e-05,0.00021084126943227163,8.077764121952183e-06,79,1.456840123981806e-06,6.60646849841655e-06,0.9950600632911393,4.646435177389448e-05,0.00021070622042903907,0,2,64,2,64,7861038,2.0,123,0,0,0.0,4553.802883818091
4,x,13,0.0001,normal,5000000,0.9951076,0.0,,4.823598975628364e-06,1,0.0,,0.9951028,0.0,,2,0,32,16,32,4975538,0.0,48,0,0,562.4780085347593,168.0068725971505
4,x,13,0.0005,m1,7900000,0.9818079746835444,0.0001022712018548521,0.00046377873743798576,9.443944577128662e-05,79,4.837785243289093e-06,2.1938354995700942e-05,0.9817152531645569,0.00010231605467987189,0.0004639821357180581,0,2,56,-8,48,7756283,6.0,1453,0,0,0.0,2615.0692409980256
4,x,13,0.0005,m1,7900000,0.9818079746835444,0.0001022712018548521,0.00046377873743798576,9.443944577128662e-05,79,4.837785243289093e-06,2.1938354995700942e-05,0.9817152531645569,0.00010231605467987189,0.0004639821357180581,0,2,56,-6,48,7756283,6.0,1453,0,0,0.0,2615.0692409980256
4,x,13,0.0005,m1,5000000,0.9818282,0.0,,4.5221760792774136e-05,1,0.0,,0.9817838,0.0,,2,0,24,8,16,4909141,1.0,442,0,0,25.497798681724817,4.8351983721368015
4,x,13,0.0005,normal,7900000,0.9758050632911393,0.00011228285538968941,0.0005091795145075975,0.0001888734038606802,79,7.150293454130831e-06,3.2425101204680536e-05,0.9756207594936709,0.00011240474594096648,0.0005097322629348344,0,2,64,0,64,7708860,12.0,2888,0,0,0.0,4380.1103220710065
4,x,13,0.0005,normal,7900000,0.9758050632911393,0.00011228285538968941,0.0005091795145075975,0.0001888734038606802,79,7.150293454130831e-06,3.2425101204680536e-05,0.9756207594936709,0.00011240474594096648,0.0005097322629348344,0,2,64,2,64,7708860,12.0,2888,0,0,0.0,4380.1103220710065
4,x,13,0.0005,normal,5000000,0.9757764,0.0,,0.00010924633963272733,1,0.0,,0.9756698,0.0,,2,0,32,16,32,4878882,4.0,1058,0,0,568.5008397656493,165.3023407771252
4,x,13,0.001,m1,7900000,0.9640569620253164,0.00014995726752338676,0.0006800251775700339,0.00038793598338494173,79,9.946755274044636e-06,4.510647688631017e-05,0.9636829746835444,0.00015179050755419006,0.0006883385417574754,0,2,56,-8,48,7616050,45.0,5819,0,0,0.0,2915.731622972191
4,x,13,0.001,m1,7900000,0.9640569620253164,0.00014995726752338676,0.0006800251775700339,0.00038793598338494173,79,9.946755274044636e-06,4.510647688631017e-05,0.9636829746835444,0.00015179050755419006,0.0006883385417574754,0,2,56,-6,48,7616050,45.0,5819,0,0,0.0,2915.731622972191
4,x,13,0.001,m1,5000000,0.9641296,0.0,,0.0001682346439731754,1,0.0,,0.9639674,0.0,,2,0,24,8,16,4820648,10.0,1602,0,0,39.040661089122295,6.675903459079564
4,x,13,0.001,normal,8000000,0.9522582500000001,0.0001407371527558498,0.0006422404908609224,0.000748349088545797,80,1.3078437329962836e-05,5.968219369238316e-05,0.951545625,0.00014006049124317348,0.0006391526109831632,0,2,64,0,64,7618066,115.0,11172,0,0,0.0,4903.989625919014
4,x,13,0.001,normal,8000000,0.9522582500000001,0.0001407371527558498,0.0006422404908609224,0.000748349088545797,80,1.3078437329962836e-05,5.968219369238316e-05,0.951545625,0.00014006049124317348,0.0006391526109831632,0,2,64,2,64,7618066,115.0,11172,0,0,0.0,4903.989625919014
4,x,13,0.001,normal,5000000,0.9524176,0.0,,0.0004288034996413338,1,0.0,,0.9520092,0.0,,2,0,32,16,32,4762088,44.0,3996,0,0,567.2783849919215,188.89175970992076
4,x,13,0.005,m1,7900000,0.8348267088607596,0.00026857892664410265,0.0012179498553095542,0.008784837984719913,79,4.720768116244587e-05,0.0002140770653890131,0.827492911392405,0.00027212635004826823,0.0012340366863793292,0,2,56,-8,48,6595131,4162.0,107550,0,0,0.0,3187.3143916628323
4,x,13,0.005,m1,7900000,0.8348267088607596,0.00026857892664410265,0.0012179498553095542,0.008784837984719913,79,4.720768116244587e-05,0.0002140770653890131,0.827492911392405,0.00027212635004826823,0.0012340366863793292,0,2,56,-6,48,6595131,4162.0,107550,0,0,0.0,3187.3143916628323
4,x,13,0.005,m1,5000000,0.8348756,0.0,,0.004012933184297157,1,0.0,,0.8315253,0.0,,2,0,24,8,16,4174378,814.0,31875,0,0,101.63749171374366,13.276586522348223
4,x,13,0.005,normal,8000000,0.787652,0.00033891647187224167,0.0015466127955116895,0.016221366357664947,80,6.751913135358058e-05,0.0003081170765068236,0.7748753749999999,0.00035577619561212836,0.0016235505268673092,0,2,64,0,64,6301216,10184.0,184058,0,0,0.0,3360.8444398029387
4,x,13,0.005,normal,8000000,0.787652,0.00033891647187224167,0.0015466127955116895,0.016221366357664947,80,6.751913135358058e-05,0.0003081170765068236,0.7748753749999999,0.00035577619561212836,0.0016235505268673092,0,2,64,2,64,6301216,10184.0,184058,0,0,0.0,3360.8444398029387
4,x,13,0.005,normal,5000000,0.7877078,0.0,,0.009662339258288416,1,0.0,,0.7800967,0.0,,2,0,32,16,32,3938539,2954.0,70203,0,0,609.2359794732183,168.00989590678364
4,x,13,0.01,m1,7900000,0.7019249367088608,0.00029887284443595816,0.001355326503776997,0.030985224113843628,79,0.00010539541947910437,0.0004779464178698011,0.6801755696202532,0.0002914869882373682,0.001321833174271179,0,2,56,-8,48,5545207,24041.0,295558,0,0,0.0,3731.774856499964
4,x,13,0.01,m1,7900000,0.7019249367088608,0.00029887284443595816,0.001355326503776997,0.030985224113843628,79,0.00010539541947910437,0.0004779464178698011,0.6801755696202532,0.0002914869882373682,0.001321833174271179,0,2,56,-6,48,5545207,24041.0,295558,0,0,0.0,3731.774856499964
4,x,13,0.01,m1,5000000,0.702173,0.0,,0.014820564162962688,1,0.0,,0.6917664,0.0,,2,0,24,8,16,3510865,5011.0,94044,0,0,159.78277599904686,30.473307283595204
4,x,13,0.01,normal,8100000,0.6284748148148148,0.0003304748377846306,0.001517486500031467,0.053718843126813194,81,0.00015697828203497228,0.0007208186419973218,0.5947138888888889,0.00032911853551532484,0.0015112585814479201,0,2,64,0,64,5090646,50693.0,445541,0,0,0.0,3047.0242086608196
4,x,13,0.01,normal,8100000,0.6284748148148148,0.0003304748377846306,0.001517486500031467,0.053718843126813194,81,0.00015697828203497228,0.0007208186419973218,0.5947138888888889,0.00032911853551532484,0.0015112585814479201,0,2,64,2,64,5090646,50693.0,445541,0,0,0.0,3047.0242086608196
4,x,13,0.01,normal,5000000,0.628885,0.0,,0.03385563338289194,1,0.0,,0.6075937,0.0,,2,0,32,16,32,3144425,15514.0,181885,0,0,792.9845435046591,733.2741618743166
4,x,14,0.0,m2,100,1.0,0.0,,0.0,1,0.0,,1.0,0.0,,0,2,56,24,48,100,0.0,0,0,0,0.0,0.0273784630007867
4,x,14,0.0001,m1,7900000,0.9887824050632912,8.201755392602858e-05,0.00037193263516694254,0.002022940665539309,79,2.161207330602217e-05,9.800628025775587e-05,0.9867821518987341,8.165642711660873e-05,0.000370294999814173,0,2,56,-8,48,7811381,21.0,31562,0,0,0.0,4712.84308139293
4,x,14,0.0001,m1,7900000,0.9887824050632912,8.201755392602858e-05,0.00037193263516694254,0.002022940665539309,79,2.161207330602217e-05,9.800628025775587e-05,0.9867821518987341,8.165642711660873e-05,0.000370294999814173,0,2,56,-6,48,7811381,21.0,31562,0,0,0.0,4712.84308139293
4,x,14,0.0001,m1,5000000,0.9888076,0.0,,0.0012142908286708152,1,0.0,,0.9876069,0.0,,0,2,56,24,48,4944038,4.0,11999,0,0,559.5199871938676,109.64235323853792
4,x,14,0.0001,normal,7900000,0.985773924050633,8.700882269167583e-05,0.00039456700617620155,0.0020112714841662555,79,2.162507969990109e-05,9.806526156258446e-05,0.9837912658227848,8.982186182469766e-05,0.00040732355654243363,0,2,64,0,64,7787614,28.0,31270,0,0,0.0,4653.051639317113
4,x,14,0.0001,normal,7900000,0.985773924050633,8.700882269167583e-05,0.00039456700617620155,0.0020112714841662555,79,2.162507969990109e-05,9.806526156258446e-05,0.9837912658227848,8.982186182469766e-05,0.00040732355654243363,0,2,64,2,64,7787614,28.0,31270,0,0,0.0,4653.051639317113
4,x,14,0.0001,normal,5000000,0.9859086,0.0,,0.0012394658084938096,1,0.0,,0.9846866,0.0,,0,2,64,32,64,4929543,6.0,12208,0,0,607.576071228832,201.1238859784789
4,x,14,0.0005,m1,7900000,0.9453164556962026,0.00014788110370703486,0.0006706102042833342,0.010032076283477454,79,4.5718009214321605e-05,0.00020732171136199793,0.9358329746835444,0.00015436998782063048,0.0007000359509940834,0,2,56,-8,48,7468000,419.0,149001,0,0,0.0,4207.365203133013
4,x,14,0.0005,m1,7900000,0.9453164556962026,0.00014788110370703486,0.0006706102042833342,0.010032076283477454,79,4.5718009214321605e-05,0.00020732171136199793,0.9358329746835444,0.00015436998782063048,0.0007000359509940834,0,2,56,-6,48,7468000,419.0,149001,0,0,0.0,4207.365203133013
4,x,14,0.0005,m1,5000000,0.945469,0.0,,0.006159694289289231,1,0.0,,0.9396452,0.0,,0,2,56,24,48,4727345,96.0,58046,0,0,569.0107513866387,80.8584850137122
4,x,14,0.0005,normal,7900000,0.9311441772151898,0.00018283047675554868,0.0008290983789866405,0.0100826807246026,79,5.3188464916808075e-05,0.0002411986821118161,0.9217557594936708,0.00019047103210217343,0.0008637467164239164,0,2,64,0,64,7356039,466.0,147405,0,0,0.0,4624.400201670942
4,x,14,0.0005,normal,7900000,0.9311441772151898,0.00018283047675554868,0.0008290983789866405,0.0100826807246026,79,5.3188464916808075e-05,0.0002411986821118161,0.9217557594936708,0.00019047103210217343,0.0008637467164239164,0,2,64,2,64,7356039,466.0,147405,0,0,0.0,4624.400201670942
4,x,14,0.0005,normal,5000000,0.9311124,0.0,,0.006155647803637886,1,0.0,,0.9253808,0.0,,0,2,64,32,64,4655562,177.0,56962,0,0,1334.0992822702974,192.667121833656
4,x,14,0.001,m1,7900000,0.8938011392405064,0.00024967360635483197,0.001132218139874524,0.020010489952686682,79,7.331359743236369e-05,0.00033246199357737623,0.8759157594936708,0.0002565098130484613,0.0011632189226142853,0,2,56,-8,48,7061029,1454.0,279681,0,0,0.0,4640.391638693982
4,x,14,0.001,m1,7900000,0.8938011392405064,0.00024967360635483197,0.001132218139874524,0.020010489952686682,79,7.331359743236369e-05,0.00033246199357737623,0.8759157594936708,0.0002565098130484613,0.0011632189226142853,0,2,56,-6,48,7061029,1454.0,279681,0,0,0.0,4640.391638693982
4,x,14,0.001,m1,5000000,0.8938452,0.0,,0.012178171343315374,1,0.0,,0.8829598,0.0,,0,2,56,24,48,4469226,392.0,108070,0,0,561.376352970954,121.07137179607524
4,x,14,0.001,normal,8000000,0.867199125,0.00025433395301331484,0.0011606285876000193,0.020010567472007947,80,7.120148127458712e-05,0.0003249211269972554,0.8498460624999999,0.0002699657287601164,0.0012319626961283475,0,2,64,0,64,6937593,1731.0,274187,0,0,0.0,4888.667342450077
4,x,14,0.001,normal,8000000,0.867199125,0.00025433395301331484,0.0011606285876000193,0.020010567472007947,80,7.120148127458712e-05,0.0003249211269972554,0.8498460624999999,0.0002699657287601164,0.0012319626961283475,0,2,64,2,64,6937593,1731.0,274187,0,0,0.0,4888.667342450077
4,x,14,0.001,normal,5000000,0.867211,0.0,,0.012364118997568067,1,0.0,,0.8564887,0.0,,0,2,64,32,64,4336055,576.0,106071,0,0,996.5432969038376,671.0891406764276
4,x,14,0.005,m1,7900000,0.5727455696202531,0.00037718327344549494,0.0017104480945627893,0.09394218128998023,79,0.00021453678609758216,0.00097287993086804,0.5189408227848101,0.0003784882046458572,0.0017163656875270959,0,2,56,-8,48,4524690,20802.0,808511,0,0,0.0,3443.490164095012
4,x,14,0.005,m1,7900000,0.5727455696202531,0.00037718327344549494,0.0017104480945627893,0.09394218128998023,79,0.00021453678609758216,0.00097287993086804,0.5189408227848101,0.0003784882046458572,0.0017163656875270959,0,2,56,-6,48,4524690,20802.0,808511,0,0,0.0,3443.490164095012
4,x,14,0.005,m1,5000000,0.5734256,0.0,,0.06019106925118097,1,0.0,,0.5389105,0.0,,0,2,56,24,48,2867128,5842.0,333467,0,0,536.770462017972,117.4692959790118
4,x,14,0.005,normal,8000000,0.49540474999999995,0.0004143124930807468,0.0018906753029713495,0.09633245320666922,80,0.00022721192840631852,0.0010368598310517218,0.4476813125,0.00039751104350145805,0.0018140035001553802,0,2,64,0,64,3963238,22844.0,717887,0,0,0.0,2950.9106455560395
4,x,14,0.005,normal,8000000,0.49540474999999995,0.0004143124930807468,0.0018906753029713495,0.09633245320666922,80,0.00022721192840631852,0.0010368598310517218,0.4476813125,0.00039751104350145805,0.0018140035001553802,0,2,64,2,64,3963238,22844.0,717887,0,0,0.0,2950.9106455560395
4,x,14,0.005,normal,5000000,0.4956478,0.0,,0.06264730722097425,1,0.0,,0.4645968,0.0,,0,2,64,32,64,2478239,7913.0,294684,0,0,477.2574382061139,166.06000171694905
4,x,14,0.01,m1,7900000,0.33222987341772153,0.0003268778967437518,0.0014823236209090187,0.1743382254857249,79,0.00033215705900007677,0.0015062635293247178,0.2743096835443038,0.0002995951106669477,0.0013586018316760259,0,2,56,-8,48,2624616,41104.0,832931,0,0,0.0,2915.0224412372772
4,x,14,0.01,m1,7900000,0.33222987341772153,0.0003268778967437518,0.0014823236209090187,0.1743382254857249,79,0.00033215705900007677,0.0015062635293247178,0.2743096835443038,0.0002995951106669477,0.0013586018316760259,0,2,56,-6,48,2624616,41104.0,832931,0,0,0.0,2915.0224412372772
4,x,14,0.01,m1,5000000,0.3325022,0.0,,0.11728463751518035,1,0.0,,0.2935048,0.0,,0,2,56,24,48,1662511,12516.0,364942,0,0,495.2340441700071,44.177367891184986
4,x,14,0.01,normal,8100000,0.2516777777777778,0.0003221407432615996,0.0014792176986502025,0.18189805295063183,81,0.0003449156741989361,0.00158379646315838,0.20589759259259258,0.00025950155642573614,0.0011915887795059313,0,2,64,0,64,2038590,39954.0,661731,0,0,0.0,2042.20157070797
4,x,14,0.01,normal,8100000,0.2516777777777778,0.0003221407432615996,0.0014792176986502025,0.18189805295063183,81,0.0003449156741989361,0.00158379646315838,0.20589759259259258,0.00025950155642573614,0.0011915887795059313,0,2,64,2,64,2038590,39954.0,661731,0,0,0.0,2042.20157070797
4,x,14,0.01,normal,5000000,0.2518338,0.0,,0.1263793819574656,1,0.0,,0.2200072,0.0,,0,2,64,32,64,1259169,15203.0,287860,0,0,451.45061927381903,79.05233364086598
4,x,15,0.0,m2,100,1.0,0.0,,0.0,1,0.0,,1.0,0.0,,1,1,40,8,32,100,0.0,0,0,0,0.0,0.0293318050007656
4,x,15,0.0001,m1,7900000,0.993467088607595,6.0144055438167714e-05,0.0002727408458062457,0.002431005396116268,79,2.6505854794320732e-05,0.00012019856663727508,0.9910519620253164,6.345759544243796e-05,0.0002877670640549736,0,2,56,-8,48,7848390,53.0,38053,0,0,0.0,4403.443373335962
4,x,15,0.0001,m1,7900000,0.993467088607595,6.0144055438167714e-05,0.0002727408458062457,0.002431005396116268,79,2.6505854794320732e-05,0.00012019856663727508,0.9910519620253164,6.345759544243796e-05,0.0002877670640549736,0,2,56,-6,48,7848390,53.0,38053,0,0,0.0,4403.443373335962
4,x,15,0.0001,m1,5000000,0.9934832,0.0,,0.0016169372567145575,1,0.0,,0.9918768,0.0,,1,1,40,8,32,4967416,17.0,16030,0,0,143.23746583098546,39.78644318925217
4,x,15,0.0001,normal,7900000,0.9922030379746836,6.161074695907608e-05,0.00027939198835117524,0.0032964607939513627,79,3.2698084874360304e-05,0.00014827904869244926,0.9889322784810126,6.868782376577046e-05,0.00031148506721044794,0,2,64,0,64,7838404,84.0,51510,0,0,0.0,4925.383021806003
4,x,15,0.0001,normal,7900000,0.9922030379746836,6.161074695907608e-05,0.00027939198835117524,0.0032964607939513627,79,3.2698084874360304e-05,0.00014827904869244926,0.9889322784810126,6.868782376577046e-05,0.00031148506721044794,0,2,64,2,64,7838404,84.0,51510,0,0,0.0,4925.383021806003
4,x,15,0.0001,normal,5000000,0.9922588,0.0,,0.002502774477787448,1,0.0,,0.9897754,0.0,,1,1,48,16,48,4961294,33.0,24768,0,0,1533.3274084231816,-50.17493499722332
4,x,15,0.0005,m1,7900000,0.9677846835443037,0.00013035067214726425,0.0005911133247309432,0.012045188920006812,79,5.2179082089468154e-05,0.0002366213398613585,0.9561275316455696,0.00013745772797205813,0.0006233423522337408,0,2,56,-8,48,7645499,1097.0,181989,0,0,0.0,4349.6548788351065
4,x,15,0.0005,m1,7900000,0.9677846835443037,0.00013035067214726425,0.0005911133247309432,0.012045188920006812,79,5.2179082089468154e-05,0.0002366213398613585,0.9561275316455696,0.00013745772797205813,0.0006233423522337408,0,2,56,-6,48,7645499,1097.0,181989,0,0,0.0,4349.6548788351065
4,x,15,0.0005,m1,5000000,0.9677192,0.0,,0.008025055201963545,1,0.0,,0.9599532,0.0,,1,1,40,8,32,4838596,319.0,77022,0,0,162.37702120188624,55.621789848431945
4,x,15,0.0005,normal,7900000,0.9617748101265823,0.00015440844273879048,0.0007002103360904651,0.016373396603312124,79,6.820506727197966e-05,0.0003092958664078795,0.9460272784810126,0.0001622430551811592,0.0007357386823007164,0,2,64,0,64,7598021,2048.0,244715,0,0,0.0,5383.813101459164
4,x,15,0.0005,normal,7900000,0.9617748101265823,0.00015440844273879048,0.0007002103360904651,0.016373396603312124,79,6.820506727197966e-05,0.0003092958664078795,0.9460272784810126,0.0001622430551811592,0.0007357386823007164,0,2,64,2,64,7598021,2048.0,244715,0,0,0.0,5383.813101459164
4,x,15,0.0005,normal,5000000,0.9618442,0.0,,0.012494123268612526,1,0.0,,0.9498268,0.0,,1,1,48,16,48,4809221,780.0,118614,0,0,1477.3103115214035,-13.061807745601982
4,x,15,0.001,m1,7900000,0.9365334177215191,0.00016712331021216805,0.0007578696289954559,0.023708595494090587,79,8.38511941299831e-05,0.0003802478140568171,0.9143295569620252,0.00018866075053153086,0.000855537464102511,0,2,56,-8,48,7398614,4205.0,342411,0,0,0.0,4972.217799545033
4,x,15,0.001,m1,7900000,0.9365334177215191,0.00016712331021216805,0.0007578696289954559,0.023708595494090587,79,8.38511941299831e-05,0.0003802478140568171,0.9143295569620252,0.00018866075053153086,0.000855537464102511,0,2,56,-6,48,7398614,4205.0,342411,0,0,0.0,4972.217799545033
4,x,15,0.001,m1,5000000,0.9366358,0.0,,0.015990740477782293,1,0.0,,0.9216583,0.0,,1,1,40,8,32,4683179,1218.0,147339,0,0,188.63112223800272,54.71330688940361
4,x,15,0.001,normal,8000000,0.9250696250000001,0.00016617419706230972,0.0007583200015056539,0.0322348774179268,80,9.789255736571709e-05,0.00044672329134906363,0.8952501249999999,0.0001859721603629535,0.0008486661071307267,0,2,64,0,64,7400557,7761.0,461590,0,0,0.0,4545.583135999841
4,x,15,0.001,normal,8000000,0.9250696250000001,0.00016617419706230972,0.0007583200015056539,0.0322348774179268,80,9.789255736571709e-05,0.00044672329134906363,0.8952501249999999,0.0001859721603629535,0.0008486661071307267,0,2,64,2,64,7400557,7761.0,461590,0,0,0.0,4545.583135999841
4,x,15,0.001,normal,5000000,0.9252242,0.0,,0.0247423273191514,1,0.0,,0.902332,0.0,,1,1,48,16,48,4626121,2826.0,223270,0,0,1475.5565559878014,17.50310294702649
4,x,15,0.005,m1,7900000,0.7211398734177216,0.00032228542975232943,0.0014614977334218419,0.1084551798512372,79,0.00021433910924700117,0.0009719835072559142,0.6429284810126582,0.0003224787349804731,0.001462374332630834,0,2,56,-8,48,5697005,66799.0,1102142,0,0,0.0,3962.774893263093
4,x,15,0.005,m1,7900000,0.7211398734177216,0.00032228542975232943,0.0014614977334218419,0.1084551798512372,79,0.00021433910924700117,0.0009719835072559142,0.6429284810126582,0.0003224787349804731,0.001462374332630834,0,2,56,-6,48,5697005,66799.0,1102142,0,0,0.0,3962.774893263093
4,x,15,0.005,m1,5000000,0.721303,0.0,,0.07563437279478943,1,0.0,,0.6667477,0.0,,1,1,40,8,32,3606515,20848.0,503857,0,0,362.5231808573008,47.21249895170331
4,x,15,0.005,normal,8000000,0.678635125,0.00037993732927536723,0.0017338075417335553,0.1427102280036772,80,0.00019091579055964433,0.0008712258891213823,0.581787,0.0003544520614352469,0.0016175079676207017,0,2,64,0,64,5429081,110749.0,1328072,0,0,0.0,4326.820883044056
4,x,15,0.005,normal,8000000,0.678635125,0.00037993732927536723,0.0017338075417335553,0.1427102280036772,80,0.00019091579055964433,0.0008712258891213823,0.581787,0.0003544520614352469,0.0016175079676207017,0,2,64,2,64,5429081,110749.0,1328072,0,0,0.0,4326.820883044056
4,x,15,0.005,normal,5000000,0.6788882,0.0,,0.11277851051174553,1,0.0,,0.6023242,0.0,,1,1,48,16,48,3394441,43385.0,678870,0,0,619.516607219819,145.35802383953703
4,x,15,0.01,m1,7900000,0.5213484810126582,0.0003411400756060712,0.001546999650777806,0.1946053198291842,79,0.00025986028025550467,0.0011784125980862452,0.4198915189873418,0.00032118122983008137,0.0014564904152664716,0,2,56,-8,48,4118653,156203.0,1290614,0,0,0.0,4009.5143485840235
4,x,15,0.01,m1,7900000,0.5213484810126582,0.0003411400756060712,0.001546999650777806,0.1946053198291842,79,0.00025986028025550467,0.0011784125980862452,0.4198915189873418,0.00032118122983008137,0.0014564904152664716,0,2,56,-6,48,4118653,156203.0,1290614,0,0,0.0,4009.5143485840235
4,x,15,0.01,m1,5000000,0.521594,0.0,,0.1408873568330924,1,0.0,,0.448108,0.0,,1,1,40,8,32,2607970,51813.0,631234,0,0,482.781647273805,34.068311212118715
4,x,15,0.01,normal,8000000,0.46230587500000003,0.00037171377478409476,0.0016962801399801697,0.246117316475483,80,0.00033899613841322976,0.001546976346126346,0.3485248125,0.00034230698411324463,0.0015620850727554197,0,2,64,0,64,3698447,223833.0,1372831,0,0,0.0,3597.689790064949
4,x,15,0.01,normal,8000000,0.46230587500000003,0.00037171377478409476,0.0016962801399801697,0.246117316475483,80,0.00033899613841322976,0.001546976346126346,0.3485248125,0.00034230698411324463,0.0015620850727554197,0,2,64,2,64,3698447,223833.0,1372831,0,0,0.0,3597.689790064949
4,x,15,0.01,normal,5000000,0.4625604,0.0,,0.20165625937715378,1,0.0,,0.3692822,0.0,,1,1,48,16,48,2312802,94080.0,744622,0,0,618.0573720331304,679.7482400699519
4,x,16,0.0,m2,100,1.0,0.0,,0.0,1,0.0,,1.0,0.0,,0,2,56,8,48,100,0.0,0,0,0,0.0,0.0284494160005124
4,z,2,0.0,m2,200,1.0,0.0,0.0,0.0,2,0.0,0.0,1.0,0.0,0.0,1,1,40,40,32,200,0.0,0,0,0,0.0,0.0710307299996202
4,z,2,0.0001,m1,7900000,0.991870506329114,6.80659564660679e-05,0.00030866502768926046,0.001629580814651918,79,2.0407352715177977e-05,9.254312167103827e-05,0.9902541772151899,7.362821809422517e-05,0.00033388873317448305,0,2,56,-8,48,7835777,23.0,25492,0,0,0.0,3978.810988853962
4,z,2,0.0001,m1,7900000,0.991870506329114,6.80659564660679e-05,0.00030866502768926046,0.001629580814651918,79,2.0407352715177977e-05,9.254312167103827e-05,0.9902541772151899,7.362821809422517e-05,0.00033388873317448305,0,2,56,-6,48,7835777,23.0,25492,0,0,0.0,3978.810988853962
4,z,2,0.0001,m1,5000000,0.991845,0.0,,0.0008295651034183768,1,0.0,,0.9910222,0.0,,1,1,40,40,32,4959225,2.0,8224,0,0,223.3158396421932,20.41308821365237
4,z,2,0.0001,normal,7900000,0.9898683544303798,7.809918089229555e-05,0.0003541636242876641,0.002147010029764289,79,2.155292607589595e-05,9.773805980846632e-05,0.9877431012658228,8.324273624481193e-05,0.0003774885834557201,0,2,64,0,64,7819960,27.0,33525,0,0,0.0,4294.23230812994
4,z,2,0.0001,normal,7900000,0.9898683544303798,7.809918089229555e-05,0.0003541636242876641,0.002147010029764289,79,2.155292607589595e-05,9.773805980846632e-05,0.9877431012658228,8.324273624481193e-05,0.0003774885834557201,0,2,64,2,64,7819960,27.0,33525,0,0,0.0,4294.23230812994
4,z,2,0.0001,normal,5000000,0.9899278,0.0,,0.0013371682258039425,1,0.0,,0.9886041,0.0,,1,1,48,48,48,4949639,8.0,13221,0,0,652.4044889952056,206.32967678876597
4,z,2,0.0005,m1,7900000,0.9600053164556961,0.00015154509113075594,0.0006872256290612077,0.008087429708285056,79,4.2030305766952437e-05,0.00019059873932443562,0.952241329113924,0.00015204014220677594,0.0006894705832500684,0,2,56,-8,48,7584042,494.0,121683,0,0,0.0,4947.462993706024
4,z,2,0.0005,m1,7900000,0.9600053164556961,0.00015154509113075594,0.0006872256290612077,0.008087429708285056,79,4.2030305766952437e-05,0.00019059873932443562,0.952241329113924,0.00015204014220677594,0.0006894705832500684,0,2,56,-6,48,7584042,494.0,121683,0,0,0.0,4947.462993706024
4,z,2,0.0005,m1,5000000,0.9601668,0.0,,0.004113764400102149,1,0.0,,0.9562169,0.0,,1,1,40,40,32,4800834,66.0,39367,0,0,195.00762999616563,10.77321833372116
4,z,2,0.0005,normal,7900000,0.9503706329113923,0.000146789957019278,0.0006656620798452765,0.010603072578750176,79,4.983143614116396e-05,0.00022597525128403663,0.9402937974683544,0.0001567609525063998,0.0007108784810818657,0,2,64,0,64,7507928,808.0,157598,0,0,0.0,3866.0102892519644
4,z,2,0.0005,normal,7900000,0.9503706329113923,0.000146789957019278,0.0006656620798452765,0.010603072578750176,79,4.983143614116396e-05,0.00022597525128403663,0.9402937974683544,0.0001567609525063998,0.0007108784810818657,0,2,64,2,64,7507928,808.0,157598,0,0,0.0,3866.0102892519644
4,z,2,0.0005,normal,5000000,0.950332,0.0,,0.006602219013986691,1,0.0,,0.9440577,0.0,,1,1,48,48,48,4751660,214.0,62315,0,0,652.1584746143781,203.45392685430124
4,z,2,0.001,m1,7900000,0.9216243037974683,0.00021674052873566738,0.0009828734477114224,0.01599787796513273,79,6.606567632235096e-05,0.00029959417115535636,0.906880253164557,0.00021823614561520318,0.0009896557607722044,0,2,56,-8,48,7280832,1887.0,229182,0,0,0.0,3863.4453381669155
4,z,2,0.001,m1,7900000,0.9216243037974683,0.00021674052873566738,0.0009828734477114224,0.01599787796513273,79,6.606567632235096e-05,0.00029959417115535636,0.906880253164557,0.00021823614561520318,0.0009896557607722044,0,2,56,-6,48,7280832,1887.0,229182,0,0,0.0,3863.4453381669155
4,z,2,0.001,m1,5000000,0.9217972,0.0,,0.008207987613761465,1,0.0,,0.9142311,0.0,,1,1,40,40,32,4608986,308.0,75045,0,0,181.48417859291655,66.43339710589498
4,z,2,0.001,normal,7900000,0.9032674683544304,0.00020984118512353155,0.0009515863521111532,0.020978338109989243,79,8.247818442194033e-05,0.00037402149914766107,0.884318417721519,0.00021848037384083427,0.0009907632852373092,0,2,64,0,64,7135813,3183.0,293029,0,0,0.0,4136.026245001005
4,z,2,0.001,normal,7900000,0.9032674683544304,0.00020984118512353155,0.0009515863521111532,0.020978338109989243,79,8.247818442194033e-05,0.00037402149914766107,0.884318417721519,0.00021848037384083427,0.0009907632852373092,0,2,64,2,64,7135813,3183.0,293029,0,0,0.0,4136.026245001005
4,z,2,0.001,normal,5000000,0.9033024,0.0,,0.013147645793922389,1,0.0,,0.8914261,0.0,,1,1,48,48,48,4516512,760.0,117243,0,0,658.2596597447991,194.5081114144996
4,z,2,0.005,m1,7900000,0.6663394936708861,0.0003504925517063093,0.0015894111945850581,0.07583834785780737,79,0.0001644710103152726,0.0007458419978032962,0.6158054430379747,0.000345129477510242,0.0015650907628865201,0,2,56,-8,48,5264082,30124.0,738190,0,0,0.0,3719.2258537250455
4,z,2,0.005,m1,7900000,0.6663394936708861,0.0003504925517063093,0.0015894111945850581,0.07583834785780737,79,0.0001644710103152726,0.0007458419978032962,0.6158054430379747,0.000345129477510242,0.0015650907628865201,0,2,56,-6,48,5264082,30124.0,738190,0,0,0.0,3719.2258537250455
4,z,2,0.005,m1,5000000,0.6664946,0.0,,0.04018547187028972,1,0.0,,0.6397112,0.0,,1,1,40,40,32,3332473,5560.0,256714,0,0,368.4632205190137,30.32780743809417
4,z,2,0.005,normal,7900000,0.6032227848101266,0.00036385838520093793,0.001650022483692062,0.09684615118327469,79,0.00023513390761719093,0.0010662836147983243,0.5448030379746835,0.00036214449267227316,0.0016422503357302473,0,2,64,0,64,4765460,44717.0,833598,0,0,0.0,4356.468383570027
4,z,2,0.005,normal,7900000,0.6032227848101266,0.00036385838520093793,0.001650022483692062,0.09684615118327469,79,0.00023513390761719093,0.0010662836147983243,0.5448030379746835,0.00036214449267227316,0.0016422503357302473,0,2,64,2,64,4765460,44717.0,833598,0,0,0.0,4356.468383570027
4,z,2,0.005,normal,5000000,0.6031444,0.0,,0.06324472215940329,1,0.0,,0.5649987,0.0,,1,1,48,48,48,3015722,11984.0,357489,0,0,622.0007603038102,130.01970833120868
4,z,2,0.01,m1,7900000,0.4462526582278481,0.00035684673158954173,0.0016182260854854485,0.14139315396764907,79,0.0002772467459491591,0.0012572566222266476,0.38315575949367087,0.0003401175058749834,0.0015423625086476171,0,2,56,-8,48,3525396,70422.0,856087,0,0,0.0,3393.245218726908
4,z,2,0.01,m1,7900000,0.4462526582278481,0.00035684673158954173,0.0016182260854854485,0.14139315396764907,79,0.0002772467459491591,0.0012572566222266476,0.38315575949367087,0.0003401175058749834,0.0015423625086476171,0,2,56,-6,48,3525396,70422.0,856087,0,0,0.0,3393.245218726908
4,z,2,0.01,m1,5000000,0.4464088,0.0,,0.07852914189863641,1,0.0,,0.4113527,0.0,,1,1,40,40,32,2232044,13582.0,323397,0,0,472.67129571409896,59.29527277359739
4,z,2,0.01,normal,7900000,0.3662713924050633,0.00028278673655451366,0.0012823793332320012,0.17648104526491493,79,0.0003225093841719274,0.0014625133203718438,0.301631582278481,0.0002694190972613948,0.001221759855202518,0,2,64,0,64,2893544,90056.0,841197,0,0,0.0,3450.018323379016
4,z,2,0.01,normal,7900000,0.3662713924050633,0.00028278673655451366,0.0012823793332320012,0.17648104526491493,79,0.0003225093841719274,0.0014625133203718438,0.301631582278481,0.0002694190972613948,0.001221759855202518,0,2,64,2,64,2893544,90056.0,841197,0,0,0.0,3450.018323379016
4,z,2,0.01,normal,5000000,0.3664612,0.0,,0.12002853235212896,1,0.0,,0.3224754,0.0,,1,1,48,48,48,1832306,26460.0,386938,0,0,615.2380062541924,67.20881862286478
4,z,3,0.0,m2,200,1.0,0.0,0.0,0.0,2,0.0,0.0,1.0,0.0,0.0,0,2,56,40,48,200,0.0,0,0,0,0.0,0.0545034549995761
4,z,3,0.0001,m1,7900000,0.9879777215189873,8.56602976392531e-05,0.0003884517241136741,0.0012336307160078547,79,1.7803539372420397e-05,8.07353669685741e-05,0.9867589240506328,8.855635347963406e-05,0.00040158473806913746,0,2,56,-8,48,7805024,13.0,19231,0,0,0.0,4242.230954548126
4,z,3,0.0001,m1,7900000,0.9879777215189873,8.56602976392531e-05,0.0003884517241136741,0.0012336307160078547,79,1.7803539372420397e-05,8.07353669685741e-05,0.9867589240506328,8.855635347963406e-05,0.00040158473806913746,0,2,56,-6,48,7805024,13.0,19231,0,0,0.0,4242.230954548126
4,z,3,0.0001,m1,5000000,0.9880704,0.0,,0.00043812667599393726,1,0.0,,0.9876375,0.0,,0,2,56,40,48,4940352,2.0,4325,0,0,636.0170072708279,20.8530865451321
4,z,3,0.0001,normal,7900000,0.985033417721519,7.939160986293955e-05,0.000360024522227284,0.0012346815365205752,79,1.7188112523068346e-05,7.794453355700421e-05,0.9838172151898734,8.110544426013674e-05,0.0003677964065749224,0,2,64,0,64,7781764,7.0,19202,0,0,0.0,3743.2748456940462
4,z,3,0.0001,normal,7900000,0.985033417721519,7.939160986293955e-05,0.000360024522227284,0.0012346815365205752,79,1.7188112523068346e-05,7.794453355700421e-05,0.9838172151898734,8.110544426013674e-05,0.0003677964065749224,0,2,64,2,64,7781764,7.0,19202,0,0,0.0,3743.2748456940462
4,z,3,0.0001,normal,5000000,0.985119,0.0,,0.000415584310118879,1,0.0,,0.9847096,0.0,,0,2,64,48,64,4925595,0.0,4094,0,0,587.0357232578099,224.8640102618374
4,z,3,0.0005,m1,7900000,0.9415718987341772,0.00016566063884582784,0.0007512367170196025,0.006140945990959684,79,3.577210337088391e-05,0.00016221908646771763,0.935789746835443,0.00016535982654345883,0.0007498725954754311,0,2,56,-8,48,7438418,159.0,91040,0,0,0.0,4619.402010896039
4,z,3,0.0005,m1,7900000,0.9415718987341772,0.00016566063884582784,0.0007512367170196025,0.006140945990959684,79,3.577210337088391e-05,0.00016221908646771763,0.935789746835443,0.00016535982654345883,0.0007498725954754311,0,2,56,-6,48,7438418,159.0,91040,0,0,0.0,4619.402010896039
4,z,3,0.0005,m1,5000000,0.941567,0.0,,0.0021451473979015832,1,0.0,,0.9395472,0.0,,0,2,56,40,48,4707835,26.0,20146,0,0,631.5360073992051,-6.465409704018384
4,z,3,0.0005,normal,7900000,0.9274054430379747,0.00018746385554504607,0.0008501097930122114,0.006121496060205865,79,4.3221192480109e-05,0.00019599916413848333,0.9217283544303798,0.00019531977932179238,0.0008857347817139121,0,2,64,0,64,7326503,172.0,89354,0,0,0.0,3904.98807021002
4,z,3,0.0005,normal,7900000,0.9274054430379747,0.00018746385554504607,0.0008501097930122114,0.006121496060205865,79,4.3221192480109e-05,0.00019599916413848333,0.9217283544303798,0.00019531977932179238,0.0008857347817139121,0,2,64,2,64,7326503,172.0,89354,0,0,0.0,3904.98807021002
4,z,3,0.0005,normal,5000000,0.9273044,0.0,,0.002154093089604665,1,0.0,,0.9253069,0.0,,0,2,64,48,64,4636522,50.0,19875,0,0,663.8178757210262,122.13014948600905
4,z,3,0.001,m1,7900000,0.8866564556962026,0.0002343992094190834,0.0010629519105009616,0.012205996181994359,79,5.784814826929367e-05,0.00026232938188733697,0.8758339873417721,0.0002472989337997939,0.0011214494912282784,0,2,56,-8,48,7004586,648.0,169699,0,0,0.0,3780.8197803330113
4,z,3,0.001,m1,7900000,0.8866564556962026,0.0002343992094190834,0.0010629519105009616,0.012205996181994359,79,5.784814826929367e-05,0.00026232938188733697,0.8758339873417721,0.0002472989337997939,0.0011214494912282784,0,2,56,-6,48,7004586,648.0,169699,0,0,0.0,3780.8197803330113
4,z,3,0.001,m1,5000000,0.8866126,0.0,,0.004346543236583825,1,0.0,,0.8827589,0.0,,0,2,56,40,48,4433063,86.0,38365,0,0,725.7996436376125,-128.03315979149193
4,z,3,0.001,normal,7900000,0.8601012658227847,0.0002485613088919473,0.0011271741010479906,0.01220946390283847,79,5.997241750967063e-05,0.0002719625033175378,0.8495998734177216,0.0002480422973901493,0.0011248204912863561,0,2,64,0,64,6794800,786.0,164350,0,0,0.0,4039.0571732059616
4,z,3,0.001,normal,7900000,0.8601012658227847,0.0002485613088919473,0.0011271741010479906,0.01220946390283847,79,5.997241750967063e-05,0.0002719625033175378,0.8495998734177216,0.0002480422973901493,0.0011248204912863561,0,2,64,2,64,6794800,786.0,164350,0,0,0.0,4039.0571732059616
4,z,3,0.001,normal,5000000,0.8603574,0.0,,0.004365511356094572,1,0.0,,0.8566015,0.0,,0,2,64,48,64,4301787,176.0,37207,0,0,565.8141081859358,182.58874549204484
4,z,3,0.005,m1,7900000,0.550216582278481,0.0004242817962402883,0.0019240301493426333,0.059627077092731726,79,0.00015615310084342117,0.0007081219995729664,0.5174087974683544,0.0004095335582762197,0.001857149942027594,0,2,56,-8,48,4346711,8866.0,500631,0,0,0.0,3268.236658466005
4,z,3,0.005,m1,7900000,0.550216582278481,0.0004242817962402883,0.0019240301493426333,0.059627077092731726,79,0.00015615310084342117,0.0007081219995729664,0.5174087974683544,0.0004095335582762197,0.001857149942027594,0,2,56,-6,48,4346711,8866.0,500631,0,0,0.0,3268.236658466005
4,z,3,0.005,m1,5000000,0.5503838,0.0,,0.02272777650795681,1,0.0,,0.5378748,0.0,,0,2,56,40,48,2751919,1430.0,122230,0,0,525.9526981390081,125.04970640968531
4,z,3,0.005,normal,7900000,0.4749369620253165,0.0003776163418109951,0.0017124119699855214,0.06101496141197628,79,0.00015955298107205604,0.0007235397528728104,0.4459589240506329,0.000375806512395425,0.001704204768093805,0,2,64,0,64,3752002,9787.0,438279,0,0,0.0,3232.0991103990236
4,z,3,0.005,normal,7900000,0.4749369620253165,0.0003776163418109951,0.0017124119699855214,0.06101496141197628,79,0.00015955298107205604,0.0007235397528728104,0.4459589240506329,0.000375806512395425,0.001704204768093805,0,2,64,2,64,3752002,9787.0,438279,0,0,0.0,3232.0991103990236
4,z,3,0.005,normal,5000000,0.4751432,0.0,,0.02416597775154943,1,0.0,,0.4636609,0.0,,0,2,64,48,64,2375716,2694.0,109435,0,0,525.3126116539352,82.98904034402221
4,z,3,0.01,m1,7900000,0.306146582278481,0.0003439472270283739,0.0015597295015942706,0.11585227180117741,79,0.00029261188691335214,0.0013269343569915495,0.27067892405063293,0.0003219583328408455,0.0014600144166144065,0,2,56,-8,48,2418558,17753.0,524883,0,0,0.0,2634.024363882985
4,z,3,0.01,m1,7900000,0.306146582278481,0.0003439472270283739,0.0015597295015942706,0.11585227180117741,79,0.00029261188691335214,0.0013269343569915495,0.27067892405063293,0.0003219583328408455,0.0014600144166144065,0,2,56,-6,48,2418558,17753.0,524883,0,0,0.0,2634.024363882985
4,z,3,0.01,m1,5000000,0.3065266,0.0,,0.048449955077308135,1,0.0,,0.2916754,0.0,,0,2,56,40,48,1532633,3237.0,142038,0,0,504.3321668040008,52.18545509222895
4,z,3,0.01,normal,7900000,0.23074569620253163,0.0003557562910395397,0.001613281163235988,0.12047032154577618,79,0.0003731963566175006,0.0016923682517602993,0.20294797468354428,0.00033333466590623496,0.0015116037329620177,0,2,64,0,64,1822891,17514.0,404176,0,0,0.0,2937.866744910949
4,z,3,0.01,normal,7900000,0.23074569620253163,0.0003557562910395397,0.001613281163235988,0.12047032154577618,79,0.0003731963566175006,0.0016923682517602993,0.20294797468354428,0.00033333466590623496,0.0015116037329620177,0,2,64,2,64,1822891,17514.0,404176,0,0,0.0,2937.866744910949
4,z,3,0.01,normal,5000000,0.231019,0.0,,0.05394924227011631,1,0.0,,0.2185557,0.0,,0,2,64,48,64,1155095,5340.0,113953,0,0,470.6144971419126,22.491472586989403
4,z,4,0.0,m2,200,1.0,0.0,0.0,0.0,2,0.0,0.0,1.0,0.0,0.0,2,0,24,24,16,200,0.0,0,0,0,0.0,0.0586299189999407
4,z,4,0.0001,m1,7900000,0.9955508860759494,4.341990257424449e-05,0.0001969002732963197,1.970731555245124e-06,79,6.733401529350416e-07,3.0534582593222765e-06,0.9955489240506329,4.335521043608052e-05,0.00019660690783648645,0,2,56,-8,48,7864852,0.0,31,0,0,0.0,2438.8780273280136
4,z,4,0.0001,m1,7900000,0.9955508860759494,4.341990257424449e-05,0.0001969002732963197,1.970731555245124e-06,79,6.733401529350416e-07,3.0534582593222765e-06,0.9955489240506329,4.335521043608052e-05,0.00019660690783648645,0,2,56,-6,48,7864852,0.0,31,0,0,0.0,2438.8780273280136
4,z,4,0.0001,m1,5000000,0.995559,0.0,,1.0044608104592495e-07,1,0.0,,0.9955589,0.0,,2,0,24,24,16,4977795,0.0,1,0,0,13.22999743418768,2.884278499055654
4,z,4,0.0001,normal,7900000,0.9935160759493671,6.402639830016718e-05,0.0002903464673124338,2.6117867484601455e-06,79,8.495881124638493e-07,3.852706284805548e-06,0.9935134810126582,6.396714072348677e-05,0.000290077746464355,0,2,64,0,64,7848777,0.0,41,0,0,0.0,4276.290279726018
4,z,4,0.0001,normal,7900000,0.9935160759493671,6.402639830016718e-05,0.0002903464673124338,2.6117867484601455e-06,79,8.495881124638493e-07,3.852706284805548e-06,0.9935134810126582,6.396714072348677e-05,0.000290077746464355,0,2,64,2,64,7848777,0.0,41,0,0,0.0,4276.290279726018
4,z,4,0.0001,normal,5000000,0.9935484,0.0,,1.0064934934221625e-06,1,0.0,,0.9935474,0.0,,2,0,32,32,32,4967742,0.0,10,0,0,569.1467572147958,156.92814021511003
4,z,4,0.0005,m1,7900000,0.977929493670886,0.00010747254610104235,0.00048736575728060044,3.753664726399567e-05,79,3.1518023115020475e-06,1.4292771280395341e-05,0.9778927848101265,0.00010721382809803577,0.0004861925246734667,0,2,56,-8,48,7725643,1.0,578,0,0,0.0,2752.531926972806
4,z,4,0.0005,m1,7900000,0.977929493670886,0.00010747254610104235,0.00048736575728060044,3.753664726399567e-05,79,3.1518023115020475e-06,1.4292771280395341e-05,0.9778927848101265,0.00010721382809803577,0.0004861925246734667,0,2,56,-6,48,7725643,1.0,578,0,0,0.0,2752.531926972806
4,z,4,0.0005,m1,5000000,0.9780486,0.0,,8.588530263220048e-06,1,0.0,,0.9780402,0.0,,2,0,24,24,16,4890243,0.0,84,0,0,57.32350527308881,7.657408087980002
4,z,4,0.0005,normal,7900000,0.9681569620253164,0.0001263253062982695,0.0005728591235744699,7.71415095876621e-05,79,4.313597019289248e-06,1.956126987009993e-05,0.9680822784810126,0.0001269665286313056,0.0005757669341666889,0,2,64,0,64,7648440,0.0,1180,0,0,0.0,4557.140174898857
4,z,4,0.0005,normal,7900000,0.9681569620253164,0.0001263253062982695,0.0005728591235744699,7.71415095876621e-05,79,4.313597019289248e-06,1.956126987009993e-05,0.9680822784810126,0.0001269665286313056,0.0005757669341666889,0,2,64,2,64,7648440,0.0,1180,0,0,0.0,4557.140174898857
4,z,4,0.0005,normal,5000000,0.9680702,0.0,,2.7993837636981286e-05,1,0.0,,0.9680431,0.0,,2,0,32,32,32,4840351,0.0,271,0,0,564.1988346059807,147.96889987913892
4,z,4,0.001,m1,7900000,0.956300506329114,0.00014928539834257068,0.0006769783898648831,0.0001741293471120488,79,7.137598311863978e-06,3.23675313615054e-05,0.9561339873417722,0.0001497299927880358,0.0006789945336751649,0,2,56,-8,48,7554774,21.0,2589,0,0,0.0,2408.0135929181124
4,z,4,0.001,m1,7900000,0.956300506329114,0.00014928539834257068,0.0006769783898648831,0.0001741293471120488,79,7.137598311863978e-06,3.23675313615054e-05,0.9561339873417722,0.0001497299927880358,0.0006789945336751649,0,2,56,-6,48,7554774,21.0,2589,0,0,0.0,2408.0135929181124
4,z,4,0.001,m1,5000000,0.9563454,0.0,,3.74341738873842e-05,1,0.0,,0.9563096,0.0,,2,0,24,24,16,4781727,1.0,356,0,0,35.370310141239315,4.782663237769157
4,z,4,0.001,normal,7900000,0.9374543037974684,0.00017107328789540976,0.000775781960420308,0.0002990881990131571,79,8.847667898978076e-06,4.012234307446902e-05,0.9371739240506328,0.00017169913069277633,0.0007786200280007522,0,2,64,0,64,7405889,41.0,4348,0,0,0.0,4547.884900709076
4,z,4,0.001,normal,7900000,0.9374543037974684,0.00017107328789540976,0.000775781960420308,0.0002990881990131571,79,8.847667898978076e-06,4.012234307446902e-05,0.9371739240506328,0.00017169913069277633,0.0007786200280007522,0,2,64,2,64,7405889,41.0,4348,0,0,0.0,4547.884900709076
4,z,4,0.001,normal,5000000,0.937506,0.0,,0.0001126392791086137,1,0.0,,0.9374004,0.0,,2,0,32,32,32,4687530,7.0,1042,0,0,590.8253936115652,153.15326197817922
4,z,4,0.005,m1,7900000,0.8035143037974684,0.00027881612848879006,0.0012643734472916376,0.0040220175122277525,79,3.6930272916066855e-05,0.00016747114569516658,0.8002825949367088,0.0002848276141772495,0.001291634290932422,0,2,56,-8,48,6347763,1227.0,48607,0,0,0.0,2854.9657605609973
4,z,4,0.005,m1,7900000,0.8035143037974684,0.00027881612848879006,0.0012643734472916376,0.0040220175122277525,79,3.6930272916066855e-05,0.00016747114569516658,0.8002825949367088,0.0002848276141772495,0.001291634290932422,0,2,56,-6,48,6347763,1227.0,48607,0,0,0.0,2854.9657605609973
4,z,4,0.005,m1,5000000,0.8036308,0.0,,0.0009814208216011632,1,0.0,,0.8028421,0.0,,2,0,24,24,16,4018154,106.0,7675,0,0,94.03051000414416,20.232956319116056
4,z,4,0.005,normal,7900000,0.7311018987341772,0.0003526632131289328,0.0015992546949618156,0.006993540118177988,79,5.022861998848347e-05,0.00022777639784240053,0.7259889240506329,0.00035371526204790247,0.001604025519108922,0,2,64,0,64,5775705,2664.0,75457,0,0,0.0,4121.348427855934
4,z,4,0.005,normal,7900000,0.7311018987341772,0.0003526632131289328,0.0015992546949618156,0.006993540118177988,79,5.022861998848347e-05,0.00022777639784240053,0.7259889240506329,0.00035371526204790247,0.001604025519108922,0,2,64,2,64,5775705,2664.0,75457,0,0,0.0,4121.348427855934
4,z,4,0.005,normal,5000000,0.7312,0.0,,0.0027557439824945295,1,0.0,,0.729185,0.0,,2,0,32,32,32,3656000,429.0,19292,0,0,975.042212577071,-84.61844566697255
4,z,4,0.01,m1,7900000,0.652869746835443,0.00032870668207601997,0.0014906167839604137,0.014972333723501966,79,7.410204596212927e-05,0.0003360374445062554,0.6430946835443038,0.0003196023188507863,0.0014493303806993243,0,2,56,-8,48,5157671,7475.0,139496,0,0,0.0,3083.75898671709
4,z,4,0.01,m1,7900000,0.652869746835443,0.00032870668207601997,0.0014906167839604137,0.014972333723501966,79,7.410204596212927e-05,0.0003360374445062554,0.6430946835443038,0.0003196023188507863,0.0014493303806993243,0,2,56,-6,48,5157671,7475.0,139496,0,0,0.0,3083.75898671709
4,z,4,0.01,m1,5000000,0.6531594,0.0,,0.003908387447229574,1,0.0,,0.6506066,0.0,,2,0,24,24,16,3265797,636.0,24256,0,0,141.1798080499284,31.29512718645856
4,z,4,0.01,normal,7900000,0.5468848101265823,0.000332017993097945,0.0015056328942354494,0.025286571217530984,79,0.00010297646100244477,0.0004669769417330847,0.5330560759493671,0.0003369886056840636,0.0015281735937449276,0,2,64,0,64,4320390,13659.0,191176,0,0,0.0,4278.48714203712
4,z,4,0.01,normal,7900000,0.5468848101265823,0.000332017993097945,0.0015056328942354494,0.025286571217530984,79,0.00010297646100244477,0.0004669769417330847,0.5330560759493671,0.0003369886056840636,0.0015281735937449276,0,2,64,2,64,4320390,13659.0,191176,0,0,0.0,4278.48714203712
4,z,4,0.01,normal,5000000,0.5475972,0.0,,0.010681573974446912,1,0.0,,0.541748,0.0,,2,0,32,32,32,2737986,2385.0,53722,0,0,647.4568363940343,118.42734550824387
4,z,5,0.0,m2,200,1.0,0.0,0.0,0.0,2,0.0,0.0,1.0,0.0,0.0,0,2,56,40,48,200,0.0,0,0,0,0.0,0.054472486999657
4,z,5,0.0001,m1,7900000,0.987766075949367,8.764349252799754e-05,0.0003974451025517287,0.0011159338068740463,79,1.687886633371919e-05,7.654216608060149e-05,0.9866637974683544,9.078043058944811e-05,0.00041167046753399903,0,2,56,-8,48,7803352,3.0,17410,0,0,0.0,3252.0607687709125
4,z,5,0.0001,m1,7900000,0.987766075949367,8.764349252799754e-05,0.0003974451025517287,0.0011159338068740463,79,1.687886633371919e-05,7.654216608060149e-05,0.9866637974683544,9.078043058944811e-05,0.00041167046753399903,0,2,56,-6,48,7803352,3.0,17410,0,0,0.0,3252.0607687709125
4,z,5,0.0001,m1,5000000,0.9878004,0.0,,0.00032476196608140673,1,0.0,,0.9874796,0.0,,0,2,56,40,48,4939002,2.0,3204,0,0,621.2440495952033,21.07219415763393
4,z,5,0.0001,normal,7900000,0.9847721518987341,8.716506474895476e-05,0.0003952755315748018,0.0011204138146324793,79,1.7687535960420635e-05,8.020931549973439e-05,0.9836687974683544,8.763380800818992e-05,0.0003974011852584183,0,2,64,0,64,7779700,7.0,17419,0,0,0.0,4499.824380295104
4,z,5,0.0001,normal,7900000,0.9847721518987341,8.716506474895476e-05,0.0003952755315748018,0.0011204138146324793,79,1.7687535960420635e-05,8.020931549973439e-05,0.9836687974683544,8.763380800818992e-05,0.0003974011852584183,0,2,64,2,64,7779700,7.0,17419,0,0,0.0,4499.824380295104
4,z,5,0.0001,normal,5000000,0.9848682,0.0,,0.0003208551154357507,1,0.0,,0.9845522,0.0,,0,2,64,48,64,4924341,4.0,3152,0,0,580.4049383681267,560.150219107978
4,z,5,0.0005,m1,7900000,0.9406249367088608,0.00015833117852834936,0.0007179991311646289,0.005630222497967848,79,3.583672950877106e-05,0.00016251215262995294,0.9353289873417722,0.000154676096735378,0.0007014240915793637,0,2,56,-8,48,7430937,89.0,83498,0,0,0.0,3599.8299465469026
4,z,5,0.0005,m1,7900000,0.9406249367088608,0.00015833117852834936,0.0007179991311646289,0.005630222497967848,79,3.583672950877106e-05,0.00016251215262995294,0.9353289873417722,0.000154676096735378,0.0007014240915793637,0,2,56,-6,48,7430937,89.0,83498,0,0,0.0,3599.8299465469026
4,z,5,0.0005,m1,5000000,0.9407154,0.0,,0.0016267406699199355,1,0.0,,0.9391851,0.0,,0,2,56,40,48,4703577,38.0,15227,0,0,835.1514850780368,-322.7984917461872
4,z,5,0.0005,normal,7900000,0.9264778481012658,0.00018239385054824868,0.0008271183694875703,0.0056504506105328825,79,4.138776588714171e-05,0.00018768495393023342,0.9212428481012658,0.00018956990577307455,0.0008596602949914711,0,2,64,0,64,7319175,181.0,82351,0,0,0.0,4740.079787632072
4,z,5,0.0005,normal,7900000,0.9264778481012658,0.00018239385054824868,0.0008271183694875703,0.0056504506105328825,79,4.138776588714171e-05,0.00018768495393023342,0.9212428481012658,0.00018956990577307455,0.0008596602949914711,0,2,64,2,64,7319175,181.0,82351,0,0,0.0,4740.079787632072
4,z,5,0.0005,normal,5000000,0.9264464,0.0,,0.0016614021059394263,1,0.0,,0.9249072,0.0,,0,2,64,48,64,4632232,99.0,15194,0,0,580.9437536890619,188.3785430872813
4,z,5,0.001,m1,7900000,0.8848978481012658,0.0002557928369833625,0.0011599675845228772,0.011278199754355959,79,5.305688681298306e-05,0.00024060200263841894,0.8749177848101266,0.0002557767544104591,0.001159894653382726,0,2,56,-8,48,6990693,416.0,156853,0,0,0.0,4261.687101916003
4,z,5,0.001,m1,7900000,0.8848978481012658,0.0002557928369833625,0.0011599675845228772,0.011278199754355959,79,5.305688681298306e-05,0.00024060200263841894,0.8749177848101266,0.0002557767544104591,0.001159894653382726,0,2,56,-6,48,6990693,416.0,156853,0,0,0.0,4261.687101916003
4,z,5,0.001,m1,5000000,0.884941,0.0,,0.0033527658906073966,1,0.0,,0.881974,0.0,,0,2,56,40,48,4424705,140.0,29390,0,0,592.8944800640456,17.855037099681795
4,z,5,0.001,normal,7900000,0.8586559493670887,0.0002683568780803655,0.0012169429110215025,0.011282906577686786,79,5.9302490290079446e-05,0.0002689245220046919,0.8489678481012658,0.0002753450925465756,0.0012486330175549578,0,2,64,0,64,6783382,760.0,151552,0,0,0.0,4772.640925344953
4,z,5,0.001,normal,7900000,0.8586559493670887,0.0002683568780803655,0.0012169429110215025,0.011282906577686786,79,5.9302490290079446e-05,0.0002689245220046919,0.8489678481012658,0.0002753450925465756,0.0012486330175549578,0,2,64,2,64,6783382,760.0,151552,0,0,0.0,4772.640925344953
4,z,5,0.001,normal,5000000,0.8587734,0.0,,0.0034275630800860856,1,0.0,,0.8558299,0.0,,0,2,64,48,64,4293867,346.0,28743,0,0,598.3461777917109,116.73083900427446
4,z,5,0.005,m1,7900000,0.5471736708860759,0.00040639623493884724,0.001842922829898743,0.056670345573736944,79,0.0001667043267304997,0.000755969625606317,0.516165253164557,0.00040078769656728947,0.001817489268958243,0,2,56,-8,48,4322672,6195.0,477543,0,0,0.0,3862.817398314961
4,z,5,0.005,m1,7900000,0.5471736708860759,0.00040639623493884724,0.001842922829898743,0.056670345573736944,79,0.0001667043267304997,0.000755969625606317,0.516165253164557,0.00040078769656728947,0.001817489268958243,0,2,56,-6,48,4322672,6195.0,477543,0,0,0.0,3862.817398314961
4,z,5,0.005,m1,5000000,0.5476548,0.0,,0.019544976141905448,1,0.0,,0.5369509,0.0,,0,2,56,40,48,2738274,2272.0,102495,0,0,543.2407580972649,54.549337016418576
4,z,5,0.005,normal,7900000,0.47276025316455694,0.000356974640165109,0.001618806124407532,0.05876546210501082,79,0.00017506128808511,0.0007938667160439545,0.4449786075949367,0.000366355709489029,0.0016613473325673873,0,2,64,0,64,3734806,9691.0,419568,0,0,0.0,3446.04636968096
4,z,5,0.005,normal,7900000,0.47276025316455694,0.000356974640165109,0.001618806124407532,0.05876546210501082,79,0.00017506128808511,0.0007938667160439545,0.4449786075949367,0.000366355709489029,0.0016613473325673873,0,2,64,2,64,3734806,9691.0,419568,0,0,0.0,3446.04636968096
4,z,5,0.005,normal,5000000,0.472992,0.0,,0.02196231648738245,1,0.0,,0.462604,0.0,,0,2,64,48,64,2364960,4867.0,94146,0,0,685.8845150060952,-45.377248254138976
4,z,5,0.01,m1,7900000,0.3063735443037975,0.0003172134359433577,0.0014384972910455346,0.11369432036327838,79,0.0002375848148184811,0.0010773979717900927,0.2715405696202532,0.0002884305989663581,0.0013079730813856,0,2,56,-8,48,2420351,12982.0,524397,0,0,0.0,3093.4876684240735
4,z,5,0.01,m1,7900000,0.3063735443037975,0.0003172134359433577,0.0014384972910455346,0.11369432036327838,79,0.0002375848148184811,0.0010773979717900927,0.2715405696202532,0.0002884305989663581,0.0013079730813856,0,2,56,-6,48,2420351,12982.0,524397,0,0,0.0,3093.4876684240735
4,z,5,0.01,m1,5000000,0.3066632,0.0,,0.04614802167328848,1,0.0,,0.2925113,0.0,,0,2,56,40,48,1533316,5166.0,131187,0,0,506.18014965578914,37.42922967020422
4,z,5,0.01,normal,7900000,0.23173848101265823,0.0002795230181968561,0.0012675790458410712,0.12150640864286978,79,0.0002957558532912063,0.0013411915939343408,0.2035806329113924,0.00024956018063176434,0.0011317037776915906,0,2,64,0,64,1830734,17815.0,409264,0,0,0.0,2756.604589409937
4,z,5,0.01,normal,7900000,0.23173848101265823,0.0002795230181968561,0.0012675790458410712,0.12150640864286978,79,0.0002957558532912063,0.0013411915939343408,0.2035806329113924,0.00024956018063176434,0.0011317037776915906,0,2,64,2,64,1830734,17815.0,409264,0,0,0.0,2756.604589409937
4,z,5,0.01,normal,5000000,0.2317218,0.0,,0.055060853143726655,1,0.0,,0.218963,0.0,,0,2,64,48,64,1158609,9378.0,108832,0,0,472.0515776933171,13.997784476727247
4,z,6,0.0,m2,200,1.0,0.0,0.0,0.0,2,0.0,0.0,1.0,0.0,0.0,1,1,40,24,32,200,0.0,0,0,0,0.0,0.0580248559999744
4,z,6,0.0001,m1,7900000,0.9916625316455696,6.302642424835388e-05,0.00028581179191203206,1.2764840644143583e-06,79,5.760470053517821e-07,2.612253967897486e-06,0.9916612658227848,6.304338485638934e-05,0.0002858887047598152,0,2,56,-8,48,7834134,0.0,20,0,0,0.0,3282.9095490720792
4,z,6,0.0001,m1,7900000,0.9916625316455696,6.302642424835388e-05,0.00028581179191203206,1.2764840644143583e-06,79,5.760470053517821e-07,2.612253967897486e-06,0.9916612658227848,6.304338485638934e-05,0.0002858887047598152,0,2,56,-6,48,7834134,0.0,20,0,0,0.0,3282.9095490720792
4,z,6,0.0001,m1,5000000,0.9917246,0.0,,2.016688907384167e-07,1,0.0,,0.9917244,0.0,,1,1,40,24,32,4958623,0.0,2,0,0,206.859672695864,8.285297477152199
4,z,6,0.0001,normal,7900000,0.9886800000000001,7.661188723574058e-05,0.0003474190553207759,1.2802241315817492e-06,79,5.777565137090125e-07,2.6200062345490627e-06,0.9886787341772152,7.655621999622193e-05,0.0003471666159087775,0,2,64,0,64,7810572,0.0,20,0,0,0.0,5806.15294533706
4,z,6,0.0001,normal,7900000,0.9886800000000001,7.661188723574058e-05,0.0003474190553207759,1.2802241315817492e-06,79,5.777565137090125e-07,2.6200062345490627e-06,0.9886787341772152,7.655621999622193e-05,0.0003471666159087775,0,2,64,2,64,7810572,0.0,20,0,0,0.0,5806.15294533706
4,z,6,0.0001,normal,5000000,0.9887404,0.0,,6.068326933945453e-07,1,0.0,,0.9887398,0.0,,1,1,48,32,48,4943702,0.0,6,0,0,666.0397296817973,164.25254419399425
4,z,6,0.0005,m1,7900000,0.959136075949367,0.00015063715220179141,0.0006831083138981026,2.1248882293762674e-05,79,2.3347077340572596e-06,1.0587416453015951e-05,0.9591156962025316,0.00015090840974114696,0.0006843384107077734,0,2,56,-8,48,7577175,0.0,322,0,0,0.0,3706.4533664928895
4,z,6,0.0005,m1,7900000,0.959136075949367,0.00015063715220179141,0.0006831083138981026,2.1248882293762674e-05,79,2.3347077340572596e-06,1.0587416453015951e-05,0.9591156962025316,0.00015090840974114696,0.0006843384107077734,0,2,56,-6,48,7577175,0.0,322,0,0,0.0,3706.4533664928895
4,z,6,0.0005,m1,5000000,0.9591598,0.0,,3.7532849062273045e-06,1,0.0,,0.9591562,0.0,,1,1,40,24,32,4795799,0.0,36,0,0,154.18547708075494,58.22869444219396
4,z,6,0.0005,normal,7900000,0.9447694936708861,0.00016007730522290157,0.0007259174543985292,2.4315993582460105e-05,79,2.605116177330349e-06,1.1813662787656193e-05,0.9447465189873417,0.0001596051465058051,0.0007237763123202723,0,2,64,0,64,7463679,0.0,363,0,0,0.0,5030.941147565973
4,z,6,0.0005,normal,7900000,0.9447694936708861,0.00016007730522290157,0.0007259174543985292,2.4315993582460105e-05,79,2.605116177330349e-06,1.1813662787656193e-05,0.9447465189873417,0.0001596051465058051,0.0007237763123202723,0,2,64,2,64,7463679,0.0,363,0,0,0.0,5030.941147565973
4,z,6,0.0005,normal,5000000,0.9447418,0.0,,5.080753280949356e-06,1,0.0,,0.944737,0.0,,1,1,48,32,48,4723709,1.0,46,0,0,658.6194796604104,176.1801083823666
4,z,6,0.001,m1,7900000,0.9202464556962026,0.0002018150607607693,0.0009151895389714672,8.624471480327692e-05,79,4.54408288558164e-06,2.0606475579309206e-05,0.920167088607595,0.00020168515602170557,0.0009146004478609934,0,2,56,-8,48,7269947,0.0,1254,0,0,0.0,4595.735827222161
4,z,6,0.001,m1,7900000,0.9202464556962026,0.0002018150607607693,0.0009151895389714672,8.624471480327692e-05,79,4.54408288558164e-06,2.0606475579309206e-05,0.920167088607595,0.00020168515602170557,0.0009146004478609934,0,2,56,-6,48,7269947,0.0,1254,0,0,0.0,4595.735827222161
4,z,6,0.001,m1,5000000,0.9202832,0.0,,1.1409531326878508e-05,1,0.0,,0.9202727,0.0,,1,1,40,24,32,4601416,0.0,105,0,0,184.60695669380948,44.78398366179317
4,z,6,0.001,normal,7900000,0.8930725316455695,0.0002292572941638038,0.0010396343888344891,9.716534840803923e-05,79,5.200714222384196e-06,2.3584162815024995e-05,0.8929857594936709,0.00022996345971532708,0.0010428367034838514,0,2,64,0,64,7055273,1.0,1369,0,0,0.0,4981.269553537961
4,z,6,0.001,normal,7900000,0.8930725316455695,0.0002292572941638038,0.0010396343888344891,9.716534840803923e-05,79,5.200714222384196e-06,2.3584162815024995e-05,0.8929857594936709,0.00022996345971532708,0.0010428367034838514,0,2,64,2,64,7055273,1.0,1369,0,0,0.0,4981.269553537961
4,z,6,0.001,normal,5000000,0.8932546,0.0,,2.6196338647458408e-05,1,0.0,,0.8932312,0.0,,1,1,48,32,48,4466273,1.0,232,0,0,632.5174866537564,219.92789910547435
4,z,6,0.005,m1,7900000,0.668079746835443,0.0003738816380849985,0.0016954758614101482,0.0022114995589827147,79,2.716122678437106e-05,0.00012317054299606608,0.6666022784810127,0.00037259066428489186,0.0016896215623677972,0,2,56,-8,48,5277830,365.0,22614,0,0,0.0,4685.885600860216
4,z,6,0.005,m1,7900000,0.668079746835443,0.0003738816380849985,0.0016954758614101482,0.0022114995589827147,79,2.716122678437106e-05,0.00012317054299606608,0.6666022784810127,0.00037259066428489186,0.0016896215623677972,0,2,56,-6,48,5277830,365.0,22614,0,0,0.0,4685.885600860216
4,z,6,0.005,m1,5000000,0.6684286,0.0,,0.0003873263352286243,1,0.0,,0.6681697,0.0,,1,1,40,24,32,3342143,30.0,2529,0,0,323.0980795603245,39.92000156268477
4,z,6,0.005,normal,7900000,0.5823192405063291,0.00035774604603459024,0.0016223042903986584,0.0026237324335428996,79,3.145938661965997e-05,0.00014266180843114002,0.5807913924050633,0.0003574051410826212,0.0016207583569849205,0,2,64,0,64,4600322,497.0,23146,0,0,0.0,4455.673826676051
4,z,6,0.005,normal,7900000,0.5823192405063291,0.00035774604603459024,0.0016223042903986584,0.0026237324335428996,79,3.145938661965997e-05,0.00014266180843114002,0.5807913924050633,0.0003574051410826212,0.0016207583569849205,0,2,64,2,64,4600322,497.0,23146,0,0,0.0,4455.673826676051
4,z,6,0.005,normal,5000000,0.5824638,0.0,,0.0007485443730580339,1,0.0,,0.5820278,0.0,,1,1,48,32,48,2912319,64.0,4232,0,0,647.2321281968616,77.95453728130087
4,z,6,0.01,m1,7900000,0.46039962025316455,0.000351780400188789,0.001595251320958693,0.009033416766437171,79,7.218661588845309e-05,0.0003273513654819661,0.4562406962025316,0.00035385919023566087,0.001604678203657355,0,2,56,-8,48,3637157,1955.0,61801,0,0,0.0,3805.103522403151
4,z,6,0.01,m1,7900000,0.46039962025316455,0.000351780400188789,0.001595251320958693,0.009033416766437171,79,7.218661588845309e-05,0.0003273513654819661,0.4562406962025316,0.00035385919023566087,0.001604678203657355,0,2,56,-6,48,3637157,1955.0,61801,0,0,0.0,3805.103522403151
4,z,6,0.01,m1,5000000,0.4608102,0.0,,0.0018562957156764326,1,0.0,,0.4599548,0.0,,1,1,40,24,32,2304051,193.0,8168,0,0,436.4931845278479,53.40782472211868
4,z,6,0.01,normal,7900000,0.36020772151898733,0.0004038941249354483,0.0018315762787948042,0.011103173617305503,79,8.693926954312326e-05,0.00039425159704014457,0.3562082911392405,0.0004014277876506108,0.0018203919495670953,0,2,64,0,64,2845641,2393.0,58405,0,0,0.0,3442.7001894379937
4,z,6,0.01,normal,7900000,0.36020772151898733,0.0004038941249354483,0.0018315762787948042,0.011103173617305503,79,8.693926954312326e-05,0.00039425159704014457,0.3562082911392405,0.0004014277876506108,0.0018203919495670953,0,2,64,2,64,2845641,2393.0,58405,0,0,0.0,3442.7001894379937
4,z,6,0.01,normal,5000000,0.360293,0.0,,0.0035021496393213302,1,0.0,,0.3590312,0.0,,1,1,48,32,48,1801465,396.0,11826,0,0,621.550767974928,52.892667970154434
4,z,7,0.0,m2,200,1.0,0.0,0.0,0.0,2,0.0,0.0,1.0,0.0,0.0,0,2,56,24,48,200,0.0,0,0,0,0.0,0.09657898900150019
4,z,7,0.0001,m1,7900000,0.9886260759493671,8.498256084711482e-05,0.00038537832800536134,7.042522902376239e-07,79,3.88593210114618e-07,1.7621897962997405e-06,0.9886253797468354,8.500605144365505e-05,0.00038548485299976355,0,2,56,-8,48,7810146,0.0,11,0,0,0.0,3056.841069510876
4,z,7,0.0001,m1,7900000,0.9886260759493671,8.498256084711482e-05,0.00038537832800536134,7.042522902376239e-07,79,3.88593210114618e-07,1.7621897962997405e-06,0.9886253797468354,8.500605144365505e-05,0.00038548485299976355,0,2,56,-6,48,7810146,0.0,11,0,0,0.0,3056.841069510876
4,z,7,0.0001,m1,5000000,0.9886474,0.0,,0.0,1,0.0,,0.9886474,0.0,,0,2,56,24,48,4943237,0.0,0,0,0,362.410262638703,44.89407748728991
4,z,7,0.0001,normal,7900000,0.9856067088607595,8.669319995317968e-05,0.00039313572236891617,5.778501492978149e-07,79,3.99974259366918e-07,1.8138004995790704e-06,0.9856061392405064,8.664519633414035e-05,0.0003929180358899589,0,2,64,0,64,7786293,0.0,9,0,0,0.0,4922.5394229130325
4,z,7,0.0001,normal,7900000,0.9856067088607595,8.669319995317968e-05,0.00039313572236891617,5.778501492978149e-07,79,3.99974259366918e-07,1.8138004995790704e-06,0.9856061392405064,8.664519633414035e-05,0.0003929180358899589,0,2,64,2,64,7786293,0.0,9,0,0,0.0,4922.5394229130325
4,z,7,0.0001,normal,5000000,0.9857404,0.0,,2.0289317552572666e-07,1,0.0,,0.9857402,0.0,,0,2,64,32,64,4928702,0.0,2,0,0,628.0036811181344,339.3925255369395
4,z,7,0.0005,m1,7900000,0.9445745569620254,0.00016091435937594611,0.0007297133217710197,1.4273069558467227e-05,79,2.118016901528729e-06,9.604768367320262e-06,0.944561075949367,0.0001612031711620364,0.0007310230234571333,0,2,56,-8,48,7462139,0.0,213,0,0,0.0,3692.272510343915
4,z,7,0.0005,m1,7900000,0.9445745569620254,0.00016091435937594611,0.0007297133217710197,1.4273069558467227e-05,79,2.118016901528729e-06,9.604768367320262e-06,0.944561075949367,0.0001612031711620364,0.0007310230234571333,0,2,56,-6,48,7462139,0.0,213,0,0,0.0,3692.272510343915
4,z,7,0.0005,m1,5000000,0.9446134,0.0,,3.17590243797092e-06,1,0.0,,0.9446104,0.0,,0,2,56,24,48,4723067,0.0,30,0,0,356.1353429667652,50.055059504229575
4,z,7,0.0005,normal,7900000,0.9305062025316456,0.00018593532247459133,0.0008431782118369574,1.31288821949131e-05,79,1.9788585256035864e-06,8.973713928534262e-06,0.930493987341772,0.00018626614689303808,0.000844678432117136,0,2,64,0,64,7350999,0.0,193,0,0,0.0,4643.029368629024
4,z,7,0.0005,normal,7900000,0.9305062025316456,0.00018593532247459133,0.0008431782118369574,1.31288821949131e-05,79,1.9788585256035864e-06,8.973713928534262e-06,0.930493987341772,0.00018626614689303808,0.000844678432117136,0,2,64,2,64,7350999,0.0,193,0,0,0.0,4643.029368629024
4,z,7,0.0005,normal,5000000,0.9305294,0.0,,1.7194513144882902e-06,1,0.0,,0.9305278,0.0,,0,2,64,32,64,4652647,0.0,16,0,0,595.7824445748702,191.5132171427831
4,z,7,0.001,m1,7900000,0.8927783544303797,0.00023767499631564365,0.001077806926218473,5.401990333324777e-05,79,3.965312758947079e-06,1.7981872819889646e-05,0.8927301265822785,0.00023767979993917642,0.0010778287096571805,0,2,56,-8,48,7052949,2.0,758,0,0,0.0,4072.2205079679406
4,z,7,0.001,m1,7900000,0.8927783544303797,0.00023767499631564365,0.001077806926218473,5.401990333324777e-05,79,3.965312758947079e-06,1.7981872819889646e-05,0.8927301265822785,0.00023767979993917642,0.0010778287096571805,0,2,56,-6,48,7052949,2.0,758,0,0,0.0,4072.2205079679406
4,z,7,0.001,m1,5000000,0.8928312,0.0,,8.176237568758798e-06,1,0.0,,0.8928239,0.0,,0,2,56,24,48,4464156,0.0,73,0,0,392.71795786498114,36.09852850995958
4,z,7,0.001,normal,7900000,0.8667650632911392,0.00022714698320817843,0.0010300645653372497,5.4398629954171716e-05,79,4.036018259707668e-06,1.8302507634753818e-05,0.8667179113924051,0.00022696117233272822,0.0010292219514669164,0,2,64,0,64,6847444,1.0,743,0,0,0.0,4644.218723576865
4,z,7,0.001,normal,7900000,0.8667650632911392,0.00022714698320817843,0.0010300645653372497,5.4398629954171716e-05,79,4.036018259707668e-06,1.8302507634753818e-05,0.8667179113924051,0.00022696117233272822,0.0010292219514669164,0,2,64,2,64,6847444,1.0,743,0,0,0.0,4644.218723576865
4,z,7,0.001,normal,5000000,0.86699,0.0,,8.41993563939607e-06,1,0.0,,0.8669827,0.0,,0,2,64,32,64,4334950,0.0,73,0,0,623.026790693868,173.17483732197434
4,z,7,0.005,m1,7900000,0.5805911392405063,0.00035525199124803163,0.001610994268036225,0.001425186069446851,79,2.479116993312025e-05,0.0001124228256113681,0.5797636708860759,0.00035359362820086196,0.0016034739347822783,0,2,56,-8,48,4586670,139.0,12796,0,0,0.0,3813.842990627003
4,z,7,0.005,m1,7900000,0.5805911392405063,0.00035525199124803163,0.001610994268036225,0.001425186069446851,79,2.479116993312025e-05,0.0001124228256113681,0.5797636708860759,0.00035359362820086196,0.0016034739347822783,0,2,56,-6,48,4586670,139.0,12796,0,0,0.0,3813.842990627003
4,z,7,0.005,m1,5000000,0.5808562,0.0,,0.0002537633238657003,1,0.0,,0.5807088,0.0,,0,2,56,24,48,2904281,6.0,1462,0,0,695.6546530192718,-300.9786782884039
4,z,7,0.005,normal,7900000,0.5116660759493671,0.0003936222500888128,0.0017849954519237687,0.001486689686398323,79,2.630972197204885e-05,0.00011930914487402545,0.5109054430379747,0.00039681870257326157,0.0017994907024990196,0,2,64,0,64,4042162,136.0,11746,0,0,0.0,3621.5707447800232
4,z,7,0.005,normal,7900000,0.5116660759493671,0.0003936222500888128,0.0017849954519237687,0.001486689686398323,79,2.630972197204885e-05,0.00011930914487402545,0.5109054430379747,0.00039681870257326157,0.0017994907024990196,0,2,64,2,64,4042162,136.0,11746,0,0,0.0,3621.5707447800232
4,z,7,0.005,normal,5000000,0.511935,0.0,,0.00027308154355533415,1,0.0,,0.5117952,0.0,,0,2,64,32,64,2559675,13.0,1372,0,0,547.7893347833306,98.13303136546163
4,z,7,0.01,m1,7900000,0.3569512658227848,0.0003442678112864263,0.0015611832848660566,0.006050588277948748,79,6.593639978531529e-05,0.0002990079288110858,0.3547915189873418,0.0003439141824559587,0.001559579651296279,0,2,56,-8,48,2819915,752.0,32620,0,0,0.0,3371.330793304034
4,z,7,0.01,m1,7900000,0.3569512658227848,0.0003442678112864263,0.0015611832848660566,0.006050588277948748,79,6.593639978531529e-05,0.0002990079288110858,0.3547915189873418,0.0003439141824559587,0.001559579651296279,0,2,56,-6,48,2819915,752.0,32620,0,0,0.0,3371.330793304034
4,z,7,0.01,m1,5000000,0.3572868,0.0,,0.0012589325998049745,1,0.0,,0.356837,0.0,,0,2,56,24,48,1786434,53.0,4392,0,0,474.85811027605087,2.328523216303438
4,z,7,0.01,normal,7900000,0.2901420253164557,0.00032624845260652974,0.0014794692219975546,0.006415066154415237,79,7.519825112970874e-05,0.0003410085081035576,0.2882808227848101,0.00032828187283841524,0.0014886903619736266,0,2,64,0,64,2292122,730.0,27947,0,0,0.0,2892.66604576823
4,z,7,0.01,normal,7900000,0.2901420253164557,0.00032624845260652974,0.0014794692219975546,0.006415066154415237,79,7.519825112970874e-05,0.0003410085081035576,0.2882808227848101,0.00032828187283841524,0.0014886903619736266,0,2,64,2,64,2292122,730.0,27947,0,0,0.0,2892.66604576823
4,z,7,0.01,normal,5000000,0.2902578,0.0,,0.001361203729925604,1,0.0,,0.2898627,0.0,,0,2,64,32,64,1451289,52.0,3847,0,0,490.7443930385634,150.56530439434573
4,z,8,0.0,m2,200,1.0,0.0,0.0,0.0,2,0.0,0.0,1.0,0.0,0.0,3,-1,8,8,0,200,0.0,0,0,0,0.0,0.0484312609987682
4,z,8,0.0001,m1,7900000,1.0,0.0,0.0,0.0,79,0.0,0.0,1.0,0.0,0.0,0,2,56,-8,48,7900000,0.0,0,0,0,0.0,27.606976725015556
4,z,8,0.0001,m1,7900000,1.0,0.0,0.0,0.0,79,0.0,0.0,1.0,0.0,0.0,0,2,56,-6,48,7900000,0.0,0,0,0,0.0,27.606976725015556
4,z,8,0.0001,m1,5000000,1.0,0.0,,0.0,1,0.0,,1.0,0.0,,3,-1,8,8,0,5000000,0.0,0,0,0,0.267826140858233,0.0747645869851112
4,z,8,0.0001,normal,7900000,1.0,0.0,0.0,0.0,79,0.0,0.0,1.0,0.0,0.0,0,2,64,0,64,7900000,0.0,0,0,0,0.0,2586.951480135831
4,z,8,0.0001,normal,7900000,1.0,0.0,0.0,0.0,79,0.0,0.0,1.0,0.0,0.0,0,2,64,2,64,7900000,0.0,0,0,0,0.0,2586.951480135831
4,z,8,0.0001,normal,5000000,1.0,0.0,,0.0,1,0.0,,1.0,0.0,,3,-1,16,16,16,5000000,0.0,0,0,0,9.717763046268374,2.358911579940468
4,z,8,0.0005,m1,7900000,1.0,0.0,0.0,0.0,79,0.0,0.0,1.0,0.0,0.0,0,2,56,-8,48,7900000,0.0,0,0,0,0.0,61.069983742025215
4,z,8,0.0005,m1,7900000,1.0,0.0,0.0,0.0,79,0.0,0.0,1.0,0.0,0.0,0,2,56,-6,48,7900000,0.0,0,0,0,0.0,61.069983742025215
4,z,8,0.0005,m1,5000000,1.0,0.0,,0.0,1,0.0,,1.0,0.0,,3,-1,8,8,0,5000000,0.0,0,0,0,0.2843434461392462,0.1872583897784352
4,z,8,0.0005,normal,7900000,1.0,0.0,0.0,0.0,79,0.0,0.0,1.0,0.0,0.0,0,2,64,0,64,7900000,0.0,0,0,0,0.0,2750.061169426015
4,z,8,0.0005,normal,7900000,1.0,0.0,0.0,0.0,79,0.0,0.0,1.0,0.0,0.0,0,2,64,2,64,7900000,0.0,0,0,0,0.0,2750.061169426015
4,z,8,0.0005,normal,5000000,1.0,0.0,,0.0,1,0.0,,1.0,0.0,,3,-1,16,16,16,5000000,0.0,0,0,0,14.800973825156689,4.111699844710529
4,z,8,0.001,m1,7900000,1.0,0.0,0.0,0.0,79,0.0,0.0,1.0,0.0,0.0,0,2,56,-8,48,7900000,0.0,0,0,0,0.0,77.78216153504036
4,z,8,0.001,m1,7900000,1.0,0.0,0.0,0.0,79,0.0,0.0,1.0,0.0,0.0,0,2,56,-6,48,7900000,0.0,0,0,0,0.0,77.78216153504036
4,z,8,0.001,m1,405000000,1.0,0.0,0.0,2.487562189054726e-09,201,3.4389555373314838e-09,2.4875310943330196e-08,0.9999999975124378,3.4389555391668247e-09,2.4875310956605936e-08,3,-1,8,8,0,405000000,0.0,2,0,0,0.3120833788998425,580.0585814028454
4,z,8,0.001,normal,7900000,1.0,0.0,0.0,0.0,79,0.0,0.0,1.0,0.0,0.0,0,2,64,0,64,7900000,0.0,0,0,0,0.0,2411.166726734955
4,z,8,0.001,normal,7900000,1.0,0.0,0.0,0.0,79,0.0,0.0,1.0,0.0,0.0,0,2,64,2,64,7900000,0.0,0,0,0,0.0,2411.166726734955
4,z,8,0.001,normal,405000000,1.0,0.0,0.0,1.990049751243781e-08,201,9.378445960416874e-09,6.78379690862812e-08,0.9999999800995025,9.37844596068045e-09,6.783796908818775e-08,3,-1,16,16,16,405000000,0.0,16,0,0,20.96207025693729,20850.425325084318
4,z,8,0.005,m1,7900000,1.0,0.0,0.0,2.9113924050632912e-06,79,8.206981254317286e-07,3.7216961718181937e-06,0.999997088607595,8.20698125430671e-07,3.7216961718133973e-06,0,2,56,-8,48,7900000,1.0,44,0,0,0.0,147.95551667291147
4,z,8,0.005,m1,7900000,1.0,0.0,0.0,2.9113924050632912e-06,79,8.206981254317286e-07,3.7216961718181937e-06,0.999997088607595,8.20698125430671e-07,3.7216961718133973e-06,0,2,56,-6,48,7900000,1.0,44,0,0,0.0,147.95551667291147
4,z,8,0.005,m1,65000000,1.0,0.0,0.0,1.0483870967741934e-07,31,6.335738995804846e-08,1.7997909078078924e-07,0.9999998951612904,6.335738994949811e-08,1.7997909075650027e-07,3,-1,8,8,0,65000000,1.0,11,0,0,0.8532820320688188,110.4020727769821
4,z,8,0.005,normal,7900000,1.0,0.0,0.0,1.1582278481012659e-05,79,1.7791313388575842e-06,8.067992466176117e-06,0.9999884177215189,1.7791313388565108e-06,8.06799246617125e-06,0,2,64,0,64,7900000,1.0,181,0,0,0.0,3149.423495469033
4,z,8,0.005,normal,7900000,1.0,0.0,0.0,1.1582278481012659e-05,79,1.7791313388575842e-06,8.067992466176117e-06,0.9999884177215189,1.7791313388565108e-06,8.06799246617125e-06,0,2,64,2,64,7900000,1.0,181,0,0,0.0,3149.423495469033
4,z,8,0.005,normal,65000000,1.0,0.0,0.0,1.9258064516129034e-06,31,2.4192994975749396e-07,6.872494655923635e-07,0.9999980741935484,2.419299497579725e-07,6.872494655937228e-07,3,-1,16,16,16,65000000,9.0,231,0,0,59.13912171218544,3965.7871316189703
4,z,8,0.01,m1,7900000,1.0,0.0,0.0,4.506329113924051e-05,79,3.4439270622116925e-06,1.5617496575506144e-05,0.9999549367088607,3.4439270622106307e-06,1.561749657550133e-05,0,2,56,-8,48,7900000,16.0,680,0,0,0.0,224.76612296800886
4,z,8,0.01,m1,7900000,1.0,0.0,0.0,4.506329113924051e-05,79,3.4439270622116925e-06,1.5617496575506144e-05,0.9999549367088607,3.4439270622106307e-06,1.561749657550133e-05,0,2,56,-6,48,7900000,16.0,680,0,0,0.0,224.76612296800886
4,z,8,0.01,m1,37000000,1.0,0.0,0.0,1.6592592592592593e-06,27,3.530743273552078e-07,9.360347048378968e-07,0.9999983407407407,3.53074327360443e-07,9.360347048517757e-07,3,-1,8,8,0,37000000,1.0,124,0,0,1.2302132179029286,142.94602849299554
4,z,8,0.01,normal,7900000,1.0,0.0,0.0,0.00017930379746835444,79,7.90709422222796e-06,3.5857036083262706e-05,0.9998206962025316,7.907094222230501e-06,3.585703608327423e-05,0,2,64,0,64,7900000,122.0,2589,0,0,0.0,3604.3577695691056
4,z,8,0.01,normal,7900000,1.0,0.0,0.0,0.00017930379746835444,79,7.90709422222796e-06,3.5857036083262706e-05,0.9998206962025316,7.907094222230501e-06,3.585703608327423e-05,0,2,64,2,64,7900000,122.0,2589,0,0,0.0,3604.3577695691056
4,z,8,0.01,normal,37000000,1.0,0.0,0.0,2.5818518518518516e-05,27,1.3380062758986604e-06,3.5471859959732153e-06,0.9999741814814814,1.3380062758993475e-06,3.547185995975037e-06,3,-1,16,16,16,37000000,49.0,1865,0,0,85.27656216314062,4101.236827403976
4,z,9,0.0,m2,100,1.0,0.0,,0.0,1,0.0,,1.0,0.0,,0,2,56,40,48,100,0.0,0,0,0,0.0,0.0268951640009618
4,z,9,0.0001,m1,7900000,0.9877622784810126,8.939473939573731e-05,0.0004053866447115175,0.0010157837632312644,79,1.7626756926747877e-05,7.99336951590303e-05,0.9867589240506328,9.01563404469441e-05,0.00040884034788067966,0,2,56,-8,48,7803322,11.0,15831,0,0,0.0,3039.0385433749907
4,z,9,0.0001,m1,7900000,0.9877622784810126,8.939473939573731e-05,0.0004053866447115175,0.0010157837632312644,79,1.7626756926747877e-05,7.99336951590303e-05,0.9867589240506328,9.01563404469441e-05,0.00040884034788067966,0,2,56,-6,48,7803322,11.0,15831,0,0,0.0,3039.0385433749907
4,z,9,0.0001,m1,5000000,0.9877962,0.0,,0.00021856735225343041,1,0.0,,0.9875803,0.0,,0,2,56,40,48,4938981,2.0,2155,0,0,120.03410310018808,51.82641643099487
4,z,9,0.0001,normal,7900000,0.984803670886076,8.858293205616565e-05,0.0004017052664138049,0.0010192862322614886,79,1.7053506089116457e-05,7.733412123313383e-05,0.9837998734177216,8.972194685266592e-05,0.00040687046281966897,0,2,64,0,64,7779949,15.0,15830,0,0,0.0,4226.297010774972
4,z,9,0.0001,normal,7900000,0.984803670886076,8.858293205616565e-05,0.0004017052664138049,0.0010192862322614886,79,1.7053506089116457e-05,7.733412123313383e-05,0.9837998734177216,8.972194685266592e-05,0.00040687046281966897,0,2,64,2,64,7779949,15.0,15830,0,0,0.0,4226.297010774972
4,z,9,0.0001,normal,5000000,0.984924,0.0,,0.00022753024598852297,1,0.0,,0.9846999,0.0,,0,2,64,48,64,4924620,12.0,2217,0,0,605.639933323022,179.17457546200603
4,z,9,0.0005,m1,7900000,0.9407067088607596,0.00018150608683505733,0.0008230925447531404,0.005139371739391916,79,3.480636872458915e-05,0.0001578396796861843,0.9358720886075951,0.00018877244488333715,0.0008560439748750468,0,2,56,-8,48,7431583,225.0,75937,0,0,0.0,3995.544490412969
4,z,9,0.0005,m1,7900000,0.9407067088607596,0.00018150608683505733,0.0008230925447531404,0.005139371739391916,79,3.480636872458915e-05,0.0001578396796861843,0.9358720886075951,0.00018877244488333715,0.0008560439748750468,0,2,56,-6,48,7431583,225.0,75937,0,0,0.0,3995.544490412969
4,z,9,0.0005,m1,5000000,0.9408956,0.0,,0.0011655915916707444,1,0.0,,0.9397989,0.0,,0,2,56,40,48,4704478,124.0,10719,0,0,281.22835372015834,-97.60658089118078
4,z,9,0.0005,normal,7900000,0.9265807594936708,0.0001852249712659784,0.0008399569160988313,0.005215129584152053,79,4.0094851031986946e-05,0.00018182185260490132,0.9217485443037975,0.00019357364019908987,0.0008778164021209219,0,2,64,0,64,7319988,477.0,75395,0,0,0.0,4475.056712003017
4,z,9,0.0005,normal,7900000,0.9265807594936708,0.0001852249712659784,0.0008399569160988313,0.005215129584152053,79,4.0094851031986946e-05,0.00018182185260490132,0.9217485443037975,0.00019357364019908987,0.0008778164021209219,0,2,64,2,64,7319988,477.0,75395,0,0,0.0,4475.056712003017
4,z,9,0.0005,normal,5000000,0.9266106,0.0,,0.0012322328278998752,1,0.0,,0.9254688,0.0,,0,2,64,48,64,4633053,300.0,10818,0,0,579.8822564468719,192.82457207888365
4,z,9,0.001,m1,7900000,0.8852384810126582,0.00023946912276811527,0.0010859429184219508,0.010468242181310842,79,5.6643018361056564e-05,0.00025686436713094255,0.875971582278481,0.0002408003284751672,0.0010919796608371128,0,2,56,-8,48,6993384,859.0,144699,0,0,0.0,3637.106945348889
4,z,9,0.001,m1,7900000,0.8852384810126582,0.00023946912276811527,0.0010859429184219508,0.010468242181310842,79,5.6643018361056564e-05,0.00025686436713094255,0.875971582278481,0.0002408003284751672,0.0010919796608371128,0,2,56,-6,48,6993384,859.0,144699,0,0,0.0,3637.106945348889
4,z,9,0.001,m1,5000000,0.8853524,0.0,,0.0025352616652984735,1,0.0,,0.8831078,0.0,,0,2,56,40,48,4426762,484.0,21478,0,0,183.0162549102679,18.98185409093276
4,z,9,0.001,normal,7900000,0.8591853164556963,0.00026031065852772213,0.0011804549703540023,0.010663613305614193,79,4.687988146127421e-05,0.00021259056157577243,0.8500233544303797,0.00026982248164006964,0.0012235891198875025,0,2,64,0,64,6787564,1653.0,141453,0,0,0.0,4198.709104551061
4,z,9,0.001,normal,7900000,0.8591853164556963,0.00026031065852772213,0.0011804549703540023,0.010663613305614193,79,4.687988146127421e-05,0.00021259056157577243,0.8500233544303797,0.00026982248164006964,0.0012235891198875025,0,2,64,2,64,6787564,1653.0,141453,0,0,0.0,4198.709104551061
4,z,9,0.001,normal,5000000,0.8594978,0.0,,0.002743462519624832,1,0.0,,0.8571398,0.0,,0,2,64,48,64,4297489,1030.0,21520,0,0,541.6899773259647,178.59878083132207
4,z,9,0.005,m1,7900000,0.5533825316455696,0.0004151340497489539,0.0018825470119470734,0.05755157344344067,79,0.0001716452443536517,0.000778375664603519,0.5215346202531645,0.0004105105695167835,0.0018615804858306726,0,2,56,-8,48,4371722,12365.0,478467,0,0,0.0,3383.906628062032
4,z,9,0.005,m1,7900000,0.5533825316455696,0.0004151340497489539,0.0018825470119470734,0.05755157344344067,79,0.0001716452443536517,0.000778375664603519,0.5215346202531645,0.0004105105695167835,0.0018615804858306726,0,2,56,-6,48,4371722,12365.0,478467,0,0,0.0,3383.906628062032
4,z,9,0.005,m1,5000000,0.5533792,0.0,,0.020567090342390897,1,0.0,,0.5419978,0.0,,0,2,56,40,48,2766896,7583.0,98648,0,0,325.44921971904114,22.55559086566791
4,z,9,0.005,normal,7900000,0.48153734177215185,0.0003735354348161299,0.0016939059012256513,0.06280959906438627,79,0.00018052208035498687,0.0008186302789864237,0.45129234177215194,0.00037084183146582843,0.0016816909674192168,0,2,64,0,64,3804145,21860.0,434151,0,0,0.0,2970.1338802460523
4,z,9,0.005,normal,7900000,0.48153734177215185,0.0003735354348161299,0.0016939059012256513,0.06280959906438627,79,0.00018052208035498687,0.0008186302789864237,0.45129234177215194,0.00037084183146582843,0.0016816909674192168,0,2,64,2,64,3804145,21860.0,434151,0,0,0.0,2970.1338802460523
4,z,9,0.005,normal,5000000,0.481335,0.0,,0.02625572626133566,1,0.0,,0.4686972,0.0,,0,2,64,48,64,2406675,14085.0,98208,0,0,540.7037049122155,110.85213167360052
4,z,9,0.01,m1,7900000,0.31974924050632914,0.000377140631239678,0.001710254720983359,0.12456042998847071,79,0.00025418437499405785,0.001152673542240325,0.27992101265822783,0.00033502151141332257,0.0015192532282778187,0,2,56,-8,48,2526019,25268.0,578750,0,0,0.0,2676.9550860169256
4,z,9,0.01,m1,7900000,0.31974924050632914,0.000377140631239678,0.001710254720983359,0.12456042998847071,79,0.00025418437499405785,0.001152673542240325,0.27992101265822783,0.00033502151141332257,0.0015192532282778187,0,2,56,-6,48,2526019,25268.0,578750,0,0,0.0,2676.9550860169256
4,z,9,0.01,m1,5000000,0.3198574,0.0,,0.05897690658399649,1,0.0,,0.3009932,0.0,,0,2,56,40,48,1599287,16546.0,155550,0,0,385.988029031083,47.36663084011525
4,z,9,0.01,normal,7900000,0.247593417721519,0.0002431236931088888,0.0011025156386773336,0.14110368804842435,79,0.0003222413592673867,0.0014612978828921293,0.21265715189873416,0.00022718287941005986,0.001030227347184783,0,2,64,0,64,1955988,38283.0,475427,0,0,0.0,2741.3409323789238
4,z,9,0.01,normal,7900000,0.247593417721519,0.0002431236931088888,0.0011025156386773336,0.14110368804842435,79,0.0003222413592673867,0.0014612978828921293,0.21265715189873416,0.00022718287941005986,0.001030227347184783,0,2,64,2,64,1955988,38283.0,475427,0,0,0.0,2741.3409323789238
4,z,9,0.01,normal,5000000,0.2479192,0.0,,0.07859012129758405,1,0.0,,0.2284352,0.0,,0,2,64,48,64,1239596,26950.0,140940,0,0,484.29878466483206,-1.192181740887463
4,z,10,0.0,m2,100,1.0,0.0,,0.0,1,0.0,,1.0,0.0,,1,1,40,24,32,100,0.0,0,0,0,0.0,0.0301178480003727
4,z,10,0.0001,m1,7900000,0.9916522784810127,6.862789378625435e-05,0.0003112132971546496,9.57330250285105e-07,79,4.7357074623571543e-07,2.1475453382123792e-06,0.9916513291139242,6.860924838746588e-05,0.0003111287441294351,0,2,56,-8,48,7834053,0.0,15,0,0,0.0,2197.54311083816
4,z,10,0.0001,m1,7900000,0.9916522784810127,6.862789378625435e-05,0.0003112132971546496,9.57330250285105e-07,79,4.7357074623571543e-07,2.1475453382123792e-06,0.9916513291139242,6.860924838746588e-05,0.0003111287441294351,0,2,56,-6,48,7834053,0.0,15,0,0,0.0,2197.54311083816
4,z,10,0.0001,m1,5000000,0.9916534,0.0,,1.0084168520977188e-07,1,0.0,,0.9916533,0.0,,1,1,40,24,32,4958267,0.0,1,0,0,13.192119415849447,2.665702660102397
4,z,10,0.0001,normal,7900000,0.9886210126582279,8.76613999925178e-05,0.0003975263091977375,1.0884299333133385e-06,79,4.612970326586599e-07,2.091886586939259e-06,0.9886199367088608,8.771545357514947e-05,0.00039777143100966746,0,2,64,0,64,7810106,0.0,17,0,0,0.0,4883.834990450952
4,z,10,0.0001,normal,7900000,0.9886210126582279,8.76613999925178e-05,0.0003975263091977375,1.0884299333133385e-06,79,4.612970326586599e-07,2.091886586939259e-06,0.9886199367088608,8.771545357514947e-05,0.00039777143100966746,0,2,64,2,64,7810106,0.0,17,0,0,0.0,4883.834990450952
4,z,10,0.0001,normal,5000000,0.9887084,0.0,,5.057102781770642e-07,1,0.0,,0.9887079,0.0,,1,1,48,32,48,4943542,0.0,5,0,0,576.1011276720092,120.78101948928088
4,z,10,0.0005,m1,7900000,0.959112658227848,0.00014169343889223302,0.000642550424761323,2.0258034521800442e-05,79,2.371191129680793e-06,1.075286110266177e-05,0.9590932278481012,0.00014149477737489868,0.0006416495358892278,0,2,56,-8,48,7576990,0.0,307,0,0,0.0,2588.820893896962
4,z,10,0.0005,m1,7900000,0.959112658227848,0.00014169343889223302,0.000642550424761323,2.0258034521800442e-05,79,2.371191129680793e-06,1.075286110266177e-05,0.9590932278481012,0.00014149477737489868,0.0006416495358892278,0,2,56,-6,48,7576990,0.0,307,0,0,0.0,2588.820893896962
4,z,10,0.0005,m1,5000000,0.9592016,0.0,,6.4637089846388916e-06,1,0.0,,0.9591954,0.0,,1,1,40,24,32,4796008,0.0,62,0,0,30.843994447030127,8.136344452854246
4,z,10,0.0005,normal,7900000,0.94469,0.0001528110511220221,0.0006929664956565733,2.5257809364956185e-05,79,2.7966727669159217e-06,1.2682332282632978e-05,0.9446661392405064,0.00015284245695988433,0.0006931089146324705,0,2,64,0,64,7463051,0.0,377,0,0,0.0,4168.146281694077
4,z,10,0.0005,normal,7900000,0.94469,0.0001528110511220221,0.0006929664956565733,2.5257809364956185e-05,79,2.7966727669159217e-06,1.2682332282632978e-05,0.9446661392405064,0.00015284245695988433,0.0006931089146324705,0,2,64,2,64,7463051,0.0,377,0,0,0.0,4168.146281694077
4,z,10,0.0005,normal,5000000,0.944733,0.0,,1.4289751707625328e-05,1,0.0,,0.9447195,0.0,,1,1,48,32,48,4723665,0.0,135,0,0,531.1590398652479,13.189874180592597
4,z,10,0.001,m1,7900000,0.9200662025316456,0.00021977280179739952,0.0009966241785782917,7.800759109881872e-05,79,4.299609817531083e-06,1.949784080449748e-05,0.9199944303797468,0.00021978916708879922,0.0009966983917883206,0,2,56,-8,48,7268523,2.0,1130,0,0,0.0,2664.8098592450115
4,z,10,0.001,m1,7900000,0.9200662025316456,0.00021977280179739952,0.0009966241785782917,7.800759109881872e-05,79,4.299609817531083e-06,1.949784080449748e-05,0.9199944303797468,0.00021978916708879922,0.0009966983917883206,0,2,56,-6,48,7268523,2.0,1130,0,0,0.0,2664.8098592450115
4,z,10,0.001,m1,5000000,0.9202154,0.0,,2.369010559918906e-05,1,0.0,,0.9201936,0.0,,1,1,40,24,32,4601077,0.0,218,0,0,50.01482053287327,5.454378101974726
4,z,10,0.001,normal,7900000,0.8929387341772151,0.00021723289460125395,0.000985106225026618,0.00010688822708013421,79,5.417724208714088e-06,2.4568258197167384e-05,0.8928432911392405,0.00021758792651236893,0.000986716221276792,0,2,64,0,64,7054216,15.0,1478,0,0,0.0,4503.872566432037
4,z,10,0.001,normal,7900000,0.8929387341772151,0.00021723289460125395,0.000985106225026618,0.00010688822708013421,79,5.417724208714088e-06,2.4568258197167384e-05,0.8928432911392405,0.00021758792651236893,0.000986716221276792,0,2,64,2,64,7054216,15.0,1478,0,0,0.0,4503.872566432037
4,z,10,0.001,normal,5000000,0.8930696,0.0,,5.789022490520336e-05,1,0.0,,0.8930179,0.0,,1,1,48,32,48,4465348,2.0,513,0,0,534.679998147767,10.825832141563296
4,z,10,0.005,m1,7900000,0.6662084810126583,0.0003457963872114196,0.0015681150603777752,0.0021231655388678776,79,2.946464013991961e-05,0.00013361604591828892,0.6647939873417722,0.0003434491227614904,0.0015574707018166402,0,2,56,-8,48,5263047,413.0,21523,0,0,0.0,3122.762428853908
4,z,10,0.005,m1,7900000,0.6662084810126583,0.0003457963872114196,0.0015681150603777752,0.0021231655388678776,79,2.946464013991961e-05,0.00013361604591828892,0.6647939873417722,0.0003434491227614904,0.0015574707018166402,0,2,56,-6,48,5263047,413.0,21523,0,0,0.0,3122.762428853908
4,z,10,0.005,m1,5000000,0.6665916,0.0,,0.0006735758446401065,1,0.0,,0.6661426,0.0,,1,1,40,24,32,3332958,65.0,4360,0,0,152.70232552057132,-5.501502217259258
4,z,10,0.005,normal,7900000,0.5787655696202532,0.00037861260955710055,0.0017169298380564837,0.002996247991633245,79,3.838252479247315e-05,0.000174056807440274,0.5770314556962025,0.0003789794718716109,0.001718593482737991,0,2,64,0,64,4572248,681.0,26037,0,0,0.0,4103.528607924876
4,z,10,0.005,normal,7900000,0.5787655696202532,0.00037861260955710055,0.0017169298380564837,0.002996247991633245,79,3.838252479247315e-05,0.000174056807440274,0.5770314556962025,0.0003789794718716109,0.001718593482737991,0,2,64,2,64,4572248,681.0,26037,0,0,0.0,4103.528607924876
4,z,10,0.005,normal,5000000,0.578776,0.0,,0.0015031722117019365,1,0.0,,0.577906,0.0,,1,1,48,32,48,2893880,123.0,8454,0,0,581.8380423011258,108.8598814648576
4,z,10,0.01,m1,7900000,0.45584240506329116,0.00037461797193527596,0.0016988149830516367,0.008900042249920033,79,7.333462446092106e-05,0.00033255734680076213,0.45178544303797463,0.0003760478296918916,0.001705299092097507,0,2,56,-8,48,3601155,2163.0,59774,0,0,0.0,3895.784678518088
4,z,10,0.01,m1,7900000,0.45584240506329116,0.00037461797193527596,0.0016988149830516367,0.008900042249920033,79,7.333462446092106e-05,0.00033255734680076213,0.45178544303797463,0.0003760478296918916,0.001705299092097507,0,2,56,-6,48,3601155,2163.0,59774,0,0,0.0,3895.784678518088
4,z,10,0.01,m1,5000000,0.455922,0.0,,0.002975289632875799,1,0.0,,0.4545655,0.0,,1,1,40,24,32,2279610,384.0,12797,0,0,231.83876131288707,-5.500248677097261
4,z,10,0.01,normal,7900000,0.3513518987341772,0.00037762884301368655,0.0017124686603528538,0.012783873420266295,79,9.343670007992741e-05,0.0004237161000116336,0.34686025316455693,0.0003738976037062355,0.0016955482621986932,0,2,64,0,64,2775680,3703.0,63562,0,0,0.0,3412.6505880450277
4,z,10,0.01,normal,7900000,0.3513518987341772,0.00037762884301368655,0.0017124686603528538,0.012783873420266295,79,9.343670007992741e-05,0.0004237161000116336,0.34686025316455693,0.0003738976037062355,0.0016955482621986932,0,2,64,2,64,2775680,3703.0,63562,0,0,0.0,3412.6505880450277
4,z,10,0.01,normal,5000000,0.3515544,0.0,,0.006539528448513232,1,0.0,,0.3492554,0.0,,1,1,48,32,48,1757772,834.0,21322,0,0,605.0771669978276,-29.66486767306924
4,z,11,0.0,m2,100,1.0,0.0,,0.0,1,0.0,,1.0,0.0,,0,2,56,24,48,100,0.0,0,0,0,0.0,0.0271834539998963
4,z,11,0.0001,m1,7900000,0.988546075949367,8.34060997302717e-05,0.0003782294030574837,5.122825182742335e-07,79,3.8294104333654184e-07,1.7365583895637031e-06,0.9885455696202532,8.345697117914689e-05,0.00037846009455130684,0,2,56,-8,48,7809514,0.0,8,0,0,0.0,2718.475382787932
4,z,11,0.0001,m1,7900000,0.988546075949367,8.34060997302717e-05,0.0003782294030574837,5.122825182742335e-07,79,3.8294104333654184e-07,1.7365583895637031e-06,0.9885455696202532,8.345697117914689e-05,0.00037846009455130684,0,2,56,-6,48,7809514,0.0,8,0,0,0.0,2718.475382787932
4,z,11,0.0001,m1,5000000,0.9886564,0.0,,0.0,1,0.0,,0.9886564,0.0,,0,2,56,24,48,4943282,0.0,0,0,0,119.89136812323704,45.461800497956574
4,z,11,0.0001,normal,7900000,0.985616582278481,8.060112663427565e-05,0.000365509430500059,3.210447670164971e-07,79,2.740976201467394e-07,1.242975988361091e-06,0.9856162658227848,8.058428698921729e-05,0.0003654330661943461,0,2,64,0,64,7786371,0.0,5,0,0,0.0,4092.6553192758583
4,z,11,0.0001,normal,7900000,0.985616582278481,8.060112663427565e-05,0.000365509430500059,3.210447670164971e-07,79,2.740976201467394e-07,1.242975988361091e-06,0.9856162658227848,8.058428698921729e-05,0.0003654330661943461,0,2,64,2,64,7786371,0.0,5,0,0,0.0,4092.6553192758583
4,z,11,0.0001,normal,5000000,0.9857344,0.0,,0.0,1,0.0,,0.9857344,0.0,,0,2,64,32,64,4928672,0.0,0,0,0,602.5221026968211,16.140664893202484
4,z,11,0.0005,m1,7900000,0.9444062025316456,0.0001581095098154225,0.0007169939094213992,1.0188127172956205e-05,79,1.5053720904749242e-06,6.826550923745877e-06,0.9443965822784811,0.00015854809133344761,0.0007189827858499955,0,2,56,-8,48,7460809,0.0,152,0,0,0.0,4331.409842647001
4,z,11,0.0005,m1,7900000,0.9444062025316456,0.0001581095098154225,0.0007169939094213992,1.0188127172956205e-05,79,1.5053720904749242e-06,6.826550923745877e-06,0.9443965822784811,0.00015854809133344761,0.0007189827858499955,0,2,56,-6,48,7460809,0.0,152,0,0,0.0,4331.409842647001
4,z,11,0.0005,m1,5000000,0.9444168,0.0,,1.4823963317890998e-06,1,0.0,,0.9444154,0.0,,0,2,56,24,48,4722084,0.0,14,0,0,145.4796258280985,43.825607019942254
4,z,11,0.0005,normal,7900000,0.930253417721519,0.00018040331943025047,0.0008180917227679352,8.232183565669054e-06,79,1.5740657087939123e-06,7.138062268056101e-06,0.9302457594936708,0.00018035420131631383,0.000817868982285241,0,2,64,0,64,7349002,0.0,121,0,0,0.0,4574.788613448021
4,z,11,0.0005,normal,7900000,0.930253417721519,0.00018040331943025047,0.0008180917227679352,8.232183565669054e-06,79,1.5740657087939123e-06,7.138062268056101e-06,0.9302457594936708,0.00018035420131631383,0.000817868982285241,0,2,64,2,64,7349002,0.0,121,0,0,0.0,4574.788613448021
4,z,11,0.0005,normal,5000000,0.9301832,0.0,,1.182562746779344e-06,1,0.0,,0.9301821,0.0,,0,2,64,32,64,4650916,0.0,11,0,0,503.5649901269935,38.64147748705
4,z,11,0.001,m1,7900000,0.892217088607595,0.0002518537446412992,0.0011421046158677662,3.1499339757262334e-05,79,2.5766237415370147e-06,1.168445548727148e-05,0.8921889873417721,0.000252375927766943,0.0011444726082872373,0,2,56,-8,48,7048515,0.0,444,0,0,0.0,4473.413742566961
4,z,11,0.001,m1,7900000,0.892217088607595,0.0002518537446412992,0.0011421046158677662,3.1499339757262334e-05,79,2.5766237415370147e-06,1.168445548727148e-05,0.8921889873417721,0.000252375927766943,0.0011444726082872373,0,2,56,-6,48,7048515,0.0,444,0,0,0.0,4473.413742566961
4,z,11,0.001,m1,5000000,0.8921246,0.0,,4.932046487676721e-06,1,0.0,,0.8921202,0.0,,0,2,56,24,48,4460623,0.0,44,0,0,172.74074628995731,34.52419399889186
4,z,11,0.001,normal,7900000,0.8655711392405064,0.0002540244175887927,0.001151948168507424,3.619519012736506e-05,79,3.491053049298276e-06,1.583120317516607e-05,0.8655398101265823,0.00025410045622369516,0.0011522929879820363,0,2,64,0,64,6838012,1.0,493,0,0,0.0,4361.738077929025
4,z,11,0.001,normal,7900000,0.8655711392405064,0.0002540244175887927,0.001151948168507424,3.619519012736506e-05,79,3.491053049298276e-06,1.583120317516607e-05,0.8655398101265823,0.00025410045622369516,0.0011522929879820363,0,2,64,2,64,6838012,1.0,493,0,0,0.0,4361.738077929025
4,z,11,0.001,normal,5000000,0.8658022,0.0,,4.735492702605745e-06,1,0.0,,0.8657981,0.0,,0,2,64,32,64,4329011,0.0,41,0,0,528.9052122500725,2.4077309500426054
4,z,11,0.005,m1,7900000,0.5704582278481013,0.0003840880684837043,0.0017417599112522389,0.0009177807580778812,79,2.008618090685164e-05,9.108667398034169e-05,0.5699346835443038,0.00038474104799159363,0.0017447210381995057,0,2,56,-8,48,4506620,65.0,8142,0,0,0.0,3734.559513013024
4,z,11,0.005,m1,7900000,0.5704582278481013,0.0003840880684837043,0.0017417599112522389,0.0009177807580778812,79,2.008618090685164e-05,9.108667398034169e-05,0.5699346835443038,0.00038474104799159363,0.0017447210381995057,0,2,56,-6,48,4506620,65.0,8142,0,0,0.0,3734.559513013024
4,z,11,0.005,m1,5000000,0.570986,0.0,,0.0001506166525974367,1,0.0,,0.5709,0.0,,0,2,56,24,48,2854930,5.0,850,0,0,328.08257713215426,-50.52554655401036
4,z,11,0.005,normal,7900000,0.4957369620253165,0.00037703574395890616,0.0017097790788693772,0.0009501059981956743,79,2.122345653333562e-05,9.624398361006823e-05,0.4952659493670886,0.00037617744713706614,0.0017058868803896436,0,2,64,0,64,3916322,55.0,7332,0,0,0.0,3433.0493756259675
4,z,11,0.005,normal,7900000,0.4957369620253165,0.00037703574395890616,0.0017097790788693772,0.0009501059981956743,79,2.122345653333562e-05,9.624398361006823e-05,0.4952659493670886,0.00037617744713706614,0.0017058868803896436,0,2,64,2,64,3916322,55.0,7332,0,0,0.0,3433.0493756259675
4,z,11,0.005,normal,5000000,0.4958084,0.0,,0.00016740337598152835,1,0.0,,0.4957254,0.0,,0,2,64,32,64,2479042,14.0,802,0,0,511.9528900017031,-45.86825845949352
4,z,11,0.01,m1,7900000,0.3338559493670886,0.00034687974886605415,0.0015730278813015795,0.0038676305049671197,79,5.621497016678635e-05,0.0002549232571459147,0.3325646202531645,0.00034138881831453335,0.001548127647488368,0,2,56,-8,48,2637462,342.0,19719,0,0,0.0,3502.25774205997
4,z,11,0.01,m1,7900000,0.3338559493670886,0.00034687974886605415,0.0015730278813015795,0.0038676305049671197,79,5.621497016678635e-05,0.0002549232571459147,0.3325646202531645,0.00034138881831453335,0.001548127647488368,0,2,56,-6,48,2637462,342.0,19719,0,0,0.0,3502.25774205997
4,z,11,0.01,m1,5000000,0.3339642,0.0,,0.0007680463953920809,1,0.0,,0.3337077,0.0,,0,2,56,24,48,1669821,50.0,2465,0,0,391.6186177888885,-44.76206197310239
4,z,11,0.01,normal,7900000,0.25775784810126584,0.000357707687550984,0.0016221303426130229,0.00402507260378707,79,6.838059862234186e-05,0.00031009186475908007,0.2567203164556962,0.0003553954869439805,0.0016116449913237975,0,2,64,0,64,2036287,341.0,15711,0,0,0.0,2481.3298686330963
4,z,11,0.01,normal,7900000,0.25775784810126584,0.000357707687550984,0.0016221303426130229,0.00402507260378707,79,6.838059862234186e-05,0.00031009186475908007,0.2567203164556962,0.0003553954869439805,0.0016116449913237975,0,2,64,2,64,2036287,341.0,15711,0,0,0.0,2481.3298686330963
4,z,11,0.01,normal,5000000,0.257926,0.0,,0.0008723432302288253,1,0.0,,0.257701,0.0,,0,2,64,32,64,1289630,57.0,2136,0,0,810.6223700847477,-423.308937443886
4,z,12,0.0,m2,100,1.0,0.0,,0.0,1,0.0,,1.0,0.0,,2,0,24,8,16,100,0.0,0,0,0,0.0,0.0258880040000804
4,z,12,0.0001,m1,7900000,0.9963175949367089,4.14648402708748e-05,0.0001880344703114653,0.0,79,0.0,0.0,0.9963175949367089,4.14648402708748e-05,0.0001880344703114653,0,2,56,-8,48,7870909,0.0,0,0,0,0.0,34.58756119781174
4,z,12,0.0001,m1,7900000,0.9963175949367089,4.14648402708748e-05,0.0001880344703114653,0.0,79,0.0,0.0,0.9963175949367089,4.14648402708748e-05,0.0001880344703114653,0,2,56,-6,48,7870909,0.0,0,0,0,0.0,34.58756119781174
4,z,12,0.0001,m1,5000000,0.996342,0.0,,0.0,1,0.0,,0.996342,0.0,,2,0,24,8,16,4981710,0.0,0,0,0,0.7256833920255303,0.0714315879158675
4,z,12,0.0001,normal,7900000,0.9950681012658229,4.6494132405810016e-05,0.00021084126943227163,0.0,79,0.0,0.0,0.9950681012658229,4.6494132405810016e-05,0.00021084126943227163,0,2,64,0,64,7861038,0.0,0,0,0,0.0,2367.289346053003
4,z,12,0.0001,normal,7900000,0.9950681012658229,4.6494132405810016e-05,0.00021084126943227163,0.0,79,0.0,0.0,0.9950681012658229,4.6494132405810016e-05,0.00021084126943227163,0,2,64,2,64,7861038,0.0,0,0,0,0.0,2367.289346053003
4,z,12,0.0001,normal,5000000,0.9951076,0.0,,0.0,1,0.0,,0.9951076,0.0,,2,0,32,16,32,4975538,0.0,0,0,0,11.297871095128356,2.271658465266228
4,z,12,0.0005,m1,7900000,0.9818079746835444,0.0001022712018548521,0.00046377873743798576,0.0,79,0.0,0.0,0.9818079746835444,0.0001022712018548521,0.00046377873743798576,0,2,56,-8,48,7756283,0.0,0,0,0,0.0,119.1530604911095
4,z,12,0.0005,m1,7900000,0.9818079746835444,0.0001022712018548521,0.00046377873743798576,0.0,79,0.0,0.0,0.9818079746835444,0.0001022712018548521,0.00046377873743798576,0,2,56,-6,48,7756283,0.0,0,0,0,0.0,119.1530604911095
4,z,12,0.0005,m1,5000000,0.9818282,0.0,,0.0,1,0.0,,0.9818282,0.0,,2,0,24,8,16,4909141,0.0,0,0,0,1.0810980293899777,0.1436812146566808
4,z,12,0.0005,normal,7900000,0.9758050632911393,0.00011228285538968941,0.0005091795145075975,0.0,79,0.0,0.0,0.9758050632911393,0.00011228285538968941,0.0005091795145075975,0,2,64,0,64,7708860,0.0,0,0,0,0.0,2640.9201003959606
4,z,12,0.0005,normal,7900000,0.9758050632911393,0.00011228285538968941,0.0005091795145075975,0.0,79,0.0,0.0,0.9758050632911393,0.00011228285538968941,0.0005091795145075975,0,2,64,2,64,7708860,0.0,0,0,0,0.0,2640.9201003959606
4,z,12,0.0005,normal,5000000,0.9757764,0.0,,0.0,1,0.0,,0.9757764,0.0,,2,0,32,16,32,4878882,0.0,0,0,0,23.239711075089872,2.8471269668079917
4,z,12,0.001,m1,7900000,0.9640569620253164,0.00014995726752338676,0.0006800251775700339,0.0,79,0.0,0.0,0.9640569620253164,0.00014995726752338676,0.0006800251775700339,0,2,56,-8,48,7616050,0.0,0,0,0,0.0,203.8002449129708
4,z,12,0.001,m1,7900000,0.9640569620253164,0.00014995726752338676,0.0006800251775700339,0.0,79,0.0,0.0,0.9640569620253164,0.00014995726752338676,0.0006800251775700339,0,2,56,-6,48,7616050,0.0,0,0,0,0.0,203.8002449129708
4,z,12,0.001,m1,405000000,0.9640101746268658,1.813550540314384e-05,0.00013118120636351904,1.2903344250827098e-09,201,2.52905547316211e-09,1.829364776744263e-08,0.9640101733830845,1.8135622380855473e-05,0.00013118205250907652,2,0,24,8,16,390424479,0.0,1,0,0,1.422994300723076,1761.549333100178
4,z,12,0.001,normal,7900000,0.9522632911392406,0.0001421783612916579,0.0006447494474977513,0.0,79,0.0,0.0,0.9522632911392406,0.0001421783612916579,0.0006447494474977513,0,2,64,0,64,7522880,0.0,0,0,0,0.0,2582.9228568629333
4,z,12,0.001,normal,7900000,0.9522632911392406,0.0001421783612916579,0.0006447494474977513,0.0,79,0.0,0.0,0.9522632911392406,0.0001421783612916579,0.0006447494474977513,0,2,64,2,64,7522880,0.0,0,0,0,0.0,2582.9228568629333
4,z,12,0.001,normal,405000000,0.9523691049751244,2.034954381930457e-05,0.00014719621250262508,2.6121239628779422e-09,201,3.611157245249078e-09,2.612091327314298e-08,0.9523691024875621,2.034967349694533e-05,0.00014719715051173898,2,0,32,16,32,385709633,0.0,2,0,0,40.73414437985048,24968.606030771727
4,z,12,0.005,m1,7900000,0.8348267088607596,0.00026857892664410265,0.0012179498553095542,1.2133726767168392e-06,79,6.124360593088518e-07,2.777270797608008e-06,0.8348256962025316,0.0002686246422054281,0.0012181571659202468,0,2,56,-8,48,6595131,0.0,16,0,0,0.0,497.8385048390628
4,z,12,0.005,m1,7900000,0.8348267088607596,0.00026857892664410265,0.0012179498553095542,1.2133726767168392e-06,79,6.124360593088518e-07,2.777270797608008e-06,0.8348256962025316,0.0002686246422054281,0.0012181571659202468,0,2,56,-6,48,6595131,0.0,16,0,0,0.0,497.8385048390628
4,z,12,0.005,m1,225000000,0.8348489153153154,4.893737084742611e-05,0.0002630546912364444,8.535979123292345e-07,111,1.3524560484373445e-07,7.269902368513926e-07,0.8348482027027027,4.89450163185528e-05,0.0002630957881938772,2,0,24,8,16,187841086,3.0,311,0,0,6.047938824631274,2877.900509040337
4,z,12,0.005,normal,7900000,0.7876656962025316,0.0003421556770705937,0.0015516051932610642,1.6066852632089639e-06,79,6.894347325334738e-07,3.126443847350759e-06,0.7876644303797469,0.0003421226163100213,0.00155145526955313,0,2,64,0,64,6222559,0.0,20,0,0,0.0,3205.3518707319454
4,z,12,0.005,normal,7900000,0.7876656962025316,0.0003421556770705937,0.0015516051932610642,1.6066852632089639e-06,79,6.894347325334738e-07,3.126443847350759e-06,0.7876644303797469,0.0003421226163100213,0.00155145526955313,0,2,64,2,64,6222559,0.0,20,0,0,0.0,3205.3518707319454
4,z,12,0.005,normal,225000000,0.787582827027027,5.2278885297450105e-05,0.00028101644595869286,1.9200677614904625e-06,111,2.2777134612089523e-07,1.2243469579341478e-06,0.7875813148648649,5.230551747825449e-05,0.0002811596028136104,2,0,32,16,32,177206511,12.0,648,0,0,118.20674390066416,22916.9816626931
4,z,12,0.01,m1,7900000,0.7019249367088608,0.00029887284443595816,0.001355326503776997,1.7128349579112015e-05,79,2.470523241745157e-06,1.120331167608557e-05,0.7019129113924051,0.0002985848504566854,0.001354020510675572,0,2,56,-8,48,5545207,1.0,188,0,0,0.0,694.9693690659478
4,z,12,0.01,m1,7900000,0.7019249367088608,0.00029887284443595816,0.001355326503776997,1.7128349579112015e-05,79,2.470523241745157e-06,1.120331167608557e-05,0.7019129113924051,0.0002985848504566854,0.001354020510675572,0,2,56,-6,48,5545207,1.0,188,0,0,0.0,694.9693690659478
4,z,12,0.01,m1,63000000,0.7019906,0.00012312075333860347,0.00039728776304670115,4.979797599561953e-06,40,2.128820938300493e-06,6.869309077230957e-06,0.701987105,0.00012356145382244493,0.00039870982151086164,2,0,24,8,16,44223693,12.0,509,0,0,13.583791560027748,1568.072926645138
4,z,12,0.01,normal,7900000,0.6285077215189874,0.0003338863333226401,0.001514105430538909,3.9577843145145137e-05,79,3.8847673923905685e-06,1.761661624980382e-05,0.6284828481012659,0.00033402764545537457,0.0015147462518191484,0,2,64,0,64,4965211,13.0,367,0,0,0.0,3360.635447442939
4,z,12,0.01,normal,7900000,0.6285077215189874,0.0003338863333226401,0.001514105430538909,3.9577843145145137e-05,79,3.8847673923905685e-06,1.761661624980382e-05,0.6284828481012659,0.00033402764545537457,0.0015147462518191484,0,2,64,2,64,4965211,13.0,367,0,0,0.0,3360.635447442939
4,z,12,0.01,normal,63000000,0.6287227375000001,0.00012220713745152698,0.00039433969456743905,1.4755916204799672e-05,40,4.356250151137598e-06,1.4056808709232199e-05,0.62871346125,0.00012280680576696364,0.00039627471264643514,2,0,32,16,32,39605940,39.0,1270,0,0,179.12304112827405,10406.435824728687
4,z,13,0.0,m2,100,1.0,0.0,,0.0,1,0.0,,1.0,0.0,,0,2,56,24,48,100,0.0,0,0,0,0.0,0.0291583390007872
4,z,13,0.0001,m1,7900000,0.9887824050632912,8.201755392602858e-05,0.00037193263516694254,1.27990849489571e-07,79,1.7624553042031944e-07,7.992370099789327e-07,0.9887822784810126,8.200157776852019e-05,0.0003718601865985874,0,2,56,-8,48,7811381,0.0,2,0,0,0.0,1651.2516332529194
4,z,13,0.0001,m1,7900000,0.9887824050632912,8.201755392602858e-05,0.00037193263516694254,1.27990849489571e-07,79,1.7624553042031944e-07,7.992370099789327e-07,0.9887822784810126,8.200157776852019e-05,0.0003718601865985874,0,2,56,-6,48,7811381,0.0,2,0,0,0.0,1651.2516332529194
4,z,13,0.0001,m1,5000000,0.9888076,0.0,,0.0,1,0.0,,0.9888076,0.0,,0,2,56,24,48,4944038,0.0,0,0,0,13.904136368073525,4.319575232919306
4,z,13,0.0001,normal,7900000,0.985773924050633,8.700882269167583e-05,0.00039456700617620155,3.209594386892398e-07,79,2.7402476159730273e-07,1.242645589916011e-06,0.9857736075949367,8.69744706590387e-05,0.0003944112268166562,0,2,64,0,64,7787614,0.0,5,0,0,0.0,4952.865583411884
4,z,13,0.0001,normal,7900000,0.985773924050633,8.700882269167583e-05,0.00039456700617620155,3.209594386892398e-07,79,2.7402476159730273e-07,1.242645589916011e-06,0.9857736075949367,8.69744706590387e-05,0.0003944112268166562,0,2,64,2,64,7787614,0.0,5,0,0,0.0,4952.865583411884
4,z,13,0.0001,normal,5000000,0.9859086,0.0,,0.0,1,0.0,,0.9859086,0.0,,0,2,64,32,64,4929543,0.0,0,0,0,481.3586934269406,-40.47618500282988
4,z,13,0.0005,m1,7900000,0.9453164556962026,0.00014788110370703486,0.0006706102042833342,5.891457566186837e-06,79,1.4096987679801352e-06,6.392692203906991e-06,0.9453108860759493,0.0001477826965781431,0.0006701639483171914,0,2,56,-8,48,7468000,0.0,88,0,0,0.0,2491.6788894020283
4,z,13,0.0005,m1,7900000,0.9453164556962026,0.00014788110370703486,0.0006706102042833342,5.891457566186837e-06,79,1.4096987679801352e-06,6.392692203906991e-06,0.9453108860759493,0.0001477826965781431,0.0006701639483171914,0,2,56,-6,48,7468000,0.0,88,0,0,0.0,2491.6788894020283
4,z,13,0.0005,m1,5000000,0.945469,0.0,,5.288380687256801e-07,1,0.0,,0.9454685,0.0,,0,2,56,24,48,4727345,0.0,5,0,0,35.966938987374306,-1.4124113866128027
4,z,13,0.0005,normal,7900000,0.9311441772151898,0.00018283047675554868,0.0008290983789866405,4.825594286270851e-06,79,1.0488118175628983e-06,4.756144562080188e-06,0.9311396835443038,0.00018274486062355507,0.0008287101275445906,0,2,64,0,64,7356039,0.0,71,0,0,0.0,4573.491574679108
4,z,13,0.0005,normal,7900000,0.9311441772151898,0.00018283047675554868,0.0008290983789866405,4.825594286270851e-06,79,1.0488118175628983e-06,4.756144562080188e-06,0.9311396835443038,0.00018274486062355507,0.0008287101275445906,0,2,64,2,64,7356039,0.0,71,0,0,0.0,4573.491574679108
4,z,13,0.0005,normal,5000000,0.9311124,0.0,,3.2219525805907e-07,1,0.0,,0.9311121,0.0,,0,2,64,32,64,4655562,0.0,3,0,0,438.60538006713614,53.794725043699145
4,z,13,0.001,m1,7900000,0.8938011392405064,0.00024967360635483197,0.001132218139874524,2.025072097306959e-05,79,2.6373351666746745e-06,1.1959769237259143e-05,0.8937830379746835,0.00024947748196536807,0.0011313287563523137,0,2,56,-8,48,7061029,2.0,282,0,0,0.0,2854.0800930671394
4,z,13,0.001,m1,7900000,0.8938011392405064,0.00024967360635483197,0.001132218139874524,2.025072097306959e-05,79,2.6373351666746745e-06,1.1959769237259143e-05,0.8937830379746835,0.00024947748196536807,0.0011313287563523137,0,2,56,-6,48,7061029,2.0,282,0,0,0.0,2854.0800930671394
4,z,13,0.001,m1,5000000,0.8938452,0.0,,2.013771512114178e-06,1,0.0,,0.8938434,0.0,,0,2,56,24,48,4469226,0.0,18,0,0,48.05402080481872,1.872889069840312
4,z,13,0.001,normal,7900000,0.8671901265822785,0.0002569539506951949,0.0011652329949368451,1.9557625002514406e-05,79,2.127700011904853e-06,9.648679269150523e-06,0.867173164556962,0.0002566480737035053,0.0011638459060746408,0,2,64,0,64,6850802,0.0,268,0,0,0.0,4206.852456600158
4,z,13,0.001,normal,7900000,0.8671901265822785,0.0002569539506951949,0.0011652329949368451,1.9557625002514406e-05,79,2.127700011904853e-06,9.648679269150523e-06,0.867173164556962,0.0002566480737035053,0.0011638459060746408,0,2,64,2,64,6850802,0.0,268,0,0,0.0,4206.852456600158
4,z,13,0.001,normal,5000000,0.867211,0.0,,1.1531219045883873e-06,1,0.0,,0.86721,0.0,,0,2,64,32,64,4336055,0.0,10,0,0,446.5019818427973,34.002306355163455
4,z,13,0.005,m1,7900000,0.5727455696202531,0.00037718327344549494,0.0017104480945627893,0.0005205759394156465,79,1.6194538835724342e-05,7.343888248504367e-05,0.5724474050632912,0.00037658188883191965,0.0017077209397847082,0,2,56,-8,48,4524690,23.0,4665,0,0,0.0,3125.1550115969003
4,z,13,0.005,m1,7900000,0.5727455696202531,0.00037718327344549494,0.0017104480945627893,0.0005205759394156465,79,1.6194538835724342e-05,7.343888248504367e-05,0.5724474050632912,0.00037658188883191965,0.0017077209397847082,0,2,56,-6,48,4524690,23.0,4665,0,0,0.0,3125.1550115969003
4,z,13,0.005,m1,5000000,0.5734256,0.0,,5.54561917012425e-05,1,0.0,,0.5733938,0.0,,0,2,56,24,48,2867128,2.0,314,0,0,157.9260573098436,-7.141589211765677
4,z,13,0.005,normal,7900000,0.4954239240506329,0.0004178608526784994,0.001894912498975393,0.0005416570954782746,79,1.7956930991694732e-05,8.143096622066448e-05,0.49515556962025314,0.00041744521999766387,0.0018930276907746498,0,2,64,0,64,3913849,42.0,4156,0,0,0.0,3400.3520958410663
4,z,13,0.005,normal,7900000,0.4954239240506329,0.0004178608526784994,0.001894912498975393,0.0005416570954782746,79,1.7956930991694732e-05,8.143096622066448e-05,0.49515556962025314,0.00041744521999766387,0.0018930276907746498,0,2,64,2,64,3913849,42.0,4156,0,0,0.0,3400.3520958410663
4,z,13,0.005,normal,5000000,0.4956478,0.0,,7.101817056385602e-05,1,0.0,,0.4956126,0.0,,0,2,64,32,64,2478239,8.0,336,0,0,686.0090842270292,-291.90044330991805
4,z,13,0.01,m1,7900000,0.33222987341772153,0.0003268778967437518,0.0014823236209090187,0.002139062613509621,79,4.5270261914809365e-05,0.00020529127001103222,0.33151924050632914,0.00032790719144674274,0.0014869912593951902,0,2,56,-8,48,2624616,133.0,10962,0,0,0.0,2768.325990605139
4,z,13,0.01,m1,7900000,0.33222987341772153,0.0003268778967437518,0.0014823236209090187,0.002139062613509621,79,4.5270261914809365e-05,0.00020529127001103222,0.33151924050632914,0.00032790719144674274,0.0014869912593951902,0,2,56,-6,48,2624616,133.0,10962,0,0,0.0,2768.325990605139
4,z,13,0.01,m1,5000000,0.3325022,0.0,,0.0002851108955068568,1,0.0,,0.3324074,0.0,,0,2,56,24,48,1662511,25.0,898,0,0,242.3368972348981,-48.51539902482182
4,z,13,0.01,normal,7900000,0.25166455696202533,0.0003296501938916879,0.0014948954148036233,0.0022108587951271334,79,4.812013055641129e-05,0.00021821483457754699,0.251108164556962,0.00032923116835057516,0.0014929952206836075,0,2,64,0,64,1988150,190.0,8411,0,0,0.0,2786.987211602027
4,z,13,0.01,normal,7900000,0.25166455696202533,0.0003296501938916879,0.0014948954148036233,0.0022108587951271334,79,4.812013055641129e-05,0.00021821483457754699,0.251108164556962,0.00032923116835057516,0.0014929952206836075,0,2,64,2,64,1988150,190.0,8411,0,0,0.0,2786.987211602027
4,z,13,0.01,normal,5000000,0.2518338,0.0,,0.00039549893620316256,1,0.0,,0.2517342,0.0,,0,2,64,32,64,1259169,75.0,846,0,0,460.670967116952,-88.71755959000438
4,z,14,0.0,m2,100,1.0,0.0,,0.0,1,0.0,,1.0,0.0,,1,1,40,8,32,100,0.0,0,0,0,0.0,0.0240063090004696
4,z,14,0.0001,m1,7900000,0.993467088607595,6.0144055438167714e-05,0.0002727408458062457,0.0,79,0.0,0.0,0.993467088607595,6.0144055438167714e-05,0.0002727408458062457,0,2,56,-8,48,7848390,0.0,0,0,0,0.0,41.26579080402735
4,z,14,0.0001,m1,7900000,0.993467088607595,6.0144055438167714e-05,0.0002727408458062457,0.0,79,0.0,0.0,0.993467088607595,6.0144055438167714e-05,0.0002727408458062457,0,2,56,-6,48,7848390,0.0,0,0,0,0.0,41.26579080402735
4,z,14,0.0001,m1,5000000,0.9934832,0.0,,0.0,1,0.0,,0.9934832,0.0,,1,1,40,8,32,4967416,0.0,0,0,0,1.2422463507391512,0.0730247381143271
4,z,14,0.0001,normal,7900000,0.9922030379746836,6.161074695907608e-05,0.00027939198835117524,0.0,79,0.0,0.0,0.9922030379746836,6.161074695907608e-05,0.00027939198835117524,0,2,64,0,64,7838404,0.0,0,0,0,0.0,2108.956037668002
4,z,14,0.0001,normal,7900000,0.9922030379746836,6.161074695907608e-05,0.00027939198835117524,0.0,79,0.0,0.0,0.9922030379746836,6.161074695907608e-05,0.00027939198835117524,0,2,64,2,64,7838404,0.0,0,0,0,0.0,2108.956037668002
4,z,14,0.0001,normal,5000000,0.9922588,0.0,,0.0,1,0.0,,0.9922588,0.0,,1,1,48,16,48,4961294,0.0,0,0,0,14.61488527012989,1.4047727528959513
4,z,14,0.0005,m1,7900000,0.9677846835443037,0.00013035067214726425,0.0005911133247309432,0.0,79,0.0,0.0,0.9677846835443037,0.00013035067214726425,0.0005911133247309432,0,2,56,-8,48,7645499,0.0,0,0,0,0.0,148.99152958403283
4,z,14,0.0005,m1,7900000,0.9677846835443037,0.00013035067214726425,0.0005911133247309432,0.0,79,0.0,0.0,0.9677846835443037,0.00013035067214726425,0.0005911133247309432,0,2,56,-6,48,7645499,0.0,0,0,0,0.0,148.99152958403283
4,z,14,0.0005,m1,5000000,0.9677192,0.0,,0.0,1,0.0,,0.9677192,0.0,,1,1,40,8,32,4838596,0.0,0,0,0,2.2319793538190424,0.3628367991186678
4,z,14,0.0005,normal,7900000,0.9617748101265823,0.00015440844273879048,0.0007002103360904651,0.0,79,0.0,0.0,0.9617748101265823,0.00015440844273879048,0.0007002103360904651,0,2,64,0,64,7598021,0.0,0,0,0,0.0,1910.0535185788176
4,z,14,0.0005,normal,7900000,0.9617748101265823,0.00015440844273879048,0.0007002103360904651,0.0,79,0.0,0.0,0.9617748101265823,0.00015440844273879048,0.0007002103360904651,0,2,64,2,64,7598021,0.0,0,0,0,0.0,1910.0535185788176
4,z,14,0.0005,normal,5000000,0.9618442,0.0,,0.0,1,0.0,,0.9618442,0.0,,1,1,48,16,48,4809221,0.0,0,0,0,33.208712563384324,1.3844199338927865
4,z,14,0.001,m1,7900000,0.9365334177215191,0.00016712331021216805,0.0007578696289954559,0.0,79,0.0,0.0,0.9365334177215191,0.00016712331021216805,0.0007578696289954559,0,2,56,-8,48,7398614,0.0,0,0,0,0.0,281.01035646299715
4,z,14,0.001,m1,7900000,0.9365334177215191,0.00016712331021216805,0.0007578696289954559,0.0,79,0.0,0.0,0.9365334177215191,0.00016712331021216805,0.0007578696289954559,0,2,56,-6,48,7398614,0.0,0,0,0,0.0,281.01035646299715
4,z,14,0.001,m1,405000000,0.936562760199005,2.468868699660175e-05,0.00017858293285744916,1.3279321552025488e-09,201,2.6027470241969956e-09,1.8826687588978527e-08,0.9365627589552239,2.468862205081329e-05,0.00017858246307915024,1,1,40,8,32,379308137,0.0,1,0,0,2.7881021262146533,2883.1157440255192
4,z,14,0.001,normal,7900000,0.9250791139240506,0.000167233806348016,0.0007583707061065674,0.0,79,0.0,0.0,0.9250791139240506,0.000167233806348016,0.0007583707061065674,0,2,64,0,64,7308125,0.0,0,0,0,0.0,2068.8280189500656
4,z,14,0.001,normal,7900000,0.9250791139240506,0.000167233806348016,0.0007583707061065674,0.0,79,0.0,0.0,0.9250791139240506,0.000167233806348016,0.0007583707061065674,0,2,64,2,64,7308125,0.0,0,0,0,0.0,2068.8280189500656
4,z,14,0.001,normal,405000000,0.9251519935323383,2.4057611662040252e-05,0.00017401811804508183,0.0,201,0.0,0.0,0.9251519935323383,2.4057611662040252e-05,0.00017401811804508183,1,1,48,16,48,374686774,0.0,0,0,0,75.58532518800348,27824.857583330842
4,z,14,0.005,m1,7900000,0.7211398734177216,0.00032228542975232943,0.0014614977334218419,2.63664288443597e-07,79,2.945142278829017e-07,1.335561079637152e-06,0.7211396835443038,0.00032231470421064783,0.0014616304870325538,0,2,56,-8,48,5697005,0.0,3,0,0,0.0,684.1402580069407
4,z,14,0.005,m1,7900000,0.7211398734177216,0.00032228542975232943,0.0014614977334218419,2.63664288443597e-07,79,2.945142278829017e-07,1.335561079637152e-06,0.7211396835443038,0.00032231470421064783,0.0014616304870325538,0,2,56,-6,48,5697005,0.0,3,0,0,0.0,684.1402580069407
4,z,14,0.005,m1,225000000,0.7211039234234234,5.685084154030635e-05,0.00030559223572804335,2.1052871507157052e-07,111,5.0801032158135244e-08,2.7307249240084197e-07,0.7211037716216216,5.6855840511954684e-05,0.000305619106868047,1,1,40,8,32,162248980,0.0,68,0,0,17.587488904129714,5360.443339214893
4,z,14,0.005,normal,7900000,0.6786616455696203,0.0003811593931045939,0.0017284789744385967,2.7983738822775795e-07,79,3.1258041661051126e-07,1.4174875070814935e-06,0.6786614556962025,0.00038116300906161903,0.0017284953720554557,0,2,64,0,64,5361427,0.0,3,0,0,0.0,2967.822014577003
4,z,14,0.005,normal,7900000,0.6786616455696203,0.0003811593931045939,0.0017284789744385967,2.7983738822775795e-07,79,3.1258041661051126e-07,1.4174875070814935e-06,0.6786614556962025,0.00038116300906161903,0.0017284953720554557,0,2,64,2,64,5361427,0.0,3,0,0,0.0,2967.822014577003
4,z,14,0.005,normal,225000000,0.6786445738738739,6.335459557554177e-05,0.00034055208297751233,2.489003690279599e-07,111,6.27824124646903e-08,3.374764079065116e-07,0.6786444049549549,6.335308347062953e-05,0.0003405439549092504,1,1,48,16,48,152695760,1.0,73,0,0,156.35582135990262,27106.435003754974
4,z,14,0.01,m1,7900000,0.5213484810126582,0.0003411400756060712,0.001546999650777806,6.557719889807877e-06,79,2.021492474945417e-06,9.167050066558842e-06,0.5213450632911392,0.0003412254612825794,0.0015473868571519178,0,2,56,-8,48,4118653,2.0,50,0,0,0.0,1036.3254333171208
4,z,14,0.01,m1,7900000,0.5213484810126582,0.0003411400756060712,0.001546999650777806,6.557719889807877e-06,79,2.021492474945417e-06,9.167050066558842e-06,0.5213450632911392,0.0003412254612825794,0.0015473868571519178,0,2,56,-6,48,4118653,2.0,50,0,0,0.0,1036.3254333171208
4,z,14,0.01,m1,115000000,0.5213272272727273,9.05621826840676e-05,0.00037537278068011377,2.2799621879661325e-06,66,5.549576920695904e-07,2.300253879245658e-06,0.5213260386363636,9.055222907567646e-05,0.0003753315237939738,1,1,40,8,32,59951043,8.0,286,0,0,40.3921690848656,6060.353368604396
4,z,14,0.01,normal,7900000,0.46230303797468353,0.00037640704975787305,0.0017069280807633462,7.249464576811411e-06,79,2.0087334772897964e-06,9.109190652409233e-06,0.46229968354430384,0.00037622506070320965,0.001706102798059432,0,2,64,0,64,3652194,1.0,51,0,0,0.0,3658.049373098984
4,z,14,0.01,normal,7900000,0.46230303797468353,0.00037640704975787305,0.0017069280807633462,7.249464576811411e-06,79,2.0087334772897964e-06,9.109190652409233e-06,0.46229968354430384,0.00037622506070320965,0.001706102798059432,0,2,64,2,64,3652194,1.0,51,0,0,0.0,3658.049373098984
4,z,14,0.01,normal,115000000,0.46241111212121216,0.00011066472334619284,0.00045869615433820636,3.7143346848486637e-06,66,6.287252602624713e-07,2.6060143675189066e-06,0.46240939469696973,0.0001106956240408203,0.0004588242351697796,1,1,48,16,48,53176269,15.0,406,0,0,241.10034505603835,23771.09445376006
4,z,14,0.05,m1,12000000,0.04463458333333333,3.1728819041648995e-05,3.965276366997081e-05,0.0037237503489764537,6,5.833425563186989e-05,7.290263307303935e-05,0.044468375000000004,3.140609502946968e-05,3.924944267120395e-05,1,1,40,8,32,535615,328.0,3333,0,0,0.0,4872.276589048997
4,z,14,0.05,normal,12000000,0.02696583333333333,0.00015556990271614688,0.00019442187805560133,0.006220801381897403,6,0.0001009906847243082,0.00012621206446369526,0.026798083333333333,0.00015451566418256122,0.0001931043543441397,1,1,48,16,48,323590,496.0,3034,0,0,0.0,5519.010353113001
4,z,15,0.0,m2,100,1.0,0.0,,0.0,1,0.0,,1.0,0.0,,0,2,56,8,48,100,0.0,0,0,0,0.0,0.0216716450013336
4,z,15,0.0001,m1,7900000,0.9906045569620254,7.603339901306201e-05,0.0003447957309374624,0.0,79,0.0,0.0,0.9906045569620254,7.603339901306201e-05,0.0003447957309374624,0,2,56,-8,48,7825776,0.0,0,0,0,0.0,41.05925868412305
4,z,15,0.0001,m1,7900000,0.9906045569620254,7.603339901306201e-05,0.0003447957309374624,0.0,79,0.0,0.0,0.9906045569620254,7.603339901306201e-05,0.0003447957309374624,0,2,56,-6,48,7825776,0.0,0,0,0,0.0,41.05925868412305
4,z,15,0.0001,m1,5000000,0.9906278,0.0,,0.0,1,0.0,,0.9906278,0.0,,0,2,56,8,48,4953139,0.0,0,0,0,1.6687993658706546,-0.1757954196073115
4,z,15,0.0001,normal,7900000,0.9893589873417722,7.166361480836517e-05,0.00032497966380835,0.0,79,0.0,0.0,0.9893589873417722,7.166361480836517e-05,0.00032497966380835,0,2,64,0,64,7815936,0.0,0,0,0,0.0,1632.9071498802077
4,z,15,0.0001,normal,7900000,0.9893589873417722,7.166361480836517e-05,0.00032497966380835,0.0,79,0.0,0.0,0.9893589873417722,7.166361480836517e-05,0.00032497966380835,0,2,64,2,64,7815936,0.0,0,0,0,0.0,1632.9071498802077
4,z,15,0.0001,normal,5000000,0.9894318,0.0,,0.0,1,0.0,,0.9894318,0.0,,0,2,64,16,64,4947159,0.0,0,0,0,15.755511031020433,0.5264711207710207
4,z,15,0.0005,m1,7900000,0.9538169620253164,0.00014746878075586297,0.0006687404050217335,0.0,79,0.0,0.0,0.9538169620253164,0.00014746878075586297,0.0006687404050217335,0,2,56,-8,48,7535154,0.0,0,0,0,0.0,157.7189796139428
4,z,15,0.0005,m1,7900000,0.9538169620253164,0.00014746878075586297,0.0006687404050217335,0.0,79,0.0,0.0,0.9538169620253164,0.00014746878075586297,0.0006687404050217335,0,2,56,-6,48,7535154,0.0,0,0,0,0.0,157.7189796139428
4,z,15,0.0005,m1,5000000,0.9538922,0.0,,0.0,1,0.0,,0.9538922,0.0,,0,2,56,8,48,4769461,0.0,0,0,0,2.60246623493731,-0.136599401012063
4,z,15,0.0005,normal,7900000,0.9479625316455695,0.00019136077887929544,0.0008677815339429167,0.0,79,0.0,0.0,0.9479625316455695,0.00019136077887929544,0.0008677815339429167,0,2,64,0,64,7488904,0.0,0,0,0,0.0,1851.1129165729217
4,z,15,0.0005,normal,7900000,0.9479625316455695,0.00019136077887929544,0.0008677815339429167,0.0,79,0.0,0.0,0.9479625316455695,0.00019136077887929544,0.0008677815339429167,0,2,64,2,64,7488904,0.0,0,0,0,0.0,1851.1129165729217
4,z,15,0.0005,normal,5000000,0.9480864,0.0,,0.0,1,0.0,,0.9480864,0.0,,0,2,64,16,64,4740432,0.0,0,0,0,33.41309503791854,2.5501874070614576
4,z,15,0.001,m1,7900000,0.9100225316455696,0.00021153199117893934,0.0009592538076940301,0.0,79,0.0,0.0,0.9100225316455696,0.00021153199117893934,0.0009592538076940301,0,2,56,-8,48,7189178,0.0,0,0,0,0.0,278.63193299206614
4,z,15,0.001,m1,7900000,0.9100225316455696,0.00021153199117893934,0.0009592538076940301,0.0,79,0.0,0.0,0.9100225316455696,0.00021153199117893934,0.0009592538076940301,0,2,56,-6,48,7189178,0.0,0,0,0,0.0,278.63193299206614
4,z,15,0.001,m1,405000000,0.9099746815920398,2.9823971290040444e-05,0.00021572845340721782,0.0,201,0.0,0.0,0.9099746815920398,2.9823971290040444e-05,0.00021572845340721782,0,2,56,8,48,368540371,0.0,0,0,0,3.5170613639056683,3460.834603574054
4,z,15,0.001,normal,7900000,0.8987687341772151,0.00020459782249906435,0.000927808787617913,0.0,79,0.0,0.0,0.8987687341772151,0.00020459782249906435,0.000927808787617913,0,2,64,0,64,7100273,0.0,0,0,0,0.0,2023.012566262798
4,z,15,0.001,normal,7900000,0.8987687341772151,0.00020459782249906435,0.000927808787617913,0.0,79,0.0,0.0,0.8987687341772151,0.00020459782249906435,0.000927808787617913,0,2,64,2,64,7100273,0.0,0,0,0,0.0,2023.012566262798
4,z,15,0.001,normal,405000000,0.8988870109452737,2.794992172751078e-05,0.00020217271967205267,1.383870283306478e-09,201,2.7123857552806957e-09,1.9619747428669126e-08,0.8988870097014925,2.795002185022442e-05,0.0002021734438988149,0,2,64,16,64,364050104,0.0,1,0,0,55.442004851065576,28062.28526637866
4,z,15,0.005,m1,7900000,0.6244269620253164,0.00039373103471550556,0.001785488767695024,2.0246052500376257e-07,79,2.7879158025006804e-07,1.2642621261087988e-06,0.624426835443038,0.000393718516131443,0.00178543199850677,0,2,56,-8,48,4932973,0.0,2,0,0,0.0,797.9870554610243
4,z,15,0.005,m1,7900000,0.6244269620253164,0.00039373103471550556,0.001785488767695024,2.0246052500376257e-07,79,2.7879158025006804e-07,1.2642621261087988e-06,0.624426835443038,0.000393718516131443,0.00178543199850677,0,2,56,-6,48,4932973,0.0,2,0,0,0.0,797.9870554610243
4,z,15,0.005,m1,225000000,0.6244641369369369,6.760034633110335e-05,0.00036337440944767034,1.0460633454290667e-07,111,3.581223876254877e-08,1.9250272842689045e-07,0.6244640716216217,6.760279283836224e-05,0.00036338756024021295,0,2,56,8,48,140504287,0.0,29,0,0,25.210822592955083,6390.879236135952
4,z,15,0.005,normal,7900000,0.587646835443038,0.00040867152111602825,0.0018532407818874245,0.0,79,0.0,0.0,0.587646835443038,0.00040867152111602825,0.0018532407818874245,0,2,64,0,64,4642410,0.0,0,0,0,0.0,2226.3701762360142
4,z,15,0.005,normal,7900000,0.587646835443038,0.00040867152111602825,0.0018532407818874245,0.0,79,0.0,0.0,0.587646835443038,0.00040867152111602825,0.0018532407818874245,0,2,64,2,64,4642410,0.0,0,0,0,0.0,2226.3701762360142
4,z,15,0.005,normal,225000000,0.5876815504504505,6.586081621152808e-05,0.00035402385483925014,1.3414622728922813e-07,111,4.525275403461928e-08,2.432486468733462e-07,0.5876814716216217,6.586281871837154e-05,0.00035403461898146464,0,2,64,16,64,132228580,0.0,35,0,0,163.5093712550588,26483.42522409784
4,z,15,0.01,m1,7900000,0.3908958227848101,0.0003680483053146809,0.0016690229043879645,2.4302369005345782e-06,79,1.361632926958745e-06,6.174723561136633e-06,0.3908948734177215,0.0003680794946492425,0.001669164341566194,0,2,56,-8,48,3088077,0.0,15,0,0,0.0,1089.7627628129849
4,z,15,0.01,m1,7900000,0.3908958227848101,0.0003680483053146809,0.0016690229043879645,2.4302369005345782e-06,79,1.361632926958745e-06,6.174723561136633e-06,0.3908948734177215,0.0003680794946492425,0.001669164341566194,0,2,56,-6,48,3088077,0.0,15,0,0,0.0,1089.7627628129849
4,z,15,0.01,m1,115000000,0.3909982893939394,9.366196820135912e-05,0.00038822113608246616,1.0794681896140552e-06,66,3.5361852442890795e-07,1.4657196291077286e-06,0.3909978674242424,9.368673738024578e-05,0.0003883238022868164,0,2,56,8,48,44964847,2.0,107,0,0,53.41656154720113,7502.517069018068
4,z,15,0.01,normal,7900000,0.34664898734177213,0.0003439025817421926,0.0015595270444598848,1.0952524661003546e-06,79,9.886624977342642e-07,4.483379843352538e-06,0.3466486075949367,0.000343898618754161,0.0015595090731292222,0,2,64,0,64,2738527,0.0,6,0,0,0.0,2994.902173164912
4,z,15,0.01,normal,7900000,0.34664898734177213,0.0003439025817421926,0.0015595270444598848,1.0952524661003546e-06,79,9.886624977342642e-07,4.483379843352538e-06,0.3466486075949367,0.000343898618754161,0.0015595090731292222,0,2,64,2,64,2738527,0.0,6,0,0,0.0,2994.902173164912
4,z,15,0.01,normal,115000000,0.3467337621212121,9.26006982548704e-05,0.00038382225965238436,1.037963823849156e-06,66,3.1876106397558975e-07,1.3212383294083221e-06,0.34673340227272725,9.261139586627703e-05,0.000383866600369683,0,2,64,16,64,39873610,1.0,92,0,0,262.110937688034,22195.614285348754
4,z,15,0.05,m1,12000000,0.010357083333333334,4.192782891800837e-05,5.2398870852974194e-05,0.0012431189562985003,6,0.00019229507134983851,0.00024031877798938206,0.010344208333333334,4.193846932643672e-05,5.241216859343555e-05,0,2,56,8,48,124285,21.0,267,0,0,0.0,3980.531888932019
4,z,15,0.05,normal,12000000,0.006068916666666667,4.934921449335448e-05,6.167367077340753e-05,0.0013797564471541236,6,0.00013437591919962928,0.00016793491620232298,0.006060541666666666,4.9152872918183916e-05,6.142829491909008e-05,0,2,64,16,64,72827,11.0,179,0,0,0.0,3976.446218826997
4,z,16,0.0,m2,100,1.0,0.0,,0.0,1,0.0,,1.0,0.0,,0,2,56,-8,48,100,0.0,0,0,0,0.0,0.0003124879985989
4,z,16,0.0005,normal,1000000,0.938155,0.0,,0.0,1,0.0,,0.938155,0.0,,0,2,64,0,64,938155,0.0,0,0,0,0.0,0.1159314959950279
4,z,16,0.001,normal,1000000,0.88118,0.0,,0.0,1,0.0,,0.88118,0.0,,0,2,64,0,64,881180,0.0,0,0,0,0.0,0.2130727760086301
4,z,16,0.005,normal,1000000,0.531268,0.0,,0.0,1,0.0,,0.531268,0.0,,0,2,64,0,64,531268,0.0,0,0,0,0.0,1.470707415996003
4,z,16,0.01,normal,2756000000,0.2822608561594203,1.6768770849489725e-05,0.00020100862718190385,0.0,552,0.0,0.0,0.2822608561594203,1.6768770849489725e-05,0.00020100862718190385,0,2,64,0,64,777912195,0.0,0,0,0,0.0,22028.852836883394
