n,lstate,i,p_error,sim_type,comp_type,decoder_type,shots,prep_rate,count_accept,LER,LER_error,N_samples,LER_undecided,prep_rate_SEM,prep_rate_SD,LER_SEM,LER_SD,LER_error_SEM,LER_error_SD,LER_undecided_SEM,LER_undecided_SD,eff,eff_SEM,eff_SD,skip,s_l,CNOT,hadamard,meas,cost,cost_SEM,count_accept,count_logerror,count_undecided,count_detect_discard,total_meta_shots,detect_normal,decoding_normal
5,x,2,0.1,m1,na,val,900000,0.7343088888888888,660878,0.0,0.0,9,0.0,0.008157222135863854,0.012485544085505899,0.0,0.0,0.0,0.0,0.0,0.0,0.7343088888888888,0.008157222135863854,0.012485544085505899,0,3,144,144,128,1.0,0.0,660878,0.0,0,0.0,0,0.0,545.1188153401017
5,x,2,0.1,normal,na,val,900000,0.6952666666666666,625740,0.0,0.0,9,0.0,0.012914010502292987,0.01976634260555049,0.0,0.0,0.0,0.0,0.0,0.0,0.6952666666666666,0.012914010502292987,0.01976634260555049,0,3,160,160,160,1.0,0.0,625740,0.0,0,0.0,0,0.0,766.4026184945833
5,x,2,0.15,m1,na,val,900000,0.5970755555555556,537368,0.0,0.0,9,0.0,0.016595616130610173,0.025401453261138022,0.0,0.0,0.0,0.0,0.0,0.0,0.5970755555555556,0.016595616130610173,0.025401453261138022,0,3,144,144,128,1.0,0.0,537368,0.0,0,0.0,0,0.0,578.8203524183482
5,x,2,0.15,normal,na,val,900000,0.5905477777777778,531493,0.0,0.0,9,0.0,0.01586617773048408,0.024284965914006248,0.0,0.0,0.0,0.0,0.0,0.0,0.5905477777777778,0.01586617773048408,0.024284965914006248,0,3,160,160,160,1.0,0.0,531493,0.0,0,0.0,0,0.0,733.620042483788
5,x,2,0.3,m1,na,val,900000,0.40182555555555555,361643,0.0,0.0,9,0.0,0.01389173116558157,0.02126285382486975,0.0,0.0,0.0,0.0,0.0,0.0,0.40182555555555555,0.01389173116558157,0.02126285382486975,0,3,144,144,128,1.0,0.0,361643,0.0,0,0.0,0,0.0,595.9068501289003
5,x,2,0.3,normal,na,val,900000,0.3471911111111111,312472,0.0,0.0,9,0.0,0.01756969050231565,0.02689238342191171,0.0,0.0,0.0,0.0,0.0,0.0,0.3471911111111111,0.01756969050231565,0.02689238342191171,0,3,160,160,160,1.0,0.0,312472,0.0,0,0.0,0,0.0,628.6438110580202
5,x,2,0.5,m1,na,val,900000,0.21898777777777778,197089,0.0,0.0,9,0.0,0.022761951616721607,0.03483972186232899,0.0,0.0,0.0,0.0,0.0,0.0,0.21898777777777778,0.022761951616721607,0.03483972186232899,0,3,144,144,128,1.0,0.0,197089,0.0,0,0.0,0,0.0,554.3574410039
5,x,2,0.5,normal,na,val,900000,0.17045888888888888,153413,0.0,0.0,9,0.0,0.012810906055928568,0.019608529677441686,0.0,0.0,0.0,0.0,0.0,0.0,0.17045888888888888,0.012810906055928568,0.019608529677441686,0,3,160,160,160,1.0,0.0,153413,0.0,0,0.0,0,0.0,534.4533311491832
5,x,2,0.7,m1,na,val,900000,0.10207222222222222,91865,0.0,0.0,9,0.0,0.014645683792912341,0.02241686294833522,0.0,0.0,0.0,0.0,0.0,0.0,0.10207222222222222,0.014645683792912341,0.02241686294833522,0,3,144,144,128,1.0,0.0,91865,0.0,0,0.0,0,0.0,486.4378497339785
5,x,2,0.7,normal,na,val,900000,0.07502444444444445,67522,0.0,0.0,9,0.0,0.012381582467839125,0.018951401736488457,0.0,0.0,0.0,0.0,0.0,0.0,0.07502444444444445,0.012381582467839125,0.018951401736488457,0,3,160,160,160,1.0,0.0,67522,0.0,0,0.0,0,0.0,492.01696824794635
5,x,2,0.9,m1,na,val,900000,0.05711555555555556,51404,0.0,0.0,9,0.0,0.010990382436532163,0.016822013933467595,0.0,0.0,0.0,0.0,0.0,0.0,0.05711555555555556,0.010990382436532163,0.016822013933467595,0,3,144,144,128,1.0,0.0,51404,0.0,0,0.0,0,0.0,464.4450753428973
5,x,2,0.9,normal,na,val,900000,0.04661222222222222,41951,0.0,0.0,9,0.0,0.008996877282317817,0.013770730534159923,0.0,0.0,0.0,0.0,0.0,0.0,0.04661222222222222,0.008996877282317817,0.013770730534159923,0,3,160,160,160,1.0,0.0,41951,0.0,0,0.0,0,0.0,466.53134319907986
5,x,2,1.0,m1,na,val,1790000,0.041343163265306127,72586,0.0,0.0,98,0.0,0.0023240474300925077,0.011738212125839864,0.0,0.0,0.0,0.0,0.0,0.0,0.041343163265306127,0.0023240474300925077,0.011738212125839864,0,3,144,144,128,1.0,0.0,72586,0.0,0,0.0,0,0.0,946.099876292119
5,x,2,1.0,normal,na,val,1790000,0.03169020408163265,59383,0.0,0.0,98,0.0,0.0021683229272184135,0.010951684611702893,0.0,0.0,0.0,0.0,0.0,0.0,0.03169020408163265,0.0021683229272184135,0.010951684611702893,0,3,160,160,160,1.0,0.0,59383,0.0,0,0.0,0,0.0,1028.28371203626
5,x,3,0.1,m1,na,val,900000,0.8451922222222222,760673,0.0,0.0,9,0.0,0.007596321148335011,0.011627022165818894,0.0,0.0,0.0,0.0,0.0,0.0,0.8451922222222222,0.007596321148335011,0.011627022165818894,1,2,112,112,96,1.0,0.0,760673,0.0,0,0.0,0,0.0,557.7811044030823
5,x,3,0.1,normal,na,val,900000,0.8159322222222223,734339,0.0,0.0,9,0.0,0.011353632972253504,0.017378009651408424,0.0,0.0,0.0,0.0,0.0,0.0,0.8159322222222223,0.011353632972253504,0.017378009651408424,1,2,128,128,128,1.0,0.0,734339,0.0,0,0.0,0,0.0,868.6250590151176
5,x,3,0.15,m1,na,val,900000,0.7700622222222222,693056,0.0,0.0,9,0.0,0.01763037546148936,0.02698526856350413,0.0,0.0,0.0,0.0,0.0,0.0,0.7700622222222222,0.01763037546148936,0.02698526856350413,1,2,112,112,96,1.0,0.0,693056,0.0,0,0.0,0,0.0,582.4176703691483
5,x,3,0.15,normal,na,val,900000,0.7259722222222222,653375,0.0,0.0,9,0.0,0.023808263324171425,0.03644121937373177,0.0,0.0,0.0,0.0,0.0,0.0,0.7259722222222222,0.023808263324171425,0.03644121937373177,1,2,128,128,128,1.0,0.0,653375,0.0,0,0.0,0,0.0,838.433480410371
5,x,3,0.3,m1,na,val,900000,0.5916433333333333,532479,0.0,0.0,9,0.0,0.031376487228496425,0.048025235553821065,0.0,0.0,0.0,0.0,0.0,0.0,0.5916433333333333,0.031376487228496425,0.048025235553821065,1,2,112,112,96,1.0,0.0,532479,0.0,0,0.0,0,0.0,669.5888709148858
5,x,3,0.3,normal,na,val,900000,0.5332144444444444,479893,0.0,0.0,9,0.0,0.026062661259679355,0.03989182845869289,0.0,0.0,0.0,0.0,0.0,0.0,0.5332144444444444,0.026062661259679355,0.03989182845869289,1,2,128,128,128,1.0,0.0,479893,0.0,0,0.0,0,0.0,767.1812477824278
5,x,3,0.5,m1,na,val,900000,0.42351,381159,0.0,0.0,9,0.0,0.030622656621455215,0.046871413196104925,0.0,0.0,0.0,0.0,0.0,0.0,0.42351,0.030622656621455215,0.046871413196104925,1,2,112,112,96,1.0,0.0,381159,0.0,0,0.0,0,0.0,677.6598151873332
5,x,3,0.5,normal,na,val,900000,0.39129444444444444,352165,0.0,0.0,9,0.0,0.04096922465470761,0.06270799692047084,0.0,0.0,0.0,0.0,0.0,0.0,0.39129444444444444,0.04096922465470761,0.06270799692047084,1,2,128,128,128,1.0,0.0,352165,0.0,0,0.0,0,0.0,729.0553226503544
5,x,3,0.7,m1,na,val,900000,0.26123111111111114,235108,0.0,0.0,9,0.0,0.04068481372721609,0.06227267407226953,0.0,0.0,0.0,0.0,0.0,0.0,0.26123111111111114,0.04068481372721609,0.06227267407226953,1,2,112,112,96,1.0,0.0,235108,0.0,0,0.0,0,0.0,638.0949937505648
5,x,3,0.7,normal,na,val,900000,0.24384111111111112,219457,0.0,0.0,9,0.0,0.0220113009133552,0.033690766704115103,0.0,0.0,0.0,0.0,0.0,0.0,0.24384111111111112,0.0220113009133552,0.033690766704115103,1,2,128,128,128,1.0,0.0,219457,0.0,0,0.0,0,0.0,660.0818949420936
5,x,3,0.9,m1,na,val,900000,0.16928333333333334,152355,0.0,0.0,9,0.0,0.0202866756784951,0.031051034201778214,0.0,0.0,0.0,0.0,0.0,0.0,0.16928333333333334,0.0202866756784951,0.031051034201778214,1,2,112,112,96,1.0,0.0,152355,0.0,0,0.0,0,0.0,624.8089337691199
5,x,3,0.9,normal,na,val,900000,0.14950888888888889,134558,0.0,0.0,9,0.0,0.02324080587989927,0.03557266206107031,0.0,0.0,0.0,0.0,0.0,0.0,0.14950888888888889,0.02324080587989927,0.03557266206107031,1,2,128,128,128,1.0,0.0,134558,0.0,0,0.0,0,0.0,657.3702151889447
5,x,3,1.0,m1,na,val,1790000,0.16038897959183673,278755,0.0,0.0,98,0.0,0.00791833010324257,0.03999360651197426,0.0,0.0,0.0,0.0,0.0,0.0,0.16038897959183673,0.00791833010324257,0.03999360651197426,1,2,112,112,96,1.0,0.0,278755,0.0,0,0.0,0,0.0,1430.1122806292187
5,x,3,1.0,normal,na,val,1790000,0.12690816326530613,227276,0.0,0.0,98,0.0,0.007290815516671938,0.0368241792301345,0.0,0.0,0.0,0.0,0.0,0.0,0.12690816326530613,0.007290815516671938,0.0368241792301345,1,2,128,128,128,1.0,0.0,227276,0.0,0,0.0,0,0.0,1448.7976193888062
5,x,4,0.1,m1,na,val,1000000,0.71074,710740,0.0,0.0,10,0.0,0.014780966608837017,0.023847714542255136,0.0,0.0,0.0,0.0,0.0,0.0,0.71074,0.014780966608837017,0.023847714542255136,0,3,144,112,128,1.0,0.0,710740,0.0,0,0.0,0,0.0,852.3103343020193
5,x,4,0.1,normal,na,val,1000000,0.691538,691538,0.0,0.0,10,0.0,0.015354128377712908,0.024772457734795354,0.0,0.0,0.0,0.0,0.0,0.0,0.691538,0.015354128377712908,0.024772457734795354,0,3,160,128,160,1.0,0.0,691538,0.0,0,0.0,0,0.0,861.1520652645268
5,x,4,0.15,m1,na,val,1000000,0.615899,615899,0.0,0.0,10,0.0,0.014657337404826765,0.023648250322874518,0.0,0.0,0.0,0.0,0.0,0.0,0.615899,0.014657337404826765,0.023648250322874518,0,3,144,112,128,1.0,0.0,615899,0.0,0,0.0,0,0.0,827.1970156324096
5,x,4,0.15,normal,na,val,1000000,0.5683670000000001,568367,0.0,0.0,10,0.0,0.017292657175683946,0.027900093607967233,0.0,0.0,0.0,0.0,0.0,0.0,0.5683670000000001,0.017292657175683946,0.027900093607967233,0,3,160,128,160,1.0,0.0,568367,0.0,0,0.0,0,0.0,813.8129033180885
5,x,4,0.3,m1,na,val,1000000,0.360929,360929,1.391284990817519e-06,0.0,10,2.782569981635038e-06,0.01799705836827045,0.029036579401391854,2.7269185820023378e-06,4.39962944538981e-06,0.0,0.0,5.4538371640046755e-06,8.79925889077962e-06,0.3609285,0.01799707676411305,0.029036609081372514,0,3,144,112,128,1.0,0.0,360929,0.0,1,0.0,0,0.0,690.3444847345818
5,x,4,0.3,normal,na,val,1000000,0.316422,316422,1.396726074082351e-06,0.0,10,2.793452148164702e-06,0.024791669031228106,0.0399990515998678,2.7375831052014078e-06,4.416835661445303e-06,0.0,0.0,5.4751662104028156e-06,8.833671322890607e-06,0.3164215,0.024791311290710955,0.03999847441882417,0,3,160,128,160,1.0,0.0,316422,0.0,1,0.0,0,0.0,725.1535715919454
5,x,4,0.5,m1,na,val,1000000,0.179129,179129,5.386094636234166e-06,0.0,10,1.0772189272468332e-05,0.015024378817428689,0.02424043749605192,7.037871058426582e-06,1.1354950215922432e-05,0.0,0.0,1.4075742116853163e-05,2.2709900431844865e-05,0.179128,0.015024193184540723,0.02424013799465671,0,3,144,112,128,1.0,0.0,179129,0.0,2,0.0,0,0.0,616.4552858711686
5,x,4,0.5,normal,na,val,1000000,0.151902,151902,1.3186820580911946e-05,0.0,10,2.6373641161823893e-05,0.015899815844278055,0.025652873696505988,1.7315000830578156e-05,2.7936143016497064e-05,0.0,0.0,3.463000166115631e-05,5.587228603299413e-05,0.1519,0.01589976435380935,0.02565279062142492,0,3,160,128,160,1.0,0.0,151902,0.0,4,0.0,0,0.0,610.4553438136354
5,x,4,0.7,m1,na,val,1000000,0.096081,96081,4.228794500606634e-05,1.0482180293501048e-05,10,6.361152942513058e-05,0.012718329247989556,0.020519841048767085,4.289058895936889e-05,6.91999751518759e-05,2.0545073375262054e-05,3.314756457199559e-05,5.528533407776823e-05,8.919774331075108e-05,0.096077,0.012718504051139204,0.02052012307738701,0,3,144,112,128,1.0,0.0,96081,1.0,6,0.0,0,0.0,540.7483451322187
5,x,4,0.7,normal,na,val,1000000,0.074231,74231,3.8109412014209104e-05,0.0,10,7.621882402841821e-05,0.010223919981681307,0.016495343753785665,2.643196232918167e-05,4.264551223876702e-05,0.0,0.0,5.286392465836334e-05,8.529102447753403e-05,0.0742285,0.010224398029378332,0.01649611503927179,0,3,160,128,160,1.0,0.0,74231,0.0,5,0.0,0,0.0,547.7290316366125
5,x,4,0.9,m1,na,val,1000000,0.040817000000000006,40817,8.315923145480403e-05,2.4764735017335315e-05,10,0.00011678899287493744,0.0067584325848988255,0.010904102235193669,6.815619092234688e-05,0.00010996367344689205,4.853888063397721e-05,7.831296830530904e-05,0.00011872293149318042,0.00019154840510744153,0.0408135,0.006757956022483588,0.010903333346071535,0,3,144,112,128,1.0,0.0,40817,1.0,5,0.0,0,0.0,497.08357218350284
5,x,4,0.9,normal,na,val,1000000,0.040846,40846,5.7969459317185794e-05,0.0,10,0.00011593891863437159,0.005875640069514887,0.009479798638274037,7.293407453016786e-05,0.00011767234415908442,0.0,0.0,0.00014586814906033572,0.00023534468831816884,0.040844000000000005,0.005876150207126357,0.009480621697851773,0,3,160,128,160,1.0,0.0,40846,0.0,4,0.0,0,0.0,569.1942712035961
5,x,4,1.0,m1,na,val,1890000,0.037416565656565655,75026,5.3978188513464716e-05,0.0,99,0.00010795637702692943,0.002384105407784009,0.012102831272872676,5.132107993164841e-05,0.00026052974383027977,0.0,0.0,0.00010264215986329682,0.0005210594876605595,0.03741434343434343,0.0023837863906468293,0.012101211793057799,0,3,144,112,128,1.0,0.0,75026,0.0,8,0.0,0,0.0,1008.4923433280746
5,x,4,1.0,normal,na,val,1890000,0.028073333333333332,54888,5.250567581628107e-05,3.1764182707578934e-05,99,4.148298621740427e-05,0.001941660706662722,0.009856775562515154,6.687284862937542e-05,0.0003394777768865367,6.22577981068547e-05,0.0003160496274400038,5.089586412703209e-05,0.0002583711500361348,0.028071515151515153,0.001941400948109976,0.009855456906919934,0,3,160,128,160,1.0,0.0,54888,1.0,7,0.0,0,0.0,1105.6571409313074
5,x,5,0.1,m1,na,val,900000,0.9131522222222223,821837,0.0,0.0,9,0.0,0.007266348674523746,0.011121962256924101,0.0,0.0,0.0,0.0,0.0,0.0,0.9131522222222223,0.007266348674523746,0.011121962256924101,2,1,80,80,64,1.0,0.0,821837,0.0,0,0.0,0,0.0,534.6196058909409
5,x,5,0.1,normal,na,val,900000,0.9011177777777779,811006,0.0,0.0,9,0.0,0.006957163175204359,0.010648719145720959,0.0,0.0,0.0,0.0,0.0,0.0,0.9011177777777779,0.006957163175204359,0.010648719145720959,2,1,96,96,96,1.0,0.0,811006,0.0,0,0.0,0,0.0,904.6873978241347
5,x,5,0.15,m1,na,val,900000,0.8692277777777778,782305,0.0,0.0,9,0.0,0.008336965834014854,0.012760661990839061,0.0,0.0,0.0,0.0,0.0,0.0,0.8692277777777778,0.008336965834014854,0.012760661990839061,2,1,80,80,64,1.0,0.0,782305,0.0,0,0.0,0,0.0,562.1175665531773
5,x,5,0.15,normal,na,val,900000,0.8467755555555556,762098,0.0,0.0,9,0.0,0.010449364657512837,0.015993925496193117,0.0,0.0,0.0,0.0,0.0,0.0,0.8467755555555556,0.010449364657512837,0.015993925496193117,2,1,96,96,96,1.0,0.0,762098,0.0,0,0.0,0,0.0,883.4782547710929
5,x,5,0.3,m1,na,val,900000,0.7428877777777778,668599,0.0,0.0,9,0.0,0.026163235988475173,0.04004576937011506,0.0,0.0,0.0,0.0,0.0,0.0,0.7428877777777778,0.026163235988475173,0.04004576937011506,2,1,80,80,64,1.0,0.0,668599,0.0,0,0.0,0,0.0,643.5781258267816
5,x,5,0.3,normal,na,val,900000,0.7302533333333333,657228,0.0,0.0,9,0.0,0.02625392259403028,0.04018457539902594,0.0,0.0,0.0,0.0,0.0,0.0,0.7302533333333333,0.02625392259403028,0.04018457539902594,2,1,96,96,96,1.0,0.0,657228,0.0,0,0.0,0,0.0,838.821406907402
5,x,5,0.5,m1,na,val,900000,0.6075644444444444,546808,0.0,0.0,9,0.0,0.023613011619093745,0.03614236472310267,0.0,0.0,0.0,0.0,0.0,0.0,0.6075644444444444,0.023613011619093745,0.03614236472310267,2,1,80,80,64,1.0,0.0,546808,0.0,0,0.0,0,0.0,692.8062522022519
5,x,5,0.5,normal,na,val,900000,0.5763433333333333,518709,0.0,0.0,9,0.0,0.029828479442304795,0.04565583588107877,0.0,0.0,0.0,0.0,0.0,0.0,0.5763433333333333,0.029828479442304795,0.04565583588107877,2,1,96,96,96,1.0,0.0,518709,0.0,0,0.0,0,0.0,785.1474105506204
5,x,5,0.7,m1,na,val,900000,0.5080866666666667,457278,0.0,0.0,9,0.0,0.013164790685933625,0.020150189825408612,0.0,0.0,0.0,0.0,0.0,0.0,0.5080866666666667,0.013164790685933625,0.020150189825408612,2,1,80,80,64,1.0,0.0,457278,0.0,0,0.0,0,0.0,721.6396743357182
5,x,5,0.7,normal,na,val,900000,0.44834444444444443,403510,0.0,0.0,9,0.0,0.03114223415811737,0.04766668493589393,0.0,0.0,0.0,0.0,0.0,0.0,0.44834444444444443,0.03114223415811737,0.04766668493589393,2,1,96,96,96,1.0,0.0,403510,0.0,0,0.0,0,0.0,816.4656831524335
5,x,5,0.9,m1,na,val,900000,0.3884811111111111,349633,0.0,0.0,9,0.0,0.032877931775254214,0.0503233649621238,0.0,0.0,0.0,0.0,0.0,0.0,0.3884811111111111,0.032877931775254214,0.0503233649621238,2,1,80,80,64,1.0,0.0,349633,0.0,0,0.0,0,0.0,721.6352520885412
5,x,5,0.9,normal,na,val,900000,0.37263,335367,0.0,0.0,9,0.0,0.04499926601332267,0.06887642757141225,0.0,0.0,0.0,0.0,0.0,0.0,0.37263,0.04499926601332267,0.06887642757141225,2,1,96,96,96,1.0,0.0,335367,0.0,0,0.0,0,0.0,774.7302527476568
5,x,5,1.0,m1,na,val,1790000,0.356630612244898,670204,0.0,0.0,98,0.0,0.010457347097694015,0.05281757890000643,0.0,0.0,0.0,0.0,0.0,0.0,0.356630612244898,0.010457347097694015,0.05281757890000643,2,1,80,80,64,1.0,0.0,670204,0.0,0,0.0,0,0.0,1662.0076630978183
5,x,5,1.0,normal,na,val,1790000,0.2640777551020408,536619,0.0,0.0,98,0.0,0.014120762633240806,0.07132062152492988,0.0,0.0,0.0,0.0,0.0,0.0,0.2640777551020408,0.014120762633240806,0.07132062152492988,2,1,96,96,96,1.0,0.0,536619,0.0,0,0.0,0,0.0,1703.4187490083423
5,x,6,0.1,m1,na,val,900000,0.7104677777777778,639421,0.0,0.0,9,0.0,0.017839088640454002,0.027304727510898987,0.0,0.0,0.0,0.0,0.0,0.0,0.7104677777777778,0.017839088640454002,0.027304727510898987,0,3,144,112,128,1.0,0.0,639421,0.0,0,0.0,0,0.0,782.9587759538554
5,x,6,0.1,normal,na,val,900000,0.6914611111111112,622315,0.0,0.0,9,0.0,0.011613529474828735,0.017775810420656225,0.0,0.0,0.0,0.0,0.0,0.0,0.6914611111111112,0.011613529474828735,0.017775810420656225,0,3,160,128,160,1.0,0.0,622315,0.0,0,0.0,0,0.0,760.6843596347608
5,x,6,0.15,m1,na,val,900000,0.5946166666666667,535155,0.0,0.0,9,0.0,0.016526368535162227,0.025295462043615654,0.0,0.0,0.0,0.0,0.0,0.0,0.5946166666666667,0.016526368535162227,0.025295462043615654,0,3,144,112,128,1.0,0.0,535155,0.0,0,0.0,0,0.0,717.8089913988952
5,x,6,0.15,normal,na,val,900000,0.5651277777777778,508615,0.0,0.0,9,0.0,0.015140968206447097,0.023174951336398616,0.0,0.0,0.0,0.0,0.0,0.0,0.5651277777777778,0.015140968206447097,0.023174951336398616,0,3,160,128,160,1.0,0.0,508615,0.0,0,0.0,0,0.0,714.2738909178879
5,x,6,0.3,m1,na,val,900000,0.3703766666666667,333339,2.8741397733600914e-06,0.0,9,5.748279546720183e-06,0.02683666712681654,0.041076531316555934,3.727145233807705e-06,5.704814133379141e-06,0.0,0.0,7.45429046761541e-06,1.1409628266758282e-05,0.37037555555555557,0.02683634143681766,0.04107603281145561,0,3,144,112,128,1.0,0.0,333339,0.0,2,0.0,0,0.0,621.9557303166948
5,x,6,0.3,normal,na,val,900000,0.3311622222222222,298046,1.3821852902312672e-06,0.0,9,2.7643705804625344e-06,0.021716174906322147,0.03323904322396247,2.7090831688532836e-06,4.146555870693802e-06,0.0,0.0,5.418166337706567e-06,8.293111741387604e-06,0.3311616666666667,0.02171530542891606,0.03323771239119805,0,3,160,128,160,1.0,0.0,298046,0.0,1,0.0,0,0.0,635.2018411206082
5,x,6,0.5,m1,na,val,900000,0.1728477777777778,155563,1.2409447635542914e-05,0.0,9,2.4818895271085827e-05,0.017830501094403678,0.02729158330776073,9.744875960652338e-06,1.4915626470386231e-05,0.0,0.0,1.9489751921304676e-05,2.9831252940772463e-05,0.17284555555555556,0.017829973929784367,0.02729077642313934,0,3,144,112,128,1.0,0.0,155563,0.0,4,0.0,0,0.0,548.3387996344827
5,x,6,0.5,normal,na,val,900000,0.16709000000000002,150381,4.014129736673089e-06,0.0,9,8.028259473346179e-06,0.017611881230830764,0.026956961067598106,7.867694283879255e-06,1.2042389210019268e-05,0.0,0.0,1.573538856775851e-05,2.4084778420038536e-05,0.16708944444444446,0.017612315843847932,0.026957626291603975,0,3,160,128,160,1.0,0.0,150381,0.0,1,0.0,0,0.0,538.2945303628221
5,x,6,0.7,m1,na,val,900000,0.08921444444444444,80293,5.811422388930059e-05,0.0,9,0.00011622844777860118,0.012917986603316198,0.019772428474463567,4.106079289089302e-05,6.284815238401993e-05,0.0,0.0,8.212158578178604e-05,0.00012569630476803986,0.0892088888888889,0.012916035425454862,0.019769441977737032,0,3,144,112,128,1.0,0.0,80293,0.0,10,0.0,0,0.0,485.19750602031127
5,x,6,0.7,normal,na,val,900000,0.06956,62604,2.5010947675244142e-05,0.0,9,5.0021895350488284e-05,0.016557065438456576,0.025342447099678436,2.6042100770041538e-05,3.986035832149215e-05,0.0,0.0,5.2084201540083076e-05,7.97207166429843e-05,0.06955833333333333,0.016556956436193218,0.025342280259479415,0,3,160,128,160,1.0,0.0,62604,0.0,3,0.0,0,0.0,493.08110298076645
5,x,6,0.9,m1,na,val,900000,0.048558888888888894,43703,0.00010386305843329015,0.0,9,0.0002077261168665803,0.008911362753277068,0.013639840948893473,6.759506875442866e-05,0.00010346183993024794,0.0,0.0,0.0001351901375088573,0.0002069236798604959,0.04855388888888889,0.008910307418218548,0.01363822564013043,0,3,144,112,128,1.0,0.0,43703,0.0,9,0.0,0,0.0,460.8536088024266
5,x,6,0.9,normal,na,val,900000,0.036387777777777776,32749,0.000152407762673048,0.0,9,0.000304815525346096,0.007890898751640523,0.012077906252511005,9.542114412551143e-05,0.00014605277162068077,0.0,0.0,0.00019084228825102286,0.00029210554324136153,0.03638166666666667,0.007888659461249139,0.01207447876721807,0,3,160,128,160,1.0,0.0,32749,0.0,11,0.0,0,0.0,451.75955234165303
5,x,6,1.0,m1,na,val,1790000,0.03628295918367347,63622,0.0002810594837408817,0.0,98,0.0005621189674817634,0.0023602743664558265,0.011921185785583552,0.00017104048211267526,0.000863884891137779,0.0,0.0,0.00034208096422535053,0.001727769782275558,0.0362745918367347,0.0023605920796694073,0.011922790479639235,0,3,144,112,128,1.0,0.0,63622,0.0,29,0.0,0,0.0,976.3847715349002
5,x,6,1.0,normal,na,val,1790000,0.025449285714285712,46669,0.000379995097407912,4.049238743116294e-05,98,0.0006790054199534981,0.001588301645894292,0.008022134745582917,0.00022222475373721035,0.001122404502250657,7.936507936507938e-05,0.00040085418434611543,0.0004203518665671411,0.0021230975381003447,0.02544122448979592,0.0015886584995024062,0.008023937128484263,0,3,160,128,160,1.0,0.0,46669,1.0,21,0.0,0,0.0,964.450351871812
5,x,7,0.1,m1,na,val,900000,0.8160255555555556,734423,2.083309763614953e-06,0.0,9,4.166619527229906e-06,0.014912088281626146,0.022824624920856348,2.042613744134534e-06,3.1264496083691846e-06,0.0,0.0,4.085227488269068e-06,6.252899216738369e-06,0.8160238888888889,0.014912920890416704,0.022825899322066384,1,2,112,80,96,1.0,0.0,734423,0.0,3,0.0,0,0.0,853.5116653786972
5,x,7,0.1,normal,na,val,900000,0.8166888888888889,735020,0.0,0.0,9,0.0,0.012936064939043895,0.019800099396495758,0.0,0.0,0.0,0.0,0.0,0.0,0.8166888888888889,0.012936064939043895,0.019800099396495758,1,2,128,96,128,1.0,0.0,735020,0.0,0,0.0,0,0.0,858.0594451944344
5,x,7,0.15,m1,na,val,900000,0.7246333333333334,652170,2.4628994142155177e-06,1.6785930704320867e-06,9,1.568612687566862e-06,0.030777539657065218,0.04710847906693656,3.4529828707087007e-06,5.2851778633296446e-06,3.29004241804689e-06,5.03577921129626e-06,3.0744808676310494e-06,4.705838062700586e-06,0.7246316666666667,0.030778767965920918,0.04711035913151161,1,2,112,80,96,1.0,0.0,652170,1.0,1,0.0,0,0.0,813.6209031715989
5,x,7,0.15,normal,na,val,900000,0.7141922222222222,642773,0.0,0.0,9,0.0,0.012316951733723089,0.018852477143453707,0.0,0.0,0.0,0.0,0.0,0.0,0.7141922222222222,0.012316951733723089,0.018852477143453707,1,2,128,96,128,1.0,0.0,642773,0.0,0,0.0,0,0.0,812.8734187330119
5,x,7,0.3,m1,na,val,900000,0.5600555555555555,504050,2.9672992209671156e-06,0.0,9,5.934598441934231e-06,0.03671289082093811,0.05619320023612975,4.177165452252102e-06,6.393620590181787e-06,0.0,0.0,8.354330904504203e-06,1.2787241180363575e-05,0.5600538888888889,0.03671283288189332,0.05619311155391835,1,2,112,80,96,1.0,0.0,504050,0.0,3,0.0,0,0.0,774.175220112782
5,x,7,0.3,normal,na,val,900000,0.531868888888889,478682,5.2291926174495895e-06,0.0,9,1.0458385234899179e-05,0.01364815266296524,0.020890029586171286,4.517114951444627e-06,6.913951456292797e-06,0.0,0.0,9.034229902889254e-06,1.3827902912585593e-05,0.531866111111111,0.013648140837143136,0.020890011485423167,1,2,128,96,128,1.0,0.0,478682,0.0,5,0.0,0,0.0,749.7514243682381
5,x,7,0.5,m1,na,val,900000,0.4192166666666666,377295,1.743879118322124e-05,5.365709949263545e-06,9,2.4146162467915395e-05,0.045380960006152354,0.06946065307064136,1.1079209743964181e-05,1.695797409790436e-05,6.990803633702689e-06,1.0700209643422484e-05,1.5803500579604746e-05,2.4189031499395016e-05,0.41920944444444447,0.04538114666526804,0.06946093877336945,1,2,112,80,96,1.0,0.0,377295,2.0,9,0.0,0,0.0,725.395087312907
5,x,7,0.5,normal,na,val,900000,0.36112666666666665,325014,1.0104154651907395e-05,0.0,9,2.020830930381479e-05,0.03756588507302869,0.05749880368320718,7.516529394278786e-06,1.150489193001855e-05,0.0,0.0,1.5033058788557572e-05,2.30097838600371e-05,0.3611233333333333,0.037567089697618156,0.05750064749635432,1,2,128,96,128,1.0,0.0,325014,0.0,6,0.0,0,0.0,734.9897587930318
5,x,7,0.7,m1,na,val,900000,0.2700477777777778,243043,6.026637646158449e-05,6.520413785458826e-06,9,0.00010749192535225132,0.03456610468044893,0.052907303082319786,4.22982143307324e-05,6.474216479193735e-05,1.2780011019499296e-05,1.9561241356376475e-05,7.75375159370005e-05,0.00011867987133214365,0.27003222222222223,0.034565502100067244,0.052906380765409045,1,2,112,80,96,1.0,0.0,243043,2.0,24,0.0,0,0.0,661.6983300079592
5,x,7,0.7,normal,na,val,900000,0.22501000000000002,202509,6.306778400983414e-05,8.75580071797566e-06,9,0.00010862396658371696,0.032941756501437505,0.050421055869547204,2.998157266505817e-05,4.5890162242435974e-05,1.7161369407232292e-05,2.626740215392698e-05,5.984754251421217e-05,9.160338139930433e-05,0.22499666666666668,0.03294134651391773,0.050420428337629185,1,2,128,96,128,1.0,0.0,202509,2.0,20,0.0,0,0.0,707.2402230850421
5,x,7,0.9,m1,na,val,900000,0.18645666666666666,167811,0.00011657543505993837,4.344350606471345e-06,9,0.00022446216890693405,0.025538195588481884,0.039089074880329415,4.538676568326196e-05,6.946953931111525e-05,8.514927188683835e-06,1.3033051819414035e-05,9.229192689764284e-05,0.00014126315341475944,0.1864361111111111,0.025538315081427586,0.039089257777695285,1,2,112,80,96,1.0,0.0,167811,1.0,35,0.0,0,0.0,653.0569186280482
5,x,7,0.9,normal,na,val,900000,0.15831555555555557,142484,0.00016562207723050588,1.458438158575981e-05,9,0.00030207539128949214,0.03711300471699181,0.05680561946478339,0.00010365476312001882,0.0001586552496734982,2.8585387908089227e-05,4.375314475727943e-05,0.0001974293188316109,0.0003021877329055269,0.1582933333333333,0.03711411925931214,0.05680732539690634,1,2,128,96,128,1.0,0.0,142484,2.0,36,0.0,0,0.0,683.930481875781
5,x,7,1.0,m1,na,val,1790000,0.14459418367346938,264168,0.00029760937950104675,3.5687273421432135e-05,98,0.0005238442121592293,0.00787420406275172,0.03977073635156003,8.191805969923808e-05,0.00041374868224982626,3.6169684179153956e-05,0.00018268449254611104,0.000147263683912134,0.0007437939251198731,0.14455545918367346,0.007875151090895528,0.039775519566006175,1,2,112,80,96,1.0,0.0,264168,11.0,116,0.0,0,0.0,1384.5023427871201
5,x,7,1.0,normal,na,val,1790000,0.1218,234753,0.00026242328842390695,5.002842246918804e-05,98,0.0004247897319094378,0.00783087289342572,0.03955188089679462,9.127941581677212e-05,0.00046103067076275835,5.793602704463976e-05,0.00029262112570194274,0.000129959600073466,0.0006563951035159968,0.12177270408163265,0.007831650671612272,0.03955580926986583,1,2,128,96,128,1.0,0.0,234753,7.0,80,0.0,0,0.0,1435.1118604760195
5,x,8,0.1,m1,na,val,112000000,0.6955789728260869,76244703,0.00027992260113134804,5.544291726608857e-06,184,0.0005487566188094783,0.006241266260896815,0.04319421152443735,3.775003243373833e-05,0.0002612583437135661,1.1527322992192845e-06,7.977766158685592e-06,7.432430481798376e-05,0.0005143795520836257,0.6953907038043479,0.006253206326085548,0.043276845669467975,0,3,144,80,128,1.0,0.0,76244703,463.0,48575,0.0,0,0.0,85534.94502498733
5,x,8,0.1,normal,na,val,113000000,0.6696454540540541,74236863,0.0002655342440003996,5.877930598274036e-06,185,0.0005193126268042512,0.006621629399581739,0.045950967856217655,2.927553847947934e-05,0.00020315835370203467,1.0376594624106703e-06,7.200864579637249e-06,5.77569021378669e-05,0.000400805510767406,0.6694737756756757,0.006631143365160753,0.046016990265525866,0,3,160,96,160,1.0,0.0,74236863,498.0,42959,0.0,0,0.0,83060.43313460611
5,x,8,0.15,m1,na,val,111000000,0.5844190054644809,63336757,0.00061461229184803,1.3892526601749183e-05,183,0.0012014395304925617,0.006943564253146084,0.047923875600319694,6.355683733721392e-05,0.00043866375467301543,2.0535183909736927e-06,1.4173205046299069e-05,0.0001256870185267145,0.0008674808528948479,0.5840729071038251,0.006959519803128216,0.04803399941636012,0,3,144,80,128,1.0,0.0,63336757,947.0,88022,0.0,0,0.0,79002.18648300541
5,x,8,0.15,normal,na,val,113000000,0.5498149567567567,59693471,0.0005367327494421674,1.680172534709645e-05,185,0.0010398620481901419,0.00815955490677862,0.056623441545386226,4.120868649917857e-05,0.0002859687418991336,2.1486008791746755e-06,1.491027116996806e-05,8.100612259841933e-05,0.0005621440752803104,0.5495302540540541,0.008167303158588568,0.05667721073849197,0,3,160,96,160,1.0,0.0,59693471,1069.0,68714,0.0,0,0.0,77513.72456034238
5,x,8,0.3,m1,na,val,112000000,0.3385501467391304,35904417,0.0024536347515629296,8.819433467030628e-05,184,0.004730880833785247,0.008305537148783458,0.0574805037042396,0.00025265657200082553,0.0017485716772600484,1.0943534580779098e-05,7.573741092712887e-05,0.0004895409214796859,0.0033879878262433123,0.33777247010869565,0.008319127485839815,0.057574558959849906,0,3,144,80,128,1.0,0.0,35904417,3518.0,183515,0.0,0,0.0,67821.5571042631
5,x,8,0.3,normal,na,val,112000000,0.3003902663043478,31167307,0.0025878668145954556,0.00014344865260070727,184,0.004888836323989496,0.009636141626657983,0.06668927783277953,0.0002896939889973345,0.0020048981913344728,2.025315146421969e-05,0.00014016689431485167,0.0005466855710433424,0.0037834713671726734,0.2996990923913043,0.009652313144793444,0.06680119678412931,0,3,160,96,160,1.0,0.0,31167307,4687.0,161206,0.0,0,0.0,66242.59828129329
5,x,8,0.5,m1,na,val,111000000,0.16468852459016395,16790388,0.0069157763616711325,0.00038977293083168455,183,0.013052006861678895,0.005916613146967261,0.04083594852629205,0.0007398080765143221,0.005106090897181512,4.06866781552439e-05,0.000280815908287834,0.0014156405920298881,0.00977062804545433,0.16366089617486337,0.005924241288031657,0.04088859729140806,0,3,144,80,128,1.0,0.0,16790388,6787.0,234810,0.0,0,0.0,56356.75816642947
5,x,8,0.5,normal,na,val,114000000,0.14209424193548387,14540583,0.007705764641912127,0.0007447845623436429,186,0.013921960159136968,0.006258942453771271,0.04355132368138321,0.0008645272431322238,0.00601560184889364,9.92766992152479e-05,0.0006907926847829408,0.0015637561909859863,0.010881015848190508,0.14116791666666667,0.0062623160949784665,0.04357479834044656,0,3,160,96,160,1.0,0.0,14540583,10364.0,202410,0.0,0,0.0,56153.07828951406
5,x,8,0.7,m1,na,val,113000000,0.08514909189189189,8419877,0.013675540355700072,0.0010563731214365034,185,0.02523833446852714,0.004448606032161543,0.03087121619970808,0.0014498329673456514,0.01006115323874708,0.00012841763169742638,0.0008911574644562218,0.002695515779915682,0.018705601217527637,0.08416017297297297,0.004430806729881766,0.030747697482853758,0,3,144,80,128,1.0,0.0,8419877,8625.0,209105,0.0,0,0.0,51095.154693393386
5,x,8,0.7,normal,na,val,113000000,0.06756843243243243,6809055,0.016152684621441805,0.002128705706590127,185,0.02804795782970336,0.003720193510667594,0.025816378735782783,0.0017646795462467133,0.012246039186552713,0.0002989259300122804,0.0020744041945705855,0.00307179256486447,0.021316783663243317,0.06669477837837838,0.0037093816976713394,0.025741349880877416,0,3,160,96,160,1.0,0.0,6809055,12436.0,178581,0.0,0,0.0,51588.37081766722
5,x,8,0.9,m1,na,val,113000000,0.04155475675675675,4165795,0.024222648568351532,0.002299876677821923,185,0.04384554378105923,0.0027197390920614987,0.018873699516392548,0.0025384356397429504,0.017615539536880987,0.0002866101986584951,0.0019889388594675145,0.004595580208671073,0.03189114728508565,0.04071767567567568,0.0026854575420745823,0.018635801816830923,0,3,144,80,128,1.0,0.0,4165795,8625.0,172986,0.0,0,0.0,46344.15532595571
5,x,8,0.9,normal,na,val,113000000,0.033323659459459455,3257904,0.02789991875911146,0.005272817335744133,185,0.04525420284673466,0.002188820878809733,0.015189378893895397,0.003176112146302958,0.02204071208692659,0.000795601617398809,0.0055210979264041435,0.005006276380082355,0.034741183950137235,0.03260425405405405,0.002165523936446504,0.015027709162009087,0,3,160,96,160,1.0,0.0,3257904,13897.0,130143,0.0,0,0.0,47077.15676904819
5,x,8,1.0,m1,na,val,113890000,0.0327348503649635,3028467,0.026868727537914004,0.002773844515499985,274,0.04818976604482803,0.0017158098656156276,0.014490666810694153,0.001978041781418261,0.01670531506233045,0.0003395308985566866,0.002867467556584569,0.0036042845838846495,0.030439553963780508,0.031992374087591244,0.0016903143569225389,0.014275347544239099,0,3,144,80,128,1.0,0.0,3028467,8090.0,143152,0.0,0,0.0,46229.468083802916
5,x,8,1.0,normal,na,val,115890000,0.02414216304347826,2309928,0.033077896363821205,0.0066417349831605745,276,0.052872322761321255,0.0013701987577741058,0.011614005814558256,0.0026930228759408942,0.0228264572292601,0.0008070433761647527,0.006840618129449085,0.004236065250398531,0.035905510912080066,0.023495266304347825,0.0013460006896855565,0.01140889943719003,0,3,160,96,160,1.0,0.0,2309928,13348.0,116632,0.0,0,0.0,46283.687005239975
5,x,9,0.1,m1,na,val,900000,0.9484144444444446,853573,0.0,0.0,9,0.0,0.007457795786893905,0.011414993551368222,0.0,0.0,0.0,0.0,0.0,0.0,0.9484144444444446,0.007457795786893905,0.011414993551368222,3,0,48,48,32,1.0,0.0,853573,0.0,0,0.0,0,0.0,533.0537911467254
5,x,9,0.1,normal,na,val,900000,0.9356866666666667,842118,0.0,0.0,9,0.0,0.010732504450603418,0.016427302730515434,0.0,0.0,0.0,0.0,0.0,0.0,0.9356866666666667,0.010732504450603418,0.016427302730515434,3,0,64,64,64,1.0,0.0,842118,0.0,0,0.0,0,0.0,884.3193251339253
5,x,9,0.15,m1,na,val,900000,0.9227688888888887,830492,0.0,0.0,9,0.0,0.013586016179899603,0.020794922724336126,0.0,0.0,0.0,0.0,0.0,0.0,0.9227688888888887,0.013586016179899603,0.020794922724336126,3,0,48,48,32,1.0,0.0,830492,0.0,0,0.0,0,0.0,553.6414014678448
5,x,9,0.15,normal,na,val,900000,0.8955377777777778,805984,0.0,0.0,9,0.0,0.022261479089069693,0.03407369248326994,0.0,0.0,0.0,0.0,0.0,0.0,0.8955377777777778,0.022261479089069693,0.03407369248326994,3,0,64,64,64,1.0,0.0,805984,0.0,0,0.0,0,0.0,886.0472591556609
5,x,9,0.3,m1,na,val,900000,0.8571344444444445,771421,0.0,0.0,9,0.0,0.01985878890743651,0.03039610547056609,0.0,0.0,0.0,0.0,0.0,0.0,0.8571344444444445,0.01985878890743651,0.03039610547056609,3,0,48,48,32,1.0,0.0,771421,0.0,0,0.0,0,0.0,629.608599161962
5,x,9,0.3,normal,na,val,900000,0.82599,743391,0.0,0.0,9,0.0,0.02229936278681025,0.03413167773491365,0.0,0.0,0.0,0.0,0.0,0.0,0.82599,0.02229936278681025,0.03413167773491365,3,0,64,64,64,1.0,0.0,743391,0.0,0,0.0,0,0.0,870.3186227451079
5,x,9,0.5,m1,na,val,900000,0.7927133333333334,713442,0.0,0.0,9,0.0,0.015156913729824199,0.023199357749730917,0.0,0.0,0.0,0.0,0.0,0.0,0.7927133333333334,0.015156913729824199,0.023199357749730917,3,0,48,48,32,1.0,0.0,713442,0.0,0,0.0,0,0.0,681.5879047540948
5,x,9,0.5,normal,na,val,900000,0.7315677777777778,658411,0.0,0.0,9,0.0,0.03804990193127642,0.0582396458131782,0.0,0.0,0.0,0.0,0.0,0.0,0.7315677777777778,0.03804990193127642,0.0582396458131782,3,0,64,64,64,1.0,0.0,658411,0.0,0,0.0,0,0.0,852.6360449842177
5,x,9,0.7,m1,na,val,900000,0.6844411111111112,615997,0.0,0.0,9,0.0,0.046568262636936725,0.07127795301571949,0.0,0.0,0.0,0.0,0.0,0.0,0.6844411111111112,0.046568262636936725,0.07127795301571949,3,0,48,48,32,1.0,0.0,615997,0.0,0,0.0,0,0.0,740.9546952827368
5,x,9,0.7,normal,na,val,900000,0.5904722222222222,531425,0.0,0.0,9,0.0,0.05832274105825824,0.08926950161978303,0.0,0.0,0.0,0.0,0.0,0.0,0.5904722222222222,0.05832274105825824,0.08926950161978303,3,0,64,64,64,1.0,0.0,531425,0.0,0,0.0,0,0.0,842.9432927984744
5,x,9,0.9,m1,na,val,900000,0.6266033333333333,563943,0.0,0.0,9,0.0,0.05350608433892771,0.08189706786570568,0.0,0.0,0.0,0.0,0.0,0.0,0.6266033333333333,0.05350608433892771,0.08189706786570568,3,0,48,48,32,1.0,0.0,563943,0.0,0,0.0,0,0.0,745.0168253136799
5,x,9,0.9,normal,na,val,900000,0.5549922222222222,499493,0.0,0.0,9,0.0,0.0281193857926002,0.043039876213163575,0.0,0.0,0.0,0.0,0.0,0.0,0.5549922222222222,0.0281193857926002,0.043039876213163575,3,0,64,64,64,1.0,0.0,499493,0.0,0,0.0,0,0.0,884.4911115076393
5,x,9,1.0,m1,na,val,1790000,0.5200648979591836,983627,0.0,0.0,98,0.0,0.01693846885121276,0.08555218705435466,0.0,0.0,0.0,0.0,0.0,0.0,0.5200648979591836,0.01693846885121276,0.08555218705435466,3,0,48,48,32,1.0,0.0,983627,0.0,0,0.0,0,0.0,1771.743743981242
5,x,9,1.0,normal,na,val,1790000,0.43761285714285714,866149,0.0,0.0,98,0.0,0.01829490208467471,0.09240320946583852,0.0,0.0,0.0,0.0,0.0,0.0,0.43761285714285714,0.01829490208467471,0.09240320946583852,3,0,64,64,64,1.0,0.0,866149,0.0,0,0.0,0,0.0,1904.3844830063317
5,x,10,0.1,m1,na,val,900000,0.7018488888888889,631664,7.934807620589238e-07,0.0,9,1.5869615241178477e-06,0.01597165853171883,0.024446416119977797,1.5552222936354907e-06,2.3804422861767715e-06,0.0,0.0,3.1104445872709815e-06,4.760884572353543e-06,0.7018483333333333,0.015971686945689564,0.024446459610749333,0,3,144,112,128,1.0,0.0,631664,0.0,1,0.0,0,0.0,764.5555083951913
5,x,10,0.1,normal,na,val,900000,0.6862144444444445,617593,8.26485897671128e-07,0.0,9,1.652971795342256e-06,0.009561920655455929,0.014635592839983565,1.619912359435411e-06,2.4794576930133843e-06,0.0,0.0,3.239824718870822e-06,4.9589153860267686e-06,0.6862138888888889,0.00956231199172881,0.014636191824074711,0,3,160,128,160,1.0,0.0,617593,0.0,1,0.0,0,0.0,784.3131059629377
5,x,10,0.15,m1,na,val,900000,0.5974833333333334,537735,1.9908781776044226e-06,0.0,9,3.981756355208845e-06,0.018003687374164946,0.027556664348211652,2.5839291847365836e-06,3.954993650107016e-06,0.0,0.0,5.167858369473167e-06,7.909987300214031e-06,0.5974822222222222,0.01800482536515566,0.027558406171156624,0,3,144,112,128,1.0,0.0,537735,0.0,2,0.0,0,0.0,730.6742458222434
5,x,10,0.15,normal,na,val,900000,0.5682133333333333,511392,3.006388534914655e-06,0.0,9,6.01277706982931e-06,0.019548049406981176,0.02992048378619568,2.953144395899318e-06,4.520118973315283e-06,0.0,0.0,5.906288791798636e-06,9.040237946630566e-06,0.5682116666666667,0.01954854363711585,0.02992124026089161,0,3,160,128,160,1.0,0.0,511392,0.0,3,0.0,0,0.0,722.4759287177585
5,x,10,0.3,m1,na,val,900000,0.3512411111111111,316117,2.2895005695094116e-05,2.8810639192841134e-06,9,4.0027883551620005e-05,0.02195465046885016,0.03360405684007678,1.4433140671005408e-05,2.2091541843375624e-05,5.646885281796861e-06,8.643191757852339e-06,2.5302951085997823e-05,3.8729006764282386e-05,0.3512327777777778,0.021951899259992615,0.033599845806111146,0,3,144,112,128,1.0,0.0,316117,1.0,13,0.0,0,0.0,623.8864028120879
5,x,10,0.3,normal,na,val,900000,0.3528488888888889,317564,2.9214019806081788e-05,7.691213173509924e-06,9,4.304561326514374e-05,0.02228569115445167,0.03411075176701786,1.6397703323853027e-05,2.509852549569341e-05,1.5074777820079451e-05,2.3073639520529775e-05,1.7063349689839364e-05,2.6117371974243925e-05,0.35283888888888887,0.022286873061050594,0.0341125608077305,0,3,160,128,160,1.0,0.0,317564,2.0,14,0.0,0,0.0,618.6625052522868
5,x,10,0.5,m1,na,val,900000,0.18508444444444444,166576,9.292937531839707e-05,0.0,9,0.00018585875063679413,0.01647247401263059,0.025212970427495797,5.385398043580115e-05,8.242956189153237e-05,0.0,0.0,0.0001077079608716023,0.00016485912378306475,0.18506777777777778,0.016473832397093605,0.025215049587388173,0,3,144,112,128,1.0,0.0,166576,0.0,30,0.0,0,0.0,553.6891279523261
5,x,10,0.5,normal,na,val,900000,0.1704811111111111,153433,2.569365408091668e-05,0.0,9,5.138730816183336e-05,0.01708873809854004,0.026156231783479655,2.9844587586524112e-05,4.5680491203863435e-05,0.0,0.0,5.9689175173048224e-05,9.136098240772687e-05,0.17047666666666667,0.017088323239991814,0.02615559679590584,0,3,160,128,160,1.0,0.0,153433,0.0,8,0.0,0,0.0,555.2675436127465
5,x,10,0.7,m1,na,val,900000,0.09409666666666666,84687,0.0003140675644623121,2.0436106512987143e-05,9,0.00058726291589865,0.007945149167469003,0.012160942603268882,0.00016975925274332834,0.0002598355909336658,4.0054768765454805e-05,6.130831953896144e-05,0.00029151201966527175,0.0004461918668345997,0.09406666666666667,0.007939939262432118,0.012152968258824672,0,3,144,112,128,1.0,0.0,84687,2.0,50,0.0,0,0.0,488.5221395462286
5,x,10,0.7,normal,na,val,900000,0.07847555555555556,70628,0.00016172754361706894,2.9301453352086262e-05,9,0.0002648521805299653,0.008272338553080993,0.012661742683287234,6.783023726958459e-05,0.00010382179173916008,5.743084857008908e-05,8.790436005625879e-05,7.26268957935911e-05,0.00011116361601059862,0.07846277777777778,0.008270621202907027,0.012659114086082184,0,3,160,128,160,1.0,0.0,70628,2.0,19,0.0,0,0.0,483.59985381015576
5,x,10,0.9,m1,na,val,900000,0.046086666666666665,41478,0.0005510465153440953,6.39531440092364e-05,9,0.0009741867426697178,0.007458731435483293,0.011416425666556061,0.00023115106068118701,0.00035380264389977607,8.720915723505137e-05,0.00013348340393120106,0.0003540530252305675,0.0005419178957610727,0.046060555555555556,0.0074531925202940994,0.01140794773514403,0,3,144,112,128,1.0,0.0,41478,3.0,41,0.0,0,0.0,450.549390102271
5,x,10,0.9,normal,na,val,900000,0.03235888888888889,29123,0.00061878081885664,4.692192192192192e-05,9,0.0011437177938694362,0.007393244999205127,0.01131619132531397,0.0003672010970841476,0.0005620424955369605,9.196696696696697e-05,0.00014076576576576576,0.000716549948214595,0.0010967601248182577,0.03234,0.007389595505919868,0.01131060536620388,0,3,160,128,160,1.0,0.0,29123,2.0,30,0.0,0,0.0,481.3320305068046
5,x,10,1.0,m1,na,val,1790000,0.03837928571428571,64384,0.000759049823164458,0.0001812553367358795,98,0.001155588972857157,0.002248607287179947,0.011357181864217337,0.0002885019520495802,0.0014571549048558168,0.00018611549757250828,0.0009400252172673502,0.0003865484530003927,0.0019523645169553364,0.03834994897959183,0.0022468441295228144,0.01134827657324834,0,3,144,112,128,1.0,0.0,64384,6.0,95,0.0,0,0.0,953.4832684934117
5,x,10,1.0,normal,na,val,1790000,0.027107857142857142,47857,0.0008476130865984213,0.0,98,0.0016952261731968427,0.001844850054421489,0.009317899883955757,0.00025543460580565035,0.001290139585106343,0.0,0.0,0.0005108692116113007,0.002580279170212686,0.027087755102040815,0.0018449228292189337,0.009318267452189848,0,3,160,128,160,1.0,0.0,47857,0.0,61,0.0,0,0.0,998.7559222659111
5,x,11,0.1,m1,na,val,900000,0.8214011111111111,739261,0.0,0.0,9,0.0,0.017472058363011887,0.026742946473997786,0.0,0.0,0.0,0.0,0.0,0.0,0.8214011111111111,0.017472058363011887,0.026742946473997786,1,2,112,80,96,1.0,0.0,739261,0.0,0,0.0,0,0.0,871.0918994992971
5,x,11,0.1,normal,na,val,900000,0.8094377777777777,728494,3.5411868358504087e-06,2.832949468680327e-06,9,1.4164747343401635e-06,0.01364618311510087,0.02088701497209317,6.940726198266801e-06,1.0623560507551226e-05,5.5525809586134405e-06,8.498848406040981e-06,2.7762904793067202e-06,4.249424203020491e-06,0.809435,0.013648629422929052,0.020890759320809773,1,2,128,96,128,1.0,0.0,728494,2.0,1,0.0,0,0.0,843.6548668153118
5,x,11,0.15,m1,na,val,900000,0.7424833333333333,668235,2.9810775819478845e-06,0.0,9,5.962155163895769e-06,0.020227454547278603,0.030960389613181538,2.3096970382355223e-06,3.5352505687278403e-06,0.0,0.0,4.619394076471045e-06,7.0705011374556805e-06,0.7424811111111111,0.02022729692471274,0.030960148354152155,1,2,112,80,96,1.0,0.0,668235,0.0,4,0.0,0,0.0,810.52984066098
5,x,11,0.15,normal,na,val,900000,0.7467044444444445,672034,0.0,0.0,9,0.0,0.015976292217571464,0.02445350849628285,0.0,0.0,0.0,0.0,0.0,0.0,0.7467044444444445,0.015976292217571464,0.02445350849628285,1,2,128,96,128,1.0,0.0,672034,0.0,0,0.0,0,0.0,816.7338945225347
5,x,11,0.3,m1,na,val,900000,0.5596533333333333,503688,2.3669301696066587e-05,3.7580069034586815e-06,9,3.982258958521581e-05,0.014695391462783272,0.022492946116505007,1.590425027902929e-05,2.434324022300402e-05,7.365693530779015e-06,1.1274020710376044e-05,3.0986307798695085e-05,4.742802214085983e-05,0.55964,0.01469354147009267,0.022490114495039803,1,2,112,80,96,1.0,0.0,503688,2.0,20,0.0,0,0.0,771.6506124895532
5,x,11,0.3,normal,na,val,900000,0.5163577777777778,464722,8.792569982095073e-06,0.0,9,1.7585139964190145e-05,0.022629677138212845,0.03463726092583599,5.033958602045735e-06,7.705038676600615e-06,0.0,0.0,1.006791720409147e-05,1.541007735320123e-05,0.5163533333333334,0.022630622046883497,0.0346387072146176,1,2,128,96,128,1.0,0.0,464722,0.0,8,0.0,0,0.0,766.5572171341628
5,x,11,0.5,m1,na,val,900000,0.37148,334332,5.607279798064097e-05,0.0,9,0.00011214559596128194,0.03962244214695618,0.06064659512289211,2.9792645608760136e-05,4.560098817667368e-05,0.0,0.0,5.958529121752027e-05,9.120197635334736e-05,0.37146111111111113,0.039628771055025214,0.06065628222707941,1,2,112,80,96,1.0,0.0,334332,0.0,34,0.0,0,0.0,701.5871075671166
5,x,11,0.5,normal,na,val,900000,0.36024,324216,0.00011583561577931663,7.004640574380526e-06,9,0.0002176619504098722,0.039400804361558135,0.0603073536146298,5.7413667436578364e-05,8.787806240292608e-05,1.372909552578583e-05,2.1013921723141578e-05,9.923015863559766e-05,0.00015188289587081275,0.36020166666666664,0.039410430349140366,0.0603220872690924,1,2,128,96,128,1.0,0.0,324216,2.0,65,0.0,0,0.0,692.4005950756837
5,x,11,0.7,m1,na,val,900000,0.2230288888888889,200726,0.0002327912224848848,1.5558756354750114e-05,9,0.00043446493226026944,0.025612370869224823,0.0392026084733033,8.610997414606862e-05,0.0001318009808358193,2.0250101980872688e-05,3.0995054052356155e-05,0.00014371628699564313,0.00021997390866680073,0.22297999999999998,0.02561695657135892,0.0392096274051412,1,2,112,80,96,1.0,0.0,200726,3.0,82,0.0,0,0.0,638.4617029379588
5,x,11,0.7,normal,na,val,900000,0.20992444444444447,188932,0.0002949192840132473,1.4522495729862412e-05,9,0.0005607935765667699,0.02857595514847931,0.04373870685991731,6.808916595848844e-05,0.0001042181111609517,2.058280134196972e-05,3.1504287768321e-05,0.00012766466831022846,0.00019540510455647215,0.209865,0.02857665805386938,0.043739782735514356,1,2,128,96,128,1.0,0.0,188932,3.0,101,0.0,0,0.0,664.7610593158752
5,x,11,0.9,m1,na,val,900000,0.17436444444444443,156928,0.0006019057675866628,4.594817257112936e-05,9,0.0011119151900310666,0.025502267075674125,0.03903408225868489,0.00016531146214703168,0.0002530277481842322,4.008116926559362e-05,6.134872846774534e-05,0.0002621931523837264,0.0004013160495669282,0.17426277777777777,0.02549583308012808,0.03902423430631849,1,2,112,80,96,1.0,0.0,156928,7.0,169,0.0,0,0.0,632.9953509639017
5,x,11,0.9,normal,na,val,900000,0.13929000000000002,125361,0.0006536884602972858,1.8636208632024907e-05,9,0.0012701045033305218,0.032656149246896145,0.049983901908514504,0.00023886153374108102,0.00036560438837920565,2.6603170670438532e-05,4.071913878128347e-05,0.00045523392744978996,0.0006967866236476377,0.13921277777777777,0.032665996140155314,0.049998973683911194,1,2,128,96,128,1.0,0.0,125361,2.0,135,0.0,0,0.0,676.4276604086626
5,x,11,1.0,m1,na,val,1790000,0.14220795918367346,244932,0.0007378595880790322,5.2808613201922656e-05,98,0.0013701019497542192,0.008038658860908444,0.040601358515669206,0.00011761009234913868,0.0005940206702575146,4.612896392254877e-05,0.00023298645141959883,0.00020188043465999662,0.0010196501738355096,0.1421058163265306,0.008035120605257332,0.04058348762592297,1,2,112,80,96,1.0,0.0,244932,9.0,328,0.0,0,0.0,1398.940225426235
5,x,11,1.0,normal,na,val,1790000,0.11668622448979592,201927,0.0008082211328317482,6.233267819574983e-05,98,0.0014917769092719969,0.007671860686226383,0.03874874796820826,0.00016782832589218053,0.0008476610522396192,5.451323783954168e-05,0.00027533342957696444,0.0003131202543955988,0.0015814961086427482,0.11660030612244898,0.007671918381820781,0.03874903937496571,1,2,128,96,128,1.0,0.0,201927,17.0,282,0.0,0,0.0,1361.6642224618554
5,x,12,0.1,m1,na,val,8000000,0.7117861249999999,5694289,0.0007776529593341362,1.4155700294368788e-05,80,0.0015269945180795348,0.004862170547438605,0.02218804869851038,6.052163070496537e-05,0.0002761846538070227,3.9749777605871555e-06,1.8139429554536255e-05,0.000119248023543185,0.0005441769118878715,0.7112329374999999,0.00486107011429165,0.022183026977446535,0,3,144,80,128,1.0,0.0,5694289,81.0,8689,0.0,0,0.0,18990.174952719593
5,x,12,0.1,normal,na,val,8000000,0.68766875,5501350,0.0007894553938652502,1.2090477179124794e-05,80,0.0015547298333722507,0.006514215712523258,0.029726998272039253,5.956536562978381e-05,0.0002718208299037269,3.6200668215014673e-06,1.6519827542793632e-05,0.00011575077499127026,0.0005282175537321693,0.68712575,0.006508622858627581,0.029701475820000562,0,3,160,96,160,1.0,0.0,5501350,66.0,8556,0.0,0,0.0,18212.06238878891
5,x,12,0.15,m1,na,val,8000000,0.5939235,4751388,0.0014690746447702187,4.156923791480116e-05,80,0.0028550108137108355,0.005574586488078584,0.025439090477133747,0.00011745364682569216,0.0005359884459336736,7.13545522899837e-06,3.2561965188666704e-05,0.00022920534484989892,0.001045956595695215,0.5930535625,0.005580031600679759,0.025463938725952866,0,3,144,80,128,1.0,0.0,4751388,197.0,13525,0.0,0,0.0,17671.99536908162
5,x,12,0.15,normal,na,val,8000000,0.567036375,4536291,0.0013895306246105713,4.745505374675031e-05,80,0.002684151141727642,0.006530665223557977,0.02980206403708061,9.300540652664281e-05,0.00042442124748688967,8.800745971857564e-06,4.016135968526727e-05,0.00017487434703396357,0.000798022300997615,0.566248125,0.006520589643843351,0.02975608509594873,0,3,160,96,160,1.0,0.0,4536291,214.0,12184,0.0,0,0.0,16916.17668421357
5,x,12,0.3,m1,na,val,8000000,0.3574925,2859940,0.00409343637993129,0.00019224191725455064,80,0.007802388925353479,0.0065173036138470065,0.029741089613401935,0.0002544055630990602,0.0011609553733543075,2.828356517663339e-05,0.00012906933547142472,0.00046827776488973625,0.002136940642132887,0.35603525,0.006505751026534286,0.02968837048983613,0,3,144,80,128,1.0,0.0,2859940,543.0,22230,0.0,0,0.0,15473.673477067845
5,x,12,0.3,normal,na,val,8000000,0.31951525,2556122,0.004311691616020902,0.0001965929764803199,80,0.008230197279081166,0.008331651081459703,0.03802069016929292,0.00026132352973021737,0.001192524850197864,2.275196230758796e-05,0.00010382639661485645,0.0004946853135682454,0.0022574489563457058,0.3181395625,0.008300885348520417,0.037880293699436095,0,3,160,96,160,1.0,0.0,2556122,500.0,21011,0.0,0,0.0,14391.150990939233
5,x,12,0.5,m1,na,val,8000000,0.18461675,1476934,0.01015199423016591,0.0006094917940069493,80,0.019085004872317922,0.006090058159094474,0.027791395980943823,0.0006005955031571308,0.002740759942938845,7.059063446510674e-05,0.0003221335862016698,0.0011070446600302461,0.0050518920692975,0.182759125,0.006053591310034169,0.02762498301477226,0,3,144,80,128,1.0,0.0,1476934,884.0,27954,0.0,0,0.0,13109.02349092206
5,x,12,0.5,normal,na,val,8000000,0.152143375,1217147,0.010592474261188856,0.0007580079393807759,80,0.01966893264361616,0.006523199386625249,0.029767994406691815,0.0005754140182727734,0.0026258466531923013,8.713205051224032e-05,0.00039761875094758116,0.0010642241757861917,0.00485648489868696,0.150539375,0.0064648871527145674,0.029501892123132326,0,3,160,96,160,1.0,0.0,1217147,905.0,23854,0.0,0,0.0,12385.474850483704
5,x,12,0.7,m1,na,val,8000000,0.094498125,755985,0.018737340677270172,0.0015827379282367653,80,0.03430920549806681,0.003904488848654913,0.01781776016935158,0.0012248105990762673,0.005589305630809745,0.00016536510248922764,0.0007546277760655769,0.0021937194355547847,0.010010828125434629,0.0927535625,0.0038521555820253462,0.017578942329212126,0,3,144,80,128,1.0,0.0,755985,1166.0,25581,0.0,0,0.0,11610.031308691949
5,x,12,0.7,normal,na,val,8000000,0.074076625,592613,0.02069611838657245,0.0019798384842967124,80,0.03743255980455148,0.003623139403006377,0.016533848973633195,0.0017605938944274123,0.00803430128308323,0.00029911555542077635,0.0013649851327519626,0.003007116349065182,0.01372268688318517,0.072594625,0.0035833036301551706,0.01635206224703822,0,3,160,96,160,1.0,0.0,592613,1096.0,21520,0.0,0,0.0,11184.324137900956
5,x,12,0.9,m1,na,val,8000000,0.049797875,398383,0.03221180548386983,0.0030663808902244324,80,0.05829084918729079,0.0031081033039597897,0.014183531160705675,0.002199048807811132,0.010035148204297066,0.00027813389357080347,0.001269237332389813,0.003959193041722942,0.018067397504768695,0.048230625,0.0030347115956715688,0.013848615142915275,0,3,144,80,128,1.0,0.0,398383,1179.0,22718,0.0,0,0.0,10710.178233389743
5,x,12,0.9,normal,na,val,8000000,0.037713750000000004,301710,0.03197344714927345,0.0033843741186366525,80,0.057178146061273596,0.0027139852611875103,0.01238501129377101,0.0016878374049737988,0.007702284025486237,0.00036009862501712664,0.0016432755186581666,0.002847584481592573,0.012994678515335699,0.0365496875,0.0026514179659440588,0.012099491446153344,0,3,160,96,160,1.0,0.0,301710,938.0,16749,0.0,0,0.0,10527.3588610671
5,x,12,1.0,m1,na,val,8890000,0.032819940828402366,306518,0.03892615447561846,0.0038464585507816556,169,0.07015939184967361,0.0015706865932325798,0.010417819240828335,0.0019765157681731374,0.013109543360332033,0.000554010665653015,0.003674560537494487,0.003632197956077682,0.024091108892351974,0.03158452662721894,0.0015280221288569056,0.010134840650581517,0,3,144,80,128,1.0,0.0,306518,1070.0,20357,0.0,0,0.0,10857.099944416259
5,x,12,1.0,normal,na,val,8890000,0.024049349112426035,231249,0.043113922614248706,0.005035354660197116,169,0.07615713590810318,0.0014411836907316058,0.009558871418117794,0.0027959215716559884,0.018544377771187677,0.0010154666790131443,0.006735238177127998,0.005039686822328532,0.03342649422973006,0.023075621301775148,0.0013929520119774826,0.009238967426381263,0,3,160,96,160,1.0,0.0,231249,1022.0,15766,0.0,0,0.0,10641.957164809235
5,x,13,0.1,m1,na,val,900000,0.9024066666666667,812166,1.2244812507284143e-06,0.0,9,2.4489625014568286e-06,0.008205343879312897,0.012559199815274842,1.5879356404503596e-06,2.4305137353832034e-06,0.0,0.0,3.175871280900719e-06,4.861027470766407e-06,0.9024055555555557,0.008204989718194597,0.012558657731930505,2,1,80,48,64,1.0,0.0,812166,0.0,2,0.0,0,0.0,873.6594699595589
5,x,13,0.1,normal,na,val,900000,0.8868566666666666,798171,2.4970157009210867e-06,1.232090031282766e-06,9,2.5298513392766413e-06,0.008795404607963079,0.013462353991780224,2.650339085486949e-06,4.0566414573779836e-06,2.4148964613142214e-06,3.696270093848298e-06,3.2798524147742085e-06,5.0201822675115435e-06,0.8868544444444445,0.008795008082120689,0.013461747064470444,2,1,96,64,96,1.0,0.0,798171,1.0,2,0.0,0,0.0,886.5624050886836
5,x,13,0.15,m1,na,val,900000,0.8620211111111111,775819,3.861063530775147e-06,0.0,9,7.722127061550294e-06,0.012773820994537761,0.019551766828374124,2.704112493261792e-06,4.138947693768049e-06,0.0,0.0,5.408224986523584e-06,8.277895387536098e-06,0.8620177777777778,0.012773621265360255,0.019551461120449372,2,1,80,48,64,1.0,0.0,775819,0.0,6,0.0,0,0.0,875.6101268853527
5,x,13,0.15,normal,na,val,900000,0.8554488888888889,769904,5.212349607166574e-06,0.0,9,1.0424699214333148e-05,0.006010378557909853,0.00919955901720896,2.3332333924875746e-06,3.5712756007462877e-06,0.0,0.0,4.666466784975149e-06,7.142551201492575e-06,0.8554444444444445,0.006011315403295797,0.009200992964228261,2,1,96,64,96,1.0,0.0,769904,0.0,8,0.0,0,0.0,889.4480060639326
5,x,13,0.3,m1,na,val,900000,0.7295111111111111,656560,3.469402515982137e-05,0.0,9,6.938805031964273e-05,0.01635465448911322,0.02503263442211207,1.4025930531889663e-05,2.1468261018198465e-05,0.0,0.0,2.8051861063779326e-05,4.293652203639693e-05,0.7294861111111112,0.016360767017860614,0.025041990333460124,2,1,80,48,64,1.0,0.0,656560,0.0,45,0.0,0,0.0,819.9473722479306
5,x,13,0.3,normal,na,val,900000,0.7213344444444445,649201,3.689321357934155e-05,1.6614745586708204e-06,9,7.046347804134148e-05,0.02375881433103916,0.03636553213934565,1.605751308370956e-05,2.4577826148535042e-05,3.2564901349948077e-06,4.984423676012461e-06,3.198351510459222e-05,4.895435985396768e-05,0.7213083333333334,0.023765258918406282,0.03637539630368308,2,1,96,64,96,1.0,0.0,649201,1.0,45,0.0,0,0.0,884.7045466059353
5,x,13,0.5,m1,na,val,900000,0.6144811111111111,553033,0.0001103797714513013,4.126306233817143e-06,9,0.0002125069304349683,0.03037971591185373,0.04649956517120469,4.76205906089184e-05,7.288865909528327e-05,8.087560218281598e-06,1.2378918701451426e-05,8.254878539323861e-05,0.00012635018172434484,0.6144149999999999,0.030391682629170462,0.04651788157526091,2,1,80,48,64,1.0,0.0,553033,2.0,115,0.0,0,0.0,820.5377900570165
5,x,13,0.5,normal,na,val,900000,0.5862555555555555,527630,0.00011069860924683918,7.229936122464836e-06,9,0.0002069373462487487,0.02843659941458682,0.043525407267224724,2.505913567536527e-05,3.835581991127337e-05,7.660264604803385e-06,1.1724894803270487e-05,4.92037568061571e-05,7.531187266248536e-05,0.5861911111111111,0.028437796295998675,0.0435272392285694,2,1,96,64,96,1.0,0.0,527630,4.0,108,0.0,0,0.0,840.3680926305242
5,x,13,0.7,m1,na,val,900000,0.49521000000000004,445689,0.0004854676642762841,7.79112081712749e-05,9,0.0008151129122100185,0.02597845435971895,0.039762940346508596,0.0001595954639259185,0.0002442787713151814,3.0797024233332135e-05,4.713830239795735e-05,0.0002654361525818149,0.0004062798253803289,0.49497499999999994,0.026006993306288473,0.0398066224075844,2,1,80,48,64,1.0,0.0,445689,34.0,355,0.0,0,0.0,799.9332436555997
5,x,13,0.7,normal,na,val,900000,0.4714822222222222,424334,0.00028171153816370926,3.6385624145858665e-05,9,0.0004906518280357012,0.023512028612647937,0.03598779889691011,8.333136213852605e-05,0.00012754800327325415,1.6935672265906605e-05,2.592194734577542e-05,0.0001546398744098473,0.00023669368532119487,0.4713511111111111,0.02352271331931578,0.03600415303976905,2,1,96,64,96,1.0,0.0,424334,15.0,206,0.0,0,0.0,792.7543602557853
5,x,13,0.9,m1,na,val,900000,0.4138644444444444,372478,0.0010312527434986547,0.00011533281556499424,9,0.0018318398558673208,0.049616099371643387,0.0759430092423113,0.0004564168257918352,0.0006985971823344417,5.223421273527691e-05,7.995032561521977e-05,0.0008149114710827644,0.0012473134761470884,0.41346166666666667,0.04966157230603736,0.07601261067250617,2,1,80,48,64,1.0,0.0,372478,41.0,643,0.0,0,0.0,759.3786207428202
5,x,13,0.9,normal,na,val,900000,0.38854555555555553,349691,0.0007182356671429169,5.2221911860884754e-05,9,0.001332027510564064,0.0209724831535438,0.03210073952073031,0.000171922654258418,0.00026314691978329284,1.941813785522146e-05,2.972163957431856e-05,0.00032847350502441505,0.000502765568914921,0.38827055555555556,0.02099527407127378,0.03213562357848028,2,1,96,64,96,1.0,0.0,349691,18.0,459,0.0,0,0.0,799.3239550017752
5,x,13,1.0,m1,na,val,1790000,0.356600306122449,650647,0.0017567172299505305,0.0002794666841364784,98,0.002954501091628104,0.00997221435478259,0.05036728852651858,0.00022805089908504243,0.0011518309799908753,6.866963893429928e-05,0.00034683405251481993,0.0003939547460173399,0.001989771945639179,0.3559923979591837,0.00997999791443174,0.05040660143944489,2,1,80,48,64,1.0,0.0,650647,129.0,1541,0.0,0,0.0,1703.4532979556388
5,x,13,1.0,normal,na,val,1790000,0.28205938775510203,541326,0.0020908074366128176,0.0003554173316344423,98,0.003470780209956751,0.012348751238205941,0.06237061242657998,0.00028728294302430874,0.0014509979795122663,9.986727345410299e-05,0.000504405901985768,0.0004656306781613225,0.002351790071831157,0.28151908163265305,0.012357297559499833,0.0624137778675879,2,1,96,64,96,1.0,0.0,541326,143.0,1421,0.0,0,0.0,1764.0740189155622
5,x,14,0.1,m1,na,val,900000,0.7057255555555556,635153,0.0014532807372559069,5.8016502312085564e-05,9,0.0027905284698876423,0.013297289220953225,0.02035299370554065,0.00033620976556445863,0.0005146067840272326,3.411236382618695e-05,5.2212801774775947e-05,0.0006346650987551346,0.0009714261715639814,0.7046961111111112,0.013182112904506646,0.020176703425265275,0,3,144,80,128,1.0,0.0,635153,37.0,1779,0.0,0,0.0,773.3833512419369
5,x,14,0.1,normal,na,val,900000,0.6795688888888889,611612,0.0015074424846581906,5.786938440804264e-05,9,0.002899146200500296,0.014087180410116156,0.021562010831810443,0.0003331159277578235,0.0005098713179966687,2.9250193259731433e-05,4.4770703968976686e-05,0.0006359449762587624,0.0009733851677430037,0.6785511111111111,0.014219396424151085,0.021764382281863906,0,3,160,96,160,1.0,0.0,611612,35.0,1762,0.0,0,0.0,765.6941732431296
5,x,14,0.15,m1,na,val,900000,0.5999866666666667,539988,0.0024392794647715844,0.0001225015512508137,9,0.004633555827041541,0.009825307944057296,0.015038736649067292,0.00029841775570181253,0.000456761870972162,3.210298105260384e-05,4.9137215896842613e-05,0.0005671275335480774,0.0008680523472674655,0.5985233333333333,0.00980763150080362,0.01501168086857697,0,3,144,80,128,1.0,0.0,539988,66.0,2502,0.0,0,0.0,740.3589965668507
5,x,14,0.15,normal,na,val,900000,0.5639455555555556,507551,0.0025683797677586765,0.00010954910096925332,9,0.004917661333578845,0.01975467101869303,0.030236741355142396,0.000556581948962488,0.0008519111463711551,5.266567226728218e-05,8.061072285808497e-05,0.0010305128948565083,0.0015773156553926147,0.5624983333333333,0.019723933088030676,0.03018969350208777,0,3,160,96,160,1.0,0.0,507551,56.0,2493,0.0,0,0.0,713.2203642283566
5,x,14,0.3,m1,na,val,900000,0.3452511111111111,310726,0.008213308961645422,0.0006442071908292179,9,0.015138203541632407,0.02788135928211305,0.04267554992160161,0.001074397138611001,0.0016444854162413283,0.00013385577784563344,0.00020488129262086752,0.0019379222015996189,0.002966207451427988,0.3424216666666667,0.027681834621402297,0.04237015503275862,0,3,144,80,128,1.0,0.0,310726,200.0,4693,0.0,0,0.0,620.3011656936724
5,x,14,0.3,normal,na,val,900000,0.32508333333333334,292575,0.008399403916183684,0.0006121128924215401,9,0.015574582047524287,0.01774268521303607,0.027157171244442963,0.0012433227023435575,0.0019030449525666696,0.00014769343491291136,0.00022606137996874188,0.0022191037661978994,0.003396587397241683,0.3223216666666667,0.017312890555658877,0.026499322279069707,0,3,160,96,160,1.0,0.0,292575,182.0,4607,0.0,0,0.0,627.9550184658729
5,x,14,0.5,m1,na,val,900000,0.16912222222222223,152210,0.018582769165498045,0.0019288627117988687,9,0.03330781290739836,0.02099075453796472,0.032128705925456205,0.0024091361482004563,0.003687453288061923,0.0003141668369733978,0.00048086760761234363,0.0043853009611919645,0.006712195348763212,0.16600833333333334,0.0207170810794968,0.031709817978821636,0,3,144,80,128,1.0,0.0,152210,289.0,5027,0.0,0,0.0,534.3204888582695
5,x,14,0.5,normal,na,val,900000,0.15845555555555554,142610,0.020567619256443303,0.001870959538998374,9,0.037393319434889855,0.015398177597333144,0.02356863917959155,0.0035156113131246543,0.005381037724170389,0.00044493867250089414,0.0006810285803585114,0.0062452238692846974,0.00955901612645617,0.15518555555555558,0.015003963265273578,0.022965249895826906,0,3,160,96,160,1.0,0.0,142610,267.0,5352,0.0,0,0.0,542.2872873560991
5,x,14,0.7,m1,na,val,900000,0.09004333333333332,81039,0.036491800094107005,0.004153947286485689,9,0.06467570561524263,0.01505027287091131,0.023036131945272414,0.00625040421628677,0.009566945229010361,0.0011710242299390796,0.0017923840254169586,0.010682075700740519,0.016350115868480387,0.08691222222222222,0.014942560074862138,0.022871265420707356,0,3,144,80,128,1.0,0.0,81039,309.0,5018,0.0,0,0.0,487.45960828103125
5,x,14,0.7,normal,na,val,900000,0.07397000000000001,66573,0.035707889020626826,0.004109054705318941,9,0.06319766863061577,0.013842592410704324,0.021187641444955597,0.006674338845733419,0.010215824763877682,0.0007324363633566444,0.0011210760663622108,0.012148288554335845,0.018594319215820172,0.07147333333333333,0.013807774078676756,0.02113434807960728,0,3,160,96,160,1.0,0.0,66573,258.0,3978,0.0,0,0.0,483.0310578511562
5,x,14,0.9,m1,na,val,900000,0.04033777777777778,36304,0.06019522047233656,0.007461791054342498,9,0.10546685883598811,0.009423875183677407,0.014424298750526641,0.010989448539009879,0.01682058449848451,0.0021215022377890605,0.0032471973027383585,0.018821889120191115,0.028809013959476198,0.03802777777777778,0.009163118657711938,0.014025181618946843,0,3,144,80,128,1.0,0.0,36304,245.0,3668,0.0,0,0.0,431.6870074418839
5,x,14,0.9,normal,na,val,900000,0.03449222222222222,31043,0.06390654852890859,0.008697583481430404,9,0.11041793009495635,0.009937660553770959,0.015210704929241262,0.009943620223807311,0.015219826873174457,0.001801433674737661,0.0027572964409249916,0.017656708919023874,0.027025574876056953,0.032410555555555554,0.00958530464311044,0.014671384657822101,0,3,160,96,160,1.0,0.0,31043,248.0,3251,0.0,0,0.0,467.5640913133975
5,x,14,1.0,m1,na,val,1790000,0.03562326530612245,62638,0.06861593511581691,0.00860999669409432,98,0.12001187684344519,0.0022654437737359024,0.011442218962896423,0.003356938960283793,0.01695510216318563,0.001067085249750559,0.005389594401448293,0.006323762199538114,0.031939822385032554,0.033212959183673466,0.002130086651158422,0.010758562253921886,0,3,144,80,128,1.0,0.0,62638,606.0,7636,0.0,0,0.0,922.7892647072294
5,x,14,1.0,normal,na,val,1790000,0.024548571428571427,47544,0.07759568023204098,0.012792557313783913,98,0.12960624583651414,0.0019603923524820497,0.009901476615902184,0.006115665195258864,0.030888773793100673,0.0016994942364692107,0.008583742137105948,0.011639065472299736,0.058786158015266786,0.02279428571428571,0.0018590695551058997,0.009389719207948856,0,3,160,96,160,1.0,0.0,47544,525.0,5776,0.0,0,0.0,1017.5656503429891
5,x,15,0.1,m1,na,val,900000,0.8256433333333333,743079,0.002449791887838223,0.00011979280496072383,9,0.0046599981657549985,0.013903979839999425,0.021281601795917485,0.0004216218625374608,0.0006453395855165216,2.5416780930321052e-05,3.8903236117838345e-05,0.0008076286745520474,0.0012361663386000726,0.8236194444444445,0.013841177413272301,0.021185475632559646,1,2,112,48,96,1.0,0.0,743079,89.0,3465,0.0,0,0.0,858.4217122155242
5,x,15,0.1,normal,na,val,900000,0.8096844444444444,728716,0.001762104489984787,6.05416635649758e-05,9,0.003403125652839622,0.013876661623952615,0.021239788199927473,0.00024055495545713735,0.0003681963603935776,1.720580622708787e-05,2.633541769452225e-05,0.0004566894011181902,0.0006990143894666177,0.8082622222222222,0.013978719289205997,0.021395998912049994,1,2,128,64,128,1.0,0.0,728716,44.0,2472,0.0,0,0.0,849.6569615111221
5,x,15,0.15,m1,na,val,900000,0.7546622222222222,679196,0.004192753710752523,0.0002710154418065171,9,0.007843476537892012,0.013818410751271788,0.021150628700926207,0.0007505585634546317,0.0011488141277366812,8.960469027335951e-05,0.00013715003613269314,0.0013475830309645884,0.0020626270882111047,0.7515105555555555,0.01410097016446075,0.021583117598664412,1,2,112,48,96,1.0,0.0,679196,183.0,5307,0.0,0,0.0,859.6483829761855
5,x,15,0.15,normal,na,val,900000,0.71674,645066,0.004058692636138992,0.00026795104020654176,9,0.007581483191864901,0.03343867738266906,0.051181649055105714,0.0009841139553944925,0.0015062968705017745,0.00011149050937702966,0.00017064873884239232,0.0017546277604790809,0.0026856547354271645,0.7138944444444444,0.033942805631010646,0.0519532739250163,1,2,128,64,128,1.0,0.0,645066,167.0,4788,0.0,0,0.0,849.0219463857356
5,x,15,0.3,m1,na,val,900000,0.5435811111111111,489223,0.012706298790857004,0.0012264334077814886,9,0.02295973076615103,0.03159157012433052,0.04835444406785284,0.00234780020895707,0.0035935717484036783,0.00028751928126774474,0.0004400805325526705,0.004334102388710622,0.006633830186801973,0.5367361111111111,0.03174013392568616,0.048581837641356374,1,2,112,48,96,1.0,0.0,489223,599.0,11123,0.0,0,0.0,756.4730071632657
5,x,15,0.3,normal,na,val,900000,0.51623,464607,0.013697246757001545,0.001604336871517493,9,0.024185819770968103,0.031788232773569965,0.04865545832689281,0.002671271644653191,0.004088681088754884,0.0005015117607210467,0.0007676200419199694,0.004364265559469679,0.006679998305310734,0.5092911111111111,0.03231548484214208,0.04946247679919706,1,2,128,64,128,1.0,0.0,464607,726.0,11038,0.0,0,0.0,791.7333153637592
5,x,15,0.5,m1,na,val,900000,0.3757522222222222,338177,0.02553262617468633,0.0026720273457974926,9,0.04572119765777768,0.04047438898955154,0.06195059539217073,0.005689940362088212,0.008709092390951344,0.0005868910148259202,0.0008983025737131433,0.010539372503120667,0.016131692606817346,0.36654444444444445,0.041141492358041536,0.06297167197659419,1,2,112,48,96,1.0,0.0,338177,877.0,14820,0.0,0,0.0,705.4273509427439
5,x,15,0.5,normal,na,val,900000,0.33581777777777777,302236,0.03331429878107706,0.004547676237923346,9,0.05753324508630743,0.026985744272069484,0.041304710620514516,0.00409961559282197,0.006274921825747914,0.0008110405809186489,0.001241388644263238,0.006915708522139685,0.01058526814613217,0.32482388888888886,0.027343738302081446,0.04185266066645119,1,2,128,64,128,1.0,0.0,302236,1349.0,17091,0.0,0,0.0,706.1890001771972
5,x,15,0.7,m1,na,val,900000,0.2911266666666667,262014,0.04302620305520802,0.005326880284737638,9,0.07539864554094075,0.022506840009107354,0.03444924491189901,0.009729980849305469,0.014892827830569595,0.0014462846868074034,0.002213701051235822,0.016780962006283713,0.025685145927985275,0.27889444444444444,0.023525859899388997,0.03600896923375867,1,2,112,48,96,1.0,0.0,262014,1351.0,19316,0.0,0,0.0,700.8382338013034
5,x,15,0.7,normal,na,val,900000,0.2552888888888889,229760,0.05412493941907348,0.007975578017524153,9,0.09229872280309866,0.026073543215051544,0.039908484512834,0.01349948664149355,0.020662479553306454,0.002388128641287064,0.0036552989407455066,0.022320182861847032,0.03416354519670464,0.24190055555555556,0.02688003252463953,0.04114290692546867,1,2,128,64,128,1.0,0.0,229760,1767.0,20565,0.0,0,0.0,704.1349458612967
5,x,15,0.9,m1,na,val,900000,0.20231222222222223,182081,0.07295297308884152,0.009660366143969843,9,0.12658521388974334,0.03562051805234633,0.054521201100530096,0.010377774953176997,0.015884349418128055,0.0015534372149559165,0.0023777100228917093,0.019158760634540254,0.02932463362429631,0.1882727777777778,0.035193514333259034,0.05386762397947811,1,2,112,48,96,1.0,0.0,182081,1708.0,21855,0.0,0,0.0,639.3316024537198
5,x,15,0.9,normal,na,val,900000,0.17601111111111112,158410,0.08417366543276958,0.014775017785889617,9,0.13879729529375995,0.02051375542444209,0.031398605241492995,0.015569565221111532,0.023830967175170713,0.003256479918759376,0.004984408038917413,0.025140760113017004,0.03848075527502603,0.16155277777777777,0.020858097513749584,0.03192565945982079,1,2,128,64,128,1.0,0.0,158410,2259.0,21507,0.0,0,0.0,706.3841562171001
5,x,15,1.0,m1,na,val,1790000,0.16299265306122449,289772,0.08469255589498441,0.011510974302140103,98,0.14636316318568862,0.008822252603759207,0.04455910458184865,0.004836846477236924,0.02442976388294638,0.0008301588881226412,0.0041929355660986,0.00863659918430487,0.04362141321151556,0.1497855612244898,0.008545699858589276,0.04316230228566713,1,2,112,48,96,1.0,0.0,289772,3358.0,39896,0.0,0,0.0,1382.0610578829946
5,x,15,1.0,normal,na,val,1790000,0.1447995918367347,261933,0.09803646735131455,0.018207749523583557,98,0.159657435655462,0.007064238128524184,0.03567979060425726,0.005069713302936857,0.025605918965559298,0.001527108381199064,0.00771306208537621,0.007786353826100736,0.0393270256510975,0.13131239795918367,0.006944226633857158,0.03507364102069021,1,2,128,64,128,1.0,0.0,261933,4594.0,40691,0.0,0,0.0,1486.2499133428937
5,x,16,0.1,m1,na,val,900000,0.7127211111111111,641449,0.051618074122238546,0.0043061447666036924,9,0.09462385871126971,0.01803162848516912,0.027599431354850698,0.0036196551850099664,0.005540288548484642,0.0007749848757585176,0.0011862013404467108,0.007944468851128369,0.012159901302747503,0.6759672222222223,0.017901078653061273,0.02739961018325705,0,3,144,48,128,1.0,0.0,641449,2761.0,60635,0.0,0,0.0,773.6060212051962
5,x,16,0.1,normal,na,val,900000,0.6894588888888888,620513,0.05029081512957638,0.0050421942093454835,9,0.0904972418404618,0.013339540606301279,0.020417664193318284,0.003940965560675172,0.006032090143890569,0.0006096730681203496,0.0009331730634495146,0.007014820235226657,0.010736969747795904,0.6547977777777778,0.013198075196649686,0.02020113550507605,0,3,160,64,160,1.0,0.0,620513,3122.0,56146,0.0,0,0.0,786.2488878550939
5,x,16,0.15,m1,na,val,900000,0.6259,563310,0.07559650884191997,0.006670958204071567,9,0.1378511012756968,0.023685268022127164,0.036252961258357905,0.004235560959197382,0.006483001468159259,0.0012634308807166485,0.0019338227766071152,0.00865210493916715,0.013243017764031351,0.5786055555555555,0.02225786287442687,0.03406815746085746,0,3,144,48,128,1.0,0.0,563310,3723.0,77684,0.0,0,0.0,750.1853164515924
5,x,16,0.15,normal,na,val,900000,0.5855,526950,0.0811283023616365,0.00883010291087328,9,0.14459639890152642,0.023385492631591506,0.035794121374884955,0.006483026151736064,0.009922999211840915,0.0015547739016901296,0.002379755971974688,0.01254738023029813,0.019205173821884892,0.5382222222222223,0.024169047666770877,0.036993440306281954,0,3,160,64,160,1.0,0.0,526950,4626.0,75848,0.0,0,0.0,732.7361337984912
5,x,16,0.3,m1,na,val,900000,0.3898111111111111,350830,0.14138877419612056,0.013879146294728912,9,0.25501925580278334,0.02320906193337336,0.035524074387816365,0.012861253745391463,0.019685592467435915,0.0016765952532111989,0.0025662172243028553,0.02501549746833168,0.03828902673724237,0.3350411111111111,0.023049288063732857,0.035279522546529885,0,3,144,48,128,1.0,0.0,350830,4876.0,88834,0.0,0,0.0,670.6416060877964
5,x,16,0.3,normal,na,val,900000,0.32485444444444445,292369,0.15887915970014557,0.02272366325082602,9,0.27231099289863914,0.022412334587382694,0.034304593756198,0.014840519722524363,0.022715081207945454,0.0031241002971793036,0.004781786169151996,0.029028106123304327,0.04443077467852703,0.2728738888888889,0.017080770954999675,0.02614403717601991,0,3,160,64,160,1.0,0.0,292369,6616.0,80333,0.0,0,0.0,619.2808465103153
5,x,16,0.5,m1,na,val,900000,0.2210788888888889,198971,0.23519637010735414,0.024085900728217282,9,0.42222093875827366,0.015835461891886286,0.02423795187533615,0.008374109486245587,0.012817514519763653,0.0027218482861032685,0.004166094315464186,0.01528282455496292,0.02339207840045345,0.16924555555555554,0.013368284498564802,0.02046165994678286,0,3,144,48,128,1.0,0.0,198971,4732.0,83836,0.0,0,0.0,553.3642508869525
5,x,16,0.5,normal,na,val,900000,0.1959511111111111,176356,0.2611861320123837,0.03650160173107728,9,0.4493690605626129,0.018831711847379043,0.028824048745988328,0.012941108548523681,0.019807819206924003,0.004150155012281704,0.006352278080023016,0.02894824089998097,0.04430853198976679,0.14504555555555554,0.01536895850614012,0.023523916080826712,0,3,160,64,160,1.0,0.0,176356,6422.0,78786,0.0,0,0.0,565.6655345240142
5,x,16,0.7,m1,na,val,900000,0.12882333333333335,115941,0.3046702651761237,0.028672646320605337,9,0.5519952377110369,0.007238751276290684,0.011079721341261251,0.009828127330143115,0.015043052035933339,0.003476328075909977,0.0053209103202703735,0.022629067658069376,0.03463632804806537,0.08961166666666667,0.005475997430402774,0.008381628720004246,0,3,144,48,128,1.0,0.0,115941,3317.0,63947,0.0,0,0.0,511.98752399883233
5,x,16,0.7,normal,na,val,900000,0.1218688888888889,109682,0.33272993458204203,0.04497113499221968,9,0.5755175991796447,0.01646490525803442,0.025201385599032275,0.012574011822862793,0.0192459364635655,0.005535705137816768,0.008473018068086889,0.027269042372843895,0.041738330162516164,0.08153833333333332,0.011892662845263509,0.01820305537540333,0,3,160,64,160,1.0,0.0,109682,4863.0,62869,0.0,0,0.0,528.4185870306101
5,x,16,0.9,m1,na,val,900000,0.07886666666666667,70980,0.3547815098872352,0.030552663147256433,9,0.6484576934799575,0.011035881099597099,0.016891654744281275,0.015634486153767235,0.02393033594964373,0.005205460459774112,0.007967541520062417,0.036908586475909444,0.056492734401902216,0.051025,0.007687683067088548,0.01176686183738043,0,3,144,48,128,1.0,0.0,70980,2150.0,45815,0.0,0,0.0,472.88309964188375
5,x,16,0.9,normal,na,val,900000,0.06868888888888888,61820,0.40033300328997423,0.05010388531664986,9,0.7004582359466487,0.01152793542739859,0.017644799123569272,0.020773209279895948,0.03179572848963665,0.003982873238613435,0.006096234548898114,0.04826060218335342,0.07386826864798993,0.04141888888888889,0.0075999482271953255,0.011632573817135703,0,3,160,64,160,1.0,0.0,61820,3128.0,42830,0.0,0,0.0,510.78941318695433
5,x,16,1.0,m1,na,val,1790000,0.05569765306122449,100310,0.3876949562409714,0.03311249803905534,98,0.7091649164038321,0.0026186475490182683,0.013226167424631069,0.0046537473438804725,0.023504973605619758,0.0019478790972332464,0.009838275132751135,0.009822874859684532,0.04961301017164135,0.034131530612244894,0.0016292792585275372,0.008229102943938655,0,3,144,48,128,1.0,0.0,100310,3281.0,70624,0.0,0,0.0,957.2809566929354
5,x,16,1.0,normal,na,val,1790000,0.05086326530612245,92614,0.41371714028100853,0.04799754069469503,98,0.7314391991726271,0.0024071952225749424,0.012158171896590018,0.004337608978487138,0.02190823373445649,0.002961819331929423,0.014959446673262178,0.010644482342640888,0.05376275461929886,0.02990561224489796,0.001489514025362829,0.007523181914332339,0,3,160,64,160,1.0,0.0,92614,4458.0,67072,0.0,0,0.0,975.6162842638514
5,x,17,0.1,m1,na,val,900000,1.0,900000,0.0,0.0,9,0.0,0.0,0.0,0.0,0.0,0.0,0.0,0.0,0.0,1.0,0.0,0.0,4,-1,16,16,0,1.0,0.0,900000,0.0,0,0.0,0,0.0,485.5468634669669
5,x,17,0.1,normal,na,val,900000,1.0,900000,0.0,0.0,9,0.0,0.0,0.0,0.0,0.0,0.0,0.0,0.0,0.0,1.0,0.0,0.0,4,-1,32,32,32,1.0,0.0,900000,0.0,0,0.0,0,0.0,867.5049516838044
5,x,17,0.15,m1,na,val,900000,1.0,900000,0.0,0.0,9,0.0,0.0,0.0,0.0,0.0,0.0,0.0,0.0,0.0,1.0,0.0,0.0,4,-1,16,16,0,1.0,0.0,900000,0.0,0,0.0,0,0.0,498.5705419743899
5,x,17,0.15,normal,na,val,900000,1.0,900000,0.0,0.0,9,0.0,0.0,0.0,0.0,0.0,0.0,0.0,0.0,0.0,1.0,0.0,0.0,4,-1,32,32,32,1.0,0.0,900000,0.0,0,0.0,0,0.0,854.8989974730648
5,x,17,0.3,m1,na,val,900000,1.0,900000,0.0,0.0,9,0.0,0.0,0.0,0.0,0.0,0.0,0.0,0.0,0.0,1.0,0.0,0.0,4,-1,16,16,0,1.0,0.0,900000,0.0,0,0.0,0,0.0,545.5314980468247
5,x,17,0.3,normal,na,val,900000,1.0,900000,0.0,0.0,9,0.0,0.0,0.0,0.0,0.0,0.0,0.0,0.0,0.0,1.0,0.0,0.0,4,-1,32,32,32,1.0,0.0,900000,0.0,0,0.0,0,0.0,857.2737763200421
5,x,17,0.5,m1,na,val,900000,1.0,900000,0.0,0.0,9,0.0,0.0,0.0,0.0,0.0,0.0,0.0,0.0,0.0,1.0,0.0,0.0,4,-1,16,16,0,1.0,0.0,900000,0.0,0,0.0,0,0.0,619.1702606084291
5,x,17,0.5,normal,na,val,900000,1.0,900000,0.0,0.0,9,0.0,0.0,0.0,0.0,0.0,0.0,0.0,0.0,0.0,1.0,0.0,0.0,4,-1,32,32,32,1.0,0.0,900000,0.0,0,0.0,0,0.0,871.2659185600933
5,x,17,0.7,m1,na,val,900000,1.0,900000,0.0,0.0,9,0.0,0.0,0.0,0.0,0.0,0.0,0.0,0.0,0.0,1.0,0.0,0.0,4,-1,16,16,0,1.0,0.0,900000,0.0,0,0.0,0,0.0,634.231960807927
5,x,17,0.7,normal,na,val,900000,1.0,900000,0.0,0.0,9,0.0,0.0,0.0,0.0,0.0,0.0,0.0,0.0,0.0,1.0,0.0,0.0,4,-1,32,32,32,1.0,0.0,900000,0.0,0,0.0,0,0.0,883.7756242323667
5,x,17,0.9,m1,na,val,900000,1.0,900000,0.0,0.0,9,0.0,0.0,0.0,0.0,0.0,0.0,0.0,0.0,0.0,1.0,0.0,0.0,4,-1,16,16,0,1.0,0.0,900000,0.0,0,0.0,0,0.0,693.4839527250733
5,x,17,0.9,normal,na,val,900000,1.0,900000,1.1111111111111112e-06,0.0,9,2.2222222222222225e-06,0.0,0.0,1.4404646026907214e-06,2.204792759220492e-06,0.0,0.0,2.880929205381443e-06,4.409585518440984e-06,0.9999988888888889,1.440464602696299e-06,2.204792759229029e-06,4,-1,32,32,32,1.0,0.0,900000,0.0,2,0.0,0,0.0,933.354560799431
5,x,17,1.0,m1,na,val,1790000,1.0,1790000,0.0,0.0,98,0.0,0.0,0.0,0.0,0.0,0.0,0.0,0.0,0.0,1.0,0.0,0.0,4,-1,16,16,0,1.0,0.0,1790000,0.0,0,0.0,0,0.0,1743.4938864145224
5,x,17,1.0,normal,na,val,1790000,1.0,1790000,4.591836734693878e-06,1.0204081632653063e-06,98,7.142857142857143e-06,0.0,0.0,3.205986668010944e-06,1.6192677952458593e-05,2.0000000000000003e-06,1.0101525445522108e-05,5.125235725028987e-06,2.588634954533963e-05,0.9999954081632653,3.2059866680067714e-06,1.619267795243752e-05,4,-1,32,32,32,1.0,0.0,1790000,1.0,7,0.0,0,0.0,2045.1263010823168
5,x,18,0.1,m1,na,val,900000,0.7119466666666666,640752,2.4387035488169165e-06,0.0,9,4.877407097633833e-06,0.015482487197547502,0.023697684486042096,3.417470355136076e-06,5.230821972147055e-06,0.0,0.0,6.834940710272152e-06,1.046164394429411e-05,0.7119449999999999,0.015483928498428444,0.023699890558819044,0,3,144,112,128,1.0,0.0,640752,0.0,3,0.0,0,0.0,784.4948198604397
5,x,18,0.1,normal,na,val,900000,0.6952244444444444,625702,3.160137967367289e-06,0.0,9,6.320275934734578e-06,0.012647141258144343,0.019357869272669914,3.3865701937354432e-06,5.1835258067379235e-06,0.0,0.0,6.7731403874708864e-06,1.0367051613475847e-05,0.6952222222222222,0.012646455652025266,0.019356819875548877,0,3,160,128,160,1.0,0.0,625702,0.0,4,0.0,0,0.0,768.8844151848461
5,x,18,0.15,m1,na,val,900000,0.6231744444444445,560857,9.01370944664907e-06,0.0,9,1.802741889329814e-05,0.015298465495129874,0.023416018614994705,5.647198650106283e-06,8.643671403223903e-06,0.0,0.0,1.1294397300212566e-05,1.7287342806447805e-05,0.6231688888888889,0.015299517796484237,0.023417629280333016,0,3,144,112,128,1.0,0.0,560857,0.0,10,0.0,0,0.0,734.0924404293764
5,x,18,0.15,normal,na,val,900000,0.5882922222222222,529463,1.033633631518999e-05,0.0,9,2.067267263037998e-05,0.020474465164355825,0.03133846708829973,6.024334178514834e-06,9.220919660992093e-06,0.0,0.0,1.2048668357029669e-05,1.8441839321984186e-05,0.5882861111111111,0.020473824458329577,0.03133748641581058,0,3,160,128,160,1.0,0.0,529463,0.0,11,0.0,0,0.0,723.7047078548931
5,x,18,0.3,m1,na,val,900000,0.37365333333333334,336288,6.328635804116607e-05,3.187169729536777e-06,9,0.00012019837662325856,0.01601650964029859,0.024515065775967234,2.020233173691592e-05,3.092193633201416e-05,6.246852669892084e-06,9.561509188610332e-06,3.4039138248511974e-05,5.2100721808946895e-05,0.3736294444444444,0.01601250363945178,0.024508934142018032,0,3,144,112,128,1.0,0.0,336288,1.0,41,0.0,0,0.0,630.6589347703848
5,x,18,0.3,normal,na,val,900000,0.3598,323820,7.94775596393942e-05,1.286033741349818e-05,9,0.00013323444445179205,0.019633637674268203,0.030051486236124803,2.3434307900797316e-05,3.586883862366936e-05,1.386500442273507e-05,2.122194554500266e-05,3.429200721526858e-05,5.248776614581926e-05,0.35977166666666666,0.019634625210128716,0.03005299777060518,0,3,160,128,160,1.0,0.0,323820,4.0,43,0.0,0,0.0,608.212218870176
5,x,18,0.5,m1,na,val,900000,0.20266444444444442,182398,0.000406684985752213,5.966077914311719e-05,9,0.0006940484132181917,0.0168276847669782,0.02575666035761969,0.00015716925273177482,0.00024056518275271656,4.589399946812365e-05,7.024591755325049e-05,0.0002337339227236199,0.00035775600416880596,0.20258055555555554,0.01681201230374385,0.02573267189348549,0,3,144,112,128,1.0,0.0,182398,11.0,129,0.0,0,0.0,542.2462986565661
5,x,18,0.5,normal,na,val,900000,0.17616333333333334,158547,0.0003684046753112463,5.121313371191645e-05,9,0.0006343830831986597,0.012876195597561672,0.01970846264932909,0.00012374856804639984,0.00018941107354040795,5.361139991869772e-05,8.205826518168018e-05,0.0001652660282465141,0.0002529582064997665,0.17609833333333333,0.012872381759669288,0.019702625142350952,0,3,160,128,160,1.0,0.0,158547,8.0,101,0.0,0,0.0,542.8821898521855
5,x,18,0.7,m1,na,val,900000,0.11943111111111111,107488,0.0012567163195798745,0.0002599695278150485,9,0.0019934935835296524,0.01037844905563899,0.0158853812076107,0.0003459782145474954,0.0005295584916543297,0.00013667925187787068,0.00020920293654776124,0.000507877648533896,0.0007773637477559633,0.1192838888888889,0.010377451526129162,0.01588385437672831,0,3,144,112,128,1.0,0.0,107488,26.0,213,0.0,0,0.0,478.7816329970956
5,x,18,0.7,normal,na,val,900000,0.08939555555555555,80456,0.00115647421156617,0.00015281408789995,9,0.00200732024733244,0.015786422813541427,0.024162892061543,0.0005527294096542281,0.0008460144025319819,9.00570602378124e-05,0.00013784243913950877,0.001009966860596287,0.0015458676437698272,0.08929555555555556,0.015779826018865954,0.024152794926835648,0,3,160,128,160,1.0,0.0,80456,14.0,152,0.0,0,0.0,473.20173979224637
5,x,18,0.9,m1,na,val,900000,0.07004555555555556,63041,0.0020206694407281247,0.00019772729895863042,9,0.003645884283538988,0.008611605669812434,0.013181029086447605,0.000415236678862093,0.000635566345197081,0.00013572670129015095,0.00020774495095431269,0.0006336962812226465,0.0009699432875856835,0.06990888888888888,0.008613851551260938,0.013184466660093272,0,3,144,112,128,1.0,0.0,63041,12.0,222,0.0,0,0.0,470.20703070866875
5,x,18,0.9,normal,na,val,900000,0.0585711111111111,52714,0.002593285654919389,0.00041915856370466486,9,0.0043482541824294485,0.008667952389017351,0.013267274064822476,0.000995755856791962,0.0015241161073346358,0.0004077732730504158,0.0006241427648730854,0.0013539718355822705,0.0020724058707891897,0.05841166666666667,0.008617273023475066,0.013189703607359795,0,3,160,128,160,1.0,0.0,52714,24.0,239,0.0,0,0.0,472.77445992897265
5,x,18,1.0,m1,na,val,1790000,0.05256540816326531,96461,0.004319978678987381,0.0007894202699835673,98,0.007061116818007628,0.0028790304920985102,0.014541299887183569,0.0007624178048877268,0.003850791428096241,0.0003117618702275704,0.0015746352325236817,0.0011191733687384462,0.0056526791311310555,0.05234841836734694,0.0028718815176182163,0.01450519211337253,0,3,144,112,128,1.0,0.0,96461,78.0,686,0.0,0,0.0,995.7614031299236
5,x,18,1.0,normal,na,val,1790000,0.03885,71544,0.004001798620547197,0.0007308414533420547,98,0.006541914334410285,0.002341035456514872,0.01182401461642722,0.0006965857639925109,0.003518289409979403,0.0003721003824414183,0.0018793907407602473,0.0010642997769102606,0.005375525639061251,0.038699591836734694,0.002331693168794312,0.01177682893786291,0,3,160,128,160,1.0,0.0,71544,50.0,472,0.0,0,0.0,928.62027571012
5,x,19,0.1,m1,na,val,900000,0.8210000000000001,738900,1.3339004151332327e-06,0.0,9,2.6678008302664655e-06,0.018116306612552122,0.027729040733498148,1.7293473358799065e-06,2.6469602079794488e-06,0.0,0.0,3.458694671759813e-06,5.2939204159588975e-06,0.8209988888888888,0.018115952657240586,0.027728498965164165,1,2,112,80,96,1.0,0.0,738900,0.0,2,0.0,0,0.0,820.9154480369762
5,x,19,0.1,normal,na,val,900000,0.8025033333333333,722253,2.8369620076933435e-06,0.0,9,5.673924015386687e-06,0.023062411948546167,0.035299610125325766,2.2035787398569733e-06,3.372824601821898e-06,0.0,0.0,4.407157479713947e-06,6.745649203643796e-06,0.8025011111111111,0.023063196671330992,0.03530081123162907,1,2,128,96,128,1.0,0.0,722253,0.0,4,0.0,0,0.0,849.6103417992126
5,x,19,0.15,m1,na,val,900000,0.7477211111111112,672949,2.2618845244725996e-06,0.0,9,4.523769048945199e-06,0.011930504617643159,0.018260976455576262,2.2168539068864646e-06,3.3931437350303036e-06,0.0,0.0,4.433707813772929e-06,6.786287470060607e-06,0.7477194444444444,0.011931227936158452,0.018262083575752732,1,2,112,80,96,1.0,0.0,672949,0.0,3,0.0,0,0.0,838.5156132553238
5,x,19,0.15,normal,na,val,900000,0.72695,654255,4.575822470321797e-06,1.4863169660109036e-06,9,6.179011008621787e-06,0.017024228553838595,0.026057492684446834,4.4893552675550406e-06,6.871462144216898e-06,2.913181253381371e-06,4.458950898032711e-06,8.019433288402936e-06,1.227464278837184e-05,0.7269466666666666,0.017023985973130196,0.026057121387444176,1,2,128,96,128,1.0,0.0,654255,1.0,4,0.0,0,0.0,823.7701682646293
5,x,19,0.3,m1,na,val,900000,0.5883355555555556,529502,3.7339301132481645e-05,0.0,9,7.467860226496329e-05,0.013910198199367218,0.021291119692909005,1.974286121695783e-05,3.0218665127996677e-05,0.0,0.0,3.948572243391566e-05,6.0437330255993354e-05,0.5883138888888889,0.013915636308062642,0.02129944332866731,1,2,112,80,96,1.0,0.0,529502,0.0,39,0.0,0,0.0,770.3704324311111
5,x,19,0.3,normal,na,val,900000,0.5262955555555556,473666,6.22010198512853e-05,0.0,9,0.0001244020397025706,0.030119885638544716,0.04610186577328273,3.38425755668077e-05,5.1799860561440355e-05,0.0,0.0,6.76851511336154e-05,0.00010359972112288071,0.5262644444444445,0.030131363531065675,0.046119433976120935,1,2,128,96,128,1.0,0.0,473666,0.0,56,0.0,0,0.0,751.8540461224038
5,x,19,0.5,m1,na,val,900000,0.3892244444444445,350302,0.0002161177851807595,6.115422483962305e-06,9,0.0004200047253935944,0.02352111021196612,0.03600169930402978,0.00010084584483082224,0.00015435588494513609,1.1986228068566118e-05,1.8346267451886914e-05,0.00018187343548330275,0.00027837770737240214,0.3891427777777778,0.023535798844780582,0.036024181905276405,1,2,112,80,96,1.0,0.0,350302,2.0,143,0.0,0,0.0,707.4665083733853
5,x,19,0.5,normal,na,val,900000,0.35508555555555554,319577,0.00018656150688607794,8.856768342367236e-06,9,0.00035540947708742143,0.026964510014855343,0.04127220920641124,8.423200258062807e-05,0.00012892653456218582,1.7359265951039787e-05,2.6570305027101713e-05,0.0001369543054084184,0.00020962393684961997,0.3550188888888889,0.02695763370180131,0.04126168423745099,1,2,128,96,128,1.0,0.0,319577,3.0,114,0.0,0,0.0,694.3574715338182
5,x,19,0.7,m1,na,val,900000,0.2699211111111111,242929,0.0005118597048277266,6.441014285708483e-05,9,0.0008948991239412834,0.03662395452190705,0.05605707324781691,0.00019904107274399175,0.0003046547031795792,4.721860211784152e-05,7.227337058853294e-05,0.00031332364728399936,0.0004795770111489786,0.2697866666666667,0.03661970418263005,0.05605056762647457,1,2,112,80,96,1.0,0.0,242929,15.0,212,0.0,0,0.0,676.4612327718642
5,x,19,0.7,normal,na,val,900000,0.24060444444444448,216544,0.0007999856798640857,8.963913349925097e-05,9,0.0014206930927296694,0.029200763319686462,0.04469504589747928,0.0003144760003034677,0.000481340816791022,6.479141701981955e-05,9.917053625482584e-05,0.0005329104356356118,0.0008156792382177732,0.24041555555555552,0.029192882970532984,0.04468298413857089,1,2,128,96,128,1.0,0.0,216544,20.0,300,0.0,0,0.0,684.2593930319417
5,x,19,0.9,m1,na,val,900000,0.20520888888888889,184688,0.0009744670994441947,8.257562695358262e-05,9,0.001783782944981224,0.027109135035515732,0.04149357403395265,0.00045371137299497663,0.0006944561831555765,8.154033251549488e-05,0.00012480663140126768,0.0007986941367568684,0.001222491025648268,0.20501333333333335,0.027100042663209548,0.041479657137565636,1,2,112,80,96,1.0,0.0,184688,14.0,324,0.0,0,0.0,639.2339498889633
5,x,19,0.9,normal,na,val,900000,0.14330222222222222,128972,0.0013100313486443995,0.00018049087570865544,9,0.002259080945871488,0.021805180773837966,0.03337527669464995,0.00029415758865478455,0.00045024120712467027,9.437093553896529e-05,0.00014444530949841625,0.00043743386563526674,0.0006695416310743879,0.1431111111111111,0.021769694401352343,0.033320960818396445,1,2,128,96,128,1.0,0.0,128972,25.0,294,0.0,0,0.0,639.3756480549928
5,x,19,1.0,m1,na,val,1790000,0.1601065306122449,281333,0.002373542148435432,0.00029540120798865255,98,0.004156281880893559,0.007390402779420202,0.03732717086448524,0.0003964678924621847,0.0020024652520196405,0.00013335560082355902,0.0006735474975110352,0.0006183748413376506,0.0031232645973214867,0.15976183673469388,0.007397232053937056,0.03736166390963847,1,2,112,80,96,1.0,0.0,281333,80.0,1061,0.0,0,0.0,1394.2039492298427
5,x,19,1.0,normal,na,val,1790000,0.12838959183673468,243324,0.001969856311749231,0.00033176070307375905,98,0.0032761912173509436,0.007318918672314836,0.0369661216010476,0.0003077679094302957,0.0015544626842126377,0.00011550426379596788,0.0005833846299006338,0.0005144666297850755,0.0025984488758229707,0.1281590306122449,0.007319107269466594,0.036967074160511315,1,2,128,96,128,1.0,0.0,243324,61.0,635,0.0,0,0.0,1406.483701103567
5,x,20,0.1,m1,na,val,7900000,0.7078986075949366,5592399,0.001402971403914962,3.488942954845317e-05,79,0.0027361639487330177,0.005951927831713397,0.026990761084745046,7.65980398746636e-05,0.0003473562604037255,5.866589512477233e-06,2.660376946606241e-05,0.0001470702988933158,0.0006669333722329104,0.706906582278481,0.005949399362422342,0.02697929499972612,0,3,144,80,128,1.0,0.0,5592399,195.0,15284,0.0,0,0.0,18892.78640337754
5,x,20,0.1,normal,na,val,7900000,0.6915608860759493,5463331,0.001450976484345948,3.232936486158141e-05,79,0.002837294238968733,0.006397514251320785,0.02901140329249302,0.00010208625551399969,0.0004629400440531555,6.166864104077321e-06,2.7965452603165278e-05,0.00019898236889646383,0.0009023438675356025,0.6905593670886075,0.006398920395488686,0.02901777986532112,0,3,160,96,160,1.0,0.0,5463331,176.0,15472,0.0,0,0.0,18252.62662084517
5,x,20,0.15,m1,na,val,7900000,0.6030364556962025,4763988,0.002478280018238172,7.177252300990786e-05,79,0.0048130149904565276,0.005969278975191007,0.02706944492994491,0.00013220550441601364,0.0005995246052493897,1.0033614602910435e-05,4.5500365968920765e-05,0.0002521843436334007,0.0011436038138861163,0.6015436708860759,0.005964374233680298,0.02704720294213172,0,3,144,80,128,1.0,0.0,4763988,342.0,22902,0.0,0,0.0,17876.521303553134
5,x,20,0.15,normal,na,val,7900000,0.5774027848101266,4561482,0.002674510615848215,8.953208082492665e-05,79,0.005169957070046577,0.007127121550768635,0.03232002141789357,0.0001578520493018056,0.0007158263792684356,1.2217071020634754e-05,5.5401889000792795e-05,0.00030041450098410906,0.0013623175972079626,0.5758608227848101,0.0071172708143899055,0.03227535036682833,0,3,160,96,160,1.0,0.0,4561482,406.0,23551,0.0,0,0.0,16884.335577196907
5,x,20,0.3,m1,na,val,7900000,0.35438696202531644,2799657,0.0075025325356256126,0.0003814226422727,79,0.014242219786705826,0.00840191796981743,0.03810095938473204,0.00045377945938410825,0.0020577959477501616,4.114554093929574e-05,0.0001865865139153461,0.000840138770597998,0.0038098554747956676,0.35175088607594934,0.008388249112899097,0.03803897394710316,0,3,144,80,128,1.0,0.0,2799657,1054.0,39542,0.0,0,0.0,15224.725216272054
5,x,20,0.3,normal,na,val,7900000,0.3291764556962026,2600494,0.007394444143068422,0.0003965259204813021,79,0.01399583644517424,0.00878055643250494,0.03981800646138515,0.0004316968479574006,0.001957655874483523,4.181226712409181e-05,0.0001896099791977862,0.0007964266360896399,0.0036116299901496787,0.3267511392405063,0.008732350652905698,0.03959940322612172,0,3,160,96,160,1.0,0.0,2600494,1028.0,36264,0.0,0,0.0,14516.716175000882
5,x,20,0.5,m1,na,val,7900000,0.1842127848101266,1455281,0.01627612764403784,0.0011735876083388908,79,0.030205080071397893,0.006234112565317929,0.02827041045917132,0.0009549193952934305,0.004330361856241555,0.00012512784153959528,0.0005674288686851941,0.0016933052137286016,0.007678788748711193,0.18122930379746835,0.006152038309350101,0.027898220691978167,0,3,144,80,128,1.0,0.0,1455281,1705.0,43729,0.0,0,0.0,13045.038312872639
5,x,20,0.5,normal,na,val,7900000,0.1641246835443038,1296585,0.017514939280641056,0.0014205164291464757,79,0.03218884570298916,0.006726107971198161,0.030501507816257847,0.0012029623202140444,0.0054551851932487135,0.00017244585286969863,0.0007820062585539187,0.0020921363679705924,0.009487405503091394,0.16125398734177215,0.006611052868070084,0.02997975673191772,0,3,160,96,160,1.0,0.0,1296585,1836.0,41685,0.0,0,0.0,12635.057357884943
5,x,20,0.7,m1,na,val,7900000,0.09544227848101265,753994,0.029172603205571915,0.002664241688481777,79,0.05301672303418028,0.005134176619304964,0.02328242855368296,0.0016216365101168377,0.007353786008232455,0.0002501434197628699,0.0011343486464615153,0.002816938630223482,0.012774233779118864,0.09269215189873418,0.005009813669380423,0.02271846831019306,0,3,144,80,128,1.0,0.0,753994,1975.0,39502,0.0,0,0.0,11461.497728497488
5,x,20,0.7,normal,na,val,7900000,0.07819392405063291,617732,0.031394789629614284,0.0030319039470177067,79,0.056725771365193155,0.004415300899932687,0.020022475923239903,0.0020818550990345922,0.009440782075969007,0.00035816948245019436,0.0016242244869217506,0.0035469913733973423,0.01608487189964123,0.07578601265822785,0.004311205263105283,0.019550423750731613,0,3,160,96,160,1.0,0.0,617732,1840.0,34365,0.0,0,0.0,11197.412280075252
5,x,20,0.9,m1,na,val,7900000,0.052635822784810125,415823,0.04799054618297308,0.005517394389044766,79,0.08494630358785663,0.00352202081044799,0.015971635563823035,0.0024480555637398415,0.011101425405566747,0.0005131349567442624,0.0023269608458488925,0.004014374472107432,0.018204357536734436,0.050168227848101266,0.0033933814062694387,0.015388282485217626,0,3,144,80,128,1.0,0.0,415823,2195.0,34598,0.0,0,0.0,10802.080900447909
5,x,20,0.9,normal,na,val,7900000,0.040260632911392404,318059,0.05012333923495702,0.0054221853630703545,79,0.08940230774377333,0.002881189426395661,0.013065597844346235,0.0027995805167695884,0.012695518326518851,0.0005362255580229363,0.0024316719445109177,0.004738311697938089,0.021487263051589014,0.038280759493670886,0.0027618644950056993,0.012524483972393773,0,3,160,96,160,1.0,0.0,318059,1699.0,27884,0.0,0,0.0,10507.38369336049
5,x,20,1.0,m1,na,val,8790000,0.03699464285714286,333114,0.060268906865694284,0.006861874145801213,168,0.10681406543978612,0.001656030796314885,0.010951332836219034,0.005687322748258353,0.03761026938736607,0.0006970397133762496,0.004609524121310215,0.011230106289659312,0.07426470089677674,0.034886101190476186,0.001573604028452793,0.01040624456160467,0,3,144,80,128,1.0,0.0,333114,2126.0,32683,0.0,0,0.0,10935.31600478967
5,x,20,1.0,normal,na,val,8790000,0.025997261904761905,234065,0.05955053456428636,0.00746627048134896,168,0.10416852816587482,0.001370097350414964,0.009060454754709218,0.0029253156106639083,0.019345114218079013,0.0008736967635192256,0.00577775731980232,0.004882764899677519,0.032289727761323946,0.024485505952380953,0.001301876133139212,0.008609307796246064,0,3,160,96,160,1.0,0.0,234065,1637.0,23518,0.0,0,0.0,10622.188517419818
5,x,21,0.1,m1,na,val,8000000,0.9043833749999999,7235067,1.240837985236885e-06,2.73704148114538e-07,80,1.934267674244694e-06,0.002903420306971394,0.013249479946206824,6.079752193023216e-07,2.774436569378231e-06,3.7692609828246395e-07,1.720066078068074e-06,1.0065882919241858e-06,4.593469073669147e-06,0.9043822499999999,0.002903375777289369,0.013249276739276162,2,1,80,48,64,1.0,0.0,7235067,2.0,14,0.0,0,0.0,21059.8506891469
5,x,21,0.1,normal,na,val,8000000,0.8921245000000001,7136996,2.1960571011142043e-06,0.0,80,4.392114202228409e-06,0.0032544614568343335,0.014851422546192995,8.812566337676342e-07,4.02153007903483e-06,0.0,0.0,1.7625132675352683e-06,8.04306015806966e-06,0.8921225625,0.003254731106830806,0.01485265306807513,2,1,96,64,96,1.0,0.0,7136996,0.0,31,0.0,0,0.0,20778.434328421485
5,x,21,0.15,m1,na,val,8000000,0.8600617500000001,6880494,2.8577352698271612e-06,2.940000470400075e-07,80,5.127470445574307e-06,0.00400931590265468,0.01829612837062611,1.1369432893558753e-06,5.188331595024389e-06,5.762400921984145e-07,2.6296163622783702e-06,1.8609296807893758e-06,8.492174015493937e-06,0.8600593125,0.004009512552217433,0.0182970257620344,2,1,80,48,64,1.0,0.0,6880494,2.0,35,0.0,0,0.0,20908.97216531867
5,x,21,0.15,normal,na,val,8000000,0.8436047500000001,6748838,4.526419032806813e-06,1.4456883789785344e-07,80,8.76370038981792e-06,0.004657762766757357,0.02125525340721826,1.1560678933724395e-06,5.275604890175007e-06,2.8335492227979274e-07,1.2930629958709924e-06,2.29592020972781e-06,1.0477211550748893e-05,0.8436009375,0.004657802482289956,0.021255434645240007,2,1,96,64,96,1.0,0.0,6748838,1.0,59,0.0,0,0.0,20177.101801276905
5,x,21,0.3,m1,na,val,8000000,0.736419625,5891357,2.3445691229077757e-05,1.010544762774607e-06,80,4.4870292932606295e-05,0.006244446566655844,0.028495932663076814,3.857446205901728e-06,1.7603085583561052e-05,9.211071376135387e-07,4.203384029110461e-06,7.318643564817356e-06,3.339792757963877e-05,0.7364025,0.006245100280697022,0.02849891582437053,2,1,80,48,64,1.0,0.0,5891357,6.0,262,0.0,0,0.0,20050.955563326133
5,x,21,0.3,normal,na,val,8000000,0.716839,5734712,3.0452333218266015e-05,2.080455286432227e-06,80,5.6743755863667584e-05,0.005506038281307188,0.02512627731371221,4.954224350810203e-06,2.2608127396319142e-05,1.4634004900881873e-06,6.67808770233407e-06,8.735164935225864e-06,3.986208691803588e-05,0.7168173125,0.005506730318585808,0.02512943535942233,2,1,96,64,96,1.0,0.0,5734712,12.0,323,0.0,0,0.0,19363.97132766922
5,x,21,0.5,m1,na,val,8000000,0.608971,4871768,0.00011760953548809942,1.0126040213053903e-05,80,0.00021496699055009104,0.008407545052490091,0.038367025022979354,1.4440258320853734e-05,6.589673309813453e-05,3.341526216093372e-06,1.5248734219964148e-05,2.619298147484396e-05,0.00011952915736968122,0.6089005000000001,0.008410144533345848,0.038378887504407266,2,1,80,48,64,1.0,0.0,4871768,50.0,1028,0.0,0,0.0,19326.643834084738
5,x,21,0.5,normal,na,val,8000000,0.572954625,4583637,0.00015067794032416708,1.3854444916232918e-05,80,0.00027364699081586826,0.008815181825070907,0.04022723631608002,1.738806761656296e-05,7.934877793468883e-05,4.2382474995962485e-06,1.9340835744011683e-05,3.137179449196807e-05,0.00014316217359223286,0.5728698125,0.008818402821411397,0.040241935023779235,2,1,96,64,96,1.0,0.0,4583637,63.0,1231,0.0,0,0.0,18582.640669991728
5,x,21,0.7,m1,na,val,8000000,0.5025595,4020476,0.0004159876682396415,4.1810276548037584e-05,80,0.000748354783383208,0.009513922139743882,0.04341587068797465,5.8713852927154006e-05,0.0002679350334000844,8.794820699436034e-06,4.0134320273186165e-05,0.000103775842088389,0.0004735710965957583,0.5023556874999999,0.009522912775731312,0.043456898592523316,2,1,80,48,64,1.0,0.0,4020476,164.0,2933,0.0,0,0.0,18427.25943310745
5,x,21,0.7,normal,na,val,8000000,0.444135375,3553083,0.0004670044134574564,4.9857651424569323e-05,80,0.0008342935240657741,0.013761657939806894,0.06280000538062842,4.493357599019772e-05,0.00020505006201272354,9.332042851593855e-06,4.258588201041805e-05,8.131114501561603e-05,0.00037105560731277685,0.44393374999999996,0.013763316667407436,0.06280757482485488,2,1,96,64,96,1.0,0.0,3553083,167.0,2892,0.0,0,0.0,17883.48237020499
5,x,21,0.9,m1,na,val,8000000,0.421776375,3374211,0.0007943228696286548,9.190515616546818e-05,80,0.0014048354269263733,0.009909701082176406,0.04522196991112178,7.565308531722398e-05,0.00034523559485082463,1.4243918010501166e-05,6.500075293349831e-05,0.00013570221136780108,0.0006192640190111182,0.42144456249999995,0.009908277787703887,0.045215474843381884,2,1,80,48,64,1.0,0.0,3374211,308.0,4693,0.0,0,0.0,17914.459144244436
5,x,21,0.9,normal,na,val,8000000,0.37443550000000003,2995484,0.0009889719728338113,0.0001296970307809091,80,0.0017185498841058046,0.010657809776449487,0.04863589214572019,0.0001494759635004204,0.0006821192150800357,2.9166044545357073e-05,0.0001330964453840926,0.0002480345857758447,0.0011318820297261047,0.374086625,0.010674855000848912,0.04871367639153417,2,1,96,64,96,1.0,0.0,2995484,362.0,4858,0.0,0,0.0,17435.253936165012
5,x,21,1.0,m1,na,val,8890000,0.36159189349112425,3395036,0.001430441098267398,0.000178965102003637,169,0.002502951992527522,0.00854255243999862,0.056659786591827584,0.00013980721105433868,0.0009272927263808178,3.635521997801381e-05,0.000241131561078663,0.00023708304724151863,0.001572489599050889,0.36110180473372777,0.008554081551114963,0.05673625518596659,2,1,80,48,64,1.0,0.0,3395036,482.0,6817,0.0,0,0.0,18890.916023734844
5,x,21,1.0,normal,na,val,8890000,0.29279082840236687,2833822,0.0020621543458909752,0.0003447050793308019,169,0.003434898533120347,0.009215966759131259,0.061126310137095075,0.00021921501586507204,0.0014539771460438452,6.478319567946957e-05,0.00042968446113933896,0.00035271744840954106,0.0023394524639408333,0.2922318047337278,0.009228522125459087,0.06120958552600414,2,1,96,64,96,1.0,0.0,2833822,613.0,7184,0.0,0,0.0,18084.18124783378
5,x,22,0.1,m1,na,val,900000,0.7044955555555555,634046,0.0016015083709982846,5.3361018996167316e-05,9,0.0030962947040042346,0.009518030845547306,0.014568414559511182,0.000328761238463585,0.0005032059772401811,2.4615441602259233e-05,3.767669632998862e-05,0.0006378212618662873,0.0009762570334688073,0.7033677777777778,0.009522817313156486,0.014575740785443603,0,3,144,80,128,1.0,0.0,634046,34.0,1962,0.0,0,0.0,756.9876510554459
5,x,22,0.1,normal,na,val,900000,0.6805533333333333,612498,0.0018802703094498272,5.434653513040067e-05,9,0.0036518475486388524,0.015346802433659514,0.02349000372498905,0.00031716911407955636,0.0004854629297136067,2.6685412615033198e-05,4.084501930872428e-05,0.000604847922262613,0.0009257876361162444,0.6792805555555556,0.015463928213789488,0.02366927787824922,0,3,160,96,160,1.0,0.0,612498,33.0,2225,0.0,0,0.0,768.3234380709473
5,x,22,0.15,m1,na,val,900000,0.5802333333333334,522210,0.002991003983436633,0.00012999441620776633,9,0.005722019134457733,0.022483003192238865,0.03441275998812071,0.0004687894132440396,0.0007175348161898565,5.714701310017147e-05,8.746991801046654e-05,0.0008446848211652654,0.0012928849303549981,0.5785011111111111,0.02245436105853742,0.03436891998755728,0,3,144,80,128,1.0,0.0,522210,68.0,2982,0.0,0,0.0,727.5560782104731
5,x,22,0.15,normal,na,val,900000,0.5698844444444444,512896,0.0031785583438036693,0.0001395671327178229,9,0.006077982422171693,0.013471033132825374,0.020618928264528633,0.0005090091835600926,0.0007790956891225907,6.138869458547269e-05,9.396228763082555e-05,0.0009077673249943193,0.0013894397831545704,0.5680761111111111,0.01349483691011099,0.020655362617516822,0,3,160,96,160,1.0,0.0,512896,71.0,3113,0.0,0,0.0,720.5320335179567
5,x,22,0.3,m1,na,val,900000,0.34495000000000003,310455,0.012557876648773038,0.000773579775710838,9,0.0235685937461244,0.025442089981847882,0.038941974462012065,0.0021932260162263856,0.0033569785962648756,0.00021524369912820593,0.0003294546415227642,0.003987883969052211,0.006103904034263589,0.3406444444444444,0.02529760974018671,0.03872083123497966,0,3,144,80,128,1.0,0.0,310455,238.0,7274,0.0,0,0.0,637.8265279855113
5,x,22,0.3,normal,na,val,900000,0.3200866666666667,288078,0.009154641553783212,0.0004968553116293397,9,0.017315572484307748,0.02132550456352414,0.03264107841355736,0.0011516885711933423,0.0017627886293775648,9.474553207911439e-05,0.00014501867154966488,0.002133741937480643,0.0032659315369601674,0.31714611111111113,0.02105700515438046,0.032230109930174174,0,3,160,96,160,1.0,0.0,288078,144.0,5005,0.0,0,0.0,613.7828852301463
5,x,22,0.5,m1,na,val,900000,0.19695222222222222,177257,0.021464528250310262,0.0015295303183432713,9,0.03986999586393398,0.01326301174519145,0.020300528181415485,0.0022766277885303754,0.003484634370199554,0.00032319533306246934,0.0004946867342792899,0.00403622787388979,0.006177899806974169,0.19273388888888887,0.013084150600904915,0.020026761123834055,0,3,144,80,128,1.0,0.0,177257,271.0,7051,0.0,0,0.0,549.8217333513312
5,x,22,0.5,normal,na,val,900000,0.1426333333333333,128370,0.02345125579402145,0.0018274920439534286,9,0.04324752750013604,0.016058872199503922,0.024579906427812128,0.002140669583473665,0.0032765350767454057,0.00021023874508628495,0.0003217939975810484,0.0038971722658817376,0.005965059590635313,0.13929,0.015666630911732246,0.023979537109794256,0,3,160,96,160,1.0,0.0,128370,235.0,5548,0.0,0,0.0,518.8684967875015
5,x,22,0.7,m1,na,val,900000,0.09275333333333333,83478,0.03533166632353176,0.003522333674612189,9,0.06361866529783915,0.010183080819564271,0.01558634819321062,0.007003847733107506,0.010720175101695161,0.0013033453262807984,0.001994916315735916,0.011549082194274396,0.017677166623889382,0.08956166666666666,0.010177139443980427,0.01557725425099045,0,3,144,80,128,1.0,0.0,83478,279.0,5187,0.0,0,0.0,484.965462180553
5,x,22,0.7,normal,na,val,900000,0.07145333333333333,64308,0.0401059510296631,0.004119612234291782,9,0.07197267759074262,0.011014242821204027,0.016858534930414327,0.006546619124567331,0.010020335394745915,0.0014085887811715603,0.002156003236487082,0.010500624635401875,0.01607238464602328,0.06862222222222221,0.010696919485314855,0.016372835946910493,0,3,160,96,160,1.0,0.0,64308,262.0,4572,0.0,0,0.0,461.1053808128927
5,x,22,0.9,m1,na,val,900000,0.042001111111111114,37801,0.055808219014787136,0.006416328184501211,9,0.09878378166057186,0.00932979412470515,0.014280297129650739,0.007134838522142766,0.010920671207361376,0.0013648600883719945,0.0020890715638346856,0.012709181205685876,0.01945282837604981,0.039620555555555555,0.008745665518168357,0.013386222731890341,0,3,144,80,128,1.0,0.0,37801,240.0,3805,0.0,0,0.0,437.6690591080114
5,x,22,0.9,normal,na,val,900000,0.03329111111111111,29962,0.06407223681496574,0.007678504648342995,9,0.1127874643332455,0.011188711232331174,0.01712557841683343,0.008098838731691912,0.012396181732181499,0.0016079541193100926,0.002461154264250142,0.016066629882957213,0.024591780433097774,0.031228333333333334,0.010601731892845516,0.016227140652314564,0,3,160,96,160,1.0,0.0,29962,226.0,3261,0.0,0,0.0,440.40680713183247
5,x,22,1.0,m1,na,val,1790000,0.03186724489795918,55700,0.0744626054293244,0.008914337325820402,98,0.131096536207008,0.0020292701125505007,0.010249361838883198,0.0037170425701110233,0.018773900052032697,0.0012250526186651934,0.006187450099774972,0.006351723022123679,0.03208104586544546,0.02952933673469388,0.0019075962160274012,0.00963481585799124,0,3,144,80,128,1.0,0.0,55700,499.0,7187,0.0,0,0.0,925.4125444081692
5,x,22,1.0,normal,na,val,1790000,0.024782857142857145,45070,0.0803872066178169,0.0108767978881239,98,0.139020817459386,0.0019780214385962534,0.009990516946884149,0.005999285977584977,0.03030096997876931,0.0015809096680258997,0.007984799619317766,0.010866257515396775,0.054882888394688176,0.022879030612244895,0.0018546678299033363,0.00936748713837991,0,3,160,96,160,1.0,0.0,45070,459.0,5896,0.0,0,0.0,932.6399853327312
5,x,23,0.1,m1,na,val,900000,0.8065566666666667,725901,0.0023168351510734052,9.105646937148943e-05,9,0.004451557363403833,0.011981288138129764,0.01833870633387209,0.0006040511126342221,0.0009245680295421767,2.5758795139435973e-05,3.9426727254238735e-05,0.0011713902789987094,0.001792944304589861,0.804685,0.011874933068302597,0.01817591796168765,1,2,112,48,96,1.0,0.0,725901,66.0,3237,0.0,0,0.0,838.2497363951989
5,x,23,0.1,normal,na,val,900000,0.7892311111111111,710308,0.0020874518911359954,0.00010010494912593102,9,0.003974693884020128,0.014507607762842717,0.02220552208598375,0.0002825720516320552,0.0004325082422939621,2.058515755803933e-05,3.150789422148877e-05,0.0005372488377211602,0.0008223196495732043,0.78759,0.014642689129239727,0.022412279279448562,1,2,128,64,128,1.0,0.0,710308,71.0,2812,0.0,0,0.0,832.6066117186565
5,x,23,0.15,m1,na,val,900000,0.7417666666666667,667590,0.003780759328581372,0.00019599377702384793,9,0.007169531103115048,0.023659567109780826,0.03621362312721555,0.0009333149558208304,0.001428543299725761,6.840990992849119e-05,0.00010470904580891508,0.001739045821934265,0.002661804829491222,0.7389861111111111,0.023945211296797345,0.03665083361754696,1,2,112,48,96,1.0,0.0,667590,129.0,4747,0.0,0,0.0,853.7564882542938
5,x,23,0.15,normal,na,val,900000,0.7039277777777778,633535,0.003609883738128282,0.00021014815444342014,9,0.006799471167369724,0.025550185622325895,0.0391074269729478,0.0009316440323544995,0.0014259857638079076,0.00010978409127648608,0.0001680368744027848,0.001647966634048728,0.0025223979092582572,0.7014183333333333,0.02585960101883502,0.03958102196760462,1,2,128,64,128,1.0,0.0,633535,130.0,4257,0.0,0,0.0,839.1204658616334
5,x,23,0.3,m1,na,val,900000,0.5471866666666667,492468,0.01024804192150926,0.000779879195976265,9,0.01893632545106599,0.020173154730537875,0.03087727764878246,0.001888912890785513,0.0028911932001819077,0.00023580031345730738,0.0003609188471285317,0.003350800158852886,0.005128775753346254,0.5416122222222222,0.02042559141262031,0.03126366032543925,1,2,112,48,96,1.0,0.0,492468,381.0,9272,0.0,0,0.0,761.356447938364
5,x,23,0.3,normal,na,val,900000,0.51469,463221,0.010297551640567412,0.0007784869998217261,9,0.01903812928149137,0.040062716170746304,0.061320483934815775,0.0020251635911315933,0.0030997401905075413,0.0001687584951493375,0.00025830381910612883,0.003763980165307805,0.005761194130573171,0.5095122222222223,0.04043433901784167,0.06188929441506379,1,2,128,64,128,1.0,0.0,463221,354.0,8612,0.0,0,0.0,764.3847552028019
5,x,23,0.5,m1,na,val,900000,0.34652222222222223,311870,0.03160530197183062,0.003070292678963767,9,0.05707001858573371,0.058387712338106974,0.0893689474562862,0.008655054492942328,0.013247532387156626,0.0011373803674412763,0.0017408883175121575,0.01516768291611256,0.02321584119813147,0.33610833333333334,0.0579647083866554,0.08872149242855419,1,2,112,48,96,1.0,0.0,311870,921.0,16903,0.0,0,0.0,714.4070212978404
5,x,23,0.5,normal,na,val,900000,0.32345222222222225,291107,0.025638651837271185,0.002623584736095147,9,0.04603013420235207,0.02956945630555996,0.04525937189626525,0.003225555833607414,0.004937075255521553,0.0005031076341844526,0.0007700627053843662,0.005722050289126135,0.00875824023845837,0.3152483333333333,0.029325693419707338,0.04488626543832756,1,2,128,64,128,1.0,0.0,291107,751.0,13265,0.0,0,0.0,715.4871312656906
5,x,23,0.7,m1,na,val,900000,0.26396444444444445,237568,0.04198444529361241,0.004599989695604292,9,0.07476891119601622,0.02376164556140166,0.03636986565520662,0.009145492705090054,0.013998203120035796,0.001382991132970596,0.002116823162710096,0.0155658119717642,0.023825222405761532,0.2530883333333333,0.024051536959713085,0.03681357697915268,1,2,112,48,96,1.0,0.0,237568,1071.0,17435,0.0,0,0.0,671.5504262326285
5,x,23,0.7,normal,na,val,900000,0.19308333333333333,173775,0.05114985559449649,0.005788452157386791,9,0.0907228068742194,0.012463339837031375,0.019076540566884757,0.006274172754832607,0.009603325645151949,0.0007249233328927527,0.0011095765299378867,0.011987092250414172,0.018347590179205366,0.18317777777777777,0.011646793693582116,0.017826725041197117,1,2,128,64,128,1.0,0.0,173775,1004.0,15822,0.0,0,0.0,667.8984154420905
5,x,23,0.9,m1,na,val,900000,0.20109555555555556,180986,0.06739848063712937,0.008340782782293603,9,0.11811539570967154,0.031074205962986778,0.04756256014742874,0.011926586539421328,0.018254979397073462,0.0017254294423195585,0.0026409634321217733,0.020492273698704294,0.03136572504903719,0.187755,0.02973670660582828,0.0455153672538188,1,2,112,48,96,1.0,0.0,180986,1477.0,21059,0.0,0,0.0,671.9612008994445
5,x,23,0.9,normal,na,val,900000,0.13658111111111113,122923,0.07248517961554793,0.009514732977549798,9,0.12594089327599628,0.0245043835712997,0.037506709547907705,0.01633198833284203,0.02499794132577862,0.001671614791979762,0.0025585940693567785,0.029469340913154174,0.045106134050746184,0.12715166666666666,0.023713003735198867,0.03629541388040643,1,2,128,64,128,1.0,0.0,122923,1142.0,14689,0.0,0,0.0,666.4507129148114
5,x,23,1.0,m1,na,val,1790000,0.14061061224489796,254397,0.07748454568821816,0.01026444526470576,98,0.1344402008470248,0.0077920079595209055,0.03935558333740561,0.00395911362056642,0.019996543489932423,0.0008926608871231422,0.004508618332748379,0.006711651704603668,0.03389896023776789,0.13015545918367347,0.0075230828266200514,0.037997306300936416,1,2,112,48,96,1.0,0.0,254397,2414.0,31343,0.0,0,0.0,1381.7682532690123
5,x,23,1.0,normal,na,val,1790000,0.12101010204081633,217715,0.08158450177458947,0.01205061875297124,98,0.13906776604323645,0.006238920385358781,0.03151130651264416,0.003989036910238084,0.02014767892594845,0.0008851800277515895,0.0044708342871003235,0.006911555758177198,0.0349086281796859,0.11143979591836733,0.0059838452509760704,0.030222982532400695,1,2,128,64,128,1.0,0.0,217715,2623.0,30403,0.0,0,0.0,1431.712490348098
5,x,24,0.1,m1,na,val,900000,0.70645,635805,0.05045282796537493,0.0023528185490554604,9,0.09620001883263894,0.0091068251447899,0.01393901807876005,0.003259279113146701,0.004988692520122502,0.0003052219404585988,0.00046717643947744714,0.006629409202929479,0.010147054902443081,0.6707977777777778,0.008603104073645462,0.013168016439253256,0,3,144,48,128,1.0,0.0,635805,1497.0,61180,0.0,0,0.0,776.6625206200406
5,x,24,0.1,normal,na,val,900000,0.6861888888888888,617570,0.050197998625613686,0.002245072079637998,9,0.09590585309195138,0.01483408096364749,0.022705225964766568,0.004442324213897672,0.0067994758375984786,0.0004556556997643859,0.0006974321935169171,0.008443959711690542,0.012924428130138586,0.6518183333333334,0.015912870183875983,0.02435643395491222,0,3,160,64,160,1.0,0.0,617570,1384.0,59099,0.0,0,0.0,773.4359012739733
5,x,24,0.15,m1,na,val,900000,0.5695677777777778,512611,0.07780632260823767,0.0042482812391540295,9,0.14711608273816726,0.016245519173051205,0.02486559057099674,0.007829298066972159,0.01198361949026351,0.0007666622792531922,0.0011734626723263145,0.016274945494766997,0.024910630859337243,0.5252938888888888,0.016285916359216123,0.024927422998800193,0,3,144,48,128,1.0,0.0,512611,2173.0,75347,0.0,0,0.0,708.1621010659728
5,x,24,0.15,normal,na,val,900000,0.5729866666666666,515688,0.07611694764838074,0.004263781272982444,9,0.1437063327507966,0.026780223387666734,0.04099013783826541,0.007827469688852125,0.01198082095232468,0.0005617474233035087,0.0008598174846482276,0.014813499955574861,0.02267372442179826,0.5295883333333333,0.02726811404339021,0.04173690925008706,0,3,160,64,160,1.0,0.0,515688,2184.0,73749,0.0,0,0.0,735.3669073472265
5,x,24,0.3,m1,na,val,900000,0.35667888888888893,321011,0.14649896788776445,0.007730065898637205,9,0.2775378039782545,0.02440090353082225,0.037348321730850384,0.01279025615856751,0.019576922691684963,0.0012046236848311203,0.0018438117624966128,0.024768157979183046,0.03791044588650466,0.3044188888888889,0.02149611835917369,0.032902221978327074,0,3,144,48,128,1.0,0.0,321011,2466.0,89136,0.0,0,0.0,640.447494174121
5,x,24,0.3,normal,na,val,900000,0.31969333333333333,287724,0.14449999014932036,0.009458055865793092,9,0.2700838685670546,0.021225259110995293,0.03248764149642137,0.009101046636685931,0.013930173423498874,0.0009494201311705094,0.0014531940783222084,0.01857111895069867,0.028425182067395922,0.27361555555555556,0.019245118540962003,0.029456814093309185,0,3,160,64,160,1.0,0.0,287724,2703.0,77534,0.0,0,0.0,632.782766801538
5,x,24,0.5,m1,na,val,900000,0.17878444444444444,160906,0.2169843116876322,0.01590185352875601,9,0.40216491631775236,0.008731765849097016,0.013364947728209717,0.015319892766382764,0.02344881545874913,0.0021395284974803784,0.0032747885165515995,0.028803688730389066,0.04408727866896286,0.13993333333333335,0.006813811925542607,0.010429303967667256,0,3,144,48,128,1.0,0.0,160906,2557.0,64818,0.0,0,0.0,534.1683937802445
5,x,24,0.5,normal,na,val,900000,0.17687333333333333,159186,0.2302106654039281,0.017653733603242166,9,0.4251138636013719,0.020939518579523794,0.03205028354008744,0.020461826123012523,0.031319121616855905,0.0037307201091292944,0.005710285881320349,0.03658727398946503,0.056000929575711775,0.13649333333333333,0.017177531689939886,0.026292140341744725,0,3,160,64,160,1.0,0.0,159186,2685.0,67314,0.0,0,0.0,554.7712502249051
5,x,24,0.7,m1,na,val,900000,0.08862555555555555,79763,0.2857350957758792,0.018932442925984713,9,0.5336053056997889,0.014808257640140855,0.02266570046960335,0.02613899146380715,0.04000866040378646,0.0021704572195556542,0.0033221283972790622,0.05153852737083559,0.07888550107780959,0.06342388888888889,0.011171890367666545,0.017099832195407977,0,3,144,48,128,1.0,0.0,79763,1475.0,42413,0.0,0,0.0,493.2593318326399
5,x,24,0.7,normal,na,val,900000,0.07524333333333333,67719,0.30311495324045634,0.025381190858047627,9,0.5554675247648174,0.014826727795587413,0.02269397111569502,0.01786702887878103,0.0273474931818077,0.0028863559222735446,0.004417891717765629,0.03593842225973203,0.055007789173059235,0.05264222222222222,0.01081864470556773,0.016559150059542442,0,3,160,64,160,1.0,0.0,67719,1741.0,37200,0.0,0,0.0,502.5392274421174
5,x,24,0.9,m1,na,val,900000,0.05540222222222222,49862,0.33092313516381944,0.0220844029423241,9,0.6176774644429908,0.008073947665986349,0.012358083162224004,0.01580101141414476,0.02418522155226239,0.00206461629324293,0.0031601269794534646,0.033703595868229436,0.051587136533004244,0.03698055555555555,0.005143321396952137,0.007872430709620617,0,3,144,48,128,1.0,0.0,49862,1094.0,30971,0.0,0,0.0,469.58449096465483
5,x,24,0.9,normal,na,val,900000,0.042997777777777774,38698,0.3604695373971839,0.0337082192372449,9,0.6535226363198778,0.006834746344133186,0.010461346445101816,0.016011625930282526,0.024507590709616108,0.0038473404394332197,0.005888786386887581,0.031411068179471285,0.048078165580823395,0.027544444444444444,0.00448767434562109,0.006868889304522077,0,3,160,64,160,1.0,0.0,38698,1263.0,25290,0.0,0,0.0,490.22855946584605
5,x,24,1.0,m1,na,val,1790000,0.03830112244897959,61863,0.3518479780376955,0.023930297880528324,98,0.6630899577996477,0.0024778730823775325,0.01251514899620547,0.009288592274059633,0.04691447560474672,0.0015718462781891703,0.007939022587788563,0.012075946177996962,0.06099273879789588,0.024778265306122448,0.0016554081868695224,0.008361073961194048,0,3,144,48,128,1.0,0.0,61863,1515.0,40906,0.0,0,0.0,952.7801812355683
5,x,24,1.0,normal,na,val,1790000,0.031128367346938777,53454,0.381557508077225,0.032538572400424876,98,0.6980378713536003,0.001793727285642311,0.009059690909121553,0.006186472980910196,0.031246407117349675,0.0026890661324529344,0.013581834980832519,0.012580964312897121,0.06354346556796792,0.01938933673469388,0.0011644085923764045,0.005881151512437415,0,3,160,64,160,1.0,0.0,53454,1710.0,36648,0.0,0,0.0,995.9093992217677
5,x,25,0.1,m1,na,val,8000000,0.9503349999999999,7602680,2.63236559088681e-07,0.0,80,5.26473118177362e-07,0.0031414269387563783,0.014335600370221085,2.5304937117906684e-07,1.1547665216734074e-06,0.0,0.0,5.060987423581337e-07,2.309533043346815e-06,0.95033475,0.003141428708744686,0.01433560844739287,3,0,48,16,32,1.0,0.0,7602680,0.0,4,0.0,0,0.0,21114.614536609733
5,x,25,0.1,normal,na,val,8000000,0.9548584999999999,7638868,5.89068848721665e-07,1.2976092846539537e-07,80,9.186158405125393e-07,0.00309619474453008,0.0141291875925446,4.072868058818509e-07,1.8586142536542447e-06,2.543314197921749e-07,1.160617027488446e-06,6.542003737518469e-07,2.985380625744691e-06,0.9548579374999999,0.0030961936465739217,0.014129182582127038,3,0,64,32,64,1.0,0.0,7638868,1.0,7,0.0,0,0.0,21108.691954311682
5,x,25,0.15,m1,na,val,8000000,0.9252421249999999,7401937,1.2918176460630126e-06,0.0,80,2.583635292126025e-06,0.004291112281553101,0.019582079103340717,6.420783165224117e-07,2.9300627808627325e-06,0.0,0.0,1.2841566330448233e-06,5.860125561725465e-06,0.9252409374999999,0.004291186462074598,0.01958241761903189,3,0,48,16,32,1.0,0.0,7401937,0.0,19,0.0,0,0.0,21178.697982406477
5,x,25,0.15,normal,na,val,8000000,0.932948,7463584,4.121043172283064e-06,1.3379429929249574e-07,80,7.974497745981135e-06,0.004350531198344296,0.019853231628023403,1.108294341448317e-06,5.05759487052408e-06,2.622368266132917e-07,1.1966925928798901e-06,2.2013008008954124e-06,1.004542495862627e-05,0.9329441875000001,0.004350833788810335,0.019854612470577293,3,0,64,32,64,1.0,0.0,7463584,1.0,59,0.0,0,0.0,20560.952796009602
5,x,25,0.3,m1,na,val,8000000,0.854597625,6836781,1.5871848551815396e-05,5.65648241637428e-07,80,3.061240062035594e-05,0.010373149947127056,0.04733687433178458,3.3085515580878384e-06,1.5098257532545411e-05,7.791870274124671e-07,3.555745225469936e-06,6.593957202168993e-06,3.0090890907702434e-05,0.8545843124999999,0.010373932049693358,0.04734044338179199,3,0,48,16,32,1.0,0.0,6836781,4.0,205,0.0,0,0.0,20724.755439846078
5,x,25,0.3,normal,na,val,8000000,0.8669846250000001,6935877,4.4926704125600704e-05,2.666005047517409e-06,80,8.452139815616659e-05,0.00789104401214871,0.03601002209103509,7.713494160375285e-06,3.519979038091185e-05,1.6940979926482059e-06,7.730853616545566e-06,1.3457963608910537e-05,6.141412544539256e-05,0.8669463125,0.007893851672743493,0.036022834580724236,3,0,64,32,64,1.0,0.0,6935877,18.0,577,0.0,0,0.0,20423.946869098814
5,x,25,0.5,m1,na,val,8000000,0.767986,6143888,9.048871951896561e-05,4.635369211590645e-06,80,0.00017170670061474993,0.01333595195322076,0.06085733696341371,1.452568371476175e-05,6.628656368544681e-05,2.4234753948364184e-06,1.1059297397249744e-05,2.650278184619699e-05,0.00012094290163457929,0.7679171874999999,0.013336637586307288,0.06086046578420779,3,0,48,16,32,1.0,0.0,6143888,28.0,1045,0.0,0,0.0,20369.511353597278
5,x,25,0.5,normal,na,val,8000000,0.797999625,6383997,0.0002770701405251522,2.0408620893485902e-05,80,0.0005133230392633326,0.009973346153266878,0.04551240808538934,4.885943250612963e-05,0.00022296533148116076,5.771962260865769e-06,2.633979587522293e-05,8.91182363830217e-05,0.0004066825195659827,0.7977806249999999,0.009978409075804287,0.045535512246529054,3,0,64,32,64,1.0,0.0,6383997,129.0,3246,0.0,0,0.0,20211.194758140482
5,x,25,0.7,m1,na,val,8000000,0.6942375000000001,5553900,0.00032369626907393213,2.824692834660378e-05,80,0.0005908986814546567,0.020310721009440223,0.09268602622273772,5.5365123032855994e-05,0.00025265342588592926,8.464731965262548e-06,3.8627992011515204e-05,9.804224419531838e-05,0.00044740637283135934,0.69401875,0.020314849892249423,0.09270486798321223,3,0,48,16,32,1.0,0.0,5553900,153.0,3194,0.0,0,0.0,20288.64626883506
5,x,25,0.7,normal,na,val,8000000,0.733748375,5869987,0.000882935670253822,9.312336073089266e-05,80,0.0015796246190458586,0.014874365550814693,0.06787773978327094,0.00013108213396048943,0.0005981807391252819,1.6422189658652115e-05,7.494108656355142e-05,0.00023175674733038842,0.001057599676071411,0.7331204375,0.014899434067529567,0.06799213755361695,3,0,64,32,64,1.0,0.0,5869987,527.0,8993,0.0,0,0.0,19923.54206243297
5,x,25,0.9,m1,na,val,8000000,0.628251,5026008,0.0007454558726772559,8.694262607972011e-05,80,0.0013170264931950716,0.018951941138039833,0.08648536467394244,0.00010507604937073247,0.00047950446775526904,1.5511861488347165e-05,7.078689131735781e-05,0.00018350274215901634,0.0008373971541330144,0.627795875,0.018960214022638644,0.08652311718890765,3,0,48,16,32,1.0,0.0,5026008,424.0,6434,0.0,0,0.0,19711.83209355385
5,x,25,0.9,normal,na,val,8000000,0.67184575,5374766,0.0020579297206231267,0.00026578288045110444,80,0.003584293680344045,0.012373968094022525,0.05646741593805689,0.0002686294093021411,0.0012258645305208203,4.4603206219555544e-05,0.0002035424512680972,0.000453450902532692,0.0020692796786157775,0.6705094375,0.01246048170213751,0.05686221248647298,3,0,64,32,64,1.0,0.0,5374766,1373.0,18635,0.0,0,0.0,19702.43557491596
5,x,25,1.0,m1,na,val,8890000,0.5557550295857988,5237059,0.0025136088331221343,0.0003452772030919025,169,0.004336663260060463,0.018266578612937154,0.12115587855519541,0.0006348923691421042,0.004211020815738447,0.00010712619944247006,0.0007105309146694443,0.0011407645876577448,0.007566295734464635,0.5546541420118343,0.018307429633502414,0.12142682920180173,3,0,48,16,32,1.0,0.0,5237059,763.0,11186,0.0,0,0.0,20607.282770891077
5,x,25,1.0,normal,na,val,8890000,0.6018070414201183,5715341,0.0052499324775313405,0.0009701719504073989,169,0.008559521054247883,0.014208105002832719,0.09423743114123742,0.0006505377120862232,0.004314790947510664,0.00016713738528961674,0.0011085642901862334,0.0009917659685557856,0.006578039587359804,0.5989625147928994,0.014396787389611232,0.09548889595150307,3,0,64,32,64,1.0,0.0,5715341,2892.0,30979,0.0,0,0.0,20525.847356129525
5,x,26,0.1,m1,na,val,900000,0.7192722222222222,647345,0.0023371939940768985,9.822464579265438e-05,9,0.004477938696568488,0.012857738507986266,0.019680212002019797,0.00045437774318333275,0.0006954761375255093,3.497989577208421e-05,5.354065679400645e-05,0.0008750582940574002,0.001339374939883776,0.7175827777777778,0.012605921925066172,0.019294778456733937,0,3,144,80,128,1.0,0.0,647345,64.0,2913,0.0,0,0.0,763.8382905740291
5,x,26,0.1,normal,na,val,900000,0.6794888888888889,611540,0.0028030369598638226,0.00012384488066270155,9,0.005358384158402242,0.01948636172986532,0.02982606387224284,0.00037714036112937693,0.0005772556547898627,3.652345720982692e-05,5.590325083136774e-05,0.0007121730850634621,0.001090060844484891,0.6775922222222222,0.01956599949744959,0.02994795841446366,0,3,160,96,160,1.0,0.0,611540,75.0,3264,0.0,0,0.0,769.599412565818
5,x,26,0.15,m1,na,val,900000,0.6153444444444445,553810,0.005012579140812403,0.00022669540256448068,9,0.009571767476495845,0.011511351000503387,0.017619414796688857,0.0007529823727126853,0.001152524039866355,7.117615419126769e-05,0.00010894309314989953,0.0013870997874337759,0.0021231119195414937,0.6122688888888889,0.01168615549716104,0.017886972699736287,0,3,144,80,128,1.0,0.0,553810,125.0,5286,0.0,0,0.0,737.0515128872357
5,x,26,0.15,normal,na,val,900000,0.5897422222222222,530768,0.004478601761697636,0.00020128384759420025,9,0.00855463582820687,0.021478898416450436,0.032875864923138425,0.0005543218468854548,0.0008484518064573288,6.828156984980079e-05,0.0001045126069129604,0.001009213481978918,0.0015447145132330379,0.5871038888888889,0.021420414795689253,0.03278634917707539,0,3,160,96,160,1.0,0.0,530768,108.0,4533,0.0,0,0.0,718.1829083182383
5,x,26,0.3,m1,na,val,900000,0.3654833333333333,328935,0.014372674634122245,0.0011216234205190772,9,0.026502102427206332,0.02311088219163336,0.03537379927290821,0.0013335648760385676,0.002041170728630461,0.00021438552873951746,0.0003281411154176288,0.0023080612275332407,0.003532746776836593,0.3602383333333333,0.02285529700674807,0.03498259745930827,0,3,144,80,128,1.0,0.0,328935,367.0,8707,0.0,0,0.0,637.4205644151662
5,x,26,0.3,normal,na,val,900000,0.3356077777777778,302047,0.013664363111055088,0.001175712850934115,9,0.02497730052024195,0.0245669678672123,0.03760250183756985,0.0015989396261853613,0.0024473565706918795,0.00026152837771000056,0.00040029853731122535,0.0027459151809154886,0.0042029313993604414,0.33103777777777776,0.024345249915304675,0.03726313762546634,0,3,160,96,160,1.0,0.0,302047,353.0,7520,0.0,0,0.0,600.2821076980326
5,x,26,0.5,m1,na,val,900000,0.18170444444444445,163534,0.026890512141090863,0.0032050563471077817,9,0.047370911587966164,0.018558052105730614,0.028405181794485635,0.00335451353236817,0.005134459488318628,0.0005895134748347272,0.0009023165431143784,0.005636436651338061,0.008627198956129685,0.17682833333333334,0.018048146718492242,0.027624714365039146,0,3,144,80,128,1.0,0.0,163534,525.0,7727,0.0,0,0.0,541.7924306509085
5,x,26,0.5,normal,na,val,900000,0.159,143100,0.030592732745889542,0.0036281881437089827,9,0.05392908920436111,0.028852640966431094,0.04416220556086392,0.004372966235706158,0.006693315666897181,0.0007623078445314456,0.0011667977212216005,0.0073312869530712255,0.011221357581231467,0.15423722222222222,0.028100976773627905,0.04301169914330802,0,3,160,96,160,1.0,0.0,143100,500.0,7573,0.0,0,0.0,548.2713563041762
5,x,26,0.7,m1,na,val,900000,0.09259111111111111,83332,0.05507072504002653,0.008303322867603935,9,0.0935348043448452,0.013211938508975066,0.020222354860676122,0.006363336179682296,0.009739800275023922,0.001218978338441784,0.0018657831710843635,0.010690873965322568,0.016363582599983523,0.0876061111111111,0.01278142578416232,0.019563406812493345,0,3,144,80,128,1.0,0.0,83332,671.0,7631,0.0,0,0.0,489.8463466821704
5,x,26,0.7,normal,na,val,900000,0.07241777777777778,65176,0.0466420137388498,0.0067117975264175695,9,0.07986043242486446,0.009916416772973422,0.015178188938224625,0.004729236865094162,0.007238627854735962,0.0010866307237735967,0.0016632102914901992,0.007755446371796359,0.011870581181320958,0.06907166666666667,0.009550294282842224,0.014617797371697282,0,3,160,96,160,1.0,0.0,65176,431.0,5161,0.0,0,0.0,501.69987161806785
5,x,26,0.9,m1,na,val,900000,0.050972222222222224,45875,0.07980027057209961,0.013693945418489749,9,0.13221265030721974,0.012877203222654012,0.019710004932633692,0.010182520786162256,0.015585490999227942,0.002547707799018511,0.0038995527535997613,0.015938197034613768,0.024395199542776174,0.04709166666666667,0.012364127600666195,0.0189246851030605,0,3,144,80,128,1.0,0.0,45875,588.0,5809,0.0,0,0.0,448.76221300684847
5,x,26,0.9,normal,na,val,900000,0.03638444444444444,32746,0.0773365990127954,0.012791652438280534,9,0.12908989314902974,0.00953096849684759,0.014588217087011619,0.01238047210825605,0.018949702206514363,0.003660739374568022,0.0056031725120939116,0.01800789697305321,0.027563107611816136,0.03367777777777778,0.00901900357712522,0.013804597311926358,0,3,160,96,160,1.0,0.0,32746,403.0,4066,0.0,0,0.0,469.3626753129065
5,x,26,1.0,m1,na,val,1790000,0.03593204081632653,63153,0.09269807260440367,0.01703774233700498,98,0.1513206605347974,0.002173247543222748,0.010976557678641499,0.004412912962305965,0.02228857628880402,0.0017684777094631487,0.008932161290990325,0.006563840086932038,0.033152398829241016,0.03262576530612245,0.0019946256052847944,0.010074380653037144,0,3,144,80,128,1.0,0.0,63153,1064.0,9386,0.0,0,0.0,1009.2649415436754
5,x,26,1.0,normal,na,val,1790000,0.025554081632653065,44249,0.09716659034027718,0.017838522598609123,98,0.1586561354833361,0.0019350261280635618,0.009773357835192094,0.005121612704484993,0.02586805052823223,0.002070115179959,0.010455660582758706,0.007615154582565491,0.0384623388936848,0.023115867346938775,0.0017710788607017873,0.008945299088702705,0,3,160,96,160,1.0,0.0,44249,790.0,6762,0.0,0,0.0,967.1045193858517
5,x,27,0.1,m1,na,val,900000,0.84029,756261,0.0018233333562115697,8.614959793908738e-05,9,0.0034743675165449647,0.01450459041591088,0.022200903697822776,0.0003600965640222217,0.0005511682102380944,2.585011476917282e-05,3.95665021977135e-05,0.0006870995964581109,0.001051683055803231,0.8387616666666666,0.014586986351272917,0.022327019925417732,1,2,112,48,96,1.0,0.0,756261,65.0,2621,0.0,0,0.0,856.3112542477902
5,x,27,0.1,normal,na,val,900000,0.8091811111111111,728263,0.0020764104918636014,9.860784075292034e-05,9,0.003955605302221363,0.010253231204977106,0.015693721232107816,0.00017089898406284348,0.0002615800776472094,1.7855218707910778e-05,2.7329416389659354e-05,0.0003505473603347259,0.0005365520821449887,0.8075027777777778,0.010302646039935436,0.015769356183574647,1,2,128,64,128,1.0,0.0,728263,72.0,2877,0.0,0,0.0,841.3090254387353
5,x,27,0.15,m1,na,val,900000,0.7509722222222223,675875,0.003284893081753077,0.00016384386292779185,9,0.006242098437650571,0.019611500676495853,0.03001760307626916,0.0005517253975956144,0.0008444776493810426,4.415332525074741e-05,6.758162028175624e-05,0.0010570485511732,0.0016179314558773471,0.7485161111111112,0.019749516562984647,0.030228851882119358,1,2,112,48,96,1.0,0.0,675875,111.0,4199,0.0,0,0.0,844.3345225392841
5,x,27,0.15,normal,na,val,900000,0.7243544444444444,651919,0.003954633361380603,0.0002731475347866059,9,0.007362971653187996,0.019290107318954718,0.029525674467787835,0.0007554017009768733,0.0011562270933319488,7.147493898512534e-05,0.00010940041681396735,0.0013749180786656844,0.002104466446937272,0.7215144444444445,0.01965522105421669,0.030084522021760242,1,2,128,64,128,1.0,0.0,651919,176.0,4760,0.0,0,0.0,816.1731443745084
5,x,27,0.3,m1,na,val,900000,0.5193166666666666,467385,0.013581847186238345,0.0013348461756543274,9,0.024494002021168037,0.041124669188267564,0.06294592222694015,0.0039024843511722717,0.005973190333426946,0.0005455620524145235,0.0008350439577773321,0.006745253986240286,0.010324368346286153,0.5125316666666666,0.0421371470145339,0.06449563318551108,1,2,112,48,96,1.0,0.0,467385,594.0,11025,0.0,0,0.0,760.4314713857602
5,x,27,0.3,normal,na,val,900000,0.5074655555555556,456719,0.013189438288962583,0.001325986467300542,9,0.023726903643324082,0.026721048419200075,0.04089956390693889,0.0022235227287366703,0.0034033511154132707,0.0003195477117776911,0.0004891036404760578,0.0038397689815362858,0.005877197420718805,0.5008761111111111,0.02725783603811009,0.04172117760935218,1,2,128,64,128,1.0,0.0,456719,594.0,10673,0.0,0,0.0,764.653143157484
5,x,27,0.5,m1,na,val,900000,0.39570666666666665,356136,0.026115978121716066,0.003158274204933023,9,0.04591540783356608,0.02497242235400215,0.03822309543979921,0.006363096402704666,0.009739433269445917,0.0009637816425617085,0.0014751759835128192,0.010891603858300727,0.01667082223209295,0.3855477777777778,0.02565335723770495,0.03926534271077289,1,2,112,48,96,1.0,0.0,356136,1103.0,16080,0.0,0,0.0,731.8127639084123
5,x,27,0.5,normal,na,val,900000,0.34380222222222223,309422,0.029768267099939034,0.004125041428961992,9,0.05128645134195409,0.0352218018192296,0.05391092115188204,0.006250075384643022,0.009566441915269931,0.0012533879234433462,0.0019184509032296115,0.010022660523831927,0.015340806924232541,0.33393555555555554,0.035763767635727986,0.05474046066693059,1,2,128,64,128,1.0,0.0,309422,1215.0,15330,0.0,0,0.0,699.1831253541168
5,x,27,0.7,m1,na,val,900000,0.26963111111111115,242668,0.04838422830656986,0.007058402274624017,9,0.08265165206389168,0.03450800406283293,0.0528183735655606,0.007964145342079884,0.012190018380734517,0.001331533847566381,0.0020380620115811954,0.013303248600124336,0.020362115204271943,0.2566644444444444,0.03324497922975423,0.05088517229044016,1,2,112,48,96,1.0,0.0,242668,1705.0,19930,0.0,0,0.0,681.6575859258883
5,x,27,0.7,normal,na,val,900000,0.22695888888888888,204263,0.04860872716595441,0.007706429376487647,9,0.08180459557893353,0.023792444683424757,0.036417007168507286,0.007468595531478532,0.011431523772671223,0.0016093491274895733,0.002463289480851388,0.01177190171612392,0.018018216912434572,0.21594222222222223,0.022856239370702792,0.034984039853116516,1,2,128,64,128,1.0,0.0,204263,1563.0,16704,0.0,0,0.0,658.0685523550492
5,x,27,0.9,m1,na,val,900000,0.18161888888888889,163457,0.07039631658701173,0.011723133691254049,9,0.11734636579151538,0.02777047830613662,0.04250583414204585,0.010285798782770658,0.01574356956546529,0.002321051939694301,0.0035526305199402564,0.01629953850299132,0.024948273218864267,0.16907111111111112,0.026699585964048294,0.040866713210278,1,2,112,48,96,1.0,0.0,163457,1851.0,18884,0.0,0,0.0,634.7355401688255
5,x,27,0.9,normal,na,val,900000,0.13563777777777777,122074,0.07971515955415448,0.01448622403399359,9,0.13045787104032178,0.02151563206068703,0.03293208988880668,0.013420383551267746,0.02054140339479757,0.0039218640453965396,0.006002853130708989,0.019476225408240826,0.029810549094246165,0.1252811111111111,0.020709145200569514,0.031697671225361504,1,2,128,64,128,1.0,0.0,122074,1635.0,15372,0.0,0,0.0,624.312686807476
5,x,27,1.0,m1,na,val,1790000,0.14845010204081632,277341,0.08305422647762797,0.014636849436194737,98,0.13683475408286644,0.007127040621941487,0.03599699109690582,0.004076055739264309,0.02058719038377242,0.0011365978654912568,0.005740686129793022,0.006272903246337131,0.03168294588008638,0.13638729591836735,0.006815665439379077,0.03442430893202668,1,2,112,48,96,1.0,0.0,277341,4508.0,39747,0.0,0,0.0,1473.0508946450354
5,x,27,1.0,normal,na,val,1790000,0.12062948979591837,208954,0.08584296865725469,0.01731773936190644,98,0.1370504585906965,0.006993789866834954,0.03532397315023398,0.004409957209823919,0.022273647484349998,0.0013784674053934508,0.006962311785702391,0.006514078353848405,0.03290106412276221,0.1107229081632653,0.006682844066334965,0.03375345969226954,1,2,128,64,128,1.0,0.0,208954,3361.0,27868,0.0,0,0.0,1434.3463198135432
5,x,28,0.1,m1,na,val,900000,0.7088722222222222,637985,0.052899891754445774,0.002458930657137025,9,0.1008819221946175,0.014007642179490538,0.021440268642077355,0.0030151277531867424,0.0046149914589593,0.0005472662971509954,0.0008376524956392786,0.0059020315130493195,0.009033721703646918,0.6714205555555556,0.014560278377799383,0.02228614037418273,0,3,144,48,128,1.0,0.0,637985,1561.0,64291,0.0,0,0.0,778.5444740843959
5,x,28,0.1,normal,na,val,900000,0.6824355555555556,614192,0.05725197271439101,0.00327339524866043,9,0.10795715493146116,0.015369687534129954,0.023525031939994827,0.0040081340244696164,0.0061348990170453305,0.0005344810651687329,0.0008180832630133667,0.008435783758142542,0.0129119139155243,0.6433800000000001,0.015011831517543458,0.02297729313909713,0,3,160,64,160,1.0,0.0,614192,2008.0,66284,0.0,0,0.0,748.4178403203841
5,x,28,0.15,m1,na,val,900000,0.5890855555555556,530177,0.07800826407438075,0.00456528081270951,9,0.1468859665233425,0.01497561822011258,0.0229218646226213,0.006659467143922823,0.010193061954983913,0.000691682806630952,0.0010586981734147225,0.013653634172423025,0.020898419651667895,0.5430883333333333,0.013560119054377389,0.020755284266904168,0,3,144,48,128,1.0,0.0,530177,2424.0,77947,0.0,0,0.0,726.645308039384
5,x,28,0.15,normal,na,val,900000,0.57397,516573,0.07522812471894622,0.004749350627987624,9,0.1409575481819172,0.024772845872491563,0.03791762123340545,0.00509851817462496,0.007803854348915755,0.001103080097240851,0.0016883879039400781,0.009893262727622311,0.015142749072891292,0.5308872222222223,0.024163407422100453,0.03698480727872518,0,3,160,64,160,1.0,0.0,516573,2437.0,72675,0.0,0,0.0,738.9263381117489
5,x,28,0.3,m1,na,val,900000,0.3537422222222222,318368,0.13510149519464085,0.008645400210166519,9,0.25291218996894865,0.03448370957226322,0.05278118812081104,0.00785528404723873,0.0120233939498552,0.001334717554445614,0.002042935032314715,0.014064693300531592,0.02152759178652795,0.30561055555555555,0.028289456184084454,0.04330018803686396,0,3,144,48,128,1.0,0.0,318368,2755.0,81127,0.0,0,0.0,615.6095766376238
5,x,28,0.3,normal,na,val,900000,0.31496888888888885,283472,0.14854576258791263,0.010879380981027541,9,0.27533276321377026,0.020403948170675323,0.03123053291429896,0.014985248365906083,0.022936604641692983,0.0011861760253238,0.001815575548965,0.028944760095048854,0.044303204227115596,0.26837222222222223,0.019102250224101797,0.029238138098114996,0,3,160,64,160,1.0,0.0,283472,3063.0,77748,0.0,0,0.0,619.4306188032497
5,x,28,0.5,m1,na,val,900000,0.17717666666666665,159459,0.23058380818170074,0.019945208675014942,9,0.42127719901337163,0.015852174103818624,0.024263531791559115,0.021322473645484927,0.03263643925329326,0.0022499768829913804,0.0034438421678439496,0.03953898854773175,0.06051886002203841,0.13675055555555557,0.01479905238490744,0.022651610793225672,0,3,144,48,128,1.0,0.0,159459,3132.0,66503,0.0,0,0.0,549.3531311147381
5,x,28,0.5,normal,na,val,900000,0.15249888888888888,137249,0.22286162604226398,0.02074422956463068,9,0.4042347929552666,0.011945904971088281,0.018284548425135126,0.014716173724580266,0.022524755700888164,0.0019567138417964816,0.0029949701660150225,0.027881067304447844,0.04267510301701201,0.11851944444444446,0.009612424144888458,0.01471289409931907,0,3,160,64,160,1.0,0.0,137249,2847.0,55469,0.0,0,0.0,538.1204742640257
5,x,28,0.7,m1,na,val,900000,0.09655222222222222,86897,0.2676671521772332,0.024470560331836068,9,0.4863931836907944,0.007783780388144583,0.011913949573690689,0.020803205340883847,0.03184164082788344,0.002307462212186624,0.003531829916612179,0.03949001769806085,0.06044390463988906,0.07053111111111111,0.004791296342378943,0.0073336168505800155,0,3,144,48,128,1.0,0.0,86897,2133.0,42572,0.0,0,0.0,496.7982165841386
5,x,28,0.7,normal,na,val,900000,0.07478555555555556,67307,0.2809925657196501,0.028850247064668648,9,0.5042846373099629,0.011024078573292349,0.016873589652998493,0.009579308054189481,0.014662206205392063,0.003813490851752616,0.005836975793498902,0.016746715060834104,0.025632727133929754,0.05379388888888889,0.0079880169738069,0.012226556592561583,0,3,160,64,160,1.0,0.0,67307,1914.0,33957,0.0,0,0.0,483.1151387109421
5,x,28,0.9,m1,na,val,900000,0.047703333333333334,42933,0.33285810570944674,0.031167021162719594,9,0.6033821690934543,0.010244834359270476,0.015680868917250727,0.01607393986228888,0.02460296917697278,0.002670729034346044,0.0040878505627745575,0.03004323391372442,0.045984541704680235,0.032083888888888884,0.007731648424599047,0.011834155751937317,0,3,144,48,128,1.0,0.0,42933,1299.0,25517,0.0,0,0.0,450.51988490251824
5,x,28,0.9,normal,na,val,900000,0.03495777777777778,31462,0.32544713817940796,0.03870278827246645,9,0.5734886998138831,0.005476956867719904,0.008383097246510056,0.020471180993126,0.03133344029560102,0.002670002928122037,0.004086739175696995,0.03827375175704941,0.058582273097524604,0.02348111111111111,0.0034255699416211407,0.0052432192983997055,0,3,160,64,160,1.0,0.0,31462,1224.0,18210,0.0,0,0.0,446.0458355783485
5,x,28,1.0,m1,na,val,1790000,0.03523091836734694,64859,0.3500706312342002,0.037081623688290155,98,0.62597801509182,0.0021537015130752638,0.01087783531819462,0.00678993194402519,0.034294335152966926,0.002767114863581696,0.013976040602576468,0.011359459622545616,0.05737393521226275,0.023013622448979594,0.001497194825968623,0.007561975815713045,0,3,144,48,128,1.0,0.0,64859,2377.0,39999,0.0,0,0.0,961.6496827864248
5,x,28,1.0,normal,na,val,1790000,0.026978775510204084,48671,0.35359038403012666,0.038581800079676085,98,0.6300171679009012,0.0020873193056433273,0.010542554539442804,0.009578896666937974,0.048380734210550426,0.002669830183047003,0.013484678764636125,0.016990546164024133,0.0858152172046039,0.01739433673469388,0.001367754880561195,0.006908205364612982,0,3,160,64,160,1.0,0.0,48671,1938.0,30736,0.0,0,0.0,986.5587137627263
5,x,29,0.1,m1,na,val,900000,0.8986100000000001,808749,0.001462482348727318,4.239769983137897e-05,9,0.002840169297791878,0.0104490878462083,0.01599350180542087,0.0005122038666056034,0.0007839855101106174,2.6923463204873285e-05,4.12093824564387e-05,0.0009745211391373852,0.0014916139884755895,0.8973022222222222,0.010706023583207597,0.016386770790623874,2,1,80,16,64,1.0,0.0,808749,34.0,2286,0.0,0,0.0,884.1819911058992
5,x,29,0.1,normal,na,val,900000,0.9117755555555556,820598,0.0018443833309409938,8.208223090089205e-05,9,0.003524602200080203,0.005885427521817586,0.009008307431353448,0.0005173888989675604,0.0007919217841340209,4.5394986760499414e-05,6.948212259260115e-05,0.0009468157526112019,0.0014492077846089825,0.9100988888888888,0.006250592485645264,0.009567233396395812,2,1,96,32,96,1.0,0.0,820598,67.0,2884,0.0,0,0.0,885.8489137459546
5,x,29,0.15,m1,na,val,900000,0.8686055555555555,781745,0.002290238664552286,0.0001233858070125336,9,0.0043337057150795045,0.007290848086555825,0.011159461356973202,0.0005974491800961469,0.0009144630307594085,5.454254834582961e-05,8.348349236606574e-05,0.0010922834973093095,0.0016718624958815963,0.8666227777777777,0.007654542233339321,0.011716136071437736,2,1,80,16,64,1.0,0.0,781745,96.0,3377,0.0,0,0.0,848.1067152093165
5,x,29,0.15,normal,na,val,900000,0.8695344444444444,782581,0.003519998794028174,0.00019322277792614942,9,0.006653552032204049,0.012173446285488738,0.018632825947176638,0.0009295648811632519,0.0014228033895355896,0.00010935168538756725,0.00016737502865443968,0.001654979077131503,0.0025331312405074027,0.8664866666666666,0.012592047186176228,0.019273541611494225,2,1,96,32,96,1.0,0.0,782581,150.0,5186,0.0,0,0.0,900.3019606540911
5,x,29,0.3,m1,na,val,900000,0.7500800000000001,675072,0.008088136555960603,0.0007080454975689755,9,0.014760182116783253,0.02039636430031369,0.03121892494945973,0.002922514837731708,0.004473236996528125,0.000475859243074407,0.0007283559842975617,0.004901027062804668,0.007501572034905105,0.7441083333333334,0.02185225508355298,0.03344732920951987,2,1,80,16,64,1.0,0.0,675072,464.0,9821,0.0,0,0.0,838.8689218901563
5,x,29,0.3,normal,na,val,900000,0.7515288888888889,676376,0.01232330105807305,0.0010424507211316712,9,0.02256170067388276,0.01524239458996025,0.023330195800959568,0.002553361169500015,0.003908205871683696,0.0003307625296440554,0.0005062691780266154,0.004464056796290443,0.006832739994322107,0.7422949999999999,0.01583315768242919,0.024234425024126312,2,1,96,32,96,1.0,0.0,676376,703.0,15215,0.0,0,0.0,859.2077752372716
5,x,29,0.5,m1,na,val,900000,0.6362488888888889,572624,0.018179439369574717,0.0019849677796628076,9,0.03238894317982382,0.01579171452799941,0.02417099162448889,0.002958797994884244,0.0045287724411493535,0.0004722913435516386,0.0007228949135994468,0.0050038830633984625,0.007659004688875198,0.6247233333333333,0.01641109261786741,0.025119019313062357,2,1,80,16,64,1.0,0.0,572624,1131.0,18484,0.0,0,0.0,830.5400053234771
5,x,29,0.5,normal,na,val,900000,0.6013277777777778,541195,0.029095705510400652,0.004176444346735368,9,0.04983852232733056,0.07710302308188974,0.1180148312477904,0.007078221879970597,0.010834013081587648,0.0015546181009975515,0.0023795175015268646,0.011084384429052322,0.01696589453426376,0.5848027777777778,0.07712323162172759,0.11804576268631774,2,1,96,32,96,1.0,0.0,541195,2057.0,25631,0.0,0,0.0,820.5571691540536
5,x,29,0.7,m1,na,val,900000,0.5093111111111112,458380,0.038491975034096695,0.005962467625750147,9,0.0650590148166931,0.022070415550244922,0.03378124829119121,0.005638638782420572,0.008630569564929448,0.0011988540957391571,0.0018349807587844241,0.00890692662514185,0.01363305095684977,0.48968555555555554,0.02117372701048561,0.03240876583237593,2,1,80,16,64,1.0,0.0,458380,2741.0,29844,0.0,0,0.0,777.8781362921
5,x,29,0.7,normal,na,val,900000,0.5094311111111112,458488,0.04787647276522416,0.008396987529496469,9,0.07895897047145538,0.030536412534190593,0.046739406940087644,0.007587138064070841,0.011612966424598225,0.0018412065806626549,0.002818173337748962,0.011504755086404517,0.017609319009802834,0.4854538888888889,0.03235626447839813,0.049524894609793056,2,1,96,32,96,1.0,0.0,458488,3760.0,35639,0.0,0,0.0,796.434662806103
5,x,29,0.9,m1,na,val,900000,0.4016277777777778,361465,0.053576820664259533,0.009806823987325242,9,0.08753999335386858,0.029275184452778383,0.04480895579506895,0.004565114900466615,0.006987420766020329,0.0011725616341384376,0.0017947371951098536,0.006847667336835697,0.010481123474748517,0.3802188888888889,0.028609554029621412,0.043790133718808286,2,1,80,16,64,1.0,0.0,361465,3519.0,31498,0.0,0,0.0,738.6282844180241
5,x,29,0.9,normal,na,val,900000,0.42334555555555553,381011,0.07615288958032716,0.016977565778993432,9,0.11835064760266747,0.03226961948877184,0.04939227472771201,0.012628156022380503,0.019328810238337504,0.004313010983304249,0.006601547423424872,0.01669445123459113,0.025552731481517037,0.3913777777777778,0.03226506163877883,0.0493852984267023,2,1,96,32,96,1.0,0.0,381011,6387.0,44768,0.0,0,0.0,801.1574685792439
5,x,29,1.0,m1,na,val,1790000,0.3533670408163265,651613,0.07113846584081902,0.015340453014094948,98,0.11159602565344813,0.011494242289579008,0.058054690482589315,0.0035377740741570286,0.01786845741530282,0.001166752224287959,0.005892988641132167,0.004926880583030572,0.024884504788266062,0.328672193877551,0.01121807783232323,0.05665984933653029,2,1,80,16,64,1.0,0.0,651613,8748.0,67760,0.0,0,0.0,1703.5537336819762
5,x,29,1.0,normal,na,val,1790000,0.3398185714285714,651246,0.10861495938623403,0.02838525827432828,98,0.1604594022238115,0.01441608506800078,0.07281222506961059,0.005207622298954877,0.02630246458178051,0.0020013082540490334,0.010108133126304866,0.006555065222995766,0.03310807907357439,0.3040915816326531,0.013897250605462609,0.07019171530693903,2,1,96,32,96,1.0,0.0,651246,15680.0,95301,0.0,0,0.0,1811.087350101905
5,x,30,0.1,m1,na,val,900000,0.7135444444444444,642190,0.0558445858455944,0.0038877389666402656,9,0.10391369375790825,0.01669002599102934,0.025545958149534705,0.005628571114019107,0.008615159868396593,0.0005914866710487849,0.0009053367414012014,0.010718661462198806,0.016406114482957358,0.6737516666666666,0.017371246617710934,0.02658864278221061,0,3,144,48,128,1.0,0.0,642190,2493.0,66641,0.0,0,0.0,786.8563352467027
5,x,30,0.1,normal,na,val,900000,0.6893222222222222,620390,0.05695018749322221,0.004290054613686484,9,0.10532026575907145,0.014249211150164604,0.021810017066578476,0.003733422424342045,0.005714422078074559,0.0005069014161991698,0.000775869514590566,0.007349819231377914,0.011249723313333543,0.6500955555555555,0.01436341199777758,0.021984814282312623,0,3,160,64,160,1.0,0.0,620390,2664.0,65280,0.0,0,0.0,765.7601733072661
5,x,30,0.15,m1,na,val,900000,0.6100422222222223,549038,0.08307017440251849,0.006986644141098102,9,0.1521670605228408,0.018189558503767352,0.02784116097515411,0.005221089354941102,0.007991463298379237,0.0008548826534411172,0.0013084938573078326,0.010039077600587282,0.015365935102939716,0.5593827777777778,0.017203910088044855,0.026332515440884986,0,3,144,48,128,1.0,0.0,549038,3824.0,83539,0.0,0,0.0,737.5211039592978
5,x,30,0.15,normal,na,val,900000,0.5824944444444444,524245,0.08089274214144904,0.006879274732064129,9,0.14802693481876983,0.014217750816774831,0.021761863495063517,0.005614191792441358,0.008593150702716365,0.0006011542800104651,0.0009201341020568344,0.011095490706999984,0.01698289393928569,0.5352966666666666,0.011826602031390457,0.01810194188478131,0,3,160,64,160,1.0,0.0,524245,3609.0,77738,0.0,0,0.0,749.77130863606
5,x,30,0.3,m1,na,val,900000,0.3540355555555556,318632,0.1518513007923682,0.015855808713824988,9,0.27199098415708645,0.027783502595667385,0.042525769279082734,0.01385311613893887,0.021203749192253374,0.00297439737778907,0.004552649047636332,0.02284459995212386,0.03496622441651611,0.3007672222222222,0.02675107046480732,0.040945516017562224,0,3,144,48,128,1.0,0.0,318632,4959.0,85965,0.0,0,0.0,640.945609137183
5,x,30,0.3,normal,na,val,900000,0.32678,294102,0.15377240075301624,0.01714461576854556,9,0.2732555699689414,0.01697619880028113,0.025983977755532343,0.01211709102328321,0.018546567892780422,0.0018941246698179898,0.002899170412986719,0.021382620482901796,0.0327285007391354,0.2766738888888889,0.016221017014747145,0.02482808726747012,0,3,160,64,160,1.0,0.0,294102,5019.0,80153,0.0,0,0.0,609.5344183144625
5,x,30,0.5,m1,na,val,900000,0.1987388888888889,178865,0.22972765595655106,0.030943484374180003,9,0.3975683431647421,0.011589780901986424,0.017739460564264935,0.015870651857233957,0.02429181406719483,0.004616675121900744,0.007066339472297057,0.025237220291096474,0.0386283984047395,0.15314,0.009755524542136223,0.01493192531959626,0,3,144,48,128,1.0,0.0,178865,5500.0,71078,0.0,0,0.0,570.4392552964855
5,x,30,0.5,normal,na,val,900000,0.1687,151830,0.22323512486755412,0.031632259931860855,9,0.38320572987138657,0.02767660908043308,0.04236215675576492,0.019271869225736663,0.029497759018984687,0.0051342449848036775,0.007858538242046445,0.0293144164267737,0.044869004734857706,0.13109944444444444,0.021598038481798167,0.03305822216601761,0,3,160,64,160,1.0,0.0,151830,4778.0,58125,0.0,0,0.0,537.9043974464294
5,x,30,0.7,m1,na,val,900000,0.10697222222222222,96275,0.29548193445151727,0.05018990337108023,9,0.490584062160874,0.012023707103596896,0.018403633321831984,0.016819297261717617,0.025743822339363696,0.00557589350623973,0.008534530876897546,0.023279933222500108,0.03563255085076547,0.07511,0.0073967519322109656,0.011321559079914743,0,3,144,48,128,1.0,0.0,96275,4909.0,47534,0.0,0,0.0,490.5418310847599
5,x,30,0.7,normal,na,val,900000,0.07181,64629,0.2970349816369401,0.051554690927451914,9,0.49096058141897647,0.012522609765983732,0.01916725984589347,0.014345671409460747,0.021957660320603187,0.004129649963407547,0.006320892801134001,0.023898611002999618,0.03657950663724432,0.05064166666666667,0.009416843066194388,0.014413535305399574,0,3,160,64,160,1.0,0.0,64629,3256.0,31591,0.0,0,0.0,480.22824095608667
5,x,30,0.9,m1,na,val,900000,0.053701111111111116,48331,0.33927451353903043,0.06410105245106716,9,0.5503469221759265,0.013622378929803725,0.020850579994597537,0.018181143497595493,0.027828280863666573,0.00723033789356148,0.011066843714634919,0.02343831823737879,0.03587497689394713,0.03578722222222222,0.00936678233574949,0.014336911738392074,0,3,144,48,128,1.0,0.0,48331,3006.0,26233,0.0,0,0.0,460.4078578709159
5,x,30,0.9,normal,na,val,900000,0.04171,37539,0.3365487388760593,0.06076147643322168,9,0.5515745248856753,0.006919283505296388,0.010590740059127125,0.014584034658774538,0.02232250202873654,0.0035981069498225416,0.005507306555850829,0.023656466407912195,0.03620887715496764,0.02769388888888889,0.004649386481443241,0.007116407879760063,0,3,160,64,160,1.0,0.0,37539,2263.0,20703,0.0,0,0.0,460.5506994964089
5,x,30,1.0,m1,na,val,1790000,0.03768959183673469,65221,0.3560695449592768,0.06597508549519351,98,0.5801889189281665,0.002458711849813307,0.012418370157047925,0.006007132140589186,0.030340599086387678,0.0031610973866723754,0.01596595284362222,0.008765609230172054,0.04427301234204323,0.024376530612244898,0.0016578432792506955,0.008373373035019357,0,3,144,48,128,1.0,0.0,65221,4284.0,37556,0.0,0,0.0,974.7226597270346
5,x,30,1.0,normal,na,val,1790000,0.026318061224489795,48397,0.3568452531188437,0.06851918391355921,98,0.5766521384105691,0.001849544551682871,0.009341610675725651,0.006362637887073295,0.032136174258456954,0.004195282648469667,0.02118937721233686,0.011518761496957472,0.05817853118120812,0.016998979591836733,0.0012270654419234885,0.006197616392455475,0,3,160,64,160,1.0,0.0,48397,3268.0,27753,0.0,0,0.0,945.4508267237106
5,x,31,0.1,m1,na,val,900000,0.8394622222222222,755516,0.04579280256931832,0.0020879520623229945,9,0.08740970101399065,0.008833139017345606,0.01352011074083511,0.004798486804889208,0.007344622660544705,0.00044062895639375356,0.0006744320761128881,0.0087295575979524,0.01336156775196796,0.8010366666666666,0.009937192617244699,0.015209988699864336,1,2,112,16,96,1.0,0.0,755516,1576.0,66014,0.0,0,0.0,866.1853589625098
5,x,31,0.1,normal,na,val,900000,0.839098888888889,755189,0.05284554040391025,0.003135626339111376,9,0.09941982812959776,0.016342415879899902,0.025013901856989644,0.006465806939341353,0.00989664327450207,0.0007933808115909681,0.0012143583850882165,0.011529044763229947,0.01764649708657645,0.7949027777777777,0.01941152954703231,0.02971152481688619,1,2,128,32,128,1.0,0.0,755189,2347.0,74859,0.0,0,0.0,866.6934332458768
5,x,31,0.15,m1,na,val,900000,0.7496488888888888,674684,0.06391010483388544,0.004063562755053384,9,0.11969308415766412,0.020549120689499194,0.03145273574923346,0.006598411631497838,0.01009960964004771,0.0009100259339765115,0.0013928968377191504,0.011458800753962183,0.017538980745860484,0.7017922222222222,0.02066579556037188,0.031631319735263085,1,2,112,16,96,1.0,0.0,674684,2733.0,80676,0.0,0,0.0,840.2907112056855
5,x,31,0.15,normal,na,val,900000,0.7625066666666667,686256,0.08050576960586804,0.006820665617356755,9,0.1473702079770226,0.020147762721894887,0.030838412329430954,0.010424358784280139,0.015955651200428786,0.001969529725634102,0.003014586314746075,0.016956862595713336,0.025954381524051027,0.7014811111111112,0.02520169739326312,0.03857402662234151,1,2,128,32,128,1.0,0.0,686256,4618.0,100610,0.0,0,0.0,825.9693299287464
5,x,31,0.3,m1,na,val,900000,0.5849855555555555,526487,0.125071121689721,0.01589838615969262,9,0.21834547106005678,0.01667209608228042,0.025518514411653707,0.0071378250655253425,0.010925242447232668,0.0021826239760565297,0.003340750983759994,0.00998206252731824,0.015278667133650366,0.5118988888888888,0.01641127588453351,0.025119299823265575,1,2,112,16,96,1.0,0.0,526487,8342.0,114872,0.0,0,0.0,785.4582846257836
5,x,31,0.3,normal,na,val,900000,0.55494,499446,0.15452224097184059,0.023347872969889036,9,0.2623487360039031,0.036770070146248036,0.056280719611604135,0.01379701560256866,0.021117881024339785,0.0037768427478506077,0.005780881756914195,0.020202201386413765,0.03092173681593944,0.46979111111111105,0.03606674226750309,0.05520419734821901,1,2,128,32,128,1.0,0.0,499446,11497.0,130274,0.0,0,0.0,779.6812878572382
5,x,31,0.5,m1,na,val,900000,0.3941222222222222,354710,0.1886537963314184,0.03664640644191257,9,0.3040147797790117,0.0372764262611965,0.05705575448142322,0.02085522546879287,0.03192126347264215,0.007985131264450464,0.012222139690485403,0.025812029892713594,0.03950820901945958,0.32086166666666666,0.036236429924210556,0.0554639233533835,1,2,112,16,96,1.0,0.0,354710,12647.0,106575,0.0,0,0.0,704.9368076347746
5,x,31,0.5,normal,na,val,900000,0.44848888888888894,403640,0.21054150996105248,0.04448264676177407,9,0.3321177263985568,0.025442762618090316,0.038943004007281096,0.015015936704421785,0.02298357658840069,0.006200564530600283,0.00949065999581676,0.017870974025804884,0.027353531672150332,0.3546938888888889,0.02621740606830687,0.040128682757612555,1,2,128,32,128,1.0,0.0,403640,17733.0,133365,0.0,0,0.0,766.8248187969439
5,x,31,0.7,m1,na,val,900000,0.3067766666666667,276099,0.236255227296834,0.05585508665741674,9,0.3608002812788345,0.02984516019532219,0.04568136764590131,0.015149747251351257,0.023188388650027435,0.00794068607695909,0.012154111342284325,0.014654058697508155,0.022429681679859422,0.23482888888888886,0.025654274321065748,0.039266746409794516,1,2,112,16,96,1.0,0.0,276099,15180.0,99146,0.0,0,0.0,686.3265464350116
5,x,31,0.7,normal,na,val,900000,0.29006666666666664,261060,0.28164207623684295,0.07901468176865739,9,0.40525478893637107,0.028546380246500223,0.04369343915280646,0.020544753482651924,0.031446051248957024,0.011170381521054469,0.01709752273630786,0.01947311797291691,0.029805792815689146,0.20920055555555556,0.024784537581482156,0.03793551670635024,1,2,128,32,128,1.0,0.0,261060,20288.0,104983,0.0,0,0.0,699.707685674075
5,x,31,0.9,m1,na,val,900000,0.20051444444444444,180463,0.2754652636626049,0.07584388220314754,9,0.39924276291891464,0.04189788451523949,0.06412941507434616,0.016365923885338165,0.025049883497966576,0.008970599524325681,0.013730509476008694,0.015090257614086309,0.023097333082785165,0.146365,0.03296935403766824,0.050463296996430984,1,2,112,16,96,1.0,0.0,180463,13155.0,71159,0.0,0,0.0,637.2284102656413
5,x,31,0.9,normal,na,val,900000,0.21191,190719,0.31662438449353536,0.09939396050644406,9,0.4344608479741826,0.028839802141716112,0.04414255429854507,0.018983296938132253,0.02905606674203916,0.01095043058542826,0.016760863140961625,0.01660356981625486,0.025413627269777847,0.14516277777777778,0.021497425228818492,0.0329042222890079,1,2,128,32,128,1.0,0.0,190719,18755.0,82635,0.0,0,0.0,695.2234490225092
5,x,31,1.0,m1,na,val,1790000,0.17119846938775507,309574,0.30375115920533236,0.09172373695051335,98,0.42405484450963804,0.008092439716561721,0.040872992856600975,0.007488764890536215,0.03782397454864208,0.004467420115549792,0.022563878986531765,0.006708006240743168,0.03388054786479411,0.12015729591836735,0.006542362082919334,0.03304391852721433,1,2,112,16,96,1.0,0.0,309574,25743.0,126996,0.0,0,0.0,1392.341526015487
5,x,31,1.0,normal,na,val,1790000,0.16656938775510202,307202,0.35165124247851237,0.12357085809798725,98,0.4561607687610502,0.008930955428507043,0.04510813675694384,0.007078640361110571,0.03575253286372911,0.0053182641314100994,0.026861290224723323,0.004700966206621708,0.023743464877364357,0.10844775510204081,0.006324498873591634,0.0319435431508809,1,2,128,32,128,1.0,0.0,307202,35856.0,137943,0.0,0,0.0,1498.323217566547
5,z,2,0.1,m1,na,val,700000,0.8237442857142857,576621,0.043177196045055356,0.002082540115255157,7,0.0821893118596004,0.010114043917906075,0.01365267599794125,0.005612926792267187,0.00757673898956657,0.0005415494676253697,0.0007310230683551803,0.010184981294839334,0.013748432456117093,0.7882049999999999,0.011959759709403318,0.016144158128148622,1,2,112,112,96,1.0,0.0,576621,1198.0,47359,0.0,0,0.0,656.8694154340774
5,z,2,0.1,normal,na,val,700000,0.8108971428571429,567628,0.04706031784998977,0.0024608212108774207,7,0.0891989932782247,0.026362755577771693,0.03558637506794123,0.007084550752016458,0.00956324461247509,0.0007374963633372797,0.0009955265154107018,0.012738052831121203,0.01719475509099436,0.7729914285714286,0.030302252655757027,0.04090419627152022,1,2,128,128,128,1.0,0.0,567628,1377.0,50314,0.0,0,0.0,667.7934760272037
5,z,2,0.15,m1,na,val,700000,0.74747,523229,0.061673417809397724,0.004187457927310339,7,0.11497191976417477,0.021079058765830425,0.028454054778420102,0.007824898750243964,0.010562620473166147,0.0011199407357897536,0.0015117778928726443,0.01360809423376585,0.018369200591875762,0.7015521428571428,0.0242562447761396,0.032742852764272946,1,2,112,112,96,1.0,0.0,523229,2168.0,59949,0.0,0,0.0,657.4025353938341
5,z,2,0.15,normal,na,val,700000,0.7179,502530,0.06454626487604984,0.004348487026496166,7,0.12039555569910733,0.026147955625886576,0.035296422387167424,0.005008612881921841,0.006760991887224342,0.0009012062506853259,0.0012165140914746455,0.008653574130733303,0.011681227092746053,0.671715,0.027200848848519425,0.03671769464440818,1,2,128,128,128,1.0,0.0,502530,2166.0,60327,0.0,0,0.0,648.684584175935
5,z,2,0.3,m1,na,val,700000,0.5855657142857142,409896,0.11439040659235879,0.0130965089859817,7,0.2025877952127542,0.030600713132430967,0.04130708004573504,0.006090275018097158,0.00822109852748698,0.0018477199675901025,0.0024941875136386413,0.008739428028860996,0.011797118961894698,0.5187714285714286,0.029382594225379973,0.039662774078713235,1,2,112,112,96,1.0,0.0,409896,5319.0,82874,0.0,0,0.0,602.1965641928837
5,z,2,0.3,normal,na,val,700000,0.5419342857142857,379354,0.1178483378701616,0.014161431057611695,7,0.20737381362509985,0.033049618419178944,0.04461279146057507,0.015606164957912394,0.021066342550044383,0.003536389486630171,0.00477367710239123,0.024157443794482713,0.032609483975113165,0.47862857142857146,0.035725241531443845,0.0482245431734269,1,2,128,128,128,1.0,0.0,379354,5283.0,78062,0.0,0,0.0,584.8933436619118
5,z,2,0.5,m1,na,val,700000,0.3859057142857143,270134,0.19559710601622332,0.03779580949357914,7,0.3156025930452883,0.03743853673778752,0.05053727431548019,0.02121397865122766,0.028636179504786644,0.007444918072071846,0.010049694770383954,0.028073713003668514,0.03789595050301379,0.31131214285714287,0.0368332915325253,0.04972027008316485,1,2,112,112,96,1.0,0.0,270134,10004.0,84423,0.0,0,0.0,559.2125063277781
5,z,2,0.5,normal,na,val,900000,0.36645333333333335,329808,0.18567169811433526,0.03429191503106456,9,0.3027595661665414,0.03823533894762801,0.058523477981063284,0.017062266741906893,0.0261157144008779,0.005330126483646406,0.00815835686272409,0.02405220620440712,0.03681460133327621,0.298995,0.034589319581869005,0.05294283609469746,1,2,128,128,128,1.0,0.0,329808,11114.0,99197,0.0,0,0.0,692.937985809287
5,z,2,0.7,m1,na,val,700000,0.27313714285714286,191196,0.25837265906847323,0.06524079327649702,7,0.3862637315839524,0.02373424917708584,0.03203822493745334,0.012418464114615597,0.016763350873802443,0.00611126730586093,0.008249435452422309,0.013188713764765228,0.01780309017060368,0.20270928571428573,0.01895171228218354,0.025582406947707144,1,2,112,112,96,1.0,0.0,191196,12405.0,73789,0.0,0,0.0,512.5069077354856
5,z,2,0.7,normal,na,val,900000,0.23598333333333332,212385,0.26546826257891865,0.06931512601347543,9,0.39230627313088645,0.034973700713917415,0.05353117456211849,0.04230062758378829,0.06474585854661473,0.019827890632312394,0.03034881219231489,0.045035969355842344,0.06893260615690154,0.175275,0.03450472845144239,0.05281335987465672,1,2,128,128,128,1.0,0.0,212385,13925.0,81425,0.0,0,0.0,644.15925980662
5,z,2,0.9,m1,na,val,700000,0.19298285714285715,135088,0.27807584150595027,0.07818682380318467,7,0.39977803540553125,0.029763448950684467,0.04017687963422319,0.03066233426356335,0.04139026075414463,0.018342399089368775,0.024759911448350713,0.024970684451080218,0.033707255675829426,0.14008357142857145,0.02509432314847324,0.033874152229771214,1,2,112,112,96,1.0,0.0,135088,10247.0,53565,0.0,0,0.0,500.97320407489315
5,z,2,0.9,normal,na,val,900000,0.14091555555555557,126824,0.3003019632830097,0.08719467514085916,9,0.426214576284301,0.029659856840800664,0.045397740062449995,0.02160811673010743,0.03307364805628688,0.010536703297377327,0.01612760708782244,0.022916796078168104,0.03507672869107363,0.0996761111111111,0.02403734874510554,0.03679186032414113,1,2,128,128,128,1.0,0.0,126824,10636.0,52959,0.0,0,0.0,600.1370218992233
5,z,2,1.0,m1,na,val,1580000,0.16700263157894737,247568,0.30939587582365957,0.09513431986709472,95,0.42852311191312964,0.008646231497949205,0.04299644911638798,0.006557868451700367,0.032611324050527676,0.004199075052705066,0.020881388253639867,0.005507366115780985,0.027387329036778884,0.11577463157894737,0.006419733879040495,0.03192440095276041,1,2,112,112,96,1.0,0.0,247568,23175.0,105957,0.0,0,0.0,1258.6704274707408
5,z,2,1.0,normal,na,val,1790000,0.11925551020408164,201672,0.3146661320880852,0.09866920261707139,98,0.4319938589420277,0.007408438485274957,0.03741826493529512,0.0071838134393307825,0.0362837371266418,0.004551445737624589,0.022988272466263962,0.005974885648085248,0.03017772970410899,0.0822819387755102,0.005579096440571348,0.028178692328726645,1,2,128,128,128,1.0,0.0,201672,18875.0,85732,0.0,0,0.0,1336.1719187840354
5,z,3,0.1,m1,na,val,700000,0.6999828571428571,489988,0.057397955410136814,0.004243695583946675,7,0.10630851965238028,0.014298303929254465,0.019300896105522953,0.003915917618519354,0.005285991925111485,0.0009278853831370103,0.0012525275351798037,0.007370512982944537,0.009949257340736784,0.6597814285714286,0.012991968318926883,0.017537508782199198,0,3,144,112,128,1.0,0.0,489988,2084.0,52114,0.0,0,0.0,601.0803799007554
5,z,3,0.1,normal,na,val,700000,0.6995028571428571,489652,0.06072678894899448,0.0038142487632925525,7,0.11382508037140385,0.011365596987400153,0.015342113842064142,0.0050664095364331635,0.006839010037453157,0.0004174837243142764,0.0005635500566084821,0.009763283445430837,0.013179193865328497,0.6569935714285714,0.010042770842086674,0.013556466388863297,0,3,160,128,160,1.0,0.0,489652,1872.0,55769,0.0,0,0.0,600.1413163573015
5,z,3,0.15,m1,na,val,700000,0.5946300000000001,416241,0.07997762549083647,0.005637304870850157,7,0.14868064123997263,0.03491400854518619,0.04712948157293199,0.004976842038826851,0.006718105280197711,0.0008860255538930006,0.0011960220769638452,0.008937525058663187,0.012064524817158551,0.5470921428571429,0.03254344661771401,0.04392952375274355,0,3,144,112,128,1.0,0.0,416241,2354.0,61845,0.0,0,0.0,567.2732819945086
5,z,3,0.15,normal,na,val,700000,0.5889042857142857,412233,0.08054211405436855,0.006678399417969672,7,0.14772742927279778,0.02836919633875214,0.038294815513827685,0.005644037741211716,0.007618734823218842,0.0009712737960981405,0.0013110963874639475,0.010908714192732717,0.014725380039516069,0.5415642857142857,0.027467250088302128,0.037077302516563444,0,3,160,128,160,1.0,0.0,412233,2753.0,60770,0.0,0,0.0,585.5860378842335
5,z,3,0.3,m1,na,val,700000,0.3682614285714286,257783,0.1581578470558504,0.01679808746312524,7,0.2827195191854503,0.02969215743458194,0.040080645133102756,0.007453723363986835,0.010061580797235174,0.0028452903958224142,0.0038407810179115513,0.01118549498344918,0.015098998988452588,0.31019785714285714,0.02631237723657822,0.03551837069944026,0,3,144,112,128,1.0,0.0,257783,4301.0,72687,0.0,0,0.0,500.1961264209822
5,z,3,0.3,normal,na,val,800000,0.3442275,275382,0.15045656863451973,0.016814863641518477,8,0.26728340998600253,0.02941408150274287,0.042446727536659755,0.015511753620971295,0.022384624843844465,0.002373104002510349,0.0034245672094612364,0.028059818919061015,0.04049242497251965,0.29215625,0.023607126275396163,0.03406685525236684,0,3,160,128,160,1.0,0.0,275382,4598.0,74118,0.0,0,0.0,572.2922670189291
5,z,3,0.5,m1,na,val,700000,0.17613857142857145,123297,0.2263623415113187,0.03373804835506849,7,0.3852485863125004,0.02684708198271586,0.03624015426225971,0.007653204658975101,0.01033085523486174,0.0015683136822347388,0.0021170244800679063,0.014577821848256465,0.019678209830352334,0.13617428571428572,0.02033282650231721,0.027446735906201336,0,3,144,112,128,1.0,0.0,123297,4149.0,47652,0.0,0,0.0,423.1187978121452
5,z,3,0.5,normal,na,val,900000,0.17136,154224,0.21744390595770044,0.030773364891653738,9,0.3733410821320934,0.020241065919231298,0.03098122334576219,0.005354999050971332,0.008196427118833673,0.002884415691165331,0.004414921976273466,0.00863767224575005,0.013220926906760279,0.13411222222222222,0.01596789530324233,0.024440656076391325,0,3,160,128,160,1.0,0.0,154224,4687.0,57672,0.0,0,0.0,536.6757292603143
5,z,3,0.7,m1,na,val,700000,0.10435714285714284,73050,0.2849794771583239,0.04439719633603563,7,0.4811645616445765,0.01569681415149796,0.021188707459623955,0.009469207109562946,0.01278222812493281,0.0016993276703728428,0.0022938767407231046,0.01641066346391071,0.022152313456674257,0.07453714285714286,0.010821972561414117,0.014608289843197156,0,3,144,112,128,1.0,0.0,73050,3247.0,35254,0.0,0,0.0,397.5344914677553
5,z,3,0.7,normal,na,val,900000,0.08033444444444443,72301,0.29628314150703106,0.050905636413466876,9,0.4907550101871283,0.011886561135964108,0.01819371602443486,0.022985362874159452,0.035181677868611407,0.007362409199712583,0.011268993673029463,0.031902574385939034,0.04883047099888627,0.05669444444444444,0.008943640940238,0.01368924633709898,0,3,160,128,160,1.0,0.0,72301,3664.0,35224,0.0,0,0.0,476.9795123813674
5,z,3,0.9,m1,na,val,700000,0.04380285714285714,30662,0.33283037368206525,0.06057453359618904,7,0.5445116801717524,0.0072970707547618035,0.009850119651194962,0.02170997249290102,0.029305708258300547,0.009452374610332805,0.012759506386715138,0.026988190643170935,0.036430633049709504,0.029325714285714285,0.005211874025082852,0.007035368640289001,0,3,144,112,128,1.0,0.0,30662,1845.0,16578,0.0,0,0.0,350.31703724735416
5,z,3,0.9,normal,na,val,900000,0.032405555555555556,29165,0.3427700009824696,0.06317372867207521,9,0.5591925446207887,0.005421929758050594,0.00829887207864887,0.018265684723988807,0.027957680699982865,0.005882372743891597,0.009003631750854486,0.02574246817379599,0.03940173700070815,0.02144722222222222,0.0039636534870380186,0.006066816561792885,0,3,160,128,160,1.0,0.0,29165,1799.0,16127,0.0,0,0.0,443.3544918776024
5,z,3,1.0,m1,na,val,1590000,0.036213125,60042,0.3598645810566059,0.07026510475171567,96,0.5791989526097805,0.0028195007667422413,0.014094567771233522,0.0071861256270646535,0.03592314492621674,0.004427208371373398,0.022131431622128488,0.008539716305650409,0.042689688769324344,0.023314531250000003,0.0018490049672861702,0.009243099391270652,0,3,144,112,128,1.0,0.0,60042,4124.0,34592,0.0,0,0.0,822.4228854321336
5,z,3,1.0,normal,na,val,1790000,0.02766857142857143,45882,0.3573297665978241,0.07036900169953089,98,0.5739215297965865,0.0019408374597994613,0.009802709492893375,0.00584148637144963,0.02950396161043452,0.003256695552890477,0.01644879649792092,0.009383054158724074,0.047391580170531626,0.01784423469387755,0.0012872193728799787,0.0065014396245580575,0,3,160,128,160,1.0,0.0,45882,3319.0,26583,0.0,0,0.0,952.7359860997676
5,z,4,0.1,m1,na,val,700000,0.9052228571428572,633656,0.001076949253425984,3.4771437603804826e-05,7,0.0020843556316443583,0.005305151805556531,0.0071612818086468745,0.000203765142966951,0.0002750570888541196,1.9320403519615753e-05,2.6080093337918528e-05,0.0004036347283635855,0.0005448556692648756,0.9042471428571428,0.005210683770869225,0.00703376194812257,2,1,80,80,64,1.0,0.0,633656,22.0,1322,0.0,0,0.0,597.7656247408595
5,z,4,0.1,normal,na,val,700000,0.8987957142857143,629157,0.0012575892206086916,3.981947578423601e-05,7,0.0024355394896489117,0.010451183695639445,0.014107771920874966,0.0004731765172186069,0.0006387282606102582,3.0179883754486858e-05,4.073901378122987e-05,0.0009249275724891193,0.0012485348660984065,0.8976721428571429,0.010810444524933582,0.014592728456650026,2,1,96,96,96,1.0,0.0,629157,25.0,1523,0.0,0,0.0,692.1776855911594
5,z,4,0.15,m1,na,val,700000,0.8645785714285715,605205,0.0018259962101884637,9.947963235648418e-05,7,0.003453033155663959,0.01175655038294254,0.015869851321054663,0.0004250447432745364,0.0005737564728467944,4.124856627088802e-05,5.568033076057991e-05,0.0007839853213986563,0.0010582807101764743,0.8630000000000001,0.011748205112838894,0.01585858626528022,2,1,80,80,64,1.0,0.0,605205,60.0,2090,0.0,0,0.0,680.4529693636578
5,z,4,0.15,normal,na,val,700000,0.8550871428571428,598561,0.0018512190922072185,7.393073206364942e-05,7,0.0035545767202871384,0.015006983398404875,0.020257523470129716,0.0003959536265995791,0.0005344871564778652,3.855504362897674e-05,5.204441695383556e-05,0.0007272287952460487,0.000981666601258243,0.85351,0.015198847982221096,0.020516516314098406,2,1,96,96,96,1.0,0.0,598561,44.0,2120,0.0,0,0.0,664.5076807844453
5,z,4,0.3,m1,na,val,700000,0.7245914285714286,507214,0.009218047683147976,0.000758677563663941,7,0.016918740238968073,0.043249138079735176,0.05838084886575146,0.0026619580666997315,0.0035933056351886623,0.0002677991039073336,0.0003614948113595666,0.004795037997900426,0.006472692892627338,0.7179650000000001,0.04343960017971311,0.05863794853448856,2,1,80,80,64,1.0,0.0,507214,382.0,8513,0.0,0,0.0,650.7999985527713
5,z,4,0.3,normal,na,val,800000,0.71893125,575145,0.007728165659775454,0.0005660839221853439,8,0.01432416347518022,0.025524861317595852,0.03683429087044535,0.0017550844850483859,0.002532718654965334,0.0002056932385935038,0.00029683078337487554,0.003103168064665396,0.004478104452421299,0.71343125,0.02614460781198489,0.03772863158228021,2,1,96,96,96,1.0,0.0,575145,320.0,8160,0.0,0,0.0,749.4220828833058
5,z,4,0.5,m1,na,val,700000,0.6091857142857143,426430,0.0197579300700516,0.002245738720773873,7,0.03502438269855545,0.03995229981932621,0.05393053552399384,0.0049913792791248255,0.006737728710084255,0.0007830832051819188,0.0010570629677462877,0.008431707115131654,0.011381734772638883,0.5972892857142857,0.0405127446434658,0.05468706492616052,2,1,80,80,64,1.0,0.0,426430,945.0,14765,0.0,0,0.0,629.6654591246042
5,z,4,0.5,normal,na,val,900000,0.591678888888889,532511,0.01919470220061433,0.0023035231913369806,9,0.0337823580185547,0.023975049327082703,0.036696504072065365,0.006630349892371851,0.01014849473322222,0.0012443471882231446,0.0019046130431986906,0.010784371801697779,0.016506691533210886,0.5805950000000001,0.026686509010088885,0.040846697464421766,2,1,96,96,96,1.0,0.0,532511,1181.0,17589,0.0,0,0.0,808.4754903400317
5,z,4,0.7,m1,na,val,700000,0.5341742857142857,373922,0.029349472448040224,0.004031207406395605,7,0.050636530083289236,0.025654479021540597,0.0346302915846531,0.004655124593398149,0.006283827549057232,0.0010223875241012897,0.0013800934348505449,0.0072895983254341505,0.00984003281972023,0.5186471428571429,0.026754301182675917,0.03611491195442946,2,1,80,80,64,1.0,0.0,373922,1483.0,18772,0.0,0,0.0,611.8071816829033
5,z,4,0.7,normal,na,val,1000000,0.45476600000000006,454766,0.03708834929924298,0.005974319206822187,10,0.06222806018484158,0.045825680622276994,0.07393547249685589,0.008782635166816362,0.014169964788486006,0.0021904901423990637,0.0035341520623100066,0.01322334898596158,0.02133464341373291,0.43861150000000004,0.04668854653317544,0.07532762637122069,2,1,96,96,96,1.0,0.0,454766,2546.0,27217,0.0,0,0.0,873.131262046285
5,z,4,0.9,m1,na,val,700000,0.3980714285714286,278650,0.05026519440715533,0.009294527117892169,7,0.08194133457852633,0.050992726952772405,0.06883371132145728,0.010757766240824928,0.014521619457035177,0.0030218879179825823,0.004079165265761563,0.015509302411723372,0.020935590402813436,0.3787442857142857,0.051622584116127565,0.06968393857438093,2,1,80,80,64,1.0,0.0,278650,2457.0,22144,0.0,0,0.0,574.8647030794527
5,z,4,0.9,normal,na,val,1000000,0.354546,354546,0.05547883869766512,0.011433105742820747,10,0.08809146590968876,0.04882286161322195,0.07877114519642046,0.01222231436488816,0.019719567179408624,0.004607099950123037,0.007433127168590273,0.015321732259389539,0.024720189611708535,0.3357815,0.04834135541611964,0.07799427974217084,2,1,96,96,96,1.0,0.0,354546,3696.0,30137,0.0,0,0.0,829.5862856053282
5,z,4,1.0,m1,na,val,1590000,0.3609828125,579036,0.07429086500678013,0.016570126901362593,96,0.11544147621083507,0.00903396221860597,0.04516040365544099,0.004403723830546148,0.022014033373413542,0.0016186781301824435,0.008091705054590509,0.005701785252582594,0.028502988758680518,0.3344767708333333,0.008928029698380137,0.04463085136621579,2,1,80,80,64,1.0,0.0,579036,8517.0,62672,0.0,0,0.0,1397.7997019881805
5,z,4,1.0,normal,na,val,1890000,0.2689353535353535,573623,0.07633978079099693,0.016480190569076188,99,0.11971918044384149,0.012381008023800145,0.06285177266529288,0.004835509035053382,0.02454729970353913,0.0018142473228992787,0.009209965786168875,0.006307567001950961,0.032020152681885065,0.2489679797979798,0.011936319275339639,0.060594325123757835,2,1,96,96,96,1.0,0.0,573623,8077.0,61482,0.0,0,0.0,1712.8765825451192
5,z,5,0.1,m1,na,val,700000,0.7192385714285715,503467,0.05328590533002656,0.0034656121285052024,7,0.09964058640304271,0.011583311333120594,0.015636000584731195,0.003444131454851432,0.00464914046538366,0.0003261659851504613,0.0004402826953247484,0.006365803613836757,0.008593027172085873,0.6809207142857143,0.011511617347126607,0.015539222800323523,0,3,144,112,128,1.0,0.0,503467,1744.0,50157,0.0,0,0.0,611.862978853751
5,z,5,0.1,normal,na,val,700000,0.6916599999999999,484162,0.052847568213514995,0.003630127230224608,7,0.09843488196658076,0.02179947553986867,0.02942652601537143,0.003793946002453345,0.005121345719438368,0.0007332728005897161,0.0009898252415960437,0.0068228288308560744,0.009209953226738137,0.6551478571428572,0.021539299744420672,0.029075321703170506,0,3,160,128,160,1.0,0.0,484162,1745.0,47627,0.0,0,0.0,605.1604340651538
5,z,5,0.15,m1,na,val,700000,0.5881314285714286,411692,0.08023840460533796,0.004453451447092104,7,0.15156990631649173,0.022646939822118697,0.03057049526835277,0.006774794981692102,0.009145113625002903,0.0010696264898724108,0.001443860044861912,0.01342000881456175,0.01811530914062506,0.5408314285714286,0.019409874363323393,0.026200867624674416,0,3,144,112,128,1.0,0.0,411692,1830.0,62560,0.0,0,0.0,584.1397279051598
5,z,5,0.15,normal,na,val,700000,0.5794757142857143,405633,0.06901586619374325,0.004089833331821705,7,0.1298520657238431,0.02560723733842965,0.03456652130657775,0.005731307228312872,0.007736537557868748,0.0006825116747782462,0.0009213041624293033,0.011472130644656384,0.015485920762144846,0.5394042857142857,0.022856789543007433,0.030853765765377215,0,3,160,128,160,1.0,0.0,405633,1655.0,52790,0.0,0,0.0,572.9649226544425
5,z,5,0.3,m1,na,val,700000,0.37339571428571433,261377,0.14418267056191109,0.009770588737598992,7,0.26882416364862416,0.02699387841320077,0.03643831081757352,0.01602784046266254,0.02163555097837934,0.0013813525313609663,0.001864650648413606,0.029657485258361063,0.04003384209448345,0.320065,0.02731519936201576,0.036872053328593814,0,3,144,112,128,1.0,0.0,261377,2525.0,69613,0.0,0,0.0,492.73656177707016
5,z,5,0.3,normal,na,val,800000,0.31659375,253275,0.1434258368446946,0.009948731069790943,8,0.2669542115498073,0.016517397964040816,0.023835845118224768,0.009627872073053434,0.01389374210459728,0.0018251000518813,0.002633756373528953,0.01775928692914578,0.0256279841155849,0.27121875,0.014764938916653203,0.02130691516687885,0,3,160,128,160,1.0,0.0,253275,2524.0,67552,0.0,0,0.0,543.937812796561
5,z,5,0.5,m1,na,val,700000,0.1686814285714286,118077,0.21756161170837338,0.01716015429241665,7,0.40080291483191344,0.014976612489255811,0.020216526596303516,0.02287420511013842,0.03087727457128015,0.002891859178630401,0.003903642965956915,0.04087028518678071,0.05516969929413713,0.13233357142857144,0.015091908592796783,0.020372161707070947,0,3,144,112,128,1.0,0.0,118077,2007.0,46873,0.0,0,0.0,429.50384402787313
5,z,5,0.5,normal,na,val,900000,0.14937333333333333,134436,0.21639059724650425,0.01920927922646541,9,0.39436263604007776,0.013725166971500039,0.021007908629847,0.012359278204231324,0.018917262557496924,0.0021457127435670045,0.0032842541993372515,0.023576811398896832,0.036086956222801274,0.11692277777777778,0.01017803487007289,0.015578624801131974,0,3,160,128,160,1.0,0.0,134436,2593.0,53225,0.0,0,0.0,519.1088052131236
5,z,5,0.7,m1,na,val,700000,0.08554857142857143,59884,0.28235357212847656,0.025631318782596845,7,0.5134445066917595,0.009322527150939277,0.012584228791853488,0.02282554509167726,0.03081158972044339,0.0025675188678396695,0.0034658246993723874,0.04148424148542731,0.055998462397239476,0.061645,0.008158056794768387,0.011012341561478496,0,3,144,112,128,1.0,0.0,59884,1523.0,30419,0.0,0,0.0,382.5708709747996
5,z,5,0.7,normal,na,val,900000,0.07090111111111111,63811,0.2858816870066005,0.028744349882592137,9,0.5142746742480166,0.011917045106925367,0.018240375163661275,0.021030370336133766,0.03218934235122515,0.004953879596514158,0.007582468770174732,0.03735053008638273,0.05716917870364703,0.050652222222222223,0.008609455416432031,0.013177737882293926,0,3,160,128,160,1.0,0.0,63811,1782.0,32884,0.0,0,0.0,465.09837896889076
5,z,5,0.9,m1,na,val,700000,0.04836142857142857,33853,0.33804336029016063,0.03145074840403717,7,0.6131852237722469,0.005805060229374597,0.007836094751365692,0.02165256627284946,0.029228217145053262,0.0037718121225842247,0.005091467790008433,0.03781993458814085,0.051052113020893214,0.032107142857142855,0.004473408953657898,0.006038534491871666,0,3,144,112,128,1.0,0.0,33853,1062.0,20632,0.0,0,0.0,352.51873816899024
5,z,5,0.9,normal,na,val,900000,0.03482333333333333,31341,0.339621674727517,0.031864308403692254,9,0.6155147326476496,0.008119039602208023,0.012427101431951056,0.01737659867078132,0.026596834700175494,0.0032167541759671463,0.004923603330561959,0.0393865154233496,0.06028548279084123,0.023073888888888887,0.005650818238139838,0.008649211588989549,0,3,160,128,160,1.0,0.0,31341,1004.0,19141,0.0,0,0.0,422.28523752698675
5,z,5,1.0,m1,na,val,1590000,0.035095416666666664,62020,0.35199157796892155,0.0378964899655977,96,0.6281901760066476,0.002274405165550939,0.011369657395816532,0.007042718383565248,0.035206258044599176,0.003654764400059502,0.01827001614333646,0.010486598785793307,0.05242207380098619,0.022875416666666665,0.001534762477347641,0.007672214175248054,0,3,144,112,128,1.0,0.0,62020,2169.0,38604,0.0,0,0.0,866.0888162350675
5,z,5,1.0,normal,na,val,1790000,0.02469520408163265,42663,0.3532079900730684,0.03566241932538049,98,0.6350911414953758,0.0017693719858554045,0.008936678068856176,0.0064718694743039025,0.03268787708738933,0.0025861986465300665,0.013062275717549152,0.012562169942860637,0.06344853966438986,0.016023367346938776,0.001152825961954666,0.00582265039447178,0,3,160,128,160,1.0,0.0,42663,1521.0,26769,0.0,0,0.0,914.7694052641455
5,z,6,0.1,m1,na,val,700000,0.8218871428571429,575321,0.0019144891232788183,9.597008167682915e-05,7,0.0036370380832039784,0.014699263714894027,0.019842140941512775,0.00046278526336669847,0.0006247013863743951,4.0156023984124514e-05,5.420553729751969e-05,0.0008549911392832027,0.0011541295549526234,0.8203185714285715,0.01484993227369517,0.020045524378749683,1,2,112,80,96,1.0,0.0,575321,55.0,2086,0.0,0,0.0,657.1238747725729
5,z,6,0.1,normal,na,val,700000,0.8112657142857144,567886,0.0021517229097820873,0.00010639975438737842,7,0.0040906463107894175,0.01908545137777292,0.025762937757654182,0.000594824836940447,0.00080293805723927,8.141827368102901e-05,0.00010990433894703988,0.0010362109228397066,0.0013987532692054097,0.8095228571428572,0.01913378422476851,0.025828180968524628,1,2,128,96,128,1.0,0.0,567886,60.0,2320,0.0,0,0.0,679.4913615959231
5,z,6,0.15,m1,na,val,700000,0.7458814285714286,522117,0.0034305016365978906,0.00016056186100251729,7,0.006539879551190746,0.018243649411233482,0.024626611912435578,0.00038082398548842944,0.0005140640606585994,4.4987302033647504e-05,6.0727149661623274e-05,0.0007047305665591083,0.0009512968471535983,0.7433285714285713,0.018337693221340597,0.024753559123603133,1,2,112,80,96,1.0,0.0,522117,84.0,3406,0.0,0,0.0,644.8667955945712
5,z,6,0.15,normal,na,val,700000,0.7029842857142857,492089,0.004145271792567645,0.00028190338002026625,7,0.007726736825094759,0.03319899179673985,0.04481442656747298,0.0009722185348512078,0.001312371664910142,0.00013155623662105493,0.00017758422730555082,0.0017026106187868276,0.0022983083045345627,0.7001042857142857,0.03355417849885958,0.04529388354849646,1,2,128,96,128,1.0,0.0,492089,136.0,3760,0.0,0,0.0,631.1274704923853
5,z,6,0.3,m1,na,val,700000,0.5709514285714286,399666,0.010417585347147627,0.0009562519618631528,7,0.018922666770568947,0.023037047942824632,0.031097091733564338,0.000758901990827602,0.0010244213965314572,0.00013517778502891107,0.00018247285814645348,0.0013282473839096407,0.0017929654374474718,0.5650085714285714,0.02288699616783875,0.030894540876219203,1,2,112,80,96,1.0,0.0,399666,382.0,7556,0.0,0,0.0,613.2291226545349
5,z,6,0.3,normal,na,val,700000,0.5252428571428571,367670,0.012162273856137495,0.001098822546138738,7,0.022126902619997512,0.03626872680570226,0.048958179335117466,0.00321623652323895,0.004341511223496568,0.0003509798167972738,0.0004737782196166312,0.005772734276719673,0.007792458816866621,0.5190135714285714,0.03739385018065582,0.05047695313327705,1,2,128,96,128,1.0,0.0,367670,393.0,7935,0.0,0,0.0,605.052970453864
5,z,6,0.5,m1,na,val,700000,0.35375428571428574,247628,0.0319349447706931,0.004141702029961521,7,0.05558648548146316,0.03491532255958693,0.04713125532564806,0.0061403467680852366,0.0082886890367616,0.0009964261400791784,0.0013450488604558756,0.01031293386835149,0.013921152195466007,0.34246785714285716,0.03412332879463354,0.04606216423280092,1,2,112,80,96,1.0,0.0,247628,1027.0,13747,0.0,0,0.0,560.7548731940333
5,z,6,0.5,normal,na,val,900000,0.32531,292779,0.03050431285898639,0.004214166275223133,9,0.05258029316752652,0.03357280586930109,0.05138694775913432,0.0038878928021187182,0.005950856329773549,0.0008138380475988259,0.0012456704810186112,0.006295096860276917,0.009635352337158546,0.31553944444444443,0.03336738183527792,0.05107252321726213,1,2,128,96,128,1.0,0.0,292779,1200.0,15187,0.0,0,0.0,707.0091359927319
5,z,6,0.7,m1,na,val,700000,0.2567242857142857,179707,0.04481404703514298,0.0059965296097858195,7,0.07763503485071432,0.03308332777135134,0.044658294808894085,0.004007708337390481,0.005409897748987426,0.0008048250291181539,0.0010864116714117108,0.006662831524932785,0.00899397716453745,0.2453842857142857,0.03242930131100576,0.04377544207168477,1,2,112,80,96,1.0,0.0,179707,1054.0,13768,0.0,0,0.0,527.259285253007
5,z,6,0.7,normal,na,val,900000,0.22639333333333334,203754,0.04502022956924278,0.006814653273459973,9,0.07641115259156561,0.0325214243188155,0.049777690283901284,0.005614463574336518,0.008593566695413037,0.0011802911994976155,0.0018065681624963503,0.009070790255515621,0.013883862635993297,0.21636333333333332,0.03162577039892555,0.04840679142692686,1,2,128,96,128,1.0,0.0,203754,1361.0,15332,0.0,0,0.0,684.8514088043012
5,z,6,0.9,m1,na,val,700000,0.19187285714285712,134311,0.06318114613942681,0.010513245706708089,7,0.10533580086543745,0.03200659444718645,0.04320484143946745,0.0036266003456577444,0.004895450315934324,0.0007246411767781041,0.0009781736446490086,0.006116822246708932,0.008256933917744496,0.17982285714285715,0.03026772795283231,0.040857592303139005,1,2,112,80,96,1.0,0.0,134311,1404.0,14062,0.0,0,0.0,499.27426206413656
5,z,6,0.9,normal,na,val,900000,0.1339922222222222,120593,0.07071134469892114,0.012958869903327787,9,0.11550494959118672,0.037023089415987386,0.056667994004062326,0.021787622972153337,0.03334840250839796,0.006063207072296552,0.009280418988209008,0.031679885418790035,0.04848962053896434,0.12567666666666666,0.036443777368617175,0.055781291890740575,1,2,128,96,128,1.0,0.0,120593,1299.0,12370,0.0,0,0.0,600.4080204837956
5,z,6,1.0,m1,na,val,1590000,0.15181427083333335,236576,0.08372945226285784,0.015095289341534111,96,0.13726832584264748,0.007320038690579958,0.036592570794595124,0.003781527271491108,0.018903698497086383,0.0009549369819575143,0.0047736904945086854,0.0060674064711997225,0.030330714115306117,0.13932895833333334,0.006947954766690192,0.03473253864148799,1,2,112,80,96,1.0,0.0,236576,3166.0,29428,0.0,0,0.0,1283.2795763426257
5,z,6,1.0,normal,na,val,1790000,0.11402132653061224,184226,0.08989548458211319,0.01862787866745384,98,0.1425352118293187,0.00834071678674567,0.04212698142760239,0.006663437771365141,0.03365544310104905,0.003213498695664067,0.01623061942170134,0.007826566916453106,0.03953013242881628,0.10455714285714285,0.007875208676456259,0.03977581041700969,1,2,128,96,128,1.0,0.0,184226,2969.0,25264,0.0,0,0.0,1331.3655064198356
5,z,7,0.1,m1,na,val,700000,0.7136642857142856,499565,0.002686956814498978,9.082505338370284e-05,7,0.00519226352223055,0.02209242206609919,0.029821966656109297,0.0005254281215218288,0.000709261296625808,4.242716861419558e-05,5.727129438049307e-05,0.0009757249318416735,0.0013171048559482224,0.7117492857142856,0.022089717740161368,0.02981831615922382,0,3,144,80,128,1.0,0.0,499565,45.0,2591,0.0,0,0.0,601.9521479511168
5,z,7,0.1,normal,na,val,700000,0.6917457142857143,484222,0.002796621198570236,0.00013826417116957935,7,0.005316714054801315,0.02636878777544897,0.03559451776942758,0.0005260688148865123,0.0007101261513756048,6.870860699915684e-05,9.27479015558372e-05,0.0009213522912532592,0.001243708690069222,0.6898242857142858,0.026521467887480624,0.03580061654829556,0,3,160,96,160,1.0,0.0,484222,66.0,2558,0.0,0,0.0,608.9323973348364
5,z,7,0.15,m1,na,val,700000,0.5957414285714285,417019,0.00468419863362724,0.00027322691482465917,7,0.008821943437605161,0.013406722998058345,0.01809737497407789,0.0012318659140243874,0.0016628626821866342,0.00010549831232739428,0.000142409335793523,0.002269982673358721,0.0030641885888432353,0.5929378571428572,0.012984362298806472,0.017527241620104526,0,3,144,80,128,1.0,0.0,417019,115.0,3695,0.0,0,0.0,568.4488081629388
5,z,7,0.15,normal,na,val,700000,0.5794885714285715,405642,0.005133002336899463,0.00028513031590322337,7,0.009695744041992482,0.014137772392188715,0.019084198899064323,0.0009874667228062589,0.001332954783927201,7.789607922397088e-05,0.0001051498233334756,0.001842107939604971,0.0024866119879246654,0.5765121428571429,0.014015097742553663,0.018918603687275378,0,3,160,96,160,1.0,0.0,405642,116.0,3935,0.0,0,0.0,574.7547572711483
5,z,7,0.3,m1,na,val,700000,0.38027,266189,0.013091038833603246,0.0010643026750619543,7,0.024053472317082585,0.024422160667721435,0.03296681816615003,0.002978483638263901,0.004020574995367933,0.00032226794797502036,0.0004350208397290844,0.005364000234080202,0.007240719720341054,0.3753664285714286,0.02486149481185714,0.033559863517090074,0,3,144,80,128,1.0,0.0,266189,280.0,6305,0.0,0,0.0,500.8383897137828
5,z,7,0.3,normal,na,val,700000,0.30824,215768,0.014852426625595438,0.0012263776447448422,7,0.02725209796170119,0.023944757071225436,0.03232238388485603,0.002149838410540805,0.002902009078196608,0.00033579110715315326,0.00045327538877259474,0.0037197786546252485,0.005021229210380016,0.30369857142857143,0.023930649708132305,0.032303340734652304,0,3,160,96,160,1.0,0.0,215768,262.0,5834,0.0,0,0.0,483.7469399778638
5,z,7,0.5,m1,na,val,700000,0.1705657142857143,119396,0.026410993613438478,0.0029355930857667177,7,0.046950801055343515,0.026408094076374886,0.03564757628841118,0.003837355734830173,0.005179943350228651,0.0008837352200421828,0.0011929304168676325,0.006067083361747902,0.008189792734021773,0.1660507142857143,0.02564060703129576,0.03461156615792996,0,3,144,80,128,1.0,0.0,119396,352.0,5617,0.0,0,0.0,411.3673194346484
5,z,7,0.5,normal,na,val,900000,0.15545777777777778,139912,0.02890115528370974,0.003470856135914981,9,0.05086059829558952,0.022267435693650587,0.03408280973517947,0.003837464300670455,0.005873669847964982,0.0006403835569834933,0.000980178913750245,0.00644873883345186,0.009870518622630399,0.15099222222222222,0.02170576114529089,0.03322310379381259,0,3,160,96,160,1.0,0.0,139912,480.0,7078,0.0,0,0.0,545.8489689212292
5,z,7,0.7,m1,na,val,700000,0.09747714285714285,68234,0.055484710211650724,0.008222964625261142,7,0.09452349117277917,0.0188204064284843,0.025405160705576937,0.008445876703038717,0.011400861918446208,0.002296123233373043,0.0030994750280931606,0.012743882171463163,0.017202623960817003,0.09210785714285714,0.017920746213629987,0.024190733566309863,0,3,144,80,128,1.0,0.0,68234,558.0,6401,0.0,0,0.0,388.01225269562565
5,z,7,0.7,normal,na,val,900000,0.0811111111111111,73000,0.04956315508926866,0.007353697650061624,9,0.08441891487841408,0.009543272698168324,0.014607050048216821,0.004834717404189456,0.007400077659473657,0.0011811378009331508,0.001807863981020129,0.007621160009277325,0.011665040830526517,0.07715777777777778,0.009299997783319792,0.01423469048467315,0,3,160,96,160,1.0,0.0,73000,523.0,6070,0.0,0,0.0,492.0148079658393
5,z,7,0.9,m1,na,val,700000,0.05216,36512,0.07175254932389527,0.013675336183668212,7,0.11615442628045411,0.010749296274640496,0.014510186077373373,0.009954660281702466,0.013437528311998423,0.0031926035612881475,0.00430960972346306,0.014797422628809781,0.01997464302068894,0.048485714285714285,0.010185580734875486,0.013749241624107683,0,3,144,80,128,1.0,0.0,36512,474.0,4196,0.0,0,0.0,343.6087689718697
5,z,7,0.9,normal,na,val,900000,0.0325,29250,0.075177567715515,0.013732661273166778,9,0.12288981288469641,0.007569142995962843,0.01158542295300435,0.010117088317188291,0.015485339261002486,0.003577358997777934,0.005475549486394797,0.01352027057810021,0.02069429170117379,0.030083333333333333,0.007094007611592572,0.010858174915702916,0,3,160,96,160,1.0,0.0,29250,392.0,3566,0.0,0,0.0,461.1173644179944
5,z,7,1.0,m1,na,val,1590000,0.03413614583333333,57563,0.09134518630808508,0.016862263598354854,96,0.14896584541946045,0.0024179517259476,0.012087240716843934,0.00489743225304425,0.024482061366953876,0.0018897698409192363,0.009446881309291158,0.007647581651333941,0.038229944514365975,0.031035989583333336,0.0022328116136311102,0.011161732949299105,0,3,144,80,128,1.0,0.0,57563,960.0,8481,0.0,0,0.0,854.4136805291928
5,z,7,1.0,normal,na,val,1790000,0.027362551020408164,51487,0.10037294715434016,0.022176598122182124,98,0.15639269806431608,0.0018568294419506722,0.009378404927929665,0.007001493898773487,0.03536288438756408,0.00656761285815707,0.03317145420150591,0.009847861796652034,0.04973921326143279,0.024762244897959182,0.0017018571459304804,0.008595676632130188,0,3,160,96,160,1.0,0.0,51487,949.0,7929,0.0,0,0.0,981.194129552794
5,z,8,0.1,m1,na,val,109600000,0.9432927191011236,103067539,7.267081193244273e-07,3.2450791065323876e-08,178,1.3885146565182069e-06,0.006235025243291071,0.04244163889149849,6.925339932396671e-07,4.7140591279548865e-06,5.282824372699577e-08,3.5960034739967695e-07,1.2835591139444706e-06,8.737150257497338e-06,0.9432922134831461,0.006235293526461061,0.04244346508738015,3,0,48,48,32,1.0,0.0,103067539,3.0,138,0.0,0,0.0,49742.84203230997
5,z,8,0.1,normal,na,val,108700000,0.9276212022471911,100702224,5.44977509632853e-07,2.4035907151517645e-08,178,1.0418832049626705e-06,0.004006314177249897,0.027270866269497353,1.9039184965508836e-07,1.2959918870642022e-06,2.8755945180483764e-08,1.957408981859424e-07,3.763536876162513e-07,2.5618288109546776e-06,0.9276206966292135,0.0040063127633198714,0.02727085664491602,3,0,64,64,64,1.0,0.0,100702224,4.0,109,0.0,0,0.0,84421.93478702137
5,z,8,0.15,m1,na,val,109700000,0.9232184357541899,100997279,1.7843818708829337e-06,1.2041775725647622e-08,179,3.5446801903145724e-06,0.0033824992484377796,0.023089161044316873,4.644994924547727e-07,3.170703908136871e-06,1.6642104331708804e-08,1.1360009236029138e-07,9.213092189920695e-07,6.288916971303503e-06,0.9232168100558659,0.003382615620006534,0.02308995540425448,3,0,48,48,32,1.0,0.0,100997279,2.0,443,0.0,0,0.0,53955.60359430045
5,z,8,0.15,normal,na,val,111700000,0.8914615580110498,98901859,4.014681689820491e-06,6.494828851658298e-08,181,7.899466802607816e-06,0.009254472685245693,0.06352356952102463,5.041332166311204e-06,3.460417737855643e-05,9.21033804302305e-08,6.322062519249628e-07,9.903716421529838e-06,6.798003949188399e-05,0.8914596546961325,0.009255401583234377,0.06352994556404393,3,0,64,64,64,1.0,0.0,98901859,5.0,580,0.0,0,0.0,88685.91785637673
5,z,8,0.3,m1,na,val,109700000,0.8413284860335196,91677517,5.3706992825543285e-05,3.851196536731492e-06,179,9.971159257762359e-05,0.010211690184142207,0.06970566491780444,5.514040252255405e-05,0.0003763919931333951,5.153833039164939e-06,3.518040132359523e-05,0.00010000960054362622,0.0006826720727273097,0.8413027849162011,0.010218765806756184,0.06975396358042747,3,0,48,48,32,1.0,0.0,91677517,212.0,6914,0.0,0,0.0,58512.097699714475
5,z,8,0.3,normal,na,val,111700000,0.7948742209944751,87472249,2.0050420487304565e-05,9.426754142396252e-07,181,3.821549014612988e-05,0.010446773806221166,0.07170763637434532,2.9900730047596533e-06,2.0524141877214497e-05,4.222605523593811e-07,2.898436082322856e-06,5.5693734411776475e-06,3.82287022731435e-05,0.7948586602209945,0.010447108654693517,0.07170993480570233,3,0,64,64,64,1.0,0.0,87472249,96.0,3776,0.0,0,0.0,86284.9407094788
5,z,8,0.5,m1,na,val,109700000,0.7577011396648045,82700035,0.00017512744480392472,1.699403680065455e-05,179,0.00031626681600654033,0.011962919632386382,0.08165967164071347,0.00010343830936848644,0.0007060766633618327,1.7411572075221592e-05,0.00011885252949138,0.00017234263843832336,0.0011764221191010622,0.7576005530726257,0.011975604369750264,0.08174625848738751,3,0,48,48,32,1.0,0.0,82700035,1103.0,24138,0.0,0,0.0,61485.94216245203
5,z,8,0.5,normal,na,val,109700000,0.7122615977653631,76952383,0.00014176793198300376,9.684517120228885e-06,179,0.00026416682972554975,0.012620458136281827,0.08614807246335755,2.8345700883182608e-05,0.00019348960769410714,2.507129083294847e-06,1.7113827058445266e-05,5.2289349063819096e-05,0.00035693051579970724,0.7121623296089385,0.012620590611583065,0.08614897674842607,3,0,64,64,64,1.0,0.0,76952383,863.0,23255,0.0,0,0.0,87555.57589168206
5,z,8,0.7,m1,na,val,108700000,0.6920709494382022,74587153,0.000475327717432286,4.4707367177868084e-05,178,0.0008612407005088357,0.010599406431834846,0.0721498570881023,6.835301259750148e-05,0.0004652770060443164,8.302852577137959e-06,5.651728053986747e-05,0.00012111326525249056,0.0008244145401572215,0.6917498202247191,0.01060523323297035,0.07218951995714228,3,0,48,48,32,1.0,0.0,74587153,3808.0,71408,0.0,0,0.0,66470.24567452644
5,z,8,0.7,normal,na,val,112800000,0.6124992131147541,67137333,0.00047528236632816517,4.2412743586162486e-05,183,0.0008657392454840053,0.014909490006496951,0.10290400121404866,6.67033532643745e-05,0.0004603807334997535,7.90096515288643e-06,5.453177320823792e-05,0.00011851027256043908,0.0008179475774236741,0.612222256830601,0.014913758218410494,0.10293346004085907,3,0,64,64,64,1.0,0.0,67137333,3100.0,60948,0.0,0,0.0,89321.14156714187
5,z,8,0.9,m1,na,val,109700000,0.6224207877094972,66518261,0.0010826718770934633,0.00013831806032464246,179,0.0018887076335376417,0.014373008569420363,0.09811109631553189,0.00024563970179457685,0.0016767526663109872,5.450564268319026e-05,0.0003720590809642928,0.000386578931424624,0.0026388130634841913,0.6218148687150838,0.014398994784119996,0.09828847991625526,3,0,48,48,32,1.0,0.0,66518261,8833.0,125111,0.0,0,0.0,72490.10674500512
5,z,8,0.9,normal,na,val,112000000,0.5393897608695652,59031288,0.001145922999089386,0.0001320283684915167,184,0.0020277892611957385,0.015397192034484492,0.10656003795043033,0.00015564511473586875,0.0010771801310204645,2.3564207706294733e-05,0.00016308186985203497,0.00026542312076079967,0.0018369257042353576,0.5388061331521738,0.015398877886203649,0.10657170530008538,3,0,64,64,64,1.0,0.0,59031288,8574.0,130001,0.0,0,0.0,87735.85448024725
5,z,8,1.0,m1,na,val,111590000,0.5685523011152417,63999734,0.0021766664896339214,0.00032374308519648114,269,0.00370584680887488,0.011821856281870477,0.09892492825744723,0.00031917857224647523,0.002670876434965523,8.555930391016004e-05,0.000715957612684708,0.0004842761889415131,0.0040524081925524145,0.5674253847583643,0.011840996496369873,0.09908509298124688,3,0,48,48,32,1.0,0.0,63999734,14194.0,192774,0.0,0,0.0,79722.77534084821
5,z,8,1.0,normal,na,val,112890000,0.4854468388278388,56363776,0.002490030902035098,0.0004609059838812621,273,0.004058249836307672,0.013577418071629847,0.11445702226453869,0.0006669837843583478,0.005622643234055298,0.00023804429418299773,0.0020067026687629387,0.0008706776768160074,0.0073397735648132595,0.4844819853479854,0.01360831755283333,0.11471750349811427,3,0,64,64,64,1.0,0.0,56363776,15928.0,189053,0.0,0,0.0,90338.82930383431
5,z,9,0.1,m1,na,val,700000,0.7070257142857143,494918,0.053148109812328814,0.002401136584529908,7,0.10149394645559782,0.015459676338138521,0.02086860150013481,0.003620238032210643,0.004886862000044491,0.0005545128451713599,0.0007485219832215724,0.0069756861271989545,0.009416291181944751,0.6694678571428572,0.015385609103314709,0.02076862013092969,0,3,144,112,128,1.0,0.0,494918,1184.0,50213,0.0,0,0.0,608.0523678101599
5,z,9,0.1,normal,na,val,800000,0.68375625,547005,0.05332761150164744,0.0025803127304010257,8,0.10149459754249285,0.019519057041325023,0.028167464482220312,0.005007933358420737,0.007226823749938009,0.0006144488631190135,0.0008866958322526924,0.00944154308710243,0.013624855391336937,0.647429375,0.021119290915194704,0.030476722081603312,0,3,160,128,160,1.0,0.0,547005,1398.0,55327,0.0,0,0.0,658.3406457928941
5,z,9,0.15,m1,na,val,700000,0.5828614285714285,408003,0.07699351466985228,0.0038648898675056657,7,0.14625724960469325,0.01672828843685646,0.022581066869224294,0.007830174247524649,0.010569741725128845,0.0008958174329136644,0.0012092398712274712,0.0151020491251008,0.020385850139029233,0.5379428571428572,0.015189656297186806,0.020504108705562504,0,3,144,112,128,1.0,0.0,408003,1585.0,59716,0.0,0,0.0,568.6356701240875
5,z,9,0.15,normal,na,val,700000,0.57004,399028,0.07000105995244249,0.003907251070758457,7,0.13218761776336807,0.01832685445423371,0.024738928163254476,0.006627565233785398,0.008946372146149907,0.0007897720630499361,0.0010660920771717118,0.012972707925378866,0.017511509694708747,0.5301942857142857,0.018562893305373123,0.025057550663185234,0,3,160,128,160,1.0,0.0,399028,1560.0,52664,0.0,0,0.0,574.8309876748826
5,z,9,0.3,m1,na,val,700000,0.3604342857142857,252304,0.13535113530102116,0.008330523935876322,7,0.2540412227302897,0.022594478511353166,0.0304996791552211,0.015160372901229312,0.02046457983655895,0.00062426748712178,0.0008426818992384935,0.029904362589809722,0.040367095167622435,0.31141214285714286,0.01772430731171179,0.023925565973302643,0,3,144,112,128,1.0,0.0,252304,2108.0,64415,0.0,0,0.0,493.6524765198119
5,z,9,0.3,normal,na,val,700000,0.33296,233072,0.13845166402662845,0.00969236128566775,7,0.25751860548192135,0.019092494614725803,0.02577244523387981,0.014623201340236614,0.01973946638667985,0.0019403379918355955,0.0026192100947997256,0.028002432472274363,0.0377997308298559,0.28721642857142854,0.02042827657635366,0.027575581395243763,0,3,160,128,160,1.0,0.0,233072,2246.0,59549,0.0,0,0.0,488.5085361569654
5,z,9,0.5,m1,na,val,700000,0.18300857142857144,128106,0.21004017139061792,0.011779422965314753,7,0.3965214968506064,0.028847494780194223,0.038940457722259084,0.019948189443109124,0.02692752467983204,0.0013388495541008726,0.0018072770219799113,0.03885498158489235,0.05244929513756095,0.14502714285714285,0.024900806578636497,0.033612929414282296,0,3,144,112,128,1.0,0.0,128106,1482.0,50210,0.0,0,0.0,423.96972128306516
5,z,9,0.5,normal,na,val,900000,0.15736444444444445,141628,0.2215196967417134,0.015266825099008964,9,0.4125057432854089,0.025340940927964142,0.03878715448157777,0.012080635375573896,0.01849076843200086,0.001896427075379434,0.0029026945031317866,0.023981340361354197,0.03670613320615439,0.12278444444444443,0.020553392356227045,0.031459274014633234,0,3,160,128,160,1.0,0.0,141628,2201.0,57842,0.0,0,0.0,527.7011923009995
5,z,9,0.7,m1,na,val,700000,0.10124571428571429,70872,0.2890627410948828,0.017167173245309687,7,0.5437911356991462,0.009055050359513928,0.012223169061448913,0.01756613649415676,0.02371205543865041,0.0018047153129162425,0.0024361366863502507,0.032607221715865775,0.044015612043329426,0.07194,0.006528152212277734,0.008812177180848481,0,3,144,112,128,1.0,0.0,70872,1219.0,38590,0.0,0,0.0,401.40758554823697
5,z,9,0.7,normal,na,val,900000,0.07870333333333333,70833,0.26642359714049313,0.01907569149418913,9,0.49469581129260803,0.011516393693436423,0.017627133204239424,0.011314956342829679,0.017318810728820938,0.0023546054201659507,0.003603987888009108,0.023401379487895793,0.035818437991677235,0.05780222222222223,0.008671396526113106,0.013272545703234344,0,3,160,128,160,1.0,0.0,70833,1345.0,34932,0.0,0,0.0,481.64749031094834
5,z,9,0.9,m1,na,val,700000,0.039194285714285716,27436,0.3371242417507159,0.02416099448960757,7,0.6259264945222167,0.011013862908171681,0.014867317463867803,0.017333569013726943,0.023398118848722765,0.003802339552278542,0.005132675946711072,0.033590275466386633,0.045342609874598566,0.026060714285714288,0.007608513912716463,0.010270528397868756,0,3,144,112,128,1.0,0.0,27436,636.0,17115,0.0,0,0.0,356.5734675351996
5,z,9,0.9,normal,na,val,900000,0.039057777777777775,35152,0.3245738854940021,0.023532880300511868,9,0.6020820103869806,0.006781333891874548,0.010379592691644717,0.012169315458057625,0.018626503252129018,0.0021130025594325893,0.0032341875909682495,0.0229751111778009,0.03516598649663403,0.026451666666666665,0.004778056417740492,0.007313351659806876,0,3,160,128,160,1.0,0.0,35152,830.0,21031,0.0,0,0.0,416.31718275300227
5,z,9,1.0,m1,na,val,1590000,0.037290833333333336,60326,0.3499539398497684,0.02265975066385457,96,0.6545883783718277,0.00224665253894772,0.01123092316275556,0.00576522511125824,0.028820121989516462,0.0015289706977949168,0.007643261308703442,0.011190454498179887,0.05594061940892552,0.024320885416666663,0.001520726269053805,0.007602047750261688,0,3,144,112,128,1.0,0.0,60326,1323.0,39152,0.0,0,0.0,881.3341539367102
5,z,9,1.0,normal,na,val,1790000,0.026877448979591836,46175,0.35195427147843805,0.024701909990209905,98,0.6545047229764562,0.0016408042685936222,0.008287313035159883,0.007053285527840359,0.03562447161700611,0.0020371065448968446,0.01028894179925755,0.013458330914192707,0.06797483609198722,0.01749081632653061,0.001107581124626483,0.005594129456697206,0,3,160,128,160,1.0,0.0,46175,1120.0,30385,0.0,0,0.0,927.6040074652265
5,z,10,0.1,m1,na,val,700000,0.8179228571428572,572546,0.0019203070590735223,7.340793792071124e-05,7,0.0036937982423056225,0.009484651491752337,0.01280307608127269,0.00025916172234625057,0.000349835442181301,2.5590315423479935e-05,3.454367886848391e-05,0.00048500932530108235,0.0006547010501499446,0.8163528571428572,0.009504894334324105,0.01283040135029,1,2,112,80,96,1.0,0.0,572546,42.0,2114,0.0,0,0.0,639.0645401712973
5,z,10,0.1,normal,na,val,800000,0.80217375,641739,0.0019249466531751638,8.07143962013389e-05,8,0.0036884645139476494,0.015630492190027163,0.022555973511941996,0.0004930067826653553,0.0007114457942727249,3.897684109107325e-05,5.624650743822116e-05,0.0009099183290213981,0.0013130804505652302,0.8006425,0.015965865367401768,0.023039942181227017,1,2,128,96,128,1.0,0.0,641739,51.0,2348,0.0,0,0.0,766.3139706021175
5,z,10,0.15,m1,na,val,700000,0.7477928571428573,523455,0.0038622483189998066,0.0001803054504331205,7,0.007363885737133371,0.018768037342958017,0.025334469084816517,0.0009543381256944967,0.001288235381252622,6.384027659081157e-05,8.6176273208605e-05,0.0018000901064940211,0.0024298932445362014,0.7449128571428572,0.01892200706162005,0.0255423086690075,1,2,112,80,96,1.0,0.0,523455,94.0,3844,0.0,0,0.0,654.6284249648452
5,z,10,0.15,normal,na,val,700000,0.7151114285714285,500578,0.0030523763443918,0.00014099901009392556,7,0.005822754668595749,0.028708504092922246,0.03875283792987357,0.0006823666268931656,0.0009211083661884263,4.4284335232774684e-05,5.9778233674355855e-05,0.0012827540732939964,0.0017315552404035893,0.7129399999999999,0.028815751819216272,0.038897608752552715,1,2,128,96,128,1.0,0.0,500578,70.0,2900,0.0,0,0.0,630.035065545002
5,z,10,0.3,m1,na,val,700000,0.5502028571428571,385142,0.011162520065735105,0.0007803389532484362,7,0.020764362224973333,0.03748314828541843,0.05059749424437463,0.0021171195680234605,0.002857842792233965,0.00019387290111663372,0.0002617038175047089,0.0039018178722705407,0.00526695905668114,0.5441321428571428,0.037741846434605375,0.050946703921610006,1,2,112,80,96,1.0,0.0,385142,298.0,7903,0.0,0,0.0,605.9658917542547
5,z,10,0.3,normal,na,val,700000,0.5087514285714285,356126,0.009684661715014546,0.0007427698047367641,7,0.017883783820555565,0.029316754323310296,0.03957389856482486,0.0009386226483104141,0.001267021480797039,0.00010978628729431111,0.0001481975579315497,0.0018223295157903973,0.002459913625303135,0.5038364285714286,0.02916104013622743,0.03936370416960759,1,2,128,96,128,1.0,0.0,356126,265.0,6351,0.0,0,0.0,598.5371236808132
5,z,10,0.5,m1,na,val,700000,0.3824128571428571,267689,0.02709110738693202,0.0028247114973870657,7,0.04853279177908991,0.014839471336495338,0.02003140344083569,0.007351569475068953,0.009923686008696994,0.0009761353275448753,0.001317658838075672,0.012771140738976944,0.01723941956833605,0.37200642857142857,0.013877665368497688,0.0187330874200094,1,2,112,80,96,1.0,0.0,267689,761.0,13047,0.0,0,0.0,552.675673782127
5,z,10,0.5,normal,na,val,900000,0.32125555555555557,289130,0.02436361454836084,0.0022351612856018658,9,0.04425690652551795,0.03627680150514178,0.05552571658950273,0.002929874221092821,0.0044845013588155425,0.00018871867972972326,0.0002888551220352907,0.005566715321188657,0.008520482634472434,0.3134955555555556,0.03562808522910466,0.05453278351393571,1,2,128,96,128,1.0,0.0,289130,643.0,12682,0.0,0,0.0,689.8675442582462
5,z,10,0.7,m1,na,val,700000,0.25355,177485,0.04810105879693503,0.005407974942026212,7,0.08538616770981763,0.03202245908025595,0.04322625668117316,0.010693407391087508,0.014434743175876306,0.001183356052422328,0.0015973805240574455,0.01910180748089632,0.0257850164215739,0.24184071428571427,0.033538384162627756,0.045272563198602185,1,2,112,80,96,1.0,0.0,177485,923.0,14547,0.0,0,0.0,515.6616310437676
5,z,10,0.7,normal,na,val,900000,0.17249444444444445,155245,0.04991435911617951,0.005941899191472064,9,0.08794491984941488,0.021899581331236838,0.033519767343729856,0.007168656088297896,0.010972432788211065,0.0007000594497663822,0.0010715195659689522,0.013270445953988859,0.02031190707243193,0.1641388888888889,0.021808758837205358,0.0333807533222531,1,2,128,96,128,1.0,0.0,155245,912.0,13216,0.0,0,0.0,625.8144592561293
5,z,10,0.9,m1,na,val,700000,0.17226999999999998,120589,0.05950563612879282,0.007311049472371738,7,0.10438917331284216,0.01568318584301884,0.021170310972365675,0.006815200977086731,0.009199656591987704,0.0008666212256060727,0.0011698286958386067,0.012205416775142341,0.01647576399740949,0.16202428571428573,0.014787166807291611,0.019960798962919683,1,2,112,80,96,1.0,0.0,120589,877.0,12590,0.0,0,0.0,498.4493557822425
5,z,10,0.9,normal,na,val,900000,0.1491588888888889,134243,0.05734830315208211,0.006581562722377141,9,0.10153348085940993,0.014791310635055843,0.022639761176105885,0.008289849965955097,0.0126885458662578,0.0012051272352578508,0.00184458250294569,0.014917922789182492,0.02283355528956504,0.14063944444444443,0.014287677364704918,0.021868893925568754,1,2,128,96,128,1.0,0.0,134243,869.0,13597,0.0,0,0.0,620.699503167998
5,z,10,1.0,m1,na,val,1590000,0.1568034375,244971,0.07315834015647381,0.00920938764151105,96,0.1278979050299255,0.007987958587463328,0.03993147474646576,0.0037487797018556676,0.018739994750304568,0.0007434194333668478,0.003716323013505665,0.0063014861770363615,0.03150086888763377,0.14559640625,0.007618705038364344,0.038085591519926486,1,2,112,80,96,1.0,0.0,244971,2060.0,30083,0.0,0,0.0,1270.6988309077606
5,z,10,1.0,normal,na,val,1790000,0.12056142857142858,220590,0.07728557893092887,0.01006473522793859,98,0.13444168740598056,0.006365944580602236,0.03215287558286852,0.0054829586820188524,0.027693123321579898,0.0012958335237278709,0.006544947656548832,0.008765313309805485,0.04427151771848686,0.11178525510204082,0.006137328368633454,0.03099818934163776,1,2,128,96,128,1.0,0.0,220590,1874.0,25669,0.0,0,0.0,1383.8893182869542
5,z,11,0.1,m1,na,val,700000,0.7086471428571429,496053,0.001725190943551114,3.2176579524101245e-05,7,0.003386028728054025,0.021466951087970858,0.02897766019671344,0.00023104708656629562,0.0003118842511226687,1.4197622686373086e-05,1.9164989202281615e-05,0.00044720327288116875,0.0006036676762947592,0.7074235714285714,0.021405355202845856,0.02889451356721055,0,3,144,80,128,1.0,0.0,496053,16.0,1681,0.0,0,0.0,591.3927742284723
5,z,11,0.1,normal,na,val,800000,0.6882475,550598,0.001644933734618158,5.109170658973364e-05,8,0.003187684056056849,0.01605861920122648,0.02317379292587703,0.0003206409403651072,0.00046270894542489537,2.198660059804645e-05,3.1728315057385405e-05,0.0006097464906701139,0.0008799099558317091,0.68711875,0.01610764145995619,0.023244535725013477,0,3,160,96,160,1.0,0.0,550598,28.0,1750,0.0,0,0.0,630.8911133869551
5,z,11,0.15,m1,na,val,700000,0.5844557142857143,409119,0.002761796439769594,9.349616219488975e-05,7,0.0053366005551494095,0.03540820483447304,0.04779658385880133,0.00023029729283726333,0.0003108721247238854,3.576191663795576e-05,4.8274049913803084e-05,0.0004374385227461548,0.0005904865025845902,0.58284,0.035293855788413576,0.04764222715546929,0,3,144,80,128,1.0,0.0,409119,39.0,2184,0.0,0,0.0,573.7803864271846
5,z,11,0.15,normal,na,val,700000,0.5764271428571429,403499,0.003375080334758664,0.00012796268350773302,7,0.006494235302501862,0.016583445444981193,0.022385547208177096,0.0005938135093433665,0.0008015728933025907,3.1037942981932266e-05,4.1897284865915974e-05,0.0011544980205263268,0.0015584258425658183,0.5744757142857143,0.016409054206748146,0.022150141163690736,0,3,160,96,160,1.0,0.0,403499,52.0,2628,0.0,0,0.0,555.5996751489583
5,z,11,0.3,m1,na,val,700000,0.3270842857142857,228959,0.01041192645154958,0.0006696634767143303,7,0.0194845259496705,0.024883959488795182,0.033590187980590824,0.0012419467915399625,0.0016764705877496521,0.00017659948997912105,0.00023838690415591712,0.0022726549897471634,0.003067795876898491,0.3236664285714285,0.024541684791662795,0.03312816056799784,0,3,144,80,128,1.0,0.0,228959,155.0,4475,0.0,0,0.0,490.78514903620817
5,z,11,0.3,normal,na,val,700000,0.32380285714285717,226662,0.009128047882803084,0.0005547352119293886,7,0.01714662534174739,0.027440402901803995,0.03704106222121863,0.0014323526087086334,0.0019334942818355376,0.0001696152767710105,0.00022895910249667574,0.002577050120534228,0.0034786906811645896,0.3208464285714286,0.02719301518282468,0.03670712018967231,0,3,160,96,160,1.0,0.0,226662,125.0,3889,0.0,0,0.0,486.8102722542826
5,z,11,0.5,m1,na,val,700000,0.1873357142857143,131135,0.024498085546031608,0.0019252983471975944,7,0.04514557439766803,0.023029254853193435,0.031086572051365877,0.0046735918754328585,0.006308756036636379,0.0005094841925277258,0.0006877390154831199,0.008351904986757638,0.011274012024796384,0.18273857142857142,0.022469511244944035,0.030330989201679207,0,3,144,80,128,1.0,0.0,131135,251.0,5934,0.0,0,0.0,422.68796739634126
5,z,11,0.5,normal,na,val,900000,0.14805555555555555,133250,0.020570817366070478,0.0017540993408958162,9,0.03763343605034933,0.014784032955677822,0.022628621870935443,0.00275674068460778,0.004219501047869051,0.0004242488929178144,0.0006493605503844098,0.004769338054072681,0.00730000722562145,0.14505444444444446,0.01467511237992598,0.02246190670396834,0,3,160,96,160,1.0,0.0,133250,227.0,4948,0.0,0,0.0,547.3541739250068
5,z,11,0.7,m1,na,val,700000,0.0913757142857143,63963,0.040952493408663984,0.004291619644356116,7,0.07332174752861574,0.010080358549178691,0.01360720502422994,0.004837142750870868,0.00652952896679754,0.0006628214264788179,0.000894724825565324,0.009087658385490298,0.012267185759141876,0.08760857142857144,0.009495864493557181,0.012818212210979901,0,3,144,80,128,1.0,0.0,63963,276.0,4722,0.0,0,0.0,404.07581581780687
5,z,11,0.7,normal,na,val,900000,0.07562222222222222,68060,0.03944387738188168,0.0040747513531346,9,0.07073825205749416,0.011367947797879292,0.017399920098794833,0.0052468250929937985,0.008030854734174182,0.0008906541963752626,0.0013632462189417285,0.009269032702852774,0.014187294953346082,0.07273388888888889,0.011247533687111858,0.0172156127863957,0,3,160,96,160,1.0,0.0,68060,265.0,4669,0.0,0,0.0,485.6190435809549
5,z,11,0.9,m1,na,val,700000,0.04792285714285714,33546,0.05597142266329943,0.006392307975583905,7,0.09915822937543105,0.01023239137380244,0.013812430047226437,0.0066680506629358555,0.009001022338626354,0.0015855986813059142,0.002140357035656841,0.010955984213637854,0.014789188570018015,0.045298571428571424,0.009770005933126824,0.013188268370754654,0,3,144,80,128,1.0,0.0,33546,212.0,3250,0.0,0,0.0,354.8424930716865
5,z,11,0.9,normal,na,val,900000,0.03647222222222222,32825,0.06810612745133661,0.008970424406842734,9,0.11827140608898776,0.008168633471312197,0.012503010415273772,0.009812235400880574,0.015018727654409042,0.0026545547275737993,0.0040630939707762236,0.014886983647246142,0.022786199460070624,0.03409222222222222,0.0076653391549071775,0.0117326619717967,0,3,160,96,160,1.0,0.0,32825,261.0,3762,0.0,0,0.0,457.3987433577422
5,z,11,1.0,m1,na,val,1590000,0.033487083333333334,55688,0.07068941504721585,0.00844920433128839,96,0.12448042143185493,0.002199306891359876,0.0109942442277926,0.0041123438483854574,0.020557436888607505,0.0012270417788388672,0.006133931124963734,0.007073590418705413,0.03536058607197607,0.031121614583333332,0.002069525623945406,0.01034547303730863,0,3,144,80,128,1.0,0.0,55688,447.0,6948,0.0,0,0.0,869.0684291040525
5,z,11,1.0,normal,na,val,1790000,0.024621428571428572,46143,0.07912724374938447,0.012758980002654362,98,0.1327365274934602,0.001596041399354543,0.008061226403843314,0.008192521121820995,0.04137848028752606,0.006659501970333203,0.03363556430391273,0.007683650953478364,0.03880829781053595,0.022783367346938775,0.0014956155108478448,0.007553999069773525,0,3,160,96,160,1.0,0.0,46143,424.0,5838,0.0,0,0.0,968.5282965950755
5,z,12,0.1,m1,na,val,7700000,0.9063071428571429,6978565,9.302179187882071e-07,0.0,77,1.8604358375764143e-06,0.0029563317770313156,0.013235564316717073,4.6406154497741766e-07,2.0776140462933713e-06,0.0,0.0,9.281230899548353e-07,4.1552280925867426e-06,0.9063062987012986,0.002956313679595212,0.013235483294085791,2,1,80,48,64,1.0,0.0,6978565,0.0,13,0.0,0,0.0,11284.841361811152
5,z,12,0.1,normal,na,val,7800000,0.8931766666666666,6966778,9.363364729917494e-07,0.0,78,1.8726729459834987e-06,0.0026848514046151632,0.012097941615910997,5.496114598563037e-07,2.47654948104297e-06,0.0,0.0,1.0992229197126074e-06,4.95309896208594e-06,0.8931758333333334,0.0026848980194619384,0.01209815166243117,2,1,96,64,96,1.0,0.0,6966778,0.0,13,0.0,0,0.0,20071.614326112205
5,z,12,0.15,m1,na,val,7700000,0.8605885714285715,6626532,3.358476761128769e-06,0.0,77,6.716953522257538e-06,0.004067668336161927,0.018211043259971162,1.124182749373973e-06,5.032991627896519e-06,0.0,0.0,2.248365498747946e-06,1.0065983255793039e-05,0.8605857142857143,0.004068002037161987,0.018212537246905636,2,1,80,48,64,1.0,0.0,6626532,0.0,44,0.0,0,0.0,13968.670393915148
5,z,12,0.15,normal,na,val,7700000,0.8409451948051948,6475278,5.343867775133366e-06,6.265939142786949e-07,77,9.434547721709342e-06,0.0047461262816212635,0.02124851484657775,1.6964758816874924e-06,7.595160941774182e-06,8.629924770977591e-07,3.86363686383681e-06,2.8634180907756384e-06,1.2819587639168658e-05,0.8409407142857144,0.004746218167629551,0.02124892622231776,2,1,96,64,96,1.0,0.0,6475278,4.0,61,0.0,0,0.0,20068.12627516454
5,z,12,0.3,m1,na,val,7700000,0.7372835064935065,5677083,2.6981740849342625e-05,1.084784685436602e-06,77,5.179391232781204e-05,0.009130170264286341,0.04087597904078529,4.069511122951221e-06,1.821929345815974e-05,9.78745111236409e-07,4.381864028282464e-06,7.485854246208427e-06,3.3514338989636246e-05,0.7372637662337662,0.009130536992071395,0.04087762088938413,2,1,80,48,64,1.0,0.0,5677083,6.0,292,0.0,0,0.0,15174.427358650137
5,z,12,0.3,normal,na,val,7800000,0.7074871794871794,5518400,3.7408889499782e-05,3.2894019486446167e-06,78,6.823897510227478e-05,0.010129658221739618,0.04564424442450821,6.0625896468697395e-06,2.7318031628483942e-05,1.8908581734083543e-06,8.520207765144928e-06,1.0434526791570474e-05,4.701798233491918e-05,0.7074608974358975,0.01012997675630444,0.04564567974139809,2,1,96,64,96,1.0,0.0,5518400,18.0,374,0.0,0,0.0,19576.908840188058
5,z,12,0.5,m1,na,val,7700000,0.6115666233766234,4709063,0.0001382936302758744,1.1941294785960326e-05,77,0.00025270467097982815,0.01419159681653231,0.06353610033943798,2.1078867504013242e-05,9.437056718075167e-05,4.74249925827066e-06,2.1232276580897243e-05,3.6783358114934554e-05,0.0001646799272996131,0.6114851948051948,0.014195019754611947,0.06355142491073852,2,1,80,48,64,1.0,0.0,4709063,54.0,1146,0.0,0,0.0,16010.80076530273
5,z,12,0.5,normal,na,val,7900000,0.5770403797468354,4558619,0.00013223495466080408,1.2144433829327728e-05,79,0.00024018104166295272,0.009334478540146119,0.04232992859646883,1.578109991397851e-05,7.156402252781801e-05,3.9435902427187504e-06,1.7883365703833178e-05,2.7377203589675428e-05,0.0001241499531160538,0.5769650000000001,0.009336049793380095,0.04233705390474557,2,1,96,64,96,1.0,0.0,4558619,54.0,1083,0.0,0,0.0,19150.415221766103
5,z,12,0.7,m1,na,val,7700000,0.5041294805194806,3881797,0.0003768692578688102,3.79108619561618e-05,77,0.0006779167918252968,0.012526169390983914,0.056079944038941384,4.827864568033524e-05,0.00021614459005942055,7.853873090455071e-06,3.516196768971457e-05,8.534262112057745e-05,0.0003820808474794725,0.5039437012987014,0.012529565310781459,0.05609514764878113,2,1,80,48,64,1.0,0.0,3881797,144.0,2573,0.0,0,0.0,16582.447670359397
5,z,12,0.7,normal,na,val,8000000,0.471263875,3770111,0.000425501108826898,4.3929308800165843e-05,80,0.0007631436000534644,0.009863826502448466,0.045012625668854625,5.265750565945986e-05,0.00024029747383700438,8.209789458305767e-06,3.746458634639362e-05,9.629970381685524e-05,0.00043945445703588633,0.4710695625,0.009872372859007515,0.04505162614686684,2,1,96,64,96,1.0,0.0,3770111,161.0,2787,0.0,0,0.0,18666.93777119578
5,z,12,0.9,m1,na,val,7700000,0.4200305194805195,3234235,0.0008318036427973637,9.086288663152151e-05,77,0.001481881512331684,0.011563753949432253,0.05177118831164951,0.00010582729306761496,0.00047379118769511763,1.9254820342790648e-05,8.620426673143944e-05,0.00017883157546431933,0.0008006330132860352,0.4196903246753247,0.011570182855551234,0.05179997066993723,2,1,80,48,64,1.0,0.0,3234235,286.0,4667,0.0,0,0.0,16951.473511822987
5,z,12,0.9,normal,na,val,8000000,0.382551125,3060409,0.0009576137540962025,0.00013187119206018152,80,0.001651485124072042,0.010273095161235346,0.04688028391805387,8.807193067785078e-05,0.00040190780388841527,1.8779483579496346e-05,8.569837115529574e-05,0.00014740695811288327,0.0006726775075446349,0.38219156249999997,0.010273172400988177,0.04688063639425366,2,1,96,64,96,1.0,0.0,3060409,395.0,4963,0.0,0,0.0,18533.082723107887
5,z,12,1.0,m1,na,val,8590000,0.3661968072289156,3202053,0.00153620021657757,0.00016352063779130033,166,0.002745359157572539,0.009403127209671519,0.061811642504777144,0.00014284173527671448,0.0009389729691846554,3.5833722005928034e-05,0.00023555367962775487,0.00026066512473398734,0.0017134873477993942,0.36565524096385543,0.009400988993656833,0.0617975868995566,2,1,80,48,64,1.0,0.0,3202053,488.0,6960,0.0,0,0.0,17844.50761179853
5,z,12,1.0,normal,na,val,8890000,0.3032228402366864,2950327,0.002045080643111379,0.00031625622908572815,169,0.003457648828051302,0.008727107719744553,0.05788387773299959,0.00020170872476485822,0.001337863990787325,5.7691704476680015e-05,0.00038264906030451034,0.0003244990107604257,0.0021522893570844566,0.30264378698224853,0.008738110928929926,0.05795685820208626,2,1,96,64,96,1.0,0.0,2950327,622.0,7654,0.0,0,0.0,18818.54126521126
5,z,13,0.1,m1,na,val,700000,0.71297,499079,0.0013958104708688308,3.1858478666530714e-05,7,0.0027279039844046,0.014923686288134947,0.020145082940178416,0.0003402505568358674,0.0004592950800198741,2.2519008328841715e-05,3.0397803984646637e-05,0.0006491492011204394,0.0008762690560923134,0.7119707142857142,0.014778008129198805,0.019948435909566794,0,3,144,80,128,1.0,0.0,499079,16.0,1367,0.0,0,0.0,590.9912951136939
5,z,13,0.1,normal,na,val,800000,0.68974625,551797,0.0015156876613771643,3.129984344603507e-05,8,0.0029687756358622586,0.017252396687489523,0.02489650344784525,0.00032636703654181915,0.00047097213202954713,1.4208700270967278e-05,2.0504221047853262e-05,0.0006462600515751484,0.0009326017650586846,0.688698125,0.017171683286318358,0.024780027951313087,0,3,160,96,160,1.0,0.0,551797,17.0,1643,0.0,0,0.0,648.5915361791849
5,z,13,0.15,m1,na,val,700000,0.5854685714285714,409828,0.0022040053160895822,5.641066251554456e-05,7,0.004295189307148075,0.022599866641494454,0.030506952447254522,0.00025711324442494936,0.00034707025690274506,2.1780395488731646e-05,2.94007703672536e-05,0.0004713561093808382,0.0006362709410064577,0.5841807142857143,0.022595254535410735,0.030500726689235248,0,3,144,80,128,1.0,0.0,409828,23.0,1757,0.0,0,0.0,581.073512469884
5,z,13,0.15,normal,na,val,700000,0.56656,396592,0.0027422668486367617,6.495971062545301e-05,7,0.005354614276022617,0.0198526411462052,0.026798546602381252,0.00024182913989873948,0.00032643865507179197,4.078927655445098e-05,5.506034791903819e-05,0.00042476065395504717,0.0005733729883113363,0.5650078571428572,0.01982886058114955,0.02676644585688439,0,3,160,96,160,1.0,0.0,396592,26.0,2121,0.0,0,0.0,552.4541184350383
5,z,13,0.3,m1,na,val,700000,0.3548857142857143,248420,0.00871504736823489,0.0005116070487359097,7,0.01640688063899796,0.01682014620943191,0.022705063207093153,0.0018802257352942859,0.0025380661756388987,0.0002070005955537751,0.0002794245393252814,0.0033566482762246107,0.004531049274287736,0.35183214285714287,0.01717750126415363,0.023187447189004153,0,3,144,80,128,1.0,0.0,248420,124.0,4027,0.0,0,0.0,490.9743190018926
5,z,13,0.3,normal,na,val,700000,0.35661,249627,0.007009417840554291,0.00034545586719264,7,0.0133279239467233,0.029418689659466472,0.039711498334865175,0.0012085927168021052,0.001631446818888921,6.637247999882635e-05,8.959442651811385e-05,0.002339270710967998,0.0031577186482033563,0.3541271428571428,0.029362480548255233,0.039635623166660625,0,3,160,96,160,1.0,0.0,249627,87.0,3302,0.0,0,0.0,490.30102298175916
5,z,13,0.5,m1,na,val,700000,0.16790714285714284,117535,0.016558015087182083,0.0010568142403510337,7,0.031002401693662102,0.01726194807237391,0.02330143966531233,0.00279120586335865,0.003767773761445062,0.000384351858663196,0.0005188262418205424,0.004953357150182564,0.006686403660340145,0.16515714285714284,0.01714043758173441,0.023137415920456428,0,3,144,80,128,1.0,0.0,117535,122.0,3606,0.0,0,0.0,430.4105213396251
5,z,13,0.5,normal,na,val,900000,0.13903444444444443,125131,0.01927471262808696,0.0014896067121635017,9,0.035570211831846915,0.01954388165843756,0.029914104579241166,0.004896393331553773,0.007494479589112918,0.0005778431657673209,0.0008844538251540626,0.008715586253224274,0.013340183040649399,0.13638777777777777,0.01928616575406025,0.029519641460296304,0,3,160,96,160,1.0,0.0,125131,177.0,4410,0.0,0,0.0,507.29412418883294
5,z,13,0.7,m1,na,val,700000,0.08996142857142857,62973,0.03441660176803402,0.0035438590949203193,7,0.06174548534622741,0.011801727193367362,0.015930834282999146,0.006463535910894007,0.008724953372633104,0.0011312710689618992,0.0015270724050384624,0.01071074792981219,0.014458150702950485,0.08679642857142857,0.011043827035950898,0.014907765234457991,0,3,144,80,128,1.0,0.0,62973,233.0,3965,0.0,0,0.0,380.3660793041345
5,z,13,0.7,normal,na,val,900000,0.07849777777777778,70648,0.033038063015902175,0.003546982016278404,9,0.05898216199924754,0.01212894319907632,0.01856470897817804,0.0063806817418426845,0.009766349604861252,0.0012813393062896818,0.0019612336320760436,0.010484998243358993,0.016048466699018868,0.07595111111111111,0.011817214840056408,0.018087573734780215,0,3,160,96,160,1.0,0.0,70648,244.0,4096,0.0,0,0.0,466.822904848028
5,z,13,0.9,m1,na,val,700000,0.043370000000000006,30359,0.04837437079818918,0.005312237867519541,7,0.08612426586133927,0.00970269101916233,0.0130974017779609,0.009455505981924123,0.012763733341048382,0.002364314831827345,0.0031915250337125793,0.014920741971675963,0.02014110848653987,0.041228571428571434,0.009086760081202393,0.01226597316233195,0,3,144,80,128,1.0,0.0,30359,176.0,2646,0.0,0,0.0,347.92739096237347
5,z,13,0.9,normal,na,val,900000,0.026894444444444443,24205,0.05384580841301404,0.0068139095648574195,9,0.09406379769631326,0.008205840080164527,0.012559959306374276,0.013203425091813253,0.020209324120122326,0.0034387472155495927,0.0052633885952289685,0.020150874848032414,0.030843175787804714,0.02553,0.007853505901471295,0.012020672298170349,0,3,160,96,160,1.0,0.0,24205,142.0,2172,0.0,0,0.0,418.6186973215081
5,z,13,1.0,m1,na,val,1590000,0.0367578125,58845,0.05873622844777188,0.007068930506258757,96,0.10333459588302624,0.002185422555132259,0.010924837004986677,0.003191015430009171,0.015951754214021053,0.0011219039294436994,0.005608351362368334,0.005516233533838605,0.027575423387620947,0.03463052083333334,0.002073799096574105,0.010366835950308757,0,3,144,80,128,1.0,0.0,58845,403.0,5964,0.0,0,0.0,878.3360521568684
5,z,13,1.0,normal,na,val,1790000,0.02548642857142857,44810,0.059007952173638877,0.009904565967937668,98,0.0982067724114024,0.0018145533496033398,0.009164878416637755,0.006151382991964016,0.03106917590923821,0.005015729345983197,0.025333258808150613,0.00558130828583364,0.028189863834325948,0.024066530612244896,0.001726171463930104,0.008718482483112047,0,3,160,96,160,1.0,0.0,44810,330.0,4508,0.0,0,0.0,915.8107318396214
5,z,14,0.1,m1,na,val,700000,0.8268742857142858,578812,3.45458918488424e-06,0.0,7,6.90917836976848e-06,0.006631520260091196,0.008951710929840652,2.3942620606448836e-06,3.2319499928486783e-06,0.0,0.0,4.788524121289767e-06,6.463899985697357e-06,0.8268714285714286,0.006631441050028244,0.008951604006306006,1,2,112,48,96,1.0,0.0,578812,0.0,4,0.0,0,0.0,616.2165640511084
5,z,14,0.1,normal,na,val,800000,0.8045725,643658,8.18437765992274e-07,0.0,8,1.636875531984548e-06,0.015291279664239996,0.022066464374702156,1.604138021344857e-06,2.314891577249223e-06,0.0,0.0,3.208276042689714e-06,4.629783154498446e-06,0.804571875,0.015292197621847052,0.022067789056434382,1,2,128,64,128,1.0,0.0,643658,0.0,1,0.0,0,0.0,740.3498755898327
5,z,14,0.15,m1,na,val,700000,0.7323557142857143,512649,4.400456843801381e-06,0.0,7,8.800913687602762e-06,0.03858744975869741,0.05208816111720036,6.635785514529522e-06,8.957468482147909e-06,0.0,0.0,1.3271571029059043e-05,1.7914936964295818e-05,0.7323528571428571,0.03859128604283612,0.05209333961403179,1,2,112,48,96,1.0,0.0,512649,0.0,4,0.0,0,0.0,653.3337779750582
5,z,14,0.15,normal,na,val,700000,0.72448,507136,0.0,0.0,7,0.0,0.027808202972024878,0.03753754564876789,0.0,0.0,0.0,0.0,0.0,0.0,0.72448,0.027808202972024878,0.03753754564876789,1,2,128,64,128,1.0,0.0,507136,0.0,0,0.0,0,0.0,657.2699444820173
5,z,14,0.3,m1,na,val,700000,0.5262257142857143,368358,4.7227554035614106e-05,0.0,7,9.445510807122821e-05,0.06589483922169725,0.08894967207305916,1.7881278805666986e-05,2.413745757326781e-05,0.0,0.0,3.576255761133397e-05,4.827491514653562e-05,0.5262021428571428,0.06589714731407827,0.08895278770491788,1,2,112,48,96,1.0,0.0,368358,0.0,33,0.0,0,0.0,579.1930364980362
5,z,14,0.3,normal,na,val,700000,0.5433742857142857,380362,3.8146293794896896e-05,8.47443976288092e-06,7,5.934370806403195e-05,0.031611863843816625,0.042672005209169986,2.5583102558718278e-05,3.4533942416239166e-05,1.1595110947125507e-05,1.5651928566477907e-05,3.2939736295622994e-05,4.4464464535850216e-05,0.5433542857142857,0.031618688849476335,0.04268121810083947,1,2,128,64,128,1.0,0.0,380362,3.0,22,0.0,0,0.0,615.3962133182213
5,z,14,0.5,m1,na,val,700000,0.35735142857142854,250146,0.00016200160924092463,1.814802181376393e-05,7,0.00028770717485432145,0.02956184731440172,0.03990474300488245,8.39339483405019e-05,0.00011330018054321965,1.746223703265443e-05,2.3571804348605155e-05,0.00017701726290478859,0.00023895084459765804,0.35729357142857143,0.029557394291107594,0.03989873198844437,1,2,112,48,96,1.0,0.0,250146,5.0,71,0.0,0,0.0,535.6362590473145
5,z,14,0.5,normal,na,val,800000,0.3688,295040,0.0002061841300191249,3.132448540202654e-05,8,0.00034971928923419667,0.03542503820294342,0.051120989259375096,9.938247441216273e-05,0.00014341637058763024,2.1193846780075233e-05,3.058431179106097e-05,0.00016391475832964824,0.00023654130030907838,0.36872625000000003,0.03543179253371891,0.051130736265688835,1,2,128,64,128,1.0,0.0,295040,9.0,100,0.0,0,0.0,629.0990485672373
5,z,14,0.7,m1,na,val,700000,0.27443,192101,0.0004940043257232462,4.750209537762513e-05,7,0.0008930044606912422,0.037214760991126444,0.05023520545062662,0.00021531441071265036,0.00029064713491535433,3.916094009042649e-05,5.286230029937132e-05,0.000419124027504921,0.0005657642577907226,0.2743042857142857,0.03723421782303656,0.0502614697049814,1,2,112,48,96,1.0,0.0,192101,8.0,160,0.0,0,0.0,529.6313122762367
5,z,14,0.7,normal,na,val,900000,0.25899222222222223,233093,0.0004996477690957788,7.147208196111558e-05,9,0.0008563513742693266,0.019083101925286262,0.02920882947747897,0.00015748444235671,0.00024104761585210714,3.1304357097049275e-05,4.791483229140195e-05,0.0002601267392635418,0.00039815317234215573,0.2588672222222222,0.01910355388495315,0.029240133497377276,1,2,128,64,128,1.0,0.0,233093,16.0,193,0.0,0,0.0,683.1795723931864
5,z,14,0.9,m1,na,val,700000,0.19980714285714285,139865,0.0011005957439448252,0.00011636655204458477,7,0.001968458383800481,0.03073605807560018,0.04148977854616152,0.0004549044237274937,0.0006140632527990298,8.373718290510644e-05,0.0001130345721714494,0.0007797254743809231,0.001052530457200912,0.1996007142857143,0.030770399724843793,0.041536135415299484,1,2,112,48,96,1.0,0.0,139865,15.0,259,0.0,0,0.0,502.2721159479115
5,z,14,0.9,normal,na,val,900000,0.1849588888888889,166463,0.0010698663698764743,0.0001387255774555495,9,0.0018622815848418498,0.023349493848628937,0.03573902119688103,0.0003433331003596335,0.000525509847489235,9.785819711656725e-05,0.000149782954770256,0.0005360982251014909,0.0008205585078084044,0.1847738888888889,0.023372063512698337,0.03577356660106888,1,2,128,64,128,1.0,0.0,166463,21.0,291,0.0,0,0.0,653.6375932840165
5,z,14,1.0,m1,na,val,1590000,0.16544885416666666,249739,0.0019903289928089383,0.0002965769933411234,96,0.00338750399893563,0.009006271408916435,0.04502197844257593,0.00027233027218841297,0.0013613677721936092,9.856012254281273e-05,0.0004926979779919854,0.00046036854268812296,0.0023013633126828504,0.16514427083333333,0.009006185463568513,0.04502154880533476,1,2,112,48,96,1.0,0.0,249739,61.0,821,0.0,0,0.0,1246.2184284273935
5,z,14,1.0,normal,na,val,1790000,0.13578510204081634,241181,0.003032383458162072,0.0010892134909041172,98,0.0038863399345159086,0.008630573283296451,0.043590977815331194,0.0016519577665972673,0.008343646707105083,0.0016643283649216013,0.008406127663979879,0.0005674299946080716,0.0028659542645429535,0.13550510204081634,0.008626386774896144,0.04356983275476439,1,2,128,64,128,1.0,0.0,241181,82.0,941,0.0,0,0.0,1394.9506917350518
5,z,15,0.1,m1,na,val,700000,0.7044028571428571,493082,1.9609582714421477e-06,0.0,7,3.921916542884295e-06,0.01790484646792594,0.024169270927002683,2.4812838929012925e-06,3.349418424881146e-06,0.0,0.0,4.962567785802585e-06,6.698836849762292e-06,0.7044014285714286,0.017903608109726566,0.02416759930055903,0,3,144,48,128,1.0,0.0,493082,0.0,2,0.0,0,0.0,573.6813670827542
5,z,15,0.1,normal,na,val,800000,0.690915,552732,1.7903793001854254e-06,0.0,8,3.5807586003708508e-06,0.014591939084302659,0.02105726342279884,2.2977536494719872e-06,3.3158309939546525e-06,0.0,0.0,4.5955072989439745e-06,6.631661987909305e-06,0.69091375,0.014591587516528132,0.02105675608411024,0,3,160,64,160,1.0,0.0,552732,0.0,2,0.0,0,0.0,649.4309840269852
5,z,15,0.15,m1,na,val,700000,0.58117,406819,3.6320556160178896e-06,0.0,7,7.264111232035779e-06,0.01753661660412293,0.023672207332650668,5.002696946313603e-06,6.753006124779613e-06,0.0,0.0,1.0005393892627206e-05,1.3506012249559225e-05,0.5811678571428571,0.017535878019268578,0.023671210336810498,0,3,144,48,128,1.0,0.0,406819,0.0,3,0.0,0,0.0,566.9091538020875
5,z,15,0.15,normal,na,val,700000,0.5817357142857142,407215,5.103320187558785e-06,0.0,7,1.020664037511757e-05,0.025738017011417196,0.03474305727151009,5.206320522049913e-06,7.027872115834716e-06,0.0,0.0,1.0412641044099827e-05,1.4055744231669432e-05,0.5817328571428572,0.025739554181324387,0.03474513225584544,0,3,160,64,160,1.0,0.0,407215,0.0,4,0.0,0,0.0,568.4138973702211
5,z,15,0.3,m1,na,val,700000,0.3654385714285714,255807,4.6867576024349195e-05,3.5578199102717816e-06,7,8.661951222815485e-05,0.029467495367834246,0.039777379848590415,2.155003310322744e-05,2.9089810375688434e-05,6.9733270241326915e-06,9.41310669213327e-06,3.9302137611519914e-05,5.3052899037408043e-05,0.3654207142857143,0.02946054741989701,0.03976800100044544,0,3,144,48,128,1.0,0.0,255807,1.0,23,0.0,0,0.0,497.318608088186
5,z,15,0.3,normal,na,val,700000,0.3722928571428571,260605,6.257429072076707e-05,3.497286105981758e-06,7,0.00011815400922957063,0.016500667343272303,0.022273807273930295,2.4180199648745025e-05,3.2640201491056484e-05,6.8546807677242445e-06,9.252949300069212e-06,3.814306259878949e-05,5.1488294836105135e-05,0.3722692857142857,0.016495291850302806,0.022266551040475365,0,3,160,64,160,1.0,0.0,260605,1.0,31,0.0,0,0.0,503.84836791967973
5,z,15,0.5,m1,na,val,700000,0.2175657142857143,152296,0.00028886492900189,3.382526493395893e-05,7,0.0005100793281358622,0.0160060098096517,0.021606082366734027,0.00014467111366192704,0.00019528764726745813,3.385377238847557e-05,4.56982972863732e-05,0.00023612216032536048,0.0003187349567613398,0.21750285714285714,0.015999182706209307,0.02159686664332408,0,3,144,48,128,1.0,0.0,152296,5.0,78,0.0,0,0.0,444.58997573307715
5,z,15,0.5,normal,na,val,900000,0.19379111111111114,174412,0.0003565187759295343,4.071255084701983e-05,9,0.0006316124501650289,0.019876345580738385,0.03042297792970161,0.00012690029746896121,0.00019423514918718554,3.471758233818546e-05,5.313915664007979e-05,0.00021252196912161658,0.0003252887282473723,0.193725,0.019884146400727283,0.03043491796029686,0,3,160,64,160,1.0,0.0,174412,7.0,105,0.0,0,0.0,550.1153490697034
5,z,15,0.7,m1,na,val,700000,0.11658571428571429,81610,0.001090320704988338,9.667105906751136e-05,7,0.0019872992918416534,0.018818597529040255,0.02540271892084445,0.0003580596964477317,0.0004833351588346814,0.00010756642593948153,0.00014520102676322217,0.0006693590812558829,0.0009035498300029297,0.11645857142857143,0.018798375530525685,0.025375421788659615,0,3,144,48,128,1.0,0.0,81610,8.0,162,0.0,0,0.0,393.2342237541452
5,z,15,0.7,normal,na,val,900000,0.1059,95310,0.001103205404684633,0.0001603816939749496,9,0.0018856474214193665,0.012703378707694698,0.01944394700157352,0.00029785128340706373,0.0004558948215414241,9.785249795578831e-05,0.00014977423156498212,0.0005903965472554113,0.0009036681845746092,0.10578388888888889,0.01269461329109689,0.01943053054759728,0,3,160,64,160,1.0,0.0,95310,14.0,181,0.0,0,0.0,497.7826550998725
5,z,15,0.9,m1,na,val,700000,0.08301142857142858,58108,0.0022654896718358325,0.0004443294324943538,7,0.003642320478682958,0.01590397444833628,0.021468347575420137,0.0005727892937553487,0.0007731928698555994,0.0002578301946415599,0.0003480380487270131,0.0008594847081474892,0.0011601953027659117,0.08281214285714286,0.015835983002853556,0.021376567750916512,0,3,144,48,128,1.0,0.0,58108,28.0,223,0.0,0,0.0,371.2242847699672
5,z,15,0.9,normal,na,val,900000,0.06619222222222222,59573,0.0024187108399588205,0.0002663311774403655,9,0.00430475932503691,0.008488381493794767,0.012992420653767501,0.00071741143855628,0.001098078732484102,0.00012849491595222367,0.00019667589176360767,0.0012871981458251614,0.001970201243609941,0.06602999999999999,0.008464326685829445,0.012955602070147109,0,3,160,64,160,1.0,0.0,59573,17.0,258,0.0,0,0.0,473.20189907378517
5,z,15,1.0,m1,na,val,1590000,0.055705000000000005,83643,0.003751796002901536,0.0007421153809693366,96,0.006019361243864399,0.003551140616863383,0.0177520051350767,0.00047173615552925907,0.0023581895393242655,0.0002693732698334786,0.001346585839667492,0.0007813211892212957,0.0039057923241157515,0.05549557291666667,0.0035388283810295794,0.017690456777146847,0,3,144,48,128,1.0,0.0,83643,55.0,482,0.0,0,0.0,861.7793848669753
5,z,15,1.0,normal,na,val,1790000,0.051706326530612245,91696,0.003656660703657442,0.0006457436759255105,98,0.006021834055463863,0.0032454327798072504,0.016391910903477244,0.0005298810388472266,0.002676303398507474,0.0002731987026518837,0.0013798618232608159,0.0008003233292864527,0.004042243237716035,0.051515765306122445,0.0032353875634730817,0.016341174899274554,0,3,160,64,160,1.0,0.0,91696,51.0,546,0.0,0,0.0,983.6398670392118
5,z,16,0.1,m1,na,val,700000,1.0,700000,0.0,0.0,7,0.0,0.0,0.0,0.0,0.0,0.0,0.0,0.0,0.0,1.0,0.0,0.0,4,-1,16,16,0,1.0,0.0,700000,0.0,0,0.0,0,0.0,367.72412398085
5,z,16,0.1,normal,na,val,800000,1.0,800000,0.0,0.0,8,0.0,0.0,0.0,0.0,0.0,0.0,0.0,0.0,0.0,1.0,0.0,0.0,4,-1,32,32,32,1.0,0.0,800000,0.0,0,0.0,0,0.0,754.038710935507
5,z,16,0.15,m1,na,val,700000,1.0,700000,0.0,0.0,7,0.0,0.0,0.0,0.0,0.0,0.0,0.0,0.0,0.0,1.0,0.0,0.0,4,-1,16,16,0,1.0,0.0,700000,0.0,0,0.0,0,0.0,388.6482912385836
5,z,16,0.15,normal,na,val,700000,1.0,700000,0.0,0.0,7,0.0,0.0,0.0,0.0,0.0,0.0,0.0,0.0,0.0,1.0,0.0,0.0,4,-1,32,32,32,1.0,0.0,700000,0.0,0,0.0,0,0.0,668.8453036709689
5,z,16,0.3,m1,na,val,700000,1.0,700000,0.0,0.0,7,0.0,0.0,0.0,0.0,0.0,0.0,0.0,0.0,0.0,1.0,0.0,0.0,4,-1,16,16,0,1.0,0.0,700000,0.0,0,0.0,0,0.0,417.3364680511877
5,z,16,0.3,normal,na,val,700000,1.0,700000,0.0,0.0,7,0.0,0.0,0.0,0.0,0.0,0.0,0.0,0.0,0.0,1.0,0.0,0.0,4,-1,32,32,32,1.0,0.0,700000,0.0,0,0.0,0,0.0,665.5474846498109
5,z,16,0.5,m1,na,val,700000,1.0,700000,0.0,0.0,7,0.0,0.0,0.0,0.0,0.0,0.0,0.0,0.0,0.0,1.0,0.0,0.0,4,-1,16,16,0,1.0,0.0,700000,0.0,0,0.0,0,0.0,467.59313683980145
5,z,16,0.5,normal,na,val,800000,1.0,800000,0.0,0.0,8,0.0,0.0,0.0,0.0,0.0,0.0,0.0,0.0,0.0,1.0,0.0,0.0,4,-1,32,32,32,1.0,0.0,800000,0.0,0,0.0,0,0.0,767.6090243728831
5,z,16,0.7,m1,na,val,700000,1.0,700000,0.0,0.0,7,0.0,0.0,0.0,0.0,0.0,0.0,0.0,0.0,0.0,1.0,0.0,0.0,4,-1,16,16,0,1.0,0.0,700000,0.0,0,0.0,0,0.0,492.0874573618639
5,z,16,0.7,normal,na,val,900000,1.0,900000,0.0,0.0,9,0.0,0.0,0.0,0.0,0.0,0.0,0.0,0.0,0.0,1.0,0.0,0.0,4,-1,32,32,32,1.0,0.0,900000,0.0,0,0.0,0,0.0,871.2090966813266
5,z,16,0.9,m1,na,val,700000,1.0,700000,0.0,0.0,7,0.0,0.0,0.0,0.0,0.0,0.0,0.0,0.0,0.0,1.0,0.0,0.0,4,-1,16,16,0,1.0,0.0,700000,0.0,0,0.0,0,0.0,529.6460717830341
5,z,16,0.9,normal,na,val,900000,1.0,900000,0.0,0.0,9,0.0,0.0,0.0,0.0,0.0,0.0,0.0,0.0,0.0,1.0,0.0,0.0,4,-1,32,32,32,1.0,0.0,900000,0.0,0,0.0,0,0.0,856.8736123847775
5,z,16,1.0,m1,na,val,1590000,1.0,1590000,0.0,0.0,96,0.0,0.0,0.0,0.0,0.0,0.0,0.0,0.0,0.0,1.0,0.0,0.0,4,-1,16,16,0,1.0,0.0,1590000,0.0,0,0.0,0,0.0,1638.0612147974716
5,z,16,1.0,normal,na,val,1790000,1.0,1790000,5.102040816326531e-08,0.0,98,1.0204081632653062e-07,0.0,0.0,1.0000000000000002e-07,5.050762722761055e-07,0.0,0.0,2.0000000000000004e-07,1.010152544552211e-06,0.9999999489795918,9.99999999953092e-08,5.050762722524133e-07,4,-1,32,32,32,1.0,0.0,1790000,0.0,1,0.0,0,0.0,1989.2681503830536
5,z,17,0.1,m1,na,val,700000,0.7245171428571429,507162,0.04762493436583597,0.0036118839164330347,7,0.08802610089880587,0.013062815665850904,0.017633143711285767,0.004593920054082354,0.006201209186741991,0.0005980494247065996,0.0008072908415810765,0.009255023945107743,0.012493108028930097,0.6899885714285714,0.012049589328548375,0.01626541671622284,0,3,144,112,128,1.0,0.0,507162,1837.0,44666,0.0,0,0.0,558.6794101418927
5,z,17,0.1,normal,na,val,800000,0.67801875,542415,0.04740895182264353,0.0055958829276992654,8,0.08362613778988852,0.027237019611596643,0.039305063809532595,0.004927654283026401,0.007110975018103885,0.001227823035620388,0.0017718408052739354,0.010790052154422485,0.015570855199487055,0.64603375,0.028213984014890534,0.04071489677799582,0,3,160,128,160,1.0,0.0,542415,3035.0,45106,0.0,0,0.0,633.2449633348733
5,z,17,0.15,m1,na,val,700000,0.5897857142857142,412850,0.07405272915529174,0.0073099697283932185,7,0.13348551885379703,0.023414312545962147,0.03160635107967115,0.007917677418383083,0.010687859903200788,0.0008938277716810769,0.0012065540810158933,0.01573616804372592,0.021241830220826825,0.5462992857142857,0.024884114512140745,0.03359039724243765,0,3,144,112,128,1.0,0.0,412850,3021.0,54839,0.0,0,0.0,564.4411782009993
5,z,17,0.15,normal,na,val,700000,0.5816228571428572,407136,0.06952057595854572,0.006810755945699812,7,0.1254196400256918,0.016648731797146987,0.02247367549993081,0.005353903275759095,0.007227090107730935,0.0013466577391935658,0.001817817081136048,0.011779297244838173,0.015900556698443938,0.5411978571428572,0.015900054410808363,0.021463056022140083,0,3,160,128,160,1.0,0.0,407136,2765.0,51065,0.0,0,0.0,571.9368786334526
5,z,17,0.3,m1,na,val,700000,0.3763657142857143,263456,0.15253630060724116,0.01488617878449974,7,0.27530024364548283,0.022215401335109828,0.029987973065404534,0.013461314323187116,0.018171066336339217,0.0034773560219776897,0.00469398941540093,0.02855169217658374,0.03854116173944339,0.3188257142857143,0.018141725109444975,0.02448902703739156,0,3,144,112,128,1.0,0.0,263456,3849.0,72858,0.0,0,0.0,499.9892295533791
5,z,17,0.3,normal,na,val,700000,0.3291242857142857,230387,0.13406878644191664,0.015207693928185075,7,0.23772218502746315,0.0191006193044449,0.025783412534122817,0.006480935012136159,0.008748439951675334,0.0017421597631151664,0.002351694631298943,0.012594507573079046,0.017000987205962655,0.28504285714285715,0.01718627455151348,0.023199290013766735,0,3,160,128,160,1.0,0.0,230387,3527.0,54660,0.0,0,0.0,465.8500925009139
5,z,17,0.5,m1,na,val,700000,0.18671142857142858,130698,0.2327705468118774,0.024200115588802078,7,0.4171408624461506,0.02292048896278902,0.030939751899765576,0.017537918412474283,0.02367396460874881,0.005951702587992351,0.008034043329207796,0.03634251806022774,0.04905778816593678,0.14355214285714285,0.0194553383481244,0.02626223823558946,0,3,144,112,128,1.0,0.0,130698,3064.0,54295,0.0,0,0.0,423.7945366972126
5,z,17,0.5,normal,na,val,900000,0.18148666666666669,163338,0.2379904210556799,0.02395629802937233,9,0.42806824605261523,0.017252033366791545,0.026406173520599305,0.01285625966184353,0.019677948462005403,0.0036264753923969948,0.005550727641423972,0.028698806403941773,0.04392674449582924,0.1383222222222222,0.013266414065090075,0.02030573581391338,0,3,160,128,160,1.0,0.0,163338,3870.0,69956,0.0,0,0.0,548.8324938900769
5,z,17,0.7,m1,na,val,700000,0.1143,80010,0.31048363168951354,0.029545612611106192,7,0.5618760381568146,0.01724016246172485,0.02327203185514034,0.01668627556873098,0.022524354827936244,0.00802280771355076,0.010829772462523488,0.039082958030697945,0.05275703441326606,0.07891428571428571,0.012293649912048087,0.01659486753702567,0,3,144,112,128,1.0,0.0,80010,2381.0,44778,0.0,0,0.0,385.6995712919161
5,z,17,0.7,normal,na,val,900000,0.09079777777777778,81718,0.31568106803595625,0.03143038107483025,9,0.568501373922252,0.011858473692201792,0.018150725039084378,0.013889841077661821,0.021259960833155848,0.0018778909653306235,0.0028743229061183014,0.026749284776950457,0.04094278282186294,0.06231722222222222,0.009001104701941237,0.013777201074399854,0,3,160,128,160,1.0,0.0,81718,2564.0,46137,0.0,0,0.0,464.3833940443583
5,z,17,0.9,m1,na,val,700000,0.06300142857142857,44101,0.361123867455318,0.032629391821906086,7,0.6569889512668238,0.01110899214870548,0.014995729868389679,0.021877359951481788,0.02953166008891067,0.006266533318426602,0.008459024868906696,0.045800402467159294,0.06182473207896562,0.04054857142857143,0.008213356030271669,0.01108698851292425,0,3,144,112,128,1.0,0.0,44101,1403.0,28628,0.0,0,0.0,355.85156430094503
5,z,17,0.9,normal,na,val,900000,0.04774,42966,0.3693696618322852,0.039752685102079924,9,0.6592339534604107,0.008660604261700091,0.013256026931173611,0.03415568263220272,0.052279106069698045,0.00853390127366543,0.0130620937862226,0.06080485759456165,0.09306865958351272,0.030397777777777777,0.006074243278501426,0.009297311140563407,0,3,160,128,160,1.0,0.0,42966,1635.0,27946,0.0,0,0.0,425.48592145973817
5,z,17,1.0,m1,na,val,1590000,0.053475312500000004,86187,0.3834477035676915,0.03210050751470316,96,0.7026943921059766,0.002886953071346373,0.014431759053386393,0.004886783434125491,0.02442882836141458,0.0018703009116071484,0.009349556936530076,0.011128626188025736,0.0556315422425251,0.03303953125,0.0018462840809990988,0.009229497793206446,0,3,144,112,128,1.0,0.0,86187,2855.0,59957,0.0,0,0.0,881.6482839450946
5,z,17,1.0,normal,na,val,1790000,0.03966622448979592,70300,0.392793261452777,0.03594795085427403,98,0.7136906211970059,0.002194788759626184,0.011085357251454903,0.005680224664097408,0.028689466990331123,0.0026195883058708403,0.013230918964273222,0.011749006774508481,0.05934144544615452,0.024111683673469386,0.0013607464316459233,0.006872807352087352,0,3,160,128,160,1.0,0.0,70300,2679.0,49806,0.0,0,0.0,897.5837885162618
5,z,18,0.1,m1,na,val,700000,0.8398114285714285,587868,0.001908219542386462,0.00010267860017630732,7,0.00361108188442031,0.01226783491031186,0.016560020560143655,0.00037304789203955447,0.0005035673211497617,4.234060360850072e-05,5.7154442606355574e-05,0.0006775077711549679,0.000914549527443727,0.8382128571428572,0.012422027700822414,0.01676816126302631,1,2,112,80,96,1.0,0.0,587868,60.0,2118,0.0,0,0.0,553.5950588150881
5,z,18,0.1,normal,na,val,800000,0.79452375,635619,0.0020826259514790863,0.00011622152536039094,8,0.003932808852237391,0.02449210747123445,0.0353439495478767,0.0003684935693064426,0.000531763880980042,4.696361640330636e-05,6.777202373024839e-05,0.0006635085930488916,0.0009574927051437074,0.7928793749999999,0.024616334661574285,0.03552321870848293,1,2,128,96,128,1.0,0.0,635619,73.0,2485,0.0,0,0.0,717.3952984688804
5,z,18,0.15,m1,na,val,700000,0.7469814285714286,522887,0.0037337826990280977,0.00023427656105585968,7,0.006999012275944476,0.024174966395288624,0.03263313726289658,0.0006575071457567236,0.0008875512208776472,5.879299640869661e-05,7.93630853723086e-05,0.0012182747281585377,0.001644516305746076,0.7441942857142857,0.024141692215473767,0.032588221342044664,1,2,112,80,96,1.0,0.0,522887,123.0,3656,0.0,0,0.0,655.6500916334335
5,z,18,0.15,normal,na,val,700000,0.7205785714285715,504405,0.0033521934300242734,0.00015238920834184487,7,0.006399608443364857,0.020466306140581394,0.02762691648167985,0.0005810484363476971,0.0007843416644178317,4.452008042687713e-05,6.009645977454653e-05,0.001099922514888022,0.0014847558346094112,0.7181671428571429,0.020490965390304757,0.027660203339988754,1,2,128,96,128,1.0,0.0,504405,77.0,3222,0.0,0,0.0,662.1781837223098
5,z,18,0.3,m1,na,val,700000,0.5721685714285715,400518,0.00946580417451566,0.0008040917026687643,7,0.01732342494369379,0.03914792330839531,0.052844729295225996,0.0023508695255838167,0.0031733755762526406,0.0002845140610044262,0.0003840578826116181,0.004159524021929023,0.005614829660420088,0.5668442857142857,0.039660323217879434,0.053536404158647924,1,2,112,80,96,1.0,0.0,400518,315.0,6824,0.0,0,0.0,607.4028567960486
5,z,18,0.3,normal,na,val,700000,0.5092471428571429,356473,0.010047800557253737,0.0009919544747637485,7,0.018111692164979976,0.04930265840459315,0.06655233322087857,0.0011680063791837212,0.0015766604127842529,0.00014999726325775237,0.00020247727342872392,0.002178616219390794,0.0029408554687549875,0.5042171428571428,0.049397944774521405,0.06668095773014605,1,2,128,96,128,1.0,0.0,356473,348.0,6346,0.0,0,0.0,585.8344971749466
5,z,18,0.5,m1,na,val,700000,0.40126999999999996,280889,0.029898677117774348,0.0030573391219113266,7,0.05368267599172604,0.02916838445714811,0.039373618070987576,0.006830800899002116,0.009220714507222467,0.0007428233847748348,0.0010027173184476816,0.012801933232921189,0.01728098552814418,0.38940071428571427,0.029535555893194225,0.039869252922163326,1,2,112,80,96,1.0,0.0,280889,842.0,14933,0.0,0,0.0,558.9985975762829
5,z,18,0.5,normal,na,val,800000,0.3560375,284830,0.027615554220290134,0.003183417802997537,8,0.048864272834585186,0.030090315692096012,0.04342258423250015,0.006908981284621321,0.009970178607034043,0.0011013737649018444,0.001589365015883781,0.011982230381833039,0.017291257870884934,0.3465275,0.03152545565221857,0.04549359892179495,1,2,128,96,128,1.0,0.0,284830,870.0,13476,0.0,0,0.0,608.8637261092663
5,z,18,0.7,m1,na,val,700000,0.24303714285714287,170126,0.045725767201986726,0.005623284400423123,7,0.0802049656031272,0.026203486755264713,0.03537138236592105,0.006764576505549578,0.009131319978752309,0.0006567261509043129,0.0008864969769211674,0.01246924980981163,0.016831905118520927,0.23208642857142858,0.026030324942779067,0.03513763589020155,1,2,112,80,96,1.0,0.0,170126,950.0,13431,0.0,0,0.0,500.15712340711616
5,z,18,0.7,normal,na,val,900000,0.23643999999999998,212796,0.042314175971583434,0.0056784985928759165,9,0.07327135475741503,0.031539385167050335,0.04827456913324032,0.008122410305510998,0.012432260671700508,0.0015906172289003864,0.0024346182075005913,0.013612544323744223,0.020835527026139118,0.2268261111111111,0.03158778803165419,0.04834865515049112,1,2,128,96,128,1.0,0.0,212796,1145.0,15015,0.0,0,0.0,642.2277912816498
5,z,18,0.9,m1,na,val,700000,0.20874285714285715,146120,0.06544241593686503,0.009079105340408736,7,0.11272662119291259,0.034438894171948474,0.046488137452575184,0.01171599193467585,0.015815102562036124,0.0019768183629304773,0.0026684539670713617,0.01993381889517808,0.02690812626349057,0.19558928571428572,0.034585811835491156,0.046686457657134674,1,2,112,80,96,1.0,0.0,146120,1287.0,15841,0.0,0,0.0,492.459486911539
5,z,18,0.9,normal,na,val,900000,0.1656811111111111,149113,0.06298553101308613,0.009623227734066344,9,0.10672460655803956,0.03154702814755641,0.04828626757279042,0.008912198347255944,0.013641119919269303,0.0022685672749908977,0.0034722968494758635,0.01366078924921915,0.02090937129982523,0.15578944444444442,0.030720943869507928,0.04702185286149173,1,2,128,96,128,1.0,0.0,149113,1328.0,15149,0.0,0,0.0,624.3133589453064
5,z,18,1.0,m1,na,val,1590000,0.16738343749999998,271875,0.08162131181632694,0.011514148913978934,96,0.14021432580469603,0.008679416834216552,0.04338804593623079,0.004545457911832172,0.022722556186297035,0.0009614045481853837,0.004806021590704475,0.007762267467047152,0.03880325416586032,0.15427276041666668,0.008421381832829993,0.042098139631791154,1,2,112,80,96,1.0,0.0,271875,2756.0,34767,0.0,0,0.0,1253.7794018453278
5,z,18,1.0,normal,na,val,1790000,0.12914234693877552,226374,0.08493908164101922,0.012168897264486583,98,0.14554036875306525,0.0074446358750833,0.03760108936240035,0.004378427660652599,0.022114399212730035,0.0008693909673652063,0.004391087489473356,0.007826477444838532,0.039529680528920634,0.1185665306122449,0.0070825292817179196,0.03577217487896449,1,2,128,96,128,1.0,0.0,226374,2549.0,30846,0.0,0,0.0,1379.774502834145
5,z,19,0.1,m1,na,val,700000,0.7081614285714286,495713,0.001145053006879063,4.241188744317897e-05,7,0.0022052822388717677,0.010280749111486642,0.01387770685736832,0.0002497232823802716,0.0003370947457964065,1.7109293436267423e-05,2.3095375275710882e-05,0.00048106671724307227,0.0006493790295180598,0.7073492857142857,0.010214832661706542,0.01378872801378341,0,3,144,80,128,1.0,0.0,495713,21.0,1095,0.0,0,0.0,533.2104518681299
5,z,19,0.1,normal,na,val,700000,0.6892714285714285,482490,0.0015327048718086632,6.19148226163041e-05,7,0.0029415800983847184,0.014784358038593797,0.019957007481560134,0.0004669139701854926,0.0006302746167207348,3.975076016405828e-05,5.3658482561158825e-05,0.0009210868803181292,0.001243350418982696,0.6882185714285713,0.014870397713130156,0.020073150125288777,0,3,160,96,160,1.0,0.0,482490,30.0,1414,0.0,0,0.0,596.8630489548668
5,z,19,0.15,m1,na,val,700000,0.6015771428571428,421104,0.002272155692897134,0.00010537074369175137,7,0.004333569898410766,0.013992147344373805,0.018887623561727514,0.00030553598166874787,0.0004124348082028043,3.4711035038872635e-05,4.6855493093115416e-05,0.0005861549319107224,0.0007912347855049846,0.6002099999999999,0.013956352855002392,0.01883930554275644,0,3,144,80,128,1.0,0.0,421104,44.0,1826,0.0,0,0.0,559.5513584061991
5,z,19,0.15,normal,na,val,700000,0.5612928571428571,392905,0.002435197552176227,0.0001226978572791005,7,0.004624999389794252,0.017773861354997294,0.02399245764421651,0.0004114081388523941,0.0005553487871180433,4.247956091367005e-05,5.7342017337138094e-05,0.00077256957293112,0.001042870898199552,0.5599278571428571,0.017772362094368145,0.023990433832596508,0,3,160,96,160,1.0,0.0,392905,48.0,1815,0.0,0,0.0,560.9983335693832
5,z,19,0.3,m1,na,val,700000,0.35006714285714285,245047,0.009750950704182549,0.000745320474127917,7,0.01801126046010926,0.02914220863375551,0.03933828403065126,0.0030358146789130477,0.00409796462596088,0.000344236004640204,0.00046467492887370223,0.005435973289265875,0.007337874212748615,0.3467235714285714,0.029453650825208982,0.03975869147267109,0,3,144,80,128,1.0,0.0,245047,178.0,4325,0.0,0,0.0,488.94426066218875
5,z,19,0.3,normal,na,val,700000,0.31607285714285716,221251,0.007333283226863849,0.00043897974313771796,7,0.013788606967452263,0.01614902979624473,0.021799141201956956,0.002016425981270427,0.0027219192263321103,0.00023459902731114558,0.0003166789204504802,0.0035939550059055116,0.004851383249378396,0.3137378571428572,0.015855297736718798,0.021402640190940406,0,3,160,96,160,1.0,0.0,221251,99.0,3071,0.0,0,0.0,480.7145436492283
5,z,19,0.5,m1,na,val,700000,0.18253857142857144,127777,0.02026995924844002,0.0022987301561823914,7,0.035942458184515254,0.028789495474101888,0.03886216601810876,0.003436447974060073,0.004638768741211579,0.0003558820749693994,0.0004803956461401405,0.00652804595521047,0.008812033747289796,0.17884214285714287,0.028154612020531673,0.0380051539111411,0,3,144,80,128,1.0,0.0,127777,291.0,4593,0.0,0,0.0,431.5023282566108
5,z,19,0.5,normal,na,val,900000,0.16528777777777778,148759,0.017426249263527253,0.001655043480090458,9,0.03154241156687359,0.015311515099782392,0.02343599249966693,0.002418502806898029,0.0037017900105582083,0.0005046196842110741,0.0007723770676700113,0.00393140553572246,0.006017457452636418,0.16242444444444443,0.015131422452268404,0.023160340488165922,0,3,160,96,160,1.0,0.0,148759,241.0,4672,0.0,0,0.0,537.9753936706111
5,z,19,0.7,m1,na,val,700000,0.09005571428571428,63039,0.03850741026191056,0.004995526278271632,7,0.06702376796727785,0.010909960376341123,0.01472706222926901,0.008286373611337734,0.01118555298273869,0.001364549715023574,0.001841968978334916,0.014269658948486457,0.01926222901602174,0.08664214285714286,0.010652370926699838,0.014379349155746136,0,3,144,80,128,1.0,0.0,63039,303.0,4173,0.0,0,0.0,370.4524453282356
5,z,19,0.7,normal,na,val,900000,0.07416444444444444,66748,0.03542703879656632,0.004675465298564135,9,0.06150314699600437,0.00602301681285228,0.00921890328497798,0.005536760056282129,0.00847463273920734,0.0007615128065334001,0.0011655808263266328,0.01042093126069477,0.01595040499085934,0.07155777777777778,0.0059252986722450225,0.009069334702415851,0,3,160,96,160,1.0,0.0,66748,308.0,4076,0.0,0,0.0,494.44562977110036
5,z,19,0.9,m1,na,val,700000,0.04558142857142857,31907,0.05248339589053065,0.006679894277912623,7,0.09160700322523606,0.010470582934424742,0.01413395843181877,0.006910715921382765,0.009328589647649689,0.00174640396648922,0.0023574237673404364,0.01038412026215955,0.014017244794827046,0.04327571428571429,0.01012302196777227,0.013664795226106703,0,3,144,80,128,1.0,0.0,31907,198.0,2832,0.0,0,0.0,356.14516159007326
5,z,19,0.9,normal,na,val,900000,0.03537,31833,0.05733367488199998,0.007206872207678848,9,0.10025360534864228,0.005513327251508133,0.008438766201287959,0.008163574371720344,0.012495266895490322,0.0014386184154324448,0.002201966962396599,0.014826979454136477,0.02269435630735175,0.03338777777777777,0.005385280845433924,0.008242776804235599,0,3,160,96,160,1.0,0.0,31833,222.0,3124,0.0,0,0.0,433.3670629407279
5,z,19,1.0,m1,na,val,1590000,0.0338609375,53949,0.06794421364927554,0.008373881859886844,96,0.11914066357877738,0.00217719847782531,0.010883725182522948,0.003576571620751692,0.017879133672164645,0.0013593628968031203,0.006795398923345451,0.006320618422987259,0.03159651019419118,0.031610208333333334,0.0020601737587229983,0.010298723449679694,0,3,144,80,128,1.0,0.0,53949,421.0,6084,0.0,0,0.0,826.9359262731996
5,z,19,1.0,normal,na,val,1790000,0.025638979591836735,45441,0.07378653700766605,0.010600042810131018,98,0.12637298839507005,0.0018109186546082755,0.009146520434648078,0.005324027755291327,0.026890400921370645,0.001609404705913239,0.008128721294462803,0.010546539929364546,0.053268070729345446,0.023833622448979592,0.00169403624180733,0.008556175101126693,0,3,160,96,160,1.0,0.0,45441,474.0,5529,0.0,0,0.0,922.2579124743424
5,z,20,0.1,m1,na,val,7700000,0.9044236363636363,6964062,1.5026387336330053e-06,0.0,77,3.0052774672660106e-06,0.0035447664841705495,0.015869999826641713,5.860518347766319e-07,2.623767336393244e-06,0.0,0.0,1.1721036695532638e-06,5.247534672786488e-06,0.9044222727272726,0.003544704231202832,0.01586972111869542,2,1,80,48,64,1.0,0.0,6964062,0.0,21,0.0,0,0.0,11133.991683361586
5,z,20,0.1,normal,na,val,7700000,0.8890322077922077,6845548,8.808437625977477e-07,0.0,77,1.7616875251954954e-06,0.003226992237396531,0.014447317327319076,5.451744523289319e-07,2.4407583694399905e-06,0.0,0.0,1.0903489046578637e-06,4.881516738879981e-06,0.8890314285714286,0.0032270446926297228,0.01444755217058601,2,1,96,64,96,1.0,0.0,6845548,0.0,12,0.0,0,0.0,19849.74082402303
5,z,20,0.15,m1,na,val,7700000,0.8631519480519481,6646270,4.996746936529384e-06,6.083136448022412e-07,77,8.776866583454284e-06,0.0042107509880079585,0.018851627532625526,1.7310886505976348e-06,7.750123092047414e-06,7.227632698594928e-07,3.2358275273123125e-06,2.717378892760889e-06,1.2165766842361142e-05,0.8631476623376623,0.004211000509266024,0.0188527446449487,2,1,80,48,64,1.0,0.0,6646270,4.0,58,0.0,0,0.0,12962.58693569852
5,z,20,0.15,normal,na,val,7700000,0.8472227272727272,6523615,4.202535193512813e-06,3.0325774634005806e-07,77,7.798554894345512e-06,0.003634857260396028,0.016273338272055533,1.3092196566844251e-06,5.861406052387536e-06,5.943851828265139e-07,2.661075924334804e-06,2.2815208176417466e-06,1.0214420369336777e-05,0.8472191558441557,0.00363471609916645,0.016272706290033884,2,1,96,64,96,1.0,0.0,6523615,2.0,51,0.0,0,0.0,20318.43889385229
5,z,20,0.3,m1,na,val,7700000,0.7456387012987014,5741418,2.8900048309556592e-05,3.524212524828003e-06,77,5.0751671569457185e-05,0.005887746535892812,0.026359574578801406,4.062213634177535e-06,1.818662243565643e-05,1.8742851532809352e-06,8.391217077478568e-06,7.632131500137957e-06,3.41692255681654e-05,0.7456172077922079,0.005887886294540881,0.026360200281433877,2,1,80,48,64,1.0,0.0,5741418,20.0,291,0.0,0,0.0,14894.817877725465
5,z,20,0.3,normal,na,val,7700000,0.7084993506493507,5455445,2.8111549674925913e-05,2.018125915544027e-06,77,5.2186847518763765e-05,0.009983397219370716,0.04469589544141203,4.3007599815653275e-06,1.9254599835182117e-05,1.4314277273507786e-06,6.408534352361594e-06,8.192281966914299e-06,3.667703189344269e-05,0.7084796103896104,0.009983695082947238,0.04469722898338973,2,1,96,64,96,1.0,0.0,5455445,11.0,282,0.0,0,0.0,19265.43579880055
5,z,20,0.5,m1,na,val,7700000,0.610658961038961,4702074,0.0001334878031838206,8.38086058186432e-06,77,0.00025021388520391256,0.010670932112673377,0.04777400472907544,1.8889878176851907e-05,8.457041238982201e-05,3.345109322632619e-06,1.4976130192874805e-05,3.322791235166562e-05,0.00014876211609859827,0.6105793506493506,0.010674381977911467,0.047789449853874184,2,1,80,48,64,1.0,0.0,4702074,38.0,1150,0.0,0,0.0,15822.066818441032
5,z,20,0.5,normal,na,val,7700000,0.5666201298701299,4362975,0.00011577832759083131,6.359493191294746e-06,77,0.0002188376687990731,0.011092233524015829,0.049660180688712204,1.2977143168859498e-05,5.809896385552605e-05,2.861529895528155e-06,1.2811134146284418e-05,2.4367398804207633e-05,0.00010909339628586908,0.5665551298701298,0.011092456014615566,0.04966117678416589,2,1,96,64,96,1.0,0.0,4362975,28.0,945,0.0,0,0.0,18765.636432381812
5,z,20,0.7,m1,na,val,7700000,0.5049540259740259,3888146,0.00036548981824247793,3.9251808136145053e-05,77,0.0006524760202126658,0.010840813108791593,0.04853456579592853,3.5306609173527814e-05,0.0001580684888455503,7.16719515438722e-06,3.208769501899859e-05,6.585835183835402e-05,0.00029484933264994743,0.5047720779220779,0.01084233254067638,0.04854136832688673,2,1,80,48,64,1.0,0.0,3888146,150.0,2502,0.0,0,0.0,16645.88642188604
5,z,20,0.7,normal,na,val,7900000,0.45848,3621992,0.00032813420635971393,3.428325295099387e-05,79,0.0005877019068174401,0.011389391391341363,0.05164853315364414,4.3038820265929985e-05,0.00019517214388545303,1.0054372433553174e-05,4.559449843546891e-05,7.484130910612053e-05,0.0003393898498885769,0.45833259493670886,0.01138851755922671,0.05164457050582623,2,1,96,64,96,1.0,0.0,3621992,115.0,2099,0.0,0,0.0,18298.30982755008
5,z,20,0.9,m1,na,val,7700000,0.41800116883116883,3218609,0.0008937968572404717,0.00011248555211305163,77,0.0015626226102548402,0.010965366350051796,0.049092193477761455,8.784015016972163e-05,0.0003932623415931038,1.928909960151516e-05,8.635773574905874e-05,0.0001457277274818488,0.0006524263361779631,0.41763870129870134,0.010974571461167705,0.04913340496869212,2,1,80,48,64,1.0,0.0,3218609,348.0,4886,0.0,0,0.0,16677.300163910026
5,z,20,0.9,normal,na,val,7900000,0.3693932911392405,2918207,0.0007007004178039481,7.719644482751724e-05,79,0.001247007945952862,0.009884253484156747,0.044823044202660284,6.681967871265518e-05,0.00030301341596971585,1.3000950423255092e-05,5.895661988355748e-05,0.00011790848072304988,0.0005346905612840687,0.36913955696202533,0.0098857083180282,0.044829641573218636,2,1,96,64,96,1.0,0.0,2918207,222.0,3565,0.0,0,0.0,17869.315891705453
5,z,20,1.0,m1,na,val,8590000,0.3605522891566265,3229170,0.001338009205628945,0.00016855172333507241,166,0.0023389149645877453,0.00826754877410035,0.05434689522118581,0.00011499286703930896,0.0007559078835732818,3.23833796351471e-05,0.00021287278587972205,0.0001985950302213292,0.001305468355106411,0.36008906626506026,0.008273793464483103,0.05438794481680276,2,1,80,48,64,1.0,0.0,3229170,466.0,6680,0.0,0,0.0,17699.467317569393
5,z,20,1.0,normal,na,val,8790000,0.2995926785714286,2909706,0.0013376923018863366,0.00014439242188509955,168,0.0023865997600024742,0.011096397990095519,0.07338048781647266,0.00022170956787374282,0.001466165530352842,4.331733075352361e-05,0.0002864575391436274,0.00039370848601671515,0.002603594498609253,0.29925107142857144,0.01109771989053978,0.07338922954505263,2,1,96,64,96,1.0,0.0,2909706,350.0,5072,0.0,0,0.0,18353.55376544206
5,z,21,0.1,m1,na,val,7700000,0.7066924675324675,5441532,0.0008058388187591395,1.73417041111765e-05,77,0.0015769942292959262,0.005979914660972883,0.02677221336208219,6.995441482374565e-05,0.0003131874993975631,4.022948435314916e-06,1.8010831251124112e-05,0.00013848714171930466,0.000620010069744196,0.7061237662337663,0.005979580361774087,0.02677071669699843,0,3,144,80,128,1.0,0.0,5441532,93.0,8572,0.0,0,0.0,12075.784379393328
5,z,21,0.1,normal,na,val,7700000,0.6847194805194805,5272340,0.0008405520691077603,1.953875247865868e-05,77,0.0016420266332582032,0.006669231110747343,0.029858298718416092,7.412963707861131e-05,0.00033188006398730455,4.411873383009783e-06,1.9752057049792885e-05,0.00014339688356343605,0.0006419910951694725,0.6841451948051949,0.006670261918664377,0.029862913668804978,0,3,160,96,160,1.0,0.0,5272340,103.0,8638,0.0,0,0.0,17989.318410763983
5,z,21,0.15,m1,na,val,7700000,0.6019836363636363,4635274,0.0014593757545375303,3.922732427938816e-05,77,0.0028402968605162845,0.006948927511144847,0.031110505837176228,0.00012177683586121216,0.0005451976519854248,7.139812400720238e-06,3.196510181070446e-05,0.00023768817106198555,0.00106413532468025,0.6011069480519481,0.006946063557293253,0.031097683850923746,0,3,144,80,128,1.0,0.0,4635274,182.0,13137,0.0,0,0.0,13823.551826589508
5,z,21,0.15,normal,na,val,7800000,0.5644151282051282,4402438,0.0014723711221587543,4.3861883591992595e-05,78,0.0028570184771335235,0.00697516893456066,0.031430114302182934,0.00011660577054693907,0.0005254256536247249,9.423500372055328e-06,4.2462296841706205e-05,0.00022392550226536532,0.0010090084121837047,0.5635889743589744,0.006983863824200542,0.031469293478743415,0,3,160,96,160,1.0,0.0,4402438,191.0,12506,0.0,0,0.0,17239.058928008424
5,z,21,0.3,m1,na,val,7700000,0.3579148051948052,2755944,0.004252120471616583,0.00018960960117443966,77,0.008125021740884288,0.008155379342415885,0.03651181800784325,0.00029716612218540705,0.0013304194588348792,2.8806425071458353e-05,0.0001289670174133299,0.0005552795366090077,0.0024859990606079813,0.35640551948051946,0.008148568799086172,0.03648132705112028,0,3,144,80,128,1.0,0.0,2755944,513.0,22217,0.0,0,0.0,13694.291327925632
5,z,21,0.3,normal,na,val,7800000,0.3265108974358974,2546785,0.004145929932085218,0.00018386773233244267,78,0.00792412439950555,0.008627824025355344,0.03887697887178395,0.00025344570762251184,0.001142026470571056,1.9460428958034695e-05,8.768870148649185e-05,0.00048415601183988526,0.002181607203349419,0.32516147435897436,0.008598363807557895,0.038744231117367106,0,3,160,96,160,1.0,0.0,2546785,466.0,20119,0.0,0,0.0,14731.901743739843
5,z,21,0.5,m1,na,val,7700000,0.1823835064935065,1404353,0.010096588604294661,0.0006669442308330107,77,0.018859288746923303,0.007062556809146277,0.03161922677764915,0.0005709341747043851,0.0025560852298857615,7.443856924022391e-05,0.0003332631602711161,0.0010442725860029028,0.004675232016788444,0.1805627922077922,0.007013791754598093,0.03140090452407285,0,3,144,80,128,1.0,0.0,1404353,913.0,26213,0.0,0,0.0,12765.612120583886
5,z,21,0.5,normal,na,val,8000000,0.157770125,1262161,0.010093419134610608,0.0006216079634131366,80,0.018943622342394942,0.006510212569997746,0.029708730315282792,0.0005366354135066776,0.0024488842117033473,6.252084365700978e-05,0.00028530787026063347,0.0009942939524862143,0.004537365035461472,0.15617925,0.006447837520142171,0.02942408776104401,0,3,160,96,160,1.0,0.0,1262161,774.0,23906,0.0,0,0.0,12829.815441075014
5,z,21,0.7,m1,na,val,7700000,0.08929103896103896,687541,0.019924610480002308,0.0015257267082862238,77,0.03679776754343217,0.0039689540043194825,0.017769096960765726,0.0011619902960321618,0.005202256870498699,0.00013728682350341474,0.0006146362179084959,0.0021797465779137435,0.009758774793231097,0.08754896103896104,0.003933110929908824,0.017608626704904408,0,3,144,80,128,1.0,0.0,687541,1018.0,24792,0.0,0,0.0,11228.545058212942
5,z,21,0.7,normal,na,val,8000000,0.0736975,589580,0.019271011355431817,0.0014999620219208018,80,0.03554209866702203,0.004082126291960966,0.018628391595028312,0.001091931021422653,0.004982922429881288,0.00015881897949858676,0.0007247551719918071,0.0019760361559834003,0.009017451368931145,0.07229075,0.004019653761772636,0.018343304198645632,0,3,160,96,160,1.0,0.0,589580,862.0,20784,0.0,0,0.0,11420.722254790133
5,z,21,0.9,m1,na,val,7700000,0.0494725974025974,380939,0.032004384544464706,0.0030846804474235993,77,0.05783940819408222,0.0036571861390856174,0.016373305167622646,0.0021723237010205067,0.009725542405276939,0.0002813666451446755,0.0012596848423186348,0.003933619375265788,0.017610903026282113,0.04791909090909091,0.0035624872795133196,0.015949336228707565,0,3,144,80,128,1.0,0.0,380939,1141.0,21642,0.0,0,0.0,10421.453569070902
5,z,21,0.9,normal,na,val,8000000,0.035324625,282597,0.03288274235400314,0.0036579556755830084,80,0.05844957335684027,0.0027725900884971425,0.0126524487992281,0.002767093458287295,0.012627365454745654,0.0005135156380324291,0.002343379334999363,0.0047925936793974085,0.021870541338098858,0.0342293125,0.002710533824765757,0.012369260994874972,0,3,160,96,160,1.0,0.0,282597,911.0,15703,0.0,0,0.0,10662.862650977913
5,z,21,1.0,m1,na,val,8690000,0.03343101796407186,294238,0.039211069983190155,0.004046985397022509,167,0.0703281691723353,0.001620569717629889,0.010684885769032149,0.0018465459062206443,0.012174812265465008,0.0005628905262801641,0.0037113003583518368,0.0033564252839590877,0.022129884546926146,0.03214949101796407,0.001568062204645115,0.010338688519907435,0,3,144,80,128,1.0,0.0,294238,1066.0,19728,0.0,0,0.0,10752.615281361406
5,z,21,1.0,normal,na,val,8890000,0.023908639053254438,220375,0.045206463181184355,0.007182799201276679,169,0.07604732795981535,0.0014416301748641567,0.009561832792466347,0.004210675155419469,0.027927947459414845,0.00358801947865468,0.02379808837883206,0.004890506998938542,0.03243703621744952,0.022942485207100592,0.0013920332689651295,0.0092328737227279,0,3,160,96,160,1.0,0.0,220375,907.0,15686,0.0,0,0.0,10650.72522516951
5,z,22,0.1,m1,na,val,700000,0.8201,574070,8.387966958120558e-07,0.0,7,1.6775933916241116e-06,0.01664397794278759,0.022467258399724688,1.6440415237916294e-06,2.2192474576613934e-06,0.0,0.0,3.2880830475832588e-06,4.438494915322787e-06,0.8200992857142857,0.016643113540040104,0.022466091565692826,1,2,112,48,96,1.0,0.0,574070,0.0,1,0.0,0,0.0,509.22618781984784
5,z,22,0.1,normal,na,val,700000,0.7959585714285715,557171,0.0,0.0,7,0.0,0.01988127520792702,0.02683719895255554,0.0,0.0,0.0,0.0,0.0,0.0,0.7959585714285715,0.01988127520792702,0.02683719895255554,1,2,128,64,128,1.0,0.0,557171,0.0,0,0.0,0,0.0,656.0566784418188
5,z,22,0.15,m1,na,val,700000,0.74498,521486,9.210647508519848e-07,0.0,7,1.8421295017039696e-06,0.03630106510687163,0.049001831938544224,1.8052869116698901e-06,2.4369082721420193e-06,0.0,0.0,3.6105738233397803e-06,4.873816544284039e-06,0.7449792857142857,0.036300680630349996,0.04900131294402321,1,2,112,48,96,1.0,0.0,521486,0.0,1,0.0,0,0.0,646.0793984620832
5,z,22,0.15,normal,na,val,700000,0.72286,506002,1.02424175382964e-06,0.0,7,2.04848350765928e-06,0.015350746789217343,0.020721560430302214,2.007513837506094e-06,2.7098889630418654e-06,0.0,0.0,4.015027675012188e-06,5.419777926083731e-06,0.7228592857142857,0.015351505940894954,0.020722585188744223,1,2,128,64,128,1.0,0.0,506002,0.0,1,0.0,0,0.0,659.0641967428382
5,z,22,0.3,m1,na,val,700000,0.5395814285714285,377707,2.0098604518997685e-05,0.0,7,4.019720903799537e-05,0.043970922210024195,0.059355165860148294,9.421026646905889e-06,1.2717190613584541e-05,0.0,0.0,1.8842053293811777e-05,2.5434381227169083e-05,0.5395707142857142,0.04397133333737635,0.059355720829908996,1,2,112,48,96,1.0,0.0,377707,0.0,15,0.0,0,0.0,602.6565652487334
5,z,22,0.3,normal,na,val,700000,0.5246757142857142,367273,4.345336558646626e-06,0.0,7,8.690673117293252e-06,0.038261043876332834,0.051647554591075215,6.043704206568265e-06,8.1582338409258e-06,0.0,0.0,1.208740841313653e-05,1.63164676818516e-05,0.5246735714285714,0.03826211731534644,0.05164900359754338,1,2,128,64,128,1.0,0.0,367273,0.0,3,0.0,0,0.0,586.9245592481457
5,z,22,0.5,m1,na,val,700000,0.36514428571428575,255601,7.085059422810379e-05,0.0,7,0.00014170118845620758,0.023377802595339617,0.0315570672787903,2.9536603644043788e-05,3.98706672528694e-05,0.0,0.0,5.9073207288087575e-05,7.97413345057388e-05,0.3651192857142857,0.023384245959762438,0.03156576500321343,1,2,112,48,96,1.0,0.0,255601,0.0,35,0.0,0,0.0,546.3068381100893
5,z,22,0.5,normal,na,val,800000,0.29249,233992,8.319964001778629e-05,0.0,8,0.00016639928003557257,0.0464785858941513,0.06707208829737918,3.424568300549576e-05,4.941909118275707e-05,0.0,0.0,6.849136601099153e-05,9.883818236551413e-05,0.292464375,0.046470687475554134,0.06706069028645938,1,2,128,64,128,1.0,0.0,233992,0.0,41,0.0,0,0.0,606.1761297627818
5,z,22,0.7,m1,na,val,700000,0.2513042857142857,175913,0.0002779613338323961,2.152699771573275e-05,7,0.0005128686722333267,0.025706893221339153,0.03470104410395689,9.910329006959207e-05,0.00013377686715940697,2.254546136183064e-05,3.043351222276505e-05,0.00022275655938950323,0.00030069309135357937,0.2512357142857143,0.025706794218130997,0.034700910462187616,1,2,112,48,96,1.0,0.0,175913,4.0,88,0.0,0,0.0,517.0484287366271
5,z,22,0.7,normal,na,val,900000,0.21152444444444443,190372,0.0003070274105531422,8.917329762213373e-06,9,0.0005962201615818575,0.028326090594422954,0.043356261113912685,0.00021404626288959376,0.00032762183095345985,1.1560658118645092e-05,1.7694884875477183e-05,0.0004225357059006339,0.0006467383253581131,0.21146055555555554,0.028323959435081165,0.043352999135328314,1,2,128,64,128,1.0,0.0,190372,2.0,111,0.0,0,0.0,661.8571668209042
5,z,22,0.9,m1,na,val,700000,0.18130857142857143,126916,0.000331478073090435,3.504282910692852e-05,7,0.0005928704879670128,0.030836358981782098,0.04162517204311651,0.00011806995199607145,0.00015937945423007108,4.191510567195918e-05,5.658007438010044e-05,0.0001913308589726165,0.00025827238314995635,0.18125285714285713,0.030841745725990716,0.041632443464316674,1,2,112,48,96,1.0,0.0,126916,4.0,70,0.0,0,0.0,486.9738644112367
5,z,22,0.9,normal,na,val,900000,0.13536333333333334,121827,0.0007294845108937624,6.575047114523246e-05,9,0.0013274680794970596,0.019695822643618844,0.0301466673116615,0.0005324372560854742,0.0008149549838042971,6.627473639679589e-05,0.00010144092305632023,0.0009461702941134934,0.0014482198379288165,0.1352738888888889,0.01971044744236598,0.030169052207703034,1,2,128,64,128,1.0,0.0,121827,7.0,147,0.0,0,0.0,633.08287251601
5,z,22,1.0,m1,na,val,1590000,0.14782583333333335,235322,0.0008660783008742093,9.451853231338688e-05,96,0.0015431195371216448,0.007422705713591558,0.03710579899824615,0.00014698444753891596,0.0007347691767249525,6.0578573203151185e-05,0.000302829783048079,0.0002626990232554965,0.0013132215569459148,0.147704375,0.007421080147612133,0.03709767286111794,1,2,112,48,96,1.0,0.0,235322,17.0,273,0.0,0,0.0,1229.9262057738924
5,z,22,1.0,normal,na,val,1790000,0.12155418367346939,216639,0.0007528188093266326,7.529921541263745e-05,98,0.00135503918782799,0.006684696774438281,0.033762817281293926,0.00017227875265358146,0.0008701391018264812,5.356972701604307e-05,0.0002705679802811161,0.0003373691170334116,0.0017039713601231666,0.12146887755102041,0.006684117133197867,0.03375988965092427,1,2,128,64,128,1.0,0.0,216639,20.0,273,0.0,0,0.0,1392.5853099947235
5,z,23,0.1,m1,na,val,700000,0.7152914285714286,500704,9.632203925315744e-07,0.0,7,1.9264407850631488e-06,0.01162003463448653,0.01568557238204525,1.8879119693618858e-06,2.5484416163845625e-06,0.0,0.0,3.7758239387237716e-06,5.096883232769125e-06,0.7152907142857143,0.011619000812462322,0.01568417685348609,0,3,144,48,128,1.0,0.0,500704,0.0,1,0.0,0,0.0,483.9560849019326
5,z,23,0.1,normal,na,val,700000,0.7020371428571428,491426,1.0370001659200265e-06,0.0,7,2.074000331840053e-06,0.01548798725033908,0.020906817639457287,2.032520325203252e-06,2.743644548557108e-06,0.0,0.0,4.065040650406504e-06,5.487289097114216e-06,0.7020364285714286,0.015488378178492414,0.0209073453428625,0,3,160,64,160,1.0,0.0,491426,0.0,1,0.0,0,0.0,600.6328657018021
5,z,23,0.15,m1,na,val,700000,0.5906957142857142,413487,1.1895047615875607e-06,0.0,7,2.3790095231751215e-06,0.017710022208154725,0.023906282896024682,2.3314293327116186e-06,3.1471337824878616e-06,0.0,0.0,4.662858665423237e-06,6.294267564975723e-06,0.590695,0.017709769339736395,0.02390594155574442,0,3,144,48,128,1.0,0.0,413487,0.0,1,0.0,0,0.0,566.6129956732038
5,z,23,0.15,normal,na,val,700000,0.5747371428571428,402316,1.2314209366187645e-06,0.0,7,2.462841873237529e-06,0.024313734717096278,0.032820456890119455,2.4135850357727783e-06,3.2580335575314823e-06,0.0,0.0,4.827170071545557e-06,6.516067115062965e-06,0.5747364285714286,0.024313634824106416,0.03282032204725777,0,3,160,64,160,1.0,0.0,402316,0.0,1,0.0,0,0.0,570.0832855904009
5,z,23,0.3,m1,na,val,700000,0.3478742857142857,243512,1.0625395733630272e-05,0.0,7,2.1250791467260543e-05,0.017427947070533953,0.023525517250525256,5.394790257454942e-06,7.282282345193824e-06,0.0,0.0,1.0789580514909885e-05,1.4564564690387649e-05,0.3478707142857143,0.017429411146679615,0.023527493567556828,0,3,144,48,128,1.0,0.0,243512,0.0,5,0.0,0,0.0,495.709365417948
5,z,23,0.3,normal,na,val,700000,0.34405428571428576,240838,1.2154568936118693e-05,0.0,7,2.4309137872237387e-05,0.011497389512406716,0.01552001702870936,9.338965444415013e-06,1.2606418402320373e-05,0.0,0.0,1.8677930888830027e-05,2.5212836804640746e-05,0.34405,0.011495249217539109,0.01551712790220322,0,3,160,64,160,1.0,0.0,240838,0.0,6,0.0,0,0.0,473.1483339476399
5,z,23,0.5,m1,na,val,700000,0.17191857142857142,120343,7.844740161938703e-05,0.0,7,0.00015689480323877406,0.018576259009104427,0.0250755926673538,3.8886250638311226e-05,5.249150439219296e-05,0.0,0.0,7.777250127662245e-05,0.00010498300878438592,0.171905,0.018573606624455032,0.02507201228461728,0,3,144,48,128,1.0,0.0,120343,0.0,19,0.0,0,0.0,420.61309711798094
5,z,23,0.5,normal,na,val,800000,0.1550275,124022,0.00011377782499100955,0.0,8,0.0002275556499820191,0.018506689505419387,0.026706542135910127,6.308588322353894e-05,9.103766494797356e-05,0.0,0.0,0.00012617176644707788,0.00018207532989594712,0.155010625,0.018508862325670505,0.0267096776786323,0,3,160,64,160,1.0,0.0,124022,0.0,27,0.0,0,0.0,482.09442904312164
5,z,23,0.7,m1,na,val,700000,0.09743,68201,0.00023344439601488099,2.3459584999941352e-05,7,0.0004199696220298792,0.013152840676700474,0.017754666053369367,0.00011462037423720539,0.00015472296194530622,4.5980786599885044e-05,6.206822777062603e-05,0.0002537589616698143,0.0003425424007817859,0.09740857142857143,0.013154693078897736,0.01775716656129897,0,3,144,48,128,1.0,0.0,68201,2.0,26,0.0,0,0.0,393.0061285956763
5,z,23,0.7,normal,na,val,900000,0.09295555555555556,83660,0.0002987678113049298,4.1094790052570454e-05,9,0.0005153460425047187,0.01149475115573824,0.01759400687102792,0.00017321698928527383,0.00026512804482439875,5.4856578899811895e-05,8.39641513772631e-05,0.00026362768661883227,0.00040351176523290656,0.09292722222222222,0.011489804751400637,0.017586435843980567,0,3,160,64,160,1.0,0.0,83660,3.0,45,0.0,0,0.0,511.17481195298024
5,z,23,0.9,m1,na,val,700000,0.05761857142857143,40333,0.0006720757949021595,4.5193654810864554e-05,7,0.00125376428018259,0.015606324242861715,0.021066557564515555,0.00021211739293957362,0.0002863315665660612,8.857956342929452e-05,0.00011957117146764543,0.00041430819508380605,0.000559263495065196,0.05758,0.015596034916178749,0.02105266827902503,0,3,144,48,128,1.0,0.0,40333,3.0,48,0.0,0,0.0,355.3775007778313
5,z,23,0.9,normal,na,val,900000,0.04179555555555556,37616,0.0006615840773518083,2.9101914906000818e-05,9,0.001264964324891615,0.006328193640378228,0.009686010674048309,0.0006241863402274813,0.0009553872554502264,5.703975321576159e-05,8.730574471800244e-05,0.0011375546545701679,0.001741155083525767,0.04176888888888888,0.006327958048519851,0.009685650074265079,0,3,160,64,160,1.0,0.0,37616,1.0,46,0.0,0,0.0,455.10915225278586
5,z,23,1.0,m1,na,val,1590000,0.036586458333333335,56534,0.0009154224462455356,0.0001243814448034047,96,0.0015820820028842617,0.0021550347101367082,0.010772929424125686,0.0002720491006042417,0.0013599622070683242,0.000139825523238703,0.0006989820101071305,0.00047286529641091187,0.0023638340679115423,0.036554427083333334,0.0021539313163221035,0.010767413604062165,0,3,144,48,128,1.0,0.0,56534,7.0,88,0.0,0,0.0,832.8208007200301
5,z,23,1.0,normal,na,val,1790000,0.030772653061224488,55431,0.001099644042314269,0.00014204315912449083,98,0.0019152017663795564,0.0021770690415203625,0.010995859159788185,0.0003306676830310315,0.0016701240070749017,0.0001865009226071123,0.000941971907664547,0.0005352509326785439,0.002703425458095876,0.030739897959183672,0.0021754797448867162,0.010987831999595552,0,3,160,64,160,1.0,0.0,55431,7.0,97,0.0,0,0.0,958.6280426056619
5,z,24,0.1,m1,na,val,700000,0.9555471428571429,668883,0.0,0.0,7,0.0,0.010736637271200576,0.014493098028930548,0.0,0.0,0.0,0.0,0.0,0.0,0.9555471428571429,0.010736637271200576,0.014493098028930548,3,0,48,16,32,1.0,0.0,668883,0.0,0,0.0,0,0.0,114.13351908698678
5,z,24,0.1,normal,na,val,700000,0.9559457142857143,669162,0.0,0.0,7,0.0,0.004825913517666894,0.006514370926760977,0.0,0.0,0.0,0.0,0.0,0.0,0.9559457142857143,0.004825913517666894,0.006514370926760977,3,0,64,32,64,1.0,0.0,669162,0.0,0,0.0,0,0.0,677.6160744777881
5,z,24,0.15,m1,na,val,700000,0.9311985714285714,651839,0.0,0.0,7,0.0,0.016814135453242913,0.022696949448895436,0.0,0.0,0.0,0.0,0.0,0.0,0.9311985714285714,0.016814135453242913,0.022696949448895436,3,0,48,16,32,1.0,0.0,651839,0.0,0,0.0,0,0.0,411.6476827659644
5,z,24,0.15,normal,na,val,700000,0.9277257142857144,649408,0.0,0.0,7,0.0,0.008125354602313247,0.010968197750987235,0.0,0.0,0.0,0.0,0.0,0.0,0.9277257142857144,0.008125354602313247,0.010968197750987235,3,0,64,32,64,1.0,0.0,649408,0.0,0,0.0,0,0.0,670.1804564523045
5,z,24,0.3,m1,na,val,700000,0.8494185714285714,594593,0.0,0.0,7,0.0,0.039640837832383556,0.05351010136057532,0.0,0.0,0.0,0.0,0.0,0.0,0.8494185714285714,0.039640837832383556,0.05351010136057532,3,0,48,16,32,1.0,0.0,594593,0.0,0,0.0,0,0.0,488.16892763692886
5,z,24,0.3,normal,na,val,700000,0.8762842857142857,613399,0.0,0.0,7,0.0,0.01008374249043149,0.01361177291555961,0.0,0.0,0.0,0.0,0.0,0.0,0.8762842857142857,0.01008374249043149,0.01361177291555961,3,0,64,32,64,1.0,0.0,613399,0.0,0,0.0,0,0.0,660.4385310558137
5,z,24,0.5,m1,na,val,700000,0.7557257142857142,529008,0.0,0.0,7,0.0,0.04802270827736951,0.06482456295189937,0.0,0.0,0.0,0.0,0.0,0.0,0.7557257142857142,0.04802270827736951,0.06482456295189937,3,0,48,16,32,1.0,0.0,529008,0.0,0,0.0,0,0.0,521.9620508148801
5,z,24,0.5,normal,na,val,700000,0.8179985714285715,572599,0.0,0.0,7,0.0,0.015042859043856424,0.02030595103951172,0.0,0.0,0.0,0.0,0.0,0.0,0.8179985714285715,0.015042859043856424,0.02030595103951172,3,0,64,32,64,1.0,0.0,572599,0.0,0,0.0,0,0.0,680.893000758253
5,z,24,0.7,m1,na,val,700000,0.6337571428571429,443630,0.0,0.0,7,0.0,0.03090695468488174,0.04172046728496927,0.0,0.0,0.0,0.0,0.0,0.0,0.6337571428571429,0.03090695468488174,0.04172046728496927,3,0,48,16,32,1.0,0.0,443630,0.0,0,0.0,0,0.0,575.8695925129578
5,z,24,0.7,normal,na,val,800000,0.73175375,585403,0.0,0.0,8,0.0,0.03748015951917094,0.054086683583590416,0.0,0.0,0.0,0.0,0.0,0.0,0.73175375,0.03748015951917094,0.054086683583590416,3,0,64,32,64,1.0,0.0,585403,0.0,0,0.0,0,0.0,770.1855213255621
5,z,24,0.9,m1,na,val,700000,0.5690371428571429,398326,0.0,0.0,7,0.0,0.04917035206598926,0.06637373645107071,0.0,0.0,0.0,0.0,0.0,0.0,0.5690371428571429,0.04917035206598926,0.06637373645107071,3,0,48,16,32,1.0,0.0,398326,0.0,0,0.0,0,0.0,608.579459346598
5,z,24,0.9,normal,na,val,900000,0.6824322222222222,614189,0.0,0.0,9,0.0,0.022235294840355344,0.034033614551564305,0.0,0.0,0.0,0.0,0.0,0.0,0.6824322222222222,0.022235294840355344,0.034033614551564305,3,0,64,32,64,1.0,0.0,614189,0.0,0,0.0,0,0.0,842.2861176638398
5,z,24,1.0,m1,na,val,1590000,0.5211807291666667,899704,3.2229785478547855e-06,0.0,96,6.445957095709571e-06,0.022293852454600572,0.11144604676462383,6.31703795379538e-06,3.1578611576722074e-05,0.0,0.0,1.263407590759076e-05,6.315722315344415e-05,0.5211802083333333,0.02229419217776824,0.1114477450266944,3,0,48,16,32,1.0,0.0,899704,0.0,1,0.0,0,0.0,1083.9610488179496
5,z,24,1.0,normal,na,val,1790000,0.5626691836734694,1089650,0.0,0.0,98,0.0,0.017360463033636746,0.08768357954016374,0.0,0.0,0.0,0.0,0.0,0.0,0.5626691836734694,0.017360463033636746,0.08768357954016374,3,0,64,32,64,1.0,0.0,1089650,0.0,0,0.0,0,0.0,1839.4795985409946
5,z,25,0.1,m1,na,val,7700000,0.7131471428571429,5491233,0.00018822536051345007,4.375957167577227e-06,77,0.0003676988066917457,0.00453280382196506,0.020293465363662402,1.5199660148783014e-05,6.804922270716032e-05,2.1114459816180173e-06,9.45299147683689e-06,3.017647575760533e-05,0.00013510076536223903,0.713013051948052,0.004533082323689351,0.020294712222189176,0,3,144,80,128,1.0,0.0,5491233,24.0,2017,0.0,0,0.0,11572.271540750051
5,z,25,0.1,normal,na,val,7700000,0.6940323376623376,5344049,0.00018266265005125707,5.019027284558045e-06,77,0.00035528724553339806,0.005744837441330798,0.025719767326038083,1.6249039928831132e-05,7.274731974734991e-05,2.359203505235541e-06,1.056220752094517e-05,3.1639081296447127e-05,0.00014164888348271821,0.6939058441558442,0.0057454081654372295,0.02572232247078755,0,3,160,96,160,1.0,0.0,5344049,27.0,1894,0.0,0,0.0,17968.61156803742
5,z,25,0.15,m1,na,val,7700000,0.6071867532467532,4675338,0.000389363943734665,1.0687404888056113e-05,77,0.0007573530776932176,0.006741650327037145,0.030182521189796634,3.079339792224976e-05,0.00013786273986455928,3.1489622929299264e-06,1.4097975498826911e-05,6.1421483448975e-05,0.00027498537239058695,0.6069519480519481,0.00674618654456092,0.03020282993838061,0,3,144,80,128,1.0,0.0,4675338,50.0,3516,0.0,0,0.0,13575.05104882922
5,z,25,0.15,normal,na,val,7800000,0.5706248717948719,4450874,0.00043369089189571985,1.3934459534624289e-05,78,0.0008395128647221911,0.00832300815159325,0.03750347840988211,3.4076480382584464e-05,0.00015354863566586637,3.7450795693885372e-06,1.6875330195004914e-05,6.830203221112061e-05,0.0003077689873330812,0.5703796153846153,0.008326168524123618,0.037517719049900845,0,3,160,96,160,1.0,0.0,4450874,62.0,3702,0.0,0,0.0,17092.957419530023
5,z,25,0.3,m1,na,val,7700000,0.3602177922077922,2773677,0.0018218037632112135,6.670459190661186e-05,77,0.0035101983426092036,0.00874884409154216,0.03916877312965737,0.0002719768105402103,0.0012176463401463468,1.2900156334347627e-05,5.7754292053924145e-05,0.0005301837307652973,0.0023736445695102947,0.35957194805194803,0.00875445877820428,0.03919391020899741,0,3,144,80,128,1.0,0.0,2773677,184.0,9578,0.0,0,0.0,13566.08519725292
5,z,25,0.3,normal,na,val,7800000,0.3344401282051282,2608633,0.0017701375145344374,8.007740406093986e-05,78,0.003380120220946995,0.008482664512917728,0.03822289004457897,0.00017109263474717978,0.0007709434877944218,1.4616188041253245e-05,6.586054977430076e-05,0.0003360998464669317,0.0015144660567374723,0.3338475,0.0084663535403246,0.03814939279486482,0,3,160,96,160,1.0,0.0,2608633,199.0,8847,0.0,0,0.0,14867.291510647861
5,z,25,0.5,m1,na,val,7700000,0.18970779220779221,1460750,0.004916910053965258,0.0002999512866214787,77,0.009233917534687558,0.0067280740334330616,0.030121739815873877,0.0003296707375898368,0.001475943358120465,4.0114183764929884e-05,0.00017959210916661378,0.0006359246350003126,0.0028470489924454475,0.18878512987012988,0.006706750806863748,0.03002627524762386,0,3,144,80,128,1.0,0.0,1460750,426.0,13357,0.0,0,0.0,12692.592268851819
5,z,25,0.5,normal,na,val,7900000,0.15818759493670886,1249682,0.005293672988232405,0.0003066627722425637,79,0.009974020431979683,0.006287358119426423,0.028511868028953963,0.0006051921486062115,0.0027444211615535482,5.202480774271509e-05,0.00023592173762281484,0.0011405203906334693,0.0051720239637056105,0.15738056962025315,0.006283851772697601,0.02849596747210688,0,3,160,96,160,1.0,0.0,1249682,361.0,12029,0.0,0,0.0,12795.545924929203
5,z,25,0.7,m1,na,val,7700000,0.10040805194805194,773142,0.01014683068352102,0.0007845564174433727,77,0.018724548532155293,0.004832305247787508,0.021634340029767066,0.0010507280861055607,0.004704133436943357,0.00010339892824836774,0.0004629193434050716,0.002001723220116738,0.008961760188745031,0.09940162337662338,0.00479803273726747,0.021480901224012038,0,3,144,80,128,1.0,0.0,773142,583.0,14333,0.0,0,0.0,11433.977802963695
5,z,25,0.7,normal,na,val,8000000,0.082297125,658377,0.009457209661543325,0.0008107400305641825,80,0.01729293926195829,0.0045170324514780735,0.0206130441185255,0.00055839382202454,0.0025481766209444713,0.00011364223336482461,0.0005185954263645765,0.0010024192694354196,0.00457444413961893,0.08152325,0.00447898272226299,0.020439407830667566,0,3,160,96,160,1.0,0.0,658377,519.0,11344,0.0,0,0.0,11734.984112518374
5,z,25,0.9,m1,na,val,7700000,0.05425987012987012,417801,0.015938512879137473,0.0015337244287333606,77,0.028809576900808227,0.0032591517528704245,0.0145912962064003,0.0011774888343379288,0.00527164417748326,0.00016902330377981903,0.000756721158830241,0.0021726510093639005,0.009727007772142743,0.053422727272727275,0.0032268954250071606,0.014446883896059389,0,3,144,80,128,1.0,0.0,417801,599.0,11694,0.0,0,0.0,10535.14416340529
5,z,25,0.9,normal,na,val,8000000,0.04058125,324650,0.016376532662974726,0.001802313859809964,80,0.029148437606329524,0.00255410595577698,0.011655417426233468,0.001231890951613391,0.005621616140151932,0.00038198715017821353,0.0017431617027140946,0.002057393357564156,0.009388717150959153,0.0399420625,0.0025238032114745564,0.011517133760590584,0,3,160,96,160,1.0,0.0,324650,512.0,9203,0.0,0,0.0,10602.295035886113
5,z,25,1.0,m1,na,val,8690000,0.03674101796407186,334899,0.0203561782755106,0.001901522693274918,167,0.03690931116447137,0.001718856366603994,0.011332918127951692,0.0011620598307185703,0.007661797214234059,0.00034494328314041943,0.0022743110259647852,0.0020716437675092907,0.01365894769546687,0.03600287425149701,0.001686784401750574,0.011121458369621522,0,3,144,80,128,1.0,0.0,334899,622.0,11638,0.0,0,0.0,10985.647604698737
5,z,25,1.0,normal,na,val,8890000,0.026326331360946746,241479,0.02322408755389127,0.0033734742064156394,169,0.03970122669495126,0.001418764760908498,0.009410174434597181,0.001516115641000791,0.010055869047454227,0.0007802250151757434,0.005174961835349319,0.0024440029411496177,0.01621022358925767,0.02573467455621302,0.0013902564794714067,0.009221088894453208,0,3,160,96,160,1.0,0.0,241479,629.0,9020,0.0,0,0.0,10716.191808595599
5,z,26,0.1,m1,na,val,700000,0.8184257142857143,572898,0.0,0.0,7,0.0,0.021008960079610468,0.02835943044629237,0.0,0.0,0.0,0.0,0.0,0.0,0.8184257142857143,0.021008960079610468,0.02835943044629237,1,2,112,48,96,1.0,0.0,572898,0.0,0,0.0,0,0.0,456.4486214313656
5,z,26,0.1,normal,na,val,700000,0.8022857142857143,561600,0.0,0.0,7,0.0,0.02215242333410353,0.029902960754827675,0.0,0.0,0.0,0.0,0.0,0.0,0.8022857142857143,0.02215242333410353,0.029902960754827675,1,2,128,64,128,1.0,0.0,561600,0.0,0,0.0,0,0.0,659.9820367437787
5,z,26,0.15,m1,na,val,700000,0.7401957142857143,518137,2.0269883460094886e-06,0.0,7,4.053976692018977e-06,0.023213755478451437,0.03133562448563557,2.5660959397093135e-06,3.46390392694053e-06,0.0,0.0,5.132191879418627e-06,6.92780785388106e-06,0.7401942857142857,0.023215126329471796,0.03133747496057658,1,2,112,48,96,1.0,0.0,518137,0.0,2,0.0,0,0.0,644.9089791316073
5,z,26,0.15,normal,na,val,700000,0.7003971428571428,490278,3.9983504581990775e-06,0.0,7,7.996700916398155e-06,0.021025334859957254,0.02838153432209385,2.773146371911188e-06,3.7433957394173665e-06,0.0,0.0,5.546292743822376e-06,7.486791478834733e-06,0.7003942857142856,0.021024054587701835,0.028379806116992683,1,2,128,64,128,1.0,0.0,490278,0.0,4,0.0,0,0.0,638.1090649939142
5,z,26,0.3,m1,na,val,700000,0.56565,395955,9.339967882445077e-06,0.0,7,1.8679935764890155e-05,0.038878705354302455,0.05248131921614268,8.466893802600046e-06,1.1429232336160068e-05,0.0,0.0,1.6933787605200092e-05,2.2858464672320136e-05,0.5656450000000001,0.0388806655045924,0.052483965170326094,1,2,112,48,96,1.0,0.0,395955,0.0,7,0.0,0,0.0,612.7232102663256
5,z,26,0.3,normal,na,val,700000,0.5133685714285715,359358,5.932612342647349e-06,0.0,7,1.1865224685294698e-05,0.04890332524590394,0.06601328412488186,6.341652628919691e-06,8.560426406775755e-06,0.0,0.0,1.2683305257839382e-05,1.712085281355151e-05,0.5133657142857143,0.04890438220650578,0.06601471088758495,1,2,128,64,128,1.0,0.0,359358,0.0,4,0.0,0,0.0,578.5099212375935
5,z,26,0.5,m1,na,val,700000,0.4037185714285714,282603,1.6157791047771996e-05,0.0,7,3.231558209554399e-05,0.02510347486278876,0.03388650588290835,7.074769905105417e-06,9.550041710159678e-06,0.0,0.0,1.4149539810210833e-05,1.9100083420319355e-05,0.4037121428571429,0.025104113132844715,0.033887367466498834,1,2,112,48,96,1.0,0.0,282603,0.0,9,0.0,0,0.0,569.4900992307812
5,z,26,0.5,normal,na,val,800000,0.32222125,257777,2.4449248781024457e-05,9.759144318226178e-06,8,2.9380208925596556e-05,0.05769337103378949,0.08325586507653895,2.3196211407490478e-05,3.347387425321075e-05,1.9127922863723305e-05,2.7603028503983587e-05,2.1951677411164713e-05,3.167791827725332e-05,0.32221375,0.05769376210928266,0.08325642942783115,1,2,128,64,128,1.0,0.0,257777,2.0,8,0.0,0,0.0,612.6803969121538
5,z,26,0.7,m1,na,val,700000,0.2601071428571428,182075,6.368202791701922e-05,5.378657487091222e-06,7,0.00011660674085985598,0.033314611681963216,0.044970498742429546,1.5306276132777036e-05,2.0661530686638518e-05,1.0542168674698796e-05,1.4230590098238978e-05,3.2581697022242786e-05,4.398115694556537e-05,0.2600907142857143,0.03331300224556973,0.04496832620750702,1,2,112,48,96,1.0,0.0,182075,1.0,21,0.0,0,0.0,513.138301261235
5,z,26,0.7,normal,na,val,900000,0.21343222222222222,192089,7.970903961128693e-05,1.2486498972985458e-05,9,0.00013444508127660295,0.02326469333956924,0.035609224499340675,4.34775763286284e-05,6.654731070708429e-05,2.4473537987051498e-05,3.745949691895638e-05,9.159651846523146e-05,0.0001401987527529053,0.2134161111111111,0.023266831199381093,0.03561249673374657,1,2,128,64,128,1.0,0.0,192089,2.0,25,0.0,0,0.0,639.9026977622416
5,z,26,0.9,m1,na,val,700000,0.17476714285714287,122337,0.00017431619466600854,4.210349037935245e-05,7,0.0002644254085733122,0.0237429509673924,0.03204997125026569,9.978848955710904e-05,0.0001347017995279982,8.25228411435308e-05,0.00011139536487156712,0.0001314107179269328,0.00017738779553220488,0.17473857142857144,0.02374766039592111,0.03205632838123721,1,2,112,48,96,1.0,0.0,122337,4.0,32,0.0,0,0.0,501.2274080719799
5,z,26,0.9,normal,na,val,900000,0.12865444444444446,115789,0.00026380365692624664,2.1916388273419806e-05,9,0.00048377453730565366,0.025812323192079118,0.03950865794705988,0.0001341027409301696,0.00020525929734209635,2.923862401009315e-05,4.475299593381604e-05,0.00022928483390130986,0.00035094617433873955,0.128625,0.025817805456871984,0.03951704916868161,1,2,128,64,128,1.0,0.0,115789,2.0,49,0.0,0,0.0,617.0331771255005
5,z,26,1.0,m1,na,val,1590000,0.14789833333333333,230420,0.00025152659431820545,5.594559198180061e-05,96,0.0003911620046728097,0.008761648653556836,0.04379911940154594,7.043824549303472e-05,0.0003521178772139428,4.697528762372278e-05,0.00023482752081346636,0.00011778014190430807,0.0005887780602003057,0.14786291666666665,0.008760607901066291,0.04379391672287173,1,2,112,48,96,1.0,0.0,230420,11.0,82,0.0,0,0.0,1133.4499346875673
5,z,26,1.0,normal,na,val,1790000,0.1194484693877551,230203,0.0002565815523739576,6.126644169214307e-05,98,0.00039063022136362897,0.007662256904228135,0.03870024154409398,0.0001111674430391606,0.0005614803772868551,7.48703077808806e-05,0.00037815215958131857,0.0001438938618571476,0.0007267737535022098,0.11942285714285715,0.007663060942889139,0.038704302552590636,1,2,128,64,128,1.0,0.0,230203,8.0,72,0.0,0,0.0,1391.1377480202682
5,z,27,0.1,m1,na,val,700000,0.6995785714285715,489705,0.0,0.0,7,0.0,0.021236670712080418,0.028666810907721305,0.0,0.0,0.0,0.0,0.0,0.0,0.6995785714285715,0.021236670712080418,0.028666810907721305,0,3,144,48,128,1.0,0.0,489705,0.0,0,0.0,0,0.0,426.2212441160809
5,z,27,0.1,normal,na,val,700000,0.6811457142857142,476802,0.0,0.0,7,0.0,0.015729555109622973,0.021232903598850873,0.0,0.0,0.0,0.0,0.0,0.0,0.6811457142857142,0.015729555109622973,0.021232903598850873,0,3,160,64,160,1.0,0.0,476802,0.0,0,0.0,0,0.0,597.9523974726908
5,z,27,0.15,m1,na,val,700000,0.5956628571428572,416964,1.1304851137720217e-06,0.0,7,2.2609702275440435e-06,0.031221644506762732,0.04214525861600004,2.2157508229931624e-06,2.9909824719013293e-06,0.0,0.0,4.431501645986325e-06,5.981964943802659e-06,0.5956621428571428,0.031221114612390105,0.04214454332583111,0,3,144,48,128,1.0,0.0,416964,0.0,1,0.0,0,0.0,564.0434067198075
5,z,27,0.15,normal,na,val,700000,0.5829228571428572,408046,0.0,0.0,7,0.0,0.01688296300850852,0.022789857915518574,0.0,0.0,0.0,0.0,0.0,0.0,0.5829228571428572,0.01688296300850852,0.022789857915518574,0,3,160,64,160,1.0,0.0,408046,0.0,0,0.0,0,0.0,543.3380514422897
5,z,27,0.3,m1,na,val,700000,0.3537842857142857,247649,2.0540207456095308e-06,0.0,7,4.1080414912190615e-06,0.02226960938079815,0.030061147049052557,4.025880661394679e-06,5.434428080650283e-06,0.0,0.0,8.051761322789358e-06,1.0868856161300565e-05,0.3537835714285714,0.022269733345806654,0.0300613143860851,0,3,144,48,128,1.0,0.0,247649,0.0,1,0.0,0,0.0,479.73269158694893
5,z,27,0.3,normal,na,val,700000,0.33265142857142854,232856,0.0,0.0,7,0.0,0.019332194885561583,0.02609601018583201,0.0,0.0,0.0,0.0,0.0,0.0,0.33265142857142854,0.019332194885561583,0.02609601018583201,0,3,160,64,160,1.0,0.0,232856,0.0,0,0.0,0,0.0,484.60637844447047
5,z,27,0.5,m1,na,val,700000,0.1755614285714286,122893,1.520889416130553e-05,7.604447080652765e-06,7,1.520889416130553e-05,0.01865357730409907,0.025179962555288166,2.9809432556158835e-05,4.02389516671167e-05,1.4904716278079418e-05,2.011947583355835e-05,2.9809432556158835e-05,4.02389516671167e-05,0.17555857142857142,0.018652372000007578,0.025178335547696183,0,3,144,48,128,1.0,0.0,122893,1.0,2,0.0,0,0.0,424.8048012556974
5,z,27,0.5,normal,na,val,800000,0.15788249999999998,126306,8.17725159568747e-06,0.0,8,1.635450319137494e-05,0.015259931043422182,0.02202122596172027,1.0553099748838674e-05,1.5228915091718119e-05,0.0,0.0,2.1106199497677347e-05,3.0457830183436237e-05,0.15788125,0.01526009644636953,0.022021464650589045,0,3,160,64,160,1.0,0.0,126306,0.0,2,0.0,0,0.0,476.7420408721082
5,z,27,0.7,m1,na,val,700000,0.10677428571428571,74742,1.3071546793371742e-05,0.0,7,2.6143093586743485e-05,0.02172227331749603,0.029322312810749235,1.6543226502580032e-05,2.2331256738999797e-05,0.0,0.0,3.3086453005160064e-05,4.4662513477999595e-05,0.10677285714285714,0.021722165357072484,0.029322167077875695,0,3,144,48,128,1.0,0.0,74742,0.0,2,0.0,0,0.0,390.6030764207244
5,z,27,0.7,normal,na,val,900000,0.08513444444444446,76621,2.775294668946115e-05,0.0,9,5.55058933789223e-05,0.00936530152537731,0.014334645191904046,2.8313537699359533e-05,4.3337047499019693e-05,0.0,0.0,5.6627075398719066e-05,8.667409499803939e-05,0.08513222222222222,0.009365666088596496,0.014335203196831372,0,3,160,64,160,1.0,0.0,76621,0.0,4,0.0,0,0.0,473.4723542621359
5,z,27,0.9,m1,na,val,700000,0.05386285714285714,37704,9.139697156736301e-05,0.0,7,0.00018279394313472602,0.011322709666270995,0.015284221400173572,5.612152236292394e-05,7.575693437277896e-05,0.0,0.0,0.00011224304472584788,0.00015151386874555792,0.05385785714285714,0.011321755191370875,0.015282932980164199,0,3,144,48,128,1.0,0.0,37704,0.0,7,0.0,0,0.0,361.4593133996241
5,z,27,0.9,normal,na,val,900000,0.03966666666666666,35700,9.217181492962058e-05,0.0,9,0.00018434362985924116,0.005929227672396391,0.009075348478157741,7.115815503425057e-05,0.0001089155434197713,0.0,0.0,0.00014231631006850115,0.0002178310868395426,0.039663333333333335,0.005929807162688064,0.009076235453093976,0,3,160,64,160,1.0,0.0,35700,0.0,6,0.0,0,0.0,441.5140298670158
5,z,27,1.0,m1,na,val,1590000,0.03676041666666666,58753,0.0002091403247490043,3.975826972010178e-05,96,0.000338764110057805,0.0022428816264367596,0.011212072527007538,0.000176581209430031,0.0008827221658512431,7.792620865139949e-05,0.0003895498954807853,0.0002313460128620367,0.0011564891541619266,0.036753385416666666,0.0022429461550642496,0.011212395102948665,0,3,144,48,128,1.0,0.0,58753,1.0,16,0.0,0,0.0,872.137912546772
5,z,27,1.0,normal,na,val,1790000,0.027542551020408163,44773,0.00013790814850206653,0.0,98,0.00027581629700413306,0.002191650007144031,0.01106950415742207,0.00012550262882298754,0.0006338839992676624,0.0,0.0,0.0002510052576459751,0.001267767998535325,0.027538775510204082,0.00219136170818112,0.011068048027767187,0,3,160,64,160,1.0,0.0,44773,0.0,11,0.0,0,0.0,948.5730074847816
5,z,28,0.1,m1,na,val,700000,0.9091214285714286,636385,0.0,0.0,7,0.0,0.0036100894171751455,0.004873162657424258,0.0,0.0,0.0,0.0,0.0,0.0,0.9091214285714286,0.0036100894171751455,0.004873162657424258,2,1,80,16,64,1.0,0.0,636385,0.0,0,0.0,0,0.0,235.7665413680952
5,z,28,0.1,normal,na,val,700000,0.91918,643426,0.0,0.0,7,0.0,0.006294939923462333,0.00849737018141495,0.0,0.0,0.0,0.0,0.0,0.0,0.91918,0.006294939923462333,0.00849737018141495,2,1,96,32,96,1.0,0.0,643426,0.0,0,0.0,0,0.0,687.7110996253323
5,z,28,0.15,m1,na,val,700000,0.8605314285714286,602372,0.0,0.0,7,0.0,0.01044939867615997,0.014105362371064715,0.0,0.0,0.0,0.0,0.0,0.0,0.8605314285714286,0.01044939867615997,0.014105362371064715,2,1,80,16,64,1.0,0.0,602372,0.0,0,0.0,0,0.0,437.4457553678658
5,z,28,0.15,normal,na,val,700000,0.8653028571428572,605712,0.0,0.0,7,0.0,0.008758276022140432,0.011822561361348785,0.0,0.0,0.0,0.0,0.0,0.0,0.8653028571428572,0.008758276022140432,0.011822561361348785,2,1,96,32,96,1.0,0.0,605712,0.0,0,0.0,0,0.0,677.4933773900848
5,z,28,0.3,m1,na,val,700000,0.7588971428571429,531228,0.0,0.0,7,0.0,0.009896364881443425,0.013358836918292101,0.0,0.0,0.0,0.0,0.0,0.0,0.7588971428571429,0.009896364881443425,0.013358836918292101,2,1,80,16,64,1.0,0.0,531228,0.0,0,0.0,0,0.0,487.4464219782967
5,z,28,0.3,normal,na,val,700000,0.7772699999999999,544089,0.0,0.0,7,0.0,0.009610142797412907,0.012972473421312823,0.0,0.0,0.0,0.0,0.0,0.0,0.7772699999999999,0.009610142797412907,0.012972473421312823,2,1,96,32,96,1.0,0.0,544089,0.0,0,0.0,0,0.0,677.5948257190175
5,z,28,0.5,m1,na,val,700000,0.6144671428571428,430127,0.0,0.0,7,0.0,0.02242542077553955,0.030271472662274937,0.0,0.0,0.0,0.0,0.0,0.0,0.6144671428571428,0.02242542077553955,0.030271472662274937,2,1,80,16,64,1.0,0.0,430127,0.0,0,0.0,0,0.0,546.5999540772755
5,z,28,0.5,normal,na,val,700000,0.6189628571428571,433274,0.0,0.0,7,0.0,0.0447618474626178,0.06042281459688483,0.0,0.0,0.0,0.0,0.0,0.0,0.6189628571428571,0.0447618474626178,0.06042281459688483,2,1,96,32,96,1.0,0.0,433274,0.0,0,0.0,0,0.0,629.0803049646784
5,z,28,0.7,m1,na,val,700000,0.5336242857142858,373537,0.0,0.0,7,0.0,0.018537998452188245,0.025023945770097145,0.0,0.0,0.0,0.0,0.0,0.0,0.5336242857142858,0.018537998452188245,0.025023945770097145,2,1,80,16,64,1.0,0.0,373537,0.0,0,0.0,0,0.0,553.7408909611404
5,z,28,0.7,normal,na,val,900000,0.5379877777777778,484189,0.0,0.0,9,0.0,0.0229247064902519,0.03508883646467128,0.0,0.0,0.0,0.0,0.0,0.0,0.5379877777777778,0.0229247064902519,0.03508883646467128,2,1,96,32,96,1.0,0.0,484189,0.0,0,0.0,0,0.0,810.3695594312157
5,z,28,0.9,m1,na,val,700000,0.42444714285714286,297113,0.0,0.0,7,0.0,0.03150911871569881,0.04253331232272956,0.0,0.0,0.0,0.0,0.0,0.0,0.42444714285714286,0.03150911871569881,0.04253331232272956,2,1,80,16,64,1.0,0.0,297113,0.0,0,0.0,0,0.0,564.1107425368391
5,z,28,0.9,normal,na,val,900000,0.4368511111111111,393166,0.0,0.0,9,0.0,0.050677369130131496,0.07756740172979311,0.0,0.0,0.0,0.0,0.0,0.0,0.4368511111111111,0.050677369130131496,0.07756740172979311,2,1,96,32,96,1.0,0.0,393166,0.0,0,0.0,0,0.0,760.5438288797159
5,z,28,1.0,m1,na,val,1590000,0.3559147916666667,566842,0.0,0.0,96,0.0,0.012047871079498224,0.06022680945225509,0.0,0.0,0.0,0.0,0.0,0.0,0.3559147916666667,0.012047871079498224,0.06022680945225509,2,1,80,16,64,1.0,0.0,566842,0.0,0,0.0,0,0.0,910.0946091218138
5,z,28,1.0,normal,na,val,1790000,0.3436580612244898,634540,0.0,0.0,98,0.0,0.013226572011510397,0.06680427686565141,0.0,0.0,0.0,0.0,0.0,0.0,0.3436580612244898,0.013226572011510397,0.06680427686565141,2,1,96,32,96,1.0,0.0,634540,0.0,0,0.0,0,0.0,1682.732375410953
5,z,29,0.1,m1,na,val,700000,0.6970414285714286,487929,0.0,0.0,7,0.0,0.012432052762650832,0.016781693824493675,0.0,0.0,0.0,0.0,0.0,0.0,0.6970414285714286,0.012432052762650832,0.016781693824493675,0,3,144,48,128,1.0,0.0,487929,0.0,0,0.0,0,0.0,392.15829683095217
5,z,29,0.1,normal,na,val,700000,0.6974628571428572,488224,0.0,0.0,7,0.0,0.015231492748906792,0.02056058260708722,0.0,0.0,0.0,0.0,0.0,0.0,0.6974628571428572,0.015231492748906792,0.02056058260708722,0,3,160,64,160,1.0,0.0,488224,0.0,0,0.0,0,0.0,583.7548795342445
5,z,29,0.15,m1,na,val,700000,0.5943085714285715,416016,0.0,0.0,7,0.0,0.02941068983436691,0.03970069958601545,0.0,0.0,0.0,0.0,0.0,0.0,0.5943085714285715,0.02941068983436691,0.03970069958601545,0,3,144,48,128,1.0,0.0,416016,0.0,0,0.0,0,0.0,559.6352326173801
5,z,29,0.15,normal,na,val,700000,0.5667457142857143,396722,0.0,0.0,7,0.0,0.03068978443717066,0.04142731500557854,0.0,0.0,0.0,0.0,0.0,0.0,0.5667457142857143,0.03068978443717066,0.04142731500557854,0,3,160,64,160,1.0,0.0,396722,0.0,0,0.0,0,0.0,536.4059755096678
5,z,29,0.3,m1,na,val,700000,0.35427857142857144,247995,3.6614259147150783e-06,0.0,7,7.322851829430157e-06,0.02528006429316719,0.03412487920787972,4.633065289891788e-06,6.254050288254616e-06,0.0,0.0,9.266130579783576e-06,1.2508100576509231e-05,0.35427714285714285,0.025278762648779582,0.03412312215311183,0,3,144,48,128,1.0,0.0,247995,0.0,2,0.0,0,0.0,489.7765644972678
5,z,29,0.3,normal,na,val,700000,0.3295785714285714,230705,0.0,0.0,7,0.0,0.036004118401464384,0.048600991563468955,0.0,0.0,0.0,0.0,0.0,0.0,0.3295785714285714,0.036004118401464384,0.048600991563468955,0,3,160,64,160,1.0,0.0,230705,0.0,0,0.0,0,0.0,474.82144324318506
5,z,29,0.5,m1,na,val,700000,0.20212428571428573,141487,0.0,0.0,7,0.0,0.028748394508679383,0.03880668492976559,0.0,0.0,0.0,0.0,0.0,0.0,0.20212428571428573,0.028748394508679383,0.03880668492976559,0,3,144,48,128,1.0,0.0,141487,0.0,0,0.0,0,0.0,435.65279975463636
5,z,29,0.5,normal,na,val,800000,0.17148,137184,0.0,0.0,8,0.0,0.013900319052453432,0.020059203801319158,0.0,0.0,0.0,0.0,0.0,0.0,0.17148,0.013900319052453432,0.020059203801319158,0,3,160,64,160,1.0,0.0,137184,0.0,0,0.0,0,0.0,481.7598534510471
5,z,29,0.7,m1,na,val,700000,0.11080285714285713,77562,3.120972135744228e-05,0.0,7,6.241944271488455e-05,0.013691250354393005,0.018481450803698386,1.6331800636071238e-05,2.2045858645372956e-05,0.0,0.0,3.2663601272142477e-05,4.409171729074591e-05,0.11079928571428573,0.013690251820912568,0.01848010291019583,0,3,144,48,128,1.0,0.0,77562,0.0,5,0.0,0,0.0,398.5175092970021
5,z,29,0.7,normal,na,val,900000,0.08200666666666667,73806,1.0975020852539619e-05,0.0,9,2.1950041705079238e-05,0.01577244027649354,0.024141490219122763,2.1511040870977655e-05,3.2925062557618855e-05,0.0,0.0,4.302208174195531e-05,6.585012511523771e-05,0.08200611111111111,0.01577297118464384,0.02414230283363853,0,3,160,64,160,1.0,0.0,73806,0.0,1,0.0,0,0.0,461.9091524432879
5,z,29,0.9,m1,na,val,700000,0.05673285714285714,39713,5.8186255910422595e-05,0.0,7,0.00011637251182084519,0.017401383073001216,0.023489659224352116,6.327813708999283e-05,8.541745620794562e-05,0.0,0.0,0.00012655627417998565,0.00017083491241589124,0.05673,0.017402111072319162,0.023490641931061255,0,3,144,48,128,1.0,0.0,39713,0.0,4,0.0,0,0.0,358.3685203890782
5,z,29,0.9,normal,na,val,900000,0.04043777777777778,36394,1.4381453677337707e-05,0.0,9,2.8762907354675414e-05,0.008248597106160119,0.01262540373391855,2.8187649207581905e-05,4.314436103201312e-05,0.0,0.0,5.637529841516381e-05,8.628872206402624e-05,0.04043722222222222,0.008248655645334495,0.012625493334695656,0,3,160,64,160,1.0,0.0,36394,0.0,1,0.0,0,0.0,437.39057100377977
5,z,29,1.0,m1,na,val,1590000,0.03811260416666667,62545,5.608254061420492e-06,0.0,96,1.1216508122840984e-05,0.002286171171000512,0.011428475170637472,6.923704261936765e-06,3.4611311370772e-05,0.0,0.0,1.384740852387353e-05,6.9222622741544e-05,0.03811234375,0.0022861259000964266,0.011428248863259504,0,3,144,48,128,1.0,0.0,62545,0.0,5,0.0,0,0.0,867.0464356589073
5,z,29,1.0,normal,na,val,1790000,0.028503367346938778,49284,0.00012045932859389257,0.0,98,0.00024091865718778513,0.0020753106808031586,0.010481901824748457,9.502217543827204e-05,0.00047993446153928536,0.0,0.0,0.00019004435087654407,0.0009598689230785707,0.028499591836734693,0.0020749929844124356,0.010480297215661039,0,3,160,64,160,1.0,0.0,49284,0.0,11,0.0,0,0.0,943.4192186869623
5,z,30,0.1,m1,na,val,700000,0.8351685714285715,584618,0.0,0.0,7,0.0,0.012679366688705977,0.017115536244955376,0.0,0.0,0.0,0.0,0.0,0.0,0.8351685714285715,0.012679366688705977,0.017115536244955376,1,2,112,16,96,1.0,0.0,584618,0.0,0,0.0,0,0.0,283.996248557698
5,z,30,0.1,normal,na,val,700000,0.8364614285714286,585523,0.0,0.0,7,0.0,0.012536291381425372,0.016922402733823422,0.0,0.0,0.0,0.0,0.0,0.0,0.8364614285714286,0.012536291381425372,0.016922402733823422,1,2,128,32,128,1.0,0.0,585523,0.0,0,0.0,0,0.0,693.657237848267
5,z,30,0.15,m1,na,val,700000,0.7566342857142858,529644,0.0,0.0,7,0.0,0.015742976116774526,0.021251020255619767,0.0,0.0,0.0,0.0,0.0,0.0,0.7566342857142858,0.015742976116774526,0.021251020255619767,1,2,112,16,96,1.0,0.0,529644,0.0,0,0.0,0,0.0,460.52129522687756
5,z,30,0.15,normal,na,val,700000,0.7712014285714286,539841,0.0,0.0,7,0.0,0.018913296567230155,0.02553055060678704,0.0,0.0,0.0,0.0,0.0,0.0,0.7712014285714286,0.018913296567230155,0.02553055060678704,1,2,128,32,128,1.0,0.0,539841,0.0,0,0.0,0,0.0,637.263473416213
5,z,30,0.3,m1,na,val,700000,0.5712242857142857,399857,0.0,0.0,7,0.0,0.031001579684482743,0.04184819902821102,0.0,0.0,0.0,0.0,0.0,0.0,0.5712242857142857,0.031001579684482743,0.04184819902821102,1,2,112,16,96,1.0,0.0,399857,0.0,0,0.0,0,0.0,512.6354740848765
5,z,30,0.3,normal,na,val,700000,0.5982071428571428,418745,0.0,0.0,7,0.0,0.03689545915330681,0.049804188483261,0.0,0.0,0.0,0.0,0.0,0.0,0.5982071428571428,0.03689545915330681,0.049804188483261,1,2,128,32,128,1.0,0.0,418745,0.0,0,0.0,0,0.0,605.7023299878929
5,z,30,0.5,m1,na,val,700000,0.37792857142857145,264550,0.0,0.0,7,0.0,0.028962716727084357,0.03909599273095704,0.0,0.0,0.0,0.0,0.0,0.0,0.37792857142857145,0.028962716727084357,0.03909599273095704,1,2,112,16,96,1.0,0.0,264550,0.0,0,0.0,0,0.0,507.50717340176925
5,z,30,0.5,normal,na,val,800000,0.35285571428571433,288283,0.0,0.0,8,0.0,0.043925422768217794,0.06338768225692402,0.0,0.0,0.0,0.0,0.0,0.0,0.36035375000000003,0.043241009579131004,0.06240002265052244,1,2,128,32,128,1.0,0.0,288283,0.0,0,0.0,0,0.0,547.7764221350662
5,z,30,0.7,m1,na,val,700000,0.25112,175784,0.0,0.0,7,0.0,0.04025997264049409,0.05434585479439378,0.0,0.0,0.0,0.0,0.0,0.0,0.25112,0.04025997264049409,0.05434585479439378,1,2,112,16,96,1.0,0.0,175784,0.0,0,0.0,0,0.0,499.23808366502635
5,z,30,0.7,normal,na,val,900000,0.25543333333333335,229890,0.0,0.0,9,0.0,0.05635578492238199,0.08625885447303366,0.0,0.0,0.0,0.0,0.0,0.0,0.25543333333333335,0.05635578492238199,0.08625885447303366,1,2,128,32,128,1.0,0.0,229890,0.0,0,0.0,0,0.0,654.5580470059067
5,z,30,0.9,m1,na,val,700000,0.20186714285714286,141307,0.0,0.0,7,0.0,0.04201389525256296,0.05671342777928512,0.0,0.0,0.0,0.0,0.0,0.0,0.20186714285714286,0.04201389525256296,0.05671342777928512,1,2,112,16,96,1.0,0.0,141307,0.0,0,0.0,0,0.0,486.0314739989117
5,z,30,0.9,normal,na,val,900000,0.21839333333333333,196554,0.0,0.0,9,0.0,0.02835443521410912,0.04339964573588131,0.0,0.0,0.0,0.0,0.0,0.0,0.21839333333333333,0.02835443521410912,0.04339964573588131,1,2,128,32,128,1.0,0.0,196554,0.0,0,0.0,0,0.0,630.5727336420678
5,z,30,1.0,m1,na,val,1590000,0.1597178125,252384,0.0,0.0,96,0.0,0.009416755272479958,0.047073970306610334,0.0,0.0,0.0,0.0,0.0,0.0,0.1597178125,0.009416755272479958,0.047073970306610334,1,2,112,16,96,1.0,0.0,252384,0.0,0,0.0,0,0.0,982.6221622152443
5,z,30,1.0,normal,na,val,1790000,0.1607373469387755,283861,0.0,0.0,98,0.0,0.009896575769947366,0.04998525598183043,0.0,0.0,0.0,0.0,0.0,0.0,0.1607373469387755,0.009896575769947366,0.04998525598183043,1,2,128,32,128,1.0,0.0,283861,0.0,0,0.0,0,0.0,1412.601674194324
5,z,31,0.1,m1,na,val,700000,0.7142171428571429,499952,0.0,0.0,7,0.0,0.008675011405179817,0.011710164693242235,0.0,0.0,0.0,0.0,0.0,0.0,0.7142171428571429,0.008675011405179817,0.011710164693242235,0,3,144,16,128,1.0,0.0,499952,0.0,0,0.0,0,0.0,248.8562583271414
5,z,31,0.1,normal,na,val,700000,0.7393242857142858,517527,0.0,0.0,7,0.0,0.012630602303928335,0.017049710512833587,0.0,0.0,0.0,0.0,0.0,0.0,0.7393242857142858,0.012630602303928335,0.017049710512833587,0,3,160,32,160,1.0,0.0,517527,0.0,0,0.0,0,0.0,614.1389734086115
5,z,31,0.15,m1,na,val,700000,0.5992928571428572,419505,0.0,0.0,7,0.0,0.023711733941377326,0.032007832226027454,0.0,0.0,0.0,0.0,0.0,0.0,0.5992928571428572,0.023711733941377326,0.032007832226027454,0,3,144,16,128,1.0,0.0,419505,0.0,0,0.0,0,0.0,452.70796236931346
5,z,31,0.15,normal,na,val,700000,0.6328114285714286,442968,0.0,0.0,7,0.0,0.01800589516204809,0.024305673842796076,0.0,0.0,0.0,0.0,0.0,0.0,0.6328114285714286,0.01800589516204809,0.024305673842796076,0,3,160,32,160,1.0,0.0,442968,0.0,0,0.0,0,0.0,568.6858609470073
5,z,31,0.3,m1,na,val,700000,0.35761714285714286,250332,0.0,0.0,7,0.0,0.030976188242368783,0.04181392380307693,0.0,0.0,0.0,0.0,0.0,0.0,0.35761714285714286,0.030976188242368783,0.04181392380307693,0,3,144,16,128,1.0,0.0,250332,0.0,0,0.0,0,0.0,468.1471410745289
5,z,31,0.3,normal,na,val,700000,0.4278057142857143,299464,0.0,0.0,7,0.0,0.01767055361366286,0.02385300530131921,0.0,0.0,0.0,0.0,0.0,0.0,0.4278057142857143,0.01767055361366286,0.02385300530131921,0,3,160,32,160,1.0,0.0,299464,0.0,0,0.0,0,0.0,506.90794691070914
5,z,31,0.5,m1,na,val,700000,0.20137142857142856,140960,0.0,0.0,7,0.0,0.015278513210387977,0.02062405426403146,0.0,0.0,0.0,0.0,0.0,0.0,0.20137142857142856,0.015278513210387977,0.02062405426403146,0,3,144,16,128,1.0,0.0,140960,0.0,0,0.0,0,0.0,424.40393731719814
5,z,31,0.5,normal,na,val,800000,0.20586125,164689,0.0,0.0,8,0.0,0.01722932750987397,0.02486321289288942,0.0,0.0,0.0,0.0,0.0,0.0,0.20586125,0.01722932750987397,0.02486321289288942,0,3,160,32,160,1.0,0.0,164689,0.0,0,0.0,0,0.0,502.5357020730153
5,z,31,0.7,m1,na,val,700000,0.09375714285714286,65630,0.0,0.0,7,0.0,0.009035246413905938,0.012196436247644528,0.0,0.0,0.0,0.0,0.0,0.0,0.09375714285714286,0.009035246413905938,0.012196436247644528,0,3,144,16,128,1.0,0.0,65630,0.0,0,0.0,0,0.0,392.10961468168534
5,z,31,0.7,normal,na,val,900000,0.08829888888888889,79469,0.0,0.0,9,0.0,0.02335890078721943,0.03575341957227464,0.0,0.0,0.0,0.0,0.0,0.0,0.08829888888888889,0.02335890078721943,0.03575341957227464,0,3,160,32,160,1.0,0.0,79469,0.0,0,0.0,0,0.0,453.8317689874675
5,z,31,0.9,m1,na,val,700000,0.05412142857142858,37885,0.0,0.0,7,0.0,0.020506947868466435,0.02768177765761647,0.0,0.0,0.0,0.0,0.0,0.0,0.05412142857142858,0.020506947868466435,0.02768177765761647,0,3,144,16,128,1.0,0.0,37885,0.0,0,0.0,0,0.0,353.08194352616556
5,z,31,0.9,normal,na,val,900000,0.06585777777777778,59272,0.0,0.0,9,0.0,0.008139454277214426,0.012458348383491469,0.0,0.0,0.0,0.0,0.0,0.0,0.06585777777777778,0.008139454277214426,0.012458348383491469,0,3,160,32,160,1.0,0.0,59272,0.0,0,0.0,0,0.0,467.12221115874127
5,z,31,1.0,m1,na,val,1590000,0.042039479166666664,64117,0.0,0.0,96,0.0,0.0027884103231610702,0.013939147929089322,0.0,0.0,0.0,0.0,0.0,0.0,0.042039479166666664,0.0027884103231610702,0.013939147929089322,0,3,144,16,128,1.0,0.0,64117,0.0,0,0.0,0,0.0,735.8682244117845
5,z,31,1.0,normal,na,val,1780000,0.042390515463917526,71708,0.0,0.0,97,0.0,0.003051427298693648,0.015333200794567625,0.0,0.0,0.0,0.0,0.0,0.0,0.042390515463917526,0.003051427298693648,0.015333200794567625,0,3,160,32,160,1.0,0.0,71708,0.0,0,0.0,0,0.0,986.8834113630546
