n,lstate,i,p_error,sim_type,decoder_type,shots,prep_rate,count_accept,LER,LER_error,N_samples,LER_undecided,prep_rate_SEM,prep_rate_SD,LER_SEM,LER_SD,LER_error_SEM,LER_error_SD,LER_undecided_SEM,LER_undecided_SD,eff,eff_SEM,eff_SD,skip,s_l,CNOT,hadamard,meas,cost,cost_SEM,count_accept,count_logerror,count_undecided,count_detect_discard,total_meta_shots,detect_normal,decoding_normal
5,x,2,0.0,m1,anqi,1000,1.0,1000,0.0,0.0,1,0.0,0.0,,0.0,,0.0,,0.0,,1.0,0.0,,0,3,144,144,128,1.0,0.0,1000,0.0,0,0,0,0,1.2590456211473793
5,x,2,0.0,m1,val,1000,1.0,1000,0.0,0.0,1,0.0,0.0,,0.0,,0.0,,0.0,,1.0,0.0,,0,3,144,144,128,1.0,0.0,1000,0.0,0,0,0,0,0.522925621131435
5,x,2,0.0,normal,anqi,1000,1.0,1000,0.0,0.0,1,0.0,0.0,,0.0,,0.0,,0.0,,1.0,0.0,,0,3,160,160,160,1.0,0.0,1000,0.0,0,0,0,0,0.7946113450452685
5,x,2,0.005,m1,anqi,500000,0.21394600000000003,106973,0.0,0.0,5,0.0,0.0007123892261959035,0.0008127299674553644,0.0,0.0,0.0,0.0,0.0,0.0,0.21394600000000003,0.0007123892261959035,0.0008127299674553644,0,3,144,144,128,1.0,0.0,106973,0.0,0,0,0,0,318.16008522803895
5,x,2,0.005,m1,val,500000,0.21394600000000003,106973,0.0,0.0,5,0.0,0.0007123892261959035,0.0008127299674553644,0.0,0.0,0.0,0.0,0.0,0.0,0.21394600000000003,0.0007123892261959035,0.0008127299674553644,0,3,144,144,128,1.0,0.0,106973,0.0,0,0,0,0,300.39399599283934
5,x,2,0.005,normal,anqi,600000,0.17383666666666667,104302,0.0,0.0,6,0.0,0.0005760681225148497,0.0007199351822675957,0.0,0.0,0.0,0.0,0.0,0.0,0.17383666666666667,0.0005760681225148497,0.0007199351822675957,0,3,160,160,160,1.0,0.0,104302,0.0,0,0,0,0,358.15758488699794
5,x,2,0.005,normal,val,600000,0.17383666666666667,104302,0.0,0.0,6,0.0,0.0005760681225148497,0.0007199351822675957,0.0,0.0,0.0,0.0,0.0,0.0,0.17383666666666667,0.0005760681225148497,0.0007199351822675957,0,3,160,160,160,1.0,0.0,104302,0.0,0,0,0,0,347.9094545689877
5,x,3,0.0,m1,anqi,1000,1.0,1000,0.0,0.0,1,0.0,0.0,,0.0,,0.0,,0.0,,1.0,0.0,,1,2,112,112,96,1.0,0.0,1000,0.0,0,0,0,0,0.6340800100006163
5,x,3,0.0,m1,val,1000,1.0,1000,0.0,0.0,1,0.0,0.0,,0.0,,0.0,,0.0,,1.0,0.0,,1,2,112,112,96,1.0,0.0,1000,0.0,0,0,0,0,0.8916795519180596
5,x,3,0.0,normal,anqi,1000,1.0,1000,0.0,0.0,1,0.0,0.0,,0.0,,0.0,,0.0,,1.0,0.0,,1,2,128,128,128,1.0,0.0,1000,0.0,0,0,0,0,0.9642915611620992
5,x,3,0.0,normal,val,1000,1.0,1000,0.0,0.0,1,0.0,0.0,,0.0,,0.0,,0.0,,1.0,0.0,,1,2,128,128,128,1.0,0.0,1000,0.0,0,0,0,0,0.4752786930184811
5,x,3,0.005,m1,anqi,500000,0.308824,154412,0.0,0.0,5,0.0,0.0008772527353049427,0.0010008146681578988,0.0,0.0,0.0,0.0,0.0,0.0,0.308824,0.0008772527353049427,0.0010008146681578988,1,2,112,112,96,1.0,0.0,154412,0.0,0,0,0,0,375.4704729670193
5,x,3,0.005,m1,val,500000,0.308824,154412,0.0,0.0,5,0.0,0.0008772527353049427,0.0010008146681578988,0.0,0.0,0.0,0.0,0.0,0.0,0.308824,0.0008772527353049427,0.0010008146681578988,1,2,112,112,96,1.0,0.0,154412,0.0,0,0,0,0,370.9433081790339
5,x,3,0.005,normal,anqi,600000,0.250835,150501,0.0,0.0,6,0.0,0.0003254131281924581,0.00040668169371143545,0.0,0.0,0.0,0.0,0.0,0.0,0.250835,0.0003254131281924581,0.00040668169371143545,1,2,128,128,128,1.0,0.0,150501,0.0,0,0,0,0,438.03616007999517
5,x,3,0.005,normal,val,600000,0.250835,150501,0.0,0.0,6,0.0,0.0003254131281924581,0.00040668169371143545,0.0,0.0,0.0,0.0,0.0,0.0,0.250835,0.0003254131281924581,0.00040668169371143545,1,2,128,128,128,1.0,0.0,150501,0.0,0,0,0,0,449.6297448668629
5,x,4,0.0,m1,anqi,1000,1.0,1000,0.0,0.0,1,0.0,0.0,,0.0,,0.0,,0.0,,1.0,0.0,,0,3,144,112,128,1.0,0.0,1000,0.0,0,0,0,0,0.584708102978766
5,x,4,0.0,m1,val,1000,1.0,1000,0.0,0.0,1,0.0,0.0,,0.0,,0.0,,0.0,,1.0,0.0,,0,3,144,112,128,1.0,0.0,1000,0.0,0,0,0,0,0.4740274350624531
5,x,4,0.0,normal,anqi,1000,1.0,1000,0.0,0.0,1,0.0,0.0,,0.0,,0.0,,0.0,,1.0,0.0,,0,3,160,128,160,1.0,0.0,1000,0.0,0,0,0,0,0.7339876489713788
5,x,4,0.0,normal,val,1000,1.0,1000,0.0,0.0,1,0.0,0.0,,0.0,,0.0,,0.0,,1.0,0.0,,0,3,160,128,160,1.0,0.0,1000,0.0,0,0,0,0,0.4782312789466232
5,x,4,0.005,m1,anqi,500000,0.20981999999999998,104910,0.0,0.0,5,0.0,0.0004947981083229753,0.0005644909210961619,0.0,0.0,0.0,0.0,0.0,0.0,0.20981999999999998,0.0004947981083229753,0.0005644909210961619,0,3,144,112,128,1.0,0.0,104910,0.0,0,0,0,0,317.92341727297753
5,x,4,0.005,m1,val,500000,0.20981999999999998,104910,4.758279406166731e-06,0.0,5,9.516558812333461e-06,0.0004947981083229753,0.0005644909210961619,9.326227636086793e-06,1.0639836208126142e-05,0.0,0.0,1.8652455272173585e-05,2.1279672416252284e-05,0.20981899999999998,0.0004941416169480102,0.0005637419622486801,0,3,144,112,128,1.0,0.0,104910,0.0,1,0,0,0,320.057738380041
5,x,4,0.005,normal,anqi,600000,0.15578333333333333,93470,0.0,0.0,6,0.0,0.0006408863667695837,0.0008009411131079964,0.0,0.0,0.0,0.0,0.0,0.0,0.15578333333333333,0.0006408863667695837,0.0008009411131079964,0,3,160,128,160,1.0,0.0,93470,0.0,0,0,0,0,357.38364785001613
5,x,4,0.005,normal,val,600000,0.15578333333333333,93470,0.0,0.0,6,0.0,0.0006408863667695837,0.0008009411131079964,0.0,0.0,0.0,0.0,0.0,0.0,0.15578333333333333,0.0006408863667695837,0.0008009411131079964,0,3,160,128,160,1.0,0.0,93470,0.0,0,0,0,0,371.4642794310348
5,x,5,0.0,m1,anqi,1000,1.0,1000,0.0,0.0,1,0.0,0.0,,0.0,,0.0,,0.0,,1.0,0.0,,2,1,80,80,64,1.0,0.0,1000,0.0,0,0,0,0,0.4841905732173472
5,x,5,0.0,m1,val,1000,1.0,1000,0.0,0.0,1,0.0,0.0,,0.0,,0.0,,0.0,,1.0,0.0,,2,1,80,80,64,1.0,0.0,1000,0.0,0,0,0,0,0.4696767081040889
5,x,5,0.0,normal,anqi,1000,1.0,1000,0.0,0.0,1,0.0,0.0,,0.0,,0.0,,0.0,,1.0,0.0,,2,1,96,96,96,1.0,0.0,1000,0.0,0,0,0,0,0.6671912129968405
5,x,5,0.0,normal,val,1000,1.0,1000,0.0,0.0,1,0.0,0.0,,0.0,,0.0,,0.0,,1.0,0.0,,2,1,96,96,96,1.0,0.0,1000,0.0,0,0,0,0,0.6889490219764411
5,x,5,0.005,m1,anqi,500000,0.444854,222427,0.0,0.0,5,0.0,0.0013354865276744919,0.0015235911525078153,0.0,0.0,0.0,0.0,0.0,0.0,0.444854,0.0013354865276744919,0.0015235911525078153,2,1,80,80,64,1.0,0.0,222427,0.0,0,0,0,0,390.832401452004
5,x,5,0.005,m1,val,500000,0.444854,222427,0.0,0.0,5,0.0,0.0013354865276744919,0.0015235911525078153,0.0,0.0,0.0,0.0,0.0,0.0,0.444854,0.0013354865276744919,0.0015235911525078153,2,1,80,80,64,1.0,0.0,222427,0.0,0,0,0,0,396.77560226700734
5,x,5,0.005,normal,anqi,600000,0.3632583333333333,217955,0.0,0.0,6,0.0,0.0007573215568333063,0.0009464547884958016,0.0,0.0,0.0,0.0,0.0,0.0,0.3632583333333333,0.0007573215568333063,0.0009464547884958016,2,1,96,96,96,1.0,0.0,217955,0.0,0,0,0,0,492.62320793094113
5,x,5,0.005,normal,val,600000,0.3632583333333333,217955,0.0,0.0,6,0.0,0.0007573215568333063,0.0009464547884958016,0.0,0.0,0.0,0.0,0.0,0.0,0.3632583333333333,0.0007573215568333063,0.0009464547884958016,2,1,96,96,96,1.0,0.0,217955,0.0,0,0,0,0,501.2569980141707
5,x,6,0.0,m1,anqi,1000,1.0,1000,0.0,0.0,1,0.0,0.0,,0.0,,0.0,,0.0,,1.0,0.0,,0,3,144,112,128,1.0,0.0,1000,0.0,0,0,0,0,1.238562739919871
5,x,6,0.0,m1,val,1000,1.0,1000,0.0,0.0,1,0.0,0.0,,0.0,,0.0,,0.0,,1.0,0.0,,0,3,144,112,128,1.0,0.0,1000,0.0,0,0,0,0,0.7309622650500387
5,x,6,0.0,normal,anqi,1000,1.0,1000,0.0,0.0,1,0.0,0.0,,0.0,,0.0,,0.0,,1.0,0.0,,0,3,160,128,160,1.0,0.0,1000,0.0,0,0,0,0,0.4672719540540129
5,x,6,0.0,normal,val,1000,1.0,1000,0.0,0.0,1,0.0,0.0,,0.0,,0.0,,0.0,,1.0,0.0,,0,3,160,128,160,1.0,0.0,1000,0.0,0,0,0,0,0.6156388900708407
5,x,6,0.005,m1,anqi,3500000,0.206337125,722572,0.0,0.0,8,0.0,0.0005481793287100508,0.0007910639196676867,0.0,0.0,0.0,0.0,0.0,0.0,0.206337125,0.0005481793287100508,0.0007910639196676867,0,3,144,112,128,1.0,0.0,722572,0.0,0,0,0,0,2208.2607390721096
5,x,6,0.005,m1,val,3500000,0.206337125,722572,5.75752081109311e-06,0.0,8,1.151504162218622e-05,0.0005481793287100508,0.0007910639196676867,6.023910821050226e-06,8.692955491484976e-06,0.0,0.0,1.2047821642100452e-05,1.738591098296995e-05,0.2063359375,0.0005482814874735921,0.0007912113424318858,0,3,144,112,128,1.0,0.0,722572,0.0,10,0,0,0,2193.7478831110056
5,x,6,0.005,normal,anqi,3600000,0.15356922222222222,554105,8.630360272498178e-06,8.630360272498178e-06,9,0.0,0.0004725244091728957,0.0007232516466932077,1.3859043845652638e-05,2.121282221273363e-05,1.3859043845652638e-05,2.121282221273363e-05,0.0,0.0,0.1535678888888889,0.0004712751114022016,0.0007213394562278596,0,3,160,128,160,1.0,0.0,554105,3.0,0,0,0,0,2095.268024336896
5,x,6,0.005,normal,val,3600000,0.15356922222222222,554105,5.397440288040428e-06,0.0,9,1.0794880576080856e-05,0.0004725244091728957,0.0007232516466932077,6.8486929478299865e-06,1.0482693287494878e-05,0.0,0.0,1.3697385895659973e-05,2.0965386574989755e-05,0.1535683888888889,0.000471825978165256,0.0007221826196406979,0,3,160,128,160,1.0,0.0,554105,0.0,6,0,0,0,2090.288634231896
5,x,6,0.0075,m1,anqi,3000000,0.09497766666666667,284933,0.0,0.0,3,0.0,0.0004516759412577911,0.00039914575449744385,0.0,0.0,0.0,0.0,0.0,0.0,0.09497766666666667,0.0004516759412577911,0.00039914575449744385,0,3,144,112,128,1.0,0.0,284933,0.0,0,0,0,0,1641.5600248679984
5,x,6,0.0075,m1,val,3000000,0.09497766666666667,284933,2.2793093698025792e-05,0.0,3,4.5586187396051585e-05,0.0004516759412577911,0.00039914575449744385,8.986481697074877e-06,7.941348408480344e-06,0.0,0.0,1.7972963394149754e-05,1.5882696816960688e-05,0.09497549999999999,0.0004509239032623241,0.0003984811789783769,0,3,144,112,128,1.0,0.0,284933,0.0,13,0,0,0,1655.6752960359445
5,x,6,0.0075,normal,anqi,3000000,0.06193099999999999,185793,5.411167567626067e-06,5.411167567626067e-06,3,0.0,0.00032792973149746495,0.0002897913042173619,1.060588843254709e-05,9.372417155397246e-06,1.060588843254709e-05,9.372417155397246e-06,0.0,0.0,0.06193066666666667,0.00032857405808195644,0.0002903606952280795,0,3,160,128,160,1.0,0.0,185793,1.0,0,0,0,0,1499.73636699107
5,x,6,0.0075,normal,val,3000000,0.06193099999999999,185793,8.1167513514391e-06,0.0,3,1.62335027028782e-05,0.00032792973149746495,0.0002897913042173619,1.5908832648820638e-05,1.4058625733095868e-05,0.0,0.0,3.1817665297641275e-05,2.8117251466191737e-05,0.0619305,0.00032889623470024276,0.0002906454025096523,0,3,160,128,160,1.0,0.0,185793,0.0,3,0,0,0,1512.3787259759847
5,x,6,0.01,m1,anqi,3000000,0.04420366666666666,132611,0.0,0.0,3,0.0,0.00011758003534236428,0.00010390540569832612,0.0,0.0,0.0,0.0,0.0,0.0,0.04420366666666666,0.00011758003534236428,0.00010390540569832612,0,3,144,112,128,1.0,0.0,132611,0.0,0,0,0,0,1503.822890445008
5,x,6,0.01,m1,val,3000000,0.04420366666666666,132611,0.00010173928335348087,0.0,3,0.00020347856670696173,0.00011758003534236428,0.00010390540569832612,4.593621480903043e-05,4.059380507991764e-05,0.0,0.0,9.187242961806086e-05,8.118761015983528e-05,0.04419916666666667,0.0001155850811211284,0.00010214246586671664,0,3,144,112,128,1.0,0.0,132611,0.0,27,0,0,0,1505.9842235060642
5,x,6,0.01,normal,anqi,3000000,0.025042666666666668,75128,6.658904595177206e-05,6.658904595177206e-05,3,0.0,4.550878205846083e-05,4.02160830182822e-05,6.911729039695707e-05,6.107890747399088e-05,6.911729039695707e-05,6.107890747399088e-05,0.0,0.0,0.025040999999999997,4.6478594356256904e-05,4.107310555582706e-05,0,3,160,128,160,1.0,0.0,75128,5.0,0,0,0,0,1437.1028291470138
5,x,6,0.01,normal,val,3000000,0.025042666666666668,75128,6.65650775533745e-05,0.0,3,0.000133130155106749,4.550878205846083e-05,4.02160830182822e-05,1.317253002608964e-05,1.1640556770109104e-05,0.0,0.0,2.634506005217928e-05,2.328111354021821e-05,0.025040999999999997,4.582307861038383e-05,4.0493826690003806e-05,0,3,160,128,160,1.0,0.0,75128,0.0,10,0,0,0,1451.209293095977
5,x,6,0.05,m1,anqi,3000000,1e-06,3,0.0,0.0,3,0.0,1.1316065276116666e-06,1e-06,0.0,0.0,0.0,0.0,0.0,0.0,1e-06,1.1316065276116666e-06,1e-06,0,3,144,112,128,1.0,0.0,3,0.0,0,0,0,0,1102.4607655020664
5,x,6,0.05,m1,val,3000000,1e-06,3,0.0,0.0,3,0.0,1.1316065276116666e-06,1e-06,0.0,0.0,0.0,0.0,0.0,0.0,1e-06,1.1316065276116666e-06,1e-06,0,3,144,112,128,1.0,0.0,3,0.0,0,0,0,0,1117.5274927429855
5,x,6,0.05,normal,anqi,3000000,0.0,0,0.0,,3,,0.0,0.0,0.0,0.0,,,,,0.0,0.0,0.0,0,3,160,128,160,1.0,0.0,0,0.0,0,0,0,0,1104.8840609209146
5,x,6,0.05,normal,val,3000000,0.0,0,0.0,,3,,0.0,0.0,0.0,0.0,,,,,0.0,0.0,0.0,0,3,160,128,160,1.0,0.0,0,0.0,0,0,0,0,1125.8403003880521
5,x,6,0.1,m1,anqi,3000000,0.0,0,0.0,,3,,0.0,0.0,0.0,0.0,,,,,0.0,0.0,0.0,0,3,144,112,128,1.0,0.0,0,0.0,0,0,0,0,1081.2539186991053
5,x,6,0.1,m1,val,3000000,0.0,0,0.0,,3,,0.0,0.0,0.0,0.0,,,,,0.0,0.0,0.0,0,3,144,112,128,1.0,0.0,0,0.0,0,0,0,0,1064.911906043999
5,x,6,0.1,normal,anqi,3000000,0.0,0,0.0,,3,,0.0,0.0,0.0,0.0,,,,,0.0,0.0,0.0,0,3,160,128,160,1.0,0.0,0,0.0,0,0,0,0,1090.3876246538712
5,x,6,0.1,normal,val,3000000,0.0,0,0.0,,3,,0.0,0.0,0.0,0.0,,,,,0.0,0.0,0.0,0,3,160,128,160,1.0,0.0,0,0.0,0,0,0,0,1092.215023387922
5,x,7,0.0,m1,anqi,1000,1.0,1000,0.0,0.0,1,0.0,0.0,,0.0,,0.0,,0.0,,1.0,0.0,,1,2,112,80,96,1.0,0.0,1000,0.0,0,0,0,0,1.2883617840707302
5,x,7,0.0,m1,val,1000,1.0,1000,0.0,0.0,1,0.0,0.0,,0.0,,0.0,,0.0,,1.0,0.0,,1,2,112,80,96,1.0,0.0,1000,0.0,0,0,0,0,0.8278468979988247
5,x,7,0.0,normal,anqi,1000,1.0,1000,0.0,0.0,1,0.0,0.0,,0.0,,0.0,,0.0,,1.0,0.0,,1,2,128,96,128,1.0,0.0,1000,0.0,0,0,0,0,0.6548908108379692
5,x,7,0.0,normal,val,1000,1.0,1000,0.0,0.0,1,0.0,0.0,,0.0,,0.0,,0.0,,1.0,0.0,,1,2,128,96,128,1.0,0.0,1000,0.0,0,0,0,0,0.665055715944618
5,x,7,0.005,m1,anqi,2500000,0.303347,757256,0.0,0.0,7,0.0,0.0006132760044221539,0.0008278447922165141,0.0,0.0,0.0,0.0,0.0,0.0,0.303347,0.0006132760044221539,0.0008278447922165141,1,2,112,80,96,1.0,0.0,757256,0.0,0,0,0,0,1928.719528438989
5,x,7,0.005,m1,val,2500000,0.303347,757256,5.4258541143948954e-06,0.0,7,1.0851708228789791e-05,0.0006132760044221539,0.0008278447922165141,5.318890228864243e-06,7.179826936952148e-06,0.0,0.0,1.0637780457728485e-05,1.4359653873904296e-05,0.30334535714285715,0.000614244332167582,0.0008291519118093745,1,2,112,80,96,1.0,0.0,757256,0.0,14,0,0,0,1945.2902967832051
5,x,7,0.005,normal,anqi,3600000,0.22559644444444446,812749,1.1789360768067667e-05,1.1789360768067667e-05,9,0.0,0.001035290886912198,0.0015846289085390786,1.0796596510715375e-05,1.6525402822523532e-05,1.0796596510715375e-05,1.6525402822523532e-05,0.0,0.0,0.22559377777777778,0.0010345544049158815,0.0015835016401773696,1,2,128,96,128,1.0,0.0,812749,15.0,0,0,0,0,2631.8560178439366
5,x,7,0.005,normal,val,3600000,0.22559644444444446,812749,1.1049324175295944e-05,6.375312226077612e-06,9,9.34802389843666e-06,0.001035290886912198,0.0015846289085390786,1.0498044856866334e-05,1.6068436005407657e-05,9.457593656789557e-06,1.4475908658351362e-05,9.855833749736802e-06,1.5085459821025716e-05,0.22559394444444447,0.0010345246122152032,0.001583456039104903,1,2,128,96,128,1.0,0.0,812749,4.0,19,0,0,0,2697.489045680035
5,x,7,0.0075,m1,anqi,3000000,0.16773400000000002,503202,0.0,0.0,3,0.0,0.0004497306737741278,0.00039742672280559867,0.0,0.0,0.0,0.0,0.0,0.0,0.16773400000000002,0.0004497306737741278,0.00039742672280559867,1,2,112,80,96,1.0,0.0,503202,0.0,0,0,0,0,2147.8056285730563
5,x,7,0.0075,m1,val,3000000,0.16773400000000002,503202,5.067566417992243e-05,0.0,3,0.00010135132835984486,0.0004497306737741278,0.00039742672280559867,1.3605510104825272e-07,1.2023181002269965e-07,0.0,0.0,2.7211020209650544e-07,2.404636200453993e-07,0.1677255,0.0004497306737741278,0.00039742672280559867,1,2,112,80,96,1.0,0.0,503202,0.0,51,0,0,0,2143.9395397469634
5,x,7,0.0075,normal,anqi,3000000,0.109106,327318,7.638299417356245e-05,7.638299417356245e-05,3,0.0,0.00022699079217742478,0.00020059162494979988,3.334828910833432e-05,2.946986279649533e-05,3.334828910833432e-05,2.946986279649533e-05,0.0,0.0,0.10909766666666666,0.00022747636868719539,0.00020102072861606754,1,2,128,96,128,1.0,0.0,327318,25.0,0,0,0,0,2050.44855058298
5,x,7,0.0075,normal,val,3000000,0.109106,327318,9.625283521178272e-05,2.444071274526934e-05,3,0.00014362424493302676,0.00022699079217742478,0.00020059162494979988,3.11808979029832e-05,2.7554540506931e-05,1.1974220499241733e-05,1.0581611370265024e-05,4.334413053854983e-05,3.830318178707452e-05,0.10909550000000001,0.00022861812818176052,0.00020202970078678746,1,2,128,96,128,1.0,0.0,327318,8.0,47,0,0,0,2065.065732966177
5,x,7,0.01,m1,anqi,3000000,0.09393066666666666,281792,3.5385328535082784e-06,3.5385328535082784e-06,3,0.0,0.0003570255955965969,0.0003155033016203291,6.935524392876226e-06,6.128918686528018e-06,6.935524392876226e-06,6.128918686528018e-06,0.0,0.0,0.09393033333333334,0.0003565410662337622,0.00031507512331717163,1,2,112,80,96,1.0,0.0,281792,1.0,0,0,0,0,2037.381280526868
5,x,7,0.01,m1,val,3000000,0.09393066666666666,281792,0.0001490253201138171,3.5385328535082784e-06,3,0.0002909735745206177,0.0003570255955965969,0.0003155033016203291,3.590608508825029e-05,3.173018554782691e-05,6.935524392876226e-06,6.128918686528018e-06,6.033131034726577e-05,5.3314742249321554e-05,0.09391666666666666,0.0003559965313189251,0.000314593918144216,1,2,112,80,96,1.0,0.0,281792,1.0,82,0,0,0,2051.193893410964
5,x,7,0.01,normal,anqi,3000000,0.053234000000000004,159702,0.0002567715532985349,0.0002567715532985349,3,0.0,0.00013410372900606932,0.00011850738373620421,3.309419274697941e-05,2.924531799655396e-05,3.309419274697941e-05,2.924531799655396e-05,0.0,0.0,0.053220333333333335,0.00013583206952377198,0.00012003471720020464,1,2,128,96,128,1.0,0.0,159702,41.0,0,0,0,0,1949.6270935719367
5,x,7,0.01,normal,val,3000000,0.053234000000000004,159702,0.00026928346826783113,3.760719665276056e-05,3,0.00046335254323014115,0.00013410372900606932,0.00011850738373620421,4.330357771964567e-05,3.826734528568057e-05,4.253681515073771e-05,3.7589757670022095e-05,1.1441517700349818e-05,1.0110862230971686e-05,0.053219666666666665,0.000135382348595052,0.00011963729908909749,1,2,128,96,128,1.0,0.0,159702,6.0,74,0,0,0,1925.9807333679637
5,x,7,0.05,m1,anqi,3000000,3.766666666666667e-05,113,0.036488185017596785,0.036488185017596785,3,0.0,3.6376060503822836e-06,3.2145502536643203e-06,0.02189164222047374,0.01934563091172473,0.02189164222047374,0.01934563091172473,0.0,0.0,3.633333333333333e-05,4.284193169210641e-06,3.7859388972001823e-06,1,2,112,80,96,1.0,0.0,113,4.0,0,0,0,0,1674.5728211549576
5,x,7,0.05,m1,val,3000000,3.766666666666667e-05,113,0.1016214177978884,0.036488185017596785,3,0.13026646556058322,3.6376060503822836e-06,3.2145502536643203e-06,0.027232810081953017,0.02406561770143703,0.02189164222047374,0.01934563091172473,0.06881808188627195,0.060814497095131856,3.3833333333333334e-05,3.3153045779301246e-06,2.929732638541157e-06,1,2,112,80,96,1.0,0.0,113,4.0,15,0,0,0,1664.6351908639772
5,x,7,0.05,normal,anqi,3000000,1.3e-05,39,0.1800976800976801,0.1800976800976801,3,0.0,1.1316065276116662e-06,9.999999999999995e-07,0.05145299145299147,0.04546897724387164,0.05145299145299147,0.04546897724387164,0.0,0.0,1.0666666666666669e-05,1.3066666666666665e-06,1.1547005383792514e-06,1,2,128,96,128,1.0,0.0,39,7.0,0,0,0,0,1682.1303309480427
5,x,7,0.05,normal,val,3000000,1.3e-05,39,0.23260073260073258,0.12667887667887667,3,0.21184371184371184,1.1316065276116662e-06,9.999999999999995e-07,0.05405514996134828,0.04776850313459697,0.042931258942349296,0.037938327408696265,0.14934272926829104,0.13197407899677738,1e-05,1.4969747270189076e-06,1.3228756555322952e-06,1,2,128,96,128,1.0,0.0,39,5.0,8,0,0,0,1705.1679750230396
5,x,7,0.1,m1,anqi,3000000,6.666666666666666e-07,2,0.0,0.0,3,0.0,1.3066666666666667e-06,1.1547005383792516e-06,0.0,0.0,,,,,6.666666666666666e-07,1.3066666666666667e-06,1.1547005383792516e-06,1,2,112,80,96,1.0,0.0,2,0.0,0,0,0,0,1628.673232417903
5,x,7,0.1,m1,val,3000000,6.666666666666666e-07,2,0.0,0.0,3,0.0,1.3066666666666667e-06,1.1547005383792516e-06,0.0,0.0,,,,,6.666666666666666e-07,1.3066666666666667e-06,1.1547005383792516e-06,1,2,112,80,96,1.0,0.0,2,0.0,0,0,0,0,1622.8678278459702
5,x,7,0.1,normal,anqi,3000000,6.666666666666666e-07,2,0.3333333333333333,0.5,3,0.0,6.533333333333334e-07,5.773502691896258e-07,0.6533333333333334,0.5773502691896258,0.8001666493091716,0.7071067811865476,0.0,0.0,3.333333333333333e-07,6.533333333333334e-07,5.773502691896258e-07,1,2,128,96,128,1.0,0.0,2,1.0,0,0,0,0,1675.842035657959
5,x,7,0.1,normal,val,3000000,6.666666666666666e-07,2,0.3333333333333333,0.5,3,0.0,6.533333333333334e-07,5.773502691896258e-07,0.6533333333333334,0.5773502691896258,0.8001666493091716,0.7071067811865476,0.0,0.0,3.333333333333333e-07,6.533333333333334e-07,5.773502691896258e-07,1,2,128,96,128,1.0,0.0,2,1.0,0,0,0,0,1633.2601389309857
5,x,8,0.0,m1,anqi,1000,1.0,1000,0.0,0.0,1,0.0,0.0,,0.0,,0.0,,0.0,,1.0,0.0,,0,3,144,80,128,1.0,0.0,1000,0.0,0,0,0,0,1.472870913799852
5,x,8,0.0,m1,val,1000,1.0,1000,0.0,0.0,1,0.0,0.0,,0.0,,0.0,,0.0,,1.0,0.0,,0,3,144,80,128,1.0,0.0,1000,0.0,0,0,0,0,0.73033316899091
5,x,8,0.0,normal,anqi,1000,1.0,1000,0.0,0.0,1,0.0,0.0,,0.0,,0.0,,0.0,,1.0,0.0,,0,3,160,96,160,1.0,0.0,1000,0.0,0,0,0,0,0.6720520639792085
5,x,8,0.0,normal,val,1000,1.0,1000,0.0,0.0,1,0.0,0.0,,0.0,,0.0,,0.0,,1.0,0.0,,0,3,160,96,160,1.0,0.0,1000,0.0,0,0,0,0,0.61437663808465
<<<<<<< Updated upstream
5,x,8,0.0001,m1,anqi,100000,0.9699500000000001,96995,0.0,0.0,10,0.0,0.0008761733466234649,0.001413624183909362,0.0,0.0,0.0,0.0,0.0,0.0,0.9699500000000001,0.0008761733466234649,0.001413624183909362,0,3,144,80,128,1.0,0.0,96995,0.0,0,0,0,0,123.13196393637918
5,x,8,0.0001,m1,val,700000,0.97002625,679087,3.5425961051622334e-06,0.0,16,7.085192210324467e-06,0.0005584162197680227,0.0011396249383020872,6.301317558647725e-06,1.2859831752342295e-05,0.0,0.0,1.260263511729545e-05,2.571966350468459e-05,0.9700228125,0.0005579649089828629,0.0011387038958833938,0,3,144,80,128,1.0,0.0,679087,0.0,2,0,0,0,364.66658524237573
5,x,8,0.0001,normal,anqi,100000,0.9633100000000001,96331,0.0,0.0,10,0.0,0.0012982935055936657,0.002094675790347214,0.0,0.0,0.0,0.0,0.0,0.0,0.9633100000000001,0.0012982935055936657,0.002094675790347214,0,3,160,96,160,1.0,0.0,96331,0.0,0,0,0,0,143.6946647290606
5,x,8,0.0001,normal,val,700000,0.96366875,674891,0.0,0.0,16,0.0,0.0008384698013842547,0.001711162859967867,0.0,0.0,0.0,0.0,0.0,0.0,0.96366875,0.0008384698013842547,0.001711162859967867,0,3,160,96,160,1.0,0.0,674891,0.0,0,0,0,0,350.5255216259975
5,x,8,0.00025,m1,anqi,100000,0.92709,92709,0.0,0.0,10,0.0,0.0014775881188236707,0.0023839509689215894,0.0,0.0,0.0,0.0,0.0,0.0,0.92709,0.0014775881188236707,0.0023839509689215894,0,3,144,80,128,1.0,0.0,92709,0.0,0,0,0,0,128.76165692298673
5,x,8,0.00025,m1,val,700000,0.92690375,648665,3.71097067143137e-06,0.0,16,7.42194134286274e-06,0.000949964766276452,0.0019387036046458203,3.3068112950196425e-06,6.748594479631924e-06,0.0,0.0,6.613622590039285e-06,1.3497188959263848e-05,0.9269003124999999,0.0009505214741513913,0.0019398397431661047,0,3,144,80,128,1.0,0.0,648665,0.0,11,0,0,0,358.65708878287114
5,x,8,0.00025,normal,anqi,100000,0.9133100000000001,91331,1.0936132983377079e-05,1.0936132983377079e-05,10,0.0,0.0007732828604218508,0.0012476199563791438,2.143482064741907e-05,3.4583089021963904e-05,2.143482064741907e-05,3.4583089021963904e-05,0.0,0.0,0.9132999999999999,0.0007674928881320898,0.0012382783747337841,0,3,160,96,160,1.0,0.0,91331,1.0,0,0,0,0,141.75047977478243
5,x,8,0.00025,normal,val,700000,0.913309375,639316,1.0602563800130434e-05,0.0,16,2.1205127600260867e-05,0.0005571006760825919,0.0011369401552705956,8.998272396385607e-06,1.8363821217113483e-05,0.0,0.0,1.7996544792771214e-05,3.672764243422697e-05,0.9132996875,0.0005554422290598032,0.0011335555695098024,0,3,160,96,160,1.0,0.0,639316,0.0,13,0,0,0,382.4594967626035
5,x,8,0.0005,m1,anqi,100000,0.85814,85814,0.0,0.0,10,0.0,0.002162562940381435,0.003489094119936865,0.0,0.0,0.0,0.0,0.0,0.0,0.85814,0.002162562940381435,0.003489094119936865,0,3,144,80,128,1.0,0.0,85814,0.0,0,0,0,0,129.4308607187122
5,x,8,0.0005,m1,val,700000,0.85876875,601704,2.8764415200136084e-05,0.0,16,5.752883040027217e-05,0.001399253177889305,0.0028556187303863372,1.9007707770234127e-05,3.8791240347416586e-05,0.0,0.0,3.8015415540468254e-05,7.758248069483317e-05,0.8587440625,0.0014015676689834026,0.002860342181598781,0,3,144,80,128,1.0,0.0,601704,0.0,34,0,0,0,368.67681803693995
5,x,8,0.0005,normal,anqi,100000,0.8327199999999999,83272,0.0,0.0,10,0.0,0.001829519990477188,0.002951760303427285,0.0,0.0,0.0,0.0,0.0,0.0,0.8327199999999999,0.001829519990477188,0.002951760303427285,0,3,160,96,160,1.0,0.0,83272,0.0,0,0,0,0,141.00805787998252
5,x,8,0.0005,normal,val,700000,0.833110625,583529,1.6513224481901115e-05,0.0,16,3.302644896380223e-05,0.0011633835168557692,0.0023742520752158556,1.0287003497386883e-05,2.099388468854466e-05,0.0,0.0,2.0574006994773765e-05,4.198776937708932e-05,0.833096875,0.0011647541097981543,0.0023770492036697026,0,3,160,96,160,1.0,0.0,583529,0.0,26,0,0,0,337.78718865592964
5,x,8,0.00075,m1,anqi,2100000,0.7957870833333334,1673500,0.0,0.0,12,0.0,0.001673858629325875,0.002958375704775526,0.0,0.0,0.0,0.0,0.0,0.0,0.7957870833333334,0.001673858629325875,0.002958375704775526,0,3,144,80,128,1.0,0.0,1673500,0.0,0,0,0,0,1991.7229648219654
5,x,8,0.00075,m1,val,2700000,0.7960119444444445,2151377,8.367912603964198e-05,0.0,18,0.00016735825207928395,0.0011262575227766623,0.002437911219544103,2.2053266662005998e-05,4.773677878781528e-05,0.0,0.0,4.4106533324011995e-05,9.547355757563056e-05,0.7959453611111111,0.0011304398439512546,0.0024469643246369226,0,3,144,80,128,1.0,0.0,2151377,0.0,282,0,0,0,2219.854764323216
5,x,8,0.00075,normal,anqi,2100000,0.7612015,1600617,8.723316052351639e-05,8.723316052351639e-05,12,0.0,0.002871561083805164,0.005075193565498056,4.5619656033337807e-05,8.062812456485423e-05,4.5619656033337807e-05,8.062812456485423e-05,0.0,0.0,0.7611349166666667,0.0028546229525793785,0.005045257132979352,0,3,160,96,160,1.0,0.0,1600617,106.0,0,0,0,0,1961.291148776887
5,x,8,0.00075,normal,val,2700000,0.7614665555555555,2057815,6.93071487780532e-05,7.286614765567014e-08,18,0.00013846856526079503,0.0019109169944619463,0.004136394995108138,2.291305623586571e-05,4.959789012884496e-05,1.4281764940511346e-07,3.0914488275758765e-07,4.580219238137028e-05,9.914400252880944e-05,0.7614136666666667,0.001900578188321698,0.0041140154851148445,0,3,160,96,160,1.0,0.0,2057815,1.0,291,0,0,0,2250.713206196786
5,x,8,0.001,m1,anqi,13000000,0.7389340769230769,9606143,2.0822441853601762e-07,2.0822441853601762e-07,13,0.0,0.0002199415540618759,0.0004045972197833309,2.7629849545693335e-07,5.082695881140446e-07,2.7629849545693335e-07,5.082695881140446e-07,0.0,0.0,0.738933923076923,0.00021996092306350286,0.0004046328503591067,0,3,144,80,128,1.0,0.0,9606143,2.0,0,0,0,0,11455.56246487936
5,x,8,0.001,m1,val,32600000,0.7388188157894737,24089735,0.0001274606138621097,2.849860246960196e-07,38,0.0002543512556748274,0.00020249223793204548,0.0006368601974494014,4.327933831926759e-06,1.3611824447679845e-05,2.2728292920303535e-07,7.14829628272958e-07,8.584881400422111e-06,2.7000389346219377e-05,0.7387246447368421,0.00020220846874678528,0.0006359677123783662,0,3,144,80,128,1.0,0.0,24089735,8.0,6124,0,0,0,23134.320161162294
5,x,8,0.001,normal,anqi,13000000,0.6957963846153846,9045353,0.00012547711521004206,0.00012547711521004206,13,0.0,0.00024343873904668313,0.0004478218653403641,7.190150468496373e-06,1.32267633635026e-05,7.190150468496373e-06,1.32267633635026e-05,0.0,0.0,0.6957090769230769,0.00024238573145588332,0.0004458847873495062,0,3,160,96,160,1.0,0.0,9045353,1135.0,0,0,0,0,11313.961422941764
5,x,8,0.001,normal,val,32600000,0.6957256052631579,22681243,0.00012898651333203572,5.673768787080893e-07,38,0.00025683827290665524,0.0002615875924310292,0.0008227215396861111,4.851925873321394e-06,1.5259836630035653e-05,3.281678920264974e-07,1.032123851496404e-06,9.744774903865893e-06,3.0648381057740594e-05,0.6956358684210526,0.0002622269335417417,0.0008247323372858814,0,3,160,96,160,1.0,0.0,22681243,15.0,5674,0,0,0,22646.752474213252
5,x,8,0.0025,m1,anqi,13000000,0.47017269230769226,6112245,6.870633411340201e-06,6.870633411340201e-06,13,0.0,0.0002397256450434907,0.00044099138022856403,2.1704285982141733e-06,3.992648775813587e-06,2.1704285982141733e-06,3.992648775813587e-06,0.0,0.0,0.47016946153846156,0.0002394844535626986,0.0004405476923452982,0,3,144,80,128,1.0,0.0,6112245,42.0,0,0,0,0,10101.518176209996
5,x,8,0.0025,m1,val,32000000,0.470136125,15044356,0.0007937557835569569,8.175456793436463e-06,32,0.001571160653527041,0.00013548274191666377,0.0003910235328286525,1.0817564703452346e-05,3.122111574585877e-05,1.5215112189518018e-06,4.3913097982539955e-06,2.231219873001534e-05,6.439635520479887e-05,0.469762953125,0.00013606804366915977,0.0003927128015561231,0,3,144,80,128,1.0,0.0,15044356,123.0,23637,0,0,0,20395.874574221787
5,x,8,0.0025,normal,anqi,13000000,0.4053514615384615,5269569,0.0008013778303062376,0.0008013778303062376,13,0.0,0.00023600717935791144,0.0004341510135472327,1.8629844502010718e-05,3.427084673771456e-05,1.8629844502010718e-05,3.427084673771456e-05,0.0,0.0,0.4050266153846154,0.00023235424223375377,0.00042743119104356105,0,3,160,96,160,1.0,0.0,5269569,4223.0,0,0,0,0,9623.235176376533
5,x,8,0.0025,normal,val,32000000,0.40517790625,12965693,0.0007986812197212282,1.419115473606672e-05,32,0.001568980129970323,0.00016968631464252983,0.0004897401786052531,9.227272306711646e-06,2.6631293142574047e-05,2.35001775937111e-06,6.782504055347461e-06,1.7999856679505443e-05,5.1950288646792946e-05,0.404854296875,0.0001691815252853279,0.0004882832807377091,0,3,160,96,160,1.0,0.0,12965693,184.0,20343,0,0,0,19933.223343377933
5,x,8,0.005,m1,anqi,15500000,0.22212869999999998,3442269,6.617506425353809e-05,6.617506425353809e-05,20,0.0,0.00018811949004709713,0.00042923262003867794,1.242851730989452e-05,2.835817302495609e-05,1.242851730989452e-05,2.835817302495609e-05,0.0,0.0,0.222114,0.00018797868786255204,0.0004289113514100827,0,3,144,80,128,1.0,0.0,3442269,213.0,0,0,0,0,10006.646989896894
5,x,8,0.005,m1,val,15500000,0.22212869999999998,3442269,0.003166789859926041,6.640121656812588e-05,20,0.00620077728671583,0.00018811949004709713,0.00042923262003867794,6.8235235303854e-05,0.00015569247408174597,1.0831970796380808e-05,2.4715329623469405e-05,0.00013073553263870318,0.0002982995286273294,0.221425275,0.00019048603729172601,0.00043463237566210137,0,3,144,80,128,1.0,0.0,3442269,214.0,21391,0,0,0,10158.729199868627
5,x,8,0.005,normal,anqi,16600000,0.16614563636363636,2759047,0.003467418722768638,0.003467418722768638,22,0.0,0.0003051484670017186,0.0007302414177096024,0.00012056736305130617,0.00028852605090622427,0.00012056736305130617,0.00028852605090622427,0.0,0.0,0.16556954545454544,0.00030534049345484483,0.0007307009503126873,0,3,160,96,160,1.0,0.0,2759047,9470.0,0,0,0,0,10107.078215373564
5,x,8,0.005,normal,val,16600000,0.16614563636363636,2759047,0.0034434104036256586,0.0001841352002339614,22,0.006518550406783396,0.0003051484670017186,0.0007302414177096024,8.380850641040982e-05,0.00020055956085441285,3.413239177930111e-05,8.168117771535795e-05,0.00020288641543728006,0.00048552124511280716,0.1655735681818182,0.0003083279191663702,0.0007378500669650548,0,3,160,96,160,1.0,0.0,2759047,466.0,17867,0,0,0,10205.259302336606
5,x,8,0.0075,m1,anqi,14000000,0.10566164285714286,1479263,0.00025688175236004523,0.00025688175236004523,14,0.0,0.0001307953757121878,0.00024968953249458184,2.0997472912172722e-05,4.0084362053784086e-05,2.0997472912172722e-05,4.0084362053784086e-05,0.0,0.0,0.10563449999999999,0.00013070677140954715,0.00024952038609484954,0,3,144,80,128,1.0,0.0,1479263,380.0,0,0,0,0,8117.041189212119
5,x,8,0.0075,m1,val,14000000,0.10566164285714286,1479263,0.007299403678499169,0.00025688033063064094,14,0.014085046695737055,0.0001307953757121878,0.00024968953249458184,0.0001072095885244698,0.00020466405552835572,2.117346468129263e-05,4.042033190222231e-05,0.0002041550356188878,0.00038973377401556563,0.10489035714285713,0.00012580429673474206,0.00024016151845175944,0,3,144,80,128,1.0,0.0,1479263,380.0,20836,0,0,0,8100.324343079585
5,x,8,0.0075,normal,anqi,14000000,0.06906928571428571,966970,0.00804870797512078,0.00804870797512078,14,0.0,0.00018683085035976502,0.00035666175067646514,0.0001731039194037228,0.0003304569177124798,0.0001731039194037228,0.0003304569177124798,0.0,0.0,0.06851335714285714,0.00018460140086142365,0.0003524057118071241,0,3,160,96,160,1.0,0.0,966970,7783.0,0,0,0,0,7596.359677712782
5,x,8,0.0075,normal,val,14000000,0.06906928571428571,966970,0.008121753909127193,0.0007892189583687993,14,0.014665069901516786,0.00018683085035976502,0.00035666175067646514,0.0001409048637134758,0.00026898863476831745,5.171683313808156e-05,9.872789323043786e-05,0.00026783618314274227,0.0005113016495415203,0.06850832142857143,0.00018550193946736336,0.00035412484799436357,0,3,160,96,160,1.0,0.0,966970,763.0,14181,0,0,0,7612.471089567523
5,x,8,0.01,m1,anqi,14000000,0.05052971428571429,707416,0.0006729978013316219,0.0006729978013316219,14,0.0,0.00011830995952614038,0.00022585476223974959,4.921945122523548e-05,9.396036900503165e-05,4.921945122523548e-05,9.396036900503165e-05,0.0,0.0,0.05049571428571429,0.00011905621477656226,0.0002272793701326883,0,3,144,80,128,1.0,0.0,707416,476.0,0,0,0,0,7463.104068611166
5,x,8,0.01,m1,val,14000000,0.05052971428571429,707416,0.013059728427707763,0.0006743749545254743,14,0.024770706946364577,0.00011830995952614038,0.00022585476223974959,0.00019477409800666606,0.0003718254808973845,4.637199265293961e-05,8.85245453312747e-05,0.0003639628789631828,0.0006948083645837259,0.04986978571428572,0.00011405864658822801,0.00021773896812871517,0,3,144,80,128,1.0,0.0,707416,477.0,17524,0,0,0,7354.58199933765
5,x,8,0.01,normal,anqi,14000000,0.02934914285714286,410888,0.015576911778551012,0.015576911778551012,14,0.0,8.625783032460086e-05,0.00016466696326588576,0.0003760493078460782,0.0007178814645375033,0.0003760493078460782,0.0007178814645375033,0.0,0.0,0.028891928571428572,8.097294381933502e-05,0.00015457806804614603,0,3,160,96,160,1.0,0.0,410888,6401.0,0,0,0,0,6949.627196647925
5,x,8,0.01,normal,val,14000000,0.02934914285714286,410888,0.015721081081085504,0.002477703883843677,14,0.026486754394483652,8.625783032460086e-05,0.00016466696326588576,0.0002857387515529326,0.0005454778114467317,0.0001577837140338386,0.0003012105097588467,0.0005214530696451476,0.0009954585356600576,0.028887714285714287,8.241210964041999e-05,0.00015732544836515378,0,3,160,96,160,1.0,0.0,410888,1018.0,10884,0,0,0,6975.8726376941195
5,x,8,0.05,m1,anqi,14000000,4.071428571428571e-06,57,0.09642857142857143,0.09642857142857143,14,0.0,1.3230384609794113e-06,2.5256921584232865e-06,0.07369845004110695,0.1406909948929072,0.07369845004110695,0.1406909948929072,0.0,0.0,3.5e-06,1.0221696381867198e-06,1.951330906763973e-06,0,3,144,80,128,1.0,0.0,57,8.0,0,0,0,0,5237.600439876202
5,x,8,0.05,m1,val,14000000,4.071428571428571e-06,57,0.39634353741496603,0.09285714285714286,14,0.6069727891156462,1.3230384609794113e-06,2.5256921584232865e-06,0.07652513413151363,0.14608715989645135,0.08273405028718875,0.1579400359157074,0.13385708030850643,0.25553435372873257,2.4642857142857143e-06,8.562215744860583e-07,1.6345345810668237e-06,0,3,144,80,128,1.0,0.0,57,8.0,29,0,0,0,5245.104181750095
5,x,8,0.05,normal,anqi,14000000,1.7857142857142855e-06,25,0.5,0.5384615384615384,14,0.0,5.50496279593381e-07,1.05090228108783e-06,0.2322539135125183,0.4433747811741175,0.22864957201059177,0.4364940612735362,0.0,0.0,1e-06,6.163914839924879e-07,1.1766968108291042e-06,0,3,160,96,160,1.0,0.0,25,11.0,0,0,0,0,5170.103909205063
5,x,8,0.05,normal,val,14000000,1.7857142857142855e-06,25,0.4613095238095238,0.11538461538461539,14,0.7628205128205128,5.50496279593381e-07,1.05090228108783e-06,0.11111637273866659,0.21212214124957066,0.15692559072898538,0.29957234475763905,0.1967166385881883,0.3755338080994054,9.642857142857142e-07,3.769615364994153e-07,7.196229171289244e-07,0,3,160,96,160,1.0,0.0,25,2.0,19,0,0,0,5094.242154911975
=======
5,x,8,0.0001,m1,anqi,100000,0.9699500000000001,96995,0.0,0.0,10,0.0,0.0008761733466234617,0.0014136241839093565,0.0,0.0,0.0,0.0,0.0,0.0,0.9699500000000001,0.0008761733466234617,0.0014136241839093565,0,3,144,80,128,1.0,0.0,96995,0.0,0,0,0,0,123.13196393637918
5,x,8,0.0001,m1,val,700000,0.97002625,679087,3.5425961051622334e-06,0.0,16,7.085192210324467e-06,0.000558416219768014,0.0011396249383020694,6.301317558647724e-06,1.2859831752342294e-05,0.0,0.0,1.2602635117295448e-05,2.5719663504684587e-05,0.9700228125,0.0005579649089828643,0.0011387038958833966,0,3,144,80,128,1.0,0.0,679087,0.0,2,0,0,0,364.66658524237573
5,x,8,0.0001,normal,anqi,100000,0.9633100000000001,96331,0.0,0.0,10,0.0,0.001298293505593676,0.0020946757903472306,0.0,0.0,0.0,0.0,0.0,0.0,0.9633100000000001,0.001298293505593676,0.0020946757903472306,0,3,160,96,160,1.0,0.0,96331,0.0,0,0,0,0,143.6946647290606
5,x,8,0.0001,normal,val,700000,0.96366875,674891,0.0,0.0,16,0.0,0.000838469801384248,0.0017111628599678532,0.0,0.0,0.0,0.0,0.0,0.0,0.96366875,0.000838469801384248,0.0017111628599678532,0,3,160,96,160,1.0,0.0,674891,0.0,0,0,0,0,350.5255216259975
5,x,8,0.00025,m1,anqi,100000,0.92709,92709,0.0,0.0,10,0.0,0.0014775881188236765,0.002383950968921599,0.0,0.0,0.0,0.0,0.0,0.0,0.92709,0.0014775881188236765,0.002383950968921599,0,3,144,80,128,1.0,0.0,92709,0.0,0,0,0,0,128.76165692298673
5,x,8,0.00025,m1,val,700000,0.92690375,648665,3.71097067143137e-06,0.0,16,7.42194134286274e-06,0.0009499647662764535,0.0019387036046458236,3.3068112950196425e-06,6.748594479631924e-06,0.0,0.0,6.613622590039285e-06,1.3497188959263848e-05,0.9269003124999999,0.0009505214741513782,0.001939839743166078,0,3,144,80,128,1.0,0.0,648665,0.0,11,0,0,0,358.65708878287114
5,x,8,0.00025,normal,anqi,100000,0.9133100000000001,91331,1.0936132983377079e-05,1.0936132983377079e-05,10,0.0,0.0007732828604218744,0.001247619956379182,2.143482064741907e-05,3.4583089021963904e-05,2.143482064741907e-05,3.4583089021963904e-05,0.0,0.0,0.9132999999999999,0.0007674928881320944,0.0012382783747337915,0,3,160,96,160,1.0,0.0,91331,1.0,0,0,0,0,141.75047977478243
5,x,8,0.00025,normal,val,700000,0.913309375,639316,1.0602563800130432e-05,0.0,16,2.1205127600260864e-05,0.0005571006760825836,0.0011369401552705789,8.998272396385608e-06,1.8363821217113487e-05,0.0,0.0,1.7996544792771217e-05,3.6727642434226974e-05,0.9132996875,0.0005554422290597954,0.0011335555695097866,0,3,160,96,160,1.0,0.0,639316,0.0,13,0,0,0,382.4594967626035
5,x,8,0.0005,m1,anqi,100000,0.85814,85814,0.0,0.0,10,0.0,0.002162562940381431,0.0034890941199368585,0.0,0.0,0.0,0.0,0.0,0.0,0.85814,0.002162562940381431,0.0034890941199368585,0,3,144,80,128,1.0,0.0,85814,0.0,0,0,0,0,129.4308607187122
5,x,8,0.0005,m1,val,700000,0.85876875,601704,2.8764415200136084e-05,0.0,16,5.752883040027217e-05,0.0013992531778893116,0.0028556187303863502,1.9007707770234127e-05,3.8791240347416586e-05,0.0,0.0,3.8015415540468254e-05,7.758248069483317e-05,0.8587440625,0.0014015676689834145,0.002860342181598805,0,3,144,80,128,1.0,0.0,601704,0.0,34,0,0,0,368.67681803693995
5,x,8,0.0005,normal,anqi,100000,0.8327199999999999,83272,0.0,0.0,10,0.0,0.001829519990477178,0.002951760303427269,0.0,0.0,0.0,0.0,0.0,0.0,0.8327199999999999,0.001829519990477178,0.002951760303427269,0,3,160,96,160,1.0,0.0,83272,0.0,0,0,0,0,141.00805787998252
5,x,8,0.0005,normal,val,700000,0.833110625,583529,1.6513224481901115e-05,0.0,16,3.302644896380223e-05,0.0011633835168557666,0.0023742520752158503,1.0287003497386883e-05,2.099388468854466e-05,0.0,0.0,2.0574006994773765e-05,4.198776937708932e-05,0.833096875,0.0011647541097981582,0.002377049203669711,0,3,160,96,160,1.0,0.0,583529,0.0,26,0,0,0,337.78718865592964
5,x,8,0.00075,m1,anqi,2100000,0.7957870833333334,1673500,0.0,0.0,12,0.0,0.001673858629325874,0.0029583757047755245,0.0,0.0,0.0,0.0,0.0,0.0,0.7957870833333334,0.001673858629325874,0.0029583757047755245,0,3,144,80,128,1.0,0.0,1673500,0.0,0,0,0,0,1991.7229648219654
5,x,8,0.00075,m1,val,2700000,0.7960119444444445,2151377,8.367912603964198e-05,0.0,18,0.00016735825207928395,0.0011262575227766732,0.002437911219544127,2.2053266662005998e-05,4.773677878781528e-05,0.0,0.0,4.4106533324011995e-05,9.547355757563056e-05,0.7959453611111111,0.0011304398439512442,0.0024469643246369,0,3,144,80,128,1.0,0.0,2151377,0.0,282,0,0,0,2219.854764323216
5,x,8,0.00075,normal,anqi,2100000,0.7612015,1600617,8.723316052351639e-05,8.723316052351639e-05,12,0.0,0.0028715610838051637,0.005075193565498055,4.56196560333378e-05,8.062812456485421e-05,4.56196560333378e-05,8.062812456485421e-05,0.0,0.0,0.7611349166666667,0.002854622952579364,0.005045257132979327,0,3,160,96,160,1.0,0.0,1600617,106.0,0,0,0,0,1961.291148776887
5,x,8,0.00075,normal,val,2700000,0.7614665555555555,2057815,6.93071487780532e-05,7.286614765567014e-08,18,0.00013846856526079503,0.001910916994461941,0.004136394995108127,2.2913056235865715e-05,4.959789012884497e-05,1.428176494051135e-07,3.091448827575877e-07,4.580219238137029e-05,9.914400252880945e-05,0.7614136666666667,0.0019005781883217083,0.004114015485114866,0,3,160,96,160,1.0,0.0,2057815,1.0,291,0,0,0,2250.713206196786
5,x,8,0.001,m1,anqi,13000000,0.7389340769230769,9606143,2.0822441853601762e-07,2.0822441853601762e-07,13,0.0,0.0002199415540618678,0.00040459721978331603,2.7629849545693335e-07,5.082695881140446e-07,2.7629849545693335e-07,5.082695881140446e-07,0.0,0.0,0.738933923076923,0.0002199609230635054,0.0004046328503591114,0,3,144,80,128,1.0,0.0,9606143,2.0,0,0,0,0,11455.56246487936
5,x,8,0.001,m1,val,32600000,0.7388188157894737,24089735,0.0001274606138621097,2.849860246960196e-07,38,0.0002543512556748274,0.00020249223793204318,0.0006368601974493942,4.327933831926759e-06,1.3611824447679843e-05,2.2728292920303535e-07,7.14829628272958e-07,8.584881400422113e-06,2.7000389346219384e-05,0.7387246447368421,0.00020220846874679263,0.0006359677123783893,0,3,144,80,128,1.0,0.0,24089735,8.0,6124,0,0,0,23134.320161162294
5,x,8,0.001,normal,anqi,13000000,0.6957963846153846,9045353,0.00012547711521004206,0.00012547711521004206,13,0.0,0.00024343873904668296,0.00044782186534036376,7.1901504684963695e-06,1.3226763363502594e-05,7.1901504684963695e-06,1.3226763363502594e-05,0.0,0.0,0.6957090769230769,0.00024238573145590823,0.00044588478734955195,0,3,160,96,160,1.0,0.0,9045353,1135.0,0,0,0,0,11313.961422941764
5,x,8,0.001,normal,val,32600000,0.6957256052631579,22681243,0.00012898651333203572,5.673768787080893e-07,38,0.00025683827290665524,0.0002615875924310198,0.0008227215396860815,4.851925873321395e-06,1.5259836630035657e-05,3.281678920264974e-07,1.032123851496404e-06,9.744774903865893e-06,3.0648381057740594e-05,0.6956358684210526,0.0002622269335417432,0.0008247323372858862,0,3,160,96,160,1.0,0.0,22681243,15.0,5674,0,0,0,22646.752474213252
5,x,8,0.0025,m1,anqi,13000000,0.47017269230769226,6112245,6.870633411340201e-06,6.870633411340201e-06,13,0.0,0.00023972564504349246,0.0004409913802285672,2.1704285982141725e-06,3.992648775813586e-06,2.1704285982141725e-06,3.992648775813586e-06,0.0,0.0,0.47016946153846156,0.00023948445356269908,0.0004405476923452991,0,3,144,80,128,1.0,0.0,6112245,42.0,0,0,0,0,10101.518176209996
5,x,8,0.0025,m1,val,32000000,0.470136125,15044356,0.0007937557835569569,8.175456793436463e-06,32,0.001571160653527041,0.00013548274191666526,0.00039102353282865685,1.0817564703452346e-05,3.122111574585877e-05,1.5215112189518014e-06,4.391309798253995e-06,2.2312198730015336e-05,6.439635520479885e-05,0.469762953125,0.000136068043669153,0.0003927128015561036,0,3,144,80,128,1.0,0.0,15044356,123.0,23637,0,0,0,20395.874574221787
5,x,8,0.0025,normal,anqi,13000000,0.4053514615384615,5269569,0.0008013778303062376,0.0008013778303062376,13,0.0,0.0002360071793579163,0.0004341510135472416,1.862984450201072e-05,3.4270846737714567e-05,1.862984450201072e-05,3.4270846737714567e-05,0.0,0.0,0.4050266153846154,0.00023235424223375562,0.0004274311910435644,0,3,160,96,160,1.0,0.0,5269569,4223.0,0,0,0,0,9623.235176376533
5,x,8,0.0025,normal,val,32000000,0.40517790625,12965693,0.0007986812197212282,1.419115473606672e-05,32,0.001568980129970323,0.0001696863146425377,0.0004897401786052758,9.227272306711649e-06,2.663129314257406e-05,2.3500177593711094e-06,6.78250405534746e-06,1.7999856679505422e-05,5.1950288646792885e-05,0.404854296875,0.00016918152528532917,0.0004882832807377128,0,3,160,96,160,1.0,0.0,12965693,184.0,20343,0,0,0,19933.223343377933
5,x,8,0.005,m1,anqi,15500000,0.22212869999999998,3442269,6.617506425353809e-05,6.617506425353809e-05,20,0.0,0.00018811949004709664,0.00042923262003867675,1.2428517309894516e-05,2.8358173024956083e-05,1.2428517309894516e-05,2.8358173024956083e-05,0.0,0.0,0.222114,0.00018797868786255096,0.0004289113514100802,0,3,144,80,128,1.0,0.0,3442269,213.0,0,0,0,0,10006.646989896894
5,x,8,0.005,m1,val,15500000,0.22212869999999998,3442269,0.003166789859926041,6.640121656812588e-05,20,0.00620077728671583,0.00018811949004709664,0.00042923262003867675,6.823523530385404e-05,0.00015569247408174605,1.0831970796380808e-05,2.4715329623469412e-05,0.000130735532638703,0.00029829952862732895,0.221425275,0.00019048603729172593,0.0004346323756621012,0,3,144,80,128,1.0,0.0,3442269,214.0,21391,0,0,0,10158.729199868627
5,x,8,0.005,normal,anqi,16600000,0.16614563636363636,2759047,0.003467418722768638,0.003467418722768638,22,0.0,0.0003051484670017165,0.0007302414177095975,0.00012056736305130617,0.0002885260509062242,0.00012056736305130617,0.0002885260509062242,0.0,0.0,0.16556954545454544,0.00030534049345484765,0.000730700950312694,0,3,160,96,160,1.0,0.0,2759047,9470.0,0,0,0,0,10107.078215373564
5,x,8,0.005,normal,val,16600000,0.16614563636363636,2759047,0.0034434104036256586,0.0001841352002339614,22,0.006518550406783396,0.0003051484670017165,0.0007302414177095975,8.380850641040982e-05,0.00020055956085441285,3.413239177930112e-05,8.168117771535798e-05,0.00020288641543728003,0.0004855212451128071,0.1655735681818182,0.00030832791916637203,0.0007378500669650592,0,3,160,96,160,1.0,0.0,2759047,466.0,17867,0,0,0,10205.259302336606
5,x,8,0.0075,m1,anqi,14000000,0.10566164285714286,1479263,0.00025688175236004523,0.00025688175236004523,14,0.0,0.0001307953757121879,0.00024968953249458205,2.0997472912172732e-05,4.008436205378411e-05,2.0997472912172732e-05,4.008436205378411e-05,0.0,0.0,0.10563449999999999,0.0001307067714095471,0.00024952038609484943,0,3,144,80,128,1.0,0.0,1479263,380.0,0,0,0,0,8117.041189212119
5,x,8,0.0075,m1,val,14000000,0.10566164285714286,1479263,0.007299403678499169,0.00025688033063064094,14,0.014085046695737055,0.0001307953757121879,0.00024968953249458205,0.00010720958852446975,0.00020466405552835564,2.1173464681292636e-05,4.042033190222232e-05,0.0002041550356188878,0.00038973377401556563,0.10489035714285713,0.00012580429673474065,0.00024016151845175675,0,3,144,80,128,1.0,0.0,1479263,380.0,20836,0,0,0,8100.324343079585
5,x,8,0.0075,normal,anqi,14000000,0.06906928571428571,966970,0.00804870797512078,0.00804870797512078,14,0.0,0.00018683085035976632,0.00035666175067646763,0.00017310391940372289,0.00033045691771248,0.00017310391940372289,0.00033045691771248,0.0,0.0,0.06851335714285714,0.0001846014008614224,0.00035240571180712173,0,3,160,96,160,1.0,0.0,966970,7783.0,0,0,0,0,7596.359677712782
5,x,8,0.0075,normal,val,14000000,0.06906928571428571,966970,0.008121753909127193,0.0007892189583687993,14,0.014665069901516786,0.00018683085035976632,0.00035666175067646763,0.00014090486371347551,0.0002689886347683169,5.171683313808158e-05,9.87278932304379e-05,0.0002678361831427419,0.0005113016495415196,0.06850832142857143,0.000185501939467365,0.00035412484799436677,0,3,160,96,160,1.0,0.0,966970,763.0,14181,0,0,0,7612.471089567523
5,x,8,0.01,m1,anqi,14000000,0.05052971428571429,707416,0.0006729978013316219,0.0006729978013316219,14,0.0,0.00011830995952614018,0.0002258547622397492,4.921945122523547e-05,9.396036900503164e-05,4.921945122523547e-05,9.396036900503164e-05,0.0,0.0,0.05049571428571429,0.00011905621477656271,0.00022727937013268916,0,3,144,80,128,1.0,0.0,707416,476.0,0,0,0,0,7463.104068611166
5,x,8,0.01,m1,val,14000000,0.05052971428571429,707416,0.013059728427707763,0.0006743749545254743,14,0.024770706946364577,0.00011830995952614018,0.0002258547622397492,0.0001947740980066658,0.00037182548089738403,4.637199265293961e-05,8.85245453312747e-05,0.00036396287896318306,0.0006948083645837265,0.04986978571428572,0.0001140586465882288,0.00021773896812871666,0,3,144,80,128,1.0,0.0,707416,477.0,17524,0,0,0,7354.58199933765
5,x,8,0.01,normal,anqi,14000000,0.02934914285714286,410888,0.015576911778551012,0.015576911778551012,14,0.0,8.625783032460102e-05,0.00016466696326588605,0.0003760493078460782,0.0007178814645375033,0.0003760493078460782,0.0007178814645375033,0.0,0.0,0.028891928571428572,8.097294381933503e-05,0.00015457806804614605,0,3,160,96,160,1.0,0.0,410888,6401.0,0,0,0,0,6949.627196647925
5,x,8,0.01,normal,val,14000000,0.02934914285714286,410888,0.015721081081085504,0.002477703883843677,14,0.026486754394483652,8.625783032460102e-05,0.00016466696326588605,0.0002857387515529323,0.0005454778114467313,0.0001577837140338386,0.0003012105097588467,0.0005214530696451479,0.0009954585356600583,0.028887714285714287,8.241210964042029e-05,0.00015732544836515435,0,3,160,96,160,1.0,0.0,410888,1018.0,10884,0,0,0,6975.8726376941195
5,x,8,0.05,m1,anqi,14000000,4.071428571428572e-06,57,0.09642857142857143,0.09642857142857143,14,0.0,1.3230384609794115e-06,2.525692158423287e-06,0.07369845004110695,0.1406909948929072,0.07369845004110695,0.1406909948929072,0.0,0.0,3.5e-06,1.0221696381867194e-06,1.9513309067639724e-06,0,3,144,80,128,1.0,0.0,57,8.0,0,0,0,0,5237.600439876202
5,x,8,0.05,m1,val,14000000,4.071428571428572e-06,57,0.39634353741496603,0.09285714285714286,14,0.6069727891156462,1.3230384609794115e-06,2.525692158423287e-06,0.07652513413151363,0.14608715989645135,0.08273405028718875,0.1579400359157074,0.13385708030850643,0.25553435372873257,2.4642857142857143e-06,8.562215744860583e-07,1.6345345810668237e-06,0,3,144,80,128,1.0,0.0,57,8.0,29,0,0,0,5245.104181750095
5,x,8,0.05,normal,anqi,14000000,1.7857142857142855e-06,25,0.5,0.5384615384615384,14,0.0,5.50496279593381e-07,1.05090228108783e-06,0.23225391351251834,0.44337478117411755,0.22864957201059175,0.4364940612735361,0.0,0.0,1e-06,6.163914839924878e-07,1.176696810829104e-06,0,3,160,96,160,1.0,0.0,25,11.0,0,0,0,0,5170.103909205063
5,x,8,0.05,normal,val,14000000,1.7857142857142855e-06,25,0.4613095238095238,0.11538461538461539,14,0.7628205128205128,5.50496279593381e-07,1.05090228108783e-06,0.11111637273866659,0.21212214124957066,0.15692559072898538,0.29957234475763905,0.19671663858818828,0.37553380809940534,9.642857142857142e-07,3.7696153649941536e-07,7.196229171289245e-07,0,3,160,96,160,1.0,0.0,25,2.0,19,0,0,0,5094.242154911975
>>>>>>> Stashed changes
5,x,8,0.1,m1,anqi,14000000,0.0,0,0.0,,14,,0.0,0.0,0.0,0.0,,,,,0.0,0.0,0.0,0,3,144,80,128,1.0,0.0,0,0.0,0,0,0,0,4974.332257019123
5,x,8,0.1,m1,val,14000000,0.0,0,0.0,,14,,0.0,0.0,0.0,0.0,,,,,0.0,0.0,0.0,0,3,144,80,128,1.0,0.0,0,0.0,0,0,0,0,4912.39928304893
5,x,8,0.1,normal,anqi,14000000,0.0,0,0.0,,14,,0.0,0.0,0.0,0.0,,,,,0.0,0.0,0.0,0,3,160,96,160,1.0,0.0,0,0.0,0,0,0,0,4985.885385262431
5,x,8,0.1,normal,val,14000000,0.0,0,0.0,,14,,0.0,0.0,0.0,0.0,,,,,0.0,0.0,0.0,0,3,160,96,160,1.0,0.0,0,0.0,0,0,0,0,5011.296833329136
5,x,9,0.0,m1,anqi,1000,1.0,1000,0.0,0.0,1,0.0,0.0,,0.0,,0.0,,0.0,,1.0,0.0,,3,0,48,48,32,1.0,0.0,1000,0.0,0,0,0,0,0.505986160133034
5,x,9,0.0,m1,val,1000,1.0,1000,0.0,0.0,1,0.0,0.0,,0.0,,0.0,,0.0,,1.0,0.0,,3,0,48,48,32,1.0,0.0,1000,0.0,0,0,0,0,0.729473636019975
5,x,9,0.0,normal,anqi,1000,1.0,1000,0.0,0.0,1,0.0,0.0,,0.0,,0.0,,0.0,,1.0,0.0,,3,0,64,64,64,1.0,0.0,1000,0.0,0,0,0,0,0.7481258499901742
5,x,9,0.0,normal,val,1000,1.0,1000,0.0,0.0,1,0.0,0.0,,0.0,,0.0,,0.0,,1.0,0.0,,3,0,64,64,64,1.0,0.0,1000,0.0,0,0,0,0,0.6245080421213061
5,x,9,0.005,m1,anqi,500000,0.645926,322963,0.0,0.0,5,0.0,0.0020000990919451875,0.0022818150670025723,0.0,0.0,0.0,0.0,0.0,0.0,0.645926,0.0020000990919451875,0.0022818150670025723,3,0,48,48,32,1.0,0.0,322963,0.0,0,0,0,0,384.2932988569373
5,x,9,0.005,m1,val,500000,0.645926,322963,0.0,0.0,5,0.0,0.0020000990919451875,0.0022818150670025723,0.0,0.0,0.0,0.0,0.0,0.0,0.645926,0.0020000990919451875,0.0022818150670025723,3,0,48,48,32,1.0,0.0,322963,0.0,0,0,0,0,397.5822556349449
5,x,9,0.005,normal,anqi,600000,0.5339183333333334,320351,0.0,0.0,6,0.0,0.0011362413378229958,0.0014200058685324816,0.0,0.0,0.0,0.0,0.0,0.0,0.5339183333333334,0.0011362413378229958,0.0014200058685324816,3,0,64,64,64,1.0,0.0,320351,0.0,0,0,0,0,550.8189071930246
5,x,9,0.005,normal,val,600000,0.5339183333333334,320351,0.0,0.0,6,0.0,0.0011362413378229958,0.0014200058685324816,0.0,0.0,0.0,0.0,0.0,0.0,0.5339183333333334,0.0011362413378229958,0.0014200058685324816,3,0,64,64,64,1.0,0.0,320351,0.0,0,0,0,0,550.9669153228169
5,x,10,0.0,m1,anqi,1000,1.0,1000,0.0,0.0,1,0.0,0.0,,0.0,,0.0,,0.0,,1.0,0.0,,0,3,144,112,128,1.0,0.0,1000,0.0,0,0,0,0,0.6393938141409308
5,x,10,0.0,m1,val,1000,1.0,1000,0.0,0.0,1,0.0,0.0,,0.0,,0.0,,0.0,,1.0,0.0,,0,3,144,112,128,1.0,0.0,1000,0.0,0,0,0,0,0.8342299498617649
5,x,10,0.0,normal,anqi,1000,1.0,1000,0.0,0.0,1,0.0,0.0,,0.0,,0.0,,0.0,,1.0,0.0,,0,3,160,128,160,1.0,0.0,1000,0.0,0,0,0,0,0.6244199618231505
5,x,10,0.0,normal,val,1000,1.0,1000,0.0,0.0,1,0.0,0.0,,0.0,,0.0,,0.0,,1.0,0.0,,0,3,160,128,160,1.0,0.0,1000,0.0,0,0,0,0,0.4702020690310746
5,x,10,0.005,m1,anqi,2500000,0.2067317142857143,516684,0.0,0.0,7,0.0,0.0004956245982596117,0.000669030321755729,0.0,0.0,0.0,0.0,0.0,0.0,0.2067317142857143,0.0004956245982596117,0.000669030321755729,0,3,144,112,128,1.0,0.0,516684,0.0,0,0,0,0,1548.5306314540794
5,x,10,0.005,m1,val,2500000,0.2067317142857143,516684,1.241795348082788e-05,0.0,7,2.483590696165576e-05,0.0004956245982596117,0.000669030321755729,1.345638699650102e-05,1.8164415070502594e-05,0.0,0.0,2.691277399300204e-05,3.632883014100519e-05,0.20672914285714286,0.0004944876698159436,0.0006674956126126568,0,3,144,112,128,1.0,0.0,516684,0.0,9,0,0,0,1574.3591089908732
5,x,10,0.005,normal,anqi,3600000,0.15578344444444445,561865,4.27372373427552e-06,4.27372373427552e-06,9,0.0,0.000581644022473383,0.0008902714629694638,5.922528411516746e-06,9.065094507423592e-06,5.922528411516746e-06,9.065094507423592e-06,0.0,0.0,0.15578277777777777,0.0005815299574377322,0.0008900968736291819,0,3,160,128,160,1.0,0.0,561865,6.0,0,0,0,0,2121.76986328722
5,x,10,0.005,normal,val,3600000,0.15578344444444445,561865,1.139928100741062e-05,0.0,9,2.279856201482124e-05,0.000581644022473383,0.0008902714629694638,8.835924985611351e-06,1.352437497797656e-05,0.0,0.0,1.7671849971222702e-05,2.704874995595312e-05,0.15578166666666665,0.0005813931620207119,0.0008898874928888448,0,3,160,128,160,1.0,0.0,561865,0.0,14,0,0,0,2108.829573519877
5,x,10,0.0075,m1,anqi,3000000,0.09670666666666666,290120,0.0,0.0,3,0.0,0.0006112690154461003,0.0005401780570639034,0.0,0.0,0.0,0.0,0.0,0.0,0.09670666666666666,0.0006112690154461003,0.0005401780570639034,0,3,144,112,128,1.0,0.0,290120,0.0,0,0,0,0,1668.8387860859511
5,x,10,0.0075,m1,val,3000000,0.09670666666666666,290120,4.656568822255439e-05,0.0,3,9.313137644510878e-05,0.0006112690154461003,0.0005401780570639034,2.556289882965922e-05,2.2589918143731e-05,0.0,0.0,5.112579765931844e-05,4.5179836287462e-05,0.09670216666666666,0.0006122175206393312,0.0005410162505261068,0,3,144,112,128,1.0,0.0,290120,0.0,27,0,0,0,1655.9988648340805
5,x,10,0.0075,normal,anqi,3000000,0.064311,192933,6.718065777167555e-05,6.718065777167555e-05,3,0.0,0.0004116762151659169,0.000363798020885217,6.136602371304544e-05,5.422911782115878e-05,6.136602371304544e-05,5.422911782115878e-05,0.0,0.0,0.06430666666666666,0.00040778730425445817,0.000360361392678709,0,3,160,128,160,1.0,0.0,192933,13.0,0,0,0,0,1554.2320950800786
5,x,10,0.0075,normal,val,3000000,0.064311,192933,6.731491814336693e-05,0.0,3,0.00013462983628673386,0.0004116762151659169,0.000363798020885217,2.498917732173122e-05,2.2082920796217567e-05,0.0,0.0,4.997835464346244e-05,4.4165841592435134e-05,0.06430666666666666,0.0004103748618573504,0.0003626480157581582,0,3,160,128,160,1.0,0.0,192933,0.0,26,0,0,0,1539.5594746690476
5,x,10,0.01,m1,anqi,3000000,0.04638766666666667,139163,1.430246860608141e-05,1.430246860608141e-05,3,0.0,0.00023797212647236245,0.00021029582338537672,2.8032838467919565e-05,2.477260229939182e-05,2.8032838467919565e-05,2.477260229939182e-05,0.0,0.0,0.046387000000000005,0.00023676551212820803,0.0002092295390235314,0,3,144,112,128,1.0,0.0,139163,2.0,0,0,0,0,1508.1672793250764
5,x,10,0.01,m1,val,3000000,0.04638766666666667,139163,0.00020121047041419559,1.430246860608141e-05,3,0.0003738160036162283,0.00023797212647236245,0.00021029582338537672,1.4255260197593977e-05,1.2597364763952612e-05,2.8032838467919565e-05,2.477260229939182e-05,7.577844659106486e-05,6.696536715018823e-05,0.046378333333333334,0.00023805820726125975,0.00021037189292615516,0,3,144,112,128,1.0,0.0,139163,2.0,52,0,0,0,1601.6826200139476
5,x,10,0.01,normal,anqi,3000000,0.027418333333333333,82255,0.00023092471571312445,0.00023092471571312445,3,0.0,0.0001516113458082141,0.00013397885405291914,2.249735267908811e-05,1.9880896875498164e-05,2.249735267908811e-05,1.9880896875498164e-05,0.0,0.0,0.027412000000000002,0.00015096241828128416,0.0001334053971921678,0,3,160,128,160,1.0,0.0,82255,19.0,0,0,0,0,1377.249909818056
5,x,10,0.01,normal,val,3000000,0.027418333333333333,82255,0.00020055138701597524,1.2089559456453407e-05,3,0.00037692365511904363,0.0001516113458082141,0.00013397885405291914,1.9727258941867405e-05,1.743296672519479e-05,2.3695536534648683e-05,2.0939731219702085e-05,2.5162638538535527e-05,2.223620836797664e-05,0.027412833333333334,0.00015115774203717697,0.00013357800467641857,0,3,160,128,160,1.0,0.0,82255,1.0,31,0,0,0,1393.468940000981
5,x,10,0.05,m1,anqi,3000000,4.333333333333334e-06,13,0.06666666666666667,0.06666666666666667,3,0.0,1.306666666666667e-06,1.1547005383792518e-06,0.13066666666666668,0.11547005383792516,0.13066666666666668,0.11547005383792516,0.0,0.0,4e-06,1.131606527611667e-06,1.0000000000000004e-06,0,3,144,112,128,1.0,0.0,13,1.0,0,0,0,0,1094.4984484968008
5,x,10,0.05,m1,val,3000000,4.333333333333334e-06,13,0.12222222222222223,0.06666666666666667,3,0.1111111111111111,1.306666666666667e-06,1.1547005383792518e-06,0.1212535350127427,0.10715167512214395,0.13066666666666668,0.11547005383792516,0.2177777777777778,0.19245008972987526,3.833333333333334e-06,1.423906988223287e-06,1.2583057392117917e-06,0,3,144,112,128,1.0,0.0,13,1.0,1,0,0,0,1078.6081738660578
5,x,10,0.05,normal,anqi,3000000,1.3333333333333332e-06,4,0.0,0.0,3,0.0,6.533333333333333e-07,5.773502691896257e-07,0.0,0.0,0.0,0.0,0.0,0.0,1.3333333333333332e-06,6.533333333333333e-07,5.773502691896257e-07,0,3,160,128,160,1.0,0.0,4,0.0,0,0,0,0,1095.2086216048338
5,x,10,0.05,normal,val,3000000,1.3333333333333332e-06,4,0.0,0.0,3,0.0,6.533333333333333e-07,5.773502691896257e-07,0.0,0.0,0.0,0.0,0.0,0.0,1.3333333333333332e-06,6.533333333333333e-07,5.773502691896257e-07,0,3,160,128,160,1.0,0.0,4,0.0,0,0,0,0,1112.5994536118815
5,x,10,0.1,m1,anqi,3000000,0.0,0,0.0,,3,,0.0,0.0,0.0,0.0,,,,,0.0,0.0,0.0,0,3,144,112,128,1.0,0.0,0,0.0,0,0,0,0,1072.4984151849058
5,x,10,0.1,m1,val,3000000,0.0,0,0.0,,3,,0.0,0.0,0.0,0.0,,,,,0.0,0.0,0.0,0,3,144,112,128,1.0,0.0,0,0.0,0,0,0,0,1074.317938486929
5,x,10,0.1,normal,anqi,3000000,0.0,0,0.0,,3,,0.0,0.0,0.0,0.0,,,,,0.0,0.0,0.0,0,3,160,128,160,1.0,0.0,0,0.0,0,0,0,0,1073.1755682998337
5,x,10,0.1,normal,val,3000000,0.0,0,0.0,,3,,0.0,0.0,0.0,0.0,,,,,0.0,0.0,0.0,0,3,160,128,160,1.0,0.0,0,0.0,0,0,0,0,1086.1633511869004
5,x,11,0.0,m1,anqi,1000,1.0,1000,0.0,0.0,1,0.0,0.0,,0.0,,0.0,,0.0,,1.0,0.0,,1,2,112,80,96,1.0,0.0,1000,0.0,0,0,0,0,0.5799153039697558
5,x,11,0.0,m1,val,1000,1.0,1000,0.0,0.0,1,0.0,0.0,,0.0,,0.0,,0.0,,1.0,0.0,,1,2,112,80,96,1.0,0.0,1000,0.0,0,0,0,0,0.8605905298609287
5,x,11,0.0,normal,anqi,1000,1.0,1000,0.0,0.0,1,0.0,0.0,,0.0,,0.0,,0.0,,1.0,0.0,,1,2,128,96,128,1.0,0.0,1000,0.0,0,0,0,0,0.6958646739367396
5,x,11,0.0,normal,val,1000,1.0,1000,0.0,0.0,1,0.0,0.0,,0.0,,0.0,,0.0,,1.0,0.0,,1,2,128,96,128,1.0,0.0,1000,0.0,0,0,0,0,0.6049577139783651
<<<<<<< Updated upstream
5,x,11,0.0001,m1,val,600000,0.9756233333333334,585374,0.0,0.0,6,0.0,0.0004436898215846133,0.000554496768851433,0.0,0.0,0.0,0.0,0.0,0.0,0.9756233333333334,0.0004436898215846133,0.000554496768851433,1,2,112,80,96,1.0,0.0,585374,0.0,0,0,0,0,268.012112573022
5,x,11,0.0001,normal,val,600000,0.970025,582015,0.0,0.0,6,0.0,0.0002896006399624797,0.00036192540667935624,0.0,0.0,0.0,0.0,0.0,0.0,0.970025,0.0002896006399624797,0.00036192540667935624,1,2,128,96,128,1.0,0.0,582015,0.0,0,0,0,0,265.80657161120325
5,x,11,0.00025,m1,val,600000,0.9406249999999999,564375,0.0,0.0,6,0.0,0.0005506809433177525,0.0006882078174505099,0.0,0.0,0.0,0.0,0.0,0.0,0.9406249999999999,0.0005506809433177525,0.0006882078174505099,1,2,112,80,96,1.0,0.0,564375,0.0,0,0,0,0,209.23526539001614
5,x,11,0.00025,normal,val,600000,0.9266166666666668,555970,0.0,0.0,6,0.0,0.0009413533557832939,0.0011764466272069908,0.0,0.0,0.0,0.0,0.0,0.0,0.9266166666666668,0.0009413533557832939,0.0011764466272069908,1,2,128,96,128,1.0,0.0,555970,0.0,0,0,0,0,364.35702093085274
5,x,11,0.0005,m1,val,600000,0.8843466666666666,530608,0.0,0.0,6,0.0,0.0005045154894659984,0.0006305130186337742,0.0,0.0,0.0,0.0,0.0,0.0,0.8843466666666666,0.0005045154894659984,0.0006305130186337742,1,2,112,80,96,1.0,0.0,530608,0.0,0,0,0,0,217.51184944924898
5,x,11,0.0005,normal,val,600000,0.858245,514947,0.0,0.0,6,0.0,0.0009355553117444814,0.0011692005815940947,0.0,0.0,0.0,0.0,0.0,0.0,0.858245,0.0009355553117444814,0.0011692005815940947,1,2,128,96,128,1.0,0.0,514947,0.0,0,0,0,0,259.9519830646459
5,x,11,0.00075,m1,anqi,1000000,0.832285,832285,0.0,0.0,1,0.0,0.0,,0.0,,0.0,,0.0,,0.832285,0.0,,1,2,112,80,96,1.0,0.0,832285,0.0,0,0,0,0,979.3612838810076
5,x,11,0.00075,m1,val,1600000,0.8318035714285715,1331319,0.0,0.0,7,0.0,0.0009515754445479381,0.0012845061122395806,0.0,0.0,0.0,0.0,0.0,0.0,0.8318035714285715,0.0009515754445479381,0.0012845061122395806,1,2,112,80,96,1.0,0.0,1331319,0.0,0,0,0,0,1244.148341562599
5,x,11,0.00075,normal,anqi,2000000,0.7955025,1591005,0.0,0.0,2,0.0,0.0010456599999999305,0.0007544829355259961,0.0,0.0,0.0,0.0,0.0,0.0,0.7955025,0.0010456599999999305,0.0007544829355259961,1,2,128,96,128,1.0,0.0,1591005,0.0,0,0,0,0,1917.8565077889943
5,x,11,0.00075,normal,val,2600000,0.795776875,2068526,0.0,0.0,8,0.0,0.0003481492364274242,0.0005024054815158168,0.0,0.0,0.0,0.0,0.0,0.0,0.795776875,0.0003481492364274242,0.0005024054815158168,1,2,128,96,128,1.0,0.0,2068526,0.0,0,0,0,0,2375.4293967487756
5,x,11,0.001,m1,anqi,13000000,0.7829933846153847,10178914,0.0,0.0,13,0.0,0.00021152609643673573,0.00038911642183744454,0.0,0.0,0.0,0.0,0.0,0.0,0.7829933846153847,0.00021152609643673573,0.00038911642183744454,1,2,112,80,96,1.0,0.0,10178914,0.0,0,0,0,0,12147.178822634625
5,x,11,0.001,m1,val,13600000,0.7828665263157895,10648469,3.361012842564512e-08,0.0,19,6.722025685129025e-08,0.00040804671150535357,0.0009074665202530264,6.587585171426443e-08,1.4650315328681089e-07,0.0,0.0,1.3175170342852885e-07,2.9300630657362177e-07,0.7828665,0.00040804526301789896,0.0009074632989211715,1,2,112,80,96,1.0,0.0,10648469,0.0,1,0,0,0,12483.983314438374
5,x,11,0.001,normal,anqi,13000000,0.737142,9582846,0.0,0.0,13,0.0,0.00024288898120281702,0.0004468105489652887,0.0,0.0,0.0,0.0,0.0,0.0,0.737142,0.00024288898120281702,0.0004468105489652887,1,2,128,96,128,1.0,0.0,9582846,0.0,0,0,0,0,12107.493451521266
5,x,11,0.001,normal,val,13600000,0.7368861052631579,10024645,3.5706924986749165e-08,0.0,19,7.141384997349833e-08,0.000302894443501712,0.0006736154437673228,6.998557297402833e-08,1.5564287760182698e-07,0.0,0.0,1.3997114594805666e-07,3.1128575520365397e-07,0.7368860789473684,0.00030289244726495166,0.0006736110042804322,1,2,128,96,128,1.0,0.0,10024645,0.0,1,0,0,0,12265.588912578765
5,x,11,0.0025,m1,anqi,13000000,0.5443118461538462,7076054,0.0,0.0,13,0.0,0.0001951898061448861,0.0003590647216853382,0.0,0.0,0.0,0.0,0.0,0.0,0.5443118461538462,0.0001951898061448861,0.0003590647216853382,1,2,112,80,96,1.0,0.0,7076054,0.0,0,0,0,0,11197.399630196393
5,x,11,0.0025,m1,val,13000000,0.5443118461538462,7076054,1.4134262151997022e-06,0.0,13,2.8268524303994044e-06,0.0001951898061448861,0.0003590647216853382,7.52294088723895e-07,1.383895362817581e-06,0.0,0.0,1.50458817744779e-06,2.767790725635162e-06,0.5443110769230769,0.00019529138665232894,0.00035925158583236514,1,2,112,80,96,1.0,0.0,7076054,0.0,20,0,0,0,11174.617623252678
5,x,11,0.0025,normal,anqi,13000000,0.46872053846153844,6093367,1.8052038778939241e-06,1.8052038778939241e-06,13,0.0,0.0002911732761595813,0.000535632743488881,1.0424258655112239e-06,1.9176121984544112e-06,1.0424258655112239e-06,1.9176121984544112e-06,0.0,0.0,0.4687196923076923,0.0002911643762537045,0.0005356163715159292,1,2,128,96,128,1.0,0.0,6093367,11.0,0,0,0,0,10701.362193060224
5,x,11,0.0025,normal,val,13000000,0.46872053846153844,6093367,1.6411552142069264e-06,0.0,13,3.2823104284138527e-06,0.0002911732761595813,0.000535632743488881,6.94689891353763e-07,1.2779285835829083e-06,0.0,0.0,1.389379782707526e-06,2.5558571671658166e-06,0.46871976923076925,0.00029117953780899403,0.000535644262212364,1,2,128,96,128,1.0,0.0,6093367,0.0,20,0,0,0,10784.9640816272
5,x,11,0.005,m1,anqi,15500000,0.29945594999999997,4641864,1.6693208868768009e-07,1.6693208868768009e-07,20,0.0,0.00030344604458540635,0.0006923734522412252,3.2718689382785296e-07,7.465429958633527e-07,3.2718689382785296e-07,7.465429958633527e-07,0.0,0.0,0.2994559,0.0003034438265941607,0.0006923683914461244,1,2,112,80,96,1.0,0.0,4641864,1.0,0,0,0,0,11723.957294840133
5,x,11,0.005,m1,val,15500000,0.29945594999999997,4641864,3.1039850915160035e-05,0.0,20,6.207970183032007e-05,0.00030344604458540635,0.0006923734522412252,1.0566015533147471e-05,2.4108498962690237e-05,0.0,0.0,2.1132031066294943e-05,4.8216997925380474e-05,0.29944665000000004,0.00030246109746579316,0.0006901260964109213,1,2,112,80,96,1.0,0.0,4641864,0.0,201,0,0,0,11726.345759780263
5,x,11,0.005,normal,anqi,16600000,0.22354945454545455,3710450,2.2555937447644275e-05,2.2555937447644275e-05,22,0.0,0.0003475649375526497,0.0008317469697239768,8.219019370057432e-06,1.96686826446997e-05,8.219019370057432e-06,1.96686826446997e-05,0.0,0.0,0.22354440909090909,0.00034720282466859455,0.0008308804085106055,1,2,128,96,128,1.0,0.0,3710450,84.0,0,0,0,0,11995.672343376558
5,x,11,0.005,normal,val,16600000,0.22354945454545455,3710450,2.3678504795846842e-05,2.235687210721576e-06,22,4.2885635170250536e-05,0.0003475649375526497,0.0008317469697239768,7.648911767292675e-06,1.830437566265737e-05,3.984114802519995e-06,9.534262683002856e-06,1.0052683035329766e-05,2.4056766804806312e-05,0.2235441590909091,0.00034731498205210076,0.0008311488088979414,1,2,128,96,128,1.0,0.0,3710450,2.0,175,0,0,0,11941.040104785468
5,x,11,0.0075,m1,anqi,14000000,0.16667964285714287,2333515,6.430801460022272e-06,6.430801460022272e-06,14,0.0,0.0002283756657520547,0.00043597117179622043,3.588649566247505e-06,6.8507638561699376e-06,3.588649566247505e-06,6.8507638561699376e-06,0.0,0.0,0.16667857142857143,0.00022847399501912922,0.0004361588832393253,1,2,112,80,96,1.0,0.0,2333515,15.0,0,0,0,0,9791.284214179148
5,x,11,0.0075,m1,val,14000000,0.16667964285714287,2333515,0.00011998859299351622,6.43274690566832e-06,14,0.0002271116921756958,0.0002283756657520547,0.00043597117179622043,1.172565385032697e-05,2.2384377216239908e-05,3.989445346099924e-06,7.615886555288625e-06,2.0735473707300647e-05,3.958420324753995e-05,0.16665964285714288,0.0002282828056465238,0.00043579390103101826,1,2,112,80,96,1.0,0.0,2333515,15.0,530,0,0,0,9884.86262886133
5,x,11,0.0075,normal,anqi,14000000,0.10835571428571429,1516980,0.00012851900949530166,0.00012851900949530166,14,0.0,0.00014634382781129307,0.00027937166547902984,1.3782361654909782e-05,2.631065065983832e-05,1.3782361654909782e-05,2.631065065983832e-05,0.0,0.0,0.10834178571428572,0.00014571676309249257,0.00027817459336827206,1,2,128,96,128,1.0,0.0,1516980,195.0,0,0,0,0,9420.238171631354
5,x,11,0.0075,normal,val,14000000,0.10835571428571429,1516980,0.00012128363699973175,9.230654078979555e-06,14,0.0002241059658415044,0.00014634382781129307,0.00027937166547902984,9.977607370592886e-06,1.9047340979851528e-05,4.2442953751442065e-06,8.102397521458569e-06,1.843233612287274e-05,3.518749316818721e-05,0.10834257142857143,0.00014609268712282924,0.0002788922356769328,1,2,128,96,128,1.0,0.0,1516980,14.0,340,0,0,0,9298.503287355183
5,x,11,0.01,m1,anqi,14000000,0.09385585714285714,1313982,2.512139731373331e-05,2.512139731373331e-05,14,0.0,0.00013736203618400447,0.0002622253455868315,7.777901034985657e-06,1.4848082072015698e-05,7.777901034985657e-06,1.4848082072015698e-05,0.0,0.0,0.0938535,0.0001374916515507513,0.00026247278247174357,1,2,112,80,96,1.0,0.0,1313982,33.0,0,0,0,0,9372.886996076908
5,x,11,0.01,m1,val,14000000,0.09385585714285714,1313982,0.0003846847531547623,2.664610267555414e-05,14,0.0007160773009584164,0.00013736203618400447,0.0002622253455868315,2.6010422434216808e-05,4.965412716025406e-05,8.416237293244547e-06,1.6066671651587132e-05,4.700116482670029e-05,8.972564059224628e-05,0.09381975,0.00013687957775976677,0.0002613043281751681,1,2,112,80,96,1.0,0.0,1313982,35.0,941,0,0,0,9398.68735132122
5,x,11,0.01,normal,anqi,14000000,0.05360714285714285,750500,0.00045961466474502363,0.00045961466474502363,14,0.0,0.00010680539773164705,0.00020389245171936016,3.791659247595914e-05,7.238311138722948e-05,3.791659247595914e-05,7.238311138722948e-05,0.0,0.0,0.0535825,0.00010614762274956764,0.00020263675344357827,1,2,128,96,128,1.0,0.0,750500,345.0,0,0,0,0,8933.343417501776
5,x,11,0.01,normal,val,14000000,0.05360714285714285,750500,0.00044762015117257215,3.464155078237223e-05,14,0.0008259572007803999,0.00010680539773164705,0.00020389245171936016,4.145292080064605e-05,7.91339935291288e-05,1.4792204015776742e-05,2.8238448684846025e-05,8.17388367562125e-05,0.00015604016445673055,0.053583142857142864,0.00010613093915609012,0.00020260490431563285,1,2,128,96,128,1.0,0.0,750500,26.0,620,0,0,0,8813.935857686913
5,x,11,0.05,m1,anqi,14000000,9.621428571428572e-05,1347,0.053694872211982,0.053694872211982,14,0.0,5.923556623931527e-06,1.1308122141789342e-05,0.01662969383243894,0.031746233044864396,0.01662969383243894,0.031746233044864396,0.0,0.0,9.121428571428571e-05,6.572204875312159e-06,1.2546397407705842e-05,1,2,112,80,96,1.0,0.0,1347,70.0,0,0,0,0,7732.598696590285
5,x,11,0.05,m1,val,14000000,9.621428571428572e-05,1347,0.1610765104581963,0.05140026388130677,14,0.219352493153779,5.923556623931527e-06,1.1308122141789342e-05,0.023494253269162598,0.04485073790372452,0.017746926436623615,0.03387903999700331,0.026597846415990476,0.05077552475238243,8.092857142857143e-05,6.1953878626951805e-06,1.1827050387950533e-05,1,2,112,80,96,1.0,0.0,1347,67.0,294,0,0,0,7771.840931329294
5,x,11,0.05,normal,anqi,14000000,2.757142857142857e-05,386,0.22096269573426733,0.22096269573426733,14,0.0,2.580304096568703e-06,4.9258234097190565e-06,0.03547905955918669,0.06772983942623648,0.03547905955918669,0.06772983942623648,0.0,0.0,2.142857142857143e-05,2.0823359663904087e-06,3.975197831831493e-06,1,2,128,96,128,1.0,0.0,386,86.0,0,0,0,0,7790.153377021896
5,x,11,0.05,normal,val,14000000,2.757142857142857e-05,386,0.23314819406012002,0.100007681197098,14,0.266281025726044,2.580304096568703e-06,4.9258234097190565e-06,0.02303459044682317,0.04397323749830019,0.02913790343588617,0.055624516135708825,0.0419051340871901,0.07999727270463639,2.107142857142857e-05,1.8629835459036384e-06,3.556452115290132e-06,1,2,128,96,128,1.0,0.0,386,39.0,104,0,0,0,7717.089331571129
5,x,11,0.1,m1,anqi,14000000,8.142857142857143e-06,114,0.1810168006596578,0.1810168006596578,14,0.0,1.1596816539298784e-06,2.213842564659669e-06,0.0532502644484092,0.10165522720462045,0.0532502644484092,0.10165522720462045,0.0,0.0,6.714285714285715e-06,1.1879393923933998e-06,2.2677868380553634e-06,1,2,112,80,96,1.0,0.0,114,20.0,0,0,0,0,7740.007204620866
5,x,11,0.1,m1,val,14000000,8.142857142857143e-06,114,0.4524080086580087,0.17931612038754893,14,0.5461837765409194,1.1596816539298784e-06,2.213842564659669e-06,0.06313986629317178,0.12053456485498223,0.061013637499323134,0.11647557522616835,0.06494278189891058,0.1239763467396468,4.464285714285715e-06,8.375284151321949e-07,1.598849174036964e-06,1,2,112,80,96,1.0,0.0,114,20.0,63,0,0,0,7677.008675330901
5,x,11,0.1,normal,anqi,14000000,5.571428571428572e-06,78,0.4651360544217687,0.4651360544217687,14,0.0,1.3110183945197835e-06,2.5027457449242147e-06,0.09724077966969019,0.18563351099324163,0.09724077966969019,0.18563351099324163,0.0,0.0,2.785714285714286e-06,6.55509197259892e-07,1.2513728724621078e-06,1,2,128,96,128,1.0,0.0,78,39.0,0,0,0,0,7642.371711294982
5,x,11,0.1,normal,val,14000000,5.571428571428572e-06,78,0.4266156462585034,0.15005668934240363,14,0.5531179138321995,1.3110183945197835e-06,2.5027457449242147e-06,0.08483615430300384,0.16195297112924908,0.06759465945401792,0.1290388045166302,0.12796915063315137,0.2442942437478153,2.9999999999999997e-06,6.415605972938177e-07,1.224744871391589e-06,1,2,128,96,128,1.0,0.0,78,14.0,44,0,0,0,7636.340651604929
=======
5,x,11,0.0001,m1,val,600000,0.9756233333333334,585374,0.0,0.0,6,0.0,0.0004436898215846017,0.0005544967688514184,0.0,0.0,0.0,0.0,0.0,0.0,0.9756233333333334,0.0004436898215846017,0.0005544967688514184,1,2,112,80,96,1.0,0.0,585374,0.0,0,0,0,0,268.012112573022
5,x,11,0.0001,normal,val,600000,0.970025,582015,0.0,0.0,6,0.0,0.0002896006399624485,0.00036192540667931715,0.0,0.0,0.0,0.0,0.0,0.0,0.970025,0.0002896006399624485,0.00036192540667931715,1,2,128,96,128,1.0,0.0,582015,0.0,0,0,0,0,265.80657161120325
5,x,11,0.00025,m1,val,600000,0.9406249999999999,564375,0.0,0.0,6,0.0,0.0005506809433177517,0.0006882078174505089,0.0,0.0,0.0,0.0,0.0,0.0,0.9406249999999999,0.0005506809433177517,0.0006882078174505089,1,2,112,80,96,1.0,0.0,564375,0.0,0,0,0,0,209.23526539001614
5,x,11,0.00025,normal,val,600000,0.9266166666666668,555970,0.0,0.0,6,0.0,0.0009413533557832974,0.0011764466272069952,0.0,0.0,0.0,0.0,0.0,0.0,0.9266166666666668,0.0009413533557832974,0.0011764466272069952,1,2,128,96,128,1.0,0.0,555970,0.0,0,0,0,0,364.35702093085274
5,x,11,0.0005,m1,val,600000,0.8843466666666666,530608,0.0,0.0,6,0.0,0.0005045154894659625,0.0006305130186337293,0.0,0.0,0.0,0.0,0.0,0.0,0.8843466666666666,0.0005045154894659625,0.0006305130186337293,1,2,112,80,96,1.0,0.0,530608,0.0,0,0,0,0,217.51184944924898
5,x,11,0.0005,normal,val,600000,0.858245,514947,0.0,0.0,6,0.0,0.0009355553117444747,0.0011692005815940863,0.0,0.0,0.0,0.0,0.0,0.0,0.858245,0.0009355553117444747,0.0011692005815940863,1,2,128,96,128,1.0,0.0,514947,0.0,0,0,0,0,259.9519830646459
5,x,11,0.00075,m1,anqi,1000000,0.832285,832285,0.0,0.0,1,0.0,0.0,,0.0,,0.0,,0.0,,0.832285,0.0,,1,2,112,80,96,1.0,0.0,832285,0.0,0,0,0,0,979.3612838810076
5,x,11,0.00075,m1,val,1600000,0.8318035714285715,1331319,0.0,0.0,7,0.0,0.0009515754445480031,0.0012845061122396682,0.0,0.0,0.0,0.0,0.0,0.0,0.8318035714285715,0.0009515754445480031,0.0012845061122396682,1,2,112,80,96,1.0,0.0,1331319,0.0,0,0,0,0,1244.148341562599
5,x,11,0.00075,normal,anqi,2000000,0.7955025,1591005,0.0,0.0,2,0.0,0.0010456599999999305,0.0007544829355259961,0.0,0.0,0.0,0.0,0.0,0.0,0.7955025,0.0010456599999999305,0.0007544829355259961,1,2,128,96,128,1.0,0.0,1591005,0.0,0,0,0,0,1917.8565077889943
5,x,11,0.00075,normal,val,2600000,0.795776875,2068526,0.0,0.0,8,0.0,0.00034814923642742523,0.0005024054815158184,0.0,0.0,0.0,0.0,0.0,0.0,0.795776875,0.00034814923642742523,0.0005024054815158184,1,2,128,96,128,1.0,0.0,2068526,0.0,0,0,0,0,2375.4293967487756
5,x,11,0.001,m1,anqi,13000000,0.7829933846153847,10178914,0.0,0.0,13,0.0,0.000211526096436733,0.0003891164218374395,0.0,0.0,0.0,0.0,0.0,0.0,0.7829933846153847,0.000211526096436733,0.0003891164218374395,1,2,112,80,96,1.0,0.0,10178914,0.0,0,0,0,0,12147.178822634625
5,x,11,0.001,m1,val,13600000,0.7828665263157895,10648469,3.361012842564512e-08,0.0,19,6.722025685129025e-08,0.0004080467115053427,0.0009074665202530024,6.587585171426443e-08,1.4650315328681089e-07,0.0,0.0,1.3175170342852885e-07,2.9300630657362177e-07,0.7828665,0.00040804526301789127,0.0009074632989211544,1,2,112,80,96,1.0,0.0,10648469,0.0,1,0,0,0,12483.983314438374
5,x,11,0.001,normal,anqi,13000000,0.737142,9582846,0.0,0.0,13,0.0,0.00024288898120281287,0.000446810548965281,0.0,0.0,0.0,0.0,0.0,0.0,0.737142,0.00024288898120281287,0.000446810548965281,1,2,128,96,128,1.0,0.0,9582846,0.0,0,0,0,0,12107.493451521266
5,x,11,0.001,normal,val,13600000,0.7368861052631579,10024645,3.5706924986749165e-08,0.0,19,7.141384997349833e-08,0.00030289444350173485,0.0006736154437673737,6.998557297402833e-08,1.5564287760182698e-07,0.0,0.0,1.3997114594805666e-07,3.1128575520365397e-07,0.7368860789473684,0.0003028924472649736,0.000673611004280481,1,2,128,96,128,1.0,0.0,10024645,0.0,1,0,0,0,12265.588912578765
5,x,11,0.0025,m1,anqi,13000000,0.5443118461538462,7076054,0.0,0.0,13,0.0,0.0001951898061448991,0.0003590647216853621,0.0,0.0,0.0,0.0,0.0,0.0,0.5443118461538462,0.0001951898061448991,0.0003590647216853621,1,2,112,80,96,1.0,0.0,7076054,0.0,0,0,0,0,11197.399630196393
5,x,11,0.0025,m1,val,13000000,0.5443118461538462,7076054,1.4134262151997022e-06,0.0,13,2.8268524303994044e-06,0.0001951898061448991,0.0003590647216853621,7.522940887238949e-07,1.3838953628175809e-06,0.0,0.0,1.5045881774477899e-06,2.7677907256351618e-06,0.5443110769230769,0.00019529138665233295,0.0003592515858323725,1,2,112,80,96,1.0,0.0,7076054,0.0,20,0,0,0,11174.617623252678
5,x,11,0.0025,normal,anqi,13000000,0.46872053846153844,6093367,1.8052038778939241e-06,1.8052038778939241e-06,13,0.0,0.00029117327615958607,0.0005356327434888898,1.0424258655112239e-06,1.9176121984544112e-06,1.0424258655112239e-06,1.9176121984544112e-06,0.0,0.0,0.4687196923076923,0.00029116437625371124,0.0005356163715159415,1,2,128,96,128,1.0,0.0,6093367,11.0,0,0,0,0,10701.362193060224
5,x,11,0.0025,normal,val,13000000,0.46872053846153844,6093367,1.6411552142069264e-06,0.0,13,3.2823104284138527e-06,0.00029117327615958607,0.0005356327434888898,6.94689891353763e-07,1.2779285835829083e-06,0.0,0.0,1.389379782707526e-06,2.5558571671658166e-06,0.46871976923076925,0.000291179537808995,0.0005356442622123658,1,2,128,96,128,1.0,0.0,6093367,0.0,20,0,0,0,10784.9640816272
5,x,11,0.005,m1,anqi,15500000,0.29945594999999997,4641864,1.6693208868768009e-07,1.6693208868768009e-07,20,0.0,0.00030344604458540435,0.0006923734522412205,3.2718689382785296e-07,7.465429958633527e-07,3.2718689382785296e-07,7.465429958633527e-07,0.0,0.0,0.2994559,0.0003034438265941608,0.0006923683914461246,1,2,112,80,96,1.0,0.0,4641864,1.0,0,0,0,0,11723.957294840133
5,x,11,0.005,m1,val,15500000,0.29945594999999997,4641864,3.103985091516003e-05,0.0,20,6.207970183032006e-05,0.00030344604458540435,0.0006923734522412205,1.0566015533147473e-05,2.410849896269024e-05,0.0,0.0,2.1132031066294946e-05,4.821699792538048e-05,0.29944665000000004,0.00030246109746579175,0.0006901260964109182,1,2,112,80,96,1.0,0.0,4641864,0.0,201,0,0,0,11726.345759780263
5,x,11,0.005,normal,anqi,16600000,0.22354945454545455,3710450,2.2555937447644275e-05,2.2555937447644275e-05,22,0.0,0.00034756493755264833,0.0008317469697239735,8.219019370057432e-06,1.96686826446997e-05,8.219019370057432e-06,1.96686826446997e-05,0.0,0.0,0.22354440909090909,0.0003472028246685931,0.0008308804085106022,1,2,128,96,128,1.0,0.0,3710450,84.0,0,0,0,0,11995.672343376558
5,x,11,0.005,normal,val,16600000,0.22354945454545455,3710450,2.3678504795846842e-05,2.235687210721576e-06,22,4.288563517025053e-05,0.00034756493755264833,0.0008317469697239735,7.648911767292675e-06,1.830437566265737e-05,3.984114802519995e-06,9.534262683002856e-06,1.0052683035329766e-05,2.4056766804806312e-05,0.2235441590909091,0.0003473149820520997,0.0008311488088979387,1,2,128,96,128,1.0,0.0,3710450,2.0,175,0,0,0,11941.040104785468
5,x,11,0.0075,m1,anqi,14000000,0.16667964285714287,2333515,6.430801460022272e-06,6.430801460022272e-06,14,0.0,0.0002283756657520504,0.00043597117179621224,3.588649566247505e-06,6.8507638561699376e-06,3.588649566247505e-06,6.8507638561699376e-06,0.0,0.0,0.16667857142857143,0.00022847399501912374,0.0004361588832393148,1,2,112,80,96,1.0,0.0,2333515,15.0,0,0,0,0,9791.284214179148
5,x,11,0.0075,m1,val,14000000,0.16667964285714287,2333515,0.00011998859299351622,6.43274690566832e-06,14,0.0002271116921756958,0.0002283756657520504,0.00043597117179621224,1.1725653850326967e-05,2.23843772162399e-05,3.989445346099924e-06,7.615886555288624e-06,2.0735473707300647e-05,3.958420324753995e-05,0.16665964285714288,0.00022828280564652102,0.00043579390103101295,1,2,112,80,96,1.0,0.0,2333515,15.0,530,0,0,0,9884.86262886133
5,x,11,0.0075,normal,anqi,14000000,0.10835571428571429,1516980,0.00012851900949530166,0.00012851900949530166,14,0.0,0.00014634382781129415,0.0002793716654790319,1.3782361654909782e-05,2.631065065983832e-05,1.3782361654909782e-05,2.631065065983832e-05,0.0,0.0,0.10834178571428572,0.00014571676309249279,0.0002781745933682725,1,2,128,96,128,1.0,0.0,1516980,195.0,0,0,0,0,9420.238171631354
5,x,11,0.0075,normal,val,14000000,0.10835571428571429,1516980,0.00012128363699973175,9.230654078979555e-06,14,0.0002241059658415044,0.00014634382781129415,0.0002793716654790319,9.977607370592886e-06,1.9047340979851528e-05,4.2442953751442065e-06,8.102397521458569e-06,1.8432336122872735e-05,3.51874931681872e-05,0.10834257142857143,0.00014609268712282772,0.00027889223567692994,1,2,128,96,128,1.0,0.0,1516980,14.0,340,0,0,0,9298.503287355183
5,x,11,0.01,m1,anqi,14000000,0.09385585714285714,1313982,2.512139731373331e-05,2.512139731373331e-05,14,0.0,0.0001373620361840031,0.0002622253455868289,7.777901034985659e-06,1.48480820720157e-05,7.777901034985659e-06,1.48480820720157e-05,0.0,0.0,0.0938535,0.00013749165155075378,0.00026247278247174834,1,2,112,80,96,1.0,0.0,1313982,33.0,0,0,0,0,9372.886996076908
5,x,11,0.01,m1,val,14000000,0.09385585714285714,1313982,0.0003846847531547623,2.664610267555414e-05,14,0.0007160773009584164,0.0001373620361840031,0.0002622253455868289,2.601042243421681e-05,4.965412716025407e-05,8.416237293244547e-06,1.6066671651587132e-05,4.700116482670029e-05,8.972564059224628e-05,0.09381975,0.00013687957775976653,0.0002613043281751676,1,2,112,80,96,1.0,0.0,1313982,35.0,941,0,0,0,9398.68735132122
5,x,11,0.01,normal,anqi,14000000,0.05360714285714285,750500,0.00045961466474502363,0.00045961466474502363,14,0.0,0.00010680539773164707,0.00020389245171936025,3.7916592475959136e-05,7.238311138722947e-05,3.7916592475959136e-05,7.238311138722947e-05,0.0,0.0,0.0535825,0.00010614762274956775,0.00020263675344357849,1,2,128,96,128,1.0,0.0,750500,345.0,0,0,0,0,8933.343417501776
5,x,11,0.01,normal,val,14000000,0.05360714285714285,750500,0.00044762015117257215,3.464155078237223e-05,14,0.0008259572007803999,0.00010680539773164707,0.00020389245171936025,4.145292080064606e-05,7.913399352912883e-05,1.479220401577674e-05,2.823844868484602e-05,8.173883675621253e-05,0.0001560401644567306,0.053583142857142864,0.00010613093915608953,0.0002026049043156317,1,2,128,96,128,1.0,0.0,750500,26.0,620,0,0,0,8813.935857686913
5,x,11,0.05,m1,anqi,14000000,9.621428571428572e-05,1347,0.053694872211982,0.053694872211982,14,0.0,5.923556623931528e-06,1.1308122141789344e-05,0.01662969383243894,0.031746233044864396,0.01662969383243894,0.031746233044864396,0.0,0.0,9.121428571428571e-05,6.572204875312159e-06,1.2546397407705842e-05,1,2,112,80,96,1.0,0.0,1347,70.0,0,0,0,0,7732.598696590285
5,x,11,0.05,m1,val,14000000,9.621428571428572e-05,1347,0.1610765104581963,0.05140026388130677,14,0.219352493153779,5.923556623931528e-06,1.1308122141789344e-05,0.023494253269162595,0.044850737903724514,0.017746926436623615,0.03387903999700331,0.026597846415990476,0.05077552475238243,8.092857142857143e-05,6.19538786269518e-06,1.1827050387950531e-05,1,2,112,80,96,1.0,0.0,1347,67.0,294,0,0,0,7771.840931329294
5,x,11,0.05,normal,anqi,14000000,2.757142857142857e-05,386,0.22096269573426733,0.22096269573426733,14,0.0,2.5803040965687027e-06,4.925823409719056e-06,0.03547905955918669,0.06772983942623648,0.03547905955918669,0.06772983942623648,0.0,0.0,2.1428571428571428e-05,2.082335966390409e-06,3.975197831831494e-06,1,2,128,96,128,1.0,0.0,386,86.0,0,0,0,0,7790.153377021896
5,x,11,0.05,normal,val,14000000,2.757142857142857e-05,386,0.23314819406012002,0.100007681197098,14,0.266281025726044,2.5803040965687027e-06,4.925823409719056e-06,0.023034590446823166,0.043973237498300184,0.02913790343588617,0.055624516135708825,0.041905134087190106,0.0799972727046364,2.107142857142857e-05,1.8629835459036386e-06,3.5564521152901323e-06,1,2,128,96,128,1.0,0.0,386,39.0,104,0,0,0,7717.089331571129
5,x,11,0.1,m1,anqi,14000000,8.142857142857143e-06,114,0.1810168006596578,0.1810168006596578,14,0.0,1.1596816539298784e-06,2.213842564659669e-06,0.05325026444840919,0.10165522720462043,0.05325026444840919,0.10165522720462043,0.0,0.0,6.714285714285715e-06,1.1879393923933998e-06,2.2677868380553634e-06,1,2,112,80,96,1.0,0.0,114,20.0,0,0,0,0,7740.007204620866
5,x,11,0.1,m1,val,14000000,8.142857142857143e-06,114,0.4524080086580087,0.17931612038754893,14,0.5461837765409194,1.1596816539298784e-06,2.213842564659669e-06,0.06313986629317178,0.12053456485498223,0.06101363749932312,0.11647557522616832,0.06494278189891058,0.12397634673964682,4.464285714285715e-06,8.375284151321946e-07,1.5988491740369634e-06,1,2,112,80,96,1.0,0.0,114,20.0,63,0,0,0,7677.008675330901
5,x,11,0.1,normal,anqi,14000000,5.571428571428572e-06,78,0.4651360544217687,0.4651360544217687,14,0.0,1.3110183945197837e-06,2.502745744924215e-06,0.09724077966969018,0.1856335109932416,0.09724077966969018,0.1856335109932416,0.0,0.0,2.785714285714286e-06,6.55509197259892e-07,1.2513728724621078e-06,1,2,128,96,128,1.0,0.0,78,39.0,0,0,0,0,7642.371711294982
5,x,11,0.1,normal,val,14000000,5.571428571428572e-06,78,0.42661564625850346,0.15005668934240363,14,0.5531179138321995,1.3110183945197837e-06,2.502745744924215e-06,0.08483615430300383,0.16195297112924906,0.06759465945401792,0.1290388045166302,0.12796915063315134,0.24429424374781528,3.0000000000000005e-06,6.415605972938178e-07,1.2247448713915892e-06,1,2,128,96,128,1.0,0.0,78,14.0,44,0,0,0,7636.340651604929
>>>>>>> Stashed changes
5,x,12,0.0,m1,anqi,1000,1.0,1000,0.0,0.0,1,0.0,0.0,,0.0,,0.0,,0.0,,1.0,0.0,,0,3,144,80,128,1.0,0.0,1000,0.0,0,0,0,0,0.9419546329881996
5,x,12,0.0,m1,val,1000,1.0,1000,0.0,0.0,1,0.0,0.0,,0.0,,0.0,,0.0,,1.0,0.0,,0,3,144,80,128,1.0,0.0,1000,0.0,0,0,0,0,1.1753204779233783
5,x,12,0.0,normal,anqi,1000,1.0,1000,0.0,0.0,1,0.0,0.0,,0.0,,0.0,,0.0,,1.0,0.0,,0,3,160,96,160,1.0,0.0,1000,0.0,0,0,0,0,0.8213776459451765
5,x,12,0.0,normal,val,1000,1.0,1000,0.0,0.0,1,0.0,0.0,,0.0,,0.0,,0.0,,1.0,0.0,,0,3,160,96,160,1.0,0.0,1000,0.0,0,0,0,0,0.6841779588721693
5,x,12,0.005,m1,anqi,4500000,0.21815733333333334,981291,0.00010343595928669367,0.00010343595928669367,9,0.0,0.000945566785090647,0.0014472960996285414,3.3510291304154494e-05,5.129126220023647e-05,3.3510291304154494e-05,5.129126220023647e-05,0.0,0.0,0.21813477777777776,0.0009466295432966272,0.0014489227703519804,0,3,144,80,128,1.0,0.0,981291,122.0,0,0,0,0,2858.721779169049
5,x,12,0.005,m1,val,4500000,0.21815733333333334,981291,0.005285505157917565,0.00010292665143097651,9,0.010365157012973176,0.000945566785090647,0.0014472960996285414,0.00014470606981654478,0.0002214888823722624,3.310675345267393e-05,5.06736022234805e-05,0.000275285152829866,0.00042135482575999904,0.21700444444444444,0.0009610609176501627,0.0014710116086482084,0,3,144,80,128,1.0,0.0,981291,121.0,10268,0,0,0,2928.3494299259037
5,x,12,0.005,normal,anqi,5600000,0.16142536363636364,905235,0.005336233028222484,0.005336233028222484,11,0.0,0.0006758953320113353,0.0011437200070583105,0.0002999986420060925,0.0005076443536481435,0.0002999986420060925,0.0005076443536481435,0.0,0.0,0.1605641818181818,0.0006937961486819851,0.0011740109725366186,0,3,160,96,160,1.0,0.0,905235,4865.0,0,0,0,0,3332.212624245789
5,x,12,0.005,normal,val,5600000,0.16142536363636364,905235,0.005362067304160997,0.00013838770894406604,11,0.010447359190433861,0.0006758953320113353,0.0011437200070583105,0.00022912769799819836,0.0003877196955805561,4.26618160102512e-05,7.219042682713268e-05,0.0004403986530261252,0.0007452230052375372,0.16055986363636363,0.0006798741993487927,0.001150452869328181,0,3,160,96,160,1.0,0.0,905235,120.0,9414,0,0,0,3367.740639454103
5,x,12,0.0075,m1,anqi,3000000,0.103145,309435,0.00045237802440274087,0.00045237802440274087,3,0.0,0.0002803371037399997,0.0002477337280226462,4.312686172635458e-05,3.811118146992028e-05,4.312686172635458e-05,3.811118146992028e-05,0.0,0.0,0.10309833333333333,0.00027587614064608726,0.0002437915776505309,0,3,144,80,128,1.0,0.0,309435,140.0,0,0,0,0,1714.054228569963
5,x,12,0.0075,m1,val,3000000,0.103145,309435,0.012034819372412223,0.000455602343507154,3,0.023158434057810137,0.0002803371037399997,0.0002477337280226462,0.00015489495144175187,0.00013688057435358588,4.906122869246074e-05,4.3355377947498975e-05,0.0002905213443615743,0.0002567335352640105,0.10190366666666667,0.000276066964420671,0.00024396020850403656,0,3,144,80,128,1.0,0.0,309435,141.0,7166,0,0,0,1714.6337690480286
5,x,12,0.0075,normal,anqi,3000000,0.066471,199413,0.012336219857117125,0.012336219857117125,3,0.0,0.00023497939654360794,0.00020765114976806304,0.00044407780003104827,0.00039243128171795284,0.00044407780003104827,0.00039243128171795284,0.0,0.0,0.065651,0.0002344474627715047,0.000207181080217275,0,3,160,96,160,1.0,0.0,199413,2460.0,0,0,0,0,1559.7710334950825
5,x,12,0.0075,normal,val,3000000,0.066471,199413,0.012449339362169706,0.0006316832026952605,3,0.023635312318948887,0.00023497939654360794,0.00020765114976806304,0.0005154796291077251,0.00045552903463333703,0.00010013002081652023,8.848483847813385e-05,0.0011701824611680112,0.001034089529014791,0.06564350000000001,0.00024512018385545396,0.00021661255734605647,0,3,160,96,160,1.0,0.0,199413,126.0,4713,0,0,0,1578.7327619991265
5,x,12,0.01,m1,anqi,3000000,0.049110666666666664,147332,0.0011741939900528787,0.0011741939900528787,3,0.0,0.00038967759824985043,0.00034435785650007854,0.00012982188988902333,0.00011472352511346975,0.00012982188988902333,0.00011472352511346975,0.0,0.0,0.049053000000000006,0.0003889896409931776,0.00034374990909089844,0,3,144,80,128,1.0,0.0,147332,173.0,0,0,0,0,1549.2577671431936
5,x,12,0.01,m1,val,3000000,0.049110666666666664,147332,0.02152045850971711,0.0011741939900528787,3,0.04069252903932847,0.00038967759824985043,0.00034435785650007854,0.0004619238325223881,0.000408201809773323,0.00012982188988902333,0.00011472352511346975,0.0007279942920807349,0.0006433281130122295,0.04805383333333333,0.0003940251383407466,0.00034819977503343304,0,3,144,80,128,1.0,0.0,147332,173.0,5995,0,0,0,1552.724265949917
5,x,12,0.01,normal,anqi,3000000,0.027589666666666665,82769,0.023231935807987353,0.023231935807987353,3,0.0,0.00018537059721301596,0.0001638118839807803,0.0005128803072811686,0.0004532320155165928,0.0005128803072811686,0.0004532320155165928,0.0,0.0,0.026948666666666666,0.00017026949671362563,0.00015046705065672528,0,3,160,96,160,1.0,0.0,82769,1923.0,0,0,0,0,1431.8600841070293
5,x,12,0.01,normal,val,3000000,0.027589666666666665,82769,0.023306402594924155,0.0016922051386928534,3,0.04322839491246261,0.00018537059721301596,0.0001638118839807803,0.00027047365940458684,0.00023901740826419592,0.00021775764533863817,0.0001924322987056558,0.00036911603642961893,0.00032618761682884925,0.026946666666666664,0.00018566653991617472,0.0001640734083675151,0,3,160,96,160,1.0,0.0,82769,140.0,3578,0,0,0,1449.8510381729575
5,x,12,0.05,m1,anqi,3000000,7.333333333333333e-06,22,0.3333333333333333,0.3333333333333333,3,0.0,6.232402782590712e-06,5.507570547286103e-06,0.6533333333333334,0.5773502691896258,0.6533333333333334,0.5773502691896258,0.0,0.0,7.000000000000001e-06,6.883293785197124e-06,6.08276253029822e-06,0,3,144,80,128,1.0,0.0,22,1.0,0,0,0,0,1149.1036370910006
5,x,12,0.05,m1,val,3000000,7.333333333333333e-06,22,0.6333333333333333,0.3333333333333333,3,0.6,6.232402782590712e-06,5.507570547286103e-06,0.3637606050382281,0.32145502536643183,0.6533333333333334,0.5773502691896258,0.5987898908075632,0.5291502622129182,3.833333333333334e-06,3.767303780925794e-06,3.3291640592396968e-06,0,3,144,80,128,1.0,0.0,22,1.0,19,0,0,0,1112.6654422910651
5,x,12,0.05,normal,anqi,3000000,2.6666666666666664e-06,8,0.5,0.5,3,0.0,1.7285575232288658e-06,1.5275252316519466e-06,0.5658032638058333,0.5,0.5658032638058333,0.5,0.0,0.0,1e-06,1.1316065276116666e-06,1e-06,0,3,160,96,160,1.0,0.0,8,5.0,0,0,0,0,1145.421516320086
5,x,12,0.05,normal,val,3000000,2.6666666666666664e-06,8,0.34722222222222215,0.1111111111111111,3,0.47222222222222215,1.7285575232288658e-06,1.5275252316519466e-06,0.378183197490578,0.3342002615421101,0.2177777777777778,0.19245008972987526,0.46517353724506555,0.41107357185968724,1.5e-06,9.800000000000001e-07,8.660254037844387e-07,0,3,160,96,160,1.0,0.0,8,1.0,5,0,0,0,1123.7672577900812
5,x,12,0.1,m1,anqi,3000000,6.666666666666666e-07,2,0.0,0.0,3,0.0,6.533333333333334e-07,5.773502691896258e-07,0.0,0.0,0.0,0.0,0.0,0.0,6.666666666666666e-07,6.533333333333334e-07,5.773502691896258e-07,0,3,144,80,128,1.0,0.0,2,0.0,0,0,0,0,1146.035969282966
5,x,12,0.1,m1,val,3000000,6.666666666666666e-07,2,0.3333333333333333,0.0,3,1.0,6.533333333333334e-07,5.773502691896258e-07,0.3266666666666667,0.2886751345948129,0.0,0.0,0.0,0.0,3.333333333333333e-07,3.266666666666667e-07,2.886751345948129e-07,0,3,144,80,128,1.0,0.0,2,0.0,2,0,0,0,1072.296915179002
5,x,12,0.1,normal,anqi,3000000,0.0,0,0.0,,3,,0.0,0.0,0.0,0.0,,,,,0.0,0.0,0.0,0,3,160,96,160,1.0,0.0,0,0.0,0,0,0,0,1087.5542089509545
5,x,12,0.1,normal,val,3000000,0.0,0,0.0,,3,,0.0,0.0,0.0,0.0,,,,,0.0,0.0,0.0,0,3,160,96,160,1.0,0.0,0,0.0,0,0,0,0,1091.8055894130375
5,x,13,0.0,m1,anqi,1000,1.0,1000,0.0,0.0,1,0.0,0.0,,0.0,,0.0,,0.0,,1.0,0.0,,2,1,80,48,64,1.0,0.0,1000,0.0,0,0,0,0,1.4066049291286618
5,x,13,0.0,m1,val,1000,1.0,1000,0.0,0.0,1,0.0,0.0,,0.0,,0.0,,0.0,,1.0,0.0,,2,1,80,48,64,1.0,0.0,1000,0.0,0,0,0,0,0.917645551962778
5,x,13,0.0,normal,anqi,1000,1.0,1000,0.0,0.0,1,0.0,0.0,,0.0,,0.0,,0.0,,1.0,0.0,,2,1,96,64,96,1.0,0.0,1000,0.0,0,0,0,0,0.9661463750526308
5,x,13,0.0,normal,val,1000,1.0,1000,0.0,0.0,1,0.0,0.0,,0.0,,0.0,,0.0,,1.0,0.0,,2,1,96,64,96,1.0,0.0,1000,0.0,0,0,0,0,0.4723780888598412
<<<<<<< Updated upstream
5,x,13,0.0001,m1,val,600000,0.9832583333333332,589955,0.0,0.0,6,0.0,0.0004103666707280753,0.0005128515054737256,0.0,0.0,0.0,0.0,0.0,0.0,0.9832583333333332,0.0004103666707280753,0.0005128515054737256,2,1,80,48,64,1.0,0.0,589955,0.0,0,0,0,0,218.11791150807403
5,x,13,0.0001,normal,val,600000,0.9773016666666666,586381,0.0,0.0,6,0.0,0.0003609954890453648,0.0004511503814324582,0.0,0.0,0.0,0.0,0.0,0.0,0.9773016666666666,0.0003609954890453648,0.0004511503814324582,2,1,96,64,96,1.0,0.0,586381,0.0,0,0,0,0,218.81486499495804
5,x,13,0.00025,m1,val,600000,0.9590616666666666,575437,0.0,0.0,6,0.0,0.0003069728225393563,0.0003836361123078337,0.0,0.0,0.0,0.0,0.0,0.0,0.9590616666666666,0.0003069728225393563,0.0003836361123078337,2,1,80,48,64,1.0,0.0,575437,0.0,0,0,0,0,252.11782171018422
5,x,13,0.00025,normal,val,600000,0.9447483333333334,566849,0.0,0.0,6,0.0,0.0005055233952163932,0.000631772638428307,0.0,0.0,0.0,0.0,0.0,0.0,0.9447483333333334,0.0005055233952163932,0.000631772638428307,2,1,96,64,96,1.0,0.0,566849,0.0,0,0,0,0,257.2372394769918
5,x,13,0.0005,m1,val,600000,0.9196066666666667,551764,0.0,0.0,6,0.0,0.0005035755002424573,0.0006293382768167382,0.0,0.0,0.0,0.0,0.0,0.0,0.9196066666666667,0.0005035755002424573,0.0006293382768167382,2,1,80,48,64,1.0,0.0,551764,0.0,0,0,0,0,242.2918326279614
5,x,13,0.0005,normal,val,600000,0.8930133333333333,535808,0.0,0.0,6,0.0,0.0006036389885058944,0.0007543915870863271,0.0,0.0,0.0,0.0,0.0,0.0,0.8930133333333333,0.0006036389885058944,0.0007543915870863271,2,1,96,64,96,1.0,0.0,535808,0.0,0,0,0,0,214.4987810801249
5,x,13,0.00075,m1,anqi,1000000,0.883169,883169,0.0,0.0,1,0.0,0.0,,0.0,,0.0,,0.0,,0.883169,0.0,,2,1,80,48,64,1.0,0.0,883169,0.0,0,0,0,0,992.0181785640308
5,x,13,0.00075,m1,val,1600000,0.8826555714285715,1412711,0.0,0.0,7,0.0,0.0007537445887478781,0.0010174595581058873,0.0,0.0,0.0,0.0,0.0,0.0,0.8826555714285715,0.0007537445887478781,0.0010174595581058873,2,1,80,48,64,1.0,0.0,1412711,0.0,0,0,0,0,1251.446870581014
5,x,13,0.00075,normal,anqi,2000000,0.8441935,1688387,0.0,0.0,2,0.0,0.00043218000000007855,0.00031183409050332416,0.0,0.0,0.0,0.0,0.0,0.0,0.8441935,0.00043218000000007855,0.00031183409050332416,2,1,96,64,96,1.0,0.0,1688387,0.0,0,0,0,0,1989.6443209690044
5,x,13,0.00075,normal,val,2600000,0.843809625,2194596,7.405450174353919e-08,0.0,8,1.4810900348707839e-07,0.00048714153366858894,0.0007029817997034166,1.451468234173368e-07,2.0945776144099026e-07,0.0,0.0,2.902936468346736e-07,4.189155228819805e-07,0.8438095624999999,0.00048713004557943216,0.0007029652215284254,2,1,96,64,96,1.0,0.0,2194596,0.0,1,0,0,0,2333.359788984759
5,x,13,0.001,m1,anqi,13000000,0.8468915384615384,11009590,0.0,0.0,13,0.0,0.00017801762618223252,0.0003274753464981735,0.0,0.0,0.0,0.0,0.0,0.0,0.8468915384615384,0.00017801762618223252,0.0003274753464981735,2,1,80,48,64,1.0,0.0,11009590,0.0,0,0,0,0,12505.73101881228
5,x,13,0.001,m1,val,13600000,0.8468478947368421,11517642,6.831357502713719e-07,0.0,19,1.3662715005427439e-06,0.00021541308308155706,0.00047906319401481556,8.307296211236124e-07,1.8474828917773767e-06,0.0,0.0,1.6614592422472248e-06,3.6949657835547535e-06,0.8468473157894736,0.0002150483530910931,0.000478252060764759,2,1,80,48,64,1.0,0.0,11517642,0.0,4,0,0,0,12909.35966857872
5,x,13,0.001,normal,anqi,13000000,0.797919923076923,10372959,2.892056579387905e-07,2.892056579387905e-07,13,0.0,0.00026496480192576827,0.00048742049976352903,4.0820661295672707e-07,7.509234051015114e-07,4.0820661295672707e-07,7.509234051015114e-07,0.0,0.0,0.7979196923076923,0.0002649589395363586,0.00048740971550556317,2,1,96,64,96,1.0,0.0,10372959,3.0,0,0,0,0,12397.425452109776
5,x,13,0.001,normal,val,13600000,0.7975588947368422,10851025,2.3081590492956325e-07,0.0,19,4.616318098591265e-07,0.0003876924403284608,0.0008622000860032823,2.3404862883114333e-07,5.205073066067418e-07,0.0,0.0,4.6809725766228666e-07,1.0410146132134837e-06,0.7975587105263159,0.0003876392034809495,0.0008620816910857444,2,1,96,64,96,1.0,0.0,10851025,0.0,7,0,0,0,12642.873815178755
5,x,13,0.0025,m1,anqi,13000000,0.6629087692307691,8617814,1.1614536754201558e-07,1.1614536754201558e-07,13,0.0,0.00020284514757584908,0.00037314723498152236,2.2764492038235057e-07,4.187680780803481e-07,2.2764492038235057e-07,4.187680780803481e-07,0.0,0.0,0.6629086923076923,0.00020291909543342185,0.00037328326701835363,2,1,80,48,64,1.0,0.0,8617814,1.0,0,0,0,0,11924.212011332158
5,x,13,0.0025,m1,val,13000000,0.6629087692307691,8617814,5.801833354505879e-06,2.3229073508403116e-07,13,1.1139085238843696e-05,0.00020284514757584908,0.00037314723498152236,7.556751490296595e-07,1.3901150497042493e-06,4.5528984076470113e-07,8.375361561606962e-07,1.588327215002521e-06,2.92183429382985e-06,0.6629049230769231,0.00020277387956521665,0.00037301613270262666,2,1,80,48,64,1.0,0.0,8617814,2.0,96,0,0,0,11984.79033992847
5,x,13,0.0025,normal,anqi,13000000,0.5736519230769231,7457475,1.072674111794774e-05,1.072674111794774e-05,13,0.0,0.0003221227514761099,0.0005925663762452335,3.0881350560452945e-06,5.680831270474066e-06,3.0881350560452945e-06,5.680831270474066e-06,0.0,0.0,0.5736457692307693,0.0003218789959416519,0.000592117971613516,2,1,96,64,96,1.0,0.0,7457475,80.0,0,0,0,0,11708.424679551972
5,x,13,0.0025,normal,val,13000000,0.5736519230769231,7457475,1.1331284668566996e-05,9.387895082883351e-07,13,2.078499032055732e-05,0.0003221227514761099,0.0005925663762452335,2.3937355137385547e-06,4.403436803409946e-06,1.135860724932847e-06,2.089491880372999e-06,3.406303517432554e-06,6.266123465253275e-06,0.573645423076923,0.000322243917884285,0.0005927892699684678,2,1,96,64,96,1.0,0.0,7457475,7.0,155,0,0,0,11733.735009753495
5,x,13,0.005,m1,anqi,13500000,0.4466383888888889,6025750,3.2368740627244576e-06,3.2368740627244576e-06,18,0.0,0.00041168085468252136,0.0008911295633592381,1.4734636957815138e-06,3.1894780748550014e-06,1.4734636957815138e-06,3.1894780748550014e-06,0.0,0.0,0.44663694444444446,0.00041199152317956906,0.0008918020403009631,2,1,80,48,64,1.0,0.0,6025750,26.0,0,0,0,0,11520.628313512309
5,x,13,0.005,m1,val,13500000,0.4466383888888889,6025750,8.750266326711807e-05,3.361307611569047e-06,18,0.00016828271131109806,0.00041168085468252136,0.0008911295633592381,7.29327996981134e-06,1.578712568493556e-05,1.6369104178268655e-06,3.543276908082494e-06,1.4227214684322494e-05,3.0796408104126306e-05,0.44659930555555555,0.00041133889754546137,0.0008903893586332476,2,1,80,48,64,1.0,0.0,6025750,27.0,993,0,0,0,11597.413383719628
5,x,13,0.005,normal,anqi,14600000,0.33894185,4952827,0.00018602618134971207,0.00018602618134971207,20,0.0,0.0005274692804047817,0.0012035277214571323,1.0874356166679135e-05,2.4812040408406712e-05,1.0874356166679135e-05,2.4812040408406712e-05,0.0,0.0,0.3388788,0.0005276431318916418,0.0012039243987455085,2,1,96,64,96,1.0,0.0,4952827,910.0,0,0,0,0,12192.095428047702
5,x,13,0.005,normal,val,14600000,0.33894185,4952827,0.00019310408938587315,1.6809131599826578e-05,20,0.0003525899155720932,0.0005274692804047817,0.0012035277214571323,9.963206375478688e-06,2.2733068091254735e-05,5.731724322870069e-06,1.3078086953292273e-05,2.3372139253539576e-05,5.332825729643438e-05,0.3388764,0.00052751096719275,0.0012036228382853577,2,1,96,64,96,1.0,0.0,4952827,78.0,1706,0,0,0,12187.773907789611
5,x,13,0.0075,m1,anqi,13000000,0.30503984615384616,3965518,3.6063321668094176e-05,3.6063321668094176e-05,13,0.0,0.00020042412673310065,0.0003686936049879017,5.543620373977446e-06,1.0197860974531907e-05,5.543620373977446e-06,1.0197860974531907e-05,0.0,0.0,0.3050288461538461,0.00020078883468882755,0.0003693645096996073,2,1,80,48,64,1.0,0.0,3965518,143.0,0,0,0,0,10572.049307185342
5,x,13,0.0075,m1,val,13000000,0.30503984615384616,3965518,0.00042982885475758615,3.7323890334761295e-05,13,0.0007850099288456498,0.00020042412673310065,0.0003686936049879017,1.595537329813014e-05,2.935097782937613e-05,5.61456935411233e-06,1.032837637545956e-05,2.578274434444254e-05,4.7429085079625897e-05,0.30490873076923075,0.00020017314236889816,0.00036823190243970175,2,1,80,48,64,1.0,0.0,3965518,148.0,3113,0,0,0,10614.247005384183
5,x,13,0.0075,normal,anqi,14000000,0.20646342857142858,2890488,0.0009504292078146617,0.0009504292078146617,14,0.0,0.0002941475527167077,0.0005615302874611973,4.357473454042475e-05,8.318455478055809e-05,4.357473454042475e-05,8.318455478055809e-05,0.0,0.0,0.2062672142857143,0.0002970173598138148,0.0005670087746670684,2,1,96,64,96,1.0,0.0,2890488,2747.0,0,0,0,0,11034.489737658063
5,x,13,0.0075,normal,val,14000000,0.20646342857142858,2890488,0.0009531828505284657,0.00011833119882211635,14,0.0016697033034126986,0.0002941475527167077,0.0005615302874611973,2.2549442677576254e-05,4.3047086103157525e-05,1.2247872453172798e-05,2.3381297161570956e-05,4.357411030628161e-05,8.318336311204139e-05,0.20626664285714286,0.0002963191860140044,0.0005656759546898679,2,1,96,64,96,1.0,0.0,2890488,342.0,4826,0,0,0,11116.223368728533
5,x,13,0.01,m1,anqi,14000000,0.2121005,2969407,0.00011687327638819768,0.00011687327638819768,14,0.0,0.00021780878706580554,0.00041579890664747134,1.0705932421854918e-05,2.043771996353882e-05,1.0705932421854918e-05,2.043771996353882e-05,0.0,0.0,0.21207571428571428,0.00021870603213516442,0.00041751175544416173,2,1,80,48,64,1.0,0.0,2969407,347.0,0,0,0,0,11113.82462559652
5,x,13,0.01,m1,val,14000000,0.2121005,2969407,0.0013155877530331105,0.00011620002714947159,14,0.002398775451767278,0.00021780878706580554,0.00041579890664747134,2.4623639465653858e-05,4.7006746171388834e-05,1.0855725276388404e-05,2.0723675851626154e-05,4.298463838999786e-05,8.205805599476645e-05,0.2118214642857143,0.00021790418460697448,0.0004159810213998156,2,1,80,48,64,1.0,0.0,2969407,345.0,7123,0,0,0,11162.041233427706
5,x,13,0.01,normal,anqi,14000000,0.12970585714285715,1815882,0.0028514934468414875,0.0028514934468414875,14,0.0,0.00015996686579990816,0.00030537816584658275,0.0001001579300552075,0.00019120237695666067,0.0001001579300552075,0.00019120237695666067,0.0,0.0,0.129336,0.00015961352709206633,0.0003047036391189146,2,1,96,64,96,1.0,0.0,1815882,5178.0,0,0,0,0,10683.7345106242
5,x,13,0.01,normal,val,14000000,0.12970585714285715,1815882,0.0028715987839772754,0.000429595313247774,14,0.004884006941459003,0.00015996686579990816,0.00030537816584658275,8.212689772892423e-05,0.0001567809762960497,3.357768613704638e-05,6.41001006966615e-05,0.00011371863019246821,0.00021708987381299124,0.12933339285714288,0.00015959369538829735,0.00030466578022049647,2,1,96,64,96,1.0,0.0,1815882,780.0,8869,0,0,0,10722.065915924613
5,x,13,0.05,m1,anqi,14000000,0.004341214285714286,60777,0.06959800838877805,0.06959800838877805,14,0.0,3.6476154065150815e-05,6.963330168315096e-05,0.002823157647402729,0.005389432992567226,0.002823157647402729,0.005389432992567226,0.0,0.0,0.004039,3.3532804604079574e-05,6.401442145209264e-05,2,1,80,48,64,1.0,0.0,60777,4231.0,0,0,0,0,9605.027038965258
5,x,13,0.05,m1,val,14000000,0.004341214285714286,60777,0.22138772634061912,0.06972975694890318,14,0.3033159387834319,3.6476154065150815e-05,6.963330168315096e-05,0.003092517152091002,0.005903642676452251,0.0028121792784419194,0.005368475188834093,0.002841139445539038,0.005423760404722429,0.00338,2.7219110933312993e-05,5.196152422706628e-05,2,1,80,48,64,1.0,0.0,60777,4239.0,18436,0,0,0,9623.900459647877
5,x,13,0.05,normal,anqi,14000000,0.0019254285714285714,26956,0.3169773432193822,0.3169773432193822,14,0.0,2.2787702486547096e-05,4.35019261920387e-05,0.0045875490052514865,0.00875767174626871,0.0045875490052514865,0.00875767174626871,0.0,0.0,0.001315,1.5265284899959205e-05,2.914156428935769e-05,2,1,96,64,96,1.0,0.0,26956,8546.0,0,0,0,0,9540.679583386867
5,x,13,0.05,normal,val,14000000,0.0019254285714285714,26956,0.3185466422805795,0.13654415721446522,14,0.3640049701322286,2.2787702486547096e-05,4.35019261920387e-05,0.0023095447062714686,0.004408941331788415,0.0032742563115953885,0.006250584344118411,0.00773110226854205,0.014758742811732213,0.001312,1.3840242327802941e-05,2.6421145377839412e-05,2,1,96,64,96,1.0,0.0,26956,3680.0,9816,0,0,0,9573.93418973242
5,x,13,0.1,m1,anqi,14000000,0.0006621428571428571,9270,0.14497389183622036,0.14497389183622036,14,0.0,2.0326237685846806e-05,3.8802968052332426e-05,0.00874142660115226,0.016687460925073255,0.00874142660115226,0.016687460925073255,0.0,0.0,0.0005664285714285713,2.0852011893340177e-05,3.9806675678476716e-05,2,1,80,48,64,1.0,0.0,9270,1340.0,0,0,0,0,9397.37286352797
5,x,13,0.1,m1,val,14000000,0.0006621428571428571,9270,0.46175481158318615,0.14487642175604204,14,0.6337567796542883,2.0326237685846806e-05,3.8802968052332426e-05,0.007627074061768966,0.014560152042188662,0.00888073850715516,0.016953408589441273,0.0064756251593270885,0.012362025873150705,0.0003565714285714286,1.3676414284903327e-05,2.6108396190657746e-05,2,1,80,48,64,1.0,0.0,9270,1339.0,5878,0,0,0,9468.652710798313
5,x,13,0.1,normal,anqi,14000000,0.0004122857142857143,5772,0.49595482953283626,0.49595482953283626,14,0.0,9.312813340107937e-06,1.777824327839886e-05,0.01270034939066782,0.024245079649082745,0.01270034939066782,0.024245079649082745,0.0,0.0,0.0002077857142857143,6.6805089626464834e-06,1.2753150871171294e-05,2,1,96,64,96,1.0,0.0,5772,2863.0,0,0,0,0,9516.203143447754
5,x,13,0.1,normal,val,14000000,0.0004122857142857143,5772,0.49187577242356884,0.16997031286638795,14,0.6438109191143617,9.312813340107937e-06,1.777824327839886e-05,0.008789798519623429,0.01677980334653248,0.00958236716381835,0.018292823919020918,0.01194094988228716,0.0227953792511006,0.00020953571428571427,6.322366280485134e-06,1.2069453313912087e-05,2,1,96,64,96,1.0,0.0,5772,982.0,3713,0,0,0,9461.226053026272
=======
5,x,13,0.0001,m1,val,600000,0.9832583333333332,589955,0.0,0.0,6,0.0,0.00041036667072808116,0.000512851505473733,0.0,0.0,0.0,0.0,0.0,0.0,0.9832583333333332,0.00041036667072808116,0.000512851505473733,2,1,80,48,64,1.0,0.0,589955,0.0,0,0,0,0,218.11791150807403
5,x,13,0.0001,normal,val,600000,0.9773016666666666,586381,0.0,0.0,6,0.0,0.0003609954890453766,0.000451150381432473,0.0,0.0,0.0,0.0,0.0,0.0,0.9773016666666666,0.0003609954890453766,0.000451150381432473,2,1,96,64,96,1.0,0.0,586381,0.0,0,0,0,0,218.81486499495804
5,x,13,0.00025,m1,val,600000,0.9590616666666666,575437,0.0,0.0,6,0.0,0.00030697282253937925,0.00038363611230786236,0.0,0.0,0.0,0.0,0.0,0.0,0.9590616666666666,0.00030697282253937925,0.00038363611230786236,2,1,80,48,64,1.0,0.0,575437,0.0,0,0,0,0,252.11782171018422
5,x,13,0.00025,normal,val,600000,0.9447483333333334,566849,0.0,0.0,6,0.0,0.0005055233952163986,0.0006317726384283139,0.0,0.0,0.0,0.0,0.0,0.0,0.9447483333333334,0.0005055233952163986,0.0006317726384283139,2,1,96,64,96,1.0,0.0,566849,0.0,0,0,0,0,257.2372394769918
5,x,13,0.0005,m1,val,600000,0.9196066666666667,551764,0.0,0.0,6,0.0,0.0005035755002424815,0.0006293382768167684,0.0,0.0,0.0,0.0,0.0,0.0,0.9196066666666667,0.0005035755002424815,0.0006293382768167684,2,1,80,48,64,1.0,0.0,551764,0.0,0,0,0,0,242.2918326279614
5,x,13,0.0005,normal,val,600000,0.8930133333333333,535808,0.0,0.0,6,0.0,0.0006036389885058973,0.0007543915870863307,0.0,0.0,0.0,0.0,0.0,0.0,0.8930133333333333,0.0006036389885058973,0.0007543915870863307,2,1,96,64,96,1.0,0.0,535808,0.0,0,0,0,0,214.4987810801249
5,x,13,0.00075,m1,anqi,1000000,0.883169,883169,0.0,0.0,1,0.0,0.0,,0.0,,0.0,,0.0,,0.883169,0.0,,2,1,80,48,64,1.0,0.0,883169,0.0,0,0,0,0,992.0181785640308
5,x,13,0.00075,m1,val,1600000,0.8826555714285715,1412711,0.0,0.0,7,0.0,0.000753744588747859,0.0010174595581058617,0.0,0.0,0.0,0.0,0.0,0.0,0.8826555714285715,0.000753744588747859,0.0010174595581058617,2,1,80,48,64,1.0,0.0,1412711,0.0,0,0,0,0,1251.446870581014
5,x,13,0.00075,normal,anqi,2000000,0.8441935,1688387,0.0,0.0,2,0.0,0.00043217999999996975,0.00031183409050324567,0.0,0.0,0.0,0.0,0.0,0.0,0.8441935,0.00043217999999996975,0.00031183409050324567,2,1,96,64,96,1.0,0.0,1688387,0.0,0,0,0,0,1989.6443209690044
5,x,13,0.00075,normal,val,2600000,0.843809625,2194596,7.405450174353919e-08,0.0,8,1.4810900348707839e-07,0.0004871415336686187,0.0007029817997034596,1.451468234173368e-07,2.0945776144099026e-07,0.0,0.0,2.902936468346736e-07,4.189155228819805e-07,0.8438095624999999,0.0004871300455794606,0.0007029652215284666,2,1,96,64,96,1.0,0.0,2194596,0.0,1,0,0,0,2333.359788984759
5,x,13,0.001,m1,anqi,13000000,0.8468915384615384,11009590,0.0,0.0,13,0.0,0.00017801762618222238,0.00032747534649815485,0.0,0.0,0.0,0.0,0.0,0.0,0.8468915384615384,0.00017801762618222238,0.00032747534649815485,2,1,80,48,64,1.0,0.0,11009590,0.0,0,0,0,0,12505.73101881228
5,x,13,0.001,m1,val,13600000,0.8468478947368421,11517642,6.831357502713718e-07,0.0,19,1.3662715005427437e-06,0.00021541308308154676,0.0004790631940147927,8.307296211236124e-07,1.8474828917773767e-06,0.0,0.0,1.6614592422472248e-06,3.6949657835547535e-06,0.8468473157894736,0.0002150483530910847,0.0004782520607647403,2,1,80,48,64,1.0,0.0,11517642,0.0,4,0,0,0,12909.35966857872
5,x,13,0.001,normal,anqi,13000000,0.797919923076923,10372959,2.892056579387905e-07,2.892056579387905e-07,13,0.0,0.00026496480192578095,0.0004874204997635524,4.0820661295672707e-07,7.509234051015114e-07,4.0820661295672707e-07,7.509234051015114e-07,0.0,0.0,0.7979196923076923,0.0002649589395363738,0.0004874097155055911,2,1,96,64,96,1.0,0.0,10372959,3.0,0,0,0,0,12397.425452109776
5,x,13,0.001,normal,val,13600000,0.7975588947368422,10851025,2.3081590492956325e-07,0.0,19,4.616318098591265e-07,0.0003876924403284653,0.0008622000860032924,2.3404862883114333e-07,5.205073066067418e-07,0.0,0.0,4.6809725766228666e-07,1.0410146132134837e-06,0.7975587105263159,0.0003876392034809404,0.0008620816910857242,2,1,96,64,96,1.0,0.0,10851025,0.0,7,0,0,0,12642.873815178755
5,x,13,0.0025,m1,anqi,13000000,0.6629087692307691,8617814,1.1614536754201558e-07,1.1614536754201558e-07,13,0.0,0.00020284514757585345,0.0003731472349815304,2.2764492038235057e-07,4.187680780803481e-07,2.2764492038235057e-07,4.187680780803481e-07,0.0,0.0,0.6629086923076923,0.0002029190954334248,0.00037328326701835905,2,1,80,48,64,1.0,0.0,8617814,1.0,0,0,0,0,11924.212011332158
5,x,13,0.0025,m1,val,13000000,0.6629087692307691,8617814,5.801833354505879e-06,2.3229073508403116e-07,13,1.1139085238843696e-05,0.00020284514757585345,0.0003731472349815304,7.556751490296595e-07,1.3901150497042493e-06,4.5528984076470113e-07,8.375361561606962e-07,1.5883272150025214e-06,2.9218342938298504e-06,0.6629049230769231,0.00020277387956520559,0.0003730161327026063,2,1,80,48,64,1.0,0.0,8617814,2.0,96,0,0,0,11984.79033992847
5,x,13,0.0025,normal,anqi,13000000,0.5736519230769231,7457475,1.072674111794774e-05,1.072674111794774e-05,13,0.0,0.00032212275147611895,0.0005925663762452501,3.088135056045295e-06,5.680831270474067e-06,3.088135056045295e-06,5.680831270474067e-06,0.0,0.0,0.5736457692307693,0.0003218789959416446,0.0005921179716135024,2,1,96,64,96,1.0,0.0,7457475,80.0,0,0,0,0,11708.424679551972
5,x,13,0.0025,normal,val,13000000,0.5736519230769231,7457475,1.1331284668566996e-05,9.387895082883351e-07,13,2.078499032055732e-05,0.00032212275147611895,0.0005925663762452501,2.3937355137385547e-06,4.403436803409946e-06,1.1358607249328467e-06,2.0894918803729984e-06,3.406303517432553e-06,6.266123465253272e-06,0.573645423076923,0.0003222439178842825,0.0005927892699684632,2,1,96,64,96,1.0,0.0,7457475,7.0,155,0,0,0,11733.735009753495
5,x,13,0.005,m1,anqi,13500000,0.4466383888888889,6025750,3.2368740627244576e-06,3.2368740627244576e-06,18,0.0,0.0004116808546825092,0.0008911295633592119,1.4734636957815135e-06,3.189478074855001e-06,1.4734636957815135e-06,3.189478074855001e-06,0.0,0.0,0.44663694444444446,0.0004119915231795764,0.0008918020403009789,2,1,80,48,64,1.0,0.0,6025750,26.0,0,0,0,0,11520.628313512309
5,x,13,0.005,m1,val,13500000,0.4466383888888889,6025750,8.750266326711807e-05,3.361307611569047e-06,18,0.00016828271131109806,0.0004116808546825092,0.0008911295633592119,7.29327996981134e-06,1.578712568493556e-05,1.6369104178268655e-06,3.543276908082494e-06,1.4227214684322494e-05,3.0796408104126306e-05,0.44659930555555555,0.0004113388975454631,0.0008903893586332514,2,1,80,48,64,1.0,0.0,6025750,27.0,993,0,0,0,11597.413383719628
5,x,13,0.005,normal,anqi,14600000,0.33894185,4952827,0.00018602618134971207,0.00018602618134971207,20,0.0,0.0005274692804047795,0.0012035277214571274,1.0874356166679137e-05,2.481204040840672e-05,1.0874356166679137e-05,2.481204040840672e-05,0.0,0.0,0.3388788,0.0005276431318916451,0.001203924398745516,2,1,96,64,96,1.0,0.0,4952827,910.0,0,0,0,0,12192.095428047702
5,x,13,0.005,normal,val,14600000,0.33894185,4952827,0.00019310408938587315,1.6809131599826578e-05,20,0.0003525899155720932,0.0005274692804047795,0.0012035277214571274,9.96320637547869e-06,2.2733068091254742e-05,5.731724322870069e-06,1.3078086953292273e-05,2.3372139253539576e-05,5.332825729643438e-05,0.3388764,0.0005275109671927564,0.0012036228382853722,2,1,96,64,96,1.0,0.0,4952827,78.0,1706,0,0,0,12187.773907789611
5,x,13,0.0075,m1,anqi,13000000,0.30503984615384616,3965518,3.6063321668094176e-05,3.6063321668094176e-05,13,0.0,0.00020042412673309946,0.0003686936049878995,5.543620373977448e-06,1.019786097453191e-05,5.543620373977448e-06,1.019786097453191e-05,0.0,0.0,0.3050288461538461,0.0002007888346888329,0.0003693645096996171,2,1,80,48,64,1.0,0.0,3965518,143.0,0,0,0,0,10572.049307185342
5,x,13,0.0075,m1,val,13000000,0.30503984615384616,3965518,0.00042982885475758615,3.7323890334761295e-05,13,0.0007850099288456498,0.00020042412673309946,0.0003686936049878995,1.5955373298130135e-05,2.9350977829376116e-05,5.614569354112329e-06,1.0328376375459558e-05,2.578274434444254e-05,4.7429085079625897e-05,0.30490873076923075,0.0002001731423688954,0.00036823190243969665,2,1,80,48,64,1.0,0.0,3965518,148.0,3113,0,0,0,10614.247005384183
5,x,13,0.0075,normal,anqi,14000000,0.20646342857142858,2890488,0.0009504292078146617,0.0009504292078146617,14,0.0,0.00029414755271671314,0.0005615302874612077,4.3574734540424755e-05,8.31845547805581e-05,4.3574734540424755e-05,8.31845547805581e-05,0.0,0.0,0.2062672142857143,0.0002970173598138139,0.0005670087746670665,2,1,96,64,96,1.0,0.0,2890488,2747.0,0,0,0,0,11034.489737658063
5,x,13,0.0075,normal,val,14000000,0.20646342857142858,2890488,0.0009531828505284657,0.00011833119882211634,14,0.0016697033034126986,0.00029414755271671314,0.0005615302874612077,2.2549442677576254e-05,4.3047086103157525e-05,1.2247872453172798e-05,2.3381297161570956e-05,4.357411030628161e-05,8.318336311204139e-05,0.20626664285714286,0.00029631918601400234,0.000565675954689864,2,1,96,64,96,1.0,0.0,2890488,342.0,4826,0,0,0,11116.223368728533
5,x,13,0.01,m1,anqi,14000000,0.2121005,2969407,0.00011687327638819768,0.00011687327638819768,14,0.0,0.00021780878706580503,0.0004157989066474703,1.0705932421854915e-05,2.0437719963538813e-05,1.0705932421854915e-05,2.0437719963538813e-05,0.0,0.0,0.21207571428571428,0.00021870603213516857,0.00041751175544416964,2,1,80,48,64,1.0,0.0,2969407,347.0,0,0,0,0,11113.82462559652
5,x,13,0.01,m1,val,14000000,0.2121005,2969407,0.0013155877530331105,0.00011620002714947159,14,0.002398775451767278,0.00021780878706580503,0.0004157989066474703,2.462363946565383e-05,4.700674617138877e-05,1.085572527638841e-05,2.0723675851626164e-05,4.298463838999794e-05,8.20580559947666e-05,0.2118214642857143,0.00021790418460697174,0.00041598102139981036,2,1,80,48,64,1.0,0.0,2969407,345.0,7123,0,0,0,11162.041233427706
5,x,13,0.01,normal,anqi,14000000,0.12970585714285715,1815882,0.0028514934468414875,0.0028514934468414875,14,0.0,0.00015996686579990613,0.00030537816584657885,0.00010015793005520743,0.00019120237695666054,0.00010015793005520743,0.00019120237695666054,0.0,0.0,0.129336,0.0001596135270920673,0.00030470363911891645,2,1,96,64,96,1.0,0.0,1815882,5178.0,0,0,0,0,10683.7345106242
5,x,13,0.01,normal,val,14000000,0.12970585714285715,1815882,0.0028715987839772754,0.000429595313247774,14,0.004884006941459003,0.00015996686579990613,0.00030537816584657885,8.21268977289242e-05,0.00015678097629604965,3.357768613704638e-05,6.41001006966615e-05,0.00011371863019246828,0.00021708987381299137,0.12933339285714288,0.00015959369538829946,0.00030466578022050054,2,1,96,64,96,1.0,0.0,1815882,780.0,8869,0,0,0,10722.065915924613
5,x,13,0.05,m1,anqi,14000000,0.004341214285714286,60777,0.06959800838877805,0.06959800838877805,14,0.0,3.647615406515076e-05,6.963330168315086e-05,0.002823157647402728,0.005389432992567224,0.002823157647402728,0.005389432992567224,0.0,0.0,0.004039,3.3532804604079574e-05,6.401442145209264e-05,2,1,80,48,64,1.0,0.0,60777,4231.0,0,0,0,0,9605.027038965258
5,x,13,0.05,m1,val,14000000,0.004341214285714286,60777,0.22138772634061912,0.06972975694890318,14,0.3033159387834319,3.647615406515076e-05,6.963330168315086e-05,0.0030925171520910055,0.005903642676452257,0.002812179278441922,0.005368475188834097,0.002841139445539036,0.005423760404722425,0.00338,2.7219110933312993e-05,5.196152422706628e-05,2,1,80,48,64,1.0,0.0,60777,4239.0,18436,0,0,0,9623.900459647877
5,x,13,0.05,normal,anqi,14000000,0.0019254285714285714,26956,0.3169773432193822,0.3169773432193822,14,0.0,2.2787702486547096e-05,4.35019261920387e-05,0.004587549005251488,0.008757671746268713,0.004587549005251488,0.008757671746268713,0.0,0.0,0.001315,1.52652848999592e-05,2.9141564289357677e-05,2,1,96,64,96,1.0,0.0,26956,8546.0,0,0,0,0,9540.679583386867
5,x,13,0.05,normal,val,14000000,0.0019254285714285714,26956,0.3185466422805795,0.13654415721446522,14,0.3640049701322286,2.2787702486547096e-05,4.35019261920387e-05,0.0023095447062714707,0.004408941331788419,0.0032742563115953902,0.006250584344118414,0.007731102268542046,0.014758742811732208,0.001312,1.384024232780294e-05,2.642114537783941e-05,2,1,96,64,96,1.0,0.0,26956,3680.0,9816,0,0,0,9573.93418973242
5,x,13,0.1,m1,anqi,14000000,0.0006621428571428571,9270,0.14497389183622036,0.14497389183622036,14,0.0,2.032623768584681e-05,3.880296805233243e-05,0.008741426601152262,0.01668746092507326,0.008741426601152262,0.01668746092507326,0.0,0.0,0.0005664285714285713,2.0852011893340174e-05,3.980667567847671e-05,2,1,80,48,64,1.0,0.0,9270,1340.0,0,0,0,0,9397.37286352797
5,x,13,0.1,m1,val,14000000,0.0006621428571428571,9270,0.46175481158318615,0.14487642175604204,14,0.6337567796542883,2.032623768584681e-05,3.880296805233243e-05,0.007627074061768972,0.014560152042188674,0.008880738507155162,0.016953408589441277,0.006475625159327096,0.01236202587315072,0.0003565714285714286,1.367641428490332e-05,2.6108396190657736e-05,2,1,80,48,64,1.0,0.0,9270,1339.0,5878,0,0,0,9468.652710798313
5,x,13,0.1,normal,anqi,14000000,0.0004122857142857143,5772,0.49595482953283626,0.49595482953283626,14,0.0,9.312813340107942e-06,1.7778243278398872e-05,0.012700349390667826,0.024245079649082752,0.012700349390667826,0.024245079649082752,0.0,0.0,0.0002077857142857143,6.6805089626464834e-06,1.2753150871171294e-05,2,1,96,64,96,1.0,0.0,5772,2863.0,0,0,0,0,9516.203143447754
5,x,13,0.1,normal,val,14000000,0.0004122857142857143,5772,0.49187577242356884,0.16997031286638795,14,0.6438109191143617,9.312813340107942e-06,1.7778243278398872e-05,0.008789798519623434,0.016779803346532486,0.009582367163818353,0.01829282391902092,0.011940949882287145,0.022795379251100575,0.00020953571428571427,6.322366280485132e-06,1.2069453313912082e-05,2,1,96,64,96,1.0,0.0,5772,982.0,3713,0,0,0,9461.226053026272
>>>>>>> Stashed changes
5,x,14,0.0,m1,anqi,1000,1.0,1000,0.0,0.0,1,0.0,0.0,,0.0,,0.0,,0.0,,1.0,0.0,,0,3,144,80,128,1.0,0.0,1000,0.0,0,0,0,0,0.6464167081285268
5,x,14,0.0,m1,val,1000,1.0,1000,0.0,0.0,1,0.0,0.0,,0.0,,0.0,,0.0,,1.0,0.0,,0,3,144,80,128,1.0,0.0,1000,0.0,0,0,0,0,0.6519637610763311
5,x,14,0.0,normal,anqi,1000,1.0,1000,0.0,0.0,1,0.0,0.0,,0.0,,0.0,,0.0,,1.0,0.0,,0,3,160,96,160,1.0,0.0,1000,0.0,0,0,0,0,0.7704471480101347
5,x,14,0.0,normal,val,1000,1.0,1000,0.0,0.0,1,0.0,0.0,,0.0,,0.0,,0.0,,1.0,0.0,,0,3,160,96,160,1.0,0.0,1000,0.0,0,0,0,0,0.9005506939720362
5,x,14,0.005,m1,anqi,500000,0.21985799999999997,109929,0.00028205357760683204,0.00028205357760683204,5,0.0,0.00036222369662958264,0.00041324326975765733,7.15717879418589e-05,8.165274648428382e-05,7.15717879418589e-05,8.165274648428382e-05,0.0,0.0,0.21979600000000002,0.00036921947077585125,0.0004212244057506635,0,3,144,80,128,1.0,0.0,109929,31.0,0,0,0,0,310.51433471916243
5,x,14,0.005,m1,val,500000,0.21985799999999997,109929,0.010119931698868087,0.00028205357760683204,5,0.01967575624252251,0.00036222369662958264,0.00041324326975765733,0.00037889172843286694,0.0004322590106572859,7.15717879418589e-05,8.165274648428382e-05,0.0008543836940944375,0.0009747244994196675,0.21763300000000002,0.00033736206425737586,0.0003848798513822166,0,3,144,80,128,1.0,0.0,109929,31.0,2163,0,0,0,312.0439032200957
5,x,14,0.005,normal,anqi,600000,0.16281666666666667,97690,0.009930997836201702,0.009930997836201702,6,0.0,0.0009081333333333331,0.0011349302474895388,0.00029837855525890474,0.0003728955155985463,0.00029837855525890474,0.0003728955155985463,0.0,0.0,0.16119999999999998,0.0009363522641969105,0.0011701965646847637,0,3,160,96,160,1.0,0.0,97690,970.0,0,0,0,0,359.2534742479911
5,x,14,0.005,normal,val,600000,0.16281666666666667,97690,0.010001576861656302,0.00028644341397702204,6,0.01943026689535856,0.0009081333333333331,0.0011349302474895388,0.000301623732573087,0.0003769511424070168,0.00011490273168283832,0.00014359850136473477,0.0005298081893783264,0.0006621223089411927,0.16118833333333335,0.0009127957532280181,0.0011407570585653445,0,3,160,96,160,1.0,0.0,97690,28.0,1898,0,0,0,355.25716831104364
5,x,15,0.0,m1,anqi,1000,1.0,1000,0.0,0.0,1,0.0,0.0,,0.0,,0.0,,0.0,,1.0,0.0,,1,2,112,48,96,1.0,0.0,1000,0.0,0,0,0,0,0.6994552630931139
5,x,15,0.0,m1,val,1000,1.0,1000,0.0,0.0,1,0.0,0.0,,0.0,,0.0,,0.0,,1.0,0.0,,1,2,112,48,96,1.0,0.0,1000,0.0,0,0,0,0,0.7858837640378624
5,x,15,0.0,normal,anqi,1000,1.0,1000,0.0,0.0,1,0.0,0.0,,0.0,,0.0,,0.0,,1.0,0.0,,1,2,128,64,128,1.0,0.0,1000,0.0,0,0,0,0,0.8196359591092914
5,x,15,0.0,normal,val,1000,1.0,1000,0.0,0.0,1,0.0,0.0,,0.0,,0.0,,0.0,,1.0,0.0,,1,2,128,64,128,1.0,0.0,1000,0.0,0,0,0,0,0.6888849448878318
5,x,15,0.005,m1,anqi,500000,0.3376,168800,0.0013921182522139831,0.0013921182522139831,5,0.0,0.0009001287996725829,0.0010269128492720336,0.00012928658650524047,0.0001474967326554208,0.00012928658650524047,0.0001474967326554208,0.0,0.0,0.33713,0.000892478203655399,0.0010181846590869253,1,2,112,48,96,1.0,0.0,168800,235.0,0,0,0,0,387.3210709398845
5,x,15,0.005,m1,val,500000,0.3376,168800,0.02081430783743034,0.0013921182522139831,5,0.038844379170432715,0.0009001287996725829,0.0010269128492720336,0.0006748428634372697,0.0007698951616205831,0.00012928658650524047,0.0001474967326554208,0.001222082319027987,0.0013942138466567164,0.330573,0.0008785611181927035,0.0010023073380954655,1,2,112,48,96,1.0,0.0,168800,235.0,6557,0,0,0,400.6974615100771
5,x,15,0.005,normal,anqi,600000,0.26164666666666664,156988,0.028690381436419662,0.028690381436419662,6,0.0,0.0005599261062358598,0.0006997618642557462,0.00046117042421438503,0.0005763429713204608,0.00046117042421438503,0.0005763429713204608,0.0,0.0,0.25414,0.000583167251023796,0.0007288072447499241,1,2,128,64,128,1.0,0.0,156988,4504.0,0,0,0,0,458.92251554492395
5,x,15,0.005,normal,val,600000,0.26164666666666664,156988,0.028823985834221313,0.0034271189092159615,6,0.0507937338500107,0.0005599261062358598,0.0006997618642557462,0.0006318242805170293,0.0007896158644733798,0.0002936075680420954,0.0003669330236339932,0.0007165881822272532,0.0008955486745741324,0.25410499999999997,0.0005797095548634594,0.0007244860247099213,1,2,128,64,128,1.0,0.0,156988,538.0,7974,0,0,0,453.6359549050685
5,x,16,0.0,m1,anqi,1000,1.0,1000,0.0,0.0,1,0.0,0.0,,0.0,,0.0,,0.0,,1.0,0.0,,0,3,144,48,128,1.0,0.0,1000,0.0,0,0,0,0,1.2415426298975945
5,x,16,0.0,m1,val,1000,1.0,1000,0.0,0.0,1,0.0,0.0,,0.0,,0.0,,0.0,,1.0,0.0,,0,3,144,48,128,1.0,0.0,1000,0.0,0,0,0,0,0.9786198420915752
5,x,16,0.0,normal,anqi,1000,1.0,1000,0.0,0.0,1,0.0,0.0,,0.0,,0.0,,0.0,,1.0,0.0,,0,3,160,64,160,1.0,0.0,1000,0.0,0,0,0,0,0.60743164899759
5,x,16,0.0,normal,val,1000,1.0,1000,0.0,0.0,1,0.0,0.0,,0.0,,0.0,,0.0,,1.0,0.0,,0,3,160,64,160,1.0,0.0,1000,0.0,0,0,0,0,0.9744951690081508
5,x,16,0.005,m1,anqi,500000,0.264362,132181,0.009835176428230317,0.009835176428230317,5,0.0,0.0007457896582817421,0.00085083488409914,0.0003867701331886242,0.0004412470966716384,0.0003867701331886242,0.0004412470966716384,0.0,0.0,0.261762,0.000761262587022374,0.0008684871904639682,0,3,144,48,128,1.0,0.0,132181,1300.0,0,0,0,0,326.03850742208306
5,x,16,0.005,m1,val,500000,0.264362,132181,0.19275865160856304,0.009827604217750857,5,0.36586209478162435,0.0007457896582817421,0.00085083488409914,0.0008686330199738564,0.0009909808572257529,0.0004103186286426445,0.0004681124214691048,0.0015773430312023124,0.0017995133885734401,0.213404,0.0006638615771378844,0.000757367150066597,0,3,144,48,128,1.0,0.0,132181,1299.0,48360,0,0,0,345.0798719719751
5,x,16,0.005,normal,anqi,600000,0.21583,129498,0.22290072410827252,0.22290072410827252,6,0.0,0.0006972202406700534,0.0008713437897867932,0.0013371752769064309,0.0016711209821865093,0.0013371752769064309,0.0016711209821865093,0.0,0.0,0.16772166666666666,0.0006792923173748173,0.000848938552939301,0,3,160,64,160,1.0,0.0,129498,28865.0,0,0,0,0,393.1785951539641
5,x,16,0.005,normal,val,600000,0.21583,129498,0.22325693635329502,0.026039406592150097,6,0.39443505952228985,0.0006972202406700534,0.0008713437897867932,0.0004382716540782282,0.0005477254700087945,0.0005083973502012413,0.0006353643339673917,0.0015753788841768976,0.00196881347846353,0.16764416666666668,0.0004775353848436555,0.0005967949117298732,0,3,160,64,160,1.0,0.0,129498,3372.0,51079,0,0,0,394.0882708840072
5,x,17,0.0,m1,anqi,1000,1.0,1000,0.0,0.0,1,0.0,0.0,,0.0,,0.0,,0.0,,1.0,0.0,,4,-1,16,16,0,1.0,0.0,1000,0.0,0,0,0,0,0.775221224874258
5,x,17,0.0,m1,val,1000,1.0,1000,0.0,0.0,1,0.0,0.0,,0.0,,0.0,,0.0,,1.0,0.0,,4,-1,16,16,0,1.0,0.0,1000,0.0,0,0,0,0,0.942805616883561
5,x,17,0.0,normal,anqi,1000,1.0,1000,0.0,0.0,1,0.0,0.0,,0.0,,0.0,,0.0,,1.0,0.0,,4,-1,32,32,32,1.0,0.0,1000,0.0,0,0,0,0,0.4596662488766014
5,x,17,0.0,normal,val,1000,1.0,1000,0.0,0.0,1,0.0,0.0,,0.0,,0.0,,0.0,,1.0,0.0,,4,-1,32,32,32,1.0,0.0,1000,0.0,0,0,0,0,0.4747322269249707
5,x,17,0.005,m1,anqi,500000,1.0,500000,0.0,0.0,5,0.0,0.0,0.0,0.0,0.0,0.0,0.0,0.0,0.0,1.0,0.0,0.0,4,-1,16,16,0,1.0,0.0,500000,0.0,0,0,0,0,373.6488331061555
5,x,17,0.005,m1,val,500000,1.0,500000,0.0,0.0,5,0.0,0.0,0.0,0.0,0.0,0.0,0.0,0.0,0.0,1.0,0.0,0.0,4,-1,16,16,0,1.0,0.0,500000,0.0,0,0,0,0,364.7990806570742
5,x,17,0.005,normal,anqi,500000,1.0,500000,0.0,0.0,5,0.0,0.0,0.0,0.0,0.0,0.0,0.0,0.0,0.0,1.0,0.0,0.0,4,-1,32,32,32,1.0,0.0,500000,0.0,0,0,0,0,494.7288290520664
5,x,17,0.005,normal,val,500000,1.0,500000,0.0,0.0,5,0.0,0.0,0.0,0.0,0.0,0.0,0.0,0.0,0.0,1.0,0.0,0.0,4,-1,32,32,32,1.0,0.0,500000,0.0,0,0,0,0,502.55959609092673
5,x,18,0.0,m1,anqi,1000,1.0,1000,0.0,0.0,1,0.0,0.0,,0.0,,0.0,,0.0,,1.0,0.0,,0,3,144,112,128,1.0,0.0,1000,0.0,0,0,0,0,1.214686785126105
5,x,18,0.0,m1,val,1000,1.0,1000,0.0,0.0,1,0.0,0.0,,0.0,,0.0,,0.0,,1.0,0.0,,0,3,144,112,128,1.0,0.0,1000,0.0,0,0,0,0,1.1049114961642772
5,x,18,0.0,normal,anqi,1000,1.0,1000,0.0,0.0,1,0.0,0.0,,0.0,,0.0,,0.0,,1.0,0.0,,0,3,160,128,160,1.0,0.0,1000,0.0,0,0,0,0,0.6003122141119093
5,x,18,0.0,normal,val,1000,1.0,1000,0.0,0.0,1,0.0,0.0,,0.0,,0.0,,0.0,,1.0,0.0,,0,3,160,128,160,1.0,0.0,1000,0.0,0,0,0,0,0.5688935499638319
5,x,18,0.005,m1,anqi,500000,0.21900400000000003,109502,0.0,0.0,5,0.0,0.0007106344838241452,0.0008107280678501344,0.0,0.0,0.0,0.0,0.0,0.0,0.21900400000000003,0.0007106344838241452,0.0008107280678501344,0,3,144,112,128,1.0,0.0,109502,0.0,0,0,0,0,318.863723118091
5,x,18,0.005,m1,val,500000,0.21900400000000003,109502,1.8243732723206573e-05,0.0,5,3.6487465446413147e-05,0.0007106344838241452,0.0008107280678501344,2.609882185768822e-05,2.977486724818786e-05,0.0,0.0,5.219764371537644e-05,5.954973449637572e-05,0.219,0.0007092993303253573,0.0008092048566339679,0,3,144,112,128,1.0,0.0,109502,0.0,4,0,0,0,332.078134882031
5,x,18,0.005,normal,anqi,600000,0.16767666666666667,100606,4.965286791910078e-05,4.965286791910078e-05,6,0.0,0.0006115213960098007,0.0007642425443971717,3.578112115984295e-05,4.4717086360366035e-05,3.578112115984295e-05,4.4717086360366035e-05,0.0,0.0,0.16766833333333334,0.0006098806302147222,0.0007621920143026032,0,3,160,128,160,1.0,0.0,100606,5.0,0,0,0,0,366.7853623110568
5,x,18,0.005,normal,val,600000,0.16767666666666667,100606,2.97746753545586e-05,0.0,6,5.95493507091172e-05,0.0006115213960098007,0.0007642425443971717,2.123936972757798e-05,2.654368280147031e-05,0.0,0.0,4.247873945515596e-05,5.308736560294062e-05,0.16767166666666666,0.0006099278704167514,0.0007622510522568468,0,3,160,128,160,1.0,0.0,100606,0.0,6,0,0,0,347.5280815999722
5,x,19,0.0,m1,anqi,1000,1.0,1000,0.0,0.0,1,0.0,0.0,,0.0,,0.0,,0.0,,1.0,0.0,,1,2,112,80,96,1.0,0.0,1000,0.0,0,0,0,0,1.1813509850762784
5,x,19,0.0,m1,val,1000,1.0,1000,0.0,0.0,1,0.0,0.0,,0.0,,0.0,,0.0,,1.0,0.0,,1,2,112,80,96,1.0,0.0,1000,0.0,0,0,0,0,1.5564574419986457
5,x,19,0.0,normal,anqi,1000,1.0,1000,0.0,0.0,1,0.0,0.0,,0.0,,0.0,,0.0,,1.0,0.0,,1,2,128,96,128,1.0,0.0,1000,0.0,0,0,0,0,0.4808984571136534
5,x,19,0.0,normal,val,1000,1.0,1000,0.0,0.0,1,0.0,0.0,,0.0,,0.0,,0.0,,1.0,0.0,,1,2,128,96,128,1.0,0.0,1000,0.0,0,0,0,0,0.4856790120247751
5,x,19,0.005,m1,anqi,500000,0.30608,153040,0.0,0.0,5,0.0,0.0010763059416355482,0.0012279047194306161,0.0,0.0,0.0,0.0,0.0,0.0,0.30608,0.0010763059416355482,0.0012279047194306161,1,2,112,80,96,1.0,0.0,153040,0.0,0,0,0,0,388.35614341008477
5,x,19,0.005,m1,val,500000,0.30608,153040,5.215634964554282e-05,0.0,5,0.00010431269929108564,0.0010763059416355482,0.0012279047194306161,4.0808378393748e-05,4.655627966324195e-05,0.0,0.0,8.1616756787496e-05,9.31125593264839e-05,0.306064,0.0010664381433538475,0.0012166470318050351,1,2,112,80,96,1.0,0.0,153040,0.0,16,0,0,0,396.78651118208654
5,x,19,0.005,normal,anqi,500000,0.23082599999999998,115413,4.324183140515921e-05,4.324183140515921e-05,5,0.0,0.0005479102787865859,0.0006250839943559526,3.789553349439073e-05,4.323315762095808e-05,3.789553349439073e-05,4.323315762095808e-05,0.0,0.0,0.230816,0.0005403560396627328,0.0006164657330298179,1,2,128,96,128,1.0,0.0,115413,5.0,0,0,0,0,375.5837729780469
5,x,19,0.005,normal,val,500000,0.23082599999999998,115413,3.89447292183784e-05,8.659508139937652e-06,5,6.0570442156881486e-05,0.0005479102787865859,0.0006250839943559526,3.11415322773352e-05,3.55278485181762e-05,1.6972635954277794e-05,1.936324885261335e-05,4.314108782906477e-05,4.9217553576060026e-05,0.230817,0.0005436536198720674,0.0006202277807386598,1,2,128,96,128,1.0,0.0,115413,1.0,7,0,0,0,369.3325877968455
5,x,20,0.0,m1,anqi,1000,1.0,1000,0.0,0.0,1,0.0,0.0,,0.0,,0.0,,0.0,,1.0,0.0,,0,3,144,80,128,1.0,0.0,1000,0.0,0,0,0,0,1.0597754949703813
5,x,20,0.0,m1,val,1000,1.0,1000,0.0,0.0,1,0.0,0.0,,0.0,,0.0,,0.0,,1.0,0.0,,0,3,144,80,128,1.0,0.0,1000,0.0,0,0,0,0,1.1921980450861156
5,x,20,0.0,normal,anqi,1000,1.0,1000,0.0,0.0,1,0.0,0.0,,0.0,,0.0,,0.0,,1.0,0.0,,0,3,160,96,160,1.0,0.0,1000,0.0,0,0,0,0,0.6095531471073627
5,x,20,0.0,normal,val,1000,1.0,1000,0.0,0.0,1,0.0,0.0,,0.0,,0.0,,0.0,,1.0,0.0,,0,3,160,96,160,1.0,0.0,1000,0.0,0,0,0,0,0.7942129550501704
5,x,20,0.005,m1,anqi,500000,0.219664,109832,0.0002002785845343925,0.0002002785845343925,5,0.0,0.001049444108850021,0.0011972593703955797,7.253376309319583e-05,8.275021680625067e-05,7.253376309319583e-05,8.275021680625067e-05,0.0,0.0,0.21962,0.0010481694443170884,0.001195805168077138,0,3,144,80,128,1.0,0.0,109832,22.0,0,0,0,0,327.9042338441359
5,x,20,0.005,m1,val,500000,0.219664,109832,0.006696027205765574,0.0001911628142518036,5,0.01300972878302754,0.001049444108850021,0.0011972593703955797,0.00030987635743670854,0.00035352275502474633,5.916673336878938e-05,6.750042745878479e-05,0.0005382172723727213,0.0006140257182091452,0.218193,0.0010195890988040268,0.0011631992520630375,0,3,144,80,128,1.0,0.0,109832,21.0,1429,0,0,0,315.08095004595816
5,x,20,0.005,normal,anqi,600000,0.16226333333333334,97358,0.006695452976226653,0.006695452976226653,6,0.0,0.0011248153705287684,0.0014057263839974887,0.0005780988926367183,0.0007224731162387525,0.0005780988926367183,0.0007224731162387525,0.0,0.0,0.16117666666666666,0.0010942075350580342,0.0013674745579595508,0,3,160,96,160,1.0,0.0,97358,652.0,0,0,0,0,355.834222463076
5,x,20,0.005,normal,val,600000,0.16226333333333334,97358,0.006543145604500777,0.00015383670390421036,6,0.012778617801193132,0.0011248153705287684,0.0014057263839974887,0.00031278717619361127,0.00039090254069406395,6.0027974895536165e-05,7.501934121768466e-05,0.0006033075903623679,0.0007539774256815589,0.16120166666666666,0.001123502553821942,0.0014040857048865064,0,3,160,96,160,1.0,0.0,97358,15.0,1244,0,0,0,353.22437809291296
5,x,21,0.0,m1,anqi,1000,1.0,1000,0.0,0.0,1,0.0,0.0,,0.0,,0.0,,0.0,,1.0,0.0,,2,1,80,48,64,1.0,0.0,1000,0.0,0,0,0,0,0.8611316122114658
5,x,21,0.0,m1,val,1000,1.0,1000,0.0,0.0,1,0.0,0.0,,0.0,,0.0,,0.0,,1.0,0.0,,2,1,80,48,64,1.0,0.0,1000,0.0,0,0,0,0,1.0216499189846218
5,x,21,0.0,normal,anqi,1000,1.0,1000,0.0,0.0,1,0.0,0.0,,0.0,,0.0,,0.0,,1.0,0.0,,2,1,96,64,96,1.0,0.0,1000,0.0,0,0,0,0,1.2078128450084478
5,x,21,0.0,normal,val,1000,1.0,1000,0.0,0.0,1,0.0,0.0,,0.0,,0.0,,0.0,,1.0,0.0,,2,1,96,64,96,1.0,0.0,1000,0.0,0,0,0,0,0.6381868438329548
5,x,21,0.0001,m1,val,2000000,0.9834325,1966865,0.0,0.0,2,0.0,9.506000000001345e-05,6.858935777510482e-05,0.0,0.0,0.0,0.0,0.0,0.0,0.9834325,9.506000000001345e-05,6.858935777510482e-05,2,1,80,48,64,1.0,0.0,1966865,0.0,0,0,0,0,1946.1797760198824
<<<<<<< Updated upstream
5,x,21,0.0001,normal,val,3000000,0.977407,2932221,0.0,0.0,3,0.0,0.0002676697975740956,0.00023653963727041333,0.0,0.0,0.0,0.0,0.0,0.0,0.977407,0.0002676697975740956,0.00023653963727041333,2,1,96,64,96,1.0,0.0,2932221,0.0,0,0,0,0,2987.3493221669924
5,x,21,0.00025,m1,val,2000000,0.9591495,1918299,0.0,0.0,2,0.0,0.00011858000000003699,8.555992052359894e-05,0.0,0.0,0.0,0.0,0.0,0.0,0.9591495,0.00011858000000003699,8.555992052359894e-05,2,1,80,48,64,1.0,0.0,1918299,0.0,0,0,0,0,1954.0121634497773
5,x,21,0.00025,normal,val,3000000,0.9445413333333333,2833624,0.0,0.0,3,0.0,0.000351973897011919,0.00031103911865441793,0.0,0.0,0.0,0.0,0.0,0.0,0.9445413333333333,0.000351973897011919,0.00031103911865441793,2,1,96,64,96,1.0,0.0,2833624,0.0,0,0,0,0,2978.80755928508
5,x,21,0.0005,m1,val,2000000,0.9200095,1840019,0.0,0.0,2,0.0,0.0003361399999999825,0.0002425376259469732,0.0,0.0,0.0,0.0,0.0,0.0,0.9200095,0.0003361399999999825,0.0002425376259469732,2,1,80,48,64,1.0,0.0,1840019,0.0,0,0,0,0,1949.2559723327868
5,x,21,0.0005,normal,val,3000000,0.892688,2678064,0.0,0.0,3,0.0,0.00014155940849453665,0.00012509596316425244,0.0,0.0,0.0,0.0,0.0,0.0,0.892688,0.00014155940849453665,0.00012509596316425244,2,1,96,64,96,1.0,0.0,2678064,0.0,0,0,0,0,2948.4466647021472
5,x,21,0.00075,m1,val,3000000,0.8823226666666667,2646968,3.7780815355332347e-07,0.0,3,7.556163071066469e-07,0.00011359172818087098,0.00010038094108613365,7.40503980964514e-07,6.543829174681403e-07,0.0,0.0,1.481007961929028e-06,1.3087658349362806e-06,0.8823223333333333,0.00011382259256310845,0.0001005849558002629,2,1,80,48,64,1.0,0.0,2646968,0.0,2,0,0,0,2925.0704627537634
5,x,21,0.00075,normal,val,3000000,0.8433453333333333,2530036,0.0,0.0,3,0.0,0.0006084006839063397,0.0005376433142272617,0.0,0.0,0.0,0.0,0.0,0.0,0.8433453333333333,0.0006084006839063397,0.0005376433142272617,2,1,96,64,96,1.0,0.0,2530036,0.0,0,0,0,0,2921.912513166899
5,x,21,0.001,m1,val,7000000,0.8468575714285714,5928003,2.5301045040894497e-07,0.0,7,5.060209008178899e-07,0.00025340221730156776,0.00034206084114913124,2.3376978001867578e-07,3.1555954182229205e-07,0.0,0.0,4.6753956003735157e-07,6.311190836445841e-07,0.8468573571428571,0.00025335531466040464,0.0003419975285346671,2,1,80,48,64,1.0,0.0,5928003,0.0,3,0,0,0,6208.482555969153
5,x,21,0.001,normal,val,7000000,0.797296,5581072,1.7924404183842725e-07,0.0,7,3.584880836768545e-07,0.0003303856437558718,0.0004459786990428656,3.5131832200331735e-07,4.742351586945352e-07,0.0,0.0,7.026366440066347e-07,9.484703173890704e-07,0.7972958571428571,0.0003304682528372952,0.0004460902108211727,2,1,96,64,96,1.0,0.0,5581072,0.0,2,0,0,0,6156.348941097036
5,x,21,0.0025,m1,val,7000000,0.6622235714285714,4635565,6.471504116164513e-06,0.0,7,1.2943008232329026e-05,0.00027264869704440327,0.0003680411467680012,1.1109646525333804e-06,1.4996613193809228e-06,0.0,0.0,2.2219293050667608e-06,2.9993226387618456e-06,0.6622192857142857,0.00027244317743953716,0.0003677637213781931,2,1,80,48,64,1.0,0.0,4635565,0.0,60,0,0,0,5983.487536401255
5,x,21,0.0025,normal,val,7000000,0.5718265714285715,4002786,8.744278821650272e-06,4.99725026304276e-07,7,1.6489107590691992e-05,0.0001869847323535525,0.00025240566365993526,1.714844400997543e-06,2.3148223582709297e-06,9.79461051556381e-07,1.3221481435163255e-06,2.980336615167158e-06,4.023076279077711e-06,0.5718215714285714,0.00018739847633673194,0.000252964165540518,2,1,96,64,96,1.0,0.0,4002786,2.0,66,0,0,0,5830.758686809335
5,x,21,0.005,m1,anqi,600000,0.4436183333333334,266171,3.771165667307765e-06,3.771165667307765e-06,6,0.0,0.001335836622412257,0.001669448012567831,7.391484707923221e-06,9.23743162040645e-06,7.391484707923221e-06,9.23743162040645e-06,0.0,0.0,0.4436166666666667,0.001337438920391427,0.0016714504679070448,2,1,80,48,64,1.0,0.0,266171,1.0,0,0,0,0,562.112091385643
5,x,21,0.005,m1,val,7500000,0.44403325,3331443,0.00010312388836736747,5.074867565898543e-06,12,0.00019609804160293788,0.0006373648541360515,0.0011264778676758852,1.011968626477982e-05,1.7885521191077105e-05,3.583181803053369e-06,6.3329111588211154e-06,1.584191767673239e-05,2.7998986025942867e-05,0.44398745833333336,0.0006370170464988082,0.0011258631528810222,2,1,80,48,64,1.0,0.0,3331443,18.0,667,0,0,0,6196.6084462419385
5,x,21,0.005,normal,anqi,500000,0.33448,167240,0.00013750017135981933,0.00013750017135981933,5,0.0,0.0011044734781786186,0.0012600396819148069,2.3292812464411422e-05,2.657362860080528e-05,2.3292812464411422e-05,2.657362860080528e-05,0.0,0.0,0.334434,0.0011017501538915493,0.0012569327746542647,2,1,96,64,96,1.0,0.0,167240,23.0,0,0,0,0,406.8718986142194
5,x,21,0.005,normal,val,7500000,0.33463200000000004,2510424,0.0001476812095198535,1.0239256076934805e-05,12,0.0002748839068858374,0.00045700635887094797,0.0008077124825985077,8.10592548696429e-06,1.4326402842642492e-05,9.845120243011248e-06,1.7400253538286055e-05,2.7141654071834407e-05,4.7970126381506006e-05,0.33458258333333335,0.0004575145735571327,0.000808610700616492,2,1,96,64,96,1.0,0.0,2510424,23.0,717,0,0,0,5912.293540005456
5,x,21,0.0075,m1,val,7000000,0.30170142857142856,2111910,0.00048155452144661124,3.787819451420094e-05,7,0.0008873526538648207,0.0002218323451017291,0.00029944551933134314,2.744396395801954e-05,3.704586919527529e-05,7.738694749144063e-06,1.0446256009426821e-05,4.196570694468523e-05,5.664837967788436e-05,0.30155614285714283,0.00022185731871332448,0.00029947923053829235,2,1,80,48,64,1.0,0.0,2111910,80.0,1874,0,0,0,5475.717401092639
5,x,21,0.0075,normal,val,7000000,0.20094828571428572,1406638,0.000697064820480146,6.609744868251061e-05,7,0.0012619347435952708,0.0002725557068441888,0.0003679156217965045,2.464735700327369e-05,3.3270804645759383e-05,1.5276648070759652e-05,2.062153656218607e-05,5.0521169646704236e-05,6.819716879045119e-05,0.2008082142857143,0.00027361177265119573,0.000369341176640106,2,1,96,64,96,1.0,0.0,1406638,93.0,1775,0,0,0,5270.4449368978385
5,x,21,0.01,m1,val,6000000,0.20794016666666668,1247641,0.001455618747598732,0.00015070131149606358,6,0.002609834872205337,0.0002620090273084333,0.00032744307393296166,5.740686338310817e-05,7.174363419504013e-05,2.274175792251716e-05,2.8421276920440745e-05,0.00010481271993285081,0.0001309886134636347,0.2076375,0.0002708323574464435,0.00033846993958104625,2,1,80,48,64,1.0,0.0,1247641,188.0,3256,0,0,0,4932.725284604967
5,x,21,0.01,normal,val,6000000,0.12331550000000001,739893,0.0021625656790996593,0.000291936385878156,6,0.0037412585864430065,0.00034973187196289245,0.00043707379239666565,0.00013069542195789891,0.0001633352528135677,5.653506162435491e-05,7.065410895738378e-05,0.0001553342106821153,0.00019412732437202172,0.12304883333333333,0.00035234224871722694,0.00044033608376632997,2,1,96,64,96,1.0,0.0,739893,216.0,2768,0,0,0,4833.092619019881
=======
5,x,21,0.0001,normal,val,2000000,0.9773244999999999,1954649,0.0,0.0,2,0.0,0.00036946000000001583,0.00026657925650733986,0.0,0.0,0.0,0.0,0.0,0.0,0.9773244999999999,0.00036946000000001583,0.00026657925650733986,2,1,96,64,96,1.0,0.0,1954649,0.0,0,0,0,0,1995.366379724117
5,x,21,0.00025,m1,val,2000000,0.9591495,1918299,0.0,0.0,2,0.0,0.00011858000000003699,8.555992052359894e-05,0.0,0.0,0.0,0.0,0.0,0.0,0.9591495,0.00011858000000003699,8.555992052359894e-05,2,1,80,48,64,1.0,0.0,1918299,0.0,0,0,0,0,1954.0121634497773
5,x,21,0.00025,normal,val,2000000,0.9443790000000001,1888758,0.0,0.0,2,0.0,0.0002606800000000431,0.00018809040379565275,0.0,0.0,0.0,0.0,0.0,0.0,0.9443790000000001,0.0002606800000000431,0.00018809040379565275,2,1,96,64,96,1.0,0.0,1888758,0.0,0,0,0,0,1986.5501056150533
5,x,21,0.0005,m1,val,2000000,0.9200095,1840019,0.0,0.0,2,0.0,0.0003361399999999825,0.0002425376259469732,0.0,0.0,0.0,0.0,0.0,0.0,0.9200095,0.0003361399999999825,0.0002425376259469732,2,1,80,48,64,1.0,0.0,1840019,0.0,0,0,0,0,1949.2559723327868
5,x,21,0.0005,normal,val,2000000,0.8926995,1785399,0.0,0.0,2,0.0,0.00024205999999994286,0.00017465537495303603,0.0,0.0,0.0,0.0,0.0,0.0,0.8926995,0.00024205999999994286,0.00017465537495303603,2,1,96,64,96,1.0,0.0,1785399,0.0,0,0,0,0,1951.7699364691507
5,x,21,0.00075,m1,val,2000000,0.8823595,1764719,5.667122303299852e-07,0.0,2,1.1334244606599704e-06,0.00015190000000007032,0.00010960155108396561,1.110755971446771e-06,8.014521220953703e-07,0.0,0.0,2.221511942893542e-06,1.6029042441907407e-06,0.882359,0.00015288000000004406,0.00011030865786513322,2,1,80,48,64,1.0,0.0,1764719,0.0,2,0,0,0,1951.327625369886
5,x,21,0.00075,normal,val,2000000,0.8436524999999999,1687305,0.0,0.0,2,0.0,0.00015189999999996152,0.0001096015510838871,0.0,0.0,0.0,0.0,0.0,0.0,0.8436524999999999,0.00015189999999996152,0.0001096015510838871,2,1,96,64,96,1.0,0.0,1687305,0.0,0,0,0,0,1959.936160868965
5,x,21,0.001,m1,val,2000000,0.846896,1693792,0.0,0.0,2,0.0,0.00039592000000006957,0.0002856711395994154,0.0,0.0,0.0,0.0,0.0,0.0,0.846896,0.00039592000000006957,0.0002856711395994154,2,1,80,48,64,1.0,0.0,1693792,0.0,0,0,0,0,1925.3947837180458
5,x,21,0.001,normal,val,2000000,0.7969235,1593847,0.0,0.0,2,0.0,9.702000000006981e-05,7.000357133751858e-05,0.0,0.0,0.0,0.0,0.0,0.0,0.7969235,9.702000000006981e-05,7.000357133751858e-05,2,1,96,64,96,1.0,0.0,1593847,0.0,0,0,0,0,1916.9208648549393
5,x,21,0.0025,m1,val,2000000,0.6625135,1325027,6.415255680102806e-06,0.0,2,1.2830511360205611e-05,0.00020090000000001052,0.00014495689014324984,3.6999832076872892e-06,2.6696767514612616e-06,0.0,0.0,7.3999664153745784e-06,5.339353502922523e-06,0.66250925,0.00020334999999997217,0.00014672465709618854,2,1,80,48,64,1.0,0.0,1325027,0.0,17,0,0,0,1832.4292617209721
5,x,21,0.0025,normal,val,2000000,0.5716985,1143397,9.620849868801064e-06,0.0,2,1.9241699737602128e-05,0.0005027399999999859,0.00036274577874868873,1.7226506385149525e-06,1.2429570899074072e-06,0.0,0.0,3.445301277029905e-06,2.4859141798148144e-06,0.571693,0.0005037199999999053,0.0003634528855298171,2,1,96,64,96,1.0,0.0,1143397,0.0,22,0,0,0,1765.4233786603436
5,x,21,0.005,m1,anqi,600000,0.4436183333333334,266171,3.771165667307765e-06,3.771165667307765e-06,6,0.0,0.0013358366224122586,0.001669448012567833,7.391484707923219e-06,9.237431620406449e-06,7.391484707923219e-06,9.237431620406449e-06,0.0,0.0,0.4436166666666667,0.001337438920391435,0.0016714504679070548,2,1,80,48,64,1.0,0.0,266171,1.0,0,0,0,0,562.112091385643
5,x,21,0.005,m1,val,2500000,0.4439084285714286,1110403,0.00010056499536173217,4.19711666913098e-06,7,0.00019273575738520238,0.0011156677797026686,0.0015060099443167635,1.5689368210355088e-05,2.11786563838378e-05,6.153663468762364e-06,8.306664893024644e-06,2.3128289432296993e-05,3.1220256167439335e-05,0.4438637857142857,0.0011152696861895612,0.0015054725685850134,2,1,80,48,64,1.0,0.0,1110403,4.0,221,0,0,0,2161.245013042004
5,x,21,0.005,normal,anqi,500000,0.33448,167240,0.00013750017135981933,0.00013750017135981933,5,0.0,0.0011044734781786327,0.0012600396819148233,2.3292812464411415e-05,2.657362860080527e-05,2.3292812464411415e-05,2.657362860080527e-05,0.0,0.0,0.334434,0.0011017501538915359,0.0012569327746542493,2,1,96,64,96,1.0,0.0,167240,23.0,0,0,0,0,406.8718986142194
5,x,21,0.005,normal,val,2500000,0.33459457142857146,837002,0.00014218705246971946,8.590069021204585e-06,7,0.0002671939668970297,0.0007943683068535226,0.0010722964231254422,1.061974971870157e-05,1.4335314663996173e-05,1.6836535281560985e-05,2.2727186374987357e-05,4.3454584362018865e-05,5.865817527937668e-05,0.33454700000000004,0.0007952396287073905,0.0010734725970730087,2,1,96,64,96,1.0,0.0,837002,2.0,239,0,0,0,2020.8250411272747
5,x,21,0.0075,m1,val,2000000,0.3015835,603167,0.0004957199926805748,3.6474545818880256e-05,2,0.000918490893723389,7.153999999998994e-05,5.161879502661071e-05,5.2109826327621974e-05,3.759919547215795e-05,6.507681584065053e-06,4.69553650805634e-06,9.120428948711377e-05,6.580731792820316e-05,0.301434,8.722000000000562e-05,6.293250352560679e-05,2,1,80,48,64,1.0,0.0,603167,22.0,554,0,0,0,1614.0909953629598
5,x,21,0.0075,normal,val,2000000,0.201269,402538,0.0006943672759964035,7.702401784775101e-05,2,0.0012346865162973049,0.00028616000000001413,0.0002064751801064821,6.185105574976342e-05,4.462785810633155e-05,3.419324979478863e-05,2.4671713061939357e-05,5.53156119099496e-05,3.991229008878441e-05,0.20112924999999998,0.0002984099999999992,0.00021531401487130317,2,1,96,64,96,1.0,0.0,402538,31.0,497,0,0,0,1533.957517922856
5,x,21,0.01,m1,val,2000000,0.2079245,415849,0.0014212009461888114,0.0001442722672435136,2,0.0025538573578905953,0.00015386000000000425,0.00011101576464629103,6.232390111593699e-05,4.496903378477437e-05,5.645223275257083e-05,4.073240468618792e-05,0.00023755226773701572,0.00017140287694192465,0.207629,0.0001666000000000034,0.00012020815280171555,2,1,80,48,64,1.0,0.0,415849,60.0,1062,0,0,0,1539.9281723380554
5,x,21,0.01,normal,val,2000000,0.1234075,246815,0.002080423710443354,0.00024710253835738126,2,0.0036666423441719456,0.0003087000000000027,0.00022273863607376443,0.00012582519863530296,9.078760326445617e-05,7.085241534273909e-05,5.112267689009857e-05,0.0001099455665851275,7.932985274871504e-05,0.12315075,0.00029253000000000693,0.00021107137418418945,2,1,96,64,96,1.0,0.0,246815,61.0,905,0,0,0,1510.0275796048809
>>>>>>> Stashed changes
5,x,22,0.0,m1,anqi,1000,1.0,1000,0.0,0.0,1,0.0,0.0,,0.0,,0.0,,0.0,,1.0,0.0,,0,3,144,80,128,1.0,0.0,1000,0.0,0,0,0,0,0.9769731669221072
5,x,22,0.0,m1,val,1000,1.0,1000,0.0,0.0,1,0.0,0.0,,0.0,,0.0,,0.0,,1.0,0.0,,0,3,144,80,128,1.0,0.0,1000,0.0,0,0,0,0,0.8073456608690321
5,x,22,0.0,normal,anqi,1000,1.0,1000,0.0,0.0,1,0.0,0.0,,0.0,,0.0,,0.0,,1.0,0.0,,0,3,160,96,160,1.0,0.0,1000,0.0,0,0,0,0,0.4812509228941053
5,x,22,0.0,normal,val,1000,1.0,1000,0.0,0.0,1,0.0,0.0,,0.0,,0.0,,0.0,,1.0,0.0,,0,3,160,96,160,1.0,0.0,1000,0.0,0,0,0,0,0.7052795370109379
5,x,22,0.005,m1,anqi,2600000,0.218208,567339,0.0004392610325829429,0.0004392610325829429,8,0.0,0.0007794366316770037,0.001124785566865328,9.816166183173827e-05,0.00014165464639543434,9.816166183173827e-05,0.00014165464639543434,0.0,0.0,0.218112125,0.0007755681716167872,0.001119203088617719,0,3,144,80,128,1.0,0.0,567339,245.0,0,0,0,0,1666.8653031839058
5,x,22,0.005,m1,val,2600000,0.218208,567339,0.010340556329659491,0.00043920143643016556,8,0.01980270978645865,0.0007794366316770037,0.001124785566865328,0.0002925454308747923,0.0004221650162789919,0.0001050113628286111,0.0001515392790974528,0.0005658819465359339,0.0008166101260134739,0.2159516875,0.0007862321616140189,0.0011345920266616948,0,3,144,80,128,1.0,0.0,567339,245.0,11662,0,0,0,1648.518285593018
5,x,22,0.005,normal,anqi,2600000,0.161452125,420201,0.010949785539420545,0.010949785539420545,8,0.0,0.0006202070009480763,0.0008950052573668496,0.00047295619635599913,0.0006825112931582108,0.00047295619635599913,0.0006825112931582108,0.0,0.0,0.15968425,0.0006168884269460705,0.0008902163059776911,0,3,160,96,160,1.0,0.0,420201,4450.0,0,0,0,0,1520.8347661880543
5,x,22,0.005,normal,val,2600000,0.161452125,420201,0.010759957470102022,0.00041043876593388007,8,0.020699037408336285,0.0006202070009480763,0.0008950052573668496,0.00029660667228894764,0.00042802569249120593,5.227888360034615e-05,7.544235327891216e-05,0.0005941892354610669,0.0008574596687807566,0.1597149375,0.0006196762604830484,0.0008942393590365,0,3,160,96,160,1.0,0.0,420201,161.0,8600,0,0,0,1465.0663674558746
5,x,23,0.0,m1,anqi,1000,1.0,1000,0.0,0.0,1,0.0,0.0,,0.0,,0.0,,0.0,,1.0,0.0,,1,2,112,48,96,1.0,0.0,1000,0.0,0,0,0,0,0.9901657460723072
5,x,23,0.0,m1,val,1000,1.0,1000,0.0,0.0,1,0.0,0.0,,0.0,,0.0,,0.0,,1.0,0.0,,1,2,112,48,96,1.0,0.0,1000,0.0,0,0,0,0,1.0792993428185582
5,x,23,0.0,normal,anqi,1000,1.0,1000,0.0,0.0,1,0.0,0.0,,0.0,,0.0,,0.0,,1.0,0.0,,1,2,128,64,128,1.0,0.0,1000,0.0,0,0,0,0,0.6295055439695716
5,x,23,0.0,normal,val,1000,1.0,1000,0.0,0.0,1,0.0,0.0,,0.0,,0.0,,0.0,,1.0,0.0,,1,2,128,64,128,1.0,0.0,1000,0.0,0,0,0,0,0.6349451509304345
5,x,23,0.005,m1,anqi,600000,0.3258433333333333,195506,0.0008535873297668945,0.0008535873297668945,6,0.0,0.001844932821661661,0.0023056857259103392,0.0001342339304843841,0.0001677574672729434,0.0001342339304843841,0.0001677574672729434,0.0,0.0,0.325565,0.001816506950532622,0.0022701607872571464,1,2,112,48,96,1.0,0.0,195506,167.0,0,0,0,0,530.324295471888
5,x,23,0.005,m1,val,600000,0.3258433333333333,195506,0.018980106270127074,0.0008587316802412037,6,0.03624274917977174,0.001844932821661661,0.0023056857259103392,0.00043024215304352697,0.0005376906840780968,0.00013401758105045686,0.00016748708680393225,0.0007292163356871174,0.0009113305788446574,0.3196583333333333,0.0017513812238091197,0.0021887705833793306,1,2,112,48,96,1.0,0.0,195506,168.0,7086,0,0,0,509.37275002431124
5,x,23,0.005,normal,anqi,500000,0.24428200000000003,122141,0.022739647641122233,0.022739647641122233,5,0.0,0.00214847114534965,0.002451085473825842,0.0008867245986467745,0.0010116206530078602,0.0008867245986467745,0.0010116206530078602,0.0,0.0,0.238728,0.002205094949066822,0.002515684797425944,1,2,128,64,128,1.0,0.0,122141,2777.0,0,0,0,0,382.76980968599673
5,x,23,0.005,normal,val,500000,0.24428200000000003,122141,0.022827462124247987,0.002023833177316472,5,0.04160725789386303,0.00214847114534965,0.002451085473825842,0.0005306152330716835,0.0006053529240026423,0.0002871667466366387,0.00032761447263111393,0.0013862345224643585,0.0015814870535649313,0.238706,0.002140070498278044,0.0024415015871385474,1,2,128,64,128,1.0,0.0,122141,247.0,5082,0,0,0,378.3620787357213
5,x,24,0.0,m1,anqi,1000,1.0,1000,0.0,0.0,1,0.0,0.0,,0.0,,0.0,,0.0,,1.0,0.0,,0,3,144,48,128,1.0,0.0,1000,0.0,0,0,0,0,0.8649708109442145
5,x,24,0.0,m1,val,1000,1.0,1000,0.0,0.0,1,0.0,0.0,,0.0,,0.0,,0.0,,1.0,0.0,,0,3,144,48,128,1.0,0.0,1000,0.0,0,0,0,0,0.8191670030355453
5,x,24,0.0,normal,anqi,1000,1.0,1000,0.0,0.0,1,0.0,0.0,,0.0,,0.0,,0.0,,1.0,0.0,,0,3,160,64,160,1.0,0.0,1000,0.0,0,0,0,0,0.7869025568943471
5,x,24,0.0,normal,val,1000,1.0,1000,0.0,0.0,1,0.0,0.0,,0.0,,0.0,,0.0,,1.0,0.0,,0,3,160,64,160,1.0,0.0,1000,0.0,0,0,0,0,0.6187597429379821
5,x,24,0.005,m1,anqi,600000,0.24467166666666665,146803,0.005865499787099374,0.005865499787099374,6,0.0,0.0009621106986435866,0.0012023879019129708,0.0003671856666155673,0.00045888649187338554,0.0003671856666155673,0.00045888649187338554,0.0,0.0,0.24323666666666666,0.0009843242374565622,0.0012301490424605724,0,3,144,48,128,1.0,0.0,146803,861.0,0,0,0,0,425.8160708898213
5,x,24,0.005,m1,val,600000,0.24467166666666665,146803,0.17580908530525188,0.0058587263714013045,6,0.3399007178677012,0.0009621106986435866,0.0012023879019129708,0.0005030654153713835,0.0006287008035210014,0.0003750181964968133,0.0004686751151408115,0.0009911164531309165,0.0012386375437999104,0.20165583333333334,0.0007361507805998542,0.0009199968297046797,0,3,144,48,128,1.0,0.0,146803,860.0,49899,0,0,0,426.17183812812436
5,x,24,0.005,normal,anqi,500000,0.18961999999999998,94810,0.19061278678798563,0.19061278678798563,5,0.0,0.0015839298317791711,0.00180702794665716,0.0015574166936612604,0.0017767804062854818,0.0015574166936612604,0.0017767804062854818,0.0,0.0,0.153478,0.0015244894615575367,0.0017392153403187269,0,3,160,64,160,1.0,0.0,94810,18071.0,0,0,0,0,314.050541387056
5,x,24,0.005,normal,val,500000,0.18961999999999998,94810,0.19108823545649214,0.013034649159489427,5,0.3561071725940054,0.0015839298317791711,0.00180702794665716,0.0025407437468532193,0.0028986100670261817,0.0005336918012168153,0.0006088628298750531,0.005043239679698606,0.005753585076852219,0.153386,0.0013873089899514093,0.001582712860881594,0,3,160,64,160,1.0,0.0,94810,1236.0,33762,0,0,0,320.52694081817754
5,x,25,0.0,m1,anqi,1000,1.0,1000,0.0,0.0,1,0.0,0.0,,0.0,,0.0,,0.0,,1.0,0.0,,3,0,48,16,32,1.0,0.0,1000,0.0,0,0,0,0,1.890647822059691
5,x,25,0.0,m1,val,1000,1.0,1000,0.0,0.0,1,0.0,0.0,,0.0,,0.0,,0.0,,1.0,0.0,,3,0,48,16,32,1.0,0.0,1000,0.0,0,0,0,0,0.8737689421977848
5,x,25,0.0,normal,anqi,1000,1.0,1000,0.0,0.0,1,0.0,0.0,,0.0,,0.0,,0.0,,1.0,0.0,,3,0,64,32,64,1.0,0.0,1000,0.0,0,0,0,0,0.544564665062353
5,x,25,0.0,normal,val,1000,1.0,1000,0.0,0.0,1,0.0,0.0,,0.0,,0.0,,0.0,,1.0,0.0,,3,0,64,32,64,1.0,0.0,1000,0.0,0,0,0,0,0.7458510049618781
5,x,25,0.0001,m1,val,2000000,0.9927305,1985461,0.0,0.0,2,0.0,6.8600000000340604e-06,4.949747468330409e-06,0.0,0.0,0.0,0.0,0.0,0.0,0.9927305,6.8600000000340604e-06,4.949747468330409e-06,3,0,48,16,32,1.0,0.0,1985461,0.0,0,0,0,0,1928.6420137118548
<<<<<<< Updated upstream
5,x,25,0.0001,normal,val,3000000,0.9902703333333333,2970811,0.0,0.0,3,0.0,9.490214843604352e-06,8.386497083605645e-06,0.0,0.0,0.0,0.0,0.0,0.0,0.9902703333333333,9.490214843604352e-06,8.386497083605645e-06,3,0,64,32,64,1.0,0.0,2970811,0.0,0,0,0,0,2980.387647534022
5,x,25,0.00025,m1,val,2000000,0.9818695,1963739,0.0,0.0,2,0.0,0.000216579999999863,0.00015627059864212816,0.0,0.0,0.0,0.0,0.0,0.0,0.9818695,0.000216579999999863,0.00015627059864212816,3,0,48,16,32,1.0,0.0,1963739,0.0,0,0,0,0,1956.4875271520577
5,x,25,0.00025,normal,val,3000000,0.97585,2927550,0.0,0.0,3,0.0,0.00017264696464165091,0.00015256801761830962,0.0,0.0,0.0,0.0,0.0,0.0,0.97585,0.00017264696464165091,0.00015256801761830962,3,0,64,32,64,1.0,0.0,2927550,0.0,0,0,0,0,2991.6707990609575
5,x,25,0.0005,m1,val,2000000,0.964237,1928474,0.0,0.0,2,0.0,0.0002724400000000005,0.00019657568516986054,0.0,0.0,0.0,0.0,0.0,0.0,0.964237,0.0002724400000000005,0.00019657568516986054,3,0,48,16,32,1.0,0.0,1928474,0.0,0,0,0,0,1967.0127525629941
5,x,25,0.0005,normal,val,3000000,0.9521463333333333,2856439,1.7508823571638928e-07,0.0,3,3.5017647143277855e-07,0.0002873084867834368,0.0002538943349768591,3.4317294200412304e-07,3.03261720068382e-07,0.0,0.0,6.863458840082461e-07,6.06523440136764e-07,0.9521461666666667,0.00028758190493218243,0.0002541359544285626,3,0,64,32,64,1.0,0.0,2856439,0.0,1,0,0,0,2960.788283305941
5,x,25,0.00075,m1,val,3000000,0.9466236666666666,2839871,0.0,0.0,3,0.0,0.0001481770946461764,0.00013094400839036726,0.0,0.0,0.0,0.0,0.0,0.0,0.9466236666666666,0.0001481770946461764,0.00013094400839036726,3,0,48,16,32,1.0,0.0,2839871,0.0,0,0,0,0,2940.922371486202
5,x,25,0.00075,normal,val,3000000,0.929351,2788053,7.173019503341968e-07,0.0,3,1.4346039006683937e-06,0.0003417170673720335,0.00030197516454173425,9.297492439506367e-07,8.216188412353333e-07,0.0,0.0,1.8594984879012734e-06,1.6432376824706667e-06,0.9293503333333334,0.0003415016830283084,0.00030178482952822056,3,0,64,32,64,1.0,0.0,2788053,0.0,4,0,0,0,2929.3344142707065
5,x,25,0.001,m1,val,7000000,0.9293222857142858,6505256,6.149866873656036e-07,0.0,7,1.2299733747312072e-06,0.00021226542503822432,0.0002865313911166146,4.2631274428209343e-07,5.754681133203532e-07,0.0,0.0,8.526254885641869e-07,1.1509362266407065e-06,0.9293217142857143,0.00021252402719065556,0.00028688047121041004,3,0,48,16,32,1.0,0.0,6505256,0.0,8,0,0,0,6235.216956780525
5,x,25,0.001,normal,val,7000000,0.9069072857142857,6348351,2.2838470751390305e-06,0.0,7,4.567694150278061e-06,0.00019994182887363995,0.00026989609993830865,1.14117204505698e-06,1.5404374665100844e-06,0.0,0.0,2.28234409011396e-06,3.0808749330201687e-06,0.9069052142857144,0.00019938867303169038,0.0002691494097372571,3,0,64,32,64,1.0,0.0,6348351,0.0,29,0,0,0,6286.354653687216
5,x,25,0.0025,m1,val,7000000,0.8334625714285714,5834238,2.1509957685346912e-05,1.370929874440267e-06,7,4.027805562181329e-05,0.0003427652148823371,0.00046268954931748957,3.583376706459821e-06,4.837103887323667e-06,7.993952354782351e-07,1.0790821389414938e-06,5.8646668299918915e-06,7.916556099187788e-06,0.8334446428571428,0.00034148034789719924,0.0004609551419141875,3,0,48,16,32,1.0,0.0,5834238,8.0,235,0,0,0,6198.602316612145
5,x,25,0.0025,normal,val,7000000,0.7850061428571429,5495043,7.088050059570282e-05,3.2752662172977164e-06,7,0.0001352104687568102,0.00020282941798467264,0.00027379397885480384,4.320841695887969e-06,5.832588051937828e-06,1.199596568460385e-06,1.6193031600778816e-06,6.491560917419051e-06,8.762783575569955e-06,0.7849505,0.00019977399897552867,0.00026966955087047,3,0,64,32,64,1.0,0.0,5495043,18.0,743,0,0,0,6192.258173342794
5,x,25,0.005,m1,anqi,600000,0.6969249999999999,418155,2.15029791863828e-05,2.15029791863828e-05,6,0.0,0.0014019481445474225,0.0017520702040728672,1.579473829399033e-05,1.9739310939323458e-05,1.579473829399033e-05,1.9739310939323458e-05,0.0,0.0,0.6969099999999999,0.0013965968504427812,0.0017453824795729002,3,0,48,16,32,1.0,0.0,418155,9.0,0,0,0,0,594.7976798211457
5,x,25,0.005,m1,val,7600000,0.6968914615384616,5296194,0.00028030734248698103,2.0304168768670636e-05,13,0.0005200063474366209,0.000625564558598986,0.0011507679041538987,2.106992581890404e-05,3.8759539750143424e-05,7.791585795825297e-06,1.4333143930624998e-05,3.171083962821784e-05,5.8334213401813704e-05,0.6966961153846154,0.0006247351165725404,0.0011492420899924833,3,0,48,16,32,1.0,0.0,5296194,112.0,2776,0,0,0,6743.755039477139
5,x,25,0.005,normal,anqi,500000,0.61998,309990,0.0009256556002221392,0.0009256556002221392,5,0.0,0.0014076703079911933,0.0016059420911103948,0.00013708732120995367,0.00015639620871367606,0.00013708732120995367,0.00015639620871367606,0.0,0.0,0.619406,0.0013608752983282184,0.0015525559571235726,3,0,64,32,64,1.0,0.0,309990,287.0,0,0,0,0,450.4838942741044
5,x,25,0.005,normal,val,7500000,0.62024925,4653081,0.0009179271864694509,0.00010275572312990851,12,0.001630342926679085,0.0006167564718580566,0.0010900546379133454,3.6452431063999365e-05,6.442598230841727e-05,1.5120898885304261e-05,2.6724658291284266e-05,5.1259268138112935e-05,9.059556813674298e-05,0.619679875,0.0006055170325113651,0.0010701900664877755,3,0,64,32,64,1.0,0.0,4653081,495.0,7635,0,0,0,6533.861021392746
5,x,25,0.0075,m1,val,7000000,0.5851795714285714,4096257,0.001224647811875698,0.0001567275140391716,7,0.0021358405956730525,0.0003331985882323255,0.00044977581717374796,1.677895492333017e-05,2.2649460197293097e-05,1.1816948577347659e-05,1.5951381220051234e-05,1.6969332793158024e-05,2.2906446166014894e-05,0.5844629285714286,0.000328432411108663,0.00044334208279941316,3,0,48,16,32,1.0,0.0,4096257,642.0,8749,0,0,0,5954.843791919993
5,x,25,0.0075,normal,val,7000000,0.4935954285714286,3455168,0.0037683862630403567,0.0006468572527860264,7,0.00624305802050866,0.0005570565342943207,0.0007519556407889266,6.682420679547314e-05,9.020420037753797e-05,2.3733380556889313e-05,3.203705241040039e-05,0.00010787050073661565,0.0001456114891577014,0.49173535714285715,0.000548426694463352,0.0007403064519894048,3,0,64,32,64,1.0,0.0,3455168,2235.0,21571,0,0,0,5901.35121063306
5,x,25,0.01,m1,val,9000000,0.49262500000000004,4433625,0.0033118491858090144,0.0005744883016225777,9,0.005474721768372874,0.0003181129579951816,0.0004869075887681352,3.222168114222089e-05,4.931889970748095e-05,2.749629970764645e-05,4.208617302190783e-05,5.629065932222791e-05,8.61591724319815e-05,0.49099349999999997,0.0003172318093725497,0.0004855588918967597,3,0,48,16,32,1.0,0.0,4433625,2547.0,24273,0,0,0,8465.211784237239
5,x,25,0.01,normal,val,9000000,0.39498855555555556,3554897,0.009616375745559748,0.0021603613066403324,9,0.01491202887783883,0.0003194942138775608,0.0004890217559350421,0.00010144058675601474,0.0001552662042183899,5.55907542860632e-05,8.508788921336205e-05,0.0001661007204962766,0.00025423579667797436,0.39119016666666667,0.00030041991066208915,0.0004598263938705446,3,0,64,32,64,1.0,0.0,3554897,7680.0,53011,0,0,0,8551.560687145073
=======
5,x,25,0.0001,normal,val,2000000,0.990273,1980546,0.0,0.0,2,0.0,1.372000000001372e-05,9.899494936621565e-06,0.0,0.0,0.0,0.0,0.0,0.0,0.990273,1.372000000001372e-05,9.899494936621565e-06,3,0,64,32,64,1.0,0.0,1980546,0.0,0,0,0,0,1993.2646190270316
5,x,25,0.00025,m1,val,2000000,0.9818695,1963739,0.0,0.0,2,0.0,0.000216579999999863,0.00015627059864212816,0.0,0.0,0.0,0.0,0.0,0.0,0.9818695,0.000216579999999863,0.00015627059864212816,3,0,48,16,32,1.0,0.0,1963739,0.0,0,0,0,0,1956.4875271520577
5,x,25,0.00025,normal,val,2000000,0.9759359999999999,1951872,0.0,0.0,2,0.0,6.467999999995587e-05,4.66690475582803e-05,0.0,0.0,0.0,0.0,0.0,0.0,0.9759359999999999,6.467999999995587e-05,4.66690475582803e-05,3,0,64,32,64,1.0,0.0,1951872,0.0,0,0,0,0,1991.4431546700653
5,x,25,0.0005,m1,val,2000000,0.964237,1928474,0.0,0.0,2,0.0,0.0002724400000000005,0.00019657568516986054,0.0,0.0,0.0,0.0,0.0,0.0,0.964237,0.0002724400000000005,0.00019657568516986054,3,0,48,16,32,1.0,0.0,1928474,0.0,0,0,0,0,1967.0127525629941
5,x,25,0.0005,normal,val,2000000,0.9521545,1904309,2.6263235357458393e-07,0.0,2,5.252647071491679e-07,0.0004968600000000345,0.0003585031380616045,5.147594130061845e-07,3.714182363431426e-07,0.0,0.0,1.029518826012369e-06,7.428364726862852e-07,0.95215425,0.0004973499999999396,0.0003588566914521294,3,0,64,32,64,1.0,0.0,1904309,0.0,1,0,0,0,1965.5860947768672
5,x,25,0.00075,m1,val,2000000,0.9465915,1893183,0.0,0.0,2,0.0,0.00023226000000004188,0.000167584307141242,0.0,0.0,0.0,0.0,0.0,0.0,0.9465915,0.00023226000000004188,0.000167584307141242,3,0,48,16,32,1.0,0.0,1893183,0.0,0,0,0,0,1936.4929850110784
5,x,25,0.00075,normal,val,2000000,0.929525,1859050,8.068472283184013e-07,0.0,2,1.6136944566368027e-06,3.7239999999982845e-05,2.6870057685076427e-05,1.5814205675040663e-06,1.1410542930510243e-06,0.0,0.0,3.1628411350081326e-06,2.2821085861020486e-06,0.92952425,3.576999999999497e-05,2.5809397513305357e-05,3,0,64,32,64,1.0,0.0,1859050,0.0,3,0,0,0,1927.2796244407073
5,x,25,0.001,m1,val,2000000,0.9292085,1858417,1.0764087346875668e-06,0.0,2,2.1528174693751336e-06,0.0007575399999999144,0.0005465935418571395,1.0555385822158054e-06,7.616107033559492e-07,0.0,0.0,2.111077164431611e-06,1.5232214067118984e-06,0.9292075,0.000758519999999997,0.0005473006486383856,3,0,48,16,32,1.0,0.0,1858417,0.0,4,0,0,0,1966.109534820309
5,x,25,0.001,normal,val,2000000,0.9066885,1813377,1.9296908855737414e-06,0.0,2,3.859381771147483e-06,0.00037730000000007807,0.00027223611075687717,3.782194135724533e-06,2.728995021566133e-06,0.0,0.0,7.564388271449066e-06,5.457990043132266e-06,0.90668675,0.0003738700000000339,0.00026976123702269236,3,0,64,32,64,1.0,0.0,1813377,0.0,7,0,0,0,1941.7519956592005
5,x,25,0.0025,m1,val,2000000,0.833376,1666752,1.8299130408691443e-05,5.999815205691665e-07,2,3.5398297776244555e-05,3.332000000008772e-05,2.404163056040591e-05,6.468400490325156e-06,4.667193724631946e-06,1.1759637803155663e-06,8.485020035621474e-07,1.0584873420019178e-05,7.637383442139597e-06,0.83336075,3.8709999999970707e-05,2.7930717856847494e-05,3,0,48,16,32,1.0,0.0,1666752,1.0,59,0,0,0,1904.7453807780985
5,x,25,0.0025,normal,val,2000000,0.785251,1570502,7.576890565616006e-05,5.093357359742042e-06,2,0.00014135109659283603,0.000672279999999965,0.0004850752518939464,1.3663226255178878e-05,9.858530548901085e-06,2.4916566011558e-06,1.7978237541484603e-06,2.2343139308046187e-05,1.612141358950527e-05,0.7851915,0.0006614999999999814,0.00047729707730090624,3,0,64,32,64,1.0,0.0,1570502,8.0,222,0,0,0,1926.0340390610509
5,x,25,0.005,m1,anqi,600000,0.6969249999999999,418155,2.15029791863828e-05,2.15029791863828e-05,6,0.0,0.001401948144547418,0.0017520702040728616,1.579473829399033e-05,1.9739310939323458e-05,1.579473829399033e-05,1.9739310939323458e-05,0.0,0.0,0.6969099999999999,0.0013965968504427925,0.0017453824795729143,3,0,48,16,32,1.0,0.0,418155,9.0,0,0,0,0,594.7976798211457
5,x,25,0.005,m1,val,2600000,0.696976,1812413,0.00028040283279215014,2.0257326791613646e-05,8,0.000520291012001073,0.0010295689093985023,0.0014857452194582022,3.4682812432893784e-05,5.004990175902102e-05,1.273711103683564e-05,1.8380607320147958e-05,5.232568766956577e-05,7.550989506408016e-05,0.6967805625,0.0010283066903926238,0.001483923742685959,3,0,48,16,32,1.0,0.0,1812413,41.0,966,0,0,0,2511.214369363035
5,x,25,0.005,normal,anqi,500000,0.61998,309990,0.0009256556002221392,0.0009256556002221392,5,0.0,0.0014076703079911814,0.0016059420911103811,0.00013708732120995367,0.00015639620871367606,0.00013708732120995367,0.00015639620871367606,0.0,0.0,0.619406,0.0013608752983282145,0.001552555957123568,3,0,64,32,64,1.0,0.0,309990,287.0,0,0,0,0,450.4838942741044
5,x,25,0.005,normal,val,2500000,0.6200688571428571,1550572,0.0009144512699809292,0.00010202763765896269,7,0.0016248472646439329,0.0009792596269971878,0.0013218762459185874,6.25832714124487e-05,8.447947570928432e-05,2.474211810490049e-05,3.339872010946705e-05,8.795095379192795e-05,0.00011872262821651766,0.6195017857142856,0.0009592305703357589,0.001294839560754627,3,0,64,32,64,1.0,0.0,1550572,173.0,2553,0,0,0,2304.2539449096657
5,x,25,0.0075,m1,val,2000000,0.584913,1169826,0.0012142861643280579,0.00014874380453654335,2,0.002131084719583029,0.00022736000000000975,0.00016404877323528607,2.9792601809707996e-05,2.1496480376362382e-05,3.6918000440064436e-05,2.6637722917364808e-05,1.4250797260713168e-05,1.0282485082005059e-05,0.58420275,0.0002445100000000133,0.00017642314190605322,3,0,48,16,32,1.0,0.0,1169826,174.0,2493,0,0,0,1823.0301396569703
5,x,25,0.0075,normal,val,2000000,0.4935045,987009,0.0037947974779760046,0.0006646288462392537,2,0.006260337263473501,0.00014406000000000805,0.0001039446968344283,9.814138422897347e-06,7.081269214626698e-06,7.129469653956703e-05,5.144179937322953e-05,0.00012296111623333894,8.872106031720535e-05,0.49163175000000003,0.00013866999999993468,0.00010005560953784934,3,0,64,32,64,1.0,0.0,987009,656.0,6179,0,0,0,1787.758921460947
5,x,25,0.01,m1,val,2000000,0.4926215,985243,0.0032372648848466635,0.0005501487014610441,2,0.005374232366771239,0.0006281800000000026,0.0004532554467405789,2.2728230385066737e-05,1.6399271254745743e-05,9.2211956667104e-05,6.653438761815236e-05,0.00022988037410434138,0.00016586731774579614,0.49102675,0.0006149500000000029,0.0004437095051945607,3,0,48,16,32,1.0,0.0,985243,542.0,5295,0,0,0,1805.90578231425
5,x,25,0.01,normal,val,2000000,0.394978,789956,0.009465064310941518,0.002055810117503656,2,0.014818508386875723,0.0002391200000000215,0.00017253405460953313,0.00012577083741871031,9.074837960640903e-05,3.7177125933659723e-06,2.682469168644597e-06,0.0002441062496506912,0.0001761318208755307,0.39123949999999996,0.00018717999999996957,0.00013505739520660863,3,0,64,32,64,1.0,0.0,789956,1624.0,11706,0,0,0,1765.0730202218983
>>>>>>> Stashed changes
5,x,26,0.0,m1,anqi,1000,1.0,1000,0.0,0.0,1,0.0,0.0,,0.0,,0.0,,0.0,,1.0,0.0,,0,3,144,80,128,1.0,0.0,1000,0.0,0,0,0,0,0.8268575971014798
5,x,26,0.0,m1,val,1000,1.0,1000,0.0,0.0,1,0.0,0.0,,0.0,,0.0,,0.0,,1.0,0.0,,0,3,144,80,128,1.0,0.0,1000,0.0,0,0,0,0,1.088614873122424
5,x,26,0.0,normal,anqi,1000,1.0,1000,0.0,0.0,1,0.0,0.0,,0.0,,0.0,,0.0,,1.0,0.0,,0,3,160,96,160,1.0,0.0,1000,0.0,0,0,0,0,0.4771797531284392
5,x,26,0.0,normal,val,1000,1.0,1000,0.0,0.0,1,0.0,0.0,,0.0,,0.0,,0.0,,1.0,0.0,,0,3,160,96,160,1.0,0.0,1000,0.0,0,0,0,0,1.2443039459176362
5,x,26,0.005,m1,anqi,600000,0.222145,133287,0.0009228494036899298,0.0009228494036899298,6,0.0,0.0008850689570122114,0.0011061057815598047,0.00011785795101017716,0.00014729175617595472,0.00011785795101017716,0.00014729175617595472,0.0,0.0,0.22194,0.0008859113273911785,0.0011071585252347559,0,3,144,80,128,1.0,0.0,133287,123.0,0,0,0,0,416.0181406708434
5,x,26,0.005,m1,val,600000,0.222145,133287,0.014013509610459744,0.0009228494036899298,6,0.026181320413539627,0.0008850689570122114,0.0011061057815598047,0.00047530308424350264,0.0005940051171263614,0.00011785795101017716,0.00014729175617595472,0.0010613470344532352,0.0013264074869523185,0.21903166666666665,0.000819136452070785,0.001023707314942445,0,3,144,80,128,1.0,0.0,133287,123.0,3490,0,0,0,403.86430020991247
5,x,26,0.005,normal,anqi,500000,0.164814,82407,0.013480708456095428,0.013480708456095428,5,0.0,0.0008097101367773538,0.0009237586264820489,0.0004907015047234355,0.000559817306746447,0.0004907015047234355,0.000559817306746447,0.0,0.0,0.16259200000000001,0.0007650379901678153,0.0008727943629515567,0,3,160,96,160,1.0,0.0,82407,1111.0,0,0,0,0,299.9404652538942
5,x,26,0.005,normal,val,500000,0.164814,82407,0.013262967043148985,0.0006436639121289668,5,0.025238606262040036,0.0008097101367773538,0.0009237586264820489,0.00037441136620538796,0.00042714758488970157,0.00019978863586926607,0.00022792906680389375,0.0006811690539297504,0.0007771124024266033,0.162628,0.0007860589713246687,0.0008967761705130189,0,3,160,96,160,1.0,0.0,82407,53.0,2080,0,0,0,299.630715193809
5,x,27,0.0,m1,anqi,1000,1.0,1000,0.0,0.0,1,0.0,0.0,,0.0,,0.0,,0.0,,1.0,0.0,,1,2,112,48,96,1.0,0.0,1000,0.0,0,0,0,0,1.4741065669804811
5,x,27,0.0,m1,val,1000,1.0,1000,0.0,0.0,1,0.0,0.0,,0.0,,0.0,,0.0,,1.0,0.0,,1,2,112,48,96,1.0,0.0,1000,0.0,0,0,0,0,0.8117957499343902
5,x,27,0.0,normal,anqi,1000,1.0,1000,0.0,0.0,1,0.0,0.0,,0.0,,0.0,,0.0,,1.0,0.0,,1,2,128,64,128,1.0,0.0,1000,0.0,0,0,0,0,0.6534205549396574
5,x,27,0.0,normal,val,1000,1.0,1000,0.0,0.0,1,0.0,0.0,,0.0,,0.0,,0.0,,1.0,0.0,,1,2,128,64,128,1.0,0.0,1000,0.0,0,0,0,0,0.4933964009396732
5,x,27,0.005,m1,anqi,600000,0.32821833333333333,196931,0.0018029912460928047,0.0018029912460928047,6,0.0,0.001231574924142971,0.0015391480327332542,0.00018379057036284747,0.0002296903657775841,0.00018379057036284747,0.0002296903657775841,0.0,0.0,0.3276266666666667,0.0012526497511719254,0.00156548607999772,1,2,112,48,96,1.0,0.0,196931,355.0,0,0,0,0,505.13789786119014
5,x,27,0.005,m1,val,600000,0.32821833333333333,196931,0.021653004889665494,0.0018131480060175384,6,0.039679713767295906,0.001231574924142971,0.0015391480327332542,0.00026024375866877554,0.00032523694769515636,0.00018265886648823735,0.00022827603055680578,0.0002985063269681432,0.00037305519697160625,0.3211116666666667,0.0012571880301335604,0.0015711577472254821,1,2,112,48,96,1.0,0.0,196931,357.0,7814,0,0,0,511.34632781124674
5,x,27,0.005,normal,anqi,500000,0.24517000000000003,122585,0.023182367164360174,0.023182367164360174,5,0.0,0.0016137240755469975,0.0018410187397199453,0.0009280742350652992,0.0010587944274347593,0.0009280742350652992,0.0010587944274347593,0.0,0.0,0.239486,0.0015376271829022786,0.0017542035229698965,1,2,128,64,128,1.0,0.0,122585,2842.0,0,0,0,0,366.93534643610474
5,x,27,0.005,normal,val,500000,0.24517000000000003,122585,0.023154891458936188,0.002268278106201646,5,0.04177322670546909,0.0016137240755469975,0.0018410187397199453,0.000720437973773803,0.0008219123892502216,0.00035635068231731307,0.00040654303545405325,0.0010895987101450354,0.0012430697877961168,0.239493,0.0015700921292714038,0.0017912411897899217,1,2,128,64,128,1.0,0.0,122585,278.0,5121,0,0,0,376.659463669057
5,x,28,0.0,m1,anqi,1000,1.0,1000,0.0,0.0,1,0.0,0.0,,0.0,,0.0,,0.0,,1.0,0.0,,0,3,144,48,128,1.0,0.0,1000,0.0,0,0,0,0,1.0450944821350276
5,x,28,0.0,m1,val,1000,1.0,1000,0.0,0.0,1,0.0,0.0,,0.0,,0.0,,0.0,,1.0,0.0,,0,3,144,48,128,1.0,0.0,1000,0.0,0,0,0,0,1.2605374299455434
5,x,28,0.0,normal,anqi,1000,1.0,1000,0.0,0.0,1,0.0,0.0,,0.0,,0.0,,0.0,,1.0,0.0,,0,3,160,64,160,1.0,0.0,1000,0.0,0,0,0,0,1.0059966801200062
5,x,28,0.0,normal,val,1000,1.0,1000,0.0,0.0,1,0.0,0.0,,0.0,,0.0,,0.0,,1.0,0.0,,0,3,160,64,160,1.0,0.0,1000,0.0,0,0,0,0,0.6058746038470417
5,x,28,0.005,m1,anqi,600000,0.24337833333333334,146027,0.007765575644565859,0.007765575644565859,6,0.0,0.0018522391765404093,0.002314816767406578,0.0005073002666312044,0.0006339932651144422,0.0005073002666312044,0.0006339932651144422,0.0,0.0,0.24148833333333333,0.0018396554617041128,0.002299090399846569,0,3,144,48,128,1.0,0.0,146027,1134.0,0,0,0,0,435.2795351409586
5,x,28,0.005,m1,val,600000,0.24337833333333334,146027,0.17325695227978008,0.007765557739856157,6,0.33098278907984785,0.0018522391765404093,0.002314816767406578,0.0009565136026911922,0.0011953929890942138,0.0005219610246306271,0.0006523153959006728,0.0021669611858117993,0.002708137345742487,0.20121166666666668,0.0015814351361272318,0.0019763822167451904,0,3,144,48,128,1.0,0.0,146027,1134.0,48332,0,0,0,434.0930553181097
5,x,28,0.005,normal,anqi,500000,0.182488,91244,0.18248413748799036,0.18248413748799036,5,0.0,0.0014474490520913106,0.0016513237114509209,0.0010582614270276348,0.0012073186167345534,0.0010582614270276348,0.0012073186167345534,0.0,0.0,0.14918800000000002,0.001330411271148887,0.0015178010409800083,0,3,160,64,160,1.0,0.0,91244,16650.0,0,0,0,0,288.30430696101394
5,x,28,0.005,normal,val,500000,0.182488,91244,0.18073217896856214,0.01149939045916577,5,0.3384655770187927,0.0014474490520913106,0.0016513237114509209,0.0019103553800007796,0.002179430862685809,0.0005023891059930404,0.0005731511184468293,0.0031783736373368,0.0036260507709073206,0.149509,0.0014919044411757752,0.0017020406869402397,0,3,160,64,160,1.0,0.0,91244,1049.0,30881,0,0,0,301.8160332411062
5,x,29,0.0,m1,anqi,1000,1.0,1000,0.0,0.0,1,0.0,0.0,,0.0,,0.0,,0.0,,1.0,0.0,,2,1,80,16,64,1.0,0.0,1000,0.0,0,0,0,0,1.2402682260144502
5,x,29,0.0,m1,val,1000,1.0,1000,0.0,0.0,1,0.0,0.0,,0.0,,0.0,,0.0,,1.0,0.0,,2,1,80,16,64,1.0,0.0,1000,0.0,0,0,0,0,1.442439895123243
5,x,29,0.0,normal,anqi,1000,1.0,1000,0.0,0.0,1,0.0,0.0,,0.0,,0.0,,0.0,,1.0,0.0,,2,1,96,32,96,1.0,0.0,1000,0.0,0,0,0,0,0.4724896650295704
5,x,29,0.0,normal,val,1000,1.0,1000,0.0,0.0,1,0.0,0.0,,0.0,,0.0,,0.0,,1.0,0.0,,2,1,96,32,96,1.0,0.0,1000,0.0,0,0,0,0,0.5246236950624734
5,x,29,0.005,m1,anqi,600000,0.5203916666666667,312235,0.004772054390676922,0.004772054390676922,6,0.0,0.0007737643218563066,0.0009670039641421453,0.00016953451942803123,0.00021187401346257036,0.00016953451942803123,0.00021187401346257036,0.0,0.0,0.5179083333333333,0.0007771660203014217,0.0009712552016163038,2,1,80,16,64,1.0,0.0,312235,1490.0,0,0,0,0,562.7564451670041
5,x,29,0.005,m1,val,600000,0.5203916666666667,312235,0.032740285674675754,0.0047752753417552645,6,0.055930020665840983,0.0007737643218563066,0.0009670039641421453,0.0005085309542869606,0.0006355313042926792,0.00017433647463517253,0.00021787520735297696,0.0009065838718012605,0.0011329938239540037,0.5033541666666667,0.0009168960746877276,0.0011458813929315038,2,1,80,16,64,1.0,0.0,312235,1491.0,17463,0,0,0,584.1023199250922
5,x,29,0.005,normal,anqi,500000,0.46040600000000004,230203,0.055280250885916725,0.055280250885916725,5,0.0,0.0017064791524070812,0.001946838462739009,0.0005514077575634349,0.0006290740965472268,0.0005514077575634349,0.0006290740965472268,0.0,0.0,0.434954,0.0014594513248477952,0.001665016516434591,2,1,96,32,96,1.0,0.0,230203,12726.0,0,0,0,0,438.202419478097
5,x,29,0.005,normal,val,500000,0.46040600000000004,230203,0.055565969918147676,0.01052092447617208,5,0.0900900908839512,0.0017064791524070812,0.001946838462739009,0.00039299704110640573,0.00044835107085214413,0.0002905371579952355,0.00033145960983007304,0.0011632671626470381,0.0013271145161592253,0.434823,0.00159763626473611,0.001822664944524894,2,1,96,32,96,1.0,0.0,230203,2422.0,20739,0,0,0,432.8228758511832
5,x,30,0.0,m1,anqi,1000,1.0,1000,0.0,0.0,1,0.0,0.0,,0.0,,0.0,,0.0,,1.0,0.0,,0,3,144,48,128,1.0,0.0,1000,0.0,0,0,0,0,1.3314213731791824
5,x,30,0.0,m1,val,1000,1.0,1000,0.0,0.0,1,0.0,0.0,,0.0,,0.0,,0.0,,1.0,0.0,,0,3,144,48,128,1.0,0.0,1000,0.0,0,0,0,0,1.0051706889644263
5,x,30,0.0,normal,anqi,1000,1.0,1000,0.0,0.0,1,0.0,0.0,,0.0,,0.0,,0.0,,1.0,0.0,,0,3,160,64,160,1.0,0.0,1000,0.0,0,0,0,0,0.4527790897991508
5,x,30,0.0,normal,val,1000,1.0,1000,0.0,0.0,1,0.0,0.0,,0.0,,0.0,,0.0,,1.0,0.0,,0,3,160,64,160,1.0,0.0,1000,0.0,0,0,0,0,0.6325437801424414
5,x,30,0.005,m1,anqi,600000,0.2460416666666667,147625,0.015687388692258254,0.015687388692258254,6,0.0,0.0006986223198393848,0.0008730960237377355,0.0007373237797992161,0.0009214627733307666,0.0007373237797992161,0.0009214627733307666,0.0,0.0,0.24218166666666666,0.0006429560185407515,0.0008035276390185109,0,3,144,48,128,1.0,0.0,147625,2316.0,0,0,0,0,414.8522386100376
5,x,30,0.005,m1,val,600000,0.2460416666666667,147625,0.1772328429235552,0.015694077115781014,6,0.32307753161554836,0.0006986223198393848,0.0008730960237377355,0.0017395530981135193,0.0021739885055386556,0.0007412300835942427,0.0009263446361257219,0.002147598468373855,0.0026839389897441944,0.20243416666666667,0.0005035166926505833,0.0006292647826365887,0,3,144,48,128,1.0,0.0,147625,2317.0,47695,0,0,0,429.2680280311033
5,x,30,0.005,normal,anqi,500000,0.1835,91750,0.18107014831737425,0.18107014831737425,5,0.0,0.0009446102010882592,0.0010776595009556601,0.0017666092055927977,0.002015437894582856,0.0017666092055927977,0.002015437894582856,0.0,0.0,0.150274,0.0009008455103956547,0.00102773050942356,0,3,160,64,160,1.0,0.0,91750,16613.0,0,0,0,0,298.96329325821716
5,x,30,0.005,normal,val,500000,0.1835,91750,0.18182867242839945,0.017776871119687176,5,0.32810360261742455,0.0009446102010882592,0.0010776595009556601,0.0009112799759964783,0.0010396346800318889,0.0006550426822932102,0.0007473061049854163,0.0010551109456675967,0.0012037243868963437,0.150134,0.0007069353475389365,0.0008065079044869902,0,3,160,64,160,1.0,0.0,91750,1631.0,30104,0,0,0,288.43041125510354
5,x,31,0.0,m1,anqi,1000,1.0,1000,0.0,0.0,1,0.0,0.0,,0.0,,0.0,,0.0,,1.0,0.0,,1,2,112,16,96,1.0,0.0,1000,0.0,0,0,0,0,1.8501521560829133
5,x,31,0.0,m1,val,1000,1.0,1000,0.0,0.0,1,0.0,0.0,,0.0,,0.0,,0.0,,1.0,0.0,,1,2,112,16,96,1.0,0.0,1000,0.0,0,0,0,0,1.139003813965246
5,x,31,0.0,normal,anqi,1000,1.0,1000,0.0,0.0,1,0.0,0.0,,0.0,,0.0,,0.0,,1.0,0.0,,1,2,128,32,128,1.0,0.0,1000,0.0,0,0,0,0,0.9590505729429424
5,x,31,0.0,normal,val,1000,1.0,1000,0.0,0.0,1,0.0,0.0,,0.0,,0.0,,0.0,,1.0,0.0,,1,2,128,32,128,1.0,0.0,1000,0.0,0,0,0,0,0.5893647109623998
5,x,31,0.005,m1,anqi,600000,0.38996499999999995,233979,0.03952850517452334,0.03952850517452334,6,0.0,0.0006681415478773978,0.000835002994006613,0.0006754791771614177,0.000844173120367609,0.0006754791771614177,0.000844173120367609,0.0,0.0,0.37455,0.000572798612661265,0.0007158491461194916,1,2,112,16,96,1.0,0.0,233979,9249.0,0,0,0,0,523.5094034810318
5,x,31,0.005,m1,val,600000,0.38996499999999995,233979,0.20017657303992345,0.03953706739070984,6,0.32127901129842723,0.0006681415478773978,0.000835002994006613,0.0009056366204508702,0.0011318100063689941,0.000676477847306478,0.0008454211980598278,0.0020831669915059177,0.0026034164174480803,0.31190333333333337,0.0007083380824938799,0.0008852381976997262,1,2,112,16,96,1.0,0.0,233979,9251.0,75172,0,0,0,544.5118309110403
5,x,31,0.005,normal,anqi,500000,0.345348,172674,0.24968416183984835,0.24968416183984835,5,0.0,0.00148237950012809,0.0016911741483360038,0.002751689296687008,0.003139267510383029,0.002751689296687008,0.003139267510383029,0.0,0.0,0.25912199999999996,0.001757688397412906,0.002005260581570369,1,2,128,32,128,1.0,0.0,172674,43113.0,0,0,0,0,382.36452391394414
5,x,31,0.005,normal,val,500000,0.345348,172674,0.2498621968360621,0.06250230035569723,5,0.37471979296072977,0.00148237950012809,0.0016911741483360038,0.0013677031814432695,0.0015603455544642242,0.0018008440183900334,0.0020544947153030594,0.002132123808205844,0.002432435597752036,0.259059,0.0012884946680526124,0.0014699804420467695,1,2,128,32,128,1.0,0.0,172674,10793.0,64703,0,0,0,385.2386153580155
5,z,2,0.0,m1,anqi,1000,1.0,1000,0.0,0.0,1,0.0,0.0,,0.0,,0.0,,0.0,,1.0,0.0,,1,2,112,112,96,1.0,0.0,1000,0.0,0,0,0,0,0.7416709449607879
5,z,2,0.0,m1,val,1000,1.0,1000,0.0,0.0,1,0.0,0.0,,0.0,,0.0,,0.0,,1.0,0.0,,1,2,112,112,96,1.0,0.0,1000,0.0,0,0,0,0,0.7708344589918852
5,z,2,0.0,normal,anqi,1000,1.0,1000,0.0,0.0,1,0.0,0.0,,0.0,,0.0,,0.0,,1.0,0.0,,1,2,128,128,128,1.0,0.0,1000,0.0,0,0,0,0,0.7443509430158883
5,z,2,0.0,normal,val,1000,1.0,1000,0.0,0.0,1,0.0,0.0,,0.0,,0.0,,0.0,,1.0,0.0,,1,2,128,128,128,1.0,0.0,1000,0.0,0,0,0,0,1.0848384550772607
5,z,2,0.005,m1,anqi,500000,0.308824,154412,0.02189759151360511,0.02189759151360511,5,0.0,0.0008772527353049427,0.0010008146681578988,0.001162853651380956,0.0013266427614141124,0.001162853651380956,0.0013266427614141124,0.0,0.0,0.302062,0.0010761881500927313,0.0012277703368301501,1,2,112,112,96,1.0,0.0,154412,3381.0,0,0,0,0,395.58907027204987
5,z,2,0.005,m1,val,500000,0.308824,154412,0.1478332108569988,0.021904074916094737,5,0.2518582718818081,0.0008772527353049427,0.0010008146681578988,0.0011548103798589234,0.001317466586983116,0.0011583148579271318,0.001321464674322999,0.0020346537813136657,0.00232123681923181,0.26317,0.0009548489576891073,0.0010893403967539104,1,2,112,112,96,1.0,0.0,154412,3382.0,38890,0,0,0,404.5098801149288
5,z,2,0.005,normal,anqi,600000,0.250835,150501,0.033075843313649246,0.033075843313649246,6,0.0,0.0003254131281924581,0.00040668169371143545,0.000791810187832799,0.0009895565986365626,0.000791810187832799,0.0009895565986365626,0.0,0.0,0.24253833333333333,0.000325124426096286,0.0004063208912505714,1,2,128,128,128,1.0,0.0,150501,4978.0,0,0,0,0,497.96877516584937
5,z,2,0.005,normal,val,600000,0.250835,150501,0.18217412996327306,0.033082480775483834,6,0.2981832983755784,0.0003254131281924581,0.00040668169371143545,0.0009454421735022726,0.0011815565848920665,0.0007940851568666796,0.000992399717674134,0.0014393565184787828,0.0017988209327662675,0.20513916666666665,0.00026192984005476267,0.000327344110481112,1,2,128,128,128,1.0,0.0,150501,4979.0,44877,0,0,0,473.8825791430427
5,z,3,0.0,m1,anqi,1000,1.0,1000,0.0,0.0,1,0.0,0.0,,0.0,,0.0,,0.0,,1.0,0.0,,0,3,144,112,128,1.0,0.0,1000,0.0,0,0,0,0,0.928711166838184
5,z,3,0.0,m1,val,1000,1.0,1000,0.0,0.0,1,0.0,0.0,,0.0,,0.0,,0.0,,1.0,0.0,,0,3,144,112,128,1.0,0.0,1000,0.0,0,0,0,0,1.0123042268678546
5,z,3,0.0,normal,anqi,1000,1.0,1000,0.0,0.0,1,0.0,0.0,,0.0,,0.0,,0.0,,1.0,0.0,,0,3,160,128,160,1.0,0.0,1000,0.0,0,0,0,0,1.0165584299247712
5,z,3,0.0,normal,val,1000,1.0,1000,0.0,0.0,1,0.0,0.0,,0.0,,0.0,,0.0,,1.0,0.0,,0,3,160,128,160,1.0,0.0,1000,0.0,0,0,0,0,0.8451708401553333
5,z,3,0.005,m1,anqi,500000,0.20981999999999998,104910,0.007331313401199533,0.007331313401199533,5,0.0,0.0004947981083229753,0.0005644909210961619,0.0006775790556813424,0.0007730167493028556,0.0006775790556813424,0.0007730167493028556,0.0,0.0,0.208282,0.0006030751515358657,0.0006880188950893788,0,3,144,112,128,1.0,0.0,104910,769.0,0,0,0,0,313.1897608070867
5,z,3,0.005,m1,val,500000,0.20981999999999998,104910,0.11954717103387588,0.007331313401199533,5,0.22443171526535272,0.0004947981083229753,0.0005644909210961619,0.0008841546959125292,0.0010086887768806483,0.0006775790556813424,0.0007730167493028556,0.0014357716824278655,0.0016380015724887487,0.18473699999999998,0.0006009773593073285,0.0006856256267089299,0,3,144,112,128,1.0,0.0,104910,769.0,23545,0,0,0,332.1524110198952
5,z,3,0.005,normal,anqi,600000,0.15578333333333333,93470,0.009091678886095854,0.009091678886095854,6,0.0,0.0006408863667695837,0.0008009411131079964,0.0007139307768966225,0.0008922276097272971,0.0007139307768966225,0.0008922276097272971,0.0,0.0,0.15436666666666668,0.000579945125373454,0.0007247804265200917,0,3,160,128,160,1.0,0.0,93470,850.0,0,0,0,0,393.0936799880583
5,z,3,0.005,normal,val,600000,0.15578333333333333,93470,0.1221499364068207,0.009080908130850494,6,0.22613805655194041,0.0006408863667695837,0.0008009411131079964,0.0015579265709177242,0.0019470026303430278,0.0007332221659888919,0.0009163368238627832,0.002353202312147503,0.002940890268519881,0.13675416666666665,0.000569465830210898,0.0007116840356975006,0,3,160,128,160,1.0,0.0,93470,849.0,21137,0,0,0,376.28132861095946
5,z,4,0.0,m1,anqi,1000,1.0,1000,0.0,0.0,1,0.0,0.0,,0.0,,0.0,,0.0,,1.0,0.0,,2,1,80,80,64,1.0,0.0,1000,0.0,0,0,0,0,0.7660977221094072
5,z,4,0.0,m1,val,1000,1.0,1000,0.0,0.0,1,0.0,0.0,,0.0,,0.0,,0.0,,1.0,0.0,,2,1,80,80,64,1.0,0.0,1000,0.0,0,0,0,0,0.8913434718269855
5,z,4,0.0,normal,anqi,1000,1.0,1000,0.0,0.0,1,0.0,0.0,,0.0,,0.0,,0.0,,1.0,0.0,,2,1,96,96,96,1.0,0.0,1000,0.0,0,0,0,0,0.9519401148427278
5,z,4,0.0,normal,val,1000,1.0,1000,0.0,0.0,1,0.0,0.0,,0.0,,0.0,,0.0,,1.0,0.0,,2,1,96,96,96,1.0,0.0,1000,0.0,0,0,0,0,1.1412180529441684
5,z,4,0.005,m1,anqi,500000,0.444854,222427,0.0017672934544140802,0.0017672934544140802,5,0.0,0.0013354865276744919,0.0015235911525078153,0.00018653268760372927,0.00021280600485085256,0.00018653268760372927,0.00021280600485085256,0.0,0.0,0.444068,0.0013941842483689367,0.001590556506383874,2,1,80,80,64,1.0,0.0,222427,393.0,0,0,0,0,403.2440820451593
5,z,4,0.005,m1,val,500000,0.444854,222427,0.016209809511877164,0.0017672934544140802,5,0.028885032114926164,0.0013354865276744919,0.0015235911525078153,0.00034504434298338234,0.00039364418681765083,0.00018653268760372927,0.00021280600485085256,0.0008529622939257796,0.0009731028936031629,0.437643,0.0013223414212675945,0.0015085945446010344,2,1,80,80,64,1.0,0.0,222427,393.0,6425,0,0,0,437.55695918085985
5,z,4,0.005,normal,anqi,600000,0.3632583333333333,217955,0.003390367331350926,0.003390367331350926,6,0.0,0.0007573215568333063,0.0009464547884958016,0.00026643151103380444,0.00033297002726098316,0.00026643151103380444,0.00033297002726098316,0.0,0.0,0.36202666666666666,0.0007283480022931548,0.0009102453881600516,2,1,96,96,96,1.0,0.0,217955,739.0,0,0,0,0,533.507470394019
5,z,4,0.005,normal,val,600000,0.3632583333333333,217955,0.026868925643550836,0.003394951501295274,6,0.046947948284511126,0.0007573215568333063,0.0009464547884958016,0.0004344455185981164,0.000542943796736839,0.00027295225713204425,0.0003411192623032954,0.0010669641305367245,0.0013334273947282033,0.3534983333333333,0.0008741272838920037,0.0010924315386634602,2,1,96,96,96,1.0,0.0,217955,740.0,10232,0,0,0,554.7002600618871
5,z,5,0.0,m1,anqi,1000,1.0,1000,0.0,0.0,1,0.0,0.0,,0.0,,0.0,,0.0,,1.0,0.0,,0,3,144,112,128,1.0,0.0,1000,0.0,0,0,0,0,0.7211384379770607
5,z,5,0.0,m1,val,1000,1.0,1000,0.0,0.0,1,0.0,0.0,,0.0,,0.0,,0.0,,1.0,0.0,,0,3,144,112,128,1.0,0.0,1000,0.0,0,0,0,0,0.8181770551018417
5,z,5,0.0,normal,anqi,1000,1.0,1000,0.0,0.0,1,0.0,0.0,,0.0,,0.0,,0.0,,1.0,0.0,,0,3,160,128,160,1.0,0.0,1000,0.0,0,0,0,0,0.9160708410199732
5,z,5,0.0,normal,val,1000,1.0,1000,0.0,0.0,1,0.0,0.0,,0.0,,0.0,,0.0,,1.0,0.0,,0,3,160,128,160,1.0,0.0,1000,0.0,0,0,0,0,0.848656915128231
5,z,5,0.005,m1,anqi,500000,0.20625,103125,0.004372447766603169,0.004372447766603169,5,0.0,0.0009002781614590017,0.0010270832488167648,0.00035512089733442617,0.0004051400340155617,0.00035512089733442617,0.0004051400340155617,0.0,0.0,0.205348,0.0008583681205636697,0.000979270136377092,0,3,144,112,128,1.0,0.0,103125,451.0,0,0,0,0,312.4121913150884
5,z,5,0.005,m1,val,500000,0.20625,103125,0.11483794392421831,0.0043821165163632145,5,0.22091165481571018,0.0009002781614590017,0.0010270832488167648,0.000440732196205125,0.0005028097707078747,0.000347070606553598,0.0003959558516560863,0.0011123675463535873,0.00126904563755677,0.182565,0.000870888677156846,0.0009935542259987633,0,3,144,112,128,1.0,0.0,103125,452.0,22781,0,0,0,297.0760738761164
5,z,5,0.005,normal,anqi,500000,0.153536,76768,0.005940382677446012,0.005940382677446012,5,0.0,0.0005829673966869796,0.0006650789426827409,0.0003774864067729425,0.0004306557480236921,0.0003774864067729425,0.0004306557480236921,0.0,0.0,0.152624,0.000597771081267726,0.0006819677411725442,0,3,160,128,160,1.0,0.0,76768,456.0,0,0,0,0,306.81905515200924
5,z,5,0.005,normal,val,500000,0.153536,76768,0.11821665753588062,0.005940463552187213,5,0.2245523879673868,0.0005829673966869796,0.0006650789426827409,0.0017093185230314515,0.0019500777615805438,0.00038087616938986,0.0004345229621252304,0.0036583795334720554,0.004173665981804839,0.135386,0.0006840329799066755,0.0007803797152668747,0,3,160,128,160,1.0,0.0,76768,456.0,17238,0,0,0,289.8847434450872
5,z,6,0.0,m1,anqi,1000,1.0,1000,0.0,0.0,1,0.0,0.0,,0.0,,0.0,,0.0,,1.0,0.0,,1,2,112,80,96,1.0,0.0,1000,0.0,0,0,0,0,1.486175619997084
5,z,6,0.0,m1,val,1000,1.0,1000,0.0,0.0,1,0.0,0.0,,0.0,,0.0,,0.0,,1.0,0.0,,1,2,112,80,96,1.0,0.0,1000,0.0,0,0,0,0,0.7650824908632785
5,z,6,0.0,normal,anqi,1000,1.0,1000,0.0,0.0,1,0.0,0.0,,0.0,,0.0,,0.0,,1.0,0.0,,1,2,128,96,128,1.0,0.0,1000,0.0,0,0,0,0,0.7639969328884035
5,z,6,0.0,normal,val,1000,1.0,1000,0.0,0.0,1,0.0,0.0,,0.0,,0.0,,0.0,,1.0,0.0,,1,2,128,96,128,1.0,0.0,1000,0.0,0,0,0,0,0.9634356149472296
5,z,6,0.005,m1,anqi,2500000,0.303347,757256,0.0004233882114803575,0.0004233882114803575,7,0.0,0.0006132760044221539,0.0008278447922165141,8.869497588720353e-05,0.00011972696364204643,8.869497588720353e-05,0.00011972696364204643,0.0,0.0,0.30321857142857145,0.0006151532240561282,0.0008303788005367914,1,2,112,80,96,1.0,0.0,757256,359.0,0,0,0,0,1472.7915729070082
5,z,6,0.005,m1,val,2500000,0.303347,757256,0.009034304654311565,0.0004323410806215653,7,0.017203927147379998,0.0006132760044221539,0.0008278447922165141,0.00032084130598550753,0.0004330950540585878,8.268260301750772e-05,0.00011161102313051232,0.0005226393850512088,0.0007054968562312383,0.3006064285714286,0.0006020533549999292,0.0008126956394499481,1,2,112,80,96,1.0,0.0,757256,360.0,12790,0,0,0,1651.4332176800817
5,z,6,0.005,normal,anqi,2500000,0.22548285714285715,564152,0.0007004007506522537,0.0007004007506522537,7,0.0,0.001341730862232302,0.0018111664223708862,9.99795901635646e-05,0.00013495976109946503,9.99795901635646e-05,0.00013495976109946503,0.0,0.0,0.225325,0.001348588590588948,0.001820423485529315,1,2,128,96,128,1.0,0.0,564152,349.0,0,0,0,0,1799.231794697931
5,z,6,0.005,normal,val,2500000,0.22548285714285715,564152,0.009820281992919804,0.0006946609207695175,7,0.018251242144300572,0.001341730862232302,0.0018111664223708862,0.00026943443800306295,0.00036370230489416074,9.005543553129625e-05,0.00012156341154358152,0.0004385773832580784,0.0005920238197746624,0.22326892857142858,0.0013694944192657417,0.001848643701667335,1,2,128,96,128,1.0,0.0,564152,349.0,10236,0,0,0,1830.0463026041398
5,z,6,0.0075,m1,anqi,2000000,0.167607,335214,0.001351398483751676,0.001351398483751676,2,0.0,0.000648759999999996,0.0004681046891454916,2.2771920506415384e-05,1.6430795317068693e-05,2.2771920506415384e-05,1.6430795317068693e-05,0.0,0.0,0.1673805,0.0006517000000000124,0.00047022600948906315,1,2,112,80,96,1.0,0.0,335214,453.0,0,0,0,0,1384.390851257951
5,z,6,0.0075,m1,val,2000000,0.167607,335214,0.019177114291584068,0.001354375772989371,2,0.0356454770371894,0.000648759999999996,0.0004681046891454916,0.00018596273026897397,0.00013417908940934321,1.693643360053334e-05,1.2220272498013081e-05,0.0004057983277390131,0.0002927987238147115,0.16439275,0.0006051499999999932,0.0004366384373826882,1,2,112,80,96,1.0,0.0,335214,454.0,11949,0,0,0,1411.6325638958951
5,z,6,0.0075,normal,anqi,2000000,0.10900750000000001,218015,0.0019127009018832766,0.0019127009018832766,2,0.0,0.00020677999999999598,0.00014919953083035865,2.3342354494035313e-05,1.684238484856393e-05,2.3342354494035313e-05,1.684238484856393e-05,0.0,0.0,0.108799,0.00020383999999999303,0.00014707821048679686,1,2,128,96,128,1.0,0.0,218015,417.0,0,0,0,0,1341.106515695108
5,z,6,0.0075,normal,val,2000000,0.10900750000000001,218015,0.02105359919307102,0.0019127009018832766,2,0.03828179658237549,0.00020677999999999598,0.00014919953083035865,3.976453373787659e-06,2.8691603527320187e-06,2.3342354494035313e-05,1.684238484856393e-05,5.463761573564318e-05,3.942309040258991e-05,0.10671249999999999,0.00020286000000000568,0.00014637110370561943,1,2,128,96,128,1.0,0.0,218015,417.0,8346,0,0,0,1344.2326560639776
5,z,6,0.01,m1,anqi,2000000,0.09389249999999999,187785,0.00325939638281855,0.00325939638281855,2,0.0,0.0006046599999999995,0.00043628488399209946,0.00020886467627164107,0.00015070370300205143,0.00020886467627164107,0.00015070370300205143,0.0,0.0,0.0935865,0.0006222999999999966,0.0004490128060534553,1,2,112,80,96,1.0,0.0,187785,612.0,0,0,0,0,1323.2946858080104
5,z,6,0.01,m1,val,2000000,0.09389249999999999,187785,0.032876268857594926,0.0032647391764584885,2,0.05922305936227289,0.0006046599999999995,0.00043628488399209946,0.0005405007293173881,0.00038999156218020377,0.00021933655180592025,0.00015825955422861296,0.0006423283550229497,0.0004634640159031917,0.09080575,0.0006355299999999963,0.00045855874759947345,1,2,112,80,96,1.0,0.0,187785,613.0,11121,0,0,0,1328.9593356979312
5,z,6,0.01,normal,anqi,2000000,0.053169,106338,0.004457473694769382,0.004457473694769382,2,0.0,7.252000000000453e-05,5.232590180780778e-05,3.0783802735716535e-05,2.221166904605526e-05,3.0783802735716535e-05,2.221166904605526e-05,0.0,0.0,0.052932,7.056000000000256e-05,5.0911688245433275e-05,1,2,128,96,128,1.0,0.0,106338,474.0,0,0,0,0,1299.1891123640817
5,z,6,0.01,normal,val,2000000,0.053169,106338,0.036054939978390606,0.004457473694769382,2,0.06319493256724246,7.252000000000453e-05,5.232590180780778e-05,0.00027035874752643263,0.0001950739833969819,3.0783802735716535e-05,2.221166904605526e-05,0.0006022851005243017,0.0004345713048860768,0.051252,8.428000000000267e-05,6.0811183182045024e-05,1,2,128,96,128,1.0,0.0,106338,474.0,6720,0,0,0,1300.9751157669816
5,z,6,0.05,m1,anqi,2000000,3.95e-05,79,0.08846153846153847,0.08846153846153847,2,0.0,9.800000000000004e-07,7.071067811865479e-07,0.022615384615384617,0.016317848796612636,0.022615384615384617,0.016317848796612636,0.0,0.0,3.6e-05,0.0,0.0,1,2,112,80,96,1.0,0.0,79,7.0,0,0,0,0,1161.1137644299306
5,z,6,0.05,m1,val,2000000,3.95e-05,79,0.34807692307692306,0.07564102564102565,2,0.5448717948717949,9.800000000000004e-07,7.071067811865479e-07,0.003769230769230755,0.0027196414661020962,0.04774358974358975,0.03444879190396002,0.08794871794871789,0.06345830087571577,2.575e-05,4.899999999999986e-07,3.535533905932728e-07,1,2,112,80,96,1.0,0.0,79,6.0,43,0,0,0,1096.7699003231246
5,z,6,0.05,normal,anqi,2000000,1.2499999999999999e-05,25,0.16025641025641024,0.16025641025641024,2,0.0,9.79999999999998e-07,7.071067811865462e-07,0.01256410256410256,0.009065471553673684,0.01256410256410256,0.009065471553673684,0.0,0.0,1.0500000000000001e-05,9.799999999999997e-07,7.071067811865474e-07,1,2,128,96,128,1.0,0.0,25,4.0,0,0,0,0,1106.9871217060136
5,z,6,0.05,normal,val,2000000,1.2499999999999999e-05,25,0.3798076923076923,0.16025641025641024,2,0.4391025641025641,9.79999999999998e-07,7.071067811865462e-07,0.009423076923076916,0.0067991036652552605,0.01256410256410256,0.009065471553673684,0.043974358974358946,0.031729150437857886,7.75e-06,4.899999999999999e-07,3.535533905932737e-07,1,2,128,96,128,1.0,0.0,25,4.0,11,0,0,0,1116.8396293648984
5,z,6,0.1,m1,anqi,2000000,0.0,0,0.0,,2,,0.0,0.0,0.0,0.0,,,,,0.0,0.0,0.0,1,2,112,80,96,1.0,0.0,0,0.0,0,0,0,0,1085.3711574309273
5,z,6,0.1,m1,val,2000000,0.0,0,0.0,,2,,0.0,0.0,0.0,0.0,,,,,0.0,0.0,0.0,1,2,112,80,96,1.0,0.0,0,0.0,0,0,0,0,1104.3795554190874
5,z,6,0.1,normal,anqi,2000000,5e-07,1,0.0,0.0,2,0.0,9.8e-07,7.071067811865475e-07,0.0,0.0,,,,,5e-07,9.8e-07,7.071067811865475e-07,1,2,128,96,128,1.0,0.0,1,0.0,0,0,0,0,1129.5650225010468
5,z,6,0.1,normal,val,2000000,5e-07,1,0.25,0.0,2,1.0,9.8e-07,7.071067811865475e-07,0.49,0.3535533905932738,,,,,2.5e-07,4.9e-07,3.5355339059327374e-07,1,2,128,96,128,1.0,0.0,1,0.0,1,0,0,0,1114.8248077591415
5,z,7,0.0,m1,anqi,1000,1.0,1000,0.0,0.0,1,0.0,0.0,,0.0,,0.0,,0.0,,1.0,0.0,,0,3,144,80,128,1.0,0.0,1000,0.0,0,0,0,0,0.991840329952538
5,z,7,0.0,m1,val,1000,1.0,1000,0.0,0.0,1,0.0,0.0,,0.0,,0.0,,0.0,,1.0,0.0,,0,3,144,80,128,1.0,0.0,1000,0.0,0,0,0,0,1.7894254371058196
5,z,7,0.0,normal,anqi,1000,1.0,1000,0.0,0.0,1,0.0,0.0,,0.0,,0.0,,0.0,,1.0,0.0,,0,3,160,96,160,1.0,0.0,1000,0.0,0,0,0,0,0.8544760500080884
5,z,7,0.0,normal,val,1000,1.0,1000,0.0,0.0,1,0.0,0.0,,0.0,,0.0,,0.0,,1.0,0.0,,0,3,160,96,160,1.0,0.0,1000,0.0,0,0,0,0,0.7421832198742777
5,z,7,0.005,m1,anqi,2500000,0.22230971428571428,555863,0.00018706442415275317,0.00018706442415275317,7,0.0,0.0003230198573875429,0.00043603582203213717,5.52809467876975e-05,7.462226400022578e-05,5.52809467876975e-05,7.462226400022578e-05,0.0,0.0,0.22226814285714286,0.0003296454717824395,0.00044497956079331367,0,3,144,80,128,1.0,0.0,555863,111.0,0,0,0,0,1318.4565533240093
5,z,7,0.005,m1,val,2500000,0.22230971428571428,555863,0.00550896798368084,0.00017486244958102746,7,0.010668211068199623,0.0003230198573875429,0.00043603582203213717,0.00026501770069326707,0.000357740269930885,6.482105521494451e-05,8.750019990792329e-05,0.0006374288300416691,0.0008604480422413849,0.22108492857142856,0.0002856214223991812,0.0003855526799901872,0,3,144,80,128,1.0,0.0,555863,110.0,5920,0,0,0,1437.8400222528726
5,z,7,0.005,normal,anqi,2500000,0.16632314285714284,416587,0.00022740552117947108,0.00022740552117947108,7,0.0,0.0008329489866732517,0.0011243754456840194,6.568576039479607e-05,8.866744218510523e-05,6.568576039479607e-05,8.866744218510523e-05,0.0,0.0,0.16628528571428572,0.0008285158048784165,0.0011183912127524516,0,3,160,96,160,1.0,0.0,416587,94.0,0,0,0,0,1561.3184157202486
5,z,7,0.005,normal,val,2500000,0.16632314285714284,416587,0.005426762612120023,0.00022734541620004066,7,0.010398834391839964,0.0008329489866732517,0.0011243754456840194,0.0002914126849033239,0.00039337014956317433,9.126853814323224e-05,0.00012320094614867618,0.0005849999368031019,0.000789675688657913,0.16542064285714284,0.000842227995814275,0.0011369009306841432,0,3,160,96,160,1.0,0.0,416587,94.0,4437,0,0,0,1593.4126718931366
5,z,7,0.0075,m1,anqi,2000000,0.1056425,211285,0.0007526350694263811,0.0007526350694263811,2,0.0,0.0003204599999999941,0.00023122391744799677,0.0001228784763172811,8.86614325161429e-05,0.0001228784763172811,8.86614325161429e-05,0.0,0.0,0.10556299999999999,0.0003332,0.0002404163056034262,0,3,144,80,128,1.0,0.0,211285,159.0,0,0,0,0,1131.0190647710115
5,z,7,0.0075,m1,val,2000000,0.1056425,211285,0.011912920963263823,0.0007479094394999119,2,0.022330023047527826,0.0003204599999999941,0.00023122391744799677,0.00012890280570686453,9.300821227479175e-05,0.00013214071097316068,9.534448244891181e-05,6.475810532587979e-06,4.672540348236968e-06,0.104384,0.0003302600000000039,0.00023829498525986933,0,3,144,80,128,1.0,0.0,211285,158.0,4718,0,0,0,1136.7415358959697
5,z,7,0.0075,normal,anqi,2000000,0.069104,138208,0.0007813667330412524,0.0007813667330412524,2,0.0,0.000995679999999989,0.0007184204896855245,1.710478078324681e-05,1.2341741308717517e-05,1.710478078324681e-05,1.2341741308717517e-05,0.0,0.0,0.06905,0.0009937199999999874,0.0007170062761231501,0,3,160,96,160,1.0,0.0,138208,108.0,0,0,0,0,1095.534394758055
5,z,7,0.0075,normal,val,2000000,0.069104,138208,0.012487315377746503,0.0007741840633865953,2,0.023426262628719816,0.000995679999999989,0.0007184204896855245,0.0006691851437733653,0.0004828421969708586,3.0267482601185028e-06,2.1839124690554876e-06,0.0013444237840669676,0.0009700522188798281,0.06824125,0.0010294899999999893,0.0007428156736364604,0,3,160,96,160,1.0,0.0,138208,107.0,3237,0,0,0,1108.6805010460084
5,z,7,0.01,m1,anqi,2000000,0.0506485,101297,0.001705758726499947,0.001705758726499947,2,0.0,0.0007594999999999979,0.0005480077554195729,0.0005355435254197713,0.00038641475351517394,0.0005355435254197713,0.00038641475351517394,0.0,0.0,0.050561999999999996,0.0007310800000000069,0.0005275016587651695,0,3,144,80,128,1.0,0.0,101297,173.0,0,0,0,0,1068.7172597339377
5,z,7,0.01,m1,val,2000000,0.0506485,101297,0.020691783349727808,0.001705758726499947,2,0.037972049246455725,0.0007594999999999979,0.0005480077554195729,3.9397207303639846e-05,2.842656371858767e-05,0.0005355435254197713,0.00038641475351517394,0.0011498814654468258,0.0008296826344675258,0.0496005,0.0007457799999999978,0.0005381082604829611,0,3,144,80,128,1.0,0.0,101297,173.0,3846,0,0,0,1086.1453042400535
5,z,7,0.01,normal,anqi,2000000,0.029364,58728,0.0019750694819486475,0.0019750694819486475,2,0.0,3.920000000000009e-05,2.8284271247461973e-05,0.00039785374187125793,0.0002870664069363355,0.00039785374187125793,0.0002870664069363355,0.0,0.0,0.029306,2.744000000000024e-05,1.9798989873223505e-05,0,3,160,96,160,1.0,0.0,58728,116.0,0,0,0,0,983.0509908068925
5,z,7,0.01,normal,val,2000000,0.029364,58728,0.02244231777262294,0.0019750694819486475,2,0.04093449658134858,3.920000000000009e-05,2.8284271247461973e-05,0.0003705306206004988,0.00026735174945293123,0.00039785374187125793,0.0002870664069363355,5.46462425415032e-05,3.9429314966797663e-05,0.028705,2.744000000000024e-05,1.9798989873223505e-05,0,3,160,96,160,1.0,0.0,58728,116.0,2404,0,0,0,984.2673796979943
5,z,7,0.05,m1,anqi,2000000,5.5e-06,11,0.0,0.0,2,0.0,2.9400000000000002e-06,2.121320343559643e-06,0.0,0.0,0.0,0.0,0.0,0.0,5.5e-06,2.9400000000000002e-06,2.121320343559643e-06,0,3,144,80,128,1.0,0.0,11,0.0,0,0,0,0,776.1360374370124
5,z,7,0.05,m1,val,2000000,5.5e-06,11,0.1607142857142857,0.0,2,0.3214285714285714,2.9400000000000002e-06,2.121320343559643e-06,0.175,0.12626906806902635,0.0,0.0,0.35,0.2525381361380527,4.75e-06,3.4299999999999993e-06,2.474873734152916e-06,0,3,144,80,128,1.0,0.0,11,0.0,3,0,0,0,757.6992447309894
5,z,7,0.05,normal,anqi,2000000,2.4999999999999998e-06,5,0.0,0.0,2,0.0,2.9400000000000002e-06,2.121320343559643e-06,0.0,0.0,0.0,0.0,0.0,0.0,2.4999999999999998e-06,2.9400000000000002e-06,2.121320343559643e-06,0,3,160,96,160,1.0,0.0,5,0.0,0,0,0,0,731.0823349690763
5,z,7,0.05,normal,val,2000000,2.4999999999999998e-06,5,0.1875,0.0,2,0.375,2.9400000000000002e-06,2.121320343559643e-06,0.36749999999999994,0.2651650429449553,0.0,0.0,0.7349999999999999,0.5303300858899106,1.7500000000000002e-06,1.4700000000000001e-06,1.0606601717798214e-06,0,3,160,96,160,1.0,0.0,5,0.0,3,0,0,0,734.8126892268192
5,z,7,0.1,m1,anqi,2000000,0.0,0,0.0,,2,,0.0,0.0,0.0,0.0,,,,,0.0,0.0,0.0,0,3,144,80,128,1.0,0.0,0,0.0,0,0,0,0,709.9676661898848
5,z,7,0.1,m1,val,2000000,0.0,0,0.0,,2,,0.0,0.0,0.0,0.0,,,,,0.0,0.0,0.0,0,3,144,80,128,1.0,0.0,0,0.0,0,0,0,0,730.2567869179184
5,z,7,0.1,normal,anqi,2000000,0.0,0,0.0,,2,,0.0,0.0,0.0,0.0,,,,,0.0,0.0,0.0,0,3,160,96,160,1.0,0.0,0,0.0,0,0,0,0,706.9783283050638
5,z,7,0.1,normal,val,2000000,0.0,0,0.0,,2,,0.0,0.0,0.0,0.0,,,,,0.0,0.0,0.0,0,3,160,96,160,1.0,0.0,0,0.0,0,0,0,0,702.8307302129688
5,z,8,0.0,m1,anqi,1000,1.0,1000,0.0,0.0,1,0.0,0.0,,0.0,,0.0,,0.0,,1.0,0.0,,3,0,48,48,32,1.0,0.0,1000,0.0,0,0,0,0,0.7113593809772283
5,z,8,0.0,m1,val,1000,1.0,1000,0.0,0.0,1,0.0,0.0,,0.0,,0.0,,0.0,,1.0,0.0,,3,0,48,48,32,1.0,0.0,1000,0.0,0,0,0,0,0.8410902889445424
5,z,8,0.0,normal,anqi,1000,1.0,1000,0.0,0.0,1,0.0,0.0,,0.0,,0.0,,0.0,,1.0,0.0,,3,0,64,64,64,1.0,0.0,1000,0.0,0,0,0,0,1.277108907001093
5,z,8,0.0,normal,val,1000,1.0,1000,0.0,0.0,1,0.0,0.0,,0.0,,0.0,,0.0,,1.0,0.0,,3,0,64,64,64,1.0,0.0,1000,0.0,0,0,0,0,0.9386232800316066
<<<<<<< Updated upstream
5,z,8,0.0001,m1,anqi,100000,0.99084,99084,0.0,0.0,10,0.0,0.0005830428076526959,0.0009406853293683518,0.0,0.0,0.0,0.0,0.0,0.0,0.99084,0.0005830428076526959,0.0009406853293683518,3,0,48,48,32,1.0,0.0,99084,0.0,0,0,0,0,74.1151999111753
5,z,8,0.0001,m1,val,700000,0.990891875,693671,0.0,0.0,16,0.0,0.0003661679163421298,0.0007472814619227139,0.0,0.0,0.0,0.0,0.0,0.0,0.990891875,0.0003661679163421298,0.0007472814619227139,3,0,48,48,32,1.0,0.0,693671,0.0,0,0,0,0,282.26618940988556
5,z,8,0.0001,normal,anqi,100000,0.98668,98668,0.0,0.0,10,0.0,0.0008421666871165751,0.001358757602452428,0.0,0.0,0.0,0.0,0.0,0.0,0.98668,0.0008421666871165751,0.001358757602452428,3,0,64,64,64,1.0,0.0,98668,0.0,0,0,0,0,150.4260961660184
5,z,8,0.0001,normal,val,700000,0.9868837500000001,691002,0.0,0.0,16,0.0,0.0005362575610966549,0.0010944031859115406,0.0,0.0,0.0,0.0,0.0,0.0,0.9868837500000001,0.0005362575610966549,0.0010944031859115406,3,0,64,64,64,1.0,0.0,691002,0.0,0,0,0,0,370.2093287257012
5,z,8,0.00025,m1,anqi,100000,0.97782,97782,0.0,0.0,10,0.0,0.0014087781688004943,0.002272932515985062,0.0,0.0,0.0,0.0,0.0,0.0,0.97782,0.0014087781688004943,0.002272932515985062,3,0,48,48,32,1.0,0.0,97782,0.0,0,0,0,0,141.99223942868412
5,z,8,0.00025,m1,val,700000,0.977814375,684465,0.0,0.0,16,0.0,0.0008680000552755278,0.0017714286842357711,0.0,0.0,0.0,0.0,0.0,0.0,0.977814375,0.0008680000552755278,0.0017714286842357711,3,0,48,48,32,1.0,0.0,684465,0.0,0,0,0,0,342.13521518581547
5,z,8,0.00025,normal,anqi,100000,0.96811,96811,0.0,0.0,10,0.0,0.0007033278230431971,0.0011347540115226333,0.0,0.0,0.0,0.0,0.0,0.0,0.96811,0.0007033278230431971,0.0011347540115226333,3,0,64,64,64,1.0,0.0,96811,0.0,0,0,0,0,148.880390989827
5,z,8,0.00025,normal,val,700000,0.9680675,677609,0.0,0.0,16,0.0,0.00044633773385932026,0.000910893334406776,0.0,0.0,0.0,0.0,0.0,0.0,0.9680675,0.00044633773385932026,0.000910893334406776,3,0,64,64,64,1.0,0.0,677609,0.0,0,0,0,0,358.49518043524586
5,z,8,0.0005,m1,anqi,100000,0.95509,95509,0.0,0.0,10,0.0,0.0008659809492387459,0.0013971796989332111,0.0,0.0,0.0,0.0,0.0,0.0,0.95509,0.0008659809492387459,0.0013971796989332111,3,0,48,48,32,1.0,0.0,95509,0.0,0,0,0,0,151.0618769179564
5,z,8,0.0005,m1,val,700000,0.95557,669331,0.0,0.0,16,0.0,0.0006422328144839668,0.0013106792132325854,0.0,0.0,0.0,0.0,0.0,0.0,0.95557,0.0006422328144839668,0.0013106792132325854,3,0,48,48,32,1.0,0.0,669331,0.0,0,0,0,0,421.5872898497619
5,z,8,0.0005,normal,anqi,100000,0.9364800000000001,93648,0.0,0.0,10,0.0,0.0011602140492167907,0.0018718974330876297,0.0,0.0,0.0,0.0,0.0,0.0,0.9364800000000001,0.0011602140492167907,0.0018718974330876297,3,0,64,64,64,1.0,0.0,93648,0.0,0,0,0,0,142.9181702940259
5,z,8,0.0005,normal,val,700000,0.936784375,656023,0.0,0.0,16,0.0,0.0007495259043499824,0.001529644702755066,0.0,0.0,0.0,0.0,0.0,0.0,0.936784375,0.0007495259043499824,0.001529644702755066,3,0,64,64,64,1.0,0.0,656023,0.0,0,0,0,0,356.8255720115267
5,z,8,0.00075,m1,anqi,1100000,0.9358460000000001,1028797,0.0,0.0,11,0.0,0.0010028885086951298,0.00169704331117389,0.0,0.0,0.0,0.0,0.0,0.0,0.9358460000000001,0.0010028885086951298,0.00169704331117389,3,0,48,48,32,1.0,0.0,1028797,0.0,0,0,0,0,637.8044013652252
5,z,8,0.00075,m1,val,1700000,0.9356115294117647,1589906,0.0,0.0,17,0.0,0.0006812241603990605,0.0014330403918612416,0.0,0.0,0.0,0.0,0.0,0.0,0.9356115294117647,0.0006812241603990605,0.0014330403918612416,3,0,48,48,32,1.0,0.0,1589906,0.0,0,0,0,0,809.63824150234
5,z,8,0.00075,normal,anqi,1100000,0.9085860909090908,999010,0.0,0.0,11,0.0,0.0008716058096742393,0.0014748925692772308,0.0,0.0,0.0,0.0,0.0,0.0,0.9085860909090908,0.0008716058096742393,0.0014748925692772308,3,0,64,64,64,1.0,0.0,999010,0.0,0,0,0,0,1121.7156934003578
5,z,8,0.00075,normal,val,1700000,0.9082633529411764,1543613,0.0,0.0,17,0.0,0.0006102867108052464,0.0012838145768167399,0.0,0.0,0.0,0.0,0.0,0.0,0.9082633529411764,0.0006102867108052464,0.0012838145768167399,3,0,64,64,64,1.0,0.0,1543613,0.0,0,0,0,0,1309.5647421180038
5,z,8,0.001,m1,anqi,11000000,0.9147395454545454,10062135,0.0,0.0,11,0.0,0.00017580274575088758,0.0002974855840662965,0.0,0.0,0.0,0.0,0.0,0.0,0.9147395454545454,0.00017580274575088758,0.0002974855840662965,3,0,48,48,32,1.0,0.0,10062135,0.0,0,0,0,0,6488.707789001055
5,z,8,0.001,m1,val,11600000,0.914509705882353,10610588,6.431410086134724e-08,0.0,17,1.2862820172269449e-07,0.00027473120711961633,0.0005779315232691943,8.630440559175984e-08,1.8155213276070064e-07,0.0,0.0,1.7260881118351968e-07,3.6310426552140127e-07,0.9145096470588235,0.0002747250856554809,0.0005779186460022485,3,0,48,48,32,1.0,0.0,10610588,0.0,2,0,0,0,6807.982288450119
5,z,8,0.001,normal,anqi,12000000,0.8788019166666666,10545623,0.0,0.0,12,0.0,0.00020591500237974742,0.0003639339246554988,0.0,0.0,0.0,0.0,0.0,0.0,0.8788019166666666,0.00020591500237974742,0.0003639339246554988,3,0,64,64,64,1.0,0.0,10545623,0.0,0,0,0,0,11423.363703992916
5,z,8,0.001,normal,val,12600000,0.8786307222222223,11072596,2.2127402793665464e-07,0.0,18,4.4254805587330927e-07,0.000293069376321381,0.0006343816633315123,1.3185890227777464e-07,2.8542344069519e-07,0.0,0.0,2.637178045555493e-07,5.7084688139038e-07,0.8786305277777777,0.00029305155821466276,0.0006343430940332827,3,0,64,64,64,1.0,0.0,11072596,0.0,7,0,0,0,12048.668729294906
5,z,8,0.0025,m1,anqi,11000000,0.8013684545454546,8815053,1.1338182144721463e-07,1.1338182144721463e-07,11,0.0,0.0002139727877407454,0.00036207523075633175,2.2222837003654065e-07,3.7604495978748157e-07,2.2222837003654065e-07,3.7604495978748157e-07,0.0,0.0,0.8013683636363637,0.00021390306860431907,0.00036195725513580435,3,0,48,48,32,1.0,0.0,8815053,1.0,0,0,0,0,7312.432034533471
5,z,8,0.0025,m1,val,11000000,0.8013684545454546,8815053,4.424653892500673e-06,0.0,11,8.849307785001346e-06,0.0002139727877407454,0.00036207523075633175,1.2398054067322304e-06,2.097943544482028e-06,0.0,0.0,2.479610813464461e-06,4.195887088964056e-06,0.8013649090909091,0.00021443904957233037,0.00036286421828155176,3,0,48,48,32,1.0,0.0,8815053,0.0,78,0,0,0,7397.433451061952
5,z,8,0.0025,normal,anqi,12000000,0.7264699166666667,8717639,5.736256483255536e-07,5.736256483255536e-07,12,0.0,0.00020853340739314594,0.00036856169049019193,4.010997474890625e-07,7.089032056674525e-07,4.010997474890625e-07,7.089032056674525e-07,0.0,0.0,0.7264695,0.0002086005310141876,0.00036868032469634715,3,0,64,64,64,1.0,0.0,8717639,5.0,0,0,0,0,11174.519494787208
5,z,8,0.0025,normal,val,12000000,0.7264699166666667,8717639,1.1929811608292238e-05,5.736893494515945e-07,12,2.2712244517681285e-05,0.00020853340739314594,0.00036856169049019193,1.6213060461533839e-06,2.8654943332206856e-06,5.209450669148662e-07,9.207176773968538e-07,2.8652740973576574e-06,5.064081953300527e-06,0.72646125,0.0002085130538243473,0.00036852571761746277,3,0,64,64,64,1.0,0.0,8717639,5.0,198,0,0,0,11323.246793149156
5,z,8,0.005,m1,anqi,14500000,0.6457224210526316,9362059,2.9320653228651773e-06,2.9320653228651773e-06,19,0.0,0.0005154983108720317,0.0011464311442128065,1.7472829638925245e-06,3.885831563968236e-06,1.7472829638925245e-06,3.885831563968236e-06,0.0,0.0,0.6457205263157895,0.0005151140533045584,0.0011455765830368338,3,0,48,48,32,1.0,0.0,9362059,27.0,0,0,0,0,10277.034925797489
5,z,8,0.005,m1,val,14500000,0.6457224210526316,9362059,6.354907723335292e-05,3.0138774107888025e-06,19,0.00012107039964512825,0.0005154983108720317,0.0011464311442128065,7.783196685533308e-06,1.7309269290785925e-05,1.8314185135549773e-06,4.072942971385522e-06,1.434557552419742e-05,3.190352754944239e-05,0.6456813947368422,0.0005178221725041978,0.0011515992452400432,3,0,48,48,32,1.0,0.0,9362059,28.0,1116,0,0,0,10452.253414270352
5,z,8,0.005,normal,anqi,15500000,0.5342512,8282168,1.6656238985681916e-05,1.6656238985681916e-05,20,0.0,0.0004182560528027039,0.0009543356796608035,4.819444296826706e-06,1.099653577701856e-05,4.819444296826706e-06,1.099653577701856e-05,0.0,0.0,0.5342423000000001,0.0004179002682746217,0.0009535238853851561,3,0,64,64,64,1.0,0.0,8282168,124.0,0,0,0,0,13785.98669878242
5,z,8,0.005,normal,val,15500000,0.5342512,8282168,0.0001768286375515719,1.675013670498207e-05,20,0.0003201570016931796,0.0004182560528027039,0.0009543356796608035,9.56325807335522e-06,2.182050524326117e-05,4.853158640593178e-06,1.1073461863221243e-05,1.901919185238813e-05,4.339612842760205e-05,0.534156725,0.00041716187202893163,0.000951839085181387,3,0,64,64,64,1.0,0.0,8282168,125.0,2746,0,0,0,13755.601191157824
5,z,8,0.0075,m1,anqi,12000000,0.5230139166666666,6276167,2.4858873472186763e-05,2.4858873472186763e-05,12,0.0,0.0002840978300327054,0.0005021141591190949,4.7792735428702485e-06,8.446882244409166e-06,4.7792735428702485e-06,8.446882244409166e-06,0.0,0.0,0.5230009166666667,0.00028508793048474335,0.0005038640614533058,3,0,48,48,32,1.0,0.0,6276167,156.0,0,0,0,0,9764.868500452721
5,z,8,0.0075,m1,val,12000000,0.5230139166666666,6276167,0.00027302176454876,2.4858873472186763e-05,12,0.0004963257821531464,0.0002840978300327054,0.0005021141591190949,8.3501460687876e-06,1.4758038001797603e-05,4.7792735428702485e-06,8.446882244409166e-06,1.302911187388399e-05,2.3027636472516338e-05,0.522871125,0.00028566759634366333,0.000504888562187043,3,0,48,48,32,1.0,0.0,6276167,156.0,3115,0,0,0,9449.950397453853
5,z,8,0.0075,normal,anqi,13000000,0.39744569230769233,5166794,9.503344956829888e-05,9.503344956829888e-05,13,0.0,0.000190542614734818,0.000350515901830289,9.997506091241422e-06,1.8391082060578832e-05,9.997506091241422e-06,1.8391082060578832e-05,0.0,0.0,0.3974079230769231,0.00019150201006664692,0.00035228077380087576,3,0,64,64,64,1.0,0.0,5166794,491.0,0,0,0,0,11576.060965871322
5,z,8,0.0075,normal,val,13000000,0.39744569230769233,5166794,0.0007972020910197744,9.542051766104884e-05,13,0.0014035631467174512,0.000190542614734818,0.000350515901830289,2.310171917869362e-05,4.2497159719464125e-05,9.986991410804293e-06,1.8371739601670063e-05,4.1466386619409677e-05,7.628019549208951e-05,0.39712884615384614,0.00018953471888787302,0.0003486618099137139,3,0,64,64,64,1.0,0.0,5166794,493.0,7252,0,0,0,11633.188194614835
5,z,8,0.01,m1,anqi,13000000,0.42599807692307695,5537975,8.649746779453756e-05,8.649746779453756e-05,13,0.0,0.0002903954134395824,0.0005342018129163157,6.478386280713497e-06,1.1917425468048449e-05,6.478386280713497e-06,1.1917425468048449e-05,0.0,0.0,0.42596123076923076,0.0002911347534816356,0.0005355618784426558,3,0,48,48,32,1.0,0.0,5537975,479.0,0,0,0,0,10997.038593311212
5,z,8,0.01,m1,val,13000000,0.42599807692307695,5537975,0.0007891857614165721,8.631691470030605e-05,13,0.0014057376934325319,0.0002903954134395824,0.0005342018129163157,1.2255336026330188e-05,2.2544511449476828e-05,6.629995389609687e-06,1.2196320578228354e-05,2.4388507905361155e-05,4.4864293767774744e-05,0.4256618846153846,0.00028988415362874267,0.0005332613162514858,3,0,48,48,32,1.0,0.0,5537975,478.0,7785,0,0,0,10827.99235175713
5,z,8,0.01,normal,anqi,13000000,0.2995793846153846,3894532,0.00033611623853024505,0.00033611623853024505,13,0.0,0.0002204200262597053,0.0004054774014380033,1.6141296651836925e-05,2.9692996291159818e-05,1.6141296651836925e-05,2.9692996291159818e-05,0.0,0.0,0.2994786923076923,0.00022091839358652556,0.00040639418151497593,3,0,64,64,64,1.0,0.0,3894532,1309.0,0,0,0,0,11102.232468862087
5,z,8,0.01,normal,val,13000000,0.2995793846153846,3894532,0.0022591895657767605,0.00033637235864223975,13,0.0038456344142690415,0.0002204200262597053,0.0004054774014380033,2.606773343858951e-05,4.795334160610291e-05,1.6352859296322715e-05,3.0082179945581382e-05,6.963414864591893e-05,0.00012809668033986836,0.2989025769230769,0.00021959217132156767,0.00040395450683182915,3,0,64,64,64,1.0,0.0,3894532,1310.0,14977,0,0,0,11182.351923477021
5,z,8,0.05,m1,anqi,13000000,0.033855461538461536,440121,0.051220269327004436,0.051220269327004436,13,0.0,7.903898674976733e-05,0.00014539750994234946,0.0006170587157751166,0.0011351208365811953,0.0006170587157751166,0.0011351208365811953,0.0,0.0,0.03212130769230769,6.828351056145012e-05,0.00012561209112142615,3,0,48,48,32,1.0,0.0,440121,22544.0,0,0,0,0,10618.370807434665
5,z,8,0.05,m1,val,13000000,0.033855461538461536,440121,0.1150599718391238,0.051224810673871274,13,0.12767032233050507,7.903898674976733e-05,0.00014539750994234946,0.0007513518995758624,0.0013821621427745111,0.0006157390619209671,0.0011326932449296648,0.0008706977674753457,0.0016017068602369288,0.029959961538461536,6.153178895555581e-05,0.00011319184701545165,3,0,48,48,32,1.0,0.0,440121,22546.0,56191,0,0,0,10508.635624734568
5,z,8,0.05,normal,anqi,13000000,0.01485923076923077,193170,0.10558763276355039,0.10558763276355039,13,0.0,4.864346740015642e-05,8.948291628960458e-05,0.0013535972616819868,0.0024900328231234952,0.0013535972616819868,0.0024900328231234952,0.0,0.0,0.013290307692307693,5.036083510061713e-05,9.264212919921517e-05,3,0,64,64,64,1.0,0.0,193170,20396.0,0,0,0,0,10375.990435776184
5,z,8,0.05,normal,val,13000000,0.01485923076923077,193170,0.19897790999881468,0.10560304488209393,13,0.1867497302334415,4.864346740015642e-05,8.948291628960458e-05,0.0013745582098935115,0.0025285918912658412,0.0013502863784206848,0.002483942231610383,0.001694472593462788,0.003117095826835984,0.011902653846153846,5.056613782636106e-05,9.301979731383877e-05,3,0,64,64,64,1.0,0.0,193170,20399.0,36073,0,0,0,10522.237370248768
5,z,8,0.1,m1,anqi,13000000,0.007520923076923077,97772,0.22122739473227038,0.22122739473227038,13,0.0,6.512108046634771e-05,0.0001197945891505271,0.003091882075376628,0.005687724163499207,0.003091882075376628,0.005687724163499207,0.0,0.0,0.005857153846153846,5.7642700450164363e-05,0.00010603760822922386,3,0,48,48,32,1.0,0.0,97772,21629.0,0,0,0,0,10396.004542291397
5,z,8,0.1,m1,val,13000000,0.007520923076923077,97772,0.34686702639248057,0.22120694557339912,13,0.25132016163816284,6.512108046634771e-05,0.0001197945891505271,0.0029207995318822114,0.0053730063660982295,0.003091398627976298,0.00568683482962631,0.001992704223542336,0.0036657128851099743,0.0049122692307692305,5.09870075224529e-05,9.379401530850615e-05,3,0,48,48,32,1.0,0.0,97772,21627.0,24571,0,0,0,10441.622390195727
5,z,8,0.1,normal,anqi,13000000,0.004858,63154,0.2895728500185967,0.2895728500185967,13,0.0,3.408140601409283e-05,6.269502904271351e-05,0.0036192443972061705,0.006657842475797248,0.0036192443972061705,0.006657842475797248,0.0,0.0,0.0034513846153846153,3.43574154564074e-05,6.320276689821218e-05,3,0,64,64,64,1.0,0.0,63154,18286.0,0,0,0,0,10396.072144620935
5,z,8,0.1,normal,val,13000000,0.004858,63154,0.421043028874978,0.28954162086567964,13,0.2630028160185968,3.408140601409283e-05,6.269502904271351e-05,0.003320663166838004,0.006108582304377068,0.0036755417714619846,0.006761405266385678,0.003404849486537849,0.006263448678035434,0.002812730769230769,3.053556182706777e-05,5.617221116969066e-05,3,0,64,64,64,1.0,0.0,63154,18284.0,16609,0,0,0,10492.05585413787
=======
5,z,8,0.0001,m1,anqi,100000,0.99084,99084,0.0,0.0,10,0.0,0.0005830428076527022,0.0009406853293683621,0.0,0.0,0.0,0.0,0.0,0.0,0.99084,0.0005830428076527022,0.0009406853293683621,3,0,48,48,32,1.0,0.0,99084,0.0,0,0,0,0,74.1151999111753
5,z,8,0.0001,m1,val,700000,0.990891875,693671,0.0,0.0,16,0.0,0.0003661679163421249,0.0007472814619227039,0.0,0.0,0.0,0.0,0.0,0.0,0.990891875,0.0003661679163421249,0.0007472814619227039,3,0,48,48,32,1.0,0.0,693671,0.0,0,0,0,0,282.26618940988556
5,z,8,0.0001,normal,anqi,100000,0.98668,98668,0.0,0.0,10,0.0,0.0008421666871165746,0.001358757602452427,0.0,0.0,0.0,0.0,0.0,0.0,0.98668,0.0008421666871165746,0.001358757602452427,3,0,64,64,64,1.0,0.0,98668,0.0,0,0,0,0,150.4260961660184
5,z,8,0.0001,normal,val,700000,0.9868837500000001,691002,0.0,0.0,16,0.0,0.0005362575610966553,0.0010944031859115415,0.0,0.0,0.0,0.0,0.0,0.0,0.9868837500000001,0.0005362575610966553,0.0010944031859115415,3,0,64,64,64,1.0,0.0,691002,0.0,0,0,0,0,370.2093287257012
5,z,8,0.00025,m1,anqi,100000,0.97782,97782,0.0,0.0,10,0.0,0.0014087781688005103,0.002272932515985088,0.0,0.0,0.0,0.0,0.0,0.0,0.97782,0.0014087781688005103,0.002272932515985088,3,0,48,48,32,1.0,0.0,97782,0.0,0,0,0,0,141.99223942868412
5,z,8,0.00025,m1,val,700000,0.977814375,684465,0.0,0.0,16,0.0,0.0008680000552755417,0.0017714286842357993,0.0,0.0,0.0,0.0,0.0,0.0,0.977814375,0.0008680000552755417,0.0017714286842357993,3,0,48,48,32,1.0,0.0,684465,0.0,0,0,0,0,342.13521518581547
5,z,8,0.00025,normal,anqi,100000,0.96811,96811,0.0,0.0,10,0.0,0.0007033278230431989,0.0011347540115226363,0.0,0.0,0.0,0.0,0.0,0.0,0.96811,0.0007033278230431989,0.0011347540115226363,3,0,64,64,64,1.0,0.0,96811,0.0,0,0,0,0,148.880390989827
5,z,8,0.00025,normal,val,700000,0.9680675,677609,0.0,0.0,16,0.0,0.00044633773385931717,0.0009108933344067697,0.0,0.0,0.0,0.0,0.0,0.0,0.9680675,0.00044633773385931717,0.0009108933344067697,3,0,64,64,64,1.0,0.0,677609,0.0,0,0,0,0,358.49518043524586
5,z,8,0.0005,m1,anqi,100000,0.95509,95509,0.0,0.0,10,0.0,0.0008659809492387617,0.0013971796989332367,0.0,0.0,0.0,0.0,0.0,0.0,0.95509,0.0008659809492387617,0.0013971796989332367,3,0,48,48,32,1.0,0.0,95509,0.0,0,0,0,0,151.0618769179564
5,z,8,0.0005,m1,val,700000,0.95557,669331,0.0,0.0,16,0.0,0.0006422328144839719,0.0013106792132325958,0.0,0.0,0.0,0.0,0.0,0.0,0.95557,0.0006422328144839719,0.0013106792132325958,3,0,48,48,32,1.0,0.0,669331,0.0,0,0,0,0,421.5872898497619
5,z,8,0.0005,normal,anqi,100000,0.9364800000000001,93648,0.0,0.0,10,0.0,0.001160214049216787,0.0018718974330876235,0.0,0.0,0.0,0.0,0.0,0.0,0.9364800000000001,0.001160214049216787,0.0018718974330876235,3,0,64,64,64,1.0,0.0,93648,0.0,0,0,0,0,142.9181702940259
5,z,8,0.0005,normal,val,700000,0.936784375,656023,0.0,0.0,16,0.0,0.0007495259043499894,0.0015296447027550806,0.0,0.0,0.0,0.0,0.0,0.0,0.936784375,0.0007495259043499894,0.0015296447027550806,3,0,64,64,64,1.0,0.0,656023,0.0,0,0,0,0,356.8255720115267
5,z,8,0.00075,m1,anqi,1100000,0.9358460000000001,1028797,0.0,0.0,11,0.0,0.0010028885086951179,0.00169704331117387,0.0,0.0,0.0,0.0,0.0,0.0,0.9358460000000001,0.0010028885086951179,0.00169704331117387,3,0,48,48,32,1.0,0.0,1028797,0.0,0,0,0,0,637.8044013652252
5,z,8,0.00075,m1,val,1700000,0.9356115294117647,1589906,0.0,0.0,17,0.0,0.0006812241603990609,0.0014330403918612427,0.0,0.0,0.0,0.0,0.0,0.0,0.9356115294117647,0.0006812241603990609,0.0014330403918612427,3,0,48,48,32,1.0,0.0,1589906,0.0,0,0,0,0,809.63824150234
5,z,8,0.00075,normal,anqi,1100000,0.9085860909090908,999010,0.0,0.0,11,0.0,0.0008716058096742122,0.001474892569277185,0.0,0.0,0.0,0.0,0.0,0.0,0.9085860909090908,0.0008716058096742122,0.001474892569277185,3,0,64,64,64,1.0,0.0,999010,0.0,0,0,0,0,1121.7156934003578
5,z,8,0.00075,normal,val,1700000,0.9082633529411764,1543613,0.0,0.0,17,0.0,0.0006102867108052363,0.0012838145768167186,0.0,0.0,0.0,0.0,0.0,0.0,0.9082633529411764,0.0006102867108052363,0.0012838145768167186,3,0,64,64,64,1.0,0.0,1543613,0.0,0,0,0,0,1309.5647421180038
5,z,8,0.001,m1,anqi,11000000,0.9147395454545454,10062135,0.0,0.0,11,0.0,0.00017580274575089633,0.0002974855840663113,0.0,0.0,0.0,0.0,0.0,0.0,0.9147395454545454,0.00017580274575089633,0.0002974855840663113,3,0,48,48,32,1.0,0.0,10062135,0.0,0,0,0,0,6488.707789001055
5,z,8,0.001,m1,val,11600000,0.914509705882353,10610588,6.431410086134724e-08,0.0,17,1.2862820172269449e-07,0.00027473120711961064,0.0005779315232691824,8.630440559175984e-08,1.8155213276070064e-07,0.0,0.0,1.7260881118351968e-07,3.6310426552140127e-07,0.9145096470588235,0.00027472508565548175,0.0005779186460022502,3,0,48,48,32,1.0,0.0,10610588,0.0,2,0,0,0,6807.982288450119
5,z,8,0.001,normal,anqi,12000000,0.8788019166666666,10545623,0.0,0.0,12,0.0,0.00020591500237973832,0.0003639339246554827,0.0,0.0,0.0,0.0,0.0,0.0,0.8788019166666666,0.00020591500237973832,0.0003639339246554827,3,0,64,64,64,1.0,0.0,10545623,0.0,0,0,0,0,11423.363703992916
5,z,8,0.001,normal,val,12600000,0.8786307222222223,11072596,2.2127402793665464e-07,0.0,18,4.4254805587330927e-07,0.0002930693763213814,0.0006343816633315131,1.3185890227777464e-07,2.8542344069519e-07,0.0,0.0,2.637178045555493e-07,5.7084688139038e-07,0.8786305277777777,0.00029305155821466526,0.000634343094033288,3,0,64,64,64,1.0,0.0,11072596,0.0,7,0,0,0,12048.668729294906
5,z,8,0.0025,m1,anqi,11000000,0.8013684545454546,8815053,1.1338182144721463e-07,1.1338182144721463e-07,11,0.0,0.00021397278774074938,0.00036207523075633847,2.2222837003654065e-07,3.7604495978748157e-07,2.2222837003654065e-07,3.7604495978748157e-07,0.0,0.0,0.8013683636363637,0.0002139030686043194,0.0003619572551358049,3,0,48,48,32,1.0,0.0,8815053,1.0,0,0,0,0,7312.432034533471
5,z,8,0.0025,m1,val,11000000,0.8013684545454546,8815053,4.424653892500673e-06,0.0,11,8.849307785001346e-06,0.00021397278774074938,0.00036207523075633847,1.2398054067322306e-06,2.0979435444820285e-06,0.0,0.0,2.4796108134644613e-06,4.195887088964057e-06,0.8013649090909091,0.0002144390495723395,0.0003628642182815672,3,0,48,48,32,1.0,0.0,8815053,0.0,78,0,0,0,7397.433451061952
5,z,8,0.0025,normal,anqi,12000000,0.7264699166666667,8717639,5.736256483255536e-07,5.736256483255536e-07,12,0.0,0.00020853340739313664,0.0003685616904901755,4.0109974748906247e-07,7.089032056674524e-07,4.0109974748906247e-07,7.089032056674524e-07,0.0,0.0,0.7264695,0.00020860053101416995,0.000368680324696316,3,0,64,64,64,1.0,0.0,8717639,5.0,0,0,0,0,11174.519494787208
5,z,8,0.0025,normal,val,12000000,0.7264699166666667,8717639,1.1929811608292238e-05,5.736893494515945e-07,12,2.2712244517681285e-05,0.00020853340739313664,0.0003685616904901755,1.6213060461533839e-06,2.8654943332206856e-06,5.209450669148663e-07,9.207176773968539e-07,2.865274097357657e-06,5.064081953300526e-06,0.72646125,0.0002085130538243438,0.0003685257176174566,3,0,64,64,64,1.0,0.0,8717639,5.0,198,0,0,0,11323.246793149156
5,z,8,0.005,m1,anqi,14500000,0.6457224210526316,9362059,2.9320653228651773e-06,2.9320653228651773e-06,19,0.0,0.0005154983108720156,0.0011464311442127707,1.7472829638925245e-06,3.885831563968236e-06,1.7472829638925245e-06,3.885831563968236e-06,0.0,0.0,0.6457205263157895,0.0005151140533045486,0.001145576583036812,3,0,48,48,32,1.0,0.0,9362059,27.0,0,0,0,0,10277.034925797489
5,z,8,0.005,m1,val,14500000,0.6457224210526316,9362059,6.354907723335292e-05,3.0138774107888025e-06,19,0.00012107039964512825,0.0005154983108720156,0.0011464311442127707,7.783196685533308e-06,1.7309269290785925e-05,1.8314185135549773e-06,4.072942971385522e-06,1.4345575524197424e-05,3.19035275494424e-05,0.6456813947368422,0.0005178221725041953,0.0011515992452400374,3,0,48,48,32,1.0,0.0,9362059,28.0,1116,0,0,0,10452.253414270352
5,z,8,0.005,normal,anqi,15500000,0.5342512,8282168,1.6656238985681916e-05,1.6656238985681916e-05,20,0.0,0.00041825605280271054,0.0009543356796608187,4.819444296826706e-06,1.099653577701856e-05,4.819444296826706e-06,1.099653577701856e-05,0.0,0.0,0.5342423000000001,0.0004179002682746166,0.0009535238853851445,3,0,64,64,64,1.0,0.0,8282168,124.0,0,0,0,0,13785.98669878242
5,z,8,0.005,normal,val,15500000,0.5342512,8282168,0.0001768286375515719,1.675013670498207e-05,20,0.0003201570016931796,0.00041825605280271054,0.0009543356796608187,9.56325807335522e-06,2.182050524326117e-05,4.853158640593179e-06,1.1073461863221246e-05,1.9019191852388128e-05,4.3396128427602045e-05,0.534156725,0.00041716187202893245,0.000951839085181389,3,0,64,64,64,1.0,0.0,8282168,125.0,2746,0,0,0,13755.601191157824
5,z,8,0.0075,m1,anqi,12000000,0.5230139166666666,6276167,2.4858873472186763e-05,2.4858873472186763e-05,12,0.0,0.0002840978300327046,0.0005021141591190935,4.7792735428702485e-06,8.446882244409166e-06,4.7792735428702485e-06,8.446882244409166e-06,0.0,0.0,0.5230009166666667,0.0002850879304847517,0.0005038640614533205,3,0,48,48,32,1.0,0.0,6276167,156.0,0,0,0,0,9764.868500452721
5,z,8,0.0075,m1,val,12000000,0.5230139166666666,6276167,0.00027302176454876,2.4858873472186763e-05,12,0.0004963257821531464,0.0002840978300327046,0.0005021141591190935,8.350146068787604e-06,1.475803800179761e-05,4.7792735428702485e-06,8.446882244409166e-06,1.3029111873884e-05,2.3027636472516355e-05,0.522871125,0.0002856675963436678,0.0005048885621870508,3,0,48,48,32,1.0,0.0,6276167,156.0,3115,0,0,0,9449.950397453853
5,z,8,0.0075,normal,anqi,13000000,0.39744569230769233,5166794,9.503344956829888e-05,9.503344956829888e-05,13,0.0,0.00019054261473481636,0.00035051590183028604,9.997506091241422e-06,1.8391082060578832e-05,9.997506091241422e-06,1.8391082060578832e-05,0.0,0.0,0.3974079230769231,0.00019150201006664546,0.0003522807738008731,3,0,64,64,64,1.0,0.0,5166794,491.0,0,0,0,0,11576.060965871322
5,z,8,0.0075,normal,val,13000000,0.39744569230769233,5166794,0.0007972020910197744,9.542051766104884e-05,13,0.0014035631467174512,0.00019054261473481636,0.00035051590183028604,2.310171917869365e-05,4.249715971946418e-05,9.986991410804296e-06,1.837173960167007e-05,4.1466386619409704e-05,7.628019549208958e-05,0.39712884615384614,0.00018953471888787137,0.0003486618099137108,3,0,64,64,64,1.0,0.0,5166794,493.0,7252,0,0,0,11633.188194614835
5,z,8,0.01,m1,anqi,13000000,0.42599807692307695,5537975,8.649746779453756e-05,8.649746779453756e-05,13,0.0,0.0002903954134395776,0.0005342018129163069,6.478386280713498e-06,1.191742546804845e-05,6.478386280713498e-06,1.191742546804845e-05,0.0,0.0,0.42596123076923076,0.00029113475348163876,0.0005355618784426616,3,0,48,48,32,1.0,0.0,5537975,479.0,0,0,0,0,10997.038593311212
5,z,8,0.01,m1,val,13000000,0.42599807692307695,5537975,0.0007891857614165721,8.631691470030605e-05,13,0.0014057376934325319,0.0002903954134395776,0.0005342018129163069,1.2255336026330193e-05,2.2544511449476838e-05,6.629995389609686e-06,1.2196320578228353e-05,2.438850790536112e-05,4.4864293767774676e-05,0.4256618846153846,0.0002898841536287376,0.0005332613162514764,3,0,48,48,32,1.0,0.0,5537975,478.0,7785,0,0,0,10827.99235175713
5,z,8,0.01,normal,anqi,13000000,0.2995793846153846,3894532,0.00033611623853024505,0.00033611623853024505,13,0.0,0.00022042002625970858,0.00040547740143800936,1.6141296651836918e-05,2.9692996291159808e-05,1.6141296651836918e-05,2.9692996291159808e-05,0.0,0.0,0.2994786923076923,0.00022091839358652943,0.0004063941815149831,3,0,64,64,64,1.0,0.0,3894532,1309.0,0,0,0,0,11102.232468862087
5,z,8,0.01,normal,val,13000000,0.2995793846153846,3894532,0.0022591895657767605,0.00033637235864223975,13,0.0038456344142690415,0.00022042002625970858,0.00040547740143800936,2.606773343858954e-05,4.795334160610296e-05,1.6352859296322718e-05,3.008217994558139e-05,6.963414864591892e-05,0.00012809668033986833,0.2989025769230769,0.0002195921713215704,0.0004039545068318342,3,0,64,64,64,1.0,0.0,3894532,1310.0,14977,0,0,0,11182.351923477021
5,z,8,0.05,m1,anqi,13000000,0.033855461538461536,440121,0.051220269327004436,0.051220269327004436,13,0.0,7.903898674976745e-05,0.00014539750994234968,0.0006170587157751174,0.001135120836581197,0.0006170587157751174,0.001135120836581197,0.0,0.0,0.03212130769230769,6.828351056144995e-05,0.00012561209112142585,3,0,48,48,32,1.0,0.0,440121,22544.0,0,0,0,0,10618.370807434665
5,z,8,0.05,m1,val,13000000,0.033855461538461536,440121,0.1150599718391238,0.051224810673871274,13,0.12767032233050507,7.903898674976745e-05,0.00014539750994234968,0.0007513518995758635,0.0013821621427745133,0.0006157390619209671,0.0011326932449296648,0.0008706977674753468,0.001601706860236931,0.029959961538461536,6.153178895555542e-05,0.00011319184701545095,3,0,48,48,32,1.0,0.0,440121,22546.0,56191,0,0,0,10508.635624734568
5,z,8,0.05,normal,anqi,13000000,0.01485923076923077,193170,0.10558763276355039,0.10558763276355039,13,0.0,4.864346740015629e-05,8.948291628960434e-05,0.0013535972616819868,0.0024900328231234952,0.0013535972616819868,0.0024900328231234952,0.0,0.0,0.013290307692307693,5.0360835100617204e-05,9.26421291992153e-05,3,0,64,64,64,1.0,0.0,193170,20396.0,0,0,0,0,10375.990435776184
5,z,8,0.05,normal,val,13000000,0.01485923076923077,193170,0.19897790999881468,0.10560304488209393,13,0.1867497302334415,4.864346740015629e-05,8.948291628960434e-05,0.0013745582098935107,0.002528591891265839,0.0013502863784206833,0.0024839422316103804,0.0016944725934627857,0.0031170958268359797,0.011902653846153846,5.056613782636118e-05,9.301979731383899e-05,3,0,64,64,64,1.0,0.0,193170,20399.0,36073,0,0,0,10522.237370248768
5,z,8,0.1,m1,anqi,13000000,0.007520923076923077,97772,0.22122739473227038,0.22122739473227038,13,0.0,6.512108046634796e-05,0.00011979458915052753,0.0030918820753766314,0.005687724163499214,0.0030918820753766314,0.005687724163499214,0.0,0.0,0.005857153846153846,5.76427004501644e-05,0.00010603760822922393,3,0,48,48,32,1.0,0.0,97772,21629.0,0,0,0,0,10396.004542291397
5,z,8,0.1,m1,val,13000000,0.007520923076923077,97772,0.34686702639248057,0.22120694557339912,13,0.25132016163816284,6.512108046634796e-05,0.00011979458915052753,0.002920799531882205,0.005373006366098217,0.0030913986279762946,0.005686834829626303,0.0019927042235423297,0.0036657128851099617,0.0049122692307692305,5.0987007522452914e-05,9.379401530850618e-05,3,0,48,48,32,1.0,0.0,97772,21627.0,24571,0,0,0,10441.622390195727
5,z,8,0.1,normal,anqi,13000000,0.004858,63154,0.2895728500185967,0.2895728500185967,13,0.0,3.408140601409271e-05,6.269502904271328e-05,0.003619244397206177,0.006657842475797259,0.003619244397206177,0.006657842475797259,0.0,0.0,0.0034513846153846153,3.43574154564074e-05,6.320276689821218e-05,3,0,64,64,64,1.0,0.0,63154,18286.0,0,0,0,0,10396.072144620935
5,z,8,0.1,normal,val,13000000,0.004858,63154,0.421043028874978,0.28954162086567964,13,0.2630028160185968,3.408140601409271e-05,6.269502904271328e-05,0.0033206631668379998,0.0061085823043770604,0.0036755417714619838,0.006761405266385676,0.003404849486537858,0.00626344867803545,0.002812730769230769,3.053556182706773e-05,5.617221116969059e-05,3,0,64,64,64,1.0,0.0,63154,18284.0,16609,0,0,0,10492.05585413787
>>>>>>> Stashed changes
5,z,9,0.0,m1,anqi,1000,1.0,1000,0.0,0.0,1,0.0,0.0,,0.0,,0.0,,0.0,,1.0,0.0,,0,3,144,112,128,1.0,0.0,1000,0.0,0,0,0,0,1.4478663047775626
5,z,9,0.0,m1,val,1000,1.0,1000,0.0,0.0,1,0.0,0.0,,0.0,,0.0,,0.0,,1.0,0.0,,0,3,144,112,128,1.0,0.0,1000,0.0,0,0,0,0,1.771514011081308
5,z,9,0.0,normal,anqi,1000,1.0,1000,0.0,0.0,1,0.0,0.0,,0.0,,0.0,,0.0,,1.0,0.0,,0,3,160,128,160,1.0,0.0,1000,0.0,0,0,0,0,0.869651772081852
5,z,9,0.0,normal,val,1000,1.0,1000,0.0,0.0,1,0.0,0.0,,0.0,,0.0,,0.0,,1.0,0.0,,0,3,160,128,160,1.0,0.0,1000,0.0,0,0,0,0,0.91878806008026
5,z,9,0.005,m1,anqi,500000,0.206764,103382,0.004168468188387288,0.004168468188387288,5,0.0,0.0007139782584925121,0.0008145428165541703,0.00030554124069771246,0.00034857703271923995,0.00030554124069771246,0.00034857703271923995,0.0,0.0,0.20590199999999997,0.0006823896998050348,0.0007785049775049657,0,3,144,112,128,1.0,0.0,103382,431.0,0,0,0,0,315.1263660581317
5,z,9,0.005,m1,val,500000,0.206764,103382,0.11318068777847427,0.004187803364913055,5,0.21798576882712242,0.0007139782584925121,0.0008145428165541703,0.0024564173418571322,0.0028024062028070857,0.0002997803513241681,0.0003420047162651066,0.004649513065508496,0.005304401671811444,0.183363,0.0009503504208448519,0.0010842082364564398,0,3,144,112,128,1.0,0.0,103382,433.0,22535,0,0,0,320.8515079851495
5,z,9,0.005,normal,anqi,500000,0.155542,77771,0.008626523003906301,0.008626523003906301,5,0.0,0.001015715041928607,0.0011587795303680687,0.00035865047124552217,0.0004091667519731231,0.00035865047124552217,0.0004091667519731231,0.0,0.0,0.1542,0.0009766819830425739,0.0011142486257563736,0,3,160,128,160,1.0,0.0,77771,671.0,0,0,0,0,286.8736777137965
5,z,9,0.005,normal,val,500000,0.155542,77771,0.12057276996984301,0.008626563436686902,5,0.2238924130663122,0.001015715041928607,0.0011587795303680687,0.0017527219828302651,0.0019995946424830064,0.0003248269436924828,0.0003705791464387184,0.0033884612317989205,0.003865729415012785,0.136788,0.0009536996269266353,0.0010880291815939518,0,3,160,128,160,1.0,0.0,77771,671.0,17412,0,0,0,291.0980234600138
5,z,10,0.0,m1,anqi,1000,1.0,1000,0.0,0.0,1,0.0,0.0,,0.0,,0.0,,0.0,,1.0,0.0,,1,2,112,80,96,1.0,0.0,1000,0.0,0,0,0,0,0.7622666039969772
5,z,10,0.0,m1,val,1000,1.0,1000,0.0,0.0,1,0.0,0.0,,0.0,,0.0,,0.0,,1.0,0.0,,1,2,112,80,96,1.0,0.0,1000,0.0,0,0,0,0,1.7779375871177765
5,z,10,0.0,normal,anqi,1000,1.0,1000,0.0,0.0,1,0.0,0.0,,0.0,,0.0,,0.0,,1.0,0.0,,1,2,128,96,128,1.0,0.0,1000,0.0,0,0,0,0,1.1395577599760145
5,z,10,0.0,normal,val,1000,1.0,1000,0.0,0.0,1,0.0,0.0,,0.0,,0.0,,0.0,,1.0,0.0,,1,2,128,96,128,1.0,0.0,1000,0.0,0,0,0,0,0.7860132658388466
5,z,10,0.005,m1,anqi,2500000,0.2993544285714286,748226,0.0002995785189862362,0.0002995785189862362,7,0.0,0.000829688633966582,0.0011199743832104457,5.388174969271579e-05,7.273352545508006e-05,5.388174969271579e-05,7.273352545508006e-05,0.0,0.0,0.2992647142857143,0.0008216401570841873,0.0011091099606269413,1,2,112,80,96,1.0,0.0,748226,223.0,0,0,0,0,1521.437875299016
5,z,10,0.005,m1,val,2500000,0.2993544285714286,748226,0.007622183179836332,0.0002995785189862362,7,0.014645209321700192,0.000829688633966582,0.0011199743832104457,0.0002847147197945576,0.0003843287465182849,5.388174969271579e-05,7.273352545508006e-05,0.00048312549347326496,0.0006521581162069479,0.29707242857142857,0.0007641690377571371,0.0010315312415923022,1,2,112,80,96,1.0,0.0,748226,223.0,11063,0,0,0,1411.9000994699309
5,z,10,0.005,normal,anqi,2500000,0.22361814285714285,558992,0.0005609319933682465,0.0005609319933682465,7,0.0,0.001080583631191957,0.0014586507953780901,0.0001280985216443611,0.00017291675080918586,0.0001280985216443611,0.00017291675080918586,0.0,0.0,0.2234927142857143,0.0010813142386312425,0.001459637022720112,1,2,128,96,128,1.0,0.0,558992,338.0,0,0,0,0,1838.838754056138
5,z,10,0.005,normal,val,2500000,0.22361814285714285,558992,0.009142762503453463,0.0005609319933682465,7,0.017163661020170435,0.001080583631191957,0.0014586507953780901,0.0002743093084804661,0.00037028276150480327,0.0001280985216443611,0.00017291675080918586,0.00030813273008057745,0.00041594008907785686,0.22157357142857143,0.00106170677257581,0.0014331694313819408,1,2,128,96,128,1.0,0.0,558992,338.0,9669,0,0,0,1864.4911863090238
5,z,10,0.0075,m1,anqi,2000000,0.1673595,334719,0.0010455728614071627,0.0010455728614071627,2,0.0,0.0007908600000000021,0.0005706351724175454,6.532702503788277e-05,4.713590040717377e-05,6.532702503788277e-05,4.713590040717377e-05,0.0,0.0,0.1671845,0.0007791000000000038,0.0005621498910433081,1,2,112,80,96,1.0,0.0,334719,350.0,0,0,0,0,1337.9039642020361
5,z,10,0.0075,m1,val,2000000,0.1673595,334719,0.01692124362095064,0.0010455872674706422,2,0.031751312706959994,0.0007908600000000021,0.0005706351724175454,0.0003357901121235126,0.00024228516871217033,5.361564090265689e-05,3.868569720401175e-05,0.0005643489424417105,0.00040719894301631646,0.1645275,0.0007212800000000004,0.0005204305909532993,1,2,112,80,96,1.0,0.0,334719,350.0,10628,0,0,0,1394.0989288931014
5,z,10,0.0075,normal,anqi,2000000,0.10863149999999999,217263,0.0018687087189022465,0.0018687087189022465,2,0.0,0.00012054000000000494,8.697413408594893e-05,2.0116210758173075e-05,1.4514601060083634e-05,2.0116210758173075e-05,1.4514601060083634e-05,0.0,0.0,0.10842850000000001,0.0001224999999999933,8.838834764831361e-05,1,2,128,96,128,1.0,0.0,217263,406.0,0,0,0,0,1317.5851600820897
5,z,10,0.0075,normal,val,2000000,0.10863149999999999,217263,0.020617944326805374,0.0018687087189022465,2,0.03749847121580626,0.00012054000000000494,8.697413408594893e-05,0.00026194323938408986,0.00018900187842291945,2.0116210758173075e-05,1.4514601060083634e-05,0.0004836540572518387,0.00034897455472567544,0.10639175000000001,0.00014651000000000372,0.00010571246378739154,1,2,128,96,128,1.0,0.0,217263,406.0,8147,0,0,0,1312.4773219210329
5,z,10,0.01,m1,anqi,2000000,0.094032,188064,0.002461981007787382,0.002461981007787382,2,0.0,0.00044687999999999125,0.0003224406922210594,4.296633138463553e-05,3.100182069875935e-05,4.296633138463553e-05,3.100182069875935e-05,0.0,0.0,0.09380050000000001,0.00044981999999999417,0.00032456201256462114,1,2,112,80,96,1.0,0.0,188064,463.0,0,0,0,0,1290.1616220760625
5,z,10,0.01,m1,val,2000000,0.094032,188064,0.029969290627278933,0.002461981007787382,2,0.0550146192389831,0.00044687999999999125,0.0003224406922210594,0.0006218380614633131,0.00044867950006184263,4.296633138463553e-05,3.100182069875935e-05,0.0011577434601573566,0.0008353553587261678,0.091214,0.0004919600000000024,0.0003549676041556486,1,2,112,80,96,1.0,0.0,188064,463.0,10346,0,0,0,1326.6761851389892
5,z,10,0.01,normal,anqi,2000000,0.053664,107328,0.004705378368726207,0.004705378368726207,2,0.0,0.0005468399999999927,0.00039456558390208823,6.620991925973148e-05,4.777294172486727e-05,6.620991925973148e-05,4.777294172486727e-05,0.0,0.0,0.0534115,0.0005478200000000039,0.00039527269068328287,1,2,128,96,128,1.0,0.0,107328,505.0,0,0,0,0,1296.3745760129532
5,z,10,0.01,normal,val,2000000,0.053664,107328,0.03762279340190175,0.00471474429548466,2,0.06581609821283418,0.0005468399999999927,0.00039456558390208823,7.316546765250612e-05,5.279163094466538e-05,8.456713570629908e-05,6.1018362370864385e-05,0.0003154652067176172,0.00022761998663106445,0.051644999999999996,0.0005223400000000022,0.0003768879143724314,1,2,128,96,128,1.0,0.0,107328,506.0,7064,0,0,0,1250.7707246050704
5,z,10,0.05,m1,anqi,2000000,9.7e-05,194,0.07448849104859336,0.07448849104859336,2,0.0,9.8e-06,7.071067811865475e-06,0.08835038363171356,0.06374811774124246,0.08835038363171356,0.06374811774124246,0.0,0.0,8.999999999999999e-05,1.7639999999999997e-05,1.2727922061357855e-05,1,2,112,80,96,1.0,0.0,194,14.0,0,0,0,0,1142.563602410024
5,z,10,0.05,m1,val,2000000,9.7e-05,194,0.40393222506393867,0.07502131287297528,2,0.6578218243819267,9.8e-06,7.071067811865475e-06,0.07111892583120207,0.05131497421014908,0.10861040068201191,0.0783664804384068,0.07498294970161971,0.05410301245651542,5.8e-05,1.2739999999999993e-05,9.192388155425114e-06,1,2,112,80,96,1.0,0.0,194,14.0,128,0,0,0,1142.2052648769459
5,z,10,0.05,normal,anqi,2000000,3.2500000000000004e-05,65,0.18007662835249041,0.18007662835249041,2,0.0,6.859999999999996e-06,4.949747468305831e-06,0.0826053639846743,0.059602870444843074,0.0826053639846743,0.059602870444843074,0.0,0.0,2.65e-05,2.9399999999999985e-06,2.1213203435596416e-06,1,2,128,96,128,1.0,0.0,65,12.0,0,0,0,0,1093.7296304649208
5,z,10,0.05,normal,val,2000000,3.2500000000000004e-05,65,0.4913793103448276,0.18007662835249041,2,0.6226053639846744,6.859999999999996e-06,4.949747468305831e-06,0.01689655172413788,0.012191496227354232,0.0826053639846743,0.059602870444843074,0.1314176245210728,0.09482274843497765,1.65e-05,2.939999999999999e-06,2.121320343559642e-06,1,2,128,96,128,1.0,0.0,65,12.0,40,0,0,0,1099.9744905589614
5,z,10,0.1,m1,anqi,2000000,9e-06,18,0.045454545454545456,0.045454545454545456,2,0.0,3.92e-06,2.82842712474619e-06,0.0890909090909091,0.0642824346533225,0.0890909090909091,0.0642824346533225,0.0,0.0,8.5e-06,2.940000000000001e-06,2.1213203435596437e-06,1,2,112,80,96,1.0,0.0,18,1.0,0,0,0,0,1066.8711021880154
5,z,10,0.1,m1,val,2000000,9e-06,18,0.4512987012987013,0.045454545454545456,2,0.8116883116883117,3.92e-06,2.82842712474619e-06,0.18454545454545446,0.13315647178188228,0.0890909090909091,0.0642824346533225,0.19090909090909086,0.13774807425711963,4.75e-06,4.900000000000002e-07,3.5355339059327395e-07,1,2,112,80,96,1.0,0.0,18,1.0,15,0,0,0,1095.0180860200198
5,z,10,0.1,normal,anqi,2000000,2e-06,4,0.0,0.0,2,0.0,0.0,0.0,0.0,0.0,0.0,0.0,0.0,0.0,2e-06,0.0,0.0,1,2,128,96,128,1.0,0.0,4,0.0,0,0,0,0,1093.526930019958
5,z,10,0.1,normal,val,2000000,2e-06,4,0.5,0.0,2,1.0,0.0,0.0,0.0,0.0,0.0,0.0,0.0,0.0,1e-06,0.0,0.0,1,2,128,96,128,1.0,0.0,4,0.0,4,0,0,0,1109.1971372669796
5,z,11,0.0,m1,anqi,1000,1.0,1000,0.0,0.0,1,0.0,0.0,,0.0,,0.0,,0.0,,1.0,0.0,,0,3,144,80,128,1.0,0.0,1000,0.0,0,0,0,0,1.4597855291794986
5,z,11,0.0,m1,val,1000,1.0,1000,0.0,0.0,1,0.0,0.0,,0.0,,0.0,,0.0,,1.0,0.0,,0,3,144,80,128,1.0,0.0,1000,0.0,0,0,0,0,0.7665024260058999
5,z,11,0.0,normal,anqi,1000,1.0,1000,0.0,0.0,1,0.0,0.0,,0.0,,0.0,,0.0,,1.0,0.0,,0,3,160,96,160,1.0,0.0,1000,0.0,0,0,0,0,0.8020758349448442
5,z,11,0.0,normal,val,1000,1.0,1000,0.0,0.0,1,0.0,0.0,,0.0,,0.0,,0.0,,1.0,0.0,,0,3,160,96,160,1.0,0.0,1000,0.0,0,0,0,0,1.477923470083624
<<<<<<< Updated upstream
5,z,11,0.0001,m1,val,600000,0.9698483333333333,581909,4.295046489732241e-06,0.0,6,8.590092979464483e-06,0.0006251225664708802,0.0007812404666085287,1.6836592951334665e-06,2.104135802944378e-06,0.0,0.0,3.367318590266933e-06,4.208271605888756e-06,0.9698441666666667,0.0006237832367453089,0.0007795666531263903,0,3,144,80,128,1.0,0.0,581909,0.0,5,0,0,0,189.1163180838339
5,z,11,0.0001,normal,val,600000,0.9640216666666667,578413,8.647317429187118e-07,0.0,6,1.7294634858374237e-06,0.0004857062093259341,0.0006070063151785585,1.6948742161206752e-06,2.1181515345384047e-06,0.0,0.0,3.3897484322413505e-06,4.236303069076809e-06,0.9640208333333334,0.00048614596550602284,0.0006075558959196059,0,3,160,96,160,1.0,0.0,578413,0.0,1,0,0,0,216.72479542065412
5,z,11,0.00025,m1,val,600000,0.9261633333333333,555698,1.5298600932724465e-05,0.0,6,3.059720186544893e-05,0.0006040207119333296,0.0007548686419945324,5.745932457803033e-06,7.180919703119114e-06,0.0,0.0,1.1491864915606066e-05,1.4361839406238228e-05,0.9261491666666667,0.0006067797061353645,0.0007583166664834523,0,3,144,80,128,1.0,0.0,555698,0.0,17,0,0,0,196.20804446493275
5,z,11,0.00025,normal,val,600000,0.9125516666666668,547531,8.220523954809516e-06,0.0,6,1.6441047909619032e-05,0.0006537399068266917,0.0008170046919489857,5.373906477489059e-06,6.715984079227311e-06,0.0,0.0,1.0747812954978118e-05,1.3431968158454621e-05,0.9125441666666667,0.0006555236368312619,0.0008192338900867861,0,3,160,96,160,1.0,0.0,547531,0.0,9,0,0,0,222.99066849634983
5,z,11,0.0005,m1,val,600000,0.857295,514377,4.083149098456002e-05,0.0,6,8.166298196912004e-05,0.0006189949768239824,0.0007735825747778855,7.834258117971898e-06,9.79078311341225e-06,0.0,0.0,1.5668516235943797e-05,1.95815662268245e-05,0.85726,0.0006239145197861697,0.0007797307227498544,0,3,144,80,128,1.0,0.0,514377,0.0,42,0,0,0,268.7150540940929
5,z,11,0.0005,normal,val,600000,0.8323066666666666,499384,3.903471606530525e-05,0.0,6,7.80694321306105e-05,0.000820218303732488,0.0010250593478753809,1.4480417305050792e-05,1.8096751867317318e-05,0.0,0.0,2.8960834610101584e-05,3.6193503734634636e-05,0.8322741666666666,0.0008115497362727847,0.0010142258952849895,0,3,160,96,160,1.0,0.0,499384,0.0,39,0,0,0,202.99167760182172
5,z,11,0.00075,m1,anqi,1000000,0.795158,795158,0.0,0.0,1,0.0,0.0,,0.0,,0.0,,0.0,,0.795158,0.0,,0,3,144,80,128,1.0,0.0,795158,0.0,0,0,0,0,377.0282396420371
5,z,11,0.00075,m1,val,1600000,0.7941182857142858,1271525,9.975680181248502e-05,0.0,7,0.00019951360362497003,0.0009306793412699995,0.0012562990241560361,1.5389743168438733e-05,2.0774200594308218e-05,0.0,0.0,3.0779486336877465e-05,4.1548401188616436e-05,0.7940390714285714,0.0009330773560643158,0.0012595360398631864,0,3,144,80,128,1.0,0.0,1271525,0.0,245,0,0,0,578.8036203448428
5,z,11,0.00075,normal,anqi,1000000,0.759786,759786,0.0,0.0,1,0.0,0.0,,0.0,,0.0,,0.0,,0.759786,0.0,,0,3,160,96,160,1.0,0.0,759786,0.0,0,0,0,0,913.8133173160022
5,z,11,0.00075,normal,val,1600000,0.7592422857142856,1215277,8.871471579799858e-05,0.0,7,0.00017742943159599717,0.0005653164173569958,0.0007631054348921475,1.0175342016921259e-05,1.373542065397961e-05,0.0,0.0,2.0350684033842518e-05,2.747084130795922e-05,0.7591749285714285,0.0005643067731887078,0.000761742543370741,0,3,160,96,160,1.0,0.0,1215277,0.0,223,0,0,0,1109.6010607336648
5,z,11,0.001,m1,anqi,11000000,0.7360311818181817,8096343,9.879593733818556e-07,9.879593733818556e-07,11,0.0,0.00032039428593041476,0.0005421569547984847,7.26082254431121e-07,1.22864408412418e-06,7.26082254431121e-07,1.22864408412418e-06,0.0,0.0,0.7360304545454546,0.0003203028796210879,0.0005420022811089395,0,3,144,80,128,1.0,0.0,8096343,8.0,0,0,0,0,5903.616022224422
5,z,11,0.001,m1,val,29600000,0.7358376285714285,21782842,0.000170883665236935,8.152973201474245e-07,35,0.0003401367358335751,0.00016028015739506446,0.0004837909177535537,7.671429724589873e-06,2.3155505255671226e-05,4.5280148940463927e-07,1.3667396618490721e-06,1.5468419082302933e-05,4.6690000719043215e-05,0.7357118857142857,0.00016023542127903366,0.0004836558859006842,0,3,144,80,128,1.0,0.0,21782842,21.0,7212,0,0,0,17308.94511719572
5,z,11,0.001,normal,anqi,12000000,0.6927564999999999,8313078,9.625391718862292e-07,9.625391718862292e-07,12,0.0,0.0002442728299556653,0.00043172750244065833,6.358941566274616e-07,1.1238785586886989e-06,6.358941566274616e-07,1.1238785586886989e-06,0.0,0.0,0.6927558333333333,0.00024441020118736584,0.00043197029218841707,0,3,160,96,160,1.0,0.0,8313078,8.0,0,0,0,0,10230.846715298947
5,z,11,0.001,normal,val,30600000,0.6923636944444445,21194215,0.00016246794508729013,8.422165341422082e-07,36,0.00032325145710629583,0.00029362247128869644,0.0008988442998633565,5.0886843433358246e-06,1.5577605132660686e-05,4.562176543679112e-07,1.3965846562282997e-06,1.0128535202814105e-05,3.1005720008614605e-05,0.6922512083333333,0.00029380115187449475,0.0008993912812484534,0,3,160,96,160,1.0,0.0,21194215,21.0,6860,0,0,0,22059.458170476602
5,z,11,0.0025,m1,anqi,11000000,0.46529818181818183,5118280,1.269756684260758e-05,1.269756684260758e-05,11,0.0,0.0002930063015123582,0.0004958122261868553,3.2822617752381592e-06,5.554097332750409e-06,3.2822617752381592e-06,5.554097332750409e-06,0.0,0.0,0.46529227272727275,0.00029243521142411434,0.0004948458529500206,0,3,144,80,128,1.0,0.0,5118280,65.0,0,0,0,0,6402.352377915406
5,z,11,0.0025,m1,val,29000000,0.46527775862068965,13493055,0.0010099992473391218,1.2673190316384843e-05,29,0.0019946521140454736,0.00016216658320884422,0.00044555804938240667,1.0043044437526404e-05,2.759359666400772e-05,1.8740570325721e-06,5.149033662433772e-06,1.995644198181133e-05,5.483098420207751e-05,0.46480782758620687,0.0001617342669344755,0.0004443702461240995,0,3,144,80,128,1.0,0.0,13493055,171.0,26914,0,0,0,16631.466284801252
5,z,11,0.0025,normal,anqi,13000000,0.4003913846153846,5205088,1.2101611208398226e-05,1.2101611208398226e-05,13,0.0,0.0002612865786085187,0.0004806541616140645,4.142626642849291e-06,7.620639171375697e-06,4.142626642849291e-06,7.620639171375697e-06,0.0,0.0,0.4003865384615385,0.0002609102668239047,0.00047996191088192826,0,3,160,96,160,1.0,0.0,5205088,63.0,0,0,0,0,9527.406952265184
5,z,11,0.0025,normal,val,31000000,0.40040590322580644,12412583,0.0010095761788018844,1.3130454723082825e-05,31,0.001992891448157603,0.0001482906417681791,0.00042124864825411265,1.3997828276068781e-05,3.976357624107661e-05,2.280240963742621e-06,6.477471620709873e-06,2.7605596541413246e-05,7.841911052956346e-05,0.4000016612903226,0.0001476682278577226,0.0004194805594839241,0,3,160,96,160,1.0,0.0,12412583,163.0,24737,0,0,0,19269.742788075935
5,z,11,0.005,m1,anqi,14500000,0.21817047368421053,3163114,9.086182556705482e-05,9.086182556705482e-05,19,0.0,0.0004510005742720512,0.0010029928197605516,1.5131399751418545e-05,3.365114407691322e-05,1.5131399751418545e-05,3.365114407691322e-05,0.0,0.0,0.21815063157894735,0.00044902661169107853,0.000998602869041781,0,3,144,80,128,1.0,0.0,3163114,287.0,0,0,0,0,8094.08518620301
5,z,11,0.005,m1,val,14500000,0.21817047368421053,3163114,0.00398042312085188,8.892907678585127e-05,19,0.007782988088132058,0.0004510005742720512,0.0010029928197605516,6.86795704818323e-05,0.00015273842204902352,1.7190413384683343e-05,3.823024221506311e-05,0.0001381706928466237,0.000307281677080322,0.21730200000000002,0.0004428925288882495,0.0009849611103433919,0,3,144,80,128,1.0,0.0,3163114,288.0,24713,0,0,0,8244.626376248547
5,z,11,0.005,normal,anqi,15500000,0.16159810000000002,2507345,0.0001046653961212945,0.0001046653961212945,20,0.0,0.00037354391738307684,0.0008523159100511481,1.842857876998372e-05,4.2048525365707204e-05,1.842857876998372e-05,4.2048525365707204e-05,0.0,0.0,0.1615812,0.00037470845750122437,0.0008549730435886007,0,3,160,96,160,1.0,0.0,2507345,257.0,0,0,0,0,9167.870356653002
5,z,11,0.005,normal,val,15500000,0.16159810000000002,2507345,0.004121361278825156,9.931379478363806e-05,20,0.008044094968083036,0.00037354391738307684,0.0008523159100511481,8.22806594206602e-05,0.00018773994663071904,1.8982640118528718e-05,4.331272826269886e-05,0.00016141016072342823,0.00036828988942525735,0.16093215,0.00037688764615103,0.0008599453027281532,0,3,160,96,160,1.0,0.0,2507345,258.0,19885,0,0,0,9245.925986024085
5,z,11,0.0075,m1,anqi,13000000,0.10283038461538462,1336795,0.0003351483557164315,0.0003351483557164315,13,0.0,0.00013931078282828236,0.00025627151566959196,2.8974270305739886e-05,5.330011084515247e-05,2.8974270305739886e-05,5.330011084515247e-05,0.0,0.0,0.10279592307692308,0.00013974705575753307,0.00025707406894332174,0,3,144,80,128,1.0,0.0,1336795,448.0,0,0,0,0,7081.128489587107
5,z,11,0.0075,m1,val,13000000,0.10283038461538462,1336795,0.008852944020291614,0.00033364972051735996,13,0.01703858859954851,0.00013931078282828236,0.00025627151566959196,0.00014361745183204933,0.0002641939217509865,2.902760087609991e-05,5.339821600126614e-05,0.0003111056788828727,0.0005722997333164449,0.10192,0.00013088055251121586,0.00024076354236747245,0,3,144,80,128,1.0,0.0,1336795,446.0,22778,0,0,0,7112.173363898066
5,z,11,0.0075,normal,anqi,13000000,0.06619115384615384,860485,0.0003346541100218584,0.0003346541100218584,13,0.0,0.00013993273164982685,0.00025741563218326194,4.523495150450657e-05,8.32127230064415e-05,4.523495150450657e-05,8.32127230064415e-05,0.0,0.0,0.066169,0.0001395092331472488,0.0002566365783229928,0,3,160,96,160,1.0,0.0,860485,288.0,0,0,0,0,6849.553437428898
5,z,11,0.0075,normal,val,13000000,0.06619115384615384,860485,0.009068046138863821,0.00033581329572445026,13,0.01746446568627874,0.00013993273164982685,0.00025741563218326194,0.00013566899008406086,0.0002495721939992331,4.348953654300253e-05,8.000191528161253e-05,0.000275559419983382,0.0005069100092791837,0.06559092307692307,0.00013798537982040693,0.00025383334806471997,0,3,160,96,160,1.0,0.0,860485,289.0,15028,0,0,0,6923.334811695851
5,z,11,0.01,m1,anqi,13000000,0.04907446153846154,637968,0.0007933067152408995,0.0007933067152408995,13,0.0,0.00012377174388932373,0.0002276864127788538,7.660057080485406e-05,0.00014091188049322,7.660057080485406e-05,0.00014091188049322,0.0,0.0,0.04903553846153846,0.00012475507784031419,0.00022949532144273164,0,3,144,80,128,1.0,0.0,637968,506.0,0,0,0,0,6823.756436805124
5,z,11,0.01,m1,val,13000000,0.04907446153846154,637968,0.01598028292636933,0.0007917481797655151,13,0.030377069493207634,0.00012377174388932373,0.0002276864127788538,0.00025200937622693934,0.0004635881264713905,7.79889809388703e-05,0.00014346595392667377,0.000433893722286415,0.0007981765631661233,0.04829026923076923,0.0001263525651528693,0.00023243400634952795,0,3,144,80,128,1.0,0.0,637968,505.0,19379,0,0,0,6733.153938998701
5,z,11,0.01,normal,anqi,13000000,0.027414538461538462,356389,0.000833030654890948,0.000833030654890948,13,0.0,0.00011494617215504221,0.00021145118246087538,8.096744999641998e-05,0.00014894504724778513,8.096744999641998e-05,0.00014894504724778513,0.0,0.0,0.027391692307692308,0.00011419210844003284,0.0002100640317519809,0,3,160,96,160,1.0,0.0,356389,297.0,0,0,0,0,6348.987557105953
5,z,11,0.01,normal,val,13000000,0.027414538461538462,356389,0.01576226693128114,0.000824726213259834,13,0.029875081436042613,0.00011494617215504221,0.00021145118246087538,0.0003814707362130378,0.0007017409691352579,7.703954741920814e-05,0.00014171940737678286,0.0006950910754862546,0.0012786665886648477,0.026982384615384616,0.00011066003641054252,0.00020356654868516484,0,3,160,96,160,1.0,0.0,356389,294.0,10648,0,0,0,6277.275481762015
5,z,11,0.05,m1,anqi,13000000,5.692307692307692e-06,74,0.08263125763125763,0.08263125763125763,13,0.0,1.5908356877453876e-06,2.9264487974510276e-06,0.04948369634790421,0.09102857371523407,0.04948369634790421,0.09102857371523407,0.0,0.0,5.076923076923077e-06,1.376328477833494e-06,2.5318484177091663e-06,0,3,144,80,128,1.0,0.0,74,8.0,0,0,0,0,4831.48857989395
5,z,11,0.05,m1,val,13000000,5.692307692307692e-06,74,0.3476190476190476,0.0775030525030525,13,0.5402319902319902,1.5908356877453876e-06,2.9264487974510276e-06,0.10129089867231979,0.18633139229636544,0.052595188501030975,0.09675237193018428,0.16576044578048743,0.30492744219658974,3.4615384615384613e-06,9.046153846153847e-07,1.6641005886756874e-06,0,3,144,80,128,1.0,0.0,74,8.0,42,0,0,0,4874.991868052282
=======
5,z,11,0.0001,m1,val,600000,0.9698483333333333,581909,4.295046489732241e-06,0.0,6,8.590092979464483e-06,0.0006251225664708964,0.0007812404666085491,1.6836592951334665e-06,2.104135802944378e-06,0.0,0.0,3.367318590266933e-06,4.208271605888756e-06,0.9698441666666667,0.0006237832367453233,0.0007795666531264082,0,3,144,80,128,1.0,0.0,581909,0.0,5,0,0,0,189.1163180838339
5,z,11,0.0001,normal,val,600000,0.9640216666666667,578413,8.647317429187118e-07,0.0,6,1.7294634858374237e-06,0.0004857062093259357,0.0006070063151785605,1.6948742161206752e-06,2.1181515345384047e-06,0.0,0.0,3.3897484322413505e-06,4.236303069076809e-06,0.9640208333333334,0.00048614596550601965,0.0006075558959196019,0,3,160,96,160,1.0,0.0,578413,0.0,1,0,0,0,216.72479542065412
5,z,11,0.00025,m1,val,600000,0.9261633333333333,555698,1.5298600932724465e-05,0.0,6,3.059720186544893e-05,0.0006040207119333283,0.0007548686419945308,5.745932457803033e-06,7.180919703119114e-06,0.0,0.0,1.1491864915606066e-05,1.4361839406238228e-05,0.9261491666666667,0.000606779706135403,0.0007583166664835003,0,3,144,80,128,1.0,0.0,555698,0.0,17,0,0,0,196.20804446493275
5,z,11,0.00025,normal,val,600000,0.9125516666666668,547531,8.220523954809516e-06,0.0,6,1.6441047909619032e-05,0.0006537399068267349,0.0008170046919490396,5.373906477489059e-06,6.715984079227311e-06,0.0,0.0,1.0747812954978118e-05,1.3431968158454621e-05,0.9125441666666667,0.0006555236368312252,0.0008192338900867404,0,3,160,96,160,1.0,0.0,547531,0.0,9,0,0,0,222.99066849634983
5,z,11,0.0005,m1,val,600000,0.857295,514377,4.083149098456002e-05,0.0,6,8.166298196912004e-05,0.0006189949768239945,0.0007735825747779007,7.834258117971897e-06,9.790783113412248e-06,0.0,0.0,1.5668516235943793e-05,1.9581566226824496e-05,0.85726,0.0006239145197861641,0.0007797307227498476,0,3,144,80,128,1.0,0.0,514377,0.0,42,0,0,0,268.7150540940929
5,z,11,0.0005,normal,val,600000,0.8323066666666666,499384,3.903471606530525e-05,0.0,6,7.80694321306105e-05,0.0008202183037324819,0.0010250593478753733,1.4480417305050792e-05,1.8096751867317318e-05,0.0,0.0,2.8960834610101584e-05,3.6193503734634636e-05,0.8322741666666666,0.0008115497362728016,0.0010142258952850105,0,3,160,96,160,1.0,0.0,499384,0.0,39,0,0,0,202.99167760182172
5,z,11,0.00075,m1,anqi,1000000,0.795158,795158,0.0,0.0,1,0.0,0.0,,0.0,,0.0,,0.0,,0.795158,0.0,,0,3,144,80,128,1.0,0.0,795158,0.0,0,0,0,0,377.0282396420371
5,z,11,0.00075,m1,val,1600000,0.7941182857142858,1271525,9.9756801812485e-05,0.0,7,0.00019951360362497,0.0009306793412699698,0.001256299024155996,1.5389743168438733e-05,2.0774200594308218e-05,0.0,0.0,3.0779486336877465e-05,4.1548401188616436e-05,0.7940390714285714,0.0009330773560643328,0.0012595360398632094,0,3,144,80,128,1.0,0.0,1271525,0.0,245,0,0,0,578.8036203448428
5,z,11,0.00075,normal,anqi,1000000,0.759786,759786,0.0,0.0,1,0.0,0.0,,0.0,,0.0,,0.0,,0.759786,0.0,,0,3,160,96,160,1.0,0.0,759786,0.0,0,0,0,0,913.8133173160022
5,z,11,0.00075,normal,val,1600000,0.7592422857142856,1215277,8.871471579799858e-05,0.0,7,0.00017742943159599717,0.000565316417356986,0.0007631054348921341,1.0175342016921257e-05,1.3735420653979609e-05,0.0,0.0,2.0350684033842515e-05,2.7470841307959218e-05,0.7591749285714285,0.0005643067731887144,0.0007617425433707499,0,3,160,96,160,1.0,0.0,1215277,0.0,223,0,0,0,1109.6010607336648
5,z,11,0.001,m1,anqi,11000000,0.7360311818181817,8096343,9.879593733818556e-07,9.879593733818556e-07,11,0.0,0.000320394285930408,0.0005421569547984732,7.26082254431121e-07,1.22864408412418e-06,7.26082254431121e-07,1.22864408412418e-06,0.0,0.0,0.7360304545454546,0.00032030287962109044,0.0005420022811089438,0,3,144,80,128,1.0,0.0,8096343,8.0,0,0,0,0,5903.616022224422
5,z,11,0.001,m1,val,29600000,0.7358376285714285,21782842,0.000170883665236935,8.152973201474245e-07,35,0.0003401367358335751,0.00016028015739507706,0.00048379091775359177,7.671429724589868e-06,2.3155505255671212e-05,4.5280148940463927e-07,1.3667396618490721e-06,1.5468419082302933e-05,4.6690000719043215e-05,0.7357118857142857,0.0001602354212790269,0.00048365588590066385,0,3,144,80,128,1.0,0.0,21782842,21.0,7212,0,0,0,17308.94511719572
5,z,11,0.001,normal,anqi,12000000,0.6927564999999999,8313078,9.625391718862292e-07,9.625391718862292e-07,12,0.0,0.00024427282995566693,0.0004317275024406612,6.358941566274617e-07,1.123878558688699e-06,6.358941566274617e-07,1.123878558688699e-06,0.0,0.0,0.6927558333333333,0.0002444102011873559,0.0004319702921883996,0,3,160,96,160,1.0,0.0,8313078,8.0,0,0,0,0,10230.846715298947
5,z,11,0.001,normal,val,30600000,0.6923636944444445,21194215,0.00016246794508729013,8.422165341422082e-07,36,0.00032325145710629583,0.00029362247128869346,0.0008988442998633474,5.088684343335823e-06,1.5577605132660682e-05,4.562176543679112e-07,1.3965846562282997e-06,1.0128535202814106e-05,3.100572000861461e-05,0.6922512083333333,0.00029380115187449177,0.0008993912812484443,0,3,160,96,160,1.0,0.0,21194215,21.0,6860,0,0,0,22059.458170476602
5,z,11,0.0025,m1,anqi,11000000,0.46529818181818183,5118280,1.269756684260758e-05,1.269756684260758e-05,11,0.0,0.0002930063015123572,0.0004958122261868534,3.2822617752381592e-06,5.554097332750409e-06,3.2822617752381592e-06,5.554097332750409e-06,0.0,0.0,0.46529227272727275,0.00029243521142411575,0.0004948458529500229,0,3,144,80,128,1.0,0.0,5118280,65.0,0,0,0,0,6402.352377915406
5,z,11,0.0025,m1,val,29000000,0.46527775862068965,13493055,0.0010099992473391218,1.2673190316384843e-05,29,0.0019946521140454736,0.00016216658320884877,0.0004455580493824192,1.0043044437526413e-05,2.7593596664007744e-05,1.8740570325721e-06,5.149033662433772e-06,1.9956441981811352e-05,5.483098420207757e-05,0.46480782758620687,0.000161734266934475,0.0004443702461240982,0,3,144,80,128,1.0,0.0,13493055,171.0,26914,0,0,0,16631.466284801252
5,z,11,0.0025,normal,anqi,13000000,0.4003913846153846,5205088,1.2101611208398226e-05,1.2101611208398226e-05,13,0.0,0.00026128657860852216,0.0004806541616140708,4.142626642849292e-06,7.6206391713756975e-06,4.142626642849292e-06,7.6206391713756975e-06,0.0,0.0,0.4003865384615385,0.0002609102668239054,0.00047996191088192956,0,3,160,96,160,1.0,0.0,5205088,63.0,0,0,0,0,9527.406952265184
5,z,11,0.0025,normal,val,31000000,0.40040590322580644,12412583,0.0010095761788018844,1.3130454723082825e-05,31,0.001992891448157603,0.0001482906417681778,0.0004212486482541089,1.3997828276068781e-05,3.976357624107661e-05,2.280240963742621e-06,6.477471620709872e-06,2.7605596541413276e-05,7.841911052956354e-05,0.4000016612903226,0.00014766822785772436,0.0004194805594839291,0,3,160,96,160,1.0,0.0,12412583,163.0,24737,0,0,0,19269.742788075935
5,z,11,0.005,m1,anqi,14500000,0.21817047368421053,3163114,9.086182556705482e-05,9.086182556705482e-05,19,0.0,0.00045100057427205126,0.0010029928197605518,1.5131399751418545e-05,3.365114407691322e-05,1.5131399751418545e-05,3.365114407691322e-05,0.0,0.0,0.21815063157894735,0.0004490266116910805,0.0009986028690417853,0,3,144,80,128,1.0,0.0,3163114,287.0,0,0,0,0,8094.08518620301
5,z,11,0.005,m1,val,14500000,0.21817047368421053,3163114,0.00398042312085188,8.892907678585127e-05,19,0.007782988088132058,0.00045100057427205126,0.0010029928197605518,6.867957048183233e-05,0.00015273842204902358,1.7190413384683343e-05,3.823024221506311e-05,0.00013817069284662357,0.0003072816770803216,0.21730200000000002,0.0004428925288882492,0.0009849611103433912,0,3,144,80,128,1.0,0.0,3163114,288.0,24713,0,0,0,8244.626376248547
5,z,11,0.005,normal,anqi,15500000,0.16159810000000002,2507345,0.0001046653961212945,0.0001046653961212945,20,0.0,0.0003735439173830759,0.0008523159100511461,1.8428578769983718e-05,4.20485253657072e-05,1.8428578769983718e-05,4.20485253657072e-05,0.0,0.0,0.1615812,0.0003747084575012245,0.000854973043588601,0,3,160,96,160,1.0,0.0,2507345,257.0,0,0,0,0,9167.870356653002
5,z,11,0.005,normal,val,15500000,0.16159810000000002,2507345,0.004121361278825156,9.931379478363806e-05,20,0.008044094968083036,0.0003735439173830759,0.0008523159100511461,8.228065942066025e-05,0.0001877399466307192,1.8982640118528718e-05,4.331272826269886e-05,0.0001614101607234281,0.000368289889425257,0.16093215,0.0003768876461510325,0.0008599453027281589,0,3,160,96,160,1.0,0.0,2507345,258.0,19885,0,0,0,9245.925986024085
5,z,11,0.0075,m1,anqi,13000000,0.10283038461538462,1336795,0.0003351483557164315,0.0003351483557164315,13,0.0,0.00013931078282828033,0.0002562715156695883,2.8974270305739892e-05,5.3300110845152475e-05,2.8974270305739892e-05,5.3300110845152475e-05,0.0,0.0,0.10279592307692308,0.00013974705575753383,0.00025707406894332315,0,3,144,80,128,1.0,0.0,1336795,448.0,0,0,0,0,7081.128489587107
5,z,11,0.0075,m1,val,13000000,0.10283038461538462,1336795,0.008852944020291614,0.00033364972051735996,13,0.01703858859954851,0.00013931078282828033,0.0002562715156695883,0.00014361745183204928,0.0002641939217509864,2.9027600876099913e-05,5.339821600126615e-05,0.00031110567888287304,0.0005722997333164455,0.10192,0.0001308805525112161,0.00024076354236747286,0,3,144,80,128,1.0,0.0,1336795,446.0,22778,0,0,0,7112.173363898066
5,z,11,0.0075,normal,anqi,13000000,0.06619115384615384,860485,0.0003346541100218584,0.0003346541100218584,13,0.0,0.00013993273164982555,0.00025741563218325956,4.523495150450657e-05,8.32127230064415e-05,4.523495150450657e-05,8.32127230064415e-05,0.0,0.0,0.066169,0.00013950923314724723,0.00025663657832298995,0,3,160,96,160,1.0,0.0,860485,288.0,0,0,0,0,6849.553437428898
5,z,11,0.0075,normal,val,13000000,0.06619115384615384,860485,0.009068046138863821,0.00033581329572445026,13,0.01746446568627874,0.00013993273164982555,0.00025741563218325956,0.00013566899008406077,0.000249572193999233,4.348953654300253e-05,8.000191528161253e-05,0.00027555941998338177,0.0005069100092791833,0.06559092307692307,0.0001379853798204051,0.00025383334806471666,0,3,160,96,160,1.0,0.0,860485,289.0,15028,0,0,0,6923.334811695851
5,z,11,0.01,m1,anqi,13000000,0.04907446153846154,637968,0.0007933067152408995,0.0007933067152408995,13,0.0,0.00012377174388932357,0.00022768641277885347,7.660057080485407e-05,0.00014091188049322002,7.660057080485407e-05,0.00014091188049322002,0.0,0.0,0.04903553846153846,0.00012475507784031427,0.00022949532144273178,0,3,144,80,128,1.0,0.0,637968,506.0,0,0,0,0,6823.756436805124
5,z,11,0.01,m1,val,13000000,0.04907446153846154,637968,0.01598028292636933,0.0007917481797655151,13,0.030377069493207634,0.00012377174388932357,0.00022768641277885347,0.00025200937622693907,0.00046358812647138997,7.798898093887033e-05,0.0001434659539266738,0.0004338937222864147,0.0007981765631661227,0.04829026923076923,0.00012635256515286918,0.00023243400634952765,0,3,144,80,128,1.0,0.0,637968,505.0,19379,0,0,0,6733.153938998701
5,z,11,0.01,normal,anqi,13000000,0.027414538461538462,356389,0.000833030654890948,0.000833030654890948,13,0.0,0.0001149461721550428,0.00021145118246087646,8.096744999642e-05,0.00014894504724778516,8.096744999642e-05,0.00014894504724778516,0.0,0.0,0.027391692307692308,0.00011419210844003247,0.00021006403175198024,0,3,160,96,160,1.0,0.0,356389,297.0,0,0,0,0,6348.987557105953
5,z,11,0.01,normal,val,13000000,0.027414538461538462,356389,0.01576226693128114,0.000824726213259834,13,0.029875081436042613,0.0001149461721550428,0.00021145118246087646,0.0003814707362130379,0.0007017409691352581,7.703954741920814e-05,0.00014171940737678286,0.0006950910754862547,0.001278666588664848,0.026982384615384616,0.00011066003641054282,0.00020356654868516539,0,3,160,96,160,1.0,0.0,356389,294.0,10648,0,0,0,6277.275481762015
5,z,11,0.05,m1,anqi,13000000,5.692307692307692e-06,74,0.08263125763125763,0.08263125763125763,13,0.0,1.5908356877453878e-06,2.926448797451028e-06,0.04948369634790421,0.09102857371523407,0.04948369634790421,0.09102857371523407,0.0,0.0,5.076923076923077e-06,1.376328477833494e-06,2.5318484177091663e-06,0,3,144,80,128,1.0,0.0,74,8.0,0,0,0,0,4831.48857989395
5,z,11,0.05,m1,val,13000000,5.692307692307692e-06,74,0.3476190476190476,0.0775030525030525,13,0.5402319902319902,1.5908356877453878e-06,2.926448797451028e-06,0.10129089867231979,0.18633139229636544,0.052595188501030975,0.09675237193018428,0.1657604457804874,0.3049274421965897,3.4615384615384613e-06,9.046153846153847e-07,1.6641005886756874e-06,0,3,144,80,128,1.0,0.0,74,8.0,42,0,0,0,4874.991868052282
>>>>>>> Stashed changes
5,z,11,0.05,normal,anqi,13000000,2.1538461538461538e-06,28,0.0,0.0,13,0.0,7.308809631181543e-07,1.3445044840729642e-06,0.0,0.0,0.0,0.0,0.0,0.0,2.1538461538461538e-06,7.308809631181543e-07,1.3445044840729642e-06,0,3,160,96,160,1.0,0.0,28,0.0,0,0,0,0,4815.038472983055
5,z,11,0.05,normal,val,13000000,2.1538461538461538e-06,28,0.3108974358974359,0.0,13,0.6736111111111112,7.308809631181543e-07,1.3445044840729642e-06,0.0936707002624707,0.1723135269413042,0.0,0.0,0.16442428975168805,0.3024694936895201,1.423076923076923e-06,4.417135362723592e-07,8.125616347431192e-07,0,3,160,96,160,1.0,0.0,28,0.0,19,0,0,0,4789.670118854847
5,z,11,0.1,m1,anqi,13000000,3.076923076923077e-07,4,0.07692307692307693,0.25,13,0.0,2.6113996791038456e-07,4.803844614152613e-07,0.15076923076923074,0.2773500981126145,0.2718030961503623,0.5,0.0,0.0,2.3076923076923078e-07,2.3838708515115474e-07,4.3852900965351456e-07,0,3,144,80,128,1.0,0.0,4,1.0,0,0,0,0,4689.254214534303
5,z,11,0.1,m1,val,13000000,3.076923076923077e-07,4,0.15384615384615385,0.25,13,0.5,2.6113996791038456e-07,4.803844614152613e-07,0.17135151362879666,0.3152125859780576,0.2718030961503623,0.5,0.31385118145797075,0.5773502691896257,1.5384615384615385e-07,1.7135151362879667e-07,3.152125859780576e-07,0,3,144,80,128,1.0,0.0,4,1.0,2,0,0,0,4656.835585942492
5,z,11,0.1,normal,anqi,13000000,7.692307692307692e-08,1,0.0,0.0,13,0.0,1.5076923076923078e-07,2.773500981126146e-07,0.0,0.0,,,,,7.692307692307692e-08,1.5076923076923078e-07,2.773500981126146e-07,0,3,160,96,160,1.0,0.0,1,0.0,0,0,0,0,4590.005252767121
5,z,11,0.1,normal,val,13000000,7.692307692307692e-08,1,0.038461538461538464,0.0,13,1.0,1.5076923076923078e-07,2.773500981126146e-07,0.07538461538461538,0.1386750490563073,,,,,3.846153846153846e-08,7.538461538461539e-08,1.386750490563073e-07,0,3,160,96,160,1.0,0.0,1,0.0,1,0,0,0,4603.131799106952
5,z,12,0.0,m1,anqi,1000,1.0,1000,0.0,0.0,1,0.0,0.0,,0.0,,0.0,,0.0,,1.0,0.0,,2,1,80,48,64,1.0,0.0,1000,0.0,0,0,0,0,0.7331852610222995
5,z,12,0.0,m1,val,1000,1.0,1000,0.0,0.0,1,0.0,0.0,,0.0,,0.0,,0.0,,1.0,0.0,,2,1,80,48,64,1.0,0.0,1000,0.0,0,0,0,0,0.7866661350708455
5,z,12,0.0,normal,anqi,1000,1.0,1000,0.0,0.0,1,0.0,0.0,,0.0,,0.0,,0.0,,1.0,0.0,,2,1,96,64,96,1.0,0.0,1000,0.0,0,0,0,0,0.7953327619470656
5,z,12,0.0,normal,val,1000,1.0,1000,0.0,0.0,1,0.0,0.0,,0.0,,0.0,,0.0,,1.0,0.0,,2,1,96,64,96,1.0,0.0,1000,0.0,0,0,0,0,1.06390191311948
5,z,12,0.005,m1,anqi,4500000,0.4469914444444444,2009182,0.0,0.0,9,0.0,0.0007361576016581019,0.001126771839272605,0.0,0.0,0.0,0.0,0.0,0.0,0.4469914444444444,0.0007361576016581019,0.001126771839272605,2,1,80,48,64,1.0,0.0,2009182,0.0,0,0,0,0,2899.887632387923
5,z,12,0.005,m1,val,4500000,0.4469914444444444,2009182,1.6659563113652927e-05,0.0,9,3.3319126227305854e-05,0.0007361576016581019,0.001126771839272605,7.26350486972246e-06,1.1117609494473152e-05,0.0,0.0,1.452700973944492e-05,2.2235218988946304e-05,0.446984,0.0007368035823217811,0.0011277605851863998,2,1,80,48,64,1.0,0.0,2009182,0.0,71,0,0,0,2893.8489185839426
5,z,12,0.005,normal,anqi,4500000,0.3386416666666667,1526343,6.900105656874798e-06,6.900105656874798e-06,9,0.0,0.0011243054715986591,0.0017208757218346823,8.423651885873472e-06,1.2893344723275724e-05,8.423651885873472e-06,1.2893344723275724e-05,0.0,0.0,0.33863933333333335,0.0011247786078454206,0.0017215999099674804,2,1,96,64,96,1.0,0.0,1526343,3.0,0,0,0,0,3576.552981572924
5,z,12,0.005,normal,val,4500000,0.3386416666666667,1526343,3.610237080023097e-05,7.227404579963153e-06,9,5.7749932440535624e-05,0.0011243054715986591,0.0017208757218346823,9.861949535737921e-06,1.5094820717966205e-05,8.374151798252897e-06,1.2817579283040149e-05,1.002029695644251e-05,1.5337189219044658e-05,0.3386294444444444,0.0011247775813718922,0.001721598338834529,2,1,96,64,96,1.0,0.0,1526343,4.0,77,0,0,0,3527.7024241449544
5,z,12,0.0075,m1,anqi,2000000,0.30507700000000004,610154,4.918743155523085e-06,4.918743155523085e-06,2,0.0,0.0007095199999999751,0.0005119453095790425,3.223743339038035e-06,2.3260518120803654e-06,3.223743339038035e-06,2.3260518120803654e-06,0.0,0.0,0.3050755,0.0007104999999999761,0.0005126524163602298,2,1,80,48,64,1.0,0.0,610154,3.0,0,0,0,0,1376.9151385519654
5,z,12,0.0075,m1,val,2000000,0.30507700000000004,610154,8.603133160080369e-05,3.281755082618184e-06,2,0.000165499153036371,0.0007095199999999751,0.0005119453095790425,2.06798908131475e-05,1.4921317375687739e-05,6.43223996193164e-06,4.641102546225473e-06,5.4224261550158276e-05,3.912483984382642e-05,0.30505075000000004,0.000703149999999955,0.0005073491155013155,2,1,80,48,64,1.0,0.0,610154,2.0,101,0,0,0,1511.2738915950758
5,z,12,0.0075,normal,anqi,2000000,0.2066695,413339,1.2076839146049782e-05,1.2076839146049782e-05,2,0.0,0.0011083799999999932,0.0007997377695219804,1.4160842664385898e-05,1.0217579464594945e-05,1.4160842664385898e-05,1.0217579464594945e-05,0.0,0.0,0.206667,0.0011054400000000038,0.0007976164491784284,2,1,96,64,96,1.0,0.0,413339,5.0,0,0,0,0,1536.5039417159278
5,z,12,0.0075,normal,val,2000000,0.2066695,413339,0.00013906238816218625,1.2076839146049782e-05,2,0.0002539710980322729,0.0011083799999999932,0.0007997377695219804,3.481822925109315e-05,2.5122659196281404e-05,1.4160842664385898e-05,1.0217579464594945e-05,4.1314773173414545e-05,2.9810159463372944e-05,0.20664075,0.0011010299999999996,0.0007944344686630858,2,1,96,64,96,1.0,0.0,413339,5.0,105,0,0,0,1574.5656032910338
5,z,12,0.01,m1,anqi,2000000,0.211893,423786,2.5959431406463185e-05,2.5959431406463185e-05,2,0.0,0.0005096000000000199,0.00036769552621701915,4.687407919302357e-06,3.3821407407410426e-06,4.687407919302357e-06,3.3821407407410426e-06,0.0,0.0,0.2118875,0.0005105799999999938,0.0003684026329981868,2,1,80,48,64,1.0,0.0,423786,11.0,0,0,0,0,1604.4578653320204
5,z,12,0.01,m1,val,2000000,0.211893,423786,0.00028551610507898803,2.3602641731087393e-05,2,0.0005238269266958014,0.0005096000000000199,0.00036769552621701915,8.563288984778884e-06,6.178734398364505e-06,9.306715683038905e-06,6.7151446633183686e-06,3.574000933563553e-05,2.5787758123365716e-05,0.21183249999999998,0.0005076400000000045,0.00036628131265463486,2,1,80,48,64,1.0,0.0,423786,10.0,222,0,0,0,1662.1695160770323
5,z,12,0.01,normal,anqi,2000000,0.129593,259186,2.700888232110132e-05,2.700888232110132e-05,2,0.0,2.744000000001384e-05,1.9798989873233317e-05,2.269212938762812e-05,1.6373223030157535e-05,2.269212938762812e-05,1.6373223030157535e-05,0.0,0.0,0.1295895,3.0380000000003182e-05,2.192031021678527e-05,2,1,96,64,96,1.0,0.0,259186,7.0,0,0,0,0,1513.1110922900261
5,z,12,0.01,normal,val,2000000,0.129593,259186,0.00040897354524603276,2.700888232110132e-05,2,0.0007639293258498629,2.744000000001384e-05,1.9798989873233317e-05,1.5210869677232217e-05,1.0975213363791566e-05,2.269212938762812e-05,1.6373223030157535e-05,1.4962519420791946e-05,1.079601933273204e-05,0.12954,2.93999999999886e-05,2.12132034355882e-05,2,1,96,64,96,1.0,0.0,259186,7.0,198,0,0,0,1522.983118955046
5,z,12,0.05,m1,anqi,2000000,0.0042780000000000006,8556,0.03458614064994453,0.03458614064994453,2,0.0,0.00017051999999999923,0.00012303657992645872,0.0009121952539437733,0.0006581831120712519,0.0009121952539437733,0.0006581831120712519,0.0,0.0,0.00413,0.0001607199999999992,0.00011596551211459324,2,1,80,48,64,1.0,0.0,8556,296.0,0,0,0,0,1363.1868980750442
5,z,12,0.05,m1,val,2000000,0.0042780000000000006,8556,0.10065116626119955,0.03470068818717248,2,0.1319009561480541,0.00017051999999999923,0.00012303657992645872,0.007562654715020976,0.005456739217105867,0.0011367084269105537,0.0008201777927554547,0.01739872628386305,0.012553834019722638,0.0038477499999999996,0.00018571000000000017,0.0001339967350348509,2,1,80,48,64,1.0,0.0,8556,297.0,1127,0,0,0,1348.0762361190282
5,z,12,0.05,normal,anqi,2000000,0.0018735,3747,0.060860801112291904,0.060860801112291904,2,0.0,2.254000000000001e-05,1.6263455967290604e-05,0.0038707245567499624,0.0027928730430440735,0.0038707245567499624,0.0027928730430440735,0.0,0.0,0.0017595,2.8419999999999948e-05,2.050609665440984e-05,2,1,96,64,96,1.0,0.0,3747,228.0,0,0,0,0,1335.7807351340307
5,z,12,0.05,normal,val,2000000,0.0018735,3747,0.1460953682045204,0.06059227264827472,2,0.17100619111249135,2.254000000000001e-05,1.6263455967290604e-05,0.006873237470333657,0.004959298799977961,0.0033444087672762843,0.002413116447347758,0.02043529247521988,0.014744830494651437,0.00159975,6.369999999999995e-06,4.596194077712555e-06,2,1,96,64,96,1.0,0.0,3747,227.0,641,0,0,0,1390.1344537910772
5,z,12,0.1,m1,anqi,2000000,0.0006515,1303,0.1828699775628335,0.1828699775628335,2,0.0,2.4500000000000006e-05,1.7677669529663695e-05,0.021919131926768105,0.015815476350143146,0.021919131926768105,0.015815476350143146,0.0,0.0,0.0005325,3.4300000000000034e-05,2.474873734152919e-05,2,1,80,48,64,1.0,0.0,1303,238.0,0,0,0,0,1342.681049317005
5,z,12,0.1,m1,val,2000000,0.0006515,1303,0.34887260308840995,0.1828699775628335,2,0.33200525105115297,2.4500000000000006e-05,1.7677669529663695e-05,0.0063505430171389024,0.004582155134322241,0.021919131926768105,0.015815476350143146,0.031137177819258233,0.02246664243164169,0.00042425,2.009000000000001e-05,1.4495689014324232e-05,2,1,80,48,64,1.0,0.0,1303,238.0,433,0,0,0,1325.0431471449556
5,z,12,0.1,normal,anqi,2000000,0.0004045,809,0.2299229922992299,0.2299229922992299,2,0.0,9.79999999999944e-07,7.071067811865072e-07,0.015093509350935093,0.010890533483621194,0.015093509350935093,0.010890533483621194,0.0,0.0,0.00031150000000000004,6.85999999999998e-06,4.949747468305819e-06,2,1,96,64,96,1.0,0.0,809,186.0,0,0,0,0,1374.4835447919322
5,z,12,0.1,normal,val,2000000,0.0004045,809,0.41655971152670823,0.2299229922992299,2,0.3732734384549566,9.79999999999944e-07,7.071067811865072e-07,0.006259014790367896,0.004516114083485752,0.015093509350935093,0.010890533483621194,0.04270504828260603,0.030813295134213933,0.000236,1.9599999999999944e-06,1.4142135623730911e-06,2,1,96,64,96,1.0,0.0,809,186.0,302,0,0,0,1393.923269148101
5,z,13,0.0,m1,anqi,1000,1.0,1000,0.0,0.0,1,0.0,0.0,,0.0,,0.0,,0.0,,1.0,0.0,,0,3,144,80,128,1.0,0.0,1000,0.0,0,0,0,0,0.7432985501363873
5,z,13,0.0,m1,val,1000,1.0,1000,0.0,0.0,1,0.0,0.0,,0.0,,0.0,,0.0,,1.0,0.0,,0,3,144,80,128,1.0,0.0,1000,0.0,0,0,0,0,0.7482933539431542
5,z,13,0.0,normal,anqi,1000,1.0,1000,0.0,0.0,1,0.0,0.0,,0.0,,0.0,,0.0,,1.0,0.0,,0,3,160,96,160,1.0,0.0,1000,0.0,0,0,0,0,1.4633755460381508
5,z,13,0.0,normal,val,1000,1.0,1000,0.0,0.0,1,0.0,0.0,,0.0,,0.0,,0.0,,1.0,0.0,,0,3,160,96,160,1.0,0.0,1000,0.0,0,0,0,0,1.1222620259504763
<<<<<<< Updated upstream
5,z,13,0.0001,m1,val,600000,0.9696633333333334,581798,8.591153860692721e-07,0.0,6,1.7182307721385443e-06,0.0003979867289802946,0.0004973798012250307,1.6838661566957733e-06,2.104394326043892e-06,0.0,0.0,3.3677323133915467e-06,4.208788652087784e-06,0.9696625,0.00039746420803221655,0.0004967267860705886,0,3,144,80,128,1.0,0.0,581798,0.0,1,0,0,0,182.493672685232
5,z,13,0.0001,normal,val,600000,0.9639816666666667,578389,8.644177973251456e-07,0.0,6,1.7288355946502911e-06,0.00044128060208643876,0.000551485871683631,1.6942588827572855e-06,2.1173825280271724e-06,0.0,0.0,3.388517765514571e-06,4.234765056054345e-06,0.9639808333333333,0.0004411989798013696,0.0005513838650764579,0,3,160,96,160,1.0,0.0,578389,0.0,1,0,0,0,209.16249392204918
5,z,13,0.00025,m1,val,600000,0.9259916666666667,555595,7.196791450492773e-06,0.0,6,1.4393582900985546e-05,0.0006837266776847382,0.0008544803489061154,5.23091301389881e-06,6.537279475987845e-06,0.0,0.0,1.046182602779762e-05,1.307455895197569e-05,0.925985,0.0006811387758746369,0.0008512461453657209,0,3,144,80,128,1.0,0.0,555595,0.0,8,0,0,0,204.63409970188513
5,z,13,0.00025,normal,val,600000,0.912265,547359,8.22194428086146e-06,0.0,6,1.644388856172292e-05,0.0005761588831795002,0.0007200486094702026,3.6706134646923306e-06,4.587311240553922e-06,0.0,0.0,7.341226929384661e-06,9.174622481107843e-06,0.9122574999999999,0.0005768849168883914,0.0007209559625941024,0,3,160,96,160,1.0,0.0,547359,0.0,9,0,0,0,245.52891306835227
5,z,13,0.0005,m1,val,600000,0.8573033333333333,514382,2.430114397618537e-05,0.0,6,4.860228795237074e-05,0.00045201035583020295,0.0005648952705295186,4.58879771803798e-06,5.7348025214494305e-06,0.0,0.0,9.17759543607596e-06,1.1469605042898861e-05,0.8572825000000001,0.0004521879719762513,0.0005651172444723237,0,3,144,80,128,1.0,0.0,514382,0.0,25,0,0,0,240.7484545330517
5,z,13,0.0005,normal,val,600000,0.8320583333333333,499235,3.103813881178344e-05,0.0,6,6.207627762356688e-05,0.000848137645537398,0.0010599512567408833,1.0248968313115802e-05,1.2808542223003554e-05,0.0,0.0,2.0497936626231605e-05,2.5617084446007108e-05,0.8320325,0.0008422632981041463,0.0010526098517494064,0,3,160,96,160,1.0,0.0,499235,0.0,31,0,0,0,250.82932101003826
5,z,13,0.00075,m1,anqi,1000000,0.794901,794901,0.0,0.0,1,0.0,0.0,,0.0,,0.0,,0.0,,0.794901,0.0,,0,3,144,80,128,1.0,0.0,794901,0.0,0,0,0,0,462.1385747840395
5,z,13,0.00075,m1,val,1600000,0.7944444285714286,1271522,6.715982559040745e-05,0.0,7,0.0001343196511808149,0.0007618280320387229,0.0010283711809041878,1.6723842474499054e-05,2.2575065384154877e-05,0.0,0.0,3.344768494899811e-05,4.5150130768309755e-05,0.7943910714285715,0.0007602905563006975,0.0010262957837360192,0,3,144,80,128,1.0,0.0,1271522,0.0,171,0,0,0,588.523924061563
5,z,13,0.00075,normal,anqi,1000000,0.759626,759626,0.0,0.0,1,0.0,0.0,,0.0,,0.0,,0.0,,0.759626,0.0,,0,3,160,96,160,1.0,0.0,759626,0.0,0,0,0,0,897.4828265149845
5,z,13,0.00075,normal,val,1600000,0.7592265714285714,1215122,6.191556463605188e-05,0.0,7,0.00012383112927210376,0.00044575343378752425,0.0006017105774769824,1.2986971967543535e-05,1.753076434177928e-05,0.0,0.0,2.597394393508707e-05,3.506152868355856e-05,0.7591795714285714,0.0004544121084067626,0.0006133986895820495,0,3,160,96,160,1.0,0.0,1215122,0.0,136,0,0,0,1081.8074607284507
5,z,13,0.001,m1,anqi,11000000,0.7361524545454544,8097677,1.2339941701179425e-07,1.2339941701179425e-07,11,0.0,0.0002749410583096979,0.00046524302544719064,2.4186285734311675e-07,4.092695655767207e-07,2.4186285734311675e-07,4.092695655767207e-07,0.0,0.0,0.7361523636363636,0.00027487079447059085,0.00046512412810502325,0,3,144,80,128,1.0,0.0,8097677,1.0,0,0,0,0,5237.656956000719
5,z,13,0.001,m1,val,29600000,0.7360249999999999,21788617,0.00010372531398145763,6.990924318053857e-07,35,0.00020605244309930448,0.00019941573543435622,0.0006019180616505799,4.130693763126483e-06,1.2468119317453195e-05,7.98407573174948e-07,2.4099198481295596e-06,8.804517752983498e-06,2.6575627284881294e-05,0.7359486571428572,0.000200069550984313,0.0006038915437714858,0,3,144,80,128,1.0,0.0,21788617,9.0,4507,0,0,0,16902.47815076087
5,z,13,0.001,normal,anqi,12000000,0.6928628333333333,8314354,4.810872691894177e-07,4.810872691894177e-07,12,0.0,0.0002894843286838586,0.0005116342502810322,4.0206748396328597e-07,7.106135819344858e-07,4.0206748396328597e-07,7.106135819344858e-07,0.0,0.0,0.6928624999999999,0.0002894792684260587,0.0005116253067875538,0,3,160,96,160,1.0,0.0,8314354,4.0,0,0,0,0,10178.679800841608
5,z,13,0.001,normal,val,30600000,0.69269925,21199914,0.00010379853182943373,4.81304747495958e-07,36,0.00020663445416387556,0.00022820034284228317,0.0006985724780886219,3.7036647242455957e-06,1.1337749155853865e-05,2.9836511356418403e-07,9.133625925434205e-07,7.31249530850326e-06,2.238518971990794e-05,0.6926273472222222,0.00022765565438541364,0.0006969050644451438,0,3,160,96,160,1.0,0.0,21199914,12.0,4514,0,0,0,21593.05492406513
5,z,13,0.0025,m1,anqi,11000000,0.4664319090909091,5130751,6.628297015814849e-06,6.628297015814849e-06,11,0.0,0.0003301758900669267,0.0005587089500885859,2.299549114222801e-06,3.891194693301603e-06,2.299549114222801e-06,3.891194693301603e-06,0.0,0.0,0.46642881818181814,0.0003305767757097785,0.0005593873109361266,0,3,144,80,128,1.0,0.0,5130751,34.0,0,0,0,0,6291.532104931073
5,z,13,0.0025,m1,val,29000000,0.4664491724137931,13527026,0.0006461476864158592,5.9149158016127e-06,29,0.0012804655412284932,0.0001897887996153953,0.0005214510022842496,8.548791710082401e-06,2.3488087888091298e-05,1.3935187107299126e-06,3.828738734237843e-06,1.7545693519740597e-05,4.8207373091466834e-05,0.46614777586206896,0.00018920307694277535,0.0005198417098743855,0,3,144,80,128,1.0,0.0,13527026,80.0,17321,0,0,0,16532.530880792066
5,z,13,0.0025,normal,anqi,13000000,0.4010941538461538,5214224,7.285121072404703e-06,7.285121072404703e-06,13,0.0,0.00018820146301049213,0.0003462091964294228,3.1984263791841617e-06,5.883719546400573e-06,3.1984263791841617e-06,5.883719546400573e-06,0.0,0.0,0.40109123076923076,0.00018748190725067877,0.00034488552541536027,0,3,160,96,160,1.0,0.0,5214224,38.0,0,0,0,0,9383.75139598269
5,z,13,0.0025,normal,val,31000000,0.4011248387096774,12434870,0.0006479453651138989,7.397549784704678e-06,31,0.0012810956306583887,0.00013247572431356638,0.00037632327386386206,8.492693640186162e-06,2.4125161731766163e-05,1.9020498348972638e-06,5.403145554626384e-06,1.743125627370814e-05,4.951690177556602e-05,0.4008649354838709,0.00013388009028588336,0.0003803126508092894,0,3,160,96,160,1.0,0.0,12434870,92.0,15930,0,0,0,18853.261535018682
5,z,13,0.005,m1,anqi,12500000,0.21992829411764706,2749420,5.589578056297584e-05,5.589578056297584e-05,17,0.0,0.00016828971056795196,0.00035401849611035234,1.2664349186091244e-05,2.66410455989588e-05,1.2664349186091244e-05,2.66410455989588e-05,0.0,0.0,0.219916,0.00016797463681093177,0.0003533556989776715,0,3,144,80,128,1.0,0.0,2749420,164.0,0,0,0,0,6426.928043356864
5,z,13,0.005,m1,val,12500000,0.21992829411764706,2749420,0.0026398494658089263,5.56278967752491e-05,17,0.005168443138067354,0.00016828971056795196,0.00035401849611035234,9.046933121441107e-05,0.00019031357575306413,1.265843886812054e-05,2.6628612504431146e-05,0.00016937093273706807,0.00035629298244097744,0.21934770588235294,0.0001656826464717046,0.0003485342100687282,0,3,144,80,128,1.0,0.0,2749420,163.0,14230,0,0,0,6478.3407463009935
5,z,13,0.005,normal,anqi,13500000,0.16306538888888888,2202217,6.158989847787776e-05,6.158989847787776e-05,18,0.0,0.00031482469586917886,0.000681473502043129,1.428019976635347e-05,3.091110028006252e-05,1.428019976635347e-05,3.091110028006252e-05,0.0,0.0,0.16305533333333333,0.0003133598721176564,0.0006783027261004414,0,3,160,96,160,1.0,0.0,2202217,136.0,0,0,0,0,7873.158014596673
5,z,13,0.005,normal,val,13500000,0.16306538888888888,2202217,0.00264220180748882,5.849619553763749e-05,18,0.005167411223902365,0.00031482469586917886,0.000681473502043129,5.9073070628656334e-05,0.0001278703127358207,1.5865378067235407e-05,3.434239719621575e-05,0.00011929175706123719,0.0002582204398703848,0.16263455555555556,0.0003162764617660446,0.000684616012789157,0,3,160,96,160,1.0,0.0,2202217,136.0,11404,0,0,0,7890.365267889923
5,z,13,0.0075,m1,anqi,13000000,0.10527653846153846,1368595,0.00021184240143612805,0.00021184240143612805,13,0.0,0.00024199814979324229,0.00044517180492191337,1.931809495584111e-05,3.553692954467723e-05,1.931809495584111e-05,3.553692954467723e-05,0.0,0.0,0.10525423076923077,0.00024116417029386938,0.00044363764377514054,0,3,144,80,128,1.0,0.0,1368595,290.0,0,0,0,0,6798.055499183596
5,z,13,0.0075,m1,val,13000000,0.10527653846153846,1368595,0.006022859864283527,0.00021183941501879157,13,0.011622040898529471,0.00024199814979324229,0.00044517180492191337,0.00010249441721478395,0.0001885453452636237,1.9767034548243e-05,3.6362783993652186e-05,0.00020321110238484628,0.0003738204333633295,0.10464246153846155,0.0002392377713419993,0.0004400939038782183,0,3,144,80,128,1.0,0.0,1368595,290.0,15906,0,0,0,6932.525984983193
5,z,13,0.0075,normal,anqi,13000000,0.06740338461538462,876244,0.00024765962002923266,0.00024765962002923266,13,0.0,0.0001287885060045951,0.00023691508269896403,3.077744523968984e-05,5.661717190790141e-05,3.077744523968984e-05,5.661717190790141e-05,0.0,0.0,0.06738669230769231,0.00012890850052228438,0.00023713582065115958,0,3,160,96,160,1.0,0.0,876244,217.0,0,0,0,0,6643.962642218801
5,z,13,0.0075,normal,val,13000000,0.06740338461538462,876244,0.0061903739188229525,0.000248792668738849,13,0.011883162500168206,0.0001287885060045951,0.00023691508269896403,0.00013818092512626122,0.0002541930667519312,3.1420379567666225e-05,5.779989266620491e-05,0.0002734181813852094,0.0005029710574635133,0.0669861153846154,0.00012545595705643663,0.0002307846357037707,0,3,160,96,160,1.0,0.0,876244,218.0,10413,0,0,0,6588.584647603566
5,z,13,0.01,m1,anqi,13000000,0.05099938461538462,662992,0.0004841128526104688,0.0004841128526104688,13,0.0,7.647721240576873e-05,0.0001406849544558928,4.7945288163031966e-05,8.819856882076959e-05,4.7945288163031966e-05,8.819856882076959e-05,0.0,0.0,0.05097469230769231,7.58671158737817e-05,0.0001395626410226979,0,3,144,80,128,1.0,0.0,662992,321.0,0,0,0,0,6761.140131086926
5,z,13,0.01,m1,val,13000000,0.05099938461538462,662992,0.010860174230128436,0.00048410781961676026,13,0.020752132821023353,7.647721240576873e-05,0.0001406849544558928,0.00020904818218893991,0.0003845581326146738,4.9676467259960206e-05,9.138318871923195e-05,0.00040353604097821173,0.0007423315751248367,0.050445538461538465,7.973939315859966e-05,0.00014668595444271095,0,3,144,80,128,1.0,0.0,662992,321.0,13758,0,0,0,6666.803388479166
5,z,13,0.01,normal,anqi,13000000,0.028456846153846155,369939,0.0005271051837707409,0.0005271051837707409,13,0.0,0.00010822903185236505,0.00019909455297833036,7.255415815369718e-05,0.0001334682334037137,7.255415815369718e-05,0.0001334682334037137,0.0,0.0,0.028441846153846154,0.00010817964599449858,0.00019900370438505468,0,3,160,96,160,1.0,0.0,369939,195.0,0,0,0,0,6007.853820964578
5,z,13,0.01,normal,val,13000000,0.028456846153846155,369939,0.011038052048742928,0.0005271051837707409,13,0.021021893729944376,0.00010822903185236505,0.00019909455297833036,0.00022117803698392972,0.00040687181293470875,7.255415815369718e-05,0.0001334682334037137,0.0003839920218713556,0.0007063790429725827,0.02814273076923077,0.00010665057388712748,0.00019619087383045863,0,3,160,96,160,1.0,0.0,369939,195.0,7777,0,0,0,6059.408279232215
5,z,13,0.05,m1,anqi,13000000,7.615384615384616e-06,99,0.030982905982905984,0.030982905982905984,13,0.0,8.461902090088761e-07,1.5566235649883125e-06,0.03264249598879807,0.06004805767690767,0.03264249598879807,0.06004805767690767,0.0,0.0,7.384615384615385e-06,8.748080657342886e-07,1.6092680291808417e-06,0,3,144,80,128,1.0,0.0,99,3.0,0,0,0,0,4773.512756125885
5,z,13,0.05,m1,val,13000000,7.615384615384616e-06,99,0.26083638583638585,0.01282051282051282,13,0.496031746031746,8.461902090088761e-07,1.5566235649883125e-06,0.03722652013319621,0.06848067711598545,0.025128205128205128,0.046225016352102424,0.07542269930697415,0.13874510698224365,5.615384615384615e-06,6.484829816693672e-07,1.1929278784054477e-06,0,3,144,80,128,1.0,0.0,99,1.0,50,0,0,0,4763.794065481983
5,z,13,0.05,normal,anqi,13000000,1.3846153846153846e-06,18,0.17948717948717946,0.2121212121212121,13,0.0,5.222799358207692e-07,9.60768922830523e-07,0.17135151362879666,0.3152125859780576,0.18161342005323933,0.33409005016037463,0.0,0.0,1.0769230769230769e-06,4.6876058830907897e-07,8.623164985025763e-07,0,3,160,96,160,1.0,0.0,18,4.0,0,0,0,0,4709.1377051691525
5,z,13,0.05,normal,val,13000000,1.3846153846153846e-06,18,0.3205128205128205,0.2121212121212121,13,0.3333333333333333,5.222799358207692e-07,9.60768922830523e-07,0.16731183477204628,0.3077813261543733,0.18161342005323933,0.33409005016037463,0.2562584165805605,0.4714045207910317,8.461538461538461e-07,3.575806277267321e-07,6.577935144802719e-07,0,3,160,96,160,1.0,0.0,18,4.0,6,0,0,0,4692.440753184259
=======
5,z,13,0.0001,m1,val,600000,0.9696633333333334,581798,8.591153860692721e-07,0.0,6,1.7182307721385443e-06,0.0003979867289803057,0.0004973798012250446,1.6838661566957733e-06,2.104394326043892e-06,0.0,0.0,3.3677323133915467e-06,4.208788652087784e-06,0.9696625,0.0003974642080321923,0.0004967267860705583,0,3,144,80,128,1.0,0.0,581798,0.0,1,0,0,0,182.493672685232
5,z,13,0.0001,normal,val,600000,0.9639816666666667,578389,8.644177973251456e-07,0.0,6,1.7288355946502911e-06,0.00044128060208648294,0.0005514858716836863,1.6942588827572855e-06,2.1173825280271724e-06,0.0,0.0,3.388517765514571e-06,4.234765056054345e-06,0.9639808333333333,0.00044119897980138603,0.0005513838650764783,0,3,160,96,160,1.0,0.0,578389,0.0,1,0,0,0,209.16249392204918
5,z,13,0.00025,m1,val,600000,0.9259916666666667,555595,7.196791450492773e-06,0.0,6,1.4393582900985546e-05,0.0006837266776847273,0.0008544803489061017,5.23091301389881e-06,6.537279475987844e-06,0.0,0.0,1.046182602779762e-05,1.3074558951975688e-05,0.925985,0.0006811387758746473,0.0008512461453657339,0,3,144,80,128,1.0,0.0,555595,0.0,8,0,0,0,204.63409970188513
5,z,13,0.00025,normal,val,600000,0.912265,547359,8.221944280861458e-06,0.0,6,1.6443888561722917e-05,0.0005761588831794924,0.0007200486094701929,3.6706134646923306e-06,4.587311240553922e-06,0.0,0.0,7.341226929384661e-06,9.174622481107843e-06,0.9122574999999999,0.0005768849168884123,0.0007209559625941284,0,3,160,96,160,1.0,0.0,547359,0.0,9,0,0,0,245.52891306835227
5,z,13,0.0005,m1,val,600000,0.8573033333333333,514382,2.430114397618537e-05,0.0,6,4.860228795237074e-05,0.0004520103558302029,0.0005648952705295185,4.58879771803798e-06,5.7348025214494305e-06,0.0,0.0,9.17759543607596e-06,1.1469605042898861e-05,0.8572825000000001,0.00045218797197626694,0.0005651172444723434,0,3,144,80,128,1.0,0.0,514382,0.0,25,0,0,0,240.7484545330517
5,z,13,0.0005,normal,val,600000,0.8320583333333333,499235,3.103813881178344e-05,0.0,6,6.207627762356688e-05,0.0008481376455374094,0.0010599512567408976,1.0248968313115804e-05,1.2808542223003557e-05,0.0,0.0,2.0497936626231608e-05,2.5617084446007115e-05,0.8320325,0.0008422632981041789,0.0010526098517494472,0,3,160,96,160,1.0,0.0,499235,0.0,31,0,0,0,250.82932101003826
5,z,13,0.00075,m1,anqi,1000000,0.794901,794901,0.0,0.0,1,0.0,0.0,,0.0,,0.0,,0.0,,0.794901,0.0,,0,3,144,80,128,1.0,0.0,794901,0.0,0,0,0,0,462.1385747840395
5,z,13,0.00075,m1,val,1600000,0.7944444285714286,1271522,6.715982559040745e-05,0.0,7,0.0001343196511808149,0.0007618280320387268,0.001028371180904193,1.672384247449905e-05,2.2575065384154874e-05,0.0,0.0,3.34476849489981e-05,4.515013076830975e-05,0.7943910714285715,0.0007602905563006994,0.0010262957837360216,0,3,144,80,128,1.0,0.0,1271522,0.0,171,0,0,0,588.5239240615629
5,z,13,0.00075,normal,anqi,1000000,0.759626,759626,0.0,0.0,1,0.0,0.0,,0.0,,0.0,,0.0,,0.759626,0.0,,0,3,160,96,160,1.0,0.0,759626,0.0,0,0,0,0,897.4828265149845
5,z,13,0.00075,normal,val,1600000,0.7592265714285714,1215122,6.191556463605188e-05,0.0,7,0.00012383112927210376,0.0004457534337875034,0.0006017105774769543,1.2986971967543535e-05,1.753076434177928e-05,0.0,0.0,2.597394393508707e-05,3.506152868355856e-05,0.7591795714285714,0.0004544121084067484,0.0006133986895820304,0,3,160,96,160,1.0,0.0,1215122,0.0,136,0,0,0,1081.8074607284507
5,z,13,0.001,m1,anqi,11000000,0.7361524545454544,8097677,1.2339941701179425e-07,1.2339941701179425e-07,11,0.0,0.0002749410583097139,0.0004652430254472177,2.4186285734311675e-07,4.092695655767207e-07,2.4186285734311675e-07,4.092695655767207e-07,0.0,0.0,0.7361523636363636,0.00027487079447059573,0.00046512412810503155,0,3,144,80,128,1.0,0.0,8097677,1.0,0,0,0,0,5237.656956000719
5,z,13,0.001,m1,val,29600000,0.7360249999999999,21788617,0.00010372531398145763,6.990924318053857e-07,35,0.00020605244309930448,0.00019941573543435815,0.0006019180616505858,4.130693763126482e-06,1.2468119317453192e-05,7.98407573174948e-07,2.4099198481295596e-06,8.8045177529835e-06,2.6575627284881298e-05,0.7359486571428572,0.00020006955098429588,0.0006038915437714341,0,3,144,80,128,1.0,0.0,21788617,9.0,4507,0,0,0,16902.47815076087
5,z,13,0.001,normal,anqi,12000000,0.6928628333333333,8314354,4.810872691894177e-07,4.810872691894177e-07,12,0.0,0.00028948432868384296,0.0005116342502810045,4.0206748396328597e-07,7.106135819344858e-07,4.0206748396328597e-07,7.106135819344858e-07,0.0,0.0,0.6928624999999999,0.00028947926842605464,0.0005116253067875467,0,3,160,96,160,1.0,0.0,8314354,4.0,0,0,0,0,10178.679800841608
5,z,13,0.001,normal,val,30600000,0.69269925,21199914,0.00010379853182943373,4.81304747495958e-07,36,0.00020663445416387556,0.00022820034284228062,0.0006985724780886141,3.7036647242455978e-06,1.1337749155853871e-05,2.98365113564184e-07,9.133625925434204e-07,7.31249530850326e-06,2.238518971990794e-05,0.6926273472222222,0.00022765565438539234,0.0006969050644450786,0,3,160,96,160,1.0,0.0,21199914,12.0,4514,0,0,0,21593.05492406513
5,z,13,0.0025,m1,anqi,11000000,0.4664319090909091,5130751,6.628297015814849e-06,6.628297015814849e-06,11,0.0,0.0003301758900669201,0.0005587089500885748,2.299549114222801e-06,3.891194693301603e-06,2.299549114222801e-06,3.891194693301603e-06,0.0,0.0,0.46642881818181814,0.0003305767757097971,0.0005593873109361581,0,3,144,80,128,1.0,0.0,5130751,34.0,0,0,0,0,6291.532104931073
5,z,13,0.0025,m1,val,29000000,0.4664491724137931,13527026,0.0006461476864158592,5.9149158016127e-06,29,0.0012804655412284932,0.00018978879961539452,0.0005214510022842475,8.548791710082394e-06,2.3488087888091278e-05,1.3935187107299126e-06,3.828738734237843e-06,1.7545693519740576e-05,4.820737309146678e-05,0.46614777586206896,0.0001892030769427725,0.0005198417098743776,0,3,144,80,128,1.0,0.0,13527026,80.0,17321,0,0,0,16532.530880792066
5,z,13,0.0025,normal,anqi,13000000,0.4010941538461538,5214224,7.285121072404703e-06,7.285121072404703e-06,13,0.0,0.00018820146301048532,0.00034620919642941027,3.1984263791841613e-06,5.8837195464005725e-06,3.1984263791841613e-06,5.8837195464005725e-06,0.0,0.0,0.40109123076923076,0.00018748190725067585,0.0003448855254153549,0,3,160,96,160,1.0,0.0,5214224,38.0,0,0,0,0,9383.75139598269
5,z,13,0.0025,normal,val,31000000,0.4011248387096774,12434870,0.0006479453651138989,7.397549784704678e-06,31,0.0012810956306583887,0.00013247572431356478,0.00037632327386385745,8.492693640186172e-06,2.412516173176619e-05,1.9020498348972642e-06,5.403145554626385e-06,1.743125627370813e-05,4.9516901775565995e-05,0.4008649354838709,0.00013388009028588463,0.00038031265080929296,0,3,160,96,160,1.0,0.0,12434870,92.0,15930,0,0,0,18853.261535018682
5,z,13,0.005,m1,anqi,12500000,0.21992829411764706,2749420,5.589578056297584e-05,5.589578056297584e-05,17,0.0,0.00016828971056795174,0.0003540184961103519,1.2664349186091244e-05,2.66410455989588e-05,1.2664349186091244e-05,2.66410455989588e-05,0.0,0.0,0.219916,0.00016797463681093256,0.0003533556989776732,0,3,144,80,128,1.0,0.0,2749420,164.0,0,0,0,0,6426.928043356864
5,z,13,0.005,m1,val,12500000,0.21992829411764706,2749420,0.0026398494658089263,5.56278967752491e-05,17,0.005168443138067354,0.00016828971056795174,0.0003540184961103519,9.046933121441105e-05,0.00019031357575306407,1.265843886812054e-05,2.6628612504431146e-05,0.00016937093273706815,0.0003562929824409776,0.21934770588235294,0.00016568264647170424,0.00034853421006872745,0,3,144,80,128,1.0,0.0,2749420,163.0,14230,0,0,0,6478.3407463009935
5,z,13,0.005,normal,anqi,13500000,0.16306538888888888,2202217,6.158989847787776e-05,6.158989847787776e-05,18,0.0,0.0003148246958691796,0.0006814735020431307,1.428019976635347e-05,3.091110028006252e-05,1.428019976635347e-05,3.091110028006252e-05,0.0,0.0,0.16305533333333333,0.00031335987211765807,0.0006783027261004449,0,3,160,96,160,1.0,0.0,2202217,136.0,0,0,0,0,7873.158014596673
5,z,13,0.005,normal,val,13500000,0.16306538888888888,2202217,0.00264220180748882,5.849619553763749e-05,18,0.005167411223902365,0.0003148246958691796,0.0006814735020431307,5.907307062865636e-05,0.00012787031273582075,1.5865378067235407e-05,3.434239719621575e-05,0.00011929175706123719,0.0002582204398703848,0.16263455555555556,0.0003162764617660431,0.0006846160127891537,0,3,160,96,160,1.0,0.0,2202217,136.0,11404,0,0,0,7890.365267889923
5,z,13,0.0075,m1,anqi,13000000,0.10527653846153846,1368595,0.00021184240143612805,0.00021184240143612805,13,0.0,0.0002419981497932442,0.00044517180492191694,1.9318094955841113e-05,3.553692954467724e-05,1.9318094955841113e-05,3.553692954467724e-05,0.0,0.0,0.10525423076923077,0.0002411641702938697,0.00044363764377514114,0,3,144,80,128,1.0,0.0,1368595,290.0,0,0,0,0,6798.055499183596
5,z,13,0.0075,m1,val,13000000,0.10527653846153846,1368595,0.006022859864283527,0.00021183941501879157,13,0.011622040898529471,0.0002419981497932442,0.00044517180492191694,0.000102494417214784,0.00018854534526362382,1.9767034548243e-05,3.6362783993652186e-05,0.00020321110238484617,0.0003738204333633293,0.10464246153846155,0.00023923777134199754,0.000440093903878215,0,3,144,80,128,1.0,0.0,1368595,290.0,15906,0,0,0,6932.525984983193
5,z,13,0.0075,normal,anqi,13000000,0.06740338461538462,876244,0.00024765962002923266,0.00024765962002923266,13,0.0,0.00012878850600459683,0.00023691508269896723,3.077744523968984e-05,5.661717190790141e-05,3.077744523968984e-05,5.661717190790141e-05,0.0,0.0,0.06738669230769231,0.00012890850052228473,0.00023713582065116025,0,3,160,96,160,1.0,0.0,876244,217.0,0,0,0,0,6643.962642218801
5,z,13,0.0075,normal,val,13000000,0.06740338461538462,876244,0.0061903739188229525,0.000248792668738849,13,0.011883162500168206,0.00012878850600459683,0.00023691508269896723,0.00013818092512626125,0.00025419306675193124,3.1420379567666225e-05,5.779989266620491e-05,0.00027341818138520936,0.0005029710574635132,0.0669861153846154,0.00012545595705643723,0.0002307846357037718,0,3,160,96,160,1.0,0.0,876244,218.0,10413,0,0,0,6588.584647603566
5,z,13,0.01,m1,anqi,13000000,0.05099938461538462,662992,0.0004841128526104688,0.0004841128526104688,13,0.0,7.647721240576802e-05,0.0001406849544558915,4.7945288163031966e-05,8.819856882076959e-05,4.7945288163031966e-05,8.819856882076959e-05,0.0,0.0,0.05097469230769231,7.58671158737819e-05,0.00013956264102269825,0,3,144,80,128,1.0,0.0,662992,321.0,0,0,0,0,6761.140131086926
5,z,13,0.01,m1,val,13000000,0.05099938461538462,662992,0.010860174230128436,0.00048410781961676026,13,0.020752132821023353,7.647721240576802e-05,0.0001406849544558915,0.00020904818218894,0.000384558132614674,4.9676467259960206e-05,9.138318871923195e-05,0.00040353604097821146,0.0007423315751248363,0.050445538461538465,7.973939315859942e-05,0.00014668595444271052,0,3,144,80,128,1.0,0.0,662992,321.0,13758,0,0,0,6666.803388479166
5,z,13,0.01,normal,anqi,13000000,0.028456846153846155,369939,0.0005271051837707409,0.0005271051837707409,13,0.0,0.00010822903185236467,0.00019909455297832966,7.255415815369717e-05,0.00013346823340371368,7.255415815369717e-05,0.00013346823340371368,0.0,0.0,0.028441846153846154,0.00010817964599449854,0.0001990037043850546,0,3,160,96,160,1.0,0.0,369939,195.0,0,0,0,0,6007.853820964578
5,z,13,0.01,normal,val,13000000,0.028456846153846155,369939,0.011038052048742928,0.0005271051837707409,13,0.021021893729944376,0.00010822903185236467,0.00019909455297832966,0.0002211780369839297,0.0004068718129347087,7.255415815369717e-05,0.00013346823340371368,0.0003839920218713549,0.0007063790429725815,0.02814273076923077,0.00010665057388712775,0.0001961908738304591,0,3,160,96,160,1.0,0.0,369939,195.0,7777,0,0,0,6059.408279232215
5,z,13,0.05,m1,anqi,13000000,7.6153846153846145e-06,99,0.030982905982905984,0.030982905982905984,13,0.0,8.461902090088762e-07,1.5566235649883127e-06,0.03264249598879807,0.06004805767690767,0.03264249598879807,0.06004805767690767,0.0,0.0,7.384615384615385e-06,8.748080657342885e-07,1.6092680291808415e-06,0,3,144,80,128,1.0,0.0,99,3.0,0,0,0,0,4773.512756125885
5,z,13,0.05,m1,val,13000000,7.6153846153846145e-06,99,0.26083638583638585,0.01282051282051282,13,0.49603174603174605,8.461902090088762e-07,1.5566235649883127e-06,0.03722652013319621,0.06848067711598545,0.025128205128205128,0.046225016352102424,0.07542269930697414,0.13874510698224363,5.615384615384615e-06,6.484829816693672e-07,1.1929278784054477e-06,0,3,144,80,128,1.0,0.0,99,1.0,50,0,0,0,4763.794065481983
5,z,13,0.05,normal,anqi,13000000,1.3846153846153846e-06,18,0.17948717948717946,0.2121212121212121,13,0.0,5.222799358207691e-07,9.607689228305227e-07,0.17135151362879666,0.3152125859780576,0.1816134200532393,0.3340900501603746,0.0,0.0,1.0769230769230769e-06,4.6876058830907897e-07,8.623164985025763e-07,0,3,160,96,160,1.0,0.0,18,4.0,0,0,0,0,4709.1377051691525
5,z,13,0.05,normal,val,13000000,1.3846153846153846e-06,18,0.3205128205128205,0.2121212121212121,13,0.3333333333333333,5.222799358207691e-07,9.607689228305227e-07,0.16731183477204628,0.3077813261543733,0.1816134200532393,0.3340900501603746,0.2562584165805605,0.4714045207910317,8.461538461538461e-07,3.575806277267321e-07,6.577935144802719e-07,0,3,160,96,160,1.0,0.0,18,4.0,6,0,0,0,4692.440753184259
>>>>>>> Stashed changes
5,z,13,0.1,m1,anqi,13000000,1.5384615384615385e-07,2,0.0,0.0,13,0.0,2.0414250350110874e-07,3.755338080994054e-07,0.0,0.0,0.0,0.0,0.0,0.0,1.5384615384615385e-07,2.0414250350110874e-07,3.755338080994054e-07,0,3,144,80,128,1.0,0.0,2,0.0,0,0,0,0,4580.5239120716
5,z,13,0.1,m1,val,13000000,1.5384615384615385e-07,2,0.07692307692307693,0.0,13,1.0,2.0414250350110874e-07,3.755338080994054e-07,0.10207125175055438,0.1877669040497027,0.0,0.0,0.0,0.0,7.692307692307692e-08,1.0207125175055437e-07,1.877669040497027e-07,0,3,144,80,128,1.0,0.0,2,0.0,2,0,0,0,4576.733922753367
5,z,13,0.1,normal,anqi,13000000,0.0,0,0.0,,13,,0.0,0.0,0.0,0.0,,,,,0.0,0.0,0.0,0,3,160,96,160,1.0,0.0,0,0.0,0,0,0,0,4658.958585242741
5,z,13,0.1,normal,val,13000000,0.0,0,0.0,,13,,0.0,0.0,0.0,0.0,,,,,0.0,0.0,0.0,0,3,160,96,160,1.0,0.0,0,0.0,0,0,0,0,4647.219719635206
5,z,14,0.0,m1,anqi,1000,1.0,1000,0.0,0.0,1,0.0,0.0,,0.0,,0.0,,0.0,,1.0,0.0,,1,2,112,48,96,1.0,0.0,1000,0.0,0,0,0,0,0.7258129070978612
5,z,14,0.0,m1,val,1000,1.0,1000,0.0,0.0,1,0.0,0.0,,0.0,,0.0,,0.0,,1.0,0.0,,1,2,112,48,96,1.0,0.0,1000,0.0,0,0,0,0,1.5536594919394702
5,z,14,0.0,normal,anqi,1000,1.0,1000,0.0,0.0,1,0.0,0.0,,0.0,,0.0,,0.0,,1.0,0.0,,1,2,128,64,128,1.0,0.0,1000,0.0,0,0,0,0,1.302257991861552
5,z,14,0.0,normal,val,1000,1.0,1000,0.0,0.0,1,0.0,0.0,,0.0,,0.0,,0.0,,1.0,0.0,,1,2,128,64,128,1.0,0.0,1000,0.0,0,0,0,0,1.5793557029683143
5,z,14,0.005,m1,anqi,500000,0.3376,168800,0.0,0.0,5,0.0,0.0009001287996725829,0.0010269128492720336,0.0,0.0,0.0,0.0,0.0,0.0,0.3376,0.0009001287996725829,0.0010269128492720336,1,2,112,48,96,1.0,0.0,168800,0.0,0,0,0,0,406.04599002504256
5,z,14,0.005,m1,val,500000,0.3376,168800,5.918662467301368e-06,0.0,5,1.1837324934602735e-05,0.0009001287996725829,0.0010269128492720336,7.103888761786266e-06,8.10447866119944e-06,0.0,0.0,1.4207777523572532e-05,1.620895732239888e-05,0.337598,0.0008994595679628929,0.0010261493556008269,1,2,112,48,96,1.0,0.0,168800,0.0,2,0,0,0,428.7880888489308
5,z,14,0.005,normal,anqi,500000,0.26178,130890,0.0,0.0,5,0.0,0.0006064925391132312,0.0006919176251549158,0.0,0.0,0.0,0.0,0.0,0.0,0.26178,0.0006064925391132312,0.0006919176251549158,1,2,128,64,128,1.0,0.0,130890,0.0,0,0,0,0,375.99203473422676
5,z,14,0.005,normal,val,500000,0.26178,130890,7.644531731823733e-06,0.0,5,1.5289063463647466e-05,0.0006064925391132312,0.0006919176251549158,9.17535136073931e-06,1.04677088571726e-05,0.0,0.0,1.835070272147862e-05,2.09354177143452e-05,0.26177799999999996,0.0006069879820885986,0.0006924828517732302,1,2,128,64,128,1.0,0.0,130890,0.0,2,0,0,0,380.73976626689546
5,z,15,0.0,m1,anqi,1000,1.0,1000,0.0,0.0,1,0.0,0.0,,0.0,,0.0,,0.0,,1.0,0.0,,0,3,144,48,128,1.0,0.0,1000,0.0,0,0,0,0,0.6562772260513157
5,z,15,0.0,m1,val,1000,1.0,1000,0.0,0.0,1,0.0,0.0,,0.0,,0.0,,0.0,,1.0,0.0,,0,3,144,48,128,1.0,0.0,1000,0.0,0,0,0,0,0.921719613019377
5,z,15,0.0,normal,anqi,1000,1.0,1000,0.0,0.0,1,0.0,0.0,,0.0,,0.0,,0.0,,1.0,0.0,,0,3,160,64,160,1.0,0.0,1000,0.0,0,0,0,0,1.0218732280191034
5,z,15,0.0,normal,val,1000,1.0,1000,0.0,0.0,1,0.0,0.0,,0.0,,0.0,,0.0,,1.0,0.0,,0,3,160,64,160,1.0,0.0,1000,0.0,0,0,0,0,1.4462473390158266
5,z,15,0.005,m1,anqi,500000,0.264362,132181,0.0,0.0,5,0.0,0.0007457896582817421,0.00085083488409914,0.0,0.0,0.0,0.0,0.0,0.0,0.264362,0.0007457896582817421,0.00085083488409914,0,3,144,48,128,1.0,0.0,132181,0.0,0,0,0,0,332.4818420270458
5,z,15,0.005,m1,val,500000,0.264362,132181,7.5569152990404095e-06,0.0,5,1.5113830598080819e-05,0.0007457896582817421,0.00085083488409914,9.070237287987729e-06,1.0347789361221377e-05,0.0,0.0,1.8140474575975458e-05,2.0695578722442755e-05,0.26436000000000004,0.0007450256237204109,0.000849963234498989,0,3,144,48,128,1.0,0.0,132181,0.0,2,0,0,0,334.912314280984
5,z,15,0.005,normal,anqi,500000,0.21577000000000002,107885,0.0,0.0,5,0.0,0.0008416825149663099,0.0009602343463967618,0.0,0.0,0.0,0.0,0.0,0.0,0.21577000000000002,0.0008416825149663099,0.0009602343463967618,0,3,160,64,160,1.0,0.0,107885,0.0,0,0,0,0,318.2575324400095
5,z,15,0.005,normal,val,500000,0.21577000000000002,107885,1.3893523311362372e-05,0.0,5,2.7787046622724744e-05,0.0008416825149663099,0.0009602343463967618,1.8129544273544866e-05,2.0683108875886922e-05,0.0,0.0,3.625908854708973e-05,4.1366217751773844e-05,0.215767,0.000841143767973111,0.0009596197163460137,0,3,160,64,160,1.0,0.0,107885,0.0,3,0,0,0,319.1136603411287
5,z,16,0.0,m1,anqi,1000,1.0,1000,0.0,0.0,1,0.0,0.0,,0.0,,0.0,,0.0,,1.0,0.0,,4,-1,16,16,0,1.0,0.0,1000,0.0,0,0,0,0,0.7118793199770153
5,z,16,0.0,m1,val,1000,1.0,1000,0.0,0.0,1,0.0,0.0,,0.0,,0.0,,0.0,,1.0,0.0,,4,-1,16,16,0,1.0,0.0,1000,0.0,0,0,0,0,1.3232368528842926
5,z,16,0.0,normal,anqi,1000,1.0,1000,0.0,0.0,1,0.0,0.0,,0.0,,0.0,,0.0,,1.0,0.0,,4,-1,32,32,32,1.0,0.0,1000,0.0,0,0,0,0,0.7224681838415563
5,z,16,0.0,normal,val,1000,1.0,1000,0.0,0.0,1,0.0,0.0,,0.0,,0.0,,0.0,,1.0,0.0,,4,-1,32,32,32,1.0,0.0,1000,0.0,0,0,0,0,0.553861954016611
5,z,16,0.005,m1,anqi,500000,1.0,500000,0.0,0.0,5,0.0,0.0,0.0,0.0,0.0,0.0,0.0,0.0,0.0,1.0,0.0,0.0,4,-1,16,16,0,1.0,0.0,500000,0.0,0,0,0,0,334.04705189191736
5,z,16,0.005,m1,val,500000,1.0,500000,0.0,0.0,5,0.0,0.0,0.0,0.0,0.0,0.0,0.0,0.0,0.0,1.0,0.0,0.0,4,-1,16,16,0,1.0,0.0,500000,0.0,0,0,0,0,329.6264972932404
5,z,16,0.005,normal,anqi,500000,1.0,500000,0.0,0.0,5,0.0,0.0,0.0,0.0,0.0,0.0,0.0,0.0,0.0,1.0,0.0,0.0,4,-1,32,32,32,1.0,0.0,500000,0.0,0,0,0,0,494.7185253640637
5,z,16,0.005,normal,val,500000,1.0,500000,0.0,0.0,5,0.0,0.0,0.0,0.0,0.0,0.0,0.0,0.0,0.0,1.0,0.0,0.0,4,-1,32,32,32,1.0,0.0,500000,0.0,0,0,0,0,491.5742456112057
5,z,17,0.0,m1,anqi,1000,1.0,1000,0.0,0.0,1,0.0,0.0,,0.0,,0.0,,0.0,,1.0,0.0,,0,3,144,112,128,1.0,0.0,1000,0.0,0,0,0,0,1.0873950419481844
5,z,17,0.0,m1,val,1000,1.0,1000,0.0,0.0,1,0.0,0.0,,0.0,,0.0,,0.0,,1.0,0.0,,0,3,144,112,128,1.0,0.0,1000,0.0,0,0,0,0,0.907669406151399
5,z,17,0.0,normal,anqi,1000,1.0,1000,0.0,0.0,1,0.0,0.0,,0.0,,0.0,,0.0,,1.0,0.0,,0,3,160,128,160,1.0,0.0,1000,0.0,0,0,0,0,0.9097269070334733
5,z,17,0.0,normal,val,1000,1.0,1000,0.0,0.0,1,0.0,0.0,,0.0,,0.0,,0.0,,1.0,0.0,,0,3,160,128,160,1.0,0.0,1000,0.0,0,0,0,0,0.5568332271650434
5,z,17,0.005,m1,anqi,500000,0.21900400000000003,109502,0.011115080086405296,0.011115080086405296,5,0.0,0.0007106344838241452,0.0008107280678501344,0.0005587273204220838,0.0006374246272194316,0.0005587273204220838,0.0006374246272194316,0.0,0.0,0.21657,0.0007822094553251073,0.0008923844463010332,0,3,144,112,128,1.0,0.0,109502,1217.0,0,0,0,0,308.2969037859002
5,z,17,0.005,m1,val,500000,0.21900400000000003,109502,0.128022023195043,0.011124227125051536,5,0.23379559213998294,0.0007106344838241452,0.0008107280678501344,0.002023635617233761,0.0023086667356247113,0.0005502998645893399,0.0006278101557299456,0.0034606036702645292,0.003948033188722834,0.190968,0.0010359281434539755,0.0011818396676368586,0,3,144,112,128,1.0,0.0,109502,1218.0,25600,0,0,0,319.4310291170841
5,z,17,0.005,normal,anqi,500000,0.167714,83857,0.020879276964052028,0.020879276964052028,5,0.0,0.0007435765741334224,0.0008483100848156858,0.0008797018200526343,0.001003608708963254,0.0008797018200526343,0.001003608708963254,0.0,0.0,0.164212,0.0006873538640322072,0.000784168349272022,0,3,160,128,160,1.0,0.0,83857,1751.0,0,0,0,0,294.79663427593186
5,z,17,0.005,normal,val,500000,0.167714,83857,0.14397775171458757,0.020879309490747473,5,0.2461968844476802,0.0007435765741334224,0.0008483100848156858,0.0014201655489235296,0.001620197299334855,0.0008751028332780321,0.0009983619502614005,0.002187739448360753,0.0024958847569349673,0.143566,0.0004579065074881618,0.0005224031010627788,0,3,160,128,160,1.0,0.0,83857,1751.0,20646,0,0,0,310.2144710639259
5,z,18,0.0,m1,anqi,1000,1.0,1000,0.0,0.0,1,0.0,0.0,,0.0,,0.0,,0.0,,1.0,0.0,,1,2,112,80,96,1.0,0.0,1000,0.0,0,0,0,0,0.7544537601061165
5,z,18,0.0,m1,val,1000,1.0,1000,0.0,0.0,1,0.0,0.0,,0.0,,0.0,,0.0,,1.0,0.0,,1,2,112,80,96,1.0,0.0,1000,0.0,0,0,0,0,1.481847311835736
5,z,18,0.0,normal,anqi,1000,1.0,1000,0.0,0.0,1,0.0,0.0,,0.0,,0.0,,0.0,,1.0,0.0,,1,2,128,96,128,1.0,0.0,1000,0.0,0,0,0,0,0.7506127641536295
5,z,18,0.0,normal,val,1000,1.0,1000,0.0,0.0,1,0.0,0.0,,0.0,,0.0,,0.0,,1.0,0.0,,1,2,128,96,128,1.0,0.0,1000,0.0,0,0,0,0,0.9446428448427469
5,z,18,0.005,m1,anqi,500000,0.30608,153040,0.0005816097232039722,0.0005816097232039722,5,0.0,0.0010763059416355482,0.0012279047194306161,3.814040670397728e-05,4.351252146917444e-05,3.814040670397728e-05,4.351252146917444e-05,0.0,0.0,0.305902,0.0010809786484477896,0.0012332355817117884,1,2,112,80,96,1.0,0.0,153040,89.0,0,0,0,0,385.05490592692513
5,z,18,0.005,m1,val,500000,0.30608,153040,0.009088872656373032,0.0005685266505279186,5,0.017040692011690225,0.0010763059416355482,0.0012279047194306161,0.0003075317419561013,0.00035084789808814633,2.6459772579936226e-05,3.0186658243837955e-05,0.0005794854938534127,0.0006611066103220753,0.303298,0.0010494953560640599,0.0011973178358314204,1,2,112,80,96,1.0,0.0,153040,87.0,2608,0,0,0,379.5937064719619
5,z,18,0.005,normal,anqi,500000,0.23082599999999998,115413,0.0012305845254168347,0.0012305845254168347,5,0.0,0.0005479102787865859,0.0006250839943559526,0.00016850001427835807,0.00019223341129392542,0.00016850001427835807,0.00019223341129392542,0.0,0.0,0.23054199999999997,0.0005687851109162454,0.000648899067652287,1,2,128,96,128,1.0,0.0,115413,142.0,0,0,0,0,382.44436755101196
5,z,18,0.005,normal,val,500000,0.23082599999999998,115413,0.012854110839304886,0.0012478994193705951,5,0.02321242283986858,0.0005479102787865859,0.0006250839943559526,0.00041908516964199807,0.00047811373861303007,0.0001763125853580329,0.0002011463908924978,0.0005859725418859362,0.0006685073656149471,0.22785899999999998,0.0005738684532190322,0.0006546984038471502,1,2,128,96,128,1.0,0.0,115413,144.0,2679,0,0,0,358.5408874200657
5,z,19,0.0,m1,anqi,1000,1.0,1000,0.0,0.0,1,0.0,0.0,,0.0,,0.0,,0.0,,1.0,0.0,,0,3,144,80,128,1.0,0.0,1000,0.0,0,0,0,0,0.793425225187093
5,z,19,0.0,m1,val,1000,1.0,1000,0.0,0.0,1,0.0,0.0,,0.0,,0.0,,0.0,,1.0,0.0,,0,3,144,80,128,1.0,0.0,1000,0.0,0,0,0,0,0.7767667178995907
5,z,19,0.0,normal,anqi,1000,1.0,1000,0.0,0.0,1,0.0,0.0,,0.0,,0.0,,0.0,,1.0,0.0,,0,3,160,96,160,1.0,0.0,1000,0.0,0,0,0,0,0.9207947999238968
5,z,19,0.0,normal,val,1000,1.0,1000,0.0,0.0,1,0.0,0.0,,0.0,,0.0,,0.0,,1.0,0.0,,0,3,160,96,160,1.0,0.0,1000,0.0,0,0,0,0,1.0205294201150537
5,z,19,0.005,m1,anqi,500000,0.219664,109832,8.20399524722323e-05,8.20399524722323e-05,5,0.0,0.001049444108850021,0.0011972593703955797,5.221208677350038e-05,5.956621187380843e-05,5.221208677350038e-05,5.956621187380843e-05,0.0,0.0,0.219646,0.0010536818540717047,0.0012020940063073192,0,3,144,80,128,1.0,0.0,109832,9.0,0,0,0,0,320.6887341369875
5,z,19,0.005,m1,val,500000,0.219664,109832,0.003610795131285903,9.11296220627427e-05,5,0.007039331018446319,0.001049444108850021,0.0011972593703955797,0.00023999967778792343,0.00027380387454685874,6.317942212088596e-05,7.207830747013008e-05,0.0005153230354254129,0.000587906804889161,0.21887099999999998,0.001078883419837378,0.0012308452380376646,0,3,144,80,128,1.0,0.0,109832,10.0,773,0,0,0,314.43140167498495
5,z,19,0.005,normal,anqi,500000,0.162358,81179,0.00016030461847645067,0.00016030461847645067,5,0.0,0.0013587395182300343,0.00155011935024371,8.232789311291255e-05,9.392385992082105e-05,8.232789311291255e-05,9.392385992082105e-05,0.0,0.0,0.162332,0.0013616344437476738,0.001553422028941282,0,3,160,96,160,1.0,0.0,81179,13.0,0,0,0,0,323.89250413991977
5,z,19,0.005,normal,val,500000,0.162358,81179,0.003614642063210599,0.00013567870675376472,5,0.0069579267129136705,0.0013587395182300343,0.00155011935024371,0.0001681586920660249,0.00019184401350361542,0.00011100435057859032,0.00012663942535303372,0.0005053388537552058,0.0005765163411573801,0.161771,0.0013386147129028656,0.0015271599457817207,0,3,160,96,160,1.0,0.0,81179,11.0,565,0,0,0,310.9505053451285
5,z,20,0.0,m1,anqi,1000,1.0,1000,0.0,0.0,1,0.0,0.0,,0.0,,0.0,,0.0,,1.0,0.0,,2,1,80,48,64,1.0,0.0,1000,0.0,0,0,0,0,1.2587083871476352
5,z,20,0.0,m1,val,1000,1.0,1000,0.0,0.0,1,0.0,0.0,,0.0,,0.0,,0.0,,1.0,0.0,,2,1,80,48,64,1.0,0.0,1000,0.0,0,0,0,0,0.8232808341272175
5,z,20,0.0,normal,anqi,1000,1.0,1000,0.0,0.0,1,0.0,0.0,,0.0,,0.0,,0.0,,1.0,0.0,,2,1,96,64,96,1.0,0.0,1000,0.0,0,0,0,0,0.9426725131925195
5,z,20,0.0,normal,val,1000,1.0,1000,0.0,0.0,1,0.0,0.0,,0.0,,0.0,,0.0,,1.0,0.0,,2,1,96,64,96,1.0,0.0,1000,0.0,0,0,0,0,1.2738100020214915
5,z,20,0.005,m1,anqi,500000,0.44376800000000005,221884,0.0,0.0,5,0.0,0.001596123686435362,0.0018209393180444024,0.0,0.0,0.0,0.0,0.0,0.0,0.44376800000000005,0.001596123686435362,0.0018209393180444024,2,1,80,48,64,1.0,0.0,221884,0.0,0,0,0,0,383.9966597970342
5,z,20,0.005,m1,val,500000,0.44376800000000005,221884,1.576962631710828e-05,0.0,5,3.153925263421656e-05,0.001596123686435362,0.0018209393180444024,1.3234727236490753e-05,1.5098851920643502e-05,0.0,0.0,2.6469454472981506e-05,3.0197703841287003e-05,0.443761,0.0015955965033804826,0.0018203378807243533,2,1,80,48,64,1.0,0.0,221884,0.0,7,0,0,0,396.3957755669253
5,z,20,0.005,normal,anqi,500000,0.33448,167240,0.0,0.0,5,0.0,0.0011044734781786327,0.0012600396819148233,0.0,0.0,0.0,0.0,0.0,0.0,0.33448,0.0011044734781786327,0.0012600396819148233,2,1,96,64,96,1.0,0.0,167240,0.0,0,0,0,0,411.5905565600842
5,z,20,0.005,normal,val,500000,0.33448,167240,4.483325505491826e-05,0.0,5,8.966651010983652e-05,0.0011044734781786327,0.0012600396819148233,2.0662561507343978e-05,2.3572904142699824e-05,0.0,0.0,4.1325123014687956e-05,4.714580828539965e-05,0.33446499999999996,0.0011032075507355819,0.0012585954473141885,2,1,96,64,96,1.0,0.0,167240,0.0,15,0,0,0,406.7171713920543
5,z,21,0.0,m1,anqi,1000,1.0,1000,0.0,0.0,1,0.0,0.0,,0.0,,0.0,,0.0,,1.0,0.0,,0,3,144,80,128,1.0,0.0,1000,0.0,0,0,0,0,0.7695488289464265
5,z,21,0.0,m1,val,1000,1.0,1000,0.0,0.0,1,0.0,0.0,,0.0,,0.0,,0.0,,1.0,0.0,,0,3,144,80,128,1.0,0.0,1000,0.0,0,0,0,0,0.758007668890059
5,z,21,0.0,normal,anqi,1000,1.0,1000,0.0,0.0,1,0.0,0.0,,0.0,,0.0,,0.0,,1.0,0.0,,0,3,160,96,160,1.0,0.0,1000,0.0,0,0,0,0,1.7676149939652532
5,z,21,0.0,normal,val,1000,1.0,1000,0.0,0.0,1,0.0,0.0,,0.0,,0.0,,0.0,,1.0,0.0,,0,3,160,96,160,1.0,0.0,1000,0.0,0,0,0,0,1.491073893150315
5,z,21,0.0001,m1,val,2000000,0.9697425,1939485,1.2889789920635405e-06,0.0,2,2.577957984127081e-06,0.00016954000000014234,0.00012232947314537543,5.05063423023829e-07,3.6442221566269324e-07,0.0,0.0,1.010126846047658e-06,7.288444313253865e-07,0.96974125,0.00016904999999991062,0.00012197591975461498,0,3,144,80,128,1.0,0.0,1939485,0.0,5,0,0,0,953.9963586241939
5,z,21,0.0001,normal,val,2000000,0.963705,1927410,2.5947660455142724e-07,0.0,2,5.189532091028545e-07,0.0004449200000000097,0.0003210264786586996,5.085741449207973e-07,3.6695533327514876e-07,0.0,0.0,1.0171482898415947e-06,7.339106665502975e-07,0.96370475,0.00044541000000002383,0.00032138003204930306,0,3,160,96,160,1.0,0.0,1927410,0.0,1,0,0,0,1816.6536582270637
5,z,21,0.00025,m1,val,2000000,0.9261505,1852301,4.589274299784951e-06,0.0,2,9.178548599569902e-06,0.000520380000000058,0.0003754737008100986,2.6479369892475597e-06,1.9105859196445305e-06,0.0,0.0,5.295873978495119e-06,3.821171839289061e-06,0.92614625,0.0005228300000001283,0.0003772414677631158,0,3,144,80,128,1.0,0.0,1852301,0.0,17,0,0,0,1001.5286381349433
5,z,21,0.00025,normal,val,2000000,0.911967,1823934,4.9344167405837555e-06,0.0,2,9.868833481167511e-06,9.015999999998137e-05,6.505382386914893e-05,1.07508811943122e-06,7.757164281866414e-07,0.0,0.0,2.15017623886244e-06,1.5514328563732828e-06,0.9119625,9.114000000006394e-05,6.576093065039505e-05,0,3,160,96,160,1.0,0.0,1823934,0.0,18,0,0,0,1843.9435003420804
5,z,21,0.0005,m1,val,2000000,0.857588,1715176,1.5450236698201694e-05,0.0,2,3.090047339640339e-05,0.0004253200000000445,0.00030688434303499375,5.63707404170207e-07,4.067360490753258e-07,0.0,0.0,1.127414808340414e-06,8.134720981506516e-07,0.8575747499999999,0.0004248300000000305,0.00030653078964439036,0,3,144,80,128,1.0,0.0,1715176,0.0,53,0,0,0,1055.6140043470077
5,z,21,0.0005,normal,val,2000000,0.832424,1664848,1.6518484205700695e-05,0.0,2,3.303696841140139e-05,0.0004978400000001169,0.0003592102448428506,2.9530906871702e-06,2.1307657656702964e-06,0.0,0.0,5.9061813743404e-06,4.261531531340593e-06,0.8324102499999999,0.0005002899999999156,0.00036097801179567156,0,3,160,96,160,1.0,0.0,1664848,0.0,55,0,0,0,1786.0304278598633
5,z,21,0.00075,m1,val,2000000,0.7944145,1588829,3.7763431512877795e-05,0.0,2,7.552686302575559e-05,0.0005811399999999011,0.00041931432124355135,1.2059877550203463e-06,8.701654281661507e-07,0.0,0.0,2.4119755100406926e-06,1.7403308563323014e-06,0.7943845,0.0005801599999999818,0.000418607214462423,0,3,144,80,128,1.0,0.0,1588829,0.0,120,0,0,0,1118.110512116924
5,z,21,0.00075,normal,val,2000000,0.75918,1518360,3.9516109882254424e-05,0.0,2,7.903221976450885e-05,0.00015875999999999556,0.0001145512985522175,3.864335760155816e-06,2.788263286518214e-06,0.0,0.0,7.728671520311631e-06,5.576526573036428e-06,0.75915,0.0001558200000000198,0.00011242997820867536,0,3,160,96,160,1.0,0.0,1518360,0.0,120,0,0,0,1707.5290331977885
<<<<<<< Updated upstream
5,z,21,0.001,m1,val,6000000,0.7363405,4418043,7.571503615904863e-05,0.0,6,0.00015143007231809726,0.00039135552855856727,0.0004890925270335202,5.008279693139912e-06,6.259045784354845e-06,0.0,0.0,1.0016559386279824e-05,1.251809156870969e-05,0.7362847499999999,0.0003942918697530188,0.0004927621890932756,0,3,144,80,128,1.0,0.0,4418043,0.0,669,0,0,0,2862.603140791878
5,z,21,0.001,normal,val,6000000,0.6925985,4155591,7.21896084808974e-05,0.0,6,0.0001443792169617948,0.0004072500023982125,0.0005089564814402276,4.487744658681719e-06,5.608512504934113e-06,0.0,0.0,8.975489317363437e-06,1.1217025009868226e-05,0.6925485,0.00040515448832924284,0.0005063376343903301,0,3,160,96,160,1.0,0.0,4155591,0.0,600,0,0,0,4823.903688400984
5,z,21,0.0025,m1,val,6000000,0.465204,2791224,0.00046054431838551333,2.508632620068652e-06,6,0.0009160713715308895,0.00035192162506254127,0.0004398104137011644,2.5021489219084012e-05,3.127034754658477e-05,2.7575594975414036e-06,3.4462314818071435e-06,5.073477715633726e-05,6.340526339124408e-05,0.46498975,0.00034895475369545935,0.00043610259687370303,0,3,144,80,128,1.0,0.0,2791224,7.0,2557,0,0,0,4041.1931516742334
5,z,21,0.0025,normal,val,6000000,0.40014216666666663,2400853,0.00044962503209653343,4.999444879722333e-06,6,0.0008892511744336221,0.0002948217973699498,0.000368450494187037,2.120640022765931e-05,2.6502479509697107e-05,2.532300265006918e-06,3.1647160840722293e-06,4.153863941319446e-05,5.1912485291729017e-05,0.39996224999999996,0.0002919485354533016,0.00036485966480277206,0,3,160,96,160,1.0,0.0,2400853,12.0,2135,0,0,0,4240.9167615247425
5,z,21,0.005,m1,anqi,500000,0.218438,109219,9.09545681931875e-06,9.09545681931875e-06,5,0.0,0.0011808475424033324,0.001347171110141539,1.782709536586475e-05,2.0338059734410747e-05,1.782709536586475e-05,2.0338059734410747e-05,0.0,0.0,0.218436,0.0011784898309276939,0.0013444813126257946,0,3,144,80,128,1.0,0.0,109219,1.0,0,0,0,0,302.0339253889397
5,z,21,0.005,m1,val,6500000,0.21820118181818182,1417242,0.0018175685933634772,2.1612336750048913e-05,11,0.0035919125132268565,0.000526257084591089,0.000890508822885186,6.391968317138372e-05,0.00010816204377442554,1.582828915446524e-05,2.6783926631945367e-05,0.00014863653179643098,0.00025151612556555694,0.21780463636363637,0.000533408208010427,0.0009026096357481795,0,3,144,80,128,1.0,0.0,1417242,34.0,5011,0,0,0,4063.044204620179
5,z,21,0.005,normal,anqi,500000,0.16139399999999998,80697,4.9720093020397454e-05,4.9720093020397454e-05,5,0.0,0.001021733543346796,0.001165645743783247,4.570009673143662e-05,5.213700146418788e-05,4.570009673143662e-05,5.213700146418788e-05,0.0,0.0,0.16138599999999997,0.0010254116098426024,0.0011698418696558935,0,3,160,96,160,1.0,0.0,80697,4.0,0,0,0,0,277.32695677201264
5,z,21,0.005,normal,val,7500000,0.16144941666666665,1211120,0.001887728645426019,4.295239808329871e-05,12,0.0036895524946854406,0.0004161904046615241,0.0007355744147922557,9.253112103150219e-05,0.00016353939072231315,2.4143025951593026e-05,4.2670354690421486e-05,0.00018857454624272713,0.0003332864235782144,0.161144625,0.00041308839946978737,0.000730091934590796,0,3,160,96,160,1.0,0.0,1211120,38.0,4467,0,0,0,4346.10758726229
5,z,21,0.0075,m1,val,7000000,0.10278242857142858,719477,0.004216896576964503,0.00012089699787270062,7,0.008191999158183604,0.00014389330491722027,0.0001942377041521186,0.00013778797435130938,0.00018599628254536274,3.0441202064217452e-05,4.1091760342747677e-05,0.00026804328817444826,0.0003618244291375563,0.10234900000000001,0.00014136672875892357,0.00019082714691573185,0,3,144,80,128,1.0,0.0,719477,87.0,5894,0,0,0,3897.134518249659
5,z,21,0.0075,normal,val,7000000,0.06597628571428571,461834,0.004362960314763172,0.0001559328897725657,7,0.008414054849981213,8.357675593927702e-05,0.00011281801612289159,0.00015372998666787408,0.00020751597641656627,4.760656797962349e-05,6.426282635070123e-05,0.0002839124423358156,0.00038324577374363985,0.06568842857142856,8.116873536035787e-05,0.00010956749387608248,0,3,160,96,160,1.0,0.0,461834,72.0,3886,0,0,0,3589.380657675676
5,z,21,0.01,m1,val,6000000,0.048867,293202,0.007717943037321963,0.00029676535334157686,6,0.014842355367960773,0.0001403210345837979,0.00017536476270904925,0.0002705837005222027,0.00033815918315992385,8.895002473114237e-05,0.00011116437408124654,0.000448663313295065,0.0005607123387139679,0.048489833333333336,0.00013611388992718895,0.00017010692715661624,0,3,144,80,128,1.0,0.0,293202,87.0,4352,0,0,0,3544.0155377339397
5,z,21,0.01,normal,val,7000000,0.02706414285714286,189449,0.008531146274311162,0.0005118937159528016,7,0.01603850511671672,0.00010818319770956461,0.00014603359039553083,0.0002108183683246931,0.00028457804815895644,9.380720133072789e-05,0.00012662781934085374,0.0005161167894525702,0.0006966921797737679,0.026833285714285716,0.00011224190958223455,0.00015151233644570934,0,3,160,96,160,1.0,0.0,189449,97.0,3038,0,0,0,3970.721449456032
=======
5,z,21,0.001,m1,val,2000000,0.7363955,1472791,7.265297388263806e-05,0.0,2,0.00014530594776527612,0.00047530000000006734,0.00034294678887552416,1.0693346114263895e-05,7.715650562215121e-06,0.0,0.0,2.138669222852779e-05,1.5431301124430243e-05,0.736342,0.0004831400000000208,0.0003486036431249829,0,3,144,80,128,1.0,0.0,1472791,0.0,214,0,0,0,1274.464978893986
5,z,21,0.001,normal,val,2000000,0.692464,1384928,7.112242240634626e-05,0.0,2,0.00014224484481269251,0.0005252799999999267,0.0003790092347159367,2.068902952295555e-06,1.4927911297806688e-06,0.0,0.0,4.13780590459111e-06,2.9855822595613376e-06,0.69241475,0.0005238099999999391,0.0003779485745441657,0,3,160,96,160,1.0,0.0,1384928,0.0,197,0,0,0,1694.3482709901873
5,z,21,0.0025,m1,val,2000000,0.464981,929962,0.0004607683286212902,6.452436613230434e-06,2,0.0009086317840161195,0.00023715999999999237,0.000171119841047139,2.4002538132061703e-05,1.7318732121295428e-05,4.2185170143881e-06,3.0438183545149535e-06,5.6442110292899616e-05,4.072510095162077e-05,0.46476675,0.0002258900000000219,0.00016298811306351502,0,3,144,80,128,1.0,0.0,929962,6.0,845,0,0,0,1143.7683989920188
5,z,21,0.0025,normal,val,2000000,0.40030049999999995,800601,0.00046275518009262703,3.746454500317595e-06,2,0.0009180174511846189,0.0004596200000000244,0.0003316330803765084,7.41375753068652e-05,5.3493043102257885e-05,2.4438591872419942e-06,1.7633361260855703e-06,0.00014338743223924649,0.00010345941395234467,0.40011525,0.00042973000000000815,0.000310066323550307,0,3,160,96,160,1.0,0.0,800601,3.0,735,0,0,0,1457.9289335210342
5,z,21,0.005,m1,anqi,500000,0.218438,109219,9.09545681931875e-06,9.09545681931875e-06,5,0.0,0.0011808475424033356,0.001347171110141543,1.782709536586475e-05,2.0338059734410747e-05,1.782709536586475e-05,2.0338059734410747e-05,0.0,0.0,0.218436,0.001178489830927695,0.001344481312625796,0,3,144,80,128,1.0,0.0,109219,1.0,0,0,0,0,302.0339253889397
5,z,21,0.005,m1,val,2500000,0.21831085714285714,545205,0.0018382155303241117,1.9547553819457384e-05,7,0.003637335953009309,0.0008323064563808943,0.001123508111314936,9.685516885584832e-05,0.00013074218876721582,2.4741889692293774e-05,3.339841178142946e-05,0.0002297202845561305,0.00031009323675638425,0.21790964285714284,0.0008457039776028826,0.0011415930650588602,0,3,144,80,128,1.0,0.0,545205,12.0,1948,0,0,0,1590.7836586236954
5,z,21,0.005,normal,anqi,500000,0.16139399999999998,80697,4.9720093020397454e-05,4.9720093020397454e-05,5,0.0,0.001021733543346799,0.0011656457437832504,4.570009673143662e-05,5.213700146418788e-05,4.570009673143662e-05,5.213700146418788e-05,0.0,0.0,0.16138599999999997,0.001025411609842608,0.0011698418696559,0,3,160,96,160,1.0,0.0,80697,4.0,0,0,0,0,277.32695677201264
5,z,21,0.005,normal,val,2500000,0.16142514285714288,403703,0.0018652769895620273,5.416471476872485e-05,7,0.003622224549586605,0.0007168261219198627,0.0009676243121810322,0.00015244822811743641,0.0002057857650057047,3.9640228928817025e-05,5.350927941801947e-05,0.00030873272097389147,0.00041675000065572034,0.16112400000000002,0.0007100574943857194,0.0009584875238276813,0,3,160,96,160,1.0,0.0,403703,16.0,1412,0,0,0,1451.684705184307
5,z,21,0.0075,m1,val,2000000,0.102602,205204,0.004305364793749779,0.000107206225817569,2,0.00839631713586442,8.624000000000465e-05,6.222539674441954e-05,0.0004882819568837548,0.0003523137580036127,1.9012831475853227e-05,1.371847149605393e-05,0.000938538250815804,0.0006771905730151183,0.10216025000000001,3.577000000000177e-05,2.5809397513310263e-05,0,3,144,80,128,1.0,0.0,205204,22.0,1723,0,0,0,1106.7512835708912
5,z,21,0.0075,normal,val,2000000,0.065956,131912,0.004275222088760274,0.00012135883016858942,2,0.008307726517183369,0.0002783200000000063,0.00020081832585698407,0.00032370247116647886,0.0002335634820904695,5.994566968300871e-05,4.3253050546555406e-05,0.0007672962816989737,0.0005536330652740487,0.06567400000000001,0.0002557799999999906,0.00018455486988968212,0,3,160,96,160,1.0,0.0,131912,16.0,1096,0,0,0,1009.0816622951534
5,z,21,0.01,m1,val,2000000,0.0487195,97439,0.007599657420814542,0.00034894574513862975,2,0.014501423351351826,1.47000000000011e-05,1.0606601717799007e-05,0.00039453842843391166,0.00028467428386153297,0.00012079618022462332,8.715897773292194e-05,0.0005474844964185779,0.000395030612257223,0.048349249999999996,3.380999999999641e-05,2.4395183950933302e-05,0,3,144,80,128,1.0,0.0,97439,34.0,1413,0,0,0,994.8121677900199
5,z,21,0.01,normal,val,2000000,0.0270935,54187,0.00850757739306762,0.0006090106786913556,2,0.01579713342875253,4.8999999999981e-06,3.535533905931367e-06,3.7709676831196294e-05,2.7208947146624637e-05,0.00018096532940836693,0.00013057327712685064,0.00028651130515434047,0.00020672865996045143,0.026862999999999998,5.88000000000078e-06,4.242640687119848e-06,0,3,160,96,160,1.0,0.0,54187,33.0,856,0,0,0,941.6931453119032
>>>>>>> Stashed changes
5,z,22,0.0,m1,anqi,1000,1.0,1000,0.0,0.0,1,0.0,0.0,,0.0,,0.0,,0.0,,1.0,0.0,,1,2,112,48,96,1.0,0.0,1000,0.0,0,0,0,0,1.0122346221469345
5,z,22,0.0,m1,val,1000,1.0,1000,0.0,0.0,1,0.0,0.0,,0.0,,0.0,,0.0,,1.0,0.0,,1,2,112,48,96,1.0,0.0,1000,0.0,0,0,0,0,1.1551852179691195
5,z,22,0.0,normal,anqi,1000,1.0,1000,0.0,0.0,1,0.0,0.0,,0.0,,0.0,,0.0,,1.0,0.0,,1,2,128,64,128,1.0,0.0,1000,0.0,0,0,0,0,0.93924000300467
5,z,22,0.0,normal,val,1000,1.0,1000,0.0,0.0,1,0.0,0.0,,0.0,,0.0,,0.0,,1.0,0.0,,1,2,128,64,128,1.0,0.0,1000,0.0,0,0,0,0,1.8698473959229889
5,z,22,0.005,m1,anqi,2500000,0.3259684285714286,813807,0.0,0.0,7,0.0,0.0014766453615317919,0.00199328387818887,0.0,0.0,0.0,0.0,0.0,0.0,0.3259684285714286,0.0014766453615317919,0.00199328387818887,1,2,112,48,96,1.0,0.0,813807,0.0,0,0,0,0,846.0320596263045
5,z,22,0.005,m1,val,2500000,0.3259684285714286,813807,1.097439375142242e-06,0.0,7,2.194878750284484e-06,0.0014766453615317919,0.00199328387818887,1.42633246568145e-06,1.925367852597289e-06,0.0,0.0,2.8526649313629e-06,3.850735705194578e-06,0.3259680714285714,0.0014767282843276698,0.0019933958134418857,1,2,112,48,96,1.0,0.0,813807,0.0,5,0,0,0,861.363287215936
5,z,22,0.005,normal,anqi,2500000,0.24467657142857144,613467,0.0,0.0,7,0.0,0.0015726175094196656,0.0021228341006888835,0.0,0.0,0.0,0.0,0.0,0.0,0.24467657142857144,0.0015726175094196656,0.0021228341006888835,1,2,128,64,128,1.0,0.0,613467,0.0,0,0,0,0,1692.3576376548735
5,z,22,0.005,normal,val,2500000,0.24467657142857144,613467,7.5548974861535805e-06,0.0,7,1.5109794972307161e-05,0.0015726175094196656,0.0021228341006888835,1.13272779896073e-05,1.529038805703908e-05,0.0,0.0,2.26545559792146e-05,3.058077611407816e-05,0.24467471428571427,0.0015717551285108,0.0021216699958826243,1,2,128,64,128,1.0,0.0,613467,0.0,8,0,0,0,1720.5407888160553
5,z,23,0.0,m1,anqi,1000,1.0,1000,0.0,0.0,1,0.0,0.0,,0.0,,0.0,,0.0,,1.0,0.0,,0,3,144,48,128,1.0,0.0,1000,0.0,0,0,0,0,0.7258088667877018
5,z,23,0.0,m1,val,1000,1.0,1000,0.0,0.0,1,0.0,0.0,,0.0,,0.0,,0.0,,1.0,0.0,,0,3,144,48,128,1.0,0.0,1000,0.0,0,0,0,0,0.9648772957734764
5,z,23,0.0,normal,anqi,1000,1.0,1000,0.0,0.0,1,0.0,0.0,,0.0,,0.0,,0.0,,1.0,0.0,,0,3,160,64,160,1.0,0.0,1000,0.0,0,0,0,0,0.7475046198815107
5,z,23,0.0,normal,val,1000,1.0,1000,0.0,0.0,1,0.0,0.0,,0.0,,0.0,,0.0,,1.0,0.0,,0,3,160,64,160,1.0,0.0,1000,0.0,0,0,0,0,1.824950685026124
5,z,23,0.005,m1,anqi,500000,0.245106,122553,0.0,0.0,5,0.0,0.0005490309514043809,0.0006263625148426426,0.0,0.0,0.0,0.0,0.0,0.0,0.245106,0.0005490309514043809,0.0006263625148426426,0,3,144,48,128,1.0,0.0,122553,0.0,0,0,0,0,299.5933469058946
5,z,23,0.005,m1,val,500000,0.245106,122553,4.0849673202614375e-06,0.0,5,8.169934640522875e-06,0.0005490309514043809,0.0006263625148426426,8.006535947712418e-06,9.13426461396973e-06,0.0,0.0,1.6013071895424836e-05,1.826852922793946e-05,0.245105,0.0005495694605780046,0.0006269768735766883,0,3,144,48,128,1.0,0.0,122553,0.0,1,0,0,0,316.404515509028
5,z,23,0.005,normal,anqi,500000,0.18961999999999998,94810,0.0,0.0,5,0.0,0.0015839298317791711,0.00180702794665716,0.0,0.0,0.0,0.0,0.0,0.0,0.18961999999999998,0.0015839298317791711,0.00180702794665716,0,3,160,64,160,1.0,0.0,94810,0.0,0,0,0,0,318.26332366501447
5,z,23,0.005,normal,val,500000,0.18961999999999998,94810,0.0,0.0,5,0.0,0.0015839298317791711,0.00180702794665716,0.0,0.0,0.0,0.0,0.0,0.0,0.18961999999999998,0.0015839298317791711,0.00180702794665716,0,3,160,64,160,1.0,0.0,94810,0.0,0,0,0,0,321.88022813084535
5,z,24,0.0,m1,anqi,1000,1.0,1000,0.0,0.0,1,0.0,0.0,,0.0,,0.0,,0.0,,1.0,0.0,,3,0,48,16,32,1.0,0.0,1000,0.0,0,0,0,0,0.8830103930085897
5,z,24,0.0,m1,val,1000,1.0,1000,0.0,0.0,1,0.0,0.0,,0.0,,0.0,,0.0,,1.0,0.0,,3,0,48,16,32,1.0,0.0,1000,0.0,0,0,0,0,0.6176226048264652
5,z,24,0.0,normal,anqi,1000,1.0,1000,0.0,0.0,1,0.0,0.0,,0.0,,0.0,,0.0,,1.0,0.0,,3,0,64,32,64,1.0,0.0,1000,0.0,0,0,0,0,0.7259291138034314
5,z,24,0.0,normal,val,1000,1.0,1000,0.0,0.0,1,0.0,0.0,,0.0,,0.0,,0.0,,1.0,0.0,,3,0,64,32,64,1.0,0.0,1000,0.0,0,0,0,0,1.8611183618195355
5,z,24,0.005,m1,anqi,500000,0.697318,348659,0.0,0.0,5,0.0,0.0014346396698822806,0.0016367101148339986,0.0,0.0,0.0,0.0,0.0,0.0,0.697318,0.0014346396698822806,0.0016367101148339986,3,0,48,16,32,1.0,0.0,348659,0.0,0,0,0,0,330.76353045983706
5,z,24,0.005,m1,val,500000,0.697318,348659,0.0,0.0,5,0.0,0.0014346396698822806,0.0016367101148339986,0.0,0.0,0.0,0.0,0.0,0.0,0.697318,0.0014346396698822806,0.0016367101148339986,3,0,48,16,32,1.0,0.0,348659,0.0,0,0,0,0,320.2194140970241
5,z,24,0.005,normal,anqi,500000,0.61998,309990,0.0,0.0,5,0.0,0.0014076703079911814,0.0016059420911103811,0.0,0.0,0.0,0.0,0.0,0.0,0.61998,0.0014076703079911814,0.0016059420911103811,3,0,64,32,64,1.0,0.0,309990,0.0,0,0,0,0,460.3238040690776
5,z,24,0.005,normal,val,500000,0.61998,309990,0.0,0.0,5,0.0,0.0014076703079911814,0.0016059420911103811,0.0,0.0,0.0,0.0,0.0,0.0,0.61998,0.0014076703079911814,0.0016059420911103811,3,0,64,32,64,1.0,0.0,309990,0.0,0,0,0,0,472.87283402401954
5,z,25,0.0,m1,anqi,1000,1.0,1000,0.0,0.0,1,0.0,0.0,,0.0,,0.0,,0.0,,1.0,0.0,,0,3,144,80,128,1.0,0.0,1000,0.0,0,0,0,0,0.8772122811060399
5,z,25,0.0,m1,val,1000,1.0,1000,0.0,0.0,1,0.0,0.0,,0.0,,0.0,,0.0,,1.0,0.0,,0,3,144,80,128,1.0,0.0,1000,0.0,0,0,0,0,0.761028935899958
5,z,25,0.0,normal,anqi,1000,1.0,1000,0.0,0.0,1,0.0,0.0,,0.0,,0.0,,0.0,,1.0,0.0,,0,3,160,96,160,1.0,0.0,1000,0.0,0,0,0,0,0.8271566678304225
5,z,25,0.0,normal,val,1000,1.0,1000,0.0,0.0,1,0.0,0.0,,0.0,,0.0,,0.0,,1.0,0.0,,0,3,160,96,160,1.0,0.0,1000,0.0,0,0,0,0,0.7710714628919959
5,z,25,0.0001,m1,val,2000000,0.9701375000000001,1940275,5.154543523934608e-07,0.0,2,1.0309087047869215e-06,0.00023421999999993502,0.000168998520703538,1.0102905306911832e-06,7.289625359390729e-07,0.0,0.0,2.0205810613823663e-06,1.4579250718781458e-06,0.970137,0.0002352000000000176,0.0001697056274847841,0,3,144,80,128,1.0,0.0,1940275,0.0,2,0,0,0,875.2209074029233
5,z,25,0.0001,normal,val,2000000,0.9641215000000001,1928243,0.0,0.0,2,0.0,0.00023421999999993502,0.000168998520703538,0.0,0.0,0.0,0.0,0.0,0.0,0.9641215000000001,0.00023421999999993502,0.000168998520703538,0,3,160,96,160,1.0,0.0,1928243,0.0,0,0,0,0,1832.4734391877428
5,z,25,0.00025,m1,val,2000000,0.9272415,1854483,2.1569321846403716e-06,0.0,2,4.313864369280743e-06,1.0780000000146782e-05,7.778174593157934e-06,1.056873261465378e-06,7.625737245274611e-07,0.0,0.0,2.113746522930756e-06,1.5251474490549221e-06,0.9272395,9.800000000064201e-06,7.0710678119118e-06,0,3,144,80,128,1.0,0.0,1854483,0.0,8,0,0,0,1039.699921371881
5,z,25,0.00025,normal,val,2000000,0.9131125,1826225,3.2855189954727538e-06,0.0,2,6.5710379909455075e-06,5.7820000000030614e-05,4.17193000900284e-05,3.219964646972106e-06,2.323325343933596e-06,0.0,0.0,6.439929293944212e-06,4.646650687867192e-06,0.9131095,6.0760000000006364e-05,4.384062043357054e-05,0,3,160,96,160,1.0,0.0,1826225,0.0,12,0,0,0,1786.1258278361056
5,z,25,0.0005,m1,val,2000000,0.859281,1718562,1.105467504446012e-05,0.0,2,2.210935008892024e-05,0.0005213599999999772,0.00037618080759122696,6.836222998784821e-06,4.93259146953488e-06,0.0,0.0,1.3672445997569643e-05,9.86518293906976e-06,0.8592715,0.0005154800000000258,0.0003719381669041427,0,3,144,80,128,1.0,0.0,1718562,0.0,38,0,0,0,1062.4067304451019
5,z,25,0.0005,normal,val,2000000,0.8341225,1668245,9.291310046384957e-06,0.0,2,1.8582620092769913e-05,0.0005870200000000159,0.00042355696193075343,5.939825203413519e-07,4.285806816731086e-07,0.0,0.0,1.1879650406827038e-06,8.571613633462171e-07,0.8341147499999999,0.00058751000000003,0.0004239105153213569,0,3,160,96,160,1.0,0.0,1668245,0.0,31,0,0,0,1782.2340559680015
5,z,25,0.00075,m1,val,2000000,0.7969355,1593871,1.91361424885768e-05,0.0,2,3.82722849771536e-05,0.0003381000000000389,0.00024395183950938698,3.082394911226046e-06,2.2240636163498404e-06,0.0,0.0,6.164789822452092e-06,4.448127232699681e-06,0.79692025,0.0003405499999999462,0.00024571960646228646,0,3,144,80,128,1.0,0.0,1593871,0.0,61,0,0,0,1049.7883608890697
5,z,25,0.00075,normal,val,2000000,0.761285,1522570,2.3972759114663016e-05,0.0,2,4.794551822932603e-05,0.00012152000000001273,8.768124086714108e-05,3.222069487363624e-06,2.324844065274573e-06,0.0,0.0,6.444138974727248e-06,4.649688130549146e-06,0.76126675,0.00012396999999991995,8.944900782004052e-05,0,3,160,96,160,1.0,0.0,1522570,0.0,73,0,0,0,1751.048180785263
<<<<<<< Updated upstream
5,z,25,0.001,m1,val,6000000,0.7393865000000001,4436319,3.9108633216811585e-05,0.0,6,7.821726643362317e-05,0.00044135780891849005,0.0005515823601240302,4.2218700191361935e-06,5.276238422060165e-06,0.0,0.0,8.443740038272387e-06,1.055247684412033e-05,0.7393575833333333,0.0004410020628346943,0.0005511377701325541,0,3,144,80,128,1.0,0.0,4436319,0.0,347,0,0,0,2687.3287123718765
5,z,25,0.001,normal,val,6000000,0.6955551666666667,4173331,3.750038989937723e-05,0.0,6,7.500077979875447e-05,0.0003865294980262844,0.00048306124525434403,2.7116843013845427e-06,3.3888994295446966e-06,0.0,0.0,5.4233686027690854e-06,6.777798859089393e-06,0.6955290833333333,0.00038687386545373345,0.00048349161488765274,0,3,160,96,160,1.0,0.0,4173331,0.0,313,0,0,0,4829.019617125858
5,z,25,0.0025,m1,val,6000000,0.4698185,2818911,0.00026837097762378307,1.7732533873335987e-06,6,0.0005331954484728989,0.0005109054343548472,0.0006384987862165216,1.2619251313255194e-05,1.5770778904807013e-05,1.2816253877332764e-06,1.601698082317946e-06,2.401180342599898e-05,3.000850316209718e-05,0.46969241666666667,0.000512432333390902,0.000640407012505849,0,3,144,80,128,1.0,0.0,2818911,5.0,1503,0,0,0,4078.6374892520253
5,z,25,0.0025,normal,val,6000000,0.404493,2426958,0.0002655567129498405,4.532528126462931e-06,6,0.0005220483696467552,0.00039690395224370857,0.0004960266121893206,5.969813150515662e-06,7.460712284959308e-06,2.3124679235391493e-06,2.8899828873593166e-06,1.2191956572805427e-05,1.5236771719155531e-05,0.40438558333333335,0.0003961490383989759,0.0004950831664141381,0,3,160,96,160,1.0,0.0,2426958,11.0,1267,0,0,0,4239.882558484329
5,z,25,0.005,m1,anqi,500000,0.222316,111158,1.7908710429766998e-05,1.7908710429766998e-05,5,0.0,0.0010032558246030857,0.0011445654197117887,2.1494929307840134e-05,2.452251178769543e-05,2.1494929307840134e-05,2.452251178769543e-05,0.0,0.0,0.222312,0.0009992809686969915,0.0011400307013409757,0,3,144,80,128,1.0,0.0,111158,2.0,0,0,0,0,272.4396021181019
5,z,25,0.005,m1,val,6500000,0.22211645454545453,1442859,0.0010462815403662758,1.6334041097868828e-05,11,0.002059894998536814,0.0004749191344782402,0.000803637027971766,3.2180996513634035e-05,5.445525041605069e-05,9.337060370601681e-06,1.5799758109276794e-05,6.999031391950606e-05,0.00011843449501540326,0.22188404545454546,0.0004721828099475084,0.0007990067413528463,0,3,144,80,128,1.0,0.0,1442859,22.0,2936,0,0,0,4056.0936858741334
5,z,25,0.005,normal,anqi,500000,0.164814,82407,8.50550196296244e-05,8.50550196296244e-05,5,0.0,0.0008097101367773576,0.0009237586264820532,6.081354848808738e-05,6.937919814915457e-05,6.081354848808738e-05,6.937919814915457e-05,0.0,0.0,0.1648,0.0008132701101110287,0.0009278200256515304,0,3,160,96,160,1.0,0.0,82407,7.0,0,0,0,0,300.5156651850557
5,z,25,0.005,normal,val,7500000,0.16506358333333335,1239100,0.0012109718758973517,8.343205757712628e-05,12,0.002255079636640451,0.00036880316495908704,0.0006518222650013719,9.303154103217479e-05,0.00016442383242260762,3.4383574829297754e-05,6.07694883165205e-05,0.00016691236595922805,0.0002950007125029724,0.16486370833333333,0.00037060042039468175,0.0006549987320714019,0,3,160,96,160,1.0,0.0,1239100,84.0,2649,0,0,0,4380.437214353937
5,z,25,0.0075,m1,val,7000000,0.1054867142857143,738407,0.002555561268039418,0.00010842121877334682,7,0.004894280098532142,0.00020428988814917093,0.0002757654282693406,0.0001025430490319558,0.00013842010531472332,3.790036031646789e-05,5.116067754954863e-05,0.0001704662831454086,0.00023010785312462884,0.10521714285714286,0.0002061417955356616,0.00027826526826718644,0,3,144,80,128,1.0,0.0,738407,80.0,3614,0,0,0,3891.409954095958
5,z,25,0.0075,normal,val,7000000,0.068137,476959,0.0028189441507226985,0.0002977348856141999,7,0.005042418530216997,0.00010481964955738741,0.0001414932271641779,0.00013488493529755497,0.0001820775481665146,6.789747874502166e-05,9.1652981330419e-05,0.00017108370496947786,0.0002309412942473386,0.06794492857142857,0.00010614837791192742,0.0001432868418509498,0,3,160,96,160,1.0,0.0,476959,142.0,2405,0,0,0,3642.748312971089
5,z,25,0.01,m1,val,9000000,0.050471999999999996,454248,0.00478065271629688,0.0003104144729987693,9,0.008940476486596221,0.00011781893509392466,0.00018033510473559896,0.00014933464890013652,0.00022857344219408653,6.007649678909762e-05,9.195382161596574e-05,0.0003021645219581464,0.00046249671728287715,0.05023072222222222,0.00011980420516538091,0.00018337378341639937,0,3,144,80,128,1.0,0.0,454248,141.0,4061,0,0,0,5603.256561007991
5,z,25,0.01,normal,val,10000000,0.0283889,283889,0.005676233528772218,0.0009229141137042346,10,0.009506638830135966,7.914369546309728e-05,0.0001276909898500623,0.00029283209552048007,0.00047245734379831997,0.00013867784984141683,0.00022374380944576404,0.00046170917698202635,0.0007449248040127503,0.028227750000000003,7.789643907137161e-05,0.00012567865769493153,0,3,160,96,160,1.0,0.0,283889,262.0,2699,0,0,0,6062.385669778974
=======
5,z,25,0.001,m1,val,2000000,0.7393704999999999,1478741,3.381305841565049e-05,0.0,2,6.762611683130097e-05,0.00036358000000006436,0.0002623366158202556,3.992982884465583e-06,2.881087015068811e-06,0.0,0.0,7.985965768931167e-06,5.762174030137622e-06,0.7393455,0.0003665200000000401,0.00026445793616379775,0,3,144,80,128,1.0,0.0,1478741,0.0,100,0,0,0,1175.773600521963
5,z,25,0.001,normal,val,2000000,0.695325,1390650,3.631544358239688e-05,0.0,2,7.263088716479376e-05,0.0005115599999999676,0.0003691097397793544,7.778488517339392e-06,5.612471406114671e-06,0.0,0.0,1.5556977034678783e-05,1.1224942812229342e-05,0.69529975,0.0005169500000000137,0.00037299882707591376,0,3,160,96,160,1.0,0.0,1390650,0.0,101,0,0,0,1687.0739876709413
5,z,25,0.0025,m1,val,2000000,0.46958900000000003,939178,0.00025873635194767,0.0,2,0.00051747270389534,4.704000000001984e-05,3.39411254969686e-05,2.084339505824112e-05,1.5039291825135173e-05,0.0,0.0,4.168679011648224e-05,3.0078583650270345e-05,0.4694675,3.7239999999982845e-05,2.6870057685076427e-05,0,3,144,80,128,1.0,0.0,939178,0.0,486,0,0,0,1168.0356319630519
5,z,25,0.0025,normal,val,2000000,0.404051,808102,0.00026420502050381544,6.18633726395863e-06,2,0.0005160373664797137,0.0006428799999999901,0.00046386204845836807,1.3760273142700993e-05,9.928553520594896e-06,2.415593396625045e-06,1.7429412972887907e-06,3.2351733078652194e-05,2.334298963576746e-05,0.40394425,0.000648269999999982,0.00046775113575488815,0,3,160,96,160,1.0,0.0,808102,5.0,417,0,0,0,1442.2318443600088
5,z,25,0.005,m1,anqi,500000,0.222316,111158,1.7908710429766998e-05,1.7908710429766998e-05,5,0.0,0.0010032558246030883,0.0011445654197117915,2.1494929307840134e-05,2.452251178769543e-05,2.1494929307840134e-05,2.452251178769543e-05,0.0,0.0,0.222312,0.0009992809686969948,0.0011400307013409796,0,3,144,80,128,1.0,0.0,111158,2.0,0,0,0,0,272.4396021181019
5,z,25,0.005,m1,val,2500000,0.22222757142857144,555171,0.001061280597390485,1.6652826854635453e-05,7,0.0020892555410716987,0.000701321155914563,0.0009466945753766783,4.524494016843892e-05,6.107492845392155e-05,1.4917770367228613e-05,2.013709719757939e-05,9.955405415042884e-05,0.00013438534147463895,0.22199171428571426,0.0006983579834631233,0.0009426946685408071,0,3,144,80,128,1.0,0.0,555171,8.0,1153,0,0,0,1555.3881473309593
5,z,25,0.005,normal,anqi,500000,0.164814,82407,8.50550196296244e-05,8.50550196296244e-05,5,0.0,0.0008097101367773538,0.0009237586264820489,6.081354848808738e-05,6.937919814915457e-05,6.081354848808738e-05,6.937919814915457e-05,0.0,0.0,0.1648,0.0008132701101110296,0.0009278200256515313,0,3,160,96,160,1.0,0.0,82407,7.0,0,0,0,0,300.5156651850557
5,z,25,0.005,normal,val,2500000,0.16497385714285714,413154,0.0012699024568275142,9.89301774576279e-05,7,0.0023419445587397726,0.0005956613547981817,0.000804067250208061,0.00014361330324512122,0.00019385973742198781,5.7250865825212025e-05,7.728140475338658e-05,0.00026262707083659595,0.00035451322295253923,0.16476435714285714,0.000595517802140842,0.0008038734723349164,0,3,160,96,160,1.0,0.0,413154,33.0,887,0,0,0,1460.2734779949533
5,z,25,0.0075,m1,val,2000000,0.105374,210748,0.002640564069347918,0.00011861363288766873,2,0.0050439008729204985,9.996000000001156e-05,7.21248916810362e-05,0.00012304789811175436,8.878367669956418e-05,4.638851501562576e-05,3.3471054629309145e-05,0.0001533187661922572,0.00011062524414051006,0.10509575,8.672999999999152e-05,6.257895013500335e-05,0,3,144,80,128,1.0,0.0,210748,25.0,1063,0,0,0,1111.3298609009944
5,z,25,0.0075,normal,val,2000000,0.0680795,136159,0.002688196685867959,0.00028648109020330424,2,0.004803431191329309,0.0001322999999999963,9.545941546018125e-05,0.0003219125936815092,0.00023227201830769895,0.0001013212706943191,7.310709957794985e-05,0.00044118264597438144,0.000318329837459499,0.0678965,0.00015385999999999064,0.00011101576464628122,0,3,160,96,160,1.0,0.0,136159,39.0,654,0,0,0,1048.0579561879858
5,z,25,0.01,m1,val,2000000,0.0504095,100819,0.00502361425125151,0.0003075067404727916,2,0.009432215021557437,0.00023226000000000106,0.00016758430714121253,0.00020042284398782636,0.000144612604171924,2.085760651349866e-05,1.5049545923485311e-05,0.0004425609010026496,0.0003193243001908183,0.05015625,0.0002209900000000034,0.00015945257915756894,0,3,144,80,128,1.0,0.0,100819,31.0,951,0,0,0,1027.934228979051
5,z,25,0.01,normal,val,2000000,0.0283785,56757,0.00593017493545274,0.0009167009506578599,2,0.01002694796958976,0.00037337999999999933,0.00026940768363207417,0.00040608942394416004,0.00029300876065209625,0.0001501939073931544,0.00010837054123531001,0.0005117910331020118,0.0003692764388335728,0.02821025,0.00038269000000000015,0.00027612519805334695,0,3,160,96,160,1.0,0.0,56757,52.0,569,0,0,0,946.1702825098764
>>>>>>> Stashed changes
5,z,26,0.0,m1,anqi,1000,1.0,1000,0.0,0.0,1,0.0,0.0,,0.0,,0.0,,0.0,,1.0,0.0,,1,2,112,48,96,1.0,0.0,1000,0.0,0,0,0,0,0.7446281129959971
5,z,26,0.0,m1,val,1000,1.0,1000,0.0,0.0,1,0.0,0.0,,0.0,,0.0,,0.0,,1.0,0.0,,1,2,112,48,96,1.0,0.0,1000,0.0,0,0,0,0,0.7654211090411991
5,z,26,0.0,normal,anqi,1000,1.0,1000,0.0,0.0,1,0.0,0.0,,0.0,,0.0,,0.0,,1.0,0.0,,1,2,128,64,128,1.0,0.0,1000,0.0,0,0,0,0,0.7959477968979627
5,z,26,0.0,normal,val,1000,1.0,1000,0.0,0.0,1,0.0,0.0,,0.0,,0.0,,0.0,,1.0,0.0,,1,2,128,64,128,1.0,0.0,1000,0.0,0,0,0,0,0.7207061441149563
5,z,26,0.005,m1,anqi,500000,0.328156,164078,0.0,0.0,5,0.0,0.0015009249500224783,0.001712331743559049,0.0,0.0,0.0,0.0,0.0,0.0,0.328156,0.0015009249500224783,0.001712331743559049,1,2,112,48,96,1.0,0.0,164078,0.0,0,0,0,0,278.81082211085595
5,z,26,0.005,m1,val,500000,0.328156,164078,0.0,0.0,5,0.0,0.0015009249500224783,0.001712331743559049,0.0,0.0,0.0,0.0,0.0,0.0,0.328156,0.0015009249500224783,0.001712331743559049,1,2,112,48,96,1.0,0.0,164078,0.0,0,0,0,0,292.6635560281575
5,z,26,0.005,normal,anqi,500000,0.24517000000000003,122585,0.0,0.0,5,0.0,0.0016137240755469975,0.0018410187397199453,0.0,0.0,0.0,0.0,0.0,0.0,0.24517000000000003,0.0016137240755469975,0.0018410187397199453,1,2,128,64,128,1.0,0.0,122585,0.0,0,0,0,0,366.80836377386004
5,z,26,0.005,normal,val,500000,0.24517000000000003,122585,4.11522633744856e-06,0.0,5,8.23045267489712e-06,0.0016137240755469975,0.0018410187397199453,8.065843621399175e-06,9.201925833332468e-06,0.0,0.0,1.613168724279835e-05,1.8403851666664936e-05,0.24516900000000003,0.0016150162134170598,0.0018424928765126806,1,2,128,64,128,1.0,0.0,122585,0.0,1,0,0,0,374.04036411002744
5,z,27,0.0,m1,anqi,1000,1.0,1000,0.0,0.0,1,0.0,0.0,,0.0,,0.0,,0.0,,1.0,0.0,,0,3,144,48,128,1.0,0.0,1000,0.0,0,0,0,0,0.6018692760262638
5,z,27,0.0,m1,val,1000,1.0,1000,0.0,0.0,1,0.0,0.0,,0.0,,0.0,,0.0,,1.0,0.0,,0,3,144,48,128,1.0,0.0,1000,0.0,0,0,0,0,0.6705477240029722
5,z,27,0.0,normal,anqi,1000,1.0,1000,0.0,0.0,1,0.0,0.0,,0.0,,0.0,,0.0,,1.0,0.0,,0,3,160,64,160,1.0,0.0,1000,0.0,0,0,0,0,0.6789227691479027
5,z,27,0.0,normal,val,1000,1.0,1000,0.0,0.0,1,0.0,0.0,,0.0,,0.0,,0.0,,1.0,0.0,,0,3,160,64,160,1.0,0.0,1000,0.0,0,0,0,0,0.703218927141279
5,z,27,0.005,m1,anqi,500000,0.243558,121779,0.0,0.0,5,0.0,0.0022271448175635034,0.0025408404121471232,0.0,0.0,0.0,0.0,0.0,0.0,0.243558,0.0022271448175635034,0.0025408404121471232,0,3,144,48,128,1.0,0.0,121779,0.0,0,0,0,0,240.5737511680927
5,z,27,0.005,m1,val,500000,0.243558,121779,0.0,0.0,5,0.0,0.0022271448175635034,0.0025408404121471232,0.0,0.0,0.0,0.0,0.0,0.0,0.243558,0.0022271448175635034,0.0025408404121471232,0,3,144,48,128,1.0,0.0,121779,0.0,0,0,0,0,229.9099757539807
5,z,27,0.005,normal,anqi,500000,0.182488,91244,0.0,0.0,5,0.0,0.0014474490520913106,0.0016513237114509209,0.0,0.0,0.0,0.0,0.0,0.0,0.182488,0.0014474490520913106,0.0016513237114509209,0,3,160,64,160,1.0,0.0,91244,0.0,0,0,0,0,310.1509968871251
5,z,27,0.005,normal,val,500000,0.182488,91244,5.549697541483989e-06,0.0,5,1.1099395082967979e-05,0.0014474490520913106,0.0016513237114509209,1.0877407181308621e-05,1.2409500957321662e-05,0.0,0.0,2.1754814362617243e-05,2.4819001914643324e-05,0.182487,0.0014489743263425999,0.0016530638221193968,0,3,160,64,160,1.0,0.0,91244,0.0,1,0,0,0,305.0481490190141
5,z,28,0.0,m1,anqi,1000,1.0,1000,0.0,0.0,1,0.0,0.0,,0.0,,0.0,,0.0,,1.0,0.0,,2,1,80,16,64,1.0,0.0,1000,0.0,0,0,0,0,0.7162812929600477
5,z,28,0.0,m1,val,1000,1.0,1000,0.0,0.0,1,0.0,0.0,,0.0,,0.0,,0.0,,1.0,0.0,,2,1,80,16,64,1.0,0.0,1000,0.0,0,0,0,0,0.6577178570441902
5,z,28,0.0,normal,anqi,1000,1.0,1000,0.0,0.0,1,0.0,0.0,,0.0,,0.0,,0.0,,1.0,0.0,,2,1,96,32,96,1.0,0.0,1000,0.0,0,0,0,0,0.782497009029612
5,z,28,0.0,normal,val,1000,1.0,1000,0.0,0.0,1,0.0,0.0,,0.0,,0.0,,0.0,,1.0,0.0,,2,1,96,32,96,1.0,0.0,1000,0.0,0,0,0,0,1.8691903348080812
5,z,28,0.005,m1,anqi,500000,0.5205740000000001,260287,0.0,0.0,5,0.0,0.000840531551817033,0.0009589212689266697,0.0,0.0,0.0,0.0,0.0,0.0,0.5205740000000001,0.000840531551817033,0.0009589212689266697,2,1,80,16,64,1.0,0.0,260287,0.0,0,0,0,0,239.756682517007
5,z,28,0.005,m1,val,500000,0.5205740000000001,260287,0.0,0.0,5,0.0,0.000840531551817033,0.0009589212689266697,0.0,0.0,0.0,0.0,0.0,0.0,0.5205740000000001,0.000840531551817033,0.0009589212689266697,2,1,80,16,64,1.0,0.0,260287,0.0,0,0,0,0,253.48292747489177
5,z,28,0.005,normal,anqi,500000,0.46040600000000004,230203,0.0,0.0,5,0.0,0.0017064791524070812,0.001946838462739009,0.0,0.0,0.0,0.0,0.0,0.0,0.46040600000000004,0.0017064791524070812,0.001946838462739009,2,1,96,32,96,1.0,0.0,230203,0.0,0,0,0,0,413.417773062014
5,z,28,0.005,normal,val,500000,0.46040600000000004,230203,0.0,0.0,5,0.0,0.0017064791524070812,0.001946838462739009,0.0,0.0,0.0,0.0,0.0,0.0,0.46040600000000004,0.0017064791524070812,0.001946838462739009,2,1,96,32,96,1.0,0.0,230203,0.0,0,0,0,0,428.6602710108273
5,z,29,0.0,m1,anqi,1000,1.0,1000,0.0,0.0,1,0.0,0.0,,0.0,,0.0,,0.0,,1.0,0.0,,0,3,144,48,128,1.0,0.0,1000,0.0,0,0,0,0,0.5881323660723865
5,z,29,0.0,m1,val,1000,1.0,1000,0.0,0.0,1,0.0,0.0,,0.0,,0.0,,0.0,,1.0,0.0,,0,3,144,48,128,1.0,0.0,1000,0.0,0,0,0,0,0.6932356131728739
5,z,29,0.0,normal,anqi,1000,1.0,1000,0.0,0.0,1,0.0,0.0,,0.0,,0.0,,0.0,,1.0,0.0,,0,3,160,64,160,1.0,0.0,1000,0.0,0,0,0,0,0.8026455650106072
5,z,29,0.0,normal,val,1000,1.0,1000,0.0,0.0,1,0.0,0.0,,0.0,,0.0,,0.0,,1.0,0.0,,0,3,160,64,160,1.0,0.0,1000,0.0,0,0,0,0,0.7838074278552085
5,z,29,0.005,m1,anqi,500000,0.246096,123048,0.0,0.0,5,0.0,0.0008456349529199852,0.0009647434892239394,0.0,0.0,0.0,0.0,0.0,0.0,0.246096,0.0008456349529199852,0.0009647434892239394,0,3,144,48,128,1.0,0.0,123048,0.0,0,0,0,0,214.34403310599737
5,z,29,0.005,m1,val,500000,0.246096,123048,0.0,0.0,5,0.0,0.0008456349529199852,0.0009647434892239394,0.0,0.0,0.0,0.0,0.0,0.0,0.246096,0.0008456349529199852,0.0009647434892239394,0,3,144,48,128,1.0,0.0,123048,0.0,0,0,0,0,214.52572001097724
5,z,29,0.005,normal,anqi,500000,0.1835,91750,0.0,0.0,5,0.0,0.0009446102010882592,0.0010776595009556601,0.0,0.0,0.0,0.0,0.0,0.0,0.1835,0.0009446102010882592,0.0010776595009556601,0,3,160,64,160,1.0,0.0,91750,0.0,0,0,0,0,294.3608770520659
5,z,29,0.005,normal,val,500000,0.1835,91750,0.0,0.0,5,0.0,0.0009446102010882592,0.0010776595009556601,0.0,0.0,0.0,0.0,0.0,0.0,0.1835,0.0009446102010882592,0.0010776595009556601,0,3,160,64,160,1.0,0.0,91750,0.0,0,0,0,0,287.17253478907514
5,z,30,0.0,m1,anqi,1000,1.0,1000,0.0,0.0,1,0.0,0.0,,0.0,,0.0,,0.0,,1.0,0.0,,1,2,112,16,96,1.0,0.0,1000,0.0,0,0,0,0,0.5465011668857187
5,z,30,0.0,m1,val,1000,1.0,1000,0.0,0.0,1,0.0,0.0,,0.0,,0.0,,0.0,,1.0,0.0,,1,2,112,16,96,1.0,0.0,1000,0.0,0,0,0,0,0.6848209090530872
5,z,30,0.0,normal,anqi,1000,1.0,1000,0.0,0.0,1,0.0,0.0,,0.0,,0.0,,0.0,,1.0,0.0,,1,2,128,32,128,1.0,0.0,1000,0.0,0,0,0,0,0.8222571408841759
5,z,30,0.0,normal,val,1000,1.0,1000,0.0,0.0,1,0.0,0.0,,0.0,,0.0,,0.0,,1.0,0.0,,1,2,128,32,128,1.0,0.0,1000,0.0,0,0,0,0,1.4792439888697118
5,z,30,0.005,m1,anqi,500000,0.389978,194989,0.0,0.0,5,0.0,0.0008177076778409242,0.00093288262927337,0.0,0.0,0.0,0.0,0.0,0.0,0.389978,0.0008177076778409242,0.00093288262927337,1,2,112,16,96,1.0,0.0,194989,0.0,0,0,0,0,209.38180978712626
5,z,30,0.005,m1,val,500000,0.389978,194989,0.0,0.0,5,0.0,0.0008177076778409242,0.00093288262927337,0.0,0.0,0.0,0.0,0.0,0.0,0.389978,0.0008177076778409242,0.00093288262927337,1,2,112,16,96,1.0,0.0,194989,0.0,0,0,0,0,221.70148907823022
5,z,30,0.005,normal,anqi,500000,0.345348,172674,0.0,0.0,5,0.0,0.00148237950012809,0.0016911741483360038,0.0,0.0,0.0,0.0,0.0,0.0,0.345348,0.00148237950012809,0.0016911741483360038,1,2,128,32,128,1.0,0.0,172674,0.0,0,0,0,0,380.80141775892116
5,z,30,0.005,normal,val,500000,0.345348,172674,0.0,0.0,5,0.0,0.00148237950012809,0.0016911741483360038,0.0,0.0,0.0,0.0,0.0,0.0,0.345348,0.00148237950012809,0.0016911741483360038,1,2,128,32,128,1.0,0.0,172674,0.0,0,0,0,0,401.4109824988991
5,z,31,0.0,m1,anqi,1000,1.0,1000,0.0,0.0,1,0.0,0.0,,0.0,,0.0,,0.0,,1.0,0.0,,0,3,144,16,128,1.0,0.0,1000,0.0,0,0,0,0,0.5791920130141079
5,z,31,0.0,m1,val,1000,1.0,1000,0.0,0.0,1,0.0,0.0,,0.0,,0.0,,0.0,,1.0,0.0,,0,3,144,16,128,1.0,0.0,1000,0.0,0,0,0,0,0.5814705020748079
5,z,31,0.0,normal,anqi,1000,1.0,1000,0.0,0.0,1,0.0,0.0,,0.0,,0.0,,0.0,,1.0,0.0,,0,3,160,32,160,1.0,0.0,1000,0.0,0,0,0,0,0.9136276210192592
5,z,31,0.0,normal,val,1000,1.0,1000,0.0,0.0,1,0.0,0.0,,0.0,,0.0,,0.0,,1.0,0.0,,0,3,160,32,160,1.0,0.0,1000,0.0,0,0,0,0,0.9656701660715044
5,z,31,0.005,m1,anqi,500000,0.292286,146143,0.0,0.0,5,0.0,0.0013174145503978307,0.0015029737189984043,0.0,0.0,0.0,0.0,0.0,0.0,0.292286,0.0013174145503978307,0.0015029737189984043,0,3,144,16,128,1.0,0.0,146143,0.0,0,0,0,0,196.75693819788285
5,z,31,0.005,m1,val,500000,0.292286,146143,0.0,0.0,5,0.0,0.0013174145503978307,0.0015029737189984043,0.0,0.0,0.0,0.0,0.0,0.0,0.292286,0.0013174145503978307,0.0015029737189984043,0,3,144,16,128,1.0,0.0,146143,0.0,0,0,0,0,208.01300919416826
5,z,31,0.005,normal,anqi,500000,0.25948000000000004,129740,0.0,0.0,5,0.0,0.0011416894849301162,0.0013024976007655418,0.0,0.0,0.0,0.0,0.0,0.0,0.25948000000000004,0.0011416894849301162,0.0013024976007655418,0,3,160,32,160,1.0,0.0,129740,0.0,0,0,0,0,342.3094472947996
5,z,31,0.005,normal,val,500000,0.25948000000000004,129740,0.0,0.0,5,0.0,0.0011416894849301162,0.0013024976007655418,0.0,0.0,0.0,0.0,0.0,0.0,0.25948000000000004,0.0011416894849301162,0.0013024976007655418,0,3,160,32,160,1.0,0.0,129740,0.0,0,0,0,0,320.3140477319248
