n,lstate,i,p_error,sim_type,decoder_type,shots,prep_rate,count_accept,LER,prep_rate_SEM,N_samples,prep_rate_SD,LER_SEM,LER_SD,eff,eff_SEM,eff_SD,skip,s_l,CNOT,hadamard,meas,cost,cost_SEM,count_accept,count_logerror,count_undecided,count_detect_discard,total_meta_shots,detect_normal,decoding_normal
6,x,2,0.005,m1,anqi,2000000,0.021955,43910,0.0,0.00015547592265786975,20,0.00035474972645662913,0.0,0.0,0.021955,0.00015547592265786975,0.00035474972645662913,0,4,352,352,320,1.0,0.0,43910,0.0,0,0,0,0,1975.6678010987816
6,x,2,0.005,m1,val,2000000,0.021955,43910,0.0,0.00015547592265786975,20,0.00035474972645662913,0.0,0.0,0.021955,0.00015547592265786975,0.00035474972645662913,0,4,352,352,320,1.0,0.0,43910,0.0,0,0,0,0,1950.2134324490326
6,x,2,0.005,normal,anqi,2000000,0.014534,29068,0.0,0.00016134026651769235,20,0.0003681304116749933,0.0,0.0,0.014534,0.00016134026651769235,0.0003681304116749933,0,4,384,384,384,1.0,0.0,29068,0.0,0,0,0,0,1803.3892920400249
6,x,2,0.005,normal,val,2000000,0.014534,29068,0.0,0.00016134026651769235,20,0.0003681304116749933,0.0,0.0,0.014534,0.00016134026651769235,0.0003681304116749933,0,4,384,384,384,1.0,0.0,29068,0.0,0,0,0,0,1837.011598222074
6,x,3,0.005,m1,anqi,2000000,0.045507,91014,0.0,0.00030599366914675586,20,0.0006981863723435983,0.0,0.0,0.045507,0.00030599366914675586,0.0006981863723435983,1,3,288,288,256,1.0,0.0,91014,0.0,0,0,0,0,2558.236510947114
6,x,3,0.005,m1,val,2000000,0.045507,91014,0.0,0.00030599366914675586,20,0.0006981863723435983,0.0,0.0,0.045507,0.00030599366914675586,0.0006981863723435983,1,3,288,288,256,1.0,0.0,91014,0.0,0,0,0,0,2543.402572785737
6,x,3,0.005,normal,anqi,2000000,0.030578499999999998,61157,0.0,0.00021910824870969992,20,0.0004999397332100201,0.0,0.0,0.030578499999999998,0.00021910824870969992,0.0004999397332100201,1,3,320,320,320,1.0,0.0,61157,0.0,0,0,0,0,2418.4909671922214
6,x,3,0.005,normal,val,2000000,0.030578499999999998,61157,0.0,0.00021910824870969992,20,0.0004999397332100201,0.0,0.0,0.030578499999999998,0.00021910824870969992,0.0004999397332100201,1,3,320,320,320,1.0,0.0,61157,0.0,0,0,0,0,2442.3073122618953
6,x,4,0.005,m1,anqi,2000000,0.0209405,41881,0.0,0.000270172874831536,20,0.000616453993673323,0.0,0.0,0.0209405,0.000270172874831536,0.000616453993673323,0,4,352,288,320,1.0,0.0,41881,0.0,0,0,0,0,2019.390501026879
6,x,4,0.005,m1,val,2000000,0.0209405,41881,0.0,0.000270172874831536,20,0.000616453993673323,0.0,0.0,0.0209405,0.000270172874831536,0.000616453993673323,0,4,352,288,320,1.0,0.0,41881,0.0,0,0,0,0,2020.4820079328492
6,x,4,0.005,normal,anqi,2000000,0.0117885,23577,0.0,0.0001292495660992411,20,0.00029490899577577084,0.0,0.0,0.0117885,0.0001292495660992411,0.00029490899577577084,0,4,384,320,384,1.0,0.0,23577,0.0,0,0,0,0,1821.3024773198413
6,x,4,0.005,normal,val,2000000,0.0117885,23577,0.0,0.0001292495660992411,20,0.00029490899577577084,0.0,0.0,0.0117885,0.0001292495660992411,0.00029490899577577084,0,4,384,320,384,1.0,0.0,23577,0.0,0,0,0,0,1854.9222954901634
6,x,5,0.005,m1,anqi,2000000,0.094965,189930,0.0,0.0004818351109095953,20,0.0010994041448367405,0.0,0.0,0.094965,0.0004818351109095953,0.0010994041448367405,2,2,224,224,192,1.0,0.0,189930,0.0,0,0,0,0,3003.3567201599944
6,x,5,0.005,m1,val,2000000,0.094965,189930,0.0,0.0004818351109095953,20,0.0010994041448367405,0.0,0.0,0.094965,0.0004818351109095953,0.0010994041448367405,2,2,224,224,192,1.0,0.0,189930,0.0,0,0,0,0,2990.058094825945
6,x,5,0.005,normal,anqi,2000000,0.0634255,126851,0.0,0.00031478239431140465,20,0.0007182396242861673,0.0,0.0,0.0634255,0.00031478239431140465,0.0007182396242861673,2,2,256,256,256,1.0,0.0,126851,0.0,0,0,0,0,2870.8493707838934
6,x,5,0.005,normal,val,2000000,0.0634255,126851,0.0,0.00031478239431140465,20,0.0007182396242861673,0.0,0.0,0.0634255,0.00031478239431140465,0.0007182396242861673,2,2,256,256,256,1.0,0.0,126851,0.0,0,0,0,0,2899.1662972348277
6,x,6,0.005,m1,anqi,2000000,0.02051,41020,0.0,0.0001992534191742555,20,0.00045463692859479114,0.0,0.0,0.02051,0.0001992534191742555,0.00045463692859479114,0,4,352,288,320,1.0,0.0,41020,0.0,0,0,0,0,1958.5164229532238
6,x,6,0.005,m1,val,2000000,0.02051,41020,0.0,0.0001992534191742555,20,0.00045463692859479114,0.0,0.0,0.02051,0.0001992534191742555,0.00045463692859479114,0,4,352,288,320,1.0,0.0,41020,0.0,0,0,0,0,1950.1296421675943
6,x,6,0.005,normal,anqi,2000000,0.0113215,22643,0.0,0.00014492058740093338,20,0.000330665596701721,0.0,0.0,0.0113215,0.00014492058740093338,0.000330665596701721,0,4,384,320,384,1.0,0.0,22643,0.0,0,0,0,0,1826.1915359364357
6,x,6,0.005,normal,val,2000000,0.0113215,22643,0.0,0.00014492058740093338,20,0.000330665596701721,0.0,0.0,0.0113215,0.00014492058740093338,0.000330665596701721,0,4,384,320,384,1.0,0.0,22643,0.0,0,0,0,0,1773.7944221430225
6,x,7,0.005,m1,anqi,2000000,0.043673000000000003,87346,0.0,0.00037335190804669194,20,0.0008518778019608714,0.0,0.0,0.043673000000000003,0.00037335190804669194,0.0008518778019608714,1,3,288,224,256,1.0,0.0,87346,0.0,0,0,0,0,2616.047639420023
6,x,7,0.005,m1,val,2000000,0.043673000000000003,87346,0.0,0.00037335190804669194,20,0.0008518778019608714,0.0,0.0,0.043673000000000003,0.00037335190804669194,0.0008518778019608714,1,3,288,224,256,1.0,0.0,87346,0.0,0,0,0,0,2597.5380765161244
6,x,7,0.005,normal,anqi,2000000,0.0246095,49219,0.0,0.00020748282155905214,20,0.0004734139726219383,0.0,0.0,0.0246095,0.00020748282155905214,0.0004734139726219383,1,3,320,256,320,1.0,0.0,49219,0.0,0,0,0,0,2437.6874405163107
6,x,7,0.005,normal,val,2000000,0.0246095,49219,0.0,0.00020748282155905214,20,0.0004734139726219383,0.0,0.0,0.0246095,0.00020748282155905214,0.0004734139726219383,1,3,320,256,320,1.0,0.0,49219,0.0,0,0,0,0,2454.7538149778266
6,x,8,0.005,m1,anqi,2000000,0.023636499999999998,47273,0.0,0.00016442417871885009,20,0.00037516698036726845,0.0,0.0,0.023636499999999998,0.00016442417871885009,0.00037516698036726845,0,4,352,224,320,1.0,0.0,47273,0.0,0,0,0,0,2066.5410928401398
6,x,8,0.005,m1,val,2000000,0.023636499999999998,47273,0.0,0.00016442417871885009,20,0.00037516698036726845,0.0,0.0,0.023636499999999998,0.00016442417871885009,0.00037516698036726845,0,4,352,224,320,1.0,0.0,47273,0.0,0,0,0,0,2071.7254125290783
6,x,8,0.005,normal,anqi,2000000,0.01311,26220,0.0,0.00014697592785358092,20,0.0003353552711599099,0.0,0.0,0.01311,0.00014697592785358092,0.0003353552711599099,0,4,384,256,384,1.0,0.0,26220,0.0,0,0,0,0,1948.664699689136
6,x,8,0.005,normal,val,2000000,0.01311,26220,0.0,0.00014697592785358092,20,0.0003353552711599099,0.0,0.0,0.01311,0.00014697592785358092,0.0003353552711599099,0,4,384,256,384,1.0,0.0,26220,0.0,0,0,0,0,1941.1090333020547
6,x,9,0.005,m1,anqi,2000000,0.1973395,394679,0.0,0.0003995973915672742,20,0.0009117621746694148,0.0,0.0,0.1973395,0.0003995973915672742,0.0009117621746694148,3,1,160,160,128,1.0,0.0,394679,0.0,0,0,0,0,3312.845192115754
6,x,9,0.005,m1,val,2000000,0.1973395,394679,0.0,0.0003995973915672742,20,0.0009117621746694148,0.0,0.0,0.1973395,0.0003995973915672742,0.0009117621746694148,3,1,160,160,128,1.0,0.0,394679,0.0,0,0,0,0,3345.2835815142607
6,x,9,0.005,normal,anqi,2000000,0.13232349999999998,264647,0.0,0.0004956009772514923,20,0.0011308137498465957,0.0,0.0,0.13232349999999998,0.0004956009772514923,0.0011308137498465957,3,1,192,192,192,1.0,0.0,264647,0.0,0,0,0,0,3227.565482924925
6,x,9,0.005,normal,val,2000000,0.13232349999999998,264647,0.0,0.0004956009772514923,20,0.0011308137498465957,0.0,0.0,0.13232349999999998,0.0004956009772514923,0.0011308137498465957,3,1,192,192,192,1.0,0.0,264647,0.0,0,0,0,0,3230.627131522051
6,x,10,0.005,m1,anqi,2000000,0.020298,40596,0.0,0.0001923482337625664,20,0.0004388813531072639,0.0,0.0,0.020298,0.0001923482337625664,0.0004388813531072639,0,4,352,288,320,1.0,0.0,40596,0.0,0,0,0,0,1970.121625261847
6,x,10,0.005,m1,val,2000000,0.020298,40596,0.0,0.0001923482337625664,20,0.0004388813531072639,0.0,0.0,0.020298,0.0001923482337625664,0.0004388813531072639,0,4,352,288,320,1.0,0.0,40596,0.0,0,0,0,0,1995.9584967314731
6,x,10,0.005,normal,anqi,2000000,0.011448,22896,0.0,0.00011072470784028174,20,0.0002526407893057897,0.0,0.0,0.011448,0.00011072470784028174,0.0002526407893057897,0,4,384,320,384,1.0,0.0,22896,0.0,0,0,0,0,1808.6489108829992
6,x,10,0.005,normal,val,2000000,0.011448,22896,0.0,0.00011072470784028174,20,0.0002526407893057897,0.0,0.0,0.011448,0.00011072470784028174,0.0002526407893057897,0,4,384,320,384,1.0,0.0,22896,0.0,0,0,0,0,1833.2772373519838
6,x,11,0.005,m1,anqi,2000000,0.0424635,84927,0.0,0.0002522610732429485,20,0.00057558459984519,0.0,0.0,0.0424635,0.0002522610732429485,0.00057558459984519,1,3,288,224,256,1.0,0.0,84927,0.0,0,0,0,0,2590.1171076310566
6,x,11,0.005,m1,val,2000000,0.0424635,84927,0.0,0.0002522610732429485,20,0.00057558459984519,0.0,0.0,0.0424635,0.0002522610732429485,0.00057558459984519,1,3,288,224,256,1.0,0.0,84927,0.0,0,0,0,0,2566.532449852093
6,x,11,0.005,normal,anqi,2000000,0.0236155,47231,0.0,0.0002567701384097211,20,0.0005858729429348634,0.0,0.0,0.0236155,0.0002567701384097211,0.0005858729429348634,1,3,320,256,320,1.0,0.0,47231,0.0,0,0,0,0,2387.201291414327
6,x,11,0.005,normal,val,2000000,0.0236155,47231,0.0,0.0002567701384097211,20,0.0005858729429348634,0.0,0.0,0.0236155,0.0002567701384097211,0.0005858729429348634,1,3,320,256,320,1.0,0.0,47231,0.0,0,0,0,0,2400.7059455452254
6,x,12,0.005,m1,anqi,2000000,0.0226335,45267,0.0,0.00025604388484871336,20,0.0005842158487192363,0.0,0.0,0.0226335,0.00025604388484871336,0.0005842158487192363,0,4,352,224,320,1.0,0.0,45267,0.0,0,0,0,0,2048.415247304132
6,x,12,0.005,m1,val,2000000,0.0226335,45267,0.0,0.00025604388484871336,20,0.0005842158487192363,0.0,0.0,0.0226335,0.00025604388484871336,0.0005842158487192363,0,4,352,224,320,1.0,0.0,45267,0.0,0,0,0,0,2017.8974100850755
6,x,12,0.005,normal,anqi,2000000,0.012514,25028,0.0,0.00017321577514156948,20,0.0003952267836651711,0.0,0.0,0.012514,0.00017321577514156948,0.0003952267836651711,0,4,384,256,384,1.0,0.0,25028,0.0,0,0,0,0,1881.0633663379122
6,x,12,0.005,normal,val,2000000,0.012514,25028,0.0,0.00017321577514156948,20,0.0003952267836651711,0.0,0.0,0.012514,0.00017321577514156948,0.0003952267836651711,0,4,384,256,384,1.0,0.0,25028,0.0,0,0,0,0,1885.6867718788562
6,x,13,0.005,m1,anqi,2000000,0.09117650000000001,182353,0.0,0.00037578684134269026,20,0.0008574335941756978,0.0,0.0,0.09117650000000001,0.00037578684134269026,0.0008574335941756978,2,2,224,160,192,1.0,0.0,182353,0.0,0,0,0,0,2994.783497766126
6,x,13,0.005,m1,val,2000000,0.09117650000000001,182353,0.0,0.00037578684134269026,20,0.0008574335941756978,0.0,0.0,0.09117650000000001,0.00037578684134269026,0.0008574335941756978,2,2,224,160,192,1.0,0.0,182353,0.0,0,0,0,0,3003.7785637149354
6,x,13,0.005,normal,anqi,2000000,0.0509,101800,0.0,0.00023136478374613216,20,0.0005279054939345817,0.0,0.0,0.0509,0.00023136478374613216,0.0005279054939345817,2,2,256,192,256,1.0,0.0,101800,0.0,0,0,0,0,2878.2920271608746
6,x,13,0.005,normal,val,2000000,0.0509,101800,0.0,0.00023136478374613216,20,0.0005279054939345817,0.0,0.0,0.0509,0.00023136478374613216,0.0005279054939345817,2,2,256,192,256,1.0,0.0,101800,0.0,0,0,0,0,2892.096566204098
6,x,14,0.005,m1,anqi,15000000,0.022557575757575755,338122,1.3687005556924256e-05,0.00011858616718551205,33,0.0003475641155153093,2.6826530891571542e-05,7.862586086526551e-05,0.022557272727272728,0.0001187156839325379,0.00034794371605973063,0,4,352,224,320,1.0,0.0,338122,1.0,0,0,0,0,14901.987607156276
6,x,14,0.005,m1,val,15000000,0.022557575757575755,338122,1.973079131902705e-05,0.00011858616718551205,33,0.0003475641155153093,2.6872898249741433e-05,7.876175892330704e-05,0.022557136363636366,0.00011871488092758225,0.00034794136253306064,0,4,352,224,320,1.0,0.0,338122,1.0,9,0,0,0,14853.638321347069
6,x,14,0.005,normal,anqi,15000000,0.012323606060606061,185009,2.457268107608685e-06,9.415683812185702e-05,33,0.00027596421183211615,4.816245490913021e-06,1.4115930583498038e-05,0.012323575757575757,9.415653254276883e-05,0.00027596331621057763,0,4,384,256,384,1.0,0.0,185009,1.0,0,0,0,0,13619.89916014846
6,x,14,0.005,normal,val,15000000,0.012323606060606061,185009,6.128269272307334e-06,9.415683812185702e-05,33,0.00027596421183211615,6.0976954352746595e-06,1.7871731340532783e-05,0.012323530303030303,9.415314037266068e-05,0.0002759533741015501,0,4,384,256,384,1.0,0.0,185009,0.0,5,0,0,0,13630.471473099897
6,x,15,0.005,m1,anqi,15000000,0.0493470303030303,740260,4.912731344702435e-06,0.0001807998086795148,33,0.0005299060344089606,3.4732912861284015e-06,1.0179867032060838e-05,0.04934678787878788,0.00018079987453015385,0.0005299062274105532,1,3,288,160,256,1.0,0.0,740260,8.0,0,0,0,0,19647.860382925952
6,x,15,0.005,m1,val,15000000,0.0493470303030303,740260,4.583562909342903e-05,0.0001807998086795148,33,0.0005299060344089606,1.4891028788939669e-05,4.364410599462512e-05,0.04934477272727273,0.00018093528389813145,0.0005303030986336529,1,3,288,160,256,1.0,0.0,740260,7.0,63,0,0,0,19720.696509571746
6,x,15,0.005,normal,anqi,15000000,0.027456151515151517,413618,0.00012218002847707766,0.00014310738371173977,33,0.0004194333320991046,4.8473362293125786e-05,0.00014207054407203845,0.02745278787878788,0.00014288258127969847,0.00041877445880627017,1,3,320,192,320,1.0,0.0,413618,48.0,0,0,0,0,18876.920618838514
6,x,15,0.005,normal,val,15000000,0.027456151515151517,413618,0.00012156838288910669,0.00014310738371173977,33,0.0004194333320991046,3.4406953523385096e-05,0.00010084331632224899,0.02745280303030303,0.00014284481761445418,0.0004186637773058832,1,3,320,192,320,1.0,0.0,413618,14.0,85,0,0,0,18798.234632006264
6,x,16,0.005,m1,anqi,2000000,0.027039,54078,0.0002779742479784949,0.00023772626611293936,20,0.0005424205010874869,0.00018904642908982523,0.000431347618722901,0.027031499999999997,0.00023811028187972516,0.0005432967106374509,0,4,352,160,320,1.0,0.0,54078,15.0,0,0,0,0,2058.1262105767382
6,x,16,0.005,m1,val,2000000,0.027039,54078,0.006494633905626672,0.00023772626611293936,20,0.0005424205010874869,0.0005331665003951161,0.0012165270798052531,0.026863249999999998,0.00023325806818561332,0.0005322254048605229,0,4,352,160,320,1.0,0.0,54078,14.0,675,0,0,0,2078.174834283651
6,x,16,0.005,normal,anqi,2000000,0.015751499999999998,31503,0.009339141417677978,0.0001840306845696062,20,0.0004199031843300624,0.0009865369587794054,0.0022509833695374066,0.015604499999999999,0.00018476642318571322,0.00042158192061504907,0,4,384,192,384,1.0,0.0,31503,294.0,0,0,0,0,1968.3579663049895
6,x,16,0.005,normal,val,2000000,0.015751499999999998,31503,0.009174489221401686,0.0001840306845696062,20,0.0004199031843300624,0.0006812574829487561,0.0015544265735243088,0.015607,0.00018293050875012326,0.00041739291094275075,0,4,384,192,384,1.0,0.0,31503,59.0,460,0,0,0,1944.9415550499689
6,x,17,0.005,m1,anqi,2000000,0.4168565,833713,0.0,0.0006178464876786464,20,0.0014097415776621834,0.0,0.0,0.4168565,0.0006178464876786464,0.0014097415776621834,4,0,96,96,64,1.0,0.0,833713,0.0,0,0,0,0,3712.42527381971
6,x,17,0.005,m1,val,2000000,0.4168565,833713,0.0,0.0006178464876786464,20,0.0014097415776621834,0.0,0.0,0.4168565,0.0006178464876786464,0.0014097415776621834,4,0,96,96,64,1.0,0.0,833713,0.0,0,0,0,0,3687.0751625607954
6,x,17,0.005,normal,anqi,2000000,0.28524099999999997,570482,0.0,0.0005216556225589493,20,0.0011902626866191668,0.0,0.0,0.28524099999999997,0.0005216556225589493,0.0011902626866191668,4,0,128,128,128,1.0,0.0,570482,0.0,0,0,0,0,3586.364965560031
6,x,17,0.005,normal,val,2000000,0.28524099999999997,570482,0.0,0.0005216556225589493,20,0.0011902626866191668,0.0,0.0,0.28524099999999997,0.0005216556225589493,0.0011902626866191668,4,0,128,128,128,1.0,0.0,570482,0.0,0,0,0,0,3677.825849008397
6,x,18,0.005,m1,anqi,2000000,0.021206,42412,0.0,0.00020489365333984202,20,0.00046750626227159547,0.0,0.0,0.021206,0.00020489365333984202,0.00046750626227159547,0,4,352,288,320,1.0,0.0,42412,0.0,0,0,0,0,1987.3745311786188
6,x,18,0.005,m1,val,2000000,0.021206,42412,0.0,0.00020489365333984202,20,0.00046750626227159547,0.0,0.0,0.021206,0.00020489365333984202,0.00046750626227159547,0,4,352,288,320,1.0,0.0,42412,0.0,0,0,0,0,2023.3438138413476
6,x,18,0.005,normal,anqi,2000000,0.012467,24934,0.0,0.000160817467236681,20,0.00036693753950057547,0.0,0.0,0.012467,0.000160817467236681,0.00036693753950057547,0,4,384,320,384,1.0,0.0,24934,0.0,0,0,0,0,1813.8227467628894
6,x,18,0.005,normal,val,2000000,0.012467,24934,0.0,0.000160817467236681,20,0.00036693753950057547,0.0,0.0,0.012467,0.000160817467236681,0.00036693753950057547,0,4,384,320,384,1.0,0.0,24934,0.0,0,0,0,0,1821.9113295767456
6,x,19,0.005,m1,anqi,2000000,0.0426995,85399,0.0,0.0002620044057082367,20,0.0005978159811918889,0.0,0.0,0.0426995,0.0002620044057082367,0.0005978159811918889,1,3,288,224,256,1.0,0.0,85399,0.0,0,0,0,0,2534.9937702888856
6,x,19,0.005,m1,val,2000000,0.0426995,85399,0.0,0.0002620044057082367,20,0.0005978159811918889,0.0,0.0,0.0426995,0.0002620044057082367,0.0005978159811918889,1,3,288,224,256,1.0,0.0,85399,0.0,0,0,0,0,2578.546135240933
6,x,19,0.005,normal,anqi,2000000,0.024182500000000003,48365,0.0,0.0002099068302090743,20,0.0004789448380499965,0.0,0.0,0.024182500000000003,0.0002099068302090743,0.0004789448380499965,1,3,320,256,320,1.0,0.0,48365,0.0,0,0,0,0,2411.673378537176
6,x,19,0.005,normal,val,2000000,0.024182500000000003,48365,0.0,0.0002099068302090743,20,0.0004789448380499965,0.0,0.0,0.024182500000000003,0.0002099068302090743,0.0004789448380499965,1,3,320,256,320,1.0,0.0,48365,0.0,0,0,0,0,2408.3791454330785
6,x,20,0.005,m1,anqi,2000000,0.021956,43912,0.0,0.00018527416362046616,20,0.0004227404329895724,0.0,0.0,0.021956,0.00018527416362046616,0.0004227404329895724,0,4,352,224,320,1.0,0.0,43912,0.0,0,0,0,0,1988.8926026781555
6,x,20,0.005,m1,val,2000000,0.021956,43912,2.272516033088577e-05,0.00018527416362046616,20,0.0004227404329895724,3.065772183620091e-05,6.995178577655603e-05,0.0219555,0.00018524865275453025,0.00042268222479528917,0,4,352,224,320,1.0,0.0,43912,0.0,2,0,0,0,1997.8364717870718
6,x,20,0.005,normal,anqi,2000000,0.012218999999999999,24438,4.132231404958677e-05,0.00015636031775492483,20,0.0003567676525341625,8.099173553719009e-05,0.00018479900640494133,0.0122185,0.00015644030783589467,0.0003569501660633199,0,4,384,256,384,1.0,0.0,24438,1.0,0,0,0,0,1914.4563013507286
6,x,20,0.005,normal,val,2000000,0.012218999999999999,24438,4.026900016204829e-05,0.00015636031775492483,20,0.0003567676525341625,5.434209610978978e-05,0.00012399247034828247,0.0122185,0.0001562285276867125,0.0003564669468695889,0,4,384,256,384,1.0,0.0,24438,0.0,2,0,0,0,1889.7773191800807
6,x,21,0.005,m1,anqi,2000000,0.089612,179224,0.0,0.00034465566719019163,20,0.0007864015312936862,0.0,0.0,0.089612,0.00034465566719019163,0.0007864015312936862,2,2,224,160,192,1.0,0.0,179224,0.0,0,0,0,0,2934.6087991431123
6,x,21,0.005,m1,val,2000000,0.089612,179224,0.0,0.00034465566719019163,20,0.0007864015312936862,0.0,0.0,0.089612,0.00034465566719019163,0.0007864015312936862,2,2,224,160,192,1.0,0.0,179224,0.0,0,0,0,0,2953.307316330145
6,x,21,0.005,normal,anqi,2000000,0.0498085,99617,0.0,0.00028029145173513487,20,0.000639541571012105,0.0,0.0,0.0498085,0.00028029145173513487,0.000639541571012105,2,2,256,192,256,1.0,0.0,99617,0.0,0,0,0,0,2822.9897109157173
6,x,21,0.005,normal,val,2000000,0.0498085,99617,0.0,0.00028029145173513487,20,0.000639541571012105,0.0,0.0,0.0498085,0.00028029145173513487,0.000639541571012105,2,2,256,192,256,1.0,0.0,99617,0.0,0,0,0,0,2844.6980534920003
6,x,22,0.005,m1,anqi,15000000,0.021843454545454544,327975,0.0,0.00011215403159876504,33,0.00032871217376577113,0.0,0.0,0.021843454545454544,0.00011215403159876504,0.00032871217376577113,0,4,352,224,320,1.0,0.0,327975,0.0,0,0,0,0,14736.328345413902
6,x,22,0.005,m1,val,15000000,0.021843454545454544,327975,1.799228630634444e-05,0.00011215403159876504,33,0.00032871217376577113,9.682609561755834e-06,2.8378753678303325e-05,0.02184306060606061,0.00011213220293724793,0.00032864819615680425,0,4,352,224,320,1.0,0.0,327975,0.0,26,0,0,0,14708.092369947
6,x,22,0.005,normal,anqi,15000000,0.01198309090909091,180414,1.0043527023213551e-05,8.400885366563983e-05,33,0.0002462214911969969,9.370838764330703e-06,2.746498486342078e-05,0.011982969696969697,8.399374462857895e-05,0.0002461772081307086,0,4,384,256,384,1.0,0.0,180414,4.0,0,0,0,0,13526.784062328283
6,x,22,0.005,normal,val,15000000,0.01198309090909091,180414,3.9200499553212196e-05,8.400885366563983e-05,33,0.0002462214911969969,3.486692350781489e-05,0.00010219144203198579,0.011982621212121212,8.401010486550604e-05,0.00024622515833782075,0,4,384,256,384,1.0,0.0,180414,0.0,13,0,0,0,13584.635397050995
6,x,23,0.005,m1,anqi,15000000,0.04759678787878788,714308,0.0,0.000182724269655206,33,0.0005355464357536931,0.0,0.0,0.04759678787878788,0.000182724269655206,0.0005355464357536931,1,3,288,160,256,1.0,0.0,714308,0.0,0,0,0,0,19401.770604367368
6,x,23,0.005,m1,val,15000000,0.04759678787878788,714308,9.17522101718572e-05,0.000182724269655206,33,0.0005355464357536931,1.9677918256137057e-05,5.767399702848657e-05,0.047592409090909095,0.00018234541666590733,0.0005344360557889715,1,3,288,160,256,1.0,0.0,714308,0.0,136,0,0,0,19376.483467670972
6,x,23,0.005,normal,anqi,15000000,0.026253151515151514,392918,9.489505981691587e-05,0.000132517327638065,33,0.00038839494406564784,5.547280887916552e-05,0.0001625852172376517,0.026250636363636365,0.00013194257109835358,0.000386710390520301,1,3,320,192,320,1.0,0.0,392918,38.0,0,0,0,0,18541.960036437027
6,x,23,0.005,normal,val,15000000,0.026253151515151514,392918,0.00010151449509288943,0.000132517327638065,33,0.00038839494406564784,3.878801902912105e-05,0.00011368377818770154,0.02625048484848485,0.00013246502106651568,0.00038824163877121376,1,3,320,192,320,1.0,0.0,392918,5.0,67,0,0,0,18521.781627001823
6,x,24,0.005,m1,anqi,2000000,0.025819,51638,0.00026875605019556156,0.0002152287808967841,20,0.000491087943673079,0.0001455260561923211,0.0003320470960647798,0.025812,0.00021373320033704578,0.0004876754744920565,0,4,352,160,320,1.0,0.0,51638,14.0,0,0,0,0,2085.185616698698
6,x,24,0.005,m1,val,2000000,0.025819,51638,0.010544901038489355,0.0002152287808967841,20,0.000491087943673079,0.0006438959747318403,0.0014691787448355936,0.02554675,0.00021375551862374265,0.0004877263981718479,0,4,352,160,320,1.0,0.0,51638,15.0,1059,0,0,0,2087.557977924822
6,x,24,0.005,normal,anqi,2000000,0.014366499999999999,28733,0.011030648301020993,0.00023961698784342886,20,0.0005467345646751507,0.0012877179893764114,0.0029381887347908245,0.014208000000000002,0.00023735898568246898,0.0005415824765881632,0,4,384,192,384,1.0,0.0,28733,317.0,0,0,0,0,1973.921696636011
6,x,24,0.005,normal,val,2000000,0.014366499999999999,28733,0.011392746747633662,0.00023961698784342886,20,0.0005467345646751507,0.0009702388815215697,0.002213796013771015,0.014202999999999999,0.00023942315123514775,0.0005462922872949012,0,4,384,192,384,1.0,0.0,28733,20.0,614,0,0,0,1903.8202320836717
6,x,25,0.005,m1,anqi,2000000,0.198635,397270,0.0,0.00047085861415749433,20,0.0010743590500484717,0.0,0.0,0.198635,0.00047085861415749433,0.0010743590500484717,3,1,160,96,128,1.0,0.0,397270,0.0,0,0,0,0,3401.154767466127
6,x,25,0.005,m1,val,2000000,0.198635,397270,0.0,0.00047085861415749433,20,0.0010743590500484717,0.0,0.0,0.198635,0.00047085861415749433,0.0010743590500484717,3,1,160,96,128,1.0,0.0,397270,0.0,0,0,0,0,3407.9372342600254
6,x,25,0.005,normal,anqi,2000000,0.115357,230714,0.0,0.0004311439628659892,20,0.0009837420500581602,0.0,0.0,0.115357,0.0004311439628659892,0.0009837420500581602,3,1,192,128,192,1.0,0.0,230714,0.0,0,0,0,0,3285.60463143955
6,x,25,0.005,normal,val,2000000,0.115357,230714,0.0,0.0004311439628659892,20,0.0009837420500581602,0.0,0.0,0.115357,0.0004311439628659892,0.0009837420500581602,3,1,192,128,192,1.0,0.0,230714,0.0,0,0,0,0,3252.8535431711935
6,x,26,0.005,m1,anqi,15000000,0.02231681818181818,336351,0.0,0.00013640061128410556,33,0.00039977645742225834,0.0,0.0,0.02231681818181818,0.00013640061128410556,0.00039977645742225834,0,4,352,224,320,1.0,0.0,336351,0.0,0,0,0,0,14821.268023545854
6,x,26,0.005,m1,val,15000000,0.02231681818181818,336351,8.770965641821945e-05,0.00013640061128410556,33,0.00039977645742225834,3.7851154414418623e-05,0.00011093792233541441,0.022314848484848486,0.00013615427749576902,0.00039905447789212657,0,4,352,224,320,1.0,0.0,336351,0.0,85,0,0,0,14805.672724232776
6,x,26,0.005,normal,anqi,15000000,0.012280636363636363,184815,0.0002404241777041236,0.00012175841415084579,33,0.0003568616519554368,0.00013069213594236982,0.000383045490985106,0.01227769696969697,0.0001218860352097614,0.0003572356964288848,0,4,384,256,384,1.0,0.0,184815,34.0,0,0,0,0,13648.711949528777
6,x,26,0.005,normal,val,15000000,0.012280636363636363,184815,0.00024755021883156715,0.00012175841415084579,33,0.0003568616519554368,9.658902570077917e-05,0.00028309270872765185,0.01227760606060606,0.00012183131282557277,0.00035707531063085447,0,4,384,256,384,1.0,0.0,184815,1.0,63,0,0,0,13655.968952336232
6,x,27,0.005,m1,anqi,14000000,0.048548,679240,8.987879004608805e-06,0.00018872489129298338,32,0.0005446883690284187,1.2755873047005696e-05,3.681536461833648e-05,0.0485475625,0.00018868875133521733,0.0005445840636847119,1,3,288,160,256,1.0,0.0,679240,5.0,0,0,0,0,17872.195436367416
6,x,27,0.005,m1,val,14000000,0.048548,679240,0.0002675535465773351,0.00018872489129298338,32,0.0005446883690284187,3.860047795534754e-05,0.00011140677436435952,0.048535,0.00018833286026084868,0.0005435569086151207,1,3,288,160,256,1.0,0.0,679240,4.0,347,0,0,0,17946.608513244195
6,x,27,0.005,normal,anqi,15000000,0.026476424242424242,398612,0.00028782521624266295,0.0001559818958294137,33,0.0004571672307744061,0.00010983796754062481,0.000321924023217107,0.02646881818181818,0.00015627665611522558,0.0004580311434925477,1,3,320,192,320,1.0,0.0,398612,116.0,0,0,0,0,18035.279237242066
6,x,27,0.005,normal,val,15000000,0.026476424242424242,398612,0.0003182268085851543,0.0001559818958294137,33,0.0004571672307744061,8.794334701725711e-05,0.0002577530950443198,0.026468030303030302,0.0001565951249180337,0.0004589645434867821,1,3,320,192,320,1.0,0.0,398612,7.0,225,0,0,0,18113.041712715174
6,x,28,0.005,m1,anqi,2000000,0.0261745,52349,0.0006136947774018854,0.00020084262595375534,20,0.0004582630249103679,0.00022204688611917564,0.0005066448281169706,0.0261585,0.00020241099049627773,0.00046184156545177644,0,4,352,160,320,1.0,0.0,52349,32.0,0,0,0,0,2059.767866961425
6,x,28,0.005,m1,val,2000000,0.0261745,52349,0.019505605964922575,0.00020084262595375534,20,0.0004582630249103679,0.0008101786461232444,0.0018485862516840008,0.025664,0.00019926052219459614,0.0004546531355706353,0,4,352,160,320,1.0,0.0,52349,32.0,1978,0,0,0,2044.244931396097
6,x,28,0.005,normal,anqi,2000000,0.0144365,28873,0.020419075070562266,0.00016079342032885755,20,0.0003668826716224716,0.001369019197815059,0.0031236938661394938,0.014141499999999998,0.00015482286047711362,0.0003532596331610119,0,4,384,192,384,1.0,0.0,28873,590.0,0,0,0,0,1913.8018478718586
6,x,28,0.005,normal,val,2000000,0.0144365,28873,0.020960844329568025,0.00016079342032885755,20,0.0003668826716224716,0.0012277931981089201,0.0028014582176361345,0.01413375,0.00015590427959083372,0.0003557271093349361,0,4,384,192,384,1.0,0.0,28873,24.0,1163,0,0,0,1939.72003958805
6,x,29,0.005,m1,anqi,2000000,0.11380699999999999,227614,0.00012306585290063814,0.00038005038679793927,20,0.0008671617344441642,5.0508912057969735e-05,0.00011524628656242768,0.11379299999999999,0.00038039071890830787,0.0008679382709071337,2,2,224,96,192,1.0,0.0,227614,28.0,0,0,0,0,2986.7553093361203
6,x,29,0.005,m1,val,2000000,0.11380699999999999,227614,0.0012189745898601233,0.00038005038679793927,20,0.0008671617344441642,5.499359084799017e-05,0.00012547898720705747,0.11366825,0.000378302631924565,0.0008631738786228668,2,2,224,96,192,1.0,0.0,227614,27.0,501,0,0,0,2995.6906843581237
6,x,29,0.005,normal,anqi,2000000,0.068482,136964,0.002944439015641261,0.00039557513901979026,20,0.0009025845929154904,0.0003190077036177436,0.0007278805210565106,0.0682805,0.0004000045004746823,0.0009126910758849354,2,2,256,128,256,1.0,0.0,136964,403.0,0,0,0,0,2950.4413892120356
6,x,29,0.005,normal,val,2000000,0.068482,136964,0.0030274267156048603,0.00039557513901979026,20,0.0009025845929154904,0.00023507747179960233,0.0005363767417578578,0.06827475,0.0003973187625161538,0.0009065630221655258,2,2,256,128,256,1.0,0.0,136964,58.0,713,0,0,0,2933.215870819753
6,x,30,0.005,m1,anqi,2000000,0.0275925,55185,0.0017033324339903685,0.0001637192896071614,20,0.00037355863345876305,0.0003670093502941048,0.0008374059751384193,0.0275455,0.00016370446921848352,0.00037352481774801126,0,4,352,160,320,1.0,0.0,55185,94.0,0,0,0,0,1950.6952056729933
6,x,30,0.005,m1,val,2000000,0.0275925,55185,0.03752684213111037,0.0001637192896071614,20,0.00037355863345876305,0.0012207096684980368,0.0027852957138294328,0.026557249999999998,0.0001678385624562133,0.000382957586630548,0,4,352,160,320,1.0,0.0,55185,93.0,3955,0,0,0,1972.7884962011594
6,x,30,0.005,normal,anqi,2000000,0.0151775,30355,0.038223077347176476,0.0001465065929897821,20,0.0003342843888541296,0.0027442838399128915,0.006261637975101405,0.014598,0.00015922226398141826,0.0003632977610141505,0,4,384,192,384,1.0,0.0,30355,1159.0,0,0,0,0,1833.3119266983122
6,x,30,0.005,normal,val,2000000,0.0151775,30355,0.03933303865296642,0.0001465065929897821,20,0.0003342843888541296,0.0016107519562037237,0.003675255988737031,0.01458075,0.00014741081105464895,0.0003363475450373189,0,4,384,192,384,1.0,0.0,30355,60.0,2267,0,0,0,1787.5602006355766
6,x,31,0.005,m1,anqi,2000000,0.0701035,140207,0.007714422972970483,0.0003270239048400628,20,0.0007461711035610235,0.00047871406964272533,0.0010922828586803085,0.0695625,0.00031785500683239394,0.0007252504104754009,1,3,288,96,256,1.0,0.0,140207,1082.0,0,0,0,0,2667.046084522619
6,x,31,0.005,m1,val,2000000,0.0701035,140207,0.08217472528052756,0.0003270239048400628,20,0.0007461711035610235,0.0010160870242568786,0.0023184078135651616,0.0643425,0.0002971207266592588,0.0006779409615655476,1,3,288,96,256,1.0,0.0,140207,1076.0,20892,0,0,0,2640.9456272257958
6,x,31,0.005,normal,anqi,2000000,0.046618,93236,0.11372932712129584,0.0003364265695746831,20,0.0007676251826592388,0.0019895389530149585,0.004539535043699192,0.0413155,0.000294338421012634,0.0006715925691573491,1,3,320,128,320,1.0,0.0,93236,10605.0,0,0,0,0,2565.432135773939
6,x,31,0.005,normal,val,2000000,0.046618,93236,0.11412794474029357,0.0003364265695746831,20,0.0007676251826592388,0.001258954113450719,0.002872558141049786,0.04129725,0.0002946898971264895,0.0006723945329155618,1,3,320,128,320,1.0,0.0,93236,2060.0,17163,0,0,0,2608.2020688325865
6,x,32,0.005,m1,anqi,2000000,0.0476725,95345,0.02230960272485896,0.00024286304891093618,20,0.000554141108762969,0.0010764409833066088,0.0024561175637145857,0.046609,0.00024499339780577914,0.0005590019301350714,0,4,352,96,320,1.0,0.0,95345,2127.0,0,0,0,0,2140.045582888066
6,x,32,0.005,m1,val,2000000,0.0476725,95345,0.35247212552889406,0.00024286304891093618,20,0.000554141108762969,0.001751741925495546,0.003996953086167768,0.030869,0.00016816068981780484,0.00038369258528149833,0,4,352,96,320,1.0,0.0,95345,2128.0,62958,0,0,0,2099.6351620678324
6,x,32,0.005,normal,anqi,2000000,0.0356825,71365,0.3877123435323577,0.0003014930661679774,20,0.0006879173374453464,0.0026525599475217716,0.006052351384746894,0.021848,0.00020893036785141227,0.0004767168419181577,0,4,384,128,384,1.0,0.0,71365,27669.0,0,0,0,0,2011.9339035948506
6,x,32,0.005,normal,val,2000000,0.0356825,71365,0.38986657215937204,0.0003014930661679774,20,0.0006879173374453464,0.0017803691362266525,0.00406227185065855,0.02177075,0.00018643233358316133,0.00042538303173047517,0,4,384,128,384,1.0,0.0,71365,3264.0,49119,0,0,0,1993.2550265848404
6,x,33,0.005,m1,anqi,1900000,1.0,1900000,0.0,0.0,19,0.0,0.0,0.0,1.0,0.0,0.0,5,-1,32,32,0,1.0,0.0,1900000,0.0,0,0,0,0,3933.891966107767
6,x,33,0.005,m1,val,1900000,1.0,1900000,0.0,0.0,19,0.0,0.0,0.0,1.0,0.0,0.0,5,-1,32,32,0,1.0,0.0,1900000,0.0,0,0,0,0,3916.8430765119847
6,x,33,0.005,normal,anqi,2000000,1.0,2000000,0.0,0.0,20,0.0,0.0,0.0,1.0,0.0,0.0,5,-1,64,64,64,1.0,0.0,2000000,0.0,0,0,0,0,4101.238592419424
6,x,33,0.005,normal,val,2000000,1.0,2000000,0.0,0.0,20,0.0,0.0,0.0,1.0,0.0,0.0,5,-1,64,64,64,1.0,0.0,2000000,0.0,0,0,0,0,4090.6171204329003
6,x,34,0.005,m1,anqi,2000000,0.026489000000000002,52978,0.0,0.00020342048936804975,20,0.00046414494106452296,0.0,0.0,0.026489000000000002,0.00020342048936804975,0.00046414494106452296,0,4,352,288,320,1.0,0.0,52978,0.0,0,0,0,0,1911.421959277708
6,x,34,0.005,m1,val,2000000,0.026489000000000002,52978,0.0,0.00020342048936804975,20,0.00046414494106452296,0.0,0.0,0.026489000000000002,0.00020342048936804975,0.00046414494106452296,0,4,352,288,320,1.0,0.0,52978,0.0,0,0,0,0,1993.543955178
6,x,34,0.005,normal,anqi,2000000,0.0169145,33829,0.0,0.00017995451232259496,20,0.00041060257388892443,0.0,0.0,0.0169145,0.00017995451232259496,0.00041060257388892443,0,4,384,320,384,1.0,0.0,33829,0.0,0,0,0,0,1827.3756983202184
6,x,34,0.005,normal,val,2000000,0.0169145,33829,0.0,0.00017995451232259496,20,0.00041060257388892443,0.0,0.0,0.0169145,0.00017995451232259496,0.00041060257388892443,0,4,384,320,384,1.0,0.0,33829,0.0,0,0,0,0,1814.9525079597952
6,x,35,0.005,m1,anqi,2000000,0.0477555,95511,0.0,0.0003603597810083988,20,0.0008222336394813444,0.0,0.0,0.0477555,0.0003603597810083988,0.0008222336394813444,1,3,288,224,256,1.0,0.0,95511,0.0,0,0,0,0,2602.6992865189677
6,x,35,0.005,m1,val,2000000,0.0477555,95511,0.0,0.0003603597810083988,20,0.0008222336394813444,0.0,0.0,0.0477555,0.0003603597810083988,0.0008222336394813444,1,3,288,224,256,1.0,0.0,95511,0.0,0,0,0,0,2589.347970236675
6,x,35,0.005,normal,anqi,2000000,0.0283485,56697,0.0,0.00017491096387651215,20,0.0003990946992223381,0.0,0.0,0.0283485,0.00017491096387651215,0.0003990946992223381,1,3,320,256,320,1.0,0.0,56697,0.0,0,0,0,0,2407.5103469771566
6,x,35,0.005,normal,val,2000000,0.0283485,56697,0.0,0.00017491096387651215,20,0.0003990946992223381,0.0,0.0,0.0283485,0.00017491096387651215,0.0003990946992223381,1,3,320,256,320,1.0,0.0,56697,0.0,0,0,0,0,2436.7807694949443
6,x,36,0.005,m1,anqi,2000000,0.0226535,45307,0.0,0.00022842410468249585,20,0.000521195740581213,0.0,0.0,0.0226535,0.00022842410468249585,0.000521195740581213,0,4,352,224,320,1.0,0.0,45307,0.0,0,0,0,0,1975.4917719252408
6,x,36,0.005,m1,val,2000000,0.0226535,45307,6.640197980839309e-05,0.00022842410468249585,20,0.000521195740581213,4.564636926738293e-05,0.00010415141286523011,0.022652,0.00022847753933143478,0.0005213176625275205,0,4,352,224,320,1.0,0.0,45307,0.0,6,0,0,0,2020.170271522249
6,x,36,0.005,normal,anqi,2000000,0.012684,25368,3.940110323089047e-05,0.00010350269114223166,20,0.00023616229923285238,7.722616233254531e-05,0.00017620709042551536,0.0126835,0.00010350147021584799,0.0002361595134426591,0,4,384,256,384,1.0,0.0,25368,1.0,0,0,0,0,1876.142912177951
6,x,36,0.005,normal,val,2000000,0.012684,25368,5.913851478222196e-05,0.00010350269114223166,20,0.00023616229923285238,6.331486936181504e-05,0.0001444656651832012,0.012683249999999998,0.00010350189754172052,0.00023616048847296476,0,4,384,256,384,1.0,0.0,25368,0.0,3,0,0,0,1866.1841625340749
6,x,37,0.005,m1,anqi,1900000,0.09377842105263158,178179,0.0,0.000367215864099597,19,0.0008166616541199536,0.0,0.0,0.09377842105263158,0.000367215864099597,0.0008166616541199536,2,2,224,160,192,1.0,0.0,178179,0.0,0,0,0,0,2798.3808116918663
6,x,37,0.005,m1,val,2000000,0.0937905,187581,0.0,0.00034917507775658174,20,0.0007967134795025425,0.0,0.0,0.0937905,0.00034917507775658174,0.0007967134795025425,2,2,224,160,192,1.0,0.0,187581,0.0,0,0,0,0,2986.5194974869955
6,x,37,0.005,normal,anqi,2000000,0.053513500000000006,107027,0.0,0.0003158045848472224,20,0.0007205719584943769,0.0,0.0,0.053513500000000006,0.0003158045848472224,0.0007205719584943769,2,2,256,192,256,1.0,0.0,107027,0.0,0,0,0,0,2840.131835851702
6,x,37,0.005,normal,val,2000000,0.053513500000000006,107027,0.0,0.0003158045848472224,20,0.0007205719584943769,0.0,0.0,0.053513500000000006,0.0003158045848472224,0.0007205719584943769,2,2,256,192,256,1.0,0.0,107027,0.0,0,0,0,0,2871.3039492457174
6,x,38,0.005,m1,anqi,14000000,0.02195671875,308136,0.0,0.00011295578230975018,32,0.0003260073454916564,0.0,0.0,0.02195671875,0.00011295578230975018,0.0003260073454916564,0,4,352,224,320,1.0,0.0,308136,0.0,0,0,0,0,13743.35207396315
6,x,38,0.005,m1,val,14000000,0.02195671875,308136,6.653331806143397e-05,0.00011295578230975018,32,0.0003260073454916564,2.9541254051869962e-05,8.526049414217072e-05,0.02195525,0.00011275735251758175,0.000325434647321731,0,4,352,224,320,1.0,0.0,308136,0.0,49,0,0,0,13767.678632264258
6,x,38,0.005,normal,anqi,15000000,0.012126060606060607,182153,8.164590465334295e-05,0.00010610425976775468,33,0.00031098090168388336,6.778050092108471e-05,0.00019865782334433656,0.012125060606060606,0.00010595988652780064,0.00031055775825459777,0,4,384,256,384,1.0,0.0,182153,15.0,0,0,0,0,13506.543879347504
6,x,38,0.005,normal,val,15000000,0.012126060606060607,182153,8.72791373601447e-05,0.00010610425976775468,33,0.00031098090168388336,4.559170505475203e-05,0.00013362469686199364,0.012125,0.00010606817838498545,0.0003108751507840407,0,4,384,256,384,1.0,0.0,182153,0.0,34,0,0,0,13543.70979608898
6,x,39,0.005,m1,anqi,1900000,0.04778947368421053,90800,0.0,0.0003073791773332227,19,0.0006835891690531561,0.0,0.0,0.04778947368421053,0.0003073791773332227,0.0006835891690531561,1,3,288,160,256,1.0,0.0,90800,0.0,0,0,0,0,2462.978967417148
6,x,39,0.005,m1,val,1900000,0.04778947368421053,90800,0.000159086236715479,0.0003073791773332227,19,0.0006835891690531561,5.458667602654844e-05,0.00012139683901199951,0.04778184210526316,0.00030638295131965365,0.0006813736340949551,1,3,288,160,256,1.0,0.0,90800,0.0,29,0,0,0,2434.1362258002628
6,x,39,0.005,normal,anqi,2000000,0.026466499999999997,52933,0.0001703815191394502,0.00016323322230219565,20,0.0003724495727082084,0.00010079116186903431,0.00022997539741871986,0.026462000000000003,0.00016352605612433418,0.0003731177322310786,1,3,320,192,320,1.0,0.0,52933,9.0,0,0,0,0,2521.6800913484767
6,x,39,0.005,normal,val,2000000,0.026466499999999997,52933,0.000170409849353721,0.00016323322230219565,20,0.0003724495727082084,6.521342233526416e-05,0.00014879759733372832,0.026462000000000003,0.0001635415108418074,0.00037315299529112265,1,3,320,192,320,1.0,0.0,52933,1.0,16,0,0,0,2493.3786384848645
6,x,40,0.005,m1,anqi,2000000,0.025937500000000002,51875,0.0003066744359110897,0.00020409017795288968,20,0.00046567297085988796,0.0001596274476716483,0.0003642222694577512,0.0259295,0.00020291580722322445,0.0004629934067962987,0,4,352,160,320,1.0,0.0,51875,16.0,0,0,0,0,2109.335538819898
6,x,40,0.005,m1,val,2000000,0.025937500000000002,51875,0.013557475992705837,0.00020409017795288968,20,0.00046567297085988796,0.000659852645270481,0.0015055871122018885,0.025585999999999998,0.00020580073684078567,0.00046957595652606334,0,4,352,160,320,1.0,0.0,51875,17.0,1372,0,0,0,2057.1070637168596
6,x,40,0.005,normal,anqi,2000000,0.014394,28788,0.014480384371989466,0.00016921247036290153,20,0.0003860924350735881,0.0011644878780317836,0.0026570143410750537,0.014185,0.00015759423847336548,0.000359583091927304,0,4,384,192,384,1.0,0.0,28788,418.0,0,0,0,0,1978.2314617660595
6,x,40,0.005,normal,val,2000000,0.014394,28788,0.013938543222348157,0.00016921247036290153,20,0.0003860924350735881,0.000817814791233658,0.00186600965939108,0.014193,0.00016075301971461815,0.00036679048945943883,0,4,384,192,384,1.0,0.0,28788,12.0,780,0,0,0,1949.4514627103927
6,x,41,0.005,m1,anqi,1900000,0.1968521052631579,374019,0.0,0.0004255876851015106,19,0.0009464763831494366,0.0,0.0,0.1968521052631579,0.0004255876851015106,0.0009464763831494366,3,1,160,96,128,1.0,0.0,374019,0.0,0,0,0,0,3187.9742036578245
6,x,41,0.005,m1,val,1900000,0.1968521052631579,374019,0.0,0.0004255876851015106,19,0.0009464763831494366,0.0,0.0,0.1968521052631579,0.0004255876851015106,0.0009464763831494366,3,1,160,96,128,1.0,0.0,374019,0.0,0,0,0,0,3224.681247642031
6,x,41,0.005,normal,anqi,2000000,0.1116935,223387,0.0,0.00035550120737081256,20,0.0008111478222085573,0.0,0.0,0.1116935,0.00035550120737081256,0.0008111478222085573,3,1,192,128,192,1.0,0.0,223387,0.0,0,0,0,0,3209.6776586055057
6,x,41,0.005,normal,val,2000000,0.1116935,223387,0.0,0.00035550120737081256,20,0.0008111478222085573,0.0,0.0,0.1116935,0.00035550120737081256,0.0008111478222085573,3,1,192,128,192,1.0,0.0,223387,0.0,0,0,0,0,3220.9097246449674
6,x,42,0.005,m1,anqi,13900000,0.021920290322580648,304238,2.94181597727501e-06,0.00012064413002698787,31,0.00034271331007596655,4.008648341207974e-06,1.1387351723109916e-05,0.021920225806451612,0.00012064342867458088,0.0003427113177469168,0,4,352,224,320,1.0,0.0,304238,2.0,0,0,0,0,13578.504296654952
6,x,42,0.005,m1,val,13900000,0.021920290322580648,304238,0.00016844463583541873,0.00012064413002698787,31,0.00034271331007596655,5.379975043939775e-05,0.00015282874144164672,0.021916612903225805,0.00012097984804351785,0.00034366698293739284,0,4,352,224,320,1.0,0.0,304238,1.0,109,0,0,0,13613.739141586702
6,x,42,0.005,normal,anqi,15000000,0.012141454545454546,181932,9.039501805973981e-05,7.723653026183305e-05,33,0.00022637249320935212,5.740924128355725e-05,0.00016826070563449587,0.012140363636363637,7.736170330170508e-05,0.00022673936278547587,0,4,384,256,384,1.0,0.0,181932,27.0,0,0,0,0,13642.079483318143
6,x,42,0.005,normal,val,15000000,0.012141454545454546,181932,0.00013078085320386283,7.723653026183305e-05,33,0.00022637249320935212,5.312093903203774e-05,0.00015569212352676938,0.012139863636363636,7.716292314444543e-05,0.00022615675815982955,0,4,384,256,384,1.0,0.0,181932,2.0,56,0,0,0,13646.763930555666
6,x,43,0.005,m1,anqi,13900000,0.0472828064516129,659772,7.474788284025993e-06,0.00018217399047025637,31,0.000517500944885117,5.602045156563505e-06,1.5913707847795313e-05,0.047282451612903224,0.00018212698912493488,0.0005173674283466038,1,3,288,160,256,1.0,0.0,659772,11.0,0,0,0,0,17674.495498798206
6,x,43,0.005,m1,val,13900000,0.0472828064516129,659772,0.00032550694350395675,0.00018217399047025637,31,0.000517500944885117,5.8509269727021864e-05,0.0001662070545312866,0.04726741935483871,0.00018226541723861253,0.0005177606605497406,1,3,288,160,256,1.0,0.0,659772,12.0,453,0,0,0,17698.961369207827
6,x,43,0.005,normal,anqi,15000000,0.026037030303030305,391789,0.0002737772264916579,0.00014735991935971115,33,0.0004318970858931902,0.00011001044263866664,0.00032242953036285655,0.02602987878787879,0.00014687040859556584,0.0004304623791325844,1,3,320,192,320,1.0,0.0,391789,137.0,0,0,0,0,18072.303026910988
6,x,43,0.005,normal,val,15000000,0.026037030303030305,391789,0.0003489441567089977,0.00014735991935971115,33,0.0004318970858931902,6.202537644845238e-05,0.0001817901330016526,0.02602793939393939,0.00014719367457727278,0.0004314098391751406,1,3,320,192,320,1.0,0.0,391789,7.0,280,0,0,0,18082.310486499104
6,x,44,0.005,m1,anqi,1900000,0.02570947368421053,48848,0.0007968981409818178,0.0002720421008280903,19,0.0006050020540296676,0.00020224420935089835,0.00044977656656982126,0.025688947368421054,0.00027110907455249255,0.0006029270707403825,0,4,352,160,320,1.0,0.0,48848,39.0,0,0,0,0,1927.410049683298
6,x,44,0.005,m1,val,1900000,0.02570947368421053,48848,0.021154438126302612,0.0002720421008280903,19,0.0006050020540296676,0.0009149274179663341,0.0020347327324438014,0.025166052631578947,0.00027647128381180086,0.0006148522382278534,0,4,352,160,320,1.0,0.0,48848,43.0,1979,0,0,0,1915.5305880132364
6,x,44,0.005,normal,anqi,2000000,0.0142175,28435,0.022143000338818893,0.00016539644207972444,20,0.0003773853956396638,0.0012598493908822532,0.0028746008973718593,0.013902000000000001,0.00015050747447779532,0.0003434132082185357,0,4,384,192,384,1.0,0.0,28435,631.0,0,0,0,0,1832.7113957785768
6,x,44,0.005,normal,val,2000000,0.0142175,28435,0.02208858218810505,0.00016539644207972444,20,0.0003773853956396638,0.0009749072171848114,0.002224447764673867,0.013902999999999999,0.00015435085964672884,0.00035218266791389274,0,4,384,192,384,1.0,0.0,28435,12.0,1234,0,0,0,1877.1774411380757
6,x,45,0.005,m1,anqi,1900000,0.10564842105263157,200732,8.465458385663069e-05,0.00040823295017262885,19,0.0009078807016459004,3.4421412471991615e-05,7.65507441119092e-05,0.10563947368421053,0.0004080078399840589,0.0009073800727871565,2,2,224,96,192,1.0,0.0,200732,17.0,0,0,0,0,2829.350782836671
6,x,45,0.005,m1,val,1900000,0.10564842105263157,200732,0.0010300206009934878,0.00040823295017262885,19,0.0009078807016459004,0.00011491830401100555,0.0002555700377280909,0.10553947368421053,0.0004008952278180532,0.000891562135207454,2,2,224,96,192,1.0,0.0,200732,17.0,380,0,0,0,2882.0805469291518
6,x,45,0.005,normal,anqi,2000000,0.06046700000000001,120934,0.0013653667307914974,0.0003080056870288353,20,0.000702777197605103,0.0002093037678496731,0.0004775688294476572,0.060384499999999994,0.0003102470940192165,0.0007078914204578945,2,2,256,128,256,1.0,0.0,120934,165.0,0,0,0,0,2862.9388212998165
6,x,45,0.005,normal,val,2000000,0.06046700000000001,120934,0.0013204240029968486,0.0003080056870288353,20,0.000702777197605103,0.0001664738696147616,0.0003798437642204527,0.06038725,0.00031142653521632055,0.0007105825538172703,2,2,256,128,256,1.0,0.0,120934,20.0,279,0,0,0,2891.6168208069867
6,x,46,0.005,m1,anqi,1900000,0.026068947368421053,49531,0.0017341886259668253,0.00021592743260795365,19,0.0004802070703450302,0.0003613779018758766,0.0008036784462784204,0.026023684210526317,0.00021433133550390095,0.0004766574652528651,0,4,352,160,320,1.0,0.0,49531,86.0,0,0,0,0,1863.6891398511361
6,x,46,0.005,m1,val,1900000,0.026068947368421053,49531,0.0364266074060164,0.00021592743260795365,19,0.0004802070703450302,0.0015899963829715902,0.003536037527534876,0.025118947368421053,0.0002019398312639385,0.0004490996516097773,0,4,352,160,320,1.0,0.0,49531,85.0,3440,0,0,0,1919.5039524850436
6,x,46,0.005,normal,anqi,2000000,0.014202500000000002,28405,0.03824343869548853,0.00014556511980987478,20,0.0003321362275997769,0.002406933085216715,0.005491904077385581,0.0136595,0.00014701358182870477,0.00033544118631093035,0,4,384,192,384,1.0,0.0,28405,1086.0,0,0,0,0,1826.5676679641474
6,x,46,0.005,normal,val,2000000,0.014202500000000002,28405,0.0380703874551623,0.00014556511980987478,20,0.0003321362275997769,0.0018503846152606892,0.0042220263104517305,0.013661499999999998,0.00013646505787582618,0.0003113725979222351,0,4,384,192,384,1.0,0.0,28405,48.0,2068,0,0,0,1840.208108909661
6,x,47,0.005,m1,anqi,1900000,0.060062105263157896,114118,0.003958933633353566,0.0003091359443611004,19,0.0006874960924928822,0.0002672925130573616,0.000594439312643911,0.05982421052631579,0.00030357646737191787,0.0006751322157710524,1,3,288,96,256,1.0,0.0,114118,452.0,0,0,0,0,2484.3331098160706
6,x,47,0.005,m1,val,1900000,0.060062105263157896,114118,0.06492402536546532,0.0003091359443611004,19,0.0006874960924928822,0.0009585537480005845,0.0021317545507585213,0.056162368421052634,0.00028388003873597095,0.0006313287759890354,1,3,288,96,256,1.0,0.0,114118,449.0,13921,0,0,0,2451.2266083832365
6,x,47,0.005,normal,anqi,2000000,0.035855,71710,0.0828744459077219,0.0002894621371476851,20,0.0006604663424230521,0.002252054102549466,0.005138516390110091,0.0328845,0.0002997160318842157,0.0006838626747342865,1,3,320,128,320,1.0,0.0,71710,5941.0,0,0,0,0,2539.6111541282153
6,x,47,0.005,normal,val,2000000,0.035855,71710,0.08212563875915711,0.0002894621371476851,20,0.0006604663424230521,0.001328135430201895,0.0030304092910789435,0.03291075,0.0002788225092004623,0.0006361898818666268,1,3,320,128,320,1.0,0.0,71710,726.0,10325,0,0,0,2545.94337684568
6,x,48,0.005,m1,anqi,1900000,0.03602368421052632,68445,0.012050296588794128,0.00027033448715644426,19,0.0006012044441167524,0.0008222078943878699,0.0018285311848051469,0.03559,0.0002798797870598705,0.0006224325041498256,0,4,352,96,320,1.0,0.0,68445,824.0,0,0,0,0,2021.7800015322864
6,x,48,0.005,m1,val,1900000,0.03602368421052632,68445,0.3115652158358268,0.00027033448715644426,19,0.0006012044441167524,0.0019030666785652196,0.004232283334023161,0.024799736842105263,0.00019226282773243013,0.00042757869218624096,0,4,352,96,320,1.0,0.0,68445,826.0,40999,0,0,0,2046.663268927834
6,x,48,0.005,normal,anqi,2000000,0.0237115,47423,0.34000043203841024,0.00023995427156461524,20,0.000547504145622372,0.0033739078507351635,0.007698252351085755,0.0156495,0.00017588618443096715,0.00040131986192929364,0,4,384,128,384,1.0,0.0,47423,16124.0,0,0,0,0,1957.8126962801907
6,x,48,0.005,normal,val,2000000,0.0237115,47423,0.3426886114764971,0.00023995427156461524,20,0.000547504145622372,0.001891794348035561,0.004316510981283071,0.015585499999999999,0.00015733727359770118,0.0003589967746519824,0,4,384,128,384,1.0,0.0,47423,1351.0,29802,0,0,0,1979.5526365310652
6,x,49,0.005,m1,anqi,1900000,0.4853978947368421,922256,0.0,0.00046321379152334716,19,0.0010301541359717286,0.0,0.0,0.4853978947368421,0.00046321379152334716,0.0010301541359717286,4,0,96,32,64,1.0,0.0,922256,0.0,0,0,0,0,3580.002812194871
6,x,49,0.005,m1,val,1900000,0.4853978947368421,922256,0.0,0.00046321379152334716,19,0.0010301541359717286,0.0,0.0,0.4853978947368421,0.00046321379152334716,0.0010301541359717286,4,0,96,32,64,1.0,0.0,922256,0.0,0,0,0,0,3591.6090677449247
6,x,49,0.005,normal,anqi,2000000,0.385367,770734,7.813910761864003e-06,0.000789180879059859,20,0.001800675604204985,6.520100781800159e-06,1.4876927110463959e-05,0.385364,0.0007902859998759929,0.0018031971606011332,4,0,128,64,128,1.0,0.0,770734,6.0,0,0,0,0,3717.023800434079
6,x,49,0.005,normal,val,2000000,0.385367,770734,4.557522675612964e-06,0.000789180879059859,20,0.001800675604204985,3.3505244083923363e-06,7.644898303507685e-06,0.38536525,0.0007898022677893901,0.0018020934281230295,4,0,128,64,128,1.0,0.0,770734,0.0,7,0,0,0,3675.062881712918
6,x,50,0.005,m1,anqi,13900000,0.02306016129032258,320215,2.3667030612166684e-05,0.00011710255849263923,31,0.00033265278161813,2.756443880880879e-05,7.830219391892571e-05,0.023059612903225807,0.0001170368438484611,0.0003324661062844713,0,4,352,224,320,1.0,0.0,320215,8.0,0,0,0,0,13647.908117991174
6,x,50,0.005,m1,val,13900000,0.02306016129032258,320215,0.0003187978137793132,0.00011710255849263923,31,0.00033265278161813,6.874973670763553e-05,0.00019529710918097964,0.023052806451612902,0.00011699892234218836,0.00033235838280936406,0,4,352,224,320,1.0,0.0,320215,8.0,215,0,0,0,13697.61261779978
6,x,50,0.005,normal,anqi,15000000,0.012936848484848485,193942,0.0005064282484133657,0.00010599538673537989,33,0.00031066180578847745,0.00019606132454566167,0.0005746360007223355,0.012930363636363637,0.00010691394749069972,0.0003133540148719397,0,4,384,256,384,1.0,0.0,193942,79.0,0,0,0,0,13719.42956217681
6,x,50,0.005,normal,val,15000000,0.012936848484848485,193942,0.00044488625425932683,0.00010599538673537989,33,0.00031066180578847745,0.00013190117252721156,0.00038658905547672836,0.012931136363636363,0.00010657383321612031,0.00031235717417943805,0,4,384,256,384,1.0,0.0,193942,3.0,137,0,0,0,13649.751069688005
6,x,51,0.005,m1,anqi,1900000,0.0493,93670,8.491443800215479e-05,0.00027187906324180187,19,0.0006046394701711828,8.687312168653752e-05,0.00019319957058241266,0.04929578947368421,0.00027095747614929187,0.0006025899268018346,1,3,288,160,256,1.0,0.0,93670,8.0,0,0,0,0,2428.4464367182227
6,x,51,0.005,m1,val,1900000,0.0493,93670,0.0006139976409383184,0.00027187906324180187,19,0.0006046394701711828,0.00012908383121158025,0.00028707315076343873,0.04926973684210526,0.0002720757287578812,0.0006050768401254016,1,3,288,160,256,1.0,0.0,93670,8.0,99,0,0,0,2495.2252893422265
6,x,51,0.005,normal,anqi,2000000,0.027113500000000002,54227,0.0006095477657785834,0.00023659825380856675,20,0.0005398467131364325,0.0001902428841993167,0.0004340775727605029,0.027097,0.0002371736403210904,0.0005411595737031054,1,3,320,192,320,1.0,0.0,54227,33.0,0,0,0,0,2420.3104979561176
6,x,51,0.005,normal,val,2000000,0.027113500000000002,54227,0.0005909208392643386,0.00023659825380856675,20,0.0005398467131364325,0.00012299331359280735,0.0002806340918076185,0.027097500000000004,0.0002369957217024459,0.0005407536164319299,1,3,320,192,320,1.0,0.0,54227,2.0,60,0,0,0,2368.090506777051
6,x,52,0.005,m1,anqi,1900000,0.02633842105263158,50043,0.0015780999014503377,0.00017351902022135212,19,0.00038589381322809413,0.00024739426023937135,0.0005501870304058278,0.02629684210526316,0.0001728690904990956,0.0003844484162996658,0,4,352,160,320,1.0,0.0,50043,79.0,0,0,0,0,1910.1213429642376
6,x,52,0.005,m1,val,1900000,0.02633842105263158,50043,0.02676901397712179,0.00017351902022135212,19,0.00038589381322809413,0.0009316349307481776,0.002071889038471337,0.025633684210526315,0.00018067951394389655,0.00040181823594361894,0,4,352,160,320,1.0,0.0,50043,79.0,2520,0,0,0,1930.4934544131393
6,x,52,0.005,normal,anqi,2000000,0.014478,28956,0.02591933231886855,0.00011377778008954688,20,0.00025960699041760097,0.0012692737554849376,0.002896104489102824,0.0141025,0.0001062639608165491,0.00024246269382058964,0,4,384,192,384,1.0,0.0,28956,751.0,0,0,0,0,1881.4064730872633
6,x,52,0.005,normal,val,2000000,0.014478,28956,0.026657596613379658,0.00011377778008954688,20,0.00025960699041760097,0.001020121247775675,0.002327612709508485,0.014091999999999999,0.00011045274807760441,0.00025202025816651295,0,4,384,192,384,1.0,0.0,28956,45.0,1454,0,0,0,1936.8500915386248
6,x,53,0.005,m1,anqi,1900000,0.10772421052631578,204676,0.00015105647495901664,0.000353973906211821,19,0.0007872124927692205,6.79157645107936e-05,0.0001510397725387017,0.10770789473684211,0.0003511615213606614,0.000780957951260777,2,2,224,96,192,1.0,0.0,204676,31.0,0,0,0,0,2820.4276331523433
6,x,53,0.005,m1,val,1900000,0.10772421052631578,204676,0.001428609978067937,0.000353973906211821,19,0.0007872124927692205,0.00012577633895307684,0.0002797175260127451,0.10757026315789474,0.0003503530347560274,0.0007791599352368965,2,2,224,96,192,1.0,0.0,204676,31.0,523,0,0,0,2840.369578309008
6,x,53,0.005,normal,anqi,2000000,0.059853500000000004,119707,0.0018455929792142573,0.0002561425742371662,20,0.0005844410284960102,0.00023344741021240722,0.0005326574269451236,0.059743000000000004,0.00025437948295286753,0.0005804181795549601,2,2,256,128,256,1.0,0.0,119707,221.0,0,0,0,0,2855.744291107636
6,x,53,0.005,normal,val,2000000,0.059853500000000004,119707,0.0017629545317826522,0.0002561425742371662,20,0.0005844410284960102,0.00017031710745893508,0.0003886128877646075,0.059748,0.00025676570905665833,0.0005858628364710423,2,2,256,128,256,1.0,0.0,119707,32.0,358,0,0,0,2908.8295957338996
6,x,54,0.005,m1,anqi,1900000,0.02648315789473684,50318,0.00268488601373957,0.0002082486825768986,19,0.00046313008289703084,0.0003983508234680402,0.000885903563047652,0.026412105263157893,0.00020936506866970524,0.00046561284522382595,0,4,352,160,320,1.0,0.0,50318,135.0,0,0,0,0,1829.6190302351024
6,x,54,0.005,m1,val,1900000,0.02648315789473684,50318,0.04110675500405208,0.0002082486825768986,19,0.00046313008289703084,0.0012303137089193289,0.0027361291459347304,0.025395,0.00021488504529179885,0.0004778888759719959,0,4,352,160,320,1.0,0.0,50318,136.0,3863,0,0,0,1832.2630675280234
6,x,54,0.005,normal,anqi,2000000,0.0145055,29011,0.04271073824600218,0.0001886647697567525,20,0.00043047678585249495,0.0018754197311982718,0.004279148985003795,0.0138855,0.00017578844576125562,0.00040109685140939013,0,4,384,192,384,1.0,0.0,29011,1240.0,0,0,0,0,1853.293329397682
6,x,54,0.005,normal,val,2000000,0.0145055,29011,0.04203675118942199,0.0001886647697567525,20,0.00043047678585249495,0.001533243466957854,0.0034984047124236883,0.013895750000000002,0.0001824101141442142,0.00041620552552036616,0,4,384,192,384,1.0,0.0,29011,68.0,2303,0,0,0,1789.7102627721615
6,x,55,0.005,m1,anqi,1900000,0.05914578947368421,112377,0.005519835828763392,0.00033688226580765105,19,0.0007492019145543667,0.0005296171324548389,0.0011778303873155298,0.058819473684210526,0.00034244191593984456,0.0007615661763337922,1,3,288,96,256,1.0,0.0,112377,620.0,0,0,0,0,2444.925692103803
6,x,55,0.005,m1,val,1900000,0.05914578947368421,112377,0.06609922818443588,0.00033688226580765105,19,0.0007492019145543667,0.0012910071909749815,0.002871107082063398,0.05523657894736842,0.0003340930512144869,0.0007429989020321976,1,3,288,96,256,1.0,0.0,112377,619.0,13617,0,0,0,2447.1536890537245
6,x,55,0.005,normal,anqi,2000000,0.0338065,67613,0.07331061875450617,0.0002296731760796772,20,0.0005240457493086091,0.0015351101792676536,0.0035026639936677167,0.031328,0.00021528842558176162,0.0004912240350711467,1,3,320,128,320,1.0,0.0,67613,4957.0,0,0,0,0,2506.2656629502308
6,x,55,0.005,normal,val,2000000,0.0338065,67613,0.07358100350506017,0.0002296731760796772,20,0.0005240457493086091,0.0016293955372803678,0.0037177950852996895,0.0313185,0.00020540922548850966,0.0004686826442835613,1,3,320,128,320,1.0,0.0,67613,564.0,8824,0,0,0,2462.5854749984574
6,x,56,0.005,m1,anqi,1900000,0.03361,63859,0.01226286567504117,0.0002675771649100246,19,0.000595072357878528,0.0012229481896702872,0.002719748761203467,0.033197368421052635,0.00025473757788304106,0.0005665180403645397,0,4,352,96,320,1.0,0.0,63859,784.0,0,0,0,0,1973.9303844799288
6,x,56,0.005,m1,val,1900000,0.03361,63859,0.2979555135312147,0.0002675771649100246,19,0.000595072357878528,0.0017328407548414158,0.003853713130409424,0.023596052631578945,0.00020553863571734008,0.00045710313371689036,0,4,352,96,320,1.0,0.0,63859,785.0,36483,0,0,0,1979.5783690277021
6,x,56,0.005,normal,anqi,2000000,0.019926,39852,0.3149587382319292,0.00018405883590223067,20,0.000419967417282517,0.004411050200464892,0.010064702143268952,0.013649,0.00013134155361218757,0.0002996822879053923,0,4,384,128,384,1.0,0.0,39852,12554.0,0,0,0,0,1932.803418890806
6,x,56,0.005,normal,val,2000000,0.019926,39852,0.3163988819362502,0.00018405883590223067,20,0.000419967417282517,0.0027298220518388733,0.006228640484071098,0.013621,0.00012793766705951608,0.0002919156330896057,0,4,384,128,384,1.0,0.0,39852,940.0,23340,0,0,0,1951.8196601577802
6,x,57,0.005,m1,anqi,1900000,0.27047473684210527,513902,0.0006151084489970374,0.000757664130608479,19,0.0016849904992183482,8.525818853025411e-05,0.00018960807546567157,0.2703084210526316,0.0007617462977097327,0.0016940689450678436,3,1,160,32,128,1.0,0.0,513902,316.0,0,0,0,0,3349.72474669083
6,x,57,0.005,m1,val,1900000,0.27047473684210527,513902,0.003673169311312996,0.000757664130608479,19,0.0016849904992183482,0.0001271661844155551,0.0002828084422974804,0.2694813157894737,0.0007615238909361954,0.0016935743284095743,3,1,160,32,128,1.0,0.0,513902,316.0,3143,0,0,0,3286.408844448626
6,x,57,0.005,normal,anqi,2000000,0.21240450000000002,424809,0.010099150674443043,0.0005966183930506291,20,0.0013613053913141785,0.00033876597020916267,0.0007729629978075066,0.2102595,0.000602204302786634,0.0013740507728303877,3,1,192,64,192,1.0,0.0,424809,4290.0,0,0,0,0,3369.8818259588443
6,x,57,0.005,normal,val,2000000,0.21240450000000002,424809,0.010054454058968688,0.0005966183930506291,20,0.0013613053913141785,0.0002098678500515859,0.00047885589694599885,0.21026899999999998,0.0006002149358179491,0.0013695116302036815,3,1,192,64,192,1.0,0.0,424809,921.0,6700,0,0,0,3319.6190367758973
6,x,58,0.005,m1,anqi,1900000,0.02772578947368421,52679,0.006260193258379608,0.0002207043275447574,19,0.0004908305409029071,0.0006897726470213402,0.0015340047257064154,0.027552105263157895,0.0002169637219846516,0.0004825117033395665,0,4,352,160,320,1.0,0.0,52679,330.0,0,0,0,0,1851.1965604858706
6,x,58,0.005,m1,val,1900000,0.02772578947368421,52679,0.052558043860823814,0.0002207043275447574,19,0.0004908305409029071,0.0011042105700169625,0.0024556848403537667,0.026268157894736844,0.00019998298961210453,0.00044474777660525916,0,4,352,160,320,1.0,0.0,52679,329.0,4881,0,0,0,1884.833258757717
6,x,58,0.005,normal,anqi,2000000,0.015158,30316,0.053106252211641336,0.00016257743120384855,20,0.00037095325283581715,0.002520162203089227,0.005750259184115452,0.0143525,0.00014902429014302187,0.00034002902352902936,0,4,384,192,384,1.0,0.0,30316,1611.0,0,0,0,0,1798.3214520299807
6,x,58,0.005,normal,val,2000000,0.015158,30316,0.052559880527857886,0.00016257743120384855,20,0.00037095325283581715,0.0018099945397264821,0.004129868193603937,0.01436125,0.0001556268241491063,0.00035509403869368115,0,4,384,192,384,1.0,0.0,30316,219.0,2749,0,0,0,1794.8100654669106
6,x,59,0.005,m1,anqi,1900000,0.060505263157894736,114960,0.010555068710830121,0.00028151396974499877,19,0.0006260668088333758,0.0005556729502112731,0.001235776650831657,0.05986631578947368,0.00026607094419308237,0.0005917226314031104,1,3,288,96,256,1.0,0.0,114960,1214.0,0,0,0,0,2481.8992135301232
6,x,59,0.005,m1,val,1900000,0.060505263157894736,114960,0.07271920568401233,0.00028151396974499877,19,0.0006260668088333758,0.0010770237048705305,0.00239522320884103,0.056105,0.0002518323581436414,0.0005600570407457526,1,3,288,96,256,1.0,0.0,114960,1215.0,14291,0,0,0,2441.7737069657305
6,x,59,0.005,normal,anqi,2000000,0.033683000000000005,67366,0.07840369537911474,0.0001961139563460085,20,0.00044747360992459313,0.0024053381939470363,0.005488265010757293,0.031042999999999998,0.00022422452300270264,0.0005116135465882738,1,3,320,128,320,1.0,0.0,67366,5280.0,0,0,0,0,2413.4415191399166
6,x,59,0.005,normal,val,2000000,0.033683000000000005,67366,0.07850551758432783,0.0001961139563460085,20,0.00044747360992459313,0.0017830688088283319,0.004068431699081354,0.031039499999999998,0.0002156631749547866,0.0004920791014717684,1,3,320,128,320,1.0,0.0,67366,805.0,8964,0,0,0,2439.3289917598013
6,x,60,0.005,m1,anqi,1900000,0.03334,63346,0.02135920059152713,0.0002728852930406738,19,0.0006068772528279491,0.0012539539402542856,0.002788703319093403,0.032627368421052634,0.0002563288602164619,0.0005700569377533271,0,4,352,96,320,1.0,0.0,63346,1354.0,0,0,0,0,1897.6411486600991
6,x,60,0.005,m1,val,1900000,0.03334,63346,0.29676477559444375,0.0002728852930406738,19,0.0006068772528279491,0.0017010054838133698,0.003782913778750505,0.023445526315789472,0.0001910634720556371,0.0004249114114757804,0,4,352,96,320,1.0,0.0,63346,1355.0,34889,0,0,0,1926.6639652054291
6,x,60,0.005,normal,anqi,2000000,0.0190235,38047,0.30535472569104305,0.0001948063097973007,20,0.00044448995015576294,0.005457579553805545,0.012452570280532827,0.013212999999999999,0.00014355261525785028,0.0003275442919024763,0,4,384,128,384,1.0,0.0,38047,11621.0,0,0,0,0,1840.9552062989678
6,x,60,0.005,normal,val,2000000,0.0190235,38047,0.3063212684395831,0.0001948063097973007,20,0.00044448995015576294,0.002331011755044198,0.005318674225132567,0.013196,0.00013833848693845484,0.00031564720479474676,0,4,384,128,384,1.0,0.0,38047,1034.0,21242,0,0,0,1910.2630883108359
6,x,61,0.005,m1,anqi,1900000,0.15231631578947366,289401,0.027383381297185785,0.0004923354549586026,19,0.0010949186196360559,0.0006096663612707014,0.0013558541112526263,0.14814526315789475,0.0004801289267193754,0.001067772179306328,2,2,224,32,192,1.0,0.0,289401,7925.0,0,0,0,0,2896.308983099996
6,x,61,0.005,m1,val,1900000,0.15231631578947366,289401,0.10461576884828121,0.0004923354549586026,19,0.0010949186196360559,0.0009264936574277832,0.0020604552166117855,0.13638157894736844,0.0004596131219194747,0.0010221465059041988,2,2,224,32,192,1.0,0.0,289401,7926.0,44700,0,0,0,2876.5293978370028
6,x,61,0.005,normal,anqi,2000000,0.119779,239558,0.1555679806938412,0.0004527912588890333,20,0.0010331347290750861,0.0014327524809486087,0.0032691142268699604,0.101145,0.0004082596031680662,0.0009315267603580454,2,2,256,64,256,1.0,0.0,239558,37268.0,0,0,0,0,2991.2899369229563
6,x,61,0.005,normal,val,2000000,0.119779,239558,0.15558818233080474,0.0004527912588890333,20,0.0010331347290750861,0.001181638170017994,0.0026961461969068254,0.10114324999999999,0.00042968059429130263,0.0009804030790284293,2,2,256,64,256,1.0,0.0,239558,12028.0,50487,0,0,0,2980.166361802607
6,x,62,0.005,m1,anqi,1900000,0.03410105263157895,64792,0.04497174126066509,0.00025065269327076927,19,0.0005574335509661127,0.0016112191913415775,0.003583235525995541,0.03256736842105263,0.00024292850707694023,0.0005402555167620346,0,4,352,96,320,1.0,0.0,64792,2914.0,0,0,0,0,1858.5987881723559
6,x,62,0.005,m1,val,1900000,0.03410105263157895,64792,0.3008677515958188,0.00025065269327076927,19,0.0005574335509661127,0.002015233879813631,0.004481735117197455,0.02384052631578947,0.00017053306672074815,0.00037925326753460224,0,4,352,96,320,1.0,0.0,64792,2913.0,33164,0,0,0,1870.2911460102769
6,x,62,0.005,normal,anqi,2000000,0.0190185,38037,0.3020886311506276,0.000148605822015297,20,0.0003390742039575907,0.004107360902179659,0.009371773658569981,0.013272500000000001,0.00011407305461621376,0.00026028071890091855,0,4,384,128,384,1.0,0.0,38037,11492.0,0,0,0,0,1827.7188976142788
6,x,62,0.005,normal,val,2000000,0.0190185,38037,0.3033984244220923,0.000148605822015297,20,0.0003390742039575907,0.0026638051433047908,0.006078009570656206,0.013247749999999999,0.00010152016079266428,0.0002316387557337819,0,4,384,128,384,1.0,0.0,38037,1791.0,19501,0,0,0,1803.242190048215
6,x,63,0.005,m1,anqi,1900000,0.08563684210526316,162710,0.1077948935691629,0.0004508300309827979,19,0.0010026135437588403,0.001091005467979671,0.002426317643762085,0.07640578947368422,0.0004191162500717142,0.0009320843773766959,1,3,288,32,256,1.0,0.0,162710,17539.0,0,0,0,0,2531.865976690897
6,x,63,0.005,m1,val,1900000,0.08563684210526316,162710,0.3275289641449855,0.0004508300309827979,19,0.0010026135437588403,0.0016703801787203096,0.0037148053042526732,0.05758736842105263,0.0002990658882513079,0.0006651010124222854,1,3,288,32,256,1.0,0.0,162710,17538.0,71512,0,0,0,2556.751771493
6,x,63,0.005,normal,anqi,2000000,0.067479,134958,0.37996385063695615,0.0003742816782219391,20,0.000853999260445876,0.002645986466937191,0.006037352660832713,0.0418385,0.0002650152667300499,0.000604685868860847,1,3,320,64,320,1.0,0.0,134958,51281.0,0,0,0,0,2567.012238490861
6,x,63,0.005,normal,val,2000000,0.067479,134958,0.3787132054059805,0.0003742816782219391,20,0.000853999260445876,0.001716725883326658,0.0039170569120936536,0.041922749999999995,0.0002220943012017994,0.0005067530152066701,1,3,320,64,320,1.0,0.0,134958,19362.0,63501,0,0,0,2629.9229230288183
6,z,2,0.005,m1,anqi,1900000,0.045504736842105264,86459,0.0697720642488924,0.00032251175573688544,19,0.0007172429343678356,0.0013165950052100065,0.0029280125394289926,0.04233,0.0003123582139166019,0.0006946621880853712,1,3,288,288,256,1.0,0.0,86459,6032.0,0,0,0,0,2436.7502604532056
6,z,2,0.005,m1,val,1900000,0.045504736842105264,86459,0.2628537422131025,0.00032251175573688544,19,0.0007172429343678356,0.001959189060691654,0.004357095472880253,0.03354473684210526,0.0002835990664357452,0.0006307039138142302,1,3,288,288,256,1.0,0.0,86459,6036.0,33376,0,0,0,2444.9763477648376
6,z,2,0.005,normal,anqi,1900000,0.030558947368421054,58062,0.09436210223219739,0.00022740018621512657,19,0.000505721648701055,0.0027183088204509997,0.00604532318657202,0.027675263157894738,0.00022009811226186688,0.0004894823617416062,1,3,320,320,320,1.0,0.0,58062,5479.0,0,0,0,0,2357.4831114271656
6,z,2,0.005,normal,val,1900000,0.030558947368421054,58062,0.30664843872629416,0.00022740018621512657,19,0.000505721648701055,0.0029783716542724193,0.006623684212897723,0.021187105263157896,0.000155675406952889,0.00034621090148072065,1,3,320,320,320,1.0,0.0,58062,5480.0,24653,0,0,0,2325.563858424779
6,z,3,0.005,m1,anqi,1900000,0.02088421052631579,39680,0.024462716081376196,0.00025995994151241,19,0.0005781322012353773,0.0014443370525871059,0.0032121016595094832,0.020372631578947368,0.00024321501933988855,0.0005408926994152372,0,4,352,288,320,1.0,0.0,39680,972.0,0,0,0,0,1921.6397322220728
6,z,3,0.005,m1,val,1900000,0.02088421052631579,39680,0.22391338147400877,0.00025995994151241,19,0.0005781322012353773,0.0029184475837119284,0.006490417392561611,0.016207105263157894,0.0001969352386861742,0.0004379697978852526,0,4,352,288,320,1.0,0.0,39680,969.0,15835,0,0,0,1923.5604755011154
6,z,3,0.005,normal,anqi,1900000,0.011784736842105263,22391,0.026625043765433648,0.00013601898587444806,19,0.00030249643562734976,0.0019916424073539054,0.004429269380268236,0.011471052631578948,0.00013641090406984915,0.0003033680334885172,0,4,384,320,384,1.0,0.0,22391,596.0,0,0,0,0,1805.508392625372
6,z,3,0.005,normal,val,1900000,0.011784736842105263,22391,0.22433544676173578,0.00013601898587444806,19,0.00030249643562734976,0.0031838993954686726,0.00708076311798377,0.009141315789473685,0.00011769271506790654,0.0002617401282509854,0,4,384,320,384,1.0,0.0,22391,593.0,8859,0,0,0,1834.966124668601
6,z,4,0.005,m1,anqi,1900000,0.09493105263157894,180369,0.011318323188178403,0.000503032937675635,19,0.0011187090513267793,0.0004930100800023876,0.0010964189371823014,0.09385684210526316,0.0005094546161914295,0.0011329904021932355,2,2,224,224,192,1.0,0.0,180369,2041.0,0,0,0,0,2870.533859565039
6,z,4,0.005,m1,val,1900000,0.09493105263157894,180369,0.05897292832715507,0.000503032937675635,19,0.0011187090513267793,0.0006733732315631543,0.001497533605953675,0.08933342105263158,0.0005060187996342181,0.0011253493934374047,2,2,224,224,192,1.0,0.0,180369,2044.0,17183,0,0,0,2833.925044759293
6,z,4,0.005,normal,anqi,1900000,0.06340473684210526,120469,0.02061896786484499,0.0003290251737878878,19,0.0007317283073583219,0.0008808928979991221,0.0019590424094188042,0.06209736842105264,0.00032602591637340996,0.000725058174717825,2,2,256,256,256,1.0,0.0,120469,2484.0,0,0,0,0,2704.742834058008
6,z,4,0.005,normal,val,1900000,0.06340473684210526,120469,0.0873085798666524,0.0003290251737878878,19,0.0007317283073583219,0.001488857539909682,0.003311112019283102,0.057868421052631576,0.00029282475783244644,0.0006512211875297982,2,2,256,256,256,1.0,0.0,120469,2487.0,16064,0,0,0,2706.3775195740163
6,z,5,0.005,m1,anqi,1900000,0.02052736842105263,39002,0.012795067735233964,0.00020694352456080504,19,0.0004602275053983044,0.0007108090954377466,0.0015807882730421918,0.020264736842105262,0.00020499947928377137,0.000455904088610418,0,4,352,288,320,1.0,0.0,39002,499.0,0,0,0,0,1824.8783599782037
6,z,5,0.005,m1,val,1900000,0.02052736842105263,39002,0.21579912423273773,0.00020694352456080504,19,0.0004602275053983044,0.0024789121285733458,0.005512922172637,0.01609736842105263,0.00016574044005238933,0.0003685948107379216,0,4,352,288,320,1.0,0.0,39002,501.0,15832,0,0,0,1888.784817997017
6,z,5,0.005,normal,anqi,1900000,0.01133157894736842,21530,0.01575844755625586,0.00015133379965027535,19,0.00033655547929468434,0.001333491694826481,0.0029655895611221486,0.011153157894736842,0.0001520135800902536,0.0003380672620710419,0,4,384,320,384,1.0,0.0,21530,339.0,0,0,0,0,1749.6289214189164
6,z,5,0.005,normal,val,1900000,0.01133157894736842,21530,0.22256881065077283,0.00015133379965027535,19,0.00033655547929468434,0.0028699176455973347,0.006382490302777021,0.008808947368421053,0.00011273196182533973,0.00025070777005292905,0,4,384,320,384,1.0,0.0,21530,340.0,8906,0,0,0,1723.559355942998
6,z,6,0.005,m1,anqi,1900000,0.04362421052631579,82886,0.0034057658720709023,0.0003804194375962897,19,0.0008460254513473493,0.0003321773394293044,0.0007387384968910953,0.04347578947368421,0.00038296502973268087,0.0008516866650585742,1,3,288,224,256,1.0,0.0,82886,282.0,0,0,0,0,2434.5821363242576
6,z,6,0.005,m1,val,1900000,0.04362421052631579,82886,0.03479309078711523,0.0003804194375962897,19,0.0008460254513473493,0.0009039353965942208,0.002010287267981413,0.04210605263157895,0.0003613529744945435,0.0008036230095762989,1,3,288,224,256,1.0,0.0,82886,282.0,5205,0,0,0,2402.295820792089
6,z,6,0.005,normal,anqi,1900000,0.024605263157894734,46750,0.003879973235968595,0.00021853085551178165,19,0.0004859968955210943,0.0007552052414485772,0.001679522106687032,0.02451,0.0002232883285369365,0.0004965771731452119,1,3,320,256,320,1.0,0.0,46750,181.0,0,0,0,0,2286.6581078823656
6,z,6,0.005,normal,val,1900000,0.024605263157894734,46750,0.036797314422709095,0.00021853085551178165,19,0.0004859968955210943,0.0012705458727101378,0.002825602582793971,0.0237,0.00021614895557034734,0.00048069972147092197,1,3,320,256,320,1.0,0.0,46750,180.0,3080,0,0,0,2365.8572551422985
6,z,7,0.005,m1,anqi,1900000,0.023658947368421054,44952,0.0018483886158126752,0.00016699829816875053,19,0.00037139219666370264,0.0004504641518657802,0.0010017998549340281,0.02361526315789474,0.00016835468151292696,0.0003744086956055224,0,4,352,224,320,1.0,0.0,44952,83.0,0,0,0,0,1930.7629535973538
6,z,7,0.005,m1,val,1900000,0.023658947368421054,44952,0.022902536028879115,0.00016699829816875053,19,0.00037139219666370264,0.000786589361809632,0.0017493181317307846,0.023117105263157894,0.0001644578647830866,0.00036574245564283223,0,4,352,224,320,1.0,0.0,44952,79.0,1901,0,0,0,1958.025235046749
6,z,7,0.005,normal,anqi,2000000,0.01311,26220,0.0026343797381847183,0.00014697592785358092,20,0.0003353552711599099,0.0006216542009023852,0.001418429644608209,0.0130755,0.00014753527456884752,0.00033663153368881536,0,4,384,256,384,1.0,0.0,26220,69.0,0,0,0,0,1995.196004539146
6,z,7,0.005,normal,val,2000000,0.01311,26220,0.02416176512756644,0.00014697592785358092,20,0.0003353552711599099,0.001213635652047697,0.0027691549162203394,0.0127935,0.00014906600452572411,0.00034012420332021475,0,4,384,256,384,1.0,0.0,26220,70.0,1126,0,0,0,1965.7944565959042
6,z,8,0.005,m1,anqi,1900000,0.1972957894736842,374862,9.339217897233691e-05,0.0004114179755508238,19,0.000914963968868433,3.158087566782134e-05,7.023359468599786e-05,0.19727736842105265,0.00041192965151375566,0.000916101899385912,3,1,160,160,128,1.0,0.0,374862,35.0,0,0,0,0,3201.202655241359
6,z,8,0.005,m1,val,1900000,0.1972957894736842,374862,0.0008950039932390313,0.0004114179755508238,19,0.000914963968868433,7.557567317932551e-05,0.00016807485815241696,0.19711921052631579,0.00041151693529336387,0.0009151840482139489,3,1,160,160,128,1.0,0.0,374862,37.0,597,0,0,0,3135.0516832735157
6,z,8,0.005,normal,anqi,2000000,0.13232349999999998,264647,0.0003366527643062924,0.0004956009772514923,20,0.0011308137498465957,7.644247318377683e-05,0.00017441894531339773,0.13227899999999998,0.000498084635293834,0.0011364807174134733,3,1,192,192,192,1.0,0.0,264647,89.0,0,0,0,0,3296.9608582900837
6,z,8,0.005,normal,val,2000000,0.13232349999999998,264647,0.0024073441700031015,0.0004956009772514923,20,0.0011308137498465957,9.179025850867706e-05,0.00020943801805885755,0.13200499999999998,0.0004971543807669715,0.0011343581537824109,3,1,192,192,192,1.0,0.0,264647,89.0,1096,0,0,0,3316.3042601471534
6,z,9,0.005,m1,anqi,1900000,0.020288421052631577,38548,0.009048096927036729,0.00020178468251548748,19,0.0004487546119589024,0.0009038099671236366,0.0020100083218656892,0.020104736842105262,0.00019840016407026678,0.00044122768651233784,0,4,352,288,320,1.0,0.0,38548,349.0,0,0,0,0,1847.175013792119
6,z,9,0.005,m1,val,1900000,0.020288421052631577,38548,0.21162508804811,0.00020178468251548748,19,0.0004487546119589024,0.002679260959438583,0.005958483553860517,0.015994210526315788,0.00015390466088272995,0.00034227288965699864,0,4,352,288,320,1.0,0.0,38548,356.0,15606,0,0,0,1904.646606987808
6,z,9,0.005,normal,anqi,2000000,0.011448,22896,0.014646455889784405,0.00011072470784028174,20,0.0002526407893057897,0.001571478943145705,0.0035856466755952287,0.0112805,0.00011418466474600637,0.00026053537995927964,0,4,384,320,384,1.0,0.0,22896,335.0,0,0,0,0,1904.9316629847744
6,z,9,0.005,normal,val,2000000,0.011448,22896,0.22416698441908528,0.00011072470784028174,20,0.0002526407893057897,0.004372531007254762,0.009976812822395178,0.008881749999999999,9.922578004891575e-05,0.00022640366256103882,0,4,384,320,384,1.0,0.0,22896,333.0,9599,0,0,0,1855.9807627791306
6,z,10,0.005,m1,anqi,1900000,0.04247526315789474,80703,0.001662293762332251,0.0002647935876309639,19,0.0005888818823372211,0.0002497762713603765,0.0005554844517113642,0.042404736842105266,0.00026732251556000724,0.0005945060360505873,1,3,288,224,256,1.0,0.0,80703,134.0,0,0,0,0,2471.952125761891
6,z,10,0.005,m1,val,1900000,0.04247526315789474,80703,0.02881779963533376,0.0002647935876309639,19,0.0005888818823372211,0.0009653213005918158,0.0021468051006770282,0.041251052631578945,0.00025457460495107527,0.0005661556002926156,1,3,288,224,256,1.0,0.0,80703,134.0,4384,0,0,0,2414.724017314962
6,z,10,0.005,normal,anqi,2000000,0.0236155,47231,0.00318061846893069,0.0002567701384097211,20,0.0005858729429348634,0.0005545651813336477,0.0012653524932821772,0.0235405,0.0002584771328173415,0.0005897677955192013,1,3,320,256,320,1.0,0.0,47231,150.0,0,0,0,0,2480.8179637399735
6,z,10,0.005,normal,val,2000000,0.0236155,47231,0.03189703576607994,0.0002567701384097211,20,0.0005858729429348634,0.0007091025967158033,0.0016179608257940361,0.022862,0.00024474238245228625,0.0005584291878964937,1,3,320,256,320,1.0,0.0,47231,148.0,2718,0,0,0,2504.834618306835
6,z,11,0.005,m1,anqi,1900000,0.022668947368421052,43071,0.0009538780972078773,0.0002597679292913865,19,0.0005777051798744762,0.0003575469059238546,0.000795158586988636,0.02264736842105263,0.000260523329181298,0.0005793851348653363,0,4,352,224,320,1.0,0.0,43071,41.0,0,0,0,0,1919.5562361699995
6,z,11,0.005,m1,val,1900000,0.022668947368421052,43071,0.017379846097707086,0.0002597679292913865,19,0.0005777051798744762,0.001141455265017569,0.002538514361624501,0.022275,0.0002570275548975399,0.0005716107844406783,0,4,352,224,320,1.0,0.0,43071,40.0,1417,0,0,0,1940.7223269080278
6,z,11,0.005,normal,anqi,2000000,0.012514,25028,0.0005190017391210552,0.00017321577514156948,20,0.0003952267836651711,0.0003055968518135329,0.0006972809534336627,0.0125075,0.0001730433711986375,0.0003948334092406967,0,4,384,256,384,1.0,0.0,25028,13.0,0,0,0,0,1969.3080911218422
6,z,11,0.005,normal,val,2000000,0.012514,25028,0.015717849196871855,0.00017321577514156948,20,0.0003952267836651711,0.0008657565132451744,0.0019753983832442932,0.01231725,0.00017005110592500063,0.00038800595152787615,0,4,384,256,384,1.0,0.0,25028,13.0,761,0,0,0,1958.634785712813
6,z,12,0.005,m1,anqi,1900000,0.09117,173223,1.1629355395217466e-05,0.0003958864070051683,19,0.0008804228781923171,1.5663839340546663e-05,3.483525140474474e-05,0.09116894736842106,0.00039625762930729975,0.0008812484498762862,2,2,224,160,192,1.0,0.0,173223,2.0,0,0,0,0,2810.7812251489377
6,z,12,0.005,m1,val,1900000,0.09117,173223,0.0002486659874061533,0.0003958864070051683,19,0.0008804228781923171,5.592469653060622e-05,0.00012437250031892462,0.09114736842105263,0.00039775139068317175,0.0008845704676738323,2,2,224,160,192,1.0,0.0,173223,3.0,80,0,0,0,2821.0944727997994
6,z,12,0.005,normal,anqi,2000000,0.0509,101800,3.8899288919775394e-05,0.00023136478374613216,20,0.0005279054939345817,3.4983643000118936e-05,7.982224882535777e-05,0.050898,0.00023046554184725173,0.0005258536918793646,2,2,256,192,256,1.0,0.0,101800,4.0,0,0,0,0,3019.986158026033
6,z,12,0.005,normal,val,2000000,0.0509,101800,0.00035272658158823,0.00023136478374613216,20,0.0005279054939345817,0.00010192576026025798,0.00023256421285743217,0.050882000000000004,0.00022924945383623132,0.0005230789414107278,2,2,256,192,256,1.0,0.0,101800,5.0,62,0,0,0,3040.722030127072
6,z,13,0.005,m1,anqi,1900000,0.022543684210526316,42833,0.00037352824919115077,0.00019438991496398256,19,0.0004323091811078903,0.00016579348141027697,0.0003687127709006055,0.022535263157894735,0.00019433303440486688,0.0004321826828379733,0,4,352,224,320,1.0,0.0,42833,16.0,0,0,0,0,1895.12651069602
6,z,13,0.005,m1,val,1900000,0.022543684210526316,42833,0.010613786610213899,0.00019438991496398256,19,0.0004323091811078903,0.0005769988382255914,0.0012832038910029215,0.022304473684210527,0.00019428595086838445,0.0004320779724413246,0,4,352,224,320,1.0,0.0,42833,14.0,881,0,0,0,1877.7921594508225
6,z,13,0.005,normal,anqi,2000000,0.012315,24630,0.0007654122060956044,0.0001485188898139859,20,0.00033887585057844246,0.00036702501669718366,0.0008374417212019369,0.0123055,0.00014719226374121413,0.0003358488851912575,0,4,384,256,384,1.0,0.0,24630,19.0,0,0,0,0,1930.0820744198281
6,z,13,0.005,normal,val,2000000,0.012315,24630,0.011301808817316138,0.0001485188898139859,20,0.00033887585057844246,0.0009132653963350468,0.002083799497656584,0.012176,0.00015026917084107167,0.00034286947032976075,0,4,384,256,384,1.0,0.0,24630,18.0,520,0,0,0,1897.7867130067898
6,z,14,0.005,m1,anqi,13900000,0.04938041935483871,685972,9.76849538851194e-06,0.00017715309252528712,31,0.0005032380996568486,1.2922740932043935e-05,3.670957981199951e-05,0.049379935483870964,0.00017710022781206605,0.0005030879270719896,1,3,288,160,256,1.0,0.0,685972,6.0,0,0,0,0,13812.367190196645
6,z,14,0.005,m1,val,13900000,0.04938041935483871,685972,0.00012109938399936144,0.00017715309252528712,31,0.0005032380996568486,3.857322201064284e-05,0.00010957480146448357,0.04937445161290323,0.00017758772217796884,0.0005044727504176804,1,3,288,160,256,1.0,0.0,685972,6.0,160,0,0,0,14308.575265822466
6,z,14,0.005,normal,anqi,14000000,0.02744553125,385822,1.6900829402249775e-05,0.00014608130301953462,32,0.0004216125713048156,2.236850979214847e-05,6.455887738394236e-05,0.0274450625,0.00014596705304277375,0.00042128282871984403,1,3,320,192,320,1.0,0.0,385822,6.0,0,0,0,0,17670.13168686675
6,z,14,0.005,normal,val,14000000,0.02744553125,385822,0.00012521407302816005,0.00014608130301953462,32,0.0004216125713048156,3.676125917410362e-05,0.00010609851284475451,0.02744209375,0.00014604300796185453,0.00042150204601921755,1,3,320,192,320,1.0,0.0,385822,7.0,80,0,0,0,17553.69133213174
6,z,15,0.005,m1,anqi,13900000,0.02704625806451613,375735,0.0,0.00015286873155016974,31,0.0004342536100592166,0.0,0.0,0.02704625806451613,0.00015286873155016974,0.0004342536100592166,0,4,352,160,320,1.0,0.0,375735,0.0,0,0,0,0,12381.524538638652
6,z,15,0.005,m1,val,13900000,0.02704625806451613,375735,4.654561052237215e-05,0.00015286873155016974,31,0.0004342536100592166,2.5209807339776248e-05,7.16134014797025e-05,0.027045,0.00015288604551046535,0.0004343027937587642,0,4,352,160,320,1.0,0.0,375735,0.0,42,0,0,0,12158.305319977342
6,z,15,0.005,normal,anqi,14000000,0.015725875,219701,3.9800271558025785e-06,0.00011701594194878444,32,0.0003377255757506811,5.426631499726529e-06,1.5662073193702665e-05,0.015725812500000002,0.00011701735466046854,0.000337729653048688,0,4,384,192,384,1.0,0.0,219701,2.0,0,0,0,0,13761.715890704072
6,z,15,0.005,normal,val,14000000,0.015725875,219701,4.658542962680302e-05,0.00011701594194878444,32,0.0003377255757506811,3.935761923738439e-05,0.00011359199777188824,0.015725140625,0.00011698718953418934,0.0003376425919656375,0,4,384,192,384,1.0,0.0,219701,2.0,25,0,0,0,13763.464821488247
6,z,16,0.005,m1,anqi,1900000,0.4167221052631579,791772,0.0,0.0005891118676141778,19,0.0013101423966177107,0.0,0.0,0.4167221052631579,0.0005891118676141778,0.0013101423966177107,4,0,96,96,64,1.0,0.0,791772,0.0,0,0,0,0,3535.627678325749
6,z,16,0.005,m1,val,1900000,0.4167221052631579,791772,0.0,0.0005891118676141778,19,0.0013101423966177107,0.0,0.0,0.4167221052631579,0.0005891118676141778,0.0013101423966177107,4,0,96,96,64,1.0,0.0,791772,0.0,0,0,0,0,3482.6627209072467
6,z,16,0.005,normal,anqi,2000000,0.28524099999999997,570482,0.0,0.0005216556225589493,20,0.0011902626866191668,0.0,0.0,0.28524099999999997,0.0005216556225589493,0.0011902626866191668,4,0,128,128,128,1.0,0.0,570482,0.0,0,0,0,0,3737.47578470991
6,z,16,0.005,normal,val,2000000,0.28524099999999997,570482,0.0,0.0005216556225589493,20,0.0011902626866191668,0.0,0.0,0.28524099999999997,0.0005216556225589493,0.0011902626866191668,4,0,128,128,128,1.0,0.0,570482,0.0,0,0,0,0,3791.0163533741143
6,z,17,0.005,m1,anqi,1900000,0.021210526315789475,40300,0.01248814721744291,0.0002157743272390752,19,0.0004798665750232676,0.0011283697197715637,0.0025094130507324263,0.02094578947368421,0.00021704000485107703,0.0004826813509446033,0,4,352,288,320,1.0,0.0,40300,503.0,0,0,0,0,1871.2979390687542
6,z,17,0.005,m1,val,1900000,0.021210526315789475,40300,0.22307332589552037,0.0002157743272390752,19,0.0004798665750232676,0.0024204184804510246,0.005382836508859334,0.016479736842105262,0.00018908013234641527,0.0004205006066986328,0,4,352,288,320,1.0,0.0,40300,503.0,16971,0,0,0,1869.5675224120496
6,z,17,0.005,normal,anqi,2000000,0.012467,24934,0.029021098889831065,0.000160817467236681,20,0.00036693753950057547,0.0030127573818238785,0.0068742145974209,0.0121045,0.00014917074773207833,0.00034036319610550997,0,4,384,320,384,1.0,0.0,24934,725.0,0,0,0,0,1934.182057902217
6,z,17,0.005,normal,val,2000000,0.012467,24934,0.2461527679852978,0.000160817467236681,20,0.00036693753950057547,0.004191407109108921,0.0095635420585137,0.00939775,0.00012464135874791453,0.0002843944397635459,0,4,384,320,384,1.0,0.0,24934,730.0,10817,0,0,0,1864.9466873040656
6,z,18,0.005,m1,anqi,1900000,0.042666315789473684,81066,0.0022335660859915192,0.0002675318674332763,19,0.0005949716195501896,0.00022402424344480524,0.0004982137949382961,0.04257105263157895,0.0002683438490050803,0.0005967774081295321,1,3,288,224,256,1.0,0.0,81066,181.0,0,0,0,0,2421.9171306770295
6,z,18,0.005,m1,val,1900000,0.042666315789473684,81066,0.029670494241959753,0.0002675318674332763,19,0.0005949716195501896,0.0011159239519209746,0.002481734558724525,0.0414,0.00025071365647658556,0.0005575691287484736,1,3,288,224,256,1.0,0.0,81066,182.0,4448,0,0,0,2420.3843011930585
6,z,18,0.005,normal,anqi,2000000,0.024182500000000003,48365,0.004155845931011393,0.0002099068302090743,20,0.0004789448380499965,0.0007125689068707459,0.0016258699126690866,0.024082,0.0002096018653994937,0.0004782489992286011,1,3,320,256,320,1.0,0.0,48365,201.0,0,0,0,0,2570.6113405119395
6,z,18,0.005,normal,val,2000000,0.024182500000000003,48365,0.03658291668164027,0.0002099068302090743,20,0.0004789448380499965,0.0012824524538068013,0.0029261743516565478,0.02329775,0.00020266851310764392,0.00046242915531377447,1,3,320,256,320,1.0,0.0,48365,198.0,3143,0,0,0,2562.458361477009
6,z,19,0.005,m1,anqi,1900000,0.021993684210526315,41788,0.00042974414283015707,0.0001791059916158224,19,0.0003983188355285781,0.00017415276039412672,0.0003873032057635975,0.02198421052631579,0.00017850356842280158,0.0003969790897022399,0,4,352,224,320,1.0,0.0,41788,18.0,0,0,0,0,1940.2639069107827
6,z,19,0.005,m1,val,1900000,0.021993684210526315,41788,0.014301120177857595,0.0001791059916158224,19,0.0003983188355285781,0.0007501941282493279,0.001668377751569598,0.02167894736842105,0.00017189388747225167,0.000382279634950968,0,4,352,224,320,1.0,0.0,41788,17.0,1162,0,0,0,1933.6420852880692
6,z,19,0.005,normal,anqi,2000000,0.012218999999999999,24438,0.0005307176100423599,0.00015636031775492483,20,0.0003567676525341625,0.00024173709866959718,0.0005515720258252993,0.0122125,0.00015608189179840314,0.00035613236746734323,0,4,384,256,384,1.0,0.0,24438,13.0,0,0,0,0,1998.473420268856
6,z,19,0.005,normal,val,2000000,0.012218999999999999,24438,0.014245300107078298,0.00015636031775492483,20,0.0003567676525341625,0.0009917012295491251,0.002262766696573436,0.01204475,0.00015152846838656736,0.00034574281208040055,0,4,384,256,384,1.0,0.0,24438,12.0,673,0,0,0,1928.84238843224
6,z,20,0.005,m1,anqi,1900000,0.08960578947368421,170251,1.173495711179615e-05,0.0003630723159781437,19,0.0008074467012989777,1.580603535857313e-05,3.5151485115332124e-05,0.08960473684210526,0.00036301369178688855,0.0008073163253166676,2,2,224,160,192,1.0,0.0,170251,2.0,0,0,0,0,2769.5924885711865
6,z,20,0.005,m1,val,1900000,0.08960578947368421,170251,0.0001525358137211709,0.0003630723159781437,19,0.0008074467012989777,5.6640576348578136e-05,0.00012596456551395517,0.0895921052631579,0.0003622221118248579,0.0008055559084492067,2,2,224,160,192,1.0,0.0,170251,3.0,46,0,0,0,2760.844984627096
6,z,20,0.005,normal,anqi,2000000,0.0498085,99617,2.017353226055885e-05,0.00028029145173513487,20,0.000639541571012105,2.7213409313564154e-05,6.209289094352587e-05,0.0498075,0.00028046668607875684,0.0006399414035675451,2,2,256,192,256,1.0,0.0,99617,2.0,0,0,0,0,2905.723506265902
6,z,20,0.005,normal,val,2000000,0.0498085,99617,0.00029132939956191627,0.00028029145173513487,20,0.000639541571012105,7.563052403366289e-05,0.00017256631929918554,0.049794,0.0002806253301392961,0.0006403033820405986,2,2,256,192,256,1.0,0.0,99617,1.0,56,0,0,0,2946.9495613401523
6,z,21,0.005,m1,anqi,1900000,0.021846315789473686,41508,0.0001928508182790116,0.00018584047355945873,19,0.0004132958387068486,0.00010448337775114466,0.0002323635127025641,0.021842105263157895,0.00018590313280331754,0.00041343518835575637,0,4,352,224,320,1.0,0.0,41508,8.0,0,0,0,0,1851.548189847963
6,z,21,0.005,m1,val,1900000,0.021846315789473686,41508,0.008448091192583867,0.00018584047355945873,19,0.0004132958387068486,0.0005822630453562787,0.0012949111088093159,0.02166184210526316,0.0001868627269074669,0.00041556925658371783,0,4,352,224,320,1.0,0.0,41508,8.0,685,0,0,0,1878.873128036037
6,z,21,0.005,normal,anqi,2000000,0.011946,23892,0.0005443357386269836,0.00012837153447379962,20,0.0002929055892442588,0.0003631111574105731,0.0008285114605700694,0.0119395,0.00012841149473060177,0.00029299676664283836,0,4,384,256,384,1.0,0.0,23892,13.0,0,0,0,0,1853.5676811598241
6,z,21,0.005,normal,val,2000000,0.011946,23892,0.00815043765234054,0.00012837153447379962,20,0.0002929055892442588,0.000807993271710889,0.001843599878477557,0.0118485,0.00012511014608188888,0.00028546407276942094,0,4,384,256,384,1.0,0.0,23892,13.0,364,0,0,0,1864.4839132409543
6,z,22,0.005,m1,anqi,13900000,0.04759835483870968,661895,0.0,0.0001945143704599975,31,0.0005525562142374952,0.0,0.0,0.04759835483870968,0.0001945143704599975,0.0005525562142374952,1,3,288,160,256,1.0,0.0,661895,0.0,0,0,0,0,13730.722184821498
6,z,22,0.005,m1,val,13900000,0.04759835483870968,661895,3.4516765710572076e-05,0.0001945143704599975,31,0.0005525562142374952,1.750659071218609e-05,4.9730904021408554e-05,0.04759670967741935,0.00019443724417740046,0.0005523371219070456,1,3,288,160,256,1.0,0.0,661895,0.0,57,0,0,0,13987.290039933636
6,z,22,0.005,normal,anqi,13900000,0.02623525806451613,363896,0.0,0.0001378309568055375,31,0.000391535861937059,0.0,0.0,0.02623525806451613,0.0001378309568055375,0.000391535861937059,1,3,320,192,320,1.0,0.0,363896,0.0,0,0,0,0,17031.50418528996
6,z,22,0.005,normal,val,13900000,0.02623525806451613,363896,5.691439332507932e-05,0.0001378309568055375,31,0.000391535861937059,3.089208407425123e-05,8.775502285824739e-05,0.02623377419354839,0.00013805612232569025,0.0003921754887527961,1,3,320,192,320,1.0,0.0,363896,0.0,38,0,0,0,17068.554919990012
6,z,23,0.005,m1,anqi,13900000,0.025823161290322583,358501,0.0,0.00013798548773754154,31,0.00039197483735347075,0.0,0.0,0.025823161290322583,0.00013798548773754154,0.00039197483735347075,0,4,352,160,320,1.0,0.0,358501,0.0,0,0,0,0,11454.736261131242
6,z,23,0.005,m1,val,13900000,0.025823161290322583,358501,2.550867226164267e-05,0.00013798548773754154,31,0.00039197483735347075,2.0225865423587712e-05,5.745553709839163e-05,0.025822499999999998,0.00013792252225882696,0.0003917959715634322,0,4,352,160,320,1.0,0.0,358501,0.0,14,0,0,0,11817.888835038408
6,z,23,0.005,normal,anqi,13900000,0.014338258064516128,199353,0.0,0.00015088977908249567,31,0.00042863200749531337,0.0,0.0,0.014338258064516128,0.00015088977908249567,0.00042863200749531337,0,4,384,192,384,1.0,0.0,199353,0.0,0,0,0,0,13455.273519950802
6,z,23,0.005,normal,val,13900000,0.014338258064516128,199353,4.027425728256096e-05,0.00015088977908249567,31,0.00042863200749531337,3.673805981149512e-05,0.00010436166335610221,0.014337677419354837,0.00015084388093962193,0.00042850162481969476,0,4,384,192,384,1.0,0.0,199353,0.0,9,0,0,0,13468.611083204276
6,z,24,0.005,m1,anqi,1900000,0.19861684210526315,377372,0.0,0.0004949087726139225,19,0.0011006414929060398,0.0,0.0,0.19861684210526315,0.0004949087726139225,0.0011006414929060398,3,1,160,96,128,1.0,0.0,377372,0.0,0,0,0,0,3261.7079618651187
6,z,24,0.005,m1,val,1900000,0.19861684210526315,377372,0.0,0.0004949087726139225,19,0.0011006414929060398,0.0,0.0,0.19861684210526315,0.0004949087726139225,0.0011006414929060398,3,1,160,96,128,1.0,0.0,377372,0.0,0,0,0,0,3350.521773864166
6,z,24,0.005,normal,anqi,1900000,0.11537736842105263,219217,0.0,0.00045251315785307575,19,0.0010063566967877685,0.0,0.0,0.11537736842105263,0.00045251315785307575,0.0010063566967877685,3,1,192,128,192,1.0,0.0,219217,0.0,0,0,0,0,3171.5767409781693
6,z,24,0.005,normal,val,1900000,0.11537736842105263,219217,0.0,0.00045251315785307575,19,0.0010063566967877685,0.0,0.0,0.11537736842105263,0.00045251315785307575,0.0010063566967877685,3,1,192,128,192,1.0,0.0,219217,0.0,0,0,0,0,3124.245958195301
6,z,25,0.005,m1,anqi,1900000,0.022228947368421053,42235,2.4389054192478416e-05,0.00021989145703689515,19,0.0004890227753937458,4.78025462172577e-05,0.0001063094225535504,0.022228421052631578,0.00022022512637074574,0.0004897648319788546,0,4,352,224,320,1.0,0.0,42235,1.0,0,0,0,0,1822.2147559851874
6,z,25,0.005,m1,val,1900000,0.022228947368421053,42235,0.005203311559009465,0.00021989145703689515,19,0.0004890227753937458,0.00047308516254218906,0.0010521073546989367,0.022113421052631577,0.00022192344518949945,0.0004935417708078652,0,4,352,224,320,1.0,0.0,42235,0.0,439,0,0,0,1858.8316976336064
6,z,25,0.005,normal,anqi,1900000,0.012222105263157895,23222,0.00013075781197791325,0.00020301847593190566,19,0.00045149847972388843,0.0001395358929021867,0.00031031778375374805,0.012220526315789473,0.00020326119471736752,0.0004520382688348717,0,4,384,256,384,1.0,0.0,23222,3.0,0,0,0,0,1694.2427977961488
6,z,25,0.005,normal,val,1900000,0.012222105263157895,23222,0.005822008150461161,0.00020301847593190566,19,0.00045149847972388843,0.000746878677692663,0.0016610044281365327,0.012151052631578946,0.00020336158794351505,0.00045226153614476614,0,4,384,256,384,1.0,0.0,23222,2.0,266,0,0,0,1769.939807919669
6,z,26,0.005,m1,anqi,13900000,0.0485343870967742,674343,0.0,0.00019295648791792938,31,0.0005481307433705555,0.0,0.0,0.0485343870967742,0.00019295648791792938,0.0005481307433705555,1,3,288,160,256,1.0,0.0,674343,0.0,0,0,0,0,13218.795136493049
6,z,26,0.005,m1,val,13900000,0.0485343870967742,674343,2.5765360231432023e-05,0.00019295648791792938,31,0.0005481307433705555,2.049977601217923e-05,5.823363384010676e-05,0.048533129032258066,0.00019270765177022527,0.0005474238754953663,1,3,288,160,256,1.0,0.0,674343,0.0,33,0,0,0,13701.233291603858
6,z,26,0.005,normal,anqi,13900000,0.02648135483870968,369491,0.0,0.00016585667945603013,31,0.0004711484230676565,0.0,0.0,0.02648135483870968,0.00016585667945603013,0.0004711484230676565,1,3,320,192,320,1.0,0.0,369491,0.0,0,0,0,0,16631.249843184836
6,z,26,0.005,normal,val,13900000,0.02648135483870968,369491,1.849882380816077e-05,0.00016585667945603013,31,0.0004711484230676565,1.3995677430124267e-05,3.975746634138283e-05,0.02648087096774194,0.000165973332006217,0.0004714797975124339,1,3,320,192,320,1.0,0.0,369491,0.0,21,0,0,0,16661.828427778673
6,z,27,0.005,m1,anqi,13900000,0.026158387096774195,363403,0.0,0.000135685045623923,31,0.00038543998040502247,0.0,0.0,0.026158387096774195,0.000135685045623923,0.00038543998040502247,0,4,352,160,320,1.0,0.0,363403,0.0,0,0,0,0,9678.488987976103
6,z,27,0.005,m1,val,13900000,0.026158387096774195,363403,8.67308365712587e-06,0.000135685045623923,31,0.00038543998040502247,1.2365014302612965e-05,3.5125247948965294e-05,0.02615816129032258,0.00013571136679176805,0.0003855147508439591,0,4,352,160,320,1.0,0.0,363403,0.0,5,0,0,0,10269.321866386803
6,z,27,0.005,normal,anqi,13900000,0.014429322580645162,200349,0.0,0.00010563530901090821,31,0.0003000778106976897,0.0,0.0,0.014429322580645162,0.00010563530901090821,0.0003000778106976897,0,4,384,192,384,1.0,0.0,200349,0.0,0,0,0,0,13090.634352135705
6,z,27,0.005,normal,val,13900000,0.014429322580645162,200349,4.141696091977523e-05,0.00010563530901090821,31,0.0003000778106976897,3.645604261881144e-05,0.00010356053821572999,0.014428725806451612,0.0001056479123294113,0.0003001136128954524,0,4,384,192,384,1.0,0.0,200349,0.0,10,0,0,0,13114.421942799352
6,z,28,0.005,m1,anqi,1900000,0.11383105263157896,216279,0.0,0.00039751424736028906,19,0.0008840430779903726,0.0,0.0,0.11383105263157896,0.00039751424736028906,0.0008840430779903726,2,2,224,96,192,1.0,0.0,216279,0.0,0,0,0,0,2867.824987885193
6,z,28,0.005,m1,val,1900000,0.11383105263157896,216279,0.0,0.00039751424736028906,19,0.0008840430779903726,0.0,0.0,0.11383105263157896,0.00039751424736028906,0.0008840430779903726,2,2,224,96,192,1.0,0.0,216279,0.0,0,0,0,0,2837.19824142009
6,z,28,0.005,normal,anqi,1900000,0.06847368421052631,130100,0.0,0.0004166187104738528,19,0.0009265300290529362,0.0,0.0,0.06847368421052631,0.0004166187104738528,0.0009265300290529362,2,2,256,128,256,1.0,0.0,130100,0.0,0,0,0,0,2791.4658770470414
6,z,28,0.005,normal,val,1900000,0.06847368421052631,130100,0.0,0.0004166187104738528,19,0.0009265300290529362,0.0,0.0,0.06847368421052631,0.0004166187104738528,0.0009265300290529362,2,2,256,128,256,1.0,0.0,130100,0.0,0,0,0,0,2766.9254880736116
6,z,29,0.005,m1,anqi,1900000,0.027581578947368422,52405,0.0,0.00017109393293553642,19,0.0003805005936321065,0.0,0.0,0.027581578947368422,0.00017109393293553642,0.0003805005936321065,0,4,352,160,320,1.0,0.0,52405,0.0,0,0,0,0,1901.3625705011655
6,z,29,0.005,m1,val,1900000,0.027581578947368422,52405,9.4559071051686e-06,0.00017109393293553642,19,0.0003805005936321065,1.853357792613045e-05,4.1217343490938155e-05,0.027581315789473683,0.0001710131439801438,0.000380320924809499,0,4,352,160,320,1.0,0.0,52405,0.0,1,0,0,0,1944.225253219949
6,z,29,0.005,normal,anqi,1900000,0.015176842105263159,28836,0.0,0.00015442552698843886,19,0.00034343125839062145,0.0,0.0,0.015176842105263159,0.00015442552698843886,0.00034343125839062145,0,4,384,192,384,1.0,0.0,28836,0.0,0,0,0,0,1748.113941275049
6,z,29,0.005,normal,val,1900000,0.015176842105263159,28836,0.0,0.00015442552698843886,19,0.00034343125839062145,0.0,0.0,0.015176842105263159,0.00015442552698843886,0.00034343125839062145,0,4,384,192,384,1.0,0.0,28836,0.0,0,0,0,0,1720.104186964687
6,z,30,0.005,m1,anqi,1900000,0.07012842105263158,133244,0.0,0.0003408466168623819,19,0.0007580183459953313,0.0,0.0,0.07012842105263158,0.0003408466168623819,0.0007580183459953313,1,3,288,96,256,1.0,0.0,133244,0.0,0,0,0,0,2507.9508744152263
6,z,30,0.005,m1,val,1900000,0.07012842105263158,133244,0.0,0.0003408466168623819,19,0.0007580183459953313,0.0,0.0,0.07012842105263158,0.0003408466168623819,0.0007580183459953313,1,3,288,96,256,1.0,0.0,133244,0.0,0,0,0,0,2535.1109592178836
6,z,30,0.005,normal,anqi,1900000,0.04655578947368421,88456,0.0,0.0003305135231256258,19,0.0007350382891725492,0.0,0.0,0.04655578947368421,0.0003305135231256258,0.0007350382891725492,1,3,320,128,320,1.0,0.0,88456,0.0,0,0,0,0,2428.468375257915
6,z,30,0.005,normal,val,1900000,0.04655578947368421,88456,0.0,0.0003305135231256258,19,0.0007350382891725492,0.0,0.0,0.04655578947368421,0.0003305135231256258,0.0007350382891725492,1,3,320,128,320,1.0,0.0,88456,0.0,0,0,0,0,2412.0582806112943
6,z,31,0.005,m1,anqi,1900000,0.04769894736842105,90628,0.0,0.0002501008737087,19,0.0005562063439731898,0.0,0.0,0.04769894736842105,0.0002501008737087,0.0005562063439731898,0,4,352,96,320,1.0,0.0,90628,0.0,0,0,0,0,2043.275915220729
6,z,31,0.005,m1,val,1900000,0.04769894736842105,90628,0.0,0.0002501008737087,19,0.0005562063439731898,0.0,0.0,0.04769894736842105,0.0002501008737087,0.0005562063439731898,0,4,352,96,320,1.0,0.0,90628,0.0,0,0,0,0,1999.870456928853
6,z,31,0.005,normal,anqi,1900000,0.03568105263157895,67794,0.0,0.00031778752733065433,19,0.0007067365903836695,0.0,0.0,0.03568105263157895,0.00031778752733065433,0.0007067365903836695,0,4,384,128,384,1.0,0.0,67794,0.0,0,0,0,0,1885.3565970519558
6,z,31,0.005,normal,val,1900000,0.03568105263157895,67794,0.0,0.00031778752733065433,19,0.0007067365903836695,0.0,0.0,0.03568105263157895,0.00031778752733065433,0.0007067365903836695,0,4,384,128,384,1.0,0.0,67794,0.0,0,0,0,0,1894.4452412190149
6,z,32,0.005,m1,anqi,1900000,1.0,1900000,0.0,0.0,19,0.0,0.0,0.0,1.0,0.0,0.0,5,-1,32,32,0,1.0,0.0,1900000,0.0,0,0,0,0,3919.314688958111
6,z,32,0.005,m1,val,1900000,1.0,1900000,0.0,0.0,19,0.0,0.0,0.0,1.0,0.0,0.0,5,-1,32,32,0,1.0,0.0,1900000,0.0,0,0,0,0,3854.506771164015
6,z,32,0.005,normal,anqi,1900000,1.0,1900000,0.0,0.0,19,0.0,0.0,0.0,1.0,0.0,0.0,5,-1,64,64,64,1.0,0.0,1900000,0.0,0,0,0,0,3892.2433232638286
6,z,32,0.005,normal,val,1900000,1.0,1900000,0.0,0.0,19,0.0,0.0,0.0,1.0,0.0,0.0,5,-1,64,64,64,1.0,0.0,1900000,0.0,0,0,0,0,3894.9478507622844
6,z,33,0.005,m1,anqi,1900000,0.026495263157894737,50341,0.032033662440738624,0.00021403322817713932,19,0.00047599449601221056,0.0014791167038651228,0.0032894491009444124,0.025646315789473684,0.00020543650056611376,0.0004568759924909828,0,4,352,288,320,1.0,0.0,50341,1613.0,0,0,0,0,1838.3847872028127
6,z,33,0.005,m1,val,1900000,0.026495263157894737,50341,0.27026307071012895,0.00021403322817713932,19,0.00047599449601221056,0.0019358825223967785,0.004305263409027639,0.019334736842105266,0.00016857305030829525,0.0003748943320909475,0,4,352,288,320,1.0,0.0,50341,1617.0,23976,0,0,0,1898.9364111160394
6,z,33,0.005,normal,anqi,1900000,0.01688157894736842,32075,0.05257245318105674,0.0001770753666275951,19,0.0003938028716939295,0.0028047901275638438,0.006237651389740485,0.015993684210526316,0.00016613724045329355,0.00036947726627276745,0,4,384,320,384,1.0,0.0,32075,1687.0,0,0,0,0,1738.2696278801886
6,z,33,0.005,normal,val,1900000,0.01688157894736842,32075,0.30157737851221245,0.0001770753666275951,19,0.0003938028716939295,0.0019004071316498256,0.004226368693084483,0.01179,0.00011817170973822863,0.00026280537792569385,0,4,384,320,384,1.0,0.0,32075,1687.0,15974,0,0,0,1726.3803862531204
6,z,34,0.005,m1,anqi,1900000,0.04772684210526316,90681,0.004952754315426364,0.00037520981092725486,19,0.0008344396165596465,0.0003921271109282655,0.0008720624742647313,0.047490526315789476,0.00037545946752940416,0.0008349948348756449,1,3,288,224,256,1.0,0.0,90681,449.0,0,0,0,0,2440.9944043849828
6,z,34,0.005,m1,val,1900000,0.04772684210526316,90681,0.04054526932172931,0.00037520981092725486,19,0.0008344396165596465,0.0008908370587502646,0.0019811575072721478,0.04579210526315789,0.00037188862201437275,0.0008270535314353298,1,3,288,224,256,1.0,0.0,90681,453.0,6446,0,0,0,2441.8337155396584
6,z,34,0.005,normal,anqi,1900000,0.02835894736842105,53882,0.010489014816040969,0.0001831045366924061,19,0.00040721131201328244,0.0006768668874440589,0.0015053032452028434,0.028061578947368424,0.00018523537697076625,0.0004119501474409345,1,3,320,256,320,1.0,0.0,53882,565.0,0,0,0,0,2295.9463285389356
6,z,34,0.005,normal,val,1900000,0.02835894736842105,53882,0.05527494330594913,0.0001831045366924061,19,0.00040721131201328244,0.001291111740809801,0.002871339593371838,0.026791315789473684,0.00017409386853963632,0.0003871722345175152,1,3,320,256,320,1.0,0.0,53882,568.0,4821,0,0,0,2417.436978360289
6,z,35,0.005,m1,anqi,1900000,0.022626842105263157,42991,0.0009846978302403247,0.0002343965398391812,19,0.0005212810356503043,0.0003024282613051909,0.000672578688112265,0.02260473684210526,0.00023773362965798489,0.0005287024832450409,0,4,352,224,320,1.0,0.0,42991,42.0,0,0,0,0,1964.7689995508408
6,z,35,0.005,m1,val,1900000,0.022626842105263157,42991,0.015856134267376604,0.0002343965398391812,19,0.0005212810356503043,0.0008203337826184466,0.0018243632951052409,0.02226815789473684,0.00023317614428335076,0.0005185669637630538,0,4,352,224,320,1.0,0.0,42991,44.0,1275,0,0,0,1879.6777373352088
6,z,35,0.005,normal,anqi,1900000,0.012682105263157896,24096,0.0006259659993777372,0.00010903116589748628,19,0.00024247746624671474,0.00042301455475254955,0.0009407539264353148,0.01267421052631579,0.00011017630192979429,0.0002450241663698973,0,4,384,256,384,1.0,0.0,24096,15.0,0,0,0,0,1775.517967512249
6,z,35,0.005,normal,val,1900000,0.012682105263157896,24096,0.015140060363144947,0.00010903116589748628,19,0.00024247746624671474,0.0012703227841476638,0.002825106449886173,0.01249,0.00010612764465050717,0.00023602024395283456,0,4,384,256,384,1.0,0.0,24096,14.0,702,0,0,0,1781.538635615143
6,z,36,0.005,m1,anqi,1900000,0.09377842105263158,178179,5.0710876760938645e-05,0.000367215864099597,19,0.0008166616541199536,3.354080843827578e-05,7.459234411586758e-05,0.09377368421052631,0.000368229856353175,0.0008189166999173411,2,2,224,160,192,1.0,0.0,178179,9.0,0,0,0,0,2790.988457397558
6,z,36,0.005,m1,val,1900000,0.09377842105263158,178179,0.0003817307734593243,0.000367215864099597,19,0.0008166616541199536,6.850284036245642e-05,0.00015234538698237078,0.09374263157894737,0.00036761201883607676,0.0008175426737435864,2,2,224,160,192,1.0,0.0,178179,10.0,116,0,0,0,2782.5786675640848
6,z,36,0.005,normal,anqi,1900000,0.05350473684210527,101659,5.936873441690745e-05,0.0003323945581625715,19,0.0007392215757211746,4.037538298772183e-05,8.979194604603611e-05,0.05350157894736842,0.0003330221675246075,0.0007406173337748149,2,2,256,192,256,1.0,0.0,101659,6.0,0,0,0,0,2734.6816833781777
6,z,36,0.005,normal,val,1900000,0.05350473684210527,101659,0.0006457213073811194,0.0003323945581625715,19,0.0007392215757211746,0.0001087553050143783,0.00024186397149572313,0.053470263157894736,0.000334828069458432,0.0007446335297092464,2,2,256,192,256,1.0,0.0,101659,8.0,115,0,0,0,2691.521208186983
6,z,37,0.005,m1,anqi,1900000,0.02193894736842105,41684,0.000262717054171175,0.00017892204127612865,19,0.0003979097432115602,0.00015644801619597948,0.0003479291288345353,0.021933157894736842,0.00017821220905379217,0.00039633112743399205,0,4,352,224,320,1.0,0.0,41684,11.0,0,0,0,0,1842.8222284769872
6,z,37,0.005,m1,val,1900000,0.02193894736842105,41684,0.007715247547772511,0.00017892204127612865,19,0.0003979097432115602,0.0004744556647291375,0.0010551552529309825,0.021769736842105265,0.00017921356616085483,0.0003985580735748504,0,4,352,224,320,1.0,0.0,41684,7.0,629,0,0,0,1830.9227100003045
6,z,37,0.005,normal,anqi,1900000,0.012116842105263158,23022,0.00017720341223207122,0.0001801243712456793,19,0.00040058363853506107,0.0001585457969626235,0.0003525944422873438,0.012114736842105263,0.0001807177931904416,0.0004019033662330704,0,4,384,256,384,1.0,0.0,23022,4.0,0,0,0,0,1653.4470346620074
6,z,37,0.005,normal,val,1900000,0.012116842105263158,23022,0.007062170965485156,0.0001801243712456793,19,0.00040058363853506107,0.0010334535120993015,0.0022983262357592063,0.012031578947368421,0.0001836137277598081,0.00040834371630193495,0,4,384,256,384,1.0,0.0,23022,3.0,318,0,0,0,1738.5841652090894
6,z,38,0.005,m1,anqi,13900000,0.04785958064516129,666447,1.344366985637918e-06,0.00019511555715238553,31,0.0005542640029320288,1.8318817545918364e-06,5.203819362313754e-06,0.04785951612903226,0.00019511005471525142,0.0005542483721803023,1,3,288,160,256,1.0,0.0,666447,2.0,0,0,0,0,11506.275834823027
6,z,38,0.005,m1,val,13900000,0.04785958064516129,666447,5.7500993886080215e-05,0.00019511555715238553,31,0.0005542640029320288,1.8301649038274415e-05,5.198942311037073e-05,0.04785682258064516,0.0001949143702557503,0.000553692492098685,1,3,288,160,256,1.0,0.0,666447,2.0,68,0,0,0,11665.199310241267
6,z,38,0.005,normal,anqi,13900000,0.026419193548387097,366178,1.2314588477239562e-06,0.00011213767128332195,31,0.00031854904586838136,2.413659341538954e-06,6.856472686649166e-06,0.026419161290322582,0.00011214594729438205,0.00031857255550075215,1,3,320,192,320,1.0,0.0,366178,1.0,0,0,0,0,16831.00016975135
6,z,38,0.005,normal,val,13900000,0.026419193548387097,366178,4.58626416535239e-05,0.00011213767128332195,31,0.00031854904586838136,2.241539465579375e-05,6.367532425678519e-05,0.02641798387096774,0.00011219384021492166,0.00031870860473351355,1,3,320,192,320,1.0,0.0,366178,1.0,37,0,0,0,16797.218064937857
6,z,39,0.005,m1,anqi,1900000,0.02597263157894737,49348,0.0,0.00020251581850219352,19,0.0004503806057752481,0.0,0.0,0.02597263157894737,0.00020251581850219352,0.0004503806057752481,0,4,352,160,320,1.0,0.0,49348,0.0,0,0,0,0,1984.4314751819475
6,z,39,0.005,m1,val,1900000,0.02597263157894737,49348,1.0211792578069154e-05,0.00020251581850219352,19,0.0004503806057752481,2.0015113453015538e-05,4.451217188020212e-05,0.025972368421052633,0.00020257266320537046,0.0004505070243041378,0,4,352,160,320,1.0,0.0,49348,0.0,1,0,0,0,1975.0346752755577
6,z,39,0.005,normal,anqi,1900000,0.014362105263157895,27288,0.0,0.00016574712805536828,19,0.0003686096843752274,0.0,0.0,0.014362105263157895,0.00016574712805536828,0.0003686096843752274,0,4,384,192,384,1.0,0.0,27288,0.0,0,0,0,0,1824.0928824220318
6,z,39,0.005,normal,val,1900000,0.014362105263157895,27288,1.8756799339760664e-05,0.00016574712805536828,19,0.0003686096843752274,3.67633267059309e-05,8.175899282628716e-05,0.014361842105263157,0.00016586042640267103,0.0003688616517458207,0,4,384,192,384,1.0,0.0,27288,0.0,1,0,0,0,1847.9417023231508
6,z,40,0.005,m1,anqi,1900000,0.1968521052631579,374019,0.0,0.0004255876851015106,19,0.0009464763831494366,0.0,0.0,0.1968521052631579,0.0004255876851015106,0.0009464763831494366,3,1,160,96,128,1.0,0.0,374019,0.0,0,0,0,0,3092.207179273828
6,z,40,0.005,m1,val,1900000,0.1968521052631579,374019,0.0,0.0004255876851015106,19,0.0009464763831494366,0.0,0.0,0.1968521052631579,0.0004255876851015106,0.0009464763831494366,3,1,160,96,128,1.0,0.0,374019,0.0,0,0,0,0,3206.156480128644
6,z,40,0.005,normal,anqi,1900000,0.11164473684210525,212125,0.0,0.0003609345537914758,19,0.0008026924720454023,0.0,0.0,0.11164473684210525,0.0003609345537914758,0.0008026924720454023,3,1,192,128,192,1.0,0.0,212125,0.0,0,0,0,0,3047.017512022867
6,z,40,0.005,normal,val,1900000,0.11164473684210525,212125,0.0,0.0003609345537914758,19,0.0008026924720454023,0.0,0.0,0.11164473684210525,0.0003609345537914758,0.0008026924720454023,3,1,192,128,192,1.0,0.0,212125,0.0,0,0,0,0,3008.1246635980206
6,z,41,0.005,m1,anqi,1900000,0.021946842105263157,41699,9.738743342345355e-05,0.00019016526728804384,19,0.00042291386871427767,8.715032715995072e-05,0.00019381605560547617,0.021944736842105263,0.00019092758635609383,0.00042460921145936136,0,4,352,224,320,1.0,0.0,41699,4.0,0,0,0,0,1891.12514241389
6,z,41,0.005,m1,val,1900000,0.021946842105263157,41699,0.0038419953524064777,0.00019016526728804384,19,0.00042291386871427767,0.00046671705326538094,0.0010379451379647375,0.021862631578947366,0.00019235320982091477,0.0004277796954464505,0,4,352,224,320,1.0,0.0,41699,3.0,314,0,0,0,1919.4166720480425
6,z,41,0.005,normal,anqi,1900000,0.012168421052631578,23120,0.00026184936951192077,0.00012352795963394903,19,0.00027471729221742626,0.00021674972060183766,0.00048203577966535025,0.012165263157894738,0.00012413666710787958,0.00027607101383224315,0,4,384,256,384,1.0,0.0,23120,6.0,0,0,0,0,1766.9612302520545
6,z,41,0.005,normal,val,1900000,0.012168421052631578,23120,0.004111532337494193,0.00012352795963394903,19,0.00027471729221742626,0.00045430504173259086,0.0010103417175782612,0.012118421052631579,0.00012380726236709767,0.00027533844139520665,0,4,384,256,384,1.0,0.0,23120,6.0,178,0,0,0,1752.5736202377593
6,z,42,0.005,m1,anqi,13900000,0.0472828064516129,659772,6.774627124523067e-07,0.00018217399047025637,31,0.000517500944885117,1.3278269164065212e-06,3.7719527475381156e-06,0.047282774193548385,0.00018216644619980997,0.0005174795139054563,1,3,288,160,256,1.0,0.0,659772,1.0,0,0,0,0,11770.980605679099
6,z,42,0.005,m1,val,13900000,0.0472828064516129,659772,7.1272218506325206e-06,0.00018217399047025637,31,0.000517500944885117,3.985812149928616e-06,1.1322481043524212e-05,0.04728246774193548,0.00018211666677336936,0.0005173381056827327,1,3,288,160,256,1.0,0.0,659772,0.0,21,0,0,0,11640.27085845999
6,z,42,0.005,normal,anqi,13900000,0.02605809677419355,363219,0.0,0.00015123048212926593,31,0.000429599841312719,0.0,0.0,0.02605809677419355,0.00015123048212926593,0.000429599841312719,1,3,320,192,320,1.0,0.0,363219,0.0,0,0,0,0,16393.78349060018
6,z,42,0.005,normal,val,13900000,0.02605809677419355,363219,2.1015328432176276e-05,0.00015123048212926593,31,0.000429599841312719,1.6761574945026786e-05,4.761454063460445e-05,0.02605754838709677,0.00015120935944169588,0.0004295398381764436,1,3,320,192,320,1.0,0.0,363219,0.0,16,0,0,0,16478.724992856034
6,z,43,0.005,m1,anqi,13900000,0.025668967741935483,356106,0.0,0.00017269161637594002,31,0.0004905644017436083,0.0,0.0,0.025668967741935483,0.00017269161637594002,0.0004905644017436083,0,4,352,160,320,1.0,0.0,356106,0.0,0,0,0,0,9786.859821838676
6,z,43,0.005,m1,val,13900000,0.025668967741935483,356106,9.249721064752546e-06,0.00017269161637594002,31,0.0004905644017436083,1.2026736550330231e-05,3.416430365616017e-05,0.025668725806451614,0.00017260330515466864,0.0004903135364014487,0,4,352,160,320,1.0,0.0,356106,0.0,6,0,0,0,10145.732502918225
6,z,43,0.005,normal,anqi,13900000,0.014149548387096773,195654,0.0,0.00011029131013631643,31,0.00031330409495245723,0.0,0.0,0.014149548387096773,0.00011029131013631643,0.00031330409495245723,0,4,384,192,384,1.0,0.0,195654,0.0,0,0,0,0,13062.967341334326
6,z,43,0.005,normal,val,13900000,0.014149548387096773,195654,5.732952158773461e-06,0.00011029131013631643,31,0.00031330409495245723,5.6825792598598205e-06,1.614248076122679e-05,0.014149467741935484,0.00011029906809419949,0.00031332613295318666,0,4,384,192,384,1.0,0.0,195654,0.0,5,0,0,0,13089.028581931023
6,z,44,0.005,m1,anqi,1900000,0.10564842105263157,200732,0.0,0.00040823295017262885,19,0.0009078807016459004,0.0,0.0,0.10564842105263157,0.00040823295017262885,0.0009078807016459004,2,2,224,96,192,1.0,0.0,200732,0.0,0,0,0,0,2953.9603393749567
6,z,44,0.005,m1,val,1900000,0.10564842105263157,200732,0.0,0.00040823295017262885,19,0.0009078807016459004,0.0,0.0,0.10564842105263157,0.00040823295017262885,0.0009078807016459004,2,2,224,96,192,1.0,0.0,200732,0.0,0,0,0,0,2837.3725453207735
6,z,44,0.005,normal,anqi,1900000,0.06046052631578947,114875,0.0,0.0003243908945380836,19,0.000721422003824626,0.0,0.0,0.06046052631578947,0.0003243908945380836,0.000721422003824626,2,2,256,128,256,1.0,0.0,114875,0.0,0,0,0,0,2763.0166945731035
6,z,44,0.005,normal,val,1900000,0.06046052631578947,114875,0.0,0.0003243908945380836,19,0.000721422003824626,0.0,0.0,0.06046052631578947,0.0003243908945380836,0.000721422003824626,2,2,256,128,256,1.0,0.0,114875,0.0,0,0,0,0,2815.9580795889487
6,z,45,0.005,m1,anqi,1900000,0.026068947368421053,49531,0.0,0.00021592743260795365,19,0.0004802070703450302,0.0,0.0,0.026068947368421053,0.00021592743260795365,0.0004802070703450302,0,4,352,160,320,1.0,0.0,49531,0.0,0,0,0,0,1851.273772223154
6,z,45,0.005,m1,val,1900000,0.026068947368421053,49531,0.0,0.00021592743260795365,19,0.0004802070703450302,0.0,0.0,0.026068947368421053,0.00021592743260795365,0.0004802070703450302,0,4,352,160,320,1.0,0.0,49531,0.0,0,0,0,0,1896.6456425833749
6,z,45,0.005,normal,anqi,1900000,0.014200526315789474,26981,0.0,0.00015338491677194453,19,0.00034111701615933835,0.0,0.0,0.014200526315789474,0.00015338491677194453,0.00034111701615933835,0,4,384,192,384,1.0,0.0,26981,0.0,0,0,0,0,1716.4253366546473
6,z,45,0.005,normal,val,1900000,0.014200526315789474,26981,0.0,0.00015338491677194453,19,0.00034111701615933835,0.0,0.0,0.014200526315789474,0.00015338491677194453,0.00034111701615933835,0,4,384,192,384,1.0,0.0,26981,0.0,0,0,0,0,1741.2195286416681
6,z,46,0.005,m1,anqi,1900000,0.060062105263157896,114118,0.0,0.0003091359443611004,19,0.0006874960924928822,0.0,0.0,0.060062105263157896,0.0003091359443611004,0.0006874960924928822,1,3,288,96,256,1.0,0.0,114118,0.0,0,0,0,0,2545.1707316151587
6,z,46,0.005,m1,val,1900000,0.060062105263157896,114118,0.0,0.0003091359443611004,19,0.0006874960924928822,0.0,0.0,0.060062105263157896,0.0003091359443611004,0.0006874960924928822,1,3,288,96,256,1.0,0.0,114118,0.0,0,0,0,0,2500.437275668024
6,z,46,0.005,normal,anqi,1900000,0.035834736842105266,68086,0.0,0.00030223424489511316,19,0.0006721472095791439,0.0,0.0,0.035834736842105266,0.00030223424489511316,0.0006721472095791439,1,3,320,128,320,1.0,0.0,68086,0.0,0,0,0,0,2378.456066346029
6,z,46,0.005,normal,val,1900000,0.035834736842105266,68086,0.0,0.00030223424489511316,19,0.0006721472095791439,0.0,0.0,0.035834736842105266,0.00030223424489511316,0.0006721472095791439,1,3,320,128,320,1.0,0.0,68086,0.0,0,0,0,0,2401.0156833238434
6,z,47,0.005,m1,anqi,1900000,0.03602368421052632,68445,0.0,0.00027033448715644426,19,0.0006012044441167524,0.0,0.0,0.03602368421052632,0.00027033448715644426,0.0006012044441167524,0,4,352,96,320,1.0,0.0,68445,0.0,0,0,0,0,1966.0308885350823
6,z,47,0.005,m1,val,1900000,0.03602368421052632,68445,0.0,0.00027033448715644426,19,0.0006012044441167524,0.0,0.0,0.03602368421052632,0.00027033448715644426,0.0006012044441167524,0,4,352,96,320,1.0,0.0,68445,0.0,0,0,0,0,2024.819292773027
6,z,47,0.005,normal,anqi,1900000,0.02368,44992,0.0,0.000244418186362147,19,0.0005435684562837195,0.0,0.0,0.02368,0.000244418186362147,0.0005435684562837195,0,4,384,128,384,1.0,0.0,44992,0.0,0,0,0,0,1825.482971912017
6,z,47,0.005,normal,val,1900000,0.02368,44992,0.0,0.000244418186362147,19,0.0005435684562837195,0.0,0.0,0.02368,0.000244418186362147,0.0005435684562837195,0,4,384,128,384,1.0,0.0,44992,0.0,0,0,0,0,1890.2121939968783
6,z,48,0.005,m1,anqi,1900000,0.4853978947368421,922256,0.0,0.00046321379152334716,19,0.0010301541359717286,0.0,0.0,0.4853978947368421,0.00046321379152334716,0.0010301541359717286,4,0,96,32,64,1.0,0.0,922256,0.0,0,0,0,0,3287.132711134036
6,z,48,0.005,m1,val,1900000,0.4853978947368421,922256,0.0,0.00046321379152334716,19,0.0010301541359717286,0.0,0.0,0.4853978947368421,0.00046321379152334716,0.0010301541359717286,4,0,96,32,64,1.0,0.0,922256,0.0,0,0,0,0,3345.6967039309675
6,z,48,0.005,normal,anqi,1900000,0.38542421052631576,732306,0.0,0.000823429638638077,19,0.001831248256091629,0.0,0.0,0.38542421052631576,0.000823429638638077,0.001831248256091629,4,0,128,64,128,1.0,0.0,732306,0.0,0,0,0,0,3499.158607856836
6,z,48,0.005,normal,val,1900000,0.38542421052631576,732306,0.0,0.000823429638638077,19,0.001831248256091629,0.0,0.0,0.38542421052631576,0.000823429638638077,0.001831248256091629,4,0,128,64,128,1.0,0.0,732306,0.0,0,0,0,0,3495.969173420919
6,z,49,0.005,m1,anqi,1900000,0.023078947368421053,43850,0.00016210528142947505,0.0001780346408585835,19,0.0003959362285470015,0.00011808625625764963,0.0002626153355347665,0.023075263157894738,0.0001795954950110244,0.0003994074558511319,0,4,352,224,320,1.0,0.0,43850,7.0,0,0,0,0,1873.786765362136
6,z,49,0.005,m1,val,1900000,0.023078947368421053,43850,0.002466412984198978,0.0001780346408585835,19,0.0003959362285470015,0.0004435062130957425,0.0009863258998554882,0.023022105263157896,0.0001801042668840212,0.0004005389278815957,0,4,352,224,320,1.0,0.0,43850,5.0,206,0,0,0,1883.3188793800073
6,z,49,0.005,normal,anqi,1900000,0.012947368421052631,24600,0.0005677774490918664,0.00018287709200088767,19,0.00040670549138798975,0.00025388753668401565,0.0005646276099133163,0.01294,0.00018252762027633692,0.00040592829142322367,0,4,384,256,384,1.0,0.0,24600,14.0,0,0,0,0,1730.2269411666784
6,z,49,0.005,normal,val,1900000,0.012947368421052631,24600,0.002748134346703584,0.00018287709200088767,19,0.00040670549138798975,0.00034548543990390614,0.0007683347545948069,0.012911842105263157,0.00018324961116969465,0.00040753394721011293,0,4,384,256,384,1.0,0.0,24600,12.0,111,0,0,0,1751.7728459748905
6,z,50,0.005,m1,anqi,13900000,0.04930645161290322,685470,1.3055943966853854e-06,0.0001796996599681267,31,0.000510472123868984,1.7790551726887903e-06,5.0537550969413555e-06,0.04930638709677419,0.00017969466801631283,0.0005104579432509174,1,3,288,160,256,1.0,0.0,685470,2.0,0,0,0,0,11351.319372356986
6,z,50,0.005,m1,val,13900000,0.04930645161290322,685470,1.4978432603222189e-05,0.0001796996599681267,31,0.000510472123868984,1.0758577734252358e-05,3.056184984872798e-05,0.04930570967741936,0.00017957886542037095,0.000510128983267852,1,3,288,160,256,1.0,0.0,685470,3.0,13,0,0,0,11251.37577503093
6,z,50,0.005,normal,anqi,13900000,0.027148935483870967,378108,1.4013815807216695e-05,0.00015558432713279707,31,0.0004419677918494263,2.2883261295573893e-05,6.500439119735912e-05,0.027148548387096773,0.00015543408562942714,0.0004415410013962216,1,3,320,192,320,1.0,0.0,378108,3.0,0,0,0,0,16362.402069319156
6,z,50,0.005,normal,val,13900000,0.027148935483870967,378108,3.295230294817926e-05,0.00015558432713279707,31,0.0004419677918494263,2.56242404609259e-05,7.279068003210733e-05,0.027148032258064517,0.00015539009401481385,0.0004414160345880037,1,3,320,192,320,1.0,0.0,378108,3.0,23,0,0,0,16427.45781701815
6,z,51,0.005,m1,anqi,1900000,0.02633842105263158,50043,0.0,0.00017351902022135212,19,0.00038589381322809413,0.0,0.0,0.02633842105263158,0.00017351902022135212,0.00038589381322809413,0,4,352,160,320,1.0,0.0,50043,0.0,0,0,0,0,1926.8050452142488
6,z,51,0.005,m1,val,1900000,0.02633842105263158,50043,0.0,0.00017351902022135212,19,0.00038589381322809413,0.0,0.0,0.02633842105263158,0.00017351902022135212,0.00038589381322809413,0,4,352,160,320,1.0,0.0,50043,0.0,0,0,0,0,1948.8550794519251
6,z,51,0.005,normal,anqi,1900000,0.014472105263157894,27497,0.0,0.00011931236139398834,19,0.0002653421051181627,0.0,0.0,0.014472105263157894,0.00011931236139398834,0.0002653421051181627,0,4,384,192,384,1.0,0.0,27497,0.0,0,0,0,0,1762.488630383974
6,z,51,0.005,normal,val,1900000,0.014472105263157894,27497,0.0,0.00011931236139398834,19,0.0002653421051181627,0.0,0.0,0.014472105263157894,0.00011931236139398834,0.0002653421051181627,0,4,384,192,384,1.0,0.0,27497,0.0,0,0,0,0,1722.2698310944252
6,z,52,0.005,m1,anqi,1900000,0.10772421052631578,204676,0.0,0.000353973906211821,19,0.0007872124927692205,0.0,0.0,0.10772421052631578,0.000353973906211821,0.0007872124927692205,2,2,224,96,192,1.0,0.0,204676,0.0,0,0,0,0,2576.7815723300446
6,z,52,0.005,m1,val,1900000,0.10772421052631578,204676,0.0,0.000353973906211821,19,0.0007872124927692205,0.0,0.0,0.10772421052631578,0.000353973906211821,0.0007872124927692205,2,2,224,96,192,1.0,0.0,204676,0.0,0,0,0,0,2564.8338222627062
6,z,52,0.005,normal,anqi,1900000,0.059837894736842104,113692,0.0,0.00026806611046794004,19,0.0005961597376111028,0.0,0.0,0.059837894736842104,0.00026806611046794004,0.0005961597376111028,2,2,256,128,256,1.0,0.0,113692,0.0,0,0,0,0,2673.2657883929787
6,z,52,0.005,normal,val,1900000,0.059837894736842104,113692,0.0,0.00026806611046794004,19,0.0005961597376111028,0.0,0.0,0.059837894736842104,0.00026806611046794004,0.0005961597376111028,2,2,256,128,256,1.0,0.0,113692,0.0,0,0,0,0,2710.2756259861635
6,z,53,0.005,m1,anqi,1900000,0.02648315789473684,50318,0.0,0.0002082486825768986,19,0.00046313008289703084,0.0,0.0,0.02648315789473684,0.0002082486825768986,0.00046313008289703084,0,4,352,160,320,1.0,0.0,50318,0.0,0,0,0,0,1872.338723156834
6,z,53,0.005,m1,val,1900000,0.02648315789473684,50318,0.0,0.0002082486825768986,19,0.00046313008289703084,0.0,0.0,0.02648315789473684,0.0002082486825768986,0.00046313008289703084,0,4,352,160,320,1.0,0.0,50318,0.0,0,0,0,0,1839.5235502680298
6,z,53,0.005,normal,anqi,1900000,0.014532105263157897,27611,0.0,0.0001911228723359602,19,0.00042504351342432454,0.0,0.0,0.014532105263157897,0.0001911228723359602,0.00042504351342432454,0,4,384,192,384,1.0,0.0,27611,0.0,0,0,0,0,1728.1987504269928
6,z,53,0.005,normal,val,1900000,0.014532105263157897,27611,0.0,0.0001911228723359602,19,0.00042504351342432454,0.0,0.0,0.014532105263157897,0.0001911228723359602,0.00042504351342432454,0,4,384,192,384,1.0,0.0,27611,0.0,0,0,0,0,1699.2878728848882
6,z,54,0.005,m1,anqi,1900000,0.05914578947368421,112377,0.0,0.00033688226580765105,19,0.0007492019145543667,0.0,0.0,0.05914578947368421,0.00033688226580765105,0.0007492019145543667,1,3,288,96,256,1.0,0.0,112377,0.0,0,0,0,0,2243.332878097659
6,z,54,0.005,m1,val,1900000,0.05914578947368421,112377,0.0,0.00033688226580765105,19,0.0007492019145543667,0.0,0.0,0.05914578947368421,0.00033688226580765105,0.0007492019145543667,1,3,288,96,256,1.0,0.0,112377,0.0,0,0,0,0,2315.5921793717425
6,z,54,0.005,normal,anqi,1900000,0.03381578947368421,64250,0.0,0.0002413348516197784,19,0.0005367113417168354,0.0,0.0,0.03381578947368421,0.0002413348516197784,0.0005367113417168354,1,3,320,128,320,1.0,0.0,64250,0.0,0,0,0,0,2329.220293429098
6,z,54,0.005,normal,val,1900000,0.03381578947368421,64250,0.0,0.0002413348516197784,19,0.0005367113417168354,0.0,0.0,0.03381578947368421,0.0002413348516197784,0.0005367113417168354,1,3,320,128,320,1.0,0.0,64250,0.0,0,0,0,0,2373.6111973437946
6,z,55,0.005,m1,anqi,1900000,0.03361,63859,0.0,0.0002675771649100246,19,0.000595072357878528,0.0,0.0,0.03361,0.0002675771649100246,0.000595072357878528,0,4,352,96,320,1.0,0.0,63859,0.0,0,0,0,0,1870.7451295211213
6,z,55,0.005,m1,val,1900000,0.03361,63859,0.0,0.0002675771649100246,19,0.000595072357878528,0.0,0.0,0.03361,0.0002675771649100246,0.000595072357878528,0,4,352,96,320,1.0,0.0,63859,0.0,0,0,0,0,1895.3513889469905
6,z,55,0.005,normal,anqi,1900000,0.019916842105263156,37842,0.0,0.00019309028247642814,19,0.000429418891986976,0.0,0.0,0.019916842105263156,0.00019309028247642814,0.000429418891986976,0,4,384,128,384,1.0,0.0,37842,0.0,0,0,0,0,1840.0955764321843
6,z,55,0.005,normal,val,1900000,0.019916842105263156,37842,0.0,0.00019309028247642814,19,0.000429418891986976,0.0,0.0,0.019916842105263156,0.00019309028247642814,0.000429418891986976,0,4,384,128,384,1.0,0.0,37842,0.0,0,0,0,0,1825.2330501428805
6,z,56,0.005,m1,anqi,1900000,0.27047473684210527,513902,0.0,0.000757664130608479,19,0.0016849904992183482,0.0,0.0,0.27047473684210527,0.000757664130608479,0.0016849904992183482,3,1,160,32,128,1.0,0.0,513902,0.0,0,0,0,0,2317.362561785965
6,z,56,0.005,m1,val,1900000,0.27047473684210527,513902,0.0,0.000757664130608479,19,0.0016849904992183482,0.0,0.0,0.27047473684210527,0.000757664130608479,0.0016849904992183482,3,1,160,32,128,1.0,0.0,513902,0.0,0,0,0,0,2400.1941186037147
6,z,56,0.005,normal,anqi,1900000,0.2123805263157895,403523,0.0,0.0006269375258732773,19,0.0013942639383648125,0.0,0.0,0.2123805263157895,0.0006269375258732773,0.0013942639383648125,3,1,192,64,192,1.0,0.0,403523,0.0,0,0,0,0,3213.148507787031
6,z,56,0.005,normal,val,1900000,0.2123805263157895,403523,0.0,0.0006269375258732773,19,0.0013942639383648125,0.0,0.0,0.2123805263157895,0.0006269375258732773,0.0013942639383648125,3,1,192,64,192,1.0,0.0,403523,0.0,0,0,0,0,3186.7699242860544
6,z,57,0.005,m1,anqi,1900000,0.02772578947368421,52679,0.0,0.0002207043275447574,19,0.0004908305409029071,0.0,0.0,0.02772578947368421,0.0002207043275447574,0.0004908305409029071,0,4,352,160,320,1.0,0.0,52679,0.0,0,0,0,0,1726.492062153644
6,z,57,0.005,m1,val,1900000,0.02772578947368421,52679,0.0,0.0002207043275447574,19,0.0004908305409029071,0.0,0.0,0.02772578947368421,0.0002207043275447574,0.0004908305409029071,0,4,352,160,320,1.0,0.0,52679,0.0,0,0,0,0,1737.2873589040246
6,z,57,0.005,normal,anqi,1900000,0.015155789473684211,28796,0.0,0.00017131079436847856,19,0.00038098287785197696,0.0,0.0,0.015155789473684211,0.00017131079436847856,0.00038098287785197696,0,4,384,192,384,1.0,0.0,28796,0.0,0,0,0,0,1770.6181192287477
6,z,57,0.005,normal,val,1900000,0.015155789473684211,28796,0.0,0.00017131079436847856,19,0.00038098287785197696,0.0,0.0,0.015155789473684211,0.00017131079436847856,0.00038098287785197696,0,4,384,192,384,1.0,0.0,28796,0.0,0,0,0,0,1751.1403516568244
6,z,58,0.005,m1,anqi,1900000,0.060505263157894736,114960,0.0,0.00028151396974499877,19,0.0006260668088333758,0.0,0.0,0.060505263157894736,0.00028151396974499877,0.0006260668088333758,1,3,288,96,256,1.0,0.0,114960,0.0,0,0,0,0,1850.546309400117
6,z,58,0.005,m1,val,1900000,0.060505263157894736,114960,0.0,0.00028151396974499877,19,0.0006260668088333758,0.0,0.0,0.060505263157894736,0.00028151396974499877,0.0006260668088333758,1,3,288,96,256,1.0,0.0,114960,0.0,0,0,0,0,1899.0322058590828
6,z,58,0.005,normal,anqi,1900000,0.03367105263157895,63975,0.0,0.00020524331192108214,19,0.00045644635484775204,0.0,0.0,0.03367105263157895,0.00020524331192108214,0.00045644635484775204,1,3,320,128,320,1.0,0.0,63975,0.0,0,0,0,0,2346.662164888927
6,z,58,0.005,normal,val,1900000,0.03367105263157895,63975,0.0,0.00020524331192108214,19,0.00045644635484775204,0.0,0.0,0.03367105263157895,0.00020524331192108214,0.00045644635484775204,1,3,320,128,320,1.0,0.0,63975,0.0,0,0,0,0,2375.643702436937
6,z,59,0.005,m1,anqi,1900000,0.03334,63346,0.0,0.0002728852930406738,19,0.0006068772528279491,0.0,0.0,0.03334,0.0002728852930406738,0.0006068772528279491,0,4,352,96,320,1.0,0.0,63346,0.0,0,0,0,0,1589.5332130340394
6,z,59,0.005,m1,val,1900000,0.03334,63346,0.0,0.0002728852930406738,19,0.0006068772528279491,0.0,0.0,0.03334,0.0002728852930406738,0.0006068772528279491,0,4,352,96,320,1.0,0.0,63346,0.0,0,0,0,0,1616.0927873139735
6,z,59,0.005,normal,anqi,1900000,0.019025789473684208,36149,0.0,0.00020528939427467247,19,0.0004565488386857014,0.0,0.0,0.019025789473684208,0.00020528939427467247,0.0004565488386857014,0,4,384,128,384,1.0,0.0,36149,0.0,0,0,0,0,1819.3253223677166
6,z,59,0.005,normal,val,1900000,0.019025789473684208,36149,0.0,0.00020528939427467247,19,0.0004565488386857014,0.0,0.0,0.019025789473684208,0.00020528939427467247,0.0004565488386857014,0,4,384,128,384,1.0,0.0,36149,0.0,0,0,0,0,1813.73180715309
6,z,60,0.005,m1,anqi,1900000,0.15231631578947366,289401,0.0,0.0004923354549586026,19,0.0010949186196360559,0.0,0.0,0.15231631578947366,0.0004923354549586026,0.0010949186196360559,2,2,224,32,192,1.0,0.0,289401,0.0,0,0,0,0,1816.2129776945803
6,z,60,0.005,m1,val,1900000,0.15231631578947366,289401,0.0,0.0004923354549586026,19,0.0010949186196360559,0.0,0.0,0.15231631578947366,0.0004923354549586026,0.0010949186196360559,2,2,224,32,192,1.0,0.0,289401,0.0,0,0,0,0,1868.4542338921456
6,z,60,0.005,normal,anqi,1900000,0.11978736842105263,227596,0.0,0.000476970643249028,19,0.001060748384162298,0.0,0.0,0.11978736842105263,0.000476970643249028,0.001060748384162298,2,2,256,64,256,1.0,0.0,227596,0.0,0,0,0,0,2790.783562230761
6,z,60,0.005,normal,val,1900000,0.11978736842105263,227596,0.0,0.000476970643249028,19,0.001060748384162298,0.0,0.0,0.11978736842105263,0.000476970643249028,0.001060748384162298,2,2,256,64,256,1.0,0.0,227596,0.0,0,0,0,0,2799.239457412972
6,z,61,0.005,m1,anqi,1900000,0.03410105263157895,64792,0.0,0.00025065269327076927,19,0.0005574335509661127,0.0,0.0,0.03410105263157895,0.00025065269327076927,0.0005574335509661127,0,4,352,96,320,1.0,0.0,64792,0.0,0,0,0,0,1389.3936511505162
6,z,61,0.005,m1,val,1900000,0.03410105263157895,64792,0.0,0.00025065269327076927,19,0.0005574335509661127,0.0,0.0,0.03410105263157895,0.00025065269327076927,0.0005574335509661127,0,4,352,96,320,1.0,0.0,64792,0.0,0,0,0,0,1414.5212508932455
6,z,61,0.005,normal,anqi,1900000,0.01899421052631579,36089,0.0,0.00014838848715773137,19,0.0003300053162782827,0.0,0.0,0.01899421052631579,0.00014838848715773137,0.0003300053162782827,0,4,384,128,384,1.0,0.0,36089,0.0,0,0,0,0,1724.5864887129283
6,z,61,0.005,normal,val,1900000,0.01899421052631579,36089,0.0,0.00014838848715773137,19,0.0003300053162782827,0.0,0.0,0.01899421052631579,0.00014838848715773137,0.0003300053162782827,0,4,384,128,384,1.0,0.0,36089,0.0,0,0,0,0,1701.6975068460451
6,z,62,0.005,m1,anqi,1900000,0.08563684210526316,162710,0.0,0.0004508300309827979,19,0.0010026135437588403,0.0,0.0,0.08563684210526316,0.0004508300309827979,0.0010026135437588403,1,3,288,32,256,1.0,0.0,162710,0.0,0,0,0,0,1484.6049429040868
6,z,62,0.005,m1,val,1900000,0.08563684210526316,162710,0.0,0.0004508300309827979,19,0.0010026135437588403,0.0,0.0,0.08563684210526316,0.0004508300309827979,0.0010026135437588403,1,3,288,32,256,1.0,0.0,162710,0.0,0,0,0,0,1555.5919277882203
6,z,62,0.005,normal,anqi,1900000,0.0674678947368421,128189,0.0,0.0003938598201695399,19,0.0008759158949184323,0.0,0.0,0.0674678947368421,0.0003938598201695399,0.0008759158949184323,1,3,320,64,320,1.0,0.0,128189,0.0,0,0,0,0,2462.5454738884
6,z,62,0.005,normal,val,1900000,0.0674678947368421,128189,0.0,0.0003938598201695399,19,0.0008759158949184323,0.0,0.0,0.0674678947368421,0.0003938598201695399,0.0008759158949184323,1,3,320,64,320,1.0,0.0,128189,0.0,0,0,0,0,2419.7838926148834
6,z,63,0.005,m1,anqi,1900000,0.0481321052631579,91451,0.0,0.0002575779621764133,19,0.000572834850617412,0.0,0.0,0.0481321052631579,0.0002575779621764133,0.000572834850617412,0,4,352,32,320,1.0,0.0,91451,0.0,0,0,0,0,1205.329518449842
6,z,63,0.005,m1,val,1900000,0.0481321052631579,91451,0.0,0.0002575779621764133,19,0.000572834850617412,0.0,0.0,0.0481321052631579,0.0002575779621764133,0.000572834850617412,0,4,352,32,320,1.0,0.0,91451,0.0,0,0,0,0,1281.778579968959
6,z,63,0.005,normal,anqi,1900000,0.03818526315789474,72552,0.0,0.00024123267762107058,19,0.0005364841140969248,0.0,0.0,0.03818526315789474,0.00024123267762107058,0.0005364841140969248,0,4,384,64,384,1.0,0.0,72552,0.0,0,0,0,0,1916.1232187468559
6,z,63,0.005,normal,val,1900000,0.03818526315789474,72552,0.0,0.00024123267762107058,19,0.0005364841140969248,0.0,0.0,0.03818526315789474,0.00024123267762107058,0.0005364841140969248,0,4,384,64,384,1.0,0.0,72552,0.0,0,0,0,0,1851.258425513748
