n,lstate,i,p_error,sim_type,decoder_type,shots,prep_rate,count_accept,LER,LER_error,N_samples,LER_undecided,prep_rate_SEM,prep_rate_SD,LER_SEM,LER_SD,LER_error_SEM,LER_error_SD,LER_undecided_SEM,LER_undecided_SD,eff,eff_SEM,eff_SD,skip,s_l,CNOT,hadamard,meas,cost,cost_SEM,count_accept,count_logerror,count_undecided,count_detect_discard,total_meta_shots,detect_normal,decoding_normal
4,x,2,0.0,m1,anqi,1000,1.0,1000,0.0,0.0,1,0.0,0.0,,0.0,,0.0,,0.0,,1.0,0.0,,0,2,56,56,48,1.0,0.0,1000,0.0,0,0,0,0,0.1006680950522422
4,x,2,0.0,m1,val,1000,1.0,1000,0.0,0.0,1,0.0,0.0,,0.0,,0.0,,0.0,,1.0,0.0,,0,2,56,56,48,1.0,0.0,1000,0.0,0,0,0,0,0.1096295181196183
4,x,2,0.0,normal,anqi,1000,1.0,1000,0.0,0.0,1,0.0,0.0,,0.0,,0.0,,0.0,,1.0,0.0,,0,2,64,64,64,1.0,0.0,1000,0.0,0,0,0,0,0.2172214221209287
4,x,2,0.0,normal,val,1000,1.0,1000,0.0,0.0,1,0.0,0.0,,0.0,,0.0,,0.0,,1.0,0.0,,0,2,64,64,64,1.0,0.0,1000,0.0,0,0,0,0,0.4278820001054555
4,x,3,0.0,m1,anqi,1000,1.0,1000,0.0,0.0,1,0.0,0.0,,0.0,,0.0,,0.0,,1.0,0.0,,1,1,40,40,32,1.0,0.0,1000,0.0,0,0,0,0,0.105276406975463
4,x,3,0.0,m1,val,1000,1.0,1000,0.0,0.0,1,0.0,0.0,,0.0,,0.0,,0.0,,1.0,0.0,,1,1,40,40,32,1.0,0.0,1000,0.0,0,0,0,0,0.1002285310532897
4,x,3,0.0,normal,anqi,1000,1.0,1000,0.0,0.0,1,0.0,0.0,,0.0,,0.0,,0.0,,1.0,0.0,,1,1,48,48,48,1.0,0.0,1000,0.0,0,0,0,0,0.2375810300000012
4,x,3,0.0,normal,val,1000,1.0,1000,0.0,0.0,1,0.0,0.0,,0.0,,0.0,,0.0,,1.0,0.0,,1,1,48,48,48,1.0,0.0,1000,0.0,0,0,0,0,0.2945789389777928
4,x,4,0.0,m1,anqi,1000,1.0,1000,0.0,0.0,1,0.0,0.0,,0.0,,0.0,,0.0,,1.0,0.0,,0,2,56,40,48,1.0,0.0,1000,0.0,0,0,0,0,0.2165319619234651
4,x,4,0.0,m1,val,1000,1.0,1000,0.0,0.0,1,0.0,0.0,,0.0,,0.0,,0.0,,1.0,0.0,,0,2,56,40,48,1.0,0.0,1000,0.0,0,0,0,0,0.2215640731155872
4,x,4,0.0,normal,anqi,1000,1.0,1000,0.0,0.0,1,0.0,0.0,,0.0,,0.0,,0.0,,1.0,0.0,,0,2,64,48,64,1.0,0.0,1000,0.0,0,0,0,0,0.3425748648587614
4,x,4,0.0,normal,val,1000,1.0,1000,0.0,0.0,1,0.0,0.0,,0.0,,0.0,,0.0,,1.0,0.0,,0,2,64,48,64,1.0,0.0,1000,0.0,0,0,0,0,0.2831680199597031
4,x,4,0.01,m1,anqi,10000000,0.3059916,3059916,0.00022549114101088507,0.00022549114101088507,10,0.0,0.0003084868429508395,0.0004977148224078118,1.4812945487236912e-05,2.389930948754148e-05,1.4812945487236912e-05,2.389930948754148e-05,0.0,0.0,0.3059226,0.00030776760226290754,0.0004965543944691733,0,2,56,40,48,1.0,0.0,3059916,690.0,0,0,0,0,2503.8196066960227
4,x,4,0.01,m1,val,10000000,0.3059916,3059916,0.006257180557088696,0.000225491955557525,10,0.012063377203062341,0.0003084868429508395,0.0004977148224078118,5.085616972712166e-05,8.20516986784736e-05,1.5273583600156395e-05,2.4642506229330965e-05,0.0001042312381363317,0.0001681674060460266,0.30407695,0.00030469618429512037,0.0004915989473137788,0,2,56,40,48,1.0,0.0,3059916,690.0,36913,0,0,0,2506.83158984303
4,x,4,0.01,normal,anqi,10000000,0.2309716,2309716,0.00662688352001492,0.00662688352001492,10,0.0,0.00035993131286460686,0.0005807156887075622,0.00014774575127649765,0.00023837402481962364,0.00014774575127649765,0.00023837402481962364,0.0,0.0,0.229441,0.0003650644037426818,0.0005889974533051901,0,2,64,48,64,1.0,0.0,2309716,15306.0,0,0,0,0,3060.67328858783
4,x,4,0.01,normal,val,10000000,0.2309716,2309716,0.0065922924342705705,0.00034335504703202394,10,0.012497874774477094,0.00035993131286460686,0.0005807156887075622,9.087102542217099e-05,0.0001466119457393491,2.169998051413854e-05,3.50108997989538e-05,0.00015747620602402367,0.00025407320832543026,0.22944895,0.00035327759158360647,0.0005699805284198609,0,2,64,48,64,1.0,0.0,2309716,793.0,28867,0,0,0,3115.616165169049
4,x,4,0.05,m1,anqi,4000000,0.00601425,24057,0.043745974794866395,0.043745974794866395,4,0.0,0.00011155475352190635,0.00011383138114480241,0.002117013387688177,0.0021602177425389564,0.002117013387688177,0.0021602177425389564,0.0,0.0,0.005751,9.655528433666061e-05,9.852580034353123e-05,0,2,56,40,48,1.0,0.0,24057,1053.0,0,0,0,0,922.0229971639346
4,x,4,0.05,m1,val,4000000,0.00601425,24057,0.19543299618624932,0.04386988929578978,4,0.3031262137809191,0.00011155475352190635,0.00011383138114480241,0.0018319729139909097,0.001869360116317255,0.0021926627168812607,0.0022374109355931234,0.004014812965919698,0.004096747924407855,0.004838874999999999,9.11131031099993e-05,9.297255419387684e-05,0,2,56,40,48,1.0,0.0,24057,1056.0,7291,0,0,0,892.7524562941398
4,x,4,0.05,normal,anqi,4000000,0.0031465,12586,0.27895471799247834,0.27895471799247834,4,0.0,3.1931562233418306e-05,3.258322676879419e-05,0.008360105906504333,0.008530720312759523,0.008360105906504333,0.008530720312759523,0.0,0.0,0.00226875,3.328515334700048e-05,3.3964442190816815e-05,0,2,64,48,64,1.0,0.0,12586,3511.0,0,0,0,0,881.6369089977816
4,x,4,0.05,normal,val,4000000,0.0031465,12586,0.27810678068260064,0.09684323521349944,4,0.36252709093820235,3.1931562233418306e-05,3.258322676879419e-05,0.006037591563606646,0.006160807717965965,0.002755539980073038,0.002811775489870447,0.007016645091756391,0.007159841930363664,0.002271375,2.3008704693369115e-05,2.3478270095274608e-05,0,2,64,48,64,1.0,0.0,12586,1219.0,4563,0,0,0,870.4390408392064
4,x,4,0.1,m1,anqi,2000000,0.0009245,1849,0.1145845033509304,0.1145845033509304,2,0.0,6.8599999999999004e-06,4.949747468305761e-06,0.03731092515631434,0.02692123284732002,0.03731092515631434,0.02692123284732002,0.0,0.0,0.0008185,2.8419999999999948e-05,2.050609665440984e-05,0,2,56,40,48,1.0,0.0,1849,212.0,0,0,0,0,414.13666977302637
4,x,4,0.1,m1,val,2000000,0.0009245,1849,0.4723638918529335,0.1145845033509304,2,0.7155587770040062,6.8599999999999004e-06,4.949747468305761e-06,0.027765909899284916,0.020034146097550058,0.03731092515631434,0.02692123284732002,0.019090030514058914,0.013774173499539974,0.00048775,2.2049999999999977e-05,1.5909902576697304e-05,0,2,56,40,48,1.0,0.0,1849,212.0,1323,0,0,0,423.95749712293036
4,x,4,0.1,normal,anqi,2000000,0.0006655000000000001,1331,0.49660953800298063,0.49660953800298063,2,0.0,1.0779999999999997e-05,7.77817459305202e-06,0.002263785394932898,0.0016334061264368558,0.002263785394932898,0.0016334061264368558,0.0,0.0,0.000335,3.919999999999989e-06,2.8284271247461823e-06,0,2,64,48,64,1.0,0.0,1331,661.0,0,0,0,0,404.11632216291036
4,x,4,0.1,normal,val,2000000,0.0006655000000000001,1331,0.49585196224540484,0.1285270740188773,2,0.7346497764530551,1.0779999999999997e-05,7.77817459305202e-06,0.003748633879781419,0.0027047800373255905,0.012389965226030815,0.008939824928563168,0.03227719821162453,0.023289209931777567,0.00033549999999999997,2.9400000000000447e-06,2.121320343559675e-06,0,2,64,48,64,1.0,0.0,1331,171.0,978,0,0,0,419.18137535988353
4,x,5,0.0,m1,anqi,1000,1.0,1000,0.0,0.0,1,0.0,0.0,,0.0,,0.0,,0.0,,1.0,0.0,,2,0,24,24,16,1.0,0.0,1000,0.0,0,0,0,0,0.0716749518178403
4,x,5,0.0,m1,val,1000,1.0,1000,0.0,0.0,1,0.0,0.0,,0.0,,0.0,,0.0,,1.0,0.0,,2,0,24,24,16,1.0,0.0,1000,0.0,0,0,0,0,0.1031664349138736
4,x,5,0.0,normal,anqi,1000,1.0,1000,0.0,0.0,1,0.0,0.0,,0.0,,0.0,,0.0,,1.0,0.0,,2,0,32,32,32,1.0,0.0,1000,0.0,0,0,0,0,0.253160951891914
4,x,5,0.0,normal,val,1000,1.0,1000,0.0,0.0,1,0.0,0.0,,0.0,,0.0,,0.0,,1.0,0.0,,2,0,32,32,32,1.0,0.0,1000,0.0,0,0,0,0,0.4735018198844045
4,x,6,0.0,m1,anqi,1000,1.0,1000,0.0,0.0,1,0.0,0.0,,0.0,,0.0,,0.0,,1.0,0.0,,0,2,56,40,48,1.0,0.0,1000,0.0,0,0,0,0,0.2171832700259983
4,x,6,0.0,m1,val,1000,1.0,1000,0.0,0.0,1,0.0,0.0,,0.0,,0.0,,0.0,,1.0,0.0,,0,2,56,40,48,1.0,0.0,1000,0.0,0,0,0,0,0.2242669169791042
4,x,6,0.0,normal,anqi,1000,1.0,1000,0.0,0.0,1,0.0,0.0,,0.0,,0.0,,0.0,,1.0,0.0,,0,2,64,48,64,1.0,0.0,1000,0.0,0,0,0,0,0.3156308380421251
4,x,6,0.0,normal,val,1000,1.0,1000,0.0,0.0,1,0.0,0.0,,0.0,,0.0,,0.0,,1.0,0.0,,0,2,64,48,64,1.0,0.0,1000,0.0,0,0,0,0,0.2235116879455745
4,x,6,0.0001,m1,anqi,16000000,0.9877994375,15804791,0.0,0.0,16,0.0,5.450684727247181e-05,0.00011123846382137105,0.0,0.0,0.0,0.0,0.0,0.0,0.9877994375,5.450684727247181e-05,0.00011123846382137105,0,2,56,40,48,1.0,0.0,15804791,0.0,0,0,0,0,6921.873675338022
4,x,6,0.0001,m1,val,16000000,0.9877994375,15804791,1.2022018017126446e-06,0.0,16,2.404403603425289e-06,5.450684727247181e-05,0.00011123846382137105,3.9351146774363893e-07,8.030846280482427e-07,0.0,0.0,7.870229354872779e-07,1.6061692560964854e-06,0.98779825,5.466696150326397e-05,0.00011156522755768158,0,2,56,40,48,1.0,0.0,15804791,0.0,38,0,0,0,6353.754904223024
4,x,6,0.0001,normal,anqi,16000000,0.9847885000000001,15756616,1.396183356403519e-06,1.396183356403519e-06,16,0.0,6.805228009895158e-05,0.00013888220428357465,7.46296581124749e-07,1.5230542471933654e-06,7.46296581124749e-07,1.5230542471933654e-06,0.0,0.0,0.984787125,6.785320595471487e-05,0.00013847593051982628,0,2,64,48,64,1.0,0.0,15756616,22.0,0,0,0,0,11272.408472059062
4,x,6,0.0001,normal,val,16000000,0.9847885000000001,15756616,1.2692991767079394e-06,0.0,16,2.5385983534158788e-06,6.805228009895158e-05,0.00013888220428357465,3.5182498241785316e-07,7.180101681997004e-07,0.0,0.0,7.036499648357063e-07,1.4360203363994008e-06,0.98478725,6.802057798931672e-05,0.00013881750610064637,0,2,64,48,64,1.0,0.0,15756616,0.0,40,0,0,0,10286.241223965015
4,x,6,0.00025,m1,anqi,16000000,0.9697368125,15515789,0.0,0.0,16,0.0,8.77628563967547e-05,0.00017910787019745857,0.0,0.0,0.0,0.0,0.0,0.0,0.9697368125,8.77628563967547e-05,0.00017910787019745857,0,2,56,40,48,1.0,0.0,15515789,0.0,0,0,0,0,7101.777492248017
4,x,6,0.00025,m1,val,16000000,0.9697368125,15515789,6.348182922497325e-06,0.0,16,1.269636584499465e-05,8.77628563967547e-05,0.00017910787019745857,1.0744020531726249e-06,2.1926572513727036e-06,0.0,0.0,2.1488041063452497e-06,4.385314502745407e-06,0.96973065625,8.724819882991209e-05,0.00017805754863247365,0,2,56,40,48,1.0,0.0,15515789,0.0,197,0,0,0,7249.4605334960215
4,x,6,0.00025,normal,anqi,16000000,0.9624299374999999,15398879,6.8187849885151316e-06,6.8187849885151316e-06,16,0.0,0.0001066088768954823,0.00021756913652139245,1.6098854985217417e-06,3.2854806092280446e-06,1.6098854985217417e-06,3.2854806092280446e-06,0.0,0.0,0.962423375,0.00010685698709802362,0.0002180754838735176,0,2,64,48,64,1.0,0.0,15398879,105.0,0,0,0,0,9585.717957155051
4,x,6,0.00025,normal,val,16000000,0.9624299374999999,15398879,6.81868908631664e-06,0.0,16,1.363737817263328e-05,0.0001066088768954823,0.00021756913652139245,8.714819695406488e-07,1.7785346317156098e-06,0.0,0.0,1.7429639390812976e-06,3.5570692634312196e-06,0.962423375,0.00010663581023746123,0.00021762410252543107,0,2,64,48,64,1.0,0.0,15398879,0.0,210,0,0,0,8878.509871051036
4,x,6,0.0005,m1,anqi,16000000,0.940546,15048736,1.9936614526486242e-07,1.9936614526486242e-07,16,0.0,0.00013734738750095026,0.00028030079081826584,2.100259268470137e-07,4.286243405041096e-07,2.100259268470137e-07,4.286243405041096e-07,0.0,0.0,0.9405458125,0.0001373703697415009,0.00028034769335000183,0,2,56,40,48,1.0,0.0,15048736,3.0,0,0,0,0,6275.579299312958
4,x,6,0.0005,m1,val,16000000,0.940546,15048736,2.6680140334688293e-05,1.3290824501551238e-07,16,5.309446417934556e-05,0.00013734738750095026,0.00028030079081826584,2.172176656719703e-06,4.433013585142251e-06,1.7795549188871013e-07,3.6317447324226557e-07,4.244226526960674e-06,8.661686789715661e-06,0.94052090625,0.00013762032502770465,0.0002808578061789891,0,2,56,40,48,1.0,0.0,15048736,2.0,799,0,0,0,6886.6532890430535
4,x,6,0.0005,normal,anqi,16000000,0.9264696875,14823515,2.7186065607019736e-05,2.7186065607019736e-05,16,0.0,0.00013956116640950357,0.00028481870695817055,2.4122783327320757e-06,4.923017005575665e-06,2.4122783327320757e-06,4.923017005575665e-06,0.0,0.0,0.9264445,0.00013883502430342724,0.00028333678429270866,0,2,64,48,64,1.0,0.0,14823515,403.0,0,0,0,0,9991.166414244071
4,x,6,0.0005,normal,val,16000000,0.9264696875,14823515,2.5904543321385584e-05,0.0,16,5.180908664277117e-05,0.00013956116640950357,0.00028481870695817055,1.8566891378364622e-06,3.7891615057886983e-06,0.0,0.0,3.7133782756729244e-06,7.578323011577397e-06,0.9264456875,0.00013918389048157446,0.00028404875608484584,0,2,64,48,64,1.0,0.0,14823515,0.0,768,0,0,0,10034.907059928111
4,x,6,0.00075,m1,anqi,16000000,0.9122978125,14596765,3.425259989722345e-07,3.425259989722345e-07,16,0.0,0.0001564354673432812,0.00031925605580261467,4.25949258078326e-07,8.69284200159849e-07,4.25949258078326e-07,8.69284200159849e-07,0.0,0.0,0.9122975,0.00015641457003744545,0.0003192134082396846,0,2,56,40,48,1.0,0.0,14596765,5.0,0,0,0,0,7354.17726864398
4,x,6,0.00075,m1,val,16000000,0.9122978125,14596765,6.042437121231972e-05,4.110151716559033e-07,16,0.00012002671208132764,0.0001564354673432812,0.00031925605580261467,2.7181007148903897e-06,5.547144316102837e-06,5.502408201346069e-07,1.1229404492542998e-06,5.584866510948082e-06,1.1397686757036902e-05,0.9122426875,0.0001564781550448803,0.0003193431735609802,0,2,56,40,48,1.0,0.0,14596765,6.0,1752,0,0,0,7643.9371752229345
4,x,6,0.00075,normal,anqi,16000000,0.8918234375,14269175,6.019973594174525e-05,6.019973594174525e-05,16,0.0,0.0001436040527732905,0.0002930694954556949,4.534113905916812e-06,9.253293685544514e-06,4.534113905916812e-06,9.253293685544514e-06,0.0,0.0,0.89176975,0.00014370884980867107,0.0002932833669564716,0,2,64,48,64,1.0,0.0,14269175,859.0,0,0,0,0,10698.598337682983
4,x,6,0.00075,normal,val,16000000,0.8918234375,14269175,6.0128720867655456e-05,4.2043518193967126e-07,16,0.00011941657137143157,0.0001436040527732905,0.0002930694954556949,3.3391124041760575e-06,6.8145151105633825e-06,4.4291516517105183e-07,9.039085003490854e-07,6.576974905883843e-06,1.3422397767109884e-05,0.8917698125,0.00014235316291855518,0.0002905166590174596,0,2,64,48,64,1.0,0.0,14269175,6.0,1704,0,0,0,10570.683346656966
4,x,6,0.001,m1,anqi,261000000,0.8849591877394636,230974348,5.065372855734228e-07,5.065372855734228e-07,261,0.0,3.784867966021999e-05,0.0003119714964837615,9.256566811834248e-08,7.629817014792708e-07,9.256566811834248e-08,7.629817014792708e-07,0.0,0.0,0.8849587394636016,3.78449375684995e-05,0.0003119406519215601,0,2,56,40,48,1.0,0.0,230974348,117.0,0,0,0,0,83861.26038689929
4,x,6,0.001,m1,val,261000000,0.8849591877394636,230974348,0.00010529094709763367,5.281809025899979e-07,261,0.00020952553239008735,3.784867966021999e-05,0.0003119714964837615,9.156075325416729e-07,7.546985910291852e-06,1.1116529914889937e-07,9.162910052314776e-07,1.820215741067989e-06,1.500330880131365e-05,0.8848660095785441,3.786376046672456e-05,0.0003120958015273099,0,2,56,40,48,1.0,0.0,230974348,122.0,48395,0,0,0,85391.46922882496
4,x,6,0.001,normal,anqi,261000000,0.8586351762452107,224103781,0.00010721357555715051,0.00010721357555715051,261,0.0,4.2053889658115934e-05,0.0003466333570255157,1.2803374088772636e-06,1.0553308095219825e-05,1.2803374088772636e-06,1.0553308095219825e-05,0.0,0.0,0.8585431187739464,4.202633540796506e-05,0.00034640623838541444,0,2,64,48,64,1.0,0.0,224103781,24027.0,0,0,0,0,111459.09472360984
4,x,6,0.001,normal,val,261000000,0.8586351762452107,224103781,0.00010636582285368032,4.417431919161009e-07,261,0.00021184815932352843,4.2053889658115934e-05,0.0003466333570255157,9.69529887949949e-07,7.9914462735507e-06,1.004601478189748e-07,8.280527335014385e-07,1.9337823816735724e-06,1.5939393101701934e-05,0.8585438467432951,4.2038063056617104e-05,0.0003465029046927483,0,2,64,48,64,1.0,0.0,224103781,99.0,47476,0,0,0,112181.8740680583
4,x,6,0.0025,m1,anqi,125000000,0.73790432,92238040,6.9061001435628365e-06,6.9061001435628365e-06,125,0.0,7.496318031136734e-05,0.00042760909945354904,5.752830662284868e-07,3.2815613326311484e-06,5.752830662284868e-07,3.2815613326311484e-06,0.0,0.0,0.737899224,7.497642144700535e-05,0.00042768463026830896,0,2,56,40,48,1.0,0.0,92238040,637.0,0,0,0,0,41033.766490089474
4,x,6,0.0025,m1,val,125000000,0.73790432,92238040,0.0006598041232341827,6.938615963414595e-06,125,0.0013057310145415362,7.496318031136734e-05,0.00042760909945354904,3.258787088048597e-06,1.858895268641647e-05,6.07730359091131e-07,3.4666489666278733e-06,6.519183706806917e-06,3.7187086546503384e-05,0.7374174480000001,7.504781605811801e-05,0.0004280918833389087,0,2,56,40,48,1.0,0.0,92238040,640.0,120438,0,0,0,41955.596877287026
4,x,6,0.0025,normal,anqi,125000000,0.6847370479999999,85592131,0.0006669325385181986,0.0006669325385181986,125,0.0,8.816683212593825e-05,0.0005029260969245159,5.6879944151630955e-06,3.2445770836591435e-05,5.6879944151630955e-06,3.2445770836591435e-05,0.0,0.0,0.684280376,8.853370862964512e-05,0.0005050188540715465,0,2,64,48,64,1.0,0.0,85592131,57084.0,0,0,0,0,49770.46287415631
4,x,6,0.0025,normal,val,125000000,0.6847370479999999,85592131,0.0006656181540584858,7.2198074900797665e-06,125,0.0013167966931368121,8.816683212593825e-05,0.0005029260969245159,4.34104179404937e-06,2.4762409552709276e-05,6.15212928797731e-07,3.5093314526236345e-06,8.510819084956956e-06,4.854788269940386e-05,0.684281276,8.849606546146646e-05,0.0005048041278395671,0,2,64,48,64,1.0,0.0,85592131,618.0,112707,0,0,0,50840.585074067814
4,x,6,0.005,m1,anqi,3000000,0.5469533333333333,1640860,6.216260045096313e-05,6.216260045096313e-05,3,0.0,0.0006454179443155507,0.0005703554447302012,9.476895018975027e-06,8.374726362684269e-06,9.476895018975027e-06,8.374726362684269e-06,0.0,0.0,0.5469193333333333,0.0006454645675101906,0.0005703966456189396,0,2,56,40,48,1.0,0.0,1640860,102.0,0,0,0,0,1000.6943388599902
4,x,6,0.005,m1,val,3000000,0.5469533333333333,1640860,0.0026504202916760693,6.216356613888921e-05,3,0.00517651345107436,0.0006454179443155507,0.0005703554447302012,4.692659729185103e-05,4.146900547745411e-05,1.0954540299034583e-05,9.680520597698296e-06,8.166172790048728e-05,7.216441926403516e-05,0.5455036666666667,0.0006269892475775161,0.0005540700166345099,0,2,56,40,48,1.0,0.0,1640860,102.0,8494,0,0,0,1011.429358761874
4,x,6,0.005,normal,anqi,3000000,0.4722386666666667,1416716,0.0027486428377049856,0.0027486428377049856,3,0.0,0.0003911666586564501,0.0003456737382754713,0.00010285812650687396,9.08956638169657e-05,0.00010285812650687396,9.08956638169657e-05,0.0,0.0,0.4709406666666667,0.00042711863415735574,0.00037744447715304277,0,2,64,48,64,1.0,0.0,1416716,3894.0,0,0,0,0,1066.6242545749992
4,x,6,0.005,normal,val,3000000,0.4722386666666667,1416716,0.002727462242275283,6.705862422921477e-05,3,0.005320807236092136,0.0003911666586564501,0.0003456737382754713,9.228670704253481e-05,8.155370686780346e-05,5.044574565375615e-06,4.457887474387884e-06,0.0001792201526641198,0.00015837673987474803,0.4709506666666667,0.0004216932648791459,0.0003726500816225924,0,2,64,48,64,1.0,0.0,1416716,95.0,7538,0,0,0,1075.655642012949
4,x,6,0.01,m1,anqi,10000000,0.3063624,3063624,0.00045762322729838486,0.00045762322729838486,10,0.0,0.0003259452695816741,0.000525882369610045,3.097094276375722e-05,4.996873490621581e-05,3.097094276375722e-05,4.996873490621581e-05,0.0,0.0,0.3062222,0.00032534790392508195,0.000524918575696375,0,2,56,40,48,1.0,0.0,3063624,1402.0,0,0,0,0,3127.3328286057804
4,x,6,0.01,m1,val,10000000,0.3063624,3063624,0.010602366925310228,0.00045795057454179374,10,0.02028883270153687,0.0003259452695816741,0.000525882369610045,6.91184433951002e-05,0.00011151617829282554,3.0817748327742885e-05,4.9721569935465705e-05,0.00013771697799282344,0.00022219353210847242,0.30311425000000003,0.00032974734774435845,0.0005320166690162035,0,2,56,40,48,1.0,0.0,3063624,1403.0,62157,0,0,0,3120.8342939728172
4,x,6,0.01,normal,anqi,10000000,0.23153649999999998,2315365,0.010735211476612638,0.010735211476612638,10,0.0,0.00030609419699025514,0.000493854510739522,0.00013773431370409168,0.00022222150166585335,0.00013773431370409168,0.00022222150166585335,0.0,0.0,0.2290509,0.000302324442556517,0.0004877723626629247,0,2,64,48,64,1.0,0.0,2315365,24856.0,0,0,0,0,2941.585849028779
4,x,6,0.01,normal,val,10000000,0.23153649999999998,2315365,0.010771665253112971,0.000515251199091332,10,0.02051282810804328,0.00030609419699025514,0.000493854510739522,0.0001045133567558066,0.00016862257819290572,3.1911600129860066e-05,5.148639805657288e-05,0.00016353267873709304,0.00026384476361112345,0.22904244999999998,0.00029847715668334805,0.0004815651248215963,0,2,64,48,64,1.0,0.0,2315365,1193.0,47495,0,0,0,3047.3403282880317
4,x,6,0.05,m1,anqi,4000000,0.009820249999999999,39281,0.06171139342149062,0.06171139342149062,4,0.0,0.00011245224215935617,0.00011474718587689405,0.0011146524680090064,0.0011374004775602106,0.0011146524680090064,0.0011374004775602106,0.0,0.0,0.00921425,0.00010839046621666765,0.00011060251654762005,0,2,56,40,48,1.0,0.0,39281,2424.0,0,0,0,0,906.464177572052
4,x,6,0.05,m1,val,4000000,0.009820249999999999,39281,0.26661168936599916,0.06171139342149062,4,0.40980059188901713,0.00011245224215935617,0.00011474718587689405,0.0015660096805651085,0.0015979690618011311,0.0011146524680090064,0.0011374004775602106,0.004818560666346574,0.004916898639129157,0.007202,7.748819781102142e-05,7.906958960308308e-05,0,2,56,40,48,1.0,0.0,39281,2424.0,16098,0,0,0,891.3932867060648
4,x,6,0.05,normal,anqi,4000000,0.0051735,20694,0.3234301237003388,0.3234301237003388,4,0.0,3.94726352468812e-05,4.0278199231511425e-05,0.003995543130180119,0.004077084826714407,0.003995543130180119,0.004077084826714407,0.0,0.0,0.00350025,3.585045745872702e-05,3.658209944768063e-05,0,2,64,48,64,1.0,0.0,20694,6693.0,0,0,0,0,855.5762948910706
4,x,6,0.05,normal,val,4000000,0.0051735,20694,0.32364073509294355,0.09383687475743817,4,0.45960772067101074,3.94726352468812e-05,4.0278199231511425e-05,0.005422348204320794,0.005533008371755912,0.003791280047711515,0.0038686531099097095,0.008226470227630971,0.008394357375133644,0.003499125,3.6542251686689214e-05,3.728801192519308e-05,0,2,64,48,64,1.0,0.0,20694,1942.0,9511,0,0,0,864.0387572338805
4,x,6,0.1,m1,anqi,2000000,0.0027755,5551,0.12566451166216344,0.12566451166216344,2,0.0,9.310000000000023e-05,6.717514421272219e-05,0.011630108461807741,0.008391559754366635,0.011630108461807741,0.008391559754366635,0.0,0.0,0.002427,0.00011367999999999979,8.202438661763936e-05,0,2,56,40,48,1.0,0.0,5551,697.0,0,0,0,0,418.68052143603563
4,x,6,0.1,m1,val,2000000,0.0027755,5551,0.4877895413980053,0.12566451166216344,2,0.7242500594716836,9.310000000000023e-05,6.717514421272219e-05,0.004533671880437511,0.0032712144187062556,0.011630108461807741,0.008391559754366635,0.014192873162740397,0.010240690671320711,0.00142175,6.026999999999992e-05,4.348706704297262e-05,0,2,56,40,48,1.0,0.0,5551,697.0,4021,0,0,0,403.1887286719866
4,x,6,0.1,normal,anqi,2000000,0.002228,4456,0.4854127823994472,0.4854127823994472,2,0.0,1.372000000000012e-05,9.899494936611753e-06,8.982792885077918e-05,6.481422207176395e-05,8.982792885077918e-05,6.481422207176395e-05,0.0,0.0,0.0011465,6.86000000000006e-06,4.949747468305876e-06,0,2,64,48,64,1.0,0.0,4456,2163.0,0,0,0,0,413.0504258200526
4,x,6,0.1,normal,val,2000000,0.002228,4456,0.49101619984951456,0.11668363908874713,2,0.7486651215215349,1.372000000000012e-05,9.899494936611753e-06,0.004453885878844106,0.0032136458240425237,0.00807859087598851,0.005829006521268619,0.007249409994288793,0.00523072139445218,0.001134,2.9399999999999647e-06,2.1213203435596174e-06,0,2,64,48,64,1.0,0.0,4456,520.0,3336,0,0,0,396.4956024918938
4,x,7,0.0,m1,anqi,1000,1.0,1000,0.0,0.0,1,0.0,0.0,,0.0,,0.0,,0.0,,1.0,0.0,,1,1,40,24,32,1.0,0.0,1000,0.0,0,0,0,0,0.3174346170853823
4,x,7,0.0,m1,val,1000,1.0,1000,0.0,0.0,1,0.0,0.0,,0.0,,0.0,,0.0,,1.0,0.0,,1,1,40,24,32,1.0,0.0,1000,0.0,0,0,0,0,0.324683693004772
4,x,7,0.0,normal,anqi,1000,1.0,1000,0.0,0.0,1,0.0,0.0,,0.0,,0.0,,0.0,,1.0,0.0,,1,1,48,32,48,1.0,0.0,1000,0.0,0,0,0,0,0.2316478800494223
4,x,7,0.0,normal,val,1000,1.0,1000,0.0,0.0,1,0.0,0.0,,0.0,,0.0,,0.0,,1.0,0.0,,1,1,48,32,48,1.0,0.0,1000,0.0,0,0,0,0,0.236985124181956
4,x,7,0.0001,m1,anqi,18000000,0.9916459999999999,17849628,0.0,0.0,18,0.0,4.6324105838095983e-05,0.00010027374297098266,0.0,0.0,0.0,0.0,0.0,0.0,0.9916459999999999,4.6324105838095983e-05,0.00010027374297098266,1,1,40,24,32,1.0,0.0,17849628,0.0,0,0,0,0,967.9553549669799
4,x,7,0.0001,m1,val,18000000,0.9916459999999999,17849628,1.96087920962568e-06,0.0,18,3.92175841925136e-06,4.6324105838095983e-05,0.00010027374297098266,5.643736342075645e-07,1.2216502771563212e-06,0.0,0.0,1.128747268415129e-06,2.4433005543126425e-06,0.9916440555555555,4.6585831143454146e-05,0.00010084027686351392,1,1,40,24,32,1.0,0.0,17849628,0.0,70,0,0,0,910.5619770482008
4,x,7,0.0001,normal,anqi,18000000,0.988620888888889,17795176,2.52877395902075e-06,2.52877395902075e-06,18,0.0,5.954888918889423e-05,0.00012890027558446957,6.258934902081443e-07,1.3548169323266165e-06,6.258934902081443e-07,1.3548169323266165e-06,0.0,0.0,0.988618388888889,5.95472552917605e-05,0.0001288967388301542,1,1,48,32,48,1.0,0.0,17795176,45.0,0,0,0,0,11615.85214462498
4,x,7,0.0001,normal,val,18000000,0.988620888888889,17795176,2.4444859437689352e-06,0.0,18,4.8889718875378705e-06,5.954888918889423e-05,0.00012890027558446957,3.946404069695696e-07,8.542435956073514e-07,0.0,0.0,7.892808139391392e-07,1.7084871912147028e-06,0.9886184722222223,5.9562007055322394e-05,0.00012892867068336567,1,1,48,32,48,1.0,0.0,17795176,0.0,87,0,0,0,12252.821382853988
4,x,7,0.00025,m1,anqi,18000000,0.9792547222222221,17626585,0.0,0.0,18,0.0,8.962564147214619e-05,0.00019400479240759845,0.0,0.0,0.0,0.0,0.0,0.0,0.9792547222222221,8.962564147214619e-05,0.00019400479240759845,1,1,40,24,32,1.0,0.0,17626585,0.0,0,0,0,0,1108.8003020687902
4,x,7,0.00025,m1,val,18000000,0.9792547222222221,17626585,1.3927950535691596e-05,0.0,18,2.785590107138319e-05,8.962564147214619e-05,0.00019400479240759845,9.706837032199437e-07,2.101154170206405e-06,0.0,0.0,1.9413674064398874e-06,4.20230834041281e-06,0.9792410833333334,8.993121886277913e-05,0.00019466624907625308,1,1,40,24,32,1.0,0.0,17626585,0.0,491,0,0,0,1121.6680605779693
4,x,7,0.00025,normal,anqi,18000000,0.9719171111111111,17494508,1.629063579968169e-05,1.629063579968169e-05,18,0.0,7.827931088178302e-05,0.00016944438229934286,1.61569132385889e-06,3.4973457900149737e-06,1.61569132385889e-06,3.4973457900149737e-06,0.0,0.0,0.9719012777777777,7.777133723659996e-05,0.0001683448161488133,1,1,48,32,48,1.0,0.0,17494508,285.0,0,0,0,0,11195.503947354999
4,x,7,0.00025,normal,val,18000000,0.9719171111111111,17494508,1.6976609083411723e-05,0.0,18,3.3953218166823445e-05,7.827931088178302e-05,0.00016944438229934286,1.3114662883422743e-06,2.8388164462786963e-06,0.0,0.0,2.6229325766845487e-06,5.6776328925573925e-06,0.9719006111111111,7.788583788790644e-05,0.0001685926657008207,1,1,48,32,48,1.0,0.0,17494508,0.0,594,0,0,0,11397.439073752204
4,x,7,0.0005,m1,anqi,18000000,0.959103388888889,17263861,2.895922752763237e-07,2.895922752763237e-07,18,0.0,9.828655309843224e-05,0.0002127523108021013,2.2197561060862757e-07,4.804912026103625e-07,2.2197561060862757e-07,4.804912026103625e-07,0.0,0.0,0.9591031111111111,9.822314609331542e-05,0.0002126150592001845,1,1,40,24,32,1.0,0.0,17263861,5.0,0,0,0,0,1409.6517272699275
4,x,7,0.0005,m1,val,18000000,0.959103388888889,17263861,5.184224682739445e-05,3.475078922224332e-07,18,0.00010298947787034403,9.828655309843224e-05,0.0002127523108021013,2.242289979376218e-06,4.8536891320517365e-06,2.86121833802533e-07,6.193429252876575e-07,4.440114561542907e-06,9.611127905241194e-06,0.9590536666666666,9.797911672919172e-05,0.00021208683016493807,1,1,40,24,32,1.0,0.0,17263861,6.0,1778,0,0,0,1396.57292946268
4,x,7,0.0005,normal,anqi,18000000,0.9447644444444444,17005760,6.980009819220448e-05,6.980009819220448e-05,18,0.0,8.722244290884357e-05,0.00018880279852806056,4.641152851619862e-06,1.0046297920113328e-05,4.641152851619862e-06,1.0046297920113328e-05,0.0,0.0,0.9446985,8.782989085786437e-05,0.00019011768800960278,1,1,48,32,48,1.0,0.0,17005760,1187.0,0,0,0,0,10935.887776141113
4,x,7,0.0005,normal,val,18000000,0.9447644444444444,17005760,7.0711645101115e-05,4.704330070253529e-07,18,0.00014048242418817928,8.722244290884357e-05,0.00018880279852806056,3.7986321139360433e-06,8.22256691937908e-06,5.093698956409685e-07,1.102588491857182e-06,7.527759536924636e-06,1.6294683109289126e-05,0.9446976388888889,8.800259788409233e-05,0.00019049153181390185,1,1,48,32,48,1.0,0.0,17005760,8.0,2389,0,0,0,12159.713049860089
4,x,7,0.00075,m1,anqi,18000000,0.9395089444444444,16911161,9.461563266197885e-07,9.461563266197885e-07,18,0.0,8.112583314330171e-05,0.00017560600023990922,4.4267834237715737e-07,9.582271156509433e-07,4.4267834237715737e-07,9.582271156509433e-07,0.0,0.0,0.9395080555555556,8.121430208607062e-05,0.0001757975012277346,1,1,40,24,32,1.0,0.0,16911161,16.0,0,0,0,0,1574.1286369840964
4,x,7,0.00075,m1,val,18000000,0.9395089444444444,16911161,0.00012030470367320086,1.1827043731522885e-06,18,0.00023824399860009716,8.112583314330171e-05,0.00017560600023990922,3.8645424114563515e-06,8.36523717956265e-06,5.565686360499831e-07,1.2047554798368078e-06,8.18907676952955e-06,1.772617872058644e-05,0.9393959166666667,8.005851564605016e-05,0.000173295671341994,1,1,40,24,32,1.0,0.0,16911161,20.0,4029,0,0,0,1406.4827711568796
4,x,7,0.00075,normal,anqi,18000000,0.9185397222222222,16533715,0.000149209992614651,0.000149209992614651,18,0.0,0.00011406078320571787,0.0002468974079761585,4.063175569371193e-06,8.795201015062902e-06,4.063175569371193e-06,8.795201015062902e-06,0.0,0.0,0.9184026666666667,0.00011364896353430408,0.0002460059779283543,1,1,48,32,48,1.0,0.0,16533715,2467.0,0,0,0,0,11272.724139512924
4,x,7,0.00075,normal,val,18000000,0.9185397222222222,16533715,0.0001528093581150968,1.63301087883148e-06,18,0.0003023526944725306,0.00011406078320571787,0.0002468974079761585,3.1502940637694527e-06,6.81916620986665e-06,5.523241125008602e-07,1.1955677307006117e-06,6.050409407255726e-06,1.3096792410690009e-05,0.9183993611111111,0.00011472282535123938,0.0002483304727430857,1,1,48,32,48,1.0,0.0,16533715,27.0,4999,0,0,0,11338.70804801301
4,x,7,0.001,m1,anqi,262000000,0.9202704694656488,241110863,1.53873257324552e-06,1.53873257324552e-06,262,0.0,3.281124711917597e-05,0.0002709675671288519,1.5827815719951898e-07,1.3071203002499206e-06,1.5827815719951898e-07,1.3071203002499206e-06,0.0,0.0,0.9202690534351144,3.2819618573201015e-05,0.000271036701731455,1,1,40,24,32,1.0,0.0,241110863,371.0,0,0,0,0,20684.091538264052
4,x,7,0.001,m1,val,262000000,0.9202704694656488,241110863,0.00020677004711627792,1.5636305700102316e-06,262,0.00041041283309253536,3.281124711917597e-05,0.0002709675671288519,1.4051792761536078e-06,1.1604496728095921e-05,1.650233629170412e-07,1.362824735269473e-06,2.78061111948608e-06,2.2963328014991308e-05,0.9200801851145038,3.283698811560549e-05,0.00027118014591784594,1,1,40,24,32,1.0,0.0,241110863,377.0,98955,0,0,0,20900.850253285716
4,x,7,0.001,normal,anqi,261000000,0.8932115747126437,233128221,0.00027236992139981306,0.00027236992139981306,261,0.0,3.817013971502767e-05,0.0003146211628726133,2.2685283503842316e-06,1.869856995378988e-05,2.2685283503842316e-06,1.869856995378988e-05,0.0,0.0,0.8929682911877395,3.836558545028321e-05,0.0003162321437326174,1,1,48,32,48,1.0,0.0,233128221,63497.0,0,0,0,0,117525.18524849134
4,x,7,0.001,normal,val,261000000,0.8932115747126437,233128221,0.0002727901331495657,3.6631696984941716e-06,261,0.0005382539269021431,3.817013971502767e-05,0.0003146211628726133,1.5543875319190253e-06,1.2812193418682135e-05,2.4144490096987063e-07,1.9901335462729938e-06,3.100003271619489e-06,2.5552084469888412e-05,0.8929679157088123,3.8288695451335324e-05,0.00031559837028921725,1,1,48,32,48,1.0,0.0,233128221,854.0,125482,0,0,0,118475.11244485393
4,x,7,0.0025,m1,anqi,126000000,0.8142397857142857,102594213,2.4007017632451372e-05,2.4007017632451372e-05,126,0.0,6.46158287728335e-05,0.00037005657096488676,9.049917597470566e-07,5.18291189208233e-06,9.049917597470566e-07,5.18291189208233e-06,0.0,0.0,0.8142202380952381,6.456031107731875e-05,0.00036973861964521414,1,1,40,24,32,1.0,0.0,102594213,2463.0,0,0,0,0,16144.53427854611
4,x,7,0.0025,m1,val,126000000,0.8142397857142857,102594213,0.0013029992783697008,2.3968037496770342e-05,126,0.002558062481745861,6.46158287728335e-05,0.00037005657096488676,4.740685242636441e-06,2.715003054563396e-05,9.243613150736447e-07,5.293841850908231e-06,9.51520994958186e-06,5.449386060391511e-05,0.8131788333333333,6.521358612641074e-05,0.0003734799432365868,1,1,40,24,32,1.0,0.0,102594213,2459.0,262442,0,0,0,16456.48464235454
4,x,7,0.0025,normal,anqi,125000000,0.757398824,94674853,0.0017409447991254422,0.0017409447991254422,125,0.0,7.54520136292289e-05,0.00043039752937295005,8.004278795472595e-06,4.565844769779811e-05,8.004278795472595e-06,4.565844769779811e-05,0.0,0.0,0.7560802320000001,7.479937471884416e-05,0.0004266747105760581,1,1,48,32,48,1.0,0.0,94674853,164824.0,0,0,0,0,56034.77385651367
4,x,7,0.0025,normal,val,125000000,0.757398824,94674853,0.001741559711368731,5.941362596237956e-05,125,0.003364292170812703,7.54520136292289e-05,0.00043039752937295005,5.661941593603882e-06,3.229715889778513e-05,1.667475732591058e-06,9.511706859451193e-06,1.121647119910902e-05,6.398161242060293e-05,0.756079768,7.521844267470544e-05,0.0004290651810773278,1,1,48,32,48,1.0,0.0,94674853,5625.0,318514,0,0,0,57262.51678522932
4,x,7,0.005,m1,anqi,4000000,0.6674945,2669978,0.0002071106366699219,0.0002071106366699219,4,0.0,0.0004988706981439686,0.000509051732799968,1.905751699680763e-05,1.9446445915109826e-05,1.905751699680763e-05,1.9446445915109826e-05,0.0,0.0,0.66735625,0.000490657057797721,0.0005006704671405316,1,1,40,24,32,1.0,0.0,2669978,553.0,0,0,0,0,774.8669581899885
4,x,7,0.005,m1,val,4000000,0.6674945,2669978,0.005300960370481099,0.00020636155212688584,4,0.010189197636708426,0.0004988706981439686,0.000509051732799968,7.80789120927368e-05,7.967235927830285e-05,1.9245415664851446e-05,1.9638179249848414e-05,0.00012180822882722318,0.00012429411104818692,0.663956125,0.000476081568317532,0.0004857975186913592,1,1,40,24,32,1.0,0.0,2669978,551.0,27205,0,0,0,770.1905346681597
4,x,7,0.005,normal,anqi,3000000,0.5819313333333334,1745794,0.007140599826960301,0.007140599826960301,3,0.0,0.00021394347457003387,0.00018906171831791773,6.658448499440134e-05,5.88406688806687e-05,6.658448499440134e-05,5.88406688806687e-05,0.0,0.0,0.577776,0.00024229860035359215,0.00021411912572206527,1,1,48,32,48,1.0,0.0,1745794,12466.0,0,0,0,0,1190.2912880210206
4,x,7,0.005,normal,val,3000000,0.5819313333333334,1745794,0.007156624394923007,0.0004949028867066327,3,0.013323443016432747,0.00021394347457003387,0.00018906171831791773,6.051452514763914e-05,5.347664905694668e-05,1.7778364719143522e-05,1.571073008624825e-05,8.606318979636113e-05,7.605398846364329e-05,0.5777666666666667,0.00020096479172006644,0.00017759246417941443,1,1,48,32,48,1.0,0.0,1745794,864.0,23260,0,0,0,1195.9497601659968
4,x,7,0.01,m1,anqi,10000000,0.46033359999999995,4603336,0.0013907235002914866,0.0013907235002914866,10,0.0,0.00023000937520603149,0.00037109872900169396,2.3842633670328093e-05,3.846787133431477e-05,2.3842633670328093e-05,3.846787133431477e-05,0.0,0.0,0.45969340000000003,0.0002271611344848658,0.0003665033575714265,1,1,40,24,32,1.0,0.0,4603336,6402.0,0,0,0,0,2779.118817234761
4,x,7,0.01,m1,val,10000000,0.46033359999999995,4603336,0.020871729304313035,0.0013909405800124597,10,0.03896157744860115,0.00023000937520603149,0.00037109872900169396,7.875745790118181e-05,0.00012706783147579533,2.3933881286502673e-05,3.861509087419869e-05,0.00014532139106342943,0.00023446254515534475,0.45072565000000003,0.00023498144238878947,0.00037912069684704696,1,1,40,24,32,1.0,0.0,4603336,6403.0,179353,0,0,0,2816.4111073422246
4,x,7,0.01,normal,anqi,10000000,0.36040740000000004,3604074,0.029260043042321816,0.029260043042321816,10,0.0,0.00044217754452055677,0.0007134123320742173,0.00020463281648664715,0.0003301560123025816,0.00020463281648664715,0.0003301560123025816,0.0,0.0,0.3498619,0.0004477124586537488,0.0007223424011121475,1,1,48,32,48,1.0,0.0,3604074,105455.0,0,0,0,0,3956.7938320579706
4,x,7,0.01,normal,val,10000000,0.36040740000000004,3604074,0.02934246502301798,0.0036686580767150345,10,0.051347613892605906,0.00044217754452055677,0.0007134123320742173,0.00021219377623625624,0.00034235491745851076,6.191174813139025e-05,9.988884592748308e-05,0.00033963445291328046,0.0005479685934036613,0.3498322,0.00044992216840198935,0.0007259075622204728,1,1,48,32,48,1.0,0.0,3604074,13222.0,185060,0,0,0,3988.042970002629
4,x,7,0.05,m1,anqi,3000000,0.06609866666666667,198296,0.06374290623826613,0.06374290623826613,3,0.0,0.0001175582518489429,0.00010388615563844235,0.0002041725887884475,0.00018042719249717284,0.0002041725887884475,0.00018042719249717284,0.0,0.0,0.06188533333333333,9.691160049814258e-05,8.564072240081645e-05,1,1,40,24,32,1.0,0.0,198296,12640.0,0,0,0,0,1021.4542571400525
4,x,7,0.05,m1,val,3000000,0.06609866666666667,198296,0.32015868164016453,0.06373787076334532,3,0.5128416217536383,0.0001175582518489429,0.00010388615563844235,0.0013403527661305535,0.0011844689239814304,0.00019756971371136757,0.00017459223580863575,0.0029250470341230243,0.0025848622845049663,0.04493666666666666,0.00015796993398886034,0.00013959793455969784,1,1,40,24,32,1.0,0.0,198296,12639.0,101694,0,0,0,1030.2453659069724
4,x,7,0.05,normal,anqi,3000000,0.04380333333333333,131410,0.3860975720757766,0.3860975720757766,3,0.0,2.9298194104377085e-05,2.5890796305508188e-05,0.0023021925623661864,0.0020344461667476613,0.0023021925623661864,0.0020344461667476613,0.0,0.0,0.026890999999999998,0.00011536283168045683,0.00010194606417120801,1,1,48,32,48,1.0,0.0,131410,50737.0,0,0,0,0,996.0487649649149
4,x,7,0.05,normal,val,3000000,0.04380333333333333,131410,0.38510044833003026,0.10857695118850585,3,0.5530469942830488,2.9298194104377085e-05,2.5890796305508188e-05,0.0025420292958132666,0.0022463897421822004,0.003327480075864434,0.0029404921186583378,0.0021321672736203915,0.0018841949225235357,0.026934666666666666,0.00012018536812404224,0.00010620773669245417,1,1,48,32,48,1.0,0.0,131410,14268.0,72676,0,0,0,992.3248500310583
4,x,7,0.1,m1,anqi,2000000,0.025991,51982,0.08543665481482762,0.08543665481482762,2,0.0,9.995999999999797e-05,7.212489168102638e-05,0.0032318975035700885,0.002331935347830902,0.0032318975035700885,0.002331935347830902,0.0,0.0,0.0237705,0.00017541999999999864,0.00012657211383239103,1,1,40,24,32,1.0,0.0,51982,4441.0,0,0,0,0,653.5469632289605
4,x,7,0.1,m1,val,2000000,0.025991,51982,0.4784060356625739,0.08545593006540589,2,0.7859002111943361,9.995999999999797e-05,7.212489168102638e-05,4.8919523097610275e-05,3.5297271953808334e-05,0.0032696769947034823,0.00235919466861682,0.006441514943211648,0.004647794793325955,0.01355675,5.341000000000156e-05,3.8537319574667965e-05,1,1,40,24,32,1.0,0.0,51982,4442.0,40853,0,0,0,633.0907244109549
4,x,7,0.1,normal,anqi,2000000,0.020345,40690,0.49336532471514427,0.49336532471514427,2,0.0,1.372000000000012e-05,9.899494936611753e-06,0.0049087722907393645,0.0035418634429412524,0.0049087722907393645,0.0035418634429412524,0.0,0.0,0.0103075,0.00010681999999999886,7.707463914933287e-05,1,1,48,32,48,1.0,0.0,40690,20075.0,0,0,0,0,638.2755223858403
4,x,7,0.1,normal,val,2000000,0.020345,40690,0.49245468272515247,0.09862323635048807,2,0.7876628927493288,1.372000000000012e-05,9.899494936611753e-06,0.0026543878964370026,0.0019152404912960203,0.0028718058096471456,0.0020721156757677757,0.0004348358264202867,0.0003137503689435115,0.010326,4.7039999999999434e-05,3.394112549695388e-05,1,1,48,32,48,1.0,0.0,40690,4013.0,32050,0,0,0,642.8928255109349
4,x,8,0.0,m1,anqi,1000,1.0,1000,0.0,0.0,1,0.0,0.0,,0.0,,0.0,,0.0,,1.0,0.0,,0,2,56,24,48,1.0,0.0,1000,0.0,0,0,0,0,0.3935176448430866
4,x,8,0.0,m1,val,1000,1.0,1000,0.0,0.0,1,0.0,0.0,,0.0,,0.0,,0.0,,1.0,0.0,,0,2,56,24,48,1.0,0.0,1000,0.0,0,0,0,0,0.2540208369027823
4,x,8,0.0,normal,anqi,1000,1.0,1000,0.0,0.0,1,0.0,0.0,,0.0,,0.0,,0.0,,1.0,0.0,,0,2,64,32,64,1.0,0.0,1000,0.0,0,0,0,0,0.2944992498960346
4,x,8,0.0,normal,val,1000,1.0,1000,0.0,0.0,1,0.0,0.0,,0.0,,0.0,,0.0,,1.0,0.0,,0,2,64,32,64,1.0,0.0,1000,0.0,0,0,0,0,0.3276124268304556
4,x,8,0.005,m1,anqi,3000000,0.5800303333333333,1740091,0.003206141060408512,0.003206141060408512,3,0.0,0.00026910910236896206,0.00023781155004198797,5.64540241950138e-05,4.988838683545234e-05,5.64540241950138e-05,4.988838683545234e-05,0.0,0.0,0.5781706666666667,0.0002369637388106341,0.0002094047118221935,0,2,56,24,48,1.0,0.0,1740091,5579.0,0,0,0,0,1012.0154088380514
4,x,8,0.005,m1,val,3000000,0.5800303333333333,1740091,0.09525597436004345,0.0032055665874587192,3,0.18410081554516947,0.00026910910236896206,0.00023781155004198797,0.00016344691802005898,0.00014443794201596287,5.542295112049988e-05,4.8977228186791953e-05,0.00042011796269902116,0.0003712579880444036,0.524779,0.00033323890949288587,0.0002944830215819005,0,2,56,24,48,1.0,0.0,1740091,5578.0,320352,0,0,0,1033.9098313100403
4,x,8,0.005,normal,anqi,3000000,0.5116036666666667,1534811,0.10565870650405701,0.10565870650405701,3,0.0,0.00032005132282870866,0.0002828291592698736,0.00036733065272457103,0.00032460987433489594,0.00036733065272457103,0.00032460987433489594,0.0,0.0,0.4575483333333333,0.00044960300018770155,0.0003973138977349482,0,2,64,32,64,1.0,0.0,1534811,162166.0,0,0,0,0,1091.8190367908683
4,x,8,0.005,normal,val,3000000,0.5116036666666667,1534811,0.10569934680147153,0.008729360841505537,3,0.19393997191993198,0.00032005132282870866,0.0002828291592698736,9.157320382834343e-05,8.092318451150594e-05,0.00016340617059859994,0.00014440193354440958,0.0004548585020302517,0.00040195818151585064,0.45752750000000003,0.000309736334538436,0.0002737138103932255,0,2,64,32,64,1.0,0.0,1534811,13398.0,297661,0,0,0,1116.962294103927
4,x,8,0.01,m1,anqi,10000000,0.3568828,3568828,0.010537669624262018,0.010537669624262018,10,0.0,0.00019910182996424723,0.0003212322800992767,0.000138584439916055,0.00022359310122116723,0.000138584439916055,0.00022359310122116723,0.0,0.0,0.3531221,0.00021258877373516182,0.0003429922091761697,0,2,56,24,48,1.0,0.0,3568828,37607.0,0,0,0,0,3233.533088467084
4,x,8,0.01,m1,val,10000000,0.3568828,3568828,0.19077148158539564,0.010538230468112326,10,0.3604665022345666,0.00019910182996424723,0.0003212322800992767,0.0002532457079734496,0.00040858839023365554,0.0001385292146454131,0.0002235040003846225,0.00037390750041615874,0.0006032649671099071,0.2887998,0.00022155014995255395,0.00035745055602138566,0,2,56,24,48,1.0,0.0,3568828,37609.0,1286442,0,0,0,3266.3729792720405
4,x,8,0.01,normal,anqi,10000000,0.2902212,2902212,0.2193987020952374,0.2193987020952374,10,0.0,0.00033221300405613616,0.0005359947760939524,0.0004892180907851407,0.0007893078772653453,0.0004892180907851407,0.0007893078772653453,0.0,0.0,0.22654709999999997,0.0003132435197492305,0.0005053892779058695,0,2,64,32,64,1.0,0.0,2902212,636741.0,0,0,0,0,3170.096996149048
4,x,8,0.01,normal,val,10000000,0.2902212,2902212,0.21945414264755173,0.02634282509389116,10,0.38622263510732113,0.00033221300405613616,0.0005359947760939524,0.0003639495820260829,0.0005871987921779087,0.0002930028075375191,0.0004727327717563837,0.00048602133524464005,0.000784150209596598,0.22653099999999998,0.00029520872269557725,0.0004762918106464623,0,2,64,32,64,1.0,0.0,2902212,76452.0,1120900,0,0,0,3238.5587280128384
4,x,8,0.05,m1,anqi,4000000,0.0223715,89486,0.023356615670602772,0.023356615670602772,4,0.0,0.00014952093944773482,0.00015257238719156615,0.0013788026458639562,0.0014069414753713838,0.0013788026458639562,0.0014069414753713838,0.0,0.0,0.021849,0.00015342973809966967,0.00015656095724456089,0,2,56,24,48,1.0,0.0,89486,2090.0,0,0,0,0,895.7339928171132
4,x,8,0.05,m1,val,4000000,0.0223715,89486,0.4882721977913301,0.023356615670602772,4,0.9298311642414546,0.00014952093944773482,0.00015257238719156615,0.0008285471407729029,0.0008454562660947988,0.0013788026458639562,0.0014069414753713838,0.0016640643621806022,0.0016980248593679614,0.011448125,7.986686854801968e-05,8.14968046408364e-05,0,2,56,24,48,1.0,0.0,89486,2090.0,83207,0,0,0,920.4106058131438
4,x,8,0.05,normal,anqi,4000000,0.013573,54292,0.49539392128311227,0.49539392128311227,4,0.0,0.00015494953931307262,0.00015811177480925777,0.001841572736477894,0.0018791558535488713,0.001841572736477894,0.0018791558535488713,0.0,0.0,0.006849,8.019650033927074e-05,8.183316361150076e-05,0,2,64,32,64,1.0,0.0,54292,26896.0,0,0,0,0,852.9129374121549
4,x,8,0.05,normal,val,4000000,0.013573,54292,0.4959945517116482,0.030697619083988742,4,0.9305938652553188,0.00015494953931307262,0.00015811177480925777,0.0003260406407561482,0.0003326945313838247,0.0016303752594666648,0.0016636482239455765,0.0028701917015399934,0.0029287670423877483,0.006840875,7.921788744763802e-05,8.083457902820207e-05,0,2,64,32,64,1.0,0.0,54292,1667.0,50523,0,0,0,883.5969222999411
4,x,8,0.1,m1,anqi,2000000,0.0021555,4311,0.006963709156657626,0.006963709156657626,2,0.0,3.821999999999996e-05,2.7577164466275333e-05,0.001032777993025959,0.0007451880840090699,0.001032777993025959,0.0007451880840090699,0.0,0.0,0.0021405,4.0180000000000235e-05,2.8991378028648617e-05,0,2,56,24,48,1.0,0.0,4311,30.0,0,0,0,0,409.5260129870148
4,x,8,0.1,m1,val,2000000,0.0021555,4311,0.49942109001678936,0.006963709156657626,2,0.9849147617202635,3.821999999999996e-05,2.7577164466275333e-05,0.00021706057083822558,0.00015661734853870642,0.001032777993025959,0.0007451880840090699,0.0016314348443755785,0.0011771414709408077,0.001079,1.959999999999973e-05,1.4142135623730758e-05,0,2,56,24,48,1.0,0.0,4311,30.0,4246,0,0,0,416.9802428969415
4,x,8,0.1,normal,anqi,2000000,0.0012829999999999999,2566,0.49279137516745697,0.49279137516745697,2,0.0,2.351999999999983e-05,1.6970562748477017e-05,0.040615391158270765,0.029305529090364702,0.040615391158270765,0.029305529090364702,0.0,0.0,0.0006505,4.018000000000002e-05,2.8991378028648465e-05,0,2,64,32,64,1.0,0.0,2566,1265.0,0,0,0,0,400.4770398400724
4,x,8,0.1,normal,val,2000000,0.0012829999999999999,2566,0.498426435877262,0.004676948500709319,2,0.9874989747531053,2.351999999999983e-05,1.6970562748477017e-05,0.0030841856805665065,0.0022253557236398204,8.57379803091843e-05,6.186317069577848e-05,0.0063398473217512975,0.004574437788671137,0.0006435,7.839999999999977e-06,5.6568542494923645e-06,0,2,64,32,64,1.0,0.0,2566,12.0,2534,0,0,0,406.7281599380076
4,x,9,0.0,m1,anqi,1000,1.0,1000,0.0,0.0,1,0.0,0.0,,0.0,,0.0,,0.0,,1.0,0.0,,3,-1,8,8,0,1.0,0.0,1000,0.0,0,0,0,0,0.1664974449668079
4,x,9,0.0,m1,val,1000,1.0,1000,0.0,0.0,1,0.0,0.0,,0.0,,0.0,,0.0,,1.0,0.0,,3,-1,8,8,0,1.0,0.0,1000,0.0,0,0,0,0,0.167372167808935
4,x,9,0.0,normal,anqi,1000,1.0,1000,0.0,0.0,1,0.0,0.0,,0.0,,0.0,,0.0,,1.0,0.0,,3,-1,16,16,16,1.0,0.0,1000,0.0,0,0,0,0,0.3099340740591287
4,x,9,0.0,normal,val,1000,1.0,1000,0.0,0.0,1,0.0,0.0,,0.0,,0.0,,0.0,,1.0,0.0,,3,-1,16,16,16,1.0,0.0,1000,0.0,0,0,0,0,0.3039552520494908
4,x,9,0.01,m1,anqi,10000000,1.0,10000000,2.0799999999999997e-05,2.0799999999999997e-05,10,0.0,0.0,0.0,4.160866576407691e-06,6.713171133426189e-06,4.160866576407691e-06,6.713171133426189e-06,0.0,0.0,0.9999792,4.160866576388992e-06,6.71317113339602e-06,3,-1,8,8,0,1.0,0.0,10000000,208.0,0,0,0,0,68.97096536308527
4,x,9,0.01,m1,val,10000000,1.0,10000000,0.00023555,2.04e-05,10,0.00043030000000000005,0.0,0.0,6.274126375662015e-06,1.0122719221851628e-05,4.2861853540052225e-06,6.915361322607966e-06,1.1592018786887614e-05,1.8702643901034114e-05,0.99976445,6.274126375654094e-06,1.012271922183885e-05,3,-1,8,8,0,1.0,0.0,10000000,204.0,4303,0,0,0,74.71818777709268
4,x,9,0.01,normal,anqi,10000000,1.0,10000000,0.0009239000000000001,0.0009239000000000001,10,0.0,0.0,0.0,1.6856633063047374e-05,2.719660926578081e-05,1.6856633063047374e-05,2.719660926578081e-05,0.0,0.0,0.9990760999999999,1.6856633063053045e-05,2.7196609265789968e-05,3,-1,16,16,16,1.0,0.0,10000000,9239.0,0,0,0,0,2064.5190909856465
4,x,9,0.01,normal,val,10000000,1.0,10000000,0.00092295,0.0001104,10,0.0016251000000000002,0.0,0.0,9.57913447725491e-06,1.5455042327128524e-05,5.845051696378173e-06,9.430447143870402e-06,2.209667602956507e-05,3.565093110830191e-05,0.99907705,9.579134477247662e-06,1.545504232711683e-05,3,-1,16,16,16,1.0,0.0,10000000,1104.0,16251,0,0,0,2077.7552409709897
4,x,9,0.05,m1,anqi,4000000,1.0,4000000,0.01596975,0.01596975,4,0.0,0.0,0.0,0.0001957080283653844,0.00019970206976059634,0.0001957080283653844,0.00019970206976059634,0.0,0.0,0.98403025,0.00019570802836538313,0.00019970206976059504,3,-1,8,8,0,1.0,0.0,4000000,63879.0,0,0,0,0,95.63621640310157
4,x,9,0.05,m1,val,4000000,1.0,4000000,0.046568375,0.01597,4,0.06119675,0.0,0.0,0.00025069183291775917,0.00025580799277322364,0.00019529312532703304,0.00019927869931329903,0.00034257074807013535,0.00034956198782666874,0.953431625,0.0002506918329177096,0.00025580799277317306,3,-1,8,8,0,1.0,0.0,4000000,63880.0,244787,0,0,0,99.24155450903345
4,x,9,0.05,normal,anqi,3000000,1.0,3000000,0.108003,0.108003,3,0.0,0.0,0.0,0.00036983456698006916,0.0003268225818391402,0.00036983456698006916,0.0003268225818391402,0.0,0.0,0.8919969999999999,0.0003698345669800568,0.0003268225818391293,3,-1,16,16,16,1.0,0.0,3000000,324009.0,0,0,0,0,1297.1750118869822
4,x,9,0.05,normal,val,3000000,1.0,3000000,0.10794666666666668,0.047309333333333335,3,0.12127466666666668,0.0,0.0,0.0002705914303480026,0.0002391214823752426,0.0002819706739676629,0.0002491773130389955,0.00045145900623546037,0.00039895404915018975,0.8920533333333333,0.00027059143034807427,0.00023912148237530595,3,-1,16,16,16,1.0,0.0,3000000,141928.0,363824,0,0,0,1324.1083969441243
4,x,9,0.1,m1,anqi,2000000,1.0,2000000,0.11018,0.11018,2,0.0,0.0,0.0,2.5479999999998282e-05,1.8384776310848998e-05,2.5479999999998282e-05,1.8384776310848998e-05,0.0,0.0,0.88982,2.547999999991668e-05,1.838477631079012e-05,3,-1,8,8,0,1.0,0.0,2000000,220360.0,0,0,0,0,60.49930141598452
4,x,9,0.1,m1,val,2000000,1.0,2000000,0.20576175000000002,0.1101795,2,0.19116450000000001,0.0,0.0,0.00023176999999998697,0.0001672307537506091,2.44999999999973e-05,1.767766952966174e-05,0.0005125400000000093,0.0003698168465605711,0.79423825,0.0002317699999999734,0.0001672307537505993,3,-1,8,8,0,1.0,0.0,2000000,220359.0,382329,0,0,0,64.48633398092352
4,x,9,0.1,normal,anqi,2000000,1.0,2000000,0.3218205,0.3218205,2,0.0,0.0,0.0,0.00021069999999996587,0.00015202795795508312,0.00021069999999996587,0.00015202795795508312,0.0,0.0,0.6781794999999999,0.00021070000000002027,0.00015202795795512237,3,-1,16,16,16,1.0,0.0,2000000,643641.0,0,0,0,0,908.018439537962
4,x,9,0.1,normal,val,2000000,1.0,2000000,0.32187325,0.19989649999999998,2,0.2439535,0.0,0.0,5.8309999999990306e-05,4.207285348059259e-05,0.0004380600000000164,0.00031607673119039863,0.0009927399999999998,0.0007162991693419726,0.67812675,5.8310000000099105e-05,4.207285348067109e-05,3,-1,16,16,16,1.0,0.0,2000000,399793.0,487907,0,0,0,929.2014119760133
4,x,10,0.0,m1,anqi,1000,1.0,1000,0.0,0.0,1,0.0,0.0,,0.0,,0.0,,0.0,,1.0,0.0,,0,2,56,40,48,1.0,0.0,1000,0.0,0,0,0,0,0.3009766521863639
4,x,10,0.0,m1,val,1000,1.0,1000,0.0,0.0,1,0.0,0.0,,0.0,,0.0,,0.0,,1.0,0.0,,0,2,56,40,48,1.0,0.0,1000,0.0,0,0,0,0,0.29939836403355
4,x,10,0.0,normal,anqi,1000,1.0,1000,0.0,0.0,1,0.0,0.0,,0.0,,0.0,,0.0,,1.0,0.0,,0,2,64,48,64,1.0,0.0,1000,0.0,0,0,0,0,0.28372264187783
4,x,10,0.0,normal,val,1000,1.0,1000,0.0,0.0,1,0.0,0.0,,0.0,,0.0,,0.0,,1.0,0.0,,0,2,64,48,64,1.0,0.0,1000,0.0,0,0,0,0,0.2889432779047638
4,x,10,0.001,m1,anqi,245000000,0.8853657387755102,216914606,9.128309952360761e-07,9.128309952360761e-07,245,0.0,3.9327274760217966e-05,0.00031406592762021115,1.3307591995732962e-07,1.0627385828318215e-06,1.3307591995732962e-07,1.0627385828318215e-06,0.0,0.0,0.885364930612245,3.933663222768928e-05,0.00031414065595365074,0,2,56,40,48,1.0,0.0,216914606,198.0,0,0,0,0,94459.28770870363
4,x,10,0.001,m1,val,245000000,0.8853657387755102,216914606,0.00014171226092366915,8.805333084559202e-07,245,0.0002816634552304264,3.9327274760217966e-05,0.00031406592762021115,1.0882638130364816e-06,8.690828083581054e-06,1.408867216269053e-07,1.12511530958875e-06,2.162816667061519e-06,1.7272161037211025e-05,0.8852402714285714,3.927450149823177e-05,0.0003136444826159413,0,2,56,40,48,1.0,0.0,216914606,191.0,61097,0,0,0,96486.51151898089
4,x,10,0.001,normal,anqi,245000000,0.8592581918367347,210518257,0.00014316114160045485,0.00014316114160045485,245,0.0,3.911356370667229e-05,0.0003123592403228139,1.5975072252241207e-06,1.2757624107672145e-05,1.5975072252241207e-06,1.2757624107672145e-05,0.0,0.0,0.8591351795918368,3.9179922807648274e-05,0.0003128891812539141,0,2,64,48,64,1.0,0.0,210518257,30138.0,0,0,0,0,100650.47992796943
4,x,10,0.001,normal,val,245000000,0.8592581918367347,210518257,0.00014369768805768903,8.930048792318205e-07,245,0.0002856093663569144,3.911356370667229e-05,0.0003123592403228139,1.0659592831912476e-06,8.51270506593778e-06,1.3445958860676953e-07,1.0737885012549748e-06,2.1325318374245665e-06,1.703030768808522e-05,0.859134718367347,3.9100027903221266e-05,0.0003122511439776476,0,2,64,48,64,1.0,0.0,210518257,188.0,60126,0,0,0,102241.15569858601
4,x,10,0.0025,m1,anqi,125000000,0.739949616,92493702,1.5406375725843577e-05,1.5406375725843577e-05,125,0.0,7.3628064117073e-05,0.0004199932561670619,7.745948139454829e-07,4.418486375002301e-06,7.745948139454829e-07,4.418486375002301e-06,0.0,0.0,0.739938216,7.361115319025662e-05,0.00041989679192746003,0,2,56,40,48,1.0,0.0,92493702,1425.0,0,0,0,0,48247.694449106
4,x,10,0.0025,m1,val,125000000,0.739949616,92493702,0.0008941599355719983,1.539554628073653e-05,125,0.0017575287785825235,7.3628064117073e-05,0.0004199932561670619,4.095197297805733e-06,2.336004984481396e-05,8.015026669021046e-07,4.571975630970604e-06,7.799321469389858e-06,4.448931883655426e-05,0.7392879840000001,7.402866435813512e-05,0.00042227838211302546,0,2,56,40,48,1.0,0.0,92493702,1424.0,162560,0,0,0,49210.354573034914
4,x,10,0.0025,normal,anqi,125000000,0.687857888,85982236,0.0009013988235533555,0.0009013988235533555,125,0.0,8.466327443595303e-05,0.0004829409102972223,6.442168480793855e-06,3.674777205500411e-05,6.442168480793855e-06,3.674777205500411e-05,0.0,0.0,0.687237856,8.527723406069422e-05,0.000486443092583859,0,2,64,48,64,1.0,0.0,85982236,77504.0,0,0,0,0,49869.54587350169
4,x,10,0.0025,normal,val,125000000,0.687857888,85982236,0.0009062301262634027,1.637553374630446e-05,125,0.0017797091850341967,8.466327443595303e-05,0.0004829409102972223,4.633087734873136e-06,2.6428314083920552e-05,8.62643523760786e-07,4.920738672140491e-06,9.208998390371299e-06,5.25304755243785e-05,0.6872345320000001,8.50331803906408e-05,0.0004850509482052933,0,2,64,48,64,1.0,0.0,85982236,1408.0,153023,0,0,0,51073.12120640313
4,x,10,0.005,m1,anqi,3000000,0.5532273333333334,1659682,0.00012232106509314216,0.00012232106509314216,3,0.0,0.0009477394393913593,0.0008375167660013667,1.3302920624816499e-05,1.1755782862876576e-05,1.3302920624816499e-05,1.1755782862876576e-05,0.0,0.0,0.5531596666666667,0.0009528989291863229,0.0008420762039942291,0,2,56,40,48,1.0,0.0,1659682,203.0,0,0,0,0,1084.4084087809315
4,x,10,0.005,m1,val,3000000,0.5532273333333334,1659682,0.0035974203227310884,0.00012171791932607948,3,0.006951404806810017,0.0009477394393913593,0.0008375167660013667,5.0208571055047695e-05,4.436928369529322e-05,1.2138680087484629e-05,1.0726944208340816e-05,8.215203037697273e-05,7.259769926421355e-05,0.5512371666666667,0.0009719239173469619,0.0008588885744573021,0,2,56,40,48,1.0,0.0,1659682,202.0,11537,0,0,0,1105.730005494901
4,x,10,0.005,normal,anqi,3000000,0.4811433333333333,1443430,0.0036877632228270295,0.0036877632228270295,3,0.0,0.0007539033551973147,0.0006662239363257118,3.138032993675386e-05,2.7730778473843033e-05,3.138032993675386e-05,2.7730778473843033e-05,0.0,0.0,0.479369,0.0007626499111212997,0.0006739532624744794,0,2,64,48,64,1.0,0.0,1443430,5323.0,0,0,0,0,1063.96828960313
4,x,10,0.005,normal,val,3000000,0.4811433333333333,1443430,0.003679406122618542,0.00011499761669264359,3,0.007128817011851797,0.0007539033551973147,0.0006662239363257118,3.365736359298883e-05,2.9742991730548795e-05,1.1477107392248828e-05,1.014231282005067e-05,4.636913524342235e-05,4.097637660440825e-05,0.479373,0.0007369504432004347,0.0006512426583079362,0,2,64,48,64,1.0,0.0,1443430,166.0,10290,0,0,0,1091.2673444730463
4,x,10,0.01,m1,anqi,10000000,0.31984270000000004,3198427,0.0009713885642649576,0.0009713885642649576,10,0.0,0.00030822464338997575,0.0004972917878089213,3.0818062004755865e-05,4.9722076024144604e-05,3.0818062004755865e-05,4.9722076024144604e-05,0.0,0.0,0.31953200000000004,0.0003043171684060257,0.0004909874404367723,0,2,56,40,48,1.0,0.0,3198427,3107.0,0,0,0,0,3187.6689154130872
4,x,10,0.01,m1,val,10000000,0.31984270000000004,3198427,0.014323955919021775,0.0009713888608266986,10,0.02670513411639015,0.00030822464338997575,0.0004972917878089213,0.00010737686272652437,0.00017324257868319123,3.067298030222924e-05,4.948800019414504e-05,0.0002256852342136156,0.0003641221297875434,0.3152613,0.0003112907160724287,0.0005022386108437036,0,2,56,40,48,1.0,0.0,3198427,3107.0,85414,0,0,0,3248.4487885109847
4,x,10,0.01,normal,anqi,10000000,0.24765829999999997,2476583,0.014746298939185665,0.014746298939185665,10,0.0,0.0003116654816975676,0.000502843260315222,0.00015781211013782316,0.0002546151583637092,0.00015781211013782316,0.0002546151583637092,0.0,0.0,0.2440062,0.00028985283357363915,0.00046765058180939917,0,2,64,48,64,1.0,0.0,2476583,36521.0,0,0,0,0,3014.3219259779435
4,x,10,0.01,normal,val,10000000,0.24765829999999997,2476583,0.01475678560432885,0.0010570909890664846,10,0.027399389230524734,0.0003116654816975676,0.000502843260315222,0.00013476718864504573,0.00021743432141628868,4.7574473179943194e-05,7.675698659755822e-05,0.0002463486999678756,0.0003974607094489469,0.24400365000000002,0.00030562302234470566,0.0004930943142825531,0,2,64,48,64,1.0,0.0,2476583,2618.0,67857,0,0,0,3063.537376650027
4,x,10,0.05,m1,anqi,4000000,0.01189575,47583,0.06896154176607362,0.06896154176607362,4,0.0,0.00012909338054292347,0.00013172793932951374,0.001799951638534584,0.0018366853454434531,0.001799951638534584,0.0018366853454434531,0.0,0.0,0.0110755,0.0001331754737179486,0.00013589334052851898,0,2,56,40,48,1.0,0.0,47583,3281.0,0,0,0,0,877.3428931179224
4,x,10,0.05,m1,val,4000000,0.01189575,47583,0.24415325016916634,0.06891931380689281,4,0.35046787272454705,0.00012909338054292347,0.00013172793932951374,0.0034540314099933914,0.003524521846932032,0.0018221002753835455,0.001859285995289332,0.006144004027135696,0.00626939186442418,0.00899125,9.236857420140244e-05,9.425364714428821e-05,0,2,56,40,48,1.0,0.0,47583,3279.0,16678,0,0,0,870.6071156930411
4,x,10,0.05,normal,anqi,4000000,0.00567225,22689,0.27177875338120483,0.27177875338120483,4,0.0,6.974486337119522e-05,7.116822792979104e-05,0.0031875953234177645,0.0032526482892018004,0.0031875953234177645,0.0032526482892018004,0.0,0.0,0.00413075,6.251742023894897e-05,6.37932859581112e-05,0,2,64,48,64,1.0,0.0,22689,6166.0,0,0,0,0,851.2603494439973
4,x,10,0.05,normal,val,4000000,0.00567225,22689,0.27111601146358677,0.08454911845350974,4,0.373133786020154,6.974486337119522e-05,7.116822792979104e-05,0.002095196439590015,0.002137955550602056,0.0030531275169013096,0.00311543624173603,0.006743824237483432,0.006881453303554523,0.004134375,4.827329032014857e-05,4.9258459510355685e-05,0,2,64,48,64,1.0,0.0,22689,1918.0,8467,0,0,0,853.583661651006
4,x,10,0.1,m1,anqi,2000000,0.0011445000000000001,2289,0.17609427609427608,0.17609427609427608,2,0.0,2.057999999999986e-05,1.4849242404917399e-05,0.0074478114478114124,0.005373875489536988,0.0074478114478114124,0.005373875489536988,0.0,0.0,0.000943,2.547999999999998e-05,1.838477631085022e-05,0,2,56,40,48,1.0,0.0,2289,403.0,0,0,0,0,402.4258913390804
4,x,10,0.1,m1,val,2000000,0.0011445000000000001,2289,0.46590909090909094,0.17609427609427608,2,0.5796296296296297,2.057999999999986e-05,1.4849242404917399e-05,0.0031818181818181286,0.0022958012376186224,0.0074478114478114124,0.005373875489536988,0.021259259259259162,0.01533935345431128,0.00061125,7.349999999999966e-06,5.303300858899082e-06,0,2,56,40,48,1.0,0.0,2289,403.0,1327,0,0,0,406.94869633601047
4,x,10,0.1,normal,anqi,2000000,0.000722,1444,0.45450345086488203,0.45450345086488203,2,0.0,8.427999999999992e-05,6.081118318204303e-05,0.006905195067717783,0.004982357405917496,0.006905195067717783,0.004982357405917496,0.0,0.0,0.00039400000000000004,5.0960000000000034e-05,3.67695526217005e-05,0,2,64,48,64,1.0,0.0,1444,656.0,0,0,0,0,410.40155240905005
4,x,10,0.1,normal,val,2000000,0.000722,1444,0.48508716201257135,0.1787268859433808,2,0.6127205521383812,8.427999999999992e-05,6.081118318204303e-05,0.022012667609999356,0.0158829658561592,0.0018602520045818947,0.0013422416399548227,0.04030483121083476,0.02908144843240864,0.00037225,5.9289999999999996e-05,4.277996026178613e-05,0,2,64,48,64,1.0,0.0,1444,258.0,883,0,0,0,397.7550244148588
4,x,11,0.0,m1,anqi,1000,1.0,1000,0.0,0.0,1,0.0,0.0,,0.0,,0.0,,0.0,,1.0,0.0,,1,1,40,24,32,1.0,0.0,1000,0.0,0,0,0,0,0.3082337358500808
4,x,11,0.0,m1,val,1000,1.0,1000,0.0,0.0,1,0.0,0.0,,0.0,,0.0,,0.0,,1.0,0.0,,1,1,40,24,32,1.0,0.0,1000,0.0,0,0,0,0,0.3117371129337698
4,x,11,0.0,normal,anqi,1000,1.0,1000,0.0,0.0,1,0.0,0.0,,0.0,,0.0,,0.0,,1.0,0.0,,1,1,48,32,48,1.0,0.0,1000,0.0,0,0,0,0,0.2299328339286148
4,x,11,0.0,normal,val,1000,1.0,1000,0.0,0.0,1,0.0,0.0,,0.0,,0.0,,0.0,,1.0,0.0,,1,1,48,32,48,1.0,0.0,1000,0.0,0,0,0,0,0.3110767409671098
4,x,11,0.001,m1,anqi,245000000,0.9201750326530612,225442883,2.0093705123098937e-06,2.0093705123098937e-06,245,0.0,3.418012470504586e-05,0.00027296100828536605,1.8875150536686762e-07,1.5073614173419015e-06,1.8875150536686762e-07,1.5073614173419015e-06,0.0,0.0,0.9201731836734693,3.417751971355647e-05,0.00027294020493518357,1,1,40,24,32,1.0,0.0,225442883,453.0,0,0,0,0,82095.09583068476
4,x,11,0.001,m1,val,245000000,0.9201750326530612,225442883,0.0002346670398744151,1.969440305209666e-06,245,0.0004653951991384109,3.418012470504586e-05,0.00027296100828536605,1.5839500456798339e-06,1.2649357053942878e-05,1.9929822350672317e-07,1.5915870555570697e-06,3.1237512061384483e-06,2.494614300615189e-05,0.9199590979591837,3.422735365315913e-05,0.00027333817663710564,1,1,40,24,32,1.0,0.0,225442883,444.0,104920,0,0,0,83349.61436333024
4,x,11,0.001,normal,anqi,245000000,0.8929931346938775,218783318,0.0002607142317310165,0.0002607142317310165,245,0.0,3.6734602068277724e-05,0.000293360954825262,1.991577038919545e-06,1.590464871947088e-05,1.991577038919545e-06,1.590464871947088e-05,0.0,0.0,0.8927603183673469,3.665030185191022e-05,0.0002926877369169917,1,1,48,32,48,1.0,0.0,218783318,57040.0,0,0,0,0,107113.59480756443
4,x,11,0.001,normal,val,245000000,0.8929931346938775,218783318,0.0002619325687637939,3.0029145469922154e-06,245,0.0005178593084336034,3.6734602068277724e-05,0.000293360954825262,1.3959294529138583e-06,1.114783267324814e-05,2.3701639918944114e-07,1.8928027870350586e-06,2.7736098145513408e-06,2.2149928887133512e-05,0.8927592306122449,3.6709379929654276e-05,0.00029315953190919077,1,1,48,32,48,1.0,0.0,218783318,657.0,113299,0,0,0,108478.79147655446
4,x,11,0.0025,m1,anqi,125000000,0.813743848,101717981,3.0712164881376476e-05,3.0712164881376476e-05,125,0.0,6.33872725492246e-05,0.0003615771692050321,9.278401611899667e-07,5.292636920089612e-06,9.278401611899667e-07,5.292636920089612e-06,0.0,0.0,0.8137188559999999,6.332425342110553e-05,0.00036121769202555,1,1,40,24,32,1.0,0.0,101717981,3124.0,0,0,0,0,44647.23380588496
4,x,11,0.0025,m1,val,125000000,0.813743848,101717981,0.0014472444441456136,3.065319213320793e-05,125,0.002833182504024811,6.33872725492246e-05,0.0003615771692050321,5.428381181656985e-06,3.09648707397083e-05,9.374131606617862e-07,5.347243750619097e-06,1.0518577068857463e-05,6.0000646307489225e-05,0.8125661599999999,6.275690570245614e-05,0.00035798139593937796,1,1,40,24,32,1.0,0.0,101717981,3118.0,288186,0,0,0,45597.88724243862
4,x,11,0.0025,normal,anqi,125000000,0.756128416,94516052,0.0016377997641145007,0.0016377997641145007,125,0.0,7.786454944611142e-05,0.0004441592489767825,8.54490364495944e-06,4.8742309722742437e-05,8.54490364495944e-06,4.8742309722742437e-05,0.0,0.0,0.754890032,7.888273477996264e-05,0.0004499672378037842,1,1,48,32,48,1.0,0.0,94516052,154798.0,0,0,0,0,56580.561210654676
4,x,11,0.0025,normal,val,125000000,0.756128416,94516052,0.0016359767802848894,4.578007086290732e-05,125,0.0031803934188439644,7.786454944611142e-05,0.0004441592489767825,5.499760324099956e-06,3.137203557307086e-05,1.294005210317989e-06,7.381335748749836e-06,1.0924005065349303e-05,6.231331100171703e-05,0.754891408,7.800812659765891e-05,0.00044497824966779263,1,1,48,32,48,1.0,0.0,94516052,4327.0,300598,0,0,0,57516.797993062646
4,x,11,0.005,m1,anqi,3000000,0.666335,1999005,0.00021760692174578906,0.00021760692174578906,3,0.0,0.0006952955542309768,0.000614432258267762,8.426327726062116e-06,7.446340685084647e-06,8.426327726062116e-06,7.446340685084647e-06,0.0,0.0,0.66619,0.0006935252581797524,0.0006128678487243134,1,1,40,24,32,1.0,0.0,1999005,435.0,0,0,0,0,1111.184315268998
4,x,11,0.005,m1,val,3000000,0.666335,1999005,0.005678816326359422,0.00021710717761478415,3,0.010923418297489275,0.0006952955542309768,0.000614432258267762,1.7168629103099742e-05,1.5171907093303283e-05,8.507724012058633e-06,7.518270533499634e-06,4.019465713387577e-05,3.5519994055450845e-05,0.662551,0.0006804477644413895,0.0006013112754638499,1,1,40,24,32,1.0,0.0,1999005,434.0,21836,0,0,0,1134.039707156946
4,x,11,0.005,normal,anqi,3000000,0.5782453333333333,1734736,0.006565849291722484,0.006565849291722484,3,0.0,0.00017829656991779347,0.00015756057036371172,5.93786802171838e-05,5.24729035829323e-05,5.93786802171838e-05,5.24729035829323e-05,0.0,0.0,0.5744486666666667,0.0002090145976826616,0.00018470607281119284,1,1,48,32,48,1.0,0.0,1734736,11390.0,0,0,0,0,1186.4839117360534
4,x,11,0.005,normal,val,3000000,0.5782453333333333,1734736,0.006569296328758661,0.00037008534498277393,3,0.012398421967551775,0.00017829656991779347,0.00015756057036371172,7.411689600321339e-05,6.549705590656338e-05,6.800388099327214e-06,6.00949882613341e-06,0.0001618152576319761,0.00014299604472368886,0.5744466666666667,0.00017150497770559368,0.00015155884445768156,1,1,48,32,48,1.0,0.0,1734736,642.0,21508,0,0,0,1207.3654299739283
4,x,11,0.01,m1,anqi,10000000,0.4559249,4559249,0.0017270424228240037,0.0017270424228240037,10,0.0,0.0004534515950234815,0.000731601963729834,3.7249385168727684e-05,6.009841763983414e-05,3.7249385168727684e-05,6.009841763983414e-05,0.0,0.0,0.45513750000000003,0.0004536974772491342,0.0007319986718263717,1,1,40,24,32,1.0,0.0,4559249,7874.0,0,0,0,0,3833.7735134460963
4,x,11,0.01,m1,val,10000000,0.4559249,4559249,0.0214979513843805,0.0017268229098793253,10,0.039542256949002354,0.0004534515950234815,0.000731601963729834,8.778122534608155e-05,0.00014162684076230613,3.742682167971111e-05,6.03846949432939e-05,0.0001357365309785874,0.00021899826509303068,0.4461234,0.0004242299601741177,0.000684455574404456,1,1,40,24,32,1.0,0.0,4559249,7873.0,180284,0,0,0,3886.283013308188
4,x,11,0.01,normal,anqi,10000000,0.3513743,3513743,0.025580842849093188,0.025580842849093188,10,0.0,0.0004252280667667811,0.0006860659265373368,0.00010077087462768542,0.0001625844314442644,0.00010077087462768542,0.0001625844314442644,0.0,0.0,0.3423859,0.0004333325569818708,0.0006991417675343936,1,1,48,32,48,1.0,0.0,3513743,89884.0,0,0,0,0,3863.197487457888
4,x,11,0.01,normal,val,10000000,0.3513743,3513743,0.02563499299168869,0.002771147268374571,10,0.045727691446628235,0.0004252280667667811,0.0006860659265373368,9.087028658922395e-05,0.00014661075370112306,7.215640238796505e-05,0.00011641764250488889,0.00014298213868388352,0.0002306883790628275,0.34236685,0.000425172448778657,0.0006859761920876692,1,1,48,32,48,1.0,0.0,3513743,9737.0,160675,0,0,0,3940.9060643339762
4,x,11,0.05,m1,anqi,3000000,0.056694999999999995,170085,0.08947307838614987,0.08947307838614987,3,0.0,0.00018636841506364018,0.00016469365500832128,0.0020251287881742895,0.0017896050780552347,0.0020251287881742895,0.0017896050780552347,0.0,0.0,0.05162233333333333,0.00020936351841818892,0.00018501441385290082,1,1,40,24,32,1.0,0.0,170085,15218.0,0,0,0,0,999.6371632519877
4,x,11,0.05,m1,val,3000000,0.056694999999999995,170085,0.29617720064485487,0.08948482671496183,3,0.4133847478597861,0.00018636841506364018,0.00016469365500832128,0.0023538792614115197,0.0020801216712487015,0.002034574481869968,0.0017979522318275043,0.0016233429887237325,0.0014345472115205183,0.03990316666666666,0.0001571317601392064,0.00013885724083868958,1,1,40,24,32,1.0,0.0,170085,15220.0,70311,0,0,0,1011.3983095879667
4,x,11,0.05,normal,anqi,3000000,0.03415133333333333,102454,0.3538846987466777,0.3538846987466777,3,0.0,0.00014365758610127003,0.00012695012143882666,0.0010183873768631509,0.0008999483053641689,0.0010183873768631509,0.0008999483053641689,0.0,0.0,0.022065666666666667,8.409240103071757e-05,7.43124036304389e-05,1,1,48,32,48,1.0,0.0,102454,36257.0,0,0,0,0,992.5796992290998
4,x,11,0.05,normal,val,3000000,0.03415133333333333,102454,0.351375391721569,0.12543440528864916,3,0.4518819728658398,0.00014365758610127003,0.00012695012143882666,0.0016805893721878555,0.0014851358057600243,0.0011435296676204744,0.0010105364715719452,0.001950777431533705,0.0017239008294260682,0.0221515,0.00014448382100890354,0.00012768026472403495,1,1,48,32,48,1.0,0.0,102454,12851.0,46297,0,0,0,983.7756942961132
4,x,11,0.1,m1,anqi,2000000,0.022033,44066,0.18501979178097885,0.18501979178097885,2,0.0,0.00012936000000000016,9.33380951166244e-05,0.0012197231545766627,0.0008800760344606182,0.0012197231545766627,0.0008800760344606182,0.0,0.0,0.0179565,0.0001323000000000014,9.545941546018494e-05,1,1,40,24,32,1.0,0.0,44066,8153.0,0,0,0,0,627.1033758070553
4,x,11,0.1,m1,val,2000000,0.022033,44066,0.47081637660799086,0.18499716632281332,2,0.5716384205703551,0.00012936000000000016,9.33380951166244e-05,8.23852186261953e-05,5.9444027306243836e-05,0.001264069052581091,0.0009120732642532083,0.002692908542414546,0.0019430345831188847,0.0116595,6.66399999999995e-05,4.808326112068487e-05,1,1,40,24,32,1.0,0.0,44066,8152.0,25190,0,0,0,648.8723822741304
4,x,11,0.1,normal,anqi,2000000,0.017786000000000003,35572,0.49325376223299233,0.49325376223299233,2,0.0,2.3520000000001418e-05,1.6970562748478166e-05,0.0018644624135679866,0.0013452796080626129,0.0018644624135679866,0.0013452796080626129,0.0,0.0,0.009013,4.508000000000088e-05,3.2526911934581824e-05,1,1,48,32,48,1.0,0.0,35572,17546.0,0,0,0,0,635.8530147558777
4,x,11,0.1,normal,val,2000000,0.017786000000000003,35572,0.49080816901088953,0.2016202532823594,2,0.5783758314570602,2.3520000000001418e-05,1.6970562748478166e-05,0.002302024521260317,0.0016609970912662103,0.0029113970739458807,0.0021006822588916373,0.001218745105370963,0.0008793703352507361,0.009056499999999999,5.2919999999999365e-05,3.818376618407311e-05,1,1,48,32,48,1.0,0.0,35572,7172.0,20574,0,0,0,640.6276203478919
4,x,12,0.0,m1,anqi,1000,1.0,1000,0.0,0.0,1,0.0,0.0,,0.0,,0.0,,0.0,,1.0,0.0,,0,2,56,24,48,1.0,0.0,1000,0.0,0,0,0,0,0.4464112028945237
4,x,12,0.0,m1,val,1000,1.0,1000,0.0,0.0,1,0.0,0.0,,0.0,,0.0,,0.0,,1.0,0.0,,0,2,56,24,48,1.0,0.0,1000,0.0,0,0,0,0,0.2940104210283607
4,x,12,0.0,normal,anqi,1000,1.0,1000,0.0,0.0,1,0.0,0.0,,0.0,,0.0,,0.0,,1.0,0.0,,0,2,64,32,64,1.0,0.0,1000,0.0,0,0,0,0,0.3057779849041253
4,x,12,0.0,normal,val,1000,1.0,1000,0.0,0.0,1,0.0,0.0,,0.0,,0.0,,0.0,,1.0,0.0,,0,2,64,32,64,1.0,0.0,1000,0.0,0,0,0,0,0.2961823660880327
4,x,12,0.005,m1,anqi,9000000,0.5705255555555556,5134730,0.0026188362339336726,0.0026188362339336726,9,0.0,0.00040457994533577913,0.0006192550183710905,1.9104590994660042e-05,2.924172091019394e-05,1.9104590994660042e-05,2.924172091019394e-05,0.0,0.0,0.5690314444444444,0.00040494574389816153,0.0006198149141298391,0,2,56,24,48,1.0,0.0,5134730,13447.0,0,0,0,0,2753.664452287834
4,x,12,0.005,m1,val,9000000,0.5705255555555556,5134730,0.09202556251373231,0.002619420414810816,9,0.17881228419784298,0.00040457994533577913,0.0006192550183710905,0.00021182006589392583,0.00032421438657233547,1.9062893608033024e-05,2.917789837964238e-05,0.0004122991007545591,0.0006310700521753455,0.5180225,0.0002994361984723199,0.0004583207119474284,0,2,56,24,48,1.0,0.0,5134730,13450.0,918155,0,0,0,2828.588676583022
4,x,12,0.005,normal,anqi,10000000,0.49567759999999994,4956776,0.09670121645464301,0.09670121645464301,10,0.0,0.00028445223994040547,0.00045893722640224485,0.0002538415265369103,0.0004095496880564849,0.0002538415265369103,0.0004095496880564849,0.0,0.0,0.447745,0.0003034974895301608,0.0004896649648257215,0,2,64,32,64,1.0,0.0,4956776,479326.0,0,0,0,0,3028.99968611286
4,x,12,0.005,normal,val,10000000,0.49567759999999994,4956776,0.09660452712829495,0.004869490643226863,10,0.18347007297013618,0.00028445223994040547,0.00045893722640224485,0.00016891708939776134,0.0002725320092975539,5.98344154472497e-05,9.653726289697527e-05,0.00031822692377951345,0.0005134295367000311,0.44779289999999994,0.00027038007993357953,0.0004362331053716833,0,2,64,32,64,1.0,0.0,4956776,24137.0,909420,0,0,0,3092.8765288967406
4,x,12,0.0075,m1,anqi,10000000,0.4350072,4350072,0.00550821170887277,0.00550821170887277,10,0.0,0.0002531595094042018,0.0004084493168612725,6.880077101384139e-05,0.00011100364345889329,6.880077101384139e-05,0.00011100364345889329,0.0,0.0,0.4326111,0.0002619579004988691,0.00042264470237356373,0,2,56,24,48,1.0,0.0,4350072,23961.0,0,0,0,0,3037.7650131749688
4,x,12,0.0075,m1,val,10000000,0.4350072,4350072,0.13484904994725683,0.005508441369021682,10,0.25868121715647024,0.0002531595094042018,0.0004084493168612725,0.00018626381782150742,0.00030051934183399277,6.8653464459223e-05,0.00011076597803702283,0.0003142812780395119,0.0005070636043640386,0.37634685,0.00020226566123789395,0.000326336827526417,0,2,56,24,48,1.0,0.0,4350072,23962.0,1125283,0,0,0,3056.44786169508
4,x,12,0.0075,normal,anqi,10000000,0.35547969999999995,3554797,0.14400765282260544,0.14400765282260544,10,0.0,0.0003312183568208591,0.0005343900053123886,0.00034477712016255894,0.0005562658085853312,0.00034477712016255894,0.0005562658085853312,0.0,0.0,0.3042879,0.0003076290539349135,0.0004963308596311789,0,2,64,32,64,1.0,0.0,3554797,511918.0,0,0,0,0,2955.8153897906886
4,x,12,0.0075,normal,val,10000000,0.35547969999999995,3554797,0.14395285046980352,0.010163975123901705,10,0.2675777506918037,0.0003312183568208591,0.0005343900053123886,0.0002488517775412394,0.0004014991922509453,0.000107438753699537,0.0001733424340103973,0.000409490975008328,0.000660675593015002,0.3043074,0.00030398139688401983,0.0004904457043230173,0,2,64,32,64,1.0,0.0,3554797,36131.0,951184,0,0,0,2990.0348624740727
4,x,12,0.01,m1,anqi,10000000,0.3339068,3339068,0.009132007047840653,0.009132007047840653,10,0.0,0.00026024847558011845,0.00041988670429585955,0.00012636906304693037,0.0002038847270457742,0.00012636906304693037,0.0002038847270457742,0.0,0.0,0.3308576,0.0002817405141978101,0.00045456210918984026,0,2,56,24,48,1.0,0.0,3339068,30492.0,0,0,0,0,2962.761924667866
4,x,12,0.01,m1,val,10000000,0.3339068,3339068,0.1752344557890896,0.009131408018506964,10,0.3322060955411653,0.00026024847558011845,0.00041988670429585955,0.0002507094344563369,0.0004044963488646544,0.00012660765336307059,0.00020426967032468376,0.0004173368606981585,0.0006733341996686681,0.27539484999999997,0.00024355483504039533,0.00039295306830318215,0,2,56,24,48,1.0,0.0,3339068,30490.0,1109259,0,0,0,2965.890580493724
4,x,12,0.01,normal,anqi,10000000,0.2580099,2580099,0.18942478657799403,0.18942478657799403,10,0.0,0.00021309154493472172,0.00034380338373359026,0.0004491279721770054,0.000724626200495954,0.0004491279721770054,0.000724626200495954,0.0,0.0,0.2091364,0.0001947952967901303,0.0003142840894618869,0,2,64,32,64,1.0,0.0,2580099,488735.0,0,0,0,0,2893.208402377204
4,x,12,0.01,normal,val,10000000,0.2580099,2580099,0.1893411248014294,0.016501343524783305,10,0.34567956255329213,0.00021309154493472172,0.00034380338373359026,0.0003531833992752783,0.0005698285578931335,0.00014987101176618006,0.00024180293490562427,0.0005708595199962496,0.000921028728152339,0.209158,0.00018817678628825637,0.00030360573849062887,0,2,64,32,64,1.0,0.0,2580099,42575.0,891888,0,0,0,2850.6281200459925
4,x,12,0.05,m1,anqi,10000000,0.013777000000000001,137770,0.045937875996858855,0.045937875996858855,10,0.0,6.937464845956986e-05,0.00011192954132945535,0.001138776974707086,0.001837310707668546,0.001138776974707086,0.001837310707668546,0.0,0.0,0.0131442,7.476417366626875e-05,0.00012062503886009731,0,2,56,24,48,1.0,0.0,137770,6328.0,0,0,0,0,2226.200572041911
4,x,12,0.05,m1,val,10000000,0.013777000000000001,137770,0.47996651626469167,0.04594512529936901,10,0.8680427819306453,6.937464845956986e-05,0.00011192954132945535,0.00048331143676552874,0.0007797780405038336,0.0011333351986194322,0.00182853090820241,0.0018832466544359318,0.0030384432775048915,0.00716455,4.0545229224767096e-05,6.541595541014647e-05,0,2,56,24,48,1.0,0.0,137770,6329.0,119591,0,0,0,2227.6400823500007
4,x,12,0.05,normal,anqi,10000000,0.0082586,82586,0.4930252263790945,0.4930252263790945,10,0.0,3.608884651338486e-05,5.822599648496044e-05,0.0036489857516292094,0.00588729904318866,0.0036489857516292094,0.00588729904318866,0.0,0.0,0.0041868,2.957775007595321e-05,4.772094811389308e-05,0,2,64,32,64,1.0,0.0,82586,40718.0,0,0,0,0,2189.154610593221
4,x,12,0.05,normal,val,10000000,0.0082586,82586,0.49321366664389743,0.05161473066764814,10,0.8831978719524984,3.608884651338486e-05,5.822599648496044e-05,0.0012739287373388303,0.0020553655034352522,0.0020495016172172873,0.003306680193165915,0.0029862736374288343,0.004818074699383148,0.00418535,2.1452351966367127e-05,3.461137417413876e-05,0,2,64,32,64,1.0,0.0,82586,4263.0,72939,0,0,0,2160.7638543409994
4,x,12,0.1,m1,anqi,10000000,0.0033292,33292,0.03207095594034286,0.03207095594034286,10,0.0,3.23460048297227e-05,5.218726962690337e-05,0.0018808432361816414,0.003034565585742859,0.0018808432361816414,0.003034565585742859,0.0,0.0,0.0032224000000000003,3.0641542287844695e-05,4.943727788263061e-05,0,2,56,24,48,1.0,0.0,33292,1068.0,0,0,0,0,2065.4790249688085
4,x,12,0.1,m1,val,10000000,0.0033292,33292,0.4991969055023491,0.03210037635811279,10,0.9341930582884727,3.23460048297227e-05,5.218726962690337e-05,0.0015497993971273845,0.0025004571486114033,0.001881708954893797,0.003035962342346655,0.0021648311650569866,0.003492753689436732,0.0016672,1.359671273997264e-05,2.1937031096603205e-05,0,2,56,24,48,1.0,0.0,33292,1069.0,31102,0,0,0,2051.9162553661736
4,x,12,0.1,normal,anqi,10000000,0.0025677,25677,0.499661238884842,0.499661238884842,10,0.0,2.0396246321321e-05,3.2907445965920865e-05,0.006447163963569915,0.010401899272163147,0.006447163963569915,0.010401899272163147,0.0,0.0,0.0012848999999999998,2.411755908047083e-05,3.891143790712446e-05,0,2,64,32,64,1.0,0.0,25677,12828.0,0,0,0,0,2037.2576444770675
4,x,12,0.1,normal,val,10000000,0.0025677,25677,0.5011744874081323,0.03484409745700695,10,0.9326607799022508,2.0396246321321e-05,3.2907445965920865e-05,0.0018091698105492156,0.0029189271813014513,0.0021925003770169415,0.0035373953888527677,0.0018721218017870383,0.003020494362706799,0.0012808,9.372772007848647e-06,1.5122095680750666e-05,0,2,64,32,64,1.0,0.0,25677,895.0,23948,0,0,0,2040.5484991458943
4,x,13,0.0,m1,anqi,1000,1.0,1000,0.0,0.0,1,0.0,0.0,,0.0,,0.0,,0.0,,1.0,0.0,,2,0,24,8,16,1.0,0.0,1000,0.0,0,0,0,0,0.2269345978274941
4,x,13,0.0,m1,val,1000,1.0,1000,0.0,0.0,1,0.0,0.0,,0.0,,0.0,,0.0,,1.0,0.0,,2,0,24,8,16,1.0,0.0,1000,0.0,0,0,0,0,0.3191368468105793
4,x,13,0.0,normal,anqi,1000,1.0,1000,0.0,0.0,1,0.0,0.0,,0.0,,0.0,,0.0,,1.0,0.0,,2,0,32,16,32,1.0,0.0,1000,0.0,0,0,0,0,0.350947551894933
4,x,13,0.0,normal,val,1000,1.0,1000,0.0,0.0,1,0.0,0.0,,0.0,,0.0,,0.0,,1.0,0.0,,2,0,32,16,32,1.0,0.0,1000,0.0,0,0,0,0,0.2767515680752694
4,x,13,0.01,m1,anqi,10000000,0.7018964000000001,7018964,0.004346651141225108,0.004346651141225108,10,0.0,0.0003050806721260692,0.0004922192826599096,3.366922174677796e-05,5.4322157023005776e-05,3.366922174677796e-05,5.4322157023005776e-05,0.0,0.0,0.6988455,0.00030348430407153534,0.0004896436913148795,2,0,24,8,16,1.0,0.0,7018964,30509.0,0,0,0,0,2219.09081520373
4,x,13,0.01,m1,val,10000000,0.7018964000000001,7018964,0.030967969100556953,0.004346508681138863,10,0.05324292083883618,0.0003050806721260692,0.0004922192826599096,0.0001047640203884987,0.00016902700064488473,3.37067294754259e-05,5.438267225381549e-05,0.00017896764210868153,0.000288747641088415,0.6801600999999999,0.00031034075373583925,0.0005007059349891128,2,0,24,8,16,1.0,0.0,7018964,30508.0,373710,0,0,0,2246.4154950688826
4,x,13,0.01,normal,anqi,10000000,0.6284223,6284223,0.05369063593579547,0.05369063593579547,10,0.0,0.0003566121777219088,0.0005753605729357082,8.457543533332628e-05,0.0001364545968130577,8.457543533332628e-05,0.0001364545968130577,0.0,0.0,0.5946819,0.0003363068411343757,0.0005425998013678738,2,0,32,16,32,1.0,0.0,6284223,337404.0,0,0,0,0,4405.454282305087
4,x,13,0.01,normal,val,10000000,0.6284223,6284223,0.05371214948579933,0.009930755162087218,10,0.08756278864742423,0.0003566121777219088,0.0005753605729357082,0.00013850060891023458,0.00022345784769211858,5.513271026747121e-05,8.895149899151023e-05,0.0002801838675702261,0.00045205060467188863,0.59466845,0.00039140205565177687,0.0006314908044548953,2,0,32,16,32,1.0,0.0,6284223,62407.0,550263,0,0,0,4509.66633627878
4,x,13,0.05,m1,anqi,3000000,0.22844866666666666,685346,0.13734637389931123,0.13734637389931123,3,0.0,0.0001784975537958719,0.0001577381796944944,0.0007680616709276087,0.0006787356313228907,0.0007680616709276087,0.0006787356313228907,0.0,0.0,0.197072,3.144156060587501e-05,2.778488797889368e-05,2,0,24,8,16,1.0,0.0,685346,94130.0,0,0,0,0,1195.2784579960862
4,x,13,0.05,m1,val,3000000,0.22844866666666666,685346,0.2970030132127908,0.13734637389931123,3,0.3193132786269592,0.0001784975537958719,0.0001577381796944944,0.000669916217689149,0.0005920045540061114,0.0007680616709276087,0.0006787356313228907,0.00040523858255588123,0.00035810908886427614,0.16059866666666667,6.003205514093401e-05,5.305029060554802e-05,2,0,24,8,16,1.0,0.0,685346,94130.0,218840,0,0,0,1127.5735626110109
4,x,13,0.05,normal,anqi,3000000,0.16687933333333335,500638,0.37728660774939554,0.37728660774939554,3,0.0,0.00045530021412005774,0.000402348522220882,0.0009220630499877397,0.0008148265563064727,0.0009220630499877397,0.0008148265563064727,0.0,0.0,0.103918,0.00032537771036135737,0.0002875360846919905,2,0,32,16,32,1.0,0.0,500638,188884.0,0,0,0,0,1240.2610196919413
4,x,13,0.05,normal,val,3000000,0.16687933333333335,500638,0.377384751116623,0.20029333632095322,3,0.35418282959133957,0.00045530021412005774,0.000402348522220882,0.00022389970682368224,0.00019786003470326208,0.0011524463169844653,0.001018416109190164,0.0024876142203799716,0.0021983031731270166,0.10390166666666667,0.00031833176411480175,0.00028130958628054477,2,0,32,16,32,1.0,0.0,500638,100275.0,177316,0,0,0,1219.08321302908
4,x,13,0.1,m1,anqi,2000000,0.10311100000000001,206222,0.26756513521942205,0.26756513521942205,2,0.0,0.001003520000000004,0.0007240773439350275,0.003478454912622259,0.002509835772211081,0.003478454912622259,0.002509835772211081,0.0,0.0,0.075523,0.0010936799999999853,0.0007891311678041765,2,0,24,8,16,1.0,0.0,206222,55176.0,0,0,0,0,784.4170348279877
4,x,13,0.1,m1,val,2000000,0.10311100000000001,206222,0.4535288464825473,0.26756513521942205,2,0.3719274225262506,0.001003520000000004,0.0007240773439350275,0.0031118432371149795,0.002245311688728061,0.003478454912622259,0.002509835772211081,0.0007332233510145046,0.0005290481669660005,0.056348,0.0008692599999999989,0.0006272037149124669,2,0,24,8,16,1.0,0.0,206222,55176.0,76700,0,0,0,753.7902434699936
4,x,13,0.1,normal,anqi,2000000,0.08101649999999999,162033,0.48694366143265294,0.48694366143265294,2,0.0,0.0001323000000000031,9.545941546018616e-05,0.0008378213523474808,0.0006045195506814158,0.0008378213523474808,0.0006045195506814158,0.0,0.0,0.041566,0.0,0.0,2,0,32,16,32,1.0,0.0,162033,78901.0,0,0,0,0,777.876225712942
4,x,13,0.1,normal,val,2000000,0.08101649999999999,162033,0.4861293513674647,0.2982294103644094,2,0.3757998820061107,0.0001323000000000031,9.545941546018616e-05,4.079523077499758e-05,2.943529012354176e-05,8.78308861924487e-05,6.337328084112693e-05,0.0002572522339349742,0.00018561714192939628,0.041632,6.468000000000688e-05,4.6669047558317104e-05,2,0,32,16,32,1.0,0.0,162033,48323.0,60892,0,0,0,784.313125230954
4,x,14,0.0,m1,anqi,1000,1.0,1000,0.0,0.0,1,0.0,0.0,,0.0,,0.0,,0.0,,1.0,0.0,,0,2,56,24,48,1.0,0.0,1000,0.0,0,0,0,0,0.3910328380297869
4,x,14,0.0,m1,val,1000,1.0,1000,0.0,0.0,1,0.0,0.0,,0.0,,0.0,,0.0,,1.0,0.0,,0,2,56,24,48,1.0,0.0,1000,0.0,0,0,0,0,0.3038311989512294
4,x,14,0.0,normal,anqi,1000,1.0,1000,0.0,0.0,1,0.0,0.0,,0.0,,0.0,,0.0,,1.0,0.0,,0,2,64,32,64,1.0,0.0,1000,0.0,0,0,0,0,0.4935361328534782
4,x,14,0.0,normal,val,1000,1.0,1000,0.0,0.0,1,0.0,0.0,,0.0,,0.0,,0.0,,1.0,0.0,,0,2,64,32,64,1.0,0.0,1000,0.0,0,0,0,0,0.4338873999658972
4,x,15,0.0,m1,anqi,1000,1.0,1000,0.0,0.0,1,0.0,0.0,,0.0,,0.0,,0.0,,1.0,0.0,,1,1,40,8,32,1.0,0.0,1000,0.0,0,0,0,0,0.2536555929109454
4,x,15,0.0,m1,val,1000,1.0,1000,0.0,0.0,1,0.0,0.0,,0.0,,0.0,,0.0,,1.0,0.0,,1,1,40,8,32,1.0,0.0,1000,0.0,0,0,0,0,0.3475612618494779
4,x,15,0.0,normal,anqi,1000,1.0,1000,0.0,0.0,1,0.0,0.0,,0.0,,0.0,,0.0,,1.0,0.0,,1,1,48,16,48,1.0,0.0,1000,0.0,0,0,0,0,0.4457122350577265
4,x,15,0.0,normal,val,1000,1.0,1000,0.0,0.0,1,0.0,0.0,,0.0,,0.0,,0.0,,1.0,0.0,,1,1,48,16,48,1.0,0.0,1000,0.0,0,0,0,0,0.4783053460996598
4,z,2,0.0,m1,anqi,1000,1.0,1000,0.0,0.0,1,0.0,0.0,,0.0,,0.0,,0.0,,1.0,0.0,,1,1,40,40,32,1.0,0.0,1000,0.0,0,0,0,0,0.2451365299057215
4,z,2,0.0,m1,val,1000,1.0,1000,0.0,0.0,1,0.0,0.0,,0.0,,0.0,,0.0,,1.0,0.0,,1,1,40,40,32,1.0,0.0,1000,0.0,0,0,0,0,0.2382571429479867
4,z,2,0.0,normal,anqi,1000,1.0,1000,0.0,0.0,1,0.0,0.0,,0.0,,0.0,,0.0,,1.0,0.0,,1,1,48,48,48,1.0,0.0,1000,0.0,0,0,0,0,0.240437117870897
4,z,2,0.0,normal,val,1000,1.0,1000,0.0,0.0,1,0.0,0.0,,0.0,,0.0,,0.0,,1.0,0.0,,1,1,48,48,48,1.0,0.0,1000,0.0,0,0,0,0,0.3342724358662963
4,z,3,0.0,m1,anqi,1000,1.0,1000,0.0,0.0,1,0.0,0.0,,0.0,,0.0,,0.0,,1.0,0.0,,0,2,56,40,48,1.0,0.0,1000,0.0,0,0,0,0,0.3130856901407242
4,z,3,0.0,m1,val,1000,1.0,1000,0.0,0.0,1,0.0,0.0,,0.0,,0.0,,0.0,,1.0,0.0,,0,2,56,40,48,1.0,0.0,1000,0.0,0,0,0,0,0.3400874668732285
4,z,3,0.0,normal,anqi,1000,1.0,1000,0.0,0.0,1,0.0,0.0,,0.0,,0.0,,0.0,,1.0,0.0,,0,2,64,48,64,1.0,0.0,1000,0.0,0,0,0,0,0.2236851810012012
4,z,3,0.0,normal,val,1000,1.0,1000,0.0,0.0,1,0.0,0.0,,0.0,,0.0,,0.0,,1.0,0.0,,0,2,64,48,64,1.0,0.0,1000,0.0,0,0,0,0,0.2842823988758027
4,z,4,0.0,m1,anqi,1000,1.0,1000,0.0,0.0,1,0.0,0.0,,0.0,,0.0,,0.0,,1.0,0.0,,2,0,24,24,16,1.0,0.0,1000,0.0,0,0,0,0,0.3175850319676101
4,z,4,0.0,m1,val,1000,1.0,1000,0.0,0.0,1,0.0,0.0,,0.0,,0.0,,0.0,,1.0,0.0,,2,0,24,24,16,1.0,0.0,1000,0.0,0,0,0,0,0.2330328298266977
4,z,4,0.0,normal,anqi,1000,1.0,1000,0.0,0.0,1,0.0,0.0,,0.0,,0.0,,0.0,,1.0,0.0,,2,0,32,32,32,1.0,0.0,1000,0.0,0,0,0,0,0.2297380489762872
4,z,4,0.0,normal,val,1000,1.0,1000,0.0,0.0,1,0.0,0.0,,0.0,,0.0,,0.0,,1.0,0.0,,2,0,32,32,32,1.0,0.0,1000,0.0,0,0,0,0,0.3513685390353203
4,z,4,0.01,m1,anqi,10000000,0.6527862,6527862,0.0014421505529129536,0.0014421505529129536,10,0.0,0.0005550363946521254,0.0008954995874432738,2.322483632471593e-05,3.747111279118177e-05,2.322483632471593e-05,3.747111279118177e-05,0.0,0.0,0.6518448,0.0005623985625017189,0.0009073777603622428,2,0,24,24,16,1.0,0.0,6527862,9414.0,0,0,0,0,1993.4492314039962
4,z,4,0.01,m1,val,10000000,0.6527862,6527862,0.015052472930012073,0.0014424569555191277,10,0.02722003194898589,0.0005550363946521254,0.0008954995874432738,6.324471956854882e-05,0.00010203947133430404,2.3268670636834936e-05,3.754183537585666e-05,0.00011824181414198417,0.0001907721670198868,0.6429601500000001,0.0005465276270097456,0.0008817714824274261,2,0,24,24,16,1.0,0.0,6527862,9416.0,177689,0,0,0,2021.9411916990066
4,z,4,0.01,normal,anqi,9000000,0.5473247777777778,4925923,0.0031786258379247413,0.0031786258379247413,9,0.0,0.0004504505653204712,0.0006894651510007213,5.217505100558393e-05,7.985977194732234e-05,5.217505100558393e-05,7.985977194732234e-05,0.0,0.0,0.545585,0.00042780676245239373,0.0006548062690597864,2,0,32,32,32,1.0,0.0,4925923,15658.0,0,0,0,0,3630.607659026282
4,z,4,0.01,normal,val,9000000,0.5473247777777778,4925923,0.025413136273708017,0.0031790315491213414,9,0.044468209449173346,0.0004504505653204712,0.0006894651510007213,8.614837640215704e-05,0.00013185975979921997,5.224552230357649e-05,7.99676361789436e-05,0.00019587416354908008,0.00029980739318736746,0.5334155555555555,0.0004512315451210712,0.0006906605282465375,2,0,32,32,32,1.0,0.0,4925923,15660.0,219046,0,0,0,3690.938204929116
4,z,4,0.05,m1,anqi,3000000,0.18413133333333334,552394,0.07690729996586637,0.07690729996586637,3,0.0,0.00044063737189565226,0.00038939097746780216,0.00019978979663482088,0.0001765541217374302,0.00019978979663482088,0.0001765541217374302,0.0,0.0,0.16997033333333333,0.0004419591150522667,0.000390559001091176,2,0,24,24,16,1.0,0.0,552394,42483.0,0,0,0,0,753.6040948809823
4,z,4,0.05,m1,val,3000000,0.18413133333333334,552394,0.20419325771877025,0.07690729996586637,3,0.25457191550580777,0.00044063737189565226,0.00038939097746780216,0.0009161889680907109,0.0008096356337077612,0.00019978979663482088,0.0001765541217374302,0.0014535967259161433,0.0012845425423482304,0.1465331666666667,0.0005194235235763343,0.00045901425177584767,2,0,24,24,16,1.0,0.0,552394,42483.0,140623,0,0,0,754.8737360490486
4,z,4,0.05,normal,anqi,3000000,0.12224933333333332,366748,0.12500284538913628,0.12500284538913628,3,0.0,0.00018388286899848202,0.00016249717946270552,0.0016182247481430437,0.0014300242254332153,0.0016182247481430437,0.0014300242254332153,0.0,0.0,0.10696766666666667,5.010261647636473e-05,4.427565169857207e-05,2,0,32,32,32,1.0,0.0,366748,45845.0,0,0,0,0,1016.9650609800592
4,z,4,0.05,normal,val,3000000,0.12224933333333332,366748,0.27981318242878367,0.12500284538913628,3,0.3096206740792948,0.00018388286899848202,0.00016249717946270552,0.00215622746975644,0.001905456903211142,0.0016182247481430437,0.0014300242254332153,0.0012912078152186508,0.0011410395607595457,0.08804216666666666,0.00014914506778450235,0.00013179940566380725,2,0,32,32,32,1.0,0.0,366748,45845.0,113553,0,0,0,1098.6672759720823
4,z,4,0.1,m1,anqi,2000000,0.08652850000000001,173057,0.21372083433916844,0.21372083433916844,2,0.0,0.0002753799999999966,0.0001986970055134174,0.0007921731757707694,0.0005715826780220346,0.0007921731757707694,0.0005715826780220346,0.0,0.0,0.0680355,0.0001479799999999916,0.00010677312395916261,2,0,24,24,16,1.0,0.0,173057,36986.0,0,0,0,0,497.6897404079791
4,z,4,0.1,m1,val,2000000,0.08652850000000001,173057,0.392859013287499,0.21372083433916844,2,0.3582763578966611,0.0002753799999999966,0.0001986970055134174,1.5781101938823204e-05,1.1386657342385777e-05,0.0007921731757707694,0.0005715826780220346,0.0016159085554191582,0.0011659386707288213,0.052535,0.00016855999999999515,0.00012162236636408269,2,0,24,24,16,1.0,0.0,173057,36986.0,62002,0,0,0,480.5173587698955
4,z,4,0.1,normal,anqi,2000000,0.0701325,140265,0.2603979982234682,0.2603979982234682,2,0.0,0.0002263800000000088,0.00016334166645409884,0.002331459753497646,0.0016822357160833695,0.002331459753497646,0.0016822357160833695,0.0,0.0,0.05187,3.920000000003921e-06,2.828427124749019e-06,2,0,32,32,32,1.0,0.0,140265,36525.0,0,0,0,0,665.9153113008942
4,z,4,0.1,normal,val,2000000,0.0701325,140265,0.44549109764250283,0.2603979982234682,2,0.3701861988380693,0.0002263800000000088,0.00016334166645409884,0.0016222111762120295,0.001170486248179726,0.002331459753497646,0.0016822357160833695,0.0014184971545711787,0.0010234989358072477,0.038889,1.175999999999816e-05,8.485281374237243e-06,2,0,32,32,32,1.0,0.0,140265,36525.0,51924,0,0,0,642.7291094720131
4,z,5,0.0,m1,anqi,1000,1.0,1000,0.0,0.0,1,0.0,0.0,,0.0,,0.0,,0.0,,1.0,0.0,,0,2,56,40,48,1.0,0.0,1000,0.0,0,0,0,0,0.2471793938893824
4,z,5,0.0,m1,val,1000,1.0,1000,0.0,0.0,1,0.0,0.0,,0.0,,0.0,,0.0,,1.0,0.0,,0,2,56,40,48,1.0,0.0,1000,0.0,0,0,0,0,0.3314949879422784
4,z,5,0.0,normal,anqi,1000,1.0,1000,0.0,0.0,1,0.0,0.0,,0.0,,0.0,,0.0,,1.0,0.0,,0,2,64,48,64,1.0,0.0,1000,0.0,0,0,0,0,0.5430656629614532
4,z,5,0.0,normal,val,1000,1.0,1000,0.0,0.0,1,0.0,0.0,,0.0,,0.0,,0.0,,1.0,0.0,,0,2,64,48,64,1.0,0.0,1000,0.0,0,0,0,0,0.2217273211572319
4,z,6,0.0,m1,anqi,1000,1.0,1000,0.0,0.0,1,0.0,0.0,,0.0,,0.0,,0.0,,1.0,0.0,,1,1,40,24,32,1.0,0.0,1000,0.0,0,0,0,0,0.2216676999814808
4,z,6,0.0,m1,val,1000,1.0,1000,0.0,0.0,1,0.0,0.0,,0.0,,0.0,,0.0,,1.0,0.0,,1,1,40,24,32,1.0,0.0,1000,0.0,0,0,0,0,0.2702895270194858
4,z,6,0.0,normal,anqi,1000,1.0,1000,0.0,0.0,1,0.0,0.0,,0.0,,0.0,,0.0,,1.0,0.0,,1,1,48,32,48,1.0,0.0,1000,0.0,0,0,0,0,0.5522690122015774
4,z,6,0.0,normal,val,1000,1.0,1000,0.0,0.0,1,0.0,0.0,,0.0,,0.0,,0.0,,1.0,0.0,,1,1,48,32,48,1.0,0.0,1000,0.0,0,0,0,0,0.3021231580059975
4,z,6,0.0001,m1,anqi,15000000,0.991653,14874795,0.0,0.0,15,0.0,5.279818077675518e-05,0.00010432983411143949,0.0,0.0,0.0,0.0,0.0,0.0,0.991653,5.279818077675518e-05,0.00010432983411143949,1,1,40,24,32,1.0,0.0,14874795,0.0,0,0,0,0,5597.790531257924
4,z,6,0.0001,m1,val,15000000,0.991653,14874795,6.050650397657691e-07,0.0,15,1.2101300795315382e-06,5.279818077675518e-05,0.00010432983411143949,2.1993532953667237e-07,4.345948308868226e-07,0.0,0.0,4.3987065907334473e-07,8.691896617736452e-07,0.9916524,5.287358952571449e-05,0.00010447884269760161,1,1,40,24,32,1.0,0.0,14874795,0.0,18,0,0,0,5957.696672057005
4,z,6,0.0001,normal,anqi,15000000,0.9886243333333333,14829365,0.0,0.0,15,0.0,7.169974554425953e-05,0.00014167955123480948,0.0,0.0,0.0,0.0,0.0,0.0,0.9886243333333333,7.169974554425953e-05,0.00014167955123480948,1,1,48,32,48,1.0,0.0,14829365,0.0,0,0,0,0,10547.30309029494
4,z,6,0.0001,normal,val,15000000,0.9886243333333333,14829365,1.011495016713489e-06,0.0,15,2.022990033426978e-06,7.169974554425953e-05,0.00014167955123480948,2.7359668197455036e-07,5.406303024821635e-07,0.0,0.0,5.471933639491007e-07,1.081260604964327e-06,0.9886233333333333,7.165699717713572e-05,0.00014159507995218292,1,1,48,32,48,1.0,0.0,14829365,0.0,30,0,0,0,10978.062569109054
4,z,6,0.00025,m1,anqi,15000000,0.9792549333333334,14688824,0.0,0.0,15,0.0,9.791829304974268e-05,0.00019348771340342393,0.0,0.0,0.0,0.0,0.0,0.0,0.9792549333333334,9.791829304974268e-05,0.00019348771340342393,1,1,40,24,32,1.0,0.0,14688824,0.0,0,0,0,0,6624.1798316090135
4,z,6,0.00025,m1,val,15000000,0.9792549333333334,14688824,5.854900352410687e-06,0.0,15,1.1709800704821375e-05,9.791829304974268e-05,0.00019348771340342393,7.303157239818339e-07,1.4431125696199262e-06,0.0,0.0,1.4606314479636678e-06,2.8862251392398524e-06,0.9792492,9.821269984409095e-05,0.0001940694647358327,1,1,40,24,32,1.0,0.0,14688824,0.0,172,0,0,0,7089.941698309034
4,z,6,0.00025,normal,anqi,15000000,0.9719110666666667,14578666,0.0,0.0,15,0.0,8.72257081777539e-05,0.00017235903833346376,0.0,0.0,0.0,0.0,0.0,0.0,0.9719110666666667,8.72257081777539e-05,0.00017235903833346376,1,1,48,32,48,1.0,0.0,14578666,0.0,0,0,0,0,9698.19587133397
4,z,6,0.00025,normal,val,15000000,0.9719110666666667,14578666,6.5163816594321304e-06,0.0,15,1.3032763318864261e-05,8.72257081777539e-05,0.00017235903833346376,7.408643246795515e-07,1.4639567302464834e-06,0.0,0.0,1.481728649359103e-06,2.927913460492967e-06,0.9719047333333334,8.725904793836927e-05,0.00017242491809756064,1,1,48,32,48,1.0,0.0,14578666,0.0,190,0,0,0,9041.425929018995
4,z,6,0.0005,m1,anqi,15000000,0.9591056000000001,14386584,0.0,0.0,15,0.0,0.0001109044996502243,0.00021914861232897196,0.0,0.0,0.0,0.0,0.0,0.0,0.9591056000000001,0.0001109044996502243,0.00021914861232897196,1,1,40,24,32,1.0,0.0,14386584,0.0,0,0,0,0,6625.2927000169875
4,z,6,0.0005,m1,val,15000000,0.9591056000000001,14386584,2.1930211166485172e-05,0.0,15,4.3860422332970344e-05,0.0001109044996502243,0.00021914861232897196,9.644092035553718e-07,1.9056840736219968e-06,0.0,0.0,1.9288184071107437e-06,3.8113681472439936e-06,0.9590845666666666,0.00011103640607375576,0.0002194092609930511,1,1,40,24,32,1.0,0.0,14386584,0.0,631,0,0,0,6804.388332608913
4,z,6,0.0005,normal,anqi,16000000,0.94478675,15116588,1.3228920163374713e-07,1.3228920163374713e-07,16,0.0,9.024579794464469e-05,0.00018417509784621365,1.771266293598163e-07,3.614829170608496e-07,1.771266293598163e-07,3.614829170608496e-07,0.0,0.0,0.944786625,9.020594798385363e-05,0.00018409377139561966,1,1,48,32,48,1.0,0.0,15116588,2.0,0,0,0,0,11041.946989114978
4,z,6,0.0005,normal,val,16000000,0.94478675,15116588,2.4178999351447615e-05,1.3228920163374713e-07,16,4.809342029962774e-05,9.024579794464469e-05,0.00018417509784621365,1.924652287655453e-06,3.927861811541741e-06,1.771266293598163e-07,3.614829170608496e-07,3.765815011143484e-06,7.685336757435682e-06,0.94476390625,9.092483177912638e-05,0.0001855608811818906,1,1,48,32,48,1.0,0.0,15116588,2.0,727,0,0,0,10951.636580918072
4,z,6,0.00075,m1,anqi,15000000,0.9394939333333333,14092409,7.096448901487452e-08,7.096448901487452e-08,15,0.0,9.24859473673918e-05,0.00018275333362863477,1.3909039846915405e-07,2.748442841267282e-07,1.3909039846915405e-07,2.748442841267282e-07,0.0,0.0,0.9394938666666667,9.249730015039829e-05,0.00018277576686308232,1,1,40,24,32,1.0,0.0,14092409,1.0,0,0,0,0,6449.0713883319695
4,z,6,0.00075,m1,val,15000000,0.9394939333333333,14092409,4.945888176075299e-05,7.096448901487452e-08,15,9.877583454347622e-05,9.24859473673918e-05,0.00018275333362863477,2.099861704929604e-06,4.14935174108728e-06,1.3909039846915405e-07,2.748442841267282e-07,4.237658003033642e-06,8.373662690138712e-06,0.9394474666666667,9.15295350607886e-05,0.00018086345151864395,1,1,40,24,32,1.0,0.0,14092409,1.0,1392,0,0,0,7009.3424616389675
4,z,6,0.00075,normal,anqi,16000000,0.9185014375,14696023,4.763222578988043e-07,4.763222578988043e-07,16,0.0,0.00011459618015559045,0.00023386975541957235,3.356451058363365e-07,6.849900119108908e-07,3.356451058363365e-07,6.849900119108908e-07,0.0,0.0,0.918501,0.00011460205088332448,0.00023388173649658057,1,1,48,32,48,1.0,0.0,14696023,7.0,0,0,0,0,11694.692703512002
4,z,6,0.00075,normal,val,16000000,0.9185014375,14696023,5.34495188537797e-05,5.443385121511805e-07,16,0.00010581036068325703,0.00011459618015559045,0.00023386975541957235,2.6430036445382213e-06,5.393884988853513e-06,3.8954959555492506e-07,7.949991746018879e-07,5.077662381543285e-06,1.0362576288863847e-05,0.9184523437500001,0.0001140188242458089,0.00023269147805267122,1,1,48,32,48,1.0,0.0,14696023,8.0,1555,0,0,0,11802.356351179915
4,z,6,0.001,m1,anqi,259000000,0.9202703011583012,238350008,4.656951612754552e-07,4.656951612754552e-07,259,0.0,3.3057333640294956e-05,0.0002714323656220236,8.618593553945787e-08,7.076690643405912e-07,8.618593553945787e-08,7.076690643405912e-07,0.0,0.0,0.9202698725868725,3.305492514585556e-05,0.0002714125895762485,1,1,40,24,32,1.0,0.0,238350008,111.0,0,0,0,0,82694.25902939907
4,z,6,0.001,m1,val,259000000,0.9202703011583012,238350008,8.499693474014863e-05,4.782747917472732e-07,259,0.0001690373198968027,3.3057333640294956e-05,0.0002714323656220236,8.390526942725438e-07,6.88942611542995e-06,9.880374023196576e-08,8.112733239554489e-07,1.6682359223754713e-06,1.369781446238785e-05,0.9201920810810811,3.309563279900115e-05,0.00027174683839112444,1,1,40,24,32,1.0,0.0,238350008,114.0,40290,0,0,0,84433.99921427708
4,z,6,0.001,normal,anqi,260000000,0.8932112692307692,232234930,7.190991408755893e-07,7.190991408755893e-07,260,0.0,3.831251695774177e-05,0.0003151891701014012,1.0753449168725278e-07,8.846640702192854e-07,1.0753449168725278e-07,8.846640702192854e-07,0.0,0.0,0.8932106269230768,3.8312531593015824e-05,0.0003151892905027804,1,1,48,32,48,1.0,0.0,232234930,167.0,0,0,0,0,107238.2937030705
4,z,6,0.001,normal,val,260000000,0.8932112692307692,232234930,9.829691375997911e-05,6.80355844552066e-07,260,0.00019523311583085408,3.831251695774177e-05,0.0003151891701014012,8.948074865649234e-07,7.361396522238371e-06,1.2017609485485265e-07,9.886639305140787e-07,1.7869218300699647e-06,1.4700637112332038e-05,0.8931234692307691,3.828636886686157e-05,0.0003149740551541541,1,1,48,32,48,1.0,0.0,232234930,158.0,45340,0,0,0,108943.78487802447
4,z,6,0.0025,m1,anqi,124000000,0.814246379032258,100966551,8.289730338635202e-06,8.289730338635202e-06,124,0.0,6.469438967990438e-05,0.00036755420136205103,5.262999815342032e-07,2.9901166136165667e-06,5.262999815342032e-07,2.9901166136165667e-06,0.0,0.0,0.8142396290322581,6.464925390549717e-05,0.0003672977673250783,1,1,40,24,32,1.0,0.0,100966551,837.0,0,0,0,0,39969.70036414021
4,z,6,0.0025,m1,val,124000000,0.814246379032258,100966551,0.0005405312666913984,8.369006663115156e-06,124,0.0010643245200565666,6.469438967990438e-05,0.00036755420136205103,3.6286787666143445e-06,2.0615947266238107e-05,5.225040556974691e-07,2.9685504701495114e-06,6.985496352638456e-06,3.968734453969336e-05,0.813806254032258,6.49725235552961e-05,0.00036913438899419565,1,1,40,24,32,1.0,0.0,100966551,845.0,107461,0,0,0,40780.550918774214
4,z,6,0.0025,normal,anqi,124000000,0.7573952741935484,93917014,1.2266218385741222e-05,1.2266218385741222e-05,124,0.0,7.573889327777603e-05,0.00043030235803284456,7.599597133439724e-07,4.317629193003151e-06,7.599597133439724e-07,4.317629193003151e-06,0.0,0.0,0.7573859838709678,7.575685470941095e-05,0.00043040440397056117,1,1,48,32,48,1.0,0.0,93917014,1152.0,0,0,0,0,56014.961935168714
4,z,6,0.0025,normal,val,124000000,0.7573952741935484,93917014,0.0006295285461026132,1.2212980563255085e-05,124,0.0012346311310787162,7.573889327777603e-05,0.00043030235803284456,3.75675600540865e-06,2.1343604292614234e-05,7.575685808222984e-07,4.304044231328682e-06,7.256208297338955e-06,4.122536527264831e-05,0.7569184717741935,7.559687121073852e-05,0.00042949547496796,1,1,48,32,48,1.0,0.0,93917014,1147.0,115953,0,0,0,57031.679035561974
4,z,6,0.005,m1,anqi,3000000,0.6676793333333334,2003038,6.090960379999651e-05,6.090960379999651e-05,3,0.0,0.0004850360923110216,0.0004286260996874273,1.2047255826217798e-05,1.0646152644280304e-05,1.2047255826217798e-05,1.0646152644280304e-05,0.0,0.0,0.6676386666666666,0.0004888020645528015,0.00043195408706633376,1,1,40,24,32,1.0,0.0,2003038,122.0,0,0,0,0,932.3789063189179
4,z,6,0.005,m1,val,3000000,0.6676793333333334,2003038,0.002196908383394741,6.04100214508404e-05,3,0.0042729967238878015,0.0004850360923110216,0.0004286260996874273,1.672552447232594e-05,1.4780335800665898e-05,1.1304969813960564e-05,9.990194946842946e-06,3.337769702222334e-05,2.9495850552107777e-05,0.6662125,0.00047607864742427256,0.0004207104110905664,1,1,40,24,32,1.0,0.0,2003038,121.0,8559,0,0,0,923.5885750158923
4,z,6,0.005,normal,anqi,3000000,0.5819313333333334,1745794,0.00010367798933319567,0.00010367798933319567,3,0.0,0.00021394347457003387,0.00018906171831791773,1.3801676541247654e-05,1.2196533162792056e-05,1.3801676541247654e-05,1.2196533162792056e-05,0.0,0.0,0.581871,0.00021478774266704944,0.00018980779752161183,1,1,48,32,48,1.0,0.0,1745794,181.0,0,0,0,0,1182.461978735868
4,z,6,0.005,normal,val,3000000,0.5819313333333334,1745794,0.002641198264528215,0.00010367798933319567,3,0.005075040550390039,0.00021394347457003387,0.00018906171831791773,3.629120138208635e-05,3.207051258239154e-05,1.3801676541247654e-05,1.2196533162792056e-05,8.438350492444731e-05,7.456965196422514e-05,0.5803943333333333,0.00019266023472543008,0.00017025373221560747,1,1,48,32,48,1.0,0.0,1745794,181.0,8860,0,0,0,1189.9988087090896
4,z,6,0.01,m1,anqi,9000000,0.4603493333333334,4143144,0.0005244742717355161,0.0005244742717355161,9,0.0,0.00025483664266436734,0.00039005608571076635,1.999353767976401e-05,3.0602353591475526e-05,1.999353767976401e-05,3.0602353591475526e-05,0.0,0.0,0.4601078888888889,0.00025220347430077346,0.00038602572597057165,1,1,40,24,32,1.0,0.0,4143144,2173.0,0,0,0,0,2734.4244854290737
4,z,6,0.01,m1,val,9000000,0.4603493333333334,4143144,0.008966751496210072,0.0005249571032259575,9,0.016883588785968226,0.00025483664266436734,0.00039005608571076635,5.6003400729774964e-05,8.571949091292087e-05,1.98418332960387e-05,3.0370153004140867e-05,0.00010326199001576049,0.00015805406635065381,0.45622150000000006,0.0002579138323807521,0.0003947660699705389,1,1,40,24,32,1.0,0.0,4143144,2175.0,69951,0,0,0,2773.022235086886
4,z,6,0.01,normal,anqi,9000000,0.3603745555555556,3243371,0.000879619161522658,0.000879619161522658,9,0.0,0.000489102271958102,0.0007486259264664827,2.596169955125494e-05,3.973729523151267e-05,2.596169955125494e-05,3.973729523151267e-05,0.0,0.0,0.3600575555555556,0.0004860487275882128,0.000743952134063591,1,1,48,32,48,1.0,0.0,3243371,2853.0,0,0,0,0,3321.979407355888
4,z,6,0.01,normal,val,9000000,0.3603745555555556,3243371,0.011046231424954155,0.000879311898646104,9,0.020333839052616102,0.000489102271958102,0.0007486259264664827,4.539716247397909e-05,6.948545276629453e-05,2.5199487181715814e-05,3.8570643645483386e-05,0.0001085626674848371,0.0001661673481910772,0.35639377777777775,0.0004850081262294986,0.0007423593768818857,1,1,48,32,48,1.0,0.0,3243371,2852.0,65950,0,0,0,3379.1971721570008
4,z,6,0.05,m1,anqi,3000000,0.06609866666666667,198296,0.05115603760375014,0.05115603760375014,3,0.0,0.0001175582518489429,0.00010388615563844235,0.0005090539464215377,0.00044985066275283076,0.0005090539464215377,0.00044985066275283076,0.0,0.0,0.06271733333333333,0.0001288558188226002,0.00011386980869981307,1,1,40,24,32,1.0,0.0,198296,10144.0,0,0,0,0,710.9328602709575
4,z,6,0.05,m1,val,3000000,0.06609866666666667,198296,0.19626359455587686,0.05115098633335563,3,0.29022521644504246,0.0001175582518489429,0.00010388615563844235,0.0015595218111647017,0.0013781484757393366,0.0005093774057540835,0.00045013650356821427,0.0028192495212474417,0.002491369086742246,0.05312600000000001,0.0001974507476140139,0.0001744871055407813,1,1,40,24,32,1.0,0.0,198296,10143.0,57550,0,0,0,719.2613713369938
4,z,6,0.05,normal,anqi,3000000,0.04380333333333333,131410,0.07768069368890977,0.07768069368890977,3,0.0,2.9298194104377085e-05,2.5890796305508188e-05,0.0005949562890109762,0.0005257625106375733,0.0005949562890109762,0.0005257625106375733,0.0,0.0,0.04040066666666667,4.9407725891582875e-05,4.3661577311560123e-05,1,1,48,32,48,1.0,0.0,131410,10208.0,0,0,0,0,921.3705570880556
4,z,6,0.05,normal,val,3000000,0.04380333333333333,131410,0.24165976738482753,0.07767307881859101,3,0.32797337713247304,2.9298194104377085e-05,2.5890796305508188e-05,0.0008940888825410716,0.0007901058015528663,0.0005823135476378141,0.0005145901277777417,0.0010141965544784137,0.0008962448781724027,0.033217833333333335,4.9540375901325194e-05,4.3778800044467375e-05,1,1,48,32,48,1.0,0.0,131410,10207.0,43099,0,0,0,950.6518407269614
4,z,6,0.1,m1,anqi,2000000,0.025991,51982,0.15089428813676642,0.15089428813676642,2,0.0,9.995999999999797e-05,7.212489168102638e-05,0.004095133198332091,0.002954792300410997,0.004095133198332091,0.002954792300410997,0.0,0.0,0.022069,2.155999999999606e-05,1.5556349186101205e-05,1,1,40,24,32,1.0,0.0,51982,7844.0,0,0,0,0,439.5412549440516
4,z,6,0.1,m1,val,2000000,0.025991,51982,0.4132379204235469,0.15089428813676642,2,0.524687264573561,9.995999999999797e-05,7.212489168102638e-05,0.0012763163200516386,0.0009209101273954833,0.004095133198332091,0.002954792300410997,0.005637633756560935,0.004067764346031048,0.0152505,2.547999999999913e-05,1.8384776310849607e-05,1,1,40,24,32,1.0,0.0,51982,7844.0,27274,0,0,0,470.8087769310223
4,z,6,0.1,normal,anqi,2000000,0.020345,40690,0.18454322567709483,0.18454322567709483,2,0.0,1.372000000000012e-05,9.899494936611753e-06,0.00893939213842664,0.006450106939558358,0.00893939213842664,0.006450106939558358,0.0,0.0,0.0165905,0.00019305999999999756,0.00013930003589374812,1,1,48,32,48,1.0,0.0,40690,7509.0,0,0,0,0,580.3629450839944
4,z,6,0.1,normal,val,2000000,0.020345,40690,0.45363829610942985,0.18454322567709483,2,0.5381901408646701,1.372000000000012e-05,9.899494936611753e-06,0.005917616978256162,0.004269782748764876,0.00893939213842664,0.006450106939558358,0.006043550320340904,0.0043606483815869235,0.01111575,0.0001278899999999995,9.227743494484412e-05,1,1,48,32,48,1.0,0.0,40690,7509.0,21899,0,0,0,594.5937757090433
4,z,7,0.0,m1,anqi,1000,1.0,1000,0.0,0.0,1,0.0,0.0,,0.0,,0.0,,0.0,,1.0,0.0,,0,2,56,24,48,1.0,0.0,1000,0.0,0,0,0,0,0.2764661458786577
4,z,7,0.0,m1,val,1000,1.0,1000,0.0,0.0,1,0.0,0.0,,0.0,,0.0,,0.0,,1.0,0.0,,0,2,56,24,48,1.0,0.0,1000,0.0,0,0,0,0,0.230482721934095
4,z,7,0.0,normal,anqi,1000,1.0,1000,0.0,0.0,1,0.0,0.0,,0.0,,0.0,,0.0,,1.0,0.0,,0,2,64,32,64,1.0,0.0,1000,0.0,0,0,0,0,0.368456854019314
4,z,7,0.0,normal,val,1000,1.0,1000,0.0,0.0,1,0.0,0.0,,0.0,,0.0,,0.0,,1.0,0.0,,0,2,64,32,64,1.0,0.0,1000,0.0,0,0,0,0,0.2745554209686816
4,z,7,0.0001,m1,anqi,17000000,0.9885768235294118,16805806,0.0,0.0,17,0.0,5.361500338098753e-05,0.00011278587860084672,0.0,0.0,0.0,0.0,0.0,0.0,0.9885768235294118,5.361500338098753e-05,0.00011278587860084672,0,2,56,24,48,1.0,0.0,16805806,0.0,0,0,0,0,5838.819774879812
4,z,7,0.0001,m1,val,17000000,0.9885768235294118,16805806,7.140634151091571e-07,0.0,17,1.4281268302183141e-06,5.361500338098753e-05,0.00011278587860084672,2.8270969737970447e-07,5.94715277389248e-07,0.0,0.0,5.654193947594089e-07,1.189430554778496e-06,0.9885761176470588,5.3722674808519215e-05,0.000113012378941956,0,2,56,24,48,1.0,0.0,16805806,0.0,24,0,0,0,6429.026855310047
4,z,7,0.0001,normal,anqi,17000000,0.9856141764705884,16755441,0.0,0.0,17,0.0,6.508623555047431e-05,0.00013691705303491675,0.0,0.0,0.0,0.0,0.0,0.0,0.9856141764705884,6.508623555047431e-05,0.00013691705303491675,0,2,64,32,64,1.0,0.0,16755441,0.0,0,0,0,0,11331.985683259874
4,z,7,0.0001,normal,val,17000000,0.9856141764705884,16755441,5.968351318255894e-07,0.0,17,1.1936702636511787e-06,6.508623555047431e-05,0.00013691705303491675,2.129242791769285e-07,4.479129047474384e-07,0.0,0.0,4.25848558353857e-07,8.958258094948768e-07,0.9856135882352942,6.513695483457131e-05,0.0001370237474051145,0,2,64,32,64,1.0,0.0,16755441,0.0,20,0,0,0,11104.532752237923
4,z,7,0.00025,m1,anqi,17000000,0.9717913529411765,16520453,0.0,0.0,17,0.0,9.03541838456107e-05,0.00019007134883261727,0.0,0.0,0.0,0.0,0.0,0.0,0.9717913529411765,9.03541838456107e-05,0.00019007134883261727,0,2,56,24,48,1.0,0.0,16520453,0.0,0,0,0,0,8187.976179898833
4,z,7,0.00025,m1,val,17000000,0.9717913529411765,16520453,3.783196984650283e-06,0.0,17,7.566393969300566e-06,9.03541838456107e-05,0.00019007134883261727,8.601876433563422e-07,1.809512505821088e-06,0.0,0.0,1.7203752867126844e-06,3.619025011642176e-06,0.9717876764705883,9.037720489157492e-05,0.00019011977648778188,0,2,56,24,48,1.0,0.0,16520453,0.0,125,0,0,0,8083.757517933118
4,z,7,0.00025,normal,anqi,17000000,0.9644960588235293,16396433,0.0,0.0,17,0.0,8.521981493430896e-05,0.00017927056039272713,0.0,0.0,0.0,0.0,0.0,0.0,0.9644960588235293,8.521981493430896e-05,0.00017927056039272713,0,2,64,32,64,1.0,0.0,16396433,0.0,0,0,0,0,10598.904755356984
4,z,7,0.00025,normal,val,17000000,0.9644960588235293,16396433,2.6529409439835298e-06,0.0,17,5.3058818879670596e-06,8.521981493430896e-05,0.00017927056039272713,7.785958829377024e-07,1.6378740127669337e-06,0.0,0.0,1.5571917658754047e-06,3.2757480255338674e-06,0.9644934999999999,8.502577699111157e-05,0.00017886237726253304,0,2,64,32,64,1.0,0.0,16396433,0.0,87,0,0,0,10137.386108495004
4,z,7,0.0005,m1,anqi,17000000,0.9445006470588235,16056511,0.0,0.0,17,0.0,0.0001033481142299238,0.00021740570978488543,0.0,0.0,0.0,0.0,0.0,0.0,0.9445006470588235,0.0001033481142299238,0.00021740570978488543,0,2,56,24,48,1.0,0.0,16056511,0.0,0,0,0,0,8995.883571004233
4,z,7,0.0005,m1,val,17000000,0.9445006470588235,16056511,1.4075405709169995e-05,0.0,17,2.815081141833999e-05,0.0001033481142299238,0.00021740570978488543,1.3844800616769534e-06,2.912427311661088e-06,0.0,0.0,2.768960123353907e-06,5.824854623322176e-06,0.9444873529411764,0.00010360072856402878,0.00021793711569409967,0,2,56,24,48,1.0,0.0,16056511,0.0,452,0,0,0,9754.449613831152
4,z,7,0.0005,normal,anqi,17000000,0.930467294117647,15817944,6.32200407023266e-08,6.32200407023266e-08,17,0.0,0.00012083814985143147,0.0002541981915518709,1.2391127977656013e-07,2.606629054715403e-07,1.2391127977656013e-07,2.606629054715403e-07,0.0,0.0,0.9304672352941177,0.00012083940802072163,0.0002542008382686455,0,2,64,32,64,1.0,0.0,15817944,1.0,0,0,0,0,11247.849897513894
4,z,7,0.0005,normal,val,18000000,0.9304758333333333,16748565,1.3523531722348237e-05,1.1941563243772802e-07,18,2.6808232179821018e-05,0.00011515012946732441,0.0002492554206148591,1.2580786741441915e-06,2.7232529441434855e-06,2.3405463957794697e-07,5.066376208583865e-07,2.4709136566679138e-06,5.348570823539787e-06,0.93046325,0.000115129392398816,0.0002492105328951727,0,2,64,32,64,1.0,0.0,16748565,2.0,449,0,0,0,11623.243660898966
4,z,7,0.00075,m1,anqi,17000000,0.9182777058823529,15610721,1.9218714351994852e-07,1.9218714351994852e-07,17,0.0,9.984644493120111e-05,0.0002100395095886527,2.0343412587482158e-07,4.279491779781062e-07,2.0343412587482158e-07,4.279491779781062e-07,0.0,0.0,0.9182775294117648,9.986997319872041e-05,0.00021008900424792303,0,2,56,24,48,1.0,0.0,15610721,3.0,0,0,0,0,8979.597721587896
4,z,7,0.00075,m1,val,17000000,0.9182777058823529,15610721,3.110059251247848e-05,3.20321138299198e-07,17,6.156054274835854e-05,9.984644493120111e-05,0.0002100395095886527,1.609092808157587e-06,3.384928372171156e-06,3.5516211877483193e-07,7.471280254728557e-07,2.9701793937031225e-06,6.248144575138264e-06,0.9182491470588235,0.00010020092180007512,0.0002107851961050842,0,2,56,24,48,1.0,0.0,15610721,5.0,961,0,0,0,9146.028518768231
4,z,7,0.00075,normal,anqi,18000000,0.8980395,16164711,2.4745388111357447e-07,2.4745388111357447e-07,18,0.0,0.00013742813386083042,0.00029747866952695645,2.2006953846052215e-07,4.7636529483070083e-07,2.2006953846052215e-07,4.7636529483070083e-07,0.0,0.0,0.8980392777777778,0.00013742992027603593,0.0002974825364238111,0,2,64,32,64,1.0,0.0,16164711,4.0,0,0,0,0,11272.493228860898
4,z,7,0.00075,normal,val,18000000,0.8980395,16164711,2.9416050043216076e-05,2.47490527306123e-07,18,5.8337119031819903e-05,0.00013742813386083042,0.00029747866952695645,2.499194142206345e-06,5.409787118742255e-06,3.327631326207358e-07,7.203032681785737e-07,4.7322439353877065e-06,1.0243474827372127e-05,0.8980130833333333,0.00013760203107114348,0.000297855089618717,0,2,64,32,64,1.0,0.0,16164711,4.0,943,0,0,0,11351.540564853902
4,z,7,0.001,m1,anqi,259000000,0.8927412316602317,231219979,2.3787325503818073e-07,2.3787325503818073e-07,259,0.0,3.65548516346574e-05,0.00030015033765647115,6.084534984747666e-08,4.995985891030521e-07,6.084534984747666e-08,4.995985891030521e-07,0.0,0.0,0.8927410193050193,3.655635731516061e-05,0.0003001627007352755,0,2,56,24,48,1.0,0.0,231219979,55.0,0,0,0,0,91578.44290606103
4,z,7,0.001,m1,val,259000000,0.8927412316602317,231219979,5.2473761794982534e-05,2.638311151699379e-07,259,0.0001044198613596252,3.65548516346574e-05,0.00030015033765647115,6.679762040442996e-07,5.484724304018187e-06,7.81391188742821e-08,6.415969937095526e-07,1.313891757383223e-06,1.0788309539977284e-05,0.8926943861003861,3.6532677840819046e-05,0.00029996826957494197,0,2,56,24,48,1.0,0.0,231219979,61.0,24144,0,0,0,94465.53538618189
4,z,7,0.001,normal,anqi,260000000,0.8669485307692308,225406618,2.8391738774496253e-07,2.8391738774496253e-07,260,0.0,4.082797528247202e-05,0.0003358833266004609,6.648745206854765e-08,5.469785465349763e-07,6.648745206854765e-08,5.469785465349763e-07,0.0,0.0,0.8669482846153846,4.0824198408533554e-05,0.0003358522550380377,0,2,64,32,64,1.0,0.0,225406618,64.0,0,0,0,0,103151.01810025769
4,z,7,0.001,normal,val,260000000,0.8669485307692308,225406618,5.253609848865381e-05,2.5730635684006884e-07,260,0.00010455758426362748,4.082797528247202e-05,0.0003358833266004609,6.976343104740597e-07,5.739293494998371e-06,7.547974656401138e-08,6.209562975258281e-07,1.385948346295705e-06,1.1401911013942967e-05,0.8669029846153846,4.081130464009893e-05,0.00033574618066613276,0,2,64,32,64,1.0,0.0,225406618,58.0,23568,0,0,0,104455.83761571371
4,z,7,0.0025,m1,anqi,124000000,0.7563476612903226,93787110,3.976932983660074e-06,3.976932983660074e-06,124,0.0,7.240788545663176e-05,0.00041137759615644137,3.908079413811273e-07,2.2203331925844945e-06,3.908079413811273e-07,2.2203331925844945e-06,0.0,0.0,0.7563446532258065,7.236888432258217e-05,0.000411156015417389,0,2,56,24,48,1.0,0.0,93787110,373.0,0,0,0,0,41270.92764434742
4,z,7,0.0025,m1,val,124000000,0.7563476612903226,93787110,0.0003418278862340298,3.912963655258972e-06,124,0.0006758298451575417,7.240788545663176e-05,0.00041137759615644137,2.8281423667872077e-06,1.6067786002864863e-05,4.0181565684472923e-07,2.282872341435939e-06,5.5831377679096425e-06,3.171999540503843e-05,0.756089120967742,7.254514267013305e-05,0.00041215740821957795,0,2,56,24,48,1.0,0.0,93787110,367.0,63384,0,0,0,41992.59319261683
4,z,7,0.0025,normal,anqi,124000000,0.7056157661290322,87496355,3.885884849382618e-06,3.885884849382618e-06,124,0.0,8.630087105834227e-05,0.0004903090962855377,3.8153176644579127e-07,2.1676316045963913e-06,3.8153176644579127e-07,2.1676316045963913e-06,0.0,0.0,0.7056130241935484,8.63025064778727e-05,0.000490318387745313,0,2,64,32,64,1.0,0.0,87496355,340.0,0,0,0,0,48049.28714899521
4,z,7,0.0025,normal,val,124000000,0.7056157661290322,87496355,0.0003453693345047672,3.988795260629702e-06,124,0.000682761078488275,8.630087105834227e-05,0.0004903090962855377,2.345808039917159e-06,1.3327455517031534e-05,4.015713535274739e-07,2.281484358473148e-06,4.737943895677147e-06,2.6918117525958423e-05,0.7053720685483872,8.640624511509279e-05,0.0004909077676303768,0,2,64,32,64,1.0,0.0,87496355,349.0,59739,0,0,0,48862.09314401599
4,z,7,0.005,m1,anqi,3000000,0.5800303333333333,1740091,2.9310045036493607e-05,2.9310045036493607e-05,3,0.0,0.00026910910236896206,0.00023781155004198797,5.176030071783985e-06,4.574054625425636e-06,5.176030071783985e-06,4.574054625425636e-06,0.0,0.0,0.5800133333333334,0.00027206215204951577,0.00024042115824810737,0,2,56,24,48,1.0,0.0,1740091,51.0,0,0,0,0,713.8375946750166
4,z,7,0.005,m1,val,3000000,0.5800303333333333,1740091,0.0013752150361751505,2.988451798628582e-05,3,0.00269066103637773,0.00026910910236896206,0.00023781155004198797,1.6544542108211338e-05,1.4620401795604462e-05,4.519509126967729e-06,3.9938874659078395e-06,3.7942363856323696e-05,3.3529643856335527e-05,0.5792326666666666,0.00026795568845937426,0.0002367922788718029,0,2,56,24,48,1.0,0.0,1740091,52.0,4682,0,0,0,726.3592801271006
4,z,7,0.005,normal,anqi,3000000,0.5116036666666667,1534811,3.7140024938618675e-05,3.7140024938618675e-05,3,0.0,0.00032005132282870866,0.0002828291592698736,5.876626928447683e-06,5.19317164142797e-06,5.876626928447683e-06,5.19317164142797e-06,0.0,0.0,0.5115846666666667,0.00032302626215906363,0.0002854581113462051,0,2,64,32,64,1.0,0.0,1534811,57.0,0,0,0,0,1092.7505423628027
4,z,7,0.005,normal,val,3000000,0.5116036666666667,1534811,0.0014597903073477654,3.7140024938618675e-05,3,0.0028453005648182935,0.00032005132282870866,0.0002828291592698736,8.294840127382525e-06,7.330145174126342e-06,5.876626928447683e-06,5.19317164142797e-06,1.558539557518602e-05,1.3772804587898649e-05,0.5108568333333333,0.0003218780788504395,0.00028444346245490944,0,2,64,32,64,1.0,0.0,1534811,57.0,4367,0,0,0,1115.965590322041
4,z,7,0.01,m1,anqi,9000000,0.35691,3212190,0.00027615647249782277,0.00027615647249782277,9,0.0,0.00021447426812763745,0.00032827694101168997,2.2310606227429088e-05,3.4148887082799624e-05,2.2310606227429088e-05,3.4148887082799624e-05,0.0,0.0,0.35681144444444446,0.00022043613615616906,0.00033740224921862614,0,2,56,24,48,1.0,0.0,3212190,887.0,0,0,0,0,2521.8130111901555
4,z,7,0.01,m1,val,9000000,0.35691,3212190,0.006024104978552563,0.0002755336283138199,9,0.011497142700477487,0.00021447426812763745,0.00032827694101168997,6.44399683045315e-05,9.863260454775229e-05,2.2175749961697345e-05,3.394247443116941e-05,0.00010778213699712235,0.00016497265866906484,0.3547599444444444,0.00022050329352821675,0.0003375050411146175,0,2,56,24,48,1.0,0.0,3212190,885.0,36931,0,0,0,2560.007535921992
4,z,7,0.01,normal,anqi,10000000,0.2902212,2902212,0.00030495248695392764,0.00030495248695392764,10,0.0,0.00033221300405613616,0.0005359947760939524,1.834432486792801e-05,2.9596861592204086e-05,1.834432486792801e-05,2.9596861592204086e-05,0.0,0.0,0.2901327,0.00033352881670870607,0.0005381177173981302,0,2,64,32,64,1.0,0.0,2902212,885.0,0,0,0,0,3078.189037363045
4,z,7,0.01,normal,val,10000000,0.2902212,2902212,0.006381863158009385,0.00030495248695392764,10,0.012153821342110915,0.00033221300405613616,0.0005359947760939524,6.844459594934364e-05,0.00011042898812747987,1.834432486792801e-05,2.9596861592204086e-05,0.00013251290789298905,0.00021379724913977012,0.28836905,0.00033143872543067384,0.000534745549563317,0,2,64,32,64,1.0,0.0,2902212,885.0,35273,0,0,0,3116.575908977189
4,z,7,0.05,m1,anqi,3000000,0.022312666666666665,66938,0.030863652960954596,0.030863652960954596,3,0.0,0.00013460569444781264,0.00011895097029168541,0.00026420775975180446,0.00023348023655310045,0.00026420775975180446,0.00023348023655310045,0.0,0.0,0.021624,0.0001253021117140498,0.00011072939989000287,0,2,56,24,48,1.0,0.0,66938,2066.0,0,0,0,0,610.2993462639861
4,z,7,0.05,m1,val,3000000,0.022312666666666665,66938,0.14218818503486072,0.03087858056208909,3,0.2226192089455433,0.00013460569444781264,0.00011895097029168541,0.0014537055204464123,0.0012846386840084407,0.00025504804804994127,0.00022538580489477888,0.0034153607010899154,0.003018152173704997,0.019140166666666666,0.00014682821814775536,0.00012975200704934642,0,2,56,24,48,1.0,0.0,66938,2067.0,14901,0,0,0,600.5963754419936
4,z,7,0.05,normal,anqi,3000000,0.013637333333333333,40912,0.037287319560708576,0.037287319560708576,3,0.0,0.0001273564369965044,0.00011254480589229097,0.002968199080627803,0.002622995721748258,0.002968199080627803,0.002622995721748258,0.0,0.0,0.013128666666666669,9.099645805072743e-05,8.041351461870913e-05,0,2,64,32,64,1.0,0.0,40912,1526.0,0,0,0,0,650.0040039160522
4,z,7,0.05,normal,val,3000000,0.013637333333333333,40912,0.15291177747375684,0.037287319560708576,3,0.23124891582609655,0.0001273564369965044,0.00011254480589229097,0.001872423189352964,0.0016546592332803542,0.002968199080627803,0.002622995721748258,0.004334591150900391,0.003830475562958128,0.011552,0.00010593674590685428,9.361623790774791e-05,0,2,64,32,64,1.0,0.0,40912,1526.0,9460,0,0,0,662.8470727050444
4,z,7,0.1,m1,anqi,2000000,0.0021555,4311,0.14271406431615652,0.14271406431615652,2,0.0,3.821999999999996e-05,2.7577164466275333e-05,0.012078186749321951,0.008714865056003118,0.012078186749321951,0.008714865056003118,0.0,0.0,0.0018479999999999998,5.880000000000004e-05,4.242640687119288e-05,0,2,56,24,48,1.0,0.0,4311,615.0,0,0,0,0,342.0678169360617
4,z,7,0.1,m1,val,2000000,0.0021555,4311,0.3861568513496061,0.14248417925868528,2,0.48734534418184167,3.821999999999996e-05,2.7577164466275333e-05,0.011166279219940574,0.008056889548002462,0.012528761461965654,0.009039971622065915,0.002724964484050074,0.001966164148126846,0.00132325,4.7529999999999926e-05,3.4294678887547504e-05,0,2,56,24,48,1.0,0.0,4311,614.0,2101,0,0,0,358.72093549894635
4,z,7,0.1,normal,anqi,2000000,0.0012829999999999999,2566,0.17190337465711186,0.17190337465711186,2,0.0,2.351999999999983e-05,1.6970562748477017e-05,0.00849818189550684,0.006131757189866974,0.00849818189550684,0.006131757189866974,0.0,0.0,0.0010625,3.0380000000000095e-05,2.1920310216783044e-05,0,2,64,32,64,1.0,0.0,2566,441.0,0,0,0,0,412.49802973889746
4,z,7,0.1,normal,val,2000000,0.0012829999999999999,2566,0.42021498288217407,0.17228947504321226,2,0.49585101567792367,2.351999999999983e-05,1.6970562748477017e-05,0.018648903821209085,0.01345588403435986,0.007741425138750067,0.0055857287874063076,0.05278065791991837,0.03808322564353239,0.00074375,1.028999999999993e-05,7.424621202458699e-06,0,2,64,32,64,1.0,0.0,2566,442.0,1273,0,0,0,391.71903659403324
4,z,8,0.0,m1,anqi,1000,1.0,1000,0.0,0.0,1,0.0,0.0,,0.0,,0.0,,0.0,,1.0,0.0,,3,-1,8,8,0,1.0,0.0,1000,0.0,0,0,0,0,0.0655378578230738
4,z,8,0.0,m1,val,1000,1.0,1000,0.0,0.0,1,0.0,0.0,,0.0,,0.0,,0.0,,1.0,0.0,,3,-1,8,8,0,1.0,0.0,1000,0.0,0,0,0,0,0.0588974750135093
4,z,8,0.0,normal,anqi,1000,1.0,1000,0.0,0.0,1,0.0,0.0,,0.0,,0.0,,0.0,,1.0,0.0,,3,-1,16,16,16,1.0,0.0,1000,0.0,0,0,0,0,0.4749582591466605
4,z,8,0.0,normal,val,1000,1.0,1000,0.0,0.0,1,0.0,0.0,,0.0,,0.0,,0.0,,1.0,0.0,,3,-1,16,16,16,1.0,0.0,1000,0.0,0,0,0,0,0.3104166470002383
4,z,8,0.005,m1,anqi,3000000,1.0,3000000,0.0,0.0,3,0.0,0.0,0.0,0.0,0.0,0.0,0.0,0.0,0.0,1.0,0.0,0.0,3,-1,8,8,0,1.0,0.0,3000000,0.0,0,0,0,0,9.368970220908523
4,z,8,0.005,m1,val,3000000,1.0,3000000,2.6666666666666664e-06,0.0,3,5.333333333333333e-06,0.0,0.0,6.533333333333335e-07,5.773502691896259e-07,0.0,0.0,1.306666666666667e-06,1.1547005383792518e-06,0.9999973333333334,6.533333333339867e-07,5.773502691902031e-07,3,-1,8,8,0,1.0,0.0,3000000,0.0,16,0,0,0,10.832033921964467
4,z,8,0.005,normal,anqi,4000000,1.0,4000000,2.5e-07,2.5e-07,4,0.0,0.0,0.0,4.9e-07,5e-07,4.9e-07,5e-07,0.0,0.0,0.99999975,4.900000000140903e-07,5.000000000143778e-07,3,-1,16,16,16,1.0,0.0,4000000,1.0,0,0,0,0,434.5993775558891
4,z,8,0.005,normal,val,4000000,1.0,4000000,1.3e-05,5e-07,4,2.4999999999999998e-05,0.0,0.0,1.6974097914174999e-06,1.7320508075688776e-06,9.8e-07,1e-06,2.771858582251267e-06,2.8284271247461907e-06,0.999987,1.697409791405238e-06,1.7320508075563654e-06,3,-1,16,16,16,1.0,0.0,4000000,2.0,100,0,0,0,429.8940685300622
4,z,8,0.01,m1,anqi,10000000,1.0,10000000,2.3e-06,2.3e-06,10,0.0,0.0,0.0,1.0554923021983628e-06,1.7029386365926402e-06,1.0554923021983628e-06,1.7029386365926402e-06,0.0,0.0,0.9999977,1.055492302208072e-06,1.702938636608305e-06,3,-1,8,8,0,1.0,0.0,10000000,23.0,0,0,0,0,52.69022232305724
4,z,8,0.01,m1,val,10000000,1.0,10000000,4.66e-05,2.3e-06,10,8.86e-05,0.0,0.0,2.049426586470793e-06,3.3065591380365965e-06,9.262598627455111e-07,1.4944341180973261e-06,3.922177173175351e-06,6.328067986711621e-06,0.9999534000000001,2.0494265864720166e-06,3.3065591380385705e-06,3,-1,8,8,0,1.0,0.0,10000000,23.0,886,0,0,0,53.26666826487053
4,z,8,0.01,normal,anqi,10000000,1.0,10000000,1.19e-05,1.19e-05,10,0.0,0.0,0.0,2.0337459690597212e-06,3.281259920619923e-06,2.0337459690597212e-06,3.281259920619923e-06,0.0,0.0,0.9999881,2.0337459690739327e-06,3.281259920642852e-06,3,-1,16,16,16,1.0,0.0,10000000,119.0,0,0,0,0,1597.6763287448557
4,z,8,0.01,normal,val,10000000,1.0,10000000,0.00017465,1.1799999999999999e-05,10,0.0003257,0.0,0.0,5.86737348014898e-06,9.466461265377304e-06,1.9988156493283715e-06,3.2249030993194197e-06,1.0611589555240477e-05,1.7120812545618916e-05,0.9998253500000001,5.8673734801457255e-06,9.466461265372054e-06,3,-1,16,16,16,1.0,0.0,10000000,118.0,3257,0,0,0,1626.8298891497543
4,z,8,0.05,m1,anqi,3000000,1.0,3000000,0.003313,0.003313,3,0.0,0.0,0.0,1.821148355662796e-05,1.6093476939431013e-05,1.821148355662796e-05,1.6093476939431013e-05,0.0,0.0,0.996687,1.8211483556608196e-05,1.6093476939413547e-05,3,-1,8,8,0,1.0,0.0,3000000,9939.0,0,0,0,0,54.22373072197661
4,z,8,0.05,m1,val,3000000,1.0,3000000,0.013560000000000001,0.003312666666666667,3,0.020494666666666665,0.0,0.0,7.652162308785682e-05,6.762211176826716e-05,1.8845014666425084e-05,1.665332799572903e-05,0.00018873193170326142,0.00016678229322483068,0.98644,7.652162308785576e-05,6.762211176826623e-05,3,-1,8,8,0,1.0,0.0,3000000,9938.0,61484,0,0,0,57.2664310389664
4,z,8,0.05,normal,anqi,3000000,1.0,3000000,0.011756333333333334,0.011756333333333334,3,0.0,0.0,0.0,0.0001128906310451753,9.976138197385512e-05,0.0001128906310451753,9.976138197385512e-05,0.0,0.0,0.9882436666666666,0.00011289063104516679,9.97613819738476e-05,3,-1,16,16,16,1.0,0.0,3000000,35269.0,0,0,0,0,1017.4088240070269
4,z,8,0.05,normal,val,3000000,1.0,3000000,0.03682383333333333,0.011756666666666667,3,0.050134333333333336,0.0,0.0,0.00016999948012992182,0.0001502284371659798,0.00011271467537301656,9.960589005341692e-05,0.00011488082249783413,0.00010152011294977063,0.9631761666666666,0.0001699994801299076,0.00015022843716596722,3,-1,16,16,16,1.0,0.0,3000000,35270.0,150403,0,0,0,990.5981892819982
4,z,8,0.1,m1,anqi,2000000,1.0,2000000,0.038374500000000006,0.038374500000000006,2,0.0,0.0,0.0,7.34999999999953e-05,5.3033008588987674e-05,7.34999999999953e-05,5.3033008588987674e-05,0.0,0.0,0.9616255,7.35000000000463e-05,5.3033008589024476e-05,3,-1,8,8,0,1.0,0.0,2000000,76749.0,0,0,0,0,61.90288949990645
4,z,8,0.1,m1,val,2000000,1.0,2000000,0.09177925,0.038375,2,0.1068085,0.0,0.0,0.000240589999999989,0.0001735947147812895,7.252000000000453e-05,5.232590180780778e-05,0.0003361400000000098,0.00024253762594699286,0.9082207499999999,0.00024058999999995495,0.00017359471478126494,3,-1,8,8,0,1.0,0.0,2000000,76750.0,213617,0,0,0,55.08800479595084
4,z,8,0.1,normal,anqi,2000000,1.0,2000000,0.0913485,0.0913485,2,0.0,0.0,0.0,0.00039689999999998894,0.0002863782463805438,0.00039689999999998894,0.0002863782463805438,0.0,0.0,0.9086515,0.00039690000000004326,0.000286378246380583,3,-1,16,16,16,1.0,0.0,2000000,182697.0,0,0,0,0,705.7235439548967
4,z,8,0.1,normal,val,2000000,1.0,2000000,0.17832525,0.09134800000000001,2,0.1739545,0.0,0.0,0.00046305000000002787,0.00033410795411066384,0.0003959199999999947,0.0002856711395993614,0.00013425999999999827,9.687362902255577e-05,0.8216747499999999,0.0004630499999999326,0.0003341079541105951,3,-1,16,16,16,1.0,0.0,2000000,182696.0,347909,0,0,0,723.3649338218383
4,z,9,0.0,m1,anqi,1000,1.0,1000,0.0,0.0,1,0.0,0.0,,0.0,,0.0,,0.0,,1.0,0.0,,0,2,56,40,48,1.0,0.0,1000,0.0,0,0,0,0,0.169241770170629
4,z,9,0.0,m1,val,1000,1.0,1000,0.0,0.0,1,0.0,0.0,,0.0,,0.0,,0.0,,1.0,0.0,,0,2,56,40,48,1.0,0.0,1000,0.0,0,0,0,0,0.2365930760279297
4,z,9,0.0,normal,anqi,1000,1.0,1000,0.0,0.0,1,0.0,0.0,,0.0,,0.0,,0.0,,1.0,0.0,,0,2,64,48,64,1.0,0.0,1000,0.0,0,0,0,0,0.4200620281044394
4,z,9,0.0,normal,val,1000,1.0,1000,0.0,0.0,1,0.0,0.0,,0.0,,0.0,,0.0,,1.0,0.0,,0,2,64,48,64,1.0,0.0,1000,0.0,0,0,0,0,0.2708270328585058
4,z,9,0.01,m1,anqi,9000000,0.31982333333333335,2878410,0.010126495820759666,0.010126495820759666,9,0.0,0.0003419824016264761,0.0005234424514690961,0.00010001616416506561,0.0001530859655587739,0.00010001616416506561,0.0001530859655587739,0.0,0.0,0.3165846666666667,0.00035014948807616386,0.0005359430939941283,0,2,56,40,48,1.0,0.0,2878410,29148.0,0,0,0,0,2125.886567765847
4,z,9,0.01,m1,val,9000000,0.31982333333333335,2878410,0.1246848254312502,0.010126497079022552,9,0.22911665670445533,0.0003419824016264761,0.0005234424514690961,0.00036501724558506425,0.0005586998656914249,0.00010021861347951654,0.00015339583695844368,0.0005964717101518562,0.0009129669032936574,0.27994622222222226,0.000323554185841109,0.0004952359987363913,0,2,56,40,48,1.0,0.0,2878410,29148.0,659492,0,0,0,2173.4765205350704
4,z,9,0.01,normal,anqi,10000000,0.24765829999999997,2476583,0.02002894382680908,0.02002894382680908,10,0.0,0.0003116654816975676,0.000502843260315222,0.00020345785863407529,0.00032826032711440433,0.00020345785863407529,0.00032826032711440433,0.0,0.0,0.24269790000000002,0.0002866497971129393,0.0004624827804602277,0,2,64,48,64,1.0,0.0,2476583,49604.0,0,0,0,0,2829.3785510098096
4,z,9,0.01,normal,val,10000000,0.24765829999999997,2476583,0.14146664726126257,0.020027731969248043,10,0.24287783058402904,0.0003116654816975676,0.000502843260315222,0.00040010113200979864,0.0006455259548789113,0.00020321970796358547,0.0003278760931628513,0.0005453789956969191,0.0008799182726619562,0.21262284999999997,0.0002652701911309837,0.00042798877516433975,0,2,64,48,64,1.0,0.0,2476583,49601.0,601507,0,0,0,2871.2766916390974
4,z,9,0.05,m1,anqi,3000000,0.011912,35736,0.046871361059464246,0.046871361059464246,3,0.0,0.0001769218946315013,0.00015634577064954473,0.0010635377776999667,0.0009398476871149166,0.0010635377776999667,0.0009398476871149166,0.0,0.0,0.011353666666666666,0.00016885728306603842,0.00014921907831551957,0,2,56,40,48,1.0,0.0,35736,1675.0,0,0,0,0,485.7918140409747
4,z,9,0.05,m1,val,3000000,0.011912,35736,0.4619480910767004,0.046871361059464246,3,0.8301534600344723,0.0001769218946315013,0.00015634577064954473,0.002210063538138491,0.0019530318040873998,0.0010635377776999667,0.0009398476871149166,0.002482169503541515,0.002193491680169347,0.006409333333333334,0.000105829917215208,9.352183345793289e-05,0,2,56,40,48,1.0,0.0,35736,1675.0,29666,0,0,0,480.0358661010396
4,z,9,0.05,normal,anqi,3000000,0.005703,17109,0.06108504571994757,0.06108504571994757,3,0.0,4.963613737322191e-05,4.386342439892283e-05,0.0029098982667808584,0.00257147532802095,0.0029098982667808584,0.00257147532802095,0.0,0.0,0.005354666666666667,5.628913137641331e-05,4.9742671151973115e-05,0,2,64,48,64,1.0,0.0,17109,1045.0,0,0,0,0,637.2800101928879
4,z,9,0.05,normal,val,3000000,0.005703,17109,0.4786179660080712,0.06108504571994757,3,0.8350658405762474,4.963613737322191e-05,4.386342439892283e-05,0.0031030396025002135,0.0027421542088921953,0.0029098982667808584,0.00257147532802095,0.0020344776577546635,0.0017978666684157155,0.0029735,4.06788544578137e-05,3.594787893603727e-05,0,2,64,48,64,1.0,0.0,17109,1045.0,14287,0,0,0,642.1566465770593
4,z,9,0.1,m1,anqi,2000000,0.0011445000000000001,2289,0.018366201699535033,0.018366201699535033,2,0.0,2.057999999999986e-05,1.4849242404917399e-05,0.00375533108866442,0.0027096123248931342,0.00375533108866442,0.0027096123248931342,0.0,0.0,0.0011235,2.4500000000000165e-05,1.767766952966381e-05,0,2,56,40,48,1.0,0.0,2289,42.0,0,0,0,0,324.80396789801307
4,z,9,0.1,m1,val,2000000,0.0011445000000000001,2289,0.5013307679974347,0.018799102132435463,2,0.9650633317299984,2.057999999999986e-05,1.4849242404917399e-05,0.004305274971941647,0.003106417477074145,0.0029068462401795705,0.0020973986615281572,0.0027968574635240896,0.0020180376310919295,0.0005707500000000001,1.5189999999999944e-05,1.0960155108391446e-05,0,2,56,40,48,1.0,0.0,2289,43.0,2209,0,0,0,338.7862786100013
4,z,9,0.1,normal,anqi,2000000,0.000722,1444,0.021908419725278426,0.021908419725278426,2,0.0,8.427999999999992e-05,6.081118318204303e-05,0.00830132740381376,0.0059897192858024756,0.00830132740381376,0.0059897192858024756,0.0,0.0,0.000706,7.644000000000009e-05,5.515432893255078e-05,0,2,64,48,64,1.0,0.0,1444,32.0,0,0,0,0,402.80056242190767
4,z,9,0.1,normal,val,2000000,0.000722,1444,0.49893249395978323,0.021908419725278426,2,0.9540481484690095,8.427999999999992e-05,6.081118318204303e-05,0.012340677851896726,0.008904262238280421,0.00830132740381376,0.0059897192858024756,0.00807870089616605,0.005829085904955973,0.0003615,3.331999999999996e-05,2.4041630560342587e-05,0,2,64,48,64,1.0,0.0,1444,32.0,1378,0,0,0,399.5754862469621
4,z,10,0.0,m1,anqi,1000,1.0,1000,0.0,0.0,1,0.0,0.0,,0.0,,0.0,,0.0,,1.0,0.0,,1,1,40,24,32,1.0,0.0,1000,0.0,0,0,0,0,0.1755962779279798
4,z,10,0.0,m1,val,1000,1.0,1000,0.0,0.0,1,0.0,0.0,,0.0,,0.0,,0.0,,1.0,0.0,,1,1,40,24,32,1.0,0.0,1000,0.0,0,0,0,0,0.1894771088846027
4,z,10,0.0,normal,anqi,1000,1.0,1000,0.0,0.0,1,0.0,0.0,,0.0,,0.0,,0.0,,1.0,0.0,,1,1,48,32,48,1.0,0.0,1000,0.0,0,0,0,0,0.2584353678394109
4,z,10,0.0,normal,val,1000,1.0,1000,0.0,0.0,1,0.0,0.0,,0.0,,0.0,,0.0,,1.0,0.0,,1,1,48,32,48,1.0,0.0,1000,0.0,0,0,0,0,0.2842651130631566
4,z,10,0.001,m1,anqi,243000000,0.920177049382716,223603023,7.021293682679357e-07,7.021293682679357e-07,243,0.0,3.4331327169613016e-05,0.00027304715639865103,1.1504181308430392e-07,9.149614220978101e-07,1.1504181308430392e-07,9.149614220978101e-07,0.0,0.0,0.9201764032921811,3.432839770493674e-05,0.0002730238575032814,1,1,40,24,32,1.0,0.0,223603023,157.0,0,0,0,0,16640.218851669175
4,z,10,0.001,m1,val,244000000,0.9201764098360655,224523044,8.190033247220219e-05,7.259854848203215e-07,244,0.00016234869397476376,3.4213306363624146e-05,0.00027266782136550055,8.797133199309004e-07,7.01100068559294e-06,1.2739559041123572e-07,1.015297315021725e-06,1.7111222117246687e-06,1.3637032346489052e-05,0.9201010471311476,3.424086833846409e-05,0.00027288748045229755,1,1,40,24,32,1.0,0.0,224523044,163.0,36451,0,0,0,16843.452177470805
4,z,10,0.001,normal,anqi,244000000,0.8929940532786885,217890549,1.2162151936160247e-06,1.2162151936160247e-06,244,0.0,3.684113466091406e-05,0.0002936106735157525,1.4400136918462794e-07,1.1476394357187293e-06,1.4400136918462794e-07,1.1476394357187293e-06,0.0,0.0,0.8929929672131148,3.684413431983518e-05,0.00029363457972505504,1,1,48,32,48,1.0,0.0,217890549,265.0,0,0,0,0,94358.67577499684
4,z,10,0.001,normal,val,244000000,0.8929940532786885,217890549,0.00011192309131026293,1.2345777812321133e-06,244,0.00022137702705806163,3.684113466091406e-05,0.0002936106735157525,9.350322325298435e-07,7.451872643957638e-06,1.557243778302887e-07,1.241067623958957e-06,1.8694748134449712e-06,1.4899045975330855e-05,0.8928941065573771,3.6821055721959936e-05,0.000293450651549978,1,1,48,32,48,1.0,0.0,217890549,269.0,48236,0,0,0,95608.16300358667
4,z,10,0.0025,m1,anqi,124000000,0.8137472419354839,100904658,8.92926724979107e-06,8.92926724979107e-06,124,0.0,6.354768795862843e-05,0.0003610393391390754,5.673928511638799e-07,3.2235813228926217e-06,5.673928511638799e-07,3.2235813228926217e-06,0.0,0.0,0.8137399758064516,6.356381004895413e-05,0.0003611309350574119,1,1,40,24,32,1.0,0.0,100904658,901.0,0,0,0,0,13822.769182844786
4,z,10,0.0025,m1,val,124000000,0.8137472419354839,100904658,0.0005140503973044541,9.077889833587915e-06,124,0.0010099450149417325,6.354768795862843e-05,0.0003610393391390754,2.9090062746597685e-06,1.6527205578877123e-05,5.757534852347823e-07,3.271081364148369e-06,5.82340500428182e-06,3.308504780935339e-05,0.813328935483871,6.381489397201228e-05,0.00036255744130116977,1,1,40,24,32,1.0,0.0,100904658,916.0,101908,0,0,0,14063.61186299147
4,z,10,0.0025,normal,anqi,124000000,0.7561244193548388,93759428,1.902745168411471e-05,1.902745168411471e-05,124,0.0,7.809680724345885e-05,0.00044369859206217925,9.215083825733201e-07,5.2354505434090466e-06,9.215083825733201e-07,5.2354505434090466e-06,0.0,0.0,0.7561100322580645,7.810569477493364e-05,0.0004437490856142394,1,1,48,32,48,1.0,0.0,93759428,1784.0,0,0,0,0,50979.76956178085
4,z,10,0.0025,normal,val,124000000,0.7561244193548388,93759428,0.0007182254825275947,1.89848271959855e-05,124,0.0013984813106632185,7.809680724345885e-05,0.00044369859206217925,4.1379917715996594e-06,2.3509554203669848e-05,9.241514441286369e-07,5.250466812731964e-06,7.937062329346524e-06,4.5093564064179815e-05,0.7555813508064516,7.788493168860277e-05,0.0004424948439359727,1,1,48,32,48,1.0,0.0,93759428,1780.0,131121,0,0,0,51852.67125754873
4,z,10,0.005,m1,anqi,3000000,0.666335,1999005,6.903188482043942e-05,6.903188482043942e-05,3,0.0,0.0006952955542309768,0.000614432258267762,1.4782637849178539e-05,1.3063408073810173e-05,1.4782637849178539e-05,1.3063408073810173e-05,0.0,0.0,0.666289,0.0006922889065508156,0.0006117752855419975,1,1,40,24,32,1.0,0.0,1999005,138.0,0,0,0,0,228.93981136509683
4,z,10,0.005,m1,val,3000000,0.666335,1999005,0.002137797735406746,6.903188482043942e-05,3,0.004137531701172613,0.0006952955542309768,0.000614432258267762,3.657013814666149e-05,3.231700883154614e-05,1.4782637849178539e-05,1.3063408073810173e-05,5.176750025698642e-05,4.57469084826201e-05,0.6649105,0.0006745447567063796,0.0005960947911197125,1,1,40,24,32,1.0,0.0,1999005,138.0,8271,0,0,0,222.70938880497124
4,z,10,0.005,normal,anqi,3000000,0.5782453333333333,1734736,0.0001498761597080783,0.0001498761597080783,3,0.0,0.00017829656991779347,0.00015756057036371172,2.2646116766170934e-05,2.001235960874768e-05,2.2646116766170934e-05,2.001235960874768e-05,0.0,0.0,0.5781586666666666,0.00016932680879820834,0.00014963399791938654,1,1,48,32,48,1.0,0.0,1734736,260.0,0,0,0,0,1168.9013236599276
4,z,10,0.005,normal,val,3000000,0.5782453333333333,1734736,0.002968175620931974,0.0001492995322636104,3,0.005637752177336727,0.00017829656991779347,0.00015756057036371172,2.7864701742099562e-05,2.4624019977076247e-05,2.3145938441649232e-05,2.0454051719284733e-05,4.811153995681774e-05,4.251613858958596e-05,0.576529,0.00018076241017792909,0.00015973963190141772,1,1,48,32,48,1.0,0.0,1734736,259.0,9780,0,0,0,1175.068132734159
4,z,10,0.01,m1,anqi,9000000,0.4559661111111111,4103695,0.0006157606457013875,0.0006157606457013875,9,0.0,0.0004988661466927335,0.0007635706326929595,1.8903352258007846e-05,2.8933702435726297e-05,1.8903352258007846e-05,2.8933702435726297e-05,0.0,0.0,0.4556853333333334,0.0004934368933646143,0.0007552605510682873,1,1,40,24,32,1.0,0.0,4103695,2527.0,0,0,0,0,1931.9056124478811
4,z,10,0.01,m1,val,9000000,0.4559661111111111,4103695,0.008913096007226501,0.0006157610639393539,9,0.016594669886574296,0.0004988661466927335,0.0007635706326929595,7.066612940547034e-05,0.00010816244296755665,1.8541079036136252e-05,2.8379202606330998e-05,0.00010678937202944045,0.00016345312045322518,0.45190199999999997,0.0004770175376580312,0.000730128884170456,1,1,40,24,32,1.0,0.0,4103695,2527.0,68100,0,0,0,1954.2325906879269
4,z,10,0.01,normal,anqi,9000000,0.3514438888888889,3162995,0.0013260185688946373,0.0013260185688946373,9,0.0,0.0004502992406592147,0.0006892335316212471,5.81719858115119e-05,8.903875379313046e-05,5.81719858115119e-05,8.903875379313046e-05,0.0,0.0,0.35097788888888887,0.000457991727926811,0.0007010077468267515,1,1,48,32,48,1.0,0.0,3162995,4194.0,0,0,0,0,2897.6822769130813
4,z,10,0.01,normal,val,9000000,0.3514438888888889,3162995,0.012752102720506149,0.0013260190047235036,9,0.02285216743156529,0.0004502992406592147,0.0006892335316212471,0.000131589506396977,0.0002014125097912913,5.855520912949008e-05,8.962532009615829e-05,0.00017406423277500674,0.000266424846084194,0.3469622777777778,0.0004606984270983228,0.0007051506537219227,1,1,48,32,48,1.0,0.0,3162995,4194.0,72281,0,0,0,2926.534332094947
4,z,10,0.05,m1,anqi,3000000,0.056694999999999995,170085,0.051543271913215644,0.051543271913215644,3,0.0,0.00018636841506364018,0.00016469365500832128,0.001730147104145643,0.0015289299433410284,0.001730147104145643,0.0015289299433410284,0.0,0.0,0.05377266666666666,0.0001507898428645355,0.000133252892401379,1,1,40,24,32,1.0,0.0,170085,8767.0,0,0,0,0,525.82011242304
4,z,10,0.05,m1,val,3000000,0.056694999999999995,170085,0.2177605593549258,0.051549161923169766,3,0.33242279486351217,0.00018636841506364018,0.00016469365500832128,0.0007428654899272939,0.0006564697815018464,0.001735263391146185,0.001533451203050744,0.0023769026727886574,0.0021004674458756207,0.044349,0.00010919123469094206,9.64922276662699e-05,1,1,40,24,32,1.0,0.0,170085,8768.0,56540,0,0,0,546.3245070170378
4,z,10,0.05,normal,anqi,3000000,0.03415133333333333,102454,0.09446153584507971,0.09446153584507971,3,0.0,0.00014365758610127003,0.00012695012143882666,0.0012309999086216506,0.001087833870329257,0.0012309999086216506,0.001087833870329257,0.0,0.0,0.030925333333333332,0.00013103365131819037,0.00011579435795120935,1,1,48,32,48,1.0,0.0,102454,9678.0,0,0,0,0,896.8697954288218
4,z,10,0.05,normal,val,3000000,0.03415133333333333,102454,0.2816911703734371,0.09446153584507971,3,0.37445926905671484,0.00014365758610127003,0.00012695012143882666,0.0005437630085730394,0.00048052303985970154,0.0012309999086216506,0.001087833870329257,0.0021326467727783207,0.0018846186556376785,0.02453116666666667,8.628515232130717e-05,7.625013661189984e-05,1,1,48,32,48,1.0,0.0,102454,9678.0,38365,0,0,0,873.3052217420191
4,z,10,0.1,m1,anqi,2000000,0.022033,44066,0.1113070234339246,0.1113070234339246,2,0.0,0.00012936000000000016,9.33380951166244e-05,0.0021486553555388516,0.0015503354819737902,0.0021486553555388516,0.0015503354819737902,0.0,0.0,0.0195805,6.761999999999963e-05,4.879036790187151e-05,1,1,40,24,32,1.0,0.0,44066,4905.0,0,0,0,0,333.93423591693863
4,z,10,0.1,m1,val,2000000,0.022033,44066,0.4403852260131452,0.11132978484877414,2,0.6581108823287423,0.00012936000000000016,9.33380951166244e-05,0.00022821371747201168,0.00016466476243290852,0.0021040429824337337,0.001518145980394756,0.004664513399811381,0.0033656214856552505,0.01233,7.742000000000178e-05,5.586143571373854e-05,1,1,40,24,32,1.0,0.0,44066,4906.0,29000,0,0,0,350.47586876992136
4,z,10,0.1,normal,anqi,2000000,0.017786000000000003,35572,0.13395253749259678,0.13395253749259678,2,0.0,2.3520000000001418e-05,1.6970562748478166e-05,0.003294132256728579,0.002376840058018493,0.003294132256728579,0.002376840058018493,0.0,0.0,0.0154035,3.821999999999827e-05,2.7577164466274106e-05,1,1,48,32,48,1.0,0.0,35572,4765.0,0,0,0,0,549.9745120950975
4,z,10,0.1,normal,val,2000000,0.017786000000000003,35572,0.46826017397165265,0.13398066847042955,2,0.6685590110024462,2.3520000000001418e-05,1.6970562748478166e-05,0.004009137563712259,0.0028927432224598497,0.0032389955401763,0.002337056847644537,0.0015402840470720267,0.0011113727496307037,0.0094575,5.8799999999998454e-05,4.242640687119174e-05,1,1,48,32,48,1.0,0.0,35572,4766.0,23782,0,0,0,574.7871665820712
4,z,11,0.0,m1,anqi,1000,1.0,1000,0.0,0.0,1,0.0,0.0,,0.0,,0.0,,0.0,,1.0,0.0,,0,2,56,24,48,1.0,0.0,1000,0.0,0,0,0,0,0.1668240148574113
4,z,11,0.0,m1,val,1000,1.0,1000,0.0,0.0,1,0.0,0.0,,0.0,,0.0,,0.0,,1.0,0.0,,0,2,56,24,48,1.0,0.0,1000,0.0,0,0,0,0,0.1864936070051044
4,z,11,0.0,normal,anqi,1000,1.0,1000,0.0,0.0,1,0.0,0.0,,0.0,,0.0,,0.0,,1.0,0.0,,0,2,64,32,64,1.0,0.0,1000,0.0,0,0,0,0,0.2292745469603687
4,z,11,0.0,normal,val,1000,1.0,1000,0.0,0.0,1,0.0,0.0,,0.0,,0.0,,0.0,,1.0,0.0,,0,2,64,32,64,1.0,0.0,1000,0.0,0,0,0,0,0.3950712319929153
4,z,11,0.001,m1,anqi,244000000,0.8921282909836066,217679303,8.729934585827809e-08,8.729934585827809e-08,244,0.0,3.742710981511038e-05,0.00029828068602407,3.98693556749549e-08,3.1774451248869756e-07,3.98693556749549e-08,3.1774451248869756e-07,0.0,0.0,0.8921282131147541,3.743215968162377e-05,0.0002983209316549879,0,2,56,24,48,1.0,0.0,217679303,19.0,0,0,0,0,61909.974383703506
4,z,11,0.001,m1,val,244000000,0.8921282909836066,217679303,3.511120120951275e-05,7.35149102150979e-08,244,7.007537259859531e-05,3.742710981511038e-05,0.00029828068602407,5.755169669955755e-07,4.586664494853035e-06,4.323065338534536e-08,3.4453285366543517e-07,1.142679042009265e-06,9.106743487263456e-06,0.8920969672131147,3.740120738212278e-05,0.0002980742528925939,0,2,56,24,48,1.0,0.0,217679303,16.0,15254,0,0,0,63681.672876283934
4,z,11,0.001,normal,anqi,244000000,0.8657998360655738,211255160,1.0414089826092663e-07,1.0414089826092663e-07,244,0.0,4.482021271411941e-05,0.00035720107329032495,4.159483832506271e-08,3.314959923956232e-07,4.159483832506271e-08,3.314959923956232e-07,0.0,0.0,0.8657997459016393,4.4820600708484895e-05,0.0003572041654667201,0,2,64,32,64,1.0,0.0,211255160,22.0,0,0,0,0,91028.93536078387
4,z,11,0.001,normal,val,244000000,0.8657998360655738,211255160,3.5485453663784094e-05,1.3727939446583434e-07,244,7.069634853863653e-05,4.482021271411941e-05,0.00035720107329032495,5.882339700009222e-07,4.688014462813252e-06,6.135943815222864e-08,4.890127876961818e-07,1.1583357322689611e-06,9.231521711780358e-06,0.865769112704918,4.4802963414482295e-05,0.00035706360253838574,0,2,64,32,64,1.0,0.0,211255160,29.0,14935,0,0,0,92610.32574420719
4,z,11,0.0025,m1,anqi,124000000,0.7530741370967742,93381193,1.6383531835738379e-06,1.6383531835738379e-06,124,0.0,6.810948119538163e-05,0.00038695667568417076,2.633720776124883e-07,1.4963200692809335e-06,2.633720776124883e-07,1.4963200692809335e-06,0.0,0.0,0.7530729032258064,6.80856357317514e-05,0.00038682120025293037,0,2,56,24,48,1.0,0.0,93381193,153.0,0,0,0,0,35965.10385663388
4,z,11,0.0025,m1,val,124000000,0.7530741370967742,93381193,0.0002264165548210419,1.7025735447332353e-06,124,0.0004494279625526174,6.810948119538163e-05,0.00038695667568417076,1.9176564255283572e-06,1.0894958271641623e-05,2.8515897351729247e-07,1.6200999698885417e-06,3.8098679589881628e-06,2.16453541317778e-05,0.752903629032258,6.824296943013491e-05,0.00038771507470082014,0,2,56,24,48,1.0,0.0,93381193,159.0,41968,0,0,0,36831.548837397015
4,z,11,0.0025,normal,anqi,124000000,0.6998956532258064,86787061,1.7742814453632624e-06,1.7742814453632624e-06,124,0.0,8.50492187992166e-05,0.0004831979688947054,2.8201549777476124e-07,1.6022406513021274e-06,2.8201549777476124e-07,1.6022406513021274e-06,0.0,0.0,0.6998944112903226,8.501753043402487e-05,0.00048301793486365353,0,2,64,32,64,1.0,0.0,86787061,154.0,0,0,0,0,46134.276914888294
4,z,11,0.0025,normal,val,124000000,0.6998956532258064,86787061,0.00022737265307039148,1.7166559237794013e-06,124,0.0004513119942932242,8.50492187992166e-05,0.0004831979688947054,2.2661508195448116e-06,1.2874891605979234e-05,3.041294369664442e-07,1.7278786130911503e-06,4.486255406579845e-06,2.548817650541711e-05,0.6997365161290323,8.505365560525402e-05,0.0004832231761299502,0,2,64,32,64,1.0,0.0,86787061,149.0,39168,0,0,0,47221.69661019079
4,z,11,0.005,m1,anqi,3000000,0.570271,1710813,1.2273678228649697e-05,1.2273678228649697e-05,3,0.0,0.0005274269804753218,0.0004660869017683141,3.427617097606063e-06,3.0289831438497313e-06,3.427617097606063e-06,3.0289831438497313e-06,0.0,0.0,0.570264,0.0005260157036945761,0.0004648397573357663,0,2,56,24,48,1.0,0.0,1710813,21.0,0,0,0,0,329.1319303389173
4,z,11,0.005,m1,val,3000000,0.570271,1710813,0.000897222510256021,1.2273678228649697e-05,3,0.0017698976640547423,0.0005274269804753218,0.0004660869017683141,2.7070833134804706e-05,2.3922478771786128e-05,3.427617097606063e-06,3.0289831438497313e-06,4.7673827448380365e-05,4.2129332312176796e-05,0.5697593333333333,0.0005131091125459775,0.0004534342105899032,0,2,56,24,48,1.0,0.0,1710813,21.0,3028,0,0,0,335.45261365605984
4,z,11,0.005,normal,anqi,3000000,0.495266,1485798,1.3460237208556884e-05,1.3460237208556884e-05,3,0.0,0.00038163335773137863,0.000337249166047886,8.019479294069207e-06,7.086808973252274e-06,8.019479294069207e-06,7.086808973252274e-06,0.0,0.0,0.49525933333333333,0.0003809773720897941,0.0003366694719355084,0,2,64,32,64,1.0,0.0,1485798,20.0,0,0,0,0,1071.3380248250905
4,z,11,0.005,normal,val,3000000,0.495266,1485798,0.0009281342323925178,1.3460237208556884e-05,3,0.0018293479903679223,0.00038163335773137863,0.000337249166047886,3.400509187803222e-05,3.0050279004489578e-05,8.019479294069207e-06,7.086808973252274e-06,7.485609720368517e-05,6.615028755770269e-05,0.4948063333333333,0.0003978918005912815,0.00035161674211181825,0,2,64,32,64,1.0,0.0,1485798,20.0,2718,0,0,0,1086.9470207958948
4,z,11,0.01,m1,anqi,9000000,0.33374155555555557,3003674,0.00013017896283470365,0.00013017896283470365,9,0.0,0.00018292549057261727,0.0002799879957744142,1.3486375022558863e-05,2.0642410748814586e-05,1.3486375022558863e-05,2.0642410748814586e-05,0.0,0.0,0.33369811111111114,0.00018442682476751374,0.0002822859562768068,0,2,56,24,48,1.0,0.0,3003674,391.0,0,0,0,0,2079.2206171816215
4,z,11,0.01,m1,val,9000000,0.33374155555555557,3003674,0.003832482074440197,0.00013117783026248515,9,0.007402608488355424,0.00018292549057261727,0.0002799879957744142,3.138934297547379e-05,4.804491271756192e-05,1.3616396742490545e-05,2.084142358544471e-05,6.71504860835267e-05,0.00010278135625029598,0.3324625,0.00018510747610810796,0.0002833277695532265,0,2,56,24,48,1.0,0.0,3003674,394.0,22235,0,0,0,2113.031064594863
4,z,11,0.01,normal,anqi,10000000,0.25790670000000004,2579067,0.00016090128047472658,0.00016090128047472658,10,0.0,0.00032210049606641155,0.0005196791852244726,1.42978785319529e-05,2.3068296872140674e-05,1.42978785319529e-05,2.3068296872140674e-05,0.0,0.0,0.2578652,0.0003212187997708397,0.0005182566502762378,0,2,64,32,64,1.0,0.0,2579067,415.0,0,0,0,0,2884.159059701371
4,z,11,0.01,normal,val,9000000,0.25788855555555557,2320997,0.0040399995989413955,0.00016241617094499598,9,0.0077551668559928,0.0003579175790149247,0.0005478330291044766,5.531408854214597e-05,8.466442123797853e-05,1.567434761914952e-05,2.399134839665743e-05,0.00010272214982158854,0.00015722778033916613,0.25684666666666667,0.00035005077042877446,0.0005357919955542467,0,2,64,32,64,1.0,0.0,2320997,377.0,18000,0,0,0,2605.0541870280867
4,z,11,0.05,m1,anqi,3000000,0.013696666666666668,41090,0.03574151216375879,0.03574151216375879,3,0.0,0.00015851110805801028,0.00014007616975536443,0.0015402688366789213,0.0013611346338994392,0.0015402688366789213,0.0013611346338994392,0.0,0.0,0.013207000000000002,0.0001316316699481301,0.00011632282665066256,0,2,56,24,48,1.0,0.0,41090,1469.0,0,0,0,0,446.7445983919315
4,z,11,0.05,m1,val,3000000,0.013696666666666668,41090,0.15339170355043566,0.03574151216375879,3,0.23530038277335383,0.00015851110805801028,0.00014007616975536443,0.0014788698192567452,0.0013068763595575944,0.0015402688366789213,0.0013611346338994392,0.003350296958766726,0.0029606553841976845,0.011595666666666666,0.00012808832855147744,0.00011319157801415009,0,2,56,24,48,1.0,0.0,41090,1469.0,9668,0,0,0,450.64964299299754
4,z,11,0.05,normal,anqi,3000000,0.008136666666666667,24410,0.05510770478672513,0.05510770478672513,3,0.0,5.9453333333332e-05,5.2538874496254766e-05,0.0027171858898858755,0.002401175517801831,0.0027171858898858755,0.002401175517801831,0.0,0.0,0.007688333333333333,7.36008345363319e-05,6.504101270224335e-05,0,2,64,32,64,1.0,0.0,24410,1345.0,0,0,0,0,660.3115002909908
4,z,11,0.05,normal,val,3000000,0.008136666666666667,24410,0.18976720666599625,0.055066557603249834,3,0.2694012981254928,5.9453333333332e-05,5.2538874496254766e-05,0.004184780512060594,0.0036980879925576794,0.0027306561229281847,0.002413079154546256,0.0031164283375156626,0.002753985825879866,0.006592666666666667,7.29739993270049e-05,6.448707880911712e-05,0,2,64,32,64,1.0,0.0,24410,1344.0,6576,0,0,0,657.7523962470004
4,z,11,0.1,m1,anqi,2000000,0.0033085,6617,0.1280166089586055,0.1280166089586055,2,0.0,3.234000000000004e-05,2.33345237791561e-05,0.005102027243077293,0.003681304144263735,0.005102027243077293,0.003681304144263735,0.0,0.0,0.002885,4.508000000000002e-05,3.252691193458121e-05,0,2,56,24,48,1.0,0.0,6617,847.0,0,0,0,0,260.7703325210605
4,z,11,0.1,m1,val,2000000,0.0033085,6617,0.4380519189833636,0.12786623301875588,2,0.6203713719292155,3.234000000000004e-05,2.33345237791561e-05,0.005318603312655927,0.00383757190695943,0.005396764085182555,0.0038939678378536726,0.0001563215450534194,0.00011279186178860335,0.00185925,3.5770000000000066e-05,2.5809397513309036e-05,0,2,56,24,48,1.0,0.0,6617,846.0,4105,0,0,0,275.00992877897806
4,z,11,0.1,normal,anqi,2000000,0.0025294999999999996,5059,0.1454489126727558,0.1454489126727558,2,0.0,5.389999999999971e-05,3.889087296525991e-05,0.006198973554828415,0.004472792078586991,0.006198973554828415,0.004472792078586991,0.0,0.0,0.0021615000000000002,3.0380000000000414e-05,2.1920310216783275e-05,0,2,64,32,64,1.0,0.0,5059,736.0,0,0,0,0,389.25072196498513
4,z,11,0.1,normal,val,2000000,0.0025294999999999996,5059,0.4639450348207941,0.1454489126727558,2,0.6369922442960767,5.389999999999971e-05,3.889087296525991e-05,0.014328271446198516,0.010338385614580154,0.006198973554828415,0.004472792078586991,0.01625859578274031,0.011731187071986407,0.00135575,7.3500000000001244e-06,5.303300858899197e-06,0,2,64,32,64,1.0,0.0,5059,736.0,3223,0,0,0,411.80246433394495
4,z,12,0.0,m1,anqi,1000,1.0,1000,0.0,0.0,1,0.0,0.0,,0.0,,0.0,,0.0,,1.0,0.0,,2,0,24,8,16,1.0,0.0,1000,0.0,0,0,0,0,0.0777572318911552
4,z,12,0.0,m1,val,1000,1.0,1000,0.0,0.0,1,0.0,0.0,,0.0,,0.0,,0.0,,1.0,0.0,,2,0,24,8,16,1.0,0.0,1000,0.0,0,0,0,0,0.0778939570300281
4,z,12,0.0,normal,anqi,1000,1.0,1000,0.0,0.0,1,0.0,0.0,,0.0,,0.0,,0.0,,1.0,0.0,,2,0,32,16,32,1.0,0.0,1000,0.0,0,0,0,0,0.304837079020217
4,z,12,0.0,normal,val,1000,1.0,1000,0.0,0.0,1,0.0,0.0,,0.0,,0.0,,0.0,,1.0,0.0,,2,0,32,16,32,1.0,0.0,1000,0.0,0,0,0,0,0.3230782211758196
4,z,12,0.005,m1,anqi,10000000,0.8347816,8347816,1.1977123693744948e-07,1.1977123693744948e-07,10,0.0,0.0002563535809740642,0.0004136026541930862,2.34751624397401e-07,3.787499068980303e-07,2.34751624397401e-07,3.787499068980303e-07,0.0,0.0,0.8347815000000001,0.0002563297778167021,0.00041356425001310283,2,0,24,8,16,1.0,0.0,8347816,1.0,0,0,0,0,116.11667017475702
4,z,12,0.005,m1,val,10000000,0.8347816,8347816,1.2576871759402517e-06,2.3954247387489897e-07,10,2.0362894041307056e-06,0.0002563535809740642,0.0004136026541930862,5.377888004581597e-07,8.676721987640759e-07,4.69503248794802e-07,7.574998137960606e-07,7.861953780644744e-07,1.2684531023372044e-06,0.83478055,0.0002562065409426196,0.00041336541878156185,2,0,24,8,16,1.0,0.0,8347816,2.0,17,0,0,0,122.142466131947
4,z,12,0.005,normal,anqi,10000000,0.7876471,7876471,0.0,0.0,10,0.0,0.00023844526680235107,0.0003847092552969203,0.0,0.0,0.0,0.0,0.0,0.0,0.7876471,0.00023844526680235107,0.0003847092552969203,2,0,32,16,32,1.0,0.0,7876471,0.0,0,0,0,0,1462.547009451082
4,z,12,0.005,normal,val,10000000,0.7876471,7876471,1.904728670821937e-06,0.0,10,3.809457341643874e-06,0.00023844526680235107,0.0003847092552969203,8.505150088319978e-07,1.3722268428914991e-06,0.0,0.0,1.7010300176639955e-06,2.7444536857829983e-06,0.7876456000000001,0.00023880351296133196,0.0003852872521466072,2,0,32,16,32,1.0,0.0,7876471,0.0,30,0,0,0,1470.6916502449894
4,z,12,0.0075,m1,anqi,10000000,0.7648567,7648567,1.306779572421724e-07,1.306779572421724e-07,10,0.0,0.00021262964944708884,0.00034305815833467494,2.561287961946579e-07,4.132399848633604e-07,2.561287961946579e-07,4.132399848633604e-07,0.0,0.0,0.7648566,0.00021255278013915032,0.0003429341368575083,2,0,24,8,16,1.0,0.0,7648567,1.0,0,0,0,0,193.03097681805957
4,z,12,0.0075,m1,val,10000000,0.7648567,7648567,4.183982006555656e-06,0.0,10,8.367964013111313e-06,0.00021262964944708884,0.00034305815833467494,1.1651710083992631e-06,1.879895025580027e-06,0.0,0.0,2.3303420167985262e-06,3.759790051160054e-06,0.7648535,0.00021285580949448454,0.00034342304653135964,2,0,24,8,16,1.0,0.0,7648567,0.0,64,0,0,0,209.13596238812897
4,z,12,0.0075,normal,anqi,10000000,0.7023642999999999,7023643,7.120379173171659e-07,7.120379173171659e-07,10,0.0,0.00018908488177888605,0.0003050708660841584,6.24147637119056e-07,1.0070041477084037e-06,6.24147637119056e-07,1.0070041477084037e-06,0.0,0.0,0.7023638,0.00018925969476884778,0.0003053529105805172,2,0,32,16,32,1.0,0.0,7023643,5.0,0,0,0,0,1867.0670130479848
4,z,12,0.0075,normal,val,10000000,0.7023642999999999,7023643,1.1532133016246022e-05,7.120379173171659e-07,10,2.164019019785771e-05,0.00018908488177888605,0.0003050708660841584,1.773752166146254e-06,2.861784106979373e-06,6.24147637119056e-07,1.0070041477084037e-06,3.319493993670693e-06,5.355694744514259e-06,0.7023562,0.0001887035572461044,0.0003044556344253372,2,0,32,16,32,1.0,0.0,7023643,5.0,152,0,0,0,1868.7222256450914
4,z,12,0.01,m1,anqi,10000000,0.7019911000000001,7019911,2.849495172403597e-07,2.849495172403597e-07,10,0.0,0.0002420600352676453,0.0003905413479318596,3.7233413151695983e-07,6.007264827623865e-07,3.7233413151695983e-07,6.007264827623865e-07,0.0,0.0,0.7019909,0.00024209970812408884,0.00039060535639494457,2,0,24,8,16,1.0,0.0,7019911,2.0,0,0,0,0,286.8715129880002
4,z,12,0.01,m1,val,10000000,0.7019911000000001,7019911,1.7165475621524837e-05,1.4238341290193058e-07,10,3.404618441724581e-05,0.0002420600352676453,0.0003905413479318596,1.167288464894954e-06,1.883311344647732e-06,2.790714892877839e-07,4.502558857983053e-07,2.5480746504685087e-06,4.111081399805059e-06,0.70197905,0.00024207130522406923,0.0003905595309580996,2,0,24,8,16,1.0,0.0,7019911,1.0,239,0,0,0,291.5478462181054
4,z,12,0.01,normal,anqi,10000000,0.6285141000000001,6285141,2.227584025526277e-06,2.227584025526277e-06,10,0.0,0.0001592677261245711,0.00025696365934160565,1.1574326248410443e-06,1.8674098636147367e-06,1.1574326248410443e-06,1.8674098636147367e-06,0.0,0.0,0.6285127,0.00015938362264115289,0.0002571506475891964,2,0,32,16,32,1.0,0.0,6285141,14.0,0,0,0,0,2211.500653379946
4,z,12,0.01,normal,val,10000000,0.6285141000000001,6285141,3.834421812001705e-05,2.3868716009248976e-06,10,7.191469303818431e-05,0.0001592677261245711,0.00025696365934160565,4.276867185268835e-06,6.900327324225946e-06,1.2516952695835482e-06,2.019493871603312e-06,7.963540294431433e-06,1.2848431412720023e-05,0.62849,0.00015908586173649444,0.0002566702380703837,2,0,32,16,32,1.0,0.0,6285141,15.0,452,0,0,0,2211.5959796551615
4,z,12,0.05,m1,anqi,9000000,0.2284101111111111,2055691,0.0021337413927382414,0.0021337413927382414,9,0.0,0.0003166870239148605,0.00048472503660437836,7.553421396266926e-05,0.00011561359280000397,7.553421396266926e-05,0.00011561359280000397,0.0,0.0,0.2279227777777778,0.0003282799732237008,0.0005024693467709706,2,0,24,8,16,1.0,0.0,2055691,4386.0,0,0,0,0,1076.2049953280948
4,z,12,0.05,m1,val,10000000,0.22839359999999997,2283936,0.010434927908344023,0.0021420592313503494,10,0.01658573735398735,0.0002850961619415089,0.00045997613464662253,0.00010185491241457426,0.00016433342556480365,6.939731724071079e-05,0.00011196611529893758,0.00021620703001346976,0.00034882992907293354,0.2260103,0.00027289410340439733,0.0004402892483609212,2,0,24,8,16,1.0,0.0,2283936,4892.0,37882,0,0,0,1159.159425930935
4,z,12,0.05,normal,anqi,9000000,0.16644666666666666,1498020,0.006576574580402202,0.006576574580402202,9,0.0,0.00022678855389498805,0.00034712533759436945,0.00014655050723767795,0.00022431200087399687,0.00014655050723767795,0.00022431200087399687,0.0,0.0,0.165352,0.0002203266775595782,0.00033723471055037484,2,0,32,16,32,1.0,0.0,1498020,9852.0,0,0,0,0,2823.867855814169
4,z,12,0.05,normal,val,10000000,0.1664339,1664339,0.02297383023652779,0.006582102745187527,10,0.032783454982680524,0.00020438339558128253,0.00032975359487553394,0.00019173269549764836,0.0003093428671918775,0.00013165497466137598,0.00021241305368454252,0.00016033295984565438,0.00025868231485131975,0.16261025,0.00019318456021236562,0.0003116853158413352,2,0,32,16,32,1.0,0.0,1664339,10955.0,54563,0,0,0,3144.758061600849
4,z,12,0.1,m1,anqi,9000000,0.10301277777777779,927115,0.038556637555431005,0.038556637555431005,9,0.0,0.0002233126348064465,0.00034180505327517327,0.00043442580114287757,0.0006649374507288942,0.00043442580114287757,0.0006649374507288942,0.0,0.0,0.09904099999999999,0.00022959717342433794,0.00035142424503725197,2,0,24,8,16,1.0,0.0,927115,35746.0,0,0,0,0,1649.1440098050516
4,z,12,0.1,m1,val,9000000,0.10301277777777779,927115,0.10623538947559755,0.03855555265691119,9,0.13535967363737267,0.0002233126348064465,0.00034180505327517327,0.0006504968383638124,0.0009956584260670598,0.0004335373900757481,0.0006635776378710429,0.0006071508398555675,0.0009293125099830115,0.09206916666666667,0.00020874325897299353,0.0003195049882239697,2,0,24,8,16,1.0,0.0,927115,35745.0,125495,0,0,0,1722.4582954130601
4,z,12,0.1,normal,anqi,10000000,0.0813834,813834,0.0834637492239213,0.0834637492239213,10,0.0,0.00022966580119430596,0.00037054440429664596,0.0006236459803262747,0.0010061947711426465,0.0006236459803262747,0.0010061947711426465,0.0,0.0,0.0745909,0.00022579458042506877,0.0003642985497271875,2,0,32,16,32,1.0,0.0,813834,67925.0,0,0,0,0,3165.9399773110636
4,z,12,0.1,normal,val,10000000,0.0813834,813834,0.1803645249951299,0.0834649799696449,10,0.19379909005096999,0.00022966580119430596,0.00037054440429664596,0.0005125022848249108,0.0008268747582076873,0.0006236558987844501,0.001006210773652193,0.0010375176241772162,0.0016739381657992771,0.0667048,0.00020409312467487947,0.00032928526977210777,2,0,32,16,32,1.0,0.0,813834,67926.0,157720,0,0,0,3127.3885340999113
4,z,13,0.0,m1,anqi,1000,1.0,1000,0.0,0.0,1,0.0,0.0,,0.0,,0.0,,0.0,,1.0,0.0,,0,2,56,24,48,1.0,0.0,1000,0.0,0,0,0,0,0.1966250988189131
4,z,13,0.0,m1,val,1000,1.0,1000,0.0,0.0,1,0.0,0.0,,0.0,,0.0,,0.0,,1.0,0.0,,0,2,56,24,48,1.0,0.0,1000,0.0,0,0,0,0,0.1816101060248911
4,z,13,0.0,normal,anqi,1000,1.0,1000,0.0,0.0,1,0.0,0.0,,0.0,,0.0,,0.0,,1.0,0.0,,0,2,64,32,64,1.0,0.0,1000,0.0,0,0,0,0,0.2893165401183069
4,z,13,0.0,normal,val,1000,1.0,1000,0.0,0.0,1,0.0,0.0,,0.0,,0.0,,0.0,,1.0,0.0,,0,2,64,32,64,1.0,0.0,1000,0.0,0,0,0,0,0.2895656581968069
4,z,13,0.01,m1,anqi,9000000,0.3321234444444444,2989111,6.121471507299686e-05,6.121471507299686e-05,9,0.0,0.00040752987204908367,0.000623770212320026,8.101382893118945e-06,1.2400075856814714e-05,8.101382893118945e-06,1.2400075856814714e-05,0.0,0.0,0.3321031111111111,0.0004065446979996205,0.000622262292856562,0,2,56,24,48,1.0,0.0,2989111,183.0,0,0,0,0,1592.3960311019327
4,z,13,0.01,m1,val,9000000,0.3321234444444444,2989111,0.0021708707966381874,6.154962819151022e-05,9,0.004218642336893354,0.00040752987204908367,0.000623770212320026,3.50878774009175e-05,5.37059347973227e-05,8.169062423159822e-06,1.2503666974224216e-05,6.675098623648465e-05,0.00010216987689257853,0.33140244444444444,0.0004056804944385426,0.0006209395323038917,0,2,56,24,48,1.0,0.0,2989111,184.0,12610,0,0,0,1627.1800429967698
4,z,13,0.01,normal,anqi,10000000,0.2517391,2517391,9.770199279513547e-05,9.770199279513547e-05,10,0.0,0.0003135818218342497,0.0005059350968476269,1.13764044226931e-05,1.835477018312405e-05,1.13764044226931e-05,1.835477018312405e-05,0.0,0.0,0.2517145,0.0003119886945102624,0.000503364734119847,0,2,64,32,64,1.0,0.0,2517391,246.0,0,0,0,0,2788.9651038522134
4,z,13,0.01,normal,val,10000000,0.2517391,2517391,0.0021996305388027907,9.730555911254405e-05,10,0.004204649959380493,0.0003135818218342497,0.0005059350968476269,4.132463770929541e-05,6.667345849115137e-05,1.1022722701670966e-05,1.77841376294515e-05,7.737974439338231e-05,0.00012484501890037362,0.25118535,0.0003071921661624142,0.0004956259818541506,0,2,64,32,64,1.0,0.0,2517391,245.0,10585,0,0,0,2778.131195298047
4,z,13,0.05,m1,anqi,3000000,0.008014333333333333,24043,0.024061028068497924,0.024061028068497924,3,0.0,0.00011518694679134108,0.00010179063480170183,0.003075686748482219,0.002717982508437511,0.003075686748482219,0.002717982508437511,0.0,0.0,0.007821333333333335,9.08978982766441e-05,8.032641740631381e-05,0,2,56,24,48,1.0,0.0,24043,579.0,0,0,0,0,387.57526668184437
4,z,13,0.05,m1,val,3000000,0.008014333333333333,24043,0.09929740931825959,0.024103238190485172,3,0.15038834225554887,0.00011518694679134108,0.00010179063480170183,0.0011323021078427672,0.0010006146838270442,0.002999035679692503,0.0026502460055812635,0.006367130400284179,0.005626629261075797,0.0072185,9.998561763240387e-05,8.835722947218269e-05,0,2,56,24,48,1.0,0.0,24043,580.0,3615,0,0,0,425.1334064430557
4,z,13,0.05,normal,anqi,3000000,0.003963,11889,0.06131921181898987,0.06131921181898987,3,0.0,4.205254490911702e-05,3.716180835212378e-05,0.0003681774260072833,0.0003253581673696661,0.0003681774260072833,0.0003253581673696661,0.0,0.0,0.0037199999999999998,4.0926001514929364e-05,3.616628264005026e-05,0,2,64,32,64,1.0,0.0,11889,729.0,0,0,0,0,648.3266382080037
4,z,13,0.05,normal,val,3000000,0.003963,11889,0.147632396966887,0.06131921181898987,3,0.17262637029579428,4.205254490911702e-05,3.716180835212378e-05,0.0037237094759062063,0.003290639798415931,0.0003681774260072833,0.0003253581673696661,0.006820077135253867,0.006026898015203314,0.0033780000000000004,4.8659080687301515e-05,4.299999999999987e-05,0,2,64,32,64,1.0,0.0,11889,729.0,2052,0,0,0,631.9285992401419
4,z,13,0.1,m1,anqi,2000000,0.0009085,1817,0.1360508102735658,0.1360508102735658,2,0.0,3.625999999999997e-05,2.616295090390224e-05,0.010823557931226717,0.007809603275240665,0.010823557931226717,0.007809603275240665,0.0,0.0,0.000785,4.115999999999994e-05,2.9698484809834953e-05,0,2,56,24,48,1.0,0.0,1817,247.0,0,0,0,0,274.4793376120506
4,z,13,0.1,m1,val,2000000,0.0009085,1817,0.4212095317746022,0.1360508102735658,2,0.5703174430020727,3.625999999999997e-05,2.616295090390224e-05,0.017889991879083203,0.012908300584767347,0.010823557931226717,0.007809603275240665,0.014132867895712942,0.010197394619053342,0.000526,3.724000000000005e-05,2.6870057685088845e-05,0,2,56,24,48,1.0,0.0,1817,247.0,1036,0,0,0,284.7932522279443
4,z,13,0.1,normal,anqi,2000000,0.000724,1448,0.1750265910638721,0.1750265910638721,2,0.0,7.447999999999994e-05,5.3740115370177574e-05,0.014480689913760773,0.01044836125946927,0.014480689913760773,0.01044836125946927,0.0,0.0,0.000597,5.095999999999996e-05,3.676955262170044e-05,0,2,64,32,64,1.0,0.0,1448,254.0,0,0,0,0,397.888663996011
4,z,13,0.1,normal,val,2000000,0.000724,1448,0.46169452032781616,0.1743704230848695,2,0.5746481944858933,7.447999999999994e-05,5.3740115370177574e-05,0.024921259842519673,0.017981624316691484,0.013194600674915648,0.00952039960436883,0.023453318335208046,0.016922449424645308,0.00038925,2.2049999999999946e-05,1.5909902576697283e-05,0,2,64,32,64,1.0,0.0,1448,253.0,833,0,0,0,407.45837921404745
4,z,14,0.0,m1,anqi,1000,1.0,1000,0.0,0.0,1,0.0,0.0,,0.0,,0.0,,0.0,,1.0,0.0,,1,1,40,8,32,1.0,0.0,1000,0.0,0,0,0,0,0.0631133450660854
4,z,14,0.0,m1,val,1000,1.0,1000,0.0,0.0,1,0.0,0.0,,0.0,,0.0,,0.0,,1.0,0.0,,1,1,40,8,32,1.0,0.0,1000,0.0,0,0,0,0,0.058652114123106
4,z,14,0.0,normal,anqi,1000,1.0,1000,0.0,0.0,1,0.0,0.0,,0.0,,0.0,,0.0,,1.0,0.0,,1,1,48,16,48,1.0,0.0,1000,0.0,0,0,0,0,0.3151100119575858
4,z,14,0.0,normal,val,1000,1.0,1000,0.0,0.0,1,0.0,0.0,,0.0,,0.0,,0.0,,1.0,0.0,,1,1,48,16,48,1.0,0.0,1000,0.0,0,0,0,0,0.3073062170296907
4,z,15,0.0,m1,anqi,1000,1.0,1000,0.0,0.0,1,0.0,0.0,,0.0,,0.0,,0.0,,1.0,0.0,,0,2,56,8,48,1.0,0.0,1000,0.0,0,0,0,0,0.0708460989408195
4,z,15,0.0,m1,val,1000,1.0,1000,0.0,0.0,1,0.0,0.0,,0.0,,0.0,,0.0,,1.0,0.0,,0,2,56,8,48,1.0,0.0,1000,0.0,0,0,0,0,0.056710863020271
4,z,15,0.0,normal,anqi,1000,1.0,1000,0.0,0.0,1,0.0,0.0,,0.0,,0.0,,0.0,,1.0,0.0,,0,2,64,16,64,1.0,0.0,1000,0.0,0,0,0,0,0.3104689780157059
4,z,15,0.0,normal,val,1000,1.0,1000,0.0,0.0,1,0.0,0.0,,0.0,,0.0,,0.0,,1.0,0.0,,0,2,64,16,64,1.0,0.0,1000,0.0,0,0,0,0,0.28619712498039
